Date  14.1.2025
time  09:52:40
#_Alloy  1
type_of_Glass  1
#_bobbin  0
time_seconds  length  Z  Phase  R  C  pressure  winding_Speed  speed_of_feeding_glass  power_of_generator_percent
0.23  0.128805  1896.9  95.3383  176.479  0.38  55.9  34  3.1589  100
0.279  0.128805  1922.76  94.8945  164.053  0.38  55.9  34  3.1589  100
0.328  0.128805  1888.2  95.1297  168.827  0.38  55.9  34  3.1589  100
0.377  0.128805  1981.42  89.9739  0.901  0.37  55.9  34  3.1589  100
0.426  0.128805  1933.47  94.5127  152.124  0.38  57.2  34  3.1589  100
0.474  0.257611  1895.97  96.1224  202.212  0.38  57.2  34  3.1589  100
0.523  0.257611  1999.84  89.7836  7.552  0.36  57.2  34  3.1589  100
0.572  0.257611  1915.22  94.9632  165.697  0.38  57.2  34  3.1589  100
0.621  0.257611  1956.35  89.7657  8  0.37  57.2  34  3.1589  100
0.669  0.257611  2010.28  89.6907  10.852  0.36  57.2  34  3.1589  100
0.718  0.386416  1940.63  95.9208  200.184  0.37  56.5  34  3.1589  100
0.767  0.386416  1891.16  95.42  178.631  0.38  56.5  34  3.1589  100
0.816  0.386416  2017.55  89.8843  4.075  0.36  56.5  34  3.1589  100
0.864  0.386416  1915.79  96.3936  213.337  0.38  56.5  34  3.1589  100
0.914  0.386416  1884.57  95.3185  174.684  0.39  56.5  34  3.1589  100
0.962  0.515221  2025.15  89.9615  1.359  0.36  56.5  34  3.1589  100
1.011  0.515221  1890.47  94.9742  163.916  0.38  53.1  34  3.1589  100
1.06  0.515221  2010.85  89.8801  4.209  0.36  53.1  34  3.1589  100
1.109  0.515221  1932.12  94.8591  163.662  0.38  53.1  34  3.1589  100
1.157  0.515221  1877.87  95.4997  179.977  0.39  53.1  34  3.1589  100
1.206  0.644026  2009.29  89.8881  3.925  0.36  53.1  34  3.1589  100
1.255  0.644026  1910.74  94.7045  156.713  0.38  53.1  34  3.1589  100
1.304  0.644026  1886.49  95.401  177.566  0.39  54.5  34  3.1589  100
1.352  0.644026  1943.41  94.8642  164.789  0.37  54.5  34  3.1589  100
1.401  0.644026  1896.66  94.9829  164.741  0.38  54.5  34  3.1589  100
1.45  0.772832  1957.95  89.1002  30.747  0.37  54.5  34  3.1589  100
1.499  0.772832  2019.45  89.6219  13.327  0.36  54.5  34  3.1589  100
1.547  0.772832  1895.71  94.7994  158.61  0.38  54.5  34  3.1589  100
1.596  0.772832  1993.25  88.7041  45.08  0.36  57.7  34  3.1589  100
1.645  0.772832  1942.02  94.6041  155.886  0.37  57.7  34  3.1589  100
1.694  0.901637  2003.54  89.9529  1.647  0.36  57.7  34  3.1589  100
1.742  0.901637  2011.27  89.9163  2.937  0.36  57.7  34  3.1589  100
1.791  0.901637  1919.81  94.935  165.152  0.38  57.7  34  3.1589  100
1.84  0.901637  1877.92  94.0455  132.483  0.39  57.7  34  3.1589  100
1.888  1.03044  2015.12  89.8196  6.344  0.36  54.7  34  3.1589  100
1.937  1.03044  1908.68  94.9082  163.306  0.38  54.7  34  3.1589  100
1.986  1.03044  2002.74  90.0152  0.531  0.36  54.7  34  3.1589  100
2.035  1.03044  1962.92  94.8429  165.718  0.37  54.7  34  3.1589  100
2.084  1.03044  1886.03  95.0019  164.44  0.39  54.7  34  3.1589  100
2.132  1.15925  1985.62  89.8197  6.247  0.36  54.7  34  3.1589  100
2.181  1.15925  2000.73  89.7202  9.772  0.36  54.7  34  3.1589  100
2.23  1.15925  1967.16  89.7456  8.733  0.37  55  34  3.1589  100
2.279  1.15925  2007.84  88.8134  41.581  0.36  55  34  3.1589  100
2.327  1.15925  1947.15  95.9331  201.271  0.37  55  34  3.1589  100
2.376  1.28805  1893.23  95.2186  172.2  0.38  55  34  3.1589  100
2.425  1.28805  1946.55  94.8449  164.405  0.37  55  34  3.1589  100
2.474  1.28805  1891.16  95.1115  168.491  0.38  55  34  3.1589  100
2.523  1.28805  1893.57  94.9802  164.382  0.38  52.6  34  3.1589  100
2.571  1.41686  2031.42  89.6369  12.872  0.36  52.6  34  3.1589  100
2.62  1.41686  1989.97  89.7766  7.76  0.36  52.6  34  3.1589  100
2.669  1.41686  1968.51  88.9254  36.917  0.37  52.6  34  3.1589  100
2.718  1.41686  1919.56  94.8885  163.58  0.38  52.6  34  3.1589  100
2.766  1.41686  1881.84  95.382  176.508  0.39  52.6  34  3.1589  100
2.815  1.54566  2021.13  89.9046  3.364  0.36  55.3  34  3.1589  100
2.864  1.54566  1918.7  95.9952  200.398  0.38  55.3  34  3.1589  100
2.912  1.54566  1971.65  89.7218  9.575  0.37  55.3  34  3.1589  100
2.961  1.54566  1944.98  94.8546  164.597  0.37  55.3  34  3.1589  100
3.01  1.54566  1911.95  94.9356  164.498  0.38  55.3  34  3.1589  100
3.059  1.67447  1829.2  90.0543  1.735  0.4  55.3  34  3.1589  100
3.107  1.67447  1934.23  94.6529  156.902  0.38  56.4  34  3.1589  100
3.156  1.67447  1888.99  94.9834  164.091  0.38  56.4  34  3.1589  100
3.205  1.67447  1988.78  89.0001  34.706  0.36  56.4  34  3.1589  100
3.254  1.80327  2019.61  89.7758  7.902  0.36  56.4  34  3.1589  100
3.303  1.80327  1961.6  89.8127  6.414  0.37  56.4  34  3.1589  100
3.351  1.80327  2009.15  89.7351  9.289  0.36  56.4  34  3.1589  100
3.4  1.80327  1923.42  94.7205  158.289  0.38  53.7  34  3.1589  100
3.449  1.80327  1989.32  89.9707  1.017  0.36  53.7  34  3.1589  100
3.498  1.93208  1939.21  94.9867  168.566  0.37  53.7  34  3.1589  100
3.546  1.93208  1897.12  95.0747  167.81  0.38  53.7  34  3.1589  100
3.595  1.93208  1898.39  90.0248  0.822  0.38  53.7  34  3.1589  100
3.644  1.93208  2029.89  89.3719  22.253  0.36  53.7  34  3.1589  100
3.693  1.93208  2003.54  89.9529  1.647  0.36  54.7  34  3.1589  100
3.741  2.06088  2025.12  89.9777  0.787  0.36  54.7  34  3.1589  100
3.79  2.06088  1930.63  94.5789  154.127  0.38  54.7  34  3.1589  100
3.839  2.06088  1962.81  89.9187  2.785  0.37  54.7  34  3.1589  100
3.888  2.06088  1995.07  88.8483  40.101  0.36  54.7  34  3.1589  100
3.936  2.06088  1913.46  94.9263  164.316  0.38  54.7  34  3.1589  100
3.985  2.18969  1870.9  94.1399  135.065  0.39  53.3  34  3.1589  100
4.034  2.18969  1926.56  95.0154  168.426  0.38  53.3  34  3.1589  100
4.083  2.18969  1905.62  96.2109  206.167  0.38  53.3  34  3.1589  100
4.131  2.18969  1988.38  89.9192  2.803  0.36  53.3  34  3.1589  100
4.18  2.3185  2013.44  89.5376  16.249  0.36  53.3  34  3.1589  100
4.229  2.3185  1960.52  89.8558  4.933  0.37  53.3  34  3.1589  100
4.278  2.3185  1982.01  88.8469  39.885  0.37  56.8  34  3.1589  100
4.326  2.3185  1931.26  95.973  200.967  0.38  56.8  34  3.1589  100
4.375  2.3185  1956.48  89.9145  2.921  0.37  56.8  34  3.1589  100
4.424  2.4473  2051.69  89.9599  1.438  0.35  56.8  34  3.1589  100
4.473  2.4473  1890.92  94.4737  147.495  0.38  56.8  34  3.1589  100
4.521  2.4473  1857.95  94.2276  136.965  0.39  56.8  34  3.1589  100
4.57  2.4473  1932.15  95.1743  174.252  0.38  54.7  34  3.1589  100
4.619  2.4473  1903.91  96.1729  204.726  0.38  54.7  34  3.1589  100
4.668  2.57611  1839.55  90.0008  0.025  0.39  54.7  34  3.1589  100
4.716  2.57611  2016.74  89.6748  11.447  0.36  54.7  34  3.1589  100
4.765  2.57611  1963.9  89.8755  4.266  0.37  54.7  34  3.1589  100
4.814  2.57611  2028.23  89.962  1.343  0.36  54.7  34  3.1589  100
4.863  2.70491  1935.03  96.0968  205.516  0.38  54.7  34  3.1589  100
4.912  2.70491  1987.58  89.9595  1.404  0.36  55.1  34  3.1589  100
4.96  2.70491  1848.71  90.0259  0.836  0.39  55.1  34  3.1589  100
5.009  2.70491  1909.15  95.0006  166.414  0.38  55.1  34  3.1589  100
5.058  2.70491  1862.45  93.9643  128.76  0.39  55.1  34  3.1589  100
5.107  2.83372  1934.54  95.0151  169.113  0.38  55.1  34  3.1589  100
5.156  2.83372  1923.53  96.0161  201.601  0.38  55.1  34  3.1589  100
5.205  2.83372  1839.55  90.0008  0.025  0.39  54.6  34  3.1589  100
5.253  2.83372  2011.34  89.7801  7.721  0.36  54.6  34  3.1589  100
5.302  2.83372  1954.6  89.887  3.854  0.37  54.6  34  3.1589  100
5.351  2.96252  1998.3  89.7917  7.266  0.36  54.6  34  3.1589  100
5.4  2.96252  1933.43  94.8028  161.879  0.38  54.6  34  3.1589  100
5.448  2.96252  1886.38  95.072  166.771  0.39  54.6  34  3.1589  100
5.497  2.96252  2008.15  89.9322  2.375  0.36  54.3  34  3.1589  100
5.546  2.96252  1911.89  94.3372  144.588  0.38  54.3  34  3.1589  100
5.595  3.09133  1877.79  95.1722  169.281  0.39  54.3  34  3.1589  100
5.643  3.09133  2025.5  89.7066  10.372  0.36  54.3  34  3.1589  100
5.692  3.09133  1907.64  95.0099  166.591  0.38  54.3  34  3.1589  100
5.741  3.09133  2005.77  89.9997  0.009  0.36  54.3  34  3.1589  100
5.79  3.09133  2029.39  89.6086  13.863  0.36  55.4  34  3.1589  100
5.838  3.22013  1887.05  94.9013  161.228  0.38  55.4  34  3.1589  100
5.887  3.22013  1987.55  89.8476  5.287  0.36  55.4  34  3.1589  100
5.936  3.22013  1937.27  95.8912  198.842  0.38  55.4  34  3.1589  100
5.985  3.22013  1872.17  95.2536  171.425  0.39  55.4  34  3.1589  100
6.033  3.34894  1934.05  94.9214  165.922  0.38  55.4  34  3.1589  100
6.082  3.34894  1908.68  94.9082  163.306  0.38  56.7  34  3.1589  100
6.131  3.34894  1901.27  94.9797  165.035  0.38  56.7  34  3.1589  100
6.18  3.34894  1927.54  94.5984  154.534  0.38  56.7  34  3.1589  100
6.228  3.34894  1889.77  94.837  159.347  0.38  56.7  34  3.1589  100
6.277  3.47774  1898.83  93.9509  130.833  0.38  56.7  34  3.1589  100
6.327  3.47774  1930.88  94.6256  155.714  0.38  56.7  34  3.1589  100
6.375  3.47774  1887.24  96.2184  204.424  0.39  54.3  34  3.1589  100
6.424  3.47774  1988.79  89.9551  1.56  0.36  54.3  34  3.1589  100
6.473  3.60655  1942.64  96.0065  203.282  0.37  54.3  34  3.1589  100
6.522  3.60655  1884.79  95.3642  176.201  0.39  54.3  34  3.1589  100
6.57  3.60655  1930.21  94.8003  161.526  0.38  54.3  34  3.1589  100
6.619  3.60655  1902.4  96.1813  204.841  0.38  54.3  34  3.1589  100
6.668  3.60655  1966.41  89.9575  1.459  0.37  53.5  34  3.1589  100
6.716  3.73535  2036.72  89.3744  22.238  0.36  53.5  34  3.1589  100
6.765  3.73535  1901.1  96.2359  206.502  0.38  53.5  34  3.1589  100
6.814  3.73535  1967.51  89.9143  2.943  0.37  53.5  34  3.1589  100
6.863  3.73535  2003.97  89.8565  5.019  0.36  53.5  34  3.1589  100
6.912  3.73535  1879.34  95.4909  179.83  0.39  53.5  34  3.1589  100
6.961  3.86416  2011.87  89.9687  1.1  0.36  55.6  34  3.1589  100
7.01  3.86416  1934.48  94.6996  158.495  0.38  55.6  34  3.1589  100
7.058  3.86416  1883.09  95.3274  174.84  0.39  55.6  34  3.1589  100
7.107  3.86416  1926.08  94.9221  165.261  0.38  55.6  34  3.1589  100
7.156  3.86416  1926.77  96.3824  214.185  0.38  55.6  34  3.1589  100
7.205  3.99296  1992.77  89.9906  0.327  0.36  55.6  34  3.1589  100
7.254  3.99296  2019.45  89.6219  13.327  0.36  55.6  34  3.1589  100
7.303  3.99296  1893.67  95.0014  165.092  0.38  55.5  34  3.1589  100
7.352  3.99296  1826.08  89.9989  0.035  0.4  55.5  34  3.1589  100
7.4  3.99296  2013.61  89.6912  10.853  0.36  55.5  34  3.1589  100
7.449  4.12177  1802.8  90.066  2.077  0.4  55.5  34  3.1589  100
7.498  4.12177  1922.27  94.8015  160.902  0.38  55.5  34  3.1589  100
7.547  4.12177  1930.82  94.9154  165.441  0.38  55.5  34  3.1589  100
7.596  4.12177  1960.79  89.742  8.83  0.37  54.1  34  3.1589  100
7.644  4.25057  2035.73  89.7134  10.182  0.36  54.1  34  3.1589  100
7.693  4.25057  1909.89  96.473  215.311  0.38  54.1  34  3.1589  100
7.742  4.25057  1882.64  95.2362  171.813  0.39  54.1  34  3.1589  100
7.791  4.25057  2009.88  89.518  16.91  0.36  54.1  34  3.1589  100
7.839  4.25057  1894.68  96.1769  203.865  0.38  54.1  34  3.1589  100
7.888  4.37938  2011.87  89.9687  1.1  0.36  56.1  34  3.1589  100
7.937  4.37938  1997.37  89.8524  5.145  0.36  56.1  34  3.1589  100
7.986  4.37938  1879.22  94.8567  159.102  0.39  56.1  34  3.1589  100
8.034  4.37938  1933.06  94.7343  159.547  0.38  56.1  34  3.1589  100
8.083  4.50819  1933.43  94.8028  161.879  0.38  56.1  34  3.1589  100
8.132  4.50819  1883.89  95.1815  170.137  0.39  56.1  34  3.1589  100
8.181  4.50819  1943.97  94.6665  158.152  0.37  54.1  34  3.1589  100
8.229  4.50819  1914.74  94.8705  162.57  0.38  54.1  34  3.1589  100
8.278  4.50819  1964.92  89.0223  33.529  0.37  54.1  34  3.1589  100
8.327  4.63699  2036.47  89.4932  18.011  0.36  54.1  34  3.1589  100
8.376  4.63699  1886.72  95.1389  168.994  0.38  54.1  34  3.1589  100
8.425  4.63699  1992.18  88.749  43.493  0.36  54.1  34  3.1589  100
8.473  4.63699  2018.75  89.703  10.465  0.36  54.1  34  3.1589  100
8.522  4.7658  1892.64  95.4111  178.479  0.38  54.1  34  3.1589  100
8.571  4.7658  2003.2  88.8401  40.551  0.36  54.1  34  3.1589  100
8.62  4.7658  1910.98  94.7507  158.268  0.38  54.1  34  3.1589  100
8.669  4.7658  1892.42  95.3652  176.949  0.38  54.1  34  3.1589  100
8.717  4.7658  2015.12  89.8196  6.344  0.36  54.1  34  3.1589  100
8.766  4.8946  1895.47  94.7536  157.079  0.38  54.8  34  3.1589  100
8.815  4.8946  1963.03  89.9376  2.137  0.37  54.8  34  3.1589  100
8.864  4.8946  1934.3  94.9682  167.517  0.38  54.8  34  3.1589  100
8.912  4.8946  1881.92  96.3888  209.41  0.39  54.8  34  3.1589  100
8.961  4.8946  1989.29  88.65  46.867  0.36  54.8  34  3.1589  100
9.01  5.02341  1921.58  94.9721  166.543  0.38  54.8  34  3.1589  100
9.059  5.02341  1894.72  95.2095  172.036  0.38  57.2  34  3.1589  100
9.108  5.02341  2006.17  89.904  3.36  0.36  57.2  34  3.1589  100
9.156  5.02341  1925.5  96.1011  204.65  0.38  57.2  34  3.1589  100
9.205  5.02341  1954.6  89.887  3.854  0.37  57.2  34  3.1589  100
9.254  5.15221  1923  94.941  165.629  0.38  57.2  34  3.1589  100
9.303  5.15221  1903.12  95.0378  167.118  0.38  57.2  34  3.1589  100
9.352  5.15221  1899.21  95.1821  171.541  0.38  56.2  34  3.1589  100
9.4  5.15221  2025.14  89.3974  21.297  0.36  56.2  34  3.1589  100
9.449  5.28102  1894.68  96.1769  203.865  0.38  56.2  34  3.1589  100
9.498  5.28102  1957.36  87.9223  70.964  0.37  56.2  34  3.1589  100
9.547  5.28102  1927.94  95.9434  199.632  0.38  56.2  34  3.1589  100
9.596  5.28102  1874.87  95.1903  169.606  0.39  56.2  34  3.1589  100
9.645  5.28102  2029.78  89.9542  1.624  0.36  54.6  34  3.1589  100
9.694  5.40982  1925.5  96.1011  204.65  0.38  54.6  34  3.1589  100
9.742  5.40982  1887.52  95.3005  174.369  0.38  54.6  34  3.1589  100
9.791  5.40982  1929.96  94.7536  159.938  0.38  54.6  34  3.1589  100
9.84  5.40982  1904.7  94.7426  157.481  0.38  54.6  34  3.1589  100
9.889  5.40982  1884.54  90.0231  0.759  0.38  54.6  34  3.1589  100
9.938  5.53863  1939.43  94.4264  149.683  0.37  54.6  34  3.1589  100
9.986  5.53863  1906.45  94.7792  158.839  0.38  55.7  34  3.1589  100
10.035  5.53863  1988.34  88.9642  35.945  0.36  55.7  34  3.1589  100
10.084  5.53863  1932.6  95.9174  199.239  0.38  55.7  34  3.1589  100
10.133  5.66743  1948.99  89.8049  6.635  0.37  55.7  34  3.1589  100
10.182  5.66743  1923  94.941  165.629  0.38  55.7  34  3.1589  100
10.231  5.66743  1902.65  94.9457  164.029  0.38  55.7  34  3.1589  100
10.28  5.66743  1887.63  95.0171  165.08  0.38  51.3  34  3.1589  100
10.328  5.66743  1923.24  94.9876  167.207  0.38  51.3  34  3.1589  100
10.377  5.79624  1908.45  96.1477  204.38  0.38  51.3  34  3.1589  100
10.426  5.79624  1875.26  94.1104  134.417  0.39  51.3  34  3.1589  100
10.475  5.79624  1920.11  94.6933  157.107  0.38  51.3  34  3.1589  100
10.524  5.79624  1886.03  95.0019  164.44  0.39  51.3  34  3.1589  100
10.572  5.79624  2020.01  89.9654  1.221  0.36  54.3  34  3.1589  100
10.621  5.92504  2000.73  89.7202  9.772  0.36  54.3  34  3.1589  100
10.67  5.92504  1872.35  94.1301  134.85  0.39  54.3  34  3.1589  100
10.719  5.92504  1936.91  94.8555  163.948  0.37  54.3  34  3.1589  100
10.767  5.92504  1915.78  94.7684  159.255  0.38  54.3  34  3.1589  100
10.816  6.05385  1886.97  94.0312  132.652  0.38  54.3  34  3.1589  100
10.865  6.05385  1913.49  95.2384  174.701  0.38  58.1  34  3.1589  100
10.914  6.05385  1894.2  96.4156  211.659  0.38  58.1  34  3.1589  100
10.962  6.05385  1957.33  89.1793  28.035  0.37  58.1  34  3.1589  100
11.011  6.05385  2009.19  89.5988  14.07  0.36  58.1  34  3.1589  100
11.06  6.18265  1887.28  94.947  162.747  0.38  58.1  34  3.1589  100
11.109  6.18265  2008.72  89.6989  10.557  0.36  58.1  34  3.1589  100
11.157  6.18265  1923.42  94.7205  158.289  0.38  56.7  34  3.1589  100
11.206  6.18265  1874.73  95.4718  178.766  0.39  56.7  34  3.1589  100
11.255  6.18265  2026.31  89.917  2.935  0.36  56.7  34  3.1589  100
11.304  6.31146  1908.03  96.0549  201.262  0.38  56.7  34  3.1589  100
11.352  6.31146  1954.38  89.1961  27.421  0.37  56.7  34  3.1589  100
11.402  6.31146  1943.66  94.9112  166.4  0.37  56.7  34  3.1589  100
11.45  6.31146  1886.34  94.7644  156.677  0.38  52.2  34  3.1589  100
11.499  6.31146  1959.43  89.0918  31.059  0.37  52.2  34  3.1589  100
11.548  6.44026  1933.72  94.5594  153.716  0.38  52.2  34  3.1589  100
11.597  6.44026  1972.47  89.7928  7.132  0.37  52.2  34  3.1589  100
11.645  6.44026  2003.48  89.9561  1.537  0.36  52.2  34  3.1589  100
11.694  6.44026  1914.5  94.8242  161.007  0.38  52.2  34  3.1589  100
11.743  6.56907  1876.19  95.463  178.618  0.39  53.4  34  3.1589  100
11.791  6.56907  2029.91  89.9375  2.214  0.36  53.4  34  3.1589  100
11.84  6.56907  1914.96  96.2071  207.05  0.38  53.4  34  3.1589  100
11.889  6.56907  1865.12  94.179  135.918  0.39  53.4  34  3.1589  100
11.938  6.56907  2025.58  89.434  20.009  0.36  53.4  34  3.1589  100
11.986  6.69788  1877.67  95.1478  168.475  0.39  53.4  34  3.1589  100
12.035  6.69788  1827.64  90.0266  0.849  0.4  55.5  34  3.1589  100
12.084  6.69788  1933.47  94.5127  152.124  0.38  55.5  34  3.1589  100
12.133  6.69788  1884.33  94.9655  163.098  0.39  55.5  34  3.1589  100
12.181  6.69788  1999.42  89.7476  8.809  0.36  55.5  34  3.1589  100
12.23  6.82668  1908.68  94.9082  163.306  0.38  55.5  34  3.1589  100
12.279  6.82668  1952.05  89.9377  2.123  0.37  55.5  34  3.1589  100
12.328  6.82668  1927.86  94.9593  166.66  0.38  55.5  34  3.1589  100
12.377  6.82668  1913.77  94.6854  156.324  0.38  56.9  34  3.1589  100
12.425  6.95549  1958.8  89.1709  28.343  0.37  56.9  34  3.1589  100
12.474  6.95549  1931.43  95.0339  169.474  0.38  56.9  34  3.1589  100
12.523  6.95549  1881.61  95.0294  164.957  0.39  56.9  34  3.1589  100
12.572  6.95549  1987.97  89.8834  4.045  0.36  56.9  34  3.1589  100
12.62  6.95549  1933.98  94.6061  155.308  0.38  56.9  34  3.1589  100
12.669  7.08429  1995.99  89.9916  0.292  0.36  55.8  34  3.1589  100
12.718  7.08429  1990.32  89.9472  1.834  0.36  55.8  34  3.1589  100
12.767  7.08429  1923.11  94.9626  166.361  0.38  55.8  34  3.1589  100
12.815  7.08429  1964.98  89.8323  5.751  0.37  55.8  34  3.1589  100
12.864  7.08429  1924.54  94.9316  165.446  0.38  55.8  34  3.1589  100
12.913  7.2131  1909.07  96.287  209.061  0.38  55.8  34  3.1589  100
12.962  7.2131  1948.72  89.1156  30.08  0.37  55  34  3.1589  100
13.01  7.2131  2011.44  89.5096  17.215  0.36  55  34  3.1589  100
13.059  7.2131  1890.7  95.0199  165.44  0.38  55  34  3.1589  100
13.108  7.3419  1898.39  90.0248  0.822  0.38  55  34  3.1589  100
13.157  7.3419  2022.77  89.7595  8.49  0.36  55  34  3.1589  100
13.206  7.3419  1881.4  95.2908  173.484  0.39  55  34  3.1589  100
13.254  7.3419  1845.71  90.0413  1.33  0.39  54.6  34  3.1589  100
13.303  7.3419  1931.88  94.8124  162.071  0.38  54.6  34  3.1589  100
13.352  7.3419  1960.79  89.742  8.83  0.37  54.6  34  3.1589  100
13.401  7.47071  1947.62  94.7411  160.977  0.37  54.6  34  3.1589  100
13.449  7.47071  1917.81  96.1436  205.246  0.38  54.6  34  3.1589  100
13.498  7.47071  1821.6  89.9865  0.428  0.4  54.6  34  3.1589  100
13.547  7.47071  1941.02  95.0242  169.989  0.37  53.6  34  3.1589  100
13.596  7.47071  2003.54  89.9529  1.647  0.36  53.6  34  3.1589  100
13.644  7.59951  2000.68  89.8557  5.037  0.36  53.6  34  3.1589  100
13.693  7.59951  1928.29  94.7382  159.283  0.38  53.6  34  3.1589  100
13.742  7.59951  1962.68  89.7694  7.898  0.37  53.6  34  3.1589  100
13.791  7.59951  1990.3  88.9914  35.034  0.36  53.6  34  3.1589  100
13.839  7.72832  1916.99  95.0002  167.083  0.38  56.1  34  3.1589  100
13.888  7.72832  1874.07  95.3355  174.264  0.39  56.1  34  3.1589  100
13.937  7.72832  1938.14  95.09  171.954  0.37  56.1  34  3.1589  100
13.986  7.72832  1909.97  96.1393  204.263  0.38  56.1  34  3.1589  100
14.034  7.72832  1875.96  93.965  129.716  0.39  56.1  34  3.1589  100
14.083  7.85712  2013.18  89.6549  12.127  0.36  56.1  34  3.1589  100
14.132  7.85712  1899.65  94.9643  164.387  0.38  55.2  34  3.1589  100
14.18  7.85712  1978.81  88.9804  35.211  0.37  55.2  34  3.1589  100
14.229  7.85712  1916.07  96.1055  203.791  0.38  55.2  34  3.1589  100
14.278  7.98593  1994.02  89.964  1.254  0.36  55.2  34  3.1589  100
14.327  7.98593  1996.88  89.9516  1.686  0.36  55.2  34  3.1589  100
14.375  7.98593  1927.94  95.9434  199.632  0.38  55.2  34  3.1589  100
14.424  7.98593  1879.7  95.2542  172.133  0.39  53.3  34  3.1589  100
14.473  7.98593  1933.56  94.8279  162.733  0.38  53.3  34  3.1589  100
14.522  8.11473  1905.62  96.2109  206.167  0.38  53.3  34  3.1589  100
14.57  8.11473  1841.23  90.0643  2.067  0.39  53.3  34  3.1589  100
14.62  8.11473  2038.78  89.4027  21.255  0.35  53.3  34  3.1589  100
14.668  8.11473  1896.89  95.0288  166.275  0.38  53.3  34  3.1589  100
14.717  8.24354  1903.01  95.0164  166.401  0.38  53.3  34  3.1589  100
14.766  8.24354  2016.47  89.7921  7.318  0.36  54.6  34  3.1589  100
14.815  8.24354  1872.83  95.3898  175.916  0.39  54.6  34  3.1589  100
14.863  8.24354  1999.42  89.7476  8.809  0.36  54.6  34  3.1589  100
14.912  8.24354  1916.07  96.1055  203.791  0.38  54.6  34  3.1589  100
14.961  8.37234  1960.79  89.742  8.83  0.37  54.6  34  3.1589  100
15.01  8.37234  1931.76  94.7907  161.333  0.38  54.6  34  3.1589  100
15.059  8.37234  1904.63  95.0285  166.943  0.38  57.8  34  3.1589  100
15.107  8.37234  1890.83  95.0444  166.258  0.38  57.8  34  3.1589  100
15.156  8.37234  2015.87  89.602  14.002  0.36  57.8  34  3.1589  100
15.205  8.50115  1873.06  95.1296  167.468  0.39  57.8  34  3.1589  100
15.254  8.50115  1982.45  88.8827  38.655  0.36  57.8  34  3.1589  100
15.302  8.50115  2007.36  89.7238  9.676  0.36  57.8  34  3.1589  100
15.351  8.50115  1808.53  90.036  1.135  0.4  53.9  34  3.1589  100
15.4  8.50115  2010.13  89.9605  1.385  0.36  53.9  34  3.1589  100
15.449  8.62996  1922.2  96.0714  203.308  0.38  53.9  34  3.1589  100
15.497  8.62996  1893.57  94.9802  164.382  0.38  53.9  34  3.1589  100
15.546  8.62996  1919.36  95.1551  172.459  0.38  53.9  34  3.1589  100
15.595  8.62996  1927.47  96.1864  207.71  0.38  53.9  34  3.1589  100
15.644  8.62996  1955  89.1171  30.124  0.37  55.6  34  3.1589  100
15.692  8.75876  2026.91  89.5438  16.14  0.36  55.6  34  3.1589  100
15.741  8.75876  1905.62  96.2109  206.167  0.38  55.6  34  3.1589  100
15.79  8.75876  1991.73  89.7878  7.377  0.36  55.6  34  3.1589  100
15.839  8.75876  1998.07  89.7724  7.938  0.36  55.6  34  3.1589  100
15.887  8.88757  1953.4  89.7814  7.452  0.37  55.6  34  3.1589  100
15.936  8.88757  2016.7  89.8115  6.633  0.36  53.5  34  3.1589  100
15.985  8.88757  1934.37  95.9557  200.709  0.38  53.5  34  3.1589  100
16.034  8.88757  1955.68  89.844  5.324  0.37  53.5  34  3.1589  100
16.082  8.88757  1936.1  95.0056  168.931  0.38  53.5  34  3.1589  100
16.131  9.01637  1892.1  96.2856  207.156  0.38  53.5  34  3.1589  100
16.18  9.01637  1881.09  94.0709  133.541  0.39  53.5  34  3.1589  100
16.229  9.01637  2014.31  89.6103  13.701  0.36  55.2  34  3.1589  100
16.277  9.01637  1880.84  96.4885  212.542  0.39  55.2  34  3.1589  100
16.326  9.14518  1978.55  88.8287  40.445  0.37  55.2  34  3.1589  100
16.375  9.14518  1934.98  94.7932  161.685  0.38  55.2  34  3.1589  100
16.424  9.14518  1869.04  95.2262  170.249  0.39  55.2  34  3.1589  100
16.472  9.14518  2014.83  89.9367  2.228  0.36  55.2  34  3.1589  100
16.521  9.14518  1911.47  94.8431  161.382  0.38  56.2  34  3.1589  100
16.57  9.27398  1875.01  94.0652  132.924  0.39  56.2  34  3.1589  100
16.619  9.27398  1935.02  95.1088  172.308  0.38  56.2  34  3.1589  100
16.667  9.27398  1891.95  94.9649  163.74  0.38  56.2  34  3.1589  100
16.716  9.27398  1900.01  95.0349  166.751  0.38  56.2  34  3.1589  100
16.765  9.27398  1935.53  94.5964  155.105  0.37  56.2  34  3.1589  100
16.814  9.40279  1903.36  95.0839  168.663  0.38  56.9  34  3.1589  100
16.863  9.40279  1824.71  90.0418  1.332  0.4  56.9  34  3.1589  100
16.912  9.40279  1920.39  96.3687  213.022  0.38  56.9  34  3.1589  100
16.96  9.40279  1961.33  89.9265  2.518  0.37  56.9  34  3.1589  100
17.009  9.53159  2046.44  89.9474  1.88  0.35  56.9  34  3.1589  100
17.058  9.53159  1916.95  94.4001  147.069  0.38  56.9  34  3.1589  100
17.107  9.53159  1992.77  89.9906  0.327  0.36  54  34  3.1589  100
17.155  9.53159  1933.23  95.0713  170.889  0.38  54  34  3.1589  100
17.204  9.53159  1894.93  94.9463  163.385  0.38  54  34  3.1589  100
17.253  9.6604  1986.85  89.9271  2.527  0.36  54  34  3.1589  100
17.302  9.6604  2025.33  89.5521  15.832  0.36  54  34  3.1589  100
17.35  9.6604  1882.3  95.1661  169.49  0.39  54  34  3.1589  100
17.399  9.6604  1975.99  88.8819  38.556  0.37  54  34  3.1589  100
17.448  9.6604  1921.58  94.9721  166.543  0.38  53.7  34  3.1589  100
17.497  9.7892  1886.03  95.0019  164.44  0.39  53.7  34  3.1589  100
17.545  9.7892  1932.01  94.8374  162.924  0.38  53.7  34  3.1589  100
17.594  9.7892  1934.98  94.7932  161.685  0.38  53.7  34  3.1589  100
17.643  9.7892  1886.97  94.0312  132.652  0.38  53.7  34  3.1589  100
17.692  9.7892  1945.8  94.7037  159.562  0.37  53.7  34  3.1589  100
17.741  9.91801  1913.43  96.2155  207.164  0.38  53.5  34  3.1589  100
17.789  9.91801  1986.85  89.9271  2.527  0.36  53.5  34  3.1589  100
17.838  9.91801  2021.47  89.6501  12.346  0.36  53.5  34  3.1589  100
17.887  9.91801  1885.1  94.8194  158.377  0.39  53.5  34  3.1589  100
17.936  10.0468  1984.1  89.8277  5.967  0.36  53.5  34  3.1589  100
17.984  10.0468  1927.24  94.841  162.643  0.38  53.5  34  3.1589  100
18.033  10.0468  1879.7  95.2542  172.133  0.39  51.7  34  3.1589  100
18.082  10.0468  2025.88  89.8805  4.226  0.36  51.7  34  3.1589  100
18.131  10.0468  1925.01  96.3438  212.702  0.38  51.7  34  3.1589  100
18.179  10.1756  1983.36  90.0014  0.049  0.36  51.7  34  3.1589  100
18.228  10.1756  2004.62  89.912  3.079  0.36  51.7  34  3.1589  100
18.278  10.1756  1889.68  95.1206  168.659  0.38  51.7  34  3.1589  100
18.326  10.1756  1913.35  94.9048  163.592  0.38  53.3  34  3.1589  100
18.375  10.3044  2019.18  89.7394  9.184  0.36  53.3  34  3.1589  100
18.424  10.3044  1970.28  89.8796  4.139  0.37  53.3  34  3.1589  100
18.473  10.3044  1981.2  89.0433  33.079  0.37  53.3  34  3.1589  100
18.521  10.3044  1923.31  95.9693  200.017  0.38  53.3  34  3.1589  100
18.57  10.3044  1885.14  95.1268  168.456  0.39  53.3  34  3.1589  100
18.619  10.4332  2013.26  89.9446  1.946  0.36  55.2  34  3.1589  100
18.668  10.4332  1905.21  96.1182  203.057  0.38  55.2  34  3.1589  100
18.716  10.4332  1874.42  95.0995  166.607  0.39  55.2  34  3.1589  100
18.765  10.4332  2011.61  89.6631  11.829  0.36  55.2  34  3.1589  100
18.814  10.4332  1875.75  95.066  165.636  0.39  55.2  34  3.1589  100
18.863  10.562  1847.11  89.9979  0.069  0.39  55.2  34  3.1589  100
18.912  10.562  2021.03  89.6136  13.63  0.36  56.3  34  3.1589  100
18.96  10.562  1962.68  89.7694  7.898  0.37  56.3  34  3.1589  100
19.009  10.562  2029.78  89.9542  1.624  0.36  56.3  34  3.1589  100
19.058  10.562  1926.83  96.0458  202.939  0.38  56.3  34  3.1589  100
19.107  10.6908  1876.41  95.5085  180.123  0.39  56.3  34  3.1589  100
19.156  10.6908  1928.42  94.7632  160.132  0.38  56.3  34  3.1589  100
19.205  10.6908  1901.1  96.2359  206.502  0.38  54.1  34  3.1589  100
19.254  10.6908  1883.77  94.0057  131.592  0.38  54.1  34  3.1589  100
19.302  10.8196  1936.82  95.1463  173.732  0.38  54.1  34  3.1589  100
19.351  10.8196  1895.4  95.038  166.449  0.38  54.1  34  3.1589  100
19.4  10.8196  2029.18  90.034  1.204  0.36  54.1  34  3.1589  100
19.449  10.8196  1939.43  94.4264  149.683  0.37  54.1  34  3.1589  100
19.498  10.8196  1872.61  95.0389  164.475  0.39  54.1  34  3.1589  100
19.546  10.9485  1918.06  95.2108  174.2  0.38  54.1  34  3.1589  100
19.595  10.9485  1928.78  94.8315  162.453  0.38  54.1  34  3.1589  100
19.644  10.9485  1888.18  93.9757  130.914  0.38  54.1  34  3.1589  100
19.693  10.9485  1940.85  94.6859  158.555  0.37  54.1  34  3.1589  100
19.742  10.9485  1896.18  96.1685  203.751  0.38  54.1  34  3.1589  100
19.791  11.0773  1883.09  95.3274  174.84  0.39  54.1  34  3.1589  100
19.839  11.0773  1919.59  95.2016  174.032  0.38  54.1  34  3.1589  100
19.888  11.0773  1896.59  96.2608  206.832  0.38  54.1  34  3.1589  100
19.937  11.0773  1993.39  89.9314  2.385  0.36  54.1  34  3.1589  100
19.986  11.2061  1931.38  94.719  158.891  0.38  54.1  34  3.1589  100
20.034  11.2061  1864.46  94.9038  159.381  0.39  54.1  34  3.1589  100
20.083  11.2061  2006.04  89.7513  8.707  0.36  54.1  34  3.1589  100
20.132  11.2061  1929.93  96.0286  202.69  0.38  54  34  3.1589  100
20.18  11.2061  1965.66  89.7536  8.454  0.37  54  34  3.1589  100
20.229  11.3349  1931.19  94.9872  167.883  0.38  54  34  3.1589  100
20.278  11.3349  1918.85  96.377  213.128  0.38  54  34  3.1589  100
20.327  11.3349  1884.03  94.0511  133.098  0.38  54  34  3.1589  100
20.376  11.3349  2015.87  89.602  14.002  0.36  54  34  3.1589  100
20.425  11.3349  1892.42  95.0565  166.794  0.38  54.8  34  3.1589  100
20.473  11.4637  1894.26  95.1177  168.973  0.38  54.8  34  3.1589  100
20.522  11.4637  1949.35  94.4607  151.613  0.37  54.8  34  3.1589  100
20.571  11.4637  1882.62  94.9291  161.762  0.39  54.8  34  3.1589  100
20.62  11.4637  2039.04  90.0231  0.822  0.35  54.8  34  3.1589  100
20.668  11.5925  1910.19  94.8988  163.123  0.38  54.8  34  3.1589  100
20.717  11.5925  1884.12  95.2272  171.652  0.39  53.5  34  3.1589  100
20.766  11.5925  1938.14  95.09  171.954  0.37  53.5  34  3.1589  100
20.815  11.5925  1915.85  96.0589  202.219  0.38  53.5  34  3.1589  100
20.863  11.5925  1870.9  94.1399  135.065  0.39  53.5  34  3.1589  100
20.912  11.7213  1945.48  94.9487  167.825  0.37  53.5  34  3.1589  100
20.961  11.7213  1891.01  94.7819  157.64  0.38  53.5  34  3.1589  100
21.01  11.7213  2001.52  89.9279  2.519  0.36  54.5  34  3.1589  100
21.059  11.7213  1961  95.7585  196.758  0.37  54.5  34  3.1589  100
21.107  11.7213  1946.46  89.8556  4.905  0.37  54.5  34  3.1589  100
21.156  11.8501  1998.72  89.8277  6.011  0.36  54.5  34  3.1589  100
21.205  11.8501  1926.61  95.9989  201.35  0.38  54.5  34  3.1589  100
21.254  11.8501  1887.3  95.2548  172.848  0.38  54.5  34  3.1589  100
21.303  11.8501  1929.4  94.9499  166.477  0.38  54.3  34  3.1589  100
21.352  11.8501  1904.63  95.0285  166.943  0.38  54.3  34  3.1589  100
21.401  11.9789  1978.85  89.9307  2.395  0.37  54.3  34  3.1589  100
21.449  11.9789  2017.01  89.5573  15.583  0.36  54.3  34  3.1589  100
21.498  11.9789  1886.75  96.4562  212.155  0.39  54.3  34  3.1589  100
21.547  11.9789  2016.94  89.981  0.669  0.36  54.3  34  3.1589  100
21.596  11.9789  1933.9  96.1994  208.841  0.38  52.7  34  3.1589  100
21.645  12.1077  1860.24  95.5592  180.207  0.39  52.7  34  3.1589  100
21.693  12.1077  2004.62  89.912  3.079  0.36  52.7  34  3.1589  100
21.742  12.1077  1908.03  96.0549  201.262  0.38  52.7  34  3.1589  100
21.791  12.1077  2014.93  89.9531  1.651  0.36  52.7  34  3.1589  100
21.84  12.1077  1940.28  94.8833  165.17  0.37  52.7  34  3.1589  100
21.889  12.2365  1933.25  96.0583  204.038  0.38  54.9  34  3.1589  100
21.938  12.2365  1896.55  94.9616  164.029  0.38  54.9  34  3.1589  100
21.986  12.2365  1931.63  94.7657  160.481  0.38  54.9  34  3.1589  100
22.035  12.2365  1898.7  94.7806  158.237  0.38  54.9  34  3.1589  100
22.084  12.3653  1985.93  88.9011  38.087  0.36  54.9  34  3.1589  100
22.133  12.3653  1926.99  94.7944  161.06  0.38  54.9  34  3.1589  100
22.182  12.3653  1886.71  95.4467  179.086  0.39  55.7  34  3.1589  100
22.23  12.3653  2011.84  89.6825  11.148  0.36  55.7  34  3.1589  100
22.279  12.3653  1928.04  94.6916  157.699  0.38  55.7  34  3.1589  100
22.328  12.4941  1895.18  95.3013  175.102  0.38  55.7  34  3.1589  100
22.377  12.4941  1928.34  95.0527  169.832  0.38  55.7  34  3.1589  100
22.425  12.4941  1898.7  96.3911  211.354  0.38  55.7  34  3.1589  100
22.474  12.4941  1992.31  89.9553  1.554  0.36  55.7  34  3.1589  100
22.523  12.6229  1945.68  94.3866  148.818  0.37  55.4  34  3.1589  100
22.572  12.6229  1883.31  95.0659  166.298  0.39  55.4  34  3.1589  100
22.62  12.6229  1999.66  88.8217  41.121  0.36  55.4  34  3.1589  100
22.669  12.6229  1943.03  94.7919  162.316  0.37  55.4  34  3.1589  100
22.718  12.6229  1959.44  89.8989  3.457  0.37  55.4  34  3.1589  100
22.767  12.7517  2024.15  89.7344  9.383  0.36  55.4  34  3.1589  100
22.816  12.7517  1919.76  96.2285  208.284  0.38  54  34  3.1589  100
22.864  12.7517  1966.75  89.7102  9.948  0.37  54  34  3.1589  100
22.913  12.7517  1938.47  94.846  163.757  0.37  54  34  3.1589  100
22.962  12.7517  1885.97  94.6944  154.35  0.38  54  34  3.1589  100
23.011  12.8805  1988.38  89.9192  2.803  0.36  54  34  3.1589  100
23.059  12.8805  1921.09  94.8791  163.395  0.38  54  34  3.1589  100
23.108  12.8805  1886.26  95.0475  165.957  0.39  56.5  34  3.1589  100
23.157  12.8805  2032.3  90.0184  0.651  0.36  56.5  34  3.1589  100
23.206  12.8805  2009.77  89.7882  7.431  0.36  56.5  34  3.1589  100
23.254  13.0093  1857.15  95.5314  179.014  0.39  56.5  34  3.1589  100
23.304  13.0093  2005.75  89.8679  4.625  0.36  56.5  34  3.1589  100
23.352  13.0093  1917.6  96.097  203.671  0.38  56.5  34  3.1589  100
23.401  13.0093  1890.03  95.1909  171  0.38  55.4  34  3.1589  100
23.45  13.1381  1951.03  94.7688  162.2  0.37  55.4  34  3.1589  100
23.499  13.1381  1887.51  94.9926  164.266  0.38  55.4  34  3.1589  100
23.547  13.1381  1833.53  89.996  0.128  0.39  55.4  34  3.1589  100
23.596  13.1381  2001.68  89.5233  16.655  0.36  55.4  34  3.1589  100
23.645  13.1381  1885.02  95.1023  167.643  0.39  55.4  34  3.1589  100
23.694  13.2669  1995.63  89.8437  5.444  0.36  54.9  34  3.1589  100
23.742  13.2669  1926.39  95.9521  199.761  0.38  54.9  34  3.1589  100
23.791  13.2669  1866.01  95.5244  179.639  0.39  54.9  34  3.1589  100
23.84  13.2669  1926.88  94.7728  160.326  0.38  54.9  34  3.1589  100
23.889  13.3958  1905.85  94.3765  145.435  0.38  54.9  34  3.1589  100
23.937  13.3958  1891.29  95.136  169.309  0.38  54.9  34  3.1589  100
23.986  13.3958  1989.91  89.9114  3.079  0.36  54.6  34  3.1589  100
24.035  13.3958  1883.59  96.4265  210.829  0.39  54.6  34  3.1589  100
24.084  13.3958  1901.04  94.9337  163.493  0.38  54.6  34  3.1589  100
24.132  13.5246  1915.54  94.7221  157.691  0.38  54.6  34  3.1589  100
24.181  13.5246  1881.84  95.075  166.467  0.39  54.6  34  3.1589  100
24.23  13.5246  1838.16  90.044  1.412  0.39  54.6  34  3.1589  100
24.279  13.5246  1921.39  94.6372  155.337  0.38  53.2  34  3.1589  100
24.328  13.6534  1871.81  95.4894  179.06  0.39  53.2  34  3.1589  100
24.376  13.6534  1937.16  94.9024  165.547  0.37  53.2  34  3.1589  100
24.425  13.6534  1923.74  96.0629  203.185  0.38  53.2  34  3.1589  100
24.474  13.6534  1892.88  93.9912  131.749  0.38  53.2  34  3.1589  100
24.523  13.6534  2016.13  89.4845  18.138  0.36  53.2  34  3.1589  100
24.571  13.7822  1873.91  90.0224  0.734  0.39  52  34  3.1589  100
24.62  13.7822  1958.75  88.0286  67.382  0.37  52  34  3.1589  100
24.669  13.7822  1934.76  94.4561  150.322  0.38  52  34  3.1589  100
24.718  13.7822  1997.03  89.9485  1.795  0.36  52  34  3.1589  100
24.766  13.7822  1991.03  89.8676  4.602  0.36  52  34  3.1589  100
24.815  13.911  1902.41  94.8996  162.486  0.38  52  34  3.1589  100
24.864  13.911  1963.09  89.8048  6.688  0.37  52  34  3.1589  100
24.913  13.911  1856.24  89.9872  0.416  0.39  53.1  34  3.1589  100
24.961  13.911  1904.93  96.4047  212.495  0.38  53.1  34  3.1589  100
25.01  14.0398  1812.81  89.9971  0.093  0.4  53.1  34  3.1589  100
25.059  14.0398  1931.43  95.0339  169.474  0.38  53.1  34  3.1589  100
25.108  14.0398  1875.24  96.2386  203.781  0.39  53.1  34  3.1589  100
25.157  14.0398  1930.95  94.9404  166.293  0.38  53.1  34  3.1589  100
25.206  14.0398  1951.45  94.5451  154.639  0.37  56.3  34  3.1589  100
25.255  14.1686  1878.99  94.8112  157.597  0.39  56.3  34  3.1589  100
25.303  14.1686  1927.37  94.866  163.492  0.38  56.3  34  3.1589  100
25.352  14.1686  1934.23  94.6529  156.902  0.38  56.3  34  3.1589  100
25.401  14.1686  1983.3  89.6217  13.095  0.36  56.3  34  3.1589  100
25.45  14.1686  1926.56  95.0154  168.426  0.38  56.3  34  3.1589  100
25.499  14.2974  1895.97  96.1224  202.212  0.38  54.5  34  3.1589  100
25.547  14.2974  1824.62  90.0065  0.208  0.4  54.5  34  3.1589  100
25.596  14.2974  1942.66  94.7232  159.961  0.37  54.5  34  3.1589  100
25.645  14.2974  1986.55  90.0024  0.084  0.36  54.5  34  3.1589  100
25.694  14.2974  1971.75  89.0591  32.377  0.37  54.5  34  3.1589  100
25.743  14.4262  1918.04  94.898  163.765  0.38  54.5  34  3.1589  100
25.792  14.4262  1963.09  89.8048  6.688  0.37  53.1  34  3.1589  100
25.841  14.4262  2019.97  89.9491  1.795  0.36  53.1  34  3.1589  100
25.889  14.4262  1917.06  94.7125  157.497  0.38  53.1  34  3.1589  100
25.938  14.4262  1854.65  95.3152  171.805  0.39  53.1  34  3.1589  100
25.987  14.555  2020.7  89.8682  4.648  0.36  53.1  34  3.1589  100
26.036  14.555  1891.16  95.1115  168.491  0.38  53.1  34  3.1589  100
26.085  14.555  1964.72  89.1372  29.585  0.37  52.3  34  3.1589  100
26.133  14.555  2028.5  89.5354  16.45  0.36  52.3  34  3.1589  100
26.182  14.6838  1886.72  95.1389  168.994  0.38  52.3  34  3.1589  100
26.231  14.6838  1981.47  89.8793  4.176  0.37  52.3  34  3.1589  100
26.28  14.6838  1933.72  94.5594  153.716  0.38  52.3  34  3.1589  100
26.329  14.6838  1965.79  89.9031  3.324  0.37  52.3  34  3.1589  100
26.378  14.6838  2042.19  90.0074  0.263  0.35  55.4  34  3.1589  100
26.427  14.8126  1911.28  96.0844  202.582  0.38  55.4  34  3.1589  100
26.475  14.8126  1804.19  90.0423  1.333  0.4  55.4  34  3.1589  100
26.524  14.8126  2011.99  89.8358  5.767  0.36  55.4  34  3.1589  100
26.573  14.8126  1908.45  96.1477  204.38  0.38  55.4  34  3.1589  100
26.622  14.8126  2016.94  89.981  0.669  0.36  55.4  34  3.1589  100
26.671  14.9414  2028.31  89.3804  21.933  0.36  54  34  3.1589  100
26.72  14.9414  1888.29  94.8463  159.529  0.38  54  34  3.1589  100
26.769  14.9414  1997.17  89.8357  5.727  0.36  54  34  3.1589  100
26.817  14.9414  1929.08  94.5887  154.33  0.38  54  34  3.1589  100
26.866  15.0702  1948.32  89.8829  3.981  0.37  54  34  3.1589  100
26.915  15.0702  2003.66  88.8763  39.294  0.36  54  34  3.1589  100
26.964  15.0702  1912.01  94.6487  154.962  0.38  54.7  34  3.1589  100
27.013  15.0702  1867.51  94.0695  132.53  0.39  54.7  34  3.1589  100
27.061  15.0702  1922.51  94.848  162.477  0.38  54.7  34  3.1589  100
27.11  15.199  1902.83  94.6815  155.301  0.38  54.7  34  3.1589  100
27.159  15.199  1887.63  95.0171  165.08  0.38  54.7  34  3.1589  100
27.208  15.199  1945.91  94.7256  160.311  0.37  54.7  34  3.1589  100
27.257  15.199  1972.19  89.9073  3.19  0.37  52.8  34  3.1589  100
27.306  15.199  1989.91  89.9114  3.079  0.36  52.8  34  3.1589  100
27.355  15.3278  1948.73  95.9244  201.138  0.37  52.8  34  3.1589  100
27.403  15.3278  1876.1  95.1358  167.942  0.39  52.8  34  3.1589  100
27.452  15.3278  2003.2  88.8401  40.551  0.36  52.8  34  3.1589  100
27.501  15.3278  1920.36  94.7397  158.677  0.38  52.8  34  3.1589  100
27.55  15.3278  1832.15  90.0391  1.25  0.39  52.8  34  3.1589  100
27.599  15.4566  1927.37  94.866  163.492  0.38  52.9  34  3.1589  100
27.647  15.4566  1892.88  95.1481  169.851  0.38  52.9  34  3.1589  100
27.696  15.4566  1898.83  93.9509  130.833  0.38  52.9  34  3.1589  100
27.745  15.4566  2016.47  89.7921  7.318  0.36  52.9  34  3.1589  100
27.794  15.5854  1872.38  94.9936  162.98  0.39  52.9  34  3.1589  100
27.842  15.5854  1991.27  88.677  45.975  0.36  52.9  34  3.1589  100
27.891  15.5854  1945.34  95.8946  199.784  0.37  54.9  34  3.1589  100
27.94  15.5854  1866.58  95.0301  163.661  0.39  54.9  34  3.1589  100
27.989  15.5854  2013.13  89.7914  7.329  0.36  54.9  34  3.1589  100
28.037  15.7142  1911.49  96.1309  204.146  0.38  54.9  34  3.1589  100
28.087  15.7142  1871.69  94.8577  158.498  0.39  54.9  34  3.1589  100
28.135  15.7142  1927.28  95.1554  173.179  0.38  54.9  34  3.1589  100
28.184  15.7142  1903.12  95.0378  167.118  0.38  55.3  34  3.1589  100
28.233  15.8431  1969.82  89.0321  33.274  0.37  55.3  34  3.1589  100
28.281  15.8431  2017.61  89.7476  8.89  0.36  55.3  34  3.1589  100
28.33  15.8431  1891.16  95.1115  168.491  0.38  55.3  34  3.1589  100
28.379  15.8431  1974.74  89.042  33.017  0.37  55.3  34  3.1589  100
28.428  15.8431  1934.33  96.2936  212.046  0.38  55.3  34  3.1589  100
28.477  15.9719  1889  95.2915  174.21  0.38  52.9  34  3.1589  100
28.526  15.9719  2006.46  89.7875  7.441  0.36  52.9  34  3.1589  100
28.575  15.9719  1914.05  96.3552  211.87  0.38  52.9  34  3.1589  100
28.623  15.9719  1876.46  94.0554  132.704  0.39  52.9  34  3.1589  100
28.672  15.9719  1917.83  95.1644  172.63  0.38  52.9  34  3.1589  100
28.721  16.1007  1901.51  96.3284  209.599  0.38  52.9  34  3.1589  100
28.77  16.1007  1888.44  94.0212  132.428  0.38  53.6  34  3.1589  100
28.818  16.1007  2002.42  89.8645  4.735  0.36  53.6  34  3.1589  100
28.867  16.1007  1991.49  90.0147  0.51  0.36  53.6  34  3.1589  100
28.916  16.2295  2020.96  90.037  1.306  0.36  53.6  34  3.1589  100
28.965  16.2295  1920.23  95.9866  200.272  0.38  53.6  34  3.1589  100
29.013  16.2295  1880.59  93.9803  130.538  0.39  53.6  34  3.1589  100
29.062  16.2295  2012.96  88.8229  41.353  0.36  55.5  34  3.1589  100
29.111  16.2295  1914.32  96.0674  202.341  0.38  55.5  34  3.1589  100
29.16  16.3583  1882.28  95.4733  179.534  0.39  55.5  34  3.1589  100
29.208  16.3583  2032.13  89.5553  15.774  0.36  55.5  34  3.1589  100
29.257  16.3583  1986.55  90.0024  0.084  0.36  55.5  34  3.1589  100
29.306  16.3583  1985.33  89.935  2.253  0.36  55.5  34  3.1589  100
29.355  16.3583  2005.81  89.7319  9.384  0.36  54  34  3.1589  100
29.404  16.4871  1885.01  95.4099  177.718  0.39  54  34  3.1589  100
29.452  16.4871  1980.36  89.9228  2.668  0.37  54  34  3.1589  100
29.501  16.4871  1923.53  96.0161  201.601  0.38  54  34  3.1589  100
29.55  16.4871  1895.29  95.0168  165.738  0.38  54  34  3.1589  100
29.599  16.4871  2042.19  90.0074  0.263  0.35  54  34  3.1589  100
29.647  16.6159  1901.62  95.047  167.292  0.38  51.2  34  3.1589  100
29.696  16.6159  1899.21  95.1821  171.541  0.38  51.2  34  3.1589  100
29.745  16.6159  1936.67  94.8087  162.349  0.37  51.2  34  3.1589  100
29.794  16.6159  1977.12  89.9194  2.782  0.37  51.2  34  3.1589  100
29.842  16.6159  1909.28  95.0254  167.247  0.38  51.2  34  3.1589  100
29.891  16.7447  1931.63  94.7657  160.481  0.38  51.2  34  3.1589  100
29.94  16.7447  1868.03  95.021  163.492  0.39  51.2  34  3.1589  100
29.989  16.7447  1974.07  87.8529  73.957  0.37  55.1  34  3.1589  100
30.037  16.7447  1993.45  89.7965  7.082  0.36  55.1  34  3.1589  100
30.086  16.8735  1952.33  89.8244  5.982  0.37  55.1  34  3.1589  100
30.135  16.8735  2021.13  89.9046  3.364  0.36  55.1  34  3.1589  100
30.184  16.8735  1914.32  96.0674  202.341  0.38  55.1  34  3.1589  100
30.233  16.8735  1951.45  89.2128  26.812  0.37  55.1  34  3.1589  100
30.281  16.8735  1945.73  94.9958  169.439  0.37  54.7  34  3.1589  100
30.33  17.0023  1885.96  96.2726  206.057  0.39  54.7  34  3.1589  100
30.379  17.0023  1970.68  89.1033  30.842  0.37  54.7  34  3.1589  100
30.428  17.0023  2018.75  89.703  10.465  0.36  54.7  34  3.1589  100
30.477  17.0023  1966.07  89.789  7.24  0.37  54.7  34  3.1589  100
30.526  17.1311  2034.94  89.9666  1.187  0.36  54.7  34  3.1589  100
30.574  17.1311  1910.19  94.8988  163.123  0.38  53.5  34  3.1589  100
30.623  17.1311  1998.79  89.9597  1.405  0.36  53.5  34  3.1589  100
30.672  17.1311  2032.97  89.7666  8.282  0.36  53.5  34  3.1589  100
30.721  17.1311  1918.91  96.0418  201.974  0.38  53.5  34  3.1589  100
30.77  17.2599  1814.34  90.0245  0.777  0.4  53.5  34  3.1589  100
30.818  17.2599  1942.55  94.4065  149.252  0.37  53.5  34  3.1589  100
30.867  17.2599  1886.72  95.1389  168.994  0.38  52.3  34  3.1589  100
30.916  17.2599  1963  88.9954  34.418  0.37  52.3  34  3.1589  100
30.965  17.2599  1933.18  94.756  160.286  0.38  52.3  34  3.1589  100
31.013  17.3887  1957.96  89.9067  3.188  0.37  52.3  34  3.1589  100
31.062  17.3887  2017.41  90.0168  0.59  0.36  52.3  34  3.1589  100
31.111  17.3887  1915.37  96.3003  210.192  0.38  52.3  34  3.1589  100
31.16  17.3887  1972.06  89.7573  8.354  0.37  53.5  34  3.1589  100
31.208  17.3887  2037.47  90.0309  1.1  0.36  53.5  34  3.1589  100
31.257  17.5175  1882.85  94.9747  163.273  0.39  53.5  34  3.1589  100
31.306  17.5175  1972.57  90.0197  0.678  0.37  53.5  34  3.1589  100
31.355  17.5175  2008.49  89.6795  11.237  0.36  53.5  34  3.1589  100
31.404  17.5175  1887.51  94.9926  164.266  0.38  53.5  34  3.1589  100
31.452  17.6463  2018.95  90.009  0.317  0.36  54.1  34  3.1589  100
31.501  17.6463  1939.15  94.6705  157.896  0.37  54.1  34  3.1589  100
31.55  17.6463  1958.36  89.942  1.983  0.37  54.1  34  3.1589  100
31.599  17.6463  2001.38  89.7756  7.839  0.36  54.1  34  3.1589  100
31.647  17.6463  1915.29  94.6758  156.128  0.38  54.1  34  3.1589  100
31.697  17.7751  1892.88  93.9912  131.749  0.38  54.1  34  3.1589  100
31.745  17.7751  1949.71  94.8257  164.017  0.37  55.4  34  3.1589  100
31.794  17.7751  1910.43  94.945  164.679  0.38  55.4  34  3.1589  100
31.843  17.7751  1957.52  89.0649  31.947  0.37  55.4  34  3.1589  100
31.891  17.7751  1930.37  94.5323  152.54  0.38  55.4  34  3.1589  100
31.94  17.9039  1868.44  94.8068  156.568  0.39  55.4  34  3.1589  100
31.989  17.9039  1970  88.9167  37.243  0.37  55.4  34  3.1589  100
32.038  17.9039  1924.85  95.9607  199.889  0.38  54.9  34  3.1589  100
32.086  17.9039  1941.02  89.9215  2.659  0.37  54.9  34  3.1589  100
32.135  18.0327  2008.44  89.8156  6.463  0.36  54.9  34  3.1589  100
32.184  18.0327  1919.76  96.2285  208.284  0.38  54.9  34  3.1589  100
32.233  18.0327  1978.76  89.646  12.226  0.37  54.9  34  3.1589  100
32.282  18.0327  1951.29  94.816  163.822  0.37  54.9  34  3.1589  100
32.33  18.0327  1907.76  96.3418  210.729  0.38  53.2  34  3.1589  100
32.379  18.1615  1953.96  89.1608  28.618  0.37  53.2  34  3.1589  100
32.428  18.1615  1927.04  95.1087  171.594  0.38  53.2  34  3.1589  100
32.476  18.1615  1892.88  95.1481  169.851  0.38  53.2  34  3.1589  100
32.525  18.1615  1854.73  89.9949  0.164  0.39  53.2  34  3.1589  100
32.574  18.2904  1951.19  94.4979  153.018  0.37  53.2  34  3.1589  100
32.623  18.2904  1963.11  90.0116  0.398  0.37  53.2  34  3.1589  100
32.672  18.2904  1993.35  88.974  35.694  0.36  52.3  34  3.1589  100
32.721  18.2904  1917.55  94.8052  160.63  0.38  52.3  34  3.1589  100
32.769  18.2904  1889  95.2915  174.21  0.38  52.3  34  3.1589  100
32.818  18.4192  2033.98  89.4282  20.297  0.36  52.3  34  3.1589  100
32.867  18.4192  1889.45  95.0749  167.136  0.38  52.3  34  3.1589  100
32.916  18.4192  1903.71  95.1547  171.038  0.38  52.3  34  3.1589  100
32.965  18.4192  1942.59  95.0148  169.806  0.37  54.7  34  3.1589  100
33.013  18.4192  1890.47  94.9742  163.916  0.38  54.7  34  3.1589  100
33.062  18.548  1991.44  89.9034  3.356  0.36  54.7  34  3.1589  100
33.111  18.548  1936.28  94.7367  159.894  0.37  54.7  34  3.1589  100
33.16  18.548  1875.01  94.0652  132.924  0.39  54.7  34  3.1589  100
33.209  18.548  2019.69  89.6414  12.64  0.36  54.7  34  3.1589  100
33.257  18.6768  1896.6  94.6737  154.536  0.38  54.9  34  3.1589  100
33.306  18.6768  1979.54  89.8515  5.132  0.37  54.9  34  3.1589  100
33.355  18.6768  1935.11  94.8183  162.541  0.38  54.9  34  3.1589  100
33.404  18.6768  1876.43  95.2023  170.142  0.39  54.9  34  3.1589  100
33.453  18.6768  1900.24  95.081  168.291  0.38  54.9  34  3.1589  100
33.501  18.8056  1931.66  94.4758  150.744  0.38  54.9  34  3.1589  100
33.55  18.8056  1978.67  90.0055  0.19  0.37  54.9  34  3.1589  100
33.599  18.8056  1985.62  89.8197  6.247  0.36  54.9  34  3.1589  100
33.648  18.8056  1927.94  95.9434  199.632  0.38  54.9  34  3.1589  100
33.696  18.8056  1962.28  89.7341  9.108  0.37  54.9  34  3.1589  100
33.746  18.9344  1939.79  94.7894  161.961  0.37  54.9  34  3.1589  100
33.794  18.9344  1927.73  94.9343  165.811  0.38  54.9  34  3.1589  100
33.843  18.9344  1877.41  93.955  129.49  0.39  55.9  34  3.1589  100
33.892  18.9344  1936.1  95.0056  168.931  0.38  55.9  34  3.1589  100
33.941  18.9344  1899.41  94.9184  162.848  0.38  55.9  34  3.1589  100
33.989  19.0632  1991.03  89.8676  4.602  0.36  55.9  34  3.1589  100
34.038  19.0632  2026.6  89.7993  7.099  0.36  55.9  34  3.1589  100
34.087  19.0632  1997.37  89.8524  5.145  0.36  55.9  34  3.1589  100
34.136  19.0632  2033.38  89.9745  0.906  0.36  54.1  34  3.1589  100
34.185  19.192  1938.38  94.53  153.094  0.37  54.1  34  3.1589  100
34.234  19.192  1957.96  89.9067  3.188  0.37  54.1  34  3.1589  100
34.282  19.192  1919.45  94.867  162.851  0.38  54.1  34  3.1589  100
34.331  19.192  1923.05  96.2585  209.64  0.38  54.1  34  3.1589  100
34.38  19.192  1880.59  93.9803  130.538  0.39  54.1  34  3.1589  100
34.429  19.3208  1936.82  95.1463  173.732  0.38  53.5  34  3.1589  100
34.477  19.3208  1971.38  89.8363  5.633  0.37  53.5  34  3.1589  100
34.526  19.3208  1972.37  88.9793  35.135  0.37  53.5  34  3.1589  100
34.575  19.3208  2011.34  89.7801  7.721  0.36  53.5  34  3.1589  100
34.624  19.3208  1889.45  95.0749  167.136  0.38  53.5  34  3.1589  100
34.673  19.4496  1914.87  94.8954  163.408  0.38  53.5  34  3.1589  100
34.722  19.4496  1914.75  96.1605  205.48  0.38  53.5  34  3.1589  100
34.77  19.4496  1951.26  89.8674  4.516  0.37  53.5  34  3.1589  100
34.819  19.4496  1932.15  95.1743  174.252  0.38  53.5  34  3.1589  100
34.868  19.5784  1891.41  94.5651  150.539  0.38  53.5  34  3.1589  100
34.917  19.5784  1814.25  89.9895  0.334  0.4  53.5  34  3.1589  100
34.966  19.5784  1948.13  94.8353  164.212  0.37  53.5  34  3.1589  100
35.014  19.5784  1901.1  96.2359  206.502  0.38  53.5  34  3.1589  100
35.063  19.5784  1994.51  89.8876  3.913  0.36  53.6  34  3.1589  100
35.112  19.7072  2011.62  89.9496  1.771  0.36  53.6  34  3.1589  100
35.161  19.7072  1883.77  95.1571  169.325  0.39  53.6  34  3.1589  100
35.209  19.7072  1911.6  94.8679  162.216  0.38  53.6  34  3.1589  100
35.258  19.7072  1917.6  96.097  203.671  0.38  53.6  34  3.1589  100
35.307  19.7072  1958.64  89.8284  5.868  0.37  53.6  34  3.1589  100
35.356  19.836  1918.41  94.9693  166.175  0.38  56  34  3.1589  100
35.404  19.836  1904.85  94.4782  148.732  0.38  56  34  3.1589  100
35.453  19.836  1956.67  88.9942  34.346  0.37  56  34  3.1589  100
35.502  19.836  1930.61  95.1836  174.424  0.38  56  34  3.1589  100
35.551  19.836  1886.56  96.4103  210.63  0.39  56  34  3.1589  100
35.599  19.9648  1978.81  88.9804  35.211  0.37  56  34  3.1589  100
35.648  19.9648  1921.09  94.8791  163.395  0.38  56.9  34  3.1589  100
35.697  19.9648  1879.22  94.8567  159.102  0.39  56.9  34  3.1589  100
35.746  19.9648  2009.71  89.9243  2.656  0.36  56.9  34  3.1589  100
35.794  19.9648  1921.99  96.0247  201.726  0.38  56.9  34  3.1589  100
35.843  20.0936  1960.92  89.8911  3.726  0.37  56.9  34  3.1589  100
35.893  20.0936  2013.13  89.7914  7.329  0.36  56.9  34  3.1589  100
35.941  20.0936  1907.88  95.0561  168.144  0.38  52.1  34  3.1589  100
35.99  20.0936  1953.96  89.1608  28.618  0.37  52.1  34  3.1589  100
36.039  20.2224  2036.02  89.4565  19.314  0.36  52.1  34  3.1589  100
36.088  20.2224  1887.44  96.2643  205.949  0.39  52.1  34  3.1589  100
36.136  20.2224  1988.79  89.9551  1.56  0.36  52.1  34  3.1589  100
36.185  20.2224  1916.27  94.8611  162.384  0.38  52.1  34  3.1589  100
36.234  20.2224  1892.64  95.4111  178.479  0.38  52.8  34  3.1589  100
36.283  20.3512  1994.93  89.9235  2.662  0.36  52.8  34  3.1589  100
36.331  20.3512  1922.63  94.8696  163.208  0.38  52.8  34  3.1589  100
36.38  20.3512  1876.1  95.1358  167.942  0.39  52.8  34  3.1589  100
36.429  20.3512  1947.12  94.6469  157.746  0.37  52.8  34  3.1589  100
36.478  20.48  1889.91  95.1664  170.183  0.38  52.8  34  3.1589  100
36.527  20.48  1833.72  90.0669  2.142  0.39  55.9  34  3.1589  100
36.575  20.48  1961.58  94.9001  167.555  0.37  55.9  34  3.1589  100
36.624  20.48  1880.37  95.0841  166.636  0.39  55.9  34  3.1589  100
36.673  20.48  2013.4  89.9609  1.375  0.36  55.9  34  3.1589  100
36.722  20.6088  1921.36  95.239  175.439  0.38  55.9  34  3.1589  100
36.77  20.6088  1976.02  89.9628  1.283  0.37  55.9  34  3.1589  100
36.819  20.6088  2040.13  89.979  0.746  0.35  55.5  34  3.1589  100
36.868  20.6088  1910.8  96.3252  210.516  0.38  55.5  34  3.1589  100
36.917  20.7377  1841.04  89.9931  0.222  0.39  55.5  34  3.1589  100
36.965  20.7377  2020.99  89.7508  8.791  0.36  55.5  34  3.1589  100
37.014  20.7377  1889.53  94.7913  157.825  0.38  55.5  34  3.1589  100
37.063  20.7377  1891.29  95.136  169.309  0.38  55.5  34  3.1589  100
37.112  20.7377  2012.04  89.6994  10.557  0.36  53.6  34  3.1589  100
37.16  20.8665  1995.99  89.9916  0.292  0.36  53.6  34  3.1589  100
37.209  20.8665  1966.21  89.1287  29.898  0.37  53.6  34  3.1589  100
37.258  20.8665  1961.23  95.8061  198.404  0.37  53.6  34  3.1589  100
37.307  20.8665  1892.42  95.3652  176.949  0.38  53.6  34  3.1589  100
37.356  20.8665  2029.18  90.034  1.204  0.36  53.6  34  3.1589  100
37.405  20.9953  1921.92  96.3604  212.916  0.38  55.4  34  3.1589  100
37.454  20.9953  1876.1  95.1358  167.942  0.39  55.4  34  3.1589  100
37.503  20.9953  1921.71  94.997  167.387  0.38  55.4  34  3.1589  100
37.551  20.9953  1911.28  96.0844  202.582  0.38  55.4  34  3.1589  100
37.6  20.9953  1838.16  90.044  1.412  0.39  55.4  34  3.1589  100
37.649  21.1241  2023.56  89.4059  20.981  0.36  55.4  34  3.1589  100
37.698  21.1241  1989.53  89.9871  0.449  0.36  55.4  34  3.1589  100
37.747  21.1241  1996.6  88.8394  40.44  0.36  53.8  34  3.1589  100
37.795  21.1241  1935.71  95.8999  198.975  0.38  53.8  34  3.1589  100
37.844  21.1241  1969.06  89.7732  7.795  0.37  53.8  34  3.1589  100
37.893  21.2529  1992.14  89.8237  6.13  0.36  53.8  34  3.1589  100
37.942  21.2529  1906.93  94.8715  161.937  0.38  53.8  34  3.1589  100
37.991  21.2529  1978.03  89.8594  4.855  0.37  53.8  34  3.1589  100
38.04  21.2529  2037.48  89.8604  4.964  0.36  53.3  34  3.1589  100
38.088  21.3817  1892.97  94.864  160.507  0.38  53.3  34  3.1589  100
38.137  21.3817  1970.68  89.1033  30.842  0.37  53.3  34  3.1589  100
38.186  21.3817  2033.53  89.3915  21.596  0.36  53.3  34  3.1589  100
38.235  21.3817  1897.2  94.79  158.424  0.38  53.3  34  3.1589  100
38.283  21.3817  1856.24  89.9872  0.416  0.39  53.3  34  3.1589  100
38.332  21.5105  1927.49  94.8877  164.227  0.38  54.5  34  3.1589  100
38.381  21.5105  1887.74  95.3463  175.89  0.38  54.5  34  3.1589  100
38.43  21.5105  1988.78  89.0001  34.706  0.36  54.5  34  3.1589  100
38.478  21.5105  1933.47  96.1054  205.638  0.38  54.5  34  3.1589  100
38.527  21.6393  1884.03  94.0511  133.098  0.38  54.5  34  3.1589  100
38.576  21.6393  1939.79  94.7894  161.961  0.37  54.5  34  3.1589  100
38.625  21.6393  1913.91  94.4197  147.49  0.38  53.2  34  3.1589  100
38.673  21.6393  2012.34  90.0043  0.153  0.36  53.2  34  3.1589  100
38.722  21.6393  2018.75  89.703  10.465  0.36  53.2  34  3.1589  100
38.771  21.7681  1888.05  94.8007  158.01  0.38  53.2  34  3.1589  100
38.82  21.7681  1992.14  89.8237  6.13  0.36  53.2  34  3.1589  100
38.868  21.7681  1941.72  96.1568  208.251  0.37  53.2  34  3.1589  100
38.917  21.7681  1867.02  95.4251  176.516  0.39  51.8  34  3.1589  100
38.966  21.7681  2007.31  89.8599  4.909  0.36  51.8  34  3.1589  100
39.015  21.8969  1908.87  96.2406  207.5  0.38  51.8  34  3.1589  100
39.063  21.8969  1814.34  90.0245  0.777  0.4  51.8  34  3.1589  100
39.112  21.8969  2029.78  89.9542  1.624  0.36  51.8  34  3.1589  100
39.161  21.8969  1889.33  96.348  208.899  0.39  51.8  34  3.1589  100
39.21  22.0257  2027.15  90.0058  0.207  0.36  53  34  3.1589  100
39.258  22.0257  1936.28  94.7367  159.894  0.37  53  34  3.1589  100
39.307  22.0257  1883.31  95.0659  166.298  0.39  53  34  3.1589  100
39.356  22.0257  1835.2  90.0593  1.9  0.39  53  34  3.1589  100
39.405  22.0257  1940.15  94.8582  164.31  0.37  53  34  3.1589  100
39.454  22.1545  1855.08  95.4051  174.744  0.39  53  34  3.1589  100
39.503  22.1545  1929.65  94.9966  168.065  0.38  56.2  34  3.1589  100
39.552  22.1545  1910.25  94.6122  153.604  0.38  56.2  34  3.1589  100
39.6  22.1545  1890.6  94.9987  164.733  0.38  56.2  34  3.1589  100
39.649  22.1545  2029.05  89.8643  4.805  0.36  56.2  34  3.1589  100
39.698  22.2833  1892.65  95.1023  168.322  0.38  56.2  34  3.1589  100
39.746  22.2833  1986.85  89.9271  2.527  0.36  56.2  34  3.1589  100
39.795  22.2833  1934.23  94.6529  156.902  0.38  55.2  34  3.1589  100
39.844  22.2833  1901.21  94.6697  154.78  0.38  55.2  34  3.1589  100
39.893  22.2833  1982.27  88.9989  34.634  0.37  55.2  34  3.1589  100
39.942  22.4121  2006.66  89.8043  6.854  0.36  55.2  34  3.1589  100
39.99  22.4121  1895.63  95.3932  178.171  0.38  55.2  34  3.1589  100
40.039  22.4121  2020.85  89.4593  19.069  0.36  55.2  34  3.1589  100
40.088  22.4121  1903.22  96.3665  211.044  0.38  55.2  34  3.1589  100
40.137  22.5409  1862.25  94.1985  136.339  0.39  53  34  3.1589  100
40.186  22.5409  2042.18  89.5416  16.34  0.35  53  34  3.1589  100
40.234  22.5409  1869.48  95.0119  163.322  0.39  53  34  3.1589  100
40.283  22.5409  1888.44  94.0212  132.428  0.38  53  34  3.1589  100
40.333  22.5409  1940.63  95.9208  200.184  0.37  53  34  3.1589  100
40.381  22.6697  1962.81  89.9187  2.785  0.37  53  34  3.1589  100
40.43  22.6697  1994.79  89.7718  7.946  0.36  52.3  34  3.1589  100
40.479  22.6697  1923.92  94.8135  161.442  0.38  52.3  34  3.1589  100
40.527  22.6697  1969.39  90.0162  0.556  0.37  52.3  34  3.1589  100
40.576  22.7985  2036.99  89.9948  0.184  0.36  52.3  34  3.1589  100
40.625  22.7985  1920.18  96.322  211.442  0.38  52.3  34  3.1589  100
40.674  22.7985  1879.25  95.1631  169.118  0.39  52.3  34  3.1589  100
40.723  22.7985  1939.94  95.1276  173.381  0.37  53.7  34  3.1589  100
40.772  22.7985  1898.22  94.6888  155.166  0.38  53.7  34  3.1589  100
40.82  22.9273  1898.39  90.0248  0.822  0.38  53.7  34  3.1589  100
40.869  22.9273  1940.2  94.567  154.487  0.37  53.7  34  3.1589  100
40.918  22.9273  1900.91  94.909  162.668  0.38  53.7  34  3.1589  100
40.967  22.9273  1978.18  89.0605  32.434  0.37  53.7  34  3.1589  100
41.015  22.9273  1912.5  94.7412  158.077  0.38  53.9  34  3.1589  100
41.064  23.0561  1872.35  94.1301  134.85  0.39  53.9  34  3.1589  100
41.113  23.0561  1940.85  94.6859  158.555  0.37  53.9  34  3.1589  100
41.162  23.0561  1924.17  96.1565  206.355  0.38  53.9  34  3.1589  100
41.21  23.0561  1879.38  94.0355  132.262  0.39  53.9  34  3.1589  100
41.259  23.185  2024.62  89.6335  12.949  0.36  53.9  34  3.1589  100
41.308  23.185  1865.14  95.0392  163.829  0.39  55.4  34  3.1589  100
41.357  23.185  1907.29  94.9423  164.319  0.38  55.4  34  3.1589  100
41.406  23.185  1913.7  94.9726  165.878  0.38  55.4  34  3.1589  100
41.454  23.185  1958.23  89.7931  7.072  0.37  55.4  34  3.1589  100
41.503  23.3138  1854.73  89.9949  0.164  0.39  55.4  34  3.1589  100
41.553  23.3138  1905.9  94.9731  165.218  0.38  55.4  34  3.1589  100
41.601  23.3138  1849.87  94.0974  132.176  0.39  52  34  3.1589  100
41.65  23.3138  1939.46  95.0337  170.17  0.37  52  34  3.1589  100
41.699  23.3138  1898.15  94.9736  164.564  0.38  52  34  3.1589  100
41.748  23.4426  1994.73  90.0183  0.636  0.36  52  34  3.1589  100
41.797  23.4426  1936.67  94.8087  162.349  0.37  52  34  3.1589  100
41.845  23.4426  1877.7  96.4588  211.221  0.39  52  34  3.1589  100
41.894  23.4426  1841.23  90.0643  2.067  0.39  53.1  34  3.1589  100
41.943  23.4426  1923.42  94.7205  158.289  0.38  53.1  34  3.1589  100
41.992  23.5714  1944.6  89.8283  5.826  0.37  53.1  34  3.1589  100
42.04  23.5714  2006.83  89.9564  1.527  0.36  53.1  34  3.1589  100
42.089  23.5714  2017.17  89.7112  10.169  0.36  53.1  34  3.1589  100
42.138  23.5714  1882.19  95.145  168.788  0.39  53.1  34  3.1589  100
42.187  23.7002  1937.16  94.9024  165.547  0.37  51.8  34  3.1589  100
42.236  23.7002  1919.06  96.4237  214.706  0.38  51.8  34  3.1589  100
42.285  23.7002  1891.06  95.0902  167.783  0.38  51.8  34  3.1589  100
42.333  23.7002  2001.68  89.5233  16.655  0.36  51.8  34  3.1589  100
42.382  23.7002  1974.24  89.6702  11.365  0.37  51.8  34  3.1589  100
42.431  23.829  2038.82  90.0063  0.225  0.35  51.8  34  3.1589  100
42.48  23.829  1937.87  94.4363  149.897  0.37  55.2  34  3.1589  100
42.528  23.829  1896.9  95.3383  176.479  0.38  55.2  34  3.1589  100
42.577  23.829  2010.28  89.6907  10.852  0.36  55.2  34  3.1589  100
42.626  23.829  1906.37  95.0654  168.318  0.38  55.2  34  3.1589  100
42.675  23.9578  1867.76  94.1145  134.011  0.39  55.2  34  3.1589  100
42.724  23.9578  2020.7  89.8682  4.648  0.36  55.2  34  3.1589  100
42.772  23.9578  1895.17  94.9922  164.917  0.38  55.2  34  3.1589  100
42.821  23.9578  2009.28  90.0198  0.696  0.36  53.2  34  3.1589  100
42.87  23.9578  2018.31  89.6666  11.746  0.36  53.2  34  3.1589  100
42.919  24.0866  1808.44  90.001  0.032  0.4  53.2  34  3.1589  100
42.967  24.0866  2010.81  90.0121  0.425  0.36  53.2  34  3.1589  100
43.016  24.0866  2019.61  89.7758  7.902  0.36  53.2  34  3.1589  100
43.065  24.0866  1965.79  89.9031  3.324  0.37  53.2  34  3.1589  100
43.114  24.2154  1918.88  95.0622  169.316  0.38  54.2  34  3.1589  100
43.163  24.2154  1905.42  94.8809  162.121  0.38  54.2  34  3.1589  100
43.211  24.2154  1894.95  95.2554  173.569  0.38  54.2  34  3.1589  100
43.26  24.2154  1939.79  94.7894  161.961  0.37  54.2  34  3.1589  100
43.309  24.2154  1925.29  96.0543  203.062  0.38  54.2  34  3.1589  100
43.359  24.3442  1961.33  89.1187  30.167  0.37  54.2  34  3.1589  100
43.407  24.3442  1928.29  94.7382  159.283  0.38  53.1  34  3.1589  100
43.456  24.3442  1893.19  96.1852  203.978  0.38  53.1  34  3.1589  100
43.505  24.3442  1967.7  89.1203  30.211  0.37  53.1  34  3.1589  100
43.554  24.3442  1940.63  95.9208  200.184  0.37  53.1  34  3.1589  100
43.602  24.473  1876.99  95.3176  173.955  0.39  53.1  34  3.1589  100
43.651  24.473  1921.22  94.904  164.238  0.38  53.1  34  3.1589  100
43.7  24.473  1913.43  96.2155  207.164  0.38  52.3  34  3.1589  100
43.749  24.473  1948.1  89.1943  27.395  0.37  52.3  34  3.1589  100
43.797  24.473  2005.65  89.579  14.736  0.36  52.3  34  3.1589  100
43.846  24.6018  1892.19  95.0107  165.267  0.38  52.3  34  3.1589  100
43.895  24.6018  1905.68  95.2378  173.969  0.38  52.3  34  3.1589  100
43.944  24.6018  2019.45  89.6219  13.327  0.36  52.3  34  3.1589  100
43.992  24.6018  1873.84  94.9844  162.808  0.39  53.5  34  3.1589  100
44.041  24.6018  1991.73  89.7878  7.377  0.36  53.5  34  3.1589  100
44.09  24.7306  2006.51  89.6514  12.207  0.36  53.5  34  3.1589  100
44.139  24.7306  1883.39  94.7832  157.048  0.39  53.5  34  3.1589  100
44.188  24.7306  1932.74  94.9777  167.701  0.38  53.5  34  3.1589  100
44.237  24.7306  1923.96  96.1097  204.77  0.38  53.5  34  3.1589  100
44.285  24.8594  1867.76  94.1145  134.011  0.39  57.3  34  3.1589  100
44.334  24.8594  2024.89  89.5156  17.12  0.36  57.3  34  3.1589  100
44.383  24.8594  1887.03  96.1725  202.899  0.39  57.3  34  3.1589  100
44.432  24.8594  2026.67  89.9699  1.065  0.36  57.3  34  3.1589  100
44.48  24.8594  1943.07  94.5004  152.465  0.37  57.3  34  3.1589  100
44.529  24.9882  1880.69  94.8474  158.922  0.39  57.3  34  3.1589  100
44.578  24.9882  1844.22  90.049  1.577  0.39  55.4  34  3.1589  100
44.627  24.9882  1921.15  94.5908  153.766  0.38  55.4  34  3.1589  100
44.676  24.9882  1886.71  95.4467  179.086  0.39  55.4  34  3.1589  100
44.724  25.117  2011.99  89.8358  5.767  0.36  55.4  34  3.1589  100
44.773  25.117  1912.59  96.0294  200.895  0.38  55.4  34  3.1589  100
44.822  25.117  1956.05  89.0734  31.633  0.37  55.4  34  3.1589  100
44.871  25.117  2006.08  89.6152  13.472  0.36  53  34  3.1589  100
44.92  25.117  1907.76  96.3418  210.729  0.38  53  34  3.1589  100
44.968  25.2458  1841.14  90.0287  0.922  0.39  53  34  3.1589  100
45.017  25.2458  1946.98  94.6217  156.881  0.37  53  34  3.1589  100
45.066  25.2458  1983.57  90.0177  0.613  0.36  53  34  3.1589  100
45.115  25.2458  1994.93  89.9235  2.662  0.36  53  34  3.1589  100
45.163  25.3746  1933.98  94.6061  155.308  0.38  53  34  3.1589  100
45.212  25.3746  1965.25  89.7182  9.667  0.37  50  34  3.1589  100
45.261  25.3746  1932.25  94.8842  164.515  0.38  50  34  3.1589  100
45.31  25.3746  1911.71  94.8894  162.939  0.38  50  34  3.1589  100
45.358  25.3746  1808.49  90.0197  0.623  0.4  50  34  3.1589  100
45.407  25.5034  1943.66  94.9112  166.4  0.37  50  34  3.1589  100
45.456  25.5034  1905.72  94.641  154.196  0.38  50  34  3.1589  100
45.505  25.5034  1992.14  89.8237  6.13  0.36  53.6  34  3.1589  100
45.553  25.5034  1935.78  94.6431  156.7  0.37  53.6  34  3.1589  100
45.602  25.5034  1895.71  94.7994  158.61  0.38  53.6  34  3.1589  100
45.651  25.5034  1984.22  89.0261  33.726  0.36  53.6  34  3.1589  100
45.7  25.6323  1929.08  94.5887  154.33  0.38  53.6  34  3.1589  100
45.749  25.6323  1953.4  89.7814  7.452  0.37  53.6  34  3.1589  100
45.798  25.6323  2010.85  89.8801  4.209  0.36  55.9  34  3.1589  100
45.846  25.6323  1897.11  94.4808  148.212  0.38  55.9  34  3.1589  100
45.895  25.7611  1873.85  95.2901  172.765  0.39  55.9  34  3.1589  100
45.944  25.7611  1933.47  94.5127  152.124  0.38  55.9  34  3.1589  100
45.993  25.7611  1882.3  95.1661  169.49  0.39  55.9  34  3.1589  100
46.042  25.7611  1970.88  88.9879  34.811  0.37  55.9  34  3.1589  100
46.09  25.7611  1927.73  94.9343  165.811  0.38  55  34  3.1589  100
46.139  25.8899  1890.78  94.7362  156.116  0.38  55  34  3.1589  100
46.188  25.8899  1991.03  89.8676  4.602  0.36  55  34  3.1589  100
46.237  25.8899  1916.51  94.9074  163.95  0.38  55  34  3.1589  100
46.285  25.8899  1890.03  95.1909  171  0.38  55  34  3.1589  100
46.335  26.0187  1936.17  94.715  159.153  0.37  55  34  3.1589  100
46.383  26.0187  1921.64  94.6837  156.91  0.38  52.8  34  3.1589  100
46.432  26.0187  1878.24  95.2632  172.292  0.39  52.8  34  3.1589  100
46.481  26.0187  2014.12  89.4566  19.103  0.36  52.8  34  3.1589  100
46.529  26.0187  1895.63  95.0839  167.981  0.38  52.8  34  3.1589  100
46.578  26.1475  2010.34  89.9765  0.826  0.36  52.8  34  3.1589  100
46.627  26.1475  1926.75  94.7478  159.478  0.38  52.8  34  3.1589  100
46.676  26.1475  1880.69  94.8474  158.922  0.39  55.3  34  3.1589  100
46.725  26.1475  2036.99  89.9948  0.184  0.36  55.3  34  3.1589  100
46.774  26.2763  1996.38  89.6283  12.951  0.36  55.3  34  3.1589  100
46.822  26.2763  1886.97  94.0312  132.652  0.38  55.3  34  3.1589  100
46.871  26.2763  1938.22  94.7991  162.155  0.37  55.3  34  3.1589  100
46.92  26.2763  1889.68  94.529  149.216  0.38  55.3  34  3.1589  100
46.969  26.2763  2007.29  89.992  0.281  0.36  53.6  34  3.1589  100
47.018  26.4051  2002.7  89.7482  8.803  0.36  53.6  34  3.1589  100
47.066  26.4051  1878.68  95.0478  165.298  0.39  53.6  34  3.1589  100
47.115  26.4051  1844.12  90.0133  0.428  0.39  53.6  34  3.1589  100
47.164  26.4051  1939.43  94.4264  149.683  0.37  53.6  34  3.1589  100
47.213  26.4051  1949.39  89.8401  5.442  0.37  53.6  34  3.1589  100
47.262  26.5339  1983.23  88.6858  45.484  0.36  54.1  34  3.1589  100
47.31  26.5339  1919.62  94.6005  153.967  0.38  54.1  34  3.1589  100
47.359  26.5339  1820.33  90.0646  2.051  0.4  54.1  34  3.1589  100
47.408  26.5339  2033.86  90.0105  0.374  0.36  54.1  34  3.1589  100
47.457  26.6627  1893.44  94.9556  163.563  0.38  54.1  34  3.1589  100
47.505  26.6627  1960.28  89.1625  28.652  0.37  54.1  34  3.1589  100
47.554  26.6627  1936.58  95.0994  172.131  0.38  56.2  34  3.1589  100
47.603  26.6627  1882.62  94.9291  161.762  0.39  56.2  34  3.1589  100
47.652  26.6627  2026.67  89.9699  1.065  0.36  56.2  34  3.1589  100
47.7  26.7915  1917.84  94.5638  152.601  0.38  56.2  34  3.1589  100
47.749  26.7915  1868.04  95.3257  173.386  0.39  56.2  34  3.1589  100
47.798  26.7915  1905.55  94.9056  162.951  0.38  56.2  34  3.1589  100
47.847  26.7915  1915.78  94.7684  159.255  0.38  56.2  34  3.1589  100
47.896  26.7915  1814.34  90.0245  0.777  0.4  54.5  34  3.1589  100
47.945  26.9203  1915.59  95.0344  168.101  0.38  54.5  34  3.1589  100
47.993  26.9203  1887.97  95.084  167.306  0.38  54.5  34  3.1589  100
48.042  26.9203  1970.25  89.0677  32.058  0.37  54.5  34  3.1589  100
48.091  26.9203  2009.44  89.4817  18.178  0.36  54.5  34  3.1589  100
48.14  26.9203  1875.75  95.066  165.636  0.39  54.5  34  3.1589  100
48.189  27.0491  1989.08  89.8396  5.567  0.36  55.6  34  3.1589  100
48.237  27.0491  1940.58  96.2598  211.596  0.38  55.6  34  3.1589  100
48.286  27.0491  1948.72  89.918  2.789  0.37  55.6  34  3.1589  100
48.335  27.0491  1999.97  89.9358  2.241  0.36  55.6  34  3.1589  100
48.384  27.1779  1907.88  95.0561  168.144  0.38  55.6  34  3.1589  100
48.433  27.1779  1893  95.1727  170.67  0.38  55.6  34  3.1589  100
48.482  27.1779  2022.87  89.4874  18.096  0.36  54.1  34  3.1589  100
48.53  27.1779  1894.7  94.9005  161.854  0.38  54.1  34  3.1589  100
48.579  27.1779  1981.88  90.009  0.313  0.37  54.1  34  3.1589  100
48.628  27.3067  2004.68  89.7762  7.83  0.36  54.1  34  3.1589  100
48.677  27.3067  1870.7  94.9575  161.659  0.39  54.1  34  3.1589  100
48.726  27.3067  1992.98  89.8955  3.634  0.36  54.1  34  3.1589  100
48.775  27.3067  1917.79  94.8516  162.197  0.38  51.4  34  3.1589  100
48.823  27.3067  1887.87  95.0628  166.6  0.38  51.4  34  3.1589  100
48.872  27.4355  2006.59  89.9402  2.094  0.36  51.4  34  3.1589  100
48.921  27.4355  1917.38  96.0503  202.097  0.38  51.4  34  3.1589  100
48.97  27.4355  1880.15  95.3453  175.151  0.39  51.4  34  3.1589  100
49.018  27.4355  1928.91  94.8565  163.303  0.38  51.4  34  3.1589  100
49.067  27.5643  1888.43  95.1755  170.348  0.38  53.6  34  3.1589  100
49.116  27.5643  1886.84  95.1634  169.808  0.38  53.6  34  3.1589  100
49.165  27.5643  2018.14  89.5126  17.168  0.36  53.6  34  3.1589  100
49.213  27.5643  1968.24  89.7022  10.229  0.37  53.6  34  3.1589  100
49.262  27.5643  1994.51  89.8876  3.913  0.36  53.6  34  3.1589  100
49.311  27.6931  1935.24  96.1439  207.12  0.38  53.6  34  3.1589  100
49.36  27.6931  1886.49  95.401  177.566  0.39  55.2  34  3.1589  100
49.408  27.6931  2027.15  90.0058  0.207  0.36  55.2  34  3.1589  100
49.457  27.6931  1925.01  96.3438  212.702  0.38  55.2  34  3.1589  100
49.506  27.6931  1830.68  90.0467  1.493  0.4  55.2  34  3.1589  100
49.555  27.8219  2008.75  89.5625  15.338  0.36  55.2  34  3.1589  100
49.604  27.8219  1884.79  95.0567  166.128  0.39  55.2  34  3.1589  100
49.652  27.8219  1967.7  89.1203  30.211  0.37  55.9  34  3.1589  100
49.701  27.8219  2017.01  89.5573  15.583  0.36  55.9  34  3.1589  100
49.75  27.8219  1898.15  94.9736  164.564  0.38  55.9  34  3.1589  100
49.799  27.9507  2036.99  89.9948  0.184  0.36  55.9  34  3.1589  100
49.847  27.9507  1926.75  94.7478  159.478  0.38  55.9  34  3.1589  100
49.897  27.9507  1880.59  95.4365  178.171  0.39  55.9  34  3.1589  100
49.945  27.9507  2039.04  90.0231  0.822  0.35  54.7  34  3.1589  100
49.994  28.0796  1900.91  94.909  162.668  0.38  54.7  34  3.1589  100
50.043  28.0796  1818.69  90.0018  0.057  0.4  54.7  34  3.1589  100
50.092  28.0796  1944.64  95.0995  172.849  0.37  54.7  34  3.1589  100
50.14  28.0796  1882.31  96.4805  212.446  0.39  54.7  34  3.1589  100
50.189  28.0796  1991.73  90.0336  1.167  0.36  54.7  34  3.1589  100
50.238  28.2084  2002.12  89.5594  15.396  0.36  54.7  34  3.1589  100
50.287  28.2084  1997.49  89.9839  0.562  0.36  53  34  3.1589  100
50.335  28.2084  1853.22  90.0027  0.087  0.39  53  34  3.1589  100
50.384  28.2084  1932.93  94.7093  158.694  0.38  53  34  3.1589  100
50.433  28.3372  1876.99  95.3176  173.955  0.39  53  34  3.1589  100
50.482  28.3372  1926.8  95.062  170.01  0.38  53  34  3.1589  100
50.53  28.3372  1910.49  94.6583  155.158  0.38  53  34  3.1589  100
50.579  28.3372  1894.03  95.0719  167.442  0.38  52.8  34  3.1589  100
50.628  28.3372  1936.42  94.7618  160.75  0.37  52.8  34  3.1589  100
50.677  28.466  1894.14  95.0931  168.152  0.38  52.8  34  3.1589  100
50.725  28.466  1961.95  89.0394  32.893  0.37  52.8  34  3.1589  100
50.774  28.466  1927.79  94.645  156.116  0.38  52.8  34  3.1589  100
50.824  28.466  1879.92  94.9931  163.62  0.39  52.8  34  3.1589  100
50.872  28.466  2014.41  89.9003  3.504  0.36  55.8  34  3.1589  100
50.921  28.5948  1921.77  95.978  200.145  0.38  55.8  34  3.1589  100
50.97  28.5948  1968.38  89.852  5.084  0.37  55.8  34  3.1589  100
51.019  28.5948  1986.82  88.9729  35.615  0.36  55.8  34  3.1589  100
51.067  28.5948  1908.24  96.1013  202.821  0.38  55.8  34  3.1589  100
51.116  28.7236  1887.07  95.2091  171.328  0.38  55.8  34  3.1589  100
51.165  28.7236  2029.11  89.7267  9.677  0.36  55  34  3.1589  100
51.214  28.7236  1881.72  96.343  207.893  0.39  55  34  3.1589  100
51.262  28.7236  1994.73  90.0183  0.636  0.36  55  34  3.1589  100
51.311  28.7236  1921.15  94.5908  153.766  0.38  55  34  3.1589  100
51.36  28.8524  1811.41  90.0209  0.66  0.4  55  34  3.1589  100
51.409  28.8524  2030.26  89.9902  0.348  0.36  55  34  3.1589  100
51.458  28.8524  1938.15  96.0796  205.271  0.38  53.9  34  3.1589  100
51.507  28.8524  1884.03  94.0511  133.098  0.38  53.9  34  3.1589  100
51.555  28.8524  2038.56  89.9869  0.465  0.35  53.9  34  3.1589  100
51.604  28.9812  1905.42  96.1645  204.612  0.38  53.9  34  3.1589  100
51.653  28.9812  1880.84  94.0256  132.039  0.39  53.9  34  3.1589  100
51.702  28.9812  2029.11  89.7267  9.677  0.36  53.9  34  3.1589  100
51.751  28.9812  1891.49  96.1475  202.558  0.38  56  34  3.1589  100
51.8  28.9812  1987.27  89.9629  1.286  0.36  56  34  3.1589  100
51.848  29.11  1925.21  94.7574  159.672  0.38  56  34  3.1589  100
51.897  29.11  1986.09  89.9672  1.136  0.36  56  34  3.1589  100
51.946  29.11  2016.4  89.9287  2.511  0.36  56  34  3.1589  100
51.995  29.11  1943.3  96.1483  208.131  0.37  56  34  3.1589  100
52.044  29.11  1894.72  95.2095  172.036  0.38  54  34  3.1589  100
52.092  29.2388  1938.97  94.9398  166.962  0.37  54  34  3.1589  100
52.141  29.2388  1897.36  95.1207  169.346  0.38  54  34  3.1589  100
52.19  29.2388  1871.35  93.9497  128.9  0.39  54  34  3.1589  100
52.239  29.2388  2022.77  89.7595  8.49  0.36  54  34  3.1589  100
52.288  29.3676  1905.21  96.1182  203.057  0.38  54  34  3.1589  100
52.336  29.3676  1983.81  89.9428  1.98  0.36  54.9  34  3.1589  100
52.385  29.3676  1916.82  94.6661  155.932  0.38  54.9  34  3.1589  100
52.434  29.3676  1874.07  95.3355  174.264  0.39  54.9  34  3.1589  100
52.483  29.3676  1901.04  94.9337  163.493  0.38  54.9  34  3.1589  100
52.531  29.4964  1909.12  94.4029  146.563  0.38  54.9  34  3.1589  100
52.58  29.4964  1953.4  89.7814  7.452  0.37  54.9  34  3.1589  100
52.629  29.4964  2046.44  89.9474  1.88  0.35  55  34  3.1589  100
52.678  29.4964  1894.14  95.0931  168.152  0.38  55  34  3.1589  100
52.726  29.6252  1889.81  95.1451  169.476  0.38  55  34  3.1589  100
52.775  29.6252  2020.85  89.4593  19.069  0.36  55  34  3.1589  100
52.824  29.6252  1885.76  96.2267  204.534  0.39  55  34  3.1589  100
52.873  29.6252  2020.01  89.9654  1.221  0.36  55  34  3.1589  100
52.921  29.6252  1932.43  94.6159  155.511  0.38  55  34  3.1589  100
52.97  29.754  1804.23  90.0585  1.843  0.4  52.6  34  3.1589  100
53.019  29.754  2015.98  89.8923  3.789  0.36  52.6  34  3.1589  100
53.068  29.754  1909.12  94.4029  146.563  0.38  52.6  34  3.1589  100
53.116  29.754  1875.97  95.4175  177.115  0.39  52.6  34  3.1589  100
53.166  29.8828  1921.46  94.9505  165.812  0.38  52.6  34  3.1589  100
53.215  29.8828  1918.7  95.9952  200.398  0.38  52.6  34  3.1589  100
53.263  29.8828  1891.06  95.0902  167.783  0.38  52.7  34  3.1589  100
53.312  29.8828  1937.87  94.4363  149.897  0.37  52.7  34  3.1589  100
53.361  29.8828  1886.03  95.0019  164.44  0.39  52.7  34  3.1589  100
53.41  30.0116  1885.24  93.9957  131.367  0.38  52.7  34  3.1589  100
53.458  30.0116  1920.66  96.08  203.429  0.38  52.7  34  3.1589  100
53.507  30.0116  1941.68  89.8439  5.291  0.37  52.7  34  3.1589  100
53.556  30.0116  1913.59  94.9511  165.153  0.38  55  34  3.1589  100
53.605  30.0116  1924.4  94.9066  164.599  0.38  55  34  3.1589  100
53.653  30.1404  1879.7  95.2542  172.133  0.39  55  34  3.1589  100
53.702  30.1404  1937.41  94.9493  167.148  0.37  55  34  3.1589  100
53.751  30.1404  1898.5  96.3449  209.81  0.38  55  34  3.1589  100
53.8  30.1404  1891.06  95.0902  167.783  0.38  55  34  3.1589  100
53.849  30.1404  2016.04  89.7557  8.596  0.36  55.4  34  3.1589  100
53.897  30.2692  1999.46  90.0116  0.405  0.36  55.4  34  3.1589  100
53.946  30.2692  1984.58  88.7934  41.789  0.36  55.4  34  3.1589  100
53.995  30.2692  1916.82  94.6661  155.932  0.38  55.4  34  3.1589  100
54.044  30.2692  1874.84  94.8845  159.638  0.39  55.4  34  3.1589  100
54.092  30.2692  1934.86  94.7715  160.945  0.38  55.4  34  3.1589  100
54.141  30.3981  1910.91  95.0375  167.793  0.38  55  34  3.1589  100
54.19  30.3981  1876.99  95.3176  173.955  0.39  55  34  3.1589  100
54.239  30.3981  1932.01  94.8374  162.924  0.38  55  34  3.1589  100
54.287  30.3981  1915.85  96.0589  202.219  0.38  55  34  3.1589  100
54.336  30.5269  1873.8  94.1203  134.634  0.39  55  34  3.1589  100
54.385  30.5269  1944.12  94.3966  149.035  0.37  55  34  3.1589  100
54.434  30.5269  1885.1  94.8194  158.377  0.39  52.1  34  3.1589  100
54.483  30.5269  1966.21  89.1287  29.898  0.37  52.1  34  3.1589  100
54.532  30.5269  1930.12  94.4857  150.954  0.38  52.1  34  3.1589  100
54.58  30.6557  1884.12  95.2272  171.652  0.39  52.1  34  3.1589  100
54.629  30.6557  1933.56  94.8279  162.733  0.38  52.1  34  3.1589  100
54.678  30.6557  1918.02  96.1903  206.821  0.38  52.1  34  3.1589  100
54.727  30.6557  1820.33  90.0646  2.051  0.4  53.8  34  3.1589  100
54.776  30.7845  2006.08  89.6152  13.472  0.36  53.8  34  3.1589  100
54.824  30.7845  1892.5  94.7725  157.454  0.38  53.8  34  3.1589  100
54.873  30.7845  1900.24  95.081  168.291  0.38  53.8  34  3.1589  100
54.922  30.7845  1922.68  94.5811  153.563  0.38  53.8  34  3.1589  100
54.971  30.7845  1883.77  95.1571  169.325  0.39  53.8  34  3.1589  100
55.02  30.9133  1955  89.1171  30.124  0.37  52.8  34  3.1589  100
55.069  30.9133  1934.15  95.9087  199.108  0.38  52.8  34  3.1589  100
55.117  30.9133  1868.91  95.5069  179.35  0.39  52.8  34  3.1589  100
55.166  30.9133  2041.7  89.9711  1.028  0.35  52.8  34  3.1589  100
55.215  30.9133  1903.42  96.4128  212.596  0.38  52.8  34  3.1589  100
55.263  31.0421  1872.35  94.1301  134.85  0.39  52.8  34  3.1589  100
55.314  31.0421  2017.7  89.4762  18.447  0.36  52.8  34  3.1589  100
55.362  31.0421  1988.49  90.03  1.041  0.36  53.6  34  3.1589  100
55.411  31.0421  1997.74  90.0029  0.1  0.36  53.6  34  3.1589  100
55.46  31.0421  1913.28  94.5929  153.205  0.38  53.6  34  3.1589  100
55.509  31.1709  1884.86  94.7738  156.863  0.39  53.6  34  3.1589  100
55.557  31.1709  1989.86  88.9554  36.275  0.36  53.6  34  3.1589  100
55.606  31.1709  1928.29  94.7382  159.283  0.38  53.6  34  3.1589  100
55.655  31.1709  1891.16  95.42  178.631  0.38  55.3  34  3.1589  100
55.704  31.2997  2015.62  88.7685  43.32  0.36  55.3  34  3.1589  100
55.752  31.2997  1910.91  95.0375  167.793  0.38  55.3  34  3.1589  100
55.801  31.2997  1892.54  95.081  167.613  0.38  55.3  34  3.1589  100
55.85  31.2997  2029.2  89.4537  19.348  0.36  55.3  34  3.1589  100
55.899  31.2997  1983.59  89.9237  2.643  0.36  55.3  34  3.1589  100
55.948  31.4285  1970  88.9167  37.243  0.37  52.2  34  3.1589  100
55.996  31.4285  1952.77  94.488  152.805  0.37  52.2  34  3.1589  100
56.045  31.4285  1962.28  89.7341  9.108  0.37  52.2  34  3.1589  100
56.094  31.4285  1926.88  94.7728  160.326  0.38  52.2  34  3.1589  100
56.143  31.4285  1933.98  94.6061  155.308  0.38  52.2  34  3.1589  100
56.191  31.5573  1876.19  95.463  178.618  0.39  52.2  34  3.1589  100
56.24  31.5573  2026.44  89.6448  12.561  0.36  54.3  34  3.1589  100
56.289  31.5573  1916.75  94.9538  165.516  0.38  54.3  34  3.1589  100
56.338  31.5573  2004.25  90.0075  0.261  0.36  54.3  34  3.1589  100
56.386  31.6861  1947.55  95.0335  170.872  0.37  54.3  34  3.1589  100
56.435  31.6861  1984.98  89.7648  8.149  0.36  54.3  34  3.1589  100
56.484  31.6861  1907.06  94.8962  162.768  0.38  54.3  34  3.1589  100
56.533  31.6861  2019.45  89.6219  13.327  0.36  52.9  34  3.1589  100
56.582  31.6861  1884.86  94.7738  156.863  0.39  52.9  34  3.1589  100
56.63  31.8149  1985.3  88.9816  35.287  0.36  52.9  34  3.1589  100
56.679  31.8149  2000.04  89.8004  6.969  0.36  52.9  34  3.1589  100
56.727  31.8149  1879.12  93.9903  130.763  0.39  52.9  34  3.1589  100
56.777  31.8149  1942.41  94.6762  158.354  0.37  52.9  34  3.1589  100
56.825  31.8149  1916.7  96.2453  208.509  0.38  54  34  3.1589  100
56.874  31.9437  2011.87  89.9687  1.1  0.36  54  34  3.1589  100
56.923  31.9437  1941.26  95.0712  171.597  0.37  54  34  3.1589  100
56.972  31.9437  1886.72  95.1389  168.994  0.38  54  34  3.1589  100
57.02  31.9437  2008.44  89.8156  6.463  0.36  54  34  3.1589  100
57.069  32.0725  1953.93  95.993  204.003  0.37  54  34  3.1589  100
57.118  32.0725  1974.38  89.8205  6.187  0.37  54.9  34  3.1589  100
57.167  32.0725  1998.42  89.9437  1.963  0.36  54.9  34  3.1589  100
57.216  32.0725  1923.96  96.1097  204.77  0.38  54.9  34  3.1589  100
57.264  32.0725  1977.19  90.0131  0.453  0.37  54.9  34  3.1589  100
57.313  32.2013  1997.49  89.5841  14.5  0.36  54.9  34  3.1589  100
57.362  32.2013  1905  96.0719  201.503  0.38  54.9  34  3.1589  100
57.411  32.2013  1887.87  95.0628  166.6  0.38  54.7  34  3.1589  100
57.459  32.2013  2029.65  89.4903  18.055  0.36  54.7  34  3.1589  100
57.508  32.2013  1903.12  95.0378  167.118  0.38  54.7  34  3.1589  100
57.557  32.3301  1971.93  88.9437  36.353  0.37  54.7  34  3.1589  100
57.606  32.3301  1947.59  96.0278  204.518  0.37  54.7  34  3.1589  100
57.654  32.3301  2002.02  89.9607  1.374  0.36  54.7  34  3.1589  100
57.703  32.3301  2019.12  89.8763  4.361  0.36  56.7  34  3.1589  100
57.752  32.3301  1933.47  96.1054  205.638  0.38  56.7  34  3.1589  100
57.801  32.4589  1976.16  89.6977  10.425  0.37  56.7  34  3.1589  100
57.85  32.4589  1937.65  94.9962  168.749  0.37  56.7  34  3.1589  100
57.898  32.4589  1909.89  96.473  215.311  0.38  56.7  34  3.1589  100
57.947  32.4589  1897.34  93.961  131.063  0.38  56.7  34  3.1589  100
57.996  32.5877  2038.52  89.5216  17.021  0.35  56.7  34  3.1589  100
58.045  32.5877  1906.51  96.0634  201.383  0.38  54.2  34  3.1589  100
58.093  32.5877  1981.72  88.6948  45.141  0.37  54.2  34  3.1589  100
58.142  32.5877  1961.23  95.8061  198.404  0.37  54.2  34  3.1589  100
58.191  32.5877  1975.48  89.7769  7.691  0.37  54.2  34  3.1589  100
58.24  32.7165  2002.57  88.9214  37.698  0.36  54.2  34  3.1589  100
58.288  32.7165  1929.23  96.2248  209.187  0.38  54.2  34  3.1589  100
58.337  32.7165  1879.68  94.9476  162.113  0.39  52  34  3.1589  100
58.386  32.7165  1937.72  94.7053  158.954  0.37  52  34  3.1589  100
58.435  32.7165  1919.34  96.1352  205.128  0.38  52  34  3.1589  100
58.483  32.8454  2008.35  89.9486  1.801  0.36  52  34  3.1589  100
58.532  32.8454  2036.21  89.612  13.791  0.36  52  34  3.1589  100
58.581  32.8454  1891.01  94.7819  157.64  0.38  52  34  3.1589  100
58.63  32.8454  1994.88  88.9652  36.025  0.36  54  34  3.1589  100
58.678  32.9742  1930.33  94.822  162.263  0.38  54  34  3.1589  100
58.727  32.9742  1976.57  89.7334  9.198  0.37  54  34  3.1589  100
58.776  32.9742  2032.68  89.8847  4.089  0.36  54  34  3.1589  100
58.825  32.9742  1916.07  96.1055  203.791  0.38  54  34  3.1589  100
58.873  32.9742  1889.92  94.0112  132.202  0.38  54  34  3.1589  100
58.922  33.103  1943.16  94.8171  163.179  0.37  53.3  34  3.1589  100
58.971  33.103  1909.39  95.0468  167.969  0.38  53.3  34  3.1589  100
59.02  33.103  1914.87  94.8954  163.408  0.38  53.3  34  3.1589  100
59.068  33.103  2018.58  89.549  15.889  0.36  53.3  34  3.1589  100
59.117  33.103  1975.89  89.8126  6.464  0.37  53.3  34  3.1589  100
59.166  33.2318  1975.18  89.0777  31.795  0.37  53.3  34  3.1589  100
59.215  33.2318  1939.4  94.7174  159.499  0.37  56.5  34  3.1589  100
59.263  33.2318  1900.24  95.081  168.291  0.38  56.5  34  3.1589  100
59.312  33.2318  2019.84  89.7953  7.215  0.36  56.5  34  3.1589  100
59.361  33.3606  1922.55  94.2678  143.073  0.38  56.5  34  3.1589  100
59.41  33.3606  1893  95.1727  170.67  0.38  56.5  34  3.1589  100
59.459  33.3606  2053.28  89.9519  1.724  0.35  56.5  34  3.1589  100
59.508  33.3606  1918.52  94.9908  166.904  0.38  52.9  34  3.1589  100
59.557  33.3606  1904.04  94.9149  163.132  0.38  52.9  34  3.1589  100
59.605  33.4894  2035.32  89.5385  16.395  0.36  52.9  34  3.1589  100
59.654  33.4894  1899.39  96.198  205.067  0.38  52.9  34  3.1589  100
59.703  33.4894  1977.66  88.7572  42.894  0.37  52.9  34  3.1589  100
59.752  33.4894  2031.86  89.6736  11.575  0.36  52.9  34  3.1589  100
59.8  33.4894  1969.59  89.9584  1.43  0.37  51.5  34  3.1589  100
59.849  33.6182  2048.51  89.9757  0.867  0.35  51.5  34  3.1589  100
59.898  33.6182  1922.41  96.1182  204.89  0.38  51.5  34  3.1589  100
59.947  33.6182  1904.75  95.0532  167.773  0.38  51.5  34  3.1589  100
59.995  33.6182  1976.37  94.5638  157.259  0.37  51.5  34  3.1589  100
60.044  33.6182  1916.7  96.2453  208.509  0.38  51.5  34  3.1589  100
60.093  33.747  1982.58  89.8356  5.688  0.36  53.1  34  3.1589  100
60.141  33.747  2008.22  89.7962  7.142  0.36  53.1  34  3.1589  100
60.19  33.747  1977.53  89.955  1.553  0.37  53.1  34  3.1589  100
60.239  33.747  1968.13  87.8913  72.42  0.37  53.1  34  3.1589  100
60.288  33.747  1947.74  94.7629  161.727  0.37  53.1  34  3.1589  100
60.336  33.8758  2004  89.9884  0.405  0.36  53.1  34  3.1589  100
60.385  33.8758  1935.61  94.9119  165.735  0.38  53.1  34  3.1589  100
60.434  33.8758  1901.6  94.4517  147.6  0.38  53.6  34  3.1589  100
60.483  33.8758  1883.43  95.0903  167.109  0.39  53.6  34  3.1589  100
60.531  34.0046  1942.59  95.0148  169.806  0.37  53.6  34  3.1589  100
60.58  34.0046  2010.09  89.9574  1.496  0.36  53.6  34  3.1589  100
60.629  34.0046  1982.9  88.9186  37.424  0.36  53.6  34  3.1589  100
60.678  34.0046  2021.9  89.6865  11.062  0.36  53.6  34  3.1589  100
60.727  34.0046  1888.52  94.892  161.049  0.38  54.6  34  3.1589  100
60.776  34.1334  1996.88  89.9516  1.686  0.36  54.6  34  3.1589  100
60.825  34.1334  1934.37  95.9557  200.709  0.38  54.6  34  3.1589  100
60.873  34.1334  1871.95  95.2083  169.929  0.39  54.6  34  3.1589  100
60.922  34.1334  1989.5  89.8755  4.323  0.36  54.6  34  3.1589  100
60.971  34.1334  1894.46  94.8546  160.324  0.38  54.6  34  3.1589  100
61.02  34.2622  1849.63  94.0528  130.723  0.39  56.1  34  3.1589  100
61.069  34.2622  1927.62  94.9127  165.076  0.38  56.1  34  3.1589  100
61.117  34.2622  1888.05  94.8007  158.01  0.38  56.1  34  3.1589  100
61.166  34.2622  1899.54  94.943  163.673  0.38  56.1  34  3.1589  100
61.215  34.391  2015.61  89.7193  9.873  0.36  56.1  34  3.1589  100
61.264  34.391  1893.21  94.9098  162.035  0.38  56.1  34  3.1589  100
61.312  34.391  2004.29  88.7949  42.152  0.36  54.1  34  3.1589  100
61.361  34.391  1925.75  94.5616  153.156  0.38  54.1  34  3.1589  100
61.41  34.391  1976.99  89.769  7.971  0.37  54.1  34  3.1589  100
61.459  34.5198  1925.02  95.0248  168.606  0.38  54.1  34  3.1589  100
61.507  34.5198  1925.29  96.0543  203.062  0.38  54.1  34  3.1589  100
61.556  34.5198  2007.76  90.0276  0.966  0.36  54.1  34  3.1589  100
61.605  34.5198  1938.22  94.7991  162.155  0.37  53  34  3.1589  100
61.654  34.5198  1900.19  94.7711  158.049  0.38  53  34  3.1589  100
61.702  34.6486  1958.8  89.1709  28.343  0.37  53  34  3.1589  100
61.751  34.6486  1999.03  89.5759  14.797  0.36  53  34  3.1589  100
61.8  34.6486  1874.07  95.3355  174.264  0.39  53  34  3.1589  100
61.849  34.6486  1905.55  94.9056  162.951  0.38  53  34  3.1589  100
61.898  34.7774  1928.38  96.0372  202.815  0.38  51.5  34  3.1589  100
61.946  34.7774  1956.35  89.7657  8  0.37  51.5  34  3.1589  100
61.995  34.7774  2015.98  89.8923  3.789  0.36  51.5  34  3.1589  100
62.044  34.7774  1910.74  94.7045  156.713  0.38  51.5  34  3.1589  100
62.093  34.7774  1903.71  95.1547  171.038  0.38  51.5  34  3.1589  100
62.142  34.9062  1941.76  94.5572  154.28  0.37  51.5  34  3.1589  100
62.19  34.9062  1894.46  94.8546  160.324  0.38  54  34  3.1589  100
62.239  34.9062  1835.1  90.0238  0.763  0.39  54  34  3.1589  100
62.288  34.9062  1944.64  94.4905  152.253  0.37  54  34  3.1589  100
62.337  34.9062  1881.38  94.9839  163.447  0.39  54  34  3.1589  100
62.385  35.035  1892.08  94.9894  164.558  0.38  54  34  3.1589  100
62.435  35.035  1903.7  96.1266  203.174  0.38  54  34  3.1589  100
62.483  35.035  1875.53  95.3266  174.11  0.39  55.5  34  3.1589  100
62.532  35.035  1993.35  88.974  35.694  0.36  55.5  34  3.1589  100
62.581  35.1638  1906.85  96.4893  215.508  0.38  55.5  34  3.1589  100
62.63  35.1638  1880.59  93.9803  130.538  0.39  55.5  34  3.1589  100
62.678  35.1638  1946.22  95.09  172.671  0.37  55.5  34  3.1589  100
62.727  35.1638  1879.13  95.1388  168.31  0.39  55.5  34  3.1589  100
62.776  35.1638  1835.01  89.9883  0.374  0.39  55.5  34  3.1589  100
62.825  35.2927  2022.77  89.7595  8.49  0.36  56  34  3.1589  100
62.873  35.2927  1864.63  94.0891  132.964  0.39  56  34  3.1589  100
62.922  35.2927  1983.78  88.9902  34.96  0.36  56  34  3.1589  100
62.971  35.2927  1911.71  94.8894  162.939  0.38  56  34  3.1589  100
63.02  35.2927  1870.4  94.0498  132.093  0.39  56  34  3.1589  100
63.069  35.4215  1919.45  94.867  162.851  0.38  56  34  3.1589  100
63.118  35.4215  1912.32  96.3169  210.409  0.38  55.3  34  3.1589  100
63.166  35.4215  1956.48  89.1087  30.434  0.37  55.3  34  3.1589  100
63.215  35.4215  2001  89.6037  13.839  0.36  55.3  34  3.1589  100
63.264  35.5503  1894.48  96.1308  202.328  0.38  55.3  34  3.1589  100
63.313  35.5503  1990.32  89.9472  1.834  0.36  55.3  34  3.1589  100
63.361  35.5503  1931.88  94.8124  162.071  0.38  55.3  34  3.1589  100
63.41  35.5503  1886.04  95.3095  174.527  0.39  51.9  34  3.1589  100
63.459  35.5503  1993.25  88.7041  45.08  0.36  51.9  34  3.1589  100
63.508  35.6791  1937.49  95.9383  200.448  0.38  51.9  34  3.1589  100
63.556  35.6791  1979.18  89.6817  10.996  0.37  51.9  34  3.1589  100
63.605  35.6791  2046.93  89.9837  0.584  0.35  51.9  34  3.1589  100
63.654  35.6791  1920.66  96.08  203.429  0.38  51.9  34  3.1589  100
63.703  35.6791  1988.28  90.0136  0.473  0.36  51.9  34  3.1589  100
63.752  35.8079  1950.46  94.9672  168.882  0.37  51.9  34  3.1589  100
63.801  35.8079  1881.15  94.9384  161.938  0.39  51.9  34  3.1589  100
63.849  35.8079  1985.48  88.8652  39.322  0.36  51.9  34  3.1589  100
63.898  35.8079  1949.07  94.7061  159.91  0.37  51.9  34  3.1589  100
63.947  35.8079  1963.49  89.8402  5.478  0.37  51.9  34  3.1589  100
63.996  35.9367  2004.2  89.8759  4.342  0.36  56.3  34  3.1589  100
64.045  35.9367  1934.98  94.7932  161.685  0.38  56.3  34  3.1589  100
64.093  35.9367  1897.12  95.3842  178.016  0.38  56.3  34  3.1589  100
64.142  35.9367  2025.02  89.8074  6.806  0.36  56.3  34  3.1589  100
64.191  36.0655  1909.71  94.8064  160.013  0.38  56.3  34  3.1589  100
64.24  36.0655  1968.76  89.0762  31.741  0.37  56.3  34  3.1589  100
64.289  36.0655  2028.5  89.5354  16.45  0.36  57.7  34  3.1589  100
64.338  36.0655  1886.81  94.8557  159.711  0.38  57.7  34  3.1589  100
64.387  36.0655  1993.68  89.8157  6.412  0.36  57.7  34  3.1589  100
64.435  36.1943  1943.58  94.5943  155.68  0.37  57.7  34  3.1589  100
64.484  36.1943  1889.45  95.3831  177.258  0.38  57.7  34  3.1589  100
64.533  36.1943  1993.08  88.8211  41.007  0.36  57.7  34  3.1589  100
64.582  36.1943  1930.63  94.5789  154.127  0.38  55  34  3.1589  100
64.631  36.3231  1884.34  95.2728  173.168  0.39  55  34  3.1589  100
64.679  36.3231  1949.96  94.8728  165.638  0.37  55  34  3.1589  100
64.728  36.3231  1922.14  94.7766  160.058  0.38  55  34  3.1589  100
64.777  36.3231  1982.58  89.8356  5.688  0.36  55  34  3.1589  100
64.826  36.3231  1962.15  94.7005  160.794  0.37  55  34  3.1589  100
64.875  36.4519  1899.41  94.9184  162.848  0.38  52.8  34  3.1589  100
64.923  36.4519  1999.84  89.7836  7.552  0.36  52.8  34  3.1589  100
64.972  36.4519  2022.34  89.723  9.776  0.36  52.8  34  3.1589  100
65.021  36.4519  1890.71  95.3283  175.577  0.38  52.8  34  3.1589  100
65.07  36.4519  1948.69  94.6371  157.541  0.37  52.8  34  3.1589  100
65.119  36.5807  1929.27  94.9249  165.626  0.38  52.8  34  3.1589  100
65.168  36.5807  1916.4  94.8859  163.223  0.38  49.9  34  3.1589  100
65.216  36.5807  1947.12  94.6469  157.746  0.37  49.9  34  3.1589  100
65.265  36.5807  1902.17  94.8536  160.943  0.38  49.9  34  3.1589  100
65.314  36.7095  1882.31  94.0156  131.816  0.39  49.9  34  3.1589  100
65.363  36.7095  1993.87  89.8324  5.833  0.36  49.9  34  3.1589  100
65.412  36.7095  1958.36  89.942  1.983  0.37  49.9  34  3.1589  100
65.46  36.7095  1961.09  88.9685  35.303  0.37  49.9  34  3.1589  100
65.509  36.7095  1904.46  94.6966  155.936  0.38  54  34  3.1589  100
65.558  36.8383  1882.28  95.4733  179.534  0.39  54  34  3.1589  100
65.607  36.8383  1913.83  94.9974  166.715  0.38  54  34  3.1589  100
65.655  36.8383  1920.66  96.08  203.429  0.38  54  34  3.1589  100
65.705  36.8383  1993.23  90.0259  0.902  0.36  54  34  3.1589  100
65.753  36.8383  1946.55  94.8449  164.405  0.37  54  34  3.1589  100
65.802  36.9671  1896.42  94.937  163.207  0.38  55  34  3.1589  100
65.851  36.9671  1984.41  88.9098  37.755  0.36  55  34  3.1589  100
65.9  36.9671  2016.74  89.6748  11.447  0.36  55  34  3.1589  100
65.948  36.9671  1972.6  89.9428  1.968  0.37  55  34  3.1589  100
65.997  36.9671  2007.59  89.7432  8.997  0.36  55  34  3.1589  100
66.046  37.0959  1942.81  94.4535  150.858  0.37  55  34  3.1589  100
66.095  37.0959  1870.9  94.1399  135.065  0.39  56.1  34  3.1589  100
66.143  37.0959  2014.27  89.747  8.895  0.36  56.1  34  3.1589  100
66.192  37.0959  1924.38  96.2033  207.941  0.38  56.1  34  3.1589  100
66.241  37.2247  2014.93  89.9531  1.651  0.36  56.1  34  3.1589  100
66.29  37.2247  2044.36  89.8646  4.831  0.35  56.1  34  3.1589  100
66.338  37.2247  1908.45  96.1477  204.38  0.38  56.1  34  3.1589  100
66.387  37.2247  1993.39  89.9314  2.385  0.36  54.4  34  3.1589  100
66.436  37.2247  2026.47  89.5072  17.431  0.36  54.4  34  3.1589  100
66.485  37.3535  1971.78  89.8718  4.412  0.37  54.4  34  3.1589  100
66.533  37.3535  1993.26  89.7798  7.661  0.36  54.4  34  3.1589  100
66.582  37.3535  1947.23  94.6688  158.495  0.37  54.4  34  3.1589  100
66.631  37.3535  1975.61  89.9272  2.51  0.37  54.4  34  3.1589  100
66.68  37.3535  2019.55  89.9127  3.078  0.36  52.8  34  3.1589  100
66.729  37.4823  1930.79  96.2164  209.073  0.38  52.8  34  3.1589  100
66.777  37.4823  1824.71  90.0418  1.332  0.4  52.8  34  3.1589  100
66.826  37.4823  1945.97  95.0429  171.055  0.37  52.8  34  3.1589  100
66.875  37.4823  1911.06  96.0379  201.018  0.38  52.8  34  3.1589  100
66.924  37.6111  1975.18  89.0777  31.795  0.37  52.8  34  3.1589  100
66.973  37.6111  2017.44  89.5937  14.305  0.36  55.8  34  3.1589  100
67.021  37.6111  1974.24  89.6702  11.365  0.37  55.8  34  3.1589  100
67.07  37.6111  1991.11  88.7939  41.909  0.36  55.8  34  3.1589  100
67.119  37.6111  1934.73  94.7464  160.09  0.38  55.8  34  3.1589  100
67.168  37.74  1894.13  95.4022  178.325  0.38  55.8  34  3.1589  100
67.217  37.74  2010.13  89.9605  1.385  0.36  55.8  34  3.1589  100
67.265  37.74  1906.13  95.0192  166.767  0.38  54.5  34  3.1589  100
67.314  37.74  1899.21  95.1821  171.541  0.38  54.5  34  3.1589  100
67.363  37.74  1929.96  94.7536  159.938  0.38  54.5  34  3.1589  100
67.412  37.8688  1994.7  89.9043  3.332  0.36  54.5  34  3.1589  100
67.461  37.8688  1997.87  89.7556  8.52  0.36  54.5  34  3.1589  100
67.51  37.8688  1933.43  94.8028  161.879  0.38  54.5  34  3.1589  100
67.558  37.8688  1895.47  94.7536  157.079  0.38  55.7  34  3.1589  100
67.607  37.8688  1985.48  88.8652  39.322  0.36  55.7  34  3.1589  100
67.656  37.9976  1933.72  94.5594  153.716  0.38  55.7  34  3.1589  100
67.705  37.9976  1878.17  94.0907  133.981  0.39  55.7  34  3.1589  100
67.753  37.9976  2024.72  89.925  2.649  0.36  55.7  34  3.1589  100
67.802  37.9976  1925.87  94.2943  144.21  0.38  55.7  34  3.1589  100
67.851  37.9976  1979.54  89.8515  5.132  0.37  55.7  34  3.1589  100
67.9  38.1264  2021.29  89.4958  17.786  0.36  55.1  34  3.1589  100
67.948  38.1264  1896.19  94.8911  161.674  0.38  55.1  34  3.1589  100
67.997  38.1264  1988.78  89.0001  34.706  0.36  55.1  34  3.1589  100
68.046  38.1264  2021.03  89.6136  13.63  0.36  55.1  34  3.1589  100
68.095  38.2552  1958.23  89.7931  7.072  0.37  55.1  34  3.1589  100
68.144  38.2552  2010.85  89.8801  4.209  0.36  55.1  34  3.1589  100
68.193  38.2552  1945.12  95.8473  198.164  0.37  53.7  34  3.1589  100
68.242  38.2552  2005.31  89.9642  1.254  0.36  53.7  34  3.1589  100
68.29  38.2552  2010  89.8076  6.75  0.36  53.7  34  3.1589  100
68.339  38.384  1923.11  94.9626  166.361  0.38  53.7  34  3.1589  100
68.388  38.384  1891.4  94.0012  131.976  0.38  53.7  34  3.1589  100
68.437  38.384  2016.74  89.6748  11.447  0.36  53.7  34  3.1589  100
68.486  38.384  1886.03  95.0019  164.44  0.39  53  34  3.1589  100
68.534  38.384  1985.74  89.0174  34.052  0.36  53  34  3.1589  100
68.583  38.5128  2013.87  89.5739  14.975  0.36  53  34  3.1589  100
68.632  38.5128  1886.49  95.401  177.566  0.39  53  34  3.1589  100
68.681  38.5128  1996.76  88.7222  44.527  0.36  53  34  3.1589  100
68.73  38.5128  1935.78  94.6431  156.7  0.37  53  34  3.1589  100
68.778  38.6416  1891.97  95.2735  173.891  0.38  54.7  34  3.1589  100
68.827  38.6416  2036.17  89.7502  8.878  0.36  54.7  34  3.1589  100
68.876  38.6416  1897.68  94.8818  161.493  0.38  54.7  34  3.1589  100
68.925  38.6416  1832.15  90.0391  1.25  0.39  54.7  34  3.1589  100
68.973  38.6416  2037.81  89.6036  14.099  0.36  54.7  34  3.1589  100
69.023  38.7704  1895.17  94.9922  164.917  0.38  54.7  34  3.1589  100
69.072  38.7704  1987.27  89.9629  1.286  0.36  57.1  34  3.1589  100
69.12  38.7704  1931.88  94.8124  162.071  0.38  57.1  34  3.1589  100
69.169  38.7704  1966.2  89.9385  2.11  0.37  57.1  34  3.1589  100
69.218  38.7704  1988.53  87.8379  75.022  0.36  57.1  34  3.1589  100
69.267  38.8992  1927.26  96.1395  206.119  0.38  57.1  34  3.1589  100
69.316  38.8992  1894.13  95.4022  178.325  0.38  57.1  34  3.1589  100
69.365  38.8992  1940.03  94.8364  163.565  0.37  56.4  34  3.1589  100
69.414  38.8992  1920.05  94.9814  166.724  0.38  56.4  34  3.1589  100
69.462  38.8992  1974.32  89.9541  1.582  0.37  56.4  34  3.1589  100
69.511  39.028  2023.56  89.4059  20.981  0.36  56.4  34  3.1589  100
69.56  39.028  1895.97  96.1224  202.212  0.38  56.4  34  3.1589  100
69.609  39.028  2034.94  89.9666  1.187  0.36  56.4  34  3.1589  100
69.658  39.028  1936.28  94.7367  159.894  0.37  54.8  34  3.1589  100
69.706  39.1568  1897.2  94.79  158.424  0.38  54.8  34  3.1589  100
69.755  39.1568  1988.34  88.9642  35.945  0.36  54.8  34  3.1589  100
69.804  39.1568  1927.49  94.8877  164.227  0.38  54.8  34  3.1589  100
69.853  39.1568  1835.2  90.0593  1.9  0.39  54.8  34  3.1589  100
69.902  39.1568  1962.92  94.8429  165.718  0.37  54.8  34  3.1589  100
69.95  39.2856  1905.66  94.927  163.669  0.38  53.4  34  3.1589  100
69.999  39.2856  1979.95  89.8871  3.9  0.37  53.4  34  3.1589  100
70.048  39.2856  1954.7  94.8439  165.059  0.37  53.4  34  3.1589  100
70.097  39.2856  1999.46  90.0116  0.405  0.36  53.4  34  3.1589  100
70.145  39.2856  2016.97  89.6943  10.762  0.36  53.4  34  3.1589  100
70.194  39.4144  1935.23  94.84  163.282  0.38  53.4  34  3.1589  100
70.243  39.4144  1884.57  95.3185  174.684  0.39  53.9  34  3.1589  100
70.292  39.4144  2026.73  89.9535  1.643  0.36  53.9  34  3.1589  100
70.341  39.4144  1924.38  96.2033  207.941  0.38  53.9  34  3.1589  100
70.389  39.5432  1883.31  95.3731  176.355  0.39  53.9  34  3.1589  100
70.438  39.5432  2037.77  89.7419  9.178  0.36  53.9  34  3.1589  100
70.487  39.5432  1912.42  95.0282  167.617  0.38  53.9  34  3.1589  100
70.536  39.5432  1984.13  88.7576  43.022  0.36  53.9  34  3.1589  100
70.585  39.5432  1968.24  94.909  168.429  0.37  55.1  34  3.1589  100
70.634  39.672  1956.08  89.8792  4.123  0.37  55.1  34  3.1589  100
70.682  39.672  2008.02  89.7794  7.73  0.36  55.1  34  3.1589  100
70.731  39.672  1940.15  94.8582  164.31  0.37  55.1  34  3.1589  100
70.78  39.672  1892.77  95.1269  169.141  0.38  55.1  34  3.1589  100
70.829  39.8008  2030.74  90.0262  0.928  0.36  55.1  34  3.1589  100
70.878  39.8008  1928.38  96.0372  202.815  0.38  54.6  34  3.1589  100
70.927  39.8008  1971.75  89.0591  32.377  0.37  54.6  34  3.1589  100
70.975  39.8008  1944.4  95.0524  171.236  0.37  54.6  34  3.1589  100
71.024  39.8008  1994.84  89.6365  12.657  0.36  54.6  34  3.1589  100
71.073  39.9296  1977.49  88.8732  38.887  0.37  54.6  34  3.1589  100
71.122  39.9296  1999.45  89.6119  13.542  0.36  54.6  34  3.1589  100
71.171  39.9296  1888.76  94.9377  162.57  0.38  56.1  34  3.1589  100
71.22  39.9296  2002.29  88.7677  43.063  0.36  56.1  34  3.1589  100
71.268  39.9296  1940.96  94.7077  159.299  0.37  56.1  34  3.1589  100
71.317  40.0584  1886.27  95.3552  176.046  0.39  56.1  34  3.1589  100
71.366  40.0584  1931.51  94.744  159.743  0.38  56.1  34  3.1589  100
71.415  40.0584  1927.79  94.645  156.116  0.38  56.1  34  3.1589  100
71.463  40.0584  1992.31  89.9553  1.554  0.36  54.5  34  3.1589  100
71.512  40.1873  1945.23  94.9016  166.211  0.37  54.5  34  3.1589  100
71.561  40.1873  1908.66  96.1941  205.94  0.38  54.5  34  3.1589  100
71.61  40.1873  1991.03  89.8676  4.602  0.36  54.5  34  3.1589  100
71.658  40.1873  1936.32  94.4462  150.11  0.37  54.5  34  3.1589  100
71.708  40.1873  1804.14  90.0236  0.745  0.4  54.5  34  3.1589  100
71.756  40.3161  1985.33  89.935  2.253  0.36  53.1  34  3.1589  100
71.805  40.3161  1917.79  94.8516  162.197  0.38  53.1  34  3.1589  100
71.854  40.3161  1873.49  95.526  180.413  0.39  53.1  34  3.1589  100
71.903  40.3161  1920.74  94.811  161.092  0.38  53.1  34  3.1589  100
71.951  40.3161  1896.35  94.6279  153.005  0.38  53.1  34  3.1589  100
72  40.4449  1875.31  95.2811  172.608  0.39  53.1  34  3.1589  100
72.049  40.4449  1935.61  94.9119  165.735  0.38  54.9  34  3.1589  100
72.098  40.4449  1886.72  95.1389  168.994  0.38  54.9  34  3.1589  100
72.147  40.4449  2013.87  89.9966  0.121  0.36  54.9  34  3.1589  100
72.195  40.4449  2016.47  89.7921  7.318  0.36  54.9  34  3.1589  100
72.244  40.5737  1950.86  89.8322  5.712  0.37  54.9  34  3.1589  100
72.293  40.5737  1990.2  89.7958  7.093  0.36  54.9  34  3.1589  100
72.342  40.5737  1931.13  94.6723  157.302  0.38  54.6  34  3.1589  100
72.391  40.5737  1883.66  95.1359  168.623  0.39  54.6  34  3.1589  100
72.44  40.7025  1931.51  94.744  159.743  0.38  54.6  34  3.1589  100
72.489  40.7025  1899.39  96.198  205.067  0.38  54.6  34  3.1589  100
72.537  40.7025  1815.79  90.017  0.538  0.4  54.6  34  3.1589  100
72.586  40.7025  2007.63  89.607  13.77  0.36  54.6  34  3.1589  100
72.635  40.7025  1877.89  95.1933  169.98  0.39  53.5  34  3.1589  100
72.684  40.8313  1984.22  89.0261  33.726  0.36  53.5  34  3.1589  100
72.732  40.8313  1931.38  94.719  158.891  0.38  53.5  34  3.1589  100
72.781  40.8313  1880.45  94.8019  157.415  0.39  53.5  34  3.1589  100
72.83  40.8313  1853.22  90.0027  0.087  0.39  53.5  34  3.1589  100
72.879  40.8313  1916.75  94.9538  165.516  0.38  53.5  34  3.1589  100
72.927  40.9601  1874.73  95.4718  178.766  0.39  54.4  34  3.1589  100
72.976  40.9601  2014.83  89.9367  2.228  0.36  54.4  34  3.1589  100
73.025  40.9601  1910.38  96.2322  207.389  0.38  54.4  34  3.1589  100
73.074  40.9601  1961.76  89.1541  28.962  0.37  54.4  34  3.1589  100
73.122  41.0889  2030.27  89.6819  11.273  0.36  54.4  34  3.1589  100
73.171  41.0889  1891.72  94.9191  162.214  0.38  54.4  34  3.1589  100
73.221  41.0889  2020.49  90.0012  0.042  0.36  54.4  34  3.1589  100
73.27  41.0889  1925.94  94.8972  164.413  0.38  54.6  34  3.1589  100
73.319  41.0889  1877.99  94.9114  160.785  0.39  54.6  34  3.1589  100
73.367  41.2177  2004.06  89.7233  9.679  0.36  54.6  34  3.1589  100
73.416  41.2177  1922.87  94.9161  164.784  0.38  54.6  34  3.1589  100
73.465  41.2177  1881.84  95.382  176.508  0.39  54.6  34  3.1589  100
73.514  41.2177  1936.17  94.715  159.153  0.37  54.6  34  3.1589  100
73.563  41.2177  1891.39  95.1573  170.017  0.38  55.2  34  3.1589  100
73.612  41.3465  1881.74  95.0539  165.766  0.39  55.2  34  3.1589  100
73.66  41.3465  2008.75  89.5625  15.338  0.36  55.2  34  3.1589  100
73.709  41.3465  1884.09  94.9199  161.585  0.39  55.2  34  3.1589  100
73.758  41.3465  2022.51  90.0292  1.032  0.36  55.2  34  3.1589  100
73.807  41.3465  1938.34  94.8208  162.898  0.37  55.2  34  3.1589  100
73.856  41.4753  1864.35  95.4879  178.297  0.39  54.2  34  3.1589  100
73.904  41.4753  1919.45  94.867  162.851  0.38  54.2  34  3.1589  100
73.953  41.4753  1916.82  94.6661  155.932  0.38  54.2  34  3.1589  100
74.002  41.4753  1878.9  95.3998  176.813  0.39  54.2  34  3.1589  100
74.051  41.6041  1944.48  94.7605  161.373  0.37  54.2  34  3.1589  100
74.1  41.6041  1901.38  95.001  165.75  0.38  54.2  34  3.1589  100
74.149  41.6041  1817.24  90.0094  0.297  0.4  53.5  34  3.1589  100
74.197  41.6041  2009.44  89.4817  18.178  0.36  53.5  34  3.1589  100
74.246  41.6041  1890.41  96.2478  205.732  0.38  53.5  34  3.1589  100
74.295  41.7329  1986.03  89.8555  5.008  0.36  53.5  34  3.1589  100
74.344  41.7329  1930.88  94.6256  155.714  0.38  53.5  34  3.1589  100
74.392  41.7329  1887.52  95.3005  174.369  0.38  53.5  34  3.1589  100
74.441  41.7329  2036.99  89.9948  0.184  0.36  54.2  34  3.1589  100
74.49  41.7329  1910.49  94.6583  155.158  0.38  54.2  34  3.1589  100
74.539  41.8617  1885.37  95.1725  169.973  0.39  54.2  34  3.1589  100
74.587  41.8617  2006.94  89.6876  10.942  0.36  54.2  34  3.1589  100
74.636  41.8617  1904.6  94.4323  147.188  0.38  54.2  34  3.1589  100
74.685  41.8617  1867.02  93.9795  129.57  0.39  54.2  34  3.1589  100
74.734  41.9905  2017.17  89.7112  10.169  0.36  56.8  34  3.1589  100
74.782  41.9905  1889.77  94.837  159.347  0.38  56.8  34  3.1589  100
74.831  41.9905  1996.47  89.9156  2.94  0.36  56.8  34  3.1589  100
74.88  41.9905  1919.81  94.935  165.152  0.38  56.8  34  3.1589  100
74.929  41.9905  1951.26  89.8674  4.516  0.37  56.8  34  3.1589  100
74.978  42.1193  2004.2  89.8759  4.342  0.36  56.8  34  3.1589  100
75.027  42.1193  1910.43  94.945  164.679  0.38  55.7  34  3.1589  100
75.075  42.1193  1873.85  95.2901  172.765  0.39  55.7  34  3.1589  100
75.124  42.1193  1940.28  94.8833  165.17  0.37  55.7  34  3.1589  100
75.173  42.1193  1903.36  95.0839  168.663  0.38  55.7  34  3.1589  100
75.222  42.2481  1997.74  90.0029  0.1  0.36  55.7  34  3.1589  100
75.271  42.2481  1937.34  94.6334  156.498  0.37  55.7  34  3.1589  100
75.319  42.2481  1950.58  89.9454  1.859  0.37  54.7  34  3.1589  100
75.368  42.2481  1984.41  88.9098  37.755  0.36  54.7  34  3.1589  100
75.417  42.3769  1935.71  95.8999  198.975  0.38  54.7  34  3.1589  100
75.466  42.3769  1950.58  89.9454  1.859  0.37  54.7  34  3.1589  100
75.514  42.3769  1990.3  88.9914  35.034  0.36  54.7  34  3.1589  100
75.564  42.3769  1912.32  96.3169  210.409  0.38  54.7  34  3.1589  100
75.612  42.3769  1881.4  95.2908  173.484  0.39  53.3  34  3.1589  100
75.661  42.5057  2029.34  89.7464  8.983  0.36  53.3  34  3.1589  100
75.71  42.5057  1903.12  95.0378  167.118  0.38  53.3  34  3.1589  100
75.759  42.5057  1896.9  95.3383  176.479  0.38  53.3  34  3.1589  100
75.807  42.5057  1922.68  94.5811  153.563  0.38  53.3  34  3.1589  100
75.856  42.5057  1882.3  95.1661  169.49  0.39  53.3  34  3.1589  100
75.905  42.6346  2011.87  89.9687  1.1  0.36  53.3  34  3.1589  100
75.954  42.6346  1935.71  95.8999  198.975  0.38  55.1  34  3.1589  100
76.002  42.6346  1883.76  95.4644  179.385  0.39  55.1  34  3.1589  100
76.051  42.6346  1996.42  88.9565  36.358  0.36  55.1  34  3.1589  100
76.1  42.6346  1919.76  96.2285  208.284  0.38  55.1  34  3.1589  100
76.149  42.7634  1876.71  94.1006  134.199  0.39  55.1  34  3.1589  100
76.198  42.7634  1938.72  94.8929  165.359  0.37  55.1  34  3.1589  100
76.246  42.7634  1904.63  95.0285  166.943  0.38  55.6  34  3.1589  100
76.295  42.7634  2006.83  89.9564  1.527  0.36  55.6  34  3.1589  100
76.344  42.8922  1925.75  94.5616  153.156  0.38  55.6  34  3.1589  100
76.393  42.8922  1874.6  94.8392  158.14  0.39  55.6  34  3.1589  100
76.442  42.8922  1912.45  90.0266  0.887  0.38  55.6  34  3.1589  100
76.49  42.8922  1932.13  96.1609  207.358  0.38  55.6  34  3.1589  100
76.539  42.8922  1942.08  89.8788  4.107  0.37  55.8  34  3.1589  100
76.588  43.021  2036.99  89.9948  0.184  0.36  55.8  34  3.1589  100
76.637  43.021  1886.03  95.0019  164.44  0.39  55.8  34  3.1589  100
76.685  43.021  1882.31  94.0156  131.816  0.39  55.8  34  3.1589  100
76.734  43.021  1934.3  94.9682  167.517  0.38  55.8  34  3.1589  100
76.783  43.1498  1903.68  94.8442  160.759  0.38  55.8  34  3.1589  100
76.832  43.1498  1981.47  89.8793  4.176  0.37  57.6  34  3.1589  100
76.881  43.1498  1927.54  94.5984  154.534  0.38  57.6  34  3.1589  100
76.929  43.1498  1888.05  94.8007  158.01  0.38  57.6  34  3.1589  100
76.978  43.1498  2018.95  90.009  0.317  0.36  57.6  34  3.1589  100
77.027  43.2786  1931.7  96.0669  204.161  0.38  57.6  34  3.1589  100
77.076  43.2786  1977.19  90.0131  0.453  0.37  57.6  34  3.1589  100
77.125  43.2786  2036.51  89.9587  1.468  0.36  54.6  34  3.1589  100
77.173  43.2786  1885.47  96.5102  213.776  0.39  54.6  34  3.1589  100
77.222  43.2786  1874.5  93.9749  129.94  0.39  54.6  34  3.1589  100
77.271  43.4074  2024  89.4425  19.695  0.36  54.6  34  3.1589  100
77.32  43.4074  1992.52  89.9717  0.985  0.36  54.6  34  3.1589  100
77.368  43.4074  1885.24  93.9957  131.367  0.38  54.6  34  3.1589  100
77.417  43.4074  2008.06  89.6432  12.504  0.36  51.4  34  3.1589  100
77.466  43.4074  1982.66  89.9474  1.819  0.36  51.4  34  3.1589  100
77.515  43.5362  1996.33  89.7637  8.233  0.36  51.4  34  3.1589  100
77.563  43.5362  1922.43  94.5346  151.99  0.38  51.4  34  3.1589  100
77.612  43.5362  1871.38  95.3986  176.067  0.39  51.4  34  3.1589  100
77.661  43.5362  1996.47  89.9156  2.94  0.36  51.4  34  3.1589  100
77.71  43.665  1885.02  95.1023  167.643  0.39  55.9  34  3.1589  100
77.759  43.665  1879.93  95.2998  173.642  0.39  55.9  34  3.1589  100
77.807  43.665  2021.29  89.4958  17.786  0.36  55.9  34  3.1589  100
77.856  43.665  1886.58  94.81  158.194  0.38  55.9  34  3.1589  100
77.905  43.665  1886.15  95.0263  165.253  0.39  55.9  34  3.1589  100
77.954  43.7938  2016.04  89.7557  8.596  0.36  55.9  34  3.1589  100
78.002  43.7938  1802.8  90.066  2.077  0.4  57.5  34  3.1589  100
78.051  43.7938  2006.89  89.8237  6.176  0.36  57.5  34  3.1589  100
78.1  43.7938  1906.37  95.0654  168.318  0.38  57.5  34  3.1589  100
78.149  43.7938  1887.52  95.3005  174.369  0.38  57.5  34  3.1589  100
78.197  43.9226  1924.54  94.9316  165.446  0.38  57.5  34  3.1589  100
78.247  43.9226  1893.39  96.2313  205.513  0.38  57.5  34  3.1589  100
78.295  43.9226  1820.14  89.9942  0.185  0.4  57.5  34  3.1589  100
78.344  43.9226  2019.27  89.4677  18.758  0.36  56.3  34  3.1589  100
78.393  43.9226  1883.08  95.0203  164.785  0.39  56.3  34  3.1589  100
78.442  44.0514  1976.93  89.9029  3.352  0.37  56.3  34  3.1589  100
78.49  44.0514  2023.48  89.6783  11.361  0.36  56.3  34  3.1589  100
78.539  44.0514  1804.23  90.0585  1.843  0.4  56.3  34  3.1589  100
78.588  44.0514  1991.73  89.7878  7.377  0.36  56.3  34  3.1589  100
78.637  44.1802  1919.56  94.8885  163.58  0.38  53.5  34  3.1589  100
78.685  44.1802  1887.97  95.392  177.412  0.38  53.5  34  3.1589  100
78.734  44.1802  2003.07  89.92  2.799  0.36  53.5  34  3.1589  100
78.783  44.1802  1888.43  95.1755  170.348  0.38  53.5  34  3.1589  100
78.832  44.1802  1873.3  94.03  131.653  0.39  53.5  34  3.1589  100
78.881  44.309  2023.48  89.6783  11.361  0.36  53.5  34  3.1589  100
78.929  44.309  1869.7  95.0571  164.813  0.39  52.5  34  3.1589  100
78.978  44.309  2004.25  90.0075  0.261  0.36  52.5  34  3.1589  100
79.027  44.309  1913.46  94.9263  164.316  0.38  52.5  34  3.1589  100
79.076  44.4378  1886.81  94.8557  159.711  0.38  52.5  34  3.1589  100
79.124  44.4378  1856.24  89.9872  0.416  0.39  52.5  34  3.1589  100
79.173  44.4378  1922.63  96.1649  206.473  0.38  52.5  34  3.1589  100
79.222  44.4378  1809.92  90.0122  0.385  0.4  54.6  34  3.1589  100
79.271  44.4378  1913.59  94.9511  165.153  0.38  54.6  34  3.1589  100
79.319  44.5666  1877.7  96.4588  211.221  0.39  54.6  34  3.1589  100
79.368  44.5666  1882.64  95.2362  171.813  0.39  54.6  34  3.1589  100
79.417  44.5666  1949.37  95.0712  172.311  0.37  54.6  34  3.1589  100
79.466  44.5666  1876.98  95.0115  163.965  0.39  54.6  34  3.1589  100
79.515  44.5666  1978.85  89.9307  2.395  0.37  55.4  34  3.1589  100
79.563  44.6954  1941.72  96.1568  208.251  0.37  55.4  34  3.1589  100
79.612  44.6954  1948.72  89.918  2.789  0.37  55.4  34  3.1589  100
79.661  44.6954  2002.93  89.7675  8.127  0.36  55.4  34  3.1589  100
79.71  44.6954  1919.34  96.1352  205.128  0.38  55.4  34  3.1589  100
79.759  44.8242  1873.8  94.1203  134.634  0.39  55.4  34  3.1589  100
79.807  44.8242  1923  94.941  165.629  0.38  53.6  34  3.1589  100
79.856  44.8242  1888.2  95.1297  168.827  0.38  53.6  34  3.1589  100
79.905  44.8242  1884.68  95.0355  165.425  0.39  53.6  34  3.1589  100
79.954  44.8242  2012.31  89.5822  14.673  0.36  53.6  34  3.1589  100
80.002  44.953  1815.74  89.9981  0.059  0.4  53.6  34  3.1589  100
80.051  44.953  1981.47  89.8793  4.176  0.37  53.6  34  3.1589  100
80.1  44.953  1904.94  94.7887  159.027  0.38  54.2  34  3.1589  100
80.149  44.953  1981.63  89.9902  0.338  0.37  54.2  34  3.1589  100
80.197  44.953  2014.7  89.7833  7.62  0.36  54.2  34  3.1589  100
80.246  45.0819  1901.38  95.001  165.75  0.38  54.2  34  3.1589  100
80.295  45.0819  1878.01  95.2177  170.787  0.39  54.2  34  3.1589  100
80.344  45.0819  1935.61  94.9119  165.735  0.38  54.2  34  3.1589  100
80.392  45.0819  1892.98  96.1392  202.443  0.38  54.5  34  3.1589  100
80.441  45.2107  1978.81  88.9804  35.211  0.37  54.5  34  3.1589  100
80.49  45.2107  2026.21  89.6252  13.253  0.36  54.5  34  3.1589  100
80.539  45.2107  1888.99  94.9834  164.091  0.38  54.5  34  3.1589  100
80.587  45.2107  1981.47  89.8793  4.176  0.37  54.5  34  3.1589  100
80.636  45.2107  2009.35  89.7519  8.7  0.36  54.5  34  3.1589  100
80.685  45.3395  1956.48  89.9145  2.921  0.37  54.5  34  3.1589  100
80.734  45.3395  1916.88  94.9787  166.356  0.38  54.2  34  3.1589  100
80.782  45.3395  1914.74  94.8705  162.57  0.38  54.2  34  3.1589  100
80.831  45.3395  1869.2  94.1047  133.795  0.39  54.2  34  3.1589  100
80.88  45.3395  1943.91  94.9582  168.011  0.37  54.2  34  3.1589  100
80.93  45.4683  1900.8  96.5218  215.895  0.38  54.2  34  3.1589  100
80.978  45.4683  1907.53  94.9885  165.871  0.38  54.2  34  3.1589  100
81.027  45.4683  1935.53  94.5964  155.105  0.37  55.7  34  3.1589  100
81.076  45.4683  1870.7  94.9575  161.659  0.39  55.7  34  3.1589  100
81.125  45.4683  1994.79  89.7718  7.946  0.36  55.7  34  3.1589  100
81.173  45.5971  1923.67  94.767  159.865  0.38  55.7  34  3.1589  100
81.222  45.5971  1875.97  95.4175  177.115  0.39  55.7  34  3.1589  100
81.271  45.5971  2010.13  89.9605  1.385  0.36  55.7  34  3.1589  100
81.32  45.5971  1912.53  96.3635  211.976  0.38  56.3  34  3.1589  100
81.368  45.7259  1896.78  95.0075  165.563  0.38  56.3  34  3.1589  100
81.417  45.7259  1922.51  94.848  162.477  0.38  56.3  34  3.1589  100
81.466  45.7259  1887.97  95.084  167.306  0.38  56.3  34  3.1589  100
81.514  45.7259  1973.68  89.0862  31.476  0.37  56.3  34  3.1589  100
81.563  45.7259  2019.71  89.5042  17.477  0.36  56.3  34  3.1589  100
81.612  45.8547  1883.62  94.8287  158.559  0.39  53.9  34  3.1589  100
81.661  45.8547  1966.21  89.1287  29.898  0.37  53.9  34  3.1589  100
81.709  45.8547  1933.72  94.5594  153.716  0.38  53.9  34  3.1589  100
81.758  45.8547  1881.62  95.3364  174.996  0.39  53.9  34  3.1589  100
81.807  45.8547  1850.21  90.0182  0.587  0.39  53.9  34  3.1589  100
81.856  45.9835  1891.16  95.1115  168.491  0.38  53.9  34  3.1589  100
81.905  45.9835  1876.71  94.1006  134.199  0.39  54.4  34  3.1589  100
81.954  45.9835  1913.83  94.9974  166.715  0.38  54.4  34  3.1589  100
82.002  45.9835  1894.14  95.0931  168.152  0.38  54.4  34  3.1589  100
82.051  45.9835  2020.49  90.0012  0.042  0.36  54.4  34  3.1589  100
82.1  46.1123  2018.04  89.7839  7.61  0.36  54.4  34  3.1589  100
82.149  46.1123  1866.42  90.0254  0.827  0.39  54.4  34  3.1589  100
82.198  46.1123  1989.5  89.8755  4.323  0.36  52.7  34  3.1589  100
82.247  46.1123  1929.03  94.8782  164.039  0.38  52.7  34  3.1589  100
82.295  46.1123  1956.35  89.7657  8  0.37  52.7  34  3.1589  100
82.344  46.2411  1940.03  94.8364  163.565  0.37  52.7  34  3.1589  100
82.393  46.2411  1924.21  94.5713  153.36  0.38  52.7  34  3.1589  100
82.442  46.2411  1882.31  94.0156  131.816  0.39  52.7  34  3.1589  100
82.491  46.2411  2013.18  89.6549  12.127  0.36  58.7  34  3.1589  100
82.54  46.3699  1891.16  95.1115  168.491  0.38  58.7  34  3.1589  100
82.588  46.3699  1833.62  90.0315  1.007  0.39  58.7  34  3.1589  100
82.637  46.3699  1921.15  94.5908  153.766  0.38  58.7  34  3.1589  100
82.686  46.3699  1856.73  95.1385  166.295  0.39  58.7  34  3.1589  100
82.735  46.3699  1982.45  88.8827  38.655  0.36  58.7  34  3.1589  100
82.784  46.4987  1904.39  94.9824  165.396  0.38  56.9  34  3.1589  100
82.832  46.4987  1882.28  95.4733  179.534  0.39  56.9  34  3.1589  100
82.881  46.4987  2022.57  89.7426  9.087  0.36  56.9  34  3.1589  100
82.93  46.4987  1913.01  96.1224  204.028  0.38  56.9  34  3.1589  100
82.979  46.6275  1876.71  94.1006  134.199  0.39  56.9  34  3.1589  100
83.028  46.6275  1952.29  95.0049  170.321  0.37  56.9  34  3.1589  100
83.076  46.6275  1891.16  95.1115  168.491  0.38  53.5  34  3.1589  100
83.125  46.6275  1969.56  88.8812  38.458  0.37  53.5  34  3.1589  100
83.174  46.6275  2008.75  89.5625  15.338  0.36  53.5  34  3.1589  100
83.223  46.7563  1886.49  95.401  177.566  0.39  53.5  34  3.1589  100
83.271  46.7563  1996.6  88.8394  40.44  0.36  53.5  34  3.1589  100
83.32  46.7563  1912.42  95.0282  167.617  0.38  53.5  34  3.1589  100
83.369  46.7563  1981.63  89.9902  0.338  0.37  53.5  34  3.1589  100
83.418  46.8851  1933.31  94.7811  161.139  0.38  54.8  34  3.1589  100
83.466  46.8851  1913.43  96.2155  207.164  0.38  54.8  34  3.1589  100
83.515  46.8851  2001.22  90.0229  0.8  0.36  54.8  34  3.1589  100
83.564  46.8851  1940.53  94.9303  166.775  0.37  54.8  34  3.1589  100
83.613  46.8851  1959.71  89.7852  7.347  0.37  54.8  34  3.1589  100
83.662  47.0139  1972.81  89.9619  1.312  0.37  54.8  34  3.1589  100
83.711  47.0139  2016.47  89.7921  7.318  0.36  53.1  34  3.1589  100
83.76  47.0139  1978.91  89.7967  7.022  0.37  53.1  34  3.1589  100
83.809  47.0139  1999.03  88.9028  38.278  0.36  53.1  34  3.1589  100
83.857  47.0139  1910.49  94.6583  155.158  0.38  53.1  34  3.1589  100
83.907  47.1427  1881.4  95.2908  173.484  0.39  53.1  34  3.1589  100
83.955  47.1427  2014.83  89.9367  2.228  0.36  53.1  34  3.1589  100
84.004  47.1427  1907.35  96.2489  207.612  0.38  57.9  34  3.1589  100
84.053  47.1427  1999.25  89.9952  0.169  0.36  57.9  34  3.1589  100
84.102  47.1427  2030.09  89.527  16.76  0.36  57.9  34  3.1589  100
84.15  47.2715  1881.15  94.9384  161.938  0.39  57.9  34  3.1589  100
84.199  47.2715  2015.87  90.0245  0.863  0.36  57.9  34  3.1589  100
84.248  47.2715  1927.54  94.5984  154.534  0.38  57.9  34  3.1589  100
84.297  47.2715  1965.79  89.9031  3.324  0.37  57.1  34  3.1589  100
84.345  47.4003  1996.33  89.7637  8.233  0.36  57.1  34  3.1589  100
84.394  47.4003  1912.19  94.9819  166.057  0.38  57.1  34  3.1589  100
84.443  47.4003  1861.51  94.0639  131.922  0.39  57.1  34  3.1589  100
84.492  47.4003  2019.41  89.7589  8.497  0.36  57.1  34  3.1589  100
84.54  47.4003  1914.5  94.8242  161.007  0.38  57.1  34  3.1589  100
84.589  47.5292  1961.76  89.1541  28.962  0.37  53.5  34  3.1589  100
84.638  47.5292  2024  89.4425  19.695  0.36  53.5  34  3.1589  100
84.687  47.5292  1805.66  90.051  1.608  0.4  53.5  34  3.1589  100
84.735  47.5292  1967.27  89.0847  31.424  0.37  53.5  34  3.1589  100
84.784  47.658  1931.38  94.719  158.891  0.38  53.5  34  3.1589  100
84.833  47.658  1961.2  89.7773  7.622  0.37  53.5  34  3.1589  100
84.882  47.658  2005.33  89.8317  5.889  0.36  52.9  34  3.1589  100
84.931  47.658  1912.74  94.7874  159.636  0.38  52.9  34  3.1589  100
84.979  47.658  1887.63  95.0171  165.08  0.38  52.9  34  3.1589  100
85.028  47.7868  1928.34  95.0527  169.832  0.38  52.9  34  3.1589  100
85.077  47.7868  1903.82  96.5056  215.702  0.38  52.9  34  3.1589  100
85.126  47.7868  2010.81  90.0121  0.425  0.36  52.9  34  3.1589  100
85.175  47.7868  2024.44  89.479  18.408  0.36  53.7  34  3.1589  100
85.223  47.7868  1888.76  94.9377  162.57  0.38  53.7  34  3.1589  100
85.272  47.9156  1991.73  89.7878  7.377  0.36  53.7  34  3.1589  100
85.321  47.9156  1934.15  95.9087  199.108  0.38  53.7  34  3.1589  100
85.37  47.9156  1876.06  94.8299  157.96  0.39  53.7  34  3.1589  100
85.418  47.9156  1912.45  90.0266  0.887  0.38  53.7  34  3.1589  100
85.467  47.9156  1999.46  90.0116  0.405  0.36  58.1  34  3.1589  100
85.516  48.0444  1873.8  94.1203  134.634  0.39  58.1  34  3.1589  100
85.565  48.0444  1935.02  95.1088  172.308  0.38  58.1  34  3.1589  100
85.613  48.0444  1907.64  95.0099  166.591  0.38  58.1  34  3.1589  100
85.662  48.0444  1889.35  95.0536  166.429  0.38  58.1  34  3.1589  100
85.711  48.1732  1997.91  89.6201  13.246  0.36  58.1  34  3.1589  100
85.76  48.1732  1989.07  89.9518  1.673  0.36  58.1  34  3.1589  100
85.808  48.1732  1972.41  89.9264  2.535  0.37  55.7  34  3.1589  100
85.857  48.1732  1928.54  94.7849  160.868  0.38  55.7  34  3.1589  100
85.906  48.1732  1954.6  89.887  3.854  0.37  55.7  34  3.1589  100
85.955  48.302  2016.97  89.6943  10.762  0.36  55.7  34  3.1589  100
86.004  48.302  1918.59  94.7029  157.302  0.38  55.7  34  3.1589  100
86.053  48.302  1960.52  89.8558  4.933  0.37  55.7  34  3.1589  100
86.102  48.302  1935.11  94.8183  162.541  0.38  54.1  34  3.1589  100
86.15  48.302  1908.45  96.1477  204.38  0.38  54.1  34  3.1589  100
86.199  48.4308  1830.68  90.0467  1.493  0.4  54.1  34  3.1589  100
86.248  48.4308  1926  94.6081  154.736  0.38  54.1  34  3.1589  100
86.297  48.4308  1877.52  94.8206  157.779  0.39  54.1  34  3.1589  100
86.346  48.4308  1969.19  89.1118  30.526  0.37  54.1  34  3.1589  100
86.394  48.4308  1939.65  94.7643  161.101  0.37  52.6  34  3.1589  100
86.443  48.5596  1883.09  95.3274  174.84  0.39  52.6  34  3.1589  100
86.492  48.5596  2022.84  89.6249  13.244  0.36  52.6  34  3.1589  100
86.541  48.5596  1907.22  94.6314  153.999  0.38  52.6  34  3.1589  100
86.59  48.5596  1884.68  95.0355  165.425  0.39  52.6  34  3.1589  100
86.639  48.6884  1953.12  94.8536  165.253  0.37  52.6  34  3.1589  100
86.687  48.6884  1888.76  94.9377  162.57  0.38  51.2  34  3.1589  100
86.736  48.6884  1968.33  89.0407  32.955  0.37  51.2  34  3.1589  100
86.785  48.6884  2025.06  89.6701  11.661  0.36  51.2  34  3.1589  100
86.834  48.6884  1994.94  90.0347  1.207  0.36  51.2  34  3.1589  100
86.882  48.8172  1984.41  88.9098  37.755  0.36  51.2  34  3.1589  100
86.932  48.8172  1942.78  94.745  160.708  0.37  51.2  34  3.1589  100
86.981  48.8172  1883.31  95.3731  176.355  0.39  53.1  34  3.1589  100
87.03  48.8172  2001.1  89.8918  3.779  0.36  53.1  34  3.1589  100
87.078  48.8172  1911.88  94.624  154.127  0.38  53.1  34  3.1589  100
87.127  48.946  1876.77  95.2722  172.451  0.39  53.1  34  3.1589  100
87.176  48.946  2001.58  89.7923  7.255  0.36  53.1  34  3.1589  100
87.225  48.946  1882.85  94.9747  163.273  0.39  53.1  34  3.1589  100
87.274  48.946  1842.72  90.0566  1.822  0.39  57.3  34  3.1589  100
87.323  49.0748  2023.92  89.7148  10.074  0.36  57.3  34  3.1589  100
87.371  49.0748  1956.48  89.9145  2.921  0.37  57.3  34  3.1589  100
87.42  49.0748  2002.45  88.65  47.177  0.36  57.3  34  3.1589  100
87.469  49.0748  1926.25  94.6547  156.316  0.38  57.3  34  3.1589  100
87.518  49.0748  1879.03  95.1176  167.611  0.39  57.3  34  3.1589  100
87.567  49.2036  1945.54  94.6567  157.95  0.37  54.4  34  3.1589  100
87.616  49.2036  1921.92  96.3604  212.916  0.38  54.4  34  3.1589  100
87.664  49.2036  1873.41  95.1993  169.768  0.39  54.4  34  3.1589  100
87.713  49.2036  1920.41  95.0528  169.14  0.38  54.4  34  3.1589  100
87.762  49.2036  1899.88  95.0103  165.926  0.38  54.4  34  3.1589  100
87.811  49.3324  1826.08  89.9989  0.035  0.4  54.4  34  3.1589  100
87.859  49.3324  2027.52  89.735  9.379  0.36  54.6  34  3.1589  100
87.908  49.3324  1968.79  89.8875  3.867  0.37  54.6  34  3.1589  100
87.957  49.3324  2003.48  89.9561  1.537  0.36  54.6  34  3.1589  100
88.006  49.3324  1908.74  94.6218  153.802  0.38  54.6  34  3.1589  100
88.054  49.4612  1966.07  89.789  7.24  0.37  54.6  34  3.1589  100
88.103  49.4612  2010.85  89.8801  4.209  0.36  54.6  34  3.1589  100
88.152  49.4612  1903.59  94.5339  150.478  0.38  53.8  34  3.1589  100
88.201  49.4612  1902.21  95.1638  171.207  0.38  53.8  34  3.1589  100
88.249  49.59  1935.02  95.1088  172.308  0.38  53.8  34  3.1589  100
88.298  49.59  1882.15  94.8381  158.741  0.39  53.8  34  3.1589  100
88.347  49.59  2012.34  90.0043  0.153  0.36  53.8  34  3.1589  100
88.396  49.59  1943.84  94.6413  157.289  0.37  53.8  34  3.1589  100
88.445  49.59  2010.09  89.9574  1.496  0.36  53.8  34  3.1589  100
88.494  49.7188  1844.22  90.049  1.577  0.39  51.9  34  3.1589  100
88.543  49.7188  1912.74  94.7874  159.636  0.38  51.9  34  3.1589  100
88.592  49.7188  1863.44  94.1439  134.654  0.39  51.9  34  3.1589  100
88.64  49.7188  1944.48  94.7605  161.373  0.37  51.9  34  3.1589  100
88.689  49.7188  1916.07  96.1055  203.791  0.38  51.9  34  3.1589  100
88.738  49.8477  1902.78  94.9703  164.857  0.38  51.9  34  3.1589  100
88.787  49.8477  1936.82  95.1463  173.732  0.38  55  34  3.1589  100
88.836  49.8477  1874.17  96.338  206.897  0.39  55  34  3.1589  100
88.884  49.8477  1974.32  89.9541  1.582  0.37  55  34  3.1589  100
88.933  49.9765  1918.52  94.9908  166.904  0.38  55  34  3.1589  100
88.982  49.9765  1891.01  94.7819  157.64  0.38  55  34  3.1589  100
89.031  49.9765  2000.96  89.7395  9.098  0.36  55  34  3.1589  100
89.08  49.9765  1894.38  94.5459  150.143  0.38  56.1  34  3.1589  100
89.128  49.9765  1860.57  94.1633  135.078  0.39  56.1  34  3.1589  100
89.177  50.1053  1938.97  94.9398  166.962  0.37  56.1  34  3.1589  100
89.226  50.1053  1896.42  94.937  163.207  0.38  56.1  34  3.1589  100
89.275  50.1053  1893.57  94.9802  164.382  0.38  56.1  34  3.1589  100
89.324  50.1053  1947.3  94.9863  169.254  0.37  56.1  34  3.1589  100
89.373  50.2341  1967.69  89.9307  2.379  0.37  55.2  34  3.1589  100
89.421  50.2341  1959.79  88.8623  38.913  0.37  55.2  34  3.1589  100
89.47  50.2341  1913.94  95.0189  167.44  0.38  55.2  34  3.1589  100
89.519  50.2341  1883.31  95.3731  176.355  0.39  55.2  34  3.1589  100
89.568  50.2341  2003.07  89.92  2.799  0.36  55.2  34  3.1589  100
89.617  50.3629  1920.45  96.0333  201.85  0.38  55.2  34  3.1589  100
89.666  50.3629  1882.42  95.1906  170.3  0.39  53  34  3.1589  100
89.715  50.3629  2029.18  90.034  1.204  0.36  53  34  3.1589  100
89.763  50.3629  1903.91  96.1729  204.726  0.38  53  34  3.1589  100
89.812  50.3629  1815.79  90.017  0.538  0.4  53  34  3.1589  100
89.861  50.4917  2021.9  89.6865  11.062  0.36  53  34  3.1589  100
89.91  50.4917  1863.69  95.0483  163.997  0.39  53  34  3.1589  100
89.959  50.4917  1970.9  89.9342  2.265  0.37  50.5  34  3.1589  100
90.008  50.4917  1919.37  94.5541  152.398  0.38  50.5  34  3.1589  100
90.056  50.4917  1942.47  89.9138  2.922  0.37  50.5  34  3.1589  100
90.105  50.6205  2002.65  89.8839  4.06  0.36  50.5  34  3.1589  100
90.154  50.6205  1909.95  94.8526  161.568  0.38  50.5  34  3.1589  100
90.203  50.6205  1966.48  89.8244  6.026  0.37  50.5  34  3.1589  100
90.252  50.6205  2028.75  89.417  20.641  0.36  53.2  34  3.1589  100
90.3  50.6205  1887.74  95.0383  165.785  0.38  53.2  34  3.1589  100
90.349  50.7493  1997.28  89.9675  1.134  0.36  53.2  34  3.1589  100
90.398  50.7493  1998.49  89.8084  6.684  0.36  53.2  34  3.1589  100
90.447  50.7493  1886.26  95.0475  165.957  0.39  53.2  34  3.1589  100
90.495  50.7493  1970  88.9167  37.243  0.37  53.2  34  3.1589  100
90.544  50.8781  1936.83  94.5398  153.302  0.37  55.6  34  3.1589  100
90.593  50.8781  1966.07  89.789  7.24  0.37  55.6  34  3.1589  100
90.642  50.8781  2026.01  89.6083  13.851  0.36  55.6  34  3.1589  100
90.69  50.8781  1919.81  94.935  165.152  0.38  55.6  34  3.1589  100
90.739  50.8781  1967.91  89.9497  1.727  0.37  55.6  34  3.1589  100
90.788  51.0069  2019.12  89.8763  4.361  0.36  55.6  34  3.1589  100
90.837  51.0069  1980.42  89.7887  7.303  0.37  53.8  34  3.1589  100
90.886  51.0069  1976.52  89.8672  4.58  0.37  53.8  34  3.1589  100
90.935  51.0069  1945.73  94.9958  169.439  0.37  53.8  34  3.1589  100
90.983  51.0069  1896.96  94.7441  156.89  0.38  53.8  34  3.1589  100
91.032  51.1357  1990.1  87.7102  79.512  0.36  53.8  34  3.1589  100
91.081  51.1357  2015.17  89.683  11.15  0.36  53.8  34  3.1589  100
91.13  51.1357  1888.55  95.2  171.164  0.38  53.8  34  3.1589  100
91.179  51.1357  2004.91  88.7135  45.015  0.36  51.6  34  3.1589  100
91.227  51.2645  1914.26  94.7779  159.446  0.38  51.6  34  3.1589  100
91.276  51.2645  1958.57  89.021  33.463  0.37  51.6  34  3.1589  100
91.325  51.2645  2029.48  89.9009  3.51  0.36  51.6  34  3.1589  100
91.374  51.2645  1910.68  95.303  176.589  0.38  51.6  34  3.1589  100
91.423  51.2645  1966.18  87.8652  73.242  0.37  51.6  34  3.1589  100
91.472  51.3933  1944.4  95.0524  171.236  0.37  52.4  34  3.1589  100
91.52  51.3933  1884.79  95.3642  176.201  0.39  52.4  34  3.1589  100
91.569  51.3933  1986.55  88.8205  40.893  0.36  52.4  34  3.1589  100
91.618  51.3933  2010.91  89.7438  8.992  0.36  52.4  34  3.1589  100
91.667  51.3933  1867.51  94.0695  132.53  0.39  52.4  34  3.1589  100
91.716  51.5221  2001.2  88.8128  41.463  0.36  52.4  34  3.1589  100
91.765  51.5221  1914.74  94.8705  162.57  0.38  51.8  34  3.1589  100
91.813  51.5221  1979.95  89.8871  3.9  0.37  51.8  34  3.1589  100
91.862  51.5221  1935.61  94.9119  165.735  0.38  51.8  34  3.1589  100
91.911  51.5221  1890.21  96.2019  204.202  0.38  51.8  34  3.1589  100
91.96  51.6509  1875.96  93.965  129.716  0.39  51.8  34  3.1589  100
92.009  51.6509  1924.46  94.6178  154.937  0.38  51.8  34  3.1589  100
92.057  51.6509  1973.56  89.7493  8.635  0.37  54.2  34  3.1589  100
92.106  51.6509  1827.55  89.9913  0.279  0.4  54.2  34  3.1589  100
92.155  51.7797  1911.06  96.0379  201.018  0.38  54.2  34  3.1589  100
92.204  51.7797  1865.7  95.1537  167.594  0.39  54.2  34  3.1589  100
92.253  51.7797  2010.43  89.8438  5.48  0.36  54.2  34  3.1589  100
92.301  51.7797  1906.72  96.1098  202.939  0.38  54.2  34  3.1589  100
92.35  51.7797  1885.82  95.2638  173.008  0.39  53.6  34  3.1589  100
92.399  51.9085  1941.02  95.0242  169.989  0.37  53.6  34  3.1589  100
92.447  51.9085  1873.38  94.8938  159.815  0.39  53.6  34  3.1589  100
92.496  51.9085  1987.27  89.9629  1.286  0.36  53.6  34  3.1589  100
92.545  51.9085  1933.67  94.8496  163.472  0.38  53.6  34  3.1589  100
92.594  52.0373  1957.96  89.9067  3.188  0.37  53.6  34  3.1589  100
92.642  52.0373  1991.03  89.8676  4.602  0.36  52.2  34  3.1589  100
92.691  52.0373  1908.98  94.6679  155.353  0.38  52.2  34  3.1589  100
92.74  52.0373  1953.4  89.7814  7.452  0.37  52.2  34  3.1589  100
92.789  52.0373  2012.41  89.8721  4.494  0.36  52.2  34  3.1589  100
92.837  52.1661  1923.31  95.9693  200.017  0.38  52.2  34  3.1589  100
92.886  52.1661  1814.44  90.0596  1.888  0.4  52.2  34  3.1589  100
92.935  52.1661  1949.45  94.7785  162.397  0.37  55.3  34  3.1589  100
92.984  52.1661  1879.45  94.9021  160.607  0.39  55.3  34  3.1589  100
93.032  52.295  2016.94  89.981  0.669  0.36  55.3  34  3.1589  100
93.081  52.295  1925.94  94.8972  164.413  0.38  55.3  34  3.1589  100
93.13  52.295  1890.47  94.9742  163.916  0.38  55.3  34  3.1589  100
93.179  52.295  1987.89  88.9282  37.183  0.36  55.3  34  3.1589  100
93.228  52.295  1912.98  94.8337  161.195  0.38  53.6  34  3.1589  100
93.276  52.4238  1875.75  95.372  175.612  0.39  53.6  34  3.1589  100
93.325  52.4238  1923.24  94.9876  167.207  0.38  53.6  34  3.1589  100
93.374  52.4238  1895.9  96.4536  213.098  0.38  53.6  34  3.1589  100
93.423  52.4238  1877.66  94.0002  130.986  0.39  53.6  34  3.1589  100
93.472  52.4238  2017.7  89.4762  18.447  0.36  53.6  34  3.1589  100
93.521  52.5526  1873.51  95.2203  170.463  0.39  53.6  34  3.1589  100
93.569  52.5526  1996.23  90.0106  0.368  0.36  54.4  34  3.1589  100
93.618  52.5526  2012.31  89.5822  14.673  0.36  54.4  34  3.1589  100
93.667  52.5526  1956.48  89.9145  2.921  0.37  54.4  34  3.1589  100
93.716  52.5526  2027.15  90.0058  0.207  0.36  54.4  34  3.1589  100
93.765  52.6814  1912.59  96.0294  200.895  0.38  54.4  34  3.1589  100
93.814  52.6814  1867.8  94.9758  162.004  0.39  54.4  34  3.1589  100
93.862  52.6814  1916.4  94.8859  163.223  0.38  53.2  34  3.1589  100
93.911  52.6814  1897.36  95.1207  169.346  0.38  53.2  34  3.1589  100
93.96  52.8102  1782.72  90.0503  1.564  0.41  53.2  34  3.1589  100
94.009  52.8102  1988.57  89.9359  2.226  0.36  53.2  34  3.1589  100
94.057  52.8102  1859.45  93.9601  128.416  0.39  53.2  34  3.1589  100
94.107  52.8102  1985.62  89.8197  6.247  0.36  53.2  34  3.1589  100
94.155  52.8102  1993.87  89.8324  5.833  0.36  53.5  34  3.1589  100
94.204  52.939  1876.76  94.9661  162.462  0.39  53.5  34  3.1589  100
94.253  52.939  2007.73  89.8961  3.642  0.36  53.5  34  3.1589  100
94.302  52.939  2008.56  89.9651  1.222  0.36  53.5  34  3.1589  100
94.35  52.939  1860.45  95.6043  181.686  0.39  53.5  34  3.1589  100
94.399  52.939  2005.04  89.9481  1.815  0.36  53.5  34  3.1589  100
94.448  53.0678  1884.79  95.0567  166.128  0.39  53.4  34  3.1589  100
94.497  53.0678  1948.05  88.9312  36.337  0.37  53.4  34  3.1589  100
94.546  53.0678  1944.73  94.8075  162.985  0.37  53.4  34  3.1589  100
94.594  53.0678  1880  90.0271  0.89  0.38  53.4  34  3.1589  100
94.643  53.1966  1973.91  89.9185  2.806  0.37  53.4  34  3.1589  100
94.692  53.1966  1927.26  96.1395  206.119  0.38  53.4  34  3.1589  100
94.741  53.1966  1802.71  90.0312  0.98  0.4  54.8  34  3.1589  100
94.79  53.1966  2011.69  89.9526  1.665  0.36  54.8  34  3.1589  100
94.839  53.1966  1989.13  89.7048  10.247  0.36  54.8  34  3.1589  100
94.887  53.3254  1818.69  90.0018  0.057  0.4  54.8  34  3.1589  100
94.936  53.3254  1935.11  94.8183  162.541  0.38  54.8  34  3.1589  100
94.985  53.3254  1900.35  95.1023  169.006  0.38  54.8  34  3.1589  100
95.034  53.3254  1839.55  90.0008  0.025  0.39  53.6  34  3.1589  100
95.082  53.3254  1998.49  89.8084  6.684  0.36  53.6  34  3.1589  100
95.131  53.4542  1989.99  90.0223  0.775  0.36  53.6  34  3.1589  100
95.18  53.4542  1987.27  89.9629  1.286  0.36  53.6  34  3.1589  100
95.229  53.4542  1928.83  94.5421  152.746  0.38  53.6  34  3.1589  100
95.277  53.4542  1948.32  89.8829  3.981  0.37  53.6  34  3.1589  100
95.326  53.4542  2002.29  88.7677  43.063  0.36  55  34  3.1589  100
95.375  53.583  1910.43  94.945  164.679  0.38  55  34  3.1589  100
95.424  53.583  1814.44  90.0596  1.888  0.4  55  34  3.1589  100
95.472  53.583  1999.49  88.939  37.026  0.36  55  34  3.1589  100
95.521  53.583  1882.39  94.8836  160.251  0.39  55  34  3.1589  100
95.571  53.7118  1978.91  90.0243  0.839  0.37  55  34  3.1589  100
95.619  53.7118  1923.96  94.5249  151.784  0.38  52.3  34  3.1589  100
95.668  53.7118  1963.21  89.954  1.575  0.37  52.3  34  3.1589  100
95.717  53.7118  1953.97  87.9058  71.403  0.37  52.3  34  3.1589  100
95.766  53.7118  1925.94  94.8972  164.413  0.38  52.3  34  3.1589  100
95.814  53.8406  1949.79  89.8752  4.248  0.37  52.3  34  3.1589  100
95.863  53.8406  1939.7  95.0806  171.776  0.37  52.3  34  3.1589  100
95.912  53.8406  1911.21  96.4183  213.646  0.38  53.9  34  3.1589  100
95.961  53.8406  1889  95.2915  174.21  0.38  53.9  34  3.1589  100
96.01  53.8406  1923.72  95.0807  170.363  0.38  53.9  34  3.1589  100
96.058  53.9694  1894.68  96.1769  203.865  0.38  53.9  34  3.1589  100
96.107  53.9694  1994.73  90.0183  0.636  0.36  53.9  34  3.1589  100
96.156  53.9694  2005.1  89.8124  6.567  0.36  53.9  34  3.1589  100
96.205  53.9694  1891.16  95.1115  168.491  0.38  53.9  34  3.1589  100
96.254  53.9694  1832.15  90.0391  1.25  0.39  54.1  34  3.1589  100
96.302  54.0982  1926.83  96.0458  202.939  0.38  54.1  34  3.1589  100
96.351  54.0982  1952.05  89.9377  2.123  0.37  54.1  34  3.1589  100
96.4  54.0982  1999.97  89.9358  2.241  0.36  54.1  34  3.1589  100
96.449  54.0982  1995.99  89.9916  0.292  0.36  54.1  34  3.1589  100
96.498  54.227  1939.57  89.1307  29.425  0.37  54.1  34  3.1589  100
96.547  54.227  1936.67  94.8087  162.349  0.37  55.1  34  3.1589  100
96.595  54.227  1897.68  96.1602  203.637  0.38  55.1  34  3.1589  100
96.644  54.227  1978.37  88.9447  36.437  0.37  55.1  34  3.1589  100
96.693  54.227  1933.47  94.5127  152.124  0.38  55.1  34  3.1589  100
96.742  54.3558  1876.65  95.2478  171.645  0.39  55.1  34  3.1589  100
96.791  54.3558  1820.14  89.9942  0.185  0.4  55.1  34  3.1589  100
96.84  54.3558  1912.5  94.7412  158.077  0.38  55.3  34  3.1589  100
96.888  54.3558  1867.82  95.2804  171.896  0.39  55.3  34  3.1589  100
96.937  54.4846  2001.52  89.9279  2.519  0.36  55.3  34  3.1589  100
96.986  54.4846  1906.37  95.0654  168.318  0.38  55.3  34  3.1589  100
97.035  54.4846  1879.63  94.0808  133.761  0.39  55.3  34  3.1589  100
97.085  54.4846  1931.76  94.7907  161.333  0.38  55.3  34  3.1589  100
97.133  54.4846  1863.01  94.913  159.555  0.39  52.8  34  3.1589  100
97.182  54.6134  1832.06  90.0037  0.117  0.39  52.8  34  3.1589  100
97.231  54.6134  2009.35  89.7519  8.7  0.36  52.8  34  3.1589  100
97.28  54.6134  1982.66  89.9474  1.819  0.36  52.8  34  3.1589  100
97.328  54.6134  1974.93  88.9263  37.006  0.37  52.8  34  3.1589  100
97.377  54.6134  1915.64  96.0123  200.648  0.38  52.8  34  3.1589  100
97.426  54.7423  1860.81  94.2082  136.548  0.39  52.1  34  3.1589  100
97.475  54.7423  1929.96  94.7536  159.938  0.38  52.1  34  3.1589  100
97.523  54.7423  1907.96  96.3882  212.289  0.38  52.1  34  3.1589  100
97.572  54.7423  1879.03  95.1176  167.611  0.39  52.1  34  3.1589  100
97.621  54.8711  2000.46  89.8364  5.711  0.36  52.1  34  3.1589  100
97.67  54.8711  1886.95  95.1846  170.513  0.38  52.1  34  3.1589  100
97.719  54.8711  1835.01  89.9883  0.374  0.39  53  34  3.1589  100
97.767  54.8711  1925.21  94.7574  159.672  0.38  53  34  3.1589  100
97.816  54.8711  1963.9  89.8755  4.266  0.37  53  34  3.1589  100
97.865  54.9999  2025.6  90.0137  0.483  0.36  53  34  3.1589  100
97.914  54.9999  1916.82  94.6661  155.932  0.38  53  34  3.1589  100
97.962  54.9999  1882.87  95.2818  173.326  0.39  53  34  3.1589  100
98.011  54.9999  2019.84  89.7953  7.215  0.36  56.3  34  3.1589  100
98.06  54.9999  1908.37  96.4812  215.41  0.38  56.3  34  3.1589  100
98.109  55.1287  1991.73  90.0336  1.167  0.36  56.3  34  3.1589  100
98.157  55.1287  1909.52  95.0716  168.803  0.38  56.3  34  3.1589  100
98.206  55.1287  1876.06  94.8299  157.96  0.39  56.3  34  3.1589  100
98.255  55.1287  1893.57  94.9802  164.382  0.38  56.3  34  3.1589  100
98.304  55.1287  1930.12  94.4857  150.954  0.38  54.2  34  3.1589  100
98.353  55.2575  1999.46  90.0116  0.405  0.36  54.2  34  3.1589  100
98.402  55.2575  1991.03  89.8676  4.602  0.36  54.2  34  3.1589  100
98.45  55.2575  1909.39  95.0468  167.969  0.38  54.2  34  3.1589  100
98.499  55.2575  1953.53  89.9299  2.388  0.37  54.2  34  3.1589  100
98.548  55.3863  1915.11  94.9417  164.971  0.38  54.2  34  3.1589  100
98.597  55.3863  1890.93  95.0657  166.965  0.38  52.9  34  3.1589  100
98.646  55.3863  1869.9  93.9597  129.124  0.39  52.9  34  3.1589  100
98.695  55.3863  1984.82  89.6136  13.387  0.36  52.9  34  3.1589  100
98.743  55.3863  1885.47  95.1936  170.677  0.39  52.9  34  3.1589  100
98.792  55.5151  1973.68  89.0862  31.476  0.37  52.9  34  3.1589  100
98.841  55.5151  1940.15  94.8582  164.31  0.37  52.9  34  3.1589  100
98.89  55.5151  1870.24  94.867  158.676  0.39  52.9  34  3.1589  100
98.939  55.5151  1888.1  95.1085  168.121  0.38  52.3  34  3.1589  100
98.987  55.5151  1893.44  94.9556  163.563  0.38  52.3  34  3.1589  100
99.036  55.6439  1857.95  94.2276  136.965  0.39  52.3  34  3.1589  100
99.085  55.6439  1922.27  94.8015  160.902  0.38  52.3  34  3.1589  100
99.134  55.6439  1895.9  96.4536  213.098  0.38  52.3  34  3.1589  100
99.183  55.6439  1997.74  90.0029  0.1  0.36  52.3  34  3.1589  100
99.232  55.7727  2006.08  89.6152  13.472  0.36  52.2  34  3.1589  100
99.28  55.7727  1875.19  95.2568  171.803  0.39  52.2  34  3.1589  100
99.329  55.7727  1959.61  88.9771  34.983  0.37  52.2  34  3.1589  100
99.378  55.7727  1948.5  95.877  199.513  0.37  52.2  34  3.1589  100
99.427  55.7727  1947.92  89.8478  5.173  0.37  52.2  34  3.1589  100
99.476  55.9015  1990.2  89.7958  7.093  0.36  52.2  34  3.1589  100
99.524  55.9015  1901.62  95.047  167.292  0.38  57.2  34  3.1589  100
99.573  55.9015  1867.76  94.1145  134.011  0.39  57.2  34  3.1589  100
99.622  55.9015  1929.65  94.9966  168.065  0.38  57.2  34  3.1589  100
99.671  55.9015  1896.89  95.0288  166.275  0.38  57.2  34  3.1589  100
99.72  56.0303  1883.43  95.0903  167.109  0.39  57.2  34  3.1589  100
99.768  56.0303  2006.94  89.6876  10.942  0.36  57.2  34  3.1589  100
99.817  56.0303  1874.6  94.8392  158.14  0.39  58  34  3.1589  100
99.866  56.0303  1972.18  89.0948  31.158  0.37  58  34  3.1589  100
99.915  56.0303  1926.25  94.6547  156.316  0.38  58  34  3.1589  100
99.963  56.1591  1858.94  95.2887  171.345  0.39  58  34  3.1589  100
100.012  56.1591  1915.35  94.988  166.536  0.38  58  34  3.1589  100
100.061  56.1591  1904.63  95.0285  166.943  0.38  58  34  3.1589  100
100.11  56.1591  1868.82  95.181  168.758  0.39  53.4  34  3.1589  100
100.158  56.2879  1922.18  95.0901  170.539  0.38  53.4  34  3.1589  100
100.207  56.2879  1895.09  96.2691  206.94  0.38  53.4  34  3.1589  100
100.256  56.2879  1874.42  95.0995  166.607  0.39  53.4  34  3.1589  100
100.305  56.2879  2002.7  89.7482  8.803  0.36  53.4  34  3.1589  100
100.353  56.2879  1880.69  94.8474  158.922  0.39  53.4  34  3.1589  100
100.402  56.4167  1993.68  89.8157  6.412  0.36  49.4  34  3.1589  100
100.451  56.4167  1930.63  94.5789  154.127  0.38  49.4  34  3.1589  100
100.5  56.4167  1988.04  89.9948  0.182  0.36  49.4  34  3.1589  100
100.548  56.4167  2007.29  89.992  0.281  0.36  49.4  34  3.1589  100
100.597  56.4167  1904.86  95.0746  168.491  0.38  49.4  34  3.1589  100
100.646  56.5455  1810.02  90.0472  1.491  0.4  49.4  34  3.1589  100
100.695  56.5455  1935.85  94.9588  167.333  0.38  53  34  3.1589  100
100.744  56.5455  1898.85  95.1115  169.177  0.38  53  34  3.1589  100
100.792  56.5455  1801.33  90.0573  1.802  0.4  53  34  3.1589  100
100.841  56.6743  1915.24  95.2756  176.101  0.38  53  34  3.1589  100
100.89  56.6743  1859.05  95.3096  172.03  0.39  53  34  3.1589  100
100.939  56.6743  1986.85  89.9271  2.527  0.36  53  34  3.1589  100
100.988  56.6743  1999.33  89.8804  4.172  0.36  55.9  34  3.1589  100
101.037  56.6743  1872.39  95.299  172.921  0.39  55.9  34  3.1589  100
101.085  56.8031  2027.15  90.0058  0.207  0.36  55.9  34  3.1589  100
101.134  56.8031  1919.34  96.1352  205.128  0.38  55.9  34  3.1589  100
101.183  56.8031  1871.35  93.9497  128.9  0.39  55.9  34  3.1589  100
101.232  56.8031  1933.23  95.0713  170.889  0.38  55.9  34  3.1589  100
101.281  56.9319  1897.2  94.79  158.424  0.38  55.9  34  3.1589  100
101.33  56.9319  1885.82  95.2638  173.008  0.39  55.3  34  3.1589  100
101.379  56.9319  1904.94  94.7887  159.027  0.38  55.3  34  3.1589  100
101.427  56.9319  1947.92  89.8478  5.173  0.37  55.3  34  3.1589  100
101.476  56.9319  1841.14  90.0287  0.922  0.39  55.3  34  3.1589  100
101.525  57.0607  1935.93  95.947  200.579  0.38  55.3  34  3.1589  100
101.574  57.0607  1956.08  89.8792  4.123  0.37  55.3  34  3.1589  100
101.623  57.0607  1994.79  89.7718  7.946  0.36  54.4  34  3.1589  100
101.671  57.0607  1922.41  96.1182  204.89  0.38  54.4  34  3.1589  100
101.72  57.0607  1871.73  95.1629  168.434  0.39  54.4  34  3.1589  100
101.769  57.1896  2011.44  89.5096  17.215  0.36  54.4  34  3.1589  100
101.818  57.1896  1884.09  94.9199  161.585  0.39  54.4  34  3.1589  100
101.866  57.1896  1973.91  89.9185  2.806  0.37  54.4  34  3.1589  100
101.915  57.1896  2014.31  89.6103  13.701  0.36  55.2  34  3.1589  100
101.964  57.1896  1967.69  89.9307  2.379  0.37  55.2  34  3.1589  100
102.013  57.3184  1987.97  89.8834  4.045  0.36  55.2  34  3.1589  100
102.061  57.3184  1914.98  94.9168  164.133  0.38  55.2  34  3.1589  100
102.11  57.3184  1870.72  95.2626  171.583  0.39  55.2  34  3.1589  100
102.159  57.3184  2043.28  89.9632  1.311  0.35  55.2  34  3.1589  100
102.208  57.3184  1900.19  94.7711  158.049  0.38  54.9  34  3.1589  100
102.256  57.4472  1878.01  95.2177  170.787  0.39  54.9  34  3.1589  100
102.305  57.4472  2024.19  89.597  14.237  0.36  54.9  34  3.1589  100
102.354  57.4472  1899.41  94.9184  162.848  0.38  54.9  34  3.1589  100
102.402  57.4472  2006.83  89.9564  1.527  0.36  54.9  34  3.1589  100
102.451  57.576  1933.98  94.6061  155.308  0.38  54.9  34  3.1589  100
102.5  57.576  1948.99  89.8049  6.635  0.37  52.4  34  3.1589  100
102.549  57.576  1963  88.9954  34.418  0.37  52.4  34  3.1589  100
102.598  57.576  1919.55  96.1818  206.706  0.38  52.4  34  3.1589  100
102.646  57.576  1959.44  89.8989  3.457  0.37  52.4  34  3.1589  100
102.695  57.7048  1997.06  89.5481  15.753  0.36  52.4  34  3.1589  100
102.744  57.7048  1897.08  94.7654  157.602  0.38  52.4  34  3.1589  100
102.793  57.7048  1939.57  89.1307  29.425  0.37  52.4  34  3.1589  100
102.842  57.7048  1937.97  94.7522  160.554  0.37  52.4  34  3.1589  100
102.89  57.7048  1881.61  95.0294  164.957  0.39  52.4  34  3.1589  100
102.939  57.8336  1953.11  89.0903  31.009  0.37  52.4  34  3.1589  100
102.988  57.8336  1930.08  94.7753  160.675  0.38  52.4  34  3.1589  100
103.037  57.8336  1971.78  89.8718  4.412  0.37  52.4  34  3.1589  100
103.086  57.8336  1995.63  89.8437  5.444  0.36  55.8  34  3.1589  100
103.134  57.8336  1936.15  95.9941  202.183  0.38  55.8  34  3.1589  100
103.183  57.9624  1890.94  95.3742  177.104  0.38  55.8  34  3.1589  100
103.232  57.9624  2038.56  89.9869  0.465  0.35  55.8  34  3.1589  100
103.28  57.9624  1900.35  95.1023  169.006  0.38  55.8  34  3.1589  100
103.329  57.9624  1885.37  95.1725  169.973  0.39  55.8  34  3.1589  100
103.378  57.9624  1944.73  94.8075  162.985  0.37  54.7  34  3.1589  100
103.427  58.0912  1879.68  94.9476  162.113  0.39  54.7  34  3.1589  100
103.476  58.0912  1955.62  89.0381  32.832  0.37  54.7  34  3.1589  100
103.525  58.0912  1939.94  95.1276  173.381  0.37  54.7  34  3.1589  100
103.573  58.0912  1945.79  89.9334  2.261  0.37  54.7  34  3.1589  100
103.622  58.22  1905.79  94.9517  164.499  0.38  54.7  34  3.1589  100
103.671  58.22  1937.71  95.9854  202.055  0.38  53.7  34  3.1589  100
103.72  58.22  1876.71  94.1006  134.199  0.39  53.7  34  3.1589  100
103.769  58.22  1912.45  90.0266  0.887  0.38  53.7  34  3.1589  100
103.817  58.22  1909.15  95.0006  166.414  0.38  53.7  34  3.1589  100
103.866  58.3488  1839.65  90.0364  1.167  0.39  53.7  34  3.1589  100
103.915  58.3488  2031.93  89.4  21.277  0.36  53.7  34  3.1589  100
103.964  58.3488  1968.79  89.8875  3.867  0.37  53.7  34  3.1589  100
104.012  58.3488  1968.51  88.9254  36.917  0.37  51.4  34  3.1589  100
104.061  58.3488  1925.21  94.7574  159.672  0.38  51.4  34  3.1589  100
104.11  58.4776  1878.9  95.3998  176.813  0.39  51.4  34  3.1589  100
104.159  58.4776  2033.38  89.9745  0.906  0.36  51.4  34  3.1589  100
104.208  58.4776  1997.79  89.8884  3.891  0.36  51.4  34  3.1589  100
104.256  58.4776  1874.51  95.4263  177.265  0.39  51.4  34  3.1589  100
104.305  58.4776  1947.79  95.0806  172.491  0.37  53.1  34  3.1589  100
104.354  58.6064  1900.84  94.5991  152.416  0.38  53.1  34  3.1589  100
104.403  58.6064  1989.78  90.006  0.207  0.36  53.1  34  3.1589  100
104.451  58.6064  2018.14  89.5126  17.168  0.36  53.1  34  3.1589  100
104.501  58.6064  1883.39  94.7832  157.048  0.39  53.1  34  3.1589  100
104.55  58.6064  1958.83  87.9128  71.341  0.37  53.1  34  3.1589  100
104.598  58.7352  1923.42  94.7205  158.289  0.38  54.1  34  3.1589  100
104.647  58.7352  1963.76  89.7261  9.387  0.37  54.1  34  3.1589  100
104.696  58.7352  1929.16  94.9032  164.89  0.38  54.1  34  3.1589  100
104.745  58.7352  1927.68  96.2333  209.301  0.38  54.1  34  3.1589  100
104.793  58.7352  1880.81  95.4821  179.682  0.39  54.1  34  3.1589  100
104.842  58.864  2010.13  89.9605  1.385  0.36  54.1  34  3.1589  100
104.891  58.864  1895.47  94.7536  157.079  0.38  52.2  34  3.1589  100
104.94  58.864  1874.5  93.9749  129.94  0.39  52.2  34  3.1589  100
104.988  58.864  2041.91  89.6605  12.098  0.35  52.2  34  3.1589  100
105.037  58.9928  1875.07  94.9299  161.137  0.39  52.2  34  3.1589  100
105.086  58.9928  1981.11  88.7753  42.344  0.37  52.2  34  3.1589  100
105.135  58.9928  2000.88  89.8725  4.453  0.36  52.2  34  3.1589  100
105.183  58.9928  1985.06  90.0101  0.349  0.36  49.5  34  3.1589  100
105.232  58.9928  2024.86  89.6531  12.259  0.36  49.5  34  3.1589  100
105.281  59.1216  1926.61  95.9989  201.35  0.38  49.5  34  3.1589  100
105.33  59.1216  1881.4  95.2908  173.484  0.39  49.5  34  3.1589  100
105.378  59.1216  1935.11  94.8183  162.541  0.38  49.5  34  3.1589  100
105.427  59.1216  1992.34  89.8404  5.551  0.36  49.5  34  3.1589  100
105.476  59.1216  2007.76  90.0276  0.966  0.36  48.5  34  3.1589  100
105.525  59.2504  2019.18  89.7394  9.184  0.36  48.5  34  3.1589  100
105.573  59.2504  1876.3  94.8753  159.46  0.39  48.5  34  3.1589  100
105.622  59.2504  1844.22  90.049  1.577  0.39  48.5  34  3.1589  100
105.671  59.2504  1932.68  94.6626  157.102  0.38  48.5  34  3.1589  100
105.72  59.3792  1883.66  95.1359  168.623  0.39  48.5  34  3.1589  100
105.769  59.3792  1998.6  89.5398  16.052  0.36  48.5  34  3.1589  100
105.817  59.3792  1928.16  95.9903  201.223  0.38  48.5  34  3.1589  100
105.866  59.3792  1867.45  95.5156  179.495  0.39  48.5  34  3.1589  100
105.915  59.3792  1947.55  95.0335  170.872  0.37  48.5  34  3.1589  100
105.964  59.508  1893.67  95.0014  165.092  0.38  48.5  34  3.1589  100
106.012  59.508  1960.28  89.1625  28.652  0.37  48.5  34  3.1589  100
106.061  59.508  1943.08  95.1089  173.028  0.37  46.4  34  3.1589  100
106.11  59.508  1982.07  89.9315  2.369  0.36  46.4  34  3.1589  100
106.159  59.508  1997.22  88.7583  43.279  0.36  46.4  34  3.1589  100
106.207  59.6369  1929.83  94.7286  159.088  0.38  46.4  34  3.1589  100
106.256  59.6369  1956.35  89.7657  8  0.37  46.4  34  3.1589  100
106.305  59.6369  2011.84  89.6825  11.148  0.36  46.4  34  3.1589  100
106.354  59.6369  1993.3  89.6446  12.364  0.36  46.4  34  3.1589  100
106.402  59.6369  1879.03  95.1176  167.611  0.39  49.7  34  3.1589  100
106.451  59.7657  1941.6  94.8268  163.372  0.37  49.7  34  3.1589  100
106.5  59.7657  1992.19  89.6887  10.825  0.36  49.7  34  3.1589  100
106.549  59.7657  1978.85  89.9307  2.395  0.37  49.7  34  3.1589  100
106.598  59.7657  1930.13  95.09  171.243  0.38  49.7  34  3.1589  100
106.647  59.8945  1898.97  96.1056  201.978  0.38  49.7  34  3.1589  100
106.695  59.8945  1977.05  88.8375  40.111  0.37  49.7  34  3.1589  100
106.744  59.8945  2025.58  89.434  20.009  0.36  49.7  34  3.1589  100
106.793  59.8945  1972.19  89.9073  3.19  0.37  49.7  34  3.1589  100
106.842  59.8945  2024.58  89.7709  8.095  0.36  49.7  34  3.1589  100
106.89  60.0233  1920.88  96.1267  205.009  0.38  49.7  34  3.1589  100
106.939  60.0233  1892.54  95.081  167.613  0.38  49.7  34  3.1589  100
106.988  60.0233  1934.98  94.7932  161.685  0.38  49  34  3.1589  100
107.037  60.0233  1897.68  96.1602  203.637  0.38  49  34  3.1589  100
107.086  60.1521  1889.66  93.9657  130.686  0.38  49  34  3.1589  100
107.134  60.1521  2020.85  89.4593  19.069  0.36  49  34  3.1589  100
107.183  60.1521  1876.2  95.1569  168.639  0.39  49  34  3.1589  100
107.232  60.1521  1987.55  89.8476  5.287  0.36  49  34  3.1589  100
107.281  60.1521  1928.04  94.6916  157.699  0.38  50.2  34  3.1589  100
107.329  60.2809  1883.31  95.3731  176.355  0.39  50.2  34  3.1589  100
107.378  60.2809  2035.42  90.0027  0.095  0.36  50.2  34  3.1589  100
107.427  60.2809  1921.09  94.8791  163.395  0.38  50.2  34  3.1589  100
107.476  60.2809  1951.4  88.9493  35.783  0.37  50.2  34  3.1589  100
107.524  60.2809  2023.13  89.9331  2.363  0.36  50.2  34  3.1589  100
107.573  60.4097  1905.18  94.8348  160.574  0.38  49  34  3.1589  100
107.622  60.4097  1914.07  95.0437  168.277  0.38  49  34  3.1589  100
107.671  60.4097  2017.01  89.5573  15.583  0.36  49  34  3.1589  100
107.719  60.4097  1897.68  94.8818  161.493  0.38  49  34  3.1589  100
107.768  60.5385  2018.47  89.9732  0.944  0.36  49  34  3.1589  100
107.817  60.5385  1946.98  94.6217  156.881  0.37  49  34  3.1589  100
107.866  60.5385  1899.89  95.3202  176.162  0.38  46.6  34  3.1589  100
107.914  60.5385  2003.2  88.8401  40.551  0.36  46.6  34  3.1589  100
107.963  60.5385  1913.46  94.9263  164.316  0.38  46.6  34  3.1589  100
108.012  60.6673  1891.16  95.42  178.631  0.38  46.6  34  3.1589  100
108.061  60.6673  1930.37  95.1368  172.833  0.38  46.6  34  3.1589  100
108.109  60.6673  1912.98  94.8337  161.195  0.38  46.6  34  3.1589  100
108.158  60.6673  1983.96  88.874  38.988  0.36  48.7  34  3.1589  100
108.207  60.6673  2017.01  89.5573  15.583  0.36  48.7  34  3.1589  100
108.256  60.7961  1880.37  95.0841  166.636  0.39  48.7  34  3.1589  100
108.304  60.7961  1915.83  95.0808  169.667  0.38  48.7  34  3.1589  100
108.353  60.7961  1929.08  94.5887  154.33  0.38  48.7  34  3.1589  100
108.402  60.7961  1881.92  94.7926  157.232  0.39  48.7  34  3.1589  100
108.451  60.7961  2022.57  89.7426  9.087  0.36  46.4  34  3.1589  100
108.5  60.9249  1914.02  94.7316  157.884  0.38  46.4  34  3.1589  100
108.548  60.9249  1993.81  89.9476  1.825  0.36  46.4  34  3.1589  100
108.597  60.9249  1935.26  95.1556  173.906  0.38  46.4  34  3.1589  100
108.646  60.9249  1912.59  96.0294  200.895  0.38  46.4  34  3.1589  100
108.695  60.9249  1845.62  90.0056  0.18  0.39  46.4  34  3.1589  100
108.744  61.0537  1923.18  94.674  156.713  0.38  46.4  34  3.1589  100
108.792  61.0537  1894.22  94.8088  158.795  0.38  46.4  34  3.1589  100
108.841  61.0537  1979.54  89.8515  5.132  0.37  46.4  34  3.1589  100
108.89  61.0537  1945.57  95.9419  201.404  0.37  46.4  34  3.1589  100
108.939  61.1825  1959.84  89.9342  2.25  0.37  46.4  34  3.1589  100
108.987  61.1825  1924.05  94.8385  162.288  0.38  46.4  34  3.1589  100
109.036  61.1825  1911.22  94.7969  159.825  0.38  46.4  34  3.1589  100
109.085  61.1825  1879.48  95.2087  170.625  0.39  49  34  3.1589  100
109.134  61.3113  2018.14  89.5126  17.168  0.36  49  34  3.1589  100
109.182  61.3113  1991.49  90.0147  0.51  0.36  49  34  3.1589  100
109.231  61.3113  1988.66  89.8038  6.81  0.36  49  34  3.1589  100
109.28  61.3113  1947.55  95.0335  170.872  0.37  49  34  3.1589  100
109.329  61.3113  1898.62  95.0655  167.638  0.38  49  34  3.1589  100
109.378  61.4401  1998.75  88.7494  43.624  0.36  47.1  34  3.1589  100
109.427  61.4401  1930.12  94.4857  150.954  0.38  47.1  34  3.1589  100
109.475  61.4401  1959.71  89.7852  7.347  0.37  47.1  34  3.1589  100
109.524  61.4401  2028.32  89.9455  1.928  0.36  47.1  34  3.1589  100
109.573  61.4401  1923.74  96.0629  203.185  0.38  47.1  34  3.1589  100
109.622  61.5689  2003.79  89.972  0.981  0.36  47.1  34  3.1589  100
109.671  61.5689  2017.97  89.9207  2.794  0.36  45.8  34  3.1589  100
109.719  61.5689  1905.66  94.927  163.669  0.38  45.8  34  3.1589  100
109.768  61.5689  2003.36  89.8036  6.866  0.36  45.8  34  3.1589  100
109.817  61.5689  1934.73  94.7464  160.09  0.38  45.8  34  3.1589  100
109.866  61.6977  1882.3  95.1661  169.49  0.39  45.8  34  3.1589  100
109.914  61.6977  2025.12  89.9777  0.787  0.36  45.8  34  3.1589  100
109.963  61.6977  1911.76  94.6025  153.405  0.38  47.1  34  3.1589  100
110.012  61.6977  1886.27  95.3552  176.046  0.39  47.1  34  3.1589  100
110.061  61.8265  1922.51  94.848  162.477  0.38  47.1  34  3.1589  100
110.109  61.8265  1886.81  94.8557  159.711  0.38  47.1  34  3.1589  100
110.158  61.8265  1870.27  95.172  168.596  0.39  47.1  34  3.1589  100
110.207  61.8265  2022.61  89.6053  13.933  0.36  47.1  34  3.1589  100
110.256  61.8265  1887.97  95.084  167.306  0.38  46  34  3.1589  100
110.304  61.9553  1955.37  88.8882  37.94  0.37  46  34  3.1589  100
110.353  61.9553  1911.76  94.6025  153.405  0.38  46  34  3.1589  100
110.402  61.9553  1978.67  90.0055  0.19  0.37  46  34  3.1589  100
110.451  61.9553  1991.86  89.9393  2.109  0.36  46  34  3.1589  100
110.499  61.9553  1905.83  96.2573  207.722  0.38  46  34  3.1589  100
110.548  62.0842  1969.19  89.9229  2.649  0.37  48.7  34  3.1589  100
110.597  62.0842  2013.26  89.9446  1.946  0.36  48.7  34  3.1589  100
110.646  62.0842  1883.78  94.5673  150.004  0.39  48.7  34  3.1589  100
110.694  62.0842  1850.36  94.1865  135.083  0.39  48.7  34  3.1589  100
110.743  62.213  1922.51  94.848  162.477  0.38  48.7  34  3.1589  100
110.792  62.213  1897.92  94.9277  163.028  0.38  48.7  34  3.1589  100
110.841  62.213  1970.68  89.1033  30.842  0.37  47.8  34  3.1589  100
110.89  62.213  1915.64  96.0123  200.648  0.38  47.8  34  3.1589  100
110.938  62.213  1876.3  94.8753  159.46  0.39  47.8  34  3.1589  100
110.987  62.3418  1998.72  89.8277  6.011  0.36  47.8  34  3.1589  100
111.036  62.3418  1919.13  96.0885  203.55  0.38  47.8  34  3.1589  100
111.085  62.3418  1870.72  95.2626  171.583  0.39  47.8  34  3.1589  100
111.134  62.3418  1930.21  94.8003  161.526  0.38  46.9  34  3.1589  100
111.183  62.3418  1898.9  96.4374  212.899  0.38  46.9  34  3.1589  100
111.232  62.4706  1861.51  94.0639  131.922  0.39  46.9  34  3.1589  100
111.28  62.4706  2015.17  89.683  11.15  0.36  46.9  34  3.1589  100
111.329  62.4706  1900.89  96.1897  204.954  0.38  46.9  34  3.1589  100
111.378  62.4706  1900.7  95.173  171.374  0.38  46.9  34  3.1589  100
111.427  62.5994  1993.17  89.9122  3.055  0.36  46.9  34  3.1589  100
111.476  62.5994  1802.62  89.9963  0.116  0.4  47.7  34  3.1589  100
111.525  62.5994  1844.12  90.0133  0.428  0.39  47.7  34  3.1589  100
111.573  62.5994  1888.52  94.892  161.049  0.38  47.7  34  3.1589  100
111.622  62.5994  1882.28  95.4733  179.534  0.39  47.7  34  3.1589  100
111.671  62.7282  1925.5  95.118  171.769  0.38  47.7  34  3.1589  100
111.72  62.7282  1884.09  94.9199  161.585  0.39  47.7  34  3.1589  100
111.769  62.7282  1877.34  95.0813  166.273  0.39  45.4  34  3.1589  100
111.817  62.7282  2003.55  89.8204  6.281  0.36  45.4  34  3.1589  100
111.866  62.7282  1890.24  94.9284  162.392  0.38  45.4  34  3.1589  100
111.915  62.857  2009.28  90.0198  0.696  0.36  45.4  34  3.1589  100
111.964  62.857  1920.9  94.5444  152.195  0.38  45.4  34  3.1589  100
112.013  62.857  1952.05  89.9377  2.123  0.37  45.4  34  3.1589  100
112.061  62.857  1899.54  94.943  163.673  0.38  46.9  34  3.1589  100
112.11  62.857  1917.84  94.5638  152.601  0.38  46.9  34  3.1589  100
112.159  62.9858  1887.3  95.2548  172.848  0.38  46.9  34  3.1589  100
112.208  62.9858  2015  89.5293  16.554  0.36  46.9  34  3.1589  100
112.256  62.9858  1902.09  94.5436  150.678  0.38  46.9  34  3.1589  100
112.305  62.9858  1804.19  90.0423  1.333  0.4  46.9  34  3.1589  100
112.354  62.9858  1990.92  89.5809  14.562  0.36  45.7  34  3.1589  100
112.403  63.1146  1882.15  94.8381  158.741  0.39  45.7  34  3.1589  100
112.451  63.1146  1983.52  88.8381  40.22  0.36  45.7  34  3.1589  100
112.5  63.1146  1915.54  94.7221  157.691  0.38  45.7  34  3.1589  100
112.549  63.1146  1947.52  89.8128  6.364  0.37  45.7  34  3.1589  100
112.598  63.2434  1997.06  89.5481  15.753  0.36  45.7  34  3.1589  100
112.646  63.2434  1900.67  94.863  161.127  0.38  47.6  34  3.1589  100
112.695  63.2434  1867.37  95.19  168.919  0.39  47.6  34  3.1589  100
112.744  63.2434  1913.26  95.192  173.138  0.38  47.6  34  3.1589  100
112.793  63.2434  1893.67  95.0014  165.092  0.38  47.6  34  3.1589  100
112.841  63.3722  1949.08  88.8874  37.845  0.37  47.6  34  3.1589  100
112.89  63.3722  2019.18  89.7394  9.184  0.36  47.6  34  3.1589  100
112.939  63.3722  1887.51  94.9926  164.266  0.38  48.5  34  3.1589  100
112.988  63.3722  1887.63  95.0171  165.08  0.38  48.5  34  3.1589  100
113.036  63.3722  1931  96.2634  210.67  0.38  48.5  34  3.1589  100
113.085  63.501  1848.74  95.3056  170.95  0.39  48.5  34  3.1589  100
113.134  63.501  1996.42  88.9565  36.358  0.36  48.5  34  3.1589  100
113.183  63.501  1902.81  96.2739  207.941  0.38  48.5  34  3.1589  100
113.231  63.501  1879.25  95.1631  169.118  0.39  48.9  34  3.1589  100
113.28  63.6298  2011.44  89.5096  17.215  0.36  48.9  34  3.1589  100
113.329  63.6298  1882.07  95.1206  167.978  0.39  48.9  34  3.1589  100
113.378  63.6298  1807.05  90.0273  0.861  0.4  48.9  34  3.1589  100
113.427  63.6298  2021.98  89.4144  20.666  0.36  48.9  34  3.1589  100
113.475  63.6298  1995.99  89.9916  0.292  0.36  48.9  34  3.1589  100
113.524  63.7586  1978.37  88.9447  36.437  0.37  47.9  34  3.1589  100
113.573  63.7586  1936.81  96.1353  207  0.38  47.9  34  3.1589  100
113.621  63.7586  1792.68  90.0488  1.527  0.4  47.9  34  3.1589  100
113.67  63.7586  1939.53  94.7425  160.358  0.37  47.9  34  3.1589  100
113.719  63.8874  1907.76  96.3418  210.729  0.38  47.9  34  3.1589  100
113.768  63.8874  1895.76  95.1085  168.803  0.38  47.9  34  3.1589  100
113.817  63.8874  2053.28  89.9519  1.724  0.35  47.9  34  3.1589  100
113.865  63.8874  1893.3  96.5621  216.366  0.38  45.6  34  3.1589  100
113.914  63.8874  1992.14  89.8237  6.13  0.36  45.6  34  3.1589  100
113.963  64.0162  1944.64  94.4905  152.253  0.37  45.6  34  3.1589  100
114.012  64.0162  2000.51  89.9684  1.102  0.36  45.6  34  3.1589  100
114.061  64.0162  2029.78  89.9542  1.624  0.36  45.6  34  3.1589  100
114.11  64.0162  1920.89  95.1459  172.288  0.38  45.6  34  3.1589  100
114.158  64.0162  1864.7  95.2531  170.723  0.39  46.3  34  3.1589  100
114.207  64.145  1929.16  94.9032  164.89  0.38  46.3  34  3.1589  100
114.256  64.145  1908.24  96.1013  202.821  0.38  46.3  34  3.1589  100
114.305  64.145  1871.35  93.9497  128.9  0.39  46.3  34  3.1589  100
114.353  64.145  1987.19  89.6771  11.2  0.36  46.3  34  3.1589  100
114.402  64.145  1878.99  94.8112  157.597  0.39  46.3  34  3.1589  100
114.451  64.2738  1823.25  90.0494  1.572  0.4  45.3  34  3.1589  100
114.5  64.2738  1927.28  95.1554  173.179  0.38  45.3  34  3.1589  100
114.548  64.2738  1886.81  94.8557  159.711  0.38  45.3  34  3.1589  100
114.597  64.2738  1916.64  94.9323  164.789  0.38  45.3  34  3.1589  100
114.646  64.4026  1933.43  94.8028  161.879  0.38  45.3  34  3.1589  100
114.695  64.4026  1846.59  94.3045  138.601  0.39  45.3  34  3.1589  100
114.744  64.4026  2010.31  89.5542  15.641  0.36  47.4  34  3.1589  100
114.792  64.4026  1894.48  96.1308  202.328  0.38  47.4  34  3.1589  100
114.841  64.4026  1986.79  90.0213  0.738  0.36  47.4  34  3.1589  100
114.89  64.5315  1942.81  94.4535  150.858  0.37  47.4  34  3.1589  100
114.939  64.5315  1981.63  89.9902  0.338  0.37  47.4  34  3.1589  100
114.987  64.5315  1948.1  89.1943  27.395  0.37  47.4  34  3.1589  100
115.036  64.5315  1926  94.6081  154.736  0.38  48.7  34  3.1589  100
115.085  64.5315  1886.95  95.1846  170.513  0.38  48.7  34  3.1589  100
115.134  64.6603  1985.3  88.9816  35.287  0.36  48.7  34  3.1589  100
115.182  64.6603  1903.2  94.7521  157.671  0.38  48.7  34  3.1589  100
115.231  64.6603  1870.14  95.4528  177.711  0.39  48.7  34  3.1589  100
115.28  64.6603  2008.15  89.9322  2.375  0.36  48.7  34  3.1589  100
115.329  64.7891  1912.73  96.4101  213.543  0.38  47.6  34  3.1589  100
115.377  64.7891  1999.25  89.9952  0.169  0.36  47.6  34  3.1589  100
115.426  64.7891  2041.7  89.9711  1.028  0.35  47.6  34  3.1589  100
115.475  64.7891  1886.49  95.0932  167.475  0.39  47.6  34  3.1589  100
115.524  64.7891  2014.34  90.0323  1.135  0.36  47.6  34  3.1589  100
115.572  64.9179  1944.12  94.3966  149.035  0.37  47.6  34  3.1589  100
115.621  64.9179  1885.02  95.1023  167.643  0.39  47.5  34  3.1589  100
115.67  64.9179  1980.94  88.8915  38.323  0.37  47.5  34  3.1589  100
115.719  64.9179  1918.83  94.7493  158.87  0.38  47.5  34  3.1589  100
115.767  64.9179  1939.17  89.8943  3.578  0.37  47.5  34  3.1589  100
115.816  65.0467  1916.4  94.8859  163.223  0.38  47.5  34  3.1589  100
115.865  65.0467  1909.97  96.1393  204.263  0.38  47.5  34  3.1589  100
115.914  65.0467  1855.1  94.2469  137.379  0.39  47.7  34  3.1589  100
115.963  65.0467  1900.35  95.1023  169.006  0.38  47.7  34  3.1589  100
116.012  65.1755  1865.9  94.8947  159.206  0.39  47.7  34  3.1589  100
116.061  65.1755  1970.9  89.9342  2.265  0.37  47.7  34  3.1589  100
116.109  65.1755  1944.21  95.9979  203.153  0.37  47.7  34  3.1589  100
116.158  65.1755  1805.66  90.051  1.608  0.4  47.7  34  3.1589  100
116.207  65.1755  1976.68  89.0691  32.114  0.37  47.7  34  3.1589  100
116.256  65.3043  1915.16  96.2537  208.621  0.38  46  34  3.1589  100
116.304  65.3043  1858.8  95.5678  180.348  0.39  46  34  3.1589  100
116.353  65.3043  2009.44  89.4817  18.178  0.36  46  34  3.1589  100
116.402  65.3043  1900.12  95.0563  167.466  0.38  46  34  3.1589  100
116.452  65.3043  1877.92  94.0455  132.483  0.39  46  34  3.1589  100
116.501  65.4331  1925.26  95.0714  170.187  0.38  46  34  3.1589  100
116.549  65.4331  1872.61  95.0389  164.475  0.39  47.4  34  3.1589  100
116.598  65.4331  1985.2  88.7128  44.596  0.36  47.4  34  3.1589  100
116.647  65.4331  1928.58  94.4955  151.163  0.38  47.4  34  3.1589  100
116.696  65.5619  1858.71  94.9405  160.074  0.39  47.4  34  3.1589  100
116.745  65.5619  1919.69  94.9134  164.422  0.38  47.4  34  3.1589  100
116.794  65.5619  1903.68  94.8442  160.759  0.38  47.4  34  3.1589  100
116.842  65.5619  1862.7  94.0092  130.233  0.39  49.6  34  3.1589  100
116.891  65.5619  1995.21  89.8077  6.696  0.36  49.6  34  3.1589  100
116.94  65.6907  1888.2  95.1297  168.827  0.38  49.6  34  3.1589  100
116.989  65.6907  1994.73  90.0183  0.636  0.36  49.6  34  3.1589  100
117.038  65.6907  2017.7  89.4762  18.447  0.36  49.6  34  3.1589  100
117.086  65.6907  1973.8  89.9934  0.229  0.37  49.6  34  3.1589  100
117.135  65.8195  1836.58  90.0162  0.518  0.39  47.5  34  3.1589  100
117.184  65.8195  1932.93  94.7093  158.694  0.38  47.5  34  3.1589  100
117.233  65.8195  1802.62  89.9963  0.116  0.4  47.5  34  3.1589  100
117.281  65.8195  2008.87  89.8518  5.194  0.36  47.5  34  3.1589  100
117.33  65.8195  1907.88  95.0561  168.144  0.38  47.5  34  3.1589  100
117.379  65.9483  1928.07  89.1971  27.017  0.38  47.5  34  3.1589  100
117.428  65.9483  1941.6  94.8268  163.372  0.37  47.3  34  3.1589  100
117.476  65.9483  1893.19  96.1852  203.978  0.38  47.3  34  3.1589  100
117.525  65.9483  1814.44  90.0596  1.888  0.4  47.3  34  3.1589  100
117.574  65.9483  1995.26  89.6724  11.407  0.36  47.3  34  3.1589  100
117.623  66.0771  1872.05  95.2293  170.623  0.39  47.3  34  3.1589  100
117.672  66.0771  1972.41  89.9264  2.535  0.37  47.3  34  3.1589  100
117.721  66.0771  1906.51  96.0634  201.383  0.38  46.7  34  3.1589  100
117.769  66.0771  1875.31  95.2811  172.608  0.39  46.7  34  3.1589  100
117.818  66.2059  2007.31  89.8599  4.909  0.36  46.7  34  3.1589  100
117.867  66.2059  1908.03  96.0549  201.262  0.38  46.7  34  3.1589  100
117.915  66.2059  1879.34  95.4909  179.83  0.39  46.7  34  3.1589  100
117.965  66.2059  1994.41  89.6005  13.906  0.36  46.7  34  3.1589  100
118.013  66.2059  1815.74  89.9981  0.059  0.4  46.5  34  3.1589  100
118.062  66.3347  1814.25  89.9895  0.334  0.4  46.5  34  3.1589  100
118.111  66.3347  1936.82  95.1463  173.732  0.38  46.5  34  3.1589  100
118.16  66.3347  1986.09  89.9672  1.136  0.36  46.5  34  3.1589  100
118.209  66.3347  1973.51  89.883  4.03  0.37  46.5  34  3.1589  100
118.257  66.3347  1929.58  94.6819  157.501  0.38  46.5  34  3.1589  100
118.306  66.4635  1794  90.0067  0.209  0.4  46  34  3.1589  100
118.355  66.4635  1933.31  94.7811  161.139  0.38  46  34  3.1589  100
118.404  66.4635  1908.45  96.1477  204.38  0.38  46  34  3.1589  100
118.452  66.4635  1883.89  95.1815  170.137  0.39  46  34  3.1589  100
118.501  66.4635  1926.08  94.9221  165.261  0.38  46  34  3.1589  100
118.55  66.5923  1877.3  96.3674  208.2  0.39  46  34  3.1589  100
118.599  66.5923  2020.49  90.0012  0.042  0.36  46.3  34  3.1589  100
118.648  66.5923  1940.78  94.9772  168.382  0.37  46.3  34  3.1589  100
118.696  66.5923  1873.15  94.8485  158.32  0.39  46.3  34  3.1589  100
118.745  66.7211  1833.53  89.996  0.128  0.39  46.3  34  3.1589  100
118.794  66.7211  1995.83  89.8604  4.863  0.36  46.3  34  3.1589  100
118.844  66.7211  1857.07  95.2075  168.555  0.39  46.3  34  3.1589  100
118.892  66.7211  1932.01  94.8374  162.924  0.38  46.3  34  3.1589  100
118.941  66.7211  1914.26  96.4018  213.44  0.38  47.6  34  3.1589  100
118.99  66.85  1876.1  95.1358  167.942  0.39  47.6  34  3.1589  100
119.039  66.85  1922.66  95.1832  173.693  0.38  47.6  34  3.1589  100
119.087  66.85  1875.07  94.9299  161.137  0.39  47.6  34  3.1589  100
119.136  66.85  1949.14  89.1507  28.89  0.37  47.6  34  3.1589  100
119.185  66.85  2008.92  89.7157  9.969  0.36  47.6  34  3.1589  100
119.234  66.9788  1983.12  89.9826  0.603  0.36  49.4  34  3.1589  100
119.282  66.9788  1904.17  95.2469  174.133  0.38  49.4  34  3.1589  100
119.331  66.9788  1910.91  95.0375  167.793  0.38  49.4  34  3.1589  100
119.38  66.9788  1848.17  95.4936  176.934  0.39  49.4  34  3.1589  100
119.429  67.1076  1988.34  88.9642  35.945  0.36  49.4  34  3.1589  100
119.477  67.1076  1906.93  94.8715  161.937  0.38  49.4  34  3.1589  100
119.526  67.1076  1875.31  95.2811  172.608  0.39  48.5  34  3.1589  100
119.575  67.1076  1926.08  94.9221  165.261  0.38  48.5  34  3.1589  100
119.624  67.1076  1881.15  94.9384  161.938  0.39  48.5  34  3.1589  100
119.672  67.2364  1969.41  89.9419  1.996  0.37  48.5  34  3.1589  100
119.722  67.2364  2016.74  89.6748  11.447  0.36  48.5  34  3.1589  100
119.771  67.2364  1969.06  89.7732  7.795  0.37  48.5  34  3.1589  100
119.819  67.2364  1971.75  89.0591  32.377  0.37  47.3  34  3.1589  100
119.868  67.2364  1913.77  94.6854  156.324  0.38  47.3  34  3.1589  100
119.917  67.3652  1974.25  90.0283  0.976  0.37  47.3  34  3.1589  100
119.966  67.3652  1924.29  94.885  163.867  0.38  47.3  34  3.1589  100
120.014  67.3652  1890.65  94.7117  155.3  0.38  47.3  34  3.1589  100
120.063  67.3652  1878.46  95.3087  173.799  0.39  47.3  34  3.1589  100
120.112  67.3652  2005.81  89.7319  9.384  0.36  46  34  3.1589  100
120.161  67.494  1854.1  96.4958  209.754  0.39  46  34  3.1589  100
120.209  67.494  1956.05  89.0734  31.633  0.37  46  34  3.1589  100
120.258  67.494  1932.17  94.5692  153.922  0.38  46  34  3.1589  100
120.307  67.494  1877.52  94.8206  157.779  0.39  46  34  3.1589  100
120.356  67.494  2028.7  89.998  0.07  0.36  46  34  3.1589  100
120.404  67.6228  1875.23  94.6696  152.661  0.39  46.4  34  3.1589  100
120.453  67.6228  1874.42  95.0995  166.607  0.39  46.4  34  3.1589  100
120.502  67.6228  1914.07  95.0437  168.277  0.38  46.4  34  3.1589  100
120.551  67.6228  1896.18  96.1685  203.751  0.38  46.4  34  3.1589  100
120.599  67.6228  1875.53  95.3266  174.11  0.39  46.4  34  3.1589  100
120.648  67.7516  2018.31  89.6666  11.746  0.36  46.4  34  3.1589  100
120.697  67.7516  1864.68  94.949  160.863  0.39  47.6  34  3.1589  100
120.746  67.7516  1977.34  89.9385  2.123  0.37  47.6  34  3.1589  100
120.794  67.7516  1937.87  94.4363  149.897  0.37  47.6  34  3.1589  100
120.843  67.8804  1947.65  89.9608  1.333  0.37  47.6  34  3.1589  100
120.892  67.8804  1971.75  89.0591  32.377  0.37  47.6  34  3.1589  100
120.941  67.8804  1991.22  89.8842  4.024  0.36  47.6  34  3.1589  100
120.99  67.8804  1871.5  95.1176  166.939  0.39  46.7  34  3.1589  100
121.038  67.8804  1933.31  94.7811  161.139  0.38  46.7  34  3.1589  100
121.087  68.0092  1892.65  94.5097  148.816  0.38  46.7  34  3.1589  100
121.136  68.0092  1963.03  89.9376  2.137  0.37  46.7  34  3.1589  100
121.185  68.0092  1983.72  89.6575  11.86  0.36  46.7  34  3.1589  100
121.234  68.0092  1892.71  96.4238  211.759  0.38  46.7  34  3.1589  100
121.283  68.138  1824.62  90.0065  0.208  0.4  46.8  34  3.1589  100
121.332  68.138  1993.72  89.6806  11.115  0.36  46.8  34  3.1589  100
121.38  68.138  1873.49  95.526  180.413  0.39  46.8  34  3.1589  100
121.429  68.138  1996.75  89.7997  6.98  0.36  46.8  34  3.1589  100
121.478  68.138  1906.51  96.0634  201.383  0.38  46.8  34  3.1589  100
121.527  68.2668  1799.77  90.0114  0.357  0.4  46.8  34  3.1589  100
121.576  68.2668  1980.32  88.9718  35.537  0.37  46.8  34  3.1589  100
121.625  68.2668  1892.71  96.4238  211.759  0.38  47.4  34  3.1589  100
121.673  68.2668  1821.7  90.0218  0.692  0.4  47.4  34  3.1589  100
121.722  68.2668  2019.27  89.4677  18.758  0.36  47.4  34  3.1589  100
121.771  68.3956  1855.34  96.4427  208.186  0.39  47.4  34  3.1589  100
121.819  68.3956  2002.74  90.0152  0.531  0.36  47.4  34  3.1589  100
121.868  68.3956  1931.13  94.6723  157.302  0.38  47.4  34  3.1589  100
121.917  68.3956  1947.65  89.9608  1.333  0.37  48.7  34  3.1589  100
121.966  68.3956  1844.12  90.0133  0.428  0.39  48.7  34  3.1589  100
122.014  68.5244  1913.94  95.0189  167.44  0.38  48.7  34  3.1589  100
122.063  68.5244  1865.93  95.1989  169.079  0.39  48.7  34  3.1589  100
122.112  68.5244  1992.56  89.8596  4.882  0.36  48.7  34  3.1589  100
122.161  68.5244  1894.89  96.223  205.402  0.38  48.7  34  3.1589  100
122.209  68.6532  1893.23  95.2186  172.2  0.38  48  34  3.1589  100
122.258  68.6532  2008.06  89.6432  12.504  0.36  48  34  3.1589  100
122.307  68.6532  1872.05  95.2293  170.623  0.39  48  34  3.1589  100
122.356  68.6532  1979.54  89.8515  5.132  0.37  48  34  3.1589  100
122.404  68.6532  1922.93  94.6275  155.138  0.38  48  34  3.1589  100
122.453  68.782  1999.46  90.0116  0.405  0.36  48  34  3.1589  100
122.502  68.782  1845.71  90.0413  1.33  0.39  48.8  34  3.1589  100
122.551  68.782  1907.09  94.6067  153.169  0.38  48.8  34  3.1589  100
122.599  68.782  1857.94  95.3876  174.447  0.39  48.8  34  3.1589  100
122.648  68.9108  1941.02  95.0242  169.989  0.37  48.8  34  3.1589  100
122.697  68.9108  1900.2  96.3829  211.251  0.38  48.8  34  3.1589  100
122.746  68.9108  1873.63  95.2447  171.266  0.39  48.8  34  3.1589  100
122.794  68.9108  2005.53  89.8485  5.303  0.36  47.8  34  3.1589  100
122.843  68.9108  1870.15  95.1477  167.796  0.39  47.8  34  3.1589  100
122.892  69.0396  2015.87  90.0245  0.863  0.36  47.8  34  3.1589  100
122.941  69.0396  1921.58  94.9721  166.543  0.38  47.8  34  3.1589  100
122.989  69.0396  1872.03  95.5348  180.557  0.39  47.8  34  3.1589  100
123.038  69.0396  1856.24  89.9872  0.416  0.39  47.8  34  3.1589  100
123.087  69.1684  1898.94  94.8265  159.773  0.38  47.4  34  3.1589  100
123.136  69.1684  1952.73  89.8596  4.785  0.37  47.4  34  3.1589  100
123.184  69.1684  1936.1  95.0056  168.931  0.38  47.4  34  3.1589  100
123.233  69.1684  1903.91  96.1729  204.726  0.38  47.4  34  3.1589  100
123.282  69.1684  1836.68  90.0517  1.657  0.39  47.4  34  3.1589  100
123.331  69.2973  1909.52  95.0716  168.803  0.38  47.4  34  3.1589  100
123.379  69.2973  1968.65  89.7377  9.013  0.37  46.3  34  3.1589  100
123.428  69.2973  1968.33  89.0407  32.955  0.37  46.3  34  3.1589  100
123.477  69.2973  1927.94  95.9434  199.632  0.38  46.3  34  3.1589  100
123.526  69.2973  1811.41  90.0209  0.66  0.4  46.3  34  3.1589  100
123.574  69.4261  1992.88  89.6087  13.611  0.36  46.3  34  3.1589  100
123.623  69.4261  1906.69  94.8253  160.388  0.38  46.3  34  3.1589  100
123.672  69.4261  1943.14  89.8361  5.558  0.37  46.7  34  3.1589  100
123.721  69.4261  1929.06  95.1928  174.595  0.38  46.7  34  3.1589  100
123.77  69.4261  1883.08  95.0203  164.785  0.39  46.7  34  3.1589  100
123.818  69.5549  1973.91  89.9185  2.806  0.37  46.7  34  3.1589  100
123.867  69.5549  2018.75  89.703  10.465  0.36  46.7  34  3.1589  100
123.916  69.5549  1952.33  89.8244  5.982  0.37  46.7  34  3.1589  100
123.965  69.5549  1967.27  89.0847  31.424  0.37  46.7  34  3.1589  100
124.014  69.6837  1927.79  94.645  156.116  0.38  47.6  34  3.1589  100
124.063  69.6837  1953.13  89.8948  3.587  0.37  47.6  34  3.1589  100
124.111  69.6837  1987.26  89.0088  34.378  0.36  47.6  34  3.1589  100
124.16  69.6837  1902.41  94.8996  162.486  0.38  47.6  34  3.1589  100
124.209  69.6837  1861.76  94.1087  133.394  0.39  47.6  34  3.1589  100
124.258  69.8125  1933.71  95.165  174.08  0.38  47.6  34  3.1589  100
124.307  69.8125  1888.24  96.4481  212.057  0.39  47  34  3.1589  100
124.355  69.8125  1999.25  89.9952  0.169  0.36  47  34  3.1589  100
124.404  69.8125  2011  89.4733  18.486  0.36  47  34  3.1589  100
124.453  69.8125  1985.06  90.0101  0.349  0.36  47  34  3.1589  100
124.502  69.9413  1980.36  89.9228  2.668  0.37  47  34  3.1589  100
124.551  69.9413  2012.9  89.772  8.012  0.36  47  34  3.1589  100
124.6  69.9413  1878.01  95.2177  170.787  0.39  48  34  3.1589  100
124.648  69.9413  2025.12  89.9777  0.787  0.36  48  34  3.1589  100
124.697  69.9413  1883.54  95.1115  167.811  0.39  48  34  3.1589  100
124.746  70.0701  1862.45  93.9643  128.76  0.39  48  34  3.1589  100
124.795  70.0701  1930.46  94.847  163.114  0.38  48  34  3.1589  100
124.844  70.0701  1884.56  95.0111  164.613  0.39  48  34  3.1589  100
124.892  70.0701  1974.31  89.0063  34.238  0.37  46.6  34  3.1589  100
124.941  70.1989  2007.08  89.8405  5.588  0.36  46.6  34  3.1589  100
124.99  70.1989  1891.25  94.8276  159.164  0.38  46.6  34  3.1589  100
125.039  70.1989  1961.33  89.1187  30.167  0.37  46.6  34  3.1589  100
125.087  70.1989  1917.79  94.8516  162.197  0.38  46.6  34  3.1589  100
125.136  70.1989  1869.12  95.5522  180.843  0.39  46.6  34  3.1589  100
125.185  70.3277  2007.73  89.8961  3.642  0.36  46.8  34  3.1589  100
125.234  70.3277  1917.06  94.7125  157.497  0.38  46.8  34  3.1589  100
125.282  70.3277  1870.49  95.2173  170.089  0.39  46.8  34  3.1589  100
125.331  70.3277  1925.26  95.0714  170.187  0.38  46.8  34  3.1589  100
125.38  70.3277  1896.89  95.0288  166.275  0.38  46.8  34  3.1589  100
125.429  70.4565  2010.81  90.0121  0.425  0.36  46.8  34  3.1589  100
125.477  70.4565  1916.53  95.22  174.368  0.38  47.5  34  3.1589  100
125.526  70.4565  1808.44  90.001  0.032  0.4  47.5  34  3.1589  100
125.575  70.4565  2002.93  89.7675  8.127  0.36  47.5  34  3.1589  100
125.624  70.5853  1918.02  96.1903  206.821  0.38  47.5  34  3.1589  100
125.673  70.5853  1855.17  93.9897  129.076  0.39  47.5  34  3.1589  100
125.722  70.5853  1923.8  94.792  160.71  0.38  47.5  34  3.1589  100
125.77  70.5853  1902.19  96.135  203.291  0.38  47.5  34  3.1589  100
125.819  70.5853  1970.9  89.9342  2.265  0.37  47.5  34  3.1589  100
125.868  70.7141  1920.98  94.8575  162.665  0.38  47.5  34  3.1589  100
125.916  70.7141  1899.3  96.5299  215.99  0.38  47.5  34  3.1589  100
125.965  70.7141  1980.77  89.9585  1.435  0.37  47.5  34  3.1589  100
126.014  70.7141  1921.15  94.5908  153.766  0.38  47.5  34  3.1589  100
126.063  70.7141  1959.04  89.8636  4.662  0.37  47.5  34  3.1589  100
126.112  70.8429  1996.47  89.9156  2.94  0.36  47.5  34  3.1589  100
126.16  70.8429  1908.74  94.6218  153.802  0.38  47.5  34  3.1589  100
126.209  70.8429  1865.93  95.1989  169.079  0.39  47.5  34  3.1589  100
126.258  70.8429  2029.78  89.9542  1.624  0.36  47.5  34  3.1589  100
126.307  70.8429  1909.71  94.8064  160.013  0.38  47.5  34  3.1589  100
126.355  70.9717  1873.63  95.2447  171.266  0.39  47.5  34  3.1589  100
126.404  70.9717  1940.99  94.4165  149.468  0.37  47.5  34  3.1589  100
126.453  70.9717  1890.21  96.2019  204.202  0.38  47.5  34  3.1589  100
126.502  70.9717  1893  95.1727  170.67  0.38  47.5  34  3.1589  100
126.551  71.1005  2021.73  89.5323  16.503  0.36  47.5  34  3.1589  100
126.6  71.1005  1989.07  89.9518  1.673  0.36  47.5  34  3.1589  100
126.649  71.1005  1976.24  89.0334  33.338  0.37  47.5  34  3.1589  100
126.697  71.1005  1905.9  94.9731  165.218  0.38  46.8  34  3.1589  100
126.746  71.1005  1879.48  95.2087  170.625  0.39  46.8  34  3.1589  100
126.795  71.2293  1937.65  94.9962  168.749  0.37  46.8  34  3.1589  100
126.844  71.2293  1917.81  96.1436  205.246  0.38  46.8  34  3.1589  100
126.892  71.2293  1883.54  95.4187  177.87  0.39  46.8  34  3.1589  100
126.941  71.2293  1922.89  95.2298  175.272  0.38  46.8  34  3.1589  100
126.99  71.3581  1878.12  95.2388  171.485  0.39  47.5  34  3.1589  100
127.039  71.3581  1968.33  89.0407  32.955  0.37  47.5  34  3.1589  100
127.087  71.3581  2006.33  89.4984  17.566  0.36  47.5  34  3.1589  100
127.136  71.3581  1983.57  90.0177  0.613  0.36  47.5  34  3.1589  100
127.185  71.3581  1990.32  89.9472  1.834  0.36  47.5  34  3.1589  100
127.234  71.4869  1921.09  94.8791  163.395  0.38  47.5  34  3.1589  100
127.283  71.4869  1874.51  95.4263  177.265  0.39  48  34  3.1589  100
127.331  71.4869  2019.97  89.9491  1.795  0.36  48  34  3.1589  100
127.38  71.4869  1995.41  89.8244  6.115  0.36  48  34  3.1589  100
127.429  71.4869  1967.51  89.9143  2.943  0.37  48  34  3.1589  100
127.478  71.6157  1933.67  94.8496  163.472  0.38  48  34  3.1589  100
127.527  71.6157  1880.44  96.3969  209.511  0.39  48  34  3.1589  100
127.575  71.6157  1980.77  89.9585  1.435  0.37  47.1  34  3.1589  100
127.624  71.6157  1924.4  94.9066  164.599  0.38  47.1  34  3.1589  100
127.673  71.7446  1866.42  90.0254  0.827  0.39  47.1  34  3.1589  100
127.722  71.7446  2025.45  89.844  5.516  0.36  47.1  34  3.1589  100
127.77  71.7446  1988.57  89.9359  2.226  0.36  47.1  34  3.1589  100
127.819  71.7446  1882.28  95.4733  179.534  0.39  47.1  34  3.1589  100
127.868  71.7446  1932.99  95.0245  169.294  0.38  46.2  34  3.1589  100
127.917  71.8734  1897.47  96.114  202.095  0.38  46.2  34  3.1589  100
127.965  71.8734  1879.63  94.0808  133.761  0.39  46.2  34  3.1589  100
128.014  71.8734  1991.35  89.6168  13.317  0.36  46.2  34  3.1589  100
128.063  71.8734  1974.82  89.9507  1.698  0.37  46.2  34  3.1589  100
128.112  71.8734  1827.74  90.0619  1.976  0.4  46.2  34  3.1589  100
128.161  72.0022  1914.74  94.8705  162.57  0.38  46  34  3.1589  100
128.21  72.0022  1880.15  95.3453  175.151  0.39  46  34  3.1589  100
128.258  72.0022  1909.75  95.1178  170.359  0.38  46  34  3.1589  100
128.307  72.0022  1911.22  94.7969  159.825  0.38  46  34  3.1589  100
128.356  72.0022  1887.74  95.3463  175.89  0.38  46  34  3.1589  100
128.405  72.131  1929.16  94.9032  164.89  0.38  46  34  3.1589  100
128.453  72.131  1911.28  96.0844  202.582  0.38  48.4  34  3.1589  100
128.502  72.131  1867.02  93.9795  129.57  0.39  48.4  34  3.1589  100
128.551  72.131  1994.41  89.6005  13.906  0.36  48.4  34  3.1589  100
128.6  72.131  1890.21  96.2019  204.202  0.38  48.4  34  3.1589  100
128.649  72.2598  1897.02  95.0534  167.098  0.38  48.4  34  3.1589  100
128.697  72.2598  1929.03  94.8782  164.039  0.38  48.4  34  3.1589  100
128.746  72.2598  1942.08  89.8788  4.107  0.37  47.1  34  3.1589  100
128.795  72.2598  1970.25  89.0677  32.058  0.37  47.1  34  3.1589  100
128.844  72.2598  1890.93  95.0657  166.965  0.38  47.1  34  3.1589  100
128.892  72.3886  1880.5  95.1085  167.444  0.39  47.1  34  3.1589  100
128.941  72.3886  1999.45  89.6119  13.542  0.36  47.1  34  3.1589  100
128.99  72.3886  1914.54  96.114  203.91  0.38  47.1  34  3.1589  100
129.039  72.3886  1956.35  89.7657  8  0.37  47.1  34  3.1589  100
129.087  72.5174  1928.58  94.4955  151.163  0.38  46.2  34  3.1589  100
129.136  72.5174  1888.92  96.2561  205.841  0.39  46.2  34  3.1589  100
129.185  72.5174  1990.32  89.9472  1.834  0.36  46.2  34  3.1589  100
129.234  72.5174  1909.22  94.7141  156.906  0.38  46.2  34  3.1589  100
129.282  72.5174  1865.36  95.3887  175.178  0.39  46.2  34  3.1589  100
129.331  72.6462  2023.1  89.9497  1.776  0.36  46.2  34  3.1589  100
129.38  72.6462  1923.47  96.3521  212.81  0.38  47.5  34  3.1589  100
129.429  72.6462  1867.24  95.4703  178.005  0.39  47.5  34  3.1589  100
129.477  72.6462  1925.34  94.7824  160.518  0.38  47.5  34  3.1589  100
129.526  72.6462  1883.08  95.0203  164.785  0.39  47.5  34  3.1589  100
129.575  72.775  1877.66  94.0002  130.986  0.39  47.5  34  3.1589  100
129.624  72.775  2020.76  89.7312  9.48  0.36  47.5  34  3.1589  100
129.672  72.775  1888.2  95.1297  168.827  0.38  47.7  34  3.1589  100
129.721  72.775  1977.05  88.8375  40.111  0.37  47.7  34  3.1589  100
129.77  72.775  1915.46  95.0096  167.262  0.38  47.7  34  3.1589  100
129.819  72.9038  1868.26  95.371  174.876  0.39  47.7  34  3.1589  100
129.868  72.9038  2008.02  89.7794  7.73  0.36  47.7  34  3.1589  100
129.917  72.9038  1917.06  94.7125  157.497  0.38  47.7  34  3.1589  100
129.965  72.9038  1869.27  95.2715  171.74  0.39  49.9  34  3.1589  100
130.014  72.9038  1938.97  94.9398  166.962  0.37  49.9  34  3.1589  100
130.063  73.0326  1907.47  94.6775  155.549  0.38  49.9  34  3.1589  100
130.112  73.0326  2004.25  90.0075  0.261  0.36  49.9  34  3.1589  100
130.16  73.0326  1921.09  94.8791  163.395  0.38  49.9  34  3.1589  100
130.209  73.0326  1882.59  96.1974  203.234  0.39  49.9  34  3.1589  100
130.258  73.1614  1991.86  89.9393  2.109  0.36  48  34  3.1589  100
130.307  73.1614  1920.85  94.8326  161.821  0.38  48  34  3.1589  100
130.355  73.1614  1844.47  94.1806  134.463  0.39  48  34  3.1589  100
130.404  73.1614  1918.88  95.0622  169.316  0.38  48  34  3.1589  100
130.453  73.1614  1899.59  96.2442  206.612  0.38  48  34  3.1589  100
130.502  73.2902  1958.8  89.1709  28.343  0.37  48  34  3.1589  100
130.551  73.2902  1930.61  95.1836  174.424  0.38  45.5  34  3.1589  100
130.599  73.2902  1885.57  94.9106  161.407  0.39  45.5  34  3.1589  100
130.648  73.2902  1879.03  95.1176  167.611  0.39  45.5  34  3.1589  100
130.697  73.2902  1992.75  89.8763  4.303  0.36  45.5  34  3.1589  100
130.746  73.419  1876.2  95.1569  168.639  0.39  45.5  34  3.1589  100
130.794  73.419  1989.08  89.8396  5.567  0.36  45.5  34  3.1589  100
130.843  73.419  1918.09  94.6101  154.167  0.38  45.9  34  3.1589  100
130.892  73.419  1885.59  95.2181  171.49  0.39  45.9  34  3.1589  100
130.941  73.5478  1992.46  88.902  38.182  0.36  45.9  34  3.1589  100
130.989  73.5478  1907.96  94.7697  158.649  0.38  45.9  34  3.1589  100
131.038  73.5478  1895.29  95.0168  165.738  0.38  45.9  34  3.1589  100
131.087  73.5478  1946.55  94.8449  164.405  0.37  45.9  34  3.1589  100
131.136  73.5478  1905.42  94.8809  162.121  0.38  47.1  34  3.1589  100
131.184  73.6766  1904.75  95.0532  167.773  0.38  47.1  34  3.1589  100
131.233  73.6766  1922.63  94.8696  163.208  0.38  47.1  34  3.1589  100
131.282  73.6766  1883.86  94.8743  160.072  0.39  47.1  34  3.1589  100
131.331  73.6766  1911.27  95.1086  170.187  0.38  47.1  34  3.1589  100
131.38  73.8054  1930.63  94.5789  154.127  0.38  47.1  34  3.1589  100
131.429  73.8054  1848.52  95.2609  169.491  0.39  47.1  34  3.1589  100
131.477  73.8054  1927.04  95.1087  171.594  0.38  45.6  34  3.1589  100
131.526  73.8054  1903.02  96.3202  209.493  0.38  45.6  34  3.1589  100
131.575  73.8054  1951.66  89.9025  3.32  0.37  45.6  34  3.1589  100
131.624  73.9342  1911.74  95.2012  173.305  0.38  45.6  34  3.1589  100
131.673  73.9342  1872.91  96.3917  208.502  0.39  45.6  34  3.1589  100
131.721  73.9342  1974.32  89.9541  1.582  0.37  45.6  34  3.1589  100
131.77  73.9342  2008.49  89.6795  11.237  0.36  46.6  34  3.1589  100
131.819  73.9342  1972.88  89.8284  5.909  0.37  46.6  34  3.1589  100
131.868  74.063  2011.99  89.8358  5.767  0.36  46.6  34  3.1589  100
131.916  74.063  2021.73  89.5323  16.503  0.36  46.6  34  3.1589  100
131.965  74.063  1884.79  95.3642  176.201  0.39  46.6  34  3.1589  100
132.014  74.063  2019.84  88.7049  45.654  0.36  46.6  34  3.1589  100
132.063  74.1919  1916.51  94.9074  163.95  0.38  44.8  34  3.1589  100
132.112  74.1919  1864.13  93.9993  130.013  0.39  44.8  34  3.1589  100
132.16  74.1919  1923.96  95.1273  171.943  0.38  44.8  34  3.1589  100
132.209  74.1919  1887.28  94.947  162.747  0.38  44.8  34  3.1589  100
132.258  74.1919  2013.4  89.9609  1.375  0.36  44.8  34  3.1589  100
132.307  74.3207  2026.65  89.6618  11.962  0.36  44.8  34  3.1589  100
132.356  74.3207  1888.05  94.8007  158.01  0.38  42.6  34  3.1589  100
132.404  74.3207  2029.91  89.9375  2.214  0.36  42.6  34  3.1589  100
132.453  74.3207  1937.02  96.1824  208.607  0.38  42.6  34  3.1589  100
132.502  74.3207  1860.08  94.0737  132.138  0.39  42.6  34  3.1589  100
132.551  74.4495  1912.55  95.053  168.453  0.38  42.6  34  3.1589  100
132.6  74.4495  1892.97  94.864  160.507  0.38  42.6  34  3.1589  100
132.648  74.4495  1888.78  95.2458  172.687  0.38  45  34  3.1589  100
132.697  74.4495  1946.8  94.892  166.021  0.37  45  34  3.1589  100
132.746  74.5783  1980.55  89.9394  2.096  0.37  45  34  3.1589  100
132.795  74.5783  1981.2  89.0433  33.079  0.37  45  34  3.1589  100
132.843  74.5783  1891.72  94.9191  162.214  0.38  45  34  3.1589  100
132.892  74.5783  1866.49  96.2877  204.419  0.39  45  34  3.1589  100
132.941  74.5783  1935.11  94.8183  162.541  0.38  44.1  34  3.1589  100
132.99  74.7071  1928.78  94.8315  162.453  0.38  44.1  34  3.1589  100
133.039  74.7071  1877.41  93.955  129.49  0.39  44.1  34  3.1589  100
133.087  74.7071  1942.34  94.9677  168.197  0.37  44.1  34  3.1589  100
133.136  74.7071  1911.38  94.5316  151.016  0.38  44.1  34  3.1589  100
133.185  74.7071  1879.12  93.9903  130.763  0.39  44.1  34  3.1589  100
133.234  74.8359  1928.58  95.0994  171.419  0.38  44.5  34  3.1589  100
133.282  74.8359  1874.6  94.8392  158.14  0.39  44.5  34  3.1589  100
133.331  74.8359  1976.52  89.8672  4.58  0.37  44.5  34  3.1589  100
133.38  74.8359  2016.74  89.6748  11.447  0.36  44.5  34  3.1589  100
133.429  74.8359  1882.42  95.1906  170.3  0.39  44.5  34  3.1589  100
133.478  74.9647  1994.43  88.9292  37.272  0.36  44.5  34  3.1589  100
133.527  74.9647  1928.04  94.6916  157.699  0.38  45.6  34  3.1589  100
133.575  74.9647  1991.03  89.9794  0.717  0.36  45.6  34  3.1589  100
133.624  74.9647  2022.84  89.6249  13.244  0.36  45.6  34  3.1589  100
133.673  75.0935  1909.28  96.3335  210.623  0.38  45.6  34  3.1589  100
133.722  75.0935  1882.31  94.0156  131.816  0.39  45.6  34  3.1589  100
133.77  75.0935  2043.28  89.9632  1.311  0.35  45.6  34  3.1589  100
133.819  75.0935  1905  96.0719  201.503  0.38  45.6  34  3.1589  100
133.868  75.0935  1992.77  89.9906  0.327  0.36  45.1  34  3.1589  100
133.916  75.2223  1926  94.6081  154.736  0.38  45.1  34  3.1589  100
133.965  75.2223  1965.39  89.8677  4.538  0.37  45.1  34  3.1589  100
134.014  75.2223  2000.12  88.8578  39.869  0.36  45.1  34  3.1589  100
134.063  75.2223  1928.04  94.6916  157.699  0.38  45.1  34  3.1589  100
134.111  75.2223  1886.71  93.9857  131.141  0.38  45.1  34  3.1589  100
134.16  75.3511  1925.83  94.8755  163.679  0.38  45.4  34  3.1589  100
134.209  75.3511  1907.96  94.7697  158.649  0.38  45.4  34  3.1589  100
134.258  75.3511  1969.19  89.1118  30.526  0.37  45.4  34  3.1589  100
134.306  75.3511  2014.31  89.6103  13.701  0.36  45.4  34  3.1589  100
134.355  75.3511  1884.56  95.0111  164.613  0.39  45.4  34  3.1589  100
134.404  75.4799  1844.07  89.9968  0.104  0.39  45.4  34  3.1589  100
134.453  75.4799  1909.47  94.7602  158.459  0.38  46.4  34  3.1589  100
134.501  75.4799  1874.07  95.3355  174.264  0.39  46.4  34  3.1589  100
134.55  75.4799  2006.89  89.8237  6.176  0.36  46.4  34  3.1589  100
134.599  75.4799  1912.98  94.8337  161.195  0.38  46.4  34  3.1589  100
134.648  75.6087  1875.26  94.1104  134.417  0.39  46.4  34  3.1589  100
134.697  75.6087  2004.1  89.5873  14.436  0.36  46.4  34  3.1589  100
134.745  75.6087  1892.65  95.1023  168.322  0.38  45.2  34  3.1589  100
134.794  75.6087  1889.35  95.0536  166.429  0.38  45.2  34  3.1589  100
134.843  75.7375  2011.88  89.5459  15.944  0.36  45.2  34  3.1589  100
134.892  75.7375  1799.86  90.0462  1.45  0.4  45.2  34  3.1589  100
134.94  75.7375  1989.08  89.8396  5.567  0.36  45.2  34  3.1589  100
134.989  75.7375  1990.92  89.5809  14.562  0.36  45.2  34  3.1589  100
135.038  75.7375  1858.59  95.5227  178.872  0.39  45.1  34  3.1589  100
135.087  75.8663  1916.64  94.9323  164.789  0.38  45.1  34  3.1589  100
135.135  75.8663  1886.26  95.0475  165.957  0.39  45.1  34  3.1589  100
135.184  75.8663  1874.87  95.1903  169.606  0.39  45.1  34  3.1589  100
135.233  75.8663  2001.1  89.8918  3.779  0.36  45.1  34  3.1589  100
135.282  75.8663  1885.57  94.9106  161.407  0.39  45.1  34  3.1589  100
135.331  75.9951  1878.8  95.0722  166.105  0.39  43.8  34  3.1589  100
135.38  75.9951  2014.04  89.7275  9.579  0.36  43.8  34  3.1589  100
135.429  75.9951  1881.32  96.2514  204.86  0.39  43.8  34  3.1589  100
135.477  75.9951  1959.79  88.8623  38.913  0.37  43.8  34  3.1589  100
135.526  76.1239  1999.61  89.7643  8.226  0.36  43.8  34  3.1589  100
135.575  76.1239  1974.25  90.0283  0.976  0.37  43.8  34  3.1589  100
135.623  76.1239  1922.51  94.848  162.477  0.38  44.5  34  3.1589  100
135.672  76.1239  1896.79  96.307  208.373  0.38  44.5  34  3.1589  100
135.721  76.1239  1956.35  89.7657  8  0.37  44.5  34  3.1589  100
135.77  76.2527  1985.74  89.0174  34.052  0.36  44.5  34  3.1589  100
135.818  76.2527  1909.76  96.0929  202.702  0.38  44.5  34  3.1589  100
135.867  76.2527  1996.23  90.0106  0.368  0.36  44.5  34  3.1589  100
135.916  76.2527  1933.98  94.6061  155.308  0.38  44.4  34  3.1589  100
135.965  76.2527  1881.84  95.075  166.467  0.39  44.4  34  3.1589  100
136.014  76.3815  1908.24  95.1271  170.53  0.38  44.4  34  3.1589  100
136.062  76.3815  1928.16  95.9903  201.223  0.38  44.4  34  3.1589  100
136.111  76.3815  1811.41  90.0209  0.66  0.4  44.4  34  3.1589  100
136.16  76.3815  2001.1  89.8918  3.779  0.36  44.4  34  3.1589  100
136.209  76.3815  1894.37  95.139  169.683  0.38  45.4  34  3.1589  100
136.258  76.5103  1872.17  95.2536  171.425  0.39  45.4  34  3.1589  100
136.306  76.5103  1989.39  89.5891  14.267  0.36  45.4  34  3.1589  100
136.355  76.5103  1899.18  96.1518  203.522  0.38  45.4  34  3.1589  100
136.404  76.5103  1884.03  94.0511  133.098  0.38  45.4  34  3.1589  100
136.453  76.5103  1929.33  94.6353  155.915  0.38  45.4  34  3.1589  100
136.502  76.6392  1885.1  94.8194  158.377  0.39  45.4  34  3.1589  100
136.551  76.6392  1987.97  89.8834  4.045  0.36  46.4  34  3.1589  100
136.599  76.6392  1915.46  95.0096  167.262  0.38  46.4  34  3.1589  100
136.648  76.6392  1862.9  95.4966  178.441  0.39  46.4  34  3.1589  100
136.697  76.768  2013.98  89.864  4.78  0.36  46.4  34  3.1589  100
136.746  76.768  1913.01  96.1224  204.028  0.38  46.4  34  3.1589  100
136.795  76.768  1884.68  95.0355  165.425  0.39  46.4  34  3.1589  100
136.844  76.768  1922.76  94.8945  164.053  0.38  45.3  34  3.1589  100
136.892  76.768  1889.68  95.1206  168.659  0.38  45.3  34  3.1589  100
136.941  76.8968  1883.43  95.0903  167.109  0.39  45.3  34  3.1589  100
136.99  76.8968  1930.37  94.5323  152.54  0.38  45.3  34  3.1589  100
137.039  76.8968  1948.72  89.918  2.789  0.37  45.3  34  3.1589  100
137.088  76.8968  1982.99  89.8714  4.452  0.36  45.3  34  3.1589  100
137.137  76.8968  1996.53  89.7804  7.652  0.36  45.2  34  3.1589  100
137.185  77.0256  1873.49  95.526  180.413  0.39  45.2  34  3.1589  100
137.234  77.0256  2025.15  89.9615  1.359  0.36  45.2  34  3.1589  100
137.283  77.0256  1923.74  96.0629  203.185  0.38  45.2  34  3.1589  100
137.332  77.0256  1864.38  94.0442  131.488  0.39  45.2  34  3.1589  100
137.38  77.1544  2021.55  89.9411  2.079  0.36  45.2  34  3.1589  100
137.429  77.1544  1895.4  95.038  166.449  0.38  44  34  3.1589  100
137.478  77.1544  2020.96  90.037  1.306  0.36  44  34  3.1589  100
137.527  77.1544  2025.33  89.5521  15.832  0.36  44  34  3.1589  100
137.575  77.1544  1956.48  89.9145  2.921  0.37  44  34  3.1589  100
137.624  77.2832  2016.94  89.981  0.669  0.36  44  34  3.1589  100
137.673  77.2832  1903.12  95.0378  167.118  0.38  44  34  3.1589  100
137.722  77.2832  1989.53  89.9871  0.449  0.36  44.6  34  3.1589  100
137.771  77.2832  2030.65  89.8562  5.096  0.36  44.6  34  3.1589  100
137.819  77.412  1916.99  95.0002  167.083  0.38  44.6  34  3.1589  100
137.868  77.412  1865.14  95.3434  173.692  0.39  44.6  34  3.1589  100
137.917  77.412  1930.37  95.1368  172.833  0.38  44.6  34  3.1589  100
137.966  77.412  1953.13  89.8948  3.587  0.37  44.6  34  3.1589  100
138.015  77.412  1981.88  89.915  2.942  0.37  44.9  34  3.1589  100
138.063  77.5408  2003.13  89.7843  7.542  0.36  44.9  34  3.1589  100
138.112  77.5408  1884.67  96.3267  207.685  0.39  44.9  34  3.1589  100
138.161  77.5408  1991.38  88.9467  36.606  0.36  44.9  34  3.1589  100
138.21  77.5408  1899.71  94.6792  154.973  0.38  44.9  34  3.1589  100
138.258  77.5408  1869.02  94.9214  160.342  0.39  44.9  34  3.1589  100
138.307  77.6696  1988.07  88.8117  41.231  0.36  43.2  34  3.1589  100
138.356  77.6696  1914.11  96.0209  200.772  0.38  43.2  34  3.1589  100
138.405  77.6696  1991.27  89.9983  0.059  0.36  43.2  34  3.1589  100
138.453  77.6696  1993.98  89.5645  15.155  0.36  43.2  34  3.1589  100
138.502  77.7984  1809.87  89.9934  0.207  0.4  43.2  34  3.1589  100
138.552  77.7984  1947.62  88.0234  67.175  0.37  43.2  34  3.1589  100
138.6  77.7984  2016.74  89.6748  11.447  0.36  46.6  34  3.1589  100
138.649  77.7984  1815.74  89.9981  0.059  0.4  46.6  34  3.1589  100
138.698  77.7984  1972.18  89.0948  31.158  0.37  46.6  34  3.1589  100
138.747  77.9272  1901.35  94.4058  146.062  0.38  46.6  34  3.1589  100
138.795  77.9272  1947.65  89.9608  1.333  0.37  46.6  34  3.1589  100
138.845  77.9272  1931.76  94.7907  161.333  0.38  46.6  34  3.1589  100
138.894  77.9272  1897.11  94.4808  148.212  0.38  46.6  34  3.1589  100
138.942  78.056  1892.08  94.9894  164.558  0.38  44.4  34  3.1589  100
138.991  78.056  2008.22  89.7962  7.142  0.36  44.4  34  3.1589  100
139.04  78.056  1885.86  96.6021  216.824  0.39  44.4  34  3.1589  100
139.089  78.056  1873.3  94.03  131.653  0.39  44.4  34  3.1589  100
139.137  78.056  1934.76  94.4561  150.322  0.38  44.4  34  3.1589  100
139.186  78.1848  1880.45  94.8019  157.415  0.39  44.4  34  3.1589  100
139.235  78.1848  2013.98  89.864  4.78  0.36  45.9  34  3.1589  100
139.284  78.1848  1895.86  95.1298  169.515  0.38  45.9  34  3.1589  100
139.332  78.1848  1892.2  95.3193  175.42  0.38  45.9  34  3.1589  100
139.381  78.3136  1933.23  95.0713  170.889  0.38  45.9  34  3.1589  100
139.43  78.3136  1909.55  96.0464  201.14  0.38  45.9  34  3.1589  100
139.479  78.3136  1998.79  89.9597  1.405  0.36  45.9  34  3.1589  100
139.528  78.3136  2006.23  89.7681  8.12  0.36  45.8  34  3.1589  100
139.576  78.3136  1899.41  94.9184  162.848  0.38  45.8  34  3.1589  100
139.625  78.4424  1959.18  88.9417  36.185  0.37  45.8  34  3.1589  100
139.674  78.4424  1927.24  94.841  162.643  0.38  45.8  34  3.1589  100
139.723  78.4424  1967.16  89.7456  8.733  0.37  45.8  34  3.1589  100
139.771  78.4424  1910.56  94.9698  165.513  0.38  45.8  34  3.1589  100
139.82  78.4424  1890.24  94.9284  162.392  0.38  44.9  34  3.1589  100
139.869  78.5712  1889.23  95.3373  175.734  0.38  44.9  34  3.1589  100
139.918  78.5712  2019.84  89.7953  7.215  0.36  44.9  34  3.1589  100
139.966  78.5712  1909.76  96.0929  202.702  0.38  44.9  34  3.1589  100
140.015  78.5712  1885.24  93.9957  131.367  0.38  44.9  34  3.1589  100
140.064  78.7  2010.75  89.5905  14.371  0.36  44.9  34  3.1589  100
140.113  78.7  1874.74  95.1659  168.802  0.39  44.6  34  3.1589  100
140.162  78.7  1972.55  88.8637  39.117  0.37  44.6  34  3.1589  100
140.21  78.7  1930.33  94.822  162.263  0.38  44.6  34  3.1589  100
140.259  78.7  1981.18  89.9551  1.552  0.37  44.6  34  3.1589  100
140.308  78.8288  2014.7  89.7833  7.62  0.36  44.6  34  3.1589  100
140.357  78.8288  1921.77  95.978  200.145  0.38  44.6  34  3.1589  100
140.406  78.8288  2002.27  89.9797  0.709  0.36  46.5  34  3.1589  100
140.455  78.8288  1921.12  95.1924  173.863  0.38  46.5  34  3.1589  100
140.503  78.8288  1987.05  89.9437  1.952  0.36  46.5  34  3.1589  100
140.552  78.9576  1999.71  90.0306  1.067  0.36  46.5  34  3.1589  100
140.601  78.9576  2024.89  89.5156  17.12  0.36  46.5  34  3.1589  100
140.65  78.9576  1885.55  96.1808  203.011  0.39  46.5  34  3.1589  100
140.698  78.9576  1976.52  87.9149  71.913  0.37  44  34  3.1589  100
140.747  79.0865  1916.82  94.6661  155.932  0.38  44  34  3.1589  100
140.796  79.0865  1955.28  89.8088  6.525  0.37  44  34  3.1589  100
140.845  79.0865  1920.17  95.0064  167.566  0.38  44  34  3.1589  100
140.893  79.0865  1900.35  95.1023  169.006  0.38  44  34  3.1589  100
140.942  79.0865  1873.55  94.0751  133.143  0.39  44  34  3.1589  100
140.991  79.2153  1928.58  95.0994  171.419  0.38  44.5  34  3.1589  100
141.04  79.2153  1909.71  94.8064  160.013  0.38  44.5  34  3.1589  100
141.089  79.2153  1962.38  89.0748  31.687  0.37  44.5  34  3.1589  100
141.137  79.2153  1997.49  89.5841  14.5  0.36  44.5  34  3.1589  100
141.186  79.3441  1879.17  96.4508  211.124  0.39  44.5  34  3.1589  100
141.235  79.3441  1983.78  88.9902  34.96  0.36  44.5  34  3.1589  100
141.284  79.3441  1926.61  95.9989  201.35  0.38  45  34  3.1589  100
141.333  79.3441  1799.77  90.0114  0.357  0.4  45  34  3.1589  100
141.382  79.3441  2006.59  89.9402  2.094  0.36  45  34  3.1589  100
141.43  79.4729  1883.54  95.1115  167.811  0.39  45  34  3.1589  100
141.479  79.4729  1859.14  94.1731  135.289  0.39  45  34  3.1589  100
141.528  79.4729  1924.78  94.9782  167.025  0.38  45  34  3.1589  100
141.577  79.4729  1890.7  95.0199  165.44  0.38  45  34  3.1589  100
141.626  79.4729  1900.7  95.173  171.374  0.38  45.2  34  3.1589  100
141.674  79.6017  2007.2  89.5708  15.036  0.36  45.2  34  3.1589  100
141.723  79.6017  1946.46  89.8556  4.905  0.37  45.2  34  3.1589  100
141.772  79.6017  2036.51  89.9587  1.468  0.36  45.2  34  3.1589  100
141.821  79.6017  1908.2  94.8159  160.201  0.38  45.2  34  3.1589  100
141.869  79.6017  1870.4  94.0498  132.093  0.39  45.2  34  3.1589  100
141.918  79.7305  1919.59  95.2016  174.032  0.38  44.7  34  3.1589  100
141.967  79.7305  1909.28  96.3335  210.623  0.38  44.7  34  3.1589  100
142.016  79.7305  1876.21  94.0101  131.209  0.39  44.7  34  3.1589  100
142.064  79.7305  1919.36  95.1551  172.459  0.38  44.7  34  3.1589  100
142.113  79.7305  1900.68  96.1434  203.407  0.38  44.7  34  3.1589  100
142.162  79.8593  1883.09  95.3274  174.84  0.39  44.7  34  3.1589  100
142.211  79.8593  1989.69  89.8921  3.746  0.36  47.1  34  3.1589  100
142.26  79.8593  1981.18  89.9551  1.552  0.37  47.1  34  3.1589  100
142.308  79.8593  2002.74  90.0152  0.531  0.36  47.1  34  3.1589  100
142.357  79.8593  1927.04  96.0926  204.529  0.38  47.1  34  3.1589  100
142.406  79.9881  1966.88  89.8599  4.811  0.37  47.1  34  3.1589  100
142.455  79.9881  1933.56  94.8279  162.733  0.38  47.1  34  3.1589  100
142.503  79.9881  1917.17  96.0037  200.523  0.38  46.2  34  3.1589  100
142.552  79.9881  1867.02  93.9795  129.57  0.39  46.2  34  3.1589  100
142.601  79.9881  1990.66  89.6968  10.536  0.36  46.2  34  3.1589  100
142.65  80.1169  1898.62  95.0655  167.638  0.38  46.2  34  3.1589  100
142.698  80.1169  1903.71  95.1547  171.038  0.38  46.2  34  3.1589  100
142.747  80.1169  1929.08  94.5887  154.33  0.38  46.2  34  3.1589  100
142.796  80.1169  1955.4  89.9574  1.453  0.37  45.4  34  3.1589  100
142.845  80.1169  1977.34  89.9385  2.123  0.37  45.4  34  3.1589  100
142.893  80.2457  1928.78  94.8315  162.453  0.38  45.4  34  3.1589  100
142.942  80.2457  1871.16  95.3533  174.572  0.39  45.4  34  3.1589  100
142.991  80.2457  2025.12  89.9777  0.787  0.36  45.4  34  3.1589  100
143.04  80.2457  1887.05  94.9013  161.228  0.38  45.4  34  3.1589  100
143.088  80.3745  1882.56  94.061  133.32  0.39  42.8  34  3.1589  100
143.137  80.3745  1926.8  95.062  170.01  0.38  42.8  34  3.1589  100
143.186  80.3745  1888.43  95.1755  170.348  0.38  42.8  34  3.1589  100
143.235  80.3745  1820.33  90.0646  2.051  0.4  42.8  34  3.1589  100
143.283  80.3745  1999.88  89.648  12.286  0.36  42.8  34  3.1589  100
143.333  80.5033  1858.83  95.2645  170.555  0.39  42.8  34  3.1589  100
143.381  80.5033  1997.05  88.8755  39.191  0.36  43.7  34  3.1589  100
143.43  80.5033  1916.57  94.6198  154.367  0.38  43.7  34  3.1589  100
143.479  80.5033  1876.19  95.463  178.618  0.39  43.7  34  3.1589  100
143.527  80.6321  1991.86  89.9393  2.109  0.36  43.7  34  3.1589  100
143.577  80.6321  1894.2  96.4156  211.659  0.38  43.7  34  3.1589  100
143.625  80.6321  1934.63  89.2338  25.869  0.37  43.7  34  3.1589  100
143.674  80.6321  1939.7  95.0806  171.776  0.37  45  34  3.1589  100
143.723  80.7609  1889.68  95.1206  168.659  0.38  45  34  3.1589  100
143.772  80.7609  1979.95  89.8871  3.9  0.37  45  34  3.1589  100
143.82  80.7609  1928.54  94.7849  160.868  0.38  45  34  3.1589  100
143.869  80.7609  1949.11  89.9531  1.596  0.37  45  34  3.1589  100
143.918  80.7609  1971.93  88.9437  36.353  0.37  45  34  3.1589  100
143.967  80.8897  1929.71  95.9817  201.095  0.38  45  34  3.1589  100
144.015  80.8897  1870.27  95.172  168.596  0.39  42.9  34  3.1589  100
144.064  80.8897  1839.65  90.0364  1.167  0.39  42.9  34  3.1589  100
144.113  80.8897  1911  96.3717  212.081  0.38  42.9  34  3.1589  100
144.162  80.8897  1960.9  89.0833  31.372  0.37  42.9  34  3.1589  100
144.21  81.0185  1953.37  94.9009  166.88  0.37  42.9  34  3.1589  100
144.259  81.0185  1890  96.1559  202.672  0.38  42.9  34  3.1589  100
144.308  81.0185  1975.42  89.9107  3.079  0.37  46.3  34  3.1589  100
144.357  81.0185  2003.4  89.6678  11.616  0.36  46.3  34  3.1589  100
144.405  81.0185  1860.02  95.514  178.729  0.39  46.3  34  3.1589  100
144.454  81.1473  1980.36  89.9228  2.668  0.37  46.3  34  3.1589  100
144.503  81.1473  2004.26  89.7401  9.093  0.36  46.3  34  3.1589  100
144.552  81.1473  1941.41  89.9565  1.476  0.37  46.3  34  3.1589  100
144.6  81.1473  1847.21  90.0336  1.083  0.39  46.3  34  3.1589  100
144.649  81.1473  1898.62  95.0655  167.638  0.38  46.3  34  3.1589  100
144.698  81.2761  1947.06  89.2377  25.904  0.37  46.3  34  3.1589  100
144.747  81.2761  1927.86  94.9593  166.66  0.38  46.3  34  3.1589  100
144.796  81.2761  1893.91  95.0473  166.622  0.38  46.3  34  3.1589  100
144.844  81.2761  1884.98  93.9503  129.859  0.38  46.3  34  3.1589  100
144.893  81.4049  1919.62  94.6005  153.967  0.38  47.7  34  3.1589  100
144.942  81.4049  1864.36  95.1837  168.444  0.39  47.7  34  3.1589  100
144.991  81.4049  2021.56  89.9575  1.498  0.36  47.7  34  3.1589  100
145.039  81.4049  1932.77  96.302  212.157  0.38  47.7  34  3.1589  100
145.088  81.4049  1876.77  95.2722  172.451  0.39  47.7  34  3.1589  100
145.137  81.5338  1907.29  94.9423  164.319  0.38  47.7  34  3.1589  100
145.186  81.5338  1874.52  95.1205  167.303  0.39  44.8  34  3.1589  100
145.235  81.5338  1869.27  95.2715  171.74  0.39  44.8  34  3.1589  100
145.283  81.5338  2019.45  89.6219  13.327  0.36  44.8  34  3.1589  100
145.332  81.6626  1881.61  95.0294  164.957  0.39  44.8  34  3.1589  100
145.381  81.6626  1980.36  89.9228  2.668  0.37  44.8  34  3.1589  100
145.43  81.6626  1899.65  94.9643  164.387  0.38  44.8  34  3.1589  100
145.478  81.6626  1937.33  89.8671  4.494  0.37  45.2  34  3.1589  100
145.527  81.6626  1905.22  95.1455  170.869  0.38  45.2  34  3.1589  100
145.576  81.7914  1921.34  94.9256  164.968  0.38  45.2  34  3.1589  100
145.625  81.7914  1878.46  95.3087  173.799  0.39  45.2  34  3.1589  100
145.673  81.7914  2026.67  89.9699  1.065  0.36  45.2  34  3.1589  100
145.722  81.7914  1874.84  94.8845  159.638  0.39  45.2  34  3.1589  100
145.771  81.7914  1879.03  95.1176  167.611  0.39  45.4  34  3.1589  100
145.82  81.9202  2017.01  89.5573  15.583  0.36  45.4  34  3.1589  100
145.868  81.9202  1890.93  95.0657  166.965  0.38  45.4  34  3.1589  100
145.917  81.9202  2010.34  89.9765  0.826  0.36  45.4  34  3.1589  100
145.966  81.9202  1925.21  94.7574  159.672  0.38  45.4  34  3.1589  100
146.015  81.9202  1867.24  95.4703  178.005  0.39  45.4  34  3.1589  100
146.063  82.049  1839.55  90.0008  0.025  0.39  45.4  34  3.1589  100
146.112  82.049  1904.63  95.0285  166.943  0.38  45.4  34  3.1589  100
146.161  82.049  1947.52  89.8128  6.364  0.37  45.4  34  3.1589  100
146.21  82.049  1910.56  94.9698  165.513  0.38  45.4  34  3.1589  100
146.258  82.1778  1886.81  94.8557  159.711  0.38  45.4  34  3.1589  100
146.307  82.1778  2006.83  89.9564  1.527  0.36  45.4  34  3.1589  100
146.356  82.1778  1942.55  94.4065  149.252  0.37  45.4  34  3.1589  100
146.405  82.1778  1882.62  94.9291  161.762  0.39  42.7  34  3.1589  100
146.453  82.1778  1979.94  89.9816  0.636  0.37  42.7  34  3.1589  100
146.502  82.3066  1925.5  94.5151  151.578  0.38  42.7  34  3.1589  100
146.551  82.3066  1943.14  89.8361  5.558  0.37  42.7  34  3.1589  100
146.6  82.3066  1997.59  89.8717  4.473  0.36  42.7  34  3.1589  100
146.648  82.3066  1921.77  95.978  200.145  0.38  42.7  34  3.1589  100
146.697  82.3066  1870.27  95.172  168.596  0.39  43.9  34  3.1589  100
146.746  82.4354  1986.82  88.9729  35.615  0.36  43.9  34  3.1589  100
146.795  82.4354  1897.68  96.1602  203.637  0.38  43.9  34  3.1589  100
146.843  82.4354  1817.24  90.0094  0.297  0.4  43.9  34  3.1589  100
146.892  82.4354  2016.04  89.7557  8.596  0.36  43.9  34  3.1589  100
146.941  82.4354  1854.75  95.3361  172.487  0.39  43.9  34  3.1589  100
146.99  82.5642  1968.95  88.961  35.704  0.37  45.6  34  3.1589  100
147.038  82.5642  1931.7  96.0669  204.161  0.38  45.6  34  3.1589  100
147.087  82.5642  1866.42  90.0254  0.827  0.39  45.6  34  3.1589  100
147.136  82.5642  1850.21  90.0182  0.587  0.39  45.6  34  3.1589  100
147.185  82.693  1903.02  96.3202  209.493  0.38  45.6  34  3.1589  100
147.233  82.693  1885.59  95.2181  171.49  0.39  45.6  34  3.1589  100
147.282  82.693  1919.93  94.9599  165.994  0.38  45.2  34  3.1589  100
147.331  82.693  1888.29  94.8463  159.529  0.38  45.2  34  3.1589  100
147.38  82.693  1955.43  89.1524  28.926  0.37  45.2  34  3.1589  100
147.428  82.8218  1998.07  89.7724  7.938  0.36  45.2  34  3.1589  100
147.477  82.8218  1855.52  95.1924  167.925  0.39  45.2  34  3.1589  100
147.526  82.8218  1957.28  88.038  67.011  0.37  45.2  34  3.1589  100
147.575  82.8218  1928.38  96.0372  202.815  0.38  45.7  34  3.1589  100
147.624  82.9506  1985.06  90.0101  0.349  0.36  45.7  34  3.1589  100
147.673  82.9506  2010  89.8076  6.75  0.36  45.7  34  3.1589  100
147.721  82.9506  1986.63  89.9079  3.192  0.36  45.7  34  3.1589  100
147.77  82.9506  1885.59  95.2181  171.49  0.39  45.7  34  3.1589  100
147.819  82.9506  1993.3  89.6446  12.364  0.36  45.7  34  3.1589  100
147.868  83.0794  1898.5  96.3449  209.81  0.38  44.8  34  3.1589  100
147.916  83.0794  1830.58  90.0113  0.362  0.4  44.8  34  3.1589  100
147.965  83.0794  1947.23  94.6688  158.495  0.37  44.8  34  3.1589  100
148.014  83.0794  1873.06  95.1296  167.468  0.39  44.8  34  3.1589  100
148.063  83.0794  2013.87  89.9966  0.121  0.36  44.8  34  3.1589  100
148.112  83.2082  1906.37  95.0654  168.318  0.38  44.8  34  3.1589  100
148.16  83.2082  1985.06  90.0101  0.349  0.36  45.8  34  3.1589  100
148.209  83.2082  1910.8  95.0161  167.07  0.38  45.8  34  3.1589  100
148.258  83.2082  1908.68  94.9082  163.306  0.38  45.8  34  3.1589  100
148.307  83.2082  1798.39  90.0375  1.178  0.4  45.8  34  3.1589  100
148.355  83.337  1921.22  94.904  164.238  0.38  45.8  34  3.1589  100
148.405  83.337  2005.52  89.9807  0.676  0.36  45.8  34  3.1589  100
148.454  83.337  1879.12  93.9903  130.763  0.39  45.5  34  3.1589  100
148.502  83.337  2025.06  89.6701  11.661  0.36  45.5  34  3.1589  100
148.551  83.4658  1891.16  95.1115  168.491  0.38  45.5  34  3.1589  100
148.6  83.4658  1983.96  88.874  38.988  0.36  45.5  34  3.1589  100
148.649  83.4658  1936.57  94.493  151.706  0.37  45.5  34  3.1589  100
148.698  83.4658  1867.24  95.4703  178.005  0.39  45.5  34  3.1589  100
148.746  83.4658  1991.38  88.9467  36.606  0.36  43.2  34  3.1589  100
148.795  83.5946  1911.21  96.4183  213.646  0.38  43.2  34  3.1589  100
148.844  83.5946  1821.7  90.0218  0.692  0.4  43.2  34  3.1589  100
148.893  83.5946  2023.13  89.9331  2.363  0.36  43.2  34  3.1589  100
148.941  83.5946  1872.84  95.0842  165.971  0.39  43.2  34  3.1589  100
148.99  83.5946  1901.51  95.0257  166.577  0.38  43.2  34  3.1589  100
149.039  83.7234  1951.71  94.5922  156.261  0.37  43.2  34  3.1589  100
149.088  83.7234  1961.73  89.9618  1.309  0.37  44.9  34  3.1589  100
149.137  83.7234  1972.55  88.8637  39.117  0.37  44.9  34  3.1589  100
149.185  83.7234  1930.33  94.822  162.263  0.38  44.9  34  3.1589  100
149.234  83.7234  1958.64  89.8284  5.868  0.37  44.9  34  3.1589  100
149.283  83.8522  1936.17  94.715  159.153  0.37  44.9  34  3.1589  100
149.332  83.8522  1905.62  96.2109  206.167  0.38  44.9  34  3.1589  100
149.381  83.8522  1871.6  93.9948  130.387  0.39  45.2  34  3.1589  100
149.43  83.8522  2019.61  89.7758  7.902  0.36  45.2  34  3.1589  100
149.478  83.9811  1890.12  96.5321  215.02  0.39  45.2  34  3.1589  100
149.527  83.9811  1976.52  89.8672  4.58  0.37  45.2  34  3.1589  100
149.576  83.9811  1927.03  94.5053  151.371  0.38  45.2  34  3.1589  100
149.625  83.9811  1882.62  94.9291  161.762  0.39  45.2  34  3.1589  100
149.674  83.9811  1917.68  94.8301  161.47  0.38  45  34  3.1589  100
149.722  84.1099  1999.88  89.648  12.286  0.36  45  34  3.1589  100
149.771  84.1099  1959.44  89.8989  3.457  0.37  45  34  3.1589  100
149.82  84.1099  2011.99  89.8358  5.767  0.36  45  34  3.1589  100
149.869  84.1099  1895.37  94.4447  146.886  0.38  45  34  3.1589  100
149.918  84.2387  1982.29  89.9507  1.707  0.36  45  34  3.1589  100
149.967  84.2387  1942.83  95.0618  171.417  0.37  45.1  34  3.1589  100
150.015  84.2387  1962.01  89.848  5.205  0.37  45.1  34  3.1589  100
150.064  84.2387  1975.01  89.8751  4.305  0.37  45.1  34  3.1589  100
150.113  84.2387  1938.64  94.5768  154.694  0.37  45.1  34  3.1589  100
150.162  84.3675  1962.68  89.7694  7.898  0.37  45.1  34  3.1589  100
150.21  84.3675  1980.32  88.9718  35.537  0.37  45.1  34  3.1589  100
150.259  84.3675  1999.33  89.8804  4.172  0.36  46.2  34  3.1589  100
150.308  84.3675  1884.34  95.2728  173.168  0.39  46.2  34  3.1589  100
150.357  84.3675  1920.32  90.0236  0.789  0.38  46.2  34  3.1589  100
150.405  84.3675  1910.19  94.8988  163.123  0.38  46.2  34  3.1589  100
150.454  84.4963  1997.74  90.0029  0.1  0.36  46.2  34  3.1589  100
150.503  84.4963  1940.28  94.8833  165.17  0.37  46.2  34  3.1589  100
150.552  84.4963  1887.28  94.947  162.747  0.38  45.6  34  3.1589  100
150.601  84.4963  2008.82  89.9842  0.553  0.36  45.6  34  3.1589  100
150.649  84.4963  1940.2  94.567  154.487  0.37  45.6  34  3.1589  100
150.698  84.6251  1886.81  94.8557  159.711  0.38  45.6  34  3.1589  100
150.747  84.6251  1989.91  89.9114  3.079  0.36  45.6  34  3.1589  100
150.796  84.6251  1922.43  94.5346  151.99  0.38  45.6  34  3.1589  100
150.844  84.6251  1896.78  95.0075  165.563  0.38  45.3  34  3.1589  100
150.893  84.7539  2017.55  89.8843  4.075  0.36  45.3  34  3.1589  100
150.942  84.7539  1897.68  96.1602  203.637  0.38  45.3  34  3.1589  100
150.991  84.7539  1989.32  89.9707  1.017  0.36  45.3  34  3.1589  100
151.039  84.7539  1921.12  95.1924  173.863  0.38  45.3  34  3.1589  100
151.088  84.7539  1876.76  94.9661  162.462  0.39  45.3  34  3.1589  100
151.137  84.8827  1968.95  88.961  35.704  0.37  44.4  34  3.1589  100
151.186  84.8827  1939.43  94.4264  149.683  0.37  44.4  34  3.1589  100
151.235  84.8827  1808.53  90.036  1.135  0.4  44.4  34  3.1589  100
151.283  84.8827  2010.85  89.8801  4.209  0.36  44.4  34  3.1589  100
151.332  85.0115  1935.27  94.5496  153.51  0.37  44.4  34  3.1589  100
151.381  85.0115  1956.35  89.7657  8  0.37  44.4  34  3.1589  100
151.43  85.0115  1920.41  95.0528  169.14  0.38  44.4  34  3.1589  100
151.479  85.0115  1903.36  95.0839  168.663  0.38  44.4  34  3.1589  100
151.527  85.0115  1877.92  94.0455  132.483  0.39  44.4  34  3.1589  100
151.576  85.1403  1924.78  94.9782  167.025  0.38  44.4  34  3.1589  100
151.625  85.1403  1883.39  94.7832  157.048  0.39  44.4  34  3.1589  100
151.674  85.1403  1979.25  89.0162  33.984  0.37  44.4  34  3.1589  100
151.723  85.1403  1931.38  94.719  158.891  0.38  44.4  34  3.1589  100
151.772  85.2691  1802.71  90.0312  0.98  0.4  44.6  34  3.1589  100
151.82  85.2691  1917.35  95.0715  169.492  0.38  44.6  34  3.1589  100
151.869  85.2691  1915.46  95.0096  167.262  0.38  44.6  34  3.1589  100
151.918  85.2691  1963.09  89.8048  6.688  0.37  44.6  34  3.1589  100
151.967  85.2691  2046.44  89.9474  1.88  0.35  44.6  34  3.1589  100
152.016  85.3979  1902.95  94.7061  156.128  0.38  44.6  34  3.1589  100
152.065  85.3979  2005.31  89.9642  1.254  0.36  44.5  34  3.1589  100
152.113  85.3979  2034.87  89.5017  17.697  0.36  44.5  34  3.1589  100
152.162  85.3979  1864.36  95.1837  168.444  0.39  44.5  34  3.1589  100
152.211  85.3979  1959.85  89.1271  29.856  0.37  44.5  34  3.1589  100
152.26  85.5267  1924.96  94.7109  158.093  0.38  44.5  34  3.1589  100
152.309  85.5267  1804.04  89.9888  0.354  0.4  44.5  34  3.1589  100
152.358  85.5267  2033.86  90.0105  0.374  0.36  47.3  34  3.1589  100
152.407  85.5267  1897.8  96.5379  216.085  0.38  47.3  34  3.1589  100
152.455  85.5267  1814.34  90.0245  0.777  0.4  47.3  34  3.1589  100
152.504  85.6555  1923  94.941  165.629  0.38  47.3  34  3.1589  100
152.553  85.6555  1908.44  94.862  161.753  0.38  47.3  34  3.1589  100
152.602  85.6555  2029.18  90.034  1.204  0.36  47.3  34  3.1589  100
152.651  85.6555  1944.4  95.0524  171.236  0.37  44.8  34  3.1589  100
152.699  85.7843  1965.39  89.8677  4.538  0.37  44.8  34  3.1589  100
152.748  85.7843  2013.87  89.9966  0.121  0.36  44.8  34  3.1589  100
152.797  85.7843  1922.87  94.9161  164.784  0.38  44.8  34  3.1589  100
152.846  85.7843  1958.23  89.7931  7.072  0.37  44.8  34  3.1589  100
152.894  85.7843  2011.57  88.7137  45.156  0.36  44.8  34  3.1589  100
152.943  85.9131  1917.17  96.0037  200.523  0.38  46.1  34  3.1589  100
152.992  85.9131  1872.96  95.1085  166.774  0.39  46.1  34  3.1589  100
153.041  85.9131  1933.56  94.8279  162.733  0.38  46.1  34  3.1589  100
153.089  85.9131  1890.21  96.2019  204.202  0.38  46.1  34  3.1589  100
153.138  85.9131  1884.98  93.9503  129.859  0.38  46.1  34  3.1589  100
153.187  86.0419  2023.56  89.4059  20.981  0.36  46.1  34  3.1589  100
153.236  86.0419  1874.52  95.1205  167.303  0.39  44.6  34  3.1589  100
153.285  86.0419  1977.66  88.7572  42.894  0.37  44.6  34  3.1589  100
153.334  86.0419  1914.5  94.8242  161.007  0.38  44.6  34  3.1589  100
153.382  86.1707  1893.91  95.3562  176.793  0.38  44.6  34  3.1589  100
153.431  86.1707  2012.27  89.7188  9.875  0.36  44.6  34  3.1589  100
153.48  86.1707  1908.92  94.9544  164.859  0.38  44.6  34  3.1589  100
153.529  86.1707  1873.63  95.2447  171.266  0.39  44.5  34  3.1589  100
153.577  86.1707  1939.21  94.9867  168.566  0.37  44.5  34  3.1589  100
153.626  86.2996  1899.65  94.9643  164.387  0.38  44.5  34  3.1589  100
153.675  86.2996  1897.48  95.1453  170.17  0.38  44.5  34  3.1589  100
153.724  86.2996  1924.46  94.6178  154.937  0.38  44.5  34  3.1589  100
153.773  86.2996  1879.22  94.8567  159.102  0.39  44.5  34  3.1589  100
153.821  86.2996  2001.38  89.7756  7.839  0.36  43.2  34  3.1589  100
153.87  86.4284  1945.57  95.9419  201.404  0.37  43.2  34  3.1589  100
153.919  86.4284  1980.15  89.9979  0.073  0.37  43.2  34  3.1589  100
153.968  86.4284  1912.45  90.0266  0.887  0.38  43.2  34  3.1589  100
154.016  86.4284  1916.28  96.1521  205.363  0.38  43.2  34  3.1589  100
154.065  86.4284  1857.22  94.0933  132.569  0.39  43.2  34  3.1589  100
154.114  86.5572  2014.12  89.4566  19.103  0.36  43.2  34  3.1589  100
154.163  86.5572  1895.09  96.2691  206.94  0.38  43.2  34  3.1589  100
154.212  86.5572  1890.83  95.0444  166.258  0.38  43.2  34  3.1589  100
154.26  86.5572  1936.28  94.7367  159.894  0.37  43.2  34  3.1589  100
154.309  86.686  1894.22  94.8088  158.795  0.38  43.2  34  3.1589  100
154.358  86.686  1986.03  89.8555  5.008  0.36  43.2  34  3.1589  100
154.407  86.686  1921.09  94.8791  163.395  0.38  43.2  34  3.1589  100
154.455  86.686  1883.54  95.4187  177.87  0.39  42.6  34  3.1589  100
154.504  86.686  2035.42  90.0027  0.095  0.36  42.6  34  3.1589  100
154.553  86.8148  1915.64  96.0123  200.648  0.38  42.6  34  3.1589  100
154.602  86.8148  2005.77  89.9997  0.009  0.36  42.6  34  3.1589  100
154.651  86.8148  2021.73  89.5323  16.503  0.36  42.6  34  3.1589  100
154.699  86.8148  1911.06  96.0379  201.018  0.38  42.6  34  3.1589  100
154.748  86.8148  1999.71  90.0306  1.067  0.36  44.1  34  3.1589  100
154.797  86.9436  1943.41  94.8642  164.789  0.37  44.1  34  3.1589  100
154.846  86.9436  1969.47  89.8087  6.577  0.37  44.1  34  3.1589  100
154.894  86.9436  2027.15  90.0058  0.207  0.36  44.1  34  3.1589  100
154.943  86.9436  1946.66  96.1785  209.512  0.37  44.1  34  3.1589  100
154.992  86.9436  1956.48  89.9145  2.921  0.37  44.1  34  3.1589  100
155.041  87.0724  1998.01  89.9077  3.218  0.36  44.6  34  3.1589  100
155.089  87.0724  1910.38  96.2322  207.389  0.38  44.6  34  3.1589  100
155.138  87.0724  1878.17  94.0907  133.981  0.39  44.6  34  3.1589  100
155.187  87.0724  1946.05  94.7508  161.176  0.37  44.6  34  3.1589  100
155.236  87.2012  1889.22  95.0291  165.613  0.38  44.6  34  3.1589  100
155.285  87.2012  2012.34  90.0043  0.153  0.36  44.6  34  3.1589  100
155.333  87.2012  1943.03  94.7919  162.316  0.37  45.1  34  3.1589  100
155.382  87.2012  1865.36  95.0844  165.313  0.39  45.1  34  3.1589  100
155.431  87.2012  1992.63  88.7851  42.25  0.36  45.1  34  3.1589  100
155.48  87.33  1922.14  94.7766  160.058  0.38  45.1  34  3.1589  100
155.528  87.33  1885.14  95.1268  168.456  0.39  45.1  34  3.1589  100
155.577  87.33  2019.38  88.6683  46.931  0.36  45.1  34  3.1589  100
155.626  87.33  1909.76  96.0929  202.702  0.38  42.7  34  3.1589  100
155.675  87.33  1898.17  95.2832  174.782  0.38  42.7  34  3.1589  100
155.723  87.4588  2025.5  89.7066  10.372  0.36  42.7  34  3.1589  100
155.772  87.4588  1897.44  94.8359  159.958  0.38  42.7  34  3.1589  100
155.821  87.4588  1902.78  94.9703  164.857  0.38  42.7  34  3.1589  100
155.87  87.4588  1921.15  94.5908  153.766  0.38  42.7  34  3.1589  100
155.918  87.5876  1897.12  95.3842  178.016  0.38  44.3  34  3.1589  100
155.967  87.5876  1853.22  90.0027  0.087  0.39  44.3  34  3.1589  100
156.016  87.5876  1929.49  95.9348  199.502  0.38  44.3  34  3.1589  100
156.065  87.5876  1883.31  95.3731  176.355  0.39  44.3  34  3.1589  100
156.113  87.5876  1999.66  88.8217  41.121  0.36  44.3  34  3.1589  100
156.162  87.7164  1881.92  94.7926  157.232  0.39  44.3  34  3.1589  100
156.211  87.7164  1868.71  94.0146  130.829  0.39  41.6  34  3.1589  100
156.26  87.7164  2011.34  89.7801  7.721  0.36  41.6  34  3.1589  100
156.309  87.7164  1885.57  94.9106  161.407  0.39  41.6  34  3.1589  100
156.357  87.7164  1987.27  89.9629  1.286  0.36  41.6  34  3.1589  100
156.406  87.8452  2016.57  89.5209  16.861  0.36  41.6  34  3.1589  100
156.455  87.8452  1859.05  95.3096  172.03  0.39  41.6  34  3.1589  100
156.504  87.8452  1996.47  89.9156  2.94  0.36  41.6  34  3.1589  100
156.553  87.8452  1919.62  94.6005  153.967  0.38  46  34  3.1589  100
156.602  87.8452  1876.1  95.1358  167.942  0.39  46  34  3.1589  100
156.65  87.974  2001.94  89.964  1.26  0.36  46  34  3.1589  100
156.699  87.974  1910.91  95.0375  167.793  0.38  46  34  3.1589  100
156.748  87.974  1893.8  95.026  165.912  0.38  46  34  3.1589  100
156.797  87.974  1939.46  95.0337  170.17  0.37  46  34  3.1589  100
156.846  88.1028  1889.53  94.7913  157.825  0.38  45.7  34  3.1589  100
156.895  88.1028  1851.72  90.0104  0.337  0.39  45.7  34  3.1589  100
156.943  88.1028  1934.76  94.4561  150.322  0.38  45.7  34  3.1589  100
156.992  88.1028  1874.95  95.5173  180.268  0.39  45.7  34  3.1589  100
157.041  88.1028  2034.94  89.9666  1.187  0.36  45.7  34  3.1589  100
157.09  88.2316  1915.04  94.6295  154.566  0.38  45.7  34  3.1589  100
157.138  88.2316  1883.76  95.4644  179.385  0.39  46.2  34  3.1589  100
157.187  88.2316  1942.83  95.0618  171.417  0.37  46.2  34  3.1589  100
157.236  88.2316  1904.93  96.4047  212.495  0.38  46.2  34  3.1589  100
157.285  88.2316  1886.49  95.401  177.566  0.39  46.2  34  3.1589  100
157.334  88.3604  2021.03  89.6136  13.63  0.36  46.2  34  3.1589  100
157.383  88.3604  1886.34  94.7644  156.677  0.38  46.2  34  3.1589  100
157.431  88.3604  1989.5  89.8755  4.323  0.36  44.3  34  3.1589  100
157.48  88.3604  1936.57  94.493  151.706  0.37  44.3  34  3.1589  100
157.529  88.4892  1876.96  90.026  0.853  0.39  44.3  34  3.1589  100
157.578  88.4892  2014.27  89.747  8.895  0.36  44.3  34  3.1589  100
157.626  88.4892  1922.63  96.1649  206.473  0.38  44.3  34  3.1589  100
157.675  88.4892  1966.48  89.8244  6.026  0.37  44.3  34  3.1589  100
157.724  88.4892  2037.47  90.0309  1.1  0.36  42.5  34  3.1589  100
157.773  88.618  1890.78  94.7362  156.116  0.38  42.5  34  3.1589  100
157.822  88.618  1904.04  94.9149  163.132  0.38  42.5  34  3.1589  100
157.87  88.618  2023.75  89.5605  15.524  0.36  42.5  34  3.1589  100
157.919  88.618  1899.71  94.6792  154.973  0.38  42.5  34  3.1589  100
157.969  88.618  1987.27  89.9629  1.286  0.36  42.5  34  3.1589  100
158.017  88.7469  1930.08  94.7753  160.675  0.38  44.4  34  3.1589  100
158.066  88.7469  1789.68  89.9945  0.172  0.4  44.4  34  3.1589  100
158.115  88.7469  1919.12  95.1086  170.887  0.38  44.4  34  3.1589  100
158.164  88.7469  1909.47  94.7602  158.459  0.38  44.4  34  3.1589  100
158.212  88.7469  1953.4  89.7814  7.452  0.37  44.4  34  3.1589  100
158.261  88.8757  2001  89.6037  13.839  0.36  44.4  34  3.1589  100
158.31  88.8757  1890  94.8827  160.869  0.38  43.4  34  3.1589  100
158.359  88.8757  1952.07  89.1339  29.505  0.37  43.4  34  3.1589  100
158.407  88.8757  1935.53  94.5964  155.105  0.37  43.4  34  3.1589  100
158.456  88.8757  1886.49  95.0932  167.475  0.39  43.4  34  3.1589  100
158.505  89.0045  2003.79  89.972  0.981  0.36  43.4  34  3.1589  100
158.554  89.0045  1922.14  94.7766  160.058  0.38  43.4  34  3.1589  100
158.603  89.0045  1799.77  90.0114  0.357  0.4  44.1  34  3.1589  100
158.652  89.0045  2002.23  89.8478  5.32  0.36  44.1  34  3.1589  100
158.7  89.0045  1905.96  94.6871  155.743  0.38  44.1  34  3.1589  100
158.749  89.1333  1878.8  95.0722  166.105  0.39  44.1  34  3.1589  100
158.798  89.1333  2017.01  89.5573  15.583  0.36  44.1  34  3.1589  100
158.847  89.1333  1897.36  95.1207  169.346  0.38  44.1  34  3.1589  100
158.895  89.1333  1958.57  89.9609  1.338  0.37  45.5  34  3.1589  100
158.944  89.2621  2014.74  89.6466  12.426  0.36  45.5  34  3.1589  100
158.993  89.2621  1886.26  95.0475  165.957  0.39  45.5  34  3.1589  100
159.042  89.2621  1987.55  89.8476  5.287  0.36  45.5  34  3.1589  100
159.09  89.2621  1918.09  94.6101  154.167  0.38  45.5  34  3.1589  100
159.139  89.2621  1967.93  90.0237  0.815  0.37  45.5  34  3.1589  100
159.188  89.3909  1996.42  88.9565  36.358  0.36  45.5  34  3.1589  100
159.237  89.3909  1999.46  90.0116  0.405  0.36  43.7  34  3.1589  100
159.285  89.3909  1881.74  95.0539  165.766  0.39  43.7  34  3.1589  100
159.334  89.3909  1941.85  94.8737  164.98  0.37  43.7  34  3.1589  100
159.383  89.3909  1870.47  94.9122  160.167  0.39  43.7  34  3.1589  100
159.432  89.5197  1868.46  93.9696  129.348  0.39  43.7  34  3.1589  100
159.481  89.5197  1923.96  95.1273  171.943  0.38  43.7  34  3.1589  100
159.529  89.5197  1890  96.1559  202.672  0.38  43.5  34  3.1589  100
159.578  89.5197  1907.29  94.9423  164.319  0.38  43.5  34  3.1589  100
159.627  89.6485  2000.46  89.8364  5.711  0.36  43.5  34  3.1589  100
159.676  89.6485  1943.14  89.8361  5.558  0.37  43.5  34  3.1589  100
159.724  89.6485  1847.11  89.9979  0.069  0.39  43.5  34  3.1589  100
159.774  89.6485  1905.42  96.1645  204.612  0.38  43.5  34  3.1589  100
159.822  89.6485  1886.04  95.3095  174.527  0.39  44.8  34  3.1589  100
159.871  89.7773  2019.27  89.4677  18.758  0.36  44.8  34  3.1589  100
159.92  89.7773  1886.95  95.1846  170.513  0.38  44.8  34  3.1589  100
159.969  89.7773  1898.83  93.9509  130.833  0.38  44.8  34  3.1589  100
160.017  89.7773  2023.92  89.7148  10.074  0.36  44.8  34  3.1589  100
160.066  89.7773  2002.02  89.9607  1.374  0.36  44.8  34  3.1589  100
160.115  89.9061  2014.34  90.0323  1.135  0.36  44.7  34  3.1589  100
160.164  89.9061  1923.26  96.3053  211.225  0.38  44.7  34  3.1589  100
160.212  89.9061  1948.32  89.8829  3.981  0.37  44.7  34  3.1589  100
160.261  89.9061  1992.14  89.8237  6.13  0.36  44.7  34  3.1589  100
160.31  89.9061  1925.22  96.3907  214.29  0.38  44.7  34  3.1589  100
160.359  90.0349  1886.38  95.072  166.771  0.39  44.7  34  3.1589  100
160.407  90.0349  2009.44  89.4817  18.178  0.36  45.5  34  3.1589  100
160.456  90.0349  1879.58  95.2298  171.325  0.39  45.5  34  3.1589  100
160.505  90.0349  1953.11  89.0903  31.009  0.37  45.5  34  3.1589  100
160.554  90.1637  2003.83  89.7039  10.355  0.36  45.5  34  3.1589  100
160.602  90.1637  1994.94  90.0347  1.207  0.36  45.5  34  3.1589  100
160.651  90.1637  1999.97  89.9358  2.241  0.36  45.5  34  3.1589  100
160.7  90.1637  1929.71  95.9817  201.095  0.38  45  34  3.1589  100
160.749  90.1637  1872.35  94.1301  134.85  0.39  45  34  3.1589  100
160.798  90.2925  1898.83  93.9509  130.833  0.38  45  34  3.1589  100
160.846  90.2925  1901.85  95.0931  168.835  0.38  45  34  3.1589  100
160.895  90.2925  1995.77  89.9752  0.864  0.36  45  34  3.1589  100
160.944  90.2925  1939.46  95.0337  170.17  0.37  45  34  3.1589  100
160.993  90.4213  1895.63  95.0839  167.981  0.38  44.4  34  3.1589  100
161.042  90.4213  1899.77  94.989  165.212  0.38  44.4  34  3.1589  100
161.09  90.4213  2012.9  89.772  8.012  0.36  44.4  34  3.1589  100
161.139  90.4213  1880.45  94.8019  157.415  0.39  44.4  34  3.1589  100
161.188  90.4213  1994.1  89.8517  5.163  0.36  44.4  34  3.1589  100
161.237  90.5501  1919.08  94.7957  160.44  0.38  44.4  34  3.1589  100
161.285  90.5501  1882.64  95.2362  171.813  0.39  43.6  34  3.1589  100
161.334  90.5501  1854.73  89.9949  0.164  0.39  43.6  34  3.1589  100
161.383  90.5501  1917.17  96.0037  200.523  0.38  43.6  34  3.1589  100
161.432  90.6789  1887.63  95.0171  165.08  0.38  43.6  34  3.1589  100
161.48  90.6789  1947.52  94.4236  150.213  0.37  43.6  34  3.1589  100
161.529  90.6789  1895.63  95.0839  167.981  0.38  43.6  34  3.1589  100
161.579  90.6789  1911.03  95.0623  168.628  0.38  43.6  34  3.1589  100
161.627  90.6789  1928.91  94.8565  163.303  0.38  42.9  34  3.1589  100
161.676  90.8077  1989.07  89.9518  1.673  0.36  42.9  34  3.1589  100
161.725  90.8077  1924.05  94.8385  162.288  0.38  42.9  34  3.1589  100
161.774  90.8077  1912.98  94.8337  161.195  0.38  42.9  34  3.1589  100
161.823  90.8077  1896.22  95.2004  171.872  0.38  42.9  34  3.1589  100
161.872  90.8077  1925.34  94.7824  160.518  0.38  42.9  34  3.1589  100
161.921  90.9365  1894.68  96.1769  203.865  0.38  44.7  34  3.1589  100
161.969  90.9365  1904.04  94.9149  163.132  0.38  44.7  34  3.1589  100
162.018  90.9365  1943.08  95.1089  173.028  0.37  44.7  34  3.1589  100
162.067  90.9365  1897.47  96.114  202.095  0.38  44.7  34  3.1589  100
162.116  90.9365  1974.31  89.0063  34.238  0.37  44.7  34  3.1589  100
162.164  91.0653  1928.54  94.7849  160.868  0.38  44.7  34  3.1589  100
162.213  91.0653  1885.33  94.865  159.892  0.39  44.8  34  3.1589  100
162.262  91.0653  1930.46  94.847  163.114  0.38  44.8  34  3.1589  100
162.311  91.0653  1931.26  95.973  200.967  0.38  44.8  34  3.1589  100
162.359  91.1942  1880.59  95.4365  178.171  0.39  44.8  34  3.1589  100
162.408  91.1942  2008.75  89.5625  15.338  0.36  44.8  34  3.1589  100
162.457  91.1942  1891.61  96.524  214.925  0.38  44.8  34  3.1589  100
162.506  91.1942  1890.83  95.0444  166.258  0.38  45.3  34  3.1589  100
162.555  91.1942  2008.32  89.5263  16.605  0.36  45.3  34  3.1589  100
162.603  91.323  1877.21  95.0569  165.467  0.39  45.3  34  3.1589  100
162.652  91.323  1970  88.9167  37.243  0.37  45.3  34  3.1589  100
162.701  91.323  2002  89.8284  5.995  0.36  45.3  34  3.1589  100
162.75  91.323  1988.49  90.03  1.041  0.36  45.3  34  3.1589  100
162.799  91.323  1996.75  89.7997  6.98  0.36  44.3  34  3.1589  100
162.847  91.4518  1931.21  96.3104  212.267  0.38  44.3  34  3.1589  100
162.896  91.4518  1958.64  89.8284  5.868  0.37  44.3  34  3.1589  100
162.945  91.4518  2012.31  89.5822  14.673  0.36  44.3  34  3.1589  100
162.994  91.4518  1889.77  94.837  159.347  0.38  44.3  34  3.1589  100
163.043  91.5806  1998.79  89.9597  1.405  0.36  44.3  34  3.1589  100
163.092  91.5806  2032.38  89.4367  19.98  0.36  43.6  34  3.1589  100
163.141  91.5806  1899.88  95.0103  165.926  0.38  43.6  34  3.1589  100
163.19  91.5806  1993.26  89.7798  7.661  0.36  43.6  34  3.1589  100
163.238  91.5806  1921.77  95.978  200.145  0.38  43.6  34  3.1589  100
163.287  91.7094  1983.12  89.9826  0.603  0.36  43.6  34  3.1589  100
163.336  91.7094  1922.51  94.848  162.477  0.38  43.6  34  3.1589  100
163.385  91.7094  1935.24  96.1439  207.12  0.38  43.7  34  3.1589  100
163.433  91.7094  1875.87  95.0904  166.441  0.39  43.7  34  3.1589  100
163.482  91.8382  1929.89  95.0433  169.654  0.38  43.7  34  3.1589  100
163.531  91.8382  1897.2  96.3993  211.456  0.38  43.7  34  3.1589  100
163.579  91.8382  1963.24  89.1457  29.273  0.37  43.7  34  3.1589  100
163.629  91.8382  2012.74  89.6185  13.4  0.36  43.7  34  3.1589  100
163.678  91.8382  1900.68  96.1434  203.407  0.38  43.7  34  3.1589  100
163.726  91.967  1986.82  88.9729  35.615  0.36  43.7  34  3.1589  100
163.775  91.967  1925.94  94.8972  164.413  0.38  43.7  34  3.1589  100
163.824  91.967  1939.17  89.8943  3.578  0.37  43.7  34  3.1589  100
163.873  91.967  2003.78  89.8398  5.604  0.36  43.7  34  3.1589  100
163.921  91.967  1913.46  94.9263  164.316  0.38  43.7  34  3.1589  100
163.97  92.0958  1886.84  95.1634  169.808  0.38  43.1  34  3.1589  100
164.019  92.0958  2046.93  89.9837  0.584  0.35  43.1  34  3.1589  100
164.068  92.0958  1883.54  95.1115  167.811  0.39  43.1  34  3.1589  100
164.116  92.0958  1998.79  89.9597  1.405  0.36  43.1  34  3.1589  100
164.165  92.0958  2021.19  89.7677  8.196  0.36  43.1  34  3.1589  100
164.214  92.2246  1898.62  95.0655  167.638  0.38  43.1  34  3.1589  100
164.263  92.2246  1975.18  89.0777  31.795  0.37  43.1  34  3.1589  100
164.312  92.2246  1924.16  94.8601  163.02  0.38  44.2  34  3.1589  100
164.36  92.2246  1882.28  95.4733  179.534  0.39  44.2  34  3.1589  100
164.409  92.3534  2002.93  89.7675  8.127  0.36  44.2  34  3.1589  100
164.458  92.3534  1923.47  96.3521  212.81  0.38  44.2  34  3.1589  100
164.507  92.3534  1870.9  94.1399  135.065  0.39  44.2  34  3.1589  100
164.555  92.3534  1939.94  95.1276  173.381  0.37  44.2  34  3.1589  100
164.604  92.3534  1906.93  96.1561  204.496  0.38  44.1  34  3.1589  100
164.653  92.4822  1975.01  89.8751  4.305  0.37  44.1  34  3.1589  100
164.702  92.4822  1944.85  94.8293  163.733  0.37  44.1  34  3.1589  100
164.75  92.4822  1909.07  96.287  209.061  0.38  44.1  34  3.1589  100
164.8  92.4822  1991.86  89.9393  2.109  0.36  44.1  34  3.1589  100
164.849  92.4822  1925.7  94.8506  162.832  0.38  44.1  34  3.1589  100
164.897  92.611  1947.52  89.8128  6.364  0.37  43.6  34  3.1589  100
164.946  92.611  2020.49  90.0012  0.042  0.36  43.6  34  3.1589  100
164.995  92.611  1903.7  96.1266  203.174  0.38  43.6  34  3.1589  100
165.044  92.611  1951.45  89.2128  26.812  0.37  43.6  34  3.1589  100
165.092  92.611  1933.71  95.165  174.08  0.38  43.6  34  3.1589  100
165.141  92.7398  1891.7  96.1935  204.09  0.38  43.6  34  3.1589  100
165.19  92.7398  1966.21  89.1287  29.898  0.37  43.1  34  3.1589  100
165.239  92.7398  1986.08  89.721  9.672  0.36  43.1  34  3.1589  100
165.288  92.7398  1883.54  95.1115  167.811  0.39  43.1  34  3.1589  100
165.336  92.8686  1925.26  95.0714  170.187  0.38  43.1  34  3.1589  100
165.385  92.8686  1911.71  94.8894  162.939  0.38  43.1  34  3.1589  100
165.435  92.8686  1939.95  89.9641  1.215  0.37  43.1  34  3.1589  100
165.483  92.8686  2034.94  89.9666  1.187  0.36  43.1  34  3.1589  100
165.532  92.8686  1895.86  95.1298  169.515  0.38  43.1  34  3.1589  100
165.581  92.9974  1899.77  94.989  165.212  0.38  43.1  34  3.1589  100
165.63  92.9974  2018.58  89.549  15.889  0.36  43.1  34  3.1589  100
165.678  92.9974  1889.29  94.7456  156.304  0.38  43.1  34  3.1589  100
165.727  92.9974  1811.46  90.0397  1.254  0.4  43.1  34  3.1589  100
165.776  93.1262  2013.18  89.6549  12.127  0.36  43.5  34  3.1589  100
165.825  93.1262  1885.1  94.8194  158.377  0.39  43.5  34  3.1589  100
165.873  93.1262  1991.44  89.9034  3.356  0.36  43.5  34  3.1589  100
165.922  93.1262  1927.26  96.1395  206.119  0.38  43.5  34  3.1589  100
165.971  93.1262  1885.59  95.2181  171.49  0.39  43.5  34  3.1589  100
166.02  93.255  1928.82  95.1461  173.007  0.38  43.5  34  3.1589  100
166.068  93.255  1918.02  96.1903  206.821  0.38  45.1  34  3.1589  100
166.117  93.255  1877.66  94.0002  130.986  0.39  45.1  34  3.1589  100
166.166  93.255  1930.37  95.1368  172.833  0.38  45.1  34  3.1589  100
166.215  93.3838  1903.7  96.1266  203.174  0.38  45.1  34  3.1589  100
166.263  93.3838  1958.8  89.1709  28.343  0.37  45.1  34  3.1589  100
166.312  93.3838  2016.47  89.7921  7.318  0.36  45.1  34  3.1589  100
166.361  93.3838  1950.86  89.8322  5.712  0.37  44.5  34  3.1589  100
166.41  93.3838  1987.26  89.0088  34.378  0.36  44.5  34  3.1589  100
166.459  93.3838  1916.57  94.6198  154.367  0.38  44.5  34  3.1589  100
166.507  93.5126  1858.89  94.1283  133.821  0.39  44.5  34  3.1589  100
166.556  93.5126  1848.61  89.9901  0.318  0.39  44.5  34  3.1589  100
166.605  93.5126  1923.96  96.1097  204.77  0.38  44.5  34  3.1589  100
166.654  93.5126  1881.96  95.0994  167.277  0.39  44.5  34  3.1589  100
166.703  93.5126  2020.4  89.4229  20.351  0.36  44.1  34  3.1589  100
166.751  93.6415  1877.99  94.9114  160.785  0.39  44.1  34  3.1589  100
166.8  93.6415  1997.74  90.0029  0.1  0.36  44.1  34  3.1589  100
166.849  93.6415  1932.15  95.1743  174.252  0.38  44.1  34  3.1589  100
166.898  93.6415  1876.3  94.8753  159.46  0.39  44.1  34  3.1589  100
166.947  93.7703  1920.98  94.8575  162.665  0.38  44.1  34  3.1589  100
166.996  93.7703  1935.93  95.947  200.579  0.38  45.9  34  3.1589  100
167.045  93.7703  1956.35  89.7657  8  0.37  45.9  34  3.1589  100
167.094  93.7703  1918.3  95.2573  175.771  0.38  45.9  34  3.1589  100
167.142  93.7703  1905.62  96.2109  206.167  0.38  45.9  34  3.1589  100
167.191  93.8991  1885.24  93.9957  131.367  0.38  45.9  34  3.1589  100
167.24  93.8991  2030.7  89.7185  9.977  0.36  45.9  34  3.1589  100
167.289  93.8991  1889.33  96.348  208.899  0.39  43.6  34  3.1589  100
167.337  93.8991  1841.04  89.9931  0.222  0.39  43.6  34  3.1589  100
167.386  94.0279  1922.68  94.5811  153.563  0.38  43.6  34  3.1589  100
167.435  94.0279  1999.46  90.0116  0.405  0.36  43.6  34  3.1589  100
167.484  94.0279  1933.23  95.0713  170.889  0.38  43.6  34  3.1589  100
167.533  94.0279  1927.47  96.1864  207.71  0.38  43.6  34  3.1589  100
167.582  94.0279  1882.06  95.4276  178.021  0.39  45.1  34  3.1589  100
167.631  94.1567  1936.34  95.0525  170.531  0.38  45.1  34  3.1589  100
167.68  94.1567  1900.68  96.1434  203.407  0.38  45.1  34  3.1589  100
167.728  94.1567  1814.44  90.0596  1.888  0.4  45.1  34  3.1589  100
167.777  94.1567  1955.53  94.6923  159.973  0.37  45.1  34  3.1589  100
167.827  94.2855  1901.98  96.0888  201.742  0.38  45.1  34  3.1589  100
167.875  94.2855  2002.51  89.7314  9.388  0.36  45  34  3.1589  100
167.924  94.2855  1927.29  94.5518  152.952  0.38  45  34  3.1589  100
167.973  94.2855  1798.34  90.0189  0.593  0.4  45  34  3.1589  100
168.022  94.2855  2036.51  89.9587  1.468  0.36  45  34  3.1589  100
168.07  94.4143  1910.91  95.0375  167.793  0.38  45  34  3.1589  100
168.119  94.4143  1898.97  95.1361  170.001  0.38  45  34  3.1589  100
168.168  94.4143  1935.85  94.9588  167.333  0.38  44.9  34  3.1589  100
168.217  94.4143  1909.39  95.0468  167.969  0.38  44.9  34  3.1589  100
168.265  94.4143  1824.62  90.0065  0.208  0.4  44.9  34  3.1589  100
168.314  94.5431  2037.37  89.5668  15.404  0.36  44.9  34  3.1589  100
168.363  94.5431  1898.97  96.1056  201.978  0.38  44.9  34  3.1589  100
168.412  94.5431  1991.03  89.8676  4.602  0.36  44.9  34  3.1589  100
168.461  94.5431  1937.27  95.8912  198.842  0.38  44.3  34  3.1589  100
168.51  94.5431  1875.3  94.9753  162.636  0.39  44.3  34  3.1589  100
168.559  94.6719  1945.54  94.6567  157.95  0.37  44.3  34  3.1589  100
168.607  94.6719  1922.13  96.4072  214.499  0.38  44.3  34  3.1589  100
168.656  94.6719  1966.21  89.1287  29.898  0.37  44.3  34  3.1589  100
168.705  94.6719  1953.62  94.9481  168.507  0.37  44.3  34  3.1589  100
168.754  94.6719  1919.55  96.1818  206.706  0.38  43.1  34  3.1589  100
168.802  94.8007  2009.28  90.0198  0.696  0.36  43.1  34  3.1589  100
168.851  94.8007  2036.21  89.612  13.791  0.36  43.1  34  3.1589  100
168.9  94.8007  1905.42  96.1645  204.612  0.38  43.1  34  3.1589  100
168.949  94.8007  2007.17  89.707  10.264  0.36  43.1  34  3.1589  100
168.997  94.9295  1928.54  94.7849  160.868  0.38  43.1  34  3.1589  100
169.046  94.9295  1889.77  94.837  159.347  0.38  45.8  34  3.1589  100
169.095  94.9295  2010.13  89.9605  1.385  0.36  45.8  34  3.1589  100
169.144  94.9295  1919.34  96.1352  205.128  0.38  45.8  34  3.1589  100
169.192  94.9295  1882.64  95.2362  171.813  0.39  45.8  34  3.1589  100
169.241  95.0583  1947.79  95.0806  172.491  0.37  45.8  34  3.1589  100
169.29  95.0583  1908.45  96.1477  204.38  0.38  45.8  34  3.1589  100
169.339  95.0583  1882.56  94.061  133.32  0.39  45.8  34  3.1589  100
169.387  95.0583  2037.81  89.6036  14.099  0.36  44.8  34  3.1589  100
169.436  95.1871  1900.35  95.1023  169.006  0.38  44.8  34  3.1589  100
169.485  95.1871  2008.02  89.7794  7.73  0.36  44.8  34  3.1589  100
169.534  95.1871  1927.24  94.841  162.643  0.38  44.8  34  3.1589  100
169.583  95.1871  1941.68  89.8439  5.291  0.37  44.8  34  3.1589  100
169.632  95.1871  2002.93  89.7675  8.127  0.36  44.8  34  3.1589  100
169.68  95.3159  1931.04  95.9261  199.371  0.38  43.6  34  3.1589  100
169.729  95.3159  1891.14  93.9556  130.458  0.38  43.6  34  3.1589  100
169.778  95.3159  1941.1  94.7328  160.16  0.37  43.6  34  3.1589  100
169.827  95.3159  1897.92  94.9277  163.028  0.38  43.6  34  3.1589  100
169.875  95.3159  1977.75  89.0248  33.66  0.37  43.6  34  3.1589  100
169.924  95.4447  2028.67  89.6901  10.971  0.36  43.6  34  3.1589  100
169.973  95.4447  1890  94.8827  160.869  0.38  43.3  34  3.1589  100
170.022  95.4447  1978.37  88.9447  36.437  0.37  43.3  34  3.1589  100
170.07  95.4447  1940.96  94.7077  159.299  0.37  43.3  34  3.1589  100
170.119  95.5735  1945  89.8634  4.639  0.37  43.3  34  3.1589  100
170.168  95.5735  1952.61  94.7591  162.002  0.37  43.3  34  3.1589  100
170.217  95.5735  1934.15  95.9087  199.108  0.38  43.3  34  3.1589  100
170.265  95.5735  1835.01  89.9883  0.374  0.39  43.9  34  3.1589  100
170.314  95.5735  1938.22  94.7991  162.155  0.37  43.9  34  3.1589  100
170.363  95.7023  1889.45  95.0749  167.136  0.38  43.9  34  3.1589  100
170.412  95.7023  1993.39  89.9314  2.385  0.36  43.9  34  3.1589  100
170.46  95.7023  2027.09  89.6984  10.671  0.36  43.9  34  3.1589  100
170.509  95.7023  1960.79  89.742  8.83  0.37  43.9  34  3.1589  100
170.558  95.7023  2017.55  89.8843  4.075  0.36  44.6  34  3.1589  100
170.607  95.8311  1928.78  94.8315  162.453  0.38  44.6  34  3.1589  100
170.655  95.8311  1964.7  89.9463  1.842  0.37  44.6  34  3.1589  100
170.704  95.8311  2044.86  89.9553  1.595  0.35  44.6  34  3.1589  100
170.753  95.8311  1927.94  95.9434  199.632  0.38  44.6  34  3.1589  100
170.802  95.9599  1983.4  89.9071  3.216  0.36  44.6  34  3.1589  100
170.851  95.9599  1929.4  94.9499  166.477  0.38  43.7  34  3.1589  100
170.9  95.9599  1899.41  94.9184  162.848  0.38  43.7  34  3.1589  100
170.948  95.9599  1996.05  89.8797  4.192  0.36  43.7  34  3.1589  100
170.997  95.9599  2020.76  89.7312  9.48  0.36  43.7  34  3.1589  100
171.046  96.0888  1888.99  94.9834  164.091  0.38  43.7  34  3.1589  100
171.095  96.0888  2004.62  89.912  3.079  0.36  43.7  34  3.1589  100
171.143  96.0888  1929.49  95.9348  199.502  0.38  44  34  3.1589  100
171.192  96.0888  1888.78  95.2458  172.687  0.38  44  34  3.1589  100
171.241  96.2176  2007.73  89.8961  3.642  0.36  44  34  3.1589  100
171.29  96.2176  1921.77  95.978  200.145  0.38  44  34  3.1589  100
171.338  96.2176  1895.4  95.3473  176.636  0.38  44  34  3.1589  100
171.387  96.2176  2020.32  89.6948  10.763  0.36  44  34  3.1589  100
171.436  96.2176  1890.47  94.9742  163.916  0.38  44.8  34  3.1589  100
171.485  96.3464  1976.68  89.0691  32.114  0.37  44.8  34  3.1589  100
171.534  96.3464  1934.23  94.6529  156.902  0.38  44.8  34  3.1589  100
171.582  96.3464  1893.69  95.3103  175.261  0.38  44.8  34  3.1589  100
171.631  96.3464  1999.03  88.9028  38.278  0.36  44.8  34  3.1589  100
171.681  96.3464  1928.59  96.0841  204.407  0.38  44.8  34  3.1589  100
171.729  96.4752  1892.31  95.0352  166.085  0.38  44.4  34  3.1589  100
171.778  96.4752  1952.36  94.7119  160.377  0.37  44.4  34  3.1589  100
171.827  96.4752  1925.71  96.148  206.237  0.38  44.4  34  3.1589  100
171.876  96.4752  1970.88  88.9879  34.811  0.37  44.4  34  3.1589  100
171.924  96.4752  1951.79  94.9104  167.07  0.37  44.4  34  3.1589  100
171.973  96.604  1880.92  94.8929  160.429  0.39  44.4  34  3.1589  100
172.022  96.604  1964.92  89.0223  33.529  0.37  44.4  34  3.1589  100
172.071  96.604  1942.02  94.6041  155.886  0.37  43.1  34  3.1589  100
172.12  96.604  1995.99  89.9916  0.292  0.36  43.1  34  3.1589  100
172.168  96.7328  2002.57  88.9214  37.698  0.36  43.1  34  3.1589  100
172.217  96.7328  1929.65  96.3187  212.377  0.38  43.1  34  3.1589  100
172.266  96.7328  1963.21  89.954  1.575  0.37  43.1  34  3.1589  100
172.315  96.7328  2023.71  89.6979  10.671  0.36  43.1  34  3.1589  100
172.364  96.7328  1904.86  95.0746  168.491  0.38  43.3  34  3.1589  100
172.413  96.8616  1878.17  94.0907  133.981  0.39  43.3  34  3.1589  100
172.461  96.8616  2009.88  89.518  16.91  0.36  43.3  34  3.1589  100
172.51  96.8616  1908.74  94.6218  153.802  0.38  43.3  34  3.1589  100
172.559  96.8616  1995.69  88.7672  42.935  0.36  43.3  34  3.1589  100
172.608  96.8616  1933.98  94.6061  155.308  0.38  43.3  34  3.1589  100
172.656  96.9904  1886.34  94.7644  156.677  0.38  43.2  34  3.1589  100
172.705  96.9904  2007.59  89.7432  8.997  0.36  43.2  34  3.1589  100
172.754  96.9904  1928.59  96.0841  204.407  0.38  43.2  34  3.1589  100
172.803  96.9904  1882.56  94.061  133.32  0.39  43.2  34  3.1589  100
172.852  96.9904  1948.69  94.6371  157.541  0.37  43.2  34  3.1589  100
172.901  97.1192  1910.91  95.0375  167.793  0.38  43.2  34  3.1589  100
172.949  97.1192  1989.08  89.8396  5.567  0.36  44.6  34  3.1589  100
172.998  97.1192  2028.06  89.4987  17.742  0.36  44.6  34  3.1589  100
173.047  97.1192  1893.8  96.3234  208.585  0.38  44.6  34  3.1589  100
173.096  97.248  1976.93  89.9029  3.352  0.37  44.6  34  3.1589  100
173.145  97.248  1927.79  94.645  156.116  0.38  44.6  34  3.1589  100
173.193  97.248  1958.36  89.942  1.983  0.37  44.6  34  3.1589  100
173.242  97.248  1845.62  90.0056  0.18  0.39  42.7  34  3.1589  100
173.291  97.248  1939.94  96.1182  206.758  0.38  42.7  34  3.1589  100
173.339  97.3768  1961.54  89.9454  1.87  0.37  42.7  34  3.1589  100
173.388  97.3768  2009.29  89.8881  3.925  0.36  42.7  34  3.1589  100
173.437  97.3768  1904.73  96.3583  210.94  0.38  42.7  34  3.1589  100
173.486  97.3768  1987.55  89.8476  5.287  0.36  42.7  34  3.1589  100
173.535  97.3768  2015.61  89.7193  9.873  0.36  43.7  34  3.1589  100
173.584  97.5056  1887.05  94.9013  161.228  0.38  43.7  34  3.1589  100
173.632  97.5056  1972.99  88.8994  37.898  0.37  43.7  34  3.1589  100
173.681  97.5056  1934.48  94.6996  158.495  0.38  43.7  34  3.1589  100
173.73  97.5056  1955.4  89.9574  1.453  0.37  43.7  34  3.1589  100
173.779  97.6344  1929.16  94.9032  164.89  0.38  43.7  34  3.1589  100
173.828  97.6344  1916.28  96.1521  205.363  0.38  44.6  34  3.1589  100
173.876  97.6344  1824.71  90.0418  1.332  0.4  44.6  34  3.1589  100
173.925  97.6344  1915.35  94.988  166.536  0.38  44.6  34  3.1589  100
173.974  97.6344  1912.8  96.0759  202.462  0.38  44.6  34  3.1589  100
174.023  97.7632  1972.99  88.8994  37.898  0.37  44.6  34  3.1589  100
174.071  97.7632  1952.61  94.7591  162.002  0.37  44.6  34  3.1589  100
174.12  97.7632  1885.1  94.8194  158.377  0.39  45.5  34  3.1589  100
174.169  97.7632  2007.2  88.8948  38.714  0.36  45.5  34  3.1589  100
174.218  97.892  1941.97  95.8649  198.437  0.37  45.5  34  3.1589  100
174.266  97.892  1988.49  90.03  1.041  0.36  45.5  34  3.1589  100
174.315  97.892  2018.98  89.7225  9.779  0.36  45.5  34  3.1589  100
174.364  97.892  1996.95  89.8164  6.399  0.36  45.5  34  3.1589  100
174.413  97.892  1885.82  95.2638  173.008  0.39  45.5  34  3.1589  100
174.462  98.0208  2018.83  89.4313  20.038  0.36  42.6  34  3.1589  100
174.51  98.0208  1901.85  95.0931  168.835  0.38  42.6  34  3.1589  100
174.559  98.0208  2017.41  90.0168  0.59  0.36  42.6  34  3.1589  100
174.608  98.0208  1939.4  94.7174  159.499  0.37  42.6  34  3.1589  100
174.657  98.0208  1895.23  94.7078  155.548  0.38  42.6  34  3.1589  100
174.706  98.1496  1982.57  87.7591  77.521  0.37  42.6  34  3.1589  100
174.755  98.1496  1931.38  94.719  158.891  0.38  44.4  34  3.1589  100
174.803  98.1496  1968.24  89.7022  10.229  0.37  44.4  34  3.1589  100
174.852  98.1496  2011.11  88.6773  46.423  0.36  44.4  34  3.1589  100
174.901  98.1496  1888.99  94.9834  164.091  0.38  44.4  34  3.1589  100
174.95  98.2784  1899.89  95.3202  176.162  0.38  44.4  34  3.1589  100
174.998  98.2784  1933.23  95.0713  170.889  0.38  44.4  34  3.1589  100
175.047  98.2784  1896.19  94.8911  161.674  0.38  44.4  34  3.1589  100
175.096  98.2784  1978.18  89.0605  32.434  0.37  44.4  34  3.1589  100
175.145  98.2784  2033.53  89.3915  21.596  0.36  44.4  34  3.1589  100
175.193  98.4072  1895.71  94.7994  158.61  0.38  44.4  34  3.1589  100
175.242  98.4072  1976.87  88.9534  36.11  0.37  44.4  34  3.1589  100
175.291  98.4072  1933.98  94.6061  155.308  0.38  44.4  34  3.1589  100
175.34  98.4072  1888.55  95.2  171.164  0.38  42.6  34  3.1589  100
175.389  98.5361  2012.84  89.9083  3.22  0.36  42.6  34  3.1589  100
175.437  98.5361  1922.84  96.2117  208.056  0.38  42.6  34  3.1589  100
175.486  98.5361  1835.1  90.0238  0.763  0.39  42.6  34  3.1589  100
175.535  98.5361  2028.94  89.572  15.157  0.36  42.6  34  3.1589  100
175.584  98.5361  1896.89  95.0288  166.275  0.38  42.6  34  3.1589  100
175.632  98.6649  1995.63  89.8437  5.444  0.36  44.6  34  3.1589  100
175.681  98.6649  1955.45  94.9859  169.949  0.37  44.6  34  3.1589  100
175.73  98.6649  1902.81  96.2739  207.941  0.38  44.6  34  3.1589  100
175.779  98.6649  1847.21  90.0336  1.083  0.39  44.6  34  3.1589  100
175.827  98.7937  1937.59  94.6802  158.097  0.37  44.6  34  3.1589  100
175.876  98.7937  1969.73  89.6942  10.512  0.37  44.6  34  3.1589  100
175.925  98.7937  2016.4  89.9287  2.511  0.36  45.1  34  3.1589  100
175.974  98.7937  1928.59  96.0841  204.407  0.38  45.1  34  3.1589  100
176.022  98.7937  1959.85  89.1271  29.856  0.37  45.1  34  3.1589  100
176.071  98.9225  2020.4  89.4229  20.351  0.36  45.1  34  3.1589  100
176.12  98.9225  1905.42  94.8809  162.121  0.38  45.1  34  3.1589  100
176.169  98.9225  1963.87  89.0663  32.003  0.37  45.1  34  3.1589  100
176.218  98.9225  1950.4  94.3566  148.16  0.37  45  34  3.1589  100
176.267  98.9225  1898.15  94.9736  164.564  0.38  45  34  3.1589  100
176.315  99.0513  2026.6  89.7993  7.099  0.36  45  34  3.1589  100
176.364  99.0513  1950.08  95.8682  199.377  0.37  45  34  3.1589  100
176.413  99.0513  1812.85  90.0133  0.421  0.4  45  34  3.1589  100
176.462  99.0513  1939.79  94.7894  161.961  0.37  45  34  3.1589  100
176.51  99.1801  1907.4  94.9638  165.039  0.38  44.4  34  3.1589  100
176.559  99.1801  1947.68  89.1591  28.584  0.37  44.4  34  3.1589  100
176.608  99.1801  1951.29  94.816  163.822  0.37  44.4  34  3.1589  100
176.657  99.1801  1903.2  94.7521  157.671  0.38  44.4  34  3.1589  100
176.705  99.1801  1981.83  88.9631  35.864  0.37  44.4  34  3.1589  100
176.755  99.3089  2007.08  89.8405  5.588  0.36  44.4  34  3.1589  100
176.803  99.3089  1885.47  95.1936  170.677  0.39  43.9  34  3.1589  100
176.852  99.3089  1990.3  88.9914  35.034  0.36  43.9  34  3.1589  100
176.901  99.3089  1929.83  94.7286  159.088  0.38  43.9  34  3.1589  100
176.95  99.3089  1876.77  95.2722  172.451  0.39  43.9  34  3.1589  100
176.998  99.4377  2038.56  89.9869  0.465  0.35  43.9  34  3.1589  100
177.047  99.4377  1888.29  94.8463  159.529  0.38  43.9  34  3.1589  100
177.096  99.4377  1869.9  93.9597  129.124  0.39  43.9  34  3.1589  100
177.145  99.4377  1999.19  89.7283  9.482  0.36  44.3  34  3.1589  100
177.193  99.4377  1896.18  96.1685  203.751  0.38  44.3  34  3.1589  100
177.242  99.5665  1839.55  90.0008  0.025  0.39  44.3  34  3.1589  100
177.291  99.5665  2017.44  89.5937  14.305  0.36  44.3  34  3.1589  100
177.34  99.5665  1808.53  90.036  1.135  0.4  44.3  34  3.1589  100
177.388  99.5665  1936.82  95.1463  173.732  0.38  44.3  34  3.1589  100
177.437  99.6953  2016.47  89.7921  7.318  0.36  42.8  34  3.1589  100
177.486  99.6953  1893.23  95.2186  172.2  0.38  42.8  34  3.1589  100
177.535  99.6953  2023.13  89.9331  2.363  0.36  42.8  34  3.1589  100
177.583  99.6953  1888.2  95.1297  168.827  0.38  42.8  34  3.1589  100
177.632  99.6953  1923.17  89.2993  23.518  0.38  42.8  34  3.1589  100
177.681  99.8241  2001.16  89.7562  8.514  0.36  42.8  34  3.1589  100
177.73  99.8241  1887.84  96.3562  209.002  0.39  44.1  34  3.1589  100
177.779  99.8241  2024.05  90.0215  0.758  0.36  44.1  34  3.1589  100
177.828  99.8241  2022.61  89.6053  13.933  0.36  44.1  34  3.1589  100
177.876  99.9529  1898.22  94.6888  155.166  0.38  44.1  34  3.1589  100
177.925  99.9529  1932.01  94.8374  162.924  0.38  44.1  34  3.1589  100
177.974  99.9529  1920.85  94.8326  161.821  0.38  44.1  34  3.1589  100
178.023  99.9529  1966.88  89.8599  4.811  0.37  43.2  34  3.1589  100
178.072  99.9529  2023.71  89.6979  10.671  0.36  43.2  34  3.1589  100
178.12  100.082  1913.22  96.1689  205.596  0.38  43.2  34  3.1589  100
178.169  100.082  1888.18  93.9757  130.914  0.38  43.2  34  3.1589  100
178.218  100.082  1934.15  95.9087  199.108  0.38  43.2  34  3.1589  100
178.267  100.082  1882.85  94.9747  163.273  0.39  43.2  34  3.1589  100
178.315  100.082  1985.62  89.8197  6.247  0.36  42.2  34  3.1589  100
178.364  100.211  1939.65  94.7643  161.101  0.37  42.2  34  3.1589  100
178.413  100.211  1872.32  96.255  203.996  0.39  42.2  34  3.1589  100
178.462  100.211  1979.69  89.0519  32.756  0.37  42.2  34  3.1589  100
178.51  100.211  1921.09  94.8791  163.395  0.38  42.2  34  3.1589  100
178.559  100.211  1887.3  95.2548  172.848  0.38  42.2  34  3.1589  100
178.608  100.339  1945.8  94.7037  159.562  0.37  45  34  3.1589  100
178.657  100.339  1916.82  94.6661  155.932  0.38  45  34  3.1589  100
178.706  100.339  1997.74  90.0029  0.1  0.36  45  34  3.1589  100
178.755  100.339  1927.79  94.645  156.116  0.38  45  34  3.1589  100
178.803  100.468  1888.52  96.1642  202.786  0.39  45  34  3.1589  100
178.852  100.468  1969.38  88.9965  34.489  0.37  45  34  3.1589  100
178.901  100.468  1940.15  94.8582  164.31  0.37  45.6  34  3.1589  100
178.95  100.468  1817.19  89.9905  0.3  0.4  45.6  34  3.1589  100
178.999  100.468  1999.55  89.8998  3.498  0.36  45.6  34  3.1589  100
179.047  100.597  1929.49  95.9348  199.502  0.38  45.6  34  3.1589  100
179.096  100.597  1897.12  95.3842  178.016  0.38  45.6  34  3.1589  100
179.145  100.597  1920.65  95.0994  170.713  0.38  45.6  34  3.1589  100
179.194  100.597  1891.25  94.8276  159.164  0.38  44.8  34  3.1589  100
179.243  100.597  1832.15  90.0391  1.25  0.39  44.8  34  3.1589  100
179.291  100.726  2023.48  89.6783  11.361  0.36  44.8  34  3.1589  100
179.34  100.726  1887.28  94.947  162.747  0.38  44.8  34  3.1589  100
179.389  100.726  1911.6  94.8679  162.216  0.38  44.8  34  3.1589  100
179.438  100.726  1939.43  94.4264  149.683  0.37  44.8  34  3.1589  100
179.487  100.855  1956.75  89.8009  6.798  0.37  44.8  34  3.1589  100
179.536  100.855  1994.93  89.9235  2.662  0.36  44.8  34  3.1589  100
179.585  100.855  1914.26  96.4018  213.44  0.38  44.8  34  3.1589  100
179.633  100.855  1889  95.2915  174.21  0.38  44.8  34  3.1589  100
179.682  100.855  2021.9  89.6865  11.062  0.36  44.8  34  3.1589  100
179.731  100.983  1890.17  94.6203  152.257  0.38  44.8  34  3.1589  100
179.78  100.983  1966.76  88.7832  41.765  0.37  44.8  34  3.1589  100
179.828  100.983  2030.98  89.6003  14.169  0.36  46  34  3.1589  100
179.877  100.983  1900.43  94.8171  159.588  0.38  46  34  3.1589  100
179.926  100.983  1976.87  88.9534  36.11  0.37  46  34  3.1589  100
179.975  101.112  1934.11  96.2465  210.443  0.38  46  34  3.1589  100
180.024  101.112  1951.26  89.8674  4.516  0.37  46  34  3.1589  100
180.072  101.112  2016.7  89.8115  6.633  0.36  46  34  3.1589  100
180.121  101.112  1907.17  94.9176  163.488  0.38  44.2  34  3.1589  100
180.17  101.241  1881.17  95.2452  171.973  0.39  44.2  34  3.1589  100
180.219  101.241  1945.97  95.0429  171.055  0.37  44.2  34  3.1589  100
180.267  101.241  1900.91  94.909  162.668  0.38  44.2  34  3.1589  100
180.316  101.241  1955.85  89.1877  27.727  0.37  44.2  34  3.1589  100
180.365  101.241  2030.7  89.7185  9.977  0.36  44.2  34  3.1589  100
180.414  101.37  1898.62  95.0655  167.638  0.38  45.2  34  3.1589  100
180.463  101.37  1836.58  90.0162  0.518  0.39  45.2  34  3.1589  100
180.511  101.37  1943.28  94.8389  163.926  0.37  45.2  34  3.1589  100
180.56  101.37  1949.39  89.8401  5.442  0.37  45.2  34  3.1589  100
180.609  101.37  1987.14  89.8118  6.528  0.36  45.2  34  3.1789  100
180.658  101.499  1934.33  96.2936  212.046  0.38  45.2  34  3.1789  100
180.707  101.499  1884.34  95.2728  173.168  0.39  44.5  34  3.1789  100
180.755  101.499  2023.31  89.5239  16.811  0.36  44.5  34  3.1789  100
180.804  101.499  1891.9  96.2396  205.623  0.38  44.5  34  3.1789  100
180.853  101.499  1907.19  95.2287  173.804  0.38  44.5  34  3.1789  100
180.901  101.627  1917.68  94.8301  161.47  0.38  44.5  34  3.3389  100
180.95  101.627  1877.21  95.0569  165.467  0.39  44.5  34  3.3389  100
180.999  101.627  2013.4  89.9609  1.375  0.36  43.3  34  3.3389  100
181.048  101.627  1944.43  96.0451  204.772  0.37  43.3  34  3.3389  100
181.096  101.627  1960.92  89.8911  3.726  0.37  43.3  34  3.3389  100
181.145  101.756  2002.57  88.9214  37.698  0.36  43.3  34  3.3389  100
181.194  101.756  1918.7  95.9952  200.398  0.38  43.3  34  3.3389  100
181.243  101.756  1887.87  95.0628  166.6  0.38  43.3  34  3.3589  100
181.292  101.756  2011.88  89.5459  15.944  0.36  44.1  34  3.3589  100
181.341  101.885  1897.36  95.1207  169.346  0.38  44.1  34  3.3589  100
181.389  101.885  1904.04  94.9149  163.132  0.38  44.1  34  3.3589  100
181.438  101.885  2013.18  89.6549  12.127  0.36  44.1  34  3.3589  100
181.487  101.885  1995.99  89.9916  0.292  0.36  44.1  34  3.3589  100
181.536  101.885  2001.94  89.964  1.26  0.36  44.1  34  3.3589  100
181.584  102.014  1915.54  94.7221  157.691  0.38  45.6  34  3.3589  100
181.633  102.014  1889.67  95.4289  178.784  0.38  45.6  34  3.3589  100
181.682  102.014  1937.72  94.7053  158.954  0.37  45.6  34  3.3589  100
181.731  102.014  1918.83  94.7493  158.87  0.38  45.6  34  3.3589  100
181.779  102.143  1891.52  95.1818  170.836  0.38  45.6  34  3.3589  100
181.828  102.143  1929.06  95.1928  174.595  0.38  45.6  34  3.3589  100
181.877  102.143  1897.88  96.2064  205.18  0.38  45.6  34  3.3589  100
181.926  102.143  1887.63  95.0171  165.08  0.38  46.3  34  3.3589  100
181.974  102.143  2013.61  89.6912  10.853  0.36  46.3  34  3.3589  100
182.023  102.271  1979.04  89.9472  1.824  0.37  46.3  34  3.3589  100
182.072  102.271  1908.57  94.8868  162.585  0.38  46.3  34  3.3589  100
182.121  102.271  1918.28  94.9444  165.334  0.38  46.3  34  3.3589  100
182.169  102.271  1883.09  95.3274  174.84  0.39  46.3  34  3.3589  100
182.218  102.271  2013.56  89.8277  6.055  0.36  45.3  34  3.3589  100
182.267  102.4  1916.49  96.1987  206.936  0.38  45.3  34  3.3589  100
182.316  102.4  1881.4  95.2908  173.484  0.39  45.3  34  3.3589  100
182.364  102.4  1993.98  89.5645  15.155  0.36  45.3  34  3.3589  100
182.413  102.4  1894.14  95.0931  168.152  0.38  45.3  34  3.3589  100
182.462  102.4  1900.94  95.2191  172.916  0.38  45.3  34  3.3589  100
182.511  102.529  1946.92  95.8858  199.649  0.37  45.8  34  3.3589  100
182.56  102.529  1992.98  90.007  0.243  0.36  45.8  34  3.3589  100
182.608  102.529  1994.1  89.8517  5.163  0.36  45.8  34  3.3589  100
182.657  102.529  1992.19  89.6887  10.825  0.36  45.8  34  3.3589  100
182.706  102.529  1865.14  95.3434  173.692  0.39  45.8  34  3.3589  100
182.755  102.658  2014.83  89.9367  2.228  0.36  45.8  34  3.3589  100
182.803  102.658  1920.18  96.322  211.442  0.38  45.2  34  3.3589  100
182.852  102.658  1872.1  94.085  133.361  0.39  45.2  34  3.3589  100
182.901  102.658  1928.58  95.0994  171.419  0.38  45.2  34  3.3589  100
182.95  102.787  1887.44  96.2643  205.949  0.39  45.2  34  3.3589  100
182.999  102.787  1970.9  89.9342  2.265  0.37  45.2  34  3.3589  100
183.047  102.787  1935.02  94.5028  151.916  0.38  45.2  34  3.3589  100
183.096  102.787  1894.13  95.4022  178.325  0.38  42.3  34  3.3589  100
183.145  102.787  1919.21  94.8205  161.281  0.38  42.3  34  3.3589  100
183.194  102.915  1922.93  94.6275  155.138  0.38  42.3  34  3.3589  100
183.242  102.915  1965.66  89.7536  8.454  0.37  42.3  34  3.3589  100
183.291  102.915  1935.61  94.9119  165.735  0.38  42.3  34  3.3589  100
183.34  102.915  1911.41  96.4648  215.211  0.38  42.3  34  3.3589  100
183.389  103.044  1886.61  95.1177  168.289  0.38  44.7  34  3.3589  100
183.437  103.044  1925.02  95.0248  168.606  0.38  44.7  34  3.3589  100
183.486  103.044  1890.21  96.2019  204.202  0.38  44.7  34  3.3589  100
183.535  103.044  1987.27  89.9629  1.286  0.36  44.7  34  3.3589  100
183.584  103.044  1941.76  94.5572  154.28  0.37  44.7  34  3.3589  100
183.633  103.173  1994.94  90.0347  1.207  0.36  44.7  34  3.3589  100
183.682  103.173  2023.1  89.9497  1.776  0.36  44.7  34  3.3589  100
183.73  103.173  1912.53  96.3635  211.976  0.38  44.7  34  3.3589  100
183.779  103.173  1875.26  94.1104  134.417  0.39  44.7  34  3.3589  100
183.828  103.302  1923.48  95.0342  168.785  0.38  44.7  34  3.3589  100
183.877  103.302  1912.59  96.0294  200.895  0.38  44.7  34  3.7388  100
183.926  103.302  1980.77  89.9585  1.435  0.37  44.7  34  3.7388  100
183.975  103.302  2023.48  89.6783  11.361  0.36  43.7  34  3.7388  100
184.024  103.302  1882.55  94.6223  151.708  0.39  43.7  34  3.7388  100
184.072  103.431  1974.31  89.0063  34.238  0.37  43.7  34  3.7388  100
184.121  103.431  1927.79  94.645  156.116  0.38  43.7  34  3.7388  100
184.17  103.431  1954.6  89.887  3.854  0.37  43.7  34  4.0489  100
184.219  103.431  1988.34  88.9642  35.945  0.36  43.7  34  4.0489  100
184.267  103.431  1909.95  94.8526  161.568  0.38  46.1  34  4.0489  100
184.316  103.559  1892.42  95.3652  176.949  0.38  46.1  34  4.0489  100
184.365  103.559  1925.83  94.8755  163.679  0.38  46.1  34  4.0489  100
184.414  103.559  1906.44  96.3965  212.392  0.38  46.1  34  4.0489  100
184.462  103.559  1900.24  95.081  168.291  0.38  46.1  34  4.1889  100
184.511  103.688  1925.97  95.2113  174.935  0.38  46.1  34  4.1889  100
184.56  103.688  1894.48  96.1308  202.328  0.38  46.1  34  4.1889  100
184.609  103.688  1956.9  89.144  29.235  0.37  44.9  34  4.1889  100
184.658  103.688  1929.83  94.7286  159.088  0.38  44.9  34  4.1889  100
184.706  103.688  1886.49  95.401  177.566  0.39  44.9  34  4.1889  100
184.755  103.817  1910.08  94.8774  162.401  0.38  44.9  34  4.1889  100
184.804  103.817  1926.35  96.2886  211.004  0.38  44.9  34  4.1889  100
184.853  103.817  1864.35  95.4879  178.297  0.39  44.9  34  4.1889  100
184.901  103.817  1908.81  94.933  164.139  0.38  46.2  34  4.1889  100
184.95  103.817  1899.59  96.2442  206.612  0.38  46.2  34  4.1889  100
184.999  103.946  1814.44  90.0596  1.888  0.4  46.2  34  4.1889  100
185.048  103.946  2016.57  89.5209  16.861  0.36  46.2  34  4.1889  100
185.096  103.946  1874.95  96.5206  212.92  0.39  46.2  34  4.1889  100
185.145  103.946  2000.3  89.952  1.677  0.36  46.2  34  4.1889  100
185.194  103.946  1924.65  94.9532  166.179  0.38  44.1  34  4.1889  100
185.243  104.075  1868.26  95.371  174.876  0.39  44.1  34  4.1889  100
185.291  104.075  1914.07  95.0437  168.277  0.38  44.1  34  4.1889  100
185.34  104.075  1905.13  96.451  214.05  0.38  44.1  34  4.1889  100
185.389  104.075  1811.46  90.0397  1.254  0.4  44.1  34  4.1889  100
185.438  104.203  1927.13  94.8194  161.908  0.38  44.1  34  4.1889  100
185.487  104.203  1916.28  96.1521  205.363  0.38  43.3  34  4.1889  100
185.535  104.203  1952.49  89.1692  28.311  0.37  43.3  34  4.1889  100
185.584  104.203  1999.03  89.5759  14.797  0.36  43.3  34  4.1889  100
185.633  104.203  1884.79  95.0567  166.128  0.39  43.3  34  4.1889  100
185.682  104.332  1836.58  90.0162  0.518  0.39  43.3  34  4.1889  100
185.731  104.332  1927.24  94.841  162.643  0.38  43.3  34  4.1889  100
185.779  104.332  1949.39  89.8401  5.442  0.37  45  34  4.1889  100
185.828  104.332  2002.93  89.7675  8.127  0.36  45  34  4.1889  100
185.877  104.461  1910.25  94.6122  153.604  0.38  45  34  4.1889  100
185.926  104.461  1820.33  90.0646  2.051  0.4  45  34  4.1889  100
185.974  104.461  1932.5  94.9309  166.108  0.38  45  34  4.1889  100
186.023  104.461  1890.61  96.2938  207.263  0.38  45  34  4.1889  100
186.072  104.461  1818.79  90.037  1.173  0.4  44.5  34  4.1889  100
186.121  104.59  2015.17  89.683  11.15  0.36  44.5  34  4.1889  100
186.169  104.59  1952.05  89.9377  2.123  0.37  44.5  34  4.1889  100
186.218  104.59  1917.68  94.8301  161.47  0.38  44.5  34  4.1889  100
186.267  104.59  1940.63  95.9208  200.184  0.37  44.5  34  4.1889  100
186.316  104.59  1881.92  94.7926  157.232  0.39  44.5  34  4.1889  100
186.365  104.719  1933.06  94.7343  159.547  0.38  44.8  34  4.1889  100
186.414  104.719  1995.68  89.7084  10.156  0.36  44.8  34  4.1889  100
186.462  104.719  1879.12  93.9903  130.763  0.39  44.8  34  4.1889  100
186.511  104.719  1940.78  94.9772  168.382  0.37  44.8  34  4.1889  100
186.56  104.719  1897.68  94.8818  161.493  0.38  44.8  34  4.1889  100
186.609  104.848  1976.68  89.0691  32.114  0.37  44.8  34  4.1889  100
186.658  104.848  1917.84  94.5638  152.601  0.38  46.3  34  4.1889  100
186.706  104.848  1875.75  95.066  165.636  0.39  46.3  34  4.1889  100
186.755  104.848  1912.45  90.0266  0.887  0.38  46.3  34  4.1889  100
186.804  104.976  1930.82  94.9154  165.441  0.38  46.3  34  4.1889  100
186.853  104.976  1868.01  94.1595  135.493  0.39  46.3  34  4.1889  100
186.902  104.976  1892.88  93.9912  131.749  0.38  46.3  34  4.1889  100
186.95  104.976  1915.37  96.3003  210.192  0.38  46.3  34  4.1889  100
186.999  104.976  1872.35  94.1301  134.85  0.39  45.2  34  4.1889  100
187.048  105.105  2021.73  89.5323  16.503  0.36  45.2  34  4.1889  100
187.097  105.105  1889.91  95.1664  170.183  0.38  45.2  34  4.1889  100
187.145  105.105  1904.04  94.9149  163.132  0.38  45.2  34  4.1889  100
187.195  105.105  1901.69  94.7616  157.86  0.38  45.2  34  4.1889  100
187.244  105.105  1869.37  95.2925  172.432  0.39  45.2  34  4.1889  100
187.292  105.234  2025.12  89.9777  0.787  0.36  44.5  34  4.1889  100
187.341  105.234  1923.74  96.0629  203.185  0.38  44.5  34  4.1889  100
187.39  105.234  1879.12  95.4453  178.321  0.39  44.5  34  4.1889  100
187.439  105.234  1930.13  95.09  171.243  0.38  44.5  34  4.1889  100
187.488  105.363  1917.17  96.0037  200.523  0.38  44.5  34  4.1889  100
187.536  105.363  1869.48  95.3168  173.232  0.39  44.5  34  4.1889  100
187.585  105.363  1934.54  95.0151  169.113  0.38  44.9  34  4.1889  100
187.634  105.363  1889.29  94.7456  156.304  0.38  44.9  34  4.1889  100
187.683  105.363  1953.11  89.0903  31.009  0.37  44.9  34  4.1889  100
187.731  105.492  2004.53  89.6234  13.174  0.36  44.9  34  4.1889  100
187.78  105.492  1865.14  95.0392  163.829  0.39  44.9  34  4.1889  100
187.83  105.492  1967.2  88.8187  40.554  0.37  44.9  34  4.1889  100
187.878  105.492  1918.52  94.9908  166.904  0.38  45  34  4.1889  100
187.927  105.492  1958.23  89.7931  7.072  0.37  45  34  4.1889  100
187.976  105.62  1926.88  94.7728  160.326  0.38  45  34  4.1889  100
188.025  105.62  1907.35  96.2489  207.612  0.38  45  34  4.1889  100
188.073  105.62  1815.89  90.0521  1.65  0.4  45  34  4.1889  100
188.123  105.62  2014.74  89.6466  12.426  0.36  45  34  4.1889  100
188.171  105.749  1894.46  94.8546  160.324  0.38  43.6  34  4.1889  100
188.22  105.749  1990.2  89.7958  7.093  0.36  43.6  34  4.1889  100
188.269  105.749  1927.79  94.645  156.116  0.38  43.6  34  4.1889  100
188.317  105.749  1885.01  95.4099  177.718  0.39  43.6  34  4.1889  100
188.366  105.749  1982.58  89.8356  5.688  0.36  43.6  34  4.1889  100
188.415  105.878  1918.52  94.9908  166.904  0.38  43.6  34  4.1889  100
188.464  105.878  1883.31  95.3731  176.355  0.39  45.1  34  4.1889  100
188.513  105.878  1851.72  90.0104  0.337  0.39  45.1  34  4.1889  100
188.561  105.878  1904.15  94.9363  163.85  0.38  45.1  34  4.1889  100
188.61  105.878  1868.6  95.1357  167.268  0.39  45.1  34  4.1889  100
188.659  106.007  1942.59  95.0148  169.806  0.37  45.1  34  4.1889  100
188.708  106.007  1903.36  95.0839  168.663  0.38  45.1  34  4.1889  100
188.757  106.007  2013.87  89.9966  0.121  0.36  43.8  34  4.1889  100
188.806  106.007  2007.63  89.607  13.77  0.36  43.8  34  4.1889  100
188.855  106.007  1880.59  95.4365  178.171  0.39  43.8  34  4.1889  100
188.903  106.136  1986.55  88.8205  40.893  0.36  43.8  34  4.1889  100
188.952  106.136  1932.34  96.2079  208.957  0.38  43.8  34  4.1889  100
189.001  106.136  1957.15  89.8362  5.595  0.37  43.8  34  4.1889  100
189.05  106.136  1940.78  94.9772  168.382  0.37  43.5  34  4.1889  100
189.099  106.136  1923.31  95.9693  200.017  0.38  43.5  34  4.1889  100
189.147  106.264  1895.85  93.9711  131.293  0.38  43.5  34  4.1889  100
189.196  106.264  2008.92  89.7157  9.969  0.36  43.5  34  4.1889  100
189.245  106.264  1906.37  95.0654  168.318  0.38  43.5  34  4.1889  100
189.294  106.264  1990.61  89.8317  5.848  0.36  43.5  34  4.1889  100
189.343  106.264  1929.27  94.9249  165.626  0.38  45.3  34  4.1889  100
189.392  106.393  1991.49  90.0147  0.51  0.36  45.3  34  4.1889  100
189.44  106.393  2022.51  90.0292  1.032  0.36  45.3  34  4.1889  100
189.489  106.393  1891.49  94.8734  160.688  0.38  45.3  34  4.1889  100
189.538  106.393  1863.89  93.9544  128.538  0.39  45.3  34  4.1889  100
189.587  106.522  2001.02  88.9302  37.361  0.36  45.3  34  4.1889  100
189.635  106.522  2005.52  89.9807  0.676  0.36  45.3  34  4.1889  100
189.684  106.522  1820.14  89.9942  0.185  0.4  44.1  34  4.1889  100
189.733  106.522  1934.62  94.7247  159.35  0.38  44.1  34  4.1889  100
189.781  106.651  1989.53  89.9871  0.449  0.36  44.1  34  4.1889  100
189.83  106.651  1928.05  88.0737  64.809  0.38  44.1  34  4.1889  100
189.879  106.651  1870.57  95.5435  180.7  0.39  44.1  34  4.1889  100
189.927  106.651  1761.51  94.8375  148.547  0.41  44.1  34  4.1889  100
189.976  106.651  1729.3  89.3953  18.249  0.42  44.4  34  4.1889  100
190.025  106.78  1696.27  89.6821  9.411  0.43  44.4  34  4.1889  100
190.074  106.78  1585.69  90.0245  0.678  0.46  44.4  34  4.1889  100
190.122  106.78  1646.39  94.3726  125.526  0.44  44.4  34  4.1889  100
190.172  106.78  1693.25  94.9653  146.555  0.43  44.4  34  4.1889  100
190.22  106.78  1769.58  94.8504  149.624  0.41  44.4  34  4.1889  100
190.269  106.908  1864.38  94.0442  131.488  0.39  44.9  34  4.1889  100
190.318  106.908  1848.38  95.5384  178.393  0.39  44.9  34  4.1889  100
190.367  106.908  1927.07  88.1177  63.296  0.38  44.9  34  4.1889  100
190.415  106.908  1913.26  95.192  173.138  0.38  44.9  34  4.1889  100
190.464  106.908  1881.84  95.382  176.508  0.39  44.9  34  4.1889  100
190.513  107.037  2034.12  90.0299  1.06  0.36  44.9  34  4.1889  100
190.562  107.037  1895.23  94.7078  155.548  0.38  46.3  34  4.1889  100
190.611  107.037  1937.52  89.2173  26.467  0.37  46.3  34  4.1889  100
190.659  107.037  1990.2  89.7958  7.093  0.36  46.3  34  4.1889  100
190.708  107.037  1891.16  95.1115  168.491  0.38  46.3  34  4.1889  100
190.757  107.166  1863.42  90.0243  0.791  0.39  46.3  34  4.1889  100
190.806  107.166  1938.97  94.9398  166.962  0.37  46.3  34  4.1889  100
190.854  107.166  1944.6  89.8283  5.826  0.37  46.1  34  4.1889  100
190.903  107.166  1948.05  88.9312  36.337  0.37  46.1  34  4.1889  100
190.952  107.295  1864.77  95.5783  181.268  0.39  46.1  34  4.1889  100
191.001  107.295  1718.67  95.0867  152.383  0.42  46.1  34  4.1889  100
191.049  107.295  1652.88  90.0597  1.722  0.44  46.1  34  4.1889  100
191.098  107.295  1668.5  95.3698  156.143  0.44  46.1  34  4.1889  100
191.147  107.295  1615.36  89.4179  16.412  0.45  45  34  4.1889  100
191.196  107.424  1688.98  86.5076  102.885  0.43  45  34  4.1889  100
191.244  107.424  1953.48  86.4795  119.956  0.37  45  34  4.1889  100
191.293  107.424  1636.77  89.1801  23.421  0.44  45  34  4.1889  100
191.342  107.424  1624.98  89.3057  19.692  0.45  45  34  4.1889  100
191.391  107.424  1511.25  94.3508  114.648  0.48  45  34  4.1889  100
191.44  107.552  1520.97  94.3277  114.773  0.48  46.8  34  4.1889  100
191.488  107.552  1536.79  95.248  140.564  0.47  46.8  34  4.1889  100
191.537  107.552  1554.57  95.1124  138.528  0.47  46.8  34  4.1889  100
191.586  107.552  1750.52  89.5299  14.363  0.41  46.8  34  4.1889  100
191.635  107.681  1749.76  94.3262  131.994  0.41  46.8  34  4.1889  100
191.684  107.681  1764.12  94.5554  140.112  0.41  46.8  34  4.1889  100
191.733  107.681  1862.7  94.0092  130.233  0.39  41.9  34  4.1889  100
191.781  107.681  1832.16  95.4755  174.824  0.4  41.9  34  4.1889  100
191.83  107.681  1910.25  89.2262  25.797  0.38  41.9  34  4.1889  100
191.879  107.81  1991.5  89.7686  8.045  0.36  41.9  34  4.1889  100
191.928  107.81  1868.7  95.1567  167.959  0.39  41.9  34  4.1889  100
191.977  107.81  1882.31  94.0156  131.816  0.39  41.9  34  4.1889  100
192.025  107.81  1912.42  95.0282  167.617  0.38  41.9  34  4.1889  100
192.074  107.81  1845.15  94.0376  129.918  0.39  43.7  34  4.1889  100
192.123  107.939  1930.46  94.847  163.114  0.38  43.7  34  4.1889  100
192.172  107.939  1904.35  94.3863  145.645  0.38  43.7  34  4.1889  100
192.22  107.939  1970.5  89.8987  3.485  0.37  43.7  34  4.1889  100
192.269  107.939  1937.65  94.9962  168.749  0.37  43.7  34  4.1889  100
192.318  107.939  1907.88  95.0561  168.144  0.38  43.7  34  4.1889  100
192.367  108.068  1996.23  90.0106  0.368  0.36  44.9  34  4.1889  100
192.416  108.068  1994.84  89.6365  12.657  0.36  44.9  34  4.1889  100
192.465  108.068  1988.49  90.03  1.041  0.36  44.9  34  4.1889  100
192.513  108.068  1993.39  89.9314  2.385  0.36  44.9  34  4.1889  100
192.562  108.196  1925.94  94.8972  164.413  0.38  44.9  34  4.1889  100
192.611  108.196  1855.86  95.2614  170.182  0.39  44.9  34  4.1889  100
192.66  108.196  1996.42  88.9565  36.358  0.36  43.4  34  4.1889  100
192.709  108.196  1915.64  96.0123  200.648  0.38  43.4  34  4.1889  100
192.757  108.196  1882.56  94.061  133.32  0.39  43.4  34  4.1889  100
192.806  108.325  2003.23  89.515  16.958  0.36  43.4  34  4.1889  100
192.855  108.325  1910.63  94.3932  146.354  0.38  43.4  34  4.1889  100
192.904  108.325  1881.09  94.0709  133.541  0.39  43.4  34  4.1889  100
192.953  108.325  2003.97  89.8565  5.019  0.36  46.2  34  4.1889  100
193.001  108.325  1869.93  95.1024  166.304  0.39  46.2  34  4.1889  100
193.05  108.454  1991.86  89.9393  2.109  0.36  46.2  34  4.1889  100
193.099  108.454  1939.06  95.9296  200.316  0.38  46.2  34  4.1889  100
193.148  108.454  1961.2  89.7773  7.622  0.37  46.2  34  4.1889  100
193.197  108.454  2012.27  89.7188  9.875  0.36  46.2  34  4.1889  100
193.246  108.454  1904.7  94.7426  157.481  0.38  46.5  34  4.1889  100
193.294  108.583  1883.09  95.3274  174.84  0.39  46.5  34  4.1889  100
193.343  108.583  1942.34  94.9677  168.197  0.37  46.5  34  4.1889  100
193.392  108.583  1885.24  95.148  169.16  0.39  46.5  34  4.1889  100
193.441  108.583  1832.06  90.0037  0.117  0.39  46.5  34  4.1889  100
193.489  108.712  1931.04  95.9261  199.371  0.38  46.5  34  4.1889  100
193.538  108.712  1962.81  89.9187  2.785  0.37  45  34  4.1889  100
193.587  108.712  1913.11  94.8585  162.031  0.38  45  34  4.1889  100
193.636  108.712  1936.37  96.0411  203.788  0.38  45  34  4.1889  100
193.685  108.712  1871.15  95.048  164.645  0.39  45  34  4.1889  100
193.733  108.84  1916.4  94.8859  163.223  0.38  45  34  4.1889  100
193.782  108.84  1896.79  96.307  208.373  0.38  45  34  4.1889  100
193.831  108.84  1895.06  94.9709  164.206  0.38  45.5  34  4.1889  100
193.88  108.84  2023.56  89.4059  20.981  0.36  45.5  34  4.1889  100
193.928  108.84  1873.54  94.6337  151.354  0.39  45.5  34  4.1889  100
193.977  108.969  1999.25  89.9952  0.169  0.36  45.5  34  4.1889  100
194.026  108.969  1938.38  95.137  173.557  0.37  45.5  34  4.1889  100
194.075  108.969  1960.92  89.8911  3.726  0.37  45.5  34  4.1889  100
194.124  108.969  1993.39  89.9314  2.385  0.36  44.7  34  4.1889  100
194.173  108.969  1932.6  95.9174  199.239  0.38  44.7  34  4.1889  100
194.222  109.098  1866.22  95.5696  181.127  0.39  44.7  34  4.1889  100
194.27  109.098  1931.19  94.9872  167.883  0.38  44.7  34  4.1889  100
194.319  109.098  1993.17  89.9122  3.055  0.36  44.7  34  4.1889  100
194.368  109.098  1873.8  94.1203  134.634  0.39  44.7  34  4.1889  100
194.417  109.227  2019.89  89.6583  12.045  0.36  44.7  34  4.1889  100
194.466  109.227  1894.93  94.9463  163.385  0.38  44.7  34  4.1889  100
194.515  109.227  1968.24  88.7744  42.098  0.37  44.7  34  4.1889  100
194.563  109.227  1984.98  89.7648  8.149  0.36  44.7  34  4.1889  100
194.612  109.227  1884.27  96.235  204.643  0.39  44.7  34  4.1889  100
194.661  109.356  2020.96  90.037  1.306  0.36  44.7  34  4.1889  100
194.71  109.356  1920.36  94.7397  158.677  0.38  44.7  34  4.1889  100
194.758  109.356  1883.54  95.4187  177.87  0.39  44.1  34  4.1889  100
194.807  109.356  2004.62  89.912  3.079  0.36  44.1  34  4.1889  100
194.856  109.356  1888.24  96.4481  212.057  0.39  44.1  34  4.1889  100
194.905  109.485  1818.69  90.0018  0.057  0.4  44.1  34  4.1889  100
194.953  109.485  2017.7  89.4762  18.447  0.36  44.1  34  4.1889  100
195.002  109.485  1875.75  95.066  165.636  0.39  44.1  34  4.1889  100
195.051  109.485  1978.18  89.0605  32.434  0.37  44.6  34  4.1889  100
195.1  109.613  1943.28  94.8389  163.926  0.37  44.6  34  4.1889  100
195.148  109.613  1955.68  89.844  5.324  0.37  44.6  34  4.1889  100
195.197  109.613  1848.71  90.0259  0.836  0.39  44.6  34  4.1889  100
195.247  109.613  1895.63  95.0839  167.981  0.38  44.6  34  4.1889  100
195.295  109.613  1867.02  95.4251  176.516  0.39  44.6  34  4.1889  100
195.344  109.742  2005.04  89.9481  1.815  0.36  43.8  34  4.1889  100
195.393  109.742  1881.08  94.6318  151.9  0.39  43.8  34  4.1889  100
195.442  109.742  1961.54  89.9454  1.87  0.37  43.8  34  4.1889  100
195.49  109.742  2013.44  89.5376  16.249  0.36  43.8  34  4.1889  100
195.539  109.871  1880  90.0271  0.89  0.38  43.8  34  4.1889  100
195.589  109.871  1978.85  89.9307  2.395  0.37  43.8  34  4.1889  100
195.637  109.871  1917.06  94.7125  157.497  0.38  44.7  34  4.1889  100
195.686  109.871  1949.39  89.8401  5.442  0.37  44.7  34  4.1889  100
195.735  109.871  2007.59  89.7432  8.997  0.36  44.7  34  4.1889  100
195.784  110  1927.04  96.0926  204.529  0.38  44.7  34  4.1889  100
195.833  110  1874.51  95.4263  177.265  0.39  44.7  34  4.1889  100
195.881  110  1924.29  94.885  163.867  0.38  44.7  34  4.1889  100
195.93  110  1876.65  95.2478  171.645  0.39  44.4  34  4.1889  100
195.979  110.129  1874.42  95.0995  166.607  0.39  44.4  34  4.1889  100
196.028  110.129  2013.61  89.6912  10.853  0.36  44.4  34  4.1889  100
196.076  110.129  1889.45  95.0749  167.136  0.38  44.4  34  4.1889  100
196.125  110.129  1910.56  94.9698  165.513  0.38  44.4  34  4.1889  100
196.174  110.129  1946.88  96.2259  211.136  0.37  44.4  34  4.1889  100
196.223  110.257  1949.11  89.9531  1.596  0.37  43.8  34  4.1889  100
196.272  110.257  1944.16  95.0053  169.623  0.37  43.8  34  4.1889  100
196.32  110.257  1922.87  94.9161  164.784  0.38  43.8  34  4.1889  100
196.369  110.257  1967.46  88.9696  35.381  0.37  43.8  34  4.1889  100
196.418  110.257  1938.14  95.09  171.954  0.37  43.8  34  4.1889  100
196.467  110.386  1890.24  94.9284  162.392  0.38  43.8  34  4.1889  100
196.516  110.386  1972.18  89.0948  31.158  0.37  45.3  34  4.1889  100
196.565  110.386  1957.26  94.4108  150.528  0.37  45.3  34  4.1889  100
196.613  110.386  1898.94  94.8265  159.773  0.38  45.3  34  4.1889  100
196.662  110.386  1989.91  89.9114  3.079  0.36  45.3  34  4.1889  100
196.711  110.515  1925.5  96.1011  204.65  0.38  45.3  34  4.1889  100
196.76  110.515  1878.68  95.3542  175.305  0.39  45.3  34  4.1889  100
196.808  110.515  1956.86  94.6352  158.137  0.37  44.9  34  4.1889  100
196.857  110.515  1922.29  94.5097  151.147  0.38  44.9  34  4.1889  100
196.906  110.515  1830.68  90.0467  1.493  0.4  44.9  34  4.1889  100
196.955  110.644  2003.97  89.8565  5.019  0.36  44.9  34  4.1889  100
197.003  110.644  1977.53  89.955  1.553  0.37  44.9  34  4.1889  100
197.052  110.644  1817.24  90.0094  0.297  0.4  44.9  34  4.1889  100
197.101  110.644  1957.26  94.4108  150.528  0.37  44.9  34  4.1889  100
197.15  110.773  1884.33  94.9655  163.098  0.39  44.7  34  4.1889  100
197.198  110.773  1992.98  89.8955  3.634  0.36  44.7  34  4.1889  100
197.247  110.773  2007.63  89.607  13.77  0.36  44.7  34  4.1889  100
197.296  110.773  1892.64  95.4111  178.479  0.38  44.7  34  4.1889  100
197.345  110.773  2015.98  89.8923  3.789  0.36  44.7  34  4.1889  100
197.394  110.901  1919.32  94.8421  162.01  0.38  44.7  34  4.1889  100
197.442  110.901  1884.12  95.2272  171.652  0.39  45.7  34  4.1889  100
197.491  110.901  1927.13  94.8194  161.908  0.38  45.7  34  4.1889  100
197.54  110.901  1894.37  95.139  169.683  0.38  45.7  34  4.1889  100
197.589  111.03  1961.7  88.889  38.035  0.37  45.7  34  4.1889  100
197.638  111.03  2021.73  89.5323  16.503  0.36  45.7  34  4.1889  100
197.686  111.03  1967.29  89.8953  3.595  0.37  45.7  34  4.1889  100
197.735  111.03  2004.48  89.7594  8.416  0.36  44.1  34  4.1889  100
197.784  111.03  2005.1  89.8124  6.567  0.36  44.1  34  4.1889  100
197.833  111.159  1890.03  95.1909  171  0.38  44.1  34  4.1889  100
197.881  111.159  2017.97  89.9207  2.794  0.36  44.1  34  4.1889  100
197.93  111.159  1927.24  94.841  162.643  0.38  44.1  34  4.1889  100
197.979  111.159  1895.29  95.0168  165.738  0.38  44.1  34  4.1889  100
198.028  111.159  1927.52  95.2021  174.765  0.38  42.5  34  4.1889  100
198.076  111.288  1906.2  94.7331  157.29  0.38  42.5  34  4.1889  100
198.125  111.288  1968.95  88.961  35.704  0.37  42.5  34  4.1889  100
198.174  111.288  1955.39  94.667  159.099  0.37  42.5  34  4.1889  100
198.223  111.288  1894.46  94.8546  160.324  0.38  42.5  34  4.1889  100
198.272  111.417  1968.68  88.81  40.885  0.37  42.5  34  4.1889  100
198.321  111.417  1908.45  96.1477  204.38  0.38  46.2  34  4.1889  100
198.37  111.417  1968.79  89.8875  3.867  0.37  46.2  34  4.1889  100
198.418  111.417  2038.94  89.6969  10.787  0.35  46.2  34  4.1889  100
198.467  111.417  1913.85  96.3086  210.301  0.38  46.2  34  4.1889  100
198.516  111.545  2002.27  89.9797  0.709  0.36  46.2  34  4.1889  100
198.565  111.545  2027.09  89.6984  10.671  0.36  46.2  34  4.1889  100
198.614  111.545  1885.57  94.9106  161.407  0.39  44.4  34  4.1889  100
198.662  111.545  1955.85  89.1877  27.727  0.37  44.4  34  4.1889  100
198.711  111.545  2013.33  89.8083  6.738  0.36  44.4  34  4.1889  100
198.76  111.674  1953.13  89.8948  3.587  0.37  44.4  34  4.1889  100
198.809  111.674  1916.15  94.8396  161.658  0.38  44.4  34  4.1889  100
198.858  111.674  1914.11  96.0209  200.772  0.38  44.4  34  4.1889  100
198.907  111.674  1887.52  95.3005  174.369  0.38  44.5  34  4.1889  100
198.955  111.674  1925.34  94.7824  160.518  0.38  44.5  34  4.1889  100
199.004  111.803  1908.66  96.1941  205.94  0.38  44.5  34  4.1889  100
199.053  111.803  1945.6  89.246  25.603  0.37  44.5  34  4.1889  100
199.102  111.803  1940.96  94.7077  159.299  0.37  44.5  34  4.1889  100
199.151  111.803  1880.14  95.0386  165.128  0.39  44.5  34  4.1889  100
199.199  111.932  1984.51  89.8634  4.73  0.36  43  34  4.1889  100
199.248  111.932  1950.39  94.6492  158.088  0.37  43  34  4.1889  100
199.297  111.932  1971.09  89.9506  1.698  0.37  43  34  4.1889  100
199.346  111.932  1916.64  94.9323  164.789  0.38  43  34  4.1889  100
199.395  111.932  1922.66  95.1832  173.693  0.38  43  34  4.1889  100
199.444  112.061  1876.76  94.9661  162.462  0.39  43  34  4.1889  100
199.493  112.061  1955.53  94.6923  159.973  0.37  41.2  34  4.1889  100
199.542  112.061  1908.24  96.1013  202.821  0.38  41.2  34  4.1889  100
199.59  112.061  1900.24  95.081  168.291  0.38  41.2  34  4.1889  100
199.639  112.189  2029.11  89.7267  9.677  0.36  41.2  34  4.1889  100
199.688  112.189  1903.91  96.1729  204.726  0.38  41.2  34  4.1889  100
199.737  112.189  1974.21  88.7392  43.44  0.37  41.2  34  4.1889  100
199.786  112.189  1930.12  94.4857  150.954  0.38  41.2  34  4.1889  100
199.834  112.189  1884.86  94.7738  156.863  0.39  44.3  34  4.1889  100
199.883  112.318  2011.14  89.7632  8.311  0.36  44.3  34  4.1889  100
199.932  112.318  1929.71  95.9817  201.095  0.38  44.3  34  4.1889  100
199.981  112.318  1876.77  95.2722  172.451  0.39  44.3  34  4.1889  100
200.031  112.318  1944.23  94.7135  159.762  0.37  44.3  34  4.1889  100
200.08  112.447  1912.25  94.6949  156.519  0.38  44.3  34  4.1889  100
200.128  112.447  1981.88  89.915  2.942  0.37  44.8  34  4.1889  100
200.177  112.447  2020.76  89.7312  9.48  0.36  44.8  34  4.1889  100
200.226  112.447  1882.07  95.1206  167.978  0.39  44.8  34  4.1889  100
200.275  112.447  1963.24  89.1457  29.273  0.37  44.8  34  4.1889  100
200.324  112.576  1936.28  94.7367  159.894  0.37  44.8  34  4.1889  100
200.372  112.576  1966.2  89.9385  2.11  0.37  44.8  34  4.1889  100
200.421  112.576  2051.69  89.9599  1.438  0.35  44  34  4.1889  100
200.47  112.576  1927.24  94.841  162.643  0.38  44  34  4.1889  100
200.518  112.576  1905.91  95.284  175.52  0.38  44  34  4.1889  100
200.567  112.705  2012.84  89.9083  3.22  0.36  44  34  4.1889  100
200.617  112.705  1896.86  94.435  146.681  0.38  44  34  4.1889  100
200.665  112.705  1904.28  94.961  164.678  0.38  44  34  4.1889  100
200.714  112.705  2020.76  89.7312  9.48  0.36  44.5  34  4.1889  100
200.763  112.705  1899.41  94.9184  162.848  0.38  44.5  34  4.1889  100
200.812  112.833  1966.15  88.863  39.014  0.37  44.5  34  4.1889  100
200.86  112.833  1939.9  94.8112  162.705  0.37  44.5  34  4.1889  100
200.909  112.833  1887.97  95.392  177.412  0.38  44.5  34  4.1889  100
200.958  112.833  1932.01  94.8374  162.924  0.38  44.5  34  4.1889  100
201.006  112.962  1905.96  94.6871  155.743  0.38  43.8  34  4.1889  100
201.055  112.962  2001.22  90.0229  0.8  0.36  43.8  34  4.1889  100
201.104  112.962  1944.64  95.0995  172.849  0.37  43.8  34  4.1889  100
201.153  112.962  1905.62  96.2109  206.167  0.38  43.8  34  4.1889  100
201.202  112.962  2024.05  90.0215  0.758  0.36  43.8  34  4.1889  100
201.251  113.091  1952.29  95.0049  170.321  0.37  43.8  34  4.1889  100
201.3  113.091  1893.67  95.0014  165.092  0.38  44.1  34  4.1889  100
201.348  113.091  1973.06  87.8983  72.359  0.37  44.1  34  4.1889  100
201.397  113.091  1935.24  96.1439  207.12  0.38  44.1  34  4.1889  100
201.446  113.091  1872.83  95.3898  175.916  0.39  44.1  34  4.1889  100
201.495  113.22  1933.31  94.7811  161.139  0.38  44.1  34  4.1889  100
201.544  113.22  1927.24  94.841  162.643  0.38  44.1  34  4.1889  100
201.592  113.22  1891.14  93.9556  130.458  0.38  44.5  34  4.1889  100
201.641  113.22  1933.81  94.8746  164.327  0.38  44.5  34  4.1889  100
201.69  113.349  1973.56  89.7493  8.635  0.37  44.5  34  4.1889  100
201.739  113.349  2013.87  89.9966  0.121  0.36  44.5  34  4.1889  100
201.787  113.349  1939.95  94.5201  152.885  0.37  44.5  34  4.1889  100
201.836  113.349  1874.84  94.8845  159.638  0.39  44.5  34  4.1889  100
201.885  113.349  1978.85  89.9307  2.395  0.37  43.1  34  4.1889  100
201.934  113.477  1957.12  95.9755  203.742  0.37  43.1  34  4.1889  100
201.982  113.477  2002.49  89.9962  0.134  0.36  43.1  34  4.1889  100
202.031  113.477  2014.27  89.747  8.895  0.36  43.1  34  4.1889  100
202.08  113.477  1913.22  96.1689  205.596  0.38  43.1  34  4.1889  100
202.129  113.477  1958.64  89.8284  5.868  0.37  43.1  34  4.1889  100
202.178  113.606  2032.68  89.8847  4.089  0.36  43.1  34  4.1889  100
202.227  113.606  1917.17  96.0037  200.523  0.38  43.1  34  4.1889  100
202.276  113.606  2017.41  90.0168  0.59  0.36  43.1  34  4.1889  100
202.324  113.606  1948.04  94.5177  153.442  0.37  43.1  34  4.1889  100
202.373  113.735  1904.4  95.2931  175.681  0.38  43.1  34  4.1889  100
202.422  113.735  1928.82  95.1461  173.007  0.38  43.1  34  4.1889  100
202.471  113.735  1914.92  94.3174  144.16  0.38  43.1  34  4.1889  100
202.519  113.735  1869.45  94.1497  135.279  0.39  43.3  34  4.1889  100
202.568  113.735  1944.23  94.7135  159.762  0.37  43.3  34  4.1889  100
202.617  113.864  1915.46  95.0096  167.262  0.38  43.3  34  4.1889  100
202.666  113.864  1898.62  95.3753  177.86  0.38  43.3  34  4.1889  100
202.714  113.864  1961.58  94.9001  167.555  0.37  43.3  34  4.1889  100
202.763  113.864  1976.57  89.7334  9.198  0.37  43.3  34  4.1889  100
202.812  113.864  1911.03  95.0623  168.628  0.38  39.2  34  4.1889  100
202.861  113.993  2025.06  89.6701  11.661  0.36  39.2  34  4.1889  100
202.909  113.993  1892.5  94.7725  157.454  0.38  39.2  34  4.1889  100
202.958  113.993  1981.2  89.0433  33.079  0.37  39.2  34  4.1889  100
203.007  113.993  1928.59  96.0841  204.407  0.38  39.2  34  4.1889  100
203.056  113.993  1882.64  95.2362  171.813  0.39  39.2  34  4.1889  100
203.105  114.121  2024.72  89.925  2.649  0.36  39.9  34  4.1889  100
203.153  114.121  1892.65  95.1023  168.322  0.38  39.9  34  4.1889  100
203.202  114.121  1804.09  90.0075  0.235  0.4  39.9  34  4.1889  100
203.251  114.121  2027.61  89.4621  19.034  0.36  39.9  34  4.1889  100
203.3  114.25  1899.95  94.7252  156.511  0.38  39.9  34  4.1889  100
203.349  114.25  1886.71  93.9857  131.141  0.38  39.9  34  4.1889  100
203.398  114.25  1926  94.6081  154.736  0.38  37  34  4.1889  100
203.446  114.25  1898.5  96.3449  209.81  0.38  37  34  4.1889  100
203.495  114.25  2032.3  90.0184  0.651  0.36  37  34  4.1889  100
203.544  114.379  1909.97  96.1393  204.263  0.38  37  34  4.1889  100
203.593  114.379  1859.14  94.1731  135.289  0.39  37  34  4.4588  100
203.642  114.379  1936.1  95.0056  168.931  0.38  37  34  4.4689  100
203.69  114.379  1920.11  94.6933  157.107  0.38  37.1  34  4.4689  100
203.739  114.379  1894.36  93.9811  131.522  0.38  37.1  34  4.4689  100
203.788  114.508  1939.9  94.8112  162.705  0.37  37.1  34  4.4689  100
203.837  114.508  1983.46  89.7728  7.866  0.36  37.1  34  4.4689  100
203.885  114.508  1997.95  88.9477  36.692  0.36  37.1  34  4.4689  100
203.934  114.508  1945.91  94.7256  160.311  0.37  37.1  34  4.4689  100
203.983  114.637  1867.34  94.8854  159.03  0.39  35.9  34  4.4689  100
204.032  114.637  1927.37  94.866  163.492  0.38  35.9  34  4.4689  100
204.08  114.637  1873.61  94.9391  161.311  0.39  35.9  34  4.4689  100
204.129  114.637  1949.79  89.8752  4.248  0.37  35.9  34  4.4689  100
204.178  114.637  1930.21  94.8003  161.526  0.38  35.9  34  4.4689  100
204.227  114.766  1887.28  94.947  162.747  0.38  35.9  34  4.4689  100
204.276  114.766  1823.16  90.0142  0.45  0.4  36.1  34  4.4689  100
204.324  114.766  1835.2  90.0593  1.9  0.39  36.1  34  4.4689  100
204.373  114.766  1902.81  96.2739  207.941  0.38  36.1  34  4.4689  100
204.422  114.766  1976.16  88.766  42.557  0.37  36.1  34  4.4689  100
204.471  114.894  1937.71  95.9854  202.055  0.38  36.1  34  4.4689  100
204.52  114.894  1874.6  94.8392  158.14  0.39  36.1  34  4.4689  100
204.569  114.894  1907.29  94.9423  164.319  0.38  37.1  34  4.4689  100
204.617  114.894  1928.69  94.5171  151.898  0.38  37.1  34  4.4689  100
204.666  114.894  1876.46  94.0554  132.704  0.39  37.1  34  4.4689  100
204.715  115.023  1930.21  94.8003  161.526  0.38  37.1  34  4.4689  100
204.764  115.023  1862.25  95.0574  164.164  0.39  37.1  34  4.4689  100
204.813  115.023  1931.95  89.1375  29.082  0.37  37.1  34  4.4689  100
204.861  115.023  1883.99  95.2027  170.84  0.39  37.1  34  4.4689  100
204.91  115.023  1848.84  95.3264  171.627  0.39  37.2  34  4.4689  100
204.959  115.152  1795.56  90.0525  1.644  0.4  37.2  34  4.4689  100
205.008  115.152  1727.96  96.057  182.33  0.42  37.2  34  4.4689  100
205.056  115.152  1536.75  94.0605  108.816  0.47  37.2  34  4.4689  100
205.106  115.152  1866.55  89.3716  20.47  0.39  37.2  34  4.4689  100
205.155  115.281  1853.32  95.3449  172.638  0.39  37.2  34  4.4689  100
205.203  115.281  1817.41  94.2298  134.047  0.4  38.6  34  4.4689  100
205.252  115.281  1882.05  93.9703  130.312  0.39  38.6  34  4.4689  100
205.301  115.281  1864.8  95.274  171.411  0.39  38.6  34  4.4689  100
205.35  115.281  1860.82  95.37  174.147  0.39  38.6  34  4.4689  100
205.399  115.41  1960.12  89.8205  6.14  0.37  38.6  34  4.4689  100
205.448  115.41  1848.4  95.2369  168.71  0.39  38.6  34  4.4689  100
205.497  115.41  1988.28  90.0136  0.473  0.36  39.3  34  4.4689  100
205.545  115.41  1913.28  94.5929  153.205  0.38  39.3  34  4.4689  100
205.594  115.538  1829.51  95.218  166.385  0.4  39.3  34  4.4689  100
205.643  115.538  1990.61  89.8317  5.848  0.36  39.3  34  4.4689  100
205.692  115.538  1977.12  89.9194  2.782  0.37  39.3  34  4.4689  100
205.74  115.538  1934.01  89.3118  23.229  0.37  39.3  34  4.4689  100
205.789  115.538  1932.15  95.1743  174.252  0.38  39  34  4.4689  100
205.838  115.667  1890.21  96.2019  204.202  0.38  39  34  4.4689  100
205.887  115.667  1871.73  95.1629  168.434  0.39  39  34  4.4689  100
205.936  115.667  2009.62  89.635  12.802  0.36  39  34  4.4689  100
205.985  115.667  1949.79  89.8752  4.248  0.37  39  34  4.4689  100
206.033  115.667  1812.81  89.9971  0.093  0.4  39  34  4.4689  100
206.082  115.796  1918.83  94.7493  158.87  0.38  38  34  4.4689  100
206.131  115.796  1955.68  89.844  5.324  0.37  38  34  4.4689  100
206.18  115.796  2005.75  89.8679  4.625  0.36  38  34  4.4689  100
206.228  115.796  1884.87  96.3725  209.207  0.39  38  34  4.4689  100
206.277  115.925  1815.79  90.017  0.538  0.4  38  34  4.4689  100
206.326  115.925  1930.37  95.1368  172.833  0.38  38  34  4.4689  100
206.375  115.925  1890.41  96.2478  205.732  0.38  39  34  4.4689  100
206.423  115.925  1972.18  89.0948  31.158  0.37  39  34  4.4689  100
206.472  115.925  1953.83  94.3837  149.34  0.37  39  34  4.4689  100
206.521  116.054  1895.4  95.038  166.449  0.38  39  34  4.4689  100
206.57  116.054  1970.62  88.8368  40.003  0.37  39  34  4.4689  100
206.619  116.054  1920.88  96.1267  205.009  0.38  39  34  4.4689  100
206.667  116.054  1868.92  95.202  169.449  0.39  38.4  34  4.4689  100
206.716  116.054  1931.92  95.1275  172.659  0.38  38.4  34  4.4689  100
206.765  116.182  1897.12  95.0747  167.81  0.38  38.4  34  4.4689  100
206.814  116.182  1885.14  95.1268  168.456  0.39  38.4  34  4.4689  100
206.862  116.182  1948.38  94.8825  165.83  0.37  38.4  34  4.4689  100
206.912  116.182  1915.22  94.9632  165.697  0.38  38.4  34  4.4689  100
206.96  116.311  1929.96  94.7536  159.938  0.38  39.2  34  4.4689  100
207.009  116.311  1945.48  94.9487  167.825  0.37  39.2  34  4.4689  100
207.058  116.311  1868.53  96.4159  208.799  0.39  39.2  34  4.4689  100
207.107  116.311  1948.13  94.8353  164.212  0.37  39.2  34  4.4689  100
207.155  116.311  1946.98  94.6217  156.881  0.37  39.2  34  4.4689  100
207.204  116.44  1957.15  89.8362  5.595  0.37  39.2  34  4.4689  100
207.253  116.44  2024.72  89.925  2.649  0.36  38.4  34  4.4689  100
207.302  116.44  1901.32  94.691  155.494  0.38  38.4  34  4.4689  100
207.351  116.44  1861.27  94.019  130.452  0.39  38.4  34  4.4689  100
207.399  116.44  2005.21  89.5428  15.999  0.36  38.4  34  4.4689  100
207.448  116.569  1896.38  96.2147  205.291  0.38  38.4  34  4.4689  100
207.497  116.569  1973.51  89.883  4.03  0.37  38.4  34  4.4689  100
207.546  116.569  1922.38  94.8231  161.632  0.38  38.4  34  4.4689  100
207.594  116.569  1870.7  94.9575  161.659  0.39  37.9  34  4.4689  100
207.643  116.698  1913.11  94.8585  162.031  0.38  37.9  34  4.4689  100
207.692  116.698  1936.28  94.7367  159.894  0.37  37.9  34  4.4689  100
207.741  116.698  1809.97  90.0284  0.898  0.4  37.9  34  4.4689  100
207.79  116.698  2043.32  89.6351  13.014  0.35  37.9  34  4.4689  100
207.839  116.698  1921.09  96.1734  206.59  0.38  37.9  34  4.4689  100
207.887  116.826  1989.53  89.9871  0.449  0.36  38.6  34  4.4689  100
207.936  116.826  2021.29  89.4958  17.786  0.36  38.6  34  4.4689  100
207.985  116.826  1897.47  96.114  202.095  0.38  38.6  34  4.4689  100
208.034  116.826  1989.32  89.9707  1.017  0.36  38.6  34  4.4689  100
208.083  116.826  1958.83  94.6947  160.323  0.37  38.6  34  4.4689  100
208.131  116.955  1995.53  89.9562  1.524  0.36  38.6  34  4.4689  100
208.18  116.955  1931.43  95.0339  169.474  0.38  39.3  34  4.4689  100
208.229  116.955  1931.48  96.02  202.564  0.38  39.3  34  4.4689  100
208.278  116.955  1863.01  94.913  159.555  0.39  39.3  34  4.4689  100
208.326  117.084  2035.42  90.0027  0.095  0.36  39.3  34  4.4689  100
208.375  117.084  1928.26  95.6754  190.69  0.38  39.3  34  4.4689  100
208.424  117.084  1886.15  95.0263  165.253  0.39  39.3  34  4.4689  100
208.473  117.084  2030.7  89.7185  9.977  0.36  38.9  34  4.4689  100
208.521  117.084  1904.32  96.2656  207.832  0.38  38.9  34  4.4689  100
208.57  117.213  1883.09  95.3274  174.84  0.39  38.9  34  4.4689  100
208.619  117.213  1919.34  96.1352  205.128  0.38  38.9  34  4.4689  100
208.668  117.213  1888.04  96.4022  210.529  0.39  38.9  34  4.4689  100
208.716  117.213  1912.55  95.053  168.453  0.38  38.9  34  4.4689  100
208.765  117.213  1923.74  96.0629  203.185  0.38  38.3  34  4.4689  100
208.814  117.342  1897.94  95.2372  173.244  0.38  38.3  34  4.4689  100
208.863  117.342  1931.43  95.0339  169.474  0.38  38.3  34  4.4689  100
208.911  117.342  1915.16  96.2537  208.621  0.38  38.3  34  4.4689  100
208.96  117.342  1876.1  95.1358  167.942  0.39  38.3  34  4.4689  100
209.009  117.342  2021.73  89.5323  16.503  0.36  38.3  34  4.4689  100
209.058  117.47  1881.84  95.075  166.467  0.39  38.7  34  4.4689  100
209.107  117.47  1983.78  88.9902  34.96  0.36  38.7  34  4.4689  100
209.156  117.47  1923.42  94.7205  158.289  0.38  38.7  34  4.4689  100
209.205  117.47  1884.47  96.2808  206.164  0.39  38.7  34  4.4689  100
209.253  117.599  1990.2  88.722  44.39  0.36  38.7  34  4.4689  100
209.302  117.599  1917.31  94.7588  159.063  0.38  38.7  34  4.4689  100
209.351  117.599  1864.63  94.0891  132.964  0.39  38.4  34  4.4689  100
209.4  117.599  2000.14  89.5315  16.353  0.36  38.4  34  4.4689  100
209.448  117.599  1919.75  94.334  145.078  0.38  38.4  34  4.4689  100
209.497  117.728  1885.01  95.4099  177.718  0.39  38.4  34  4.4689  100
209.546  117.728  2015.44  89.5656  15.279  0.36  38.4  34  4.4689  100
209.595  117.728  1873.27  95.4806  178.913  0.39  38.4  34  4.4689  100
209.644  117.728  1971.06  88.8724  38.787  0.37  38  34  4.4689  100
209.692  117.728  1892.65  95.1023  168.322  0.38  38  34  4.4689  100
209.741  117.857  1969.19  89.9229  2.649  0.37  38  34  4.4689  100
209.79  117.857  1995.52  88.8843  38.854  0.36  38  34  4.4689  100
209.839  117.857  1926.39  95.9521  199.761  0.38  38  34  4.4689  100
209.888  117.857  1871.85  94.0399  131.874  0.39  38  34  4.4689  100
209.937  117.986  2003.55  89.8204  6.281  0.36  38  34  4.4689  100
209.986  117.986  1882.52  95.2117  171.002  0.39  38  34  4.4689  100
210.034  117.986  1963.43  89.0308  33.21  0.37  38  34  4.4689  100
210.083  117.986  2003.83  89.7039  10.355  0.36  38  34  4.4689  100
210.132  117.986  1891.16  95.1115  168.491  0.38  38  34  4.4689  100
210.181  118.114  1973.87  88.9707  35.459  0.37  38  34  4.4689  100
210.23  118.114  1991.5  89.7686  8.045  0.36  38  34  4.4689  100
210.279  118.114  1873.49  95.526  180.413  0.39  37.4  34  4.4689  100
210.328  118.114  1921.12  95.1924  173.863  0.38  37.4  34  4.4689  100
210.376  118.114  1914.98  94.9168  164.133  0.38  37.4  34  4.4689  100
210.425  118.243  1878.24  95.2632  172.292  0.39  37.4  34  4.4689  100
210.474  118.243  1934.78  95.0619  170.71  0.38  37.4  34  4.4689  100
210.523  118.243  1902.41  94.8996  162.486  0.38  37.4  34  4.4689  100
210.572  118.243  1863.89  93.9544  128.538  0.39  38.8  34  4.4689  100
210.621  118.372  1912.98  94.8337  161.195  0.38  38.8  34  4.4689  100
210.669  118.372  1883.54  95.1115  167.811  0.39  38.8  34  4.4689  100
210.718  118.372  1976.43  88.9177  37.333  0.37  38.8  34  4.4689  100
210.767  118.372  1928.95  94.2744  143.77  0.38  38.8  34  4.4689  100
210.816  118.372  1884.57  95.3185  174.684  0.39  38.8  34  4.4689  100
210.864  118.501  1992.77  89.9906  0.327  0.36  38.4  34  4.4689  100
210.913  118.501  1920.05  94.9814  166.724  0.38  38.4  34  4.4689  100
210.962  118.501  1876.21  94.0101  131.209  0.39  38.4  34  4.4689  100
211.011  118.501  1927.62  94.9127  165.076  0.38  38.4  34  4.4689  100
211.059  118.501  1910.38  96.2322  207.389  0.38  38.4  34  4.4689  100
211.108  118.501  1889.35  95.0536  166.429  0.38  38.4  34  4.4689  100
211.157  118.63  1992.61  89.7246  9.578  0.36  37.9  34  4.4689  100
211.206  118.63  1883.79  96.4724  212.349  0.39  37.9  34  4.4689  100
211.255  118.63  1986.82  88.9729  35.615  0.36  37.9  34  4.4689  100
211.303  118.63  1973.29  89.8639  4.686  0.37  37.9  34  4.4689  100
211.352  118.758  1990.1  89.928  2.501  0.36  37.9  34  4.4689  100
211.402  118.758  1980.36  89.9228  2.668  0.37  37.9  34  4.4689  100
211.45  118.758  1934.37  95.9557  200.709  0.38  39.3  34  4.4689  100
211.499  118.758  1871.85  94.0399  131.874  0.39  39.3  34  4.4689  100
211.548  118.758  2017.97  89.9207  2.794  0.36  39.3  34  4.4689  100
211.597  118.887  1884.86  94.7738  156.863  0.39  39.3  34  4.4689  100
211.645  118.887  1971.75  89.0591  32.377  0.37  39.3  34  4.4689  100
211.694  118.887  1997.22  89.7003  10.446  0.36  39.3  34  4.4689  100
211.743  118.887  1886.81  94.8557  159.711  0.38  38  34  4.4689  100
211.792  119.016  1898.39  90.0248  0.822  0.38  38  34  4.4689  100
211.84  119.016  1993.03  89.7605  8.33  0.36  38  34  4.4689  100
211.889  119.016  1952.33  89.8244  5.982  0.37  38  34  4.4689  100
211.938  119.016  1916.15  94.8396  161.658  0.38  38  34  4.4689  100
211.987  119.016  1885.47  96.5102  213.776  0.39  38  34  4.4689  100
212.036  119.145  1878.68  95.3542  175.305  0.39  39.3  34  4.4689  100
212.085  119.145  2009.88  89.518  16.91  0.36  39.3  34  4.4689  100
212.134  119.145  1909.48  96.38  212.185  0.38  39.3  34  4.4689  100
212.182  119.145  2035.42  90.0027  0.095  0.36  39.3  34  4.4689  100
212.231  119.274  1907.42  95.2749  175.357  0.38  39.3  34  4.4689  100
212.28  119.274  1877.89  95.1933  169.98  0.39  39.3  34  4.4689  100
212.329  119.274  1925.59  94.829  162.099  0.38  38.5  34  4.4689  100
212.378  119.274  2005.1  89.8124  6.567  0.36  38.5  34  4.4689  100
212.426  119.274  1889  95.2915  174.21  0.38  38.5  34  4.4689  100
212.475  119.403  1982.62  88.7664  42.682  0.36  38.5  34  4.4689  100
212.524  119.403  1881.56  94.7227  154.915  0.39  38.5  34  4.4689  100
212.573  119.403  1985.3  90.0289  1.002  0.36  38.5  34  4.4689  100
212.621  119.403  2009.44  89.4817  18.178  0.36  38.5  34  4.4689  100
212.67  119.403  1910.74  94.7045  156.713  0.38  38.8  34  4.4689  100
212.719  119.531  1953.96  89.1608  28.618  0.37  38.8  34  4.4689  100
212.768  119.531  1994.99  89.7884  7.366  0.36  38.8  34  4.4689  100
212.816  119.531  1885.47  95.1936  170.677  0.39  38.8  34  4.4689  100
212.866  119.531  1905.79  94.9517  164.499  0.38  38.8  34  4.4689  100
212.915  119.531  1916.51  94.9074  163.95  0.38  38.8  34  4.4689  100
212.963  119.66  1887.05  94.9013  161.228  0.38  38  34  4.4689  100
213.012  119.66  1996.11  89.7444  8.904  0.36  38  34  4.4689  100
213.061  119.66  1868.92  95.202  169.449  0.39  38  34  4.4689  100
213.11  119.66  1951.4  88.9493  35.783  0.37  38  34  4.4689  100
213.158  119.66  1938.97  94.9398  166.962  0.37  38  34  4.4689  100
213.207  119.789  1900.6  96.4755  214.347  0.38  38  34  4.4689  100
213.256  119.789  1879.93  95.2998  173.642  0.39  38.2  34  4.4689  100
213.305  119.789  1946.88  96.2259  211.136  0.37  38.2  34  4.4689  100
213.353  119.789  1950.46  89.7971  6.907  0.37  38.2  34  4.4689  100
213.402  119.918  2010.43  89.8438  5.48  0.36  38.2  34  4.4689  100
213.451  119.918  2010.91  89.7438  8.992  0.36  38.2  34  4.4689  100
213.5  119.918  1841.65  94.1999  134.876  0.39  38.2  34  4.4689  100
213.548  119.918  2010.85  89.8801  4.209  0.36  38.6  34  4.4689  100
213.597  119.918  1895.5  96.3613  210.018  0.38  38.6  34  4.4689  100
213.646  120.047  1820.14  89.9942  0.185  0.4  38.6  34  4.4689  100
213.695  120.047  2005.1  89.8124  6.567  0.36  38.6  34  4.4689  100
213.743  120.047  1885.8  94.9562  162.923  0.39  38.6  34  4.4689  100
213.792  120.047  1906.26  95.044  167.598  0.38  38.6  34  4.4689  100
213.841  120.175  2027.52  89.735  9.379  0.36  38.2  34  4.4689  100
213.89  120.175  1884.56  95.0111  164.613  0.39  38.2  34  4.4689  100
213.938  120.175  1907.29  94.9423  164.319  0.38  38.2  34  4.4689  100
213.987  120.175  1919.81  94.935  165.152  0.38  38.2  34  4.4689  100
214.036  120.175  1887.97  95.392  177.412  0.38  38.2  34  4.4689  100
214.085  120.304  2027.32  89.718  9.979  0.36  38.2  34  4.4689  100
214.133  120.304  1909.39  95.0468  167.969  0.38  39.1  34  4.4689  100
214.182  120.304  1887.3  95.2548  172.848  0.38  39.1  34  4.4689  100
214.231  120.304  1937.59  94.6802  158.097  0.37  39.1  34  4.4689  100
214.28  120.304  1878.08  96.5503  214.243  0.39  39.1  34  4.4689  100
214.328  120.433  1884.54  90.0231  0.759  0.38  39.1  34  4.4689  100
214.377  120.433  1996.11  89.7444  8.904  0.36  39.1  34  4.4689  100
214.426  120.433  1978.22  89.9705  1.02  0.37  38.5  34  4.4689  100
214.475  120.433  1995.21  89.8077  6.696  0.36  38.5  34  4.4689  100
214.524  120.433  1951.2  96.1053  207.522  0.37  38.5  34  4.4689  100
214.572  120.562  1878.68  95.3542  175.305  0.39  38.5  34  4.4689  100
214.621  120.562  2032.24  89.8481  5.388  0.36  38.5  34  4.4689  100
214.671  120.562  1909.07  96.287  209.061  0.38  38.5  34  4.4689  100
214.719  120.562  1892.54  95.081  167.613  0.38  37.6  34  4.4689  100
214.768  120.691  1952.53  95.0522  171.947  0.37  37.6  34  4.4689  100
214.817  120.691  1885.1  94.8194  158.377  0.39  37.6  34  4.4689  100
214.866  120.691  1946.17  88.9046  37.205  0.37  37.6  34  4.4689  100
214.914  120.691  1925.97  95.2113  174.935  0.38  37.6  34  4.4689  100
214.963  120.691  1986.55  90.0024  0.084  0.36  37.6  34  4.4689  100
215.012  120.819  1983.52  88.8381  40.22  0.36  37.8  34  4.4689  100
215.061  120.819  1922.87  94.9161  164.784  0.38  37.8  34  4.4689  100
215.11  120.819  1866.56  94.1693  135.706  0.39  37.8  34  4.4689  100
215.158  120.819  1895.85  93.9711  131.293  0.38  37.8  34  4.4689  100
215.207  120.819  1897.47  96.114  202.095  0.38  37.8  34  4.4689  100
215.256  120.948  1823.25  90.0494  1.572  0.4  37.8  34  4.4689  100
215.305  120.948  2011.44  89.5096  17.215  0.36  37.8  34  4.4689  100
215.353  120.948  1895.9  96.4536  213.098  0.38  38.3  34  4.4689  100
215.402  120.948  2005.77  89.9997  0.009  0.36  38.3  34  4.4689  100
215.451  121.077  1928.04  94.6916  157.699  0.38  38.3  34  4.4689  100
215.5  121.077  1877.52  94.8206  157.779  0.39  38.3  34  4.4689  100
215.549  121.077  2003.78  89.8398  5.604  0.36  38.3  34  4.4689  100
215.597  121.077  1881.62  95.3364  174.996  0.39  38.3  34  4.4689  100
215.646  121.077  1851.04  94.043  130.509  0.39  38.3  34  4.4689  100
215.695  121.206  1918.3  95.2573  175.771  0.38  38.3  34  4.4689  100
215.743  121.206  1907.55  96.2954  209.17  0.38  38.3  34  4.4689  100
215.792  121.206  2013.87  89.9966  0.121  0.36  38.3  34  4.4689  100
215.841  121.206  2011.61  89.6631  11.829  0.36  38.3  34  4.4689  100
215.89  121.206  1883  96.289  206.271  0.39  38.3  34  4.4689  100
215.939  121.335  1912.45  90.0266  0.887  0.38  38.3  34  4.4689  100
215.987  121.335  2006.66  89.8043  6.854  0.36  38.3  34  4.4689  100
216.036  121.335  1975.27  89.9857  0.492  0.37  38.3  34  4.4689  100
216.085  121.335  2011.27  89.9163  2.937  0.36  38.3  34  4.4689  100
216.134  121.463  1901.51  96.3284  209.599  0.38  38.3  34  4.4689  100
216.183  121.463  1824.62  90.0065  0.208  0.4  38.3  34  4.4689  100
216.232  121.463  2010.31  88.8771  39.396  0.36  39.1  34  4.4689  100
216.28  121.463  1884.33  94.9655  163.098  0.39  39.1  34  4.4689  100
216.329  121.463  1989.32  89.9707  1.017  0.36  39.1  34  4.4689  100
216.378  121.592  2006.33  89.4984  17.566  0.36  39.1  34  4.4689  100
216.427  121.592  1979.32  89.8324  5.792  0.37  39.1  34  4.4689  100
216.475  121.592  1939.49  87.9997  67.698  0.37  39.1  34  4.4689  100
216.524  121.592  1979.18  89.6817  10.996  0.37  39.2  34  4.4689  100
216.573  121.592  1876.06  94.8299  157.96  0.39  39.2  34  4.4689  100
216.622  121.721  1927.86  94.9593  166.66  0.38  39.2  34  4.4689  100
216.67  121.721  1920.85  94.8326  161.821  0.38  39.2  34  4.4689  100
216.719  121.721  1887.3  95.2548  172.848  0.38  39.2  34  4.4689  100
216.768  121.721  1946.22  95.09  172.671  0.37  39.2  34  4.4689  100
216.817  121.721  1890.93  95.0657  166.965  0.38  40  34  4.4689  100
216.865  121.85  1976.87  88.9534  36.11  0.37  40  34  4.4689  100
216.914  121.85  1916.07  96.1055  203.791  0.38  40  34  4.4689  100
216.963  121.85  1980.69  89.6736  11.283  0.37  40  34  4.4689  100
217.012  121.85  1920.98  94.8575  162.665  0.38  40  34  4.4689  100
217.061  121.85  1999.61  89.7643  8.226  0.36  40  34  4.4689  100
217.109  121.979  1951.26  89.8674  4.516  0.37  41.1  34  4.4689  100
217.158  121.979  2043.28  89.9632  1.311  0.35  41.1  34  4.4689  100
217.207  121.979  1898.15  94.9736  164.564  0.38  41.1  34  4.4689  100
217.256  121.979  1983.81  90.0365  1.265  0.36  41.1  34  4.4689  100
217.305  122.107  1942.1  94.9207  166.588  0.37  41.1  34  4.4689  100
217.353  122.107  1887.82  94.755  156.491  0.38  41.1  34  4.4689  100
217.402  122.107  1810.02  90.0472  1.491  0.4  43.1  34  4.4689  100
217.451  122.107  1989.13  89.7048  10.247  0.36  43.1  34  4.4689  100
217.5  122.107  1860.9  96.3654  206.316  0.39  43.1  34  4.4689  100
217.548  122.236  1984.51  89.8634  4.73  0.36  43.1  34  4.4689  100
217.597  122.236  1949.86  95.8208  197.75  0.37  43.1  34  4.4689  100
217.646  122.236  1947.92  89.8478  5.173  0.37  43.1  34  4.4689  100
217.694  122.236  1927.37  94.866  163.492  0.38  43.1  34  4.4689  100
217.743  122.365  1935.66  94.3277  146.066  0.37  43.8  34  4.4689  100
217.792  122.365  1865.57  93.9894  129.792  0.39  43.8  34  4.4689  100
217.841  122.365  1937.16  94.9024  165.547  0.37  43.8  34  4.4689  100
217.889  122.365  1906.45  94.7792  158.839  0.38  43.8  34  4.4689  100
217.938  122.365  1999.71  90.0306  1.067  0.36  43.8  34  4.4689  100
217.987  122.494  2010.75  89.5905  14.371  0.36  43.8  34  4.4689  100
218.036  122.494  1888.52  94.892  161.049  0.38  46.4  34  4.4689  100
218.085  122.494  1891.06  95.0902  167.783  0.38  46.4  34  4.4689  100
218.133  122.494  1915.22  94.9632  165.697  0.38  46.4  34  4.4689  100
218.182  122.623  1878.68  95.3542  175.305  0.39  46.4  34  4.4689  100
218.231  122.623  1914.78  95.1828  172.969  0.38  46.4  34  4.4689  100
218.28  122.623  1941.51  96.1096  206.637  0.37  46.4  34  4.4689  100
218.328  122.623  1887.07  95.2091  171.328  0.38  47.9  34  4.4689  100
218.377  122.623  1931.43  95.0339  169.474  0.38  47.9  34  4.4689  100
218.426  122.751  1890.93  95.0657  166.965  0.38  47.9  34  4.4689  100
218.475  122.751  1997.28  89.9675  1.134  0.36  47.9  34  4.4689  100
218.523  122.751  2003.4  89.6678  11.616  0.36  47.9  34  4.4689  100
218.572  122.751  1876.43  95.2023  170.142  0.39  47.9  34  4.4689  100
218.621  122.751  1916.15  94.8396  161.658  0.38  51.2  34  4.4689  100
218.67  122.88  1930.08  94.7753  160.675  0.38  51.2  34  4.4689  100
218.719  122.88  1967.16  89.7456  8.733  0.37  51.2  34  4.4689  100
218.768  122.88  2038.56  89.9869  0.465  0.35  51.2  34  4.4689  100
218.817  122.88  1895.37  94.4447  146.886  0.38  51.2  34  4.4689  100
218.865  122.88  1916.4  94.8859  163.223  0.38  51.2  34  4.4689  100
218.914  123.009  2012.04  89.6994  10.557  0.36  48.1  34  4.4689  100
218.963  123.009  1889.53  96.394  210.428  0.39  48.1  34  4.4689  100
219.012  123.009  1839.7  90.0554  1.78  0.39  48.1  34  4.4689  100
219.06  123.009  1908.92  94.9544  164.859  0.38  48.1  34  4.4689  100
219.109  123.009  1869.99  96.4079  208.701  0.39  48.1  34  4.4689  100
219.158  123.138  1972.81  89.0149  33.916  0.37  48.1  34  4.4689  100
219.207  123.138  1923.31  95.9693  200.017  0.38  45.2  34  4.4689  100
219.255  123.138  1883.52  93.9603  130.086  0.39  45.2  34  4.4689  100
219.304  123.138  1839.65  90.0364  1.167  0.39  45.2  34  4.4689  100
219.353  123.138  1904.46  94.6966  155.936  0.38  45.2  34  4.4689  100
219.402  123.267  1933.6  89.2769  24.401  0.37  45.2  34  4.4689  100
219.451  123.267  1941.6  94.8268  163.372  0.37  45.2  34  4.4689  100
219.5  123.267  1892.71  96.4238  211.759  0.38  46.8  34  4.4689  100
219.548  123.267  1971.5  88.9081  37.57  0.37  46.8  34  4.4689  100
219.597  123.395  1994.15  89.7165  9.866  0.36  46.8  34  4.4689  100
219.646  123.395  1858.61  95.2195  169.08  0.39  46.8  34  4.4689  100
219.694  123.395  2018.47  89.9732  0.944  0.36  46.8  34  4.4689  100
219.743  123.395  1909.95  94.8526  161.568  0.38  46.8  34  4.4689  100
219.792  123.395  1980.15  89.9979  0.073  0.37  46.3  34  4.4689  100
219.841  123.524  1999.97  89.9358  2.241  0.36  46.3  34  4.4689  100
219.889  123.524  1899.73  95.9339  196.396  0.38  46.3  34  4.4689  100
219.938  123.524  1891.97  95.2735  173.891  0.38  46.3  34  4.4689  100
219.987  123.524  2006.33  89.4984  17.566  0.36  46.3  34  4.4588  100
220.036  123.653  1900.68  96.1434  203.407  0.38  46.3  34  4.4588  100
220.085  123.653  1887.63  95.0171  165.08  0.38  46.3  34  4.4588  100
220.134  123.653  1938.13  94.4831  151.495  0.37  45.3  34  4.4588  100
220.182  123.653  1956.08  89.8792  4.123  0.37  45.3  34  4.4588  100
220.231  123.653  2011.27  89.9163  2.937  0.36  45.3  34  4.4588  100
220.28  123.782  1916.75  94.9538  165.516  0.38  45.3  34  4.3888  100
220.329  123.782  1887.05  94.9013  161.228  0.38  45.3  34  4.3888  100
220.377  123.782  1978.55  88.8287  40.445  0.37  45.3  34  4.3888  100
220.426  123.782  1983.72  89.6575  11.86  0.36  46.2  34  4.3888  100
220.475  123.782  1908.47  95.1733  172.084  0.38  46.2  34  4.3888  100
220.524  123.911  1947.37  94.694  159.361  0.37  46.2  34  4.3888  100
220.572  123.911  1899.41  94.9184  162.848  0.38  46.2  34  4.3788  100
220.621  123.911  1976.43  88.9177  37.333  0.37  46.2  34  4.3788  100
220.67  123.911  1987.75  89.8642  4.711  0.36  46.2  34  4.3788  100
220.719  123.911  1861.89  95.5956  181.547  0.39  47.5  34  4.3788  100
220.767  124.04  2003.36  89.8036  6.866  0.36  47.5  34  4.3788  100
220.816  124.04  1910.67  94.9913  166.236  0.38  47.5  34  4.3788  100
220.865  124.04  1857.29  95.2525  170.027  0.39  47.5  34  4.3788  100
220.914  124.04  1932.5  94.9309  166.108  0.38  47.5  34  4.3288  100
220.963  124.168  1873.51  95.2203  170.463  0.39  47.5  34  4.3288  100
221.011  124.168  1889.35  95.0536  166.429  0.38  49.4  34  4.3288  100
221.06  124.168  2001.43  89.6398  12.581  0.36  49.4  34  4.3288  100
221.109  124.168  1901.91  96.421  212.698  0.38  49.4  34  4.3288  100
221.157  124.168  1959.83  87.8678  72.915  0.37  49.4  34  4.3288  100
221.206  124.297  1953.29  94.5824  156.052  0.37  49.4  34  4.3288  100
221.256  124.297  1956.42  89.9724  0.941  0.37  49.4  34  4.3288  100
221.305  124.297  1927.13  94.8194  161.908  0.38  49.4  34  4.3288  100
221.353  124.297  1919.56  94.8885  163.58  0.38  49.4  34  4.3288  100
221.402  124.297  1978.5  89.761  8.252  0.37  49.4  34  4.3288  100
221.451  124.426  1943.16  94.8171  163.179  0.37  49.4  34  4.3288  100
221.5  124.426  1905.72  94.641  154.196  0.38  49.4  34  4.3288  100
221.548  124.426  1814.44  90.0596  1.888  0.4  49.4  34  4.3288  100
221.597  124.426  2015.69  89.4482  19.414  0.36  48.1  34  4.3288  100
221.646  124.555  1872.15  94.9483  161.486  0.39  48.1  34  4.3288  100
221.694  124.555  1904.52  95.0071  166.225  0.38  48.1  34  4.3288  100
221.743  124.555  1928.44  94.4705  150.315  0.38  48.1  34  4.3288  100
221.792  124.555  1964.58  89.7969  6.964  0.37  48.1  34  4.3288  100
221.841  124.555  2013.26  89.9446  1.946  0.36  48.1  34  4.3288  100
221.889  124.684  1881.61  95.0294  164.957  0.39  47.4  34  4.3288  100
221.938  124.684  1874.87  95.1903  169.606  0.39  47.4  34  4.3288  100
221.987  124.684  2043.28  89.9632  1.311  0.35  47.4  34  4.3288  100
222.036  124.684  1900.2  96.3829  211.251  0.38  47.4  34  4.3288  100
222.084  124.684  1969.41  89.9419  1.996  0.37  47.4  34  4.3288  100
222.133  124.812  1938.14  95.09  171.954  0.37  47.4  34  4.3288  100
222.182  124.812  1884.87  96.3725  209.207  0.39  47  34  4.3288  100
222.231  124.812  1986.44  89.8913  3.768  0.36  47  34  4.3288  100
222.28  124.812  1947.1  96.2733  212.76  0.37  47  34  4.3288  100
222.328  124.941  1874.84  94.8845  159.638  0.39  47  34  4.3288  100
222.377  124.941  2006.89  89.8237  6.176  0.36  47  34  4.3288  100
222.426  124.941  1913.28  94.5929  153.205  0.38  47  34  4.3288  100
222.475  124.941  1957.83  89.7578  8.276  0.37  46.1  34  4.3288  100
222.523  124.941  1941.25  94.4634  151.071  0.37  46.1  34  4.3288  100
222.572  125.07  1879.22  94.8567  159.102  0.39  46.1  34  4.3288  100
222.621  125.07  1887.52  95.3005  174.369  0.38  46.1  34  4.3288  100
222.67  125.07  2015.87  89.602  14.002  0.36  46.1  34  4.3288  100
222.719  125.07  1964.3  89.9109  3.054  0.37  46.1  34  4.3288  100
222.767  125.07  1965.97  88.9782  35.059  0.37  46.1  34  4.3288  100
222.816  125.199  1996.53  89.7804  7.652  0.36  46.4  34  4.3288  100
222.865  125.199  1874.51  95.4263  177.265  0.39  46.4  34  4.3288  100
222.914  125.199  1929.65  94.9966  168.065  0.38  46.4  34  4.3288  100
222.962  125.199  1909.71  94.8064  160.013  0.38  46.4  34  4.3288  100
223.012  125.328  1852.79  95.2343  169.026  0.39  46.4  34  4.3288  100
223.061  125.328  2022.57  89.7426  9.087  0.36  46.4  34  4.3288  100
223.109  125.328  1876.91  96.2761  205.182  0.39  48.4  34  4.3288  100
223.158  125.328  1820.14  89.9942  0.185  0.4  48.4  34  4.3288  100
223.207  125.328  1933.47  95.1181  172.484  0.38  48.4  34  4.3288  100
223.256  125.456  1949.11  89.9531  1.596  0.37  48.4  34  4.3288  100
223.305  125.456  1891.53  94.0256  132.79  0.38  48.4  34  4.3288  100
223.353  125.456  1934.98  94.7932  161.685  0.38  48.4  34  4.3288  100
223.402  125.456  1880.59  95.4365  178.171  0.39  49.1  34  4.3288  100
223.451  125.456  1926.88  94.7728  160.326  0.38  49.1  34  4.3288  100
223.5  125.585  1897.2  96.3993  211.456  0.38  49.1  34  4.3288  100
223.548  125.585  1960.9  89.0833  31.372  0.37  49.1  34  4.3288  100
223.597  125.585  2010.05  89.6713  11.532  0.36  49.1  34  4.3288  100
223.646  125.585  1894  96.3695  210.121  0.38  49.1  34  4.3288  100
223.694  125.714  1904.28  94.961  164.678  0.38  48.4  34  4.3288  100
223.743  125.714  1945.41  94.6315  157.085  0.37  48.4  34  4.3288  100
223.792  125.714  1908.47  95.1733  172.084  0.38  48.4  34  4.3288  100
223.841  125.714  1869.45  94.1497  135.279  0.39  48.4  34  4.3288  100
223.89  125.714  1929.71  95.9817  201.095  0.38  48.4  34  4.3288  100
223.938  125.843  1868.69  95.4616  177.858  0.39  48.4  34  4.3288  100
223.987  125.843  1932.99  95.0245  169.294  0.38  48  34  4.3288  100
224.036  125.843  1898.7  94.7806  158.237  0.38  48  34  4.3288  100
224.085  125.843  1985.81  89.8363  5.672  0.36  48  34  4.3288  100
224.133  125.843  2045.34  89.9916  0.3  0.35  48  34  4.3288  100
224.182  125.972  1884.79  95.0567  166.128  0.39  48  34  4.3288  100
224.231  125.972  1975.01  89.8751  4.305  0.37  48  34  4.3288  100
224.28  125.972  1941.25  94.4634  151.071  0.37  45.8  34  4.3288  100
224.328  125.972  1877.52  94.8206  157.779  0.39  45.8  34  4.3288  100
224.377  126.1  1880.15  95.3453  175.151  0.39  45.8  34  4.3288  100
224.426  126.1  1918.83  94.7493  158.87  0.38  45.8  34  4.3288  100
224.475  126.1  1865.93  95.1989  169.079  0.39  45.8  34  4.3288  100
224.523  126.1  1933.81  94.8746  164.327  0.38  45.8  34  4.3288  100
224.572  126.1  1920.85  94.8326  161.821  0.38  47.8  34  4.3288  100
224.621  126.229  1920  88.1633  61.537  0.38  47.8  34  4.3288  100
224.67  126.229  1919.83  95.2481  175.605  0.38  47.8  34  4.3288  100
224.718  126.229  1895.63  95.0839  167.981  0.38  47.8  34  4.3288  100
224.767  126.229  2015.87  90.0245  0.863  0.36  47.8  34  4.3288  100
224.816  126.229  1928.58  94.4955  151.163  0.38  47.8  34  4.3288  100
224.865  126.358  1900.89  96.1897  204.954  0.38  46.1  34  4.3288  100
224.914  126.358  2013.87  89.9966  0.121  0.36  46.1  34  4.3288  100
224.963  126.358  1912.01  94.6487  154.962  0.38  46.1  34  4.3288  100
225.011  126.358  1949.79  89.8752  4.248  0.37  46.1  34  4.3288  100
225.06  126.358  1999.42  89.7476  8.809  0.36  46.1  34  4.3288  100
225.109  126.487  1929.83  94.7286  159.088  0.38  46.1  34  4.3288  100
225.158  126.487  1951.26  89.8674  4.516  0.37  46.1  34  4.3188  100
225.207  126.487  2026.31  89.917  2.935  0.36  47.4  34  4.3188  100
225.255  126.487  1882.52  95.2117  171.002  0.39  47.4  34  4.3188  100
225.304  126.487  1974.32  89.9541  1.582  0.37  47.4  34  4.3188  100
225.353  126.616  1916.75  94.9538  165.516  0.38  47.4  34  4.3188  100
225.402  126.616  1994.48  89.9993  0.024  0.36  47.4  34  4.3188  100
225.451  126.616  1841.04  89.9931  0.222  0.39  47.4  34  4.3188  100
225.5  126.616  1932.82  95.9643  200.838  0.38  46.1  34  4.3188  100
225.548  126.744  1875.09  95.2357  171.107  0.39  46.1  34  4.3188  100
225.597  126.744  2008.87  89.8518  5.194  0.36  46.1  34  4.3188  100
225.646  126.744  1887.44  96.2643  205.949  0.39  46.1  34  4.3188  100
225.694  126.744  1924.39  89.1441  28.744  0.38  46.1  34  4.3188  100
225.743  126.744  1937.34  94.6334  156.498  0.37  46.1  34  4.3188  100
225.792  126.873  1891.95  94.9649  163.74  0.38  47.8  34  4.3188  100
225.841  126.873  1964.72  89.1372  29.585  0.37  47.8  34  4.3188  100
225.889  126.873  1946.92  95.8858  199.649  0.37  47.8  34  4.3188  100
225.938  126.873  1795.51  90.0339  1.061  0.4  47.8  34  4.3188  100
225.987  127.002  2006.29  88.8223  41.236  0.36  47.8  34  4.3188  100
226.036  127.002  1909.47  94.7602  158.459  0.38  47.8  34  4.3188  100
226.084  127.002  1883.43  95.0903  167.109  0.39  46.5  34  4.3188  100
226.133  127.002  1953.94  94.7021  160.175  0.37  46.5  34  4.3188  100
226.182  127.002  1883.43  95.0903  167.109  0.39  46.5  34  4.3188  100
226.231  127.131  1985.62  89.8197  6.247  0.36  46.5  34  4.3188  100
226.28  127.131  1936.28  94.7367  159.894  0.37  46.5  34  4.3188  100
226.329  127.131  1894.48  96.1308  202.328  0.38  46.5  34  4.3188  100
226.377  127.131  1826.08  89.9989  0.035  0.4  46.8  34  4.3188  100
226.426  127.131  1896.72  94.6983  155.358  0.38  46.8  34  4.3188  100
226.475  127.26  1890.26  95.2367  172.525  0.38  46.8  34  4.3188  100
226.524  127.26  1984.51  89.8634  4.73  0.36  46.8  34  4.3188  100
226.573  127.26  1914.26  94.7779  159.446  0.38  46.8  34  4.3188  100
226.621  127.26  1874.87  95.1903  169.606  0.39  46.8  34  4.3188  100
226.67  127.388  1925.59  94.829  162.099  0.38  46.5  34  4.3188  100
226.719  127.388  1901.71  96.3747  211.148  0.38  46.5  34  4.3188  100
226.768  127.388  1987.27  89.9629  1.286  0.36  46.5  34  4.3188  100
226.816  127.388  2004.62  89.912  3.079  0.36  46.5  34  4.3188  100
226.865  127.388  1881.84  95.075  166.467  0.39  46.5  34  4.3188  100
226.915  127.517  2018.95  90.009  0.317  0.36  46.5  34  4.3188  100
226.963  127.517  2010.2  89.8244  6.161  0.36  46.1  34  4.3188  100
227.012  127.517  1849.14  93.9637  127.821  0.39  46.1  34  4.3188  100
227.061  127.517  1918.64  95.0157  167.745  0.38  46.1  34  4.3188  100
227.11  127.517  1920.85  94.8326  161.821  0.38  46.1  34  4.3188  100
227.158  127.517  1964.17  89.7615  8.176  0.37  46.1  34  4.3188  100
227.207  127.646  2003.48  89.9561  1.537  0.36  46.1  34  4.3188  100
227.256  127.646  1899.95  94.7252  156.511  0.38  45.7  34  4.3188  100
227.305  127.646  1953.9  88.0213  67.463  0.37  45.7  34  4.3188  100
227.353  127.646  2008.75  89.5625  15.338  0.36  45.7  34  4.3188  100
227.402  127.775  1891.7  96.1935  204.09  0.38  45.7  34  4.3188  100
227.451  127.775  1993.26  89.7798  7.661  0.36  45.7  34  4.6688  100
227.5  127.775  1914.26  94.7779  159.446  0.38  45.7  34  4.9188  100
227.548  127.775  1863.26  95.262  170.879  0.39  44.7  34  4.9188  100
227.597  127.775  2014.97  89.6661  11.742  0.36  44.7  34  4.9188  100
227.646  127.904  1929.02  96.1779  207.593  0.38  44.7  34  4.9188  100
227.695  127.904  1974.32  89.9541  1.582  0.37  44.7  34  4.9188  100
227.743  127.904  1934.62  94.7247  159.35  0.38  44.7  34  5.0788  100
227.793  127.904  1903.82  96.5056  215.702  0.38  44.7  34  5.0788  100
227.841  128.032  1902.54  94.9243  163.313  0.38  44.7  34  5.1488  100
227.89  128.032  1938.09  94.7739  161.297  0.37  46.4  34  5.1488  100
227.939  128.032  1896.89  95.0288  166.275  0.38  46.4  34  5.1488  100
227.988  128.032  2022.51  90.0292  1.032  0.36  46.4  34  5.1488  100
228.036  128.032  1941.17  95.6981  192.735  0.37  46.4  34  5.1588  100
228.085  128.161  1791.09  89.987  0.406  0.4  46.4  34  5.1588  100
228.134  128.161  2016.94  89.981  0.669  0.36  46.4  34  5.1588  100
228.183  128.161  1920.45  96.0333  201.85  0.38  46.6  34  5.1588  100
228.231  128.161  1902.21  95.1638  171.207  0.38  46.6  34  5.1588  100
228.28  128.161  1920.41  95.0528  169.14  0.38  46.6  34  5.1588  100
228.329  128.29  1877.11  96.3217  206.691  0.39  46.6  34  5.1588  100
228.378  128.29  1891.49  94.8734  160.688  0.38  46.6  34  5.2288  100
228.427  128.29  1945.95  94.4336  150.429  0.37  46.6  34  5.2288  100
228.476  128.29  1907.55  96.2954  209.17  0.38  45.8  34  5.2288  100
228.525  128.419  2004.06  89.7233  9.679  0.36  45.8  34  5.2288  100
228.573  128.419  1990.24  89.6609  11.78  0.36  45.8  34  5.2288  100
228.622  128.419  1954.6  89.887  3.854  0.37  45.8  34  5.3688  100
228.671  128.419  1933.56  94.8279  162.733  0.38  45.8  34  5.3688  100
228.72  128.419  1874.29  95.0751  165.804  0.39  45.8  34  5.3688  100
228.769  128.548  1970.5  89.8987  3.485  0.37  46.3  34  5.3688  100
228.817  128.548  1934.78  95.0619  170.71  0.38  46.3  34  5.3688  100
228.866  128.548  1969.19  89.9229  2.649  0.37  46.3  34  5.3688  100
228.915  128.548  1910.8  95.0161  167.07  0.38  46.3  34  5.3688  100
228.964  128.548  1954.45  94.7967  163.43  0.37  46.3  34  5.3688  100
229.013  128.676  1881.92  96.3888  209.41  0.39  46.3  34  5.3688  100
229.062  128.676  1994.79  89.7718  7.946  0.36  45.2  34  5.3688  100
229.11  128.676  1911.06  96.0379  201.018  0.38  45.2  34  5.3688  100
229.159  128.676  1960.52  89.8558  4.933  0.37  45.2  34  5.3688  100
229.208  128.805  2023.1  89.9497  1.776  0.36  45.2  34  5.3688  100
229.257  128.805  1887.99  96.0478  198.915  0.39  45.2  34  5.4788  100
229.305  128.805  1832.06  90.0037  0.117  0.39  45.2  34  5.4788  100
229.354  128.805  2025.06  89.6701  11.661  0.36  46.3  34  5.4788  100
229.403  128.805  1892.77  95.1269  169.141  0.38  46.3  34  5.4788  100
229.452  128.934  1952.01  88.8702  38.488  0.37  46.3  34  5.4788  100
229.5  128.934  2011.18  89.6268  13.1  0.36  46.3  34  5.4788  100
229.549  128.934  1888.52  94.892  161.049  0.38  46.3  34  5.4788  100
229.598  128.934  1996.47  89.9156  2.94  0.36  46.3  34  5.4788  100
229.647  128.934  1940.99  94.4165  149.468  0.37  45.8  34  5.4788  100
229.696  129.063  1979.69  89.9628  1.285  0.37  45.8  34  5.4788  100
229.744  129.063  1950.46  94.9672  168.882  0.37  45.8  34  5.4788  100
229.793  129.063  1899.18  96.1518  203.522  0.38  45.8  34  5.4788  100
229.842  129.063  1880.95  95.1996  170.463  0.39  45.8  34  5.4788  100
229.891  129.192  1932.25  94.8842  164.515  0.38  45.8  34  5.4788  100
229.94  129.192  1870.14  95.4528  177.711  0.39  46.6  34  5.4788  100
229.988  129.192  1811.46  90.0397  1.254  0.4  46.6  34  5.4788  100
230.037  129.192  1940.15  94.8582  164.31  0.37  46.6  34  5.4788  100
230.086  129.192  1876.65  95.2478  171.645  0.39  46.6  34  5.4788  100
230.135  129.321  1994.93  89.9235  2.662  0.36  46.6  34  5.4788  100
230.183  129.321  1921.36  95.239  175.439  0.38  46.6  34  5.4788  100
230.232  129.321  1979.59  89.7174  9.766  0.37  46.6  34  5.4788  100
230.281  129.321  1949.37  95.0712  172.311  0.37  45.2  34  5.4788  100
230.33  129.321  1913.77  94.6854  156.324  0.38  45.2  34  5.4788  100
230.378  129.449  1961.76  89.1541  28.962  0.37  45.2  34  5.4788  100
230.427  129.449  1944.4  95.0524  171.236  0.37  45.2  34  5.4788  100
230.476  129.449  1899.41  94.9184  162.848  0.38  45.2  34  5.4788  100
230.525  129.449  1969.41  89.9419  1.996  0.37  45.2  34  5.4788  100
230.574  129.578  1940.15  94.8582  164.31  0.37  45.9  34  5.4788  100
230.623  129.578  1991.49  90.0147  0.51  0.36  45.9  34  5.4788  100
230.671  129.578  2029.18  90.034  1.204  0.36  45.9  34  5.4788  100
230.72  129.578  1900.91  94.909  162.668  0.38  45.9  34  5.4788  100
230.769  129.578  1801.28  90.0387  1.216  0.4  45.9  34  5.4788  100
230.818  129.707  1990.32  89.9472  1.834  0.36  45.9  34  5.4788  100
230.867  129.707  1988.02  89.7487  8.718  0.36  44.8  34  5.4788  100
230.915  129.707  1830.58  90.0113  0.362  0.4  44.8  34  5.4788  100
230.964  129.707  1934.3  94.9682  167.517  0.38  44.8  34  5.4788  100
231.013  129.707  1880.83  95.1752  169.654  0.39  44.8  34  5.4788  100
231.062  129.836  1951.44  88.0753  65.54  0.37  44.8  34  5.4788  100
231.111  129.836  1909.39  95.0468  167.969  0.38  44.8  34  5.4788  100
231.16  129.836  1873.91  90.0224  0.734  0.39  44.8  50  5.4788  100
231.208  129.836  1933.81  94.8746  164.327  0.38  44.8  50  5.4788  100
231.257  129.836  1915.54  94.7221  157.691  0.38  44.8  50  5.4788  100
231.306  129.965  1871.95  95.2083  169.929  0.39  44.8  50  5.4788  100
231.355  129.965  1933.71  95.165  174.08  0.38  44.8  50  5.4788  100
231.403  129.965  1817.19  89.9905  0.3  0.4  44.8  50  5.4788  100
231.452  129.965  1992.31  89.9553  1.554  0.36  45  50  5.4788  100
231.501  130.093  2010.75  89.5905  14.371  0.36  45  50  5.4788  100
231.55  130.093  1988.49  90.03  1.041  0.36  45  50  5.4788  100
231.598  130.093  1972.18  89.0948  31.158  0.37  45  50  5.4788  100
231.647  130.093  1918.83  94.7493  158.87  0.38  45  50  5.4788  100
231.696  130.222  1877.52  94.8206  157.779  0.39  45  50  5.4788  100
231.745  130.222  1999.55  89.8998  3.498  0.36  44.3  50  5.4788  100
231.793  130.222  1937.34  94.6334  156.498  0.37  44.3  50  5.4788  100
231.842  130.222  1868.71  94.0146  130.829  0.39  44.3  50  5.4788  100
231.891  130.351  1981.47  89.8793  4.176  0.37  44.3  50  5.4788  100
231.94  130.351  1808.44  90.001  0.032  0.4  44.3  50  5.4788  100
231.989  130.351  1821.6  89.9865  0.428  0.4  44.3  50  5.4788  100
232.038  130.351  2023.05  89.6418  12.647  0.36  43.6  50  5.4788  100
232.086  130.48  1883.2  96.3348  207.79  0.39  43.6  50  5.4788  100
232.135  130.48  1967.46  88.9696  35.381  0.37  43.6  50  5.4788  100
232.184  130.48  2041.7  89.9711  1.028  0.35  43.6  50  5.4788  100
232.233  130.609  1988.86  89.8204  6.233  0.36  43.6  50  5.4788  100
232.281  130.609  2010.71  89.727  9.582  0.36  43.6  52  5.4788  100
232.33  130.609  2011.76  89.8163  6.449  0.36  42.7  52  5.4788  100
232.379  130.609  1974.93  88.9263  37.006  0.37  42.7  52  5.4788  100
232.428  130.737  1995.69  88.7672  42.935  0.36  42.7  52  5.4788  100
232.476  130.737  1902.9  95.3021  175.842  0.38  42.7  52  5.4788  100
232.525  130.737  1979.95  89.8871  3.9  0.37  42.7  52  5.4788  100
232.574  130.866  2020.85  89.4593  19.069  0.36  42.7  53  5.4788  100
232.623  130.866  1974.1  89.935  2.238  0.37  43.6  53  5.4788  100
232.671  130.866  1879.48  95.2087  170.625  0.39  43.6  53  5.4788  100
232.72  130.866  1935.93  95.947  200.579  0.38  43.6  53  5.4788  100
232.769  130.995  1893.91  95.0473  166.622  0.38  43.6  53  5.4788  100
232.818  130.995  2014.83  89.9367  2.228  0.36  43.6  53  5.4788  100
232.867  130.995  1908.92  94.9544  164.859  0.38  43.6  53  5.4788  100
232.916  131.124  1854.37  94.1128  132.995  0.39  43.6  53  5.4788  100
232.965  131.124  1924.54  94.9316  165.446  0.38  44.9  53  5.4788  100
233.013  131.124  1915.37  96.3003  210.192  0.38  44.9  53  5.4788  100
233.062  131.253  2009.28  90.0198  0.696  0.36  44.9  53  5.4788  100
233.111  131.253  1935.02  94.5028  151.916  0.38  44.9  53  5.4788  100
233.16  131.253  1875.7  94.7602  155.657  0.39  44.9  53  5.4788  100
233.209  131.381  1888.55  95.2  171.164  0.38  44.9  61  5.4788  100
233.257  131.381  1922.41  96.1182  204.89  0.38  45.3  61  5.4788  100
233.306  131.381  1961.2  89.7773  7.622  0.37  45.3  61  5.4788  100
233.355  131.51  2018.4  89.957  1.513  0.36  45.3  61  5.4788  100
233.404  131.51  1916.03  94.8147  160.819  0.38  45.3  61  5.4788  100
233.452  131.51  1862.9  95.4966  178.441  0.39  45.3  61  5.4788  100
233.501  131.639  2038.97  89.5584  15.715  0.35  45.3  61  5.4788  100
233.55  131.639  1908.68  94.9082  163.306  0.38  46.7  63  5.4788  100
233.599  131.768  1963.03  89.9376  2.137  0.37  46.7  63  5.4788  100
233.647  131.768  1933.71  95.165  174.08  0.38  46.7  63  5.4788  100
233.696  131.768  1867.25  95.1657  168.121  0.39  46.7  63  5.4788  100
233.745  131.897  1945.8  89.1323  29.465  0.37  46.7  63  5.4788  100
233.794  131.897  1931.92  94.5225  152.332  0.38  46.7  63  5.4788  100
233.843  131.897  1881.38  94.9839  163.447  0.39  44.1  65  5.4788  100
233.891  132.025  1935.11  94.8183  162.541  0.38  44.1  65  5.4788  100
233.94  132.025  1907.4  94.9638  165.039  0.38  44.1  65  5.4788  100
233.989  132.154  1890.49  95.2825  174.051  0.38  44.1  65  5.4788  100
234.038  132.154  1915.35  94.988  166.536  0.38  44.1  65  5.4788  100
234.087  132.154  1973.56  89.7493  8.635  0.37  44.1  65  5.4788  100
234.136  132.283  1969  89.9065  3.214  0.37  45.4  65  5.4788  100
234.184  132.283  2023.48  89.6783  11.361  0.36  45.4  65  5.4788  100
234.233  132.412  1883  96.289  206.271  0.39  45.4  65  5.4788  100
234.282  132.412  2020.01  89.9654  1.221  0.36  45.4  65  5.4788  100
234.331  132.412  1994.84  89.6365  12.657  0.36  45.4  65  5.4788  100
234.379  132.541  1881.96  95.0994  167.277  0.39  45.4  65  5.4788  100
234.428  132.541  2039.04  90.0231  0.822  0.35  45.7  65  5.4788  100
234.477  132.669  1919.56  94.8885  163.58  0.38  45.7  65  5.4788  100
234.526  132.669  1949.79  89.8752  4.248  0.37  45.7  65  5.4788  100
234.574  132.669  1959.73  94.8623  166.109  0.37  45.7  65  5.4788  100
234.623  132.798  1919.48  94.5756  153.126  0.38  45.7  65  5.4788  100
234.672  132.798  2013.87  89.9966  0.121  0.36  45.7  65  5.4788  100
234.721  132.927  1933.21  94.466  150.534  0.38  42.3  65  5.4788  100
234.77  132.927  1843.51  95.1294  164.82  0.39  42.3  65  5.4788  100
234.818  132.927  1982.99  89.8714  4.452  0.36  42.3  65  5.4788  100
234.867  133.056  2003.4  89.6678  11.616  0.36  42.3  65  5.4788  100
234.916  133.056  1888.19  95.4378  178.935  0.38  42.3  65  5.4788  100
234.965  133.185  1918.64  95.0157  167.745  0.38  42.3  65  5.4788  100
235.013  133.185  1911.28  96.0844  202.582  0.38  45  65  5.4788  100
235.062  133.185  1895.18  95.3013  175.102  0.38  45  65  5.4788  100
235.111  133.313  1953.62  94.9481  168.507  0.37  45  65  5.4788  100
235.16  133.313  1863.69  95.0483  163.997  0.39  45  65  5.4788  100
235.208  133.442  1988.66  89.8038  6.81  0.36  45  65  5.4788  100
235.257  133.442  1933.47  94.5127  152.124  0.38  45  65  5.4788  100
235.306  133.571  1898.15  94.9736  164.564  0.38  45  65  5.4788  100
235.355  133.571  1966.11  87.9815  69.25  0.37  43.5  65  5.4788  100
235.403  133.571  1924.85  95.9607  199.889  0.38  43.5  65  5.4788  100
235.452  133.7  1878.24  95.2632  172.292  0.39  43.5  65  5.4788  100
235.501  133.7  2004.91  89.7956  7.153  0.36  43.5  65  5.4788  100
235.55  133.829  1899.39  96.198  205.067  0.38  43.5  65  5.4788  100
235.599  133.829  1985.3  90.0289  1.002  0.36  43.5  65  5.4788  100
235.647  133.829  1939.21  94.9867  168.566  0.37  44.7  65  5.4788  100
235.696  133.958  1888.24  96.4481  212.057  0.39  44.7  65  5.4788  100
235.745  133.958  2012.34  90.0043  0.153  0.36  44.7  65  5.4788  100
235.794  134.086  2013.61  89.6912  10.853  0.36  44.7  65  5.4788  100
235.843  134.086  2002.49  89.9962  0.134  0.36  44.7  65  5.4788  100
235.892  134.086  1922.18  95.0901  170.539  0.38  44.7  65  5.4788  100
235.941  134.215  1918.04  94.898  163.765  0.38  43.4  65  5.4788  100
235.989  134.215  1895.18  95.3013  175.102  0.38  43.4  65  5.4788  100
236.038  134.344  2015.55  89.856  5.067  0.36  43.4  65  5.4788  100
236.087  134.344  1908.66  96.1941  205.94  0.38  43.4  65  5.4788  100
236.136  134.473  1907.53  94.9885  165.871  0.38  43.4  65  5.4788  100
236.184  134.473  2025.58  89.434  20.009  0.36  43.4  65  5.4788  100
236.233  134.473  1894.68  96.1769  203.865  0.38  45.3  65  5.4788  100
236.282  134.602  1835.01  89.9883  0.374  0.39  45.3  65  5.4788  100
236.331  134.602  2004.26  89.7401  9.093  0.36  45.3  65  5.4788  100
236.379  134.73  1941.68  89.8439  5.291  0.37  45.3  65  5.4788  100
236.428  134.73  2003.48  89.9561  1.537  0.36  45.3  65  5.4788  100
236.477  134.73  1921.51  96.2669  209.752  0.38  45.3  65  5.4788  100
236.526  134.859  1875.97  95.4175  177.115  0.39  45.7  65  5.4788  100
236.574  134.859  1987.62  88.7757  42.468  0.36  45.7  65  5.4788  100
236.623  134.988  1901.91  96.421  212.698  0.38  45.7  65  5.4788  100
236.672  134.988  1947.08  88.1032  64.448  0.37  45.7  65  5.4788  100
236.721  134.988  1905.96  94.6871  155.743  0.38  45.7  66  5.4788  100
236.769  135.117  1914.05  96.3552  211.87  0.38  45.7  66  5.4788  100
236.818  135.117  1995.63  89.8437  5.444  0.36  44.7  66  5.4788  100
236.867  135.246  1931.38  94.719  158.891  0.38  44.7  66  5.4788  100
236.916  135.246  1973.29  89.8639  4.686  0.37  44.7  66  5.4788  100
236.964  135.374  1878.68  95.3542  175.305  0.39  44.7  66  5.4788  100
237.013  135.374  1923.96  94.5249  151.784  0.38  44.7  66  5.4788  100
237.062  135.374  1893.23  95.2186  172.2  0.38  44.7  66  5.4788  100
237.111  135.503  1933.31  94.7811  161.139  0.38  44.7  66  5.4788  100
237.159  135.503  1891.25  94.8276  159.164  0.38  44.7  66  5.4788  100
237.208  135.632  1818.79  90.037  1.173  0.4  44.7  66  5.4788  100
237.257  135.632  1930.7  94.8937  164.703  0.38  44.7  66  5.4788  100
237.306  135.632  1895.5  96.3613  210.018  0.38  44.7  66  5.4788  100
237.355  135.761  1983.81  89.9428  1.98  0.36  44.7  66  5.4788  100
237.404  135.761  1937.71  95.9854  202.055  0.38  43.5  66  5.4788  100
237.452  135.89  1869.25  94.9667  161.832  0.39  43.5  66  5.4788  100
237.501  135.89  1836.58  90.0162  0.518  0.39  43.5  66  5.4788  100
237.55  135.89  1919.55  96.1818  206.706  0.38  43.5  66  5.4788  100
237.599  136.018  1884.57  95.3185  174.684  0.39  43.5  66  5.4788  100
237.648  136.018  1933.23  95.0713  170.889  0.38  43.5  66  5.4788  100
237.696  136.147  1932.13  96.1609  207.358  0.38  43.5  66  5.4788  100
237.745  136.147  1989.32  89.9707  1.017  0.36  43.9  66  5.4788  100
237.794  136.276  2030.26  89.9902  0.348  0.36  43.9  66  5.4788  100
237.843  136.276  1897.44  94.8359  159.958  0.38  43.9  66  5.4788  100
237.891  136.276  1981.06  89.8436  5.409  0.37  43.9  66  5.4788  100
237.941  136.405  1935.23  94.84  163.282  0.38  43.9  66  5.4788  100
237.99  136.405  1906.93  96.1561  204.496  0.38  43.9  66  5.4788  100
238.038  136.534  1914.87  94.8954  163.408  0.38  44.7  66  5.4788  100
238.087  136.534  1983.87  89.8085  6.63  0.36  44.7  66  5.4788  100
238.136  136.534  1883.54  95.4187  177.87  0.39  44.7  66  5.4788  100
238.185  136.662  1938.47  94.846  163.757  0.37  44.7  66  5.4788  100
238.234  136.662  1923.47  96.3521  212.81  0.38  44.7  66  5.4788  100
238.282  136.791  1983.81  89.9428  1.98  0.36  44.7  66  5.4788  100
238.331  136.791  1941.51  95.1183  173.205  0.37  46.4  66  5.4788  100
238.38  136.92  1892.91  96.4699  213.294  0.38  46.4  66  5.4788  100
238.429  136.92  1847.21  90.0336  1.083  0.39  46.4  66  5.4788  100
238.477  136.92  1937.27  95.8912  198.842  0.38  46.4  66  5.4788  100
238.526  137.049  1980.6  90.033  1.14  0.37  46.4  66  5.4788  100
238.575  137.049  1973.43  88.935  36.679  0.37  46.4  66  5.4788  100
238.624  137.178  1920.88  96.1267  205.009  0.38  44.1  66  5.4788  100
238.672  137.178  1889.23  95.3373  175.734  0.38  44.1  66  5.4788  100
238.721  137.178  1930.37  95.1368  172.833  0.38  44.1  66  5.4788  100
238.77  137.306  1905  96.0719  201.503  0.38  44.1  66  5.4788  100
238.819  137.306  1936.9  89.2954  23.817  0.37  44.1  66  5.4788  100
238.867  137.435  1941.25  94.4634  151.071  0.37  44.1  66  5.4788  100
238.916  137.435  1891.72  94.9191  162.214  0.38  44.3  66  5.4788  100
238.965  137.564  1998.42  89.9437  1.963  0.36  44.3  66  5.4788  100
239.013  137.564  1932.68  94.6626  157.102  0.38  44.3  66  5.4788  100
239.062  137.564  1872.61  95.3444  174.418  0.39  44.3  66  5.4788  100
239.111  137.693  2014.31  89.6103  13.701  0.36  44.3  66  5.4788  100
239.16  137.693  1925.01  96.3438  212.702  0.38  44.3  66  5.4788  100
239.209  137.822  1888.19  95.4378  178.935  0.38  45.9  66  5.4788  100
239.258  137.822  2021.03  89.6136  13.63  0.36  45.9  66  5.4788  100
239.306  137.822  1926.83  96.0458  202.939  0.38  45.9  66  5.4788  100
239.355  137.95  1936.27  89.1125  29.992  0.37  45.9  66  5.4788  100
239.404  137.95  1989.39  89.5891  14.267  0.36  45.9  66  5.4788  100
239.453  138.079  1885.57  94.9106  161.407  0.39  45.9  66  5.4788  100
239.501  138.079  2000.68  89.8557  5.037  0.36  45.9  66  5.4788  100
239.55  138.079  1935.53  94.5964  155.105  0.37  45.9  66  5.4788  100
239.599  138.208  1959.44  89.8989  3.457  0.37  45.9  66  5.4788  100
239.648  138.208  2009.71  89.9243  2.656  0.36  45.9  66  5.4788  100
239.697  138.337  1898.46  94.7346  156.701  0.38  45.9  66  5.4788  100
239.745  138.337  1893.46  95.2645  173.73  0.38  45.9  66  5.4788  100
239.794  138.466  1932.5  94.9309  166.108  0.38  44.7  66  5.4788  100
239.843  138.466  1892.88  95.1481  169.851  0.38  44.7  66  5.4788  100
239.892  138.466  1896.78  95.0075  165.563  0.38  44.7  66  5.4788  100
239.94  138.595  1977.25  89.6541  11.938  0.37  44.7  66  5.4788  100
239.99  138.595  1887.44  96.2643  205.949  0.39  44.7  66  5.4788  100
240.038  138.723  1988.96  88.8835  38.755  0.36  44.7  66  5.4788  100
240.087  138.723  1989.55  89.7407  9.004  0.36  43.7  66  5.4788  100
240.136  138.723  1959.31  89.7499  8.553  0.37  43.7  66  5.4788  100
240.185  138.852  1947.88  94.7882  162.594  0.37  43.7  66  5.4788  100
240.233  138.852  1922.41  96.1182  204.89  0.38  43.7  66  5.4788  100
240.282  138.981  1821.79  90.057  1.812  0.4  43.7  66  5.4788  100
240.331  138.981  2014.56  89.4929  17.829  0.36  43.7  66  5.4788  100
240.38  139.11  1891.21  96.4319  211.859  0.38  43.7  66  5.4788  100
240.429  139.11  1876.71  94.1006  134.199  0.39  45.1  66  5.4788  100
240.477  139.11  1952.12  95.9542  202.501  0.37  45.1  66  5.4788  100
240.526  139.239  1885.96  96.2726  206.057  0.39  45.1  66  5.4788  100
240.575  139.239  2006.17  89.904  3.36  0.36  45.1  66  5.4788  100
240.624  139.367  1921.89  94.7301  158.483  0.38  45.1  66  5.4788  100
240.672  139.367  1855.17  93.9897  129.076  0.39  45.1  66  5.4788  100
240.721  139.367  1920.98  94.8575  162.665  0.38  44.8  66  5.4788  100
240.77  139.496  1925.07  96.0075  201.476  0.38  44.8  66  5.4788  100
240.819  139.496  1873.05  93.9849  130.164  0.39  44.8  66  5.4788  100
240.867  139.625  2006.94  89.6876  10.942  0.36  44.8  66  5.4788  100
240.916  139.625  1890.93  95.0657  166.965  0.38  44.8  66  5.4788  100
240.965  139.754  1952.01  88.8702  38.488  0.37  44.8  66  5.4788  100
241.014  139.754  1931.66  94.4758  150.744  0.38  45.1  66  5.4788  100
241.063  139.754  1886.36  96.3644  209.105  0.39  45.1  66  5.4788  100
241.111  139.883  1917.68  94.8301  161.47  0.38  45.1  66  5.4788  100
241.16  139.883  1931.04  95.9261  199.371  0.38  45.1  66  5.4788  100
241.209  140.011  1867.02  93.9795  129.57  0.39  45.1  66  5.4788  100
241.258  140.011  2008.15  89.9322  2.375  0.36  45.1  66  5.4788  100
241.307  140.011  1912.98  94.8337  161.195  0.38  42.4  66  5.4788  100
241.355  140.14  1890.6  94.9987  164.733  0.38  42.4  66  5.4788  100
241.404  140.14  2019.27  89.4677  18.758  0.36  42.4  66  5.4788  100
241.453  140.269  1894.68  96.1769  203.865  0.38  42.4  66  5.4788  100
241.502  140.269  1994.27  89.9829  0.595  0.36  42.4  66  5.4788  100
241.551  140.269  2011.76  89.8163  6.449  0.36  42.4  66  5.4788  100
241.599  140.398  1872.38  94.9936  162.98  0.39  43.4  66  5.4788  100
241.648  140.398  1993.39  89.9314  2.385  0.36  43.4  66  5.4788  100
241.697  140.527  1950.13  94.6021  156.468  0.37  43.4  66  5.4788  100
241.746  140.527  1868.47  95.4163  176.367  0.39  43.4  66  5.4788  100
241.794  140.655  1917.92  94.8764  163.038  0.38  43.4  66  5.4788  100
241.843  140.655  1914.05  96.3552  211.87  0.38  43.4  66  5.4788  100
241.892  140.655  1826.17  90.0342  1.091  0.4  45.6  66  5.4788  100
241.941  140.784  1929.89  95.0433  169.654  0.38  45.6  66  5.4788  100
241.989  140.784  1973.34  89.9584  1.433  0.37  45.6  66  5.4788  100
242.038  140.913  1895.06  94.9709  164.206  0.38  45.6  66  5.4788  100
242.087  140.913  2012.47  89.7357  9.285  0.36  45.6  66  5.4788  100
242.136  140.913  1883.62  94.8287  158.559  0.39  45.6  66  5.4788  100
242.184  141.042  1914.63  94.849  161.845  0.38  46.6  66  5.4788  100
242.233  141.042  2000.73  89.7202  9.772  0.36  46.6  66  5.4788  100
242.282  141.171  1861.8  94.9673  161.207  0.39  46.6  66  5.4788  100
242.331  141.171  2012.04  89.6994  10.557  0.36  46.6  66  5.4788  100
242.379  141.299  1906.65  96.4429  213.95  0.38  46.6  66  5.4788  100
242.428  141.299  1883.43  95.0903  167.109  0.39  46.6  66  5.4788  100
242.477  141.299  1949.61  94.5078  153.23  0.37  44.8  66  5.4788  100
242.526  141.428  1896.42  94.937  163.207  0.38  44.8  66  5.4788  100
242.575  141.428  1979.95  89.8871  3.9  0.37  44.8  66  5.4788  100
242.624  141.557  1927.24  94.841  162.643  0.38  44.8  66  5.4788  100
242.672  141.557  1962.41  89.8833  3.996  0.37  44.8  66  5.4788  100
242.721  141.557  2001.1  89.8918  3.779  0.36  44.8  66  5.4788  100
242.77  141.686  1927.94  95.9434  199.632  0.38  44.8  66  5.4788  100
242.819  141.686  1988.28  90.0136  0.473  0.36  44.3  66  5.4788  100
242.868  141.815  1980.69  89.6736  11.283  0.37  44.3  66  5.4788  100
242.916  141.815  1906.24  96.35  210.835  0.38  44.3  66  5.4788  100
242.965  141.943  1883.66  95.1359  168.623  0.39  44.3  66  5.4788  100
243.014  141.943  2010.75  89.5905  14.371  0.36  44.3  66  5.4788  100
243.063  141.943  1897.4  96.4455  212.999  0.38  44.3  66  5.4788  100
243.112  142.072  1992.14  89.8237  6.13  0.36  44.5  66  5.4788  100
243.161  142.072  1950.31  95.9156  201.005  0.37  44.5  66  5.4788  100
243.209  142.201  1991.49  90.0147  0.51  0.36  44.5  66  5.4788  100
243.258  142.201  2010.28  89.6907  10.852  0.36  44.5  66  5.4788  100
243.307  142.201  1918.04  94.898  163.765  0.38  44.5  66  5.4788  100
243.356  142.33  1871.95  95.2083  169.929  0.39  44.5  66  5.4788  100
243.405  142.33  2007.36  89.7238  9.676  0.36  43.2  66  5.4788  100
243.453  142.459  1907.17  94.9176  163.488  0.38  43.2  66  5.4788  100
243.502  142.459  1817.24  90.0094  0.297  0.4  43.2  66  5.4788  100
243.551  142.459  1943.66  94.9112  166.4  0.37  43.2  66  5.4788  100
243.6  142.587  1886.26  95.0475  165.957  0.39  43.2  66  5.4788  100
243.648  142.587  1979.25  89.0162  33.984  0.37  43.2  66  5.4788  100
243.697  142.716  1916.51  94.9074  163.95  0.38  42.6  66  5.4788  100
243.746  142.716  1885.1  94.8194  158.377  0.39  42.6  66  5.4788  100
243.794  142.845  1998.72  89.8277  6.011  0.36  42.6  66  5.4788  100
243.843  142.845  1914.32  96.0674  202.341  0.38  42.6  66  5.4788  100
243.892  142.845  1820.33  90.0646  2.051  0.4  42.6  66  5.4788  100
243.941  142.974  1987  88.8564  39.657  0.36  42.6  66  5.4788  100
243.99  142.974  1897.94  95.2372  173.244  0.38  43.6  66  5.4788  100
244.039  143.103  1888.44  94.0212  132.428  0.38  43.6  66  5.4788  100
244.088  143.103  1935.26  95.1556  173.906  0.38  43.6  66  5.4788  100
244.136  143.103  1864.36  95.1837  168.444  0.39  43.6  66  5.4788  100
244.185  143.231  1960.04  89.0125  33.78  0.37  43.6  66  5.4788  100
244.234  143.231  1922.93  94.6275  155.138  0.38  43.6  66  5.4788  100
244.283  143.36  1812.85  90.0133  0.421  0.4  44.1  66  5.4788  100
244.332  143.36  2004.2  89.8759  4.342  0.36  44.1  66  5.4788  100
244.38  143.489  1917.38  96.0503  202.097  0.38  44.1  66  5.4788  100
244.429  143.489  1883.09  95.3274  174.84  0.39  44.1  66  5.4788  100
244.478  143.489  1940.78  94.9772  168.382  0.37  44.1  66  5.4788  100
244.527  143.618  1916.18  94.5487  151.965  0.38  44.1  66  5.4788  100
244.576  143.618  1972.81  89.9619  1.312  0.37  44.3  66  5.4788  100
244.625  143.747  1939.46  95.0337  170.17  0.37  44.3  66  5.4788  100
244.674  143.747  1891.21  96.4319  211.859  0.38  44.3  66  5.4788  100
244.722  143.747  1980.36  89.9228  2.668  0.37  44.3  66  5.4788  100
244.771  143.876  1986.5  89.7568  8.433  0.36  44.3  66  5.4788  100
244.82  143.876  1946.46  89.8556  4.905  0.37  44.3  66  5.4788  100
244.869  144.004  2008.02  89.7794  7.73  0.36  44.8  66  5.4788  100
244.918  144.004  1917.55  94.8052  160.63  0.38  44.8  66  5.4788  100
244.967  144.133  1874.87  95.1903  169.606  0.39  44.8  66  5.4788  100
245.015  144.133  1924.78  94.9782  167.025  0.38  44.8  66  5.4788  100
245.064  144.133  1894.81  95.8674  193.7  0.38  44.8  66  5.4788  100
245.113  144.262  1873.93  94.1445  135.433  0.39  44.8  66  5.4788  100
245.162  144.262  1931.92  94.5225  152.332  0.38  45  66  5.4788  100
245.21  144.391  1892.26  94.7267  155.928  0.38  45  66  5.4788  100
245.259  144.391  1981.55  87.8047  75.905  0.37  45  66  5.4788  100
245.308  144.391  1951.44  95.812  197.61  0.37  45  66  5.4788  100
245.357  144.52  1868.69  95.4616  177.858  0.39  45  66  5.4788  100
245.406  144.52  1936.67  94.8087  162.349  0.37  45  66  5.4788  100
245.454  144.648  1915.58  96.3469  211.764  0.38  45  66  5.4788  100
245.503  144.648  1872.39  95.299  172.921  0.39  44.1  66  5.4788  100
245.552  144.648  1941.1  94.7328  160.16  0.37  44.1  66  5.4788  100
245.601  144.777  1995.68  89.7084  10.156  0.36  44.1  66  5.4788  100
245.649  144.777  1824.71  90.0418  1.332  0.4  44.1  66  5.4788  100
245.699  144.906  2012.31  89.5822  14.673  0.36  44.1  66  5.4788  100
245.747  144.906  1883.62  94.8287  158.559  0.39  44.1  66  5.4788  100
245.796  145.035  1978.18  89.0605  32.434  0.37  44.3  66  5.4788  100
245.845  145.035  2010.48  89.7075  10.263  0.36  44.3  66  5.4788  100
245.894  145.035  1898.97  96.1056  201.978  0.38  44.3  66  5.4788  100
245.942  145.164  2014.27  89.747  8.895  0.36  44.3  66  5.4788  100
245.991  145.164  1911.28  96.0844  202.582  0.38  44.3  66  5.4788  100
246.04  145.292  2001.22  90.0229  0.8  0.36  44.3  66  5.4788  100
246.089  145.292  1996.88  89.9516  1.686  0.36  44.3  66  5.4788  100
246.138  145.292  1900.59  94.5532  150.878  0.38  44.3  66  5.4788  100
246.186  145.421  1910.32  94.9236  163.957  0.38  44.3  66  5.4788  100
246.235  145.421  1918.3  95.2573  175.771  0.38  44.3  66  5.4788  100
246.284  145.55  1992.98  90.007  0.243  0.36  44.3  66  5.4788  100
246.333  145.55  1824.71  90.0418  1.332  0.4  44.3  66  5.4788  100
246.381  145.55  1940.85  95.968  201.796  0.37  46.7  66  5.4788  100
246.43  145.679  1868.04  95.3257  173.386  0.39  46.7  66  5.4788  100
246.479  145.679  2015.55  89.856  5.067  0.36  46.7  66  5.4788  100
246.527  145.808  1917.55  94.8052  160.63  0.38  46.7  66  5.4788  100
246.576  145.808  1863.89  93.9544  128.538  0.39  46.7  66  5.4788  100
246.626  145.936  1932.99  95.0245  169.294  0.38  46.7  66  5.4788  100
246.674  145.936  1877.21  95.0569  165.467  0.39  44.2  66  5.4788  100
246.723  145.936  1954.34  88.9322  36.422  0.37  44.2  66  5.4788  100
246.772  146.065  2013.61  89.6912  10.853  0.36  44.2  66  5.4788  100
246.821  146.065  1880.69  94.8474  158.922  0.39  44.2  66  5.4788  100
246.869  146.194  1994.61  88.8122  41.347  0.36  44.2  66  5.4788  100
246.918  146.194  1952.77  94.488  152.805  0.37  44.2  66  5.4788  100
246.967  146.194  1877.22  95.3631  175.459  0.39  43.5  66  5.4788  100
247.016  146.323  1907.29  94.9423  164.319  0.38  43.5  66  5.4788  100
247.065  146.323  1916.49  96.1987  206.936  0.38  43.5  66  5.4788  100
247.113  146.452  1880.84  94.0256  132.039  0.39  43.5  66  5.4788  100
247.162  146.452  2022.03  89.9934  0.233  0.36  43.5  66  5.4788  100
247.211  146.58  1899.8  96.2905  208.158  0.38  43.5  66  5.4788  100
247.26  146.58  1978.85  89.9307  2.395  0.37  42  66  5.4788  100
247.309  146.58  1914.02  94.7316  157.884  0.38  42  66  5.4788  100
247.358  146.709  1889.23  95.3373  175.734  0.38  42  66  5.4788  100
247.406  146.709  2002.51  89.7314  9.388  0.36  42  66  5.4788  100
247.455  146.838  1920.59  96.4155  214.603  0.38  42  66  5.4788  100
247.504  146.838  1860.14  94.9314  159.902  0.39  42  66  5.4788  100
247.553  146.838  1937.97  94.7522  160.554  0.37  45.3  66  5.4788  100
247.601  146.967  1911  96.3717  212.081  0.38  45.3  66  5.4788  100
247.65  146.967  1893.57  94.9802  164.382  0.38  45.3  66  5.4788  100
247.699  147.096  1923.96  95.1273  171.943  0.38  45.3  66  5.4788  100
247.748  147.096  1879.17  96.4508  211.124  0.39  45.3  66  5.4788  100
247.796  147.224  1879.7  95.2542  172.133  0.39  45.3  66  5.4788  100
247.845  147.224  1960.42  94.6849  160.119  0.37  45.3  66  5.4788  100
247.894  147.224  1886.26  95.0475  165.957  0.39  43.7  66  5.4788  100
247.943  147.353  1989.5  89.8755  4.323  0.36  43.7  66  5.4788  100
247.991  147.353  1932.12  94.8591  163.662  0.38  43.7  66  5.4788  100
248.04  147.482  1887.07  95.2091  171.328  0.38  43.7  66  5.4788  100
248.089  147.482  1921.36  95.239  175.439  0.38  43.7  66  5.4788  100
248.138  147.482  1914.74  94.8705  162.57  0.38  43.7  66  5.4788  100
248.187  147.611  1902.78  94.9703  164.857  0.38  43.7  66  5.4788  100
248.235  147.611  2025.5  89.7066  10.372  0.36  43.7  66  5.4788  100
248.284  147.74  1870.57  96.5445  213.198  0.39  43.7  66  5.4788  100
248.333  147.74  1891.53  94.0256  132.79  0.38  43.7  66  5.4788  100
248.382  147.868  2005.81  89.7319  9.384  0.36  43.7  66  5.4788  100
248.431  147.868  1873.91  90.0224  0.734  0.39  43.7  66  5.4788  100
248.48  147.868  1928.91  94.8565  163.303  0.38  45.2  66  5.4788  100
248.529  147.997  1946.88  96.2259  211.136  0.37  45.2  66  5.4788  100
248.577  147.997  1992.98  90.007  0.243  0.36  45.2  66  5.4788  100
248.626  148.126  2014.37  88.5407  51.301  0.36  45.2  66  5.4788  100
248.675  148.126  1914.54  96.114  203.91  0.38  45.2  66  5.4788  100
248.724  148.126  1955.85  89.1877  27.727  0.37  45.2  66  5.4788  100
248.772  148.255  1949.71  94.8257  164.017  0.37  46  66  5.4788  100
248.821  148.255  1877.52  94.8206  157.779  0.39  46  66  5.4788  100
248.87  148.384  1977.66  88.7572  42.894  0.37  46  66  5.4788  100
248.919  148.384  1819.62  89.7839  6.862  0.4  46  66  5.4788  100
248.967  148.513  1546.54  89.891  2.943  0.47  46  66  5.4788  100
249.016  148.513  1353.28  94.1174  97.167  0.54  46  66  5.4788  100
249.065  148.513  1261.74  95.0797  111.717  0.58  43.6  66  5.4788  100
249.114  148.641  1197.99  87.4439  53.427  0.6  43.6  66  5.4788  100
249.162  148.641  1432.5  83.272  167.825  0.51  43.6  66  5.4788  100
249.211  148.77  1350.9  79.0992  255.467  0.55  43.6  66  5.4788  100
249.26  148.77  1445.48  78.4284  289.953  0.51  43.6  66  5.4788  100
249.309  148.77  1330.45  76.1754  317.912  0.56  43.6  66  5.4788  100
249.358  148.899  1356.2  80.7824  217.241  0.54  44.8  66  5.4788  100
249.407  148.899  1270.27  79.7762  225.464  0.58  44.8  66  5.4788  100
249.456  149.028  1133.06  82.7771  142.46  0.64  44.8  66  5.4788  100
249.504  149.028  858.542  77.2874  188.931  0.86  44.8  66  5.4788  100
249.553  149.028  883.522  78.9827  168.846  0.83  44.8  66  5.4788  100
249.602  149.157  815.898  79.1722  153.274  0.9  44.8  66  5.4788  100
249.65  149.157  847.009  80.0436  146.447  0.87  44.6  66  5.4788  100
249.699  149.285  827.931  80.2304  140.489  0.89  44.6  66  5.4788  100
249.748  149.285  820.262  77.0803  183.399  0.9  44.6  66  5.4788  100
249.797  149.414  776.154  75.5262  193.989  0.96  44.6  66  5.4788  100
249.845  149.414  762.647  75.5586  190.196  0.98  44.6  66  5.4788  100
249.895  149.414  845.266  77.8091  178.495  0.88  44.6  66  5.4788  100
249.944  149.543  839.736  77.0503  188.181  0.88  46.5  66  5.4788  100
249.992  149.543  774.668  75.5394  193.445  0.96  46.5  66  5.4788  100
250.041  149.672  813.894  76.8104  185.709  0.91  46.5  66  5.4788  100
250.09  149.672  794.814  76.6845  183.056  0.94  46.5  66  5.4788  100
250.139  149.672  777.959  77.2301  171.958  0.95  46.5  66  5.4788  100
250.188  149.801  761.499  78.2014  155.706  0.97  46.5  66  5.4788  100
250.236  149.801  797.018  73.821  222.081  0.95  43.9  66  5.4788  100
250.285  149.929  751.77  76.1545  179.902  0.99  43.9  66  5.4788  100
250.334  149.929  739.405  74.7378  194.638  1.01  43.9  66  5.4788  100
250.383  150.058  757.861  75.372  191.392  0.99  43.9  66  5.4788  100
250.431  150.058  720.715  72.5059  216.652  1.05  43.9  66  5.4788  100
250.48  150.058  728.786  73.1171  211.652  1.04  43.9  66  5.4788  100
250.529  150.187  724.255  73.8665  201.254  1.04  43.9  66  5.4788  100
250.578  150.187  690.723  73.2332  199.258  1.09  44.4  66  5.4788  100
250.627  150.316  654.347  72.6003  195.674  1.16  44.4  66  5.4788  100
250.675  150.316  645.404  72.472  194.377  1.18  44.4  66  5.4788  100
250.724  150.316  659.287  72.3471  199.929  1.15  44.4  66  5.4788  100
250.773  150.445  642.639  70.3059  216.569  1.2  44.4  66  5.4788  100
250.822  150.445  648.047  71.8274  202.113  1.17  44.4  66  5.4788  100
250.871  150.573  674.142  69.922  231.432  1.14  42.1  66  5.4788  100
250.92  150.573  703.776  67.9743  263.932  1.11  42.1  66  5.4788  100
250.968  150.573  586.719  70.4847  195.999  1.31  42.1  66  5.4788  100
251.017  150.702  692.791  68.5983  252.802  1.12  42.1  66  5.4788  100
251.066  150.702  700.724  68.7357  254.132  1.11  42.1  66  5.4788  100
251.115  150.831  727.987  67.2667  281.325  1.08  42.1  66  5.4788  100
251.164  150.831  755.87  67.2973  291.728  1.04  44.4  66  5.4788  100
251.213  150.96  773.616  68.6006  282.267  1  44.4  66  5.4788  100
251.262  150.96  725.652  66.1433  293.491  1.09  44.4  66  5.4788  100
251.31  150.96  699.412  67.8495  263.707  1.12  44.4  66  5.4788  100
251.359  151.089  746.265  68.4872  273.662  1.04  44.4  66  5.4788  100
251.408  151.089  742.448  71.0385  241.245  1.03  44.4  66  5.4788  100
251.457  151.217  901.104  89.4411  8.79  0.8  43.6  66  5.4788  100
251.505  151.217  1000.73  94.3641  76.15  0.73  43.6  66  5.4788  100
251.554  151.217  1687.78  88.7498  36.823  0.43  43.6  66  5.4788  100
251.603  151.346  1900.2  96.3829  211.251  0.38  43.6  66  5.4788  100
251.652  151.346  1957.15  89.8362  5.595  0.37  43.6  66  5.4788  100
251.7  151.475  2020.85  89.4593  19.069  0.36  43.6  66  5.4788  100
251.749  151.475  1927.89  96.2802  210.893  0.38  43.4  66  5.4788  100
251.798  151.604  1978.85  89.9307  2.395  0.37  43.4  66  5.4788  100
251.847  151.604  1962.01  94.6751  159.914  0.37  43.4  66  5.4788  100
251.895  151.604  1903.12  95.0378  167.118  0.38  43.4  66  5.4788  100
251.944  151.733  1968.51  88.9254  36.917  0.37  43.4  66  5.4788  100
251.993  151.733  1929.27  94.9249  165.626  0.38  43.4  66  5.4788  100
252.041  151.861  1979.73  89.868  4.56  0.37  43.5  66  5.4788  100
252.09  151.861  1897.48  95.1453  170.17  0.38  43.5  66  5.4788  100
252.139  151.861  1923.92  94.8135  161.442  0.38  43.5  66  5.4788  100
252.188  151.99  1881.4  95.2908  173.484  0.39  43.5  66  5.4788  100
252.237  151.99  2040.13  89.979  0.746  0.35  43.5  66  5.4788  100
252.285  152.119  1934.15  95.9087  199.108  0.38  43.5  66  5.4788  100
252.334  152.119  1824.71  90.0418  1.332  0.4  45.3  66  5.4788  100
252.383  152.248  1953.8  94.6768  159.303  0.37  45.3  66  5.4788  100
252.432  152.248  1993.87  89.8324  5.833  0.36  45.3  66  5.4788  100
252.48  152.248  1991.44  89.9034  3.356  0.36  45.3  66  5.4788  100
252.529  152.377  1948.04  94.5177  153.442  0.37  45.3  66  5.4788  100
252.578  152.377  1883.54  95.1115  167.811  0.39  45.3  66  5.4788  100
252.627  152.505  1942.66  94.7232  159.961  0.37  44  66  5.4788  100
252.676  152.505  1913.46  94.9263  164.316  0.38  44  66  5.4788  100
252.724  152.505  1864.38  94.0442  131.488  0.39  44  66  5.4788  100
252.773  152.634  2015.98  89.8923  3.789  0.36  44  66  5.4788  100
252.822  152.634  1894.13  94.5001  148.616  0.38  44  66  5.4788  100
252.871  152.763  2002.74  90.0152  0.531  0.36  44  66  5.4788  100
252.92  152.763  1996.75  89.7997  6.98  0.36  44  66  5.4788  100
252.968  152.763  2002.49  89.9962  0.134  0.36  43.9  66  5.4788  100
253.017  152.892  1959.85  89.1271  29.856  0.37  43.9  66  5.4788  100
253.066  152.892  1937.84  94.7271  159.697  0.37  43.9  66  5.4788  100
253.115  153.021  1963.09  89.8048  6.688  0.37  43.9  66  5.4788  100
253.164  153.021  2008.75  88.886  39.054  0.36  43.9  66  5.4788  100
253.212  153.15  1903.12  95.0378  167.118  0.38  43.9  66  5.4788  100
253.261  153.15  1888.78  95.2458  172.687  0.38  44.9  66  5.4788  100
253.31  153.15  1937.16  94.9024  165.547  0.37  44.9  66  5.4788  100
253.358  153.278  1915.85  96.0589  202.219  0.38  44.9  66  5.4788  100
253.407  153.278  1994.73  90.0183  0.636  0.36  44.9  66  5.4788  100
253.456  153.407  1944.73  94.8075  162.985  0.37  44.9  66  5.4788  100
253.505  153.407  1894  96.3695  210.121  0.38  44.9  66  5.4788  100
253.554  153.407  2015.4  89.9888  0.394  0.36  45.2  66  5.4788  100
253.603  153.536  1946.46  94.5276  153.653  0.37  45.2  66  5.4788  100
253.651  153.536  1885.8  94.9562  162.923  0.39  45.2  66  5.4788  100
253.7  153.665  1981.06  89.8436  5.409  0.37  45.2  66  5.4788  100
253.749  153.665  1909.68  96.4265  213.748  0.38  45.2  66  5.4788  100
253.798  153.794  1965.39  89.8677  4.538  0.37  45.2  66  5.4788  100
253.847  153.794  1941.26  95.0712  171.597  0.37  43.6  66  5.4788  100
253.895  153.794  1921.09  96.1734  206.59  0.38  43.6  66  5.4788  100
253.944  153.922  1969.41  89.9419  1.996  0.37  43.6  66  5.4788  100
253.993  153.922  1939.9  94.8112  162.705  0.37  43.6  66  5.4788  100
254.042  154.051  1893.89  94.4544  147.089  0.38  43.6  66  5.4788  100
254.09  154.051  1967.59  87.972  69.628  0.37  43.6  66  5.4788  100
254.139  154.051  1941.97  95.8649  198.437  0.37  44.1  66  5.4788  100
254.188  154.18  1983.57  90.0177  0.613  0.36  44.1  66  5.4788  100
254.237  154.18  1937.72  94.7053  158.954  0.37  44.1  66  5.4788  100
254.285  154.309  1907.22  94.6314  153.999  0.38  44.1  66  5.4788  100
254.334  154.309  1905.91  95.284  175.52  0.38  44.1  66  5.4788  100
254.383  154.438  1943.41  94.8642  164.789  0.37  44.1  66  5.4788  100
254.432  154.438  1908.68  94.9082  163.306  0.38  43.7  66  5.4788  100
254.48  154.438  1882.05  93.9703  130.312  0.39  43.7  66  5.4788  100
254.529  154.566  1920.65  95.0994  170.713  0.38  43.7  66  5.4788  100
254.578  154.566  1898.17  95.2832  174.782  0.38  43.7  66  5.4788  100
254.627  154.695  1985.62  89.8197  6.247  0.36  43.7  66  5.4788  100
254.676  154.695  1942.78  94.745  160.708  0.37  43.7  66  5.4788  100
254.725  154.695  1972.77  90.0359  1.237  0.37  43.6  66  5.4788  100
254.774  154.824  2011.27  89.9163  2.937  0.36  43.6  66  5.4788  100
254.822  154.824  1913.22  94.88  162.755  0.38  43.6  66  5.4788  100
254.871  154.953  1970.56  89.7652  8.074  0.37  43.6  66  5.4788  100
254.92  154.953  2017.12  89.8479  5.354  0.36  43.6  66  5.4788  100
254.969  155.082  1906.04  96.3036  209.278  0.38  43.6  66  5.4788  100
255.018  155.082  1890.7  90.0278  0.917  0.38  45  66  5.4788  100
255.067  155.082  1984.98  89.7648  8.149  0.36  45  66  5.4788  100
255.115  155.21  1882.85  94.9747  163.273  0.39  45  66  5.4788  100
255.164  155.21  2004.2  89.8759  4.342  0.36  45  66  5.4788  100
255.213  155.339  1936.78  94.8304  163.09  0.37  45  66  5.4788  100
255.262  155.339  1997.49  89.9839  0.562  0.36  45  66  5.4788  100
255.311  155.339  1936.42  94.7618  160.75  0.37  45.4  66  5.4788  100
255.36  155.468  1904.21  94.6506  154.391  0.38  45.4  66  5.4788  100
255.408  155.468  1967.69  89.9307  2.379  0.37  45.4  66  5.4788  100
255.457  155.597  1971.79  94.6414  159.554  0.37  45.4  66  5.4788  100
255.506  155.597  1907.35  96.2489  207.612  0.38  45.4  66  5.4788  100
255.555  155.726  1885.49  94.0411  132.876  0.38  45.4  66  5.4788  100
255.603  155.726  1936.82  95.1463  173.732  0.38  45.4  66  5.4788  100
255.652  155.726  1891.72  94.9191  162.214  0.38  43.7  66  5.4788  100
255.701  155.854  1899.66  95.2742  174.621  0.38  43.7  66  5.4788  100
255.75  155.854  1926.19  94.9438  165.995  0.38  43.7  66  5.4788  100
255.798  155.983  1956.48  89.9145  2.921  0.37  43.7  66  5.4788  100
255.847  155.983  2025.15  89.9615  1.359  0.36  43.7  66  5.4788  100
255.896  155.983  1903.68  94.8442  160.759  0.38  43.7  66  5.4788  100
255.945  156.112  1839.55  90.0008  0.025  0.39  44.5  66  5.4788  100
255.993  156.112  2024.62  89.6335  12.949  0.36  44.5  66  5.4788  100
256.042  156.241  1905.18  94.8348  160.574  0.38  44.5  66  5.4788  100
256.091  156.241  1886.61  95.1177  168.289  0.38  44.5  66  5.4788  100
256.14  156.241  1940.41  95.8737  198.573  0.37  44.5  66  5.4788  100
256.189  156.37  1805.57  90.0161  0.508  0.4  44.5  66  5.4788  100
256.237  156.37  1888.32  94.0001  131.725  0.38  45.1  66  5.4788  100
256.286  156.498  1948.28  95.8297  197.889  0.37  45.1  66  5.4788  100
256.335  156.498  1969.47  89.8087  6.577  0.37  45.1  66  5.4788  100
256.384  156.627  2013.98  89.864  4.78  0.36  45.1  66  5.4788  100
256.432  156.627  1915.96  95.7459  191.822  0.38  45.1  66  5.4788  100
256.481  156.627  1862.7  94.0092  130.233  0.39  45.1  66  5.4788  100
256.53  156.756  2030.27  89.6819  11.273  0.36  45.1  66  5.4788  100
256.579  156.756  1906.04  96.3036  209.278  0.38  45.1  66  5.4788  100
256.627  156.885  2005.31  89.9642  1.254  0.36  45.1  66  5.4788  100
256.676  156.885  2021.98  89.4144  20.666  0.36  45.1  66  5.4788  100
256.725  156.885  1904.7  94.7426  157.481  0.38  45.1  66  5.4788  100
256.774  157.014  1898.39  90.0248  0.822  0.38  45.1  66  5.4788  100
256.822  157.014  1932.43  94.6159  155.511  0.38  42.8  66  5.4788  100
256.871  157.142  1952.33  89.8244  5.982  0.37  42.8  66  5.4788  100
256.92  157.142  2008.87  89.8518  5.194  0.36  42.8  66  5.4788  100
256.969  157.271  1926.14  96.2417  209.415  0.38  42.8  66  5.4788  100
257.017  157.271  1963.87  89.0663  32.003  0.37  42.8  66  5.4788  100
257.067  157.271  1957.88  94.8246  164.668  0.37  42.8  66  5.4788  100
257.116  157.4  1904.94  94.7887  159.027  0.38  42.3  66  5.4788  100
257.164  157.4  2013.87  89.9966  0.121  0.36  42.3  66  5.4788  100
257.213  157.529  1953.71  95.9455  202.369  0.37  42.3  66  5.4788  100
257.262  157.529  1877.52  94.8206  157.779  0.39  42.3  66  5.4788  100
257.311  157.529  1961.09  88.9685  35.303  0.37  42.3  66  5.4788  100
257.359  157.658  1935.03  96.0968  205.516  0.38  42.3  66  5.4788  100
257.408  157.658  1870.57  95.5435  180.7  0.39  44.1  66  5.4788  100
257.457  157.786  2020.7  89.8682  4.648  0.36  44.1  66  5.4788  100
257.506  157.786  1917.11  96.3386  211.657  0.38  44.1  66  5.4788  100
257.554  157.915  1905.96  94.6871  155.743  0.38  44.1  66  5.4788  100
257.603  157.915  2007.36  89.7238  9.676  0.36  44.1  66  5.4788  100
257.652  157.915  1878.9  95.0933  166.804  0.39  44.1  66  5.4788  100
257.701  158.044  1898.51  95.0442  166.925  0.38  44.2  66  5.4788  100
257.75  158.044  2016.47  89.7921  7.318  0.36  44.2  66  5.4788  100
257.798  158.173  1962.68  89.7694  7.898  0.37  44.2  66  5.4788  100
257.847  158.173  2023.36  89.9689  1.098  0.36  44.2  66  5.4788  100
257.896  158.173  1929.49  95.9348  199.502  0.38  44.2  66  5.4788  100
257.945  158.302  1891.16  95.42  178.631  0.38  44.2  66  5.7988  100
257.994  158.302  2053.28  89.9519  1.724  0.35  43.1  66  5.7988  100
258.043  158.431  1900.12  95.0563  167.466  0.38  43.1  66  5.7988  100
258.092  158.431  1898.74  95.0902  168.463  0.38  43.1  66  5.7988  100
258.141  158.559  2008.22  89.7962  7.142  0.36  43.1  66  5.7988  100
258.189  158.559  1895.3  96.3152  208.479  0.38  43.1  66  5.8388  100
258.238  158.559  1980.32  88.9718  35.537  0.37  43.1  66  5.8388  100
258.287  158.688  1940.15  96.1654  208.37  0.38  43.1  66  6.1888  100
258.336  158.688  1879.65  96.2139  203.455  0.39  44.4  66  6.1888  100
258.385  158.817  1991.27  88.677  45.975  0.36  44.4  66  6.1888  100
258.433  158.817  1918.83  94.7493  158.87  0.38  44.4  66  6.1888  100
258.482  158.817  1881.74  95.0539  165.766  0.39  44.4  66  6.1888  100
258.531  158.946  1941.26  95.0712  171.597  0.37  44.4  66  6.2588  100
258.58  158.946  1925.01  96.3438  212.702  0.38  44.4  66  6.2588  100
258.628  159.075  1962.14  88.9245  36.83  0.37  44.2  66  6.2588  100
258.677  159.075  1948.69  94.6371  157.541  0.37  44.2  66  6.2588  100
258.726  159.075  1897.12  95.0747  167.81  0.38  44.2  66  6.2588  100
258.775  159.203  1983.81  89.9428  1.98  0.36  44.2  66  6.2588  100
258.823  159.203  1943.99  95.9506  201.535  0.37  44.2  66  6.3389  100
258.872  159.332  1895.47  94.7536  157.079  0.38  44.2  66  6.3389  100
258.921  159.332  2000.12  88.8578  39.869  0.36  44.6  66  6.3389  100
258.97  159.461  1930.08  94.7753  160.675  0.38  44.6  66  6.3389  100
259.018  159.461  1890.94  95.3742  177.104  0.38  44.6  66  6.3389  100
259.067  159.461  1932.74  94.9777  167.701  0.38  44.6  66  6.3389  100
259.116  159.59  1905.42  96.1645  204.612  0.38  44.6  66  6.3389  100
259.165  159.59  1977.34  89.9385  2.123  0.37  44.6  66  6.3389  100
259.214  159.719  1946.21  94.4806  152.041  0.37  45.3  66  6.3389  100
259.263  159.719  1888.99  94.9834  164.091  0.38  45.3  66  6.3389  100
259.311  159.719  1984.51  89.8634  4.73  0.36  45.3  66  6.3389  100
259.36  159.847  1930.37  94.5323  152.54  0.38  45.3  66  6.3389  100
259.409  159.847  1897.02  95.0534  167.098  0.38  45.3  66  6.3389  100
259.458  159.976  1897.02  95.0534  167.098  0.38  45.3  66  6.3389  100
259.507  159.976  1928.04  94.6916  157.699  0.38  44.8  66  6.3389  100
259.555  160.105  1886.49  95.401  177.566  0.39  44.8  66  6.3389  100
259.604  160.105  1938.72  94.8929  165.359  0.37  44.8  66  6.3389  100
259.653  160.105  1975.07  89.7413  8.916  0.37  44.8  66  6.3389  100
259.702  160.234  1955  89.1171  30.124  0.37  44.8  66  6.3389  100
259.75  160.234  2025.14  89.3974  21.297  0.36  44.8  66  6.3389  100
259.799  160.363  1978.22  89.8759  4.285  0.37  45.5  66  6.3389  100
259.848  160.363  1990.61  89.8317  5.848  0.36  45.5  66  6.3389  100
259.897  160.363  1936.15  95.9941  202.183  0.38  45.5  66  6.3389  100
259.945  160.491  1883.76  95.4644  179.385  0.39  45.5  66  6.3389  100
259.994  160.491  1982.21  89.6655  11.571  0.36  45.5  66  6.3389  100
260.043  160.62  1904.7  94.7426  157.481  0.38  45.5  66  6.3389  100
260.092  160.62  1962.28  89.7341  9.108  0.37  42.6  66  6.3389  100
260.141  160.62  2023.31  89.5239  16.811  0.36  42.6  66  6.3389  100
260.19  160.749  1929.08  94.5887  154.33  0.38  42.6  66  6.3389  100
260.238  160.749  1976.24  89.0334  33.338  0.37  42.6  66  6.3389  100
260.287  160.878  2041.87  89.7991  7.16  0.35  42.6  66  6.3389  100
260.336  160.878  1896.72  94.6983  155.358  0.38  42.6  66  6.3389  100
260.385  161.007  2022.51  90.0292  1.032  0.36  45.1  66  6.3389  100
260.434  161.007  1943.28  94.8389  163.926  0.37  45.1  66  6.3389  100
260.482  161.007  1858.59  95.5227  178.872  0.39  45.1  66  6.3389  100
260.531  161.135  1983.68  88.7217  44.253  0.36  45.1  66  6.3389  100
260.58  161.135  1914.32  96.0674  202.341  0.38  45.1  66  6.3389  100
260.629  161.264  1877.44  95.4086  176.964  0.39  45.1  66  6.3389  100
260.678  161.264  1936.34  95.0525  170.531  0.38  45.1  66  6.3389  100
260.726  161.264  1929.86  96.3657  213.973  0.38  44.2  66  6.3389  100
260.775  161.393  1833.62  90.0315  1.007  0.39  44.2  66  6.3389  100
260.824  161.393  2034.16  89.5836  14.784  0.36  44.2  66  6.3389  100
260.873  161.522  1882.59  96.1974  203.234  0.39  44.2  66  6.3389  100
260.921  161.522  1844.22  90.049  1.577  0.39  44.2  66  6.3389  100
260.971  161.651  1939.06  95.9296  200.316  0.38  44.2  66  6.3389  100
261.02  161.651  1867.57  94.9306  160.517  0.39  44.3  66  6.3389  100
261.068  161.651  1995.23  88.7312  44.182  0.36  44.3  66  6.3389  100
261.117  161.779  1912.01  94.6487  154.962  0.38  44.3  66  6.3389  100
261.166  161.779  1879.38  94.0355  132.262  0.39  44.3  66  6.3389  100
261.215  161.908  1939.79  94.7894  161.961  0.37  44.3  66  6.3389  100
261.264  161.908  1922.2  96.0714  203.308  0.38  44.3  66  6.3389  100
261.313  161.908  1986.79  90.0213  0.738  0.36  44.5  66  6.3389  100
261.362  162.037  1908.7  95.2195  173.639  0.38  44.5  66  6.3389  100
261.41  162.037  1868.79  94.8762  158.854  0.39  44.5  66  6.3389  100
261.459  162.166  1978.37  88.9447  36.437  0.37  44.5  66  6.3389  100
261.508  162.166  1937.23  96.2296  210.214  0.38  44.5  66  6.3389  100
261.557  162.295  1879.12  95.4453  178.321  0.39  44.5  66  6.3389  100
261.605  162.295  2015.62  88.7685  43.32  0.36  44.8  66  6.3389  100
261.654  162.295  1917.52  96.432  214.808  0.38  44.8  66  6.3389  100
261.703  162.423  1906.26  95.044  167.598  0.38  44.8  66  6.3389  100
261.752  162.423  1927.86  94.9593  166.66  0.38  44.8  66  6.3389  100
261.8  162.552  1901.62  95.047  167.292  0.38  44.8  66  6.3389  100
261.849  162.552  1985.88  89.9509  1.702  0.36  44.8  66  6.3389  100
261.898  162.552  1932.74  94.9777  167.701  0.38  44.1  66  6.3389  100
261.947  162.681  1866.58  95.0301  163.661  0.39  44.1  66  6.3389  100
261.995  162.681  1985.3  88.9816  35.287  0.36  44.1  66  6.3389  100
262.044  162.81  1939.15  94.6705  157.896  0.37  44.1  66  6.3389  100
262.093  162.81  1956.48  89.9145  2.921  0.37  44.1  66  6.3389  100
262.142  162.81  2026.67  89.9699  1.065  0.36  44.1  66  6.3389  100
262.19  162.939  1987.33  89.8284  5.952  0.36  43.5  66  6.3389  100
262.239  162.939  1821.6  89.9865  0.428  0.4  43.5  66  6.3389  100
262.288  163.068  1949.37  95.0712  172.311  0.37  43.5  66  6.3389  100
262.337  163.068  1995.99  89.9916  0.292  0.36  43.5  66  6.3389  100
262.385  163.196  1891.49  94.8734  160.688  0.38  43.5  66  6.3389  100
262.434  163.196  1983.04  89.737  9.102  0.36  43.5  66  6.3389  100
262.483  163.196  1879.25  95.1631  169.118  0.39  43.5  66  6.3389  100
262.532  163.325  2004.91  89.7956  7.153  0.36  43.5  66  6.3389  100
262.581  163.325  1924.16  94.8601  163.02  0.38  43.5  66  6.3389  100
262.629  163.454  1992.52  89.9717  0.985  0.36  43.5  66  6.3389  100
262.678  163.454  2009.58  89.7713  8.02  0.36  43.5  66  6.3389  100
262.727  163.454  1904.85  94.4782  148.732  0.38  43.5  66  6.3389  100
262.776  163.583  1967.29  89.8953  3.595  0.37  43.6  66  6.3389  100
262.824  163.583  2012.31  89.5822  14.673  0.36  43.6  66  6.3389  100
262.873  163.712  1898.39  95.0196  166.101  0.38  43.6  66  6.3389  100
262.922  163.712  1974.31  89.0063  34.238  0.37  43.6  66  6.3389  100
262.971  163.84  1936.83  94.5398  153.302  0.37  43.6  66  6.3389  100
263.019  163.84  1885.96  96.2726  206.057  0.39  43.6  66  6.3389  100
263.068  163.84  2000.12  88.8578  39.869  0.36  43.6  66  6.3389  100
263.117  163.969  1937.49  95.9383  200.448  0.38  43.5  66  6.3389  100
263.166  163.969  1997.28  89.9675  1.134  0.36  43.5  66  6.3389  100
263.214  164.098  1909.04  94.9792  165.693  0.38  43.5  66  6.3389  100
263.263  164.098  1913.46  94.9263  164.316  0.38  43.5  66  6.3389  100
263.312  164.098  1913.26  95.192  173.138  0.38  43.5  66  6.3389  100
263.361  164.227  2029.89  89.3719  22.253  0.36  43.5  66  6.3389  100
263.41  164.227  1895.4  95.038  166.449  0.38  43.7  66  6.3389  100
263.459  164.356  1983.78  88.9902  34.96  0.36  43.7  66  6.3389  100
263.508  164.356  1998.49  89.8084  6.684  0.36  43.7  66  6.3389  100
263.556  164.484  1972.06  89.7573  8.354  0.37  43.7  66  6.3389  100
263.605  164.484  1996.33  89.7637  8.233  0.36  43.7  66  6.3389  100
263.654  164.484  1931.13  94.6723  157.302  0.38  43.7  66  6.3389  100
263.703  164.613  1884.79  95.3642  176.201  0.39  43  66  6.3389  100
263.751  164.613  2013.56  89.8277  6.055  0.36  43  66  6.3389  100
263.8  164.742  1914.11  96.0209  200.772  0.38  43  66  6.3389  100
263.849  164.742  1959.31  89.7499  8.553  0.37  43  66  6.3389  100
263.898  164.742  2020.85  89.4593  19.069  0.36  43  66  6.3389  100
263.946  164.871  1900.35  95.1023  169.006  0.38  43  66  6.3389  100
263.995  164.871  1986.44  89.8913  3.768  0.36  44.8  66  6.3389  100
264.044  165  2008.64  89.8324  5.874  0.36  44.8  66  6.3389  100
264.093  165  1975.2  89.8916  3.736  0.37  44.8  66  6.3389  100
264.141  165  2006.29  88.8223  41.236  0.36  44.8  66  6.3389  100
264.19  165.128  1929.03  94.8782  164.039  0.38  44.8  66  6.3389  100
264.239  165.128  1957.15  89.8362  5.595  0.37  44.8  66  6.3389  100
264.288  165.257  1995.52  89.5563  15.454  0.36  45.4  66  6.3389  100
264.337  165.257  1907.58  94.6989  156.268  0.38  45.4  66  6.3389  100
264.385  165.386  1882.64  95.2362  171.813  0.39  45.4  66  6.3389  100
264.434  165.386  1940.99  94.4165  149.468  0.37  45.4  66  6.3389  100
264.483  165.386  1911.28  96.0844  202.582  0.38  45.4  66  6.3389  100
264.532  165.515  2000.68  89.8557  5.037  0.36  45.4  66  6.3389  100
264.58  165.515  2022.61  89.6053  13.933  0.36  45.6  66  6.3389  100
264.629  165.644  1804.14  90.0236  0.745  0.4  45.6  66  6.3389  100
264.678  165.644  1984.92  89.8992  3.492  0.36  45.6  66  6.3389  100
264.727  165.644  1916.32  94.5735  152.803  0.38  45.6  66  6.3389  100
264.775  165.772  1886.71  95.4467  179.086  0.39  45.6  66  6.3389  100
264.824  165.772  2018.4  89.957  1.513  0.36  45.6  66  6.3389  100
264.873  165.901  1900.59  94.5532  150.878  0.38  43.2  66  6.3389  100
264.922  165.901  1899.54  94.943  163.673  0.38  43.2  66  6.3389  100
264.97  166.03  1936.34  95.0525  170.531  0.38  43.2  66  6.3389  100
265.019  166.03  1892.88  95.1481  169.851  0.38  43.2  66  6.3389  100
265.068  166.03  1968.95  88.961  35.704  0.37  43.2  66  6.3389  100
265.117  166.159  2009.88  89.518  16.91  0.36  43.2  66  6.3389  100
265.165  166.159  1957.96  89.9067  3.188  0.37  43  66  6.3389  100
265.214  166.288  2001.38  89.7756  7.839  0.36  43  66  6.3389  100
265.263  166.288  1935.24  96.1439  207.12  0.38  43  66  6.3389  100
265.312  166.288  1891.97  95.2735  173.891  0.38  43  66  6.3389  100
265.36  166.416  1999.88  89.648  12.286  0.36  43  66  6.6889  100
265.41  166.416  1886.36  96.3644  209.105  0.39  43  66  6.7288  100
265.458  166.545  1885.82  95.2638  173.008  0.39  42.8  66  6.7288  100
265.507  166.545  1952.36  94.7119  160.377  0.37  42.8  66  6.7288  100
265.556  166.674  1884.79  95.0567  166.128  0.39  42.8  66  6.7288  100
265.605  166.674  1897.34  93.961  131.063  0.38  42.8  66  6.7288  100
265.653  166.674  2022.77  89.7595  8.49  0.36  42.8  66  6.7288  100
265.702  166.803  1878.9  95.0933  166.804  0.39  42.8  66  6.7288  100
265.751  166.803  1997.49  89.5841  14.5  0.36  42.8  66  6.7288  100
265.8  166.932  1923.05  96.2585  209.64  0.38  44.3  66  6.7288  100
265.849  166.932  1975.89  89.8126  6.464  0.37  44.3  66  6.7288  100
265.897  166.932  2016.57  89.5209  16.861  0.36  44.3  66  6.7288  100
265.946  167.06  1885.25  94.5577  149.808  0.38  44.3  66  6.7288  100
265.995  167.06  1981.47  89.8793  4.176  0.37  44.3  66  6.7288  100
266.044  167.189  2016.04  89.7557  8.596  0.36  44.3  66  6.7288  100
266.093  167.189  1900.6  96.4755  214.347  0.38  43.8  66  6.7288  100
266.141  167.318  1978.18  89.0605  32.434  0.37  43.8  66  6.7288  100
266.19  167.318  1948.81  94.659  158.292  0.37  43.8  66  6.7288  100
266.239  167.318  1871.16  95.3533  174.572  0.39  43.8  66  6.7288  100
266.288  167.447  2015.55  89.856  5.067  0.36  43.8  66  6.7288  100
266.337  167.447  1928.16  95.9903  201.223  0.38  43.8  66  6.7288  100
266.386  167.576  1903.94  95.2008  172.585  0.38  44.7  66  6.7288  100
266.434  167.576  2023.31  89.5239  16.811  0.36  44.7  66  6.7288  100
266.483  167.576  1911.06  96.0379  201.018  0.38  44.7  66  6.7288  100
266.532  167.704  1976.93  89.9029  3.352  0.37  44.7  66  6.7288  100
266.581  167.704  2013.87  89.5739  14.975  0.36  44.7  66  6.7288  100
266.63  167.833  1887.24  96.2184  204.424  0.39  44.7  66  6.7288  100
266.678  167.833  1994.79  89.7718  7.946  0.36  45.2  66  6.7288  100
266.727  167.833  1934.98  94.7932  161.685  0.38  45.2  66  6.7288  100
266.776  167.962  1950.46  89.7971  6.907  0.37  45.2  66  6.7288  100
266.825  167.962  1917.68  94.8301  161.47  0.38  45.2  66  6.7288  100
266.873  168.091  1927.49  94.8877  164.227  0.38  45.2  66  6.7288  100
266.922  168.091  1878.46  95.3087  173.799  0.39  45.2  66  6.7288  100
266.971  168.22  1934.05  94.9214  165.922  0.38  43.1  66  6.7288  100
267.02  168.22  1891.16  95.1115  168.491  0.38  43.1  66  6.7288  100
267.068  168.22  1994.93  89.9235  2.662  0.36  43.1  66  6.7288  100
267.117  168.349  2020.59  89.5771  14.913  0.36  43.1  66  6.7288  100
267.166  168.349  1889.22  95.0291  165.613  0.38  43.1  66  6.7288  100
267.215  168.477  1977.93  88.9089  37.662  0.37  43.1  66  6.7288  100
267.264  168.477  1941.97  95.8649  198.437  0.37  43  66  6.7288  100
267.312  168.477  1880  90.0271  0.89  0.38  43  66  6.7288  100
267.361  168.606  1926.88  94.7728  160.326  0.38  43  66  6.7288  100
267.41  168.606  1916.99  95.0002  167.083  0.38  43  66  6.7288  100
267.459  168.735  1889.23  95.3373  175.734  0.38  43  66  6.7288  100
267.507  168.735  1953.87  94.9954  170.136  0.37  43  66  6.7288  100
267.556  168.735  1897.36  95.1207  169.346  0.38  44.2  66  6.7288  100
267.605  168.864  1888.78  95.2458  172.687  0.38  44.2  66  6.7288  100
267.654  168.864  1941.76  94.5572  154.28  0.37  44.2  66  6.7288  100
267.702  168.993  1979.69  89.9628  1.285  0.37  44.2  66  6.7288  100
267.751  168.993  1998.3  89.7917  7.266  0.36  44.2  66  6.7288  100
267.8  169.121  1978.22  89.8759  4.285  0.37  44.2  66  6.7288  100
267.849  169.121  1866.58  95.0301  163.661  0.39  43.6  66  6.7288  100
267.897  169.121  2019.69  89.6414  12.64  0.36  43.6  66  6.7288  100
267.946  169.25  1932.56  96.2549  210.557  0.38  43.6  66  6.7288  100
267.995  169.25  1904.28  94.961  164.678  0.38  43.6  66  6.7288  100
268.044  169.379  2006.77  89.5346  16.301  0.36  43.6  66  6.7288  100
268.092  169.379  1918.85  96.377  213.128  0.38  43.6  66  6.7288  100
268.141  169.379  1976.93  89.9029  3.352  0.37  43.6  66  6.7288  100
268.19  169.508  2028.5  89.5354  16.45  0.36  44.3  66  6.7288  100
268.239  169.508  1876.06  94.8299  157.96  0.39  44.3  66  6.7288  100
268.287  169.637  1979.88  88.936  36.765  0.37  44.3  66  6.7288  100
268.337  169.637  1930.82  94.9154  165.441  0.38  44.3  66  6.7288  100
268.385  169.765  1877.99  94.9114  160.785  0.39  44.3  66  6.7288  100
268.434  169.765  1931.51  94.744  159.743  0.38  44.3  66  6.7288  100
268.483  169.765  1913.22  96.1689  205.596  0.38  44.9  66  6.7288  100
268.532  169.894  1880.5  95.1085  167.444  0.39  44.9  66  6.7288  100
268.58  169.894  1936.1  95.0056  168.931  0.38  44.9  66  6.7288  100
268.629  170.023  1914.54  96.114  203.91  0.38  44.9  66  6.7288  100
268.678  170.023  1841.23  90.0643  2.067  0.39  44.9  66  6.7288  100
268.727  170.023  1938.89  94.6236  156.295  0.37  44.9  66  6.7288  100
268.776  170.152  1967.29  89.8953  3.595  0.37  44.9  66  6.7288  100
268.824  170.152  1917.12  95.0251  167.924  0.38  44.9  66  6.7288  100
268.873  170.281  1924.46  94.6178  154.937  0.38  44.9  66  6.7288  100
268.922  170.281  1881.84  95.382  176.508  0.39  44.9  66  6.7288  100
268.971  170.281  2023.43  89.8156  6.514  0.36  44.9  66  6.7288  100
269.019  170.409  1924.59  96.2501  209.528  0.38  44.9  66  6.7288  100
269.068  170.409  1892.77  95.1269  169.141  0.38  44.2  66  6.7288  100
269.117  170.538  1920.9  94.5444  152.195  0.38  44.2  66  6.7288  100
269.166  170.538  1890.7  95.0199  165.44  0.38  44.2  66  6.7288  100
269.214  170.667  1967.27  89.0847  31.424  0.37  44.2  66  6.7288  100
269.263  170.667  2025.06  89.6701  11.661  0.36  44.2  66  6.7288  100
269.312  170.667  1997.49  89.9839  0.562  0.36  44.2  66  6.7288  100
269.361  170.796  2015.55  89.856  5.067  0.36  43.6  66  6.7288  100
269.409  170.796  1940.96  94.7077  159.299  0.37  43.6  66  6.7288  100
269.458  170.925  1959.84  89.9342  2.25  0.37  43.6  66  6.7288  100
269.507  170.925  2025.15  89.9615  1.359  0.36  43.6  66  6.7288  100
269.556  170.925  1916.7  96.2453  208.509  0.38  43.6  66  6.7288  100
269.605  171.053  1876.96  90.026  0.853  0.39  43.6  66  6.7288  100
269.653  171.053  2028.62  89.8277  6.099  0.36  43.4  66  6.7288  100
269.702  171.182  1884.56  95.0111  164.613  0.39  43.4  66  6.7288  100
269.751  171.182  1987.55  89.8476  5.287  0.36  43.4  66  6.7288  100
269.8  171.311  1942.27  94.651  157.492  0.37  43.4  66  6.7288  100
269.848  171.311  1892.73  94.8182  158.98  0.38  43.4  66  6.7288  100
269.898  171.311  1983.78  88.9902  34.96  0.36  43.4  66  6.7288  100
269.947  171.44  2007.79  89.76  8.41  0.36  43.5  66  6.7288  100
269.995  171.44  1977.19  90.0131  0.453  0.37  43.5  66  6.7288  100
270.044  171.569  1937.41  94.9493  167.148  0.37  43.5  66  6.7288  100
270.093  171.569  1918.28  94.9444  165.334  0.38  43.5  66  6.7288  100
270.142  171.569  1811.36  90.0046  0.147  0.4  43.5  66  6.7288  100
270.191  171.697  1939.46  95.0337  170.17  0.37  43.5  66  6.7288  100
270.24  171.697  1880.83  95.1752  169.654  0.39  43.5  66  6.7288  100
270.289  171.826  1895.18  95.3013  175.102  0.38  43.5  66  6.7288  100
270.337  171.826  1934.98  94.7932  161.685  0.38  43.5  66  6.7288  100
270.386  171.955  1875.3  94.9753  162.636  0.39  43.5  66  6.7288  100
270.435  171.955  2032.3  90.0184  0.651  0.36  43.5  66  6.7288  100
270.484  171.955  1934.59  96.0027  202.311  0.38  43.5  66  6.7288  100
270.532  172.084  1865.7  95.1537  167.594  0.39  43.9  66  6.7288  100
270.581  172.084  2016.4  89.9287  2.511  0.36  43.9  66  6.7288  100
270.63  172.213  1911.06  96.0379  201.018  0.38  43.9  66  6.7288  100
270.679  172.213  1894.03  95.0719  167.442  0.38  43.9  66  6.7288  100
270.727  172.213  2021.47  89.6501  12.346  0.36  43.9  66  6.7288  100
270.776  172.341  1896.66  94.9829  164.741  0.38  43.9  66  6.7288  100
270.825  172.341  1914.54  95.1364  171.405  0.38  43.9  66  6.7288  100
270.874  172.47  1932.68  94.6626  157.102  0.38  45.3  66  6.7288  100
270.922  172.47  1882.39  94.8836  160.251  0.39  45.3  66  6.7288  100
270.971  172.47  2025.6  90.0137  0.483  0.36  45.3  66  6.7288  100
271.02  172.599  1905.83  96.2573  207.722  0.38  45.3  66  6.7288  100
271.069  172.599  1874.73  95.4718  178.766  0.39  45.3  66  6.7288  100
271.118  172.728  1937.65  94.9962  168.749  0.37  45.3  66  6.7288  100
271.167  172.728  1914.11  96.0209  200.772  0.38  44.9  66  6.7288  100
271.215  172.857  1823.25  90.0494  1.572  0.4  44.9  66  6.7288  100
271.264  172.857  2029.11  89.7267  9.677  0.36  44.9  66  6.7288  100
271.313  172.857  1895.95  94.8453  160.141  0.38  44.9  66  6.7288  100
271.362  172.986  1976.52  89.8672  4.58  0.37  44.9  66  6.7288  100
271.411  172.986  1984.98  89.7648  8.149  0.36  44.9  66  6.7288  100
271.46  173.114  1963.21  89.954  1.575  0.37  45.2  66  6.7288  100
271.509  173.114  2038.56  89.9869  0.465  0.35  45.2  66  6.7288  100
271.557  173.114  1932.13  96.1609  207.358  0.38  45.2  66  6.7288  100
271.606  173.243  1890.6  94.9987  164.733  0.38  45.2  66  6.7288  100
271.655  173.243  1926.08  94.9221  165.261  0.38  45.2  66  6.7288  100
271.704  173.372  1904.11  96.2193  206.279  0.38  45.2  66  6.7288  100
271.752  173.372  1999.25  89.9952  0.169  0.36  42.2  66  6.7288  100
271.801  173.501  2029.65  89.4903  18.055  0.36  42.2  66  6.7288  100
271.85  173.501  1875.98  95.1115  167.137  0.39  42.2  66  6.7288  100
271.899  173.501  1981.06  89.8436  5.409  0.37  42.2  66  6.7288  100
271.947  173.63  1946.42  94.8197  163.539  0.37  42.2  66  6.7288  100
271.996  173.63  1999  89.9762  0.832  0.36  42.2  66  6.7288  100
272.045  173.758  1924.05  94.8385  162.288  0.38  42.9  66  6.7288  100
272.094  173.758  1931.26  95.973  200.967  0.38  42.9  66  6.7288  100
272.142  173.758  1937.33  89.8671  4.494  0.37  42.9  66  6.7288  100
272.191  173.887  1932.25  94.8842  164.515  0.38  42.9  66  6.7288  100
272.24  173.887  1894.68  96.1769  203.865  0.38  42.9  66  6.7288  100
272.289  174.016  1999.25  89.9952  0.169  0.36  42.9  66  6.7288  100
272.337  174.016  2037.81  89.6036  14.099  0.36  44.1  66  6.7288  100
272.386  174.145  1860.48  95.3007  171.876  0.39  44.1  66  6.7288  100
272.435  174.145  1978.01  87.9053  72.297  0.37  44.1  66  6.7288  100
272.484  174.145  2011.76  89.8163  6.449  0.36  44.1  66  6.7288  100
272.533  174.274  1955.4  89.9574  1.453  0.37  44.1  66  6.7288  100
272.582  174.274  2021.42  89.7872  7.507  0.36  44.1  66  6.7288  100
272.63  174.402  1910.19  94.8988  163.123  0.38  43  66  6.7288  100
272.679  174.402  1865.79  95.4791  178.151  0.39  43  66  6.7288  100
272.728  174.402  1925.34  94.7824  160.518  0.38  43  66  6.7288  100
272.777  174.531  1894.93  94.9463  163.385  0.38  43  66  6.7288  100
272.825  174.531  1961.52  89.0039  34.098  0.37  43  66  6.7288  100
272.874  174.66  2005.38  89.6958  10.648  0.36  43  66  6.7288  100
272.923  174.66  1881.92  94.7926  157.232  0.39  43.1  66  6.7288  100
272.972  174.789  1977.21  88.7214  44.118  0.37  43.1  66  6.7288  100
273.021  174.789  1914.8  94.5832  153.005  0.38  43.1  66  6.7288  100
273.069  174.789  1950.46  89.7971  6.907  0.37  43.1  66  6.7288  100
273.118  174.918  2011.56  89.7995  7.039  0.36  43.1  66  6.7288  100
273.167  174.918  1900.2  96.3829  211.251  0.38  43.1  66  6.7288  100
273.216  175.046  1879.7  95.2542  172.133  0.39  43.1  66  6.7288  100
273.265  175.046  2008.15  89.9322  2.375  0.36  44  66  6.7288  100
273.313  175.046  1905.42  94.8809  162.121  0.38  44  66  6.7288  100
273.362  175.175  1992.77  89.9906  0.327  0.36  44  66  6.7288  100
273.411  175.175  2017.01  89.5573  15.583  0.36  44  66  6.7288  100
273.46  175.304  1964.3  89.9109  3.054  0.37  44  66  6.7288  100
273.509  175.304  1838.07  90.0085  0.272  0.39  44  66  6.7288  100
273.558  175.304  1927.03  94.5053  151.371  0.38  45.3  66  6.7288  100
273.606  175.433  1961.2  89.7773  7.622  0.37  45.3  66  6.7288  100
273.655  175.433  1939.21  94.9867  168.566  0.37  45.3  66  6.7288  100
273.704  175.562  1922.41  96.1182  204.89  0.38  45.3  66  6.7288  100
273.753  175.562  1874.76  94.0201  131.431  0.39  45.3  66  6.7288  100
273.802  175.69  1908.81  94.933  164.139  0.38  45.3  66  6.7288  100
273.85  175.69  1894.37  95.139  169.683  0.38  45.1  66  6.7288  100
273.899  175.69  1836.68  90.0517  1.657  0.39  45.1  66  6.7288  100
273.948  175.819  1932.17  94.5692  153.922  0.38  45.1  66  6.7288  100
273.997  175.819  1815.74  89.9981  0.059  0.4  45.1  66  6.7288  100
274.045  175.948  1975.42  89.9107  3.079  0.37  45.1  66  6.7288  100
274.095  175.948  1907.22  94.6314  153.999  0.38  45.1  66  6.7288  100
274.143  175.948  1875.75  95.372  175.612  0.39  44.1  66  6.7288  100
274.192  176.077  2004.91  89.7956  7.153  0.36  44.1  66  6.7288  100
274.241  176.077  1914.5  94.8242  161.007  0.38  44.1  66  6.7288  100
274.29  176.206  1875.26  94.1104  134.417  0.39  44.1  66  6.7288  100
274.338  176.206  2012.56  89.4649  18.794  0.36  44.1  66  6.7288  100
274.387  176.334  1897.4  96.4455  212.999  0.38  44.1  66  6.7288  100
274.436  176.334  1958.8  89.1709  28.343  0.37  44.8  66  6.7288  100
274.485  176.334  2003.55  89.8204  6.281  0.36  44.8  66  6.7288  100
274.534  176.463  1973.97  89.7849  7.411  0.37  44.8  66  6.7288  100
274.582  176.463  1993.26  89.7798  7.661  0.36  44.8  66  6.7288  100
274.631  176.592  1910.67  94.9913  166.236  0.38  44.8  66  6.7288  100
274.68  176.592  1946.46  89.8556  4.905  0.37  44.8  66  6.7288  100
274.729  176.592  2009.29  89.8881  3.925  0.36  43.3  66  6.7288  100
274.778  176.721  1903.44  94.7982  159.215  0.38  43.3  66  6.7288  100
274.827  176.721  1877.92  94.0455  132.483  0.39  43.3  66  6.7288  100
274.875  176.85  1935.11  94.8183  162.541  0.38  43.3  66  6.7288  100
274.924  176.85  1893.6  96.2773  207.049  0.38  43.3  66  6.7288  100
274.973  176.85  1839.55  90.0008  0.025  0.39  43.3  66  6.7288  100
275.022  176.978  2008.06  89.6432  12.504  0.36  43.7  66  6.7288  100
275.07  176.978  1961.6  89.8127  6.414  0.37  43.7  66  6.7288  100
275.119  177.107  2009.71  89.9243  2.656  0.36  43.7  66  6.7288  100
275.168  177.107  1907.88  95.0561  168.144  0.38  43.7  66  6.7288  100
275.217  177.236  1986.55  90.0024  0.084  0.36  43.7  66  6.7288  100
275.265  177.236  2015.12  89.8196  6.344  0.36  43.7  66  6.7288  100
275.314  177.236  1902.89  94.9917  165.573  0.38  43.1  66  6.7288  100
275.363  177.365  1884.91  95.0812  166.94  0.39  43.1  66  6.7288  100
275.412  177.365  1923.72  95.0807  170.363  0.38  43.1  66  6.7288  100
275.46  177.494  1890.41  96.2478  205.732  0.38  43.1  66  6.7288  100
275.509  177.494  1991.83  88.9827  35.363  0.36  43.1  66  6.7288  100
275.558  177.494  1931.92  94.5225  152.332  0.38  43.1  66  6.7288  100
275.607  177.623  1963.9  89.8755  4.266  0.37  45.7  66  6.7288  100
275.655  177.623  2017.12  89.8479  5.354  0.36  45.7  66  6.7288  100
275.704  177.751  1921.15  94.5908  153.766  0.38  45.7  66  6.7288  100
275.753  177.751  1963.76  89.7261  9.387  0.37  45.7  66  6.7288  100
275.802  177.751  1927.04  95.1087  171.594  0.38  45.7  66  6.7288  100
275.851  177.88  1915.68  94.4561  148.841  0.38  45.7  66  6.7288  100
275.9  177.88  1885.14  95.1268  168.456  0.39  45.7  66  6.7288  100
275.948  178.009  2015.87  89.602  14.002  0.36  45.6  66  6.7288  100
275.997  178.009  1905.18  94.8348  160.574  0.38  45.6  66  6.7288  100
276.046  178.138  1969.82  89.0321  33.274  0.37  45.6  66  6.7288  100
276.095  178.138  2021.29  89.4958  17.786  0.36  45.6  66  6.7288  100
276.143  178.138  1983.12  89.9826  0.603  0.36  45.6  66  6.7288  100
276.192  178.267  1919.21  94.8205  161.281  0.38  45.6  66  6.7288  100
276.241  178.267  1930.33  94.822  162.263  0.38  43.5  66  6.7288  100
276.29  178.395  1949.11  89.9531  1.596  0.37  43.5  66  6.7288  100
276.338  178.395  2027.46  89.8724  4.515  0.36  43.5  66  6.7288  100
276.387  178.524  1909.15  95.0006  166.414  0.38  43.5  66  6.7288  100
276.436  178.524  1893.57  94.9802  164.382  0.38  43.5  66  6.7288  100
276.485  178.524  2016.57  89.5209  16.861  0.36  43.5  66  6.7288  100
276.533  178.653  1888.92  96.2561  205.841  0.39  43.3  66  6.7288  100
276.582  178.653  1981.88  89.915  2.942  0.37  43.3  66  6.7288  100
276.631  178.782  1925.46  94.804  161.252  0.38  43.3  66  6.7288  100
276.68  178.782  1961.6  89.8127  6.414  0.37  43.3  66  6.7288  100
276.728  178.782  1994.79  89.7718  7.946  0.36  43.3  66  6.7288  100
276.777  178.911  1917.96  94.5853  153.328  0.38  43.3  66  6.7288  100
276.826  178.911  1891.74  95.2277  172.363  0.38  41.8  66  6.7288  100
276.875  179.039  1944.4  95.0524  171.236  0.37  41.8  66  6.7288  100
276.923  179.039  1919.13  96.0885  203.55  0.38  41.8  66  6.7288  100
276.972  179.039  1968.33  89.0407  32.955  0.37  41.8  66  6.7288  100
277.021  179.168  2000.31  89.6841  11.029  0.36  41.8  66  6.7288  100
277.07  179.168  1889.68  95.1206  168.659  0.38  41.8  66  6.7288  100
277.119  179.297  1993.26  89.7798  7.661  0.36  44.9  66  6.7288  100
277.167  179.297  1930.37  94.5323  152.54  0.38  44.9  66  6.7288  100
277.216  179.426  1963.21  89.954  1.575  0.37  44.9  66  6.7288  100
277.265  179.426  2006.04  89.7513  8.707  0.36  44.9  66  6.7288  100
277.314  179.426  1924.65  94.9532  166.179  0.38  44.9  66  6.7288  100
277.363  179.555  1951.26  89.8674  4.516  0.37  44.9  66  6.7288  100
277.412  179.555  2021.13  89.9046  3.364  0.36  45  66  6.7288  100
277.46  179.683  1910.59  96.2787  208.952  0.38  45  66  6.7288  100
277.509  179.683  1967.51  89.9143  2.943  0.37  45  66  6.7288  100
277.558  179.683  1945.73  94.9958  169.439  0.37  45  66  6.7288  100
277.607  179.812  1883.99  95.2027  170.84  0.39  45  66  6.7288  100
277.656  179.812  1999.97  89.9358  2.241  0.36  45  66  6.7288  100
277.704  179.941  1919.32  94.8421  162.01  0.38  45.2  66  6.7288  100
277.753  179.941  1989.99  90.0223  0.775  0.36  45.2  66  6.7288  100
277.802  179.941  1919.21  94.8205  161.281  0.38  45.2  66  6.7288  100
277.851  180.07  1894.93  94.9463  163.385  0.38  45.2  66  6.7288  100
277.899  180.07  1876.77  95.2722  172.451  0.39  45.2  66  6.7288  100
277.949  180.199  1950.7  95.0145  170.505  0.37  45.2  66  6.7288  100
277.998  180.199  1909.76  96.0929  202.702  0.38  44.1  66  6.7288  100
278.046  180.327  2006.24  90.0353  1.235  0.36  44.1  66  6.7288  100
278.095  180.327  1936.58  95.0994  172.131  0.38  44.1  66  6.7288  100
278.144  180.327  1898.09  96.2525  206.722  0.38  44.1  66  6.7288  100
278.193  180.456  1988.78  89.0001  34.706  0.36  44.1  66  6.7288  100
278.241  180.456  1927.94  95.9434  199.632  0.38  44.1  66  6.7288  100
278.29  180.585  1966.88  89.8599  4.811  0.37  44.1  66  6.7288  100
278.339  180.585  1998.72  89.8277  6.011  0.36  42.9  66  6.7288  100
278.388  180.714  1909.39  95.0468  167.969  0.38  42.9  66  6.7288  100
278.436  180.714  1879.12  93.9903  130.763  0.39  42.9  66  6.7288  100
278.485  180.714  1939.53  94.7425  160.358  0.37  42.9  66  6.7288  100
278.534  180.843  1912.59  96.0294  200.895  0.38  42.9  66  6.7288  100
278.583  180.843  1889.92  94.0112  132.202  0.38  42.9  66  6.7288  100
278.632  180.971  1934.73  94.7464  160.09  0.38  43.9  66  6.7288  100
278.68  180.971  1884.86  94.7738  156.863  0.39  43.9  66  6.7288  100
278.729  180.971  1991.03  89.8676  4.602  0.36  43.9  66  6.7288  100
278.778  181.1  1950.08  95.8682  199.377  0.37  43.9  66  6.7288  100
278.827  181.1  1959.84  89.9342  2.25  0.37  43.9  66  6.7288  100
278.876  181.229  2021.85  89.8237  6.222  0.36  43.9  66  6.7288  100
278.924  181.229  1939.72  96.071  205.147  0.38  44  66  6.7288  100
278.973  181.229  1881.96  95.0994  167.277  0.39  44  66  6.7288  100
279.022  181.358  1938.14  95.09  171.954  0.37  44  66  6.7288  100
279.071  181.358  1902.41  94.8996  162.486  0.38  44  66  6.7288  100
279.119  181.487  1972  89.8908  3.757  0.37  44  66  6.7288  100
279.168  181.487  2019.18  89.7394  9.184  0.36  44  66  6.7288  100
279.217  181.615  1882.85  94.9747  163.273  0.39  42.2  66  6.7288  100
279.266  181.615  1920.74  94.811  161.092  0.38  42.2  66  6.7288  100
279.315  181.615  1944.09  94.6883  158.899  0.37  42.2  66  6.7288  100
279.363  181.744  1889.23  95.3373  175.734  0.38  42.2  66  6.7288  100
279.412  181.744  2033.38  89.9745  0.906  0.36  42.2  66  6.7288  100
279.461  181.873  1917.81  96.1436  205.246  0.38  42.2  66  6.7288  100
279.509  181.873  1898.83  93.9509  130.833  0.38  43.3  66  6.7288  100
279.558  181.873  2027.17  89.4255  20.325  0.36  43.3  66  6.7288  100
279.607  182.002  1911.95  94.9356  164.498  0.38  43.3  66  6.7288  100
279.656  182.002  2006.24  90.0353  1.235  0.36  43.3  66  6.7288  100
279.705  182.131  1942.55  94.4065  149.252  0.37  43.3  66  6.7288  100
279.754  182.131  1880.14  95.0386  165.128  0.39  43.3  66  6.7288  100
279.803  182.259  2029.18  90.034  1.204  0.36  44.5  66  6.7288  100
279.851  182.259  1932.43  94.6159  155.511  0.38  44.5  66  6.7288  100
279.9  182.259  1959.71  89.7852  7.347  0.37  44.5  66  6.7288  100
279.949  182.388  2041.7  89.9711  1.028  0.35  44.5  66  6.7288  100
279.998  182.388  1919.76  96.2285  208.284  0.38  44.5  66  6.7288  100
280.047  182.517  1872.1  94.085  133.361  0.39  44.5  66  6.7288  100
280.095  182.517  1932.15  95.1743  174.252  0.38  44.6  66  6.7288  100
280.144  182.517  1904.86  95.0746  168.491  0.38  44.6  66  6.7288  100
280.193  182.646  1955.85  89.1877  27.727  0.37  44.6  66  6.7288  100
280.242  182.646  1996.11  89.7444  8.904  0.36  44.6  66  6.7288  100
280.29  182.775  1870.24  94.867  158.676  0.39  44.6  66  6.7288  100
280.339  182.775  1984.86  88.9457  36.521  0.36  44.6  66  6.7288  100
280.388  182.904  1925.21  94.7574  159.672  0.38  46.8  66  6.7288  100
280.437  182.904  1870.36  95.4981  179.206  0.39  46.8  66  6.7288  100
280.485  182.904  1914.87  94.8954  163.408  0.38  46.8  66  6.7288  100
280.534  183.032  1904.52  96.3119  209.386  0.38  46.8  66  6.7288  100
280.583  183.032  1881.09  94.0709  133.541  0.39  46.8  66  6.7288  100
280.632  183.161  1935.02  95.1088  172.308  0.38  46.8  66  6.7288  100
280.68  183.161  1886.81  94.8557  159.711  0.38  45.5  66  6.7288  100
280.729  183.161  1966.41  89.0137  33.848  0.37  45.5  66  6.7288  100
280.778  183.29  1935.71  95.8999  198.975  0.38  45.5  66  6.7288  100
280.827  183.29  1870.93  95.0028  163.152  0.39  45.5  66  6.7288  100
280.875  183.419  1838.07  90.0085  0.272  0.39  45.5  66  6.7288  100
280.925  183.419  1917.31  94.7588  159.063  0.38  45.5  66  6.7288  100
280.973  183.419  1811.31  89.9859  0.447  0.4  45.5  66  6.7288  100
281.022  183.548  2010.13  89.9605  1.385  0.36  43.8  66  6.7288  100
281.071  183.548  1909.76  96.0929  202.702  0.38  43.8  66  6.7288  100
281.12  183.676  1883.52  93.9603  130.086  0.39  43.8  66  6.7288  100
281.168  183.676  2010.75  89.5905  14.371  0.36  43.8  66  6.7288  100
281.217  183.805  1881.05  95.2208  171.164  0.39  43.8  66  6.7288  100
281.266  183.805  1965.78  89.0932  31.109  0.37  43.8  66  6.7288  100
281.315  183.805  1926.25  94.6547  156.316  0.38  44.2  66  6.7288  100
281.364  183.934  1870.47  94.9122  160.167  0.39  44.2  66  6.7288  100
281.413  183.934  1845.62  90.0056  0.18  0.39  44.2  66  6.7288  100
281.462  184.063  1918.91  96.0418  201.974  0.38  44.2  66  6.7288  100
281.51  184.063  1876.55  95.2267  170.947  0.39  44.2  66  6.7288  100
281.559  184.063  1929.65  94.9966  168.065  0.38  44.2  66  6.7288  100
281.608  184.192  1893.6  96.2773  207.049  0.38  41.9  66  6.7288  100
281.656  184.192  1981.88  90.009  0.313  0.37  41.9  66  6.7288  100
281.705  184.32  2004.53  89.6234  13.174  0.36  41.9  66  6.7288  100
281.754  184.32  1876.2  95.1569  168.639  0.39  41.9  66  6.7288  100
281.803  184.449  1975.42  89.9107  3.079  0.37  41.9  66  6.7288  100
281.851  184.449  1920.05  94.9814  166.724  0.38  41.9  66  6.7288  100
281.9  184.449  1951.26  89.8674  4.516  0.37  43.6  66  6.7288  100
281.949  184.578  1999.13  89.8637  4.755  0.36  43.6  66  6.7288  100
281.998  184.578  1941.07  96.0152  203.409  0.37  43.6  66  6.7288  100
282.046  184.707  1874.51  95.4263  177.265  0.39  43.6  66  6.7288  100
282.095  184.707  2040.13  89.979  0.746  0.35  43.6  66  6.7288  100
282.144  184.707  1904.46  94.6966  155.936  0.38  43.6  66  6.7288  100
282.193  184.836  1890.83  95.0444  166.258  0.38  44.3  66  6.7288  100
282.242  184.836  2028.06  89.4987  17.742  0.36  44.3  66  6.7288  100
282.29  184.964  1918.7  95.9952  200.398  0.38  44.3  66  6.7288  100
282.339  184.964  2021.56  89.9575  1.498  0.36  44.3  66  6.7288  100
282.388  185.093  1929.33  94.6353  155.915  0.38  44.3  66  6.7288  100
282.437  185.093  1987.58  89.9595  1.404  0.36  44.3  66  6.7288  100
282.485  185.093  2014.27  89.747  8.895  0.36  44.9  66  6.7288  100
282.534  185.222  1923.74  96.0629  203.185  0.38  44.9  66  6.7288  100
282.583  185.222  1970.41  89.9737  0.905  0.37  44.9  66  6.7288  100
282.632  185.351  1932.25  94.8842  164.515  0.38  44.9  66  6.7288  100
282.68  185.351  1902.85  94.3961  145.854  0.38  44.9  66  6.7288  100
282.729  185.351  1965.97  88.9782  35.059  0.37  44.9  66  6.7288  100
282.778  185.48  2025.06  89.6701  11.661  0.36  44.3  66  6.7288  100
282.827  185.48  1895.95  94.8453  160.141  0.38  44.3  66  6.7288  100
282.876  185.608  1975.1  88.8105  41  0.37  44.3  66  6.7288  100
282.924  185.608  1925.21  94.7574  159.672  0.38  44.3  66  6.7288  100
282.973  185.608  1976.02  89.9628  1.283  0.37  44.3  66  6.7288  100
283.022  185.737  1925.02  95.0248  168.606  0.38  44.3  66  6.7288  100
283.071  185.737  1941.94  96.2041  209.866  0.37  44.8  66  6.7288  100
283.12  185.866  1898.17  95.2832  174.782  0.38  44.8  66  6.7288  100
283.168  185.866  1938.22  94.7991  162.155  0.37  44.8  66  6.7288  100
283.217  185.995  1901.93  94.8076  159.401  0.38  44.8  66  6.7288  100
283.266  185.995  2010.81  90.0121  0.425  0.36  44.8  66  6.7288  100
283.315  185.995  2028.67  89.6901  10.971  0.36  44.8  66  6.7288  100
283.363  186.124  1885.02  95.1023  167.643  0.39  44.8  66  6.7288  100
283.412  186.124  1978.85  89.9307  2.395  0.37  43.5  66  6.7288  100
283.461  186.252  1929.58  94.6819  157.501  0.38  43.5  66  6.7288  100
283.51  186.252  1963.49  89.8402  5.478  0.37  43.5  66  6.7288  100
283.558  186.252  1998.42  89.9437  1.963  0.36  43.5  66  6.7288  100
283.607  186.381  1906.13  95.0192  166.767  0.38  43.5  66  6.7288  100
283.656  186.381  1887.3  95.2548  172.848  0.38  43.5  66  6.7288  100
283.705  186.51  1933.06  94.7343  159.547  0.38  43.1  66  6.7288  100
283.753  186.51  1922.41  96.1182  204.89  0.38  43.1  66  6.7288  100
283.802  186.639  1821.79  90.057  1.812  0.4  43.1  66  6.7288  100
283.851  186.639  2024.89  89.5156  17.12  0.36  43.1  66  6.7288  100
283.9  186.639  1880.05  96.3054  206.482  0.39  43.1  66  6.7288  100
283.949  186.768  1912.55  95.053  168.453  0.38  43.1  66  6.7288  100
283.998  186.768  1922.68  94.5811  153.563  0.38  44  66  6.7288  100
284.046  186.896  1995.99  89.9916  0.292  0.36  44  66  6.7288  100
284.095  186.896  2035.42  90.0027  0.095  0.36  44  66  6.7288  100
284.144  186.896  1918.09  94.6101  154.167  0.38  44  66  6.7288  100
284.193  187.025  1878.24  95.2632  172.292  0.39  44  66  6.7288  100
284.242  187.025  1936.42  94.7618  160.75  0.37  44  66  6.7288  100
284.29  187.154  1902.61  96.2276  206.391  0.38  43  66  6.7288  100
284.339  187.154  1894.36  93.9811  131.522  0.38  43  66  6.7288  100
284.388  187.283  2019.27  89.4677  18.758  0.36  43  66  6.7288  100
284.437  187.283  1974.79  89.856  4.962  0.37  43  66  6.7288  100
284.485  187.283  1985.62  89.8197  6.247  0.36  43  66  6.7288  100
284.534  187.412  1942.86  96.0538  204.898  0.37  43  66  6.7288  100
284.583  187.412  1960.92  89.8911  3.726  0.37  44.8  66  6.7288  100
284.632  187.541  2011.27  89.9163  2.937  0.36  44.8  66  6.7288  100
284.681  187.541  1917.81  96.1436  205.246  0.38  44.8  66  6.7288  100
284.729  187.669  1870.49  95.2173  170.089  0.39  44.8  66  6.7288  100
284.778  187.669  1943.66  94.9112  166.4  0.37  44.8  66  6.7288  100
284.827  187.669  1982.07  89.9315  2.369  0.36  44.8  66  6.7288  100
284.876  187.798  1890.7  90.0278  0.917  0.38  43.3  66  6.7288  100
284.924  187.798  2022.34  89.723  9.776  0.36  43.3  66  6.7288  100
284.973  187.927  1884.56  95.0111  164.613  0.39  43.3  66  6.7288  100
285.022  187.927  2006.24  90.0353  1.235  0.36  43.3  66  6.7288  100
285.071  187.927  1938.84  95.8824  198.707  0.38  43.3  66  6.7288  100
285.12  188.056  1887.74  95.3463  175.89  0.38  43.3  66  6.7288  100
285.169  188.056  1937.16  94.9024  165.547  0.37  43.8  66  6.7288  100
285.218  188.185  1907.36  94.3667  145.225  0.38  43.8  66  6.7288  100
285.266  188.185  1898.97  95.1361  170.001  0.38  43.8  66  6.7288  100
285.315  188.313  1935.02  95.1088  172.308  0.38  43.8  66  6.7288  100
285.364  188.313  1894.14  95.0931  168.152  0.38  43.8  66  6.7288  100
285.413  188.313  1836.68  90.0517  1.657  0.39  43.8  66  6.7288  100
285.462  188.442  2021.47  89.6501  12.346  0.36  44.6  66  6.7288  100
285.511  188.442  1883.08  95.0203  164.785  0.39  44.6  66  6.7288  100
285.559  188.571  1992.14  89.8237  6.13  0.36  44.6  66  6.7288  100
285.608  188.571  1933.47  94.5127  152.124  0.38  44.6  66  6.7288  100
285.657  188.571  1989.07  89.9518  1.673  0.36  44.6  66  6.7288  100
285.706  188.7  2005.83  88.786  42.497  0.36  44.6  66  6.7288  100
285.755  188.7  1910.18  96.1858  205.826  0.38  44.6  66  6.7288  100
285.803  188.829  1880.27  95.063  165.936  0.39  42.8  66  6.7288  100
285.852  188.829  1944.73  94.8075  162.985  0.37  42.8  66  6.7288  100
285.901  188.829  1904.32  96.2656  207.832  0.38  42.8  66  6.7288  100
285.95  188.957  1897.48  95.1453  170.17  0.38  42.8  66  6.7288  100
285.998  188.957  2009.35  89.7519  8.7  0.36  42.8  66  6.7288  100
286.047  189.086  1985.06  90.0101  0.349  0.36  42.8  66  6.7288  100
286.096  189.086  1986.44  89.8913  3.768  0.36  45.6  66  6.7288  100
286.145  189.215  1910.67  94.9913  166.236  0.38  45.6  66  6.7288  100
286.194  189.215  1953.8  89.8166  6.253  0.37  45.6  66  6.7288  100
286.242  189.215  1927.13  94.8194  161.908  0.38  45.6  66  6.7288  100
286.291  189.344  1909.97  96.1393  204.263  0.38  45.6  66  6.7288  100
286.34  189.344  1877.66  94.0002  130.986  0.39  45.6  66  6.7288  100
286.389  189.473  2022.42  89.4509  19.381  0.36  44.3  66  6.7288  100
286.438  189.473  1876.2  95.1569  168.639  0.39  44.3  66  6.7288  100
286.486  189.601  1897.48  95.1453  170.17  0.38  44.3  66  6.7288  100
286.535  189.601  1925.5  94.5151  151.578  0.38  44.3  66  6.7288  100
286.584  189.601  1989.53  89.9871  0.449  0.36  44.3  66  6.7288  100
286.633  189.73  1981.88  89.915  2.942  0.37  44.3  66  6.7288  100
286.681  189.73  1932.6  95.9174  199.239  0.38  43.6  66  6.7288  100
286.73  189.859  1957.15  89.8362  5.595  0.37  43.6  66  6.7288  100
286.779  189.859  2025.45  89.844  5.516  0.36  43.6  66  6.7288  100
286.828  189.859  1986.22  89.8721  4.433  0.36  43.6  66  6.7288  100
286.877  189.988  1830.68  90.0467  1.493  0.4  43.6  66  6.7288  100
286.926  189.988  1938.72  94.8929  165.359  0.37  43.6  66  6.7288  100
286.974  190.117  1906.24  96.35  210.835  0.38  43.6  66  6.7288  100
287.023  190.117  1893  95.1727  170.67  0.38  43.6  66  6.7288  100
287.072  190.245  1924.96  94.7109  158.093  0.38  43.6  66  6.7288  100
287.121  190.245  1873.84  94.9844  162.808  0.39  43.6  66  6.7288  100
287.17  190.245  1974.31  89.0063  34.238  0.37  43.6  66  6.7288  100
287.218  190.374  1922.87  94.9161  164.784  0.38  43.6  66  6.7288  100
287.267  190.374  1878.9  95.3998  176.813  0.39  43.6  66  6.7288  100
287.316  190.503  1921.71  94.997  167.387  0.38  43.6  66  6.7288  100
287.365  190.503  1910.8  96.3252  210.516  0.38  43.6  66  6.7288  100
287.413  190.503  1890.03  95.1909  171  0.38  43.6  66  6.7288  100
287.462  190.632  2014.31  89.6103  13.701  0.36  43.6  66  6.7288  100
287.512  190.632  1881.61  95.0294  164.957  0.39  43.6  66  6.7288  100
287.56  190.761  1832.15  90.0391  1.25  0.39  44  66  6.7288  100
287.609  190.761  1916.27  94.8611  162.384  0.38  44  66  6.7288  100
287.658  190.889  1954.6  89.887  3.854  0.37  44  66  6.7288  100
287.707  190.889  2011.14  89.7632  8.311  0.36  44  66  6.7288  100
287.755  190.889  1915.64  96.0123  200.648  0.38  44  66  6.7288  100
287.804  191.018  1873.05  93.9849  130.164  0.39  44  66  6.7288  100
287.853  191.018  2021.73  89.5323  16.503  0.36  45.1  66  6.7288  100
287.902  191.147  1917.81  96.1436  205.246  0.38  45.1  66  6.7288  100
287.95  191.147  1881.96  95.0994  167.277  0.39  45.1  66  6.7288  100
287.999  191.147  2020.4  89.4229  20.351  0.36  45.1  66  6.7288  100
288.048  191.276  1876.76  94.9661  162.462  0.39  45.1  66  6.7288  100
288.097  191.276  1896.55  94.9616  164.029  0.38  45.1  66  6.7288  100
288.146  191.405  1940.96  94.7077  159.299  0.37  45.4  66  6.7288  100
288.194  191.405  1884.86  94.7738  156.863  0.39  45.4  66  6.7288  100
288.243  191.405  1914.87  94.8954  163.408  0.38  45.4  66  6.7288  100
288.292  191.533  1919.32  94.8421  162.01  0.38  45.4  66  6.7288  100
288.341  191.533  1880.27  95.063  165.936  0.39  45.4  66  6.7288  100
288.39  191.662  1929.06  95.1928  174.595  0.38  45.4  66  6.7288  100
288.439  191.662  1900.68  96.1434  203.407  0.38  45.4  66  6.7288  100
288.487  191.791  1826.17  90.0342  1.091  0.4  43.2  66  6.7288  100
288.536  191.791  2007.08  89.8405  5.588  0.36  43.2  66  6.7288  100
288.585  191.791  1872.38  94.9936  162.98  0.39  43.2  66  6.7288  100
288.634  191.92  1986.44  89.8913  3.768  0.36  43.2  66  6.7288  100
288.683  191.92  1930.88  94.6256  155.714  0.38  43.2  66  6.7288  100
288.731  192.049  1961.73  89.9618  1.309  0.37  43.2  66  6.7288  100
288.78  192.049  2032.3  90.0184  0.651  0.36  44.6  66  6.7288  100
288.829  192.049  1892.42  95.0565  166.794  0.38  44.6  66  6.7288  100
288.878  192.178  1892.77  95.1269  169.141  0.38  44.6  66  6.7288  100
288.926  192.178  2013.26  89.9446  1.946  0.36  44.6  66  6.7288  100
288.975  192.306  1902.65  94.9457  164.029  0.38  44.6  66  6.7288  100
289.024  192.306  1958.14  88.9857  34.664  0.37  44.6  66  6.7288  100
289.073  192.435  2025.33  89.5521  15.832  0.36  44.3  66  6.7288  100
289.122  192.435  1902.81  96.2739  207.941  0.38  44.3  66  6.7288  100
289.17  192.435  1977.75  89.0248  33.66  0.37  44.3  66  6.7288  100
289.219  192.564  1916.51  94.9074  163.95  0.38  44.3  66  6.7288  100
289.268  192.564  1988.04  89.9948  0.182  0.36  44.3  66  6.7288  100
289.317  192.693  2033.38  89.9745  0.906  0.36  44.3  66  6.7288  100
289.366  192.693  1909.71  94.8064  160.013  0.38  44.9  66  6.7288  100
289.415  192.693  1963.49  89.8402  5.478  0.37  44.9  66  6.7288  100
289.464  192.822  2021.55  89.9411  2.079  0.36  44.9  66  6.7288  100
289.512  192.822  1905.42  96.1645  204.612  0.38  44.9  66  6.7288  100
289.561  192.95  1969  89.9065  3.214  0.37  44.9  66  6.7288  100
289.61  192.95  2007.2  89.5708  15.036  0.36  44.9  66  6.7288  100
289.659  193.079  1871.15  95.048  164.645  0.39  42.8  66  6.7288  100
289.707  193.079  1984.22  89.0261  33.726  0.36  42.8  66  6.7288  100
289.756  193.079  1916.75  94.9538  165.516  0.38  42.8  66  6.7288  100
289.805  193.208  1873.05  95.4352  177.414  0.39  42.8  66  6.7288  100
289.854  193.208  2002.65  89.8839  4.06  0.36  42.8  66  6.7288  100
289.903  193.337  1910.38  96.2322  207.389  0.38  42.8  66  6.7288  100
289.952  193.337  1896.78  95.0075  165.563  0.38  43.2  66  6.7288  100
290  193.337  2014.12  89.4566  19.103  0.36  43.2  66  6.7288  100
290.049  193.466  1898.39  95.0196  166.101  0.38  43.2  66  6.7288  100
290.098  193.466  1993.81  89.9476  1.825  0.36  43.2  66  6.7288  100
290.147  193.594  1939.69  94.4733  151.283  0.37  43.2  66  6.7288  100
290.196  193.594  1986.55  90.0024  0.084  0.36  43.2  66  6.7288  100
290.245  193.594  1981.47  89.8793  4.176  0.37  43.4  66  6.7288  100
290.293  193.723  1932.6  95.9174  199.239  0.38  43.4  66  6.7288  100
290.342  193.723  1942.47  89.9138  2.922  0.37  43.4  66  6.7288  100
290.391  193.852  2038.56  89.9869  0.465  0.35  43.4  66  6.7288  100
290.44  193.852  1910.18  96.1858  205.826  0.38  43.4  66  6.7288  100
290.489  193.981  1876.33  95.1812  169.444  0.39  43.4  66  6.7288  100
290.537  193.981  1940.78  94.9772  168.382  0.37  43.6  66  6.7288  100
290.586  193.981  1895.86  95.1298  169.515  0.38  43.6  66  6.7288  100
290.635  194.11  1964.3  89.1017  30.794  0.37  43.6  66  6.7288  100
290.684  194.11  2011.18  89.6268  13.1  0.36  43.6  66  6.7288  100
290.732  194.238  1966.2  89.9385  2.11  0.37  43.6  66  6.7288  100
290.782  194.238  2025.6  90.0137  0.483  0.36  43.6  66  6.7288  100
290.83  194.238  1930.82  94.9154  165.441  0.38  43.7  66  6.7288  100
290.879  194.367  1883.09  95.3274  174.84  0.39  43.7  66  6.7288  100
290.928  194.367  2017.97  89.9207  2.794  0.36  43.7  66  6.7288  100
290.977  194.496  1917.32  96.3853  213.232  0.38  43.7  66  6.7288  100
291.025  194.496  1883.21  95.0447  165.596  0.39  43.7  66  6.7288  100
291.074  194.496  1990.92  89.5809  14.562  0.36  43.7  66  6.7288  100
291.123  194.625  1881.84  95.075  166.467  0.39  43.7  66  6.7288  100
291.172  194.625  2003.79  89.972  0.981  0.36  42.7  66  6.7288  100
291.221  194.754  2008.49  89.6795  11.237  0.36  42.7  66  6.7288  100
291.269  194.754  1961.33  89.9265  2.518  0.37  42.7  66  6.7288  100
291.318  194.882  1973.43  88.935  36.679  0.37  42.7  66  6.7288  100
291.367  194.882  1937.59  94.6802  158.097  0.37  42.7  66  6.7288  100
291.416  194.882  1876.77  95.2722  172.451  0.39  42.7  66  6.7288  100
291.465  195.011  1986.37  88.937  36.852  0.36  44.2  66  6.7288  100
291.513  195.011  1910.91  95.0375  167.793  0.38  44.2  66  6.7288  100
291.562  195.14  1949.98  89.2211  26.508  0.37  44.2  66  6.7288  100
291.611  195.14  2013.44  89.5376  16.249  0.36  44.2  66  6.7288  100
291.66  195.14  1879.13  95.1388  168.31  0.39  44.2  66  6.7288  100
291.709  195.269  1972.41  89.9264  2.535  0.37  44.2  66  6.7288  100
291.758  195.269  2017.88  89.6301  13.026  0.36  41.5  66  6.7288  100
291.806  195.398  1877.22  95.3631  175.459  0.39  41.5  66  6.7288  100
291.855  195.398  2001.38  89.7756  7.839  0.36  41.5  66  6.7288  100
291.904  195.526  1918.04  94.898  163.765  0.38  41.5  66  6.7288  100
291.952  195.526  1892.42  95.3652  176.949  0.38  41.5  66  6.7288  100
292.001  195.526  2040.13  89.979  0.746  0.35  41.5  66  6.7288  100
292.05  195.655  1905.13  96.451  214.05  0.38  42.3  66  6.7288  100
292.099  195.655  1880.59  93.9803  130.538  0.39  42.3  66  6.7288  100
292.148  195.784  1928.58  95.0994  171.419  0.38  42.3  66  6.7288  100
292.196  195.784  1891.39  95.1573  170.017  0.38  42.3  66  6.7288  100
292.245  195.784  1990.32  89.9472  1.834  0.36  42.3  66  6.7288  100
292.294  195.913  1935.27  94.5496  153.51  0.37  42.3  66  6.7288  100
292.343  195.913  1808.44  90.001  0.032  0.4  40.3  66  6.7288  100
292.391  196.042  2000.68  89.8557  5.037  0.36  40.3  66  6.7288  100
292.44  196.042  1990.1  89.928  2.501  0.36  40.3  66  6.7288  100
292.489  196.042  1873.55  94.0751  133.143  0.39  40.3  66  6.7288  100
292.538  196.17  1940.85  94.6859  158.555  0.37  40.3  66  6.7288  100
292.587  196.17  1907.55  96.2954  209.17  0.38  40.3  66  6.7288  100
292.636  196.299  1995.77  89.9752  0.864  0.36  42.4  66  6.7288  100
292.685  196.299  1933.71  95.165  174.08  0.38  42.4  66  6.7288  100
292.733  196.428  1886.95  95.1846  170.513  0.38  42.4  66  6.7288  100
292.782  196.428  1977.49  88.8732  38.887  0.37  42.4  66  6.7288  100
292.831  196.428  1932.17  94.5692  153.922  0.38  42.4  66  6.7288  100
292.88  196.557  1885.23  95.4556  179.236  0.39  42.4  66  6.7288  100
292.929  196.557  1921.22  94.904  164.238  0.38  41  66  6.7288  100
292.977  196.686  1913.46  94.9263  164.316  0.38  41  66  6.7288  100
293.026  196.686  1879.03  95.1176  167.611  0.39  41  66  6.7288  100
293.075  196.686  2043.76  89.9995  0.019  0.35  41  66  6.7288  100
293.124  196.814  1891.72  94.9191  162.214  0.38  41  66  6.7288  100
293.172  196.814  1889.81  95.1451  169.476  0.38  41  66  6.7288  100
293.221  196.943  1932.15  95.1743  174.252  0.38  42.8  66  6.7288  100
293.27  196.943  1885.8  94.9562  162.923  0.39  42.8  66  6.7288  100
293.319  197.072  2008.82  89.9842  0.553  0.36  42.8  66  6.7288  100
293.367  197.072  1940.96  94.7077  159.299  0.37  42.8  66  6.7288  100
293.416  197.072  1954.2  89.8518  5.054  0.37  42.8  66  6.7288  100
293.465  197.201  2011.69  89.9526  1.665  0.36  42.8  66  6.7288  100
293.514  197.201  1918.04  94.898  163.765  0.38  42.8  66  6.7288  100
293.562  197.33  1882.42  95.1906  170.3  0.39  39.8  66  6.7288  100
293.611  197.33  1919.93  94.9599  165.994  0.38  39.8  66  6.7288  100
293.66  197.33  1901.38  95.001  165.75  0.38  39.8  66  6.7288  100
293.709  197.459  1996.23  90.0106  0.368  0.36  39.8  66  6.7288  100
293.758  197.459  2014.9  89.8002  7.028  0.36  39.8  66  6.7288  100
293.806  197.587  1882.62  94.9291  161.762  0.39  39.8  66  6.7288  100
293.855  197.587  1987.97  89.8834  4.045  0.36  40.5  66  6.7288  100
293.904  197.716  1937.49  95.9383  200.448  0.38  40.5  66  6.7288  100
293.953  197.716  1957.96  89.9067  3.188  0.37  40.5  66  6.7288  100
294.001  197.716  1905.91  95.284  175.52  0.38  40.5  66  6.7288  100
294.05  197.845  1921.3  96.2201  208.17  0.38  40.5  66  6.7288  100
294.099  197.845  1877.79  95.1722  169.281  0.39  40.5  66  6.7288  100
294.148  197.974  1926.8  95.062  170.01  0.38  41  66  6.7288  100
294.196  197.974  1904.15  94.9363  163.85  0.38  41  66  6.7288  100
294.245  197.974  1817.24  90.0094  0.297  0.4  41  66  6.7288  100
294.294  198.103  2014.56  89.4929  17.829  0.36  41  66  6.7288  100
294.343  198.103  1888.52  96.1642  202.786  0.39  41  66  6.7288  100
294.392  198.231  1991.44  89.9034  3.356  0.36  41  66  6.7288  100
294.441  198.231  1920.9  94.5444  152.195  0.38  40.9  63  6.7288  100
294.489  198.231  1872.61  95.3444  174.418  0.39  40.9  63  6.7288  100
294.538  198.36  2007.31  89.8599  4.909  0.36  40.9  63  6.7288  100
294.587  198.36  1923.11  94.9626  166.361  0.38  40.9  63  6.7288  100
294.636  198.489  1887.52  95.3005  174.369  0.38  40.9  63  6.7288  100
294.684  198.489  1921.46  94.9505  165.812  0.38  40.9  63  6.7288  100
294.733  198.618  1889.68  95.1206  168.659  0.38  42.3  63  6.7288  100
294.782  198.618  1839.55  90.0008  0.025  0.39  42.3  63  6.7288  100
294.831  198.618  2009.19  89.5988  14.07  0.36  42.3  63  6.7288  100
294.879  198.747  1878.45  95.0023  163.793  0.39  42.3  63  6.7288  100
294.928  198.747  1976.87  88.9534  36.11  0.37  42.3  63  6.7288  100
294.977  198.875  1918.52  94.9908  166.904  0.38  42.3  52  6.7288  100
295.026  198.875  1815.74  89.9981  0.059  0.4  41.9  52  6.7288  100
295.074  198.875  2011.27  89.9163  2.937  0.36  41.9  52  6.7288  100
295.123  199.004  2008.56  89.9651  1.222  0.36  41.9  52  6.7288  100
295.172  199.004  1879.12  95.4453  178.321  0.39  41.9  52  6.7288  100
295.221  199.133  1957.88  94.8246  164.668  0.37  41.9  52  6.7288  100
295.27  199.133  1901.38  95.001  165.75  0.38  41.9  52  6.7288  100
295.318  199.133  1879.38  94.0355  132.262  0.39  41.9  50  6.7288  100
295.367  199.262  2018.31  89.6666  11.746  0.36  41.9  50  6.7288  100
295.416  199.262  1878.99  94.8112  157.597  0.39  41.9  50  6.7288  100
295.465  199.262  1983.4  89.9071  3.216  0.36  41.9  50  6.7288  100
295.513  199.391  1928.58  94.4955  151.163  0.38  41.9  50  6.7288  100
295.562  199.391  1879.34  95.4909  179.83  0.39  41.9  50  6.7288  100
295.611  199.391  2033.38  89.9745  0.906  0.36  40.9  45  6.7288  100
295.66  199.519  1923.53  96.0161  201.601  0.38  40.9  45  6.7288  100
295.708  199.519  1890.6  94.9987  164.733  0.38  40.9  45  6.7288  100
295.757  199.519  2014.56  89.4929  17.829  0.36  40.9  45  6.7288  100
295.806  199.648  1896.38  96.2147  205.291  0.38  40.9  45  6.7288  100
295.855  199.648  1890.7  90.0278  0.917  0.38  40.9  45  6.7288  100
295.904  199.648  2014.31  89.6103  13.701  0.36  40.9  45  6.7288  100
295.952  199.777  1880  90.0271  0.89  0.38  40.6  45  6.7288  100
296.001  199.777  1913.11  94.8585  162.031  0.38  40.6  45  6.7288  100
296.05  199.777  1923.42  94.7205  158.289  0.38  40.6  45  6.7288  100
296.099  199.906  1975.27  89.9857  0.492  0.37  40.6  45  6.7288  100
296.147  199.906  2040.61  90.0152  0.542  0.35  40.6  45  6.7288  100
296.197  199.906  1913.7  94.9726  165.878  0.38  40.6  45  6.7288  100
296.245  200.035  1983.36  90.0014  0.049  0.36  40.7  45  6.7288  100
296.294  200.035  1932.15  95.1743  174.252  0.38  40.7  45  6.7288  100
296.343  200.035  1884.09  94.9199  161.585  0.39  40.7  45  6.7288  100
296.391  200.035  2011.87  89.9687  1.1  0.36  40.7  45  6.7288  100
296.441  200.163  2004.68  89.7762  7.83  0.36  40.7  45  6.7288  100
296.489  200.163  1969.59  89.9584  1.43  0.37  40.7  45  6.7288  100
296.538  200.163  1992.14  89.8237  6.13  0.36  40.5  45  6.7288  100
296.587  200.292  1920.05  94.9814  166.724  0.38  40.5  45  6.7288  100
296.636  200.292  1857.07  95.2075  168.555  0.39  40.5  45  6.7288  100
296.684  200.292  2001.94  89.964  1.26  0.36  40.5  45  6.7288  100
296.733  200.421  1901.1  96.2359  206.502  0.38  40.5  45  6.7288  100
296.782  200.421  1884.68  95.0355  165.425  0.39  40.5  45  6.7288  100
296.831  200.421  2023.31  89.5239  16.811  0.36  41.7  45  6.7288  100
296.879  200.421  1897.2  94.79  158.424  0.38  41.7  45  6.7288  100
296.928  200.55  1818.69  90.0018  0.057  0.4  41.7  45  6.7288  100
296.977  200.55  2005.1  89.8124  6.567  0.36  41.7  45  6.7288  100
297.026  200.55  1886.34  94.7644  156.677  0.38  41.7  45  6.7288  100
297.075  200.679  1986.03  89.8555  5.008  0.36  41.7  45  6.7288  100
297.124  200.679  1908.44  94.862  161.753  0.38  40.9  45  6.7288  100
297.172  200.679  1887.3  95.2548  172.848  0.38  40.9  45  6.7288  100
297.221  200.679  2012.41  89.8721  4.494  0.36  40.9  45  6.7288  100
297.27  200.807  1913.22  96.1689  205.596  0.38  40.9  45  6.7288  100
297.319  200.807  1886.84  95.1634  169.808  0.38  40.9  45  6.7288  100
297.367  200.807  1954.7  94.8439  165.059  0.37  40.9  45  6.7288  100
297.416  200.936  1879.58  95.2298  171.325  0.39  40.1  45  6.7288  100
297.465  200.936  1892.31  95.0352  166.085  0.38  40.1  45  6.7288  100
297.514  200.936  1937.08  94.5866  154.9  0.37  40.1  45  6.7288  100
297.562  200.936  1889.67  95.4289  178.784  0.38  40.1  45  6.7288  100
297.611  201.065  2004.48  89.7594  8.416  0.36  40.1  45  6.7288  100
297.661  201.065  1929.33  94.6353  155.915  0.38  40.1  45  6.7288  100
297.709  201.065  1878.46  95.3087  173.799  0.39  41.1  45  6.7288  100
297.758  201.194  1933.31  94.7811  161.139  0.38  41.1  45  6.7288  100
297.807  201.194  1913.43  96.2155  207.164  0.38  41.1  45  6.7288  100
297.856  201.194  1991.73  90.0336  1.167  0.36  41.1  45  6.7288  100
297.905  201.194  1928.82  95.1461  173.007  0.38  41.1  45  6.7288  100
297.953  201.323  1882.07  95.1206  167.978  0.39  41.1  45  6.7288  100
298.002  201.323  1982.9  88.9186  37.424  0.36  42.9  45  6.7288  100
298.051  201.323  1935.02  94.5028  151.916  0.38  42.9  45  6.7288  100
298.1  201.451  1943.54  89.8711  4.372  0.37  42.9  45  6.7288  100
298.149  201.451  2001.81  89.8117  6.58  0.36  42.9  45  6.7288  100
298.197  201.451  1922.63  96.1649  206.473  0.38  42.9  45  6.7288  100
298.246  201.451  1886.84  95.1634  169.808  0.38  42.9  45  6.7288  100
298.295  201.58  1927.86  94.9593  166.66  0.38  40.9  45  6.7288  100
298.344  201.58  1895.63  95.0839  167.981  0.38  40.9  45  6.7288  100
298.393  201.58  1947.26  89.124  29.772  0.37  40.9  45  6.7288  100
298.441  201.709  1939.53  94.7425  160.358  0.37  40.9  45  6.7288  100
298.49  201.709  1880.37  95.0841  166.636  0.39  40.9  45  6.7288  100
298.539  201.709  2005.77  89.9997  0.009  0.36  40.9  45  6.7288  100
298.588  201.709  1922.63  94.8696  163.208  0.38  40.9  45  6.7288  100
298.636  201.838  1960.12  89.8205  6.14  0.37  39.8  45  6.7288  100
298.685  201.838  2034.94  89.9666  1.187  0.36  39.8  45  6.7288  100
298.734  201.838  1911.95  94.9356  164.498  0.38  39.8  45  6.7288  100
298.783  201.967  1868.46  93.9696  129.348  0.39  39.8  45  6.7288  100
298.832  201.967  1932.01  94.8374  162.924  0.38  39.8  45  6.7288  100
298.88  201.967  1911.49  96.1309  204.146  0.38  39.8  45  6.7288  100
298.929  201.967  1885.49  94.0411  132.876  0.38  40.6  45  6.7288  100
298.978  202.096  1938.97  94.9398  166.962  0.37  40.6  45  6.7288  100
299.027  202.096  1878.97  96.405  209.611  0.39  40.6  45  6.7288  100
299.075  202.096  1987.55  89.8476  5.287  0.36  40.6  45  6.7288  100
299.124  202.224  1929.33  94.6353  155.915  0.38  40.6  45  6.7288  100
299.173  202.224  1881.84  95.382  176.508  0.39  40.6  45  6.7288  100
299.222  202.224  2005.75  89.8679  4.625  0.36  40  45  6.7288  100
299.27  202.224  1913.64  96.2621  208.732  0.38  40  45  6.7288  100
299.319  202.353  1953.53  89.9299  2.388  0.37  40  45  6.7288  100
299.368  202.353  1930.7  94.8937  164.703  0.38  40  45  6.7288  100
299.417  202.353  1898.97  96.1056  201.978  0.38  40  45  6.7288  100
299.466  202.482  1995.77  89.9752  0.864  0.36  40  45  6.7288  100
299.514  202.482  1921.12  95.1924  173.863  0.38  41  45  6.7288  100
299.563  202.482  1883.31  95.0659  166.298  0.39  41  45  6.7288  100
299.612  202.482  1990.32  89.9472  1.834  0.36  41  45  6.7288  100
299.661  202.611  1920.61  94.7861  160.249  0.38  41  45  6.7288  100
299.71  202.611  1950.58  89.9454  1.859  0.37  41  45  6.7288  100
299.758  202.611  1851.72  90.0104  0.337  0.39  41  45  6.7288  100
299.807  202.74  1910.19  94.8988  163.123  0.38  41.4  43  6.7288  100
299.856  202.74  1867.37  95.19  168.919  0.39  41.4  43  6.7288  100
299.904  202.74  1932.01  94.8374  162.924  0.38  41.4  43  6.7288  100
299.953  202.74  1902.65  94.9457  164.029  0.38  41.4  43  6.7288  100
300.002  202.868  1959  89.0564  32.262  0.37  41.4  43  6.7288  100
300.051  202.868  2019.02  89.5854  14.608  0.36  41.4  43  6.7288  100
300.099  202.868  1875.3  94.9753  162.636  0.39  41.3  34  6.7288  100
300.148  202.868  1952.49  89.1692  28.311  0.37  41.3  34  6.7288  100
300.197  202.997  1919.56  94.8885  163.58  0.38  41.3  34  6.7288  100
300.246  202.997  1953.13  89.8948  3.587  0.37  41.3  34  6.7288  100
300.294  202.997  2036.51  89.9587  1.468  0.36  41.3  34  6.7288  100
300.344  203.126  1910.19  94.8988  163.123  0.38  41.3  34  6.7288  100
300.392  203.126  1880.72  95.1541  168.953  0.39  41.6  22  6.7288  100
300.441  203.126  1931.68  95.0807  171.066  0.38  41.6  22  6.7288  100
300.49  203.126  1898.29  96.2987  208.266  0.38  41.6  22  6.7288  100
300.539  203.255  1893  95.1727  170.67  0.38  41.6  22  6.7288  100
300.587  203.255  2009.35  89.7519  8.7  0.36  41.6  22  6.7288  100
300.636  203.255  1983.57  90.0177  0.613  0.36  41.6  22  6.7288  100
300.685  203.255  1984.51  89.8634  4.73  0.36  40.5  22  6.7288  100
300.734  203.255  1921.64  94.6837  156.91  0.38  40.5  22  6.7288  100
300.783  203.384  1881.62  95.3364  174.996  0.39  40.5  22  6.7288  100
300.832  203.384  1924.29  94.885  163.867  0.38  40.5  22  6.7288  100
300.88  203.384  1904.57  94.718  156.653  0.38  40.5  22  6.7288  100
300.93  203.384  1889.81  95.1451  169.476  0.38  40.5  22  6.7288  100
300.978  203.512  1924.54  94.9316  165.446  0.38  40.5  22  6.7288  100
301.027  203.512  1879.14  94.5504  149.084  0.39  40.4  13  6.7288  100
301.076  203.512  1996.23  90.0106  0.368  0.36  40.4  13  6.7288  100
301.125  203.512  2002.42  89.8645  4.735  0.36  40.4  13  6.7288  100
301.173  203.512  1884.33  94.9655  163.098  0.39  40.4  13  6.7288  100
301.222  203.641  1975.83  89.9463  1.852  0.37  40.4  13  6.7288  100
301.271  203.641  1928.59  96.0841  204.407  0.38  40.4  13  6.7288  100
301.32  203.641  1957.56  89.8714  4.392  0.37  42.2  11  6.7288  100
301.368  203.641  1913.35  94.9048  163.592  0.38  42.2  11  6.7288  100
301.417  203.641  1918.7  95.9952  200.398  0.38  42.2  11  6.7288  100
301.466  203.641  1887.3  95.2548  172.848  0.38  42.2  11  6.7288  100
301.515  203.641  1999.03  89.5759  14.797  0.36  42.2  11  6.7288  100
301.563  203.77  1897.68  96.1602  203.637  0.38  42.2  11  6.7288  100
301.612  203.77  1986.44  89.8913  3.768  0.36  40.7  10  6.7288  100
301.661  203.77  1936.82  95.1463  173.732  0.38  40.7  10  6.7288  100
301.71  203.77  1877.99  94.9114  160.785  0.39  40.7  10  6.7288  100
301.758  203.77  1995.34  89.9595  1.41  0.36  40.7  10  6.7288  100
301.807  203.77  1930.57  96.1694  207.476  0.38  40.7  10  6.7288  100
301.857  203.77  1948.99  89.8049  6.635  0.37  40.7  10  6.7288  100
301.905  203.77  1934.62  94.7247  159.35  0.38  41.6  10  6.7288  100
301.954  203.77  1907.36  94.3667  145.225  0.38  41.6  10  6.7288  100
302.003  203.899  1875.01  94.0652  132.924  0.39  41.6  10  6.7288  100
302.052  203.899  2015.87  89.602  14.002  0.36  41.6  10  6.7288  100
302.1  203.899  1889.91  95.1664  170.183  0.38  41.6  10  6.7288  100
302.15  203.899  1978.85  89.9307  2.395  0.37  41.6  10  6.7288  100
302.198  203.899  1933.47  94.5127  152.124  0.38  41.5  10  6.7288  100
302.247  203.899  1861.8  94.9673  161.207  0.39  41.5  10  6.7288  100
302.296  203.899  1991.73  89.7878  7.377  0.36  41.5  10  6.7288  100
302.345  203.899  1922.41  96.1182  204.89  0.38  41.5  10  6.7288  100
302.393  203.899  1872.61  95.3444  174.418  0.39  41.5  10  6.7288  100
302.442  203.899  2007.31  89.8599  4.909  0.36  41.5  10  6.7288  100
302.491  203.899  1911.9  96.2239  207.277  0.38  40.7  10  6.7288  100
302.54  204.028  1820.24  90.0294  0.933  0.4  40.7  10  6.7288  100
302.589  204.028  2008.92  89.7157  9.969  0.36  40.7  10  6.7288  100
302.637  204.028  1890  96.1559  202.672  0.38  40.7  10  6.7288  100
302.686  204.028  2010.34  89.9765  0.826  0.36  40.7  10  6.7288  100
302.735  204.028  1920.9  94.5444  152.195  0.38  40.7  10  6.7288  100
302.784  204.028  1988.04  89.9948  0.182  0.36  42.3  10  6.7288  100
302.833  204.028  2007.17  89.707  10.264  0.36  42.3  10  6.7288  100
302.881  204.028  1918.59  94.7029  157.302  0.38  42.3  10  6.7288  100
302.93  204.028  1883.31  95.3731  176.355  0.39  42.3  10  6.7288  100
302.979  204.156  1928.42  94.7632  160.132  0.38  42.3  10  6.7288  100
303.028  204.156  1911.9  96.2239  207.277  0.38  42.3  10  6.7288  100
303.076  204.156  1889.35  95.0536  166.429  0.38  41.2  10  6.7288  100
303.125  204.156  1913.77  94.6854  156.324  0.38  41.2  10  6.7288  100
303.174  204.156  1884.56  95.0111  164.613  0.39  41.2  10  6.7288  100
303.223  204.156  1838.16  90.044  1.412  0.39  41.2  10  6.7288  100
303.271  204.156  1927.73  94.9343  165.811  0.38  41.2  10  6.7288  100
303.32  204.156  1880.92  94.8929  160.429  0.39  41.2  10  6.7288  100
303.369  204.156  1984.86  88.9457  36.521  0.36  40.4  11  6.7288  100
303.418  204.156  1920.36  94.7397  158.677  0.38  40.4  11  6.7288  100
303.467  204.156  1874.87  95.1903  169.606  0.39  40.4  11  6.7288  100
303.515  204.285  1939.28  94.6956  158.755  0.37  40.4  11  6.7288  100
303.564  204.285  1898.46  94.7346  156.701  0.38  40.4  11  6.7288  100
303.613  204.285  1815.89  90.0521  1.65  0.4  40.4  13  6.7288  100
303.662  204.285  1929.65  94.9966  168.065  0.38  40.4  13  6.7288  100
303.711  204.285  1903.49  96.0803  201.623  0.38  40.9  13  6.7288  100
303.759  204.285  1986.44  89.8913  3.768  0.36  40.9  13  6.7288  100
303.808  204.285  1999.33  89.8804  4.172  0.36  40.9  13  6.7288  100
303.857  204.285  1870.57  95.5435  180.7  0.39  40.9  13  6.7288  100
303.906  204.285  1992.46  88.902  38.182  0.36  40.9  14  6.7288  100
303.955  204.285  1911.22  94.7969  159.825  0.38  40.9  14  6.7288  100
304.004  204.285  1879.25  95.1631  169.118  0.39  40.4  14  6.7288  100
304.052  204.285  1944.23  94.7135  159.762  0.37  40.4  14  6.7288  100
304.101  204.285  1911.06  96.0379  201.018  0.38  40.4  14  6.7288  100
304.15  204.285  1874.5  93.9749  129.94  0.39  40.4  14  6.7288  100
304.199  204.285  1939.69  94.4733  151.283  0.37  40.4  14  6.7288  100
304.247  204.285  1885.8  94.9562  162.923  0.39  40.4  14  6.7288  100
304.297  204.285  1885.49  94.0411  132.876  0.38  40.8  14  6.7288  100
304.345  204.285  1935.23  94.84  163.282  0.38  40.8  14  6.7288  100
304.394  204.285  1954.87  89.7736  7.726  0.37  40.8  14  6.7288  100
304.443  204.285  2031.82  89.9823  0.627  0.36  40.8  14  6.7288  100
304.492  204.285  1921.77  95.978  200.145  0.38  40.8  14  6.7288  100
304.54  204.285  1871.16  95.3533  174.572  0.39  40.8  14  6.7288  100
304.589  204.285  2051.69  89.9599  1.438  0.35  40.6  14  6.7288  100
304.638  204.285  1906.93  96.1561  204.496  0.38  40.6  14  6.7288  100
304.687  204.285  2014.34  90.0323  1.135  0.36  40.6  14  6.7288  100
304.735  204.285  1930.37  94.5323  152.54  0.38  40.6  14  6.7288  100
304.784  204.285  1970.69  89.9151  2.919  0.37  40.6  14  6.7288  100
304.833  204.285  2000.26  89.8197  6.295  0.36  40.6  14  6.7288  100
304.882  204.285  1935.93  95.947  200.579  0.38  42.4  33  6.7288  100
304.931  204.285  1958.36  89.942  1.983  0.37  42.4  33  6.7288  100
304.979  204.285  1851.72  90.0104  0.337  0.39  42.4  33  6.7288  100
305.028  204.285  1904.15  94.9363  163.85  0.38  42.4  33  6.7288  100
305.077  204.285  1879.48  95.2087  170.625  0.39  42.4  33  6.7288  100
305.126  204.285  1937.41  94.9493  167.148  0.37  42.4  33  6.7288  100
305.175  204.285  1904.73  96.3583  210.94  0.38  41  34  6.7288  100
305.224  204.285  1832.06  90.0037  0.117  0.39  41  34  6.7288  100
305.273  204.285  1925.97  95.2113  174.935  0.38  41  34  6.7288  100
305.321  204.285  1982.09  90.0253  0.877  0.36  41  34  6.7288  100
305.37  204.285  1844.22  90.049  1.577  0.39  41  34  6.7288  100
305.419  204.285  1931.7  96.0669  204.161  0.38  41  34  6.7288  100
305.468  204.285  1982.66  89.9474  1.819  0.36  42.2  34  6.7288  100
305.517  204.285  2007.73  89.8961  3.642  0.36  42.2  34  6.7288  100
305.565  204.285  1907.17  94.9176  163.488  0.38  42.2  34  6.7288  100
305.614  204.285  1882.05  93.9703  130.312  0.39  42.2  34  6.7288  100
305.663  204.285  1929.89  95.0433  169.654  0.38  42.2  34  6.7288  100
305.712  204.285  1908.16  96.4347  213.849  0.38  42.2  34  6.7288  100
305.761  204.285  1969.41  89.9419  1.996  0.37  42.6  34  6.7288  100
305.81  204.285  1932.93  94.7093  158.694  0.38  42.6  34  6.7288  100
305.859  204.285  1948.72  89.918  2.789  0.37  42.6  34  6.7288  100
305.907  204.285  2022.03  89.9934  0.233  0.36  42.6  34  6.7288  100
305.956  204.285  1934.59  96.0027  202.311  0.38  42.6  34  6.7288  100
306.005  204.285  1886.27  95.3552  176.046  0.39  42.6  34  6.7288  100
306.054  204.285  2002.51  89.7314  9.388  0.36  41.4  34  6.7288  100
306.103  204.285  1924.4  94.9066  164.599  0.38  41.4  34  6.7288  100
306.151  204.285  2001.22  90.0229  0.8  0.36  41.4  34  6.7288  100
306.2  204.285  2024.44  89.479  18.408  0.36  41.4  34  6.7288  100
306.249  204.285  1896.19  94.8911  161.674  0.38  41.4  34  6.7288  100
306.298  204.285  1893.57  94.9802  164.382  0.38  41.4  34  6.7288  100
306.347  204.285  1928.58  94.4955  151.163  0.38  41.4  34  6.7288  100
306.395  204.285  1991.03  89.9794  0.717  0.36  39.7  34  6.7288  100
306.444  204.285  2023.58  89.9856  0.51  0.36  39.7  34  6.7288  100
306.493  204.285  1923.18  94.674  156.713  0.38  39.7  34  6.7288  100
306.542  204.285  1968.65  89.7377  9.013  0.37  39.7  34  6.7288  100
306.591  204.285  1927.37  94.866  163.492  0.38  39.7  34  6.7288  100
306.64  204.285  1918.04  94.898  163.765  0.38  39.7  34  6.7288  100
306.689  204.285  1994.73  90.0183  0.636  0.36  40.8  34  6.7288  100
306.737  204.285  1930.13  95.09  171.243  0.38  40.8  34  6.7288  100
306.786  204.285  1906.72  96.1098  202.939  0.38  40.8  34  6.7288  100
306.835  204.285  1827.55  89.9913  0.279  0.4  40.8  34  6.7288  100
306.884  204.285  1932.93  94.7093  158.694  0.38  40.8  34  6.7288  100
306.932  204.285  1977.19  90.0131  0.453  0.37  40.8  34  6.7288  100
306.981  204.285  1988.79  89.9551  1.56  0.36  40.7  34  6.7288  100
307.03  204.285  1941.97  95.8649  198.437  0.37  40.7  34  6.7288  100
307.079  204.285  1958.23  89.7931  7.072  0.37  40.7  34  6.7288  100
307.127  204.285  1937.41  94.9493  167.148  0.37  40.7  34  6.7288  100
307.176  204.285  1909.48  96.38  212.185  0.38  40.7  34  6.7288  100
307.225  204.285  1867.51  94.0695  132.53  0.39  40.7  34  6.7288  100
307.274  204.285  2016.13  89.4845  18.138  0.36  39.6  34  6.7288  100
307.322  204.285  1885.55  96.1808  203.011  0.39  39.6  34  6.7288  100
307.371  204.285  1839.55  90.0008  0.025  0.39  39.6  34  6.7288  100
307.42  204.285  1941.46  94.8016  162.511  0.37  39.6  34  6.7288  100
307.469  204.285  1955.4  89.9574  1.453  0.37  39.6  34  6.7288  100
307.517  204.285  2016.4  89.9287  2.511  0.36  39.6  34  6.7288  100
307.566  204.285  1917.79  94.8516  162.197  0.38  42.2  34  6.7288  100
307.615  204.285  1884.57  95.3185  174.684  0.39  42.2  34  6.7288  100
307.664  204.285  2020.56  89.7143  10.075  0.36  42.2  34  6.7288  100
307.712  204.285  1903.49  96.0803  201.623  0.38  42.2  34  6.7288  100
307.761  204.285  1870.65  94.0948  133.579  0.39  42.2  34  6.7288  100
307.81  204.285  2015  89.5293  16.554  0.36  42.2  34  6.7288  100
307.859  204.285  1883.39  94.7832  157.048  0.39  41.2  34  6.7288  100
307.907  204.285  1987.97  89.8834  4.045  0.36  41.2  34  6.7288  100
307.956  204.285  1997.65  89.7363  9.193  0.36  41.2  34  6.7288  100
308.005  204.285  1888.78  95.2458  172.687  0.38  41.2  34  6.7288  100
308.054  204.285  2010.85  89.8801  4.209  0.36  41.2  34  6.7288  100
308.103  204.414  1914.8  94.5832  153.005  0.38  41.2  34  6.7288  100
308.152  204.414  1885.23  95.4556  179.236  0.39  42  34  6.7288  100
308.2  204.543  1926.8  95.062  170.01  0.38  42  34  6.7288  100
308.249  204.543  1910.8  96.3252  210.516  0.38  42  34  6.7288  100
308.298  204.672  1944.11  88.9919  34.204  0.37  42  34  6.7288  100
308.347  204.672  2015.61  89.7193  9.873  0.36  42  34  6.7288  100
308.396  204.8  1895.97  96.1224  202.212  0.38  42  34  6.7288  100
308.444  204.8  1981.2  89.0433  33.079  0.37  41.3  34  6.7288  100
308.493  204.929  1932.82  95.9643  200.838  0.38  41.3  34  6.7288  100
308.542  204.929  1959.84  89.9342  2.25  0.37  41.3  34  6.7288  100
308.591  205.058  1913.59  94.9511  165.153  0.38  41.3  34  6.7288  100
308.64  205.058  1913.85  96.3086  210.301  0.38  41.3  34  6.7288  100
308.688  205.187  1875.09  95.2357  171.107  0.39  41.3  34  6.7288  100
308.737  205.187  1931.76  94.7907  161.333  0.38  41.3  34  6.7288  100
308.786  205.187  1897.47  96.114  202.095  0.38  40.3  34  6.7288  100
308.835  205.316  1953.4  89.7814  7.452  0.37  40.3  34  6.7288  100
308.883  205.316  2023.05  89.6418  12.647  0.36  40.3  34  6.7288  100
308.932  205.444  1885.27  96.4643  212.252  0.39  40.3  34  6.7288  100
308.981  205.444  1999.55  89.8998  3.498  0.36  40.3  34  6.7288  100
309.03  205.444  1922.43  94.5346  151.99  0.38  40.3  34  6.7288  100
309.079  205.573  1955.4  89.9574  1.453  0.37  39.4  34  6.7288  100
309.127  205.573  1999.97  89.9358  2.241  0.36  39.4  34  6.7288  100
309.176  205.573  1920.66  96.08  203.429  0.38  39.4  34  6.7288  100
309.225  205.573  1886.71  95.4467  179.086  0.39  39.4  34  6.7288  100
309.274  205.702  2045.34  89.9916  0.3  0.35  39.4  34  6.7288  100
309.323  205.702  1902.58  94.6355  153.76  0.38  39.4  34  6.7288  100
309.372  205.702  1869.9  93.9597  129.124  0.39  42  34  6.7288  100
309.42  205.831  2011.44  89.5096  17.215  0.36  42  34  6.7288  100
309.469  205.831  1873.29  95.1749  168.965  0.39  42  34  6.7288  100
309.518  205.831  1886.71  93.9857  131.141  0.38  42  34  6.7288  100
309.567  205.831  1925.46  94.804  161.252  0.38  42  34  6.7288  100
309.615  205.96  1953.4  89.7814  7.452  0.37  42  34  6.7288  100
309.664  205.96  1980.36  89.9228  2.668  0.37  41.2  34  6.7288  100
309.713  205.96  1929.49  95.9348  199.502  0.38  41.2  34  6.7288  100
309.762  205.96  1887.97  95.392  177.412  0.38  41.2  34  6.7288  100
309.81  206.088  1925.59  94.829  162.099  0.38  41.2  34  6.7288  100
309.859  206.088  1894.37  95.139  169.683  0.38  41.2  34  6.7288  100
309.908  206.088  1967.51  89.9143  2.943  0.37  41.2  34  6.7288  100
309.957  206.088  2016.57  89.5209  16.861  0.36  41.3  34  6.7288  100
310.006  206.217  1892.88  95.1481  169.851  0.38  41.3  34  6.7288  100
310.055  206.217  1907.06  94.8962  162.768  0.38  41.3  34  6.7288  100
310.103  206.217  1928.29  94.7382  159.283  0.38  41.3  34  6.7288  100
310.152  206.217  1974.82  89.9507  1.698  0.37  41.3  34  6.7288  100
310.201  206.217  1916.15  94.8396  161.658  0.38  41.3  34  6.7288  100
310.25  206.346  1914.75  96.1605  205.48  0.38  41.4  34  6.7288  100
310.299  206.346  1873.55  94.0751  133.143  0.39  41.4  34  6.7288  100
310.348  206.346  2014.56  89.4929  17.829  0.36  41.4  34  6.7288  100
310.396  206.346  1892.98  96.1392  202.443  0.38  41.4  34  6.7288  100
310.445  206.475  1989.78  90.006  0.207  0.36  41.4  34  6.7288  100
310.494  206.475  2023.31  89.5239  16.811  0.36  41.4  34  6.7288  100
310.543  206.475  1884.09  94.9199  161.585  0.39  39.1  34  6.7288  100
310.592  206.475  2010.34  89.9765  0.826  0.36  39.1  34  6.7288  100
310.64  206.475  1937.49  95.9383  200.448  0.38  39.1  34  6.7288  100
310.689  206.604  1885.23  95.4556  179.236  0.39  39.1  34  6.7288  100
310.738  206.604  1999.97  89.9358  2.241  0.36  39.1  34  6.7288  100
310.787  206.604  1916.03  94.8147  160.819  0.38  39.1  34  6.7288  100
310.836  206.604  1869.9  93.9597  129.124  0.39  39.8  34  6.7288  100
310.884  206.733  1940.28  94.8833  165.17  0.37  39.8  34  6.7288  100
310.933  206.733  1892.65  95.1023  168.322  0.38  39.8  34  6.7288  100
310.982  206.733  1890.83  95.0444  166.258  0.38  39.8  34  6.7288  100
311.03  206.733  1934.76  94.4561  150.322  0.38  39.8  34  6.7288  100
311.079  206.733  1897.47  96.114  202.095  0.38  39.8  34  6.7288  100
311.128  206.861  1986.44  89.8913  3.768  0.36  39.8  34  6.7288  100
311.177  206.861  1919.32  94.8421  162.01  0.38  41.9  34  6.7288  100
311.226  206.861  1961.2  89.7773  7.622  0.37  41.9  34  6.7288  100
311.274  206.861  2042.19  90.0074  0.263  0.35  41.9  34  6.7288  100
311.323  206.99  1917.6  96.097  203.671  0.38  41.9  34  6.7288  100
311.372  206.99  1962.28  89.7341  9.108  0.37  41.9  34  6.7288  100
311.421  206.99  1944.16  95.0053  169.623  0.37  41.9  34  6.7288  100
311.47  206.99  1885.47  95.1936  170.677  0.39  40.7  34  6.7288  100
311.519  206.99  1985.88  89.9509  1.702  0.36  40.7  34  6.7288  100
311.567  207.119  1936.57  94.493  151.706  0.37  40.7  34  6.7288  100
311.616  207.119  1879.45  94.9021  160.607  0.39  40.7  34  6.7288  100
311.665  207.119  1901.04  94.9337  163.493  0.38  40.7  34  6.7288  100
311.714  207.119  1921.64  94.6837  156.91  0.38  40.7  34  6.7288  100
311.763  207.119  1954.2  89.8518  5.054  0.37  41.5  34  6.7288  100
311.811  207.248  1935.36  94.8651  164.137  0.38  41.5  34  6.7288  100
311.86  207.248  1915.46  95.0096  167.262  0.38  41.5  34  6.7288  100
311.909  207.248  1886.84  95.1634  169.808  0.38  41.5  34  6.7288  100
311.958  207.248  2006.77  89.5346  16.301  0.36  41.5  34  6.7288  100
312.007  207.248  1894.14  95.0931  168.152  0.38  41.5  34  6.7288  100
312.056  207.377  1889.58  95.0994  167.952  0.38  42.2  34  6.7288  100
312.105  207.377  2008.06  89.6432  12.504  0.36  42.2  34  6.7288  100
312.153  207.377  1961.33  89.9265  2.518  0.37  42.2  34  6.7288  100
312.202  207.377  2002.23  89.8478  5.32  0.36  42.2  34  6.7288  100
312.251  207.505  1934.81  96.0497  203.913  0.38  42.2  34  6.7288  100
312.3  207.505  1972.6  89.9428  1.968  0.37  42.2  34  6.7288  100
312.349  207.505  2008.15  89.9322  2.375  0.36  41.2  34  6.7288  100
312.397  207.505  1904.86  95.0746  168.491  0.38  41.2  34  6.7288  100
312.446  207.505  1884.12  95.2272  171.652  0.39  41.2  34  6.7288  100
312.495  207.634  1946.55  94.8449  164.405  0.37  41.2  34  6.7288  100
312.544  207.634  1889.68  95.1206  168.659  0.38  41.2  34  6.7288  100
312.592  207.634  2002.27  89.9797  0.709  0.36  41.2  34  6.7288  100
312.641  207.634  1932.37  94.9059  165.254  0.38  41  34  6.7288  100
312.69  207.634  1887.28  94.947  162.747  0.38  41  34  6.7288  100
312.739  207.763  2025.6  90.0137  0.483  0.36  41  34  6.7288  100
312.787  207.763  1922.63  94.8696  163.208  0.38  41  34  6.7288  100
312.836  207.763  1950.86  89.8322  5.712  0.37  41  34  6.7288  100
312.885  207.763  2010.71  89.727  9.582  0.36  41  34  6.7288  100
312.934  207.892  1909.55  96.0464  201.14  0.38  41.1  34  6.7288  100
312.983  207.892  1986.79  90.0213  0.738  0.36  41.1  34  6.7288  100
313.032  207.892  2024.62  89.6335  12.949  0.36  41.1  34  6.7288  100
313.08  207.892  1899.39  96.198  205.067  0.38  41.1  34  6.7288  100
313.129  207.892  1982.99  89.8714  4.452  0.36  41.1  34  6.7288  100
313.179  208.021  1995.83  89.8604  4.863  0.36  41.1  34  6.7288  100
313.227  208.021  1976.74  89.9781  0.755  0.37  42.1  34  6.7288  100
313.276  208.021  1844.12  90.0133  0.428  0.39  42.1  34  6.7288  100
313.325  208.021  1913.22  94.88  162.755  0.38  42.1  34  6.7288  100
313.374  208.149  1873.3  94.03  131.653  0.39  42.1  34  6.7288  100
313.422  208.149  2014.83  89.9367  2.228  0.36  42.1  34  6.7288  100
313.471  208.149  1915.37  96.3003  210.192  0.38  42.1  34  6.7288  100
313.52  208.149  1992.77  89.9906  0.327  0.36  41.5  34  6.7288  100
313.569  208.149  2014.31  89.6103  13.701  0.36  41.5  34  6.7288  100
313.618  208.278  1883.54  95.1115  167.811  0.39  41.5  34  6.7288  100
313.666  208.278  1987.14  89.8118  6.528  0.36  41.5  34  6.7288  100
313.715  208.278  1936.59  96.0882  205.394  0.38  41.5  34  6.7288  100
313.764  208.278  1880  90.0271  0.89  0.38  41.5  34  6.7288  100
313.813  208.278  2015.12  89.8196  6.344  0.36  41.5  34  6.7288  100
313.861  208.407  1921.89  94.7301  158.483  0.38  42  34  6.7288  100
313.91  208.407  1879.34  95.4909  179.83  0.39  42  34  6.7288  100
313.959  208.407  1925.34  94.7824  160.518  0.38  42  34  6.7288  100
314.008  208.407  1898.7  96.3911  211.354  0.38  42  34  6.7288  100
314.057  208.407  1884.54  90.0231  0.759  0.38  42  34  6.7288  100
314.105  208.536  2007.63  89.607  13.77  0.36  42  34  6.7288  100
314.154  208.536  1888.52  94.892  161.049  0.38  41.2  34  6.7288  100
314.203  208.536  1839.65  90.0364  1.167  0.39  41.2  34  6.7288  100
314.252  208.536  1930.82  94.9154  165.441  0.38  41.2  34  6.7288  100
314.3  208.536  1997.96  90.0193  0.673  0.36  41.2  34  6.7288  100
314.349  208.665  1913.59  94.9511  165.153  0.38  41.2  34  6.7288  100
314.398  208.665  1918.28  94.9444  165.334  0.38  41.2  34  6.7288  100
314.447  208.665  1876.33  95.1812  169.444  0.39  42.1  34  6.7288  100
314.495  208.665  1854.73  89.9949  0.164  0.39  42.1  34  6.7288  100
314.544  208.665  1900.12  95.0563  167.466  0.38  42.1  34  6.7288  100
314.593  208.793  1901.97  95.1178  169.663  0.38  42.1  34  6.7288  100
314.642  208.793  2021.9  89.6865  11.062  0.36  42.1  34  6.7288  100
314.691  208.793  1881.84  95.075  166.467  0.39  42.1  34  6.7288  100
314.74  208.793  1891.14  93.9556  130.458  0.38  40.1  34  6.7288  100
314.788  208.922  1928.54  94.7849  160.868  0.38  40.1  34  6.7288  100
314.837  208.922  1955.28  89.8088  6.525  0.37  40.1  34  6.7288  100
314.886  208.922  1988.34  88.9642  35.945  0.36  40.1  34  6.7288  100
314.935  208.922  1926.83  96.0458  202.939  0.38  40.1  34  6.7288  100
314.984  208.922  1881.84  95.382  176.508  0.39  40.1  34  6.7288  100
315.032  209.051  1927.52  95.2021  174.765  0.38  41.5  34  6.7288  100
315.081  209.051  1900.6  96.4755  214.347  0.38  41.5  34  6.7288  100
315.13  209.051  1882.19  95.145  168.788  0.39  41.5  34  6.7288  100
315.179  209.051  1933.47  94.5127  152.124  0.38  41.5  34  6.7288  100
315.227  209.18  1887.44  96.2643  205.949  0.39  41.5  34  6.7288  100
315.276  209.18  1978.03  89.8594  4.855  0.37  41.5  34  6.7288  100
315.325  209.18  1920.61  94.7861  160.249  0.38  40.6  34  6.7288  100
315.374  209.18  1981.63  89.9902  0.338  0.37  40.6  34  6.7288  100
315.422  209.18  1998.42  89.9437  1.963  0.36  40.6  34  6.7288  100
315.471  209.309  1904.86  95.0746  168.491  0.38  40.6  34  6.7288  100
315.52  209.309  1889.23  95.3373  175.734  0.38  40.6  34  6.7288  100
315.569  209.309  1919.21  94.8205  161.281  0.38  40.6  34  6.7288  100
315.617  209.309  1891.39  95.1573  170.017  0.38  42.3  34  6.7288  100
315.666  209.309  1976.93  89.9029  3.352  0.37  42.3  34  6.7288  100
315.715  209.437  2022.17  89.5688  15.218  0.36  42.3  34  6.7288  100
315.764  209.437  1868.03  95.021  163.492  0.39  42.3  34  6.7288  100
315.812  209.437  2002.74  90.0152  0.531  0.36  42.3  34  6.7288  100
315.861  209.437  1922.87  94.9161  164.784  0.38  42.3  34  6.7288  100
315.91  209.437  1871.92  94.903  159.992  0.39  41.3  34  6.7288  100
315.959  209.566  1920.74  94.811  161.092  0.38  41.3  34  6.7288  100
316.008  209.566  1914.11  96.0209  200.772  0.38  41.3  34  6.7288  100
316.056  209.566  1883.31  95.3731  176.355  0.39  41.3  34  6.7288  100
316.105  209.566  1991.77  89.6528  12.071  0.36  41.3  34  6.7288  100
316.154  209.695  1902.4  96.1813  204.841  0.38  41.3  34  6.7288  100
316.203  209.695  1827.55  89.9913  0.279  0.4  41.2  34  6.7288  100
316.252  209.695  1931.66  94.4758  150.744  0.38  41.2  34  6.7288  100
316.3  209.695  1868.79  94.8762  158.854  0.39  41.2  34  6.7288  100
316.349  209.695  1974.93  88.9263  37.006  0.37  41.2  34  6.7288  100
316.398  209.824  2002.42  89.8645  4.735  0.36  41.2  34  6.7288  100
316.447  209.824  1890.03  95.1909  171  0.38  41.2  34  6.7288  100
316.496  209.824  1999.13  89.8637  4.755  0.36  41.2  34  6.7288  100
316.545  209.824  1916.07  96.1055  203.791  0.38  40.9  34  6.7288  100
316.593  209.824  1892.31  95.0352  166.085  0.38  40.9  34  6.7288  100
316.642  209.953  1926.56  95.0154  168.426  0.38  40.9  34  6.7288  100
316.691  209.953  1884.79  95.0567  166.128  0.39  40.9  34  6.7288  100
316.74  209.953  1957.88  88.8356  39.787  0.37  40.9  34  6.7288  100
316.789  209.953  2013.61  89.6912  10.853  0.36  40.9  34  6.7288  100
316.837  209.953  1876.2  95.1569  168.639  0.39  41.3  34  6.7288  100
316.886  210.081  1968.95  88.961  35.704  0.37  41.3  34  6.7288  100
316.935  210.081  1942.42  95.9593  201.666  0.37  41.3  34  6.7288  100
316.984  210.081  1956.35  89.7657  8  0.37  41.3  34  6.7288  100
317.033  210.081  1926.56  95.0154  168.426  0.38  41.3  34  6.7288  100
317.082  210.21  1910.91  95.0375  167.793  0.38  41.3  34  6.7288  100
317.13  210.21  1984.39  89.9586  1.434  0.36  41.5  34  6.7288  100
317.179  210.21  1940.78  94.9772  168.382  0.37  41.5  34  6.7288  100
317.228  210.21  1890.93  95.0657  166.965  0.38  41.5  34  6.7288  100
317.277  210.21  1833.72  90.0669  2.142  0.39  41.5  34  6.7288  100
317.325  210.339  2017.61  89.7476  8.89  0.36  41.5  34  6.7288  100
317.374  210.339  1991.49  90.0147  0.51  0.36  41.5  34  6.7288  100
317.423  210.339  2015.4  89.9888  0.394  0.36  41.2  34  6.7288  100
317.472  210.339  1919.32  94.8421  162.01  0.38  41.2  34  6.7288  100
317.52  210.339  1870.94  95.3079  173.077  0.39  41.2  34  6.7288  100
317.569  210.468  2011.56  89.7995  7.039  0.36  41.2  34  6.7288  100
317.618  210.468  1921.3  96.2201  208.17  0.38  41.2  34  6.7288  100
317.666  210.468  1876.77  95.2722  172.451  0.39  41.2  34  6.7288  100
317.715  210.468  1925.5  95.118  171.769  0.38  42  34  6.7288  100
317.764  210.597  1887.28  94.947  162.747  0.38  42  34  6.7288  100
317.813  210.597  2010.34  89.9765  0.826  0.36  42  34  6.7288  100
317.861  210.597  1918.83  94.7493  158.87  0.38  42  34  6.7288  100
317.91  210.597  1967.69  89.9307  2.379  0.37  42  34  6.7288  100
317.959  210.597  1922.51  94.848  162.477  0.38  42  34  6.7288  100
318.008  210.725  1927.79  94.645  156.116  0.38  42.7  34  6.7288  100
318.057  210.725  1882.06  95.4276  178.021  0.39  42.7  34  6.7288  100
318.106  210.725  1936.1  95.0056  168.931  0.38  42.7  34  6.7288  100
318.154  210.725  1902.61  96.2276  206.391  0.38  42.7  34  6.7288  100
318.203  210.725  1865.12  94.179  135.918  0.39  42.7  34  6.7288  100
318.252  210.854  2007.2  89.5708  15.036  0.36  42.7  34  6.7288  100
318.301  210.854  1884.86  94.7738  156.863  0.39  43.1  34  6.7288  100
318.35  210.854  1986.44  89.8913  3.768  0.36  43.1  34  6.7288  100
318.398  210.854  1930.63  94.5789  154.127  0.38  43.1  34  6.7288  100
318.447  210.854  1967.69  89.9307  2.379  0.37  43.1  34  6.7288  100
318.496  210.983  1987.55  89.8476  5.287  0.36  43.1  34  6.7288  100
318.545  210.983  1926.39  95.9521  199.761  0.38  43.1  34  6.7288  100
318.594  210.983  1874.07  95.3355  174.264  0.39  43  34  6.7288  100
318.642  210.983  1927.86  94.9593  166.66  0.38  43  34  6.7288  100
318.691  211.112  1898.09  96.2525  206.722  0.38  43  34  6.7288  100
318.74  211.112  1820.24  90.0294  0.933  0.4  43  34  6.7288  100
318.789  211.112  2015.69  89.4482  19.414  0.36  43  34  6.7288  100
318.838  211.112  1891.49  94.8734  160.688  0.38  43  34  6.7288  100
318.887  211.112  1992.14  89.8237  6.13  0.36  43  34  6.7288  100
318.935  211.241  2015.61  89.7193  9.873  0.36  42.7  34  6.7288  100
318.984  211.241  1802.71  90.0312  0.98  0.4  42.7  34  6.7288  100
319.033  211.241  2009.28  90.0198  0.696  0.36  42.7  34  6.7288  100
319.082  211.241  1926.14  96.2417  209.415  0.38  42.7  34  6.7288  100
319.131  211.241  1885.01  95.4099  177.718  0.39  42.7  34  6.7288  100
319.179  211.369  2008.15  89.9322  2.375  0.36  42.7  34  6.7288  100
319.228  211.369  1901.85  95.0931  168.835  0.38  41.9  34  6.7288  100
319.277  211.369  1869.9  93.9597  129.124  0.39  41.9  34  6.7288  100
319.326  211.369  2010.75  89.5905  14.371  0.36  41.9  34  6.7288  100
319.374  211.369  1879.92  94.9931  163.62  0.39  41.9  34  6.7288  100
319.423  211.498  1978.85  89.9307  2.395  0.37  41.9  34  6.7288  100
319.472  211.498  1917.55  94.8052  160.63  0.38  41.9  34  6.7288  100
319.521  211.498  1980.6  90.033  1.14  0.37  42.2  35  6.7288  100
319.569  211.498  1976.87  88.9534  36.11  0.37  42.2  35  6.7288  100
319.618  211.627  1912.8  96.0759  202.462  0.38  42.2  35  6.7288  100
319.667  211.627  1877.65  95.4542  178.47  0.39  42.2  35  6.7288  100
319.716  211.627  1936.91  94.8555  163.948  0.37  42.2  35  6.7288  100
319.765  211.627  1902.85  94.3961  145.854  0.38  42.2  35  6.7288  100
319.813  211.627  1882.06  95.4276  178.021  0.39  41.3  35  6.7288  100
319.862  211.756  1931.76  94.7907  161.333  0.38  41.3  35  6.7288  100
319.911  211.756  1886.81  94.8557  159.711  0.38  41.3  35  6.7288  100
319.96  211.756  1979.95  89.8871  3.9  0.37  41.3  35  6.7288  100
320.008  211.756  1935.71  95.8999  198.975  0.38  41.3  35  6.7288  100
320.058  211.756  1976.99  89.769  7.971  0.37  41.3  35  6.7288  100
320.106  211.885  1981.83  88.9631  35.864  0.37  42.8  35  6.7288  100
320.155  211.885  1914.32  96.0674  202.341  0.38  42.8  35  6.7288  100
320.204  211.885  1879.7  95.2542  172.133  0.39  42.8  35  6.7288  100
320.252  211.885  1930.95  94.9404  166.293  0.38  42.8  35  6.7288  100
320.301  211.885  1905.21  96.1182  203.057  0.38  42.8  35  6.7288  100
320.35  212.014  1818.69  90.0018  0.057  0.4  42.8  35  6.7288  100
320.399  212.014  2002  89.8284  5.995  0.36  41.6  35  6.7288  100
320.448  212.014  1888.76  94.9377  162.57  0.38  41.6  35  6.7288  100
320.497  212.014  1850.21  90.0182  0.587  0.39  41.6  35  6.7288  100
320.545  212.142  1936.15  95.9941  202.183  0.38  41.6  35  6.7288  100
320.594  212.142  1866.42  90.0254  0.827  0.39  41.6  35  6.7288  100
320.643  212.142  2021.56  89.9575  1.498  0.36  41.6  35  6.7288  100
320.692  212.142  1914.96  96.2071  207.05  0.38  41.6  35  6.7288  100
320.741  212.142  1880.59  95.4365  178.171  0.39  41.6  35  6.7288  100
320.79  212.271  2029.91  89.9375  2.214  0.36  41.6  35  6.7288  100
320.838  212.271  1897  96.3531  209.914  0.38  41.6  35  6.7288  100
320.887  212.271  1887.87  95.0628  166.6  0.38  41.6  35  6.7288  100
320.936  212.271  2004.95  89.6596  11.912  0.36  41.6  35  6.7288  100
320.985  212.4  1875.75  95.066  165.636  0.39  43.9  35  6.7288  100
321.033  212.4  1985.3  88.9816  35.287  0.36  43.9  35  6.7288  100
321.082  212.4  1930.08  94.7753  160.675  0.38  43.9  35  6.7288  100
321.131  212.4  1963.21  89.954  1.575  0.37  43.9  35  6.7288  100
321.18  212.4  2041.7  89.9711  1.028  0.35  43.9  35  6.7288  100
321.229  212.529  1917.6  96.097  203.671  0.38  43.9  35  6.7288  100
321.277  212.529  1877.79  95.1722  169.281  0.39  42  35  6.7288  100
321.326  212.529  1998.77  89.6922  10.737  0.36  42  35  6.7288  100
321.375  212.529  1894.14  95.0931  168.152  0.38  42  35  6.7288  100
321.424  212.658  1945.8  89.1323  29.465  0.37  42  35  6.7288  100
321.472  212.658  1939.7  95.0806  171.776  0.37  42  35  6.7288  100
321.521  212.658  1896.66  94.9829  164.741  0.38  42  35  6.7288  100
321.57  212.658  1988.38  89.9192  2.803  0.36  42  35  6.7288  100
321.619  212.658  1929.03  94.8782  164.039  0.38  42.6  35  6.7288  100
321.668  212.786  1868.91  95.5069  179.35  0.39  42.6  35  6.7288  100
321.716  212.786  2001.52  89.9279  2.519  0.36  42.6  35  6.7288  100
321.765  212.786  1901.62  95.047  167.292  0.38  42.6  35  6.7288  100
321.814  212.786  1874.73  95.4718  178.766  0.39  42.6  35  6.7288  100
321.863  212.915  2013  89.5013  17.522  0.36  42.6  35  6.7288  100
321.911  212.915  1890.32  96.5781  216.551  0.39  43.4  35  6.7288  100
321.96  212.915  1995.77  89.9752  0.864  0.36  43.4  35  6.7288  100
322.009  212.915  2013.18  89.6549  12.127  0.36  43.4  35  6.7288  100
322.058  212.915  1877.44  95.1024  166.971  0.39  43.4  35  6.7288  100
322.107  213.044  1975.81  88.9977  34.561  0.37  43.4  35  6.7288  100
322.155  213.044  1912.42  95.0282  167.617  0.38  43.4  35  6.7288  100
322.204  213.044  1939.95  89.9641  1.215  0.37  43.2  35  6.7288  100
322.253  213.044  1925.83  94.8755  163.679  0.38  43.2  35  6.7288  100
322.302  213.044  1922.2  96.0714  203.308  0.38  43.2  35  6.7288  100
322.35  213.173  1884.91  95.0812  166.94  0.39  43.2  35  6.7288  100
322.399  213.173  1933.47  95.1181  172.484  0.38  43.2  35  6.7288  100
322.448  213.173  1890  94.8827  160.869  0.38  43.2  35  6.7288  100
322.497  213.173  1980.36  89.9228  2.668  0.37  42.7  35  6.7288  100
322.546  213.302  2009.77  89.7882  7.431  0.36  42.7  35  6.7288  100
322.594  213.302  1965.79  89.9031  3.324  0.37  42.7  35  6.7288  100
322.643  213.302  1976.16  88.766  42.557  0.37  42.7  35  6.7288  100
322.692  213.302  1929.33  94.6353  155.915  0.38  42.7  35  6.7288  100
322.741  213.43  1957.15  89.8362  5.595  0.37  42.7  35  6.7288  100
322.79  213.43  2009.29  89.8881  3.925  0.36  41.1  35  6.7288  100
322.839  213.43  1907.35  96.2489  207.612  0.38  41.1  35  6.7288  100
322.887  213.43  1873.55  94.0751  133.143  0.39  41.1  35  6.7288  100
322.936  213.43  2008.32  89.5263  16.605  0.36  41.1  35  6.7288  100
322.985  213.559  1882.62  94.9291  161.762  0.39  41.1  35  6.7288  100
323.034  213.559  1992.31  89.9553  1.554  0.36  41.1  35  6.7288  100
323.082  213.559  2004.95  89.6596  11.912  0.36  42  35  6.7288  100
323.131  213.559  1971.78  89.8718  4.412  0.37  42  35  6.7288  100
323.18  213.688  1905.79  94.9517  164.499  0.38  42  35  6.7288  100
323.229  213.688  1925.94  94.8972  164.413  0.38  42  35  6.7288  100
323.277  213.688  1943.93  89.9061  3.186  0.37  42  35  6.7288  100
323.327  213.688  2011.99  89.8358  5.767  0.36  42  35  6.7288  100
323.376  213.817  1917.11  96.3386  211.657  0.38  41.6  35  6.7288  100
323.424  213.817  1992.31  89.9553  1.554  0.36  41.6  35  6.7288  100
323.473  213.817  1940.78  94.9772  168.382  0.37  41.6  35  6.7288  100
323.522  213.817  1886.95  95.1846  170.513  0.38  41.6  35  6.7288  100
323.571  213.817  1987.14  89.8118  6.528  0.36  41.6  35  6.7288  100
323.62  213.946  1927.24  94.841  162.643  0.38  41.6  35  6.7288  100
323.668  213.946  1991.49  90.0147  0.51  0.36  43.5  35  6.7288  100
323.717  213.946  1919.93  94.9599  165.994  0.38  43.5  35  6.7288  100
323.766  213.946  1921.51  96.2669  209.752  0.38  43.5  35  6.7288  100
323.815  213.946  1976.74  89.9781  0.755  0.37  43.5  35  6.7288  100
323.863  214.074  1920.98  94.8575  162.665  0.38  43.5  35  6.7288  100
323.912  214.074  1904.63  95.0285  166.943  0.38  43.5  35  6.7288  100
323.961  214.074  1884.54  90.0231  0.759  0.38  43.5  35  6.7288  100
324.01  214.074  2016.31  89.6384  12.725  0.36  41.6  35  6.7288  100
324.058  214.203  1885.47  95.1936  170.677  0.39  41.6  35  6.7288  100
324.107  214.203  1818.69  90.0018  0.057  0.4  41.6  35  6.7288  100
324.156  214.203  1931.38  94.719  158.891  0.38  41.6  35  6.7288  100
324.205  214.203  1799.77  90.0114  0.357  0.4  41.6  35  6.7288  100
324.254  214.332  2021.56  89.9575  1.498  0.36  41.6  35  6.7288  100
324.303  214.332  1912.74  94.7874  159.636  0.38  42.7  35  6.7288  100
324.351  214.332  1880.95  95.1996  170.463  0.39  42.7  35  6.7288  100
324.4  214.332  2008.15  89.9322  2.375  0.36  42.7  35  6.7288  100
324.449  214.332  1903.02  96.3202  209.493  0.38  42.7  35  6.7288  100
324.498  214.461  1890.7  90.0278  0.917  0.38  42.7  35  6.7288  100
324.546  214.461  1999.45  89.6119  13.542  0.36  42.7  35  6.7288  100
324.595  214.461  1882.85  94.9747  163.273  0.39  43.5  35  6.7288  100
324.644  214.461  1978.03  89.8594  4.855  0.37  43.5  35  6.7288  100
324.693  214.59  1941.51  94.5103  152.675  0.37  43.5  35  6.7288  100
324.741  214.59  1957.56  89.8714  4.392  0.37  43.5  35  6.7288  100
324.79  214.59  1841.23  90.0643  2.067  0.39  43.5  35  6.7288  100
324.839  214.59  1913.94  95.0189  167.44  0.38  43.5  35  6.7288  100
324.888  214.59  1864.77  95.5783  181.268  0.39  41.9  35  6.7288  100
324.936  214.718  1920.17  95.0064  167.566  0.38  41.9  35  6.7288  100
324.985  214.718  1918.44  96.2836  209.973  0.38  41.9  35  6.7288  100
325.034  214.718  1877.56  95.1267  167.777  0.39  41.9  35  6.7288  100
325.083  214.718  1944.64  94.4905  152.253  0.37  41.9  35  6.7288  100
325.131  214.847  1880.37  95.0841  166.636  0.39  41.9  35  6.7288  100
325.18  214.847  1976.93  89.9029  3.352  0.37  42.8  35  6.7288  100
325.229  214.847  1925.7  94.8506  162.832  0.38  42.8  35  6.7288  100
325.277  214.847  1951.26  89.8674  4.516  0.37  42.8  35  6.7288  100
325.326  214.847  1912.45  90.0266  0.887  0.38  42.8  35  6.7288  100
325.375  214.976  1919.34  96.1352  205.128  0.38  42.8  35  6.7288  100
325.424  214.976  1957.83  89.7578  8.276  0.37  42.8  35  6.7288  100
325.472  214.976  1920.98  94.8575  162.665  0.38  40.7  35  6.7288  100
325.521  214.976  1907.88  95.0561  168.144  0.38  40.7  35  6.7288  100
325.57  215.105  1876.96  90.026  0.853  0.39  40.7  35  6.7288  100
325.619  215.105  2008.22  89.7962  7.142  0.36  40.7  35  6.7288  100
325.667  215.105  1894.93  94.9463  163.385  0.38  40.7  35  6.7288  100
325.717  215.105  2013.87  89.9966  0.121  0.36  40.7  35  6.7288  100
325.765  215.105  1936.83  94.5398  153.302  0.37  43.7  35  6.7288  100
325.814  215.234  1972.88  89.8284  5.909  0.37  43.7  35  6.7288  100
325.863  215.234  1911.5  95.1549  171.746  0.38  43.7  35  6.7288  100
325.912  215.234  1926.14  96.2417  209.415  0.38  43.7  35  6.7288  100
325.96  215.234  1871.16  95.3533  174.572  0.39  43.7  35  6.7288  100
326.009  215.362  2030.26  89.9902  0.348  0.36  43.7  35  6.7288  100
326.058  215.362  1912.59  96.0294  200.895  0.38  42  35  6.7288  100
326.107  215.362  1882.31  94.0156  131.816  0.39  42  35  6.7288  100
326.156  215.362  2026.03  89.4706  18.72  0.36  42  35  6.7288  100
326.204  215.362  1875.24  96.2386  203.781  0.39  42  35  6.7288  100
326.253  215.491  1990.61  89.8317  5.848  0.36  42  35  6.7288  100
326.302  215.491  1933.18  94.756  160.286  0.38  42  35  6.7288  100
326.351  215.491  1879.12  95.4453  178.321  0.39  42  35  6.7288  100
326.399  215.491  2008.15  89.9322  2.375  0.36  42.4  35  6.7288  100
326.448  215.62  1905.21  96.1182  203.057  0.38  42.4  35  6.7288  100
326.497  215.62  1880.72  95.1541  168.953  0.39  42.4  35  6.7288  100
326.546  215.62  1926.56  95.0154  168.426  0.38  42.4  35  6.7288  100
326.595  215.62  1903.7  96.1266  203.174  0.38  42.4  35  6.7288  100
326.643  215.62  1876.46  94.0554  132.704  0.39  42.4  35  6.7288  100
326.692  215.749  1999.45  89.6119  13.542  0.36  42.2  35  6.7288  100
326.741  215.749  1874.74  95.1659  168.802  0.39  42.2  35  6.7288  100
326.79  215.749  1991.73  89.7878  7.377  0.36  42.2  35  6.7288  100
326.838  215.749  1930.33  94.822  162.263  0.38  42.2  35  6.7288  100
326.887  215.878  1804.23  90.0585  1.843  0.4  42.2  35  6.7288  100
326.936  215.878  1917.68  94.8301  161.47  0.38  42.2  35  6.7288  100
326.985  215.878  1915.22  94.9632  165.697  0.38  43.4  35  6.7288  100
327.033  215.878  1879.03  95.1176  167.611  0.39  43.4  35  6.7288  100
327.082  215.878  1921.12  95.1924  173.863  0.38  43.4  35  6.7288  100
327.131  216.006  1891.39  95.1573  170.017  0.38  43.4  35  6.7288  100
327.18  216.006  2002.27  89.9797  0.709  0.36  43.4  35  6.7288  100
327.228  216.006  2008.32  89.5263  16.605  0.36  43.4  35  6.7288  100
327.277  216.006  1881.32  96.2514  204.86  0.39  42.6  35  6.7288  100
327.326  216.135  1914.63  94.849  161.845  0.38  42.6  35  6.7288  100
327.375  216.135  1923.11  94.9626  166.361  0.38  42.6  35  6.7288  100
327.423  216.135  1968.94  89.9813  0.643  0.37  42.6  35  6.7288  100
327.472  216.135  1913.35  94.9048  163.592  0.38  42.6  35  6.7288  100
327.521  216.135  1908.92  94.9544  164.859  0.38  42.6  35  6.7288  100
327.57  216.264  1877.79  95.1722  169.281  0.39  42.3  35  6.7288  100
327.618  216.264  2014.56  89.4929  17.829  0.36  42.3  35  6.7288  100
327.667  216.264  1892.1  96.2856  207.156  0.38  42.3  35  6.7288  100
327.716  216.264  1897.25  95.0994  168.633  0.38  42.3  35  6.7288  100
327.765  216.264  2010.75  89.5905  14.371  0.36  42.3  35  6.7288  100
327.813  216.393  1881.15  94.9384  161.938  0.39  42.3  35  6.7288  100
327.862  216.393  1987.55  89.8476  5.287  0.36  41.8  35  6.7288  100
327.911  216.393  1918.7  95.9952  200.398  0.38  41.8  35  6.7288  100
327.96  216.393  1983.57  90.0177  0.613  0.36  41.8  35  6.7288  100
328.008  216.522  1922.76  94.8945  164.053  0.38  41.8  35  6.7288  100
328.057  216.522  1914.75  96.1605  205.48  0.38  41.8  35  6.7288  100
328.106  216.522  1868.82  95.181  168.758  0.39  41.8  35  6.7288  100
328.155  216.522  1928.34  95.0527  169.832  0.38  41.4  35  6.7288  100
328.204  216.522  1888.52  96.1642  202.786  0.39  41.4  35  6.7288  100
328.253  216.651  1833.53  89.996  0.128  0.39  41.4  35  6.7288  100
328.301  216.651  2007.88  89.49  17.871  0.36  41.4  35  6.7288  100
328.35  216.651  1894.46  94.8546  160.324  0.38  41.4  35  6.7288  100
328.399  216.651  1968.33  89.0407  32.955  0.37  41.4  35  6.7288  100
328.447  216.779  1919.62  94.6005  153.967  0.38  41.6  35  6.7288  100
328.496  216.779  1951.93  89.7893  7.179  0.37  41.6  35  6.7288  100
328.545  216.779  1999.42  89.7476  8.809  0.36  41.6  35  6.7288  100
328.594  216.779  1910.74  94.7045  156.713  0.38  41.6  35  6.7288  100
328.643  216.779  1817.34  90.0445  1.412  0.4  41.6  35  6.7288  100
328.691  216.908  1936.82  95.1463  173.732  0.38  41.6  35  6.7288  100
328.74  216.908  1882.15  94.8381  158.741  0.39  41.7  35  6.7288  100
328.789  216.908  1827.55  89.9913  0.279  0.4  41.7  35  6.7288  100
328.837  216.908  2014.56  89.4929  17.829  0.36  41.7  35  6.7288  100
328.886  217.037  1986.09  89.9672  1.136  0.36  41.7  35  6.7288  100
328.935  217.037  1978.44  89.895  3.625  0.37  41.7  35  6.7288  100
328.984  217.037  2011.61  89.6631  11.829  0.36  41.7  35  6.7288  100
329.033  217.037  1941.41  89.9565  1.476  0.37  41.7  35  6.7288  100
329.081  217.037  1995.63  89.8437  5.444  0.36  41.3  35  6.7288  100
329.13  217.166  1901.62  95.047  167.292  0.38  41.3  35  6.7288  100
329.179  217.166  1864.13  93.9993  130.013  0.39  41.3  35  6.7288  100
329.228  217.166  1924.05  94.8385  162.288  0.38  41.3  35  6.7288  100
329.276  217.166  1886.03  95.0019  164.44  0.39  41.3  35  6.7288  100
329.325  217.295  1981.47  89.8793  4.176  0.37  41.3  35  6.7288  100
329.374  217.295  2013.87  89.5739  14.975  0.36  42.1  35  6.7288  100
329.423  217.295  1869.37  95.2925  172.432  0.39  42.1  35  6.7288  100
329.471  217.295  1956.36  87.9672  69.397  0.37  42.1  35  6.7288  100
329.52  217.423  2011.34  89.7801  7.721  0.36  42.1  35  6.7288  100
329.569  217.423  1989.99  90.0223  0.775  0.36  42.1  35  6.7288  100
329.618  217.423  1999.55  89.8998  3.498  0.36  42.1  35  6.7288  100
329.667  217.423  1908.68  94.9082  163.306  0.38  42.4  35  6.7288  100
329.715  217.423  1875.09  95.2357  171.107  0.39  42.4  35  6.7288  100
329.764  217.552  1908.24  95.1271  170.53  0.38  42.4  35  6.7288  100
329.813  217.552  1898.62  95.0655  167.638  0.38  42.4  35  6.7288  100
329.862  217.552  1820.24  90.0294  0.933  0.4  42.4  35  6.7288  100
329.911  217.552  1944.12  94.3966  149.035  0.37  42.4  35  6.7288  100
329.959  217.552  1860.14  94.9314  159.902  0.39  43.3  35  6.7288  100
330.008  217.681  1972.37  88.9793  35.135  0.37  43.3  35  6.7288  100
330.057  217.681  1906.93  94.8715  161.937  0.38  43.3  35  6.7288  100
330.106  217.681  1868.69  95.4616  177.858  0.39  43.3  35  6.7288  100
330.155  217.681  1938.47  94.846  163.757  0.37  43.3  35  6.7288  100
330.203  217.81  1910.8  96.3252  210.516  0.38  43.3  35  6.7288  100
330.252  217.81  1871.5  95.1176  166.939  0.39  40.7  35  6.7288  100
330.301  217.81  1944.4  95.0524  171.236  0.37  40.7  35  6.7288  100
330.35  217.81  1892.5  94.7725  157.454  0.38  40.7  35  6.7288  100
330.398  217.939  1833.72  90.0669  2.142  0.39  40.7  35  6.7288  100
330.447  217.939  1920.9  94.5444  152.195  0.38  40.7  35  6.7288  100
330.496  217.939  1988.49  90.03  1.041  0.36  40.7  35  6.7288  100
330.545  217.939  1990.32  89.9472  1.834  0.36  43.1  35  6.7288  100
330.593  217.939  1920.45  96.0333  201.85  0.38  43.1  35  6.7288  100
330.642  218.067  1946.86  89.8907  3.715  0.37  43.1  35  6.7288  100
330.691  218.067  2019.84  89.7953  7.215  0.36  43.1  35  6.7288  100
330.74  218.067  1899.65  94.9643  164.387  0.38  43.1  35  6.7288  100
330.789  218.067  1883.21  95.0447  165.596  0.39  43.1  35  6.7288  100
330.837  218.196  1929.06  95.1928  174.595  0.38  41.9  35  6.7288  100
330.886  218.196  1881.38  94.9839  163.447  0.39  41.9  35  6.7288  100
330.935  218.196  1841.04  89.9931  0.222  0.39  41.9  35  6.7288  100
330.984  218.196  1911.76  94.6025  153.405  0.38  41.9  35  6.7288  100
331.032  218.196  1889.53  94.7913  157.825  0.38  41.9  35  6.7288  100
331.081  218.325  2033.38  89.9745  0.906  0.36  41.9  35  6.7288  100
331.13  218.325  1924.8  96.2969  211.115  0.38  42.1  35  6.7288  100
331.179  218.325  1875.53  95.3266  174.11  0.39  42.1  35  6.7288  100
331.228  218.325  1925.34  94.7824  160.518  0.38  42.1  35  6.7288  100
331.276  218.454  1906.51  96.0634  201.383  0.38  42.1  35  6.7288  100
331.325  218.454  1873.55  94.0751  133.143  0.39  42.1  35  6.7288  100
331.375  218.454  1995.95  89.5923  14.203  0.36  42.1  35  6.7288  100
331.423  218.454  1877.89  96.5046  212.732  0.39  42.1  35  6.7288  100
331.472  218.454  1832.06  90.0037  0.117  0.39  41.9  35  6.7288  100
331.521  218.583  1917.84  94.5638  152.601  0.38  41.9  35  6.7288  100
331.57  218.583  1961.33  89.9265  2.518  0.37  41.9  35  6.7288  100
331.618  218.583  2007.2  88.8948  38.714  0.36  41.9  35  6.7288  100
331.667  218.583  1907.4  94.9638  165.039  0.38  41.9  35  6.7288  100
331.716  218.711  1867.45  95.5156  179.495  0.39  41.9  35  6.7288  100
331.765  218.711  1930.61  95.1836  174.424  0.38  41.8  35  6.7288  100
331.813  218.711  1911.06  96.0379  201.018  0.38  41.8  35  6.7288  100
331.862  218.711  1985.33  89.935  2.253  0.36  41.8  35  6.7288  100
331.911  218.711  2021.29  89.4958  17.786  0.36  41.8  35  6.7288  100
331.96  218.84  1885.24  95.148  169.16  0.39  41.8  35  6.7288  100
332.009  218.84  2020.01  89.9654  1.221  0.36  41.8  35  6.7288  100
332.057  218.84  1931.88  94.8124  162.071  0.38  42  35  6.7288  100
332.106  218.84  1983.57  90.0177  0.613  0.36  42  35  6.7288  100
332.155  218.969  1997.17  89.8357  5.727  0.36  42  35  6.7288  100
332.204  218.969  1904.63  95.0285  166.943  0.38  42  35  6.7288  100
332.253  218.969  1877.79  95.1722  169.281  0.39  42  35  6.7288  100
332.302  218.969  2011.99  89.8358  5.767  0.36  42  35  6.7288  100
332.35  218.969  1895.95  94.8453  160.141  0.38  42.8  35  6.7288  100
332.399  219.098  1821.7  90.0218  0.692  0.4  42.8  35  6.7288  100
332.448  219.098  1931.92  95.1275  172.659  0.38  42.8  35  6.7288  100
332.497  219.098  1886.26  95.0475  165.957  0.39  42.8  35  6.7288  100
332.545  219.098  2013.87  89.9966  0.121  0.36  42.8  35  6.7288  100
332.594  219.227  1918.28  94.9444  165.334  0.38  42.8  35  6.7288  100
332.643  219.227  1807.09  90.0435  1.372  0.4  42.4  35  6.7288  100
332.692  219.227  2038.08  89.9508  1.751  0.35  42.4  35  6.7288  100
332.74  219.227  1904.39  94.9824  165.396  0.38  42.4  35  6.7288  100
332.789  219.227  1880.95  95.1996  170.463  0.39  42.4  35  6.7288  100
332.838  219.355  1933.31  94.7811  161.139  0.38  42.4  35  6.7288  100
332.887  219.355  1897.6  96.4917  214.542  0.38  42.4  35  6.7288  100
332.936  219.355  1882.42  95.1906  170.3  0.39  41.2  35  6.7288  100
332.985  219.355  2003.83  89.7039  10.355  0.36  41.2  35  6.7288  100
333.033  219.484  1871.83  95.184  169.127  0.39  41.2  35  6.7288  100
333.082  219.484  1964.72  89.1372  29.585  0.37  41.2  35  6.7288  100
333.131  219.484  1926.75  94.7478  159.478  0.38  41.2  35  6.7288  100
333.18  219.484  1949.39  89.8401  5.442  0.37  41.2  35  6.7288  100
333.229  219.613  2040.61  90.0152  0.542  0.35  40.8  35  6.7288  100
333.277  219.613  1923.67  96.399  214.395  0.38  40.8  35  6.7288  100
333.326  219.613  1880.84  94.0256  132.039  0.39  40.8  35  6.7288  100
333.375  219.613  1925.97  95.2113  174.935  0.38  40.8  35  6.7288  100
333.424  219.613  1898.62  95.0655  167.638  0.38  40.8  35  6.7288  100
333.473  219.742  1962.38  89.0748  31.687  0.37  40.8  35  6.7288  100
333.522  219.742  1930.63  94.5789  154.127  0.38  40  35  6.7288  100
333.57  219.742  1868.03  95.021  163.492  0.39  40  35  6.7288  100
333.619  219.742  1986.85  89.9271  2.527  0.36  40  35  6.7288  100
333.668  219.871  1925.5  94.5151  151.578  0.38  40  35  6.7288  100
333.717  219.871  1882.87  95.2818  173.326  0.39  40  35  6.7288  100
333.766  219.871  1920.41  95.0528  169.14  0.38  40  35  6.7288  100
333.814  219.871  1906.13  95.0192  166.767  0.38  41.2  35  6.7288  100
333.863  219.871  1873.55  94.0751  133.143  0.39  41.2  35  6.7288  100
333.912  219.999  2025.15  89.9615  1.359  0.36  41.2  35  6.7288  100
333.961  219.999  1997.96  90.0193  0.673  0.36  41.2  35  6.7288  100
334.01  219.999  1992.31  89.9553  1.554  0.36  41.2  35  6.7288  100
334.058  219.999  2016.74  89.6748  11.447  0.36  41.2  35  6.7288  100
334.107  220.128  1879.92  94.9931  163.62  0.39  41.2  35  6.7288  100
334.156  220.128  1898.74  95.0902  168.463  0.38  39.7  35  6.7288  100
334.204  220.128  1914.8  94.5832  153.005  0.38  39.7  35  6.7288  100
334.253  220.128  1974.82  89.9507  1.698  0.37  39.7  35  6.7288  100
334.302  220.128  2004.62  89.912  3.079  0.36  39.7  35  6.7288  100
334.351  220.257  1916.57  94.6198  154.367  0.38  39.7  35  6.7288  100
334.399  220.257  1812.81  89.9971  0.093  0.4  39.7  35  6.7288  100
334.448  220.257  1934.78  95.0619  170.71  0.38  40.9  35  6.7288  100
334.497  220.257  1892.88  95.1481  169.851  0.38  40.9  35  6.7288  100
334.546  220.386  1957.33  89.1793  28.035  0.37  40.9  35  6.7288  100
334.594  220.386  2022.17  89.5688  15.218  0.36  40.9  35  6.7288  100
334.643  220.386  1809.87  89.9934  0.207  0.4  40.9  35  6.7288  100
334.692  220.386  1997.17  89.8357  5.727  0.36  40.9  35  6.7288  100
334.741  220.386  1924.46  94.6178  154.937  0.38  41.3  35  6.7288  100
334.789  220.515  1861.89  95.5956  181.547  0.39  41.3  35  6.7288  100
334.838  220.515  2001.02  88.9302  37.361  0.36  41.3  35  6.7288  100
334.887  220.515  1907.22  94.6314  153.999  0.38  41.3  35  6.7288  100
334.935  220.515  1879.12  93.9903  130.763  0.39  41.3  35  6.7288  100
334.985  220.643  1927.13  94.8194  161.908  0.38  41.3  35  6.7288  100
335.034  220.643  1988.16  89.9  3.469  0.36  43.1  35  6.7288  100
335.082  220.643  2006.83  89.9564  1.527  0.36  43.1  35  6.7288  100
335.131  220.643  1927.54  94.5984  154.534  0.38  43.1  35  6.7288  100
335.18  220.643  1964.7  89.9463  1.842  0.37  43.1  35  6.7288  100
335.229  220.772  1980.5  88.8557  39.552  0.37  43.1  35  6.7288  100
335.278  220.772  1922.87  94.9161  164.784  0.38  43.1  35  6.7288  100
335.326  220.772  1864.56  95.5331  179.782  0.39  42.8  35  6.7288  100
335.375  220.772  2017.12  89.8479  5.354  0.36  42.8  35  6.7288  100
335.424  220.901  1907.71  94.7236  157.099  0.38  42.8  35  6.7288  100
335.473  220.901  1874.87  95.1903  169.606  0.39  42.8  35  6.7288  100
335.521  220.901  2010.31  89.5542  15.641  0.36  42.8  35  6.7288  100
335.57  220.901  1896.18  96.1685  203.751  0.38  42.8  35  6.7288  100
335.619  220.901  2007.76  90.0276  0.966  0.36  41.3  35  6.7288  100
335.668  221.03  1931.38  94.719  158.891  0.38  41.3  35  6.7288  100
335.717  221.03  1984.6  89.9749  0.869  0.36  41.3  35  6.7288  100
335.765  221.03  1994.93  89.9235  2.662  0.36  41.3  35  6.7288  100
335.814  221.03  1910.74  94.7045  156.713  0.38  41.3  35  6.7288  100
335.864  221.03  1950.86  89.8322  5.712  0.37  41.3  35  6.7288  100
335.912  221.159  2002.65  89.8839  4.06  0.36  41.2  35  6.7288  100
335.961  221.159  1920.39  96.3687  213.022  0.38  41.2  35  6.7288  100
336.01  221.159  1821.79  90.057  1.812  0.4  41.2  35  6.7288  100
336.059  221.159  2015.69  89.4482  19.414  0.36  41.2  35  6.7288  100
336.107  221.288  1960.92  89.8911  3.726  0.37  41.2  35  6.7288  100
336.156  221.288  2003.79  89.972  0.981  0.36  41.2  35  6.7288  100
336.205  221.288  2003.13  89.7843  7.542  0.36  41.1  35  6.7288  100
336.254  221.288  1956.75  89.8009  6.798  0.37  41.1  35  6.7288  100
336.302  221.288  1984.22  89.0261  33.726  0.36  41.1  35  6.7288  100
336.351  221.416  1924.85  95.9607  199.889  0.38  41.1  35  6.7288  100
336.4  221.416  1886.49  95.401  177.566  0.39  41.1  35  6.7288  100
336.449  221.416  1932.5  94.9309  166.108  0.38  41.1  35  6.7288  100
336.498  221.416  1908.24  96.1013  202.821  0.38  41.1  35  6.7288  100
336.547  221.545  1969.41  89.9419  1.996  0.37  40.5  35  6.7288  100
336.596  221.545  2019.27  89.4677  18.758  0.36  40.5  35  6.7288  100
336.644  221.545  1878.9  95.0933  166.804  0.39  40.5  35  6.7288  100
336.693  221.545  1974.93  88.9263  37.006  0.37  40.5  35  6.7288  100
336.742  221.674  1930.63  94.5789  154.127  0.38  40.5  35  6.7288  100
336.791  221.674  1960.12  89.8205  6.14  0.37  40.5  35  6.7288  100
336.84  221.674  2004.2  89.8759  4.342  0.36  39.8  35  6.7288  100
336.888  221.674  1907.88  95.0561  168.144  0.38  39.8  35  6.7288  100
336.937  221.674  1949.39  89.8401  5.442  0.37  39.8  35  6.7288  100
336.986  221.803  2011.69  89.9526  1.665  0.36  39.8  35  6.7288  100
337.034  221.803  1901.62  95.047  167.292  0.38  39.8  35  6.7288  100
337.083  221.803  1821.79  90.057  1.812  0.4  39.8  35  6.7288  100
337.132  221.803  2008.22  89.7962  7.142  0.36  40.4  35  6.7288  100
337.18  221.932  1888.43  95.1755  170.348  0.38  40.4  35  6.7288  100
337.229  221.932  1838.16  90.044  1.412  0.39  40.4  35  6.7288  100
337.278  221.932  2011.61  89.6631  11.829  0.36  40.4  35  6.7288  100
337.327  221.932  1871.92  94.903  159.992  0.39  40.4  35  6.7288  100
337.376  221.932  1992.98  89.8955  3.634  0.36  40.4  35  6.7288  100
337.425  222.06  1985.52  89.9516  1.678  0.36  40.3  35  6.7288  100
337.473  222.06  1866.15  95.2441  170.565  0.39  40.3  35  6.7288  100
337.522  222.06  2028.23  89.962  1.343  0.36  40.3  35  6.7288  100
337.571  222.06  1907.76  96.3418  210.729  0.38  40.3  35  6.7288  100
337.62  222.06  1991.73  90.0336  1.167  0.36  40.3  35  6.7288  100
337.668  222.189  1937.9  95.0431  170.351  0.37  40.3  35  6.7288  100
337.717  222.189  1888.99  94.9834  164.091  0.38  41  35  6.7288  100
337.766  222.189  2018.47  89.9732  0.944  0.36  41  35  6.7288  100
337.815  222.189  1935.03  96.0968  205.516  0.38  41  35  6.7288  100
337.863  222.318  1879.22  94.8567  159.102  0.39  41  35  6.7288  100
337.912  222.318  2033.86  90.0105  0.374  0.36  41  35  6.7288  100
337.961  222.318  1899.65  94.9643  164.387  0.38  41  35  6.7288  100
338.01  222.318  1955.68  89.844  5.324  0.37  40.9  35  6.7288  100
338.059  222.447  1932.01  94.8374  162.924  0.38  40.9  35  6.7288  100
338.108  222.447  1901.1  96.2359  206.502  0.38  40.9  35  6.7288  100
338.156  222.447  1814.34  90.0245  0.777  0.4  40.9  35  6.7288  100
338.205  222.447  2009.88  89.518  16.91  0.36  40.9  35  6.7288  100
338.254  222.447  1898.22  94.6888  155.166  0.38  40.9  35  6.7288  100
338.303  222.576  1984.92  89.8992  3.492  0.36  40.2  35  6.7288  100
338.352  222.576  1932.6  95.9174  199.239  0.38  40.2  35  6.7288  100
338.401  222.576  1959.84  89.9342  2.25  0.37  40.2  35  6.7288  100
338.449  222.576  1930.95  94.9404  166.293  0.38  40.2  35  6.7288  100
338.498  222.704  1902.41  94.8996  162.486  0.38  40.2  35  6.7288  100
338.547  222.704  1869.92  95.4075  176.217  0.39  40.2  35  6.7288  100
338.596  222.704  1999.45  89.6119  13.542  0.36  40.1  35  6.7288  100
338.645  222.704  1898.97  96.1056  201.978  0.38  40.1  35  6.7288  100
338.693  222.704  1991.27  89.9983  0.059  0.36  40.1  35  6.7288  100
338.742  222.833  2011.18  89.6268  13.1  0.36  40.1  35  6.7288  100
338.791  222.833  1878.9  95.0933  166.804  0.39  40.1  35  6.7288  100
338.84  222.833  1839.55  90.0008  0.025  0.39  40.1  35  6.7288  100
338.889  222.833  1927.24  94.841  162.643  0.38  40.8  35  6.7288  100
338.937  222.962  1875.07  94.9299  161.137  0.39  40.8  35  6.7288  100
338.986  222.962  2007.73  89.8961  3.642  0.36  40.8  35  6.7288  100
339.035  222.962  1914.5  94.8242  161.007  0.38  40.8  35  6.7288  100
339.084  222.962  1879.7  95.2542  172.133  0.39  40.8  35  6.7288  100
339.133  222.962  1922.66  95.1832  173.693  0.38  40.8  35  6.7288  100
339.182  223.091  1882.8  96.2432  204.752  0.39  40.8  35  6.7288  100
339.231  223.091  1897.02  95.0534  167.098  0.38  39.2  35  6.7288  100
339.279  223.091  2006.77  89.5346  16.301  0.36  39.2  35  6.7288  100
339.328  223.091  1877.89  95.1933  169.98  0.39  39.2  35  6.7288  100
339.377  223.22  2008.35  89.9486  1.801  0.36  39.2  35  6.7288  100
339.426  223.22  1926.83  96.0458  202.939  0.38  39.2  35  6.7288  100
339.474  223.22  1958.23  89.7931  7.072  0.37  39.2  35  6.7288  100
339.523  223.22  1851.72  90.0104  0.337  0.39  40.4  35  6.7288  100
339.572  223.22  1905.42  96.1645  204.612  0.38  40.4  35  6.7288  100
339.621  223.348  1896.67  95.2923  174.942  0.38  40.4  35  6.7288  100
339.669  223.348  1943.91  94.9582  168.011  0.37  40.4  35  6.7288  100
339.718  223.348  1896.19  94.8911  161.674  0.38  40.4  35  6.7288  100
339.767  223.348  2003.79  89.972  0.981  0.36  40.4  35  6.7288  100
339.816  223.477  2020.32  89.6948  10.763  0.36  41.4  35  6.7288  100
339.864  223.477  1885.57  94.9106  161.407  0.39  41.4  35  6.7288  100
339.913  223.477  1986.85  89.9271  2.527  0.36  41.4  35  6.7288  100
339.962  223.477  1937.27  95.8912  198.842  0.38  41.4  35  6.7288  100
340.011  223.477  1980.6  90.033  1.14  0.37  41.4  35  6.7288  100
340.06  223.606  1910.56  94.9698  165.513  0.38  41.4  35  6.7288  100
340.109  223.606  1914.75  96.1605  205.48  0.38  40.2  35  6.7288  100
340.157  223.606  1890.03  95.1909  171  0.38  40.2  35  6.7288  100
340.206  223.606  1925.97  95.2113  174.935  0.38  40.2  35  6.7288  100
340.255  223.735  1898.62  95.0655  167.638  0.38  40.2  35  6.7288  100
340.304  223.735  1978.03  89.8594  4.855  0.37  40.2  35  6.7288  100
340.353  223.735  2012.04  89.6994  10.557  0.36  40.2  35  6.7288  100
340.401  223.735  1885.24  95.148  169.16  0.39  40.9  35  6.7288  100
340.45  223.864  2004.2  89.8759  4.342  0.36  40.9  35  6.7288  100
340.499  223.864  1934.59  96.0027  202.311  0.38  40.9  35  6.7288  100
340.548  223.864  1956.35  89.7657  8  0.37  40.9  35  6.7288  100
340.596  223.864  2037.47  90.0309  1.1  0.36  40.9  35  6.7288  100
340.645  223.864  1913.91  94.4197  147.49  0.38  40.9  35  6.7288  100
340.694  223.992  1883.77  94.0057  131.592  0.38  41.2  35  6.7288  100
340.743  223.992  1932.99  95.0245  169.294  0.38  41.2  35  6.7288  100
340.791  223.992  1905  96.0719  201.503  0.38  41.2  35  6.7288  100
340.84  223.992  1870.4  94.0498  132.093  0.39  41.2  35  6.7288  100
340.889  223.992  1997.06  89.5481  15.753  0.36  41.2  35  6.7288  100
340.938  224.121  1865.14  95.0392  163.829  0.39  41.2  35  6.7288  100
340.986  224.121  1994.79  89.7718  7.946  0.36  40.1  35  6.7288  100
341.035  224.121  1934.23  94.6529  156.902  0.38  40.1  35  6.7288  100
341.084  224.121  1869.04  95.2262  170.249  0.39  40.1  35  6.7288  100
341.133  224.25  1921.22  94.904  164.238  0.38  40.1  35  6.7288  100
341.181  224.25  1911.41  96.4648  215.211  0.38  40.1  35  6.7288  100
341.23  224.25  1876.71  94.1006  134.199  0.39  40.1  35  6.7288  100
341.279  224.25  2020.85  89.4593  19.069  0.36  38.6  35  6.7288  100
341.328  224.25  1989.53  89.9871  0.449  0.36  38.6  35  6.7288  100
341.377  224.379  1968.95  88.961  35.704  0.37  38.6  35  6.7288  100
341.425  224.379  2002.7  89.7482  8.803  0.36  38.6  35  6.7288  100
341.474  224.379  1883.39  94.7832  157.048  0.39  38.6  35  6.7288  100
341.523  224.379  1994.51  89.8876  3.913  0.36  38.6  35  6.7288  100
341.572  224.508  1913.7  94.9726  165.878  0.38  38.6  35  6.7288  100
341.62  224.508  1984.6  89.9749  0.869  0.36  39.7  35  6.7288  100
341.669  224.508  2028.7  89.998  0.07  0.36  39.7  35  6.7288  100
341.718  224.508  1907.88  95.0561  168.144  0.38  39.7  35  6.7288  100
341.767  224.508  1886.97  94.0312  132.652  0.38  39.7  35  6.7288  100
341.816  224.636  1939.7  95.0806  171.776  0.37  39.7  35  6.7288  100
341.865  224.636  1884.47  96.2808  206.164  0.39  39.7  35  6.7288  100
341.913  224.636  1994.93  89.9235  2.662  0.36  40.7  35  6.7288  100
341.962  224.636  1925.75  94.5616  153.156  0.38  40.7  35  6.7288  100
342.011  224.765  1872.15  94.9483  161.486  0.39  40.7  35  6.7288  100
342.06  224.765  2030.26  89.9902  0.348  0.36  40.7  35  6.7288  100
342.109  224.765  1911.22  94.7969  159.825  0.38  40.7  35  6.7288  100
342.157  224.765  1864.92  95.2983  172.207  0.39  40.7  35  6.7288  100
342.206  224.765  1944.64  95.0995  172.849  0.37  41.1  35  6.7288  100
342.255  224.894  1901.35  94.4058  146.062  0.38  41.1  35  6.7288  100
342.304  224.894  1824.62  90.0065  0.208  0.4  41.1  35  6.7288  100
342.352  224.894  2001.85  89.6759  11.322  0.36  41.1  35  6.7288  100
342.401  224.894  1880.6  95.1297  168.144  0.39  41.1  35  6.7288  100
342.451  225.023  1972.81  89.0149  33.916  0.37  41.1  35  6.7288  100
342.499  225.023  1941.07  96.0152  203.409  0.37  40.9  35  6.7288  100
342.548  225.023  1969.06  89.7732  7.795  0.37  40.9  35  6.7288  100
342.597  225.023  1853.22  90.0027  0.087  0.39  40.9  35  6.7288  100
342.646  225.152  1925.29  96.0543  203.062  0.38  40.9  35  6.7288  100
342.694  225.152  1956.35  89.7657  8  0.37  40.9  35  6.7288  100
342.743  225.152  1941.35  94.7798  161.766  0.37  40.9  35  6.7288  100
342.792  225.152  1903.42  96.4128  212.596  0.38  40.4  35  6.7288  100
342.841  225.152  1871.5  95.1176  166.939  0.39  40.4  35  6.7288  100
342.889  225.28  2009.62  89.635  12.802  0.36  40.4  35  6.7288  100
342.938  225.28  1878.22  94.9569  162.288  0.39  40.4  35  6.7288  100
342.986  225.28  2020.96  90.037  1.306  0.36  40.4  35  6.7288  100
343.036  225.28  1936.83  94.5398  153.302  0.37  40.4  35  6.7288  100
343.084  225.409  1876.06  94.8299  157.96  0.39  40.1  35  6.7288  100
343.133  225.409  1914.31  95.0901  169.841  0.38  40.1  35  6.7288  100
343.182  225.409  1922.13  96.4072  214.499  0.38  40.1  35  6.7288  100
343.231  225.409  1880.59  95.4365  178.171  0.39  40.1  35  6.7288  100
343.279  225.409  1931.51  94.744  159.743  0.38  40.1  35  6.7288  100
343.328  225.538  1895.86  95.1298  169.515  0.38  40.1  35  6.7288  100
343.377  225.538  1982.29  89.9507  1.707  0.36  40.4  35  6.7288  100
343.426  225.538  2019.61  89.7758  7.902  0.36  40.4  35  6.7288  100
343.475  225.538  1884.56  95.0111  164.613  0.39  40.4  35  6.7288  100
343.523  225.538  1975.83  89.9463  1.852  0.37  40.4  35  6.7288  100
343.572  225.667  1919.56  94.8885  163.58  0.38  40.4  35  6.7288  100
343.621  225.667  1982.66  89.9474  1.819  0.36  40.4  35  6.7288  100
343.67  225.667  1850.21  90.0182  0.587  0.39  40.8  35  6.7288  100
343.718  225.667  1918.23  96.2369  208.397  0.38  40.8  35  6.7288  100
343.767  225.796  1883.09  95.3274  174.84  0.39  40.8  35  6.7288  100
343.816  225.796  2014.83  89.9367  2.228  0.36  40.8  35  6.7288  100
343.865  225.796  1894.14  95.0931  168.152  0.38  40.8  35  6.7288  100
343.914  225.796  1972.41  89.9264  2.535  0.37  40.8  35  6.7288  100
343.963  225.924  2014.74  89.6466  12.426  0.36  40.4  35  6.7288  100
344.012  225.924  1874.74  95.1659  168.802  0.39  40.4  35  6.7288  100
344.06  225.924  1998.79  89.9597  1.405  0.36  40.4  35  6.7288  100
344.109  225.924  1920.11  94.6933  157.107  0.38  40.4  35  6.7288  100
344.158  225.924  1973.34  89.9584  1.433  0.37  40.4  35  6.7288  100
344.207  226.053  2034.94  89.9666  1.187  0.36  40.4  35  6.7288  100
344.256  226.053  1908.66  96.1941  205.94  0.38  40.4  35  6.7288  100
344.304  226.053  1890.26  95.2367  172.525  0.38  40.1  35  6.7288  100
344.353  226.053  2012.31  89.5822  14.673  0.36  40.1  35  6.7288  100
344.402  226.182  1895.63  95.0839  167.981  0.38  40.1  35  6.7288  100
344.451  226.182  1821.79  90.057  1.812  0.4  40.1  35  6.7288  100
344.499  226.182  2009.62  89.635  12.802  0.36  40.1  35  6.7288  100
344.548  226.182  1870.93  95.0028  163.152  0.39  40.1  35  6.7288  100
344.597  226.182  1971.93  88.9437  36.353  0.37  40  35  6.7288  100
344.646  226.311  1924.16  94.8601  163.02  0.38  40  35  6.7288  100
344.694  226.311  1815.74  89.9981  0.059  0.4  40  35  6.7288  100
344.743  226.311  1922.76  94.8945  164.053  0.38  40  35  6.7288  100
344.792  226.311  1910.98  94.7507  158.268  0.38  40  35  6.7288  100
344.841  226.44  1878.8  95.0722  166.105  0.39  40  35  6.7288  100
344.889  226.44  1948.38  94.8825  165.83  0.37  41.6  35  6.7288  100
344.938  226.44  1904.39  94.9824  165.396  0.38  41.6  35  6.7288  100
344.987  226.44  1888.44  94.0212  132.428  0.38  41.6  35  6.7288  100
345.036  226.44  2008.92  89.7157  9.969  0.36  41.6  35  6.7288  100
345.085  226.569  1880.14  95.0386  165.128  0.39  41.6  35  6.7288  100
345.133  226.569  2011.87  89.9687  1.1  0.36  41.6  35  6.7288  100
345.182  226.569  1916.32  94.5735  152.803  0.38  41.1  35  6.7288  100
345.231  226.569  1869.27  95.2715  171.74  0.39  41.1  35  6.7288  100
345.28  226.697  1929.16  94.9032  164.89  0.38  41.1  35  6.7288  100
345.328  226.697  1911.28  96.0844  202.582  0.38  41.1  35  6.7288  100
345.377  226.697  1891.97  95.2735  173.891  0.38  41.1  35  6.7288  100
345.427  226.697  1935.61  94.9119  165.735  0.38  41.1  35  6.7288  100
345.475  226.697  1896.66  94.9829  164.741  0.38  41.6  35  6.7288  100
345.524  226.826  1824.62  90.0065  0.208  0.4  41.6  35  6.7288  100
345.573  226.826  2004.68  89.7762  7.83  0.36  41.6  35  6.7288  100
345.622  226.826  1875.98  95.1115  167.137  0.39  41.6  35  6.7288  100
345.67  226.826  1976.24  89.0334  33.338  0.37  41.6  35  6.7288  100
345.72  226.955  1932.68  94.6626  157.102  0.38  41.6  35  6.7288  100
345.769  226.955  1978.22  89.9705  1.02  0.37  39.3  35  6.7288  100
345.817  226.955  2005.33  89.8317  5.889  0.36  39.3  35  6.7288  100
345.866  226.955  1905.21  96.1182  203.057  0.38  39.3  35  6.7288  100
345.915  226.955  1880.72  95.1541  168.953  0.39  39.3  35  6.7288  100
345.964  227.084  2017.61  89.7476  8.89  0.36  39.3  35  6.7288  100
346.013  227.084  1883.99  95.2027  170.84  0.39  39.3  35  6.7288  100
346.061  227.084  1826.08  89.9989  0.035  0.4  41  35  6.7288  100
346.11  227.084  1926.5  94.7012  157.896  0.38  41  35  6.7288  100
346.159  227.213  1935.47  89.1744  27.886  0.37  41  35  6.7288  100
346.208  227.213  1992.14  89.8237  6.13  0.36  41  35  6.7288  100
346.256  227.213  1935.47  94.8868  164.879  0.38  41  35  6.7288  100
346.305  227.213  1874.95  95.5173  180.268  0.39  41  35  6.7288  100
346.354  227.341  2009.71  89.9243  2.656  0.36  39.5  35  6.7288  100
346.403  227.341  1906.37  95.0654  168.318  0.38  39.5  35  6.7288  100
346.452  227.341  1872.1  94.085  133.361  0.39  39.5  35  6.7288  100
346.5  227.341  1935.85  94.9588  167.333  0.38  39.5  35  6.7288  100
346.549  227.341  1883.62  94.8287  158.559  0.39  39.5  35  6.7288  100
346.598  227.47  1970.25  89.0677  32.058  0.37  39.5  35  6.7288  100
346.647  227.47  2005.81  89.7319  9.384  0.36  39.5  35  6.7288  100
346.696  227.47  1989.99  90.0223  0.775  0.36  40.1  35  6.7288  100
346.745  227.47  1908.57  94.8868  162.585  0.38  40.1  35  6.7288  100
346.793  227.599  1911.71  94.8894  162.939  0.38  40.1  35  6.7288  100
346.842  227.599  1888.55  95.2  171.164  0.38  40.1  35  6.7288  100
346.892  227.599  1994.93  89.9235  2.662  0.36  40.1  35  6.7288  100
346.94  227.599  1915.64  96.0123  200.648  0.38  40.1  35  6.7288  100
346.989  227.599  1974.04  90.0121  0.417  0.37  39.9  35  6.7288  100
347.038  227.728  2007.88  89.49  17.871  0.36  39.9  35  6.7288  100
347.087  227.728  1873.06  95.1296  167.468  0.39  39.9  35  6.7288  100
347.135  227.728  1974.93  88.9263  37.006  0.37  39.9  35  6.7288  100
347.184  227.728  2014.74  89.6466  12.426  0.36  39.9  35  6.7288  100
347.233  227.857  1948.32  89.8829  3.981  0.37  39.9  35  6.7288  100
347.282  227.857  1907.29  94.9423  164.319  0.38  41.3  35  6.7288  100
347.33  227.857  1925.22  96.3907  214.29  0.38  41.3  35  6.7288  100
347.379  227.857  1874.29  95.3809  175.764  0.39  41.3  35  6.7288  100
347.428  227.857  2004.2  89.8759  4.342  0.36  41.3  35  6.7288  100
347.477  227.985  1908.03  96.0549  201.262  0.38  41.3  35  6.7288  100
347.526  227.985  1876.46  94.0554  132.704  0.39  41.3  35  6.7288  100
347.574  227.985  2012.04  89.6994  10.557  0.36  41.1  35  6.7288  100
347.623  227.985  1883.54  95.1115  167.811  0.39  41.1  35  6.7288  100
347.672  228.114  1984.51  89.8634  4.73  0.36  41.1  35  6.7288  100
347.721  228.114  1923.67  94.767  159.865  0.38  41.1  35  6.7288  100
347.769  228.114  1865.81  95.1747  168.283  0.39  41.1  35  6.7288  100
347.818  228.114  1998.72  89.8277  6.011  0.36  41.1  35  6.7288  100
347.867  228.114  1909.22  94.7141  156.906  0.38  40.4  35  6.7288  100
347.916  228.243  1880.59  95.4365  178.171  0.39  40.4  35  6.7288  100
347.965  228.243  1936.67  94.8087  162.349  0.37  40.4  35  6.7288  100
348.013  228.243  1904.52  96.3119  209.386  0.38  40.4  35  6.7288  100
348.062  228.243  1997.74  90.0029  0.1  0.36  40.4  35  6.7088  100
348.111  228.372  1935.26  95.1556  173.906  0.38  40.4  35  6.7088  100
348.16  228.372  1890.21  96.2019  204.202  0.38  40.2  35  6.7088  100
348.209  228.372  2009.28  90.0198  0.696  0.36  40.2  35  6.7088  100
348.257  228.372  1925.5  96.1011  204.65  0.38  40.2  35  6.7088  100
348.306  228.372  1962.41  89.8833  3.996  0.37  40.2  35  6.7088  100
348.355  228.501  1988.34  88.9642  35.945  0.36  40.2  35  6.7088  100
348.404  228.501  1923.53  96.0161  201.601  0.38  40.2  35  6.7088  100
348.453  228.501  1877.44  95.4086  176.964  0.39  40.2  35  6.7088  100
348.501  228.501  1920.65  95.0994  170.713  0.38  40.2  35  6.7088  100
348.55  228.629  1897.36  95.1207  169.346  0.38  40.2  35  6.7088  100
348.599  228.629  1898.04  94.9523  163.851  0.38  40.2  35  6.7088  100
348.648  228.629  2018.58  89.549  15.889  0.36  40.2  35  6.6888  100
348.697  228.629  1887.51  94.9926  164.266  0.38  40.2  35  6.6888  100
348.746  228.629  2025.12  89.9777  0.787  0.36  41.3  35  6.6888  100
348.794  228.758  2000.04  89.8004  6.969  0.36  41.3  35  6.6888  100
348.843  228.758  1888.19  95.4378  178.935  0.38  41.3  35  6.6888  100
348.892  228.758  1920.17  95.0064  167.566  0.38  41.3  35  6.6888  100
348.941  228.758  1921.92  96.3604  212.916  0.38  41.3  35  6.6888  100
348.989  228.887  1821.79  90.057  1.812  0.4  41.3  35  6.6888  100
349.038  228.887  2003.4  89.6678  11.616  0.36  40.4  35  6.6888  100
349.087  228.887  1906.93  96.1561  204.496  0.38  40.4  35  6.6888  100
349.136  228.887  1880.84  94.0256  132.039  0.39  40.4  35  6.6888  100
349.185  228.887  2008.92  89.7157  9.969  0.36  40.4  35  6.6888  100
349.233  229.016  1878.45  95.0023  163.793  0.39  40.4  35  6.6888  100
349.282  229.016  1988.38  89.9192  2.803  0.36  40.4  35  6.6888  100
349.331  229.016  1911.76  94.6025  153.405  0.38  40.4  35  6.6888  100
349.379  229.016  1949.79  89.8752  4.248  0.37  40  35  6.6888  100
349.428  229.016  1936.17  94.715  159.153  0.37  40  35  6.6888  100
349.477  229.145  1913.46  94.9263  164.316  0.38  40  35  6.6888  100
349.526  229.145  1876.46  94.0554  132.704  0.39  40  35  6.6688  100
349.575  229.145  1925.73  95.1647  173.352  0.38  40  35  6.6688  100
349.624  229.145  1891.39  95.1573  170.017  0.38  40  35  6.6688  100
349.672  229.273  1875.26  94.1104  134.417  0.39  39.6  35  6.6688  100
349.721  229.273  1933.98  94.6061  155.308  0.38  39.6  35  6.6688  100
349.77  229.273  1874.07  95.0298  164.306  0.39  39.6  35  6.6688  100
349.819  229.273  1978.18  89.0605  32.434  0.37  39.6  35  6.6688  100
349.867  229.402  1922.38  94.8231  161.632  0.38  39.6  35  6.6688  100
349.916  229.402  1986.55  90.0024  0.084  0.36  39.6  35  6.6688  100
349.965  229.402  2004.62  89.912  3.079  0.36  40.8  35  6.6688  100
350.014  229.402  1901.35  94.4058  146.062  0.38  40.8  35  6.6688  100
350.062  229.402  1865.12  94.179  135.918  0.39  40.8  35  6.6688  100
350.111  229.531  1930.46  94.847  163.114  0.38  40.8  35  6.6688  100
350.16  229.531  1896.89  95.0288  166.275  0.38  40.8  35  6.6288  100
350.209  229.531  1996.23  90.0106  0.368  0.36  40.8  35  6.6288  100
350.258  229.531  2016.57  89.5209  16.861  0.36  40.8  35  6.6288  100
350.306  229.66  1881.15  94.9384  161.938  0.39  40.8  35  6.6288  100
350.355  229.66  1832.06  90.0037  0.117  0.39  40.8  35  6.6288  100
350.404  229.66  1922.87  94.9161  164.784  0.38  40.8  35  6.6288  100
350.453  229.66  1874.95  95.5173  180.268  0.39  40.8  35  6.6288  100
350.501  229.66  1925.83  94.8755  163.679  0.38  40.8  35  6.6288  100
350.55  229.789  1925.07  96.0075  201.476  0.38  40.7  35  6.6288  100
350.599  229.789  1887.63  95.0171  165.08  0.38  40.7  35  6.6288  100
350.648  229.789  1932.15  95.1743  174.252  0.38  40.7  35  6.6288  100
350.696  229.789  1893.67  95.0014  165.092  0.38  40.7  35  6.6288  100
350.745  229.917  1890.71  95.3283  175.577  0.38  40.7  35  6.6288  100
350.794  229.917  1993.17  89.9122  3.055  0.36  40.7  35  6.6288  100
350.843  229.917  1873.29  95.1749  168.965  0.39  40  35  6.6288  100
350.892  229.917  2014.93  89.9531  1.651  0.36  40  35  6.6288  100
350.94  229.917  1937.49  95.9383  200.448  0.38  40  35  6.6288  100
350.989  230.046  1959.71  89.7852  7.347  0.37  40  35  6.6288  100
351.038  230.046  1928.91  94.8565  163.303  0.38  40  35  6.6288  100
351.087  230.046  1909.97  96.1393  204.263  0.38  40  35  6.6288  100
351.136  230.046  1879.93  95.2998  173.642  0.39  40.1  35  6.6288  100
351.185  230.046  1927.52  95.2021  174.765  0.38  40.1  35  6.6288  100
351.233  230.175  1896.79  96.307  208.373  0.38  40.1  35  6.6288  100
351.282  230.175  2010.34  89.9765  0.826  0.36  40.1  35  6.6288  100
351.331  230.175  2002.12  89.5594  15.396  0.36  40.1  35  6.6288  100
351.38  230.175  1878.68  95.0478  165.298  0.39  40.1  35  6.6288  100
351.429  230.304  2004.2  89.8759  4.342  0.36  39.1  35  6.6288  100
351.478  230.304  1918.02  96.1903  206.821  0.38  39.1  35  6.6288  100
351.527  230.304  1961.73  89.9618  1.309  0.37  39.1  35  6.6288  100
351.575  230.304  2000.96  89.7395  9.098  0.36  39.1  35  6.6288  100
351.624  230.433  1904.52  96.3119  209.386  0.38  39.1  35  6.6288  100
351.673  230.433  1878.17  94.0907  133.981  0.39  39.1  35  6.6288  100
351.722  230.433  2023.31  89.5239  16.811  0.36  39.1  35  6.6288  100
351.77  230.433  1891.25  94.8276  159.164  0.38  42.1  35  6.6288  100
351.819  230.433  2008.35  89.9486  1.801  0.36  42.1  35  6.6288  100
351.868  230.561  1933.47  94.5127  152.124  0.38  42.1  35  6.6288  100
351.916  230.561  1989.07  89.9518  1.673  0.36  42.1  35  6.6288  100
351.966  230.561  1986.85  89.9271  2.527  0.36  42.1  35  6.6288  100
352.014  230.561  1918.91  96.0418  201.974  0.38  42.1  35  6.6288  100
352.063  230.69  1880.81  95.4821  179.682  0.39  41.8  35  6.6288  100
352.112  230.69  1924.05  94.8385  162.288  0.38  41.8  35  6.6288  100
352.161  230.69  1905.33  96.4974  215.605  0.38  41.8  35  6.6288  100
352.209  230.69  1861.76  94.1087  133.394  0.39  41.8  35  6.5288  100
352.258  230.69  1933.47  95.1181  172.484  0.38  41.8  35  6.5288  100
352.307  230.819  1881.38  94.9839  163.447  0.39  41.8  35  6.5288  100
352.356  230.819  1897.34  93.961  131.063  0.38  41.9  35  6.5288  100
352.405  230.819  2003.55  89.8204  6.281  0.36  41.9  35  6.5288  100
352.453  230.819  1985.06  90.0101  0.349  0.36  41.9  35  6.5288  100
352.502  230.948  2014.34  90.0323  1.135  0.36  41.9  35  6.5288  100
352.551  230.948  1997.37  89.8524  5.145  0.36  41.9  35  6.5288  100
352.6  230.948  1866.37  95.2893  172.052  0.39  41.9  35  6.5288  100
352.649  230.948  1920.74  94.811  161.092  0.38  41.2  35  6.5288  100
352.698  230.948  1909.68  96.4265  213.748  0.38  41.2  35  6.5288  100
352.747  231.077  1877.34  95.0813  166.273  0.39  41.2  35  6.5288  100
352.795  231.077  2009.44  89.4817  18.178  0.36  41.2  35  6.5288  100
352.844  231.077  1876.53  94.9207  160.961  0.39  41.2  35  6.4388  100
352.894  231.077  1979.95  89.8871  3.9  0.37  41.2  35  6.4388  100
352.942  231.206  1930.57  96.1694  207.476  0.38  39.6  35  6.4388  100
352.991  231.206  1873.91  90.0224  0.734  0.39  39.6  35  6.4388  100
353.04  231.206  1905.79  94.9517  164.499  0.38  39.6  35  6.4388  100
353.088  231.206  1932.82  95.9643  200.838  0.38  39.6  35  6.4388  100
353.137  231.206  1881.4  95.2908  173.484  0.39  39.6  35  6.4388  100
353.186  231.334  2038.08  89.9508  1.751  0.35  39.6  35  6.4388  100
353.235  231.334  1913.01  96.1224  204.028  0.38  40.3  35  6.4388  100
353.283  231.334  2003.79  89.972  0.981  0.36  40.3  35  6.4388  100
353.332  231.334  1934.78  95.0619  170.71  0.38  40.3  35  6.4388  100
353.381  231.463  1874.74  95.1659  168.802  0.39  40.3  35  6.4388  100
353.43  231.463  1987.97  89.8834  4.045  0.36  40.3  35  6.4388  100
353.479  231.463  1935.71  95.8999  198.975  0.38  40.3  35  6.4388  100
353.527  231.463  1873.91  90.0224  0.734  0.39  40.1  35  6.4388  100
353.576  231.463  1915.35  94.988  166.536  0.38  40.1  35  6.4388  100
353.625  231.592  1920.23  95.9866  200.272  0.38  40.1  35  6.4388  100
353.673  231.592  1878.68  95.3542  175.305  0.39  40.1  35  6.4388  100
353.722  231.592  2015.98  89.8923  3.789  0.36  40.1  35  6.4388  100
353.771  231.592  1895.86  95.1298  169.515  0.38  40.1  35  6.4388  100
353.82  231.721  1802.67  90.015  0.472  0.4  38.7  35  6.4388  100
353.869  231.721  2012.31  89.5822  14.673  0.36  38.7  35  6.4388  100
353.917  231.721  1883.39  94.7832  157.048  0.39  38.7  35  6.4388  100
353.966  231.721  1986.44  89.8913  3.768  0.36  38.7  35  6.4388  100
354.015  231.721  1923.31  95.9693  200.017  0.38  38.7  35  6.4388  100
354.064  231.85  1978.22  89.9705  1.02  0.37  38.7  35  6.4388  100
354.112  231.85  1999.84  89.7836  7.552  0.36  42.6  35  6.4388  100
354.161  231.85  1907.88  95.0561  168.144  0.38  42.6  35  6.4388  100
354.21  231.85  1888.32  95.1543  169.642  0.38  42.6  35  6.4388  100
354.259  231.978  1926.08  94.9221  165.261  0.38  42.6  35  6.4388  100
354.307  231.978  1903.36  95.0839  168.663  0.38  42.6  35  6.4388  100
354.356  231.978  1875.75  95.372  175.612  0.39  42.6  35  6.4388  100
354.405  231.978  1931.38  94.719  158.891  0.38  42.6  35  6.4388  100
354.454  231.978  1875.98  95.1115  167.137  0.39  40.6  35  6.4388  100
354.502  232.107  1988.52  88.8476  39.993  0.36  40.6  35  6.4388  100
354.551  232.107  1926.25  94.6547  156.316  0.38  40.6  35  6.4388  100
354.6  232.107  1989.07  89.9518  1.673  0.36  40.6  35  6.4388  100
354.649  232.107  2006.59  89.9402  2.094  0.36  40.6  35  6.4388  100
354.698  232.236  1909.55  96.0464  201.14  0.38  40.6  35  6.4388  100
354.747  232.236  1882.64  95.2362  171.813  0.39  39.5  35  6.4388  100
354.795  232.236  1917.92  94.8764  163.038  0.38  39.5  35  6.4388  100
354.844  232.236  1901.3  96.2822  208.05  0.38  39.5  35  6.4388  100
354.893  232.236  1886.97  94.0312  132.652  0.38  39.5  35  6.4388  100
354.942  232.365  2018.14  89.5126  17.168  0.36  39.5  35  6.4388  100
354.991  232.365  1870.93  95.0028  163.152  0.39  39.5  35  6.4388  100
355.039  232.365  1982.99  89.8714  4.452  0.36  40.8  35  6.4388  100
355.088  232.365  1922.63  94.8696  163.208  0.38  40.8  35  6.4388  100
355.137  232.494  1860.81  95.0664  164.33  0.39  40.8  35  6.4388  100
355.186  232.494  2008.15  89.9322  2.375  0.36  40.8  35  6.4388  100
355.235  232.494  1904.86  95.0746  168.491  0.38  40.8  35  6.4388  100
355.283  232.494  1865.82  94.0344  131.269  0.39  40.8  35  6.4388  100
355.332  232.494  1919.69  94.9134  164.422  0.38  41.5  35  6.4388  100
355.381  232.622  1898.15  94.9736  164.564  0.38  41.5  35  6.4388  100
355.43  232.622  1829.2  90.0543  1.735  0.4  41.5  35  6.4388  100
355.478  232.622  1936.03  94.6899  158.297  0.37  41.5  35  6.4388  100
355.528  232.622  1891.49  94.8734  160.688  0.38  41.5  35  6.4388  100
355.576  232.751  1992.98  89.8955  3.634  0.36  41.5  35  6.4388  100
355.625  232.751  1918.04  94.898  163.765  0.38  39.7  35  6.4388  100
355.674  232.751  1867.45  95.5156  179.495  0.39  39.7  35  6.4388  100
355.723  232.751  2046.93  89.9837  0.584  0.35  39.7  35  6.4388  100
355.771  232.88  1909.89  96.473  215.311  0.38  39.7  35  6.4388  100
355.82  232.88  1879.25  95.1631  169.118  0.39  39.7  35  6.4388  100
355.869  232.88  1993.98  89.5645  15.155  0.36  39.7  35  6.4388  100
355.918  232.88  1891.7  96.1935  204.09  0.38  41  35  6.4388  100
355.966  232.88  1975.83  89.9463  1.852  0.37  41  35  6.4388  100
356.015  233.009  2016.04  89.7557  8.596  0.36  41  35  6.4388  100
356.064  233.009  1873.91  90.0224  0.734  0.39  41  35  6.4388  100
356.113  233.009  1987.14  89.8118  6.528  0.36  41  35  6.4388  100
356.161  233.009  1936.53  94.7836  161.492  0.37  41  35  6.4388  100
356.21  233.138  1878.99  94.8112  157.597  0.39  39.7  35  6.4388  100
356.259  233.138  1920.17  95.0064  167.566  0.38  39.7  35  6.4388  100
356.308  233.138  1911  96.3717  212.081  0.38  39.7  35  6.4388  100
356.356  233.138  1876.33  95.1812  169.444  0.39  39.7  35  6.4388  100
356.405  233.266  1995.52  89.5563  15.454  0.36  39.7  35  6.4388  100
356.454  233.266  1887.28  94.947  162.747  0.38  39.7  35  6.4388  100
356.503  233.266  1966.21  89.1287  29.898  0.37  39.6  35  6.4388  100
356.551  233.266  2009.62  89.635  12.802  0.36  39.6  35  6.4388  100
356.6  233.266  1877.52  94.8206  157.779  0.39  39.6  35  6.4388  100
356.649  233.395  2030.74  90.0262  0.928  0.36  39.6  35  6.4388  100
356.698  233.395  1909.47  94.7602  158.459  0.38  39.6  35  6.4388  100
356.747  233.395  1941.41  89.9565  1.476  0.37  39.6  35  6.4388  100
356.795  233.395  2002.65  89.8839  4.06  0.36  39.6  35  6.4388  100
356.844  233.524  1913.64  96.2621  208.732  0.38  41.2  35  6.4388  100
356.893  233.524  1874.5  93.9749  129.94  0.39  41.2  35  6.4388  100
356.942  233.524  1920.65  95.0994  170.713  0.38  41.2  35  6.4388  100
356.99  233.524  1894.68  96.1769  203.865  0.38  41.2  35  6.4388  100
357.04  233.524  1948.72  89.1156  30.08  0.37  41.2  35  6.4388  100
357.088  233.653  1918.59  94.7029  157.302  0.38  41.2  35  6.4388  100
357.137  233.653  1865.36  95.0844  165.313  0.39  40.4  35  6.4388  99.6
357.186  233.653  1989.08  89.8396  5.567  0.36  40.4  35  6.4388  99.6
357.235  233.653  1919.81  94.935  165.152  0.38  40.4  35  6.4388  99.6
357.283  233.782  1982.66  89.9474  1.819  0.36  40.4  35  6.4388  99.6
357.332  233.782  1923.8  94.792  160.71  0.38  40.4  35  6.4388  99.6
357.381  233.782  1897.4  96.4455  212.999  0.38  40.4  35  6.4388  99.5
357.43  233.782  1876.71  94.1006  134.199  0.39  40.2  35  6.4388  99.5
357.479  233.782  1946.55  94.8449  164.405  0.37  40.2  35  6.4388  99.5
357.527  233.91  1879.65  96.2139  203.455  0.39  40.2  35  6.4388  99.5
357.576  233.91  1824.62  90.0065  0.208  0.4  40.2  35  6.4388  99.5
357.625  233.91  1929.03  94.8782  164.039  0.38  40.2  35  6.4388  99.5
357.674  233.91  1958.64  89.8284  5.868  0.37  40.2  35  6.4388  99.5
357.723  234.039  1963.16  88.0004  68.499  0.37  40.2  35  6.4388  99.4
357.771  234.039  1922.2  96.0714  203.308  0.38  40.2  35  6.4388  99.4
357.82  234.039  1874.73  95.4718  178.766  0.39  40.2  35  6.4388  99.4
357.869  234.039  1845.62  90.0056  0.18  0.39  40.2  35  6.4388  99.4
357.918  234.168  1910.67  94.9913  166.236  0.38  40.2  35  6.4388  99.3
357.967  234.168  1989.78  90.006  0.207  0.36  40.2  35  6.4388  99.2
358.015  234.168  1939.46  95.0337  170.17  0.37  39.7  35  6.4388  99.1
358.064  234.168  1883.62  94.8287  158.559  0.39  39.7  35  6.4388  99.1
358.113  234.168  1827.55  89.9913  0.279  0.4  39.7  35  6.4388  99.1
358.162  234.297  2013.33  89.8083  6.738  0.36  39.7  35  6.4388  99.1
358.21  234.297  1871.69  94.8577  158.498  0.39  39.7  35  6.4388  99.1
358.26  234.297  1908  95.0809  168.976  0.38  39.7  35  6.4388  99
358.308  234.297  1931.91  96.1139  205.759  0.38  40.8  35  6.4388  98.55
358.357  234.426  1957.96  89.9067  3.188  0.37  40.8  35  6.4388  98.55
358.406  234.426  2001.94  89.964  1.26  0.36  40.8  35  6.4388  98.55
358.455  234.426  1898.97  96.1056  201.978  0.38  40.8  35  6.4388  98.55
358.503  234.426  1884.91  95.0812  166.94  0.39  40.8  35  6.4388  98.55
358.552  234.426  2030.09  89.527  16.76  0.36  40.8  35  6.4388  98.55
358.601  234.554  1879.68  94.9476  162.113  0.39  40  35  6.4388  98.55
358.65  234.554  1997.74  90.0029  0.1  0.36  40  35  6.4388  98.55
358.698  234.554  1922.93  94.6275  155.138  0.38  40  35  6.4388  98.55
358.747  234.554  1955  89.9222  2.654  0.37  40  35  6.4388  98.55
358.796  234.683  1989.5  89.8755  4.323  0.36  40  35  6.4388  98.55
358.845  234.683  1914.5  94.8242  161.007  0.38  40  35  6.4388  98.55
358.894  234.683  1957.15  89.8362  5.595  0.37  40.4  35  6.4388  98.35
358.942  234.683  1940.78  94.9772  168.382  0.37  40.4  35  6.4388  98.35
358.991  234.683  1900.35  95.1023  169.006  0.38  40.4  35  6.4388  98.35
359.04  234.812  1870.72  95.2626  171.583  0.39  40.4  35  6.4388  98.35
359.089  234.812  2034.42  89.465  18.997  0.36  40.4  35  6.4388  98.25
359.138  234.812  1880.14  95.0386  165.128  0.39  40.4  35  6.4388  98.15
359.187  234.812  1968.76  89.0762  31.741  0.37  40.4  35  6.4388  98.15
359.235  234.941  1937.27  95.8912  198.842  0.38  40.4  35  6.4388  98.15
359.284  234.941  1984.6  89.9749  0.869  0.36  40.4  35  6.4388  98.15
359.333  234.941  2007.73  89.8961  3.642  0.36  40.4  35  6.4388  98.15
359.382  234.941  1916.75  94.9538  165.516  0.38  40.4  35  6.4388  98.15
359.431  235.07  1869.7  95.3621  174.724  0.39  40.4  35  6.4388  98.05
359.479  235.07  1928.91  94.8565  163.303  0.38  40.4  35  6.4388  98.05
359.528  235.07  1885.96  96.2726  206.057  0.39  40.2  35  6.4388  97.75
359.577  235.07  1885.37  95.1725  169.973  0.39  40.2  35  6.4388  97.75
359.626  235.07  2015  89.5293  16.554  0.36  40.2  35  6.4388  97.75
359.674  235.198  1999.46  90.0116  0.405  0.36  40.2  35  6.4388  97.75
359.723  235.198  2006.24  90.0353  1.235  0.36  40.2  35  6.4388  97.75
359.772  235.198  1922.63  96.1649  206.473  0.38  40.2  35  6.4388  97.75
359.821  235.198  1799.86  90.0462  1.45  0.4  40.5  35  6.4388  97.65
359.869  235.327  1913.59  94.9511  165.153  0.38  40.5  35  6.4388  97.65
359.918  235.327  1907.61  94.4127  146.772  0.38  40.5  35  6.4388  97.65
359.967  235.327  1870.65  94.0948  133.579  0.39  40.5  35  6.4388  97.65
360.016  235.327  1997.91  89.6201  13.246  0.36  40.5  35  6.4388  97.65
360.064  235.327  1905.33  96.4974  215.605  0.38  40.5  35  6.4388  97.55
360.113  235.456  1883.89  95.1815  170.137  0.39  39.8  35  6.4388  97.45
360.162  235.456  2019.45  89.6219  13.327  0.36  39.8  35  6.4388  97.45
360.211  235.456  1883.08  95.0203  164.785  0.39  39.8  35  6.4388  97.45
360.259  235.456  1981.06  89.8436  5.409  0.37  39.8  35  6.4388  97.45
360.308  235.585  1918.52  94.9908  166.904  0.38  39.8  35  6.4388  97.45
360.357  235.585  1959.71  89.7852  7.347  0.37  39.8  35  6.4388  97.45
360.406  235.585  1931.43  95.0339  169.474  0.38  39.1  35  6.4388  97.45
360.455  235.585  1911  96.3717  212.081  0.38  39.1  35  6.4388  97.45
360.503  235.585  1877.65  95.4542  178.47  0.39  39.1  35  6.4388  97.45
360.552  235.714  1853.22  90.0027  0.087  0.39  39.1  35  6.4388  97.45
360.601  235.714  1894.89  96.223  205.402  0.38  39.1  35  6.4388  97.45
360.65  235.714  1866.07  94.0793  132.747  0.39  39.1  35  6.4388  97.45
360.698  235.714  2015.17  89.683  11.15  0.36  40.1  35  6.4388  97.45
360.747  235.843  1882.59  96.1974  203.234  0.39  40.1  35  6.4388  97.45
360.796  235.843  1976.52  89.8672  4.58  0.37  40.1  35  6.4388  97.45
360.845  235.843  1908.98  94.6679  155.353  0.38  40.1  35  6.4388  97.45
360.893  235.843  1979.69  89.9628  1.285  0.37  40.1  35  6.4388  97.45
360.942  235.843  2039.04  90.0231  0.822  0.35  40.1  35  6.4388  97.45
360.991  235.971  1922.2  96.0714  203.308  0.38  42.1  35  6.4388  97.45
361.04  235.971  1876.33  95.1812  169.444  0.39  42.1  35  6.4388  97.45
361.088  235.971  1929.4  94.9499  166.477  0.38  42.1  35  6.4388  97.45
361.137  235.971  1903.12  95.0378  167.118  0.38  42.1  35  6.4388  97.45
361.186  235.971  1875.01  94.0652  132.924  0.39  42.1  35  6.4388  97.45
361.235  236.1  1920.85  94.8326  161.821  0.38  42.1  35  6.4388  97.45
361.283  236.1  1872.15  94.9483  161.486  0.39  39.2  35  6.4388  97.45
361.332  236.1  1990.61  89.8317  5.848  0.36  39.2  35  6.4388  97.45
361.381  236.1  1916.03  94.8147  160.819  0.38  39.2  35  6.4388  97.45
361.43  236.229  1866.13  94.9398  160.69  0.39  39.2  35  6.4388  97.45
361.478  236.229  1999.97  89.9358  2.241  0.36  39.2  35  6.4388  97.45
361.528  236.229  1911.06  96.0379  201.018  0.38  39.2  35  6.4388  97.45
361.577  236.229  1955.68  89.844  5.324  0.37  40.7  35  6.4388  97.45
361.625  236.358  1927.86  94.9593  166.66  0.38  40.7  35  6.4388  97.45
361.674  236.358  1885.02  95.1023  167.643  0.39  40.7  35  6.4388  97.45
361.723  236.358  1895.18  95.3013  175.102  0.38  40.7  35  6.4388  97.45
361.772  236.358  2017.44  89.5937  14.305  0.36  40.7  35  6.4388  97.45
361.821  236.358  1876.98  95.0115  163.965  0.39  40.7  35  6.4388  97.45
361.869  236.487  1977.75  89.0248  33.66  0.37  40.7  35  6.4388  97.45
361.918  236.487  1936.83  94.5398  153.302  0.37  40.8  35  6.4388  97.45
361.967  236.487  1959.71  89.7852  7.347  0.37  40.8  35  6.4388  97.45
362.016  236.487  1930.21  94.8003  161.526  0.38  40.8  35  6.4388  97.45
362.064  236.615  1904.08  94.6259  153.564  0.38  40.8  35  6.4388  97.45
362.113  236.615  1880.72  95.1541  168.953  0.39  40.8  35  6.4388  97.45
362.162  236.615  2008.06  89.6432  12.504  0.36  40.8  35  6.4388  97.45
362.211  236.615  1897.8  96.5379  216.085  0.38  41.3  35  6.4388  97.45
362.259  236.615  1904.28  94.961  164.678  0.38  41.3  35  6.4388  97.45
362.308  236.744  2009.77  89.7882  7.431  0.36  41.3  35  6.4388  97.45
362.357  236.744  1870.93  95.0028  163.152  0.39  41.3  35  6.4388  97.45
362.406  236.744  1980.77  89.9585  1.435  0.37  41.3  35  6.4388  97.45
362.454  236.744  1908.44  94.862  161.753  0.38  41.3  35  6.4388  97.45
362.503  236.873  1882.28  95.4733  179.534  0.39  40.8  35  6.4388  97.35
362.552  236.873  2010.43  89.8438  5.48  0.36  40.8  35  6.4388  97.35
362.601  236.873  1917.38  96.0503  202.097  0.38  40.8  35  6.4388  97.35
362.649  236.873  1888.55  95.2  171.164  0.38  40.8  35  6.4388  97.35
362.698  236.873  2008.92  89.7157  9.969  0.36  40.8  35  6.4388  97.25
362.747  237.002  1894.37  95.139  169.683  0.38  40.8  35  6.4388  97.25
362.796  237.002  1994.93  89.9235  2.662  0.36  40.1  35  6.4388  97.25
362.845  237.002  1925.75  94.5616  153.156  0.38  40.1  35  6.4388  97.25
362.894  237.002  1888.05  94.8007  158.01  0.38  40.1  35  6.4388  97.25
362.942  237.131  2002.51  89.7314  9.388  0.36  40.1  35  6.4388  97.25
362.991  237.131  1922.14  94.7766  160.058  0.38  40.1  35  6.4388  97.25
363.04  237.131  1967.97  89.8165  6.301  0.37  40.1  35  6.4388  97.25
363.089  237.131  1939.79  94.7894  161.961  0.37  39.9  35  6.4388  97.25
363.138  237.131  1911.49  96.1309  204.146  0.38  39.9  35  6.4388  97.25
363.186  237.259  1879.63  94.0808  133.761  0.39  39.9  35  6.4388  97.25
363.235  237.259  1936.58  95.0994  172.131  0.38  39.9  35  6.4388  97.25
363.284  237.259  1886.26  95.0475  165.957  0.39  39.9  35  6.4388  97.25
363.333  237.259  1976.52  89.8672  4.58  0.37  39.9  35  6.4388  97.25
363.381  237.388  2002.7  89.7482  8.803  0.36  38.7  35  6.4388  97.25
363.43  237.388  1882.85  94.9747  163.273  0.39  38.7  35  6.4388  97.25
363.479  237.388  2022.51  90.0292  1.032  0.36  38.7  35  6.4388  97.25
363.528  237.388  1920.05  94.9814  166.724  0.38  38.7  35  6.4388  97.25
363.576  237.388  1877.87  95.4997  179.977  0.39  38.7  35  6.4388  97.25
363.625  237.517  2005.75  89.8679  4.625  0.36  38.7  35  6.4388  97.25
363.674  237.517  1916.03  94.8147  160.819  0.38  41  35  6.4388  97.25
363.723  237.517  1892.88  93.9912  131.749  0.38  41  35  6.4388  97.25
363.772  237.517  2012.74  89.6185  13.4  0.36  41  35  6.4388  97.25
363.82  237.646  1889.29  94.7456  156.304  0.38  41  35  6.4388  97.25
363.869  237.646  1821.7  90.0218  0.692  0.4  41  35  6.4388  97.25
363.919  237.646  2011.34  89.7801  7.721  0.36  41  35  6.4388  97.25
363.967  237.646  1877.76  94.866  159.282  0.39  40.3  35  6.4388  97.25
364.016  237.775  1983.78  88.9902  34.96  0.36  40.3  35  6.4388  97.25
364.065  237.775  1915.22  94.9632  165.697  0.38  40.3  35  6.4388  97.25
364.114  237.775  1881.96  95.0994  167.277  0.39  40.3  35  6.4388  97.25
364.162  237.775  2001.94  89.964  1.26  0.36  40.3  35  6.4388  97.25
364.211  237.775  1895.97  96.1224  202.212  0.38  40.3  35  6.4388  97.25
364.26  237.903  1894.49  95.1636  170.504  0.38  40.3  35  6.4388  97.25
364.309  237.903  2004.78  89.5067  17.261  0.36  41.5  35  6.4388  97.15
364.358  237.903  1881.32  96.2514  204.86  0.39  41.5  35  6.4388  97.15
364.407  237.903  1978.03  89.8594  4.855  0.37  41.5  35  6.4388  97.15
364.455  237.903  1931.92  94.5225  152.332  0.38  41.5  35  6.4388  97.15
364.504  238.032  1877.52  94.8206  157.779  0.39  41.5  35  6.4388  97.15
364.553  238.032  2022.03  89.9934  0.233  0.36  41.5  35  6.4388  97.15
364.602  238.032  1917.6  96.097  203.671  0.38  40.6  35  6.4388  97.15
364.651  238.032  1865.36  95.3887  175.178  0.39  40.6  35  6.4388  97.15
364.7  238.032  1944.48  94.7605  161.373  0.37  40.6  35  6.4388  97.15
364.748  238.161  1893.91  95.0473  166.622  0.38  40.6  35  6.4388  97.15
364.797  238.161  1875.26  94.1104  134.417  0.39  40.6  35  6.4388  97.15
364.846  238.161  2032.13  89.5553  15.774  0.36  40.6  35  6.4388  97.15
364.895  238.161  1885.1  94.8194  158.377  0.39  39.9  35  6.4388  97.15
364.943  238.29  1980.36  89.9228  2.668  0.37  39.9  35  6.4388  97.15
364.992  238.29  1934.48  94.6996  158.495  0.38  39.9  35  6.4388  97.15
365.041  238.29  1873.38  94.8938  159.815  0.39  39.9  35  6.4388  97.15
365.09  238.29  1924.54  94.9316  165.446  0.38  39.9  35  6.4388  97.15
365.138  238.419  1920.45  96.0333  201.85  0.38  39.9  35  6.4388  97.15
365.187  238.419  1881.74  95.0539  165.766  0.39  40.4  35  6.4388  97.15
365.236  238.419  1934.86  94.7715  160.945  0.38  40.4  35  6.4388  97.15
365.285  238.419  1815.74  89.9981  0.059  0.4  40.4  35  6.4388  97.15
365.333  238.419  1978.44  89.895  3.625  0.37  40.4  35  6.4388  97.15
365.382  238.547  1942.83  95.0618  171.417  0.37  40.4  35  6.4388  97.15
365.431  238.547  1869.7  95.0571  164.813  0.39  40.4  35  6.4388  97.15
365.48  238.547  1984.92  89.8992  3.492  0.36  40.9  35  6.4388  97.15
365.528  238.547  1997.79  89.8884  3.891  0.36  40.9  35  6.4388  97.15
365.577  238.676  1941.41  89.9565  1.476  0.37  40.9  35  6.4388  97.15
365.626  238.676  1985.03  88.8293  40.556  0.36  40.9  35  6.4388  97.15
365.675  238.676  1924.65  94.9532  166.179  0.38  40.9  35  6.4388  97.15
365.723  238.676  1810.02  90.0472  1.491  0.4  40.9  35  6.4388  97.15
365.772  238.805  1996.88  89.9516  1.686  0.36  39.4  35  6.4388  97.15
365.821  238.805  1901.71  96.3747  211.148  0.38  39.4  35  6.4388  97.15
365.87  238.805  1886.84  95.1634  169.808  0.38  39.4  35  6.4388  97.15
365.918  238.805  2015  89.5293  16.554  0.36  39.4  35  6.4388  97.15
365.967  238.805  1873.61  94.9391  161.311  0.39  39.4  35  6.4388  97.15
366.016  238.934  2013.4  89.9609  1.375  0.36  39.4  35  6.4388  97.05
366.065  238.934  1917.31  94.7588  159.063  0.38  40.4  35  6.4388  97.05
366.113  238.934  1961.73  89.9618  1.309  0.37  40.4  35  6.4388  97.05
366.162  238.934  1923.24  94.9876  167.207  0.38  40.4  35  6.4388  97.05
366.211  238.934  1914.5  94.8242  161.007  0.38  40.4  35  6.4388  97.05
366.26  239.063  1981.88  90.009  0.313  0.37  40.4  35  6.4388  97.05
366.308  239.063  2014.83  89.9367  2.228  0.36  40.4  35  6.4388  97.05
366.357  239.063  1898.7  96.3911  211.354  0.38  40  35  6.4388  97.05
366.406  239.063  2000.3  89.952  1.677  0.36  40  35  6.4388  97.05
366.455  239.191  1998.34  89.6562  11.992  0.36  40  35  6.4388  97.05
366.503  239.191  1898.29  96.2987  208.266  0.38  40  35  6.4388  97.05
366.552  239.191  1971.06  88.8724  38.787  0.37  40  35  6.4388  97.05
366.601  239.191  1927.94  95.9434  199.632  0.38  40  35  6.4388  97.05
366.65  239.191  1864.68  94.949  160.863  0.39  41.1  35  6.4388  97.05
366.699  239.32  1999.97  89.9358  2.241  0.36  41.1  35  6.4388  97.05
366.747  239.32  1906.93  94.8715  161.937  0.38  41.1  35  6.4388  97.05
366.796  239.32  1878.24  95.2632  172.292  0.39  41.1  35  6.4388  97.05
366.845  239.32  1940.53  94.9303  166.775  0.37  41.1  35  6.4388  97.05
366.894  239.449  1885.02  95.1023  167.643  0.39  41.1  35  6.4388  97.05
366.942  239.449  2000.76  89.9874  0.439  0.36  41.1  35  6.4388  97.05
366.991  239.449  1997.49  89.5841  14.5  0.36  40.9  35  6.4388  97.05
367.04  239.449  1889.22  95.0291  165.613  0.38  40.9  35  6.4388  97.05
367.089  239.578  1989.08  89.8396  5.567  0.36  40.9  35  6.4388  97.05
367.137  239.578  1918.7  95.9952  200.398  0.38  40.9  35  6.4388  97.05
367.186  239.578  1953.8  89.8166  6.253  0.37  40.9  35  6.4388  97.05
367.235  239.578  2008.15  89.9322  2.375  0.36  40.9  35  6.4388  97.05
367.284  239.578  1924.17  96.1565  206.355  0.38  39.9  35  6.4388  97.05
367.332  239.707  1857.71  94.1828  135.499  0.39  39.9  35  6.4388  97.05
367.381  239.707  2024.15  89.7344  9.383  0.36  39.9  35  6.4388  97.05
367.43  239.707  1898.97  96.1056  201.978  0.38  39.9  35  6.4388  97.05
367.479  239.707  1897.02  95.0534  167.098  0.38  39.9  35  6.4388  97.05
367.527  239.835  2010.75  89.5905  14.371  0.36  39.9  35  6.4388  97.05
367.576  239.835  1986.09  89.9672  1.136  0.36  40.6  35  6.4388  97.05
367.625  239.835  1981.06  89.8436  5.409  0.37  40.6  35  6.4388  97.05
367.674  239.835  1916.27  94.8611  162.384  0.38  40.6  35  6.4388  97.05
367.722  239.835  1982.09  90.0253  0.877  0.36  40.6  35  6.4388  97.05
367.771  239.964  1999.66  88.8217  41.121  0.36  40.6  35  6.4388  97.05
367.821  239.964  1919.76  96.2285  208.284  0.38  40.6  35  6.4388  97.05
367.869  239.964  1877.34  95.0813  166.273  0.39  40.9  35  6.4388  97.05
367.918  239.964  1940.28  94.8833  165.17  0.37  40.9  35  6.4388  97.05
367.967  240.093  1896.59  96.2608  206.832  0.38  40.9  35  6.4388  97.05
368.016  240.093  1889.92  94.0112  132.202  0.38  40.9  35  6.4388  97.05
368.064  240.093  1926.25  94.6547  156.316  0.38  40.9  35  6.4388  97.05
368.113  240.093  1870.93  95.0028  163.152  0.39  40.9  35  6.4388  97.05
368.162  240.093  1987.14  89.8118  6.528  0.36  41  35  6.4388  97.05
368.211  240.222  1931.7  96.0669  204.161  0.38  41  35  6.4388  97.05
368.259  240.222  1872.83  95.3898  175.916  0.39  41  35  6.4388  97.05
368.308  240.222  1930.7  94.8937  164.703  0.38  41  35  6.4388  97.05
368.357  240.222  1914.05  96.3552  211.87  0.38  41  35  6.4388  97.05
368.406  240.351  1990.81  89.963  1.285  0.36  41  35  6.4388  97.05
368.454  240.351  1928.42  94.7632  160.132  0.38  39.6  35  6.4388  97.05
368.503  240.351  1897.36  95.1207  169.346  0.38  39.6  35  6.4388  97.05
368.552  240.351  1981.06  89.8436  5.409  0.37  39.6  35  6.4388  97.05
368.601  240.351  2012.74  89.6185  13.4  0.36  39.6  35  6.4388  97.05
368.649  240.479  1875.3  94.9753  162.636  0.39  39.6  35  6.4388  97.05
368.698  240.479  1974.74  89.042  33.017  0.37  39.6  35  6.4388  97.05
368.747  240.479  1918.23  96.2369  208.397  0.38  40.8  35  6.4388  97.05
368.796  240.479  1945  89.8634  4.639  0.37  40.8  35  6.4388  97.05
368.845  240.479  2001.83  88.7315  44.318  0.36  40.8  35  6.4388  97.05
368.893  240.608  1902.89  94.9917  165.573  0.38  40.8  35  6.4388  97.05
368.942  240.608  1814.34  90.0245  0.777  0.4  40.8  35  6.4388  97.05
368.992  240.608  2009.88  89.518  16.91  0.36  40.8  35  6.4388  97.05
369.04  240.608  1957.56  89.8714  4.392  0.37  40.8  35  6.4388  96.85
369.089  240.737  1964.72  89.1372  29.585  0.37  40.8  35  6.4388  96.85
369.138  240.737  2012.74  89.6185  13.4  0.36  40.8  35  6.4388  96.85
369.187  240.737  1875.3  94.9753  162.636  0.39  40.8  35  6.4388  96.85
369.235  240.737  1836.58  90.0162  0.518  0.39  40.8  35  6.4388  96.85
369.284  240.866  1912.25  94.6949  156.519  0.38  40.8  35  6.4388  96.85
369.333  240.866  1951.66  89.9025  3.32  0.37  40.8  35  6.4388  96.85
369.382  240.866  2013.26  89.9446  1.946  0.36  40.5  35  6.4388  96.85
369.431  240.866  1908.45  96.1477  204.38  0.38  40.5  35  6.4388  96.85
369.479  240.866  1889.81  95.1451  169.476  0.38  40.5  35  6.4388  96.85
369.528  240.995  1945.48  94.9487  167.825  0.37  40.5  35  6.4388  96.85
369.577  240.995  1865.14  95.0392  163.829  0.39  40.5  35  6.4388  96.85
369.626  240.995  2014.93  89.9531  1.651  0.36  40.5  35  6.4388  96.85
369.675  240.995  1986.22  89.8721  4.433  0.36  40.1  35  6.4388  96.85
369.723  241.124  1814.29  90.0057  0.182  0.4  40.1  35  6.4388  96.85
369.772  241.124  1985.74  89.0174  34.052  0.36  40.1  35  6.4388  96.85
369.821  241.124  1924.96  94.7109  158.093  0.38  40.1  35  6.4388  96.85
369.87  241.124  1882.64  95.2362  171.813  0.39  40.1  35  6.4388  96.85
369.919  241.124  1854.73  89.9949  0.164  0.39  40.1  35  6.4388  96.85
369.968  241.252  1897.12  95.0747  167.81  0.38  40.3  35  6.4388  96.85
370.017  241.252  1872.1  94.085  133.361  0.39  40.3  35  6.4388  96.85
370.065  241.252  2011.18  89.6268  13.1  0.36  40.3  35  6.4388  96.85
370.114  241.252  1982.09  90.0253  0.877  0.36  40.3  35  6.4388  96.85
370.163  241.381  2010.81  90.0121  0.425  0.36  40.3  35  6.4388  96.85
370.212  241.381  1923.42  94.7205  158.289  0.38  40.3  35  6.4388  96.85
370.26  241.381  1956.88  89.9497  1.718  0.37  41.2  35  6.4388  96.85
370.309  241.381  1915.83  95.0808  169.667  0.38  41.2  35  6.4388  96.85
370.358  241.381  1907.71  94.7236  157.099  0.38  41.2  35  6.4388  96.85
370.407  241.51  1862  94.1536  134.866  0.39  41.2  35  6.4388  96.85
370.455  241.51  1932.01  94.8374  162.924  0.38  41.2  35  6.4388  96.85
370.505  241.51  1904.32  96.2656  207.832  0.38  41.2  35  6.4388  96.75
370.553  241.51  1877.65  95.4542  178.47  0.39  41.4  35  6.4388  96.65
370.602  241.639  2007.88  89.49  17.871  0.36  41.4  35  6.4388  96.65
370.651  241.639  1892.73  94.8182  158.98  0.38  41.4  35  6.4388  96.65
370.7  241.639  1997.17  89.8357  5.727  0.36  41.4  35  6.4388  96.65
370.748  241.639  2014.47  89.7638  8.304  0.36  41.4  35  6.4388  96.65
370.797  241.639  1965.39  89.8677  4.538  0.37  41.4  35  6.4388  96.65
370.846  241.768  1910.08  94.8774  162.401  0.38  40.2  35  6.4388  96.45
370.895  241.768  1910.18  96.1858  205.826  0.38  40.2  35  6.4388  96.45
370.944  241.768  1874.07  95.3355  174.264  0.39  40.2  35  6.4388  96.45
370.992  241.768  1919.93  94.9599  165.994  0.38  40.2  35  6.4388  96.45
371.041  241.896  1894  96.3695  210.121  0.38  40.2  35  6.4388  96.35
371.09  241.896  2005.31  89.9642  1.254  0.36  40.2  35  6.4388  96.35
371.139  241.896  1927.62  94.9127  165.076  0.38  40  35  6.4388  96.35
371.188  241.896  1992.52  89.9717  0.985  0.36  40  35  6.4388  96.35
371.236  242.025  1978.81  88.9804  35.211  0.37  40  35  6.4388  96.35
371.285  242.025  1935.47  94.8868  164.879  0.38  40  35  6.4388  96.35
371.334  242.025  1939.56  89.9292  2.397  0.37  40  35  6.4388  96.35
371.383  242.025  2000.26  89.8197  6.295  0.36  40  35  6.4388  96.35
371.432  242.025  1902.65  94.9457  164.029  0.38  39.6  35  6.4388  96.35
371.481  242.154  1869.04  95.2262  170.249  0.39  39.6  35  6.4388  96.35
371.529  242.154  1922.76  94.8945  164.053  0.38  39.6  35  6.4388  96.35
371.578  242.154  1897.12  95.0747  167.81  0.38  39.6  35  6.4388  96.35
371.627  242.154  1881.74  95.0539  165.766  0.39  39.6  35  6.4388  96.35
371.676  242.283  2009.77  89.7882  7.431  0.36  39.6  35  6.4388  96.35
371.725  242.283  1869.99  96.4079  208.701  0.39  40.3  35  6.4388  96.35
371.773  242.283  1988.38  89.9192  2.803  0.36  40.3  35  6.4388  96.35
371.822  242.283  2011.34  89.7801  7.721  0.36  40.3  35  6.4388  96.35
371.871  242.283  1977.19  90.0131  0.453  0.37  40.3  35  6.4388  96.35
371.92  242.412  2033.38  89.9745  0.906  0.36  40.3  35  6.4388  96.35
371.968  242.412  1905.42  96.1645  204.612  0.38  40.3  35  6.4388  96.35
372.017  242.412  1885.37  95.1725  169.973  0.39  40.3  35  6.4388  96.35
372.066  242.412  2015.44  89.5656  15.279  0.36  40.3  35  6.4388  96.35
372.115  242.412  1886.49  95.0932  167.475  0.39  40.3  35  6.4388  96.35
372.163  242.54  1997.28  89.9675  1.134  0.36  40.3  35  6.4388  96.35
372.212  242.54  1923.24  94.9876  167.207  0.38  40.3  35  6.4388  96.25
372.262  242.54  1882.62  94.9291  161.762  0.39  40.3  35  6.4388  96.25
372.31  242.54  1980.36  89.9228  2.668  0.37  40.3  35  6.4388  96.15
372.359  242.669  1935.47  94.8868  164.879  0.38  40.7  35  6.4388  95.95
372.408  242.669  1986.55  90.0024  0.084  0.36  40.7  35  6.4388  95.95
372.457  242.669  2036.51  89.9587  1.468  0.36  40.7  35  6.4388  95.95
372.505  242.669  1921.99  96.0247  201.726  0.38  40.7  35  6.4388  95.95
372.554  242.669  1872.83  95.3898  175.916  0.39  40.7  35  6.4388  95.95
372.602  242.798  1933.31  94.7811  161.139  0.38  40.7  35  6.4388  95.95
372.651  242.798  1901.1  96.2359  206.502  0.38  40.3  35  6.4388  95.95
372.7  242.798  1888.32  95.1543  169.642  0.38  40.3  35  6.4388  95.95
372.749  242.798  1927.03  94.5053  151.371  0.38  40.3  35  6.4388  95.95
372.797  242.927  1871.69  94.8577  158.498  0.39  40.3  35  6.4388  95.95
372.847  242.927  1986.85  89.9271  2.527  0.36  40.3  35  6.4388  95.95
372.895  242.927  1939.65  94.7643  161.101  0.37  40.3  35  6.4388  95.95
372.944  242.927  1936.27  89.9096  3.053  0.37  40.9  35  6.4388  95.85
372.993  242.927  2027.46  89.8724  4.515  0.36  40.9  35  6.4388  95.85
373.041  243.056  1908.92  94.9544  164.859  0.38  40.9  35  6.4388  95.85
373.09  243.056  1879.63  94.0808  133.761  0.39  40.9  35  6.4388  95.85
373.139  243.056  1928.82  95.1461  173.007  0.38  40.9  35  6.4388  95.85
373.188  243.056  1883.79  96.4724  212.349  0.39  40.9  35  6.4388  95.85
373.237  243.184  1973.51  89.883  4.03  0.37  40.6  35  6.4388  95.85
373.286  243.184  1933.21  94.466  150.534  0.38  40.6  35  6.4388  95.85
373.334  243.184  1870.7  94.9575  161.659  0.39  40.6  35  6.4388  95.85
373.383  243.184  1996.88  89.9516  1.686  0.36  40.6  35  6.4388  95.85
373.432  243.184  1931.7  96.0669  204.161  0.38  40.6  35  6.4388  95.85
373.481  243.313  1945  89.8634  4.639  0.37  40.6  35  6.4388  95.85
373.53  243.313  1850.21  90.0182  0.587  0.39  39.9  35  6.4388  95.85
373.578  243.313  1904.52  96.3119  209.386  0.38  39.9  35  6.4388  95.85
373.627  243.313  1997.74  90.0029  0.1  0.36  39.9  35  6.4388  95.85
373.676  243.442  1938.14  95.09  171.954  0.37  39.9  35  6.4388  95.85
373.725  243.442  1898.62  95.0655  167.638  0.38  39.9  35  6.4388  95.85
373.773  243.442  1962.38  89.0748  31.687  0.37  39.9  35  6.4388  95.85
373.822  243.442  2014.9  89.8002  7.028  0.36  39  35  6.4388  95.85
373.871  243.442  1883.39  94.7832  157.048  0.39  39  35  6.4388  95.85
373.92  243.571  2006.83  89.9564  1.527  0.36  39  35  6.4388  95.85
373.968  243.571  1913.28  94.5929  153.205  0.38  39  35  6.4388  95.85
374.017  243.571  1871.16  95.3533  174.572  0.39  39  35  6.4388  95.85
374.066  243.571  2044.86  89.9553  1.595  0.35  39  35  6.4388  95.85
374.115  243.7  1922.14  94.7766  160.058  0.38  40.3  35  6.4388  95.75
374.163  243.7  1960.28  89.1625  28.652  0.37  40.3  35  6.4388  95.75
374.212  243.7  1997.06  89.5481  15.753  0.36  40.3  35  6.4388  95.75
374.261  243.7  1879.58  95.2298  171.325  0.39  40.3  35  6.4388  95.75
374.31  243.828  1970.5  89.8987  3.485  0.37  40.3  35  6.4388  95.75
374.359  243.828  1927.29  94.5518  152.952  0.38  40.3  35  6.4388  95.75
374.407  243.828  1985.06  90.0101  0.349  0.36  40.3  35  6.4388  95.75
374.456  243.828  1973.87  88.9707  35.459  0.37  40.5  35  6.4388  95.75
374.505  243.828  1922.63  94.8696  163.208  0.38  40.5  35  6.4388  95.75
374.554  243.957  1876.19  95.463  178.618  0.39  40.5  35  6.4388  95.75
374.602  243.957  2018.4  89.957  1.513  0.36  40.5  35  6.4388  95.75
374.652  243.957  1903.92  94.8903  162.304  0.38  40.5  35  6.4388  95.75
374.7  243.957  1885.59  95.2181  171.49  0.39  40.5  35  6.4388  95.75
374.749  244.086  1926.8  95.062  170.01  0.38  40.9  35  6.4388  95.75
374.798  244.086  1867.25  95.1657  168.121  0.39  40.9  35  6.4388  95.75
374.847  244.086  1970.68  89.1033  30.842  0.37  40.9  35  6.4388  95.75
374.895  244.086  1929.33  94.6353  155.915  0.38  40.9  35  6.4388  95.75
374.944  244.086  1873.91  90.0224  0.734  0.39  40.9  35  6.4388  95.75
374.993  244.215  2029.78  89.9542  1.624  0.36  40.9  35  6.4388  95.75
375.042  244.215  1937.93  96.0325  203.663  0.38  40.9  35  6.4388  95.75
375.09  244.215  1979.69  89.9628  1.285  0.37  40.9  35  6.4388  95.75
375.139  244.215  1921.94  95.0435  168.963  0.38  40.9  35  6.4388  95.75
375.188  244.344  1904.93  96.4047  212.495  0.38  40.9  35  6.4388  95.75
375.237  244.344  1880.59  95.4365  178.171  0.39  40.9  35  6.4388  95.75
375.285  244.344  2017.26  89.4397  19.725  0.36  40.9  35  6.4388  95.75
375.334  244.344  1890.7  95.0199  165.44  0.38  39.2  35  6.4388  95.75
375.383  244.344  2014.93  89.9531  1.651  0.36  39.2  35  6.4388  95.75
375.432  244.472  1924.71  94.6643  156.514  0.38  39.2  35  6.4388  95.75
375.48  244.472  1956.88  89.9497  1.718  0.37  39.2  35  6.4388  95.75
375.529  244.472  2001.52  89.9279  2.519  0.36  39.2  35  6.4388  95.75
375.578  244.472  1910.25  94.6122  153.604  0.38  39.2  35  6.4388  95.75
375.627  244.601  1882.87  95.2818  173.326  0.39  39.7  35  6.4388  95.65
375.675  244.601  2011.14  89.7632  8.311  0.36  39.7  35  6.4388  95.65
375.724  244.601  1914.54  96.114  203.91  0.38  39.7  35  6.4388  95.65
375.773  244.601  1823.25  90.0494  1.572  0.4  39.7  35  6.4388  95.65
375.822  244.601  2004.53  89.6234  13.174  0.36  39.7  35  6.4388  95.65
375.871  244.73  1874.97  95.2113  170.303  0.39  39.7  35  6.4388  95.45
375.919  244.73  1987.27  89.9629  1.286  0.36  40.9  35  6.4388  95.35
375.968  244.73  2023.31  89.5239  16.811  0.36  40.9  35  6.4388  95.35
376.017  244.73  1959.44  89.8989  3.457  0.37  40.9  35  6.4388  95.35
376.066  244.859  2005.61  89.7152  9.971  0.36  40.9  35  6.4388  95.35
376.114  244.859  1916.03  94.8147  160.819  0.38  40.9  35  6.4388  95.35
376.164  244.859  1871.6  95.444  177.563  0.39  40.9  35  6.4388  95.35
376.212  244.859  1935.11  94.8183  162.541  0.38  40.8  35  6.4388  95.25
376.261  244.859  1915.64  96.0123  200.648  0.38  40.8  35  6.4388  95.25
376.31  244.988  1862.95  94.054  131.706  0.39  40.8  35  6.4388  95.25
376.359  244.988  1949.12  95.024  170.689  0.37  40.8  35  6.4388  95.25
376.407  244.988  1894.48  96.1308  202.328  0.38  40.8  35  6.4388  95.25
376.456  244.988  1967.63  88.8543  39.343  0.37  40.8  35  6.4388  95.25
376.505  245.116  1923.18  94.674  156.713  0.38  40.2  35  6.4388  95.25
376.554  245.116  1875.07  94.9299  161.137  0.39  40.2  35  6.4388  95.25
376.603  245.116  1999.13  89.8637  4.755  0.36  40.2  35  6.4388  95.25
376.651  245.116  1911.28  96.0844  202.582  0.38  40.2  35  6.4388  95.25
376.7  245.245  1955.28  89.8088  6.525  0.37  40.2  35  6.4388  95.25
376.75  245.245  2009.88  89.518  16.91  0.36  40.2  35  6.4388  95.25
376.798  245.245  1891.72  94.9191  162.214  0.38  40.9  35  6.4388  95.25
376.847  245.245  1875.26  94.1104  134.417  0.39  40.9  35  6.4388  95.25
376.896  245.245  2021.29  89.4958  17.786  0.36  40.9  35  6.4388  95.25
376.945  245.374  1882.3  95.1661  169.49  0.39  40.9  35  6.4388  95.25
376.993  245.374  1978.44  89.895  3.625  0.37  40.9  35  6.4388  95.25
377.042  245.374  1923.92  94.8135  161.442  0.38  40.9  35  6.4388  95.25
377.091  245.374  1962.68  89.7694  7.898  0.37  40.9  35  6.4388  95.25
377.14  245.374  2001.52  89.9279  2.519  0.36  41  35  6.4388  95.25
377.188  245.503  1906.69  94.8253  160.388  0.38  41  35  6.4388  95.25
377.237  245.503  1875.01  94.0652  132.924  0.39  41  35  6.4388  95.25
377.286  245.503  1935.61  94.9119  165.735  0.38  41  35  6.4388  95.25
377.335  245.503  1908.45  96.1477  204.38  0.38  41  35  6.4388  95.25
377.383  245.632  2002.74  90.0152  0.531  0.36  41  35  6.4388  95.25
377.432  245.632  1930.13  95.09  171.243  0.38  40.8  35  6.4388  95.25
377.481  245.632  1961.33  89.9265  2.518  0.37  40.8  35  6.4388  95.25
377.53  245.632  1974.93  88.9263  37.006  0.37  40.8  35  6.4388  95.25
377.578  245.761  2017.44  89.5937  14.305  0.36  40.8  35  6.4388  95.25
377.627  245.761  1863.47  95.0032  162.516  0.39  40.8  35  6.4388  95.25
377.677  245.761  2003.48  89.9561  1.537  0.36  40.8  35  6.4388  95.25
377.726  245.761  1922.63  94.8696  163.208  0.38  40.3  35  6.4388  95.25
377.774  245.761  1879.93  95.2998  173.642  0.39  40.3  35  6.4388  95.25
377.823  245.889  2005.33  89.8317  5.889  0.36  40.3  35  6.4388  95.25
377.872  245.889  1884.09  94.9199  161.585  0.39  40.3  35  6.4388  95.25
377.921  245.889  1808.49  90.0197  0.623  0.4  40.3  35  6.4388  95.25
377.969  245.889  1929.83  94.7286  159.088  0.38  40.3  35  6.4388  95.25
378.018  245.889  1809.87  89.9934  0.207  0.4  41.3  35  6.4388  95.25
378.067  246.018  1970.88  88.9879  34.811  0.37  41.3  35  6.4388  95.25
378.116  246.018  1932.17  94.5692  153.922  0.38  41.3  35  6.4388  95.25
378.164  246.018  1965.79  89.9031  3.324  0.37  41.3  35  6.4388  95.25
378.213  246.018  1922.51  94.848  162.477  0.38  41.3  35  6.4388  95.25
378.262  246.147  1920.23  95.9866  200.272  0.38  41.3  35  6.4388  95.25
378.311  246.147  1890.03  95.1909  171  0.38  39.8  35  6.4388  95.25
378.36  246.147  1922.89  95.2298  175.272  0.38  39.8  35  6.4388  95.25
378.408  246.147  1894.68  96.1769  203.865  0.38  39.8  35  6.4388  95.25
378.457  246.276  1994.73  90.0183  0.636  0.36  39.8  35  6.4388  95.25
378.506  246.276  1931.66  94.4758  150.744  0.38  39.8  35  6.4388  95.25
378.555  246.276  1878.45  95.0023  163.793  0.39  39.8  35  6.4388  95.25
378.603  246.276  1978.18  89.0605  32.434  0.37  41  35  6.4388  95.25
378.652  246.276  1927.94  95.9434  199.632  0.38  41  35  6.4388  95.25
378.701  246.405  1867.24  95.4703  178.005  0.39  41  35  6.4388  95.25
378.75  246.405  2034.94  89.9666  1.187  0.36  41  35  6.4388  95.25
378.798  246.405  1907.35  96.2489  207.612  0.38  41  35  6.4388  95.25
378.847  246.405  1882.19  95.145  168.788  0.39  41  35  6.4388  95.25
378.896  246.533  2009.19  89.5988  14.07  0.36  40.3  35  6.4388  95.25
378.945  246.533  1899.17  94.8724  161.31  0.38  40.3  35  6.4388  95.25
378.994  246.533  1972.41  89.9264  2.535  0.37  40.3  35  6.4388  95.25
379.042  246.533  2002.7  89.7482  8.803  0.36  40.3  35  6.4388  95.25
379.091  246.533  1988.49  90.03  1.041  0.36  40.3  35  6.4388  95.25
379.14  246.662  1958.38  89.1356  29.545  0.37  40.3  35  6.4388  95.25
379.189  246.662  1926.99  94.7944  161.06  0.38  41.5  35  6.4388  95.25
379.237  246.662  1949.79  89.8752  4.248  0.37  41.5  35  6.4388  95.25
379.286  246.662  2042.19  90.0074  0.263  0.35  41.5  35  6.4388  95.25
379.335  246.791  1922.84  96.2117  208.056  0.38  41.5  35  6.4388  95.25
379.384  246.791  1867.27  94.0245  131.05  0.39  41.5  35  6.4388  95.25
379.432  246.791  1923.72  95.0807  170.363  0.38  41.5  35  6.4388  95.25
379.481  246.791  1881.61  95.0294  164.957  0.39  41.5  35  6.4388  95.25
379.53  246.791  1902.54  94.9243  163.313  0.38  40.2  35  6.4388  95.25
379.579  246.92  2005.1  89.8124  6.567  0.36  40.2  35  6.4388  95.25
379.628  246.92  1889.72  96.44  211.958  0.39  40.2  35  6.4388  95.25
379.676  246.92  1911.84  94.9142  163.775  0.38  40.2  35  6.4388  95.25
379.725  246.92  1934.37  95.9557  200.709  0.38  40.2  35  6.4388  95.25
379.774  246.92  1854.29  95.5487  179.296  0.39  40.2  35  6.4388  95.25
379.823  247.049  2044.86  89.9553  1.595  0.35  40.8  35  6.4388  95.25
379.872  247.049  1917.17  96.0037  200.523  0.38  40.8  35  6.4388  95.25
379.92  247.049  1882.56  94.061  133.32  0.39  40.8  35  6.4388  95.25
379.969  247.049  1938.72  94.8929  165.359  0.37  40.8  35  6.4388  95.25
380.018  247.177  1888.2  95.1297  168.827  0.38  40.8  35  6.4388  95.25
380.067  247.177  1830.58  90.0113  0.362  0.4  40.8  35  6.4388  95.25
380.115  247.177  1942.02  94.6041  155.886  0.37  41.7  35  6.4388  95.25
380.164  247.177  1989.07  89.9518  1.673  0.36  41.7  35  6.4388  95.25
380.213  247.177  1986.82  88.9729  35.615  0.36  41.7  35  6.4388  95.25
380.262  247.306  2000.46  89.8364  5.711  0.36  41.7  35  6.4388  95.25
380.31  247.306  1946.46  89.8556  4.905  0.37  41.7  35  6.4388  95.25
380.359  247.306  1999.97  89.9358  2.241  0.36  41.7  35  6.4388  95.25
380.408  247.306  1899.8  96.2905  208.158  0.38  40.2  35  6.4388  95.25
380.457  247.435  1879.25  95.1631  169.118  0.39  40.2  35  6.4388  95.25
380.505  247.435  2013.61  89.6912  10.853  0.36  40.2  35  6.4388  95.25
380.554  247.435  1874.07  95.0298  164.306  0.39  40.2  35  6.4388  95.25
380.603  247.435  1821.79  90.057  1.812  0.4  40.2  35  6.4388  95.25
380.652  247.564  1936.78  94.8304  163.09  0.37  40.2  35  6.4388  95.25
380.7  247.564  1989.07  89.9518  1.673  0.36  39.7  35  6.4388  95.25
380.749  247.564  2033.38  89.9745  0.906  0.36  39.7  35  6.4388  95.25
380.798  247.564  1932.12  94.8591  163.662  0.38  39.7  35  6.4388  95.25
380.847  247.564  1950.18  89.9103  3.054  0.37  39.7  35  6.4388  95.25
380.895  247.693  2012.41  89.8721  4.494  0.36  39.7  35  6.4388  95.25
380.944  247.693  1892.89  94.5555  150.341  0.38  39.7  35  6.4388  95.25
380.993  247.693  1886.97  94.0312  132.652  0.38  40.5  35  6.4388  95.25
381.042  247.693  2016.31  89.6384  12.725  0.36  40.5  35  6.4388  95.25
381.09  247.821  1959.44  89.8989  3.457  0.37  40.5  35  6.4388  95.25
381.139  247.821  1957.95  89.1002  30.747  0.37  40.5  35  6.4388  95.25
381.188  247.821  2014.47  89.7638  8.304  0.36  40.5  35  6.4388  95.25
381.237  247.821  1963.09  89.8048  6.688  0.37  40.5  35  6.4388  95.25
381.285  247.821  1996.88  89.9516  1.686  0.36  39.2  35  6.4388  95.25
381.334  247.95  1920.18  96.322  211.442  0.38  39.2  35  6.4388  95.25
381.383  247.95  1879.34  95.4909  179.83  0.39  39.2  35  6.4388  95.25
381.432  247.95  1932.25  94.8842  164.515  0.38  39.2  35  6.4388  95.25
381.48  247.95  1896.66  94.9829  164.741  0.38  39.2  35  6.4388  95.25
381.529  248.079  1876.71  94.1006  134.199  0.39  39.2  35  6.4388  95.25
381.578  248.079  2015.69  89.4482  19.414  0.36  40.6  35  6.4388  95.25
381.627  248.079  1891.72  94.9191  162.214  0.38  40.6  35  6.4388  95.25
381.676  248.079  1983.4  89.9071  3.216  0.36  40.6  35  6.4388  95.25
381.724  248.079  1934.98  94.7932  161.685  0.38  40.6  35  6.4388  95.25
381.773  248.208  1805.66  90.051  1.608  0.4  40.6  35  6.3988  95.25
381.822  248.208  1910.32  94.9236  163.957  0.38  40.6  35  6.3988  95.25
381.871  248.208  1916.99  95.0002  167.083  0.38  40.6  35  6.3988  95.25
381.92  248.208  1874.42  95.0995  166.607  0.39  41.1  35  6.3988  95.25
381.968  248.337  2009.15  89.7351  9.289  0.36  41.1  35  6.3988  95.25
382.017  248.337  1916.07  96.1055  203.791  0.38  41.1  35  6.3988  95.25
382.066  248.337  1887.74  95.3463  175.89  0.38  41.1  35  6.3988  95.25
382.115  248.337  2000.46  89.8364  5.711  0.36  41.1  35  6.3988  95.25
382.164  248.337  1897.47  96.114  202.095  0.38  41.1  35  6.3988  95.25
382.212  248.465  2020.01  89.9654  1.221  0.36  41  35  6.3988  95.25
382.261  248.465  1914.98  94.9168  164.133  0.38  41  35  6.3988  95.25
382.31  248.465  1869.7  95.0571  164.813  0.39  41  35  6.3988  95.25
382.359  248.465  1999.42  89.7476  8.809  0.36  41  35  6.3188  95.25
382.407  248.594  1912.74  94.7874  159.636  0.38  41  35  6.3188  95.25
382.456  248.594  1878.46  95.3087  173.799  0.39  41  35  6.3188  95.25
382.505  248.594  1930.13  95.09  171.243  0.38  40.6  35  6.3188  95.25
382.554  248.594  1906.24  96.35  210.835  0.38  40.6  35  6.3188  95.25
382.603  248.723  1890.83  95.0444  166.258  0.38  40.6  35  6.3188  95.25
382.651  248.723  2004.78  89.5067  17.261  0.36  40.6  35  6.3188  95.25
382.701  248.723  1882.85  94.9747  163.273  0.39  40.6  35  6.3188  95.25
382.749  248.723  1967.27  89.0847  31.424  0.37  40.6  35  6.3188  95.25
382.798  248.723  1925.94  94.8972  164.413  0.38  40.9  35  6.3188  95.25
382.847  248.852  1956.88  89.9497  1.718  0.37  40.9  35  6.3188  95.25
382.895  248.852  2008.02  89.7794  7.73  0.36  40.9  35  6.3188  95.25
382.944  248.852  1916.28  96.1521  205.363  0.38  40.9  35  6.3188  95.25
382.993  248.852  1953.53  89.9299  2.388  0.37  40.9  35  6.3188  95.25
383.042  248.981  1933.81  94.8746  164.327  0.38  40.9  35  6.3188  95.25
383.09  248.981  1887.51  94.9926  164.266  0.38  41  35  6.3188  95.25
383.139  248.981  1890.7  90.0278  0.917  0.38  41  35  6.3188  95.25
383.188  248.981  2021.9  89.6865  11.062  0.36  41  35  6.3188  95.25
383.237  248.981  1885.24  95.148  169.16  0.39  41  35  6.3188  95.25
383.286  249.109  2026.67  89.9699  1.065  0.36  41  35  6.3188  95.25
383.335  249.109  1929.49  95.9348  199.502  0.38  41  35  6.3188  95.25
383.384  249.109  1965.79  89.9031  3.324  0.37  40.4  35  6.3188  95.25
383.432  249.109  1912.08  94.9604  165.333  0.38  40.4  35  6.3188  95.25
383.481  249.109  1917.97  94.2976  143.728  0.38  40.4  35  6.3188  95.25
383.53  249.238  1962.28  89.7341  9.108  0.37  40.4  35  6.3188  95.25
383.579  249.238  2040.13  89.979  0.746  0.35  40.4  35  6.3188  95.25
383.627  249.238  1910.18  96.1858  205.826  0.38  40.4  35  6.3188  95.25
383.676  249.238  1901.97  95.1178  169.663  0.38  39.9  35  6.3188  95.25
383.725  249.367  1922.93  94.6275  155.138  0.38  39.9  35  6.3188  95.25
383.774  249.367  1877.67  95.1478  168.475  0.39  39.9  35  6.3188  95.25
383.822  249.367  1984.1  89.8277  5.967  0.36  39.9  35  6.3188  95.25
383.871  249.367  1914.98  94.9168  164.133  0.38  39.9  35  6.3188  95.25
383.92  249.367  1804.14  90.0236  0.745  0.4  39.9  35  6.3188  95.25
383.969  249.496  2050.1  89.9678  1.152  0.35  41.1  35  6.3188  95.25
384.017  249.496  1922.41  96.1182  204.89  0.38  41.1  35  6.3188  95.25
384.066  249.496  1873.55  94.0751  133.143  0.39  41.1  35  6.3188  95.25
384.115  249.496  1936.82  95.1463  173.732  0.38  41.1  35  6.3188  95.25
384.164  249.625  1891.49  94.8734  160.688  0.38  41.1  35  6.3188  95.25
384.213  249.625  1824.71  90.0418  1.332  0.4  41.1  35  6.3188  95.25
384.261  249.625  2009.77  89.7882  7.431  0.36  39.6  35  6.3188  95.25
384.31  249.625  1888.29  94.8463  159.529  0.38  39.6  35  6.3188  95.25
384.359  249.753  1911.27  95.1086  170.187  0.38  39.6  35  6.3188  95.25
384.408  249.753  1934.73  94.7464  160.09  0.38  39.6  35  6.3188  95.25
384.456  249.753  1960.92  89.8911  3.726  0.37  39.6  35  6.3188  95.25
384.505  249.753  2003.36  89.8036  6.866  0.36  39.6  35  6.3188  95.25
384.554  249.753  1915.16  96.2537  208.621  0.38  39.6  35  6.3188  95.25
384.603  249.882  1868.96  94.0596  132.312  0.39  39.6  35  6.3188  95.25
384.652  249.882  1934.78  95.0619  170.71  0.38  39.6  35  6.3188  95.25
384.7  249.882  1880  90.0271  0.89  0.38  39.6  35  6.3188  95.25
384.749  249.882  1885.24  93.9957  131.367  0.38  39.6  35  6.3188  95.25
384.798  250.011  2018.31  89.6666  11.746  0.36  39.6  35  6.3188  95.25
384.847  250.011  1869.48  95.0119  163.322  0.39  39.6  35  6.3188  95.25
384.895  250.011  2000.57  88.894  38.615  0.36  39.9  35  6.3188  95.25
384.944  250.011  1932.43  94.6159  155.511  0.38  39.9  35  6.3188  95.25
384.993  250.011  1944.6  89.8283  5.826  0.37  39.9  35  6.3188  95.25
385.042  250.14  2009.58  89.7713  8.02  0.36  39.9  35  6.3188  95.25
385.091  250.14  1908.92  94.9544  164.859  0.38  39.9  35  6.3188  95.25
385.139  250.14  1870.4  94.0498  132.093  0.39  39.9  35  6.3188  95.25
385.188  250.14  2022.17  89.5688  15.218  0.36  40.4  35  6.3188  95.25
385.237  250.269  1898.85  95.1115  169.177  0.38  40.4  35  6.3188  95.25
385.286  250.269  1972  89.8908  3.757  0.37  40.4  35  6.3188  95.25
385.334  250.269  2030.09  89.527  16.76  0.36  40.4  35  6.3188  95.25
385.383  250.269  1881.92  94.7926  157.232  0.39  40.4  35  6.3188  95.25
385.432  250.269  1994.1  89.8517  5.163  0.36  40.4  35  6.3188  95.25
385.481  250.398  1935.71  95.8999  198.975  0.38  40.2  35  6.3188  95.25
385.53  250.398  1884.34  95.2728  173.168  0.39  40.2  35  6.3188  95.25
385.578  250.398  1844.22  90.049  1.577  0.39  40.2  35  6.3188  95.25
385.627  250.398  1897.36  94.5266  149.744  0.38  40.2  35  6.3188  95.25
385.676  250.398  1974.65  89.7058  10.141  0.37  40.2  35  6.3188  95.25
385.724  250.526  1856.24  89.9872  0.416  0.39  40.2  35  6.3188  95.25
385.773  250.526  1895.97  96.1224  202.212  0.38  40.9  35  6.3188  95.25
385.822  250.526  1980.77  89.9585  1.435  0.37  40.9  35  6.3188  95.25
385.871  250.526  2012.04  89.6994  10.557  0.36  40.9  35  6.3188  95.25
385.919  250.655  1808.53  90.036  1.135  0.4  40.9  35  6.3188  95.25
385.968  250.655  1987.55  89.8476  5.287  0.36  40.9  35  6.3188  95.25
386.018  250.655  1922.63  94.8696  163.208  0.38  40.9  35  6.3188  95.25
386.066  250.655  1867.6  95.2352  170.407  0.39  42.6  35  6.3188  95.25
386.115  250.655  2025.6  90.0137  0.483  0.36  42.6  35  6.3188  95.25
386.164  250.784  1905.21  96.1182  203.057  0.38  42.6  35  6.3188  95.25
386.213  250.784  1814.34  90.0245  0.777  0.4  42.6  35  6.3188  95.25
386.261  250.784  2023.05  89.6418  12.647  0.36  42.6  35  6.3188  95.25
386.31  250.784  1892.19  95.0107  165.267  0.38  42.6  35  6.3188  95.25
386.359  250.913  2008.82  89.9842  0.553  0.36  40.3  35  6.3188  95.25
386.408  250.913  2015.61  89.7193  9.873  0.36  40.3  35  6.3188  95.25
386.456  250.913  1958.36  89.942  1.983  0.37  40.3  35  6.3188  95.25
386.505  250.913  1991.44  89.9034  3.356  0.36  40.3  35  6.3188  95.25
386.554  251.042  1933.67  94.8496  163.472  0.38  40.3  35  6.3188  95.25
386.603  251.042  1883.31  95.3731  176.355  0.39  40.3  35  6.3188  95.25
386.652  251.042  2009.71  89.9243  2.656  0.36  39.5  35  6.3188  95.25
386.7  251.042  1916.07  96.1055  203.791  0.38  39.5  35  6.3188  95.25
386.749  251.042  1821.79  90.057  1.812  0.4  39.5  35  6.3188  95.25
386.798  251.17  2019.89  89.6583  12.045  0.36  39.5  35  6.3188  95.25
386.847  251.17  1959.44  89.8989  3.457  0.37  39.5  35  6.3188  95.25
386.896  251.17  2002.74  90.0152  0.531  0.36  39.5  35  6.3188  95.25
386.945  251.17  2010.05  89.6713  11.532  0.36  39.5  35  6.3188  95.25
386.993  251.299  1878.9  95.3998  176.813  0.39  40.7  35  6.3188  95.25
387.042  251.299  1981.2  89.0433  33.079  0.37  40.7  35  6.3188  95.25
387.091  251.299  1918.91  96.0418  201.974  0.38  40.7  35  6.3188  95.25
387.14  251.299  1878.46  95.3087  173.799  0.39  40.7  35  6.3188  95.25
387.188  251.299  2001.94  89.964  1.26  0.36  40.7  35  6.3188  95.25
387.237  251.428  1896.42  94.937  163.207  0.38  40.7  35  6.3188  95.25
387.286  251.428  1973.51  89.883  4.03  0.37  40.6  36  6.3188  95.25
387.335  251.428  1925.26  95.0714  170.187  0.38  40.6  36  6.3188  95.25
387.383  251.428  1897.68  96.1602  203.637  0.38  40.6  36  6.3188  95.25
387.432  251.428  1987.14  89.8118  6.528  0.36  40.6  36  6.3188  95.25
387.481  251.557  2009.77  89.7882  7.431  0.36  40.6  36  6.3188  95.25
387.53  251.557  1887.74  95.0383  165.785  0.38  40.6  36  6.3188  95.25
387.578  251.557  1982.9  88.9186  37.424  0.36  40.4  36  6.3188  95.25
387.627  251.557  1906.37  95.0654  168.318  0.38  40.4  36  6.3188  95.25
387.676  251.686  1891.97  95.2735  173.891  0.38  40.4  36  6.3188  95.25
387.725  251.686  1916.3  95.1736  172.8  0.38  40.4  36  6.3188  95.25
387.773  251.686  1908.16  96.4347  213.849  0.38  40.4  36  6.3188  95.25
387.822  251.686  1865.82  94.0344  131.269  0.39  40.4  36  6.3188  95.25
387.871  251.686  2017.26  89.4397  19.725  0.36  41.6  36  6.3188  95.25
387.92  251.814  1879.68  94.9476  162.113  0.39  41.6  36  6.3188  95.25
387.968  251.814  1898.83  93.9509  130.833  0.38  41.6  36  6.3188  95.25
388.017  251.814  1940.71  94.6608  157.695  0.37  41.6  36  6.3188  95.25
388.066  251.814  1858.98  90.0283  0.919  0.39  41.6  36  6.3188  95.25
388.115  251.943  1996.88  89.9516  1.686  0.36  41.6  36  6.3188  95.25
388.164  251.943  1908.44  94.862  161.753  0.38  41.1  36  6.3188  95.25
388.212  251.943  1958.23  89.7931  7.072  0.37  41.1  36  6.3188  95.25
388.261  251.943  1928.1  95.006  168.246  0.38  41.1  36  6.3188  95.25
388.31  252.072  1912.53  96.3635  211.976  0.38  41.1  36  6.3188  95.25
388.359  252.072  1807.14  90.0622  1.963  0.4  41.1  36  6.3188  95.25
388.408  252.072  2010.2  89.8244  6.161  0.36  41.1  36  6.3188  95.25
388.457  252.072  1883.86  94.8743  160.072  0.39  40.6  36  6.3188  95.25
388.506  252.201  1970  88.9167  37.243  0.37  40.6  36  6.3188  95.25
388.554  252.201  1928.04  94.6916  157.699  0.38  40.6  36  6.3188  95.25
388.603  252.201  1875.98  95.1115  167.137  0.39  40.6  36  6.3188  95.25
388.652  252.201  1919.69  94.9134  164.422  0.38  40.6  36  6.3188  95.25
388.701  252.201  1910.98  94.7507  158.268  0.38  40.6  36  6.3188  95.25
388.75  252.33  1947.92  89.8478  5.173  0.37  40.9  36  6.3188  95.25
388.798  252.33  1925.83  94.8755  163.679  0.38  40.9  36  6.3188  95.25
388.847  252.33  1900.68  96.1434  203.407  0.38  40.9  36  6.3188  95.25
388.896  252.33  1887.87  95.0628  166.6  0.38  40.9  36  6.3188  95.25
388.945  252.458  1955.15  94.3264  147.494  0.37  40.9  36  6.3188  95.25
388.994  252.458  1997.96  90.0193  0.673  0.36  40.9  36  6.3188  95.25
389.042  252.458  1841.04  89.9931  0.222  0.39  40.5  36  6.3188  95.25
389.091  252.458  1920.26  94.4267  148.214  0.38  40.5  36  6.3188  95.25
389.14  252.458  1967.16  89.7456  8.733  0.37  40.5  36  6.3188  95.25
389.189  252.587  1998.01  89.9077  3.218  0.36  40.5  36  6.3188  95.25
389.237  252.587  1911.7  96.1774  205.711  0.38  40.5  36  6.3188  95.25
389.286  252.587  1854.21  95.2254  168.87  0.39  40.5  36  6.3188  95.25
389.335  252.587  1939.79  94.7894  161.961  0.37  39.6  36  6.3188  95.25
389.384  252.716  1909.22  94.7141  156.906  0.38  39.6  36  6.3188  95.25
389.432  252.716  1975.01  89.8751  4.305  0.37  39.6  36  6.3188  95.25
389.481  252.716  2022.61  89.6053  13.933  0.36  39.6  36  6.3188  95.25
389.53  252.716  1880.37  95.0841  166.636  0.39  39.6  36  6.3188  95.25
389.579  252.716  2004.91  89.7956  7.153  0.36  39.6  36  6.3188  95.25
389.628  252.845  1929.58  94.6819  157.501  0.38  39.6  36  6.3188  95.25
389.677  252.845  1954.2  89.8518  5.054  0.37  40.4  36  6.3188  95.25
389.725  252.845  1996.42  88.9565  36.358  0.36  40.4  36  6.3188  95.25
389.774  252.845  1910.91  95.0375  167.793  0.38  40.4  36  6.3188  95.25
389.823  252.974  1885.01  95.4099  177.718  0.39  40.4  36  6.3188  95.25
389.872  252.974  2021.03  89.6136  13.63  0.36  40.4  36  6.3188  95.25
389.921  252.974  1905  96.0719  201.503  0.38  40.4  36  6.3188  95.25
389.97  252.974  1821.79  90.057  1.812  0.4  41.3  36  6.3188  95.25
390.019  253.102  1926.5  94.7012  157.896  0.38  41.3  36  6.3188  95.25
390.067  253.102  1798.34  90.0189  0.593  0.4  41.3  36  6.3188  95.25
390.116  253.102  1985.33  89.935  2.253  0.36  41.3  36  6.3188  95.25
390.165  253.102  1936.03  94.6899  158.297  0.37  41.3  36  6.3188  95.25
390.214  253.231  1991.49  90.0147  0.51  0.36  41.3  36  6.3188  95.25
390.262  253.231  2036.51  89.9587  1.468  0.36  42.3  36  6.3188  95.25
390.311  253.231  1907.35  96.2489  207.612  0.38  42.3  36  6.3188  95.25
390.36  253.231  1887.07  95.2091  171.328  0.38  42.3  36  6.3188  95.25
390.409  253.231  1911.6  94.8679  162.216  0.38  42.3  36  6.3188  95.25
390.457  253.36  1901.38  95.001  165.75  0.38  42.3  36  6.3188  95.25
390.506  253.36  1878.17  94.0907  133.981  0.39  42.3  36  6.3188  95.25
390.555  253.36  1935.78  94.6431  156.7  0.37  41.1  36  6.3188  95.25
390.604  253.36  1880.45  94.8019  157.415  0.39  41.1  36  6.3188  95.25
390.652  253.489  1832.06  90.0037  0.117  0.39  41.1  36  6.3188  95.25
390.701  253.489  1913.77  94.6854  156.324  0.38  41.1  36  6.3188  95.25
390.75  253.489  1947.25  89.9257  2.525  0.37  41.1  36  6.3188  95.25
390.799  253.489  1917.92  94.8764  163.038  0.38  41.1  36  6.3188  95.25
390.848  253.489  1901.85  94.4976  149.139  0.38  39.7  36  6.3188  95.25
390.896  253.618  1869.2  94.1047  133.795  0.39  39.7  36  6.3188  95.25
390.945  253.618  1926.08  94.9221  165.261  0.38  39.7  36  6.3188  95.25
390.994  253.618  1895.3  96.3152  208.479  0.38  39.7  36  6.3188  95.25
391.043  253.618  1887.87  95.0628  166.6  0.38  39.7  36  6.3188  95.25
391.092  253.746  1999.61  89.7643  8.226  0.36  39.7  36  6.3188  95.25
391.141  253.746  1884.33  94.9655  163.098  0.39  38.7  36  6.3188  95.25
391.19  253.746  1990.2  89.7958  7.093  0.36  38.7  36  6.3188  95.25
391.238  253.746  1932.43  94.6159  155.511  0.38  38.7  36  6.3188  95.25
391.287  253.875  1944.33  89.9411  1.999  0.37  38.7  36  6.3188  95.25
391.336  253.875  2014.83  89.9367  2.228  0.36  38.7  36  6.3188  95.25
391.385  253.875  1920.18  96.322  211.442  0.38  38.7  36  6.3188  95.25
391.434  253.875  1863.19  94.0989  133.179  0.39  41.4  36  6.3188  95.25
391.482  253.875  2010.31  89.5542  15.641  0.36  41.4  36  6.3188  95.25
391.531  254.004  1893.19  96.1852  203.978  0.38  41.4  36  6.3188  95.25
391.58  254.004  1889.92  94.0112  132.202  0.38  41.4  36  6.3188  95.25
391.629  254.004  2003.13  89.7843  7.542  0.36  41.4  36  6.3188  95.25
391.678  254.004  1807.09  90.0435  1.372  0.4  41.4  36  6.3188  95.25
391.726  254.133  1989.08  89.8396  5.567  0.36  40.5  36  6.3188  95.25
391.775  254.133  1912.19  94.9819  166.057  0.38  40.5  36  6.3188  95.25
391.824  254.133  1961.73  89.9618  1.309  0.37  40.5  36  6.3188  95.25
391.873  254.133  1935.36  94.8651  164.137  0.38  40.5  36  6.3188  95.25
391.921  254.262  1905.42  96.1645  204.612  0.38  40.5  36  6.3188  95.25
391.971  254.262  1878.17  94.0907  133.981  0.39  40.5  36  6.3188  95.25
392.019  254.262  2010.75  89.5905  14.371  0.36  40.5  36  6.3188  95.25
392.068  254.262  1889.91  95.1664  170.183  0.38  41.6  36  6.3188  95.25
392.117  254.262  1980.36  89.9228  2.668  0.37  41.6  36  6.3188  95.25
392.166  254.39  2012.74  89.6185  13.4  0.36  41.6  36  6.3188  95.25
392.214  254.39  1994.48  89.9993  0.024  0.36  41.6  36  6.3188  95.25
392.263  254.39  1845.62  90.0056  0.18  0.39  41.6  36  6.3188  95.25
392.312  254.39  1920.36  94.7397  158.677  0.38  41.6  36  6.3188  95.25
392.361  254.519  1883.09  95.3274  174.84  0.39  40.5  36  6.3188  95.25
392.41  254.519  1933.71  95.165  174.08  0.38  40.5  36  6.3188  95.25
392.458  254.519  1903.59  94.5339  150.478  0.38  40.5  36  6.3188  95.25
392.507  254.519  1875.26  94.1104  134.417  0.39  40.5  36  6.3188  95.25
392.556  254.519  2014.74  89.6466  12.426  0.36  40.5  36  6.3188  95.25
392.605  254.648  1879.85  96.2597  204.968  0.39  40.5  36  6.3188  95.25
392.654  254.648  1833.62  90.0315  1.007  0.39  40.3  36  6.3188  95.25
392.702  254.648  1938.89  94.6236  156.295  0.37  40.3  36  6.3188  95.25
392.751  254.648  1879.45  94.9021  160.607  0.39  40.3  36  6.3188  95.25
392.8  254.777  1992.56  89.8596  4.882  0.36  40.3  36  6.3188  95.25
392.849  254.777  1899.88  95.0103  165.926  0.38  40.3  36  6.3188  95.25
392.898  254.777  1873.05  95.4352  177.414  0.39  40.3  36  6.3188  95.25
392.947  254.777  2004.62  89.912  3.079  0.36  40.6  36  6.3188  95.25
392.995  254.777  1922.2  96.0714  203.308  0.38  40.6  36  6.3188  95.25
393.044  254.906  1992.31  89.9553  1.554  0.36  40.6  36  6.3188  95.25
393.093  254.906  2023.31  89.5239  16.811  0.36  40.6  36  6.3188  95.25
393.142  254.906  1874.52  95.1205  167.303  0.39  40.6  36  6.3188  95.25
393.191  254.906  1978.18  89.0605  32.434  0.37  40.6  36  6.3188  95.25
393.239  255.034  1922.93  94.6275  155.138  0.38  39.5  36  6.3188  95.25
393.288  255.034  1871.69  94.8577  158.498  0.39  39.5  36  6.3188  95.25
393.337  255.034  1991.73  89.7878  7.377  0.36  39.5  36  6.3188  95.25
393.386  255.034  1916.99  95.0002  167.083  0.38  39.5  36  6.3188  95.25
393.435  255.034  1877.22  95.3631  175.459  0.39  39.5  36  6.3188  95.25
393.484  255.163  2000.14  89.5315  16.353  0.36  39.5  36  6.3188  95.25
393.533  255.163  1906.13  95.0192  166.767  0.38  39.6  36  6.3188  95.25
393.581  255.163  1880.5  95.1085  167.444  0.39  39.6  36  6.3188  95.25
393.63  255.163  2011.88  89.5459  15.944  0.36  39.6  36  6.3188  95.25
393.679  255.292  1889.77  94.837  159.347  0.38  39.6  36  6.3188  95.25
393.728  255.292  1978.03  89.8594  4.855  0.37  39.6  36  6.3188  95.25
393.777  255.292  1919.56  94.8885  163.58  0.38  39.6  36  6.3188  95.25
393.825  255.292  1985.06  90.0101  0.349  0.36  40.1  36  6.3188  95.25
393.874  255.421  1976.24  89.0334  33.338  0.37  40.1  36  6.3188  95.25
393.923  255.421  1913.94  95.0189  167.44  0.38  40.1  36  6.3188  95.25
393.972  255.421  1887.52  95.3005  174.369  0.38  40.1  36  6.3188  95.25
394.02  255.421  1927.62  94.9127  165.076  0.38  40.1  36  6.3188  95.25
394.069  255.55  1886.26  95.0475  165.957  0.39  40.1  36  6.3188  95.25
394.118  255.55  1963.03  89.9376  2.137  0.37  42  36  6.3188  95.25
394.167  255.55  1930.37  95.1368  172.833  0.38  42  36  6.3188  95.25
394.216  255.55  1997.49  89.9839  0.562  0.36  42  36  6.3188  95.25
394.264  255.55  1995.21  89.8077  6.696  0.36  42  36  6.3188  95.25
394.313  255.679  2002.42  89.8645  4.735  0.36  42  36  6.3188  95.25
394.362  255.679  1946.46  89.8556  4.905  0.37  42  36  6.3188  95.25
394.411  255.679  1928.34  95.0527  169.832  0.38  41  36  6.3188  95.25
394.46  255.679  1908.03  96.0549  201.262  0.38  41  36  6.3188  95.25
394.509  255.807  1899.77  94.989  165.212  0.38  41  36  6.3188  95.25
394.557  255.807  1934.54  95.0151  169.113  0.38  41  36  6.3188  95.25
394.606  255.807  1908.45  96.1477  204.38  0.38  41  36  6.3188  95.25
394.655  255.807  1955  89.1171  30.124  0.37  41  36  6.3188  94.05
394.704  255.807  1942.55  94.4065  149.252  0.37  41  36  6.3188  94.05
394.752  255.936  1891.49  94.8734  160.688  0.38  39.8  36  6.3188  93.95
394.801  255.936  1987.14  89.8118  6.528  0.36  39.8  36  6.3188  93.95
394.85  255.936  1919.87  94.6469  155.536  0.38  39.8  36  6.3188  93.95
394.899  255.936  1985.06  90.0101  0.349  0.36  39.8  36  6.3188  93.95
394.948  256.065  1845.62  90.0056  0.18  0.39  39.8  36  6.3188  93.95
394.997  256.065  1894  96.3695  210.121  0.38  39.8  36  6.3188  93.85
395.045  256.065  1884.54  90.0231  0.759  0.38  38.9  36  6.3188  93.85
395.094  256.065  2051.69  89.9599  1.438  0.35  38.9  36  6.3188  93.85
395.143  256.065  1891.21  96.4319  211.859  0.38  38.9  36  6.3188  93.85
395.192  256.194  1862.95  94.054  131.706  0.39  38.9  36  6.3188  93.85
395.24  256.194  2010.05  89.6713  11.532  0.36  38.9  36  6.3188  93.85
395.289  256.194  1887.97  95.084  167.306  0.38  38.9  36  6.3188  93.85
395.338  256.194  1984.1  89.8277  5.967  0.36  39.9  36  6.3188  93.55
395.387  256.323  1928.59  96.0841  204.407  0.38  39.9  36  6.3188  93.55
395.435  256.323  1887.74  95.3463  175.89  0.38  39.9  36  6.3188  93.55
395.484  256.323  2031.82  89.9823  0.627  0.36  39.9  36  6.3188  93.55
395.533  256.323  1898.15  94.9736  164.564  0.38  39.9  36  6.3188  93.55
395.582  256.451  1881.84  95.382  176.508  0.39  39.9  36  6.3188  93.55
395.631  256.451  2006.51  89.6514  12.207  0.36  40.9  36  6.3188  93.25
395.68  256.451  1894.14  95.0931  168.152  0.38  40.9  36  6.3188  93.25
395.728  256.451  1895.85  93.9711  131.293  0.38  40.9  36  6.3188  93.25
395.777  256.58  2016.47  89.7921  7.318  0.36  40.9  36  6.3188  93.25
395.826  256.58  1890.21  96.2019  204.202  0.38  40.9  36  6.3188  93.25
395.875  256.58  2010.13  89.9605  1.385  0.36  40.9  36  6.3188  93.15
395.923  256.58  1919.81  94.935  165.152  0.38  39.3  36  6.3188  93.15
395.972  256.58  1878.46  95.3087  173.799  0.39  39.3  36  6.3188  93.15
396.021  256.709  2004.2  89.8759  4.342  0.36  39.3  36  6.3188  93.15
396.07  256.709  1914.05  96.3552  211.87  0.38  39.3  36  6.3188  93.15
396.118  256.709  1875.26  94.1104  134.417  0.39  39.3  36  6.3188  93.15
396.168  256.709  2002.28  89.712  10.063  0.36  39.3  36  6.3188  93.15
396.216  256.838  1884.79  95.0567  166.128  0.39  40.7  36  6.3188  93.15
396.265  256.838  2015.4  89.9888  0.394  0.36  40.7  36  6.3188  93.15
396.314  256.838  1943.08  96.101  206.514  0.37  40.7  36  6.3188  93.15
396.363  256.838  1962.41  89.8833  3.996  0.37  40.7  36  6.3188  93.15
396.412  256.838  1980.94  88.8915  38.323  0.37  40.7  36  6.3188  93.15
396.46  256.967  1919.56  94.8885  163.58  0.38  40.7  36  6.3188  93.15
396.509  256.967  1955.28  89.8088  6.525  0.37  40  36  6.3188  93.15
396.558  256.967  2007.73  89.8961  3.642  0.36  40  36  6.3188  93.15
396.606  256.967  1916.49  96.1987  206.936  0.38  40  36  6.3188  93.15
396.655  257.095  1960.06  89.9531  1.603  0.37  40  36  6.3188  93.15
396.704  257.095  1931.68  95.0807  171.066  0.38  40  36  6.3188  93.15
396.753  257.095  1905  96.0719  201.503  0.38  40  36  6.3188  93.15
396.802  257.095  1973.24  89.0506  32.696  0.37  40.8  36  6.3188  92.75
396.85  257.095  2015.17  89.683  11.15  0.36  40.8  36  6.3188  92.75
396.899  257.224  1997.96  90.0193  0.673  0.36  40.8  36  6.3188  92.75
396.948  257.224  1967.7  89.1203  30.211  0.37  40.8  36  6.3188  92.75
396.997  257.224  1932.56  96.2549  210.557  0.38  40.8  36  6.3188  92.75
397.045  257.224  1875.53  95.3266  174.11  0.39  40.8  36  6.3188  92.75
397.094  257.353  1936.91  94.8555  163.948  0.37  40.8  36  6.3188  92.75
397.143  257.353  1901.91  96.421  212.698  0.38  40.8  36  6.3188  92.75
397.192  257.353  1870.65  94.0948  133.579  0.39  40.8  36  6.3188  92.75
397.24  257.353  2022.87  89.4874  18.096  0.36  40.8  36  6.3188  92.75
397.29  257.353  1894.7  94.9005  161.854  0.38  40.8  36  6.3188  92.6501
397.338  257.482  1895.76  95.1085  168.803  0.38  40.8  36  6.3188  92.55
397.387  257.482  2028.94  89.572  15.157  0.36  40.8  36  6.3188  92.55
397.436  257.482  1969.06  89.7732  7.795  0.37  40.8  36  6.3188  92.45
397.485  257.482  2025.6  90.0137  0.483  0.36  40.8  36  6.3188  92.45
397.533  257.611  1941.71  94.8486  164.118  0.37  40.8  36  6.3188  92.45
397.582  257.611  1871.16  95.3533  174.572  0.39  40.8  36  6.3188  92.45
397.631  257.611  1933.31  94.7811  161.139  0.38  40.8  36  6.3188  92.45
397.68  257.611  1893.67  95.0014  165.092  0.38  40.8  36  6.3188  92.45
397.728  257.739  1994.73  90.0183  0.636  0.36  39.9  36  6.3188  92.25
397.777  257.739  2009.88  89.518  16.91  0.36  39.9  36  6.3188  92.25
397.826  257.739  1879.92  94.9931  163.62  0.39  39.9  36  6.3188  92.25
397.875  257.739  1833.53  89.996  0.128  0.39  39.9  36  6.3188  92.25
397.923  257.868  2013.87  89.5739  14.975  0.36  39.9  36  6.3188  92.25
397.972  257.868  1960.12  89.8205  6.14  0.37  39.9  36  6.3188  92.05
398.021  257.868  2026.67  89.9699  1.065  0.36  40.9  36  6.3188  92.05
398.07  257.868  1921.99  96.0247  201.726  0.38  40.9  36  6.3188  92.05
398.118  257.868  1868.91  95.5069  179.35  0.39  40.9  36  6.3188  92.05
398.167  257.997  2012.7  89.7551  8.602  0.36  40.9  36  6.3188  92.05
398.216  257.997  1912.53  96.3635  211.976  0.38  40.9  36  6.3188  92.05
398.265  257.997  1835.1  90.0238  0.763  0.39  40.9  36  6.3188  92.05
398.313  257.997  2006.33  89.4984  17.566  0.36  40.6  36  6.3188  91.8501
398.362  258.126  1894.14  95.0931  168.152  0.38  40.6  36  6.3188  91.8501
398.411  258.126  1978.85  89.9307  2.395  0.37  40.6  36  6.3188  91.8501
398.46  258.126  1935.02  94.5028  151.916  0.38  40.6  36  6.3188  91.8501
398.508  258.126  1871.69  94.8577  158.498  0.39  40.6  36  6.3188  91.8501
398.557  258.255  1910.56  94.9698  165.513  0.38  40.6  36  6.3188  91.8501
398.606  258.255  1927.26  96.1395  206.119  0.38  40.1  36  6.3188  91.8501
398.655  258.255  1798.34  90.0189  0.593  0.4  40.1  36  6.3188  91.8501
398.704  258.255  1929.65  94.9966  168.065  0.38  40.1  36  6.3188  91.8501
398.752  258.255  1908.66  96.1941  205.94  0.38  40.1  36  6.3188  91.8501
398.801  258.383  1820.33  90.0646  2.051  0.4  40.1  36  6.3188  91.8501
398.85  258.383  1942.55  94.4065  149.252  0.37  40.1  36  6.3188  91.8501
398.899  258.383  1970.69  89.9151  2.919  0.37  40.5  36  6.3188  91.8501
398.948  258.383  1974.07  87.8529  73.957  0.37  40.5  36  6.3188  91.8501
398.997  258.383  2003.55  89.8204  6.281  0.36  40.5  36  6.3188  91.8501
399.045  258.512  1954.2  89.8518  5.054  0.37  40.5  36  6.3188  91.8501
399.094  258.512  1924.78  94.9782  167.025  0.38  40.5  36  6.3188  91.8501
399.143  258.512  1922.41  96.1182  204.89  0.38  40.5  36  6.3188  91.8501
399.192  258.512  1889  95.2915  174.21  0.38  41.4  36  6.3188  91.8501
399.241  258.641  1919.93  94.9599  165.994  0.38  41.4  36  6.3188  91.8501
399.289  258.641  1887.96  94.493  147.897  0.38  41.4  36  6.3188  91.8501
399.338  258.641  1891.97  95.2735  173.891  0.38  41.4  36  6.3188  91.8501
399.387  258.641  2021.47  89.6501  12.346  0.36  41.4  36  6.3188  91.8501
399.436  258.77  1893.6  96.2773  207.049  0.38  41.4  36  6.3188  91.8501
399.484  258.77  1969.38  88.9965  34.489  0.37  40.2  36  6.3188  91.8501
399.533  258.77  1920.36  94.7397  158.677  0.38  40.2  36  6.3188  91.8501
399.582  258.77  1956.35  89.7657  8  0.37  40.2  36  6.3188  91.8501
399.631  258.899  1918.16  94.9229  164.606  0.38  40.2  36  6.3188  91.8501
399.68  258.899  1934.11  96.2465  210.443  0.38  40.2  36  6.3188  91.8501
399.729  258.899  2006.83  89.9564  1.527  0.36  40.2  36  6.3188  91.8501
399.777  258.899  1991.35  89.6168  13.317  0.36  40.2  36  6.3188  91.8501
399.826  258.899  1898.97  96.1056  201.978  0.38  41  36  6.3188  91.8501
399.875  259.027  1893.23  95.2186  172.2  0.38  41  36  6.3188  91.8501
399.924  259.027  2028.5  89.5354  16.45  0.36  41  36  6.3188  91.8501
399.972  259.027  1868.7  95.1567  167.959  0.39  41  36  6.3188  91.8501
400.021  259.027  2030.74  90.0262  0.928  0.36  41  36  6.3188  91.8501
400.07  259.156  2017.88  89.6301  13.026  0.36  41  36  6.3188  91.8501
400.119  259.156  1951.93  89.7893  7.179  0.37  40.5  36  6.3188  91.8501
400.167  259.156  1935.02  95.1088  172.308  0.38  40.5  36  6.3188  91.8501
400.216  259.156  1903.59  94.5339  150.478  0.38  40.5  36  6.3188  91.8501
400.265  259.156  1992.77  89.9906  0.327  0.36  40.5  36  6.3188  91.8501
400.314  259.285  1922.89  95.2298  175.272  0.38  40.5  36  6.3188  91.8501
400.363  259.285  1901.93  94.8076  159.401  0.38  40.5  36  6.3188  91.8501
400.412  259.285  1835.1  90.0238  0.763  0.39  40.2  36  6.3188  91.8501
400.46  259.285  2030.98  89.6003  14.169  0.36  40.2  36  6.3188  91.8501
400.509  259.414  1888.43  95.1755  170.348  0.38  40.2  36  6.3188  91.8501
400.558  259.414  1985.62  89.8197  6.247  0.36  40.2  36  6.3188  91.8501
400.607  259.414  1931.91  96.1139  205.759  0.38  40.2  36  6.3188  91.8501
400.655  259.414  1969.59  89.9584  1.43  0.37  40.2  36  6.3188  91.8501
400.704  259.414  1996.75  89.7997  6.98  0.36  39.7  36  6.3188  91.8501
400.753  259.543  1910.8  96.3252  210.516  0.38  39.7  36  6.3188  91.8501
400.802  259.543  1886.15  95.0263  165.253  0.39  39.7  36  6.3188  91.8501
400.851  259.543  1944.98  94.8546  164.597  0.37  39.7  36  6.3188  91.8501
400.9  259.543  1886.49  95.0932  167.475  0.39  39.7  36  6.3188  91.8501
400.948  259.671  1878.8  95.0722  166.105  0.39  39.7  36  6.3188  91.8501
400.997  259.671  1920.36  94.7397  158.677  0.38  38.3  36  6.3188  91.8501
401.046  259.671  2002.02  89.9607  1.374  0.36  38.3  36  6.3188  91.8501
401.095  259.671  1987.55  89.8476  5.287  0.36  38.3  36  6.3188  91.8501
401.143  259.671  1925.07  96.0075  201.476  0.38  38.3  36  6.3188  91.8501
401.192  259.8  1969.59  89.9584  1.43  0.37  38.3  36  6.3188  91.8501
401.241  259.8  2039.04  90.0231  0.822  0.35  38.3  36  6.3188  91.8501
401.29  259.8  1915.78  94.7684  159.255  0.38  40.2  36  6.3188  91.8501
401.339  259.8  1890.6  94.9987  164.733  0.38  40.2  36  6.3188  91.8501
401.387  259.929  2020.4  89.4229  20.351  0.36  40.2  36  6.3188  91.8501
401.436  259.929  1897.44  94.8359  159.958  0.38  40.2  36  6.3188  91.8501
401.485  259.929  2005.77  89.9997  0.009  0.36  40.2  36  6.3188  91.8501
401.534  259.929  1948.04  94.5177  153.442  0.37  40.2  36  6.3188  91.8501
401.583  260.058  1978.22  89.8759  4.285  0.37  40  36  6.3188  91.8501
401.631  260.058  1996.75  89.7997  6.98  0.36  40  36  6.3188  91.8501
401.68  260.058  1944.38  94.4435  150.644  0.37  40  36  6.3188  91.8501
401.729  260.058  1874.73  95.4718  178.766  0.39  40  36  6.3188  91.8501
401.778  260.058  1927.62  94.9127  165.076  0.38  40  36  6.3188  91.8501
401.827  260.187  1912.59  96.0294  200.895  0.38  40  36  6.3188  91.8501
401.876  260.187  1882.05  93.9703  130.312  0.39  41.7  36  6.3188  91.8501
401.925  260.187  2001.58  89.7923  7.255  0.36  41.7  36  6.3188  91.8501
401.973  260.187  1895.23  94.7078  155.548  0.38  41.7  36  6.3188  91.8501
402.022  260.316  1836.68  90.0517  1.657  0.39  41.7  36  6.3188  91.8501
402.071  260.316  1930.12  94.4857  150.954  0.38  41.7  36  6.3188  91.8501
402.12  260.316  1957.56  89.8714  4.392  0.37  41.7  36  6.3188  91.8501
402.168  260.316  1980.22  88.7037  44.799  0.37  41.7  36  6.3188  91.8501
402.217  260.444  1921.89  94.7301  158.483  0.38  40.9  36  6.3188  91.8501
402.266  260.444  1863.12  95.5418  179.924  0.39  40.9  36  6.3188  91.8501
402.315  260.444  2042.19  90.0074  0.263  0.35  40.9  36  6.3188  91.8501
402.364  260.444  1897.2  96.3993  211.456  0.38  40.9  36  6.3188  91.8501
402.413  260.444  1892.08  94.9894  164.558  0.38  40.9  36  6.3188  91.8501
402.461  260.573  1938.14  95.09  171.954  0.37  40.9  36  6.3188  91.8501
402.51  260.573  1890  96.1559  202.672  0.38  41.1  36  6.3188  91.8501
402.559  260.573  1969.38  88.9965  34.489  0.37  41.1  36  6.3188  91.8501
402.608  260.573  2008.64  89.8324  5.874  0.36  41.1  36  6.3188  91.8501
402.656  260.702  1877.21  95.0569  165.467  0.39  41.1  36  6.3188  91.8501
402.705  260.702  1996.47  89.9156  2.94  0.36  41.1  36  6.3188  91.8501
402.754  260.702  1933.47  96.1054  205.638  0.38  41.1  36  6.3188  91.8501
402.803  260.702  1955.28  89.8088  6.525  0.37  39.7  36  6.3188  91.8501
402.852  260.702  2017.12  89.8479  5.354  0.36  39.7  36  6.3188  91.8501
402.9  260.831  1903.12  95.0378  167.118  0.38  39.7  36  6.3188  91.8501
402.949  260.831  1818.69  90.0018  0.057  0.4  39.7  36  6.3188  91.8501
402.998  260.831  1932.15  95.1743  174.252  0.38  39.7  36  6.3188  91.8501
403.047  260.831  1867.25  95.1657  168.121  0.39  39.7  36  6.3188  91.8501
403.096  260.96  1829.11  90.019  0.606  0.4  40.3  36  6.3188  91.8501
403.144  260.96  1933.21  94.466  150.534  0.38  40.3  36  6.3188  91.8501
403.193  260.96  1962.41  89.8833  3.996  0.37  40.3  36  6.3188  91.8501
403.242  260.96  1996.88  89.9516  1.686  0.36  40.3  36  6.3188  91.8501
403.291  261.088  1930.14  96.0755  204.284  0.38  40.3  36  6.3188  91.8501
403.339  261.088  1877.34  95.0813  166.273  0.39  40.3  36  6.3188  91.8501
403.388  261.088  2023.75  89.5605  15.524  0.36  41.6  36  6.3188  91.8501
403.437  261.088  1915.64  96.0123  200.648  0.38  41.6  36  6.3188  91.8501
403.486  261.217  1894.03  95.0719  167.442  0.38  41.6  36  6.3188  91.8501
403.534  261.217  1920.17  95.0064  167.566  0.38  41.6  36  6.3188  91.8501
403.583  261.217  1877.99  94.9114  160.785  0.39  41.6  36  6.3188  91.8501
403.632  261.217  1978.99  88.8645  39.219  0.37  41.6  36  6.3188  91.7501
403.681  261.217  2012.9  89.772  8.012  0.36  40.7  36  6.3188  91.6501
403.73  261.346  1873.15  94.8485  158.32  0.39  40.7  36  6.3188  91.6501
403.779  261.346  2033.38  89.9745  0.906  0.36  40.7  36  6.3188  91.6501
403.827  261.346  1917.31  94.7588  159.063  0.38  40.7  36  6.3188  91.6501
403.877  261.346  1880.15  95.3453  175.151  0.39  40.7  36  6.3188  91.5501
403.925  261.475  2050.1  89.9678  1.152  0.35  40.7  36  6.3188  91.5501
403.974  261.475  1913.22  96.1689  205.596  0.38  40.6  36  6.3188  91.5501
404.023  261.475  1875.26  94.1104  134.417  0.39  40.6  36  6.3188  91.5501
404.072  261.475  2014.04  89.7275  9.579  0.36  40.6  36  6.3188  91.5501
404.12  261.475  1887.15  96.5481  215.207  0.39  40.6  36  6.3188  91.5501
404.169  261.604  1964.3  89.1017  30.794  0.37  40.6  36  6.3188  91.5501
404.218  261.604  1925.94  94.8972  164.413  0.38  40.6  36  6.3188  91.5501
404.267  261.604  1966.48  89.8244  6.026  0.37  41.1  36  6.3188  91.2501
404.316  261.604  2041.7  89.9711  1.028  0.35  41.1  36  6.3188  91.2501
404.364  261.732  1925.29  96.0543  203.062  0.38  41.1  36  6.3188  91.2501
404.413  261.732  1882.19  95.145  168.788  0.39  41.1  36  6.3188  91.2501
404.462  261.732  1919.45  94.867  162.851  0.38  41.1  36  6.3188  91.2501
404.511  261.732  1981.25  89.8601  4.837  0.37  41.1  36  6.3188  91.2501
404.559  261.732  1944.11  88.9919  34.204  0.37  40  36  6.3188  91.1501
404.608  261.861  2027.52  89.735  9.379  0.36  40  36  6.3188  91.1501
404.657  261.861  1858.02  93.9699  128.637  0.39  40  36  6.3188  91.1501
404.706  261.861  1890.6  94.9987  164.733  0.38  40  36  6.3188  91.1501
404.754  261.861  1994.15  89.7165  9.866  0.36  40  36  6.3188  91.1501
404.803  261.99  1973.8  89.9934  0.229  0.37  40  36  6.3188  91.0501
404.852  261.99  1988.66  89.8038  6.81  0.36  40  36  6.3188  90.9501
404.901  261.99  1903.49  96.0803  201.623  0.38  41.2  36  6.3188  90.7501
404.949  261.99  1873.27  95.4806  178.913  0.39  41.2  36  6.3188  90.7501
404.998  261.99  1936.1  95.0056  168.931  0.38  41.2  36  6.3188  90.7501
405.047  262.119  1903.12  95.0378  167.118  0.38  41.2  36  6.3188  90.7501
405.096  262.119  1889.35  95.0536  166.429  0.38  41.2  36  6.3188  90.7501
405.145  262.119  2015.44  89.5656  15.279  0.36  41.2  36  6.3188  90.7501
405.193  262.119  1974.79  89.856  4.962  0.37  40.1  36  6.3188  90.5501
405.242  262.248  1975.81  88.9977  34.561  0.37  40.1  36  6.3188  90.5501
405.291  262.248  1941.25  94.4634  151.071  0.37  40.1  36  6.3188  90.5501
405.34  262.248  1876.98  95.0115  163.965  0.39  40.1  36  6.3188  90.5501
405.389  262.248  2010.13  89.9605  1.385  0.36  40.1  36  6.3188  90.5501
405.438  262.376  1910.18  96.1858  205.826  0.38  40.1  36  6.3188  90.5501
405.486  262.376  1885.59  95.2181  171.49  0.39  41  36  6.3188  90.5501
405.535  262.376  1930.7  94.8937  164.703  0.38  41  36  6.3188  90.5501
405.584  262.376  1904.11  96.2193  206.279  0.38  41  36  6.3188  90.5501
405.633  262.376  1827.55  89.9913  0.279  0.4  41  36  6.3188  90.5501
405.681  262.505  1938.13  94.4831  151.495  0.37  41  36  6.3188  90.5501
405.73  262.505  1873.73  95.2657  171.962  0.39  41  36  6.3188  90.5501
405.779  262.505  1996.47  89.9156  2.94  0.36  39.9  36  6.3188  90.5501
405.828  262.505  1901.21  94.6697  154.78  0.38  39.9  36  6.3188  90.5501
405.876  262.634  1870.7  94.9575  161.659  0.39  39.9  36  6.3188  90.5501
405.925  262.634  2005.33  89.8317  5.889  0.36  39.9  36  6.3188  90.5501
405.974  262.634  1918.83  94.7493  158.87  0.38  39.9  36  6.3188  90.5501
406.023  262.634  1882.42  95.1906  170.3  0.39  39.9  36  6.3188  90.5501
406.071  262.763  1943.97  94.6665  158.152  0.37  40.4  36  6.3188  90.5501
406.12  262.763  1900.68  96.1434  203.407  0.38  40.4  36  6.3188  90.5501
406.169  262.763  1887.97  95.392  177.412  0.38  40.4  36  6.3188  90.5501
406.218  262.763  2006.94  89.6876  10.942  0.36  40.4  36  6.3188  90.5501
406.267  262.763  1888.72  96.2102  204.313  0.39  40.4  36  6.3188  90.5501
406.315  262.892  2004.25  90.0075  0.261  0.36  40.4  36  6.3188  90.5501
406.364  262.892  1997.79  89.8884  3.891  0.36  41.6  36  6.3188  90.5501
406.413  262.892  1879.25  95.1631  169.118  0.39  41.6  36  6.3188  90.5501
406.462  262.892  2030.26  89.9902  0.348  0.36  41.6  36  6.3188  90.5501
406.51  263.02  1903.02  96.3202  209.493  0.38  41.6  36  6.3188  90.5501
406.559  263.02  1875.09  95.2357  171.107  0.39  41.6  36  6.3188  90.5501
406.608  263.02  2016.13  89.4845  18.138  0.36  41.6  36  6.3188  90.5501
406.657  263.02  1889.72  96.44  211.958  0.39  41.2  36  6.3188  90.5501
406.706  263.02  2006.83  89.9564  1.527  0.36  41.2  36  6.3188  90.5501
406.754  263.149  2015.61  89.7193  9.873  0.36  41.2  36  6.3188  90.5501
406.803  263.149  1897.92  94.9277  163.028  0.38  41.2  36  6.3188  90.5501
406.852  263.149  2012.34  90.0043  0.153  0.36  41.2  36  6.3188  90.5501
406.901  263.149  1941.94  96.2041  209.866  0.37  41.2  36  6.3188  90.5501
406.95  263.278  1970.15  89.7297  9.293  0.37  40.6  36  6.3188  90.5501
406.999  263.278  2031.82  89.9823  0.627  0.36  40.6  36  6.3188  90.5501
407.047  263.278  1902.81  96.2739  207.941  0.38  40.6  36  6.3188  90.5501
407.096  263.278  1864.63  94.0891  132.964  0.39  40.6  36  6.3188  90.5501
407.145  263.407  1922.76  94.8945  164.053  0.38  40.6  36  6.3188  90.5501
407.194  263.407  1891.72  94.9191  162.214  0.38  40.6  36  6.3188  90.5501
407.243  263.407  1979.95  89.8871  3.9  0.37  40.6  36  6.3188  90.5501
407.292  263.407  1939.43  94.4264  149.683  0.37  39.7  36  6.3188  90.5501
407.34  263.407  1989.53  89.9871  0.449  0.36  39.7  36  6.3188  90.5501
407.389  263.536  1986.44  89.8913  3.768  0.36  39.7  36  6.3188  90.5501
407.438  263.536  1941.29  96.0624  205.023  0.37  39.7  36  6.3188  90.5501
407.487  263.536  1871.38  95.3986  176.067  0.39  39.7  36  6.3188  90.5501
407.536  263.536  1923.96  95.1273  171.943  0.38  39.7  36  6.3188  90.5501
407.585  263.664  1900.48  96.0972  201.86  0.38  40.1  36  6.3188  90.5501
407.633  263.664  1889.35  95.0536  166.429  0.38  40.1  36  6.3188  90.5501
407.682  263.664  2019.45  89.6219  13.327  0.36  40.1  36  6.3188  90.5501
407.731  263.664  1885.07  96.4184  210.73  0.39  40.1  36  6.3188  90.5501
407.78  263.664  1829.2  90.0543  1.735  0.4  40.1  36  6.3188  90.5501
407.828  263.793  1994.84  89.6365  12.657  0.36  40.1  36  6.3188  90.5501
407.877  263.793  1977.19  90.0131  0.453  0.37  40.3  36  6.3188  90.5501
407.926  263.793  1912.45  90.0266  0.887  0.38  40.3  36  6.3188  90.5501
407.975  263.793  1929.33  94.6353  155.915  0.38  40.3  36  6.3188  90.5501
408.023  263.922  1950.86  89.8322  5.712  0.37  40.3  36  6.3188  90.5501
408.072  263.922  2040.13  89.979  0.746  0.35  40.3  36  6.3188  90.5501
408.121  263.922  1906.24  96.35  210.835  0.38  40.3  36  6.3188  90.5501
408.17  263.922  1886.97  94.0312  132.652  0.38  40.1  36  6.3188  90.5501
408.218  263.922  1937.41  94.9493  167.148  0.37  40.1  36  6.3188  90.5501
408.267  264.051  1869.48  95.0119  163.322  0.39  40.1  36  6.3188  90.5501
408.316  264.051  1953.47  88.8616  38.812  0.37  40.1  36  6.3188  90.5501
408.365  264.051  1931.68  95.0807  171.066  0.38  40.1  36  6.3188  90.5501
408.414  264.051  1876.2  95.1569  168.639  0.39  40.1  36  6.3188  90.5501
408.462  264.18  1904.64  90.0296  0.983  0.38  40.9  36  6.3188  90.5501
408.511  264.18  1921.39  94.6372  155.337  0.38  40.9  36  6.3188  90.5501
408.56  264.18  1966.88  89.8599  4.811  0.37  40.9  36  6.3188  90.5501
408.609  264.18  1914.31  95.0901  169.841  0.38  40.9  36  6.3188  90.5501
408.657  264.18  1904.52  96.3119  209.386  0.38  40.9  36  6.3188  90.5501
408.706  264.308  1875.01  94.0652  132.924  0.39  40.9  36  6.3188  90.5501
408.755  264.308  2020.15  89.5407  16.195  0.36  41.3  36  6.3188  90.5501
408.804  264.308  1884.79  95.0567  166.128  0.39  41.3  36  6.3188  90.5501
408.852  264.308  1982.29  89.9507  1.707  0.36  41.3  36  6.3188  90.5501
408.901  264.437  1919.13  96.0885  203.55  0.38  41.3  36  6.3188  90.5501
408.95  264.437  1955.4  89.9574  1.453  0.37  41.3  36  6.3188  90.5501
408.999  264.437  1992.18  88.749  43.493  0.36  41.3  36  6.3188  90.5501
409.048  264.437  1910.67  94.9913  166.236  0.38  41.9  36  6.3188  90.5501
409.096  264.566  1888.78  95.2458  172.687  0.38  41.9  36  6.3188  90.5501
409.145  264.566  2006.46  89.7875  7.441  0.36  41.9  36  6.3188  90.5501
409.194  264.566  1928.1  96.3271  212.486  0.38  41.9  36  6.3188  90.5501
409.243  264.566  1885.23  95.4556  179.236  0.39  41.9  36  6.3188  90.5501
409.292  264.695  2013.61  89.6912  10.853  0.36  41.9  36  6.3188  90.5501
409.34  264.695  1871.92  94.903  159.992  0.39  40.9  36  6.3188  90.5501
409.389  264.695  1892.54  95.081  167.613  0.38  40.9  36  6.3188  90.5501
409.438  264.695  2006.51  89.6514  12.207  0.36  40.9  36  6.3188  90.5501
409.487  264.695  1982.09  90.0253  0.877  0.36  40.9  36  6.3188  90.5501
409.536  264.824  1919.45  94.867  162.851  0.38  40.9  36  6.3188  90.5501
409.584  264.824  1908.74  94.6218  153.802  0.38  40.9  36  6.3188  90.5501
409.633  264.824  1870.57  95.5435  180.7  0.39  41.7  36  6.3188  90.5501
409.682  264.824  2011.88  89.5459  15.944  0.36  41.7  36  6.3188  90.5501
409.731  264.952  1884.97  94.795  157.565  0.39  41.7  36  6.3188  90.5501
409.779  264.952  1870.65  94.0948  133.579  0.39  41.7  36  6.3188  90.5501
409.828  264.952  1925.26  95.0714  170.187  0.38  41.7  36  6.3188  90.5501
409.878  264.952  1884.33  94.9655  163.098  0.39  41.7  36  6.3188  90.5501
409.926  264.952  1957.33  89.1793  28.035  0.37  41.7  36  6.3188  90.5501
409.975  265.081  1931.63  94.7657  160.481  0.38  40.8  36  6.3188  90.5501
410.024  265.081  1811.41  90.0209  0.66  0.4  40.8  36  6.3188  90.5501
410.072  265.081  1914.87  94.8954  163.408  0.38  40.8  36  6.3188  90.5501
410.121  265.081  1924.8  96.2969  211.115  0.38  40.8  36  6.3188  90.5501
410.17  265.21  1969.73  89.6942  10.512  0.37  40.8  36  6.3188  90.5501
410.219  265.21  2006.77  89.5346  16.301  0.36  40.8  36  6.3188  90.5501
410.268  265.21  1901.62  95.047  167.292  0.38  40  36  6.3188  90.5501
410.316  265.21  1815.79  90.017  0.538  0.4  40  36  6.3188  90.5501
410.365  265.21  2013.61  89.6912  10.853  0.36  40  36  6.3188  90.5501
410.414  265.339  1900.43  94.8171  159.588  0.38  40  36  6.3188  90.5501
410.463  265.339  1898.83  93.9509  130.833  0.38  40  36  6.3188  90.5501
410.512  265.339  1927.15  94.2379  142.411  0.38  40  36  6.3188  90.5501
410.56  265.339  1974.25  90.0283  0.976  0.37  40.6  36  6.3188  90.5501
410.609  265.468  2005.33  89.8317  5.889  0.36  40.6  36  6.3188  90.5501
410.658  265.468  1905.66  94.927  163.669  0.38  40.6  36  6.3188  90.5501
410.707  265.468  1873.41  95.1993  169.768  0.39  40.6  36  6.3188  90.5501
410.756  265.468  2015  89.5293  16.554  0.36  40.6  36  6.3188  90.5501
410.805  265.597  1909.48  96.38  212.185  0.38  40.6  36  6.3188  90.5501
410.853  265.597  1964.52  89.9299  2.405  0.37  39.3  36  6.3188  90.5501
410.902  265.597  2021.29  89.4958  17.786  0.36  39.3  36  6.3188  90.5501
410.951  265.597  1888.05  94.8007  158.01  0.38  39.3  36  6.3188  90.5501
411  265.725  1983.81  89.9428  1.98  0.36  39.3  36  6.3188  90.5501
411.049  265.725  1917.55  94.8052  160.63  0.38  39.3  36  6.3188  90.5501
411.097  265.725  1946.46  89.8556  4.905  0.37  39.3  36  6.3188  90.5501
411.146  265.725  2008.3  88.8497  40.318  0.36  40  36  6.3188  90.5501
411.195  265.725  1918.09  94.6101  154.167  0.38  40  36  6.3188  90.5501
411.244  265.854  1881.4  95.2908  173.484  0.39  40  36  6.3188  90.5501
411.292  265.854  1936.17  94.715  159.153  0.37  40  36  6.3188  90.5501
411.341  265.854  1878.9  95.0933  166.804  0.39  40  36  6.3188  90.5501
411.39  265.854  1878.46  95.3087  173.799  0.39  40  36  6.3188  90.5501
411.439  265.983  1928.1  95.006  168.246  0.38  41.2  36  6.3188  90.5501
411.488  265.983  1885.57  94.9106  161.407  0.39  41.2  36  6.3188  90.5501
411.537  265.983  1978.44  89.895  3.625  0.37  41.2  36  6.3188  90.5501
411.585  265.983  1937.27  95.8912  198.842  0.38  41.2  36  6.3188  90.5501
411.634  265.983  1877.65  95.4542  178.47  0.39  41.2  36  6.3188  90.5501
411.683  266.112  1936.34  95.0525  170.531  0.38  41.2  36  6.3188  90.5501
411.732  266.112  1918.59  94.7029  157.302  0.38  39.5  36  6.3188  90.5501
411.781  266.112  1885.49  94.0411  132.876  0.38  39.5  36  6.3188  90.5501
411.83  266.112  1925.5  95.118  171.769  0.38  39.5  36  6.3188  90.5501
411.878  266.241  1900.19  94.7711  158.049  0.38  39.5  36  6.3188  90.5501
411.927  266.241  1875.87  95.0904  166.441  0.39  39.5  36  6.3188  90.5501
411.976  266.241  2000.73  89.7202  9.772  0.36  39.5  36  6.3188  90.5501
412.025  266.241  1869.25  94.9667  161.832  0.39  40.5  36  6.3188  90.5501
412.074  266.241  1902.54  94.9243  163.313  0.38  40.5  36  6.3188  90.5501
412.123  266.369  1930.88  94.6256  155.714  0.38  40.5  36  6.3188  90.5501
412.171  266.369  1948.99  89.8049  6.635  0.37  40.5  36  6.3188  90.5501
412.22  266.369  2011.99  89.8358  5.767  0.36  40.5  36  6.3188  90.5501
412.269  266.369  1906.56  94.8006  159.557  0.38  40.5  36  6.3188  90.5501
412.318  266.498  1886.15  95.0263  165.253  0.39  40.9  36  6.3188  90.5501
412.367  266.498  1992.88  89.6087  13.611  0.36  40.9  36  6.3188  90.5501
412.415  266.498  1888.72  96.2102  204.313  0.39  40.9  36  6.3188  90.5501
412.464  266.498  1946.22  89.1675  28.279  0.37  40.9  36  6.3188  90.5501
412.513  266.627  2013.33  89.8083  6.738  0.36  40.9  36  6.3188  90.5501
412.562  266.627  1997.96  90.0193  0.673  0.36  40.9  36  6.3188  90.5501
412.61  266.627  2001.94  89.964  1.26  0.36  40.9  36  6.3188  90.5501
412.659  266.627  1918.44  96.2836  209.973  0.38  40.6  36  6.3188  90.5501
412.708  266.627  1952.73  89.8596  4.785  0.37  40.6  36  6.3188  90.5501
412.757  266.756  1850.21  90.0182  0.587  0.39  40.6  36  6.3188  90.5501
412.805  266.756  1913.7  94.9726  165.878  0.38  40.6  36  6.3188  90.5501
412.854  266.756  1856.48  93.9591  128.178  0.39  40.6  36  6.3188  90.5501
412.903  266.756  2006.33  89.4984  17.566  0.36  40.6  36  6.3188  90.5501
412.952  266.885  1880.92  94.8929  160.429  0.39  38.5  36  6.3188  90.5501
413.001  266.885  1976.43  88.9177  37.333  0.37  38.5  36  6.3188  90.5501
413.049  266.885  1936.32  94.4462  150.11  0.37  38.5  36  6.3188  90.5501
413.098  266.885  1879.22  94.8567  159.102  0.39  38.5  36  6.3188  90.5501
413.147  266.885  1978.81  88.9804  35.211  0.37  38.5  36  6.3188  90.5501
413.196  267.013  1919.56  94.8885  163.58  0.38  38.5  36  6.3188  90.5501
413.245  267.013  1857.27  94.9496  160.246  0.39  40.2  36  6.3188  90.5501
413.294  267.013  1915.35  94.988  166.536  0.38  40.2  36  6.3188  90.5501
413.343  267.013  1914.75  96.1605  205.48  0.38  40.2  36  6.3188  90.5501
413.391  267.142  1899.66  95.2742  174.621  0.38  40.2  36  6.3188  90.5501
413.44  267.142  2017.26  89.4397  19.725  0.36  40.2  36  6.3188  90.5501
413.489  267.142  1893.8  96.3234  208.585  0.38  40.2  36  6.3188  90.5501
413.538  267.142  1842.63  90.021  0.676  0.39  40.2  36  6.3188  90.5501
413.587  267.271  1928.58  94.4955  151.163  0.38  40.2  36  6.3188  90.5501
413.636  267.271  1868.7  95.1567  167.959  0.39  40.2  36  6.3188  90.5501
413.684  267.271  1990.93  88.9107  37.848  0.36  40.2  36  6.3188  90.5501
413.733  267.271  2008.49  89.6795  11.237  0.36  40.2  36  6.3188  90.5501
413.782  267.271  1873.27  95.4806  178.913  0.39  40.2  36  6.3188  90.5501
413.831  267.4  2027.89  89.909  3.222  0.36  40.4  36  6.3188  90.5501
413.88  267.4  1903.12  95.0378  167.118  0.38  40.4  36  6.3188  90.5501
413.928  267.4  1885.24  93.9957  131.367  0.38  40.4  36  6.3188  90.5501
413.977  267.4  2004.68  89.7762  7.83  0.36  40.4  36  6.3188  90.5501
414.026  267.529  1867.08  96.424  208.897  0.39  40.4  36  6.3188  90.5501
414.075  267.529  2020.96  90.037  1.306  0.36  40.4  36  6.3188  90.5501
414.124  267.529  1925.7  94.8506  162.832  0.38  40.4  36  6.3188  90.5501
414.172  267.529  1964.17  89.7615  8.176  0.37  40.4  36  6.3188  90.5501
414.221  267.529  2006.46  89.7875  7.441  0.36  40.4  36  6.3188  90.5501
414.27  267.657  1906.85  96.4893  215.508  0.38  40.4  36  6.3188  90.5501
414.319  267.657  1956.88  89.9497  1.718  0.37  40.4  36  6.3188  90.5501
414.368  267.657  1922.66  95.1832  173.693  0.38  40.4  36  6.3188  90.5501
414.416  267.657  1905.33  96.4974  215.605  0.38  41  36  6.3188  90.5501
414.465  267.786  1823.25  90.0494  1.572  0.4  41  36  6.3188  90.5501
414.514  267.786  2015.61  89.7193  9.873  0.36  41  36  6.3188  90.5501
414.563  267.786  1969.88  89.8441  5.358  0.37  41  36  6.3188  90.5501
414.611  267.786  1992.98  89.8955  3.634  0.36  41  36  6.3188  90.5501
414.661  267.915  1921.39  94.6372  155.337  0.38  41  36  6.3188  90.5501
414.709  267.915  1986.55  90.0024  0.084  0.36  39.1  36  6.3188  90.5501
414.758  267.915  2013.87  89.9966  0.121  0.36  39.1  36  6.3188  90.5501
414.807  267.915  1914.74  94.8705  162.57  0.38  39.1  36  6.3188  90.5501
414.856  267.915  1873.05  95.4352  177.414  0.39  39.1  36  6.3188  90.5501
414.904  268.044  2046.93  89.9837  0.584  0.35  39.1  36  6.3188  90.5501
414.953  268.044  1895.17  94.9922  164.917  0.38  39.1  36  6.3188  90.5501
415.002  268.044  1884.54  90.0231  0.759  0.38  39.1  36  6.3188  90.5501
415.051  268.044  1940.71  94.6608  157.695  0.37  38.8  36  6.3188  90.5501
415.099  268.173  1894.89  96.223  205.402  0.38  38.8  36  6.3188  90.5501
415.148  268.173  2014.93  89.9531  1.651  0.36  38.8  36  6.3188  90.5501
415.197  268.173  1918.28  94.9444  165.334  0.38  38.8  36  6.3188  90.5501
415.246  268.173  1942.08  89.8788  4.107  0.37  38.8  36  6.3188  90.5501
415.295  268.301  1998.01  89.9077  3.218  0.36  38.8  36  6.3188  90.5501
415.343  268.301  1914.92  94.3174  144.16  0.38  41.1  36  6.3188  90.5501
415.392  268.301  1888.1  95.1085  168.121  0.38  41.1  36  6.3188  90.5501
415.441  268.301  1928.34  95.0527  169.832  0.38  41.1  36  6.3188  90.5501
415.49  268.301  1881.61  95.0294  164.957  0.39  41.1  36  6.3188  90.5501
415.538  268.43  1882.19  95.145  168.788  0.39  41.1  36  6.3188  90.5501
415.587  268.43  2014.56  89.4929  17.829  0.36  41.1  36  6.3188  90.5501
415.636  268.43  1891.39  95.1573  170.017  0.38  40.9  36  6.3188  90.5501
415.685  268.43  1965.97  88.9782  35.059  0.37  40.9  36  6.3188  90.5501
415.733  268.559  1931.38  94.719  158.891  0.38  40.9  36  6.3188  90.5501
415.782  268.559  1959.04  89.8636  4.662  0.37  40.9  36  6.3188  90.5501
415.831  268.559  1919.21  94.8205  161.281  0.38  40.9  36  6.3188  90.5501
415.88  268.559  1919.76  96.2285  208.284  0.38  40.9  36  6.3188  90.5501
415.928  268.559  1883.31  95.3731  176.355  0.39  41  36  6.3188  90.5501
415.977  268.688  1935.36  94.8651  164.137  0.38  41  36  6.3188  90.5501
416.026  268.688  1966.2  89.9385  2.11  0.37  41  36  6.3188  90.5501
416.075  268.688  1827.74  90.0619  1.976  0.4  41  36  6.3188  90.5501
416.123  268.688  2024.89  89.5156  17.12  0.36  41  36  6.3188  90.5501
416.172  268.817  1889.68  94.529  149.216  0.38  41  36  6.3188  90.5501
416.221  268.817  1969.73  88.7656  42.432  0.37  41.3  36  6.3188  90.5501
416.27  268.817  1925.46  94.804  161.252  0.38  41.3  36  6.3188  90.5501
416.318  268.817  1869.12  95.5522  180.843  0.39  41.3  36  6.3188  90.5501
416.367  268.945  1999.13  89.8637  4.755  0.36  41.3  36  6.3188  90.5501
416.416  268.945  1906.37  95.0654  168.318  0.38  41.3  36  6.3188  90.5501
416.465  268.945  1912.2  95.2939  176.427  0.38  41.3  36  6.3188  90.5501
416.513  268.945  1935.53  94.5964  155.105  0.37  41  36  6.3188  90.5501
416.562  268.945  1923.67  96.399  214.395  0.38  41  36  6.3188  90.5501
416.611  269.074  1836.68  90.0517  1.657  0.39  41  36  6.3188  90.5501
416.66  269.074  1924.16  94.8601  163.02  0.38  41  36  6.3188  90.5501
416.708  269.074  1896.66  94.9829  164.741  0.38  41  36  6.3188  90.5501
416.757  269.074  1964.17  87.9554  70.076  0.37  41  36  6.3188  90.5501
416.806  269.203  1927.68  96.2333  209.301  0.38  40  36  6.3188  90.5501
416.855  269.203  1869.48  95.0119  163.322  0.39  40  36  6.3188  90.5501
416.903  269.203  1986.82  88.9729  35.615  0.36  40  36  6.3188  90.5501
416.952  269.203  1922.14  94.7766  160.058  0.38  40  36  6.3188  90.5501
417.001  269.332  1872.96  95.1085  166.774  0.39  40  36  6.3188  90.5501
417.05  269.332  2039.04  90.0231  0.822  0.35  40  36  6.3188  90.5501
417.098  269.332  1888.52  96.1642  202.786  0.39  39.1  36  6.3188  90.5501
417.147  269.332  1946.22  89.1675  28.279  0.37  39.1  36  6.3188  90.5501
417.196  269.332  1935.53  94.5964  155.105  0.37  39.1  36  6.3188  90.5501
417.245  269.461  1884.33  94.9655  163.098  0.39  39.1  36  6.3188  90.5501
417.293  269.461  1967.2  88.8187  40.554  0.37  39.1  36  6.3188  90.5501
417.343  269.461  2001.58  89.7923  7.255  0.36  39.1  36  6.3188  90.5501
417.392  269.461  1947.25  89.9257  2.525  0.37  39.1  36  6.3188  90.5501
417.44  269.589  2002.23  89.8478  5.32  0.36  40.2  36  6.3188  90.5501
417.489  269.589  1913.64  94.6606  155.488  0.38  40.2  36  6.3188  90.5501
417.538  269.589  1870.72  95.2626  171.583  0.39  40.2  36  6.3188  90.5501
417.587  269.589  2013  89.5013  17.522  0.36  40.2  36  6.3188  90.5501
417.635  269.589  1878.68  95.0478  165.298  0.39  40.2  36  6.3188  90.5501
417.684  269.718  1842.72  90.0566  1.822  0.39  40.2  36  6.3188  90.5501
417.733  269.718  1924.96  94.7109  158.093  0.38  40  36  6.3188  90.5501
417.782  269.718  1883.39  96.3807  209.309  0.39  40  36  6.3188  90.5501
417.83  269.718  1994.51  89.8876  3.913  0.36  40  36  6.3188  90.5501
417.879  269.847  1935.47  94.8868  164.879  0.38  40  36  6.3188  90.5501
417.928  269.847  1792.59  90.0142  0.443  0.4  40  36  6.3188  90.5501
417.977  269.847  2007.17  89.707  10.264  0.36  40  36  6.3188  90.5501
418.026  269.847  1905.62  96.2109  206.167  0.38  41.1  36  6.3188  90.5501
418.075  269.847  1807.05  90.0273  0.861  0.4  41.1  36  6.3188  90.5501
418.124  269.976  2005.81  89.7319  9.384  0.36  41.1  36  6.3188  90.5501
418.172  269.976  1891.25  94.8276  159.164  0.38  41.1  36  6.3188  90.5501
418.221  269.976  2030.74  90.0262  0.928  0.36  41.1  36  6.3188  90.5501
418.27  269.976  1938.89  94.6236  156.295  0.37  41.1  36  6.3188  90.5501
418.319  270.105  1883.31  95.0659  166.298  0.39  40.4  36  6.3188  90.5501
418.367  270.105  1996.88  89.9516  1.686  0.36  40.4  36  6.3188  90.5501
418.416  270.105  1910.43  94.945  164.679  0.38  40.4  36  6.3188  90.5501
418.465  270.105  1887.52  95.3005  174.369  0.38  40.4  36  6.3188  90.5501
418.514  270.234  2013.26  89.9446  1.946  0.36  40.4  36  6.3188  90.5501
418.562  270.234  1898.39  95.0196  166.101  0.38  40.4  36  6.3188  90.5501
418.611  270.234  1885.49  94.0411  132.876  0.38  40.9  36  6.3188  90.5501
418.66  270.234  1922.89  95.2298  175.272  0.38  40.9  36  6.3188  90.5501
418.709  270.234  1899.8  96.2905  208.158  0.38  40.9  36  6.3188  90.5501
418.757  270.362  1890.6  94.9987  164.733  0.38  40.9  36  6.3188  90.5501
418.806  270.362  1936.53  94.7836  161.492  0.37  40.9  36  6.3188  90.5501
418.855  270.362  1812.85  90.0133  0.421  0.4  40.9  36  6.3188  90.5501
418.904  270.362  1978.81  88.9804  35.211  0.37  42  36  6.3188  90.5501
418.953  270.491  1901.93  94.8076  159.401  0.38  42  36  6.3188  90.5501
419.001  270.491  1858.94  95.2887  171.345  0.39  42  36  6.3188  90.5501
419.05  270.491  1908.81  94.933  164.139  0.38  42  36  6.3188  90.5501
419.099  270.491  1906.45  94.7792  158.839  0.38  42  36  6.3188  90.5501
419.148  270.62  1871.95  95.2083  169.929  0.39  42  36  6.3188  90.5501
419.196  270.62  1957.29  95.0237  171.396  0.37  40.5  36  6.3188  90.5501
419.245  270.62  1885.66  96.5562  215.3  0.39  40.5  36  6.3188  90.5501
419.294  270.62  1978.81  88.9804  35.211  0.37  40.5  36  6.3188  90.5501
419.343  270.62  2006.94  89.6876  10.942  0.36  40.5  36  6.3188  90.5501
419.391  270.749  1887.28  94.947  162.747  0.38  40.5  36  6.3188  90.5501
419.44  270.749  1892.77  95.1269  169.141  0.38  40.5  36  6.3188  90.5501
419.489  270.749  1915.85  96.0589  202.219  0.38  41  36  6.3188  90.5501
419.538  270.749  1878.9  95.3998  176.813  0.39  41  36  6.3188  90.5501
419.586  270.878  1933.56  94.8279  162.733  0.38  41  36  6.3188  90.5501
419.635  270.878  1924.38  96.2033  207.941  0.38  41  36  6.3188  90.5501
419.684  270.878  2006.24  90.0353  1.235  0.36  41  36  6.3188  90.5501
419.733  270.878  1950.95  95.0617  172.129  0.37  41  36  6.3188  90.5501
419.781  270.878  1874.37  96.3836  208.402  0.39  41.5  37  6.3188  90.5501
419.83  271.006  1973.91  89.9185  2.806  0.37  41.5  37  6.3188  90.5501
419.879  271.006  1921.09  94.8791  163.395  0.38  41.5  37  6.3188  90.5501
419.928  271.006  1880.6  95.1297  168.144  0.39  41.5  37  6.3188  90.5501
419.976  271.006  2018.95  90.009  0.317  0.36  41.5  37  6.3188  90.5501
420.025  271.135  1915.29  94.6758  156.128  0.38  41.5  37  6.3188  90.5501
420.074  271.135  1892.64  95.4111  178.479  0.38  41.5  37  6.3188  90.5501
420.123  271.135  1927.86  94.9593  166.66  0.38  40.7  39  6.3188  90.5501
420.171  271.135  1890.92  94.4737  147.495  0.38  40.7  39  6.3188  90.5501
420.22  271.264  1972.81  89.9619  1.312  0.37  40.7  39  6.3188  90.5501
420.269  271.264  2023.56  89.4059  20.981  0.36  40.7  39  6.3188  90.5501
420.318  271.264  1997.03  89.9485  1.795  0.36  40.7  39  6.3188  90.5501
420.366  271.264  1968.76  89.0762  31.741  0.37  40.7  39  6.3188  90.5501
420.415  271.264  1936.53  94.7836  161.492  0.37  40.3  42  6.3188  90.5501
420.464  271.393  1887.03  96.1725  202.899  0.39  40.3  42  6.3188  90.5501
420.513  271.393  2022.03  89.9934  0.233  0.36  40.3  42  6.3188  90.5501
420.561  271.393  1930.57  94.8687  163.851  0.38  40.3  42  6.3188  90.5501
420.61  271.393  1873.27  95.4806  178.913  0.39  40.3  42  6.3188  90.5501
420.659  271.522  2013.84  89.7106  10.17  0.36  40.3  42  6.3188  90.5501
420.708  271.522  1901.3  96.2822  208.05  0.38  40  42  6.3188  90.5501
420.756  271.522  1886.84  95.1634  169.808  0.38  40  42  6.3188  90.5501
420.805  271.522  2017.26  89.4397  19.725  0.36  40  42  6.3188  90.5501
420.854  271.65  1869.6  96.3169  205.706  0.39  40  42  6.3188  90.5501
420.903  271.65  1961.09  88.9685  35.303  0.37  40  42  6.3188  90.5501
420.951  271.65  1914.5  94.8242  161.007  0.38  40  42  6.3188  90.5501
421  271.65  1994.02  89.964  1.254  0.36  40.1  42  6.3188  90.5501
421.049  271.779  2037.47  90.0309  1.1  0.36  40.1  42  6.3188  90.5501
421.097  271.779  1984.7  89.88  4.155  0.36  40.1  42  6.3188  90.5501
421.146  271.779  1888.19  95.4378  178.935  0.38  40.1  42  6.3188  90.5501
421.195  271.779  1925.59  94.829  162.099  0.38  40.1  42  6.3188  90.5501
421.244  271.908  1910.59  96.2787  208.952  0.38  40.1  42  6.3188  90.5501
421.293  271.908  1864.48  95.2079  169.239  0.39  39.5  42  6.3188  90.5501
421.341  271.908  2007.79  89.76  8.41  0.36  39.5  42  6.3188  90.5501
421.39  271.908  1900.68  96.1434  203.407  0.38  39.5  42  6.3188  90.5501
421.439  272.037  1832.06  90.0037  0.117  0.39  39.5  42  6.3188  90.5501
421.488  272.037  1936.28  94.7367  159.894  0.37  39.5  42  6.3188  90.5501
421.536  272.037  1981.63  89.9902  0.338  0.37  39.5  42  6.3188  90.5501
421.585  272.037  2023.58  89.9856  0.51  0.36  39.8  42  6.3188  90.5501
421.634  272.166  1924.17  96.1565  206.355  0.38  39.8  42  6.3188  90.5501
421.683  272.166  1874.95  95.5173  180.268  0.39  39.8  42  6.3188  90.5501
421.732  272.166  1944.48  94.7605  161.373  0.37  39.8  42  6.3188  90.5501
421.78  272.166  1917.21  94.4463  148.632  0.38  39.8  42  6.3188  90.5501
421.829  272.294  1893.69  95.3103  175.261  0.38  39.8  42  6.3188  90.5501
421.878  272.294  1939.28  94.6956  158.755  0.37  39.9  42  6.3188  90.5501
421.927  272.294  1885.96  96.2726  206.057  0.39  39.9  42  6.3188  90.5501
421.975  272.423  1839.55  90.0008  0.025  0.39  39.9  42  6.3188  90.5501
422.024  272.423  1932.12  94.8591  163.662  0.38  39.9  42  6.3188  90.5501
422.073  272.423  1880.14  95.0386  165.128  0.39  39.9  42  6.3188  90.5501
422.122  272.423  1913.83  94.9974  166.715  0.38  39.9  42  6.3188  90.5501
422.171  272.552  1919.37  94.5541  152.398  0.38  39.3  42  6.3188  90.5501
422.22  272.552  1866.15  95.2441  170.565  0.39  39.3  42  6.3188  90.5501
422.268  272.552  1929.89  95.0433  169.654  0.38  39.3  42  6.3188  90.5501
422.317  272.552  1897.88  96.2064  205.18  0.38  39.3  42  6.3188  90.5501
422.366  272.681  1901.51  95.0257  166.577  0.38  39.3  42  6.3188  90.5501
422.415  272.681  1933.21  94.466  150.534  0.38  39.3  42  6.3188  90.5501
422.464  272.681  1895.23  94.7078  155.548  0.38  39.3  42  6.3188  90.5501
422.512  272.681  2003.48  89.9561  1.537  0.36  40.8  42  6.3188  90.5501
422.561  272.81  1920.61  94.7861  160.249  0.38  40.8  42  6.3188  90.5501
422.61  272.81  1872.61  95.0389  164.475  0.39  40.8  42  6.3188  90.5501
422.659  272.81  2001.94  89.964  1.26  0.36  40.8  42  6.3188  90.5501
422.708  272.938  1918.64  96.3303  211.55  0.38  40.8  42  6.3188  90.5501
422.756  272.938  1890.94  95.3742  177.104  0.38  40.8  42  6.3188  90.5501
422.805  272.938  1925.34  94.7824  160.518  0.38  41.4  42  6.3188  90.5501
422.854  272.938  1895.17  94.9922  164.917  0.38  41.4  42  6.3188  90.5501
422.903  273.067  1961.76  89.1541  28.962  0.37  41.4  42  6.3188  90.5501
422.951  273.067  1928.1  95.006  168.246  0.38  41.4  42  6.3188  90.5501
423  273.067  1878.9  95.0933  166.804  0.39  41.4  42  6.3188  90.5501
423.049  273.067  1974.49  88.8907  38.227  0.37  41.4  42  6.3188  90.5501
423.098  273.196  1924.16  94.8601  163.02  0.38  40.3  42  6.3188  90.5501
423.146  273.196  1852.65  95.5125  177.97  0.39  40.3  42  6.3188  90.5501
423.195  273.196  2002.51  89.7314  9.388  0.36  40.3  42  6.3188  90.5501
423.244  273.196  1913.22  96.1689  205.596  0.38  40.3  42  6.3188  90.5501
423.293  273.325  1890.49  95.2825  174.051  0.38  40.3  42  6.3188  90.5501
423.341  273.325  1930.95  94.9404  166.293  0.38  40.3  42  6.3188  90.5501
423.39  273.325  1886.36  96.3644  209.105  0.39  40  42  6.3188  90.5501
423.439  273.325  1991.73  89.7878  7.377  0.36  40  42  6.3188  90.5501
423.488  273.454  2022.61  89.6053  13.933  0.36  40  42  6.3188  90.5501
423.536  273.454  1891.01  94.7819  157.64  0.38  40  42  6.3188  90.5501
423.585  273.454  1976.43  88.9177  37.333  0.37  40  42  6.3188  90.5501
423.635  273.582  2005.53  89.8485  5.303  0.36  40  42  6.3188  90.5501
423.683  273.582  1864.91  94.9941  162.346  0.39  40.3  42  6.3188  90.5501
423.732  273.582  1924.29  94.885  163.867  0.38  40.3  42  6.3188  90.5501
423.781  273.582  1906.72  96.1098  202.939  0.38  40.3  42  6.3188  90.5501
423.83  273.711  1872.35  94.1301  134.85  0.39  40.3  42  6.3188  90.5501
423.878  273.711  2048.51  89.9757  0.867  0.35  40.3  42  6.3188  90.5501
423.927  273.711  1892.26  94.7267  155.928  0.38  40.3  42  6.3188  90.5501
423.976  273.711  1974.32  89.9541  1.582  0.37  40.1  42  6.3188  90.5501
424.025  273.84  1939.4  94.7174  159.499  0.37  40.1  42  6.3188  90.5501
424.073  273.84  1814.29  90.0057  0.182  0.4  40.1  42  6.3188  90.5501
424.122  273.84  2005.77  89.9997  0.009  0.36  40.1  42  6.3188  90.5501
424.171  273.969  1997.37  89.8524  5.145  0.36  40.1  42  6.3188  90.5501
424.22  273.969  1872.61  95.3444  174.418  0.39  40.1  42  6.3188  90.5501
424.269  273.969  2013.26  89.9446  1.946  0.36  40.6  42  6.3188  90.5501
424.317  273.969  1911.21  96.4183  213.646  0.38  40.6  42  6.3188  90.5501
424.366  274.098  1890.26  95.2367  172.525  0.38  40.6  42  6.3188  90.5501
424.415  274.098  2018.58  89.549  15.889  0.36  40.6  42  6.3188  90.5501
424.464  274.098  1886.16  96.3185  207.581  0.39  40.6  42  6.3188  90.5501
424.513  274.098  1829.11  90.019  0.606  0.4  40.6  42  6.3188  90.5501
424.562  274.226  1930.33  94.822  162.263  0.38  39.9  42  6.3188  90.5501
424.61  274.226  1890  94.8827  160.869  0.38  39.9  42  6.3188  90.5501
424.659  274.226  1974.93  88.9263  37.006  0.37  39.9  42  6.3188  90.5501
424.708  274.226  1909.71  94.8064  160.013  0.38  39.9  42  6.3188  90.5501
424.756  274.355  1989.99  90.0223  0.775  0.36  39.9  42  6.3188  90.5501
424.806  274.355  2010.43  89.8438  5.48  0.36  39.9  42  6.3188  90.5501
424.854  274.355  1916.99  95.0002  167.083  0.38  39.9  42  6.3188  90.5501
424.903  274.355  2007.29  89.992  0.281  0.36  40.1  42  6.3188  90.5501
424.952  274.484  2017.61  89.7476  8.89  0.36  40.1  42  6.3188  90.5501
425  274.484  1894.48  96.1308  202.328  0.38  40.1  42  6.3188  90.5501
425.049  274.484  1823.16  90.0142  0.45  0.4  40.1  42  6.3188  90.5501
425.098  274.613  2000.46  89.8364  5.711  0.36  40.1  42  6.3188  90.5501
425.147  274.613  1987.58  89.9595  1.404  0.36  40.1  42  6.3188  90.5501
425.195  274.613  1986.44  89.8913  3.768  0.36  40.8  42  6.3188  90.5501
425.244  274.613  1921.39  94.6372  155.337  0.38  40.8  42  6.3188  90.5501
425.293  274.742  1984.6  89.9749  0.869  0.36  40.8  42  6.3188  90.5501
425.342  274.742  1929.96  94.7536  159.938  0.38  40.8  42  6.3188  90.5501
425.391  274.742  1917.52  96.432  214.808  0.38  40.8  42  6.3188  90.5501
425.44  274.742  1879.93  95.2998  173.642  0.39  40.8  42  6.3188  90.5501
425.488  274.871  2040.61  90.0152  0.542  0.35  41.6  42  6.3188  90.5501
425.537  274.871  1963.76  89.7261  9.387  0.37  41.6  42  6.3188  90.5501
425.586  274.871  2018.95  90.009  0.317  0.36  41.6  42  6.3188  90.5501
425.635  274.999  1919.37  94.5541  152.398  0.38  41.6  42  6.3188  90.5501
425.683  274.999  1866.03  95.2199  169.769  0.39  41.6  42  6.3188  90.5501
425.732  274.999  1891.14  93.9556  130.458  0.38  41.6  42  6.3188  90.5501
425.781  274.999  1930.08  94.7753  160.675  0.38  40.6  42  6.3188  90.5501
425.829  275.128  1876.19  95.463  178.618  0.39  40.6  42  6.3188  90.5501
425.878  275.128  2012.56  89.4649  18.794  0.36  40.6  42  6.3188  90.5501
425.927  275.128  1894.93  94.9463  163.385  0.38  40.6  42  6.3188  90.5501
425.976  275.128  1880.72  95.1541  168.953  0.39  40.6  42  6.3188  90.5501
426.024  275.257  1950.46  94.9672  168.882  0.37  40.6  42  6.3188  90.5501
426.073  275.257  1893.39  96.2313  205.513  0.38  40.4  42  6.3188  90.5501
426.122  275.257  1964.05  88.9513  35.946  0.37  40.4  42  6.3188  90.5501
426.171  275.257  2003.4  89.6678  11.616  0.36  40.4  42  6.3188  90.5501
426.219  275.386  1883.31  95.0659  166.298  0.39  40.4  42  6.3188  90.5501
426.268  275.386  1851.72  90.0104  0.337  0.39  40.4  42  6.3188  90.5501
426.317  275.386  1920.18  96.322  211.442  0.38  40.4  42  6.3188  90.5501
426.366  275.515  1979.69  89.9628  1.285  0.37  41.1  42  6.3188  90.5501
426.415  275.515  1923.24  94.9876  167.207  0.38  41.1  42  6.3188  90.5501
426.463  275.515  1886.58  94.81  158.194  0.38  41.1  42  6.3188  90.5501
426.512  275.515  1898.28  94.9982  165.388  0.38  41.1  42  6.3188  90.5501
426.561  275.643  2008.32  89.5263  16.605  0.36  41.1  42  6.3188  90.5501
426.61  275.643  1887.24  96.2184  204.424  0.39  41.1  42  6.3188  90.5501
426.659  275.643  1945.18  89.2109  26.789  0.37  40.6  42  6.3188  90.5501
426.707  275.643  1913.28  94.5929  153.205  0.38  40.6  42  6.3188  90.5501
426.756  275.772  1956.75  89.8009  6.798  0.37  40.6  42  6.3188  90.5501
426.805  275.772  2013.87  89.9966  0.121  0.36  40.6  42  6.3188  90.5501
426.854  275.772  1920.88  96.1267  205.009  0.38  40.6  42  6.3188  90.5501
426.903  275.772  1871.35  93.9497  128.9  0.39  40.6  42  6.3188  90.5501
426.952  275.901  1985.74  89.0174  34.052  0.36  39.8  42  6.3188  90.5501
427  275.901  1893.39  96.2313  205.513  0.38  39.8  42  6.3188  90.5501
427.049  275.901  1986.44  89.8913  3.768  0.36  39.8  42  6.3188  90.5501
427.098  276.03  2026.72  89.3889  21.615  0.36  39.8  42  6.3188  90.5501
427.147  276.03  1997.03  89.9485  1.795  0.36  39.8  42  6.3188  90.5501
427.195  276.03  1833.53  89.996  0.128  0.39  39.8  42  6.3188  90.5501
427.244  276.03  1994.15  89.7165  9.866  0.36  40.2  42  6.3188  90.5501
427.293  276.159  1996.45  90.027  0.94  0.36  40.2  42  6.3188  90.5501
427.342  276.159  1901.04  94.9337  163.493  0.38  40.2  42  6.3188  90.5501
427.391  276.159  1921.99  96.0247  201.726  0.38  40.2  42  6.3188  90.5501
427.439  276.159  1872.61  95.3444  174.418  0.39  40.2  42  6.3188  90.5501
427.488  276.287  2009.39  88.8044  41.927  0.36  40.2  42  6.3188  90.5501
427.537  276.287  1929.02  96.1779  207.593  0.38  40.2  42  6.3188  90.5501
427.586  276.287  1889.81  95.1451  169.476  0.38  40.7  42  6.3188  90.5501
427.635  276.287  2010.05  89.6713  11.532  0.36  40.7  42  6.3188  90.5501
427.683  276.416  1892.73  94.8182  158.98  0.38  40.7  42  6.3188  90.5501
427.732  276.416  1977.31  88.9891  34.885  0.37  40.7  42  6.3188  90.5501
427.781  276.416  2007.79  89.76  8.41  0.36  40.7  42  6.3188  90.5501
427.83  276.545  1964.98  89.8323  5.751  0.37  40.7  42  6.3188  90.5501
427.879  276.545  1915.35  94.988  166.536  0.38  40.5  42  6.3188  90.5501
427.928  276.545  1918.22  94.3439  145.292  0.38  40.5  42  6.3188  90.5501
427.976  276.545  1891.16  95.42  178.631  0.38  40.5  42  6.3188  90.5501
428.025  276.674  2001.43  89.6398  12.581  0.36  40.5  42  6.3188  90.5501
428.074  276.674  1894.68  96.1769  203.865  0.38  40.5  42  6.3188  90.5501
428.123  276.674  1899.89  95.3202  176.162  0.38  40.5  42  6.3188  90.5501
428.172  276.674  2021.19  89.7677  8.196  0.36  39.5  42  6.3188  90.5501
428.22  276.803  1883.26  94.7588  156.238  0.39  39.5  42  6.3188  90.5501
428.269  276.803  1984.22  89.0261  33.726  0.36  39.5  42  6.3188  90.5501
428.318  276.803  1928.04  94.6916  157.699  0.38  39.5  42  6.3188  90.5501
428.367  276.803  1879.68  94.9476  162.113  0.39  39.5  42  6.3188  90.5501
428.415  276.931  1999.42  89.7476  8.809  0.36  39.5  42  6.3188  90.5501
428.464  276.931  1899.65  94.9643  164.387  0.38  41  42  6.3188  90.5501
428.513  276.931  1876.99  95.3176  173.955  0.39  41  42  6.3188  90.5501
428.562  277.06  1921.22  94.904  164.238  0.38  41  42  6.3188  90.5501
428.61  277.06  1994.7  89.9043  3.332  0.36  41  42  6.3188  90.5501
428.659  277.06  1815.89  90.0521  1.65  0.4  41  42  6.3188  90.5501
428.708  277.06  2014.74  89.6466  12.426  0.36  41  42  6.3188  90.5501
428.757  277.189  1913.22  94.88  162.755  0.38  41.4  42  6.3188  90.5501
428.806  277.189  1891.14  93.9556  130.458  0.38  41.4  42  6.3188  90.5501
428.855  277.189  1933.47  96.1054  205.638  0.38  41.4  42  6.3188  90.5501
428.903  277.189  1955.4  89.9574  1.453  0.37  41.4  42  6.3188  90.5501
428.952  277.318  1998.72  89.8277  6.011  0.36  41.4  42  6.3188  90.5501
429.001  277.318  1894.37  95.139  169.683  0.38  41.4  42  6.3188  90.5501
429.05  277.318  1871.95  95.2083  169.929  0.39  40.2  42  6.3188  90.5501
429.099  277.447  2020.99  89.7508  8.791  0.36  40.2  42  6.3188  90.5501
429.148  277.447  1889.22  95.0291  165.613  0.38  40.2  42  6.3188  90.5501
429.196  277.447  1997.74  90.0029  0.1  0.36  40.2  42  6.3188  90.5501
429.245  277.447  2005.53  89.8485  5.303  0.36  40.2  42  6.3188  90.5501
429.294  277.575  1894.89  96.223  205.402  0.38  40.2  42  6.3188  90.5501
429.343  277.575  2006.83  89.9564  1.527  0.36  39.7  42  6.3188  90.5501
429.391  277.575  1931.66  94.4758  150.744  0.38  39.7  42  6.3188  90.5501
429.44  277.575  1889.45  95.3831  177.258  0.38  39.7  42  6.3188  90.5501
429.489  277.704  1992.91  88.938  36.938  0.36  39.7  42  6.3188  90.5501
429.538  277.704  1913.85  96.3086  210.301  0.38  39.7  42  6.3188  90.5501
429.587  277.704  1879.63  94.0808  133.761  0.39  39.7  42  6.3188  90.5501
429.636  277.704  1930.61  95.1836  174.424  0.38  41.6  42  6.3188  90.5501
429.684  277.833  1886.81  94.8557  159.711  0.38  41.6  42  6.3188  90.5501
429.733  277.833  1978.85  89.9307  2.395  0.37  41.6  42  6.3188  90.5501
429.782  277.833  2011.61  89.6631  11.829  0.36  41.6  42  6.3188  90.5501
429.83  277.962  1961.73  89.9618  1.309  0.37  41.6  42  6.3188  90.5501
429.88  277.962  2022.03  89.9934  0.233  0.36  41.6  42  6.3188  90.5501
429.929  277.962  1926.39  95.9521  199.761  0.38  41.6  42  6.3188  90.5501
429.977  277.962  1888.99  94.9834  164.091  0.38  39.3  42  6.3188  90.5501
430.026  278.091  2051.69  89.9599  1.438  0.35  39.3  42  6.3188  90.5501
430.075  278.091  1900.35  94.5073  149.341  0.38  39.3  42  6.3188  90.5501
430.124  278.091  1814.25  89.9895  0.334  0.4  39.3  42  6.3188  90.5501
430.173  278.091  1993.3  89.6446  12.364  0.36  39.3  42  6.3188  90.5501
430.221  278.219  1894.37  95.139  169.683  0.38  39.3  42  6.3188  90.5501
430.27  278.219  1974.31  89.0063  34.238  0.37  39.7  42  6.3188  90.5501
430.319  278.219  2007.79  89.76  8.41  0.36  39.7  42  6.3188  90.5501
430.368  278.348  2000.51  89.9684  1.102  0.36  39.7  42  6.3188  90.5501
430.416  278.348  1919.21  94.8205  161.281  0.38  39.7  42  6.3188  90.5501
430.465  278.348  1917.17  96.0037  200.523  0.38  39.7  42  6.3188  90.5501
430.514  278.348  1950.18  89.9103  3.054  0.37  39.7  42  6.3188  90.5501
430.563  278.477  2002.57  88.9214  37.698  0.36  40.3  42  6.3188  90.5501
430.611  278.477  1914.32  96.0674  202.341  0.38  40.3  42  6.3188  90.5501
430.66  278.477  1873.55  94.0751  133.143  0.39  40.3  42  6.3188  90.5501
430.709  278.477  2012.56  89.4649  18.794  0.36  40.3  42  6.3188  90.5501
430.758  278.606  1896.79  96.307  208.373  0.38  40.3  42  6.3188  90.5501
430.807  278.606  1973.68  89.0862  31.476  0.37  40.3  42  6.3188  90.5501
430.855  278.606  1941.46  94.8016  162.511  0.37  40.1  42  6.3188  90.5501
430.904  278.606  1900.35  95.1023  169.006  0.38  40.1  42  6.3188  90.5501
430.953  278.735  1972.99  88.8994  37.898  0.37  40.1  42  6.3188  90.5501
431.002  278.735  1918.23  96.2369  208.397  0.38  40.1  42  6.3188  90.5501
431.05  278.735  1943.14  89.8361  5.558  0.37  40.1  42  6.3188  90.5501
431.099  278.735  2038.56  89.9869  0.465  0.35  40.1  42  6.3188  90.5501
431.148  278.863  1909.28  96.3335  210.623  0.38  39.2  42  6.3188  90.5501
431.197  278.863  1881.62  95.3364  174.996  0.39  39.2  42  6.3188  90.5501
431.246  278.863  1931.92  94.5225  152.332  0.38  39.2  42  6.3188  90.5501
431.295  278.992  1904.52  96.3119  209.386  0.38  39.2  42  6.3188  90.5501
431.343  278.992  1891.14  93.9556  130.458  0.38  39.2  42  6.3188  90.5501
431.392  278.992  1931.92  94.5225  152.332  0.38  39.2  42  6.3188  90.5501
431.441  278.992  1991.49  90.0147  0.51  0.36  41.2  42  6.3188  90.5501
431.49  279.121  1998.01  89.9077  3.218  0.36  41.2  42  6.3188  90.5501
431.538  279.121  1922.63  94.8696  163.208  0.38  41.2  42  6.3188  90.5501
431.587  279.121  1875.09  95.2357  171.107  0.39  41.2  42  6.3188  90.5501
431.636  279.121  1940.78  94.9772  168.382  0.37  41.2  42  6.3188  90.5501
431.685  279.25  1907.86  94.4588  148.321  0.38  41.2  42  6.3188  90.5501
431.734  279.25  1876.46  94.0554  132.704  0.39  41.8  42  6.3188  90.5501
431.782  279.25  1938.38  95.137  173.557  0.37  41.8  42  6.3188  90.5501
431.831  279.379  1887.82  94.755  156.491  0.38  41.8  42  6.3188  90.5501
431.88  279.379  1980.77  89.9585  1.435  0.37  41.8  42  6.3188  90.5501
431.929  279.379  1940.99  94.4165  149.468  0.37  41.8  42  6.3188  90.5501
431.978  279.379  1863.92  95.0934  165.478  0.39  41.8  42  6.3188  90.5501
432.026  279.507  1978.37  88.9447  36.437  0.37  39.3  42  6.3188  90.5501
432.075  279.507  1920.85  94.8326  161.821  0.38  39.3  42  6.3188  90.5501
432.124  279.507  1961.6  89.8127  6.414  0.37  39.3  42  6.3188  90.5501
432.173  279.507  1933.71  95.165  174.08  0.38  39.3  42  6.3188  90.5501
432.221  279.636  1985.39  89.8006  6.911  0.36  39.3  42  6.3188  90.5501
432.27  279.636  1871.5  95.1176  166.939  0.39  39.3  42  6.3188  90.5501
432.319  279.636  2011.18  89.6268  13.1  0.36  39.8  42  6.3188  90.5501
432.368  279.765  1883.54  95.1115  167.811  0.39  39.8  42  6.3188  90.5501
432.417  279.765  1966.41  89.0137  33.848  0.37  39.8  42  6.3188  90.5501
432.465  279.765  1938.25  94.2142  142.431  0.37  39.8  42  6.3188  90.5501
432.515  279.765  1989.99  90.0223  0.775  0.36  39.8  42  6.3188  90.5501
432.563  279.894  2020.01  89.9654  1.221  0.36  39.8  42  6.3188  90.5501
432.612  279.894  1889.77  94.837  159.347  0.38  39.8  42  6.3188  90.5501
432.661  279.894  1891.16  95.42  178.631  0.38  40.6  42  6.3188  90.5501
432.71  279.894  1921.22  94.904  164.238  0.38  40.6  42  6.3188  90.5501
432.758  280.023  1906.93  94.8715  161.937  0.38  40.6  42  6.3188  90.5501
432.807  280.023  1861.27  94.019  130.452  0.39  40.6  42  6.3188  90.5501
432.856  280.023  2015.61  89.7193  9.873  0.36  40.6  42  6.3188  90.5501
432.905  280.023  1867.48  95.2109  169.609  0.39  40.6  42  6.3188  90.5501
432.953  280.152  1971.75  89.0591  32.377  0.37  39.6  42  6.3188  90.5501
433.002  280.152  2032.38  89.4367  19.98  0.36  39.6  42  6.3188  90.5501
433.051  280.152  1972.47  89.7928  7.132  0.37  39.6  42  6.3188  90.5501
433.1  280.28  1898.83  93.9509  130.833  0.38  39.6  42  6.3188  90.5501
433.149  280.28  1916.49  96.1987  206.936  0.38  39.6  42  6.3188  90.5501
433.198  280.28  1883.54  95.4187  177.87  0.39  39.6  42  6.3188  90.5501
433.247  280.28  2035.42  90.0027  0.095  0.36  40  42  6.3188  90.5501
433.295  280.409  1885.02  95.1023  167.643  0.39  40  42  6.3188  90.5501
433.344  280.409  1936.07  89.2256  26.168  0.37  40  42  6.3188  90.5501
433.393  280.409  2004.1  89.5873  14.436  0.36  40  42  6.3188  90.5501
433.442  280.409  1884.09  94.9199  161.585  0.39  40  42  6.3188  90.5501
433.49  280.538  1895.06  94.9709  164.206  0.38  40  42  6.3188  90.5501
433.539  280.538  1913.22  94.88  162.755  0.38  40.4  42  6.3188  90.5501
433.588  280.538  1850.67  93.9745  128.276  0.39  40.4  42  6.3188  90.5501
433.637  280.538  1922.51  94.848  162.477  0.38  40.4  42  6.3188  90.5501
433.685  280.667  1905.62  96.2109  206.167  0.38  40.4  42  6.3188  90.5501
433.734  280.667  1820.24  90.0294  0.933  0.4  40.4  42  6.3188  90.5501
433.783  280.667  1931.43  95.0339  169.474  0.38  40.4  42  6.3188  90.5501
433.832  280.796  1891.16  95.1115  168.491  0.38  40.5  42  6.3188  90.5501
433.88  280.796  2002.74  90.0152  0.531  0.36  40.5  42  6.3188  90.5501
433.929  280.796  2020.4  89.4229  20.351  0.36  40.5  42  6.3188  90.5501
433.978  280.796  1883.62  94.8287  158.559  0.39  40.5  42  6.3188  90.5501
434.027  280.924  1890.83  95.0444  166.258  0.38  40.5  42  6.3188  90.5501
434.076  280.924  1941.07  96.0152  203.409  0.37  40.5  42  6.3188  90.5501
434.125  280.924  2002.49  89.9962  0.134  0.36  41.2  42  6.3188  90.5501
434.173  280.924  2029.78  89.9542  1.624  0.36  41.2  42  6.3188  90.5501
434.222  281.053  1919.13  96.0885  203.55  0.38  41.2  42  6.3188  90.5501
434.271  281.053  1870.49  95.2173  170.089  0.39  41.2  42  6.3188  90.5501
434.32  281.053  2010.75  89.5905  14.371  0.36  41.2  42  6.3188  90.5501
434.369  281.053  1898.85  95.1115  169.177  0.38  41.2  42  6.3188  90.5501
434.417  281.182  1832.06  90.0037  0.117  0.39  41  42  6.3188  90.5501
434.466  281.182  2018.75  89.703  10.465  0.36  41  42  6.3188  90.5501
434.515  281.182  1807  90.0086  0.27  0.4  41  42  6.3188  90.5501
434.564  281.182  1969.19  89.1118  30.526  0.37  41  42  6.3188  90.5501
434.612  281.311  1925.94  94.8972  164.413  0.38  41  42  6.3188  90.5501
434.662  281.311  1868.91  95.5069  179.35  0.39  41  42  6.3188  90.5501
434.71  281.311  1928.67  94.8099  161.718  0.38  41.8  42  6.3188  90.5501
434.759  281.44  1920.23  95.9866  200.272  0.38  41.8  42  6.3188  90.5501
434.808  281.44  1984.84  89.9938  0.216  0.36  41.8  42  6.3188  90.5501
434.857  281.44  2012.84  89.9083  3.22  0.36  41.8  42  6.3188  90.5501
434.905  281.44  1903.02  96.3202  209.493  0.38  41.8  42  6.3188  90.5501
434.954  281.568  1890.26  95.2367  172.525  0.38  41.8  42  6.3188  90.5501
435.003  281.568  2014.9  89.8002  7.028  0.36  41.8  42  6.3188  90.5501
435.052  281.568  1802.62  89.9963  0.116  0.4  40.6  42  6.3188  90.5501
435.101  281.568  1969.08  87.9626  70.006  0.37  40.6  42  6.3188  90.5501
435.15  281.697  1947.37  95.9804  202.894  0.37  40.6  42  6.3188  90.5501
435.198  281.697  1953.53  89.9299  2.388  0.37  40.6  42  6.3188  90.5501
435.247  281.697  1930.21  94.8003  161.526  0.38  40.6  42  6.3188  90.5501
435.296  281.697  1887.03  96.1725  202.899  0.39  40.6  42  6.3188  90.5501
435.345  281.826  1884.68  95.0355  165.425  0.39  40.7  42  6.3188  90.5501
435.393  281.826  1995.95  89.5923  14.203  0.36  40.7  42  6.3188  90.5501
435.442  281.826  1901.98  96.0888  201.742  0.38  40.7  42  6.3188  90.5501
435.491  281.955  1836.68  90.0517  1.657  0.39  40.7  42  6.3188  90.5501
435.54  281.955  2011  89.4733  18.486  0.36  40.7  42  6.3188  90.5501
435.589  281.955  1886.72  95.1389  168.994  0.38  40.7  42  6.3188  90.5501
435.637  281.955  1903.01  95.0164  166.401  0.38  40.8  42  6.3188  90.5501
435.686  282.084  1916.75  94.9538  165.516  0.38  40.8  42  6.3188  90.5501
435.735  282.084  1946.06  89.8206  6.095  0.37  40.8  42  6.3188  90.5501
435.784  282.084  1928.67  94.8099  161.718  0.38  40.8  42  6.3188  90.5501
435.833  282.084  1918.7  95.9952  200.398  0.38  40.8  42  6.3188  90.5501
435.881  282.212  1880.84  94.0256  132.039  0.39  40.8  42  6.3188  90.5501
435.93  282.212  2028.23  89.6535  12.265  0.36  41.2  42  6.3188  90.5501
435.979  282.212  1902.17  94.8536  160.943  0.38  41.2  42  6.3188  90.5501
436.028  282.341  1905.79  94.9517  164.499  0.38  41.2  42  6.3188  90.5501
436.076  282.341  1948.04  94.5177  153.442  0.37  41.2  42  6.3188  90.5501
436.125  282.341  1957.96  89.9067  3.188  0.37  41.2  42  6.3188  90.5501
436.174  282.341  1911.6  94.8679  162.216  0.38  41.2  42  6.3188  90.5501
436.223  282.47  1920.85  94.8326  161.821  0.38  40.8  42  6.3188  90.5501
436.271  282.47  1955.68  89.844  5.324  0.37  40.8  42  6.3188  90.5501
436.32  282.47  2010  89.8076  6.75  0.36  40.8  42  6.3188  90.5501
436.369  282.47  1915.16  96.2537  208.621  0.38  40.8  42  6.3188  90.5501
436.418  282.599  1900.47  95.127  169.832  0.38  40.8  42  6.3188  90.5501
436.467  282.599  1919.45  94.867  162.851  0.38  40.8  42  6.3188  90.5501
436.516  282.599  1995.99  89.9916  0.292  0.36  40.8  42  6.3188  90.5501
436.565  282.728  2017.41  90.0168  0.59  0.36  40.8  42  6.3188  90.5501
436.613  282.728  2013.61  89.6912  10.853  0.36  40.8  42  6.3188  90.5501
436.662  282.728  1950.86  89.8322  5.712  0.37  40.8  42  6.3188  90.5501
436.711  282.728  2002.93  89.7675  8.127  0.36  40.8  42  6.3188  90.5501
436.76  282.856  1918.59  94.7029  157.302  0.38  40.8  42  6.3188  90.5501
436.808  282.856  1934.82  89.9173  2.792  0.37  40.5  42  6.3188  90.5501
436.857  282.856  1925.83  94.8755  163.679  0.38  40.5  42  6.3188  90.5501
436.906  282.856  1897.88  96.2064  205.18  0.38  40.5  42  6.3188  90.5501
436.955  282.985  1955  89.1171  30.124  0.37  40.5  42  6.3188  90.5501
437.003  282.985  2015.44  89.5656  15.279  0.36  40.5  42  6.3188  90.5501
437.052  282.985  1815.74  89.9981  0.059  0.4  40.5  42  6.3188  90.5501
437.101  282.985  1877.66  94.0002  130.986  0.39  39.8  42  6.3188  90.5501
437.15  283.114  2005.53  89.8485  5.303  0.36  39.8  42  6.3188  90.5501
437.198  283.114  1985.06  90.0101  0.349  0.36  39.8  42  6.3188  90.5501
437.247  283.114  2010.85  89.8801  4.209  0.36  39.8  42  6.3188  90.5501
437.296  283.243  1911.28  96.0844  202.582  0.38  39.8  42  6.3188  90.5501
437.345  283.243  1991.49  90.0147  0.51  0.36  39.8  42  6.3188  90.5501
437.394  283.243  2020.59  89.5771  14.913  0.36  40.2  42  6.3188  90.5501
437.442  283.243  1908.87  96.2406  207.5  0.38  40.2  42  6.3188  90.5501
437.491  283.372  1883.31  95.3731  176.355  0.39  40.2  42  6.3188  90.5501
437.54  283.372  1939.7  95.0806  171.776  0.37  40.2  42  6.3188  90.5501
437.588  283.372  1866.2  96.5683  213.47  0.39  40.2  42  6.3188  90.5501
437.637  283.372  1973.16  88.7837  41.885  0.37  40.2  42  6.3188  90.5501
437.686  283.5  1931.38  94.719  158.891  0.38  40.2  42  6.3188  90.5501
437.735  283.5  1872.15  94.9483  161.486  0.39  41.1  42  6.3188  90.5501
437.784  283.5  2006.89  89.8237  6.176  0.36  41.1  42  6.3188  90.5501
437.832  283.5  1905.9  94.9731  165.218  0.38  41.1  42  6.3188  90.5501
437.881  283.629  1957.56  89.8714  4.392  0.37  41.1  42  6.3188  90.5501
437.93  283.629  2004.91  89.7956  7.153  0.36  41.1  42  6.3188  90.5501
437.979  283.629  1906.04  96.3036  209.278  0.38  41.1  42  6.3188  90.5501
438.027  283.758  1883.77  94.0057  131.592  0.38  41  42  6.3188  90.5501
438.076  283.758  1928.58  95.0994  171.419  0.38  41  42  6.3188  90.5501
438.125  283.758  1888.99  94.9834  164.091  0.38  41  42  6.3188  90.5501
438.174  283.758  2010.34  89.9765  0.826  0.36  41  42  6.3188  90.5501
438.222  283.887  1937.59  94.6802  158.097  0.37  41  42  6.3188  90.5501
438.271  283.887  1971.87  89.966  1.169  0.37  41  42  6.3188  90.5501
438.32  283.887  1914.31  95.0901  169.841  0.38  41.1  42  6.3188  90.5501
438.369  283.887  1913.52  94.6391  154.764  0.38  41.1  42  6.3188  90.5501
438.417  284.016  1878.46  95.3087  173.799  0.39  41.1  42  6.3188  90.5501
438.466  284.016  1933.06  94.7343  159.547  0.38  41.1  42  6.3188  90.5501
438.515  284.016  1917.49  95.7372  191.683  0.38  41.1  42  6.3188  90.5501
438.564  284.016  1868.96  94.0596  132.312  0.39  41.1  42  6.3188  90.5501
438.612  284.144  1994.15  89.7165  9.866  0.36  40.3  42  6.3188  90.5501
438.661  284.144  1887.82  94.755  156.491  0.38  40.3  42  6.3188  90.5501
438.71  284.144  1984.22  89.0261  33.726  0.36  40.3  42  6.3188  90.5501
438.759  284.273  1930.12  94.4857  150.954  0.38  40.3  42  6.3188  90.5501
438.807  284.273  1951.26  89.8674  4.516  0.37  40.3  42  6.3188  90.5501
438.857  284.273  1994.1  89.8517  5.163  0.36  40.3  42  6.3188  90.5501
438.906  284.273  1918.28  94.9444  165.334  0.38  39.5  42  6.3188  90.5501
438.954  284.402  1872.83  95.3898  175.916  0.39  39.5  42  6.3188  90.5501
439.003  284.402  1942.41  94.6762  158.354  0.37  39.5  42  6.3188  90.5501
439.052  284.402  1890.92  94.4737  147.495  0.38  39.5  42  6.3188  90.5501
439.101  284.402  1889.11  95.0079  164.907  0.38  39.5  42  6.3188  90.5501
439.15  284.531  2012.9  89.772  8.012  0.36  39.5  42  6.3188  90.5501
439.198  284.531  1964.98  89.8323  5.751  0.37  39.1  42  6.3188  90.5501
439.247  284.531  1985.93  88.9011  38.087  0.36  39.1  42  6.3188  90.5501
439.296  284.531  1949.35  94.4607  151.613  0.37  39.1  42  6.3188  90.5501
439.345  284.66  1982.09  90.0253  0.877  0.36  39.1  42  6.3188  90.5501
439.393  284.66  1912.31  95.0067  166.893  0.38  39.1  42  6.3188  90.5501
439.442  284.66  1930.76  94.311  145.134  0.38  39.1  42  6.3188  90.5501
439.491  284.789  1884.03  94.0511  133.098  0.38  40.8  42  6.3188  90.5501
439.54  284.789  1941.51  95.1183  173.205  0.37  40.8  42  6.3188  90.5501
439.588  284.789  1896.18  96.1685  203.751  0.38  40.8  42  6.3188  90.5501
439.637  284.789  1948.53  88.0939  64.81  0.37  40.8  42  6.3188  90.5501
439.686  284.917  1946.22  95.09  172.671  0.37  40.8  42  6.3188  90.5501
439.735  284.917  1891.9  96.2396  205.623  0.38  40.8  42  6.3188  90.5501
439.784  284.917  2001.81  89.8117  6.58  0.36  40.9  42  6.3188  90.5501
439.833  284.917  1915.37  96.3003  210.192  0.38  40.9  42  6.3188  90.5501
439.881  285.046  1946.06  89.8206  6.095  0.37  40.9  42  6.3188  90.5501
439.93  285.046  1990.61  89.8317  5.848  0.36  40.9  42  6.3188  90.5501
439.979  285.046  1926.35  96.2886  211.004  0.38  40.9  42  6.3188  90.5501
440.028  285.175  1889.35  95.0536  166.429  0.38  40.9  42  6.3188  90.5501
440.077  285.175  1924.19  95.1739  173.523  0.38  40.9  42  6.3188  90.5501
440.125  285.175  1908.45  96.1477  204.38  0.38  40.1  42  6.3188  90.5501
440.174  285.175  1906.73  95.1363  170.7  0.38  40.1  42  6.3188  90.5501
440.223  285.304  2022.34  89.723  9.776  0.36  40.1  42  6.3188  90.5501
440.272  285.304  1878.45  95.0023  163.793  0.39  40.1  42  6.3188  90.5501
440.32  285.304  2006.83  89.9564  1.527  0.36  40.1  42  6.3188  90.5501
440.369  285.304  1940.63  95.9208  200.184  0.37  40.1  42  6.3188  90.5501
440.418  285.433  1872.38  94.9936  162.98  0.39  42  42  6.3188  90.5501
440.467  285.433  2013.98  89.864  4.78  0.36  42  42  6.3188  90.5501
440.516  285.433  1901.35  94.4058  146.062  0.38  42  42  6.3188  90.5501
440.564  285.433  1892.42  95.3652  176.949  0.38  42  42  6.3188  90.5501
440.613  285.561  1925.73  95.1647  173.352  0.38  42  42  6.3188  90.5501
440.662  285.561  1903.02  96.3202  209.493  0.38  42  42  6.3188  90.5501
440.711  285.561  1961.54  89.9454  1.87  0.37  40.2  42  6.3188  90.5501
440.76  285.561  2019.02  89.5854  14.608  0.36  40.2  42  6.3188  90.5501
440.808  285.69  1890.47  94.9742  163.916  0.38  40.2  42  6.3188  90.5501
440.857  285.69  1999.55  89.8998  3.498  0.36  40.2  42  6.3188  90.5501
440.906  285.69  1926.39  95.9521  199.761  0.38  40.2  42  6.3188  90.5501
440.955  285.819  1868.91  95.5069  179.35  0.39  40.2  42  6.3188  90.5501
441.004  285.819  1925.34  94.7824  160.518  0.38  40.5  42  6.3188  90.5501
441.052  285.819  1900.35  94.5073  149.341  0.38  40.5  42  6.3188  90.5501
441.101  285.819  1873.05  93.9849  130.164  0.39  40.5  42  6.3188  90.5501
441.15  285.948  1924.05  94.8385  162.288  0.38  40.5  42  6.3188  90.5501
441.199  285.948  1892.42  95.0565  166.794  0.38  40.5  42  6.3188  90.5501
441.248  285.948  1970.88  88.9879  34.811  0.37  40.5  42  6.3188  90.5501
441.297  285.948  2016.47  89.7921  7.318  0.36  39.5  42  6.3188  90.5501
441.346  286.077  1997.49  89.9839  0.562  0.36  39.5  42  6.3188  90.5501
441.394  286.077  2005.61  89.7152  9.971  0.36  39.5  42  6.3188  90.5501
441.443  286.077  1921.34  94.9256  164.968  0.38  39.5  42  6.3188  90.5501
441.492  286.205  1954.2  89.8518  5.054  0.37  39.5  42  6.3188  90.5501
441.541  286.205  2015.98  89.8923  3.789  0.36  39.5  42  6.3188  90.5501
441.59  286.205  1891.16  94.5194  149.017  0.38  40  42  6.3188  90.5501
441.639  286.205  1868.01  94.1595  135.493  0.39  40  42  6.3188  90.5501
441.688  286.334  2037.37  89.5668  15.404  0.36  40  42  6.3188  90.5501
441.736  286.334  1893.99  94.763  157.266  0.38  40  42  6.3188  90.5501
441.785  286.334  1994.93  89.9235  2.662  0.36  40  42  6.3188  90.5501
441.834  286.334  2000.31  89.6841  11.029  0.36  40  42  6.3188  90.5501
441.883  286.463  1953.8  89.8166  6.253  0.37  40.5  42  6.3188  90.5501
441.931  286.463  1980.5  88.8557  39.552  0.37  40.5  42  6.3188  90.5501
441.98  286.463  1921.09  94.8791  163.395  0.38  40.5  42  6.3188  90.5501
442.029  286.463  1879.93  95.2998  173.642  0.39  40.5  42  6.3188  90.5501
442.078  286.592  1997.84  88.6771  46.123  0.36  40.5  42  6.3188  90.5501
442.127  286.592  1906.37  95.0654  168.318  0.38  40.5  42  6.3188  90.5501
442.175  286.592  1876.33  95.1812  169.444  0.39  40  42  6.3188  90.5501
442.224  286.592  2022.17  89.5688  15.218  0.36  40  42  6.3188  90.5501
442.273  286.721  1876.42  96.5126  212.826  0.39  40  42  6.3188  90.5501
442.322  286.721  1987.97  89.8834  4.045  0.36  40  42  6.3188  90.5501
442.371  286.721  2028.5  89.5354  16.45  0.36  40  42  6.3188  90.5501
442.42  286.849  1878.9  95.3998  176.813  0.39  40  42  6.3188  90.5501
442.468  286.849  1972.81  89.0149  33.916  0.37  42  42  6.3188  90.5501
442.517  286.849  1919.81  94.935  165.152  0.38  42  42  6.3188  90.5501
442.566  286.849  1866.15  95.2441  170.565  0.39  42  42  6.3188  90.5501
442.615  286.978  2042.19  90.0074  0.263  0.35  42  42  6.3188  90.5501
442.663  286.978  1898.9  96.4374  212.899  0.38  42  42  6.3188  90.5501
442.712  286.978  1891.52  95.1818  170.836  0.38  42  42  6.3188  90.5501
442.761  286.978  1933.56  94.8279  162.733  0.38  42  42  6.3188  90.5501
442.81  287.107  1893.8  96.3234  208.585  0.38  40  42  6.3188  90.5501
442.858  287.107  1971.31  89.0235  33.594  0.37  40  42  6.3188  90.5501
442.907  287.107  1919.62  94.6005  153.967  0.38  40  42  6.3188  90.5501
442.956  287.236  1885.1  94.8194  158.377  0.39  40  42  6.3188  90.5501
443.005  287.236  1851.72  90.0104  0.337  0.39  40  42  6.3188  90.5501
443.054  287.236  1916.27  94.8611  162.384  0.38  40  42  6.3188  90.5501
443.102  287.236  1891.16  95.42  178.631  0.38  41.2  42  6.3188  90.5501
443.151  287.365  1923.24  94.9876  167.207  0.38  41.2  42  6.3188  90.5501
443.2  287.365  1897.44  94.8359  159.958  0.38  41.2  42  6.3188  90.5501
443.249  287.365  1879.12  93.9903  130.763  0.39  41.2  42  6.3188  90.5501
443.297  287.365  1925.59  94.829  162.099  0.38  41.2  42  6.3188  90.5501
443.346  287.493  1881.38  94.9839  163.447  0.39  41.2  42  6.3188  90.5501
443.395  287.493  1968.33  89.0407  32.955  0.37  40.8  42  6.3188  90.5501
443.444  287.493  1914.54  96.114  203.91  0.38  40.8  42  6.3188  90.5501
443.492  287.493  1947.52  89.8128  6.364  0.37  40.8  42  6.3188  90.5501
443.541  287.622  1933.31  94.7811  161.139  0.38  40.8  42  6.3188  90.5501
443.59  287.622  1917.38  96.0503  202.097  0.38  40.8  42  6.3188  90.5501
443.639  287.622  1870.65  94.0948  133.579  0.39  40.8  42  6.3188  90.5501
443.687  287.751  1923.48  95.0342  168.785  0.38  41.9  42  6.3188  90.5501
443.736  287.751  1909.95  94.8526  161.568  0.38  41.9  42  6.3188  90.5501
443.785  287.751  1882.64  95.2362  171.813  0.39  41.9  42  6.3188  90.5501
443.834  287.751  1926.99  94.7944  161.06  0.38  41.9  42  6.3188  90.5501
443.883  287.88  1881.12  96.2057  203.345  0.39  41.9  42  6.3188  90.5501
443.931  287.88  1979.88  88.936  36.765  0.37  41.9  42  6.3188  90.5501
443.98  287.88  1933.21  94.466  150.534  0.38  39.9  42  6.3188  90.5501
444.029  287.88  1891.95  94.9649  163.74  0.38  39.9  42  6.3188  90.5501
444.078  288.009  1986.85  89.9271  2.527  0.36  39.9  42  6.3188  90.5501
444.126  288.009  1913.94  95.0189  167.44  0.38  39.9  42  6.3188  90.5501
444.175  288.009  1889  95.2915  174.21  0.38  39.9  42  6.3188  90.5501
444.224  288.009  2018.58  89.549  15.889  0.36  39.9  42  6.3188  90.5501
444.273  288.137  1987.33  89.8284  5.952  0.36  40.5  42  6.3188  90.5501
444.322  288.137  1941.44  89.1574  28.549  0.37  40.5  42  6.3188  90.5501
444.37  288.137  1997.06  89.5481  15.753  0.36  40.5  42  6.3188  90.5501
444.419  288.266  1973.15  89.7138  9.858  0.37  40.5  42  6.3188  90.5501
444.468  288.266  1894.95  95.2554  173.569  0.38  40.5  42  6.3188  90.5501
444.517  288.266  1925.93  96.1948  207.826  0.38  40.5  42  6.3188  90.5501
444.566  288.266  1957.56  89.8714  4.392  0.37  40.5  42  6.3188  90.5501
444.615  288.395  2015.55  89.856  5.067  0.36  40.5  42  6.3188  90.5501
444.663  288.395  1909.95  94.8526  161.568  0.38  40.5  42  6.3188  90.5501
444.712  288.395  1867.82  95.2804  171.896  0.39  40.5  42  6.3188  90.5501
444.761  288.395  1944.16  95.0053  169.623  0.37  40.5  42  6.3188  90.5501
444.81  288.524  1904.86  95.0746  168.491  0.38  40.5  42  6.3188  90.5501
444.859  288.524  1958.8  89.1709  28.343  0.37  41.2  42  6.3188  90.5501
444.907  288.524  2020.32  89.6948  10.763  0.36  41.2  42  6.3188  90.5501
444.956  288.653  1884.18  96.5642  215.392  0.39  41.2  42  6.3188  90.5501
445.005  288.653  2008.02  89.7794  7.73  0.36  41.2  42  6.3188  90.5501
445.054  288.653  1918.59  94.7029  157.302  0.38  41.2  42  6.3188  90.5501
445.103  288.653  1866.22  95.5696  181.127  0.39  41.2  42  6.3188  90.5501
445.152  288.781  2009.71  89.9243  2.656  0.36  41.2  42  6.3188  90.5501
445.2  288.781  1907.96  96.3882  212.289  0.38  41.8  42  6.3188  90.5501
445.249  288.781  2004  89.9884  0.405  0.36  41.8  42  6.3188  90.5501
445.298  288.781  1947.12  94.6469  157.746  0.37  41.8  42  6.3188  90.5501
445.347  288.91  1910.91  95.0375  167.793  0.38  41.8  42  6.3188  90.5501
445.396  288.91  2022.03  89.9934  0.233  0.36  41.8  42  6.3188  90.5501
445.445  288.91  2021.19  89.7677  8.196  0.36  41.8  42  6.3188  90.5501
445.494  288.91  1893.75  94.7172  155.738  0.38  41  42  6.3188  90.5501
445.542  289.039  1985.33  89.935  2.253  0.36  41  42  6.3188  90.5501
445.591  289.039  1950.08  95.8682  199.377  0.37  41  42  6.3188  90.5501
445.64  289.039  1869.48  95.3168  173.232  0.39  41  42  6.3188  90.5501
445.689  289.039  2007.17  89.707  10.264  0.36  41  42  6.3188  90.5501
445.738  289.168  1922.84  96.2117  208.056  0.38  41  42  6.3188  90.5501
445.787  289.168  1896.67  95.2923  174.942  0.38  41.4  42  6.3188  90.5501
445.835  289.168  1925.26  95.0714  170.187  0.38  41.4  42  6.3188  90.5501
445.884  289.297  1907.17  94.9176  163.488  0.38  41.4  42  6.3188  90.5501
445.933  289.297  1984.92  89.8992  3.492  0.36  41.4  42  6.3188  90.5501
445.982  289.297  2009.88  89.518  16.91  0.36  41.4  42  6.3188  90.5501
446.03  289.297  1991.03  89.9794  0.717  0.36  41.4  42  6.3188  90.5501
446.079  289.426  1896.78  95.0075  165.563  0.38  40.8  42  6.3188  90.5501
446.128  289.426  1931.26  95.973  200.967  0.38  40.8  42  6.3188  90.5501
446.177  289.426  1953.8  89.8166  6.253  0.37  40.8  42  6.3188  90.5501
446.225  289.426  2034.94  89.9666  1.187  0.36  40.8  42  6.3188  90.5501
446.274  289.554  1904.52  96.3119  209.386  0.38  40.8  42  6.3188  90.5501
446.323  289.554  1892.2  95.3193  175.42  0.38  40.8  42  6.3188  90.5501
446.372  289.554  2022.87  89.4874  18.096  0.36  40.7  42  6.3188  90.5501
446.421  289.683  1886.75  96.4562  212.155  0.39  40.7  42  6.3188  90.5501
446.47  289.683  2010.81  90.0121  0.425  0.36  40.7  42  6.3188  90.5501
446.518  289.683  1904.94  94.7887  159.027  0.38  40.7  42  6.3188  90.5501
446.567  289.683  1975.61  89.9272  2.51  0.37  40.7  42  6.3188  90.5501
446.616  289.812  2006.04  89.7513  8.707  0.36  40.7  42  6.3188  90.5501
446.665  289.812  1933.67  94.8496  163.472  0.38  40.9  42  6.3188  90.5501
446.713  289.812  1795.42  89.9992  0.026  0.4  40.9  42  6.3188  90.5501
446.762  289.812  2001.83  88.7315  44.318  0.36  40.9  42  6.3188  90.5501
446.811  289.941  1894.38  94.5459  150.143  0.38  40.9  42  6.3188  90.5501
446.86  289.941  1812.81  89.9971  0.093  0.4  40.9  42  6.3188  90.5501
446.909  289.941  2006.08  89.6152  13.472  0.36  40.9  42  6.3188  90.5501
446.958  289.941  1892.65  95.1023  168.322  0.38  39.8  42  6.3188  90.5501
447.006  290.07  1963.43  89.0308  33.21  0.37  39.8  42  6.3188  90.5501
447.055  290.07  2004.95  89.6596  11.912  0.36  39.8  42  6.3188  90.5501
447.104  290.07  1991.03  89.9794  0.717  0.36  39.8  42  6.3188  90.5501
447.153  290.07  2021.56  89.9575  1.498  0.36  39.8  42  6.3188  90.5501
447.201  290.198  1929.71  95.9817  201.095  0.38  39.8  42  6.3188  90.5501
447.25  290.198  1876.19  95.463  178.618  0.39  39.6  42  6.3188  90.5501
447.299  290.198  1939.28  94.6956  158.755  0.37  39.6  42  6.3188  90.5501
447.348  290.327  1914.02  94.7316  157.884  0.38  39.6  42  6.3188  90.5501
447.396  290.327  1893  95.1727  170.67  0.38  39.6  42  6.3188  90.5501
447.445  290.327  2007.2  89.5708  15.036  0.36  39.6  42  6.3188  90.5501
447.494  290.327  1882.85  94.9747  163.273  0.39  39.6  42  6.3188  90.5501
447.543  290.456  2006.83  89.9564  1.527  0.36  40.1  42  6.3188  90.5501
447.591  290.456  1938.59  94.8677  164.5  0.37  40.1  42  6.3188  90.5501
447.64  290.456  1972.32  90.001  0.034  0.37  40.1  42  6.3188  90.5501
447.689  290.456  1850.21  90.0182  0.587  0.39  40.1  42  6.3188  90.5501
447.738  290.585  1909.76  96.0929  202.702  0.38  40.1  42  6.3188  90.5501
447.786  290.585  1960.79  89.742  8.83  0.37  40.1  42  6.3188  90.5501
447.835  290.585  1933.71  95.165  174.08  0.38  40.1  42  6.3188  90.5501
447.884  290.714  1897.36  95.1207  169.346  0.38  40.2  42  6.3188  90.5501
447.933  290.714  1868.46  93.9696  129.348  0.39  40.2  42  6.3188  90.5501
447.981  290.714  1940.78  94.9772  168.382  0.37  40.2  42  6.3188  90.5501
448.03  290.714  1873.73  95.2657  171.962  0.39  40.2  42  6.3188  90.5501
448.079  290.842  1909.04  94.9792  165.693  0.38  40.2  42  6.3188  90.5501
448.128  290.842  1910.49  94.6583  155.158  0.38  40.2  42  6.3188  90.5501
448.177  290.842  1880.37  95.0841  166.636  0.39  39.2  42  6.3188  90.5501
448.225  290.842  2029.78  89.9542  1.624  0.36  39.2  42  6.3188  90.5501
448.274  290.971  1925.46  94.804  161.252  0.38  39.2  42  6.3188  90.5501
448.323  290.971  1861.27  94.019  130.452  0.39  39.2  42  6.3188  90.5501
448.372  290.971  1927.13  94.8194  161.908  0.38  39.2  42  6.3188  90.5501
448.42  290.971  1898.09  96.2525  206.722  0.38  39.2  42  6.3188  90.5501
448.469  291.1  1863.26  95.262  170.879  0.39  41.6  42  6.3188  90.5501
448.518  291.1  1916.15  94.8396  161.658  0.38  41.6  42  6.3188  90.5501
448.567  291.1  1846  95.344  171.927  0.39  41.6  42  6.3188  90.5501
448.615  291.229  2000.76  89.9874  0.439  0.36  41.6  42  6.3188  90.5501
448.664  291.229  1911.22  94.7969  159.825  0.38  41.6  42  6.3188  90.5501
448.713  291.229  1797.02  90.0611  1.917  0.4  41.6  42  6.3188  90.5501
448.762  291.229  2013.41  89.6743  11.444  0.36  40.7  42  6.3188  90.5501
448.81  291.358  1996.24  89.8964  3.611  0.36  40.7  42  6.3188  90.5501
448.859  291.358  1967.57  89.7811  7.517  0.37  40.7  42  6.3188  90.5501
448.908  291.358  1942.59  95.0148  169.806  0.37  40.7  42  6.3188  90.5501
448.957  291.358  1898.62  95.0655  167.638  0.38  40.7  42  6.3188  90.5501
449.005  291.486  2000.76  89.9874  0.439  0.36  40.7  42  6.3188  90.5501
449.054  291.486  2025.58  89.434  20.009  0.36  40.9  42  6.3188  90.5501
449.103  291.486  1879.68  94.9476  162.113  0.39  40.9  42  6.3188  90.5501
449.152  291.486  1982.71  89.0347  33.402  0.36  40.9  42  6.3188  90.5501
449.2  291.615  2021.19  89.7677  8.196  0.36  40.9  42  6.3188  90.5501
449.249  291.615  1882.28  95.4733  179.534  0.39  40.9  42  6.3188  90.5501
449.299  291.615  2007.73  89.8961  3.642  0.36  40.9  42  6.3188  90.5501
449.347  291.744  1908.68  94.9082  163.306  0.38  41.2  42  6.3188  90.5501
449.396  291.744  1962.01  89.848  5.205  0.37  41.2  42  6.3188  90.5501
449.445  291.744  1927.37  94.866  163.492  0.38  41.2  42  6.3188  90.5501
449.494  291.744  1886.75  96.4562  212.155  0.39  41.2  42  6.3188  90.5501
449.542  291.873  1989.78  90.006  0.207  0.36  41.2  42  6.3188  90.5501
449.591  291.873  1942.1  94.9207  166.588  0.37  41.2  42  6.3188  90.5501
449.64  291.873  2000.51  89.9684  1.102  0.36  39.3  42  6.3188  90.5501
449.689  291.873  1963.62  88.9158  37.154  0.37  39.3  42  6.3188  90.5501
449.737  292.002  1911.74  95.2012  173.305  0.38  39.3  42  6.3188  90.5501
449.786  292.002  1852.65  95.5125  177.97  0.39  39.3  42  6.3188  90.5501
449.835  292.002  1930.81  88.1692  61.685  0.37  39.3  42  6.3188  90.5501
449.884  292.13  1815.89  95.6456  178.636  0.4  39.3  42  6.3188  90.5501
449.932  292.13  1820.85  89.8996  3.192  0.4  41  42  6.3188  90.5501
449.981  292.13  1833.63  88.9483  33.657  0.39  41  42  6.3188  90.5501
450.03  292.13  1730.8  94.9605  149.66  0.42  41  42  6.3188  90.5501
450.079  292.259  1651.57  90.0199  0.574  0.44  41  42  6.3188  90.5501
450.127  292.259  1736.28  95.0327  152.314  0.42  41  42  6.3188  90.5501
450.177  292.259  1702.8  94.8982  145.393  0.43  41  42  6.3188  90.5501
450.225  292.259  1776.27  89.5602  13.633  0.41  41  42  6.3188  90.5501
450.274  292.388  1808.13  89.9482  1.635  0.4  40.8  42  6.3188  90.5501
450.323  292.388  1665.73  95.5549  161.242  0.44  40.8  42  6.3188  90.5501
450.372  292.388  1744.27  88.4941  45.84  0.41  40.8  42  6.3188  90.5501
450.42  292.388  1689.07  90.0232  0.683  0.43  40.8  42  6.3188  90.5501
450.469  292.517  1714.19  89.932  2.035  0.42  40.8  42  6.3188  90.5501
450.518  292.517  1735.37  88.5887  42.741  0.42  40.8  42  6.3188  90.5501
450.567  292.517  1716.7  89.7037  8.879  0.42  40.5  42  6.3188  90.5501
450.616  292.646  1673.24  88.057  56.732  0.43  40.5  42  6.3188  90.5501
450.664  292.646  1697.41  87.8098  64.868  0.43  40.5  42  6.3188  90.5501
450.713  292.646  1578.71  94.162  114.578  0.46  40.5  42  6.3188  90.5501
450.762  292.646  1645.47  89.3897  17.528  0.44  40.5  42  6.3188  90.5501
450.811  292.774  1711.43  89.5402  13.735  0.42  40.5  42  6.3188  90.5501
450.859  292.774  1635.9  89.3112  19.665  0.44  40.9  42  6.3188  90.5501
450.908  292.774  1671.07  89.2523  21.807  0.43  40.9  42  6.3188  90.5501
450.957  292.774  1725.98  89.9943  0.171  0.42  40.9  42  6.3188  90.5501
451.006  292.903  1595.67  88.711  35.897  0.45  40.9  42  6.3188  90.5501
451.054  292.903  1598.86  88.2094  49.958  0.45  40.9  42  6.3188  90.5501
451.103  292.903  1649.39  87.6578  67.407  0.44  40.9  42  6.3188  90.5501
451.152  292.903  1700.08  85.3153  138.849  0.43  40.1  42  6.3188  90.5501
451.201  293.032  1805.32  87.3864  82.322  0.4  40.1  42  6.3188  90.5501
451.249  293.032  1858.65  84.7112  171.322  0.39  40.1  42  6.3188  90.5501
451.298  293.032  1996.86  83.3816  230.151  0.36  40.1  42  6.3188  90.5501
451.347  293.161  2051.02  83.9717  215.399  0.35  40.1  42  6.3188  90.5501
451.396  293.161  1971.48  82.7136  250.042  0.37  40.1  42  6.3188  90.5501
451.445  293.161  1979.42  81.3107  299.043  0.37  40.2  42  6.3188  90.5501
451.494  293.161  2020.34  82.9446  248.157  0.36  40.2  42  6.3188  90.5501
451.542  293.29  1959.73  81.3471  294.838  0.37  40.2  42  6.3188  90.5501
451.591  293.29  2046.91  81.8737  289.343  0.36  40.2  42  6.3188  90.5501
451.64  293.29  2086.62  83.9148  221.198  0.35  40.2  42  6.3188  90.5501
451.689  293.29  2016.37  82.2497  271.92  0.36  40.2  42  6.3188  90.5501
451.738  293.418  2033.03  80.7119  328.129  0.36  41.1  42  6.3188  90.5501
451.787  293.418  1972.65  82.4981  257.548  0.37  41.1  42  6.3188  90.5501
451.835  293.418  2050.71  80.8591  325.783  0.36  41.1  42  6.3188  90.5501
451.884  293.418  2081.74  82.6301  267.037  0.35  41.1  42  6.3188  90.5501
451.933  293.547  1995.1  82.5143  259.919  0.37  41.1  42  6.3188  90.5501
451.982  293.547  2030.24  81.0251  316.722  0.36  41.1  42  6.3188  90.5501
452.031  293.547  2053.2  83.1801  243.817  0.35  40.5  42  6.3188  90.5501
452.079  293.676  1962.07  80.4218  326.474  0.37  40.5  42  6.3188  90.5501
452.128  293.676  2048.55  82.0532  283.219  0.36  40.5  42  6.3188  90.5501
452.177  293.676  2005.45  81.1274  309.315  0.37  40.5  42  6.3188  90.5501
452.226  293.676  1987.46  79.968  346.212  0.37  40.5  42  6.3188  90.5501
452.274  293.805  2040.52  82.2996  273.415  0.36  40.5  42  6.3188  90.5501
452.323  293.805  1971.55  81.9767  275.181  0.37  41.1  42  6.3188  90.5501
452.372  293.805  2017.75  78.8735  389.376  0.37  41.1  42  6.3188  90.5501
452.421  293.805  2046.06  80.9942  320.278  0.36  41.1  42  6.3188  90.5501
452.469  293.934  1992.5  80.2146  338.642  0.37  41.1  42  6.3188  90.5501
452.518  293.934  2023.89  78.5112  403.112  0.36  41.1  42  6.3188  90.5501
452.567  293.934  1968.42  81.718  283.54  0.37  41.1  42  6.3188  90.5501
452.616  293.934  1927.62  78.8063  374.204  0.38  40.5  42  6.3188  90.5501
452.664  294.062  2054.97  78.4839  410.259  0.36  40.5  42  6.3188  90.5501
452.713  294.062  2015.68  79.7827  357.546  0.36  40.5  42  6.3188  90.5501
452.762  294.062  1951.98  76.0762  469.706  0.38  40.5  42  6.3188  90.5501
452.811  294.191  2011.53  77.9924  418.481  0.37  40.5  42  6.3188  90.5501
452.86  294.191  1921.73  76.4629  449.828  0.39  40.5  42  6.3188  90.5501
452.909  294.191  1938.91  74.8724  505.998  0.39  40.5  42  6.3188  90.5501
452.957  294.191  2040.93  77.6737  435.694  0.36  41.1  42  6.3188  90.5501
453.006  294.32  2000.12  75.4068  503.937  0.37  41.1  42  6.3188  90.5501
453.055  294.32  1977.71  73.4705  562.674  0.38  41.1  42  6.3188  90.5501
453.104  294.32  1934.4  75.243  492.731  0.39  41.1  42  6.3188  90.5501
453.153  294.32  1891.65  71.8853  588.153  0.4  41.1  42  6.3188  90.5501
453.202  294.449  1964.57  74.6884  518.781  0.38  41.1  42  6.3188  90.5501
453.25  294.449  1699.69  88.0098  59.028  0.43  41.1  42  6.3188  90.5501
453.299  294.449  1561.59  94.1061  111.817  0.46  41.1  42  6.3188  90.5501
453.348  294.449  1645.02  89.2332  22.015  0.44  41.1  42  6.3188  90.5501
453.397  294.578  1571.41  94.9057  134.381  0.46  41.1  42  6.3188  90.5501
453.446  294.578  1732.57  89.4742  15.9  0.42  41.1  42  6.3188  90.5501
453.495  294.578  1774.14  94.1516  128.441  0.41  41.1  42  6.3188  90.5501
453.543  294.578  1810.83  94.3207  136.425  0.4  39.9  42  6.3188  90.5501
453.592  294.707  1965.35  89.0578  32.319  0.37  39.9  42  6.3188  90.5501
453.641  294.707  1977.12  89.9194  2.782  0.37  39.9  42  6.3188  90.5501
453.69  294.707  1947.45  89.0101  33.646  0.37  39.9  42  6.3188  90.5501
453.738  294.835  2024.15  89.7344  9.383  0.36  39.9  42  6.3188  90.5501
453.787  294.835  1969.73  89.6942  10.512  0.37  39.9  42  6.3188  90.5501
453.836  294.835  2014.12  90.0157  0.552  0.36  39.5  42  6.3188  90.5501
453.885  294.835  2005.21  89.5428  15.999  0.36  39.5  42  6.3188  90.5501
453.933  294.964  1837.7  95.7409  183.824  0.4  39.5  42  6.3188  90.5501
453.982  294.964  1863.31  88.5994  45.543  0.39  39.5  42  6.3188  90.5501
454.031  294.964  1835.01  88.7078  41.382  0.39  39.5  42  6.3188  90.5501
454.08  295.093  1692.08  95.2494  154.809  0.43  39.5  42  6.3188  90.5501
454.129  295.093  1715.42  94.1471  124.054  0.42  40.1  42  6.3188  90.5501
454.177  295.093  1667.64  94.1468  120.59  0.43  40.1  42  6.3188  90.5501
454.226  295.093  1700.33  89.8533  4.354  0.43  40.1  42  6.3188  90.5501
454.275  295.222  1611.5  88.6093  39.112  0.45  40.1  42  6.3188  90.5501
454.324  295.222  1547.6  89.1644  22.569  0.47  40.1  42  6.3188  90.5501
454.372  295.222  1591.34  88.1912  50.23  0.45  40.1  42  6.3188  90.5501
454.421  295.222  1761.02  84.4883  169.142  0.41  40.4  42  6.3188  90.5501
454.47  295.351  1915.21  83.8801  204.18  0.38  40.4  42  6.3188  90.5501
454.519  295.351  1991.81  82.523  259.193  0.37  40.4  42  6.3188  90.5501
454.567  295.351  1987.12  84.611  186.625  0.37  40.4  42  6.3188  90.5501
454.616  295.351  1894.92  83.3094  220.771  0.38  40.4  42  6.3188  90.5501
454.665  295.479  1981.32  82.4157  261.502  0.37  40.4  42  6.3188  90.5501
454.714  295.479  1965.96  82.499  256.642  0.37  39.9  42  6.3188  90.5501
454.763  295.479  2023.67  81.3307  305.03  0.36  39.9  42  6.3188  90.5501
454.811  295.479  1990.33  80.0224  344.851  0.37  39.9  42  6.3188  90.5501
454.86  295.608  1941.71  79.7432  345.742  0.38  39.9  42  6.3188  90.5501
454.909  295.608  1760.71  86.0885  120.106  0.41  39.9  42  6.3188  90.5501
454.958  295.608  1590.83  94.9552  137.411  0.46  39.9  42  6.3188  90.5501
455.007  295.737  1556.49  95.3304  144.597  0.47  40  42  6.3188  90.5501
455.056  295.737  1684.06  89.743  7.555  0.43  40  42  6.3188  90.5501
455.104  295.737  1681.19  95.2598  154.117  0.43  40  42  6.3188  90.5501
455.153  295.737  1826.14  89.8859  3.638  0.4  40  42  6.3188  90.5501
455.202  295.866  1932.16  89.2851  24.107  0.37  40  42  6.3188  90.5501
455.251  295.866  1848.95  95.0489  162.718  0.39  40  42  6.3188  90.5501
455.3  295.866  1810.02  90.0472  1.491  0.4  40  42  6.3188  90.5501
455.348  295.866  1935.02  95.1088  172.308  0.38  40.9  42  6.3188  90.5501
455.397  295.995  1882.59  96.1974  203.234  0.39  40.9  42  6.3188  90.5501
455.446  295.995  1904.52  95.0071  166.225  0.38  40.9  42  6.3188  90.5501
455.495  295.995  1932.37  94.9059  165.254  0.38  40.9  42  6.3188  90.5501
455.543  295.995  1955.28  89.8088  6.525  0.37  40.9  42  6.3188  90.5501
455.592  296.123  2023.58  89.9856  0.51  0.36  40.9  42  6.3188  90.5501
455.641  296.123  1914.96  96.2071  207.05  0.38  41.6  42  6.3188  90.5501
455.69  296.123  1865.36  95.3887  175.178  0.39  41.6  42  6.3188  90.5501
455.738  296.252  1916.64  94.9323  164.789  0.38  41.6  42  6.3188  90.5501
455.787  296.252  1895.18  95.3013  175.102  0.38  41.6  42  6.3188  90.5501
455.836  296.252  1885.63  94.0655  133.685  0.38  41.6  42  6.3188  90.5501
455.885  296.252  2008.35  89.9486  1.801  0.36  41.6  42  6.3188  90.5501
455.933  296.381  1755.78  94.7451  145.243  0.41  41.4  42  6.3188  90.5501
455.982  296.381  1731.16  93.987  120.368  0.42  41.4  42  6.3188  90.5501
456.031  296.381  1801.9  89.0227  30.734  0.4  41.4  42  6.3188  90.5501
456.08  296.381  1661.08  94.5095  130.602  0.44  41.4  42  6.3188  90.5501
456.129  296.51  1757.29  89.2191  23.949  0.41  41.4  42  6.3188  90.5501
456.177  296.51  1680.96  94.1708  122.256  0.43  41.4  42  6.3188  90.5501
456.226  296.51  1641.92  94.6526  133.183  0.44  40.3  42  6.3188  90.5501
456.275  296.639  1724.27  88.6977  39.188  0.42  40.3  42  6.3188  90.5501
456.324  296.639  1619.6  94.4961  126.963  0.45  40.3  42  6.3188  90.5501
456.372  296.639  1654.33  88.1014  54.808  0.44  40.3  42  6.3188  90.5501
456.422  296.639  1718.7  89.429  17.127  0.42  40.3  42  6.3188  90.5501
456.47  296.767  1612.2  94.8345  135.872  0.45  40.3  42  6.3188  90.5501
456.519  296.767  1614.21  90.0215  0.606  0.45  40.1  42  6.3188  90.5501
456.568  296.767  1742.2  94.3804  133.067  0.42  40.1  42  6.3188  90.5501
456.617  296.767  1846.75  95.5023  177.076  0.39  40.1  42  6.3188  90.5501
456.665  296.896  1992.14  89.8237  6.13  0.36  40.1  42  6.3188  90.5501
456.714  296.896  1889.92  94.5746  150.736  0.38  40.1  42  6.3188  90.5501
456.763  296.896  1955.28  89.8088  6.525  0.37  40.1  42  6.3188  90.5501
456.812  296.896  1947.12  94.6469  157.746  0.37  40.1  42  6.3188  90.5501
456.861  297.025  1898.39  95.0196  166.101  0.38  40.1  42  6.3188  90.5501
456.909  297.025  2005.77  89.9997  0.009  0.36  40.1  42  6.3188  90.5501
456.958  297.025  1944.64  94.4905  152.253  0.37  40.1  42  6.3188  90.5501
457.007  297.154  1888.05  94.8007  158.01  0.38  40.1  42  6.3188  90.5501
457.056  297.154  2004.62  89.912  3.079  0.36  40.1  42  6.3188  90.5501
457.104  297.154  1926.5  94.7012  157.896  0.38  39.9  42  6.3188  90.5501
457.153  297.154  1873.91  90.0224  0.734  0.39  39.9  42  6.3188  90.5501
457.202  297.283  2007.73  89.8961  3.642  0.36  39.9  42  6.3188  90.5501
457.251  297.283  1892.88  95.1481  169.851  0.38  39.9  42  6.3188  90.5501
457.299  297.283  1947.68  89.1591  28.584  0.37  39.9  42  6.3188  90.5501
457.348  297.283  2010.31  89.5542  15.641  0.36  39.9  42  6.3188  90.5501
457.397  297.411  1911.28  96.0844  202.582  0.38  40.1  42  6.3188  90.5501
457.446  297.411  1879.38  94.0355  132.262  0.39  40.1  42  6.3188  90.5501
457.495  297.411  1941.25  94.4634  151.071  0.37  40.1  42  6.3188  90.5501
457.543  297.54  1874.84  94.8845  159.638  0.39  40.1  42  6.3188  90.5501
457.592  297.54  1993.26  89.7798  7.661  0.36  40.1  42  6.3188  90.5501
457.641  297.54  1916.51  94.9074  163.95  0.38  40.1  42  6.3188  90.5501
457.69  297.54  1969.19  89.9229  2.649  0.37  40.6  42  6.3188  90.5501
457.739  297.669  2004.06  89.7233  9.679  0.36  40.6  42  6.3188  90.5501
457.788  297.669  1898.15  94.9736  164.564  0.38  40.6  42  6.3188  90.5501
457.836  297.669  1864.13  93.9993  130.013  0.39  40.6  42  6.3188  90.5501
457.885  297.669  2016.27  89.7752  7.911  0.36  40.6  42  6.3188  90.5501
457.934  297.798  1899.39  96.198  205.067  0.38  40.6  42  6.3188  90.5501
457.983  297.798  1895.99  95.1545  170.337  0.38  40.6  42  6.3188  90.5501
458.031  297.798  2012.04  89.6994  10.557  0.36  40.6  42  6.3188  90.5501
458.08  297.927  1881.61  95.0294  164.957  0.39  40.6  42  6.3188  90.5501
458.129  297.927  1994.51  89.8876  3.913  0.36  40.6  42  6.3188  90.5501
458.178  297.927  1935.24  96.1439  207.12  0.38  40.6  42  6.3188  90.5501
458.227  297.927  1947.25  89.9257  2.525  0.37  40.6  42  6.3188  90.5501
458.275  298.055  1926.56  95.0154  168.426  0.38  40.6  42  6.3188  90.5501
458.324  298.055  1913.01  96.1224  204.028  0.38  41.7  42  6.3188  90.5501
458.373  298.055  1996.23  90.0106  0.368  0.36  41.7  42  6.3188  90.5501
458.422  298.055  2003.23  89.515  16.958  0.36  41.7  42  6.3188  90.5501
458.47  298.184  1887.84  96.3562  209.002  0.39  41.7  42  6.3188  90.5501
458.519  298.184  1900.01  95.0349  166.751  0.38  41.7  42  6.3188  90.5501
458.568  298.184  1924.4  94.9066  164.599  0.38  41.7  42  6.3188  90.5501
458.617  298.184  1873.15  94.8485  158.32  0.39  40.5  42  6.3188  90.5501
458.665  298.313  1987.55  89.8476  5.287  0.36  40.5  42  6.3188  90.5501
458.714  298.313  1937.34  94.6334  156.498  0.37  40.5  42  6.3188  90.5501
458.763  298.313  1883.66  95.1359  168.623  0.39  40.5  42  6.3188  90.5501
458.812  298.313  2040.61  90.0152  0.542  0.35  40.5  42  6.3188  90.5501
458.861  298.442  1913.43  96.2155  207.164  0.38  40.5  42  6.3188  90.5501
458.91  298.442  1892.42  95.3652  176.949  0.38  41.1  42  6.3188  90.5501
458.958  298.442  1962.15  94.7005  160.794  0.37  41.1  42  6.3188  90.5501
459.007  298.571  1955.4  89.9574  1.453  0.37  41.1  42  6.3188  90.5501
459.056  298.571  1903.01  95.0164  166.401  0.38  41.1  42  6.3188  90.5501
459.105  298.571  2021.9  89.6865  11.062  0.36  41.1  42  6.3188  90.5501
459.153  298.571  1875.3  94.9753  162.636  0.39  41.1  42  6.3188  90.5501
459.202  298.699  2000.91  88.6591  46.825  0.36  40.7  42  6.3188  90.5501
459.251  298.699  1941.07  96.0152  203.409  0.37  40.7  42  6.3188  90.5501
459.3  298.699  1950.18  89.9103  3.054  0.37  40.7  42  6.3188  90.5501
459.348  298.699  2013.26  89.9446  1.946  0.36  40.7  42  6.3188  90.5501
