Date  13.11.2024
time  09:57:35
#_Alloy  1
type_of_Glass  1
#_bobbin  0
time_seconds  length  Z  Phase  R  C  pressure  winding_Speed  speed_of_feeding_glass  power_of_generator_percent
0.206  0.128805  1876.77  95.2722  172.451  0.39  45.4  43  4.2106  77.85
0.255  0.128805  2006.59  89.9402  2.094  0.36  45.4  43  4.2106  77.85
0.304  0.128805  1919.13  96.0885  203.55  0.38  45.4  43  4.2106  77.85
0.353  0.128805  1895.76  95.1085  168.803  0.38  45.4  43  4.2106  77.85
0.401  0.257611  1936.58  95.0994  172.131  0.38  44  43  4.2106  77.85
0.45  0.257611  1897.12  95.0747  167.81  0.38  44  43  4.2106  77.85
0.499  0.257611  1987.27  89.9629  1.286  0.36  44  43  4.2106  77.85
0.548  0.257611  2026.21  89.6252  13.253  0.36  44  43  4.2106  77.85
0.597  0.386416  1893.44  94.9556  163.563  0.38  44  43  4.2106  77.85
0.645  0.386416  1847.11  89.9979  0.069  0.39  44  43  4.2106  77.85
0.694  0.386416  1928.59  96.0841  204.407  0.38  45.9  43  4.2106  77.85
0.743  0.386416  1970.56  89.7652  8.074  0.37  45.9  43  4.2106  77.85
0.792  0.515221  1928.34  95.0527  169.832  0.38  45.9  43  4.2106  77.85
0.84  0.515221  1920.18  96.322  211.442  0.38  45.9  43  4.2106  77.85
0.889  0.515221  1944.77  89.1758  27.975  0.37  45.9  43  4.2106  77.85
0.938  0.515221  1940.78  94.9772  168.382  0.37  45.9  43  4.2106  77.85
0.987  0.644026  1889.12  96.3021  207.37  0.39  47.3  43  4.2106  77.85
1.035  0.644026  1892.88  93.9912  131.749  0.38  47.3  43  4.2106  77.85
1.084  0.644026  1949.87  94.5549  154.849  0.37  47.3  43  4.2106  77.85
1.133  0.772832  1879.45  94.9021  160.607  0.39  47.3  43  4.2106  77.85
1.182  0.772832  1985.93  88.9011  38.087  0.36  47.3  43  4.2106  77.85
1.23  0.772832  1936.03  94.6899  158.297  0.37  47.3  43  4.2106  77.85
1.279  0.772832  1965.79  89.9031  3.324  0.37  43.5  43  4.2106  77.85
1.328  0.901637  1936.82  95.1463  173.732  0.38  43.5  43  4.2106  77.85
1.377  0.901637  1926.61  95.9989  201.35  0.38  43.5  43  4.2106  77.85
1.425  0.901637  1890.26  95.2367  172.525  0.38  43.5  43  4.2106  77.85
1.474  0.901637  1940.78  94.9772  168.382  0.37  43.5  43  4.2106  77.85
1.523  1.03044  1877.67  95.1478  168.475  0.39  43.5  43  4.2106  77.85
1.572  1.03044  1884.03  94.0511  133.098  0.38  48.4  43  4.2106  77.85
1.62  1.03044  1947.79  95.0806  172.491  0.37  48.4  43  4.2106  77.85
1.669  1.03044  1895.71  94.7994  158.61  0.38  48.4  43  4.2106  77.85
1.718  1.15925  1915.35  94.988  166.536  0.38  48.4  43  4.2106  77.85
1.767  1.15925  1934.15  95.9087  199.108  0.38  48.4  43  4.2106  77.85
1.816  1.15925  1874.73  95.4718  178.766  0.39  48.4  43  4.2106  77.85
1.865  1.28805  2020.99  89.7508  8.791  0.36  45.9  43  4.2106  77.85
1.914  1.28805  1915.54  94.7221  157.691  0.38  45.9  43  4.2106  77.85
1.962  1.28805  1990.81  89.963  1.285  0.36  45.9  43  4.2106  77.85
2.011  1.28805  1941.26  95.0712  171.597  0.37  45.9  43  4.2106  77.85
2.06  1.41686  1905.66  94.927  163.669  0.38  45.9  43  4.2106  77.85
2.109  1.41686  1833.53  89.996  0.128  0.39  45.9  43  4.2106  77.85
2.158  1.41686  1926.75  94.7478  159.478  0.38  45.2  43  4.2106  77.85
2.206  1.41686  1964.7  89.9463  1.842  0.37  45.2  43  4.2106  77.85
2.255  1.54566  1984.86  88.9457  36.521  0.36  45.2  43  4.2106  77.85
2.304  1.54566  1910.49  94.6583  155.158  0.38  45.2  43  4.2106  77.85
2.353  1.54566  1878.01  95.2177  170.787  0.39  45.2  43  4.2106  77.85
2.402  1.67447  2031.37  89.7748  7.985  0.36  45.2  43  4.2106  77.85
2.45  1.67447  1905.21  96.1182  203.057  0.38  45.2  43  4.2106  77.85
2.499  1.67447  1826.08  89.9989  0.035  0.4  45.7  43  4.2106  77.85
2.548  1.67447  2026.65  89.6618  11.962  0.36  45.7  43  4.2106  77.85
2.597  1.80327  1892.88  95.1481  169.851  0.38  45.7  43  4.2106  77.85
2.645  1.80327  1982.99  89.8714  4.452  0.36  45.7  43  4.2106  77.85
2.694  1.80327  2015.87  89.602  14.002  0.36  45.7  43  4.2106  77.85
2.743  1.80327  1996.45  90.027  0.94  0.36  45.7  43  4.2106  77.85
2.792  1.93208  2027.15  90.0058  0.207  0.36  45.2  43  4.2106  77.85
2.84  1.93208  2030.7  89.7185  9.977  0.36  45.2  43  4.2106  77.85
2.889  1.93208  1967.51  89.9143  2.943  0.37  45.2  43  4.2106  77.85
2.938  1.93208  1959.35  88.8269  40.114  0.37  45.2  43  4.2106  77.85
2.987  2.06088  1790.79  95.9336  185.124  0.41  45.2  43  4.2106  77.85
3.036  2.06088  1817.76  89.9804  0.621  0.4  45.2  43  4.2106  77.85
3.084  2.06088  1811.23  89.0177  31.05  0.4  44.3  43  4.2106  77.85
3.133  2.18969  1672.32  95.4268  158.158  0.43  44.3  43  4.2106  77.85
3.182  2.18969  1760.5  89.5205  14.734  0.41  44.3  43  4.2106  77.85
3.231  2.18969  1738.2  89.3061  21.052  0.42  44.3  43  4.2106  77.85
3.28  2.18969  1630.62  88.3742  46.264  0.44  44.3  43  4.2106  77.85
3.329  2.3185  1605.31  87.0591  82.363  0.45  44.3  43  4.2106  77.85
3.377  2.3185  1778.51  85.5579  137.749  0.41  43.7  43  4.2106  77.85
3.426  2.3185  1866.43  84.7395  171.121  0.39  43.7  43  4.2106  77.85
3.475  2.4473  1913.84  83.8922  203.634  0.38  43.7  43  4.2106  77.85
3.524  2.4473  2006.09  83.3194  233.377  0.36  43.7  43  4.2106  77.85
3.572  2.4473  2012.54  82.3279  268.682  0.36  43.7  43  4.2106  77.85
3.621  2.4473  2137.54  81.433  318.418  0.34  43.7  43  4.2106  77.85
3.67  2.57611  2084.96  82.6014  268.484  0.35  45.7  43  4.2106  77.85
3.719  2.57611  2039.46  79.6947  364.845  0.36  45.7  43  4.2106  77.85
3.768  2.57611  2148.79  81.0057  335.933  0.34  45.7  43  4.2106  77.85
3.816  2.57611  2047.76  79.6472  367.998  0.36  45.7  43  4.2106  77.85
3.865  2.70491  2106.9  80.2588  356.485  0.35  45.7  43  4.2106  77.85
3.914  2.70491  2140.5  82.3722  284.125  0.34  45.7  43  4.2106  77.85
3.963  2.70491  2070.32  79.2098  387.589  0.36  44.8  43  4.2106  77.85
4.012  2.83372  2053.47  76.9551  463.499  0.36  44.8  43  4.2106  77.85
4.06  2.83372  2088.49  79.9476  364.542  0.35  44.8  43  4.2106  77.85
4.109  2.83372  2101.97  80.6729  340.668  0.35  44.8  43  4.2106  77.85
4.158  2.83372  2124.29  79.9606  370.315  0.35  44.8  43  4.2106  77.85
4.207  2.96252  2073.35  79.1762  389.352  0.36  44.8  43  4.2106  77.85
4.256  2.96252  1999.14  78.8478  386.664  0.37  42.7  43  4.2106  77.85
4.305  2.96252  2116.12  79.8617  372.49  0.35  42.7  43  4.2106  77.85
4.353  2.96252  2045.98  79.9145  358.286  0.36  42.7  43  4.2106  77.85
4.402  3.09133  2097.62  77.7685  444.409  0.35  42.7  43  4.2106  77.85
4.451  3.09133  2135.18  81.3192  322.263  0.34  42.7  43  4.2106  77.85
4.5  3.09133  2057.59  79.4926  375.226  0.36  42.7  43  4.2106  77.85
4.549  3.22013  2154.16  78.3919  433.453  0.34  44.3  43  4.2106  77.85
4.597  3.22013  2070.31  80.9038  327.302  0.35  44.3  43  4.2106  77.85
4.646  3.22013  2083.65  77.8426  438.813  0.36  44.3  43  4.2106  77.85
4.695  3.22013  2139.37  78.4631  427.873  0.35  44.3  43  4.2106  77.85
4.744  3.34894  2036.14  79.8  360.571  0.36  44.3  43  4.2106  77.85
4.792  3.34894  2052.19  77.2086  454.361  0.36  44.3  43  4.2106  77.85
4.841  3.34894  2149.22  78.2788  436.611  0.34  45  43  4.2106  77.85
4.89  3.34894  2052.51  81.0398  319.677  0.36  45  43  4.2106  77.85
4.939  3.47774  2144.91  78.8516  414.722  0.34  45  43  4.2106  77.85
4.987  3.47774  2097.89  78.9032  403.775  0.35  45  43  4.2106  77.85
5.036  3.47774  2021.66  78.6505  397.851  0.36  45  43  4.2106  77.85
5.085  3.60655  2081.39  80.6125  339.497  0.35  45  43  4.2106  77.85
5.134  3.60655  2093.9  79.0637  397.249  0.35  45  43  4.2106  77.85
5.182  3.60655  2053.56  79.8315  362.542  0.36  45.8  43  4.2106  77.85
5.231  3.60655  2143.26  78.3718  431.998  0.34  45.8  43  4.2106  77.85
5.28  3.73535  2057.59  79.4926  375.226  0.36  45.8  43  4.2106  77.85
5.329  3.73535  2088.49  80.5846  341.657  0.35  45.8  43  4.2106  77.85
5.377  3.73535  2133.84  78.9008  410.781  0.35  45.8  43  4.2106  77.85
5.426  3.73535  2058.4  80.7802  329.802  0.36  45.8  43  4.2106  77.85
5.475  3.86416  2076.39  76.7062  477.452  0.36  46.3  43  4.2106  77.85
5.524  3.86416  2100.06  80.2143  356.935  0.35  46.3  43  4.2106  77.85
5.572  3.86416  2115.81  77.454  459.602  0.35  46.3  43  4.2106  77.85
5.621  3.99296  2131.31  80.1903  363.126  0.34  46.3  43  4.2106  77.85
5.671  3.99296  2098.46  80.2309  356.061  0.35  46.3  43  4.2106  77.85
5.719  3.99296  2071.52  78.219  422.944  0.36  46.3  43  4.2106  77.85
5.768  3.99296  2069.92  76.8373  471.355  0.36  47.1  43  4.2106  77.85
5.817  4.12177  2110.02  79.1615  396.772  0.35  47.1  43  4.2106  77.85
5.866  4.12177  1998.95  78.9172  384.252  0.37  47.1  43  4.2106  77.85
5.914  4.12177  2009.53  79.1443  378.468  0.37  47.1  43  4.2106  77.85
5.963  4.12177  1871.83  80.4522  310.482  0.39  47.1  43  4.2106  77.85
6.012  4.25057  1842.18  79.0267  350.66  0.4  47.1  43  4.2106  77.85
6.061  4.25057  1721.32  80.4547  285.442  0.43  45  43  4.2106  77.85
6.11  4.25057  1529.08  78.5944  302.381  0.48  45  43  4.2106  77.85
6.158  4.37938  1466.34  79.7102  261.929  0.5  45  43  4.2106  77.85
6.207  4.37938  1387.48  79.2738  258.234  0.53  45  43  4.2106  77.85
6.256  4.37938  1262.69  78.3152  255.73  0.59  45  43  4.2106  77.85
6.305  4.37938  1250.85  78.8833  241.175  0.59  45  43  4.2106  77.85
6.354  4.50819  1210.73  78.7842  235.493  0.61  44.8  43  4.2106  77.85
6.403  4.50819  1221.07  79.2873  226.979  0.6  44.8  43  4.2106  77.85
6.452  4.50819  1185.63  79.1999  222.166  0.62  44.8  43  4.2106  77.85
6.5  4.50819  1184.62  80.8461  188.457  0.62  44.8  43  4.2106  77.85
6.549  4.63699  1198.16  79.0703  227.178  0.61  44.8  43  4.2106  77.85
6.598  4.63699  1154.69  79.2158  216.055  0.64  44.8  43  4.2106  77.85
6.647  4.63699  1091.35  79.1707  205.047  0.67  45.4  43  4.2106  77.85
6.696  4.7658  406.422  81.3689  60.993  1.8  45.4  43  4.2106  77.85
6.744  4.7658  301.328  81.4011  45.053  2.43  45.4  43  4.2106  77.85
6.793  4.7658  321.602  82.1399  43.981  2.27  45.4  43  4.2106  77.85
6.842  4.7658  354.023  82.5213  46.079  2.06  45.4  43  4.2106  77.85
6.891  4.8946  359.807  82.6025  46.326  2.03  45.4  43  4.2106  77.85
6.94  4.8946  356.374  82.6338  45.691  2.05  45.3  43  4.2106  77.85
6.988  4.8946  292.036  81.095  45.206  2.51  45.3  43  4.2106  77.85
7.037  4.8946  361.786  81.9173  50.868  2.02  45.3  43  4.2106  77.85
7.086  5.02341  297.58  80.7017  48.081  2.46  45.3  43  4.2106  77.85
7.134  5.02341  353.218  81.632  51.404  2.07  45.3  43  4.2106  77.85
7.184  5.02341  391.752  81.2592  59.532  1.87  45.3  43  4.2106  77.85
7.232  5.02341  318.698  81.4918  47.152  2.3  44.5  43  4.2106  77.85
7.281  5.15221  356.754  80.742  57.395  2.05  44.5  43  4.2106  77.85
7.329  5.15221  379.432  80.3105  63.862  1.93  44.5  43  4.2106  77.85
7.378  5.15221  397.112  79.9501  69.299  1.85  44.5  43  4.2106  77.85
7.427  5.28102  478.014  79.4029  87.907  1.54  44.5  43  4.2106  77.85
7.476  5.28102  363.559  80.1407  62.252  2.02  44.5  43  4.2106  77.85
7.524  5.28102  397.631  79.2211  74.365  1.85  44.5  43  4.2106  77.85
7.573  5.28102  413.325  78.9351  79.325  1.78  43.6  43  4.2106  77.85
7.622  5.40982  373.07  79.5147  67.893  1.97  43.6  43  4.2106  77.85
7.671  5.40982  386.139  79.7211  68.903  1.9  43.6  43  4.2106  77.85
7.719  5.40982  409.636  78.8688  79.083  1.8  43.6  43  4.2106  77.85
7.768  5.40982  409.156  78.4931  81.621  1.8  43.6  43  4.2106  77.85
7.817  5.53863  394.483  78.9415  75.666  1.87  43.6  43  4.2106  77.85
7.866  5.53863  425.532  77.781  90.064  1.74  45.3  43  4.2106  77.85
7.914  5.53863  403.867  78.1024  83.263  1.83  45.3  43  4.2106  77.85
7.963  5.53863  373.337  78.626  73.627  1.98  45.3  43  4.2106  77.85
8.012  5.66743  369.851  78.9455  70.916  1.99  45.3  43  4.2106  77.85
8.061  5.66743  358.317  79.3732  66.078  2.05  45.3  43  4.2106  77.85
8.109  5.66743  368.088  78.7863  71.582  2  45.3  43  4.2106  77.85
8.158  5.79624  353.958  78.9399  67.903  2.08  46  43  4.2106  77.85
8.207  5.79624  365.388  79.1948  68.499  2.02  46  43  4.2106  77.85
8.255  5.79624  295.766  76.4469  69.312  2.52  46  43  4.2106  77.85
8.304  5.79624  321.859  77.937  67.265  2.3  46  43  4.2106  77.85
8.353  5.92504  357.889  78.8274  69.347  2.06  46  43  4.2106  77.85
8.402  5.92504  299.597  76.4631  70.127  2.48  46  43  4.2106  77.85
8.451  5.92504  363.776  78.3725  73.319  2.03  44.4  43  4.2106  77.85
8.499  5.92504  363.478  78.5566  72.114  2.03  44.4  43  4.2106  77.85
8.548  6.05385  374.53  77.8655  78.729  1.98  44.4  43  4.2106  77.85
8.597  6.05385  357.354  78.5622  70.865  2.07  44.4  43  4.2106  77.85
8.645  6.05385  359.87  78.7752  70.052  2.05  44.4  43  4.2106  77.85
8.694  6.18265  367.648  78.1811  75.301  2.01  44.4  43  4.2106  77.85
8.743  6.18265  349.576  78.993  66.744  2.11  45.6  43  4.2106  77.85
8.792  6.18265  299.225  76.3781  70.472  2.49  45.6  43  4.2106  77.85
8.841  6.18265  304.083  76.2697  72.175  2.45  45.6  43  4.2106  77.85
8.889  6.31146  370.307  77.9752  77.148  2  45.6  43  4.2106  77.85
8.938  6.31146  303.159  76.3635  71.473  2.46  45.6  43  4.2106  77.85
8.987  6.31146  353.155  78.4361  70.794  2.09  45.6  43  4.2106  77.85
9.036  6.31146  301.467  76.2048  71.885  2.47  47.8  43  4.2106  77.85
9.084  6.44026  359.575  78.1521  73.826  2.06  47.8  43  4.2106  77.85
9.133  6.44026  309.493  76.1492  74.091  2.41  47.8  43  4.2106  77.85
9.181  6.44026  421.438  76.563  97.932  1.76  47.8  43  4.2106  77.85
9.23  6.44026  349.04  78.7903  67.854  2.11  47.8  43  4.2106  77.85
9.279  6.56907  306.531  75.9487  74.423  2.43  47.8  43  4.2106  77.85
9.328  6.56907  310.066  75.6692  76.747  2.41  45.6  43  4.2106  77.85
9.377  6.56907  360.91  78.0592  74.672  2.05  45.6  43  4.2106  77.85
9.425  6.69788  353.725  78.0548  73.213  2.09  45.6  43  4.2106  77.85
9.474  6.69788  353.222  78.427  70.862  2.09  45.6  43  4.2106  77.85
9.523  6.69788  305.132  77.1338  67.945  2.43  45.6  43  4.2106  77.85
9.571  6.69788  289.946  77.1788  64.342  2.56  45.6  43  4.2106  77.85
9.62  6.82668  351.268  78.5815  69.542  2.1  45.3  43  4.2106  77.85
9.669  6.82668  316.304  76.4383  74.171  2.35  45.3  43  4.2106  77.85
9.718  6.82668  314.668  78.1909  64.398  2.35  45.3  43  4.2106  77.85
9.766  6.95549  321.28  76.922  72.698  2.31  45.3  43  4.2106  77.85
9.815  6.95549  308.807  76.0277  74.563  2.41  45.3  43  4.2106  77.85
9.864  6.95549  328.524  76.8722  74.616  2.26  45.3  43  4.2106  77.85
9.913  6.95549  321.54  77.0642  71.979  2.31  45.3  43  4.2106  77.85
9.961  7.08429  299.254  77.2024  66.287  2.48  44  43  4.2106  77.85
10.01  7.08429  321.006  76.7215  73.73  2.32  44  43  4.2106  77.85
10.059  7.08429  310.007  76.1617  74.148  2.4  44  43  4.2106  77.85
10.108  7.08429  298.572  76.354  70.44  2.49  44  43  4.2106  77.85
10.157  7.2131  301.827  76.3873  71.038  2.47  44  43  4.2106  77.85
10.206  7.2131  351.117  78.9579  67.25  2.1  44  43  4.2106  77.85
10.254  7.2131  366.254  78.1526  75.194  2.02  45.3  43  4.2106  77.85
10.303  7.3419  355.022  78.0788  73.336  2.08  45.3  43  4.2106  77.85
10.352  7.3419  354.28  78.9752  67.75  2.08  45.3  43  4.2106  77.85
10.4  7.3419  357.818  78.6547  70.39  2.06  45.3  43  4.2106  77.85
10.45  7.3419  358.88  78.8362  69.484  2.05  45.3  43  4.2106  77.85
10.499  7.47071  358.716  79.1799  67.34  2.05  45.3  43  4.2106  77.85
10.547  7.47071  299.435  76.7049  68.86  2.48  46.3  43  4.2106  77.85
10.596  7.47071  320.914  79.0898  60.739  2.3  46.3  43  4.2106  77.85
10.645  7.47071  301.909  76.9657  68.091  2.46  46.3  43  4.2106  77.85
10.694  7.59951  305.526  77.1386  68.008  2.43  46.3  43  4.2106  77.85
10.742  7.59951  356.471  79.29  66.246  2.07  46.3  43  4.2106  77.85
10.791  7.59951  327.449  78.7228  64.035  2.25  46.3  43  4.2106  77.85
10.84  7.72832  313.465  77.4529  68.098  2.36  46.4  43  4.2106  77.85
10.889  7.72832  312.018  79.0026  59.522  2.36  46.4  43  4.2106  77.85
10.937  7.72832  303.332  78.7803  59.02  2.43  46.4  43  4.2106  77.85
10.986  7.72832  349.94  79.7472  62.286  2.1  46.4  43  4.2106  77.85
11.035  7.85712  352.968  79.866  62.105  2.08  46.4  43  4.2106  77.85
11.084  7.85712  359.622  79.2409  67.135  2.05  46.4  43  4.2106  77.85
11.132  7.85712  362.858  78.9499  69.548  2.03  45  43  4.2106  77.85
11.181  7.85712  367.822  79.2897  68.357  2  45  43  4.2106  77.85
11.23  7.98593  289.671  76.8174  66.061  2.57  45  43  4.2106  77.85
11.279  7.98593  305.766  77.8031  64.6  2.42  45  43  4.2106  77.85
11.327  7.98593  313.351  79.2978  58.191  2.35  45  43  4.2106  77.85
11.376  8.11473  297.019  77.8544  62.492  2.49  45  43  4.2106  77.85
11.424  8.11473  292.941  78.0669  60.571  2.52  45.6  43  4.2106  77.85
11.473  8.11473  265.207  79.6564  47.618  2.77  45.6  43  4.2106  77.85
11.522  8.11473  259.82  80.0476  44.905  2.83  45.6  43  4.2106  77.85
11.571  8.24354  297.563  79.905  52.157  2.47  45.6  43  4.2106  77.85
11.619  8.24354  327.286  79.913  57.322  2.25  45.6  43  4.2106  77.85
11.668  8.24354  302.267  80.1963  51.468  2.43  45.6  43  4.2106  77.85
11.717  8.24354  298.247  80.0338  51.617  2.46  43.5  43  4.2106  77.85
11.766  8.37234  299.656  80.0983  51.528  2.45  43.5  43  4.2106  77.85
11.815  8.37234  308.644  80.5799  50.517  2.38  43.5  43  4.2106  77.85
11.863  8.37234  332.861  80.4963  54.959  2.2  43.5  43  4.2106  77.85
11.912  8.50115  301.088  78.3538  60.78  2.45  43.5  43  4.2106  77.85
11.961  8.50115  358.58  80.5052  59.151  2.05  43.5  43  4.2106  77.85
12.01  8.50115  357.774  79.9554  62.401  2.05  44.5  43  4.2106  77.85
12.058  8.50115  361.085  79.6995  64.566  2.04  44.5  43  4.2106  77.85
12.107  8.62996  360.736  79.7088  64.446  2.04  44.5  43  4.2106  77.85
12.156  8.62996  296.421  77.5129  64.092  2.5  44.5  43  4.2106  77.85
12.205  8.62996  314.649  79.6831  56.351  2.34  44.5  43  4.2106  77.85
12.254  8.62996  325.73  78.9227  62.583  2.26  44.5  43  4.2106  77.85
12.302  8.75876  304.317  77.9731  63.411  2.43  44.5  43  4.2106  77.85
12.351  8.75876  305.552  76.1935  72.918  2.44  46.6  43  4.2106  77.85
12.4  8.75876  320.985  78.5543  63.696  2.3  46.6  43  4.2106  77.85
12.449  8.88757  316.649  76.8532  72.021  2.35  46.6  43  4.2106  77.85
12.497  8.88757  299.098  77.3137  65.686  2.48  46.6  43  4.2106  77.85
12.546  8.88757  284.964  77.1635  63.31  2.6  46.6  43  4.2106  77.85
12.595  8.88757  308.53  77.3077  67.789  2.4  46.6  43  4.2106  77.85
12.644  9.01637  308.712  78.1329  63.484  2.39  44.4  43  4.2106  77.85
12.692  9.01637  314.194  75.4583  78.889  2.38  44.4  43  4.2106  77.85
12.741  9.01637  356.072  78.1107  73.358  2.08  44.4  43  4.2106  77.85
12.79  9.01637  348.642  77.195  77.271  2.13  44.4  43  4.2106  77.85
12.839  9.14518  317.463  74.9756  82.296  2.36  44.4  43  4.2106  77.85
12.888  9.14518  322.796  75.2041  82.435  2.32  44.4  43  4.2106  77.85
12.936  9.14518  283.764  75.5693  70.716  2.63  44.8  43  4.2106  77.85
12.985  9.27398  286.127  76.0036  69.203  2.61  44.8  43  4.2106  77.85
13.034  9.27398  280.719  76.0252  67.792  2.66  44.8  43  4.2106  77.85
13.083  9.27398  270.033  75.6959  66.717  2.76  44.8  43  4.2106  77.85
13.131  9.27398  268.365  75.5271  67.07  2.78  44.8  43  4.2106  77.85
13.18  9.40279  264.729  76.4454  62.045  2.81  44.8  43  4.2106  77.85
13.229  9.40279  247.409  74.987  64.088  3.03  46.7  43  4.2106  77.85
13.278  9.40279  263.03  75.1806  67.276  2.85  46.7  43  4.2106  77.85
13.326  9.40279  259.737  75.3013  65.904  2.88  46.7  43  4.2106  77.85
13.375  9.53159  270.114  75.2656  68.701  2.77  46.7  43  4.2106  77.85
13.424  9.53159  287.79  75.602  71.561  2.6  46.7  43  4.2106  77.85
13.472  9.53159  317.766  75.2473  80.918  2.35  46.7  43  4.2106  77.85
13.521  9.6604  326.292  74.8933  85.037  2.3  44.7  43  4.2106  77.85
13.57  9.6604  318.187  75.2662  80.924  2.35  44.7  43  4.2106  77.85
13.619  9.6604  296.186  75.2063  75.628  2.53  44.7  43  4.2106  77.85
13.667  9.6604  271.221  75.3654  68.525  2.76  44.7  43  4.2106  77.85
13.716  9.7892  260.374  75.5158  65.123  2.87  44.7  43  4.2106  77.85
13.765  9.7892  259.892  74.8386  67.972  2.88  44.7  43  4.2106  77.85
13.813  9.7892  268.478  75.2946  68.153  2.79  44.6  43  4.2106  77.85
13.862  9.7892  257.022  74.9376  66.792  2.91  44.6  43  4.2106  77.85
13.911  9.91801  265.071  75.8076  64.99  2.82  44.6  43  4.2106  77.85
13.959  9.91801  262.642  75.4833  65.834  2.85  44.6  43  4.2106  77.85
14.008  9.91801  261.364  75.4569  65.631  2.86  44.6  43  4.2106  77.85
14.057  10.0468  268.613  75.6151  66.733  2.78  44.6  43  4.2106  77.85
14.105  10.0468  257.707  75.3833  65.033  2.9  45.2  43  4.2106  77.85
14.154  10.0468  270.375  75.6688  66.925  2.76  45.2  43  4.2106  77.85
14.203  10.0468  289.823  75.35  73.3  2.58  45.2  43  4.2106  77.85
14.251  10.1756  312.294  75.1337  80.123  2.4  45.2  43  4.2106  77.85
14.3  10.1756  298.899  75.3547  75.572  2.5  45.2  43  4.2106  77.85
14.349  10.1756  272.895  75.3503  69.017  2.74  45.2  43  4.2106  77.85
14.398  10.1756  266.693  75.9482  64.753  2.8  45.2  43  4.2106  77.85
14.446  10.3044  255.332  74.8747  66.624  2.93  45.2  43  4.2106  77.85
14.495  10.3044  260.076  75.5221  65.021  2.87  45.2  43  4.2106  77.85
14.544  10.3044  269.099  75.5276  67.252  2.78  45.2  43  4.2106  77.85
14.593  10.4332  255.643  74.7299  67.329  2.93  45.2  43  4.2106  77.85
14.641  10.4332  261.269  75.9756  63.315  2.85  45.2  43  4.2106  77.85
14.69  10.4332  253.074  74.5528  67.406  2.97  45.2  43  4.2106  77.85
14.739  10.4332  256.612  74.649  67.933  2.92  45.9  43  4.2106  77.85
14.788  10.562  258.588  75.294  65.645  2.89  45.9  43  4.2106  77.85
14.836  10.562  266.306  75.6614  65.951  2.8  45.9  43  4.2106  77.85
14.885  10.562  274.231  75.6399  68.013  2.72  45.9  43  4.2106  77.85
14.934  10.562  293.867  75.5065  73.546  2.54  45.9  43  4.2106  77.85
14.983  10.6908  306.95  75.5326  76.685  2.43  45.9  43  4.2106  77.85
15.032  10.6908  269.522  75.2141  68.784  2.78  44.7  43  4.2106  77.85
15.08  10.6908  268.479  75.4163  67.601  2.78  44.7  43  4.2106  77.85
15.129  10.8196  261.845  75.4918  65.597  2.85  44.7  43  4.2106  77.85
15.178  10.8196  262.322  75.759  64.532  2.85  44.7  43  4.2106  77.85
15.227  10.8196  285.251  75.8036  69.957  2.62  44.7  43  4.2106  77.85
15.275  10.8196  273.576  74.8798  71.361  2.74  44.7  43  4.2106  77.85
15.324  10.9485  264.452  75.1922  67.588  2.83  44.2  43  4.2106  77.85
15.373  10.9485  266.467  75.583  66.344  2.8  44.2  43  4.2106  77.85
15.422  10.9485  272.914  75.602  67.862  2.74  44.2  43  4.2106  77.85
15.47  10.9485  255.772  74.5832  67.994  2.93  44.2  43  4.2106  77.85
15.519  11.0773  262.634  75.3625  66.368  2.85  44.2  43  4.2106  77.85
15.568  11.0773  260.635  75.634  64.667  2.87  44.2  43  4.2106  77.85
15.616  11.0773  263.161  75.9562  63.859  2.83  43.8  43  4.2106  77.85
15.665  11.2061  331.499  75.2061  84.646  2.26  43.8  43  4.2106  77.85
15.714  11.2061  307.308  75.0209  79.429  2.44  43.8  43  4.2106  77.85
15.763  11.2061  291.891  75.0655  75.224  2.57  43.8  43  4.2106  77.85
15.811  11.2061  266.331  84.9924  23.247  2.73  43.8  43  4.2106  77.85
15.86  11.3349  230.871  88.4151  6.385  3.13  43.8  43  4.2106  77.85
15.909  11.3349  235.543  88.4694  6.291  3.07  45.2  43  4.2106  77.85
15.957  11.3349  245.866  88.955  4.484  2.94  45.2  43  4.2106  77.85
16.006  11.3349  485.087  89.4798  4.404  1.49  45.2  43  4.2106  77.85
16.055  11.4637  1743.41  94.8972  148.831  0.42  45.2  43  4.2106  77.85
16.104  11.4637  1773.5  94.5549  140.843  0.41  45.2  43  4.2106  77.85
16.152  11.4637  1834.92  89.5561  14.216  0.39  45.2  43  4.2106  77.85
16.201  11.5925  1919.69  94.9134  164.422  0.38  45.5  43  4.2106  77.85
16.25  11.5925  1876.06  94.8299  157.96  0.39  45.5  43  4.2106  77.85
16.298  11.5925  1955.62  89.0381  32.832  0.37  45.5  43  4.2106  77.85
16.347  11.5925  2008.64  89.8324  5.874  0.36  45.5  43  4.2106  77.85
16.396  11.7213  1873.51  95.2203  170.463  0.39  45.5  43  4.2106  77.85
16.445  11.7213  1972.81  89.9619  1.312  0.37  45.5  43  4.2106  77.85
16.493  11.7213  1989.07  89.9518  1.673  0.36  45.4  43  4.2106  77.85
16.542  11.7213  1792.68  90.0488  1.527  0.4  45.4  43  4.2106  77.85
16.591  11.8501  1995.63  89.8437  5.444  0.36  45.4  43  4.2106  77.85
16.64  11.8501  1880.83  95.1752  169.654  0.39  45.4  43  4.2106  77.85
16.688  11.8501  1870.27  95.172  168.596  0.39  45.4  43  4.2106  77.85
16.738  11.9789  2027.17  89.4255  20.325  0.36  45.4  43  4.2106  77.85
16.786  11.9789  1900.91  94.909  162.668  0.38  45  43  4.2106  77.85
16.835  11.9789  1899.54  94.943  163.673  0.38  45  43  4.2106  77.85
16.884  11.9789  2002.42  89.8645  4.735  0.36  45  43  4.2106  77.85
16.933  12.1077  1890.41  96.2478  205.732  0.38  45  43  4.2106  77.85
16.982  12.1077  1997.59  89.8717  4.473  0.36  45  43  4.2106  77.85
17.03  12.1077  1933.43  94.8028  161.879  0.38  45  43  4.2106  77.85
17.079  12.1077  1884.34  95.2728  173.168  0.39  46.2  43  4.2106  77.85
17.128  12.2365  1939.28  94.6956  158.755  0.37  46.2  43  4.2106  77.85
17.177  12.2365  1909.76  96.0929  202.702  0.38  46.2  43  4.2106  77.85
17.225  12.2365  1961.2  89.7773  7.622  0.37  46.2  43  4.2106  77.85
17.274  12.2365  2019.27  89.4677  18.758  0.36  46.2  43  4.2106  77.85
17.323  12.3653  1883.08  95.0203  164.785  0.39  46.2  43  4.2106  77.85
17.372  12.3653  1841.14  90.0287  0.922  0.39  46.2  43  4.2106  77.85
17.421  12.3653  1934.48  94.6996  158.495  0.38  46.9  43  4.2106  77.85
17.47  12.4941  1987.58  89.9595  1.404  0.36  46.9  43  4.2106  77.85
17.518  12.4941  1921.94  95.0435  168.963  0.38  46.9  43  4.2106  77.85
17.567  12.4941  1934.59  96.0027  202.311  0.38  46.9  43  4.2106  77.85
17.616  12.4941  1883.66  95.1359  168.623  0.39  46.9  43  4.2106  77.85
17.665  12.6229  1931.51  94.744  159.743  0.38  46.9  43  4.2106  77.85
17.713  12.6229  1914.96  96.2071  207.05  0.38  44.8  43  4.2106  77.85
17.762  12.6229  1994.73  90.0183  0.636  0.36  44.8  43  4.2106  77.85
17.811  12.7517  1936.58  95.0994  172.131  0.38  44.8  43  4.2106  77.85
17.86  12.7517  1877.89  95.1933  169.98  0.39  44.8  43  4.2106  77.85
17.909  12.7517  1996.47  89.9156  2.94  0.36  44.8  43  4.2106  77.85
17.958  12.7517  2020.76  89.7312  9.48  0.36  44.8  43  4.2106  77.85
18.007  12.8805  1880.69  94.8474  158.922  0.39  45.2  43  4.2106  77.85
18.055  12.8805  2018.11  89.6497  12.34  0.36  45.2  43  4.2106  77.85
18.104  12.8805  1924.85  95.9607  199.889  0.38  45.2  43  4.2106  77.85
18.153  12.8805  1969.88  89.8441  5.358  0.37  45.2  43  4.2106  77.85
18.202  13.0093  1851.72  90.0104  0.337  0.39  45.2  43  4.2106  77.85
18.25  13.0093  1911.06  96.0379  201.018  0.38  45.2  43  4.2106  77.85
18.299  13.0093  2001.22  90.0229  0.8  0.36  44.1  43  4.2106  77.85
18.348  13.1381  2017.61  89.7476  8.89  0.36  44.1  43  4.2106  77.85
18.397  13.1381  1891.95  94.9649  163.74  0.38  44.1  43  4.2106  77.85
18.445  13.1381  1976.16  88.766  42.557  0.37  44.1  43  4.2106  77.85
18.494  13.1381  1911.95  94.9356  164.498  0.38  44.1  43  4.2106  77.85
18.543  13.2669  1870.24  94.867  158.676  0.39  44.1  43  4.2106  77.85
18.592  13.2669  1994.79  89.7718  7.946  0.36  45  43  4.2106  77.85
18.64  13.2669  1900.43  94.8171  159.588  0.38  45  43  4.2106  77.85
18.689  13.2669  1880.72  95.1541  168.953  0.39  45  43  4.2106  77.85
18.738  13.3958  1944.98  94.8546  164.597  0.37  45  43  4.2106  77.85
18.787  13.3958  1913.64  96.2621  208.732  0.38  45  43  4.2106  77.85
18.836  13.3958  1898.39  95.3292  176.321  0.38  45  43  4.2106  77.85
18.885  13.5246  1935.11  94.8183  162.541  0.38  44.2  43  4.2106  77.85
18.934  13.5246  1878.68  95.0478  165.298  0.39  44.2  43  4.2106  77.85
18.982  13.5246  1978.85  89.9307  2.395  0.37  44.2  43  4.2106  77.85
19.031  13.5246  1934.23  94.6529  156.902  0.38  44.2  43  4.2106  77.85
19.08  13.6534  1894.49  95.1636  170.504  0.38  44.2  43  4.2106  77.85
19.129  13.6534  2003.36  89.8036  6.866  0.36  44.2  43  4.2106  77.85
19.177  13.6534  1923.31  95.9693  200.017  0.38  45.6  43  4.2106  77.85
19.226  13.6534  1877.22  95.3631  175.459  0.39  45.6  43  4.2106  77.85
19.275  13.7822  1925.5  95.118  171.769  0.38  45.6  43  4.2106  77.85
19.324  13.7822  1902.61  96.2276  206.391  0.38  45.6  43  4.2106  77.85
19.372  13.7822  1811.36  90.0046  0.147  0.4  45.6  43  4.2106  77.85
19.421  13.7822  2011.44  89.5096  17.215  0.36  45.6  43  4.2106  77.85
19.47  13.911  1896.89  95.0288  166.275  0.38  44.8  43  4.2106  77.85
19.519  13.911  2027.15  90.0058  0.207  0.36  44.8  43  4.2106  77.85
19.567  13.911  1937.87  94.4363  149.897  0.37  44.8  43  4.2106  77.85
19.616  14.0398  1965.39  89.8677  4.538  0.37  44.8  43  4.2106  77.85
19.665  14.0398  1912.08  94.9604  165.333  0.38  44.8  43  4.2106  77.85
19.714  14.0398  1901.71  96.3747  211.148  0.38  44.8  43  4.2106  77.85
19.762  14.0398  1966.48  89.8244  6.026  0.37  44.8  43  4.2106  77.85
19.811  14.1686  1935.26  95.1556  173.906  0.38  46.1  43  4.2106  77.85
19.86  14.1686  1902.17  94.8536  160.943  0.38  46.1  43  4.2106  77.85
19.909  14.1686  1827.64  90.0266  0.849  0.4  46.1  43  4.2106  77.85
19.957  14.1686  1940.99  94.4165  149.468  0.37  46.1  43  4.2106  77.85
20.006  14.2974  1878.12  95.2388  171.485  0.39  46.1  43  4.2106  77.85
20.055  14.2974  1982.45  88.8827  38.655  0.36  46.1  43  4.2106  77.85
20.104  14.2974  1929.27  94.9249  165.626  0.38  46.9  43  4.2106  77.85
20.152  14.4262  1952.33  89.8244  5.982  0.37  46.9  43  4.2106  77.85
20.201  14.4262  2009.58  89.7713  8.02  0.36  46.9  43  4.2106  77.85
20.25  14.4262  1933.25  96.0583  204.038  0.38  46.9  43  4.2106  77.85
20.299  14.4262  1885.49  94.0411  132.876  0.38  46.9  43  4.2106  77.85
20.347  14.555  1931.76  94.7907  161.333  0.38  46.9  43  4.2106  77.85
20.396  14.555  1969.47  89.8087  6.577  0.37  46.3  43  4.2106  77.85
20.445  14.555  1966.01  89.9221  2.673  0.37  46.3  43  4.2106  77.85
20.494  14.555  1939.94  95.1276  173.381  0.37  46.3  43  4.2106  77.85
20.543  14.6838  1889.22  95.0291  165.613  0.38  46.3  43  4.2106  77.85
20.592  14.6838  2006.24  90.0353  1.235  0.36  46.3  43  4.2106  77.85
20.64  14.6838  1937.87  94.4363  149.897  0.37  46.3  43  4.2106  77.85
20.689  14.8126  1874.29  95.3809  175.764  0.39  45.2  43  4.2106  77.85
20.738  14.8126  2023.1  89.9497  1.776  0.36  45.2  43  4.2106  77.85
20.787  14.8126  1913.46  94.9263  164.316  0.38  45.2  43  4.2106  77.85
20.835  14.8126  1887.87  95.0628  166.6  0.38  45.2  43  4.2106  77.85
20.884  14.9414  1924.43  95.2206  175.104  0.38  45.2  43  4.2106  77.85
20.933  14.9414  1911.06  96.0379  201.018  0.38  45.2  43  4.2106  77.85
20.982  14.9414  1879.03  95.1176  167.611  0.39  44.4  43  4.2106  77.85
21.03  15.0702  2008.92  89.7157  9.969  0.36  44.4  43  4.2106  77.85
21.079  15.0702  1883.77  95.1571  169.325  0.39  44.4  43  4.2106  77.85
21.128  15.0702  1967.46  88.9696  35.381  0.37  44.4  43  4.2106  77.85
21.177  15.0702  1929.49  95.9348  199.502  0.38  44.4  43  4.2106  77.85
21.226  15.199  1969.39  90.0162  0.556  0.37  44.4  43  4.2106  77.85
21.274  15.199  2010.13  89.9605  1.385  0.36  45  43  4.2106  77.85
21.323  15.199  1910.67  94.9913  166.236  0.38  45  43  4.2106  77.85
21.372  15.199  1862.47  95.4063  175.477  0.39  45  43  4.2106  77.85
21.421  15.3278  1931.51  94.744  159.743  0.38  45  43  4.2106  77.85
21.469  15.3278  1885.02  95.1023  167.643  0.39  45  43  4.2106  77.85
21.518  15.3278  1983.81  89.9428  1.98  0.36  45  43  4.2106  77.85
21.567  15.4566  2014.74  89.6466  12.426  0.36  44.7  43  4.2106  77.85
21.616  15.4566  1900.19  94.7711  158.049  0.38  44.7  43  4.2106  77.85
21.664  15.4566  1987.14  89.8118  6.528  0.36  44.7  43  4.2106  77.85
21.713  15.4566  1938.34  94.8208  162.898  0.37  44.7  43  4.2106  77.85
21.762  15.5854  1889  95.2915  174.21  0.38  44.7  43  4.2106  77.85
21.811  15.5854  1928.42  94.7632  160.132  0.38  44.7  43  4.2106  77.85
21.86  15.5854  1894.37  95.139  169.683  0.38  44.7  43  4.2106  77.85
21.908  15.5854  1873.3  94.03  131.653  0.39  44.7  43  4.2106  77.85
21.957  15.7142  1943.16  94.8171  163.179  0.37  44.7  43  4.2106  77.85
22.006  15.7142  1902.61  96.2276  206.391  0.38  44.7  43  4.2106  77.85
22.055  15.7142  1902.54  94.9243  163.313  0.38  44.7  43  4.2106  77.85
22.104  15.8431  2025.33  89.5521  15.832  0.36  44.7  43  4.2106  77.85
22.152  15.8431  1875.75  95.066  165.636  0.39  44.7  43  4.2106  77.85
22.201  15.8431  1910.08  94.8774  162.401  0.38  43.6  43  4.2106  77.85
22.25  15.8431  1925.29  96.0543  203.062  0.38  43.6  43  4.2106  77.85
22.299  15.9719  1886.27  95.3552  176.046  0.39  43.6  43  4.2106  77.85
22.347  15.9719  2023.71  89.6979  10.671  0.36  43.6  43  4.2106  77.85
22.397  15.9719  1913.94  95.0189  167.44  0.38  43.6  43  4.2106  77.85
22.446  15.9719  1870.65  94.0948  133.579  0.39  43.6  43  4.2106  77.85
22.495  16.1007  2022.42  89.4509  19.381  0.36  46.2  43  4.2106  77.85
22.543  16.1007  1896.59  96.2608  206.832  0.38  46.2  43  4.2106  77.85
22.592  16.1007  1969.19  89.1118  30.526  0.37  46.2  43  4.2106  77.85
22.641  16.2295  1938.13  94.4831  151.495  0.37  46.2  43  4.2106  77.85
22.69  16.2295  1878.12  95.2388  171.485  0.39  46.2  43  4.2106  77.85
22.738  16.2295  1992.14  89.8237  6.13  0.36  46.2  43  4.2106  77.85
22.787  16.2295  1924.96  94.7109  158.093  0.38  45.6  43  4.2106  77.85
22.836  16.3583  1872.03  95.5348  180.557  0.39  45.6  43  4.2106  77.85
22.885  16.3583  2030.21  89.8196  6.393  0.36  45.6  43  4.2106  77.85
22.933  16.3583  1916.9  96.292  210.083  0.38  45.6  43  4.2106  77.85
22.983  16.3583  1885.01  95.4099  177.718  0.39  45.6  43  4.2106  77.85
23.031  16.4871  1945.97  95.0429  171.055  0.37  45.6  43  4.2106  77.85
23.08  16.4871  1880.44  96.3969  209.511  0.39  47  43  4.2106  77.85
23.129  16.4871  1836.58  90.0162  0.518  0.39  47  43  4.2106  77.85
23.178  16.6159  1937.08  94.5866  154.9  0.37  47  43  4.2106  77.85
23.226  16.6159  1964.58  89.7969  6.964  0.37  47  43  4.2106  77.85
23.275  16.6159  1991.73  89.7878  7.377  0.36  47  43  4.2106  77.85
23.324  16.6159  1991.63  89.9201  2.778  0.36  47  43  4.2106  77.85
23.373  16.7447  1879.45  94.9021  160.607  0.39  45.2  43  4.2106  77.85
23.421  16.7447  1935.11  94.8183  162.541  0.38  45.2  43  4.2106  77.85
23.47  16.7447  1904.6  94.4323  147.188  0.38  45.2  43  4.2106  77.85
23.519  16.7447  1810.02  90.0472  1.491  0.4  45.2  43  4.2106  77.85
23.568  16.8735  1930.37  95.1368  172.833  0.38  45.2  43  4.2106  77.85
23.616  16.8735  1890.93  95.0657  166.965  0.38  45.2  43  4.2106  77.85
23.665  16.8735  1971.31  89.0235  33.594  0.37  46.8  43  4.2106  77.85
23.714  16.8735  2014.04  89.7275  9.579  0.36  46.8  43  4.2106  77.85
23.763  17.0023  1982.66  89.9474  1.819  0.36  46.8  43  4.2106  77.85
23.811  17.0023  1977.75  89.0248  33.66  0.37  46.8  43  4.2106  77.85
23.86  17.0023  1926.83  96.0458  202.939  0.38  46.8  43  4.2106  77.85
23.909  17.1311  1886.84  95.1634  169.808  0.38  46.8  43  4.2106  77.85
23.958  17.1311  1936.67  94.8087  162.349  0.37  45.4  43  4.2106  77.85
24.007  17.1311  1924.59  96.2501  209.528  0.38  45.4  43  4.2106  77.85
24.055  17.1311  1997.74  90.0029  0.1  0.36  45.4  43  4.2106  77.85
24.104  17.2599  2012.31  89.5822  14.673  0.36  45.4  43  4.2106  77.85
24.153  17.2599  1891.95  94.9649  163.74  0.38  45.4  43  4.2106  77.85
24.202  17.2599  1976.68  89.0691  32.114  0.37  45.4  43  4.2106  77.85
24.25  17.3887  1994.41  89.6005  13.906  0.36  43.1  43  4.2106  77.85
24.299  17.3887  1877.76  94.866  159.282  0.39  43.1  43  4.2106  77.85
24.348  17.3887  1998.13  88.8306  40.78  0.36  43.1  43  4.2106  77.85
24.397  17.3887  1927.73  94.9343  165.811  0.38  43.1  43  4.2106  77.85
24.445  17.5175  1994.02  89.964  1.254  0.36  43.1  43  4.2106  77.85
24.494  17.5175  2001.02  88.9302  37.361  0.36  43.1  43  4.2106  77.85
24.543  17.5175  1901.51  96.3284  209.599  0.38  43.2  43  4.2106  77.85
24.592  17.5175  1876.96  90.026  0.853  0.39  43.2  43  4.2106  77.85
24.64  17.6463  2014.31  89.6103  13.701  0.36  43.2  43  4.2106  77.85
24.689  17.6463  1903.68  94.8442  160.759  0.38  43.2  43  4.2106  77.85
24.738  17.6463  1983.34  88.9544  36.192  0.36  43.2  43  4.2106  77.85
24.787  17.6463  1939.15  94.6705  157.896  0.37  43.2  43  4.2106  77.85
24.835  17.7751  1888.19  95.4378  178.935  0.38  43.2  43  4.2106  77.85
24.884  17.7751  2037.47  90.0309  1.1  0.36  45.7  43  4.2106  77.85
24.933  17.7751  1928.04  94.6916  157.699  0.38  45.7  43  4.2106  77.85
24.982  17.9039  1886.49  95.401  177.566  0.39  45.7  43  4.2106  77.85
25.03  17.9039  2024.29  89.8885  3.938  0.36  45.7  43  4.2106  77.85
25.08  17.9039  1898.85  95.1115  169.177  0.38  45.7  43  4.2106  77.85
25.128  17.9039  1895.85  93.9711  131.293  0.38  45.7  43  4.2106  77.85
25.177  18.0327  2027.61  89.4621  19.034  0.36  44.8  43  4.2106  77.85
25.226  18.0327  1902.4  96.1813  204.841  0.38  44.8  43  4.2106  77.85
25.275  18.0327  1980.36  89.9228  2.668  0.37  44.8  43  4.2106  77.85
25.323  18.0327  2010.05  89.6713  11.532  0.36  44.8  43  4.2106  77.85
25.372  18.1615  1996.45  90.027  0.94  0.36  44.8  43  4.2106  77.85
25.421  18.1615  1998.75  88.7494  43.624  0.36  44.8  43  4.2106  77.85
25.47  18.1615  1935.24  96.1439  207.12  0.38  47.8  43  4.2106  77.85
25.519  18.2904  2008.82  89.9842  0.553  0.36  47.8  43  4.2106  77.85
25.567  18.2904  2010.85  89.8801  4.209  0.36  47.8  43  4.2106  77.85
25.616  18.2904  1897.68  96.1602  203.637  0.38  47.8  43  4.2106  77.85
25.665  18.2904  2000.76  89.9874  0.439  0.36  47.8  43  4.2106  77.85
25.714  18.4192  2017.26  89.4397  19.725  0.36  47.8  43  4.2106  77.85
25.763  18.4192  1896.59  96.2608  206.832  0.38  44.3  43  4.2106  77.85
25.811  18.4192  1980.06  88.8199  40.78  0.37  44.3  43  4.2106  77.85
25.86  18.4192  1920.05  94.9814  166.724  0.38  44.3  43  4.2106  77.85
25.909  18.548  1877.76  94.866  159.282  0.39  44.3  43  4.2106  77.85
25.958  18.548  1928.42  94.7632  160.132  0.38  44.3  43  4.2106  77.85
26.007  18.548  1910.67  94.9913  166.236  0.38  44.3  43  4.2106  77.85
26.055  18.6768  1882.87  95.2818  173.326  0.39  44.2  43  4.2106  77.85
26.104  18.6768  2007.88  89.49  17.871  0.36  44.2  43  4.2106  77.85
26.153  18.6768  1888.76  94.9377  162.57  0.38  44.2  43  4.2106  77.85
26.202  18.6768  1961.76  89.1541  28.962  0.37  44.2  43  4.2106  77.85
26.251  18.8056  2028.94  89.572  15.157  0.36  44.2  43  4.2106  77.85
26.3  18.8056  1898.22  94.6888  155.166  0.38  44.2  43  4.2106  77.85
26.349  18.8056  1983.4  89.9071  3.216  0.36  43.8  43  4.2106  77.85
26.397  18.8056  1933.67  94.8496  163.472  0.38  43.8  43  4.2106  77.85
26.446  18.9344  2005.52  89.9807  0.676  0.36  43.8  43  4.2106  77.85
26.495  18.9344  2006.59  89.9402  2.094  0.36  43.8  43  4.2106  77.85
26.544  18.9344  1909.15  95.0006  166.414  0.38  43.8  43  4.2106  77.85
26.592  19.0632  1862.95  94.054  131.706  0.39  43.8  43  4.2106  77.85
26.641  19.0632  1936.34  95.0525  170.531  0.38  41.5  43  4.2106  77.85
26.69  19.0632  1914.11  96.0209  200.772  0.38  41.5  43  4.2106  77.85
26.739  19.0632  1972  89.8908  3.757  0.37  41.5  43  4.2106  77.85
26.787  19.192  2035.05  89.657  12.182  0.36  41.5  43  4.2106  77.85
26.836  19.192  1977.81  89.8403  5.514  0.37  41.5  43  4.2106  77.85
26.885  19.192  1983.07  88.8023  41.451  0.36  41.5  43  4.2106  77.85
26.934  19.192  1924.96  94.7109  158.093  0.38  42.3  43  4.2106  77.85
26.983  19.3208  1961.2  89.7773  7.622  0.37  42.3  43  4.2106  77.85
27.031  19.3208  1999.49  88.939  37.026  0.36  42.3  43  4.2106  77.85
27.08  19.3208  1908.66  96.1941  205.94  0.38  42.3  43  4.2106  77.85
27.129  19.4496  1889.66  93.9657  130.686  0.38  42.3  43  4.2106  77.85
27.178  19.4496  1939.7  95.0806  171.776  0.37  42.3  43  4.2106  77.85
27.227  19.4496  1898.39  95.0196  166.101  0.38  41.3  43  4.2106  77.85
27.276  19.4496  1975.37  88.962  35.784  0.37  41.3  43  4.2106  77.85
27.325  19.5784  1999.88  89.648  12.286  0.36  41.3  43  4.2106  77.85
27.373  19.5784  1879.68  94.9476  162.113  0.39  41.3  43  4.2106  77.85
27.422  19.5784  1827.74  90.0619  1.976  0.4  41.3  43  4.2106  77.85
27.471  19.7072  1935.53  94.5964  155.105  0.37  41.3  43  4.2106  77.85
27.52  19.7072  1959.84  89.9342  2.25  0.37  41.3  43  4.2106  77.85
27.568  19.7072  1928.91  94.8565  163.303  0.38  44  43  4.2106  77.85
27.617  19.7072  1916.07  96.1055  203.791  0.38  44  43  4.2106  77.85
27.666  19.836  1879.03  95.1176  167.611  0.39  44  43  4.2106  77.85
27.715  19.836  2023.75  89.5605  15.524  0.36  44  43  4.2106  77.85
27.763  19.836  1886.58  94.81  158.194  0.38  44  43  4.2106  77.85
27.812  19.836  2015.87  90.0245  0.863  0.36  44  43  4.2106  77.85
27.861  19.9648  2008.22  89.7962  7.142  0.36  45.3  43  4.2106  77.85
27.91  19.9648  1866.42  90.0254  0.827  0.39  45.3  43  4.2106  77.85
27.958  19.9648  2028.7  89.998  0.07  0.36  45.3  43  4.2106  77.85
28.007  19.9648  1926.99  94.7944  161.06  0.38  45.3  43  4.2106  77.85
28.056  20.0936  1876.55  95.2267  170.947  0.39  45.3  43  4.2106  77.85
28.105  20.0936  1936.67  94.8087  162.349  0.37  45.3  43  4.2106  77.85
28.154  20.0936  1910.91  95.0375  167.793  0.38  43.2  43  4.2106  77.85
28.202  20.2224  1872.35  94.1301  134.85  0.39  43.2  43  4.2106  77.85
28.251  20.2224  1936.82  95.1463  173.732  0.38  43.2  43  4.2106  77.85
28.3  20.2224  1887.05  94.9013  161.228  0.38  43.2  43  4.2106  77.85
28.349  20.2224  1967.89  89.0051  34.168  0.37  43.2  43  4.2106  77.85
28.397  20.3512  1928.58  94.4955  151.163  0.38  43.2  43  4.2106  77.85
28.446  20.3512  1964.3  89.9109  3.054  0.37  44.1  43  4.2106  77.85
28.495  20.3512  2038.08  89.9508  1.751  0.35  44.1  43  4.2106  77.85
28.544  20.3512  1922.87  94.9161  164.784  0.38  44.1  43  4.2106  77.85
28.592  20.48  1876.19  95.463  178.618  0.39  44.1  43  4.2106  77.85
28.641  20.48  2013.26  89.9446  1.946  0.36  44.1  43  4.2106  77.85
28.69  20.48  1912.53  96.3635  211.976  0.38  44.1  43  4.2106  77.85
28.739  20.6088  1965.25  89.7182  9.667  0.37  44.6  43  4.2106  77.85
28.788  20.6088  2025.77  89.5887  14.543  0.36  44.6  43  4.2106  77.85
28.836  20.6088  1892.31  96.3317  208.69  0.38  44.6  43  4.2106  77.85
28.885  20.6088  1894.36  93.9811  131.522  0.38  44.6  43  4.2106  77.85
28.934  20.7377  1927.94  95.9434  199.632  0.38  44.6  43  4.2106  77.85
28.983  20.7377  1989.07  89.9518  1.673  0.36  44.6  43  4.2106  77.85
29.032  20.7377  2002.23  89.8478  5.32  0.36  44.2  43  4.2106  77.85
29.081  20.7377  1926.99  94.7944  161.06  0.38  44.2  43  4.2106  77.85
29.129  20.8665  1871.6  95.444  177.563  0.39  44.2  43  4.2106  77.85
29.178  20.8665  2034.94  89.9666  1.187  0.36  44.2  43  4.2106  77.85
29.227  20.8665  1910.8  96.3252  210.516  0.38  44.2  43  4.2106  77.85
29.276  20.9953  2007.76  90.0276  0.966  0.36  44.2  43  4.2106  77.85
29.324  20.9953  1935.02  95.1088  172.308  0.38  43  43  4.2106  77.85
29.373  20.9953  1887.05  94.9013  161.228  0.38  43  43  4.2106  77.85
29.422  20.9953  1987.27  89.9629  1.286  0.36  43  43  4.2106  77.85
29.471  21.1241  1925.5  95.118  171.769  0.38  43  43  4.2106  77.85
29.519  21.1241  1815.74  89.9981  0.059  0.4  43  43  4.2106  77.85
29.568  21.1241  1996.88  89.9516  1.686  0.36  43  43  4.2106  77.85
29.617  21.1241  2005.81  89.7319  9.384  0.36  43  43  4.2106  77.85
29.666  21.2529  1864.88  94.1341  134.44  0.39  43  43  4.2106  77.85
29.715  21.2529  2019.12  89.8763  4.361  0.36  43  43  4.2106  77.85
29.763  21.2529  1912.53  96.3635  211.976  0.38  43  43  4.2106  77.85
29.812  21.3817  1890.83  95.0444  166.258  0.38  43  43  4.2106  77.85
29.861  21.3817  1939.94  95.1276  173.381  0.37  43  43  4.2106  77.85
29.91  21.3817  1887.24  96.2184  204.424  0.39  43  43  4.2106  77.85
29.959  21.3817  2018.95  90.009  0.317  0.36  44.1  43  4.2106  77.85
30.008  21.5105  1928.58  94.4955  151.163  0.38  44.1  43  4.2106  77.85
30.056  21.5105  1881.17  95.2452  171.973  0.39  44.1  43  4.2106  77.85
30.105  21.5105  1994.61  88.8122  41.347  0.36  44.1  43  4.2106  77.85
30.155  21.5105  1918.52  94.9908  166.904  0.38  44.1  43  4.2106  77.85
30.204  21.6393  1887.63  95.0171  165.08  0.38  44.1  43  4.2106  77.85
30.252  21.6393  1940.85  94.6859  158.555  0.37  44.1  43  4.2106  77.85
30.301  21.6393  1903.44  94.7982  159.215  0.38  44.1  43  4.2106  77.85
30.35  21.7681  1975.01  89.8751  4.305  0.37  44.1  43  4.2106  77.85
30.399  21.7681  2014.74  89.6466  12.426  0.36  44.1  43  4.2106  77.85
30.447  21.7681  1894.37  95.139  169.683  0.38  44.1  43  4.2106  77.85
30.497  21.7681  1997.59  89.8717  4.473  0.36  44.1  43  4.2106  77.85
30.545  21.8969  1930.82  94.9154  165.441  0.38  43.6  43  4.2106  77.85
30.594  21.8969  1866.42  90.0254  0.827  0.39  43.6  43  4.2106  77.85
30.643  21.8969  2033.38  89.9745  0.906  0.36  43.6  43  4.2106  77.85
30.692  21.8969  1909.39  95.0468  167.969  0.38  43.6  43  4.2106  77.85
30.741  22.0257  1866.07  94.0793  132.747  0.39  43.6  43  4.2106  77.85
30.789  22.0257  1995.34  89.9595  1.41  0.36  43.6  43  4.2106  77.85
30.838  22.0257  1900.48  96.0972  201.86  0.38  42.9  43  4.2106  77.85
30.887  22.1545  1970.5  89.8987  3.485  0.37  42.9  43  4.2106  77.85
30.936  22.1545  1944.64  95.0995  172.849  0.37  42.9  43  4.2106  77.85
30.984  22.1545  1997.96  90.0193  0.673  0.36  42.9  43  4.2106  77.85
31.033  22.1545  1972.99  88.8994  37.898  0.37  42.9  43  4.2106  77.85
31.082  22.2833  1912.74  94.7874  159.636  0.38  42.9  43  4.2106  77.85
31.131  22.2833  1948.99  89.8049  6.635  0.37  42.5  43  4.2106  77.85
31.179  22.2833  1998.01  89.9077  3.218  0.36  42.5  43  4.2106  77.85
31.228  22.2833  1901.38  95.001  165.75  0.38  42.5  43  4.2106  77.85
31.277  22.4121  1885.14  95.1268  168.456  0.39  42.5  43  4.2106  77.85
31.326  22.4121  1925.59  94.829  162.099  0.38  42.5  43  4.2106  77.85
31.375  22.4121  1901.38  95.001  165.75  0.38  42.5  43  4.2106  77.85
31.423  22.4121  1812.9  90.0321  1.016  0.4  43.4  43  4.2106  77.85
31.472  22.5409  2004.95  89.6596  11.912  0.36  43.4  43  4.2106  77.85
31.521  22.5409  1997.03  89.9485  1.795  0.36  43.4  43  4.2106  77.85
31.57  22.5409  1978.65  89.2311  26.553  0.37  43.4  43  4.2106  77.85
31.618  22.6697  1916.27  94.8611  162.384  0.38  43.4  43  4.2106  77.85
31.667  22.6697  1954.2  89.8518  5.054  0.37  43.4  43  4.2106  77.85
31.716  22.6697  1915.35  94.988  166.536  0.38  44.3  43  4.2106  77.85
31.765  22.6697  1904.46  94.6966  155.936  0.38  44.3  43  4.2106  77.85
31.813  22.7985  1868.46  93.9696  129.348  0.39  44.3  43  4.2106  77.85
31.862  22.7985  1931.51  94.744  159.743  0.38  44.3  43  4.2106  77.85
31.911  22.7985  1899.41  94.9184  162.848  0.38  44.3  43  4.2106  77.85
31.96  22.7985  1968.95  88.961  35.704  0.37  44.3  43  4.2106  77.85
32.009  22.9273  2004.95  89.6596  11.912  0.36  44.3  43  4.2106  77.85
32.058  22.9273  1951.66  89.9025  3.32  0.37  44.3  43  4.2106  77.85
32.107  22.9273  1956.05  89.0734  31.633  0.37  44.3  43  4.2106  77.85
32.155  23.0561  1925.21  94.7574  159.672  0.38  44.3  43  4.2106  77.85
32.204  23.0561  1869.7  95.3621  174.724  0.39  44.3  43  4.2106  77.85
32.253  23.0561  2007.73  89.8961  3.642  0.36  44.3  43  4.2106  77.85
32.302  23.0561  1913.77  94.6854  156.324  0.38  44.9  43  4.2106  77.85
32.351  23.185  1958.57  89.9609  1.338  0.37  44.9  43  4.2106  77.85
32.4  23.185  1908  95.0809  168.976  0.38  44.9  43  4.2106  77.85
32.448  23.185  1891.72  94.9191  162.214  0.38  44.9  43  4.2106  77.85
32.497  23.185  1961.52  89.0039  34.098  0.37  44.9  43  4.2106  77.85
32.546  23.3138  1937.08  94.5866  154.9  0.37  44.9  43  4.2106  77.85
32.595  23.3138  1977.19  90.0131  0.453  0.37  44.9  43  4.2106  77.85
32.643  23.3138  2010.81  90.0121  0.425  0.36  43.6  43  4.2106  77.85
32.692  23.4426  1928.29  94.7382  159.283  0.38  43.6  43  4.2106  77.85
32.741  23.4426  1951.26  89.8674  4.516  0.37  43.6  43  4.2106  77.85
32.79  23.4426  2009.71  89.9243  2.656  0.36  43.6  43  4.2106  77.85
32.839  23.4426  1918.44  96.2836  209.973  0.38  43.6  43  4.2106  77.85
32.888  23.5714  1867.27  94.0245  131.05  0.39  43.6  43  4.2106  77.85
32.936  23.5714  1937.9  95.0431  170.351  0.37  41.8  43  4.2106  77.85
32.985  23.5714  1899.88  95.0103  165.926  0.38  41.8  43  4.2106  77.85
33.034  23.5714  1889.11  95.0079  164.907  0.38  41.8  43  4.2106  77.85
33.083  23.7002  2005.38  89.6958  10.648  0.36  41.8  43  4.2106  77.85
33.132  23.7002  1963.09  89.8048  6.688  0.37  41.8  43  4.2106  77.85
33.18  23.7002  1844.12  90.0133  0.428  0.39  41.8  43  4.2106  77.85
33.229  23.829  1925.7  94.8506  162.832  0.38  43.6  43  4.2106  77.85
33.278  23.829  1955.28  89.8088  6.525  0.37  43.6  43  4.2106  77.85
33.327  23.829  1845.71  90.0413  1.33  0.39  43.6  43  4.2106  77.85
33.375  23.829  1890.82  96.3399  208.795  0.38  43.6  43  4.2106  77.85
33.424  23.9578  1879.93  95.2998  173.642  0.39  43.6  43  4.2106  77.85
33.473  23.9578  1945.97  95.0429  171.055  0.37  43.6  43  4.2106  77.85
33.522  23.9578  1890  94.8827  160.869  0.38  43.3  43  4.2106  77.85
33.57  24.0866  1882.05  93.9703  130.312  0.39  43.3  43  4.2106  77.85
33.619  24.0866  1933.98  94.6061  155.308  0.38  43.3  43  4.2106  77.85
33.668  24.0866  1954.6  89.887  3.854  0.37  43.3  43  4.2106  77.85
33.717  24.0866  2029.78  89.9542  1.624  0.36  43.3  43  4.2106  77.85
33.766  24.2154  1913.94  95.0189  167.44  0.38  43.3  43  4.2106  77.85
33.814  24.2154  1867.02  95.4251  176.516  0.39  43.6  43  4.2106  77.85
33.863  24.2154  1912.79  95.0993  170.014  0.38  43.6  43  4.2106  77.85
33.912  24.2154  1900.48  96.0972  201.86  0.38  43.6  43  4.2106  77.85
33.96  24.3442  1817.34  90.0445  1.412  0.4  43.6  43  4.2106  77.85
34.01  24.3442  2002.55  89.5955  14.137  0.36  43.6  43  4.2106  77.85
34.058  24.3442  1886.26  95.0475  165.957  0.39  43.6  43  4.2106  77.85
34.107  24.473  1870.9  94.1399  135.065  0.39  44.3  43  4.2106  77.85
34.155  24.473  1914.8  94.5832  153.005  0.38  44.3  43  4.2106  77.85
34.204  24.473  1962.81  89.9187  2.785  0.37  44.3  43  4.2106  77.85
34.253  24.473  1988.78  89.0001  34.706  0.36  44.3  43  4.2106  77.85
34.302  24.6018  1912.11  96.2704  208.842  0.38  44.3  43  4.2106  77.85
34.35  24.6018  1876.41  95.5085  180.123  0.39  44.3  43  4.2106  77.85
34.399  24.6018  1928.34  95.0527  169.832  0.38  44  43  4.2106  77.85
34.448  24.6018  1904.86  95.0746  168.491  0.38  44  43  4.2106  77.85
34.497  24.7306  1966.21  89.1287  29.898  0.37  44  43  4.2106  77.85
34.545  24.7306  1946.05  94.7508  161.176  0.37  44  43  4.2106  77.85
34.594  24.7306  1888.43  95.1755  170.348  0.38  44  43  4.2106  77.85
34.644  24.7306  1994.93  89.9235  2.662  0.36  44  43  4.2106  77.85
34.692  24.8594  1920.9  94.5444  152.195  0.38  42.2  43  4.2106  77.85
34.741  24.8594  1991.03  89.9794  0.717  0.36  42.2  43  4.2106  77.85
34.79  24.8594  2030.74  90.0262  0.928  0.36  42.2  43  4.2106  77.85
34.839  24.9882  1917.55  94.8052  160.63  0.38  42.2  43  4.2106  77.85
34.888  24.9882  1885.01  95.4099  177.718  0.39  42.2  43  4.2106  77.85
34.937  24.9882  2009.71  89.9243  2.656  0.36  42.2  43  4.2106  77.85
34.986  24.9882  1910.98  94.7507  158.268  0.38  42.2  43  4.2106  77.85
35.034  25.117  1886.97  94.0312  132.652  0.38  43.4  43  4.2106  77.85
35.083  25.117  1961.63  94.6057  157.514  0.37  43.4  43  4.2106  77.85
35.132  25.117  1887.82  94.755  156.491  0.38  43.4  43  4.2106  77.85
35.18  25.2458  1925.59  94.829  162.099  0.38  43.4  43  4.2106  77.85
35.23  25.2458  2035.05  89.657  12.182  0.36  43.4  43  4.2106  77.85
35.278  25.2458  1974.79  89.856  4.962  0.37  43.4  43  4.2106  77.85
35.327  25.2458  1998.13  88.8306  40.78  0.36  42.9  43  4.2106  77.85
35.376  25.3746  1923.53  96.0161  201.601  0.38  42.9  43  4.2106  77.85
35.425  25.3746  1874.76  94.0201  131.431  0.39  42.9  43  4.2106  77.85
35.473  25.3746  1936.17  94.715  159.153  0.37  42.9  43  4.2106  77.85
35.523  25.3746  1908.44  94.862  161.753  0.38  42.9  43  4.2106  77.85
35.572  25.5034  1892.08  94.9894  164.558  0.38  42.9  43  4.2106  77.85
35.62  25.5034  2021.98  89.4144  20.666  0.36  42.1  43  4.2106  77.85
35.669  25.5034  1879.22  94.8567  159.102  0.39  42.1  43  4.2106  77.85
35.718  25.6323  1983.68  88.7217  44.253  0.36  42.1  43  4.2106  77.85
35.767  25.6323  1935.53  94.5964  155.105  0.37  42.1  43  4.2106  77.85
35.816  25.6323  1994.48  89.9993  0.024  0.36  42.1  43  4.2106  77.85
35.864  25.6323  1933.06  94.7343  159.547  0.38  42.1  43  4.2106  77.85
35.913  25.7611  1926.19  94.9438  165.995  0.38  44.4  43  4.2106  77.85
35.962  25.7611  1889.11  95.0079  164.907  0.38  44.4  43  4.2106  77.85
36.011  25.7611  1937.16  94.9024  165.547  0.37  44.4  43  4.2106  77.85
36.059  25.7611  1902.17  94.8536  160.943  0.38  44.4  43  4.2106  77.85
36.108  25.8899  2018.47  89.9732  0.944  0.36  44.4  43  4.2106  77.85
36.157  25.8899  1949.37  95.0712  172.311  0.37  44.4  43  4.2106  77.85
36.206  25.8899  1896.96  94.7441  156.89  0.38  43.6  43  4.2106  77.85
36.255  25.8899  1966.41  89.0137  33.848  0.37  43.6  43  4.2106  77.85
36.304  26.0187  1933.67  94.8496  163.472  0.38  43.6  43  4.2106  77.85
36.353  26.0187  1962.01  89.848  5.205  0.37  43.6  43  4.2106  77.85
36.401  26.0187  2039.04  90.0231  0.822  0.35  43.6  43  4.2106  77.85
36.45  26.1475  1922.63  96.1649  206.473  0.38  43.6  43  4.2106  77.85
36.499  26.1475  1861.27  94.019  130.452  0.39  44.6  43  4.2106  77.85
36.548  26.1475  2046.93  89.9837  0.584  0.35  44.6  43  4.2106  77.85
36.597  26.1475  1980.55  89.9394  2.096  0.37  44.6  43  4.2106  77.85
36.645  26.2763  1879.63  94.0808  133.761  0.39  44.6  43  4.2106  77.85
36.694  26.2763  1938.13  94.4831  151.495  0.37  44.6  43  4.2106  77.85
36.744  26.2763  2000.97  90.0039  0.136  0.36  44.6  43  4.2106  77.85
36.792  26.2763  1995.21  89.8077  6.696  0.36  44.4  43  4.2106  77.85
36.841  26.4051  1918.83  94.7493  158.87  0.38  44.4  43  4.2106  77.85
36.89  26.4051  1881.84  95.382  176.508  0.39  44.4  43  4.2106  77.85
36.939  26.4051  2015.98  89.8923  3.789  0.36  44.4  43  4.2106  77.85
36.987  26.5339  1906.37  95.0654  168.318  0.38  44.4  43  4.2106  77.85
37.036  26.5339  1967.91  89.9497  1.727  0.37  44.4  43  4.2106  77.85
37.085  26.5339  2011.88  89.5459  15.944  0.36  43.9  43  4.2106  77.85
37.134  26.5339  1890.93  95.0657  166.965  0.38  43.9  43  4.2106  77.85
37.182  26.6627  1886.71  93.9857  131.141  0.38  43.9  43  4.2106  77.85
37.231  26.6627  2017.7  89.4762  18.447  0.36  43.9  43  4.2106  77.85
37.28  26.6627  1883  96.289  206.271  0.39  43.9  43  4.2106  77.85
37.329  26.6627  1968.95  88.961  35.704  0.37  43.9  43  4.2106  77.85
37.378  26.7915  1997.79  89.8884  3.891  0.36  43  43  4.2106  77.85
37.426  26.7915  1956.35  89.7657  8  0.37  43  43  4.2106  77.85
37.475  26.7915  1925.83  94.8755  163.679  0.38  43  43  4.2106  77.85
37.524  26.7915  1912.32  96.3169  210.409  0.38  43  43  4.2106  77.85
37.573  26.9203  1862.25  94.1985  136.339  0.39  43  43  4.2106  77.85
37.621  26.9203  1932.5  94.9309  166.108  0.38  43  43  4.2106  77.85
37.67  26.9203  1900.35  95.1023  169.006  0.38  43  43  4.2106  77.85
37.719  27.0491  1832.15  90.0391  1.25  0.39  43.5  43  4.2106  77.85
37.768  27.0491  2001  89.6037  13.839  0.36  43.5  43  4.2106  77.85
37.816  27.0491  1997.03  89.9485  1.795  0.36  43.5  43  4.2106  77.85
37.865  27.0491  1985.74  89.0174  34.052  0.36  43.5  43  4.2106  77.85
37.914  27.1779  1927.94  95.9434  199.632  0.38  43.5  43  4.2106  77.85
37.963  27.1779  1869.2  94.1047  133.795  0.39  43.5  43  4.2106  77.85
38.011  27.1779  2006.89  89.8237  6.176  0.36  43.2  43  4.2106  77.85
38.06  27.1779  1905.66  94.927  163.669  0.38  43.2  43  4.2106  77.85
38.109  27.3067  1944.14  89.2543  25.303  0.37  43.2  43  4.2106  77.85
38.158  27.3067  1938.72  94.8929  165.359  0.37  43.2  43  4.2106  77.85
38.207  27.3067  1888.99  94.9834  164.091  0.38  43.2  43  4.2106  77.85
38.256  27.4355  1830.58  90.0113  0.362  0.4  43.2  43  4.2106  77.85
38.305  27.4355  1931.66  94.4758  150.744  0.38  42.1  43  4.2106  77.85
38.353  27.4355  1817.19  89.9905  0.3  0.4  42.1  43  4.2106  77.85
38.402  27.4355  1993.39  89.9314  2.385  0.36  42.1  43  4.2106  77.85
38.451  27.5643  1926.19  94.9438  165.995  0.38  42.1  43  4.2106  77.85
38.5  27.5643  1968.79  89.8875  3.867  0.37  42.1  43  4.2106  77.85
38.548  27.5643  1926.32  94.9688  166.843  0.38  42.1  43  4.2106  77.85
38.597  27.6931  1908.92  94.9544  164.859  0.38  41.9  43  4.2106  77.85
38.646  27.6931  1877.41  93.955  129.49  0.39  41.9  43  4.2106  77.85
38.695  27.6931  2021.03  89.6136  13.63  0.36  41.9  43  4.2106  77.85
38.743  27.6931  1894.46  94.8546  160.324  0.38  41.9  43  4.2106  77.85
38.792  27.8219  1982.29  89.9507  1.707  0.36  41.9  43  4.2106  77.85
38.841  27.8219  1929.58  94.6819  157.501  0.38  41.9  43  4.2106  77.85
38.89  27.8219  1947.65  89.9608  1.333  0.37  44.2  43  4.2106  77.85
38.938  27.8219  1992.98  89.8955  3.634  0.36  44.2  43  4.2106  77.85
38.987  27.9507  1925.93  96.1948  207.826  0.38  44.2  43  4.2106  77.85
39.036  27.9507  1966.75  89.7102  9.948  0.37  44.2  43  4.2106  77.85
39.085  27.9507  1928.34  95.0527  169.832  0.38  44.2  43  4.2106  77.85
39.133  27.9507  1898.09  96.2525  206.722  0.38  44.2  43  4.2106  77.85
39.182  28.0796  1994.73  90.0183  0.636  0.36  40.2  43  4.2106  77.85
39.231  28.0796  1935.02  95.1088  172.308  0.38  40.2  43  4.2106  77.85
39.28  28.0796  1887.24  96.2184  204.424  0.39  40.2  43  4.2106  77.85
39.328  28.2084  1976.52  89.8672  4.58  0.37  40.2  43  4.2106  77.85
39.377  28.2084  1922.43  94.5346  151.99  0.38  40.2  43  4.2106  77.85
39.426  28.2084  1876.3  94.8753  159.46  0.39  40.2  43  4.2106  77.85
39.475  28.2084  1982.71  89.0347  33.402  0.36  40.2  43  4.2106  77.85
39.523  28.3372  1912.98  94.8337  161.195  0.38  40.2  43  4.2106  77.85
39.572  28.3372  1947.92  89.8478  5.173  0.37  40.2  43  4.2106  77.85
39.621  28.3372  1915.35  94.988  166.536  0.38  40.2  43  4.2106  77.85
39.67  28.466  1895.17  94.9922  164.917  0.38  40.2  43  4.2106  77.85
39.718  28.466  1864.88  94.1341  134.44  0.39  40.2  43  4.2106  77.85
39.767  28.466  1941.26  95.0712  171.597  0.37  38.6  43  4.2106  77.85
39.816  28.466  1869.25  94.9667  161.832  0.39  38.6  43  4.2106  77.85
39.865  28.5948  1977.34  89.9385  2.123  0.37  38.6  43  4.2106  77.85
39.913  28.5948  1940.96  94.7077  159.299  0.37  38.6  43  4.2106  77.85
39.962  28.5948  1811.31  89.9859  0.447  0.4  38.6  43  4.2106  77.85
40.011  28.5948  1999.13  89.8637  4.755  0.36  38.6  43  4.2106  77.85
40.06  28.7236  1913.22  94.88  162.755  0.38  38.6  43  4.2106  77.85
40.109  28.7236  1875.97  95.4175  177.115  0.39  38.6  43  4.2106  77.85
40.157  28.7236  1842.72  90.0566  1.822  0.39  38.6  43  4.2106  77.85
40.206  28.8524  1901.93  94.8076  159.401  0.38  38.6  43  4.2106  77.85
40.255  28.8524  1970.9  89.9342  2.265  0.37  38.6  43  4.2106  77.85
40.304  28.8524  2017.01  89.5573  15.583  0.36  38.6  43  4.2106  77.85
40.353  28.8524  1981.18  89.9551  1.552  0.37  38.6  43  4.2106  77.85
40.402  28.9812  1889.11  95.0079  164.907  0.38  38.3  43  4.2106  77.85
40.45  28.9812  1926.39  95.9521  199.761  0.38  38.3  43  4.2106  77.85
40.499  28.9812  1973.8  89.9934  0.229  0.37  38.3  43  4.2106  77.85
40.548  28.9812  1925.59  94.829  162.099  0.38  38.3  43  4.2106  77.85
40.597  29.11  1916.75  94.9538  165.516  0.38  38.3  43  4.2106  77.85
40.645  29.11  1868.96  94.0596  132.312  0.39  38.3  43  4.2106  77.85
40.694  29.11  2046.44  89.9474  1.88  0.35  39.2  43  4.2106  77.85
40.743  29.2388  1911.06  96.0379  201.018  0.38  39.2  43  4.2106  77.85
40.792  29.2388  1838.07  90.0085  0.272  0.39  39.2  43  4.2106  77.85
40.84  29.2388  2012.74  89.6185  13.4  0.36  39.2  43  4.2106  77.85
40.889  29.2388  1873.38  94.8938  159.815  0.39  39.2  43  4.2106  77.85
40.938  29.3676  1981.06  89.8436  5.409  0.37  39.2  43  4.2106  77.85
40.987  29.3676  1927.54  94.5984  154.534  0.38  40.6  43  4.2106  77.85
41.036  29.3676  1877.65  95.4542  178.47  0.39  40.6  43  4.2106  77.85
41.084  29.3676  2010.28  89.6907  10.852  0.36  40.6  43  4.2106  77.85
41.133  29.4964  1903.2  94.7521  157.671  0.38  40.6  43  4.2106  77.85
41.182  29.4964  1961.2  89.7773  7.622  0.37  40.6  43  4.2106  77.85
41.231  29.4964  1928.42  94.7632  160.132  0.38  40.6  43  4.2106  77.85
41.279  29.6252  1910.18  96.1858  205.826  0.38  41.1  43  4.2106  77.85
41.328  29.6252  1999.25  89.9952  0.169  0.36  41.1  43  4.2106  77.85
41.377  29.6252  2021.9  89.6865  11.062  0.36  41.1  43  4.2106  77.85
41.426  29.6252  1881.15  94.9384  161.938  0.39  41.1  43  4.2106  77.85
41.474  29.754  1918.41  94.9693  166.175  0.38  41.1  43  4.2106  77.85
41.523  29.754  1924.85  95.9607  199.889  0.38  41.1  43  4.2106  77.85
41.572  29.754  2000.51  89.9684  1.102  0.36  40.5  43  4.2106  77.85
41.621  29.754  1997.67  88.7944  42.03  0.36  40.5  43  4.2106  77.85
41.669  29.8828  1915.04  94.6295  154.566  0.38  40.5  43  4.2106  77.85
41.718  29.8828  1876.55  95.2267  170.947  0.39  40.5  43  4.2106  77.85
41.767  29.8828  1947.05  94.9392  167.637  0.37  40.5  43  4.2106  77.85
41.816  30.0116  1908.87  96.2406  207.5  0.38  40.5  43  4.2106  77.85
41.864  30.0116  1961.54  89.9454  1.87  0.37  38.7  43  4.2106  77.85
41.913  30.0116  2007.2  89.5708  15.036  0.36  38.7  43  4.2106  77.85
41.962  30.0116  1900.68  96.1434  203.407  0.38  38.7  43  4.2106  77.85
42.011  30.1404  1988.66  89.8038  6.81  0.36  38.7  43  4.2106  77.85
42.059  30.1404  1939.15  94.6705  157.896  0.37  38.7  43  4.2106  77.85
42.108  30.1404  1879.7  95.2542  172.133  0.39  38.7  43  4.2106  77.85
42.157  30.1404  1920.98  94.8575  162.665  0.38  40.5  43  4.2106  77.85
42.206  30.2692  1925.07  96.0075  201.476  0.38  40.5  43  4.2106  77.85
42.254  30.2692  1878.17  94.0907  133.981  0.39  40.5  43  4.2106  77.85
42.303  30.2692  1929.06  95.1928  174.595  0.38  40.5  43  4.2106  77.85
42.352  30.2692  1887.97  95.084  167.306  0.38  40.5  43  4.2106  77.85
42.401  30.3981  1821.79  90.057  1.812  0.4  40.5  43  4.2106  77.85
42.45  30.3981  1947.3  94.9863  169.254  0.37  40.5  43  4.2106  77.85
42.499  30.3981  1893.21  94.9098  162.035  0.38  39.6  43  4.2106  77.85
42.547  30.5269  2020.49  90.0012  0.042  0.36  39.6  43  4.2106  77.85
42.596  30.5269  1914.26  94.7779  159.446  0.38  39.6  43  4.2106  77.85
42.645  30.5269  1869.02  94.9214  160.342  0.39  39.6  43  4.2106  77.85
42.695  30.5269  2044.86  89.9553  1.595  0.35  39.6  43  4.2106  77.85
42.744  30.6557  1905.18  94.8348  160.574  0.38  39.6  43  4.2106  77.85
42.792  30.6557  1885.14  95.1268  168.456  0.39  38.6  43  4.2106  77.85
42.841  30.6557  2022.42  89.4509  19.381  0.36  38.6  43  4.2106  77.85
42.89  30.7845  1901.62  95.047  167.292  0.38  38.6  43  4.2106  77.85
42.939  30.7845  2009.28  90.0198  0.696  0.36  38.6  43  4.2106  77.85
42.987  30.7845  1997.06  89.5481  15.753  0.36  38.6  43  4.2106  77.85
43.036  30.7845  1817.19  89.9905  0.3  0.4  38.6  43  4.2106  77.85
43.085  30.9133  1993.54  88.8571  39.762  0.36  40  43  4.2106  77.85
43.134  30.9133  1932.93  94.7093  158.694  0.38  40  43  4.2106  77.85
43.182  30.9133  1877.99  94.9114  160.785  0.39  40  43  4.2106  77.85
43.231  30.9133  2006.59  89.9402  2.094  0.36  40  43  4.2106  77.85
43.28  31.0421  1904.86  95.0746  168.491  0.38  40  43  4.2106  77.85
43.329  31.0421  1827.74  90.0619  1.976  0.4  40  43  4.2106  77.85
43.377  31.0421  2004.78  89.5067  17.261  0.36  41.7  43  4.2106  77.85
43.426  31.1709  1880.14  95.0386  165.128  0.39  41.7  43  4.2106  77.85
43.475  31.1709  1894.72  95.2095  172.036  0.38  41.7  43  4.2106  77.85
43.524  31.1709  2007.08  89.8405  5.588  0.36  41.7  43  4.2106  77.85
43.572  31.1709  1877.99  94.9114  160.785  0.39  41.7  43  4.2106  77.85
43.621  31.2997  1842.63  90.021  0.676  0.39  41.7  43  4.2106  77.85
43.67  31.2997  1926.25  94.6547  156.316  0.38  39.5  43  4.2106  77.85
43.719  31.2997  1890.94  95.3742  177.104  0.38  39.5  43  4.2106  77.85
43.767  31.2997  2029.18  90.034  1.204  0.36  39.5  43  4.2106  77.85
43.816  31.4285  1915.37  96.3003  210.192  0.38  39.5  43  4.2106  77.85
43.865  31.4285  1875.01  94.0652  132.924  0.39  39.5  43  4.2106  77.85
43.914  31.4285  1938.72  94.8929  165.359  0.37  39.5  43  4.2106  77.85
43.962  31.4285  1888.05  94.8007  158.01  0.38  39.2  43  4.2106  77.85
44.011  31.5573  2008.82  89.9842  0.553  0.36  39.2  43  4.2106  77.85
44.06  31.5573  2024.35  89.7513  8.786  0.36  39.2  43  4.2106  77.85
44.109  31.5573  1883.08  95.0203  164.785  0.39  39.2  43  4.2106  77.85
44.157  31.6861  1998.01  89.9077  3.218  0.36  39.2  43  4.2106  77.85
44.206  31.6861  1902.71  94.6601  154.586  0.38  39.2  43  4.2106  77.85
44.255  31.6861  1865.79  95.4791  178.151  0.39  39.4  43  4.2106  77.85
44.304  31.6861  2010  89.8076  6.75  0.36  39.4  43  4.2106  77.85
44.352  31.8149  1914.26  94.7779  159.446  0.38  39.4  43  4.2106  77.85
44.401  31.8149  1894.95  95.2554  173.569  0.38  39.4  43  4.2106  77.85
44.45  31.8149  2007.73  89.8961  3.642  0.36  39.4  43  4.2106  77.85
44.499  31.9437  1878.12  95.2388  171.485  0.39  39.4  43  4.2106  77.85
44.547  31.9437  2007.76  90.0276  0.966  0.36  38.5  43  4.2106  77.85
44.596  31.9437  1939.43  94.4264  149.683  0.37  38.5  43  4.2106  77.85
44.645  31.9437  1956.88  89.9497  1.718  0.37  38.5  43  4.2106  77.85
44.694  32.0725  2003.07  89.92  2.799  0.36  38.5  43  4.2106  77.85
44.742  32.0725  1920.85  94.8326  161.821  0.38  38.5  43  4.2106  77.85
44.792  32.0725  1874.29  95.3809  175.764  0.39  38.5  43  4.2106  77.85
44.841  32.0725  1935.36  94.8651  164.137  0.38  38.9  43  4.2106  77.85
44.889  32.2013  1922.63  94.8696  163.208  0.38  38.9  43  4.2106  77.85
44.938  32.2013  1875.53  95.3266  174.11  0.39  38.9  43  4.2106  77.85
44.987  32.2013  1924.29  94.885  163.867  0.38  38.9  43  4.2106  77.85
45.036  32.3301  1983.57  90.0177  0.613  0.36  38.9  43  4.2106  77.85
45.085  32.3301  1897.02  95.0534  167.098  0.38  38.9  43  4.2106  77.85
45.133  32.3301  2022.77  89.7595  8.49  0.36  38.9  43  4.2106  77.85
45.182  32.3301  1994.48  89.9993  0.024  0.36  40.9  43  4.2106  77.85
45.231  32.4589  1987.44  88.8923  38.42  0.36  40.9  43  4.2106  77.85
45.28  32.4589  1926.39  95.9521  199.761  0.38  40.9  43  4.2106  77.85
45.328  32.4589  1947.52  89.8128  6.364  0.37  40.9  43  4.2106  77.85
45.378  32.4589  2029.78  89.9542  1.624  0.36  40.9  43  4.2106  77.85
45.427  32.5877  1918.85  96.377  213.128  0.38  40.9  43  4.2106  77.85
45.475  32.5877  1885.24  93.9957  131.367  0.38  41.2  43  4.2106  77.85
45.524  32.5877  2002.12  89.5594  15.396  0.36  41.2  43  4.2106  77.85
45.573  32.5877  1890.78  94.7362  156.116  0.38  41.2  43  4.2106  77.85
45.622  32.7165  1990.32  89.9472  1.834  0.36  41.2  43  4.2106  77.85
45.671  32.7165  1936.32  94.4462  150.11  0.37  41.2  43  4.2106  77.85
45.719  32.7165  1970.28  89.8796  4.139  0.37  41.2  43  4.2106  77.85
45.768  32.8454  2010  89.8076  6.75  0.36  40.3  43  4.2106  77.85
45.817  32.8454  1930.36  96.1225  205.88  0.38  40.3  43  4.2106  77.85
45.866  32.8454  1951.93  89.7893  7.179  0.37  40.3  43  4.2106  77.85
45.914  32.8454  1933.31  94.7811  161.139  0.38  40.3  43  4.2106  77.85
45.963  32.9742  1901.85  95.0931  168.835  0.38  40.3  43  4.2106  77.85
46.012  32.9742  1823.16  90.0142  0.45  0.4  40.3  43  4.2106  77.85
46.061  32.9742  1942.55  94.4065  149.252  0.37  40.5  43  4.2106  77.85
46.109  33.103  1888.29  94.8463  159.529  0.38  40.5  43  4.2106  77.85
46.158  33.103  1838.07  90.0085  0.272  0.39  40.5  43  4.2106  77.85
46.207  33.103  1924.46  94.6178  154.937  0.38  40.5  43  4.2106  77.85
46.256  33.103  1963.9  89.8755  4.266  0.37  40.5  43  4.2106  77.85
46.304  33.2318  1989.13  88.7668  42.808  0.36  40.5  43  4.2106  77.85
46.353  33.2318  1913.7  94.9726  165.878  0.38  40.1  43  4.2106  77.85
46.402  33.2318  1876.77  95.2722  172.451  0.39  40.1  43  4.2106  77.85
46.451  33.2318  1941.26  95.0712  171.597  0.37  40.1  43  4.2106  77.85
46.499  33.3606  1903.91  96.1729  204.726  0.38  40.1  43  4.2106  77.85
46.548  33.3606  1874.5  93.9749  129.94  0.39  40.1  43  4.2106  77.85
46.597  33.3606  1945.23  94.9016  166.211  0.37  40.1  43  4.2106  77.85
46.646  33.4894  1983.12  89.9826  0.603  0.36  40.3  43  4.2106  77.85
46.694  33.4894  1983.4  89.9071  3.216  0.36  40.3  43  4.2106  77.85
46.743  33.4894  1934.73  94.7464  160.09  0.38  40.3  43  4.2106  77.85
46.792  33.4894  1959.71  89.7852  7.347  0.37  40.3  43  4.2106  77.85
46.841  33.6182  2026.67  89.9699  1.065  0.36  40.3  43  4.2106  77.85
46.89  33.6182  1921.34  94.9256  164.968  0.38  40.3  43  4.2106  77.85
46.938  33.6182  1886.71  95.4467  179.086  0.39  39  43  4.2106  77.85
46.987  33.6182  1996.88  89.9516  1.686  0.36  39  43  4.2106  77.85
47.036  33.747  1893.39  96.2313  205.513  0.38  39  43  4.2106  77.85
47.085  33.747  1962.38  89.0748  31.687  0.37  39  43  4.2106  77.85
47.133  33.747  2028.23  89.6535  12.265  0.36  39  43  4.2106  77.85
47.182  33.747  1881.61  95.0294  164.957  0.39  39  43  4.2106  77.85
47.231  33.8758  1842.72  90.0566  1.822  0.39  37.7  43  4.2106  77.85
47.28  33.8758  1937.84  94.7271  159.697  0.37  37.7  43  4.2106  77.85
47.329  33.8758  1983.57  90.0177  0.613  0.36  37.7  43  4.2106  77.85
47.378  34.0046  1980.32  88.9718  35.537  0.37  37.7  43  4.2106  77.85
47.426  34.0046  1908.2  94.8159  160.201  0.38  37.7  43  4.2106  77.85
47.475  34.0046  1878.8  95.0722  166.105  0.39  37.7  43  4.2106  77.85
47.524  34.0046  2038.56  89.9869  0.465  0.35  37.7  43  4.2106  77.85
47.573  34.1334  1903.22  96.3665  211.044  0.38  35.2  43  4.2106  77.85
47.621  34.1334  1961.54  89.9454  1.87  0.37  35.2  43  4.2106  77.85
47.67  34.1334  2001  89.6037  13.839  0.36  35.2  43  4.2106  77.85
47.719  34.1334  1881.15  94.9384  161.938  0.39  35.2  43  4.2106  77.85
47.768  34.2622  1993.39  89.9314  2.385  0.36  35.2  43  4.2106  77.85
47.817  34.2622  1916.75  94.9538  165.516  0.38  35.2  43  4.2106  77.85
47.866  34.2622  1870.14  95.4528  177.711  0.39  36.8  43  4.2106  77.85
47.915  34.391  2032.3  90.0184  0.651  0.36  36.8  43  4.2106  77.85
47.963  34.391  1919.87  94.6469  155.536  0.38  36.8  43  4.2106  77.85
48.012  34.391  1885.37  95.1725  169.973  0.39  36.8  43  4.2106  77.85
48.061  34.391  2015  89.5293  16.554  0.36  36.8  43  4.2106  77.85
48.11  34.5198  1891.39  95.1573  170.017  0.38  36.8  43  4.2106  77.85
48.159  34.5198  1865.36  95.3887  175.178  0.39  34.5  43  4.2106  77.85
48.207  34.5198  1999.61  89.7643  8.226  0.36  34.5  43  4.2106  77.85
48.256  34.5198  1879.65  96.2139  203.455  0.39  34.5  43  4.2106  77.85
48.305  34.6486  1982.71  89.0347  33.402  0.36  34.5  43  4.2106  77.85
48.354  34.6486  1918.23  96.2369  208.397  0.38  34.5  43  4.2106  77.85
48.403  34.6486  1951.66  89.9025  3.32  0.37  34.5  43  4.2106  77.85
48.451  34.6486  1998.72  89.8277  6.011  0.36  35.2  43  4.2106  77.85
48.5  34.7774  1902.85  94.3961  145.854  0.38  35.2  43  4.2106  77.85
48.549  34.7774  1883.21  95.0447  165.596  0.39  35.2  43  4.2106  77.85
48.598  34.7774  1927.52  95.2021  174.765  0.38  35.2  43  4.2106  77.85
48.646  34.9062  1897.44  94.8359  159.958  0.38  35.2  43  4.2106  77.85
48.695  34.9062  1890.6  94.9987  164.733  0.38  35.2  43  4.2106  77.85
48.744  34.9062  2000.88  89.8725  4.453  0.36  34.9  43  4.2106  77.85
48.793  34.9062  1875.75  95.066  165.636  0.39  34.9  43  4.2106  77.85
48.841  35.035  1836.68  90.0517  1.657  0.39  34.9  43  4.2106  77.85
48.89  35.035  1926.5  94.7012  157.896  0.38  34.9  43  4.2106  77.85
48.939  35.035  1868.47  95.4163  176.367  0.39  34.9  43  4.2106  77.85
48.988  35.1638  2007.31  89.8599  4.909  0.36  34.9  43  4.2106  77.85
49.036  35.1638  1909.71  94.8064  160.013  0.38  35.1  43  4.2106  77.85
49.085  35.1638  1880.84  94.0256  132.039  0.39  35.1  43  4.2106  77.85
49.134  35.1638  1998.6  89.5398  16.052  0.36  35.1  43  4.2106  77.85
49.183  35.2927  1886.95  95.1846  170.513  0.38  35.1  43  4.2106  77.85
49.231  35.2927  1994.73  90.0183  0.636  0.36  35.1  43  4.2106  77.85
49.28  35.2927  2019.02  89.5854  14.608  0.36  35.1  43  4.2106  77.85
49.329  35.2927  1989.99  90.0223  0.775  0.36  35.4  43  4.2106  77.85
49.378  35.4215  1976.68  89.0691  32.114  0.37  35.4  43  4.2106  77.85
49.426  35.4215  1928.83  94.5421  152.746  0.38  35.4  43  4.2106  77.85
49.475  35.4215  1802.71  90.0312  0.98  0.4  35.4  43  4.2106  77.85
49.524  35.5503  2008.87  89.8518  5.194  0.36  35.4  43  4.2106  77.85
49.573  35.5503  1896.42  94.937  163.207  0.38  35.4  43  4.2106  77.85
49.622  35.5503  1858.89  94.1283  133.821  0.39  36.4  43  4.2106  77.85
49.67  35.5503  1914.87  94.8954  163.408  0.38  36.4  43  4.2106  77.85
49.719  35.6791  1884.56  95.0111  164.613  0.39  36.4  43  4.2106  77.85
49.768  35.6791  1884.54  90.0231  0.759  0.38  36.4  43  4.2106  77.85
49.817  35.6791  2009.62  89.635  12.802  0.36  36.4  43  4.2106  77.85
49.866  35.6791  1884.07  96.1891  203.123  0.39  36.4  43  4.2106  77.85
49.915  35.8079  2023.58  89.9856  0.51  0.36  34.9  43  4.2106  77.85
49.963  35.8079  1912.98  94.8337  161.195  0.38  34.9  43  4.2106  77.85
50.012  35.8079  1968.94  89.9813  0.643  0.37  34.9  43  4.2106  77.85
50.061  35.9367  2019.55  89.9127  3.078  0.36  34.9  43  4.2106  77.85
50.11  35.9367  1901.98  96.0888  201.742  0.38  34.9  43  4.2106  77.85
50.159  35.9367  1887.63  95.0171  165.08  0.38  34.9  43  4.2106  77.85
50.207  35.9367  2022.17  89.5688  15.218  0.36  34.9  43  4.2106  77.85
50.256  36.0655  1887.97  95.084  167.306  0.38  36.1  43  4.2106  77.85
50.305  36.0655  1965.35  89.0578  32.319  0.37  36.1  43  4.2106  77.85
50.354  36.0655  1935.78  94.6431  156.7  0.37  36.1  43  4.2106  77.85
50.402  36.0655  1870.7  94.9575  161.659  0.39  36.1  43  4.2106  77.85
50.452  36.1943  2024.05  90.0215  0.758  0.36  36.1  43  4.2106  77.85
50.5  36.1943  1937.27  95.8912  198.842  0.38  36.1  43  4.2106  77.85
50.549  36.1943  1957.56  89.8714  4.392  0.37  36.5  43  4.2106  77.85
50.598  36.3231  1936.82  95.1463  173.732  0.38  36.5  43  4.2106  77.85
50.647  36.3231  1908.44  94.862  161.753  0.38  36.5  43  4.2106  77.85
50.695  36.3231  1835.1  90.0238  0.763  0.39  36.5  43  4.2106  77.85
50.744  36.3231  2030.79  89.4452  19.663  0.36  36.5  43  4.2106  77.85
50.793  36.4519  1898.85  95.1115  169.177  0.38  36.5  43  4.2106  77.85
50.842  36.4519  1982.27  88.9989  34.634  0.37  37.2  43  4.2106  77.85
50.891  36.4519  1941.71  94.8486  164.118  0.37  37.2  43  4.2106  77.85
50.94  36.4519  1887.82  94.755  156.491  0.38  37.2  43  4.2106  77.85
50.988  36.5807  1995.97  88.9204  37.606  0.36  37.2  43  4.2106  77.85
51.037  36.5807  1920.61  94.7861  160.249  0.38  37.2  43  4.2106  77.85
51.086  36.5807  1882.19  95.145  168.788  0.39  37.2  43  4.2106  77.85
51.135  36.7095  2011.27  89.9163  2.937  0.36  35.8  43  4.2106  77.85
51.183  36.7095  1929.65  96.3187  212.377  0.38  35.8  43  4.2106  77.85
51.232  36.7095  1882.05  93.9703  130.312  0.39  35.8  43  4.2106  77.85
51.281  36.7095  1957.29  95.0237  171.396  0.37  35.8  43  4.2106  77.85
51.33  36.8383  1890.93  95.0657  166.965  0.38  35.8  43  4.2106  77.85
51.379  36.8383  2029.18  90.034  1.204  0.36  35.8  43  4.2106  77.85
51.428  36.8383  1942.02  94.6041  155.886  0.37  37.9  43  4.2106  77.85
51.477  36.8383  1997.49  89.9839  0.562  0.36  37.9  43  4.2106  77.85
51.525  36.9671  2003.78  89.8398  5.604  0.36  37.9  43  4.2106  77.85
51.574  36.9671  1929.71  95.9817  201.095  0.38  37.9  43  4.2106  77.85
51.623  36.9671  1894.03  95.0719  167.442  0.38  37.9  43  4.2106  77.85
51.672  37.0959  1940.53  94.9303  166.775  0.37  37.9  43  4.2106  77.85
51.721  37.0959  1907.14  96.2025  206.054  0.38  36.4  43  4.2106  77.85
51.77  37.0959  1817.24  90.0094  0.297  0.4  36.4  43  4.2106  77.85
51.819  37.0959  2003.55  89.8204  6.281  0.36  36.4  43  4.2106  77.85
51.867  37.2247  1875.98  95.1115  167.137  0.39  36.4  43  4.2106  77.85
51.916  37.2247  1991.73  89.7878  7.377  0.36  36.4  43  4.2106  77.85
51.965  37.2247  1938.34  94.8208  162.898  0.37  36.4  43  4.2106  77.85
52.013  37.2247  1812.85  90.0133  0.421  0.4  36.4  43  4.2106  77.85
52.062  37.3535  1913.02  95.1457  171.575  0.38  36.4  43  4.2106  77.85
52.111  37.3535  1917.11  96.3386  211.657  0.38  36.4  43  4.2106  77.85
52.16  37.3535  1878.46  95.3087  173.799  0.39  36.4  43  4.2106  77.85
52.208  37.4823  1927.37  94.866  163.492  0.38  36.4  43  4.2106  77.85
52.257  37.4823  1892.98  96.1392  202.443  0.38  36.4  43  4.2106  77.85
52.306  37.4823  1869.45  94.1497  135.279  0.39  35.6  43  4.2106  77.85
52.355  37.4823  1939.46  95.0337  170.17  0.37  35.6  43  4.2106  77.85
52.404  37.6111  1879.36  95.1843  169.817  0.39  35.6  43  4.2106  77.85
52.452  37.6111  1973.24  89.0506  32.696  0.37  35.6  43  4.2106  77.85
52.501  37.6111  2017.61  89.7476  8.89  0.36  35.6  43  4.2106  77.85
52.55  37.6111  1953.8  89.8166  6.253  0.37  35.6  43  4.2106  77.85
52.599  37.74  2038.56  89.9869  0.465  0.35  35.6  43  4.2106  77.85
52.648  37.74  1987.33  89.8284  5.952  0.36  35.3  43  4.2106  77.85
52.696  37.74  1880.15  95.3453  175.151  0.39  35.3  43  4.2106  77.85
52.745  37.8688  1929.65  94.9966  168.065  0.38  35.3  43  4.2106  77.85
52.794  37.8688  1898.97  96.1056  201.978  0.38  35.3  43  4.2106  77.85
52.843  37.8688  1870.9  94.1399  135.065  0.39  35.3  43  4.2106  77.85
52.892  37.8688  2014.47  89.7638  8.304  0.36  35.3  43  4.2106  77.85
52.941  37.9976  1875.3  94.9753  162.636  0.39  35.6  43  4.2106  77.85
52.99  37.9976  1987.55  89.8476  5.287  0.36  35.6  43  4.2106  77.85
53.038  37.9976  1910.98  94.7507  158.268  0.38  35.6  43  4.2106  77.85
53.087  37.9976  1992.52  89.9717  0.985  0.36  35.6  43  4.2106  77.85
53.136  38.1264  2013.84  89.7106  10.17  0.36  35.6  43  4.2106  77.85
53.185  38.1264  1898.15  94.9736  164.564  0.38  35.6  43  4.2106  77.85
53.234  38.1264  1874.87  95.1903  169.606  0.39  35.7  43  4.2106  77.85
53.282  38.2552  1940.78  94.9772  168.382  0.37  35.7  43  4.2106  77.85
53.331  38.2552  1892.65  95.1023  168.322  0.38  35.7  43  4.2106  77.85
53.38  38.2552  1821.6  89.9865  0.428  0.4  35.7  43  4.2106  77.85
53.429  38.2552  2006.66  89.8043  6.854  0.36  35.7  43  4.2106  77.85
53.477  38.384  1869.93  95.1024  166.304  0.39  35.7  43  4.2106  77.85
53.526  38.384  1973.43  88.935  36.679  0.37  34.6  43  4.2106  77.85
53.575  38.384  1930.08  94.7753  160.675  0.38  34.6  43  4.2106  77.85
53.624  38.384  1992.52  89.9717  0.985  0.36  34.6  43  4.2106  77.85
53.672  38.5128  1920.41  95.0528  169.14  0.38  34.6  43  4.2106  77.85
53.721  38.5128  1895.63  95.0839  167.981  0.38  34.6  43  4.2106  77.85
53.77  38.5128  1868.96  94.0596  132.312  0.39  34.6  43  4.2106  77.85
53.819  38.5128  1931.92  95.1275  172.659  0.38  36.9  43  4.2106  77.85
53.867  38.6416  1878.9  95.0933  166.804  0.39  36.9  43  4.2106  77.85
53.916  38.6416  2007.76  90.0276  0.966  0.36  36.9  43  4.2106  77.85
53.965  38.6416  2012.9  89.772  8.012  0.36  36.9  43  4.2106  77.85
54.014  38.7704  1992.98  90.007  0.243  0.36  36.9  43  4.2106  77.85
54.062  38.7704  2018.95  90.009  0.317  0.36  36.9  43  4.2106  77.85
54.111  38.7704  1912.25  94.6949  156.519  0.38  36.4  43  4.2106  77.85
54.16  38.7704  1804.23  90.0585  1.843  0.4  36.4  43  4.2106  77.85
54.208  38.8992  1990.32  89.9472  1.834  0.36  36.4  43  4.2106  77.85
54.257  38.8992  1909.76  96.0929  202.702  0.38  36.4  43  4.2106  77.85
54.306  38.8992  1880.5  95.1085  167.444  0.39  36.4  43  4.2106  77.85
54.355  38.8992  1937.9  95.0431  170.351  0.37  36.4  43  4.2106  77.85
54.404  39.028  1873.51  95.2203  170.463  0.39  35.8  43  4.2106  77.85
54.453  39.028  1835.1  90.0238  0.763  0.39  35.8  43  4.2106  77.85
54.501  39.028  2006.33  89.4984  17.566  0.36  35.8  43  4.2106  77.85
54.55  39.1568  1890  96.1559  202.672  0.38  35.8  43  4.2106  77.85
54.599  39.1568  2010.81  90.0121  0.425  0.36  35.8  43  4.2106  77.85
54.648  39.1568  1925.5  96.1011  204.65  0.38  35.8  43  4.2106  77.85
54.697  39.1568  1858.59  95.5227  178.872  0.39  35.8  43  4.2106  77.85
54.745  39.2856  1927.62  94.9127  165.076  0.38  35.8  43  4.2106  77.85
54.794  39.2856  1913.22  96.1689  205.596  0.38  35.8  43  4.2106  77.85
54.843  39.2856  1876.46  94.0554  132.704  0.39  35.8  43  4.2106  77.85
54.892  39.2856  1942.59  95.0148  169.806  0.37  35.8  43  4.2106  77.85
54.941  39.4144  1893.39  96.2313  205.513  0.38  35.8  43  4.2106  77.85
54.99  39.4144  1971.06  88.8724  38.787  0.37  36.6  43  4.2106  77.85
55.038  39.4144  1925.5  94.5151  151.578  0.38  36.6  43  4.2106  77.85
55.087  39.5432  1881.38  94.9839  163.447  0.39  36.6  43  4.2106  77.85
55.136  39.5432  1992.98  89.8955  3.634  0.36  36.6  43  4.2106  77.85
55.185  39.5432  1910.98  94.7507  158.268  0.38  36.6  43  4.2106  77.85
55.233  39.5432  1974.82  89.9507  1.698  0.37  36.6  43  4.2106  77.85
55.282  39.672  2004.2  89.8759  4.342  0.36  36.6  43  4.2106  77.85
55.331  39.672  1906.37  95.0654  168.318  0.38  36  43  4.2106  77.85
55.38  39.672  1815.89  90.0521  1.65  0.4  36  43  4.2106  77.85
55.428  39.672  1936.1  95.0056  168.931  0.38  36  43  4.2106  77.85
55.477  39.8008  1904.32  96.2656  207.832  0.38  36  43  4.2106  77.85
55.526  39.8008  2002.27  89.9797  0.709  0.36  36  43  4.2106  77.85
55.575  39.8008  2024.62  89.6335  12.949  0.36  36  43  4.2106  77.85
55.623  39.9296  1873.15  94.8485  158.32  0.39  36.2  43  4.2106  77.85
55.672  39.9296  1994.51  89.8876  3.913  0.36  36.2  43  4.2106  77.85
55.721  39.9296  1927.73  94.9343  165.811  0.38  36.2  43  4.2106  77.85
55.77  39.9296  1959.71  89.7852  7.347  0.37  36.2  43  4.2106  77.85
55.818  40.0584  1927.13  94.8194  161.908  0.38  36.2  43  4.2106  77.85
55.867  40.0584  1906.65  96.4429  213.95  0.38  36.2  43  4.2106  77.85
55.916  40.0584  1881.96  95.0994  167.277  0.39  37.4  43  4.2106  77.85
55.965  40.0584  1935.36  94.8651  164.137  0.38  37.4  43  4.2106  77.85
56.014  40.1873  1868.03  95.021  163.492  0.39  37.4  43  4.2106  77.85
56.062  40.1873  1830.68  90.0467  1.493  0.4  37.4  43  4.2106  77.85
56.111  40.1873  1942.27  94.651  157.492  0.37  37.4  43  4.2106  77.85
56.16  40.3161  1891.72  94.9191  162.214  0.38  37.4  43  4.2106  77.85
56.209  40.3161  1995.63  89.8437  5.444  0.36  36.4  43  4.2106  77.85
56.258  40.3161  1940.58  96.2598  211.596  0.38  36.4  43  4.2106  77.85
56.306  40.3161  1880.81  95.4821  179.682  0.39  36.4  43  4.2106  77.85
56.355  40.4449  2014.83  89.9367  2.228  0.36  36.4  43  4.2106  77.85
56.404  40.4449  1914.74  94.8705  162.57  0.38  36.4  43  4.2106  77.85
56.453  40.4449  1880.84  94.0256  132.039  0.39  36.4  43  4.2106  77.85
56.502  40.4449  1933.71  95.165  174.08  0.38  35.2  43  4.2106  77.85
56.55  40.5737  1880.37  95.0841  166.636  0.39  35.2  43  4.2106  77.85
56.599  40.5737  1980.32  88.9718  35.537  0.37  35.2  43  4.2106  77.85
56.648  40.5737  1928.58  94.4955  151.163  0.38  35.2  43  4.2106  77.85
56.697  40.7025  1892.19  95.0107  165.267  0.38  35.2  43  4.2106  77.85
56.746  40.7025  1988.38  89.9192  2.803  0.36  35.2  43  4.2106  77.85
56.795  40.7025  1923.96  96.1097  204.77  0.38  36.8  43  4.2106  77.85
56.843  40.7025  1870.65  94.0948  133.579  0.39  36.8  43  4.2106  77.85
56.892  40.8313  2011  89.4733  18.486  0.36  36.8  43  4.2106  77.85
56.941  40.8313  1900.67  94.863  161.127  0.38  36.8  43  4.2106  77.85
56.99  40.8313  1824.62  90.0065  0.208  0.4  36.8  43  4.2106  77.85
57.039  40.8313  2021.47  89.6501  12.346  0.36  36.8  43  4.2106  77.85
57.087  40.9601  1865.59  95.1295  166.798  0.39  36.3  43  4.2106  77.85
57.136  40.9601  2020.96  90.037  1.306  0.36  36.3  43  4.2106  77.85
57.185  40.9601  1923.11  94.9626  166.361  0.38  36.3  43  4.2106  77.85
57.234  41.0889  1814.29  90.0057  0.182  0.4  36.3  43  4.2106  77.85
57.282  41.0889  1921.71  94.997  167.387  0.38  36.3  43  4.2106  77.85
57.332  41.0889  1915.04  94.6295  154.566  0.38  36.3  43  4.2106  77.85
57.381  41.0889  1888.32  95.1543  169.642  0.38  36.8  43  4.2106  77.85
57.429  41.2177  1935.36  94.8651  164.137  0.38  36.8  43  4.2106  77.85
57.478  41.2177  1892.65  95.1023  168.322  0.38  36.8  43  4.2106  77.85
57.527  41.2177  1827.55  89.9913  0.279  0.4  36.8  43  4.2106  77.85
57.576  41.3465  2011.88  89.5459  15.944  0.36  36.8  43  4.2106  77.85
57.625  41.3465  1879.68  94.9476  162.113  0.39  36.8  43  4.2106  77.85
57.674  41.3465  1975.01  89.8751  4.305  0.37  36.4  43  4.2106  77.85
57.722  41.3465  1933.18  94.756  160.286  0.38  36.4  43  4.2106  77.85
57.771  41.4753  1866.22  95.5696  181.127  0.39  36.4  43  4.2106  77.85
57.82  41.4753  2010.85  89.8801  4.209  0.36  36.4  43  4.2106  77.85
57.868  41.4753  1920.23  95.9866  200.272  0.38  36.4  43  4.2106  77.85
57.917  41.4753  1826.08  89.9989  0.035  0.4  36.4  43  4.2106  77.85
57.967  41.6041  1937.97  94.7522  160.554  0.37  36.4  43  4.2106  77.85
58.015  41.6041  1907.4  94.9638  165.039  0.38  35.7  43  4.2106  77.85
58.064  41.6041  1963.24  89.1457  29.273  0.37  35.7  43  4.2106  77.85
58.113  41.6041  2020.15  89.5407  16.195  0.36  35.7  43  4.2106  77.85
58.162  41.7329  1891.9  96.2396  205.623  0.38  35.7  43  4.2106  77.85
58.211  41.7329  2025.12  89.9777  0.787  0.36  35.7  43  4.2106  77.85
58.26  41.7329  1932.12  94.8591  163.662  0.38  35.7  43  4.2106  77.85
58.308  41.8617  1994.02  89.964  1.254  0.36  36.2  43  4.2106  77.85
58.357  41.8617  2001.1  89.8918  3.779  0.36  36.2  43  4.2106  77.85
58.406  41.8617  1906.37  95.0654  168.318  0.38  36.2  43  4.2106  77.85
58.455  41.8617  1881.96  95.0994  167.277  0.39  36.2  43  4.2106  77.85
58.504  41.9905  1937.16  94.9024  165.547  0.37  36.2  43  4.2106  77.85
58.553  41.9905  1888.43  95.1755  170.348  0.38  36.2  43  4.2106  77.85
58.601  41.9905  1827.74  90.0619  1.976  0.4  35.9  43  4.2106  77.85
58.65  42.1193  2004.26  89.7401  9.093  0.36  35.9  43  4.2106  77.85
58.699  42.1193  1875.19  95.2568  171.803  0.39  35.9  43  4.2106  77.85
58.748  42.1193  1958.83  87.9128  71.341  0.37  35.9  43  4.2106  77.85
58.796  42.1193  1910.98  94.7507  158.268  0.38  35.9  43  4.2106  77.85
58.846  42.2481  1875.75  95.372  175.612  0.39  35.9  43  4.2106  77.85
58.895  42.2481  2000.26  89.8197  6.295  0.36  36.1  43  4.2106  77.85
58.943  42.2481  1904.63  95.0285  166.943  0.38  36.1  43  4.2106  77.85
58.992  42.2481  1953.54  89.1255  29.814  0.37  36.1  43  4.2106  77.85
59.041  42.3769  1926.56  95.0154  168.426  0.38  36.1  43  4.2106  77.85
59.09  42.3769  1886.81  94.8557  159.711  0.38  36.1  43  4.2106  77.85
59.139  42.3769  1967.7  89.1203  30.211  0.37  36.1  43  4.2106  77.85
59.187  42.3769  2003.66  89.5511  15.697  0.36  36.4  43  4.2106  77.85
59.236  42.5057  1942.08  89.8788  4.107  0.37  36.4  43  4.2106  77.85
59.285  42.5057  2008.35  89.9486  1.801  0.36  36.4  43  4.2106  77.85
59.334  42.5057  2006.23  89.7681  8.12  0.36  36.4  43  4.2106  77.85
59.382  42.6346  1860.45  95.6043  181.686  0.39  36.4  43  4.2106  77.85
59.432  42.6346  2013.26  89.9446  1.946  0.36  36.4  43  4.2106  77.85
59.481  42.6346  1897.68  96.1602  203.637  0.38  36.4  43  4.2106  77.85
59.53  42.6346  1817.24  90.0094  0.297  0.4  36.4  43  4.2106  77.85
59.578  42.7634  1924.43  95.2206  175.104  0.38  36.4  43  4.2106  77.85
59.627  42.7634  1889.53  94.7913  157.825  0.38  36.4  43  4.2106  77.85
59.676  42.7634  1954.38  89.1961  27.421  0.37  36.4  43  4.2106  77.85
59.725  42.7634  2005.38  89.6958  10.648  0.36  36.4  43  4.2106  77.85
59.774  42.8922  1955  89.9222  2.654  0.37  35.8  43  4.2106  77.85
59.823  42.8922  2001.94  89.964  1.26  0.36  35.8  43  4.2106  77.85
59.872  42.8922  1921.39  94.6372  155.337  0.38  35.8  43  4.2106  77.85
59.92  43.021  1883.09  95.3274  174.84  0.39  35.8  43  4.2106  77.85
59.969  43.021  2024.86  89.6531  12.259  0.36  35.8  43  4.2106  77.85
60.018  43.021  1924.38  96.2033  207.941  0.38  35.8  43  4.2106  77.85
60.067  43.021  1890.71  95.3283  175.577  0.38  37.2  43  4.2106  77.85
60.116  43.1498  1955.45  94.9859  169.949  0.37  37.2  43  4.2106  77.85
60.164  43.1498  1897.88  96.2064  205.18  0.38  37.2  43  4.2106  77.85
60.213  43.1498  1966.84  89.0492  32.637  0.37  37.2  43  4.2106  77.85
60.262  43.1498  1997.22  89.7003  10.446  0.36  37.2  43  4.2106  77.85
60.311  43.2786  1946.06  89.8206  6.095  0.37  37.2  43  4.2106  77.85
60.36  43.2786  2014.93  89.9531  1.651  0.36  35.4  43  4.2106  77.85
60.408  43.2786  1917.06  94.7125  157.497  0.38  35.4  43  4.2106  77.85
60.457  43.4074  1959.31  89.7499  8.553  0.37  35.4  43  4.2106  77.85
60.506  43.4074  1913.59  94.9511  165.153  0.38  35.4  43  4.2106  77.85
60.555  43.4074  1907.55  96.2954  209.17  0.38  35.4  43  4.2106  77.85
60.603  43.4074  1871.95  95.2083  169.929  0.39  35.4  43  4.2106  77.85
60.652  43.5362  1949.37  95.0712  172.311  0.37  35.4  43  4.2106  77.85
60.701  43.5362  1970.28  89.8796  4.139  0.37  35.5  43  4.2106  77.85
60.75  43.5362  1981.83  88.9631  35.864  0.37  35.5  43  4.2106  77.85
60.798  43.5362  1942.78  94.745  160.708  0.37  35.5  43  4.2106  77.85
60.847  43.665  1967.97  89.8165  6.301  0.37  35.5  43  4.2106  77.85
60.896  43.665  2008.72  89.6989  10.557  0.36  35.5  43  4.2106  77.85
60.945  43.665  1938.34  94.8208  162.898  0.37  35.5  43  4.2106  77.85
60.994  43.7938  1883.66  95.1359  168.623  0.39  36.4  43  4.2106  77.85
61.042  43.7938  1934.86  94.7715  160.945  0.38  36.4  43  4.2106  77.85
61.091  43.7938  1896.96  94.7441  156.89  0.38  36.4  43  4.2106  77.85
61.14  43.7938  1824.71  90.0418  1.332  0.4  36.4  43  4.2106  77.85
61.189  43.9226  1943.41  94.8642  164.789  0.37  36.4  43  4.2106  77.85
61.238  43.9226  1891.95  94.9649  163.74  0.38  36.4  43  4.2106  77.85
61.287  43.9226  1973.87  88.9707  35.459  0.37  37  43  4.2106  77.85
61.335  43.9226  1937.59  94.6802  158.097  0.37  37  43  4.2106  77.85
61.384  44.0514  1894.49  95.1636  170.504  0.38  37  43  4.2106  77.85
61.433  44.0514  2006.89  89.8237  6.176  0.36  37  43  4.2106  77.85
61.482  44.0514  1910.19  94.8988  163.123  0.38  37  43  4.2106  77.85
61.531  44.1802  1881.62  95.3364  174.996  0.39  37  43  4.2106  77.85
61.58  44.1802  2051.69  89.9599  1.438  0.35  36.9  43  4.2106  77.85
61.629  44.1802  1988.86  89.8204  6.233  0.36  36.9  43  4.2106  77.85
61.677  44.1802  1961.33  89.1187  30.167  0.37  36.9  43  4.2106  77.85
61.726  44.309  2015.61  89.7193  9.873  0.36  36.9  43  4.2106  77.85
61.775  44.309  1885.47  95.1936  170.677  0.39  36.9  43  4.2106  77.85
61.824  44.309  1884.03  94.0511  133.098  0.38  36.9  43  4.2106  77.85
61.872  44.309  1992.75  89.8763  4.303  0.36  35.7  43  4.2106  77.85
61.921  44.4378  1876.41  95.5085  180.123  0.39  35.7  43  4.2106  77.85
61.97  44.4378  1997.95  88.9477  36.692  0.36  35.7  43  4.2106  77.85
62.019  44.4378  1915.22  94.9632  165.697  0.38  35.7  43  4.2106  77.85
62.067  44.5666  1882.87  95.2818  173.326  0.39  35.7  43  4.2106  77.85
62.117  44.5666  1911.27  95.1086  170.187  0.38  35.7  43  4.2106  77.85
62.165  44.5666  1893.67  95.0014  165.092  0.38  36.4  43  4.2106  77.85
62.214  44.5666  1994.27  89.9829  0.595  0.36  36.4  43  4.2106  77.85
62.263  44.6954  2017.61  89.7476  8.89  0.36  36.4  43  4.2106  77.85
62.312  44.6954  1891.95  94.9649  163.74  0.38  36.4  43  4.2106  77.85
62.36  44.6954  1987.14  89.8118  6.528  0.36  36.4  43  4.2106  77.85
62.41  44.8242  1922.87  94.9161  164.784  0.38  36.4  43  4.2106  77.85
62.458  44.8242  1950.58  89.9454  1.859  0.37  35.8  43  4.2106  77.85
62.507  44.8242  2045.34  89.9916  0.3  0.35  35.8  43  4.2106  77.85
62.556  44.8242  1914.32  96.0674  202.341  0.38  35.8  43  4.2106  77.85
62.605  44.953  1882.42  95.1906  170.3  0.39  35.8  43  4.2106  77.85
62.653  44.953  1925.73  95.1647  173.352  0.38  35.8  43  4.2106  77.85
62.702  44.953  1880.84  96.4885  212.542  0.39  35.8  43  4.2106  77.85
62.751  44.953  1838.16  90.044  1.412  0.39  36.6  43  4.2106  77.85
62.8  45.0819  2018.75  89.703  10.465  0.36  36.6  43  4.2106  77.85
62.849  45.0819  1878.9  95.0933  166.804  0.39  36.6  43  4.2106  77.85
62.897  45.0819  1993.26  89.7798  7.661  0.36  36.6  43  4.2106  77.85
62.946  45.0819  1937.27  95.8912  198.842  0.38  36.6  43  4.2106  77.85
62.995  45.2107  1994.94  90.0347  1.207  0.36  36.6  43  4.2106  77.85
63.044  45.2107  1934.05  94.9214  165.922  0.38  36.6  43  4.2106  77.85
63.092  45.2107  1906.93  94.8715  161.937  0.38  37.3  43  4.2106  77.85
63.141  45.3395  1874.76  94.0201  131.431  0.39  37.3  43  4.2106  77.85
63.19  45.3395  2015.98  89.8923  3.789  0.36  37.3  43  4.2106  77.85
63.239  45.3395  1898.97  96.1056  201.978  0.38  37.3  43  4.2106  77.85
63.288  45.3395  2025.12  89.9777  0.787  0.36  37.3  43  4.2106  77.85
63.336  45.4683  2019.45  89.6219  13.327  0.36  37.3  43  4.2106  77.85
63.385  45.4683  1992.98  90.007  0.243  0.36  36.8  43  4.2106  77.85
63.434  45.4683  2034.94  89.9666  1.187  0.36  36.8  43  4.2106  77.85
63.482  45.5971  2003.4  89.6678  11.616  0.36  36.8  43  4.2106  77.85
63.531  45.5971  1955.28  89.8088  6.525  0.37  36.8  43  4.2106  77.85
63.58  45.5971  2013.26  89.9446  1.946  0.36  36.8  43  4.2106  77.85
63.629  45.5971  1911.47  94.8431  161.382  0.38  36.8  43  4.2106  77.85
63.678  45.7259  2006.24  90.0353  1.235  0.36  37.4  43  4.2106  77.85
63.726  45.7259  1941.1  94.7328  160.16  0.37  37.4  43  4.2106  77.85
63.775  45.7259  1892.65  95.1023  168.322  0.38  37.4  43  4.2106  77.85
63.824  45.7259  1986.03  89.8555  5.008  0.36  37.4  43  4.2106  77.85
63.873  45.8547  2028.23  89.6535  12.265  0.36  37.4  43  4.2106  77.85
63.921  45.8547  1969.06  89.7732  7.795  0.37  37.4  43  4.2106  77.85
63.97  45.8547  1972.37  88.9793  35.135  0.37  35.6  43  4.2106  77.85
64.019  45.8547  1947.49  94.7158  160.111  0.37  35.6  43  4.2106  77.85
64.068  45.9835  1956.35  89.7657  8  0.37  35.6  43  4.2106  77.85
64.116  45.9835  1918.64  95.0157  167.745  0.38  35.6  43  4.2106  77.85
64.165  45.9835  1915.64  96.0123  200.648  0.38  35.6  43  4.2106  77.85
64.214  46.1123  1882.19  95.145  168.788  0.39  35.6  43  4.2106  77.85
64.263  46.1123  2006.33  89.4984  17.566  0.36  36  43  4.2106  77.85
64.311  46.1123  1901.98  96.0888  201.742  0.38  36  43  4.2106  77.85
64.36  46.1123  1995.21  89.8077  6.696  0.36  36  43  4.2106  77.85
64.409  46.2411  2019.45  89.6219  13.327  0.36  36  43  4.2106  77.85
64.458  46.2411  1863.92  95.0934  165.478  0.39  36  43  4.2106  77.85
64.506  46.2411  1991.03  89.8676  4.602  0.36  36  43  4.2106  77.85
64.555  46.2411  1930.37  94.5323  152.54  0.38  36.8  43  4.2106  77.85
64.604  46.3699  1951.93  89.7893  7.179  0.37  36.8  43  4.2106  77.85
64.653  46.3699  2008.15  89.9322  2.375  0.36  36.8  43  4.2106  77.85
64.702  46.3699  1917.81  96.1436  205.246  0.38  36.8  43  4.2106  77.85
64.75  46.4987  1875.96  93.965  129.716  0.39  36.8  43  4.2106  77.85
64.8  46.4987  1939.21  94.9867  168.566  0.37  36.8  43  4.2106  77.85
64.848  46.4987  1899.18  96.1518  203.522  0.38  35.5  43  4.2106  77.85
64.897  46.4987  1880.59  93.9803  130.538  0.39  35.5  43  4.2106  77.85
64.946  46.6275  1994.29  89.8683  4.583  0.36  35.5  43  4.2106  77.85
64.995  46.6275  1867.57  94.9306  160.517  0.39  35.5  43  4.2106  77.85
65.043  46.6275  2002.93  89.7675  8.127  0.36  35.5  43  4.2106  77.85
65.093  46.6275  1927.79  94.645  156.116  0.38  35.5  43  4.2106  77.85
65.141  46.7563  1962.01  89.848  5.205  0.37  37.3  43  4.2106  77.85
65.19  46.7563  2038.08  89.9508  1.751  0.35  37.3  43  4.2106  77.85
65.239  46.7563  1896.59  96.2608  206.832  0.38  37.3  43  4.2106  77.85
65.287  46.8851  1829.2  90.0543  1.735  0.4  37.3  43  4.2106  77.85
65.336  46.8851  1936.91  94.8555  163.948  0.37  37.3  43  4.2106  77.85
65.385  46.8851  1880.92  94.8929  160.429  0.39  37.3  43  4.2106  77.85
65.434  46.8851  1978.44  89.895  3.625  0.37  37.3  43  4.2106  77.85
65.483  47.0139  1932.82  95.9643  200.838  0.38  36.2  43  4.2106  77.85
65.532  47.0139  1948.99  89.8049  6.635  0.37  36.2  43  4.2106  77.85
65.58  47.0139  2008.02  89.7794  7.73  0.36  36.2  43  4.2106  77.85
65.629  47.0139  1930.14  96.0755  204.284  0.38  36.2  43  4.2106  77.85
65.679  47.1427  1953.13  89.8948  3.587  0.37  36.2  43  4.2106  77.85
65.727  47.1427  1998.3  89.7917  7.266  0.36  36.2  43  4.2106  77.85
65.776  47.1427  1900.35  94.5073  149.341  0.38  37.1  43  4.2106  77.85
65.825  47.1427  1867.6  95.2352  170.407  0.39  37.1  43  4.2106  77.85
65.874  47.2715  1943.66  94.9112  166.4  0.37  37.1  43  4.2106  77.85
65.922  47.2715  1888.29  94.8463  159.529  0.38  37.1  43  4.2106  77.85
65.971  47.2715  1963.24  89.1457  29.273  0.37  37.1  43  4.2106  77.85
66.02  47.4003  2014.74  89.6466  12.426  0.36  37.1  43  4.2106  77.85
66.069  47.4003  1874.84  94.8845  159.638  0.39  37.4  43  4.2106  77.85
66.118  47.4003  1996.42  88.9565  36.358  0.36  37.4  43  4.2106  77.85
66.166  47.4003  1912.42  95.0282  167.617  0.38  37.4  43  4.2106  77.85
66.215  47.5292  1878.9  95.3998  176.813  0.39  37.4  43  4.2106  77.85
66.264  47.5292  2004.91  89.7956  7.153  0.36  37.4  43  4.2106  77.85
66.313  47.5292  1906.93  96.1561  204.496  0.38  37.4  43  4.2106  77.85
66.361  47.5292  1892.54  95.081  167.613  0.38  38  43  4.2106  77.85
66.41  47.658  2027.36  89.5803  14.849  0.36  38  43  4.2106  77.85
66.459  47.658  1899.18  96.1518  203.522  0.38  38  43  4.2106  77.85
66.508  47.658  1995.63  89.8437  5.444  0.36  38  43  4.2106  77.85
66.556  47.7868  1912.5  94.7412  158.077  0.38  38  43  4.2106  77.85
66.605  47.7868  1956.35  89.7657  8  0.37  38  43  4.2106  77.85
66.654  47.7868  1999.84  89.7836  7.552  0.36  37.4  43  4.2106  77.85
66.703  47.7868  1907.4  94.9638  165.039  0.38  37.4  43  4.2106  77.85
66.751  47.9156  1868.69  95.4616  177.858  0.39  37.4  43  4.2106  77.85
66.8  47.9156  1926.08  94.9221  165.261  0.38  37.4  43  4.2106  77.85
66.849  47.9156  1901.51  96.3284  209.599  0.38  37.4  43  4.2106  77.85
66.898  48.0444  1883.89  95.1815  170.137  0.39  37.4  43  4.2106  77.85
66.946  48.0444  2021.98  89.4144  20.666  0.36  36.1  43  4.2106  77.85
66.995  48.0444  1881.38  94.9839  163.447  0.39  36.1  43  4.2106  77.85
67.044  48.0444  1975.83  89.9463  1.852  0.37  36.1  43  4.2106  77.85
67.093  48.1732  1923.92  94.8135  161.442  0.38  36.1  43  4.2106  77.85
67.141  48.1732  1988.04  89.9948  0.182  0.36  36.1  43  4.2106  77.85
67.19  48.1732  2003.48  89.9561  1.537  0.36  36.1  43  4.2106  77.85
67.239  48.1732  1916.51  94.9074  163.95  0.38  36.3  43  4.2106  77.85
67.288  48.302  1861.76  94.1087  133.394  0.39  36.3  43  4.2106  77.85
67.336  48.302  2002.23  89.8478  5.32  0.36  36.3  43  4.2106  77.85
67.385  48.302  1889.91  95.1664  170.183  0.38  36.3  43  4.2106  77.85
67.434  48.302  1883.43  95.0903  167.109  0.39  36.3  43  4.2106  77.85
67.483  48.4308  2026.65  89.6618  11.962  0.36  36.3  43  4.2106  77.85
67.531  48.4308  1880.6  95.1297  168.144  0.39  36.7  43  4.2106  77.85
67.58  48.4308  1981.47  89.8793  4.176  0.37  36.7  43  4.2106  77.85
67.629  48.5596  1929.33  94.6353  155.915  0.38  36.7  43  4.2106  77.85
67.678  48.5596  1957.15  89.8362  5.595  0.37  36.7  43  4.2106  77.85
67.726  48.5596  2006.17  89.904  3.36  0.36  36.7  43  4.2106  77.85
67.775  48.5596  1904.15  94.9363  163.85  0.38  36.7  43  4.2106  77.85
67.824  48.6884  1873.41  95.1993  169.768  0.39  36.6  43  4.2106  77.85
67.873  48.6884  2032.3  90.0184  0.651  0.36  36.6  43  4.2106  77.85
67.921  48.6884  1895.71  94.7994  158.61  0.38  36.6  43  4.2106  77.85
67.97  48.6884  1966.01  89.9221  2.673  0.37  36.6  43  4.2106  77.85
68.019  48.8172  2003.55  89.8204  6.281  0.36  36.6  43  4.2106  77.85
68.068  48.8172  1860.81  95.0664  164.33  0.39  36.6  43  4.2106  77.85
68.117  48.8172  1967.7  89.1203  30.211  0.37  36.6  43  4.2106  77.85
68.165  48.946  1921.34  94.9256  164.968  0.38  35.6  43  4.2106  77.85
68.214  48.946  1881.92  94.7926  157.232  0.39  35.6  43  4.2106  77.85
68.263  48.946  2022.51  90.0292  1.032  0.36  35.6  43  4.2106  77.85
68.312  48.946  1918.23  96.2369  208.397  0.38  35.6  43  4.2106  77.85
68.36  49.0748  1864.63  94.0891  132.964  0.39  35.6  43  4.2106  77.85
68.409  49.0748  1923  94.941  165.629  0.38  35.6  43  4.2106  77.85
68.458  49.0748  1885.1  94.8194  158.377  0.39  35.7  43  4.2106  77.85
68.507  49.2036  1959.43  89.0918  31.059  0.37  35.7  43  4.2106  77.85
68.555  49.2036  2015.69  89.4482  19.414  0.36  35.7  43  4.2106  77.85
68.604  49.2036  1995.53  89.9562  1.524  0.36  35.7  43  4.2106  77.85
68.653  49.2036  1833.62  90.0315  1.007  0.39  35.7  43  4.2106  77.85
68.702  49.3324  1914.02  94.7316  157.884  0.38  35.7  43  4.2106  77.85
68.751  49.3324  1978.67  90.0055  0.19  0.37  35.5  43  4.2106  77.85
68.8  49.3324  2006.46  89.7875  7.441  0.36  35.5  43  4.2106  77.85
68.849  49.3324  1908.24  96.1013  202.821  0.38  35.5  43  4.2106  77.85
68.897  49.4612  1883.54  95.4187  177.87  0.39  35.5  43  4.2106  77.85
68.946  49.4612  2022.28  89.8601  4.937  0.36  35.5  43  4.2106  77.85
68.995  49.4612  1898.97  96.1056  201.978  0.38  35.5  43  4.2106  77.85
69.044  49.59  1879.38  94.0355  132.262  0.39  36.1  43  4.2106  77.85
69.092  49.59  2007.79  89.76  8.41  0.36  36.1  43  4.2106  77.85
69.141  49.59  1874.84  94.8845  159.638  0.39  36.1  43  4.2106  77.85
69.19  49.59  1978.44  89.895  3.625  0.37  36.1  43  4.2106  77.85
69.239  49.7188  1917.55  94.8052  160.63  0.38  36.1  43  4.2106  77.85
69.287  49.7188  1860.45  95.6043  181.686  0.39  36.1  43  4.2106  77.85
69.336  49.7188  2006.59  89.9402  2.094  0.36  36.9  43  4.2106  77.85
69.385  49.7188  1902.41  94.8996  162.486  0.38  36.9  43  4.2106  77.85
69.434  49.8477  1868.6  95.1357  167.268  0.39  36.9  43  4.2106  77.85
69.482  49.8477  1920.74  94.811  161.092  0.38  36.9  43  4.2106  77.85
69.531  49.8477  1884.86  94.7738  156.863  0.39  36.9  43  4.2106  77.85
69.58  49.8477  1812.81  89.9971  0.093  0.4  36.9  43  4.2106  77.85
69.629  49.9765  1999.45  89.6119  13.542  0.36  36.8  43  4.2106  77.85
69.677  49.9765  1805.66  90.051  1.608  0.4  36.8  43  4.2106  77.85
69.726  49.9765  1944.72  88.042  66.444  0.37  36.8  43  4.2106  77.85
69.775  50.1053  1909.95  94.8526  161.568  0.38  36.8  43  4.2106  77.85
69.824  50.1053  1873.49  95.526  180.413  0.39  36.8  43  4.2106  77.85
69.873  50.1053  1991.83  88.9827  35.363  0.36  36.8  43  4.2106  77.85
69.921  50.1053  1896.19  94.8911  161.674  0.38  36.7  43  4.2106  77.85
69.97  50.2341  1873.8  94.1203  134.634  0.39  36.7  43  4.2106  77.85
70.019  50.2341  1942.59  95.0148  169.806  0.37  36.7  43  4.2106  77.85
70.068  50.2341  1885.55  96.1808  203.011  0.39  36.7  43  4.2106  77.85
70.116  50.3629  1818.69  90.0018  0.057  0.4  36.7  43  4.2106  77.85
70.166  50.3629  2004.78  89.5067  17.261  0.36  36.7  43  4.2106  77.85
70.214  50.3629  1876.3  94.8753  159.46  0.39  36.6  43  4.2106  77.85
70.263  50.3629  1979.54  89.8515  5.132  0.37  36.6  43  4.2106  77.85
70.312  50.4917  1921.99  96.0247  201.726  0.38  36.6  43  4.2106  77.85
70.361  50.4917  1879.12  95.4453  178.321  0.39  36.6  43  4.2106  77.85
70.409  50.4917  1994.79  89.7718  7.946  0.36  36.6  43  4.2106  77.85
70.458  50.4917  1901.35  94.4058  146.062  0.38  36.6  43  4.2106  77.85
70.507  50.6205  1875.31  95.2811  172.608  0.39  36.6  43  4.2106  77.85
70.555  50.6205  1919.12  95.1086  170.887  0.38  37  43  4.2106  77.85
70.604  50.6205  1985.06  90.0101  0.349  0.36  37  43  4.2106  77.85
70.653  50.6205  1888.44  94.0212  132.428  0.38  37  43  4.2106  77.85
70.702  50.7493  2008.22  89.7962  7.142  0.36  37  43  4.2106  77.85
70.751  50.7493  1989.99  90.0223  0.775  0.36  37  43  4.2106  77.85
70.799  50.7493  1902.54  94.9243  163.313  0.38  37  43  4.2106  77.85
70.848  50.8781  1908.03  96.0549  201.262  0.38  37.3  43  4.2106  77.85
70.897  50.8781  1946.46  89.8556  4.905  0.37  37.3  43  4.2106  77.85
70.945  50.8781  1924.29  94.885  163.867  0.38  37.3  43  4.2106  77.85
70.994  50.8781  1896.79  96.307  208.373  0.38  37.3  43  4.2106  77.85
71.043  51.0069  1870.15  94.0047  130.608  0.39  37.3  43  4.2106  77.85
71.092  51.0069  2000.73  89.7202  9.772  0.36  37.3  43  4.2106  77.85
71.14  51.0069  1881.72  96.343  207.893  0.39  36.3  43  4.2106  77.85
71.189  51.0069  1960.9  89.0833  31.372  0.37  36.3  43  4.2106  77.85
71.238  51.1357  1920.61  94.7861  160.249  0.38  36.3  43  4.2106  77.85
71.287  51.1357  1890.78  94.7362  156.116  0.38  36.3  43  4.2106  77.85
71.336  51.1357  2020.49  90.0012  0.042  0.36  36.3  43  4.2106  77.85
71.385  51.2645  1932.6  95.9174  199.239  0.38  36.3  43  4.2106  77.85
71.434  51.2645  1812.9  90.0321  1.016  0.4  37.2  43  4.2106  77.85
71.482  51.2645  2038.56  89.9869  0.465  0.35  37.2  43  4.2106  77.85
71.531  51.2645  1891.41  94.5651  150.539  0.38  37.2  43  4.2106  77.85
71.58  51.3933  1884.34  95.2728  173.168  0.39  37.2  43  4.2106  77.85
71.629  51.3933  1932.15  95.1743  174.252  0.38  37.2  43  4.2106  77.85
71.677  51.3933  1882.12  96.4346  210.928  0.39  37.2  43  4.2106  77.85
71.726  51.3933  1886.71  93.9857  131.141  0.38  35.5  43  4.2106  77.85
71.775  51.5221  1926.5  94.7012  157.896  0.38  35.5  43  4.2106  77.85
71.824  51.5221  1880.45  94.8019  157.415  0.39  35.5  43  4.2106  77.85
71.873  51.5221  1967.89  89.0051  34.168  0.37  35.5  43  4.2106  77.85
71.921  51.6509  1920.66  96.08  203.429  0.38  35.5  43  4.2106  77.85
71.97  51.6509  1861.03  95.4151  175.626  0.39  35.5  43  4.2106  77.85
72.019  51.6509  1993.68  89.8157  6.412  0.36  35.6  43  4.2106  77.85
72.067  51.6509  1899.39  96.198  205.067  0.38  35.6  43  4.2106  77.85
72.116  51.7797  1869.45  94.1497  135.279  0.39  35.6  43  4.2106  77.85
72.165  51.7797  2001.68  89.5233  16.655  0.36  35.6  43  4.2106  77.85
72.214  51.7797  1880.14  95.0386  165.128  0.39  35.6  43  4.2106  77.85
72.263  51.7797  1956.84  88.8796  38.263  0.37  35.6  43  4.2106  77.85
72.312  51.9085  1921.15  94.5908  153.766  0.38  36.4  43  4.2106  77.85
72.36  51.9085  1862.7  95.1476  167.123  0.39  36.4  43  4.2106  77.85
72.409  51.9085  2010.34  89.9765  0.826  0.36  36.4  43  4.2106  77.85
72.458  51.9085  1917.06  94.7125  157.497  0.38  36.4  43  4.2106  77.85
72.506  52.0373  1857.94  95.3876  174.447  0.39  36.4  43  4.2106  77.85
72.555  52.0373  1920.98  94.8575  162.665  0.38  36.4  43  4.2106  77.85
72.604  52.0373  1897.47  96.114  202.095  0.38  36.8  43  4.2106  77.85
72.653  52.1661  1876.21  94.0101  131.209  0.39  36.8  43  4.2106  77.85
72.701  52.1661  2003.55  89.8204  6.281  0.36  36.8  43  4.2106  77.85
72.75  52.1661  1872.05  95.2293  170.623  0.39  36.8  43  4.2106  77.85
72.799  52.1661  1982.29  89.9507  1.707  0.36  36.8  43  4.2106  77.85
72.848  52.295  2017.61  89.7476  8.89  0.36  36.8  43  4.2106  77.85
72.897  52.295  1943.54  89.8711  4.372  0.37  35.8  43  4.2106  77.85
72.946  52.295  1913.35  94.9048  163.592  0.38  35.8  43  4.2106  77.85
72.995  52.4238  1918.28  94.9444  165.334  0.38  35.8  43  4.2106  77.85
73.044  52.4238  1873.63  95.2447  171.266  0.39  35.8  43  4.2106  77.85
73.092  52.4238  2017.55  89.8843  4.075  0.36  35.8  43  4.2106  77.85
73.142  52.4238  1891.61  96.524  214.925  0.38  35.8  43  4.2106  77.85
73.191  52.5526  1861.76  94.1087  133.394  0.39  35.8  43  4.2106  77.85
73.239  52.5526  1937.41  94.9493  167.148  0.37  36.7  43  4.2106  77.85
73.288  52.5526  1858.71  94.9405  160.074  0.39  36.7  43  4.2106  77.85
73.337  52.5526  1832.06  90.0037  0.117  0.39  36.7  43  4.2106  77.85
73.386  52.6814  1924.16  94.8601  163.02  0.38  36.7  43  4.2106  77.85
73.435  52.6814  1936.66  89.9445  1.876  0.37  36.7  43  4.2106  77.85
73.483  52.6814  1987.27  89.9629  1.286  0.36  36.7  43  4.2106  77.85
73.532  52.8102  1905.42  94.8809  162.121  0.38  36.3  43  4.2106  77.85
73.581  52.8102  1886.61  95.1177  168.289  0.38  36.3  43  4.2106  77.85
73.63  52.8102  1912.55  95.053  168.453  0.38  36.3  43  4.2106  77.85
73.679  52.8102  1897.12  95.0747  167.81  0.38  36.3  43  4.2106  77.85
73.727  52.939  1893.23  95.2186  172.2  0.38  36.3  43  4.2106  77.85
73.776  52.939  1920.65  95.0994  170.713  0.38  36.3  43  4.2106  77.85
73.825  52.939  1807.09  90.0435  1.372  0.4  35.8  43  4.2106  77.85
73.874  52.939  1972.18  89.0948  31.158  0.37  35.8  43  4.2106  77.85
73.922  53.0678  1929.58  94.6819  157.501  0.38  35.8  43  4.2106  77.85
73.971  53.0678  1952.73  89.8596  4.785  0.37  35.8  43  4.2106  77.85
74.02  53.0678  1845.62  90.0056  0.18  0.39  35.8  43  4.2106  77.85
74.069  53.1966  1911.28  96.0844  202.582  0.38  35.8  43  4.2106  77.85
74.118  53.1966  1874.73  95.4718  178.766  0.39  36.8  43  4.2106  77.85
74.166  53.1966  1918.88  95.0622  169.316  0.38  36.8  43  4.2106  77.85
74.215  53.1966  1885.01  94.5122  148.296  0.38  36.8  43  4.2106  77.85
74.264  53.3254  1963.87  89.0663  32.003  0.37  36.8  43  4.2106  77.85
74.313  53.3254  1993.72  89.6806  11.115  0.36  36.8  43  4.2106  77.85
74.361  53.3254  1882.3  95.1661  169.49  0.39  36.8  43  4.2106  77.85
74.41  53.3254  1978.81  88.9804  35.211  0.37  36.6  43  4.2106  77.85
74.459  53.4542  1983.59  89.9237  2.643  0.36  36.6  43  4.2106  77.85
74.508  53.4542  1867.67  95.5609  180.985  0.39  36.6  43  4.2106  77.85
74.556  53.4542  2031.82  89.9823  0.627  0.36  36.6  43  4.2106  77.85
74.605  53.583  1906.93  96.1561  204.496  0.38  36.6  43  4.2106  77.85
74.654  53.583  1891.52  95.1818  170.836  0.38  36.6  43  4.2106  77.85
74.703  53.583  1924.78  94.9782  167.025  0.38  35.9  43  4.2106  77.85
74.752  53.583  1885.07  96.4184  210.73  0.39  35.9  43  4.2106  77.85
74.8  53.7118  1871.5  95.1176  166.939  0.39  35.9  43  4.2106  77.85
74.849  53.7118  1920.11  94.6933  157.107  0.38  35.9  43  4.2106  77.85
74.898  53.7118  1881.84  95.075  166.467  0.39  35.9  43  4.2106  77.85
74.947  53.7118  1988.66  89.8038  6.81  0.36  35.9  43  4.2106  77.85
74.995  53.8406  1913.43  96.2155  207.164  0.38  35.8  43  4.2106  77.85
75.044  53.8406  1863.48  95.3071  172.362  0.39  35.8  43  4.2106  77.85
75.093  53.8406  1997.59  89.8717  4.473  0.36  35.8  43  4.2106  77.85
75.142  53.9694  1887.74  95.0383  165.785  0.38  35.8  43  4.2106  77.85
75.19  53.9694  1867.82  95.2804  171.896  0.39  35.8  43  4.2106  77.85
75.24  53.9694  1929.65  94.9966  168.065  0.38  35.8  43  4.2106  77.85
75.288  53.9694  1895.86  95.1298  169.515  0.38  36  43  4.2106  77.85
75.337  54.0982  1824.62  90.0065  0.208  0.4  36  43  4.2106  77.85
75.386  54.0982  2015.87  89.602  14.002  0.36  36  43  4.2106  77.85
75.435  54.0982  1981.18  89.9551  1.552  0.37  36  43  4.2106  77.85
75.483  54.0982  1975.83  89.9463  1.852  0.37  36  43  4.2106  77.85
75.532  54.227  1920.61  94.7861  160.249  0.38  36  43  4.2106  77.85
75.581  54.227  1934.82  89.9173  2.792  0.37  36  43  4.2106  77.85
75.63  54.227  1912.45  90.0266  0.887  0.38  36.3  43  4.2106  77.85
75.679  54.227  1896.89  95.0288  166.275  0.38  36.3  43  4.2106  77.85
75.727  54.3558  1877.66  94.0002  130.986  0.39  36.3  43  4.2106  77.85
75.776  54.3558  1924.43  95.2206  175.104  0.38  36.3  43  4.2106  77.85
75.826  54.3558  1875.34  96.6119  215.934  0.39  36.3  43  4.2106  77.85
75.874  54.4846  1829.2  90.0543  1.735  0.4  36.3  43  4.2106  77.85
75.923  54.4846  1938.84  95.8824  198.707  0.38  36.4  43  4.2106  77.85
75.972  54.4846  1879.36  95.1843  169.817  0.39  36.4  43  4.2106  77.85
76.021  54.4846  1836.58  90.0162  0.518  0.39  36.4  43  4.2106  77.85
76.069  54.6134  1918.7  95.9952  200.398  0.38  36.4  43  4.2106  77.85
76.118  54.6134  1858.8  95.5678  180.348  0.39  36.4  43  4.2106  77.85
76.167  54.6134  2043.76  89.9995  0.019  0.35  36.4  43  4.2106  77.85
76.216  54.7423  1901.38  95.001  165.75  0.38  37.4  43  4.2106  77.85
76.264  54.7423  1873.8  94.1203  134.634  0.39  37.4  43  4.2106  77.85
76.313  54.7423  1922.18  95.0901  170.539  0.38  37.4  43  4.2106  77.85
76.362  54.7423  1897.68  96.1602  203.637  0.38  37.4  43  4.2106  77.85
76.411  54.8711  1824.71  90.0418  1.332  0.4  37.4  43  4.2106  77.85
76.459  54.8711  2015.87  89.602  14.002  0.36  37.4  43  4.2106  77.85
76.508  54.8711  1992.52  89.9717  0.985  0.36  37.2  43  4.2106  77.85
76.557  54.8711  1995.97  88.9204  37.606  0.36  37.2  43  4.2106  77.85
76.606  54.9999  1940.41  95.8737  198.573  0.37  37.2  43  4.2106  77.85
76.654  54.9999  1812.85  90.0133  0.421  0.4  37.2  43  4.2106  77.85
76.703  54.9999  1918.16  94.9229  164.606  0.38  37.2  43  4.2106  77.85
76.752  55.1287  1896.59  96.2608  206.832  0.38  37.2  43  4.2106  77.85
76.801  55.1287  1969.41  89.9419  1.996  0.37  36.9  43  4.2106  77.85
76.85  55.1287  1957.04  94.9763  169.762  0.37  36.9  43  4.2106  77.85
76.899  55.1287  1895.63  95.0839  167.981  0.38  36.9  43  4.2106  77.85
76.947  55.2575  1991.44  89.9034  3.356  0.36  36.9  43  4.2106  77.85
76.996  55.2575  1922.38  94.8231  161.632  0.38  36.9  43  4.2106  77.85
77.045  55.2575  1967.69  89.9307  2.379  0.37  36.9  43  4.2106  77.85
77.094  55.2575  1853.22  90.0027  0.087  0.39  35.7  43  4.2106  77.85
77.142  55.3863  1934.48  94.6996  158.495  0.38  35.7  43  4.2106  77.85
77.191  55.3863  1890.26  95.2367  172.525  0.38  35.7  43  4.2106  77.85
77.24  55.3863  2025.3  89.6897  10.97  0.36  35.7  43  4.2106  77.85
77.289  55.3863  1913.01  96.1224  204.028  0.38  35.7  43  4.2106  77.85
77.338  55.5151  1855.1  94.2469  137.379  0.39  35.7  43  4.2106  77.85
77.387  55.5151  1950.21  94.92  167.26  0.37  37.2  43  4.2106  77.85
77.435  55.5151  1908.03  96.0549  201.262  0.38  37.2  43  4.2106  77.85
77.484  55.6439  1898.39  90.0248  0.822  0.38  37.2  43  4.2106  77.85
77.533  55.6439  1940.96  94.7077  159.299  0.37  37.2  43  4.2106  77.85
77.582  55.6439  1880  90.0271  0.89  0.38  37.2  43  4.2106  77.85
77.631  55.6439  2001.52  89.9279  2.519  0.36  37.2  43  4.2106  77.85
77.679  55.7727  1900.43  94.8171  159.588  0.38  38.2  43  4.2106  77.85
77.728  55.7727  1874.07  95.3355  174.264  0.39  38.2  43  4.2106  77.85
77.777  55.7727  2028.32  89.9455  1.928  0.36  38.2  43  4.2106  77.85
77.826  55.9015  1920.9  94.5444  152.195  0.38  38.2  43  4.2106  77.85
77.874  55.9015  1906.73  95.1363  170.7  0.38  38.2  43  4.2106  77.85
77.924  55.9015  2023.31  89.5239  16.811  0.36  38.2  43  4.2106  77.85
77.972  55.9015  1885.47  95.1936  170.677  0.39  37.8  43  4.2106  77.85
78.021  56.0303  1993.23  90.0259  0.902  0.36  37.8  43  4.2106  77.85
78.07  56.0303  1930.12  94.4857  150.954  0.38  37.8  43  4.2106  77.85
78.118  56.0303  1978.76  89.646  12.226  0.37  37.8  43  4.2106  77.85
78.167  56.0303  1994.16  88.7762  42.592  0.36  37.8  43  4.2106  77.85
78.217  56.1591  2025.06  89.6701  11.661  0.36  37.8  43  4.2106  77.85
78.266  56.1591  1827.74  90.0619  1.976  0.4  37.8  43  4.2106  77.85
78.314  56.1591  1931.43  95.0339  169.474  0.38  39  43  4.2106  77.85
78.363  56.2879  1909.22  94.7141  156.906  0.38  39  43  4.2106  77.85
78.412  56.2879  1880.95  95.1996  170.463  0.39  39  43  4.2106  77.85
78.461  56.2879  2019.02  89.5854  14.608  0.36  39  43  4.2106  77.85
78.51  56.2879  1899.18  96.1518  203.522  0.38  39  43  4.2106  77.85
78.559  56.4167  1975.37  88.962  35.784  0.37  39  43  4.2106  77.85
78.607  56.4167  1932.68  94.6626  157.102  0.38  41.1  43  4.2106  77.85
78.656  56.4167  1971.23  89.6862  10.795  0.37  41.1  43  4.2106  77.85
78.705  56.4167  2001.1  89.8918  3.779  0.36  41.1  43  4.2106  77.85
78.754  56.5455  1925.7  94.8506  162.832  0.38  41.1  43  4.2106  77.85
78.802  56.5455  1893.23  95.2186  172.2  0.38  41.1  43  4.2106  77.85
78.851  56.5455  1944.23  94.7135  159.762  0.37  41.1  43  4.2106  77.85
78.9  56.5455  1905.66  94.927  163.669  0.38  40.7  43  4.2106  77.85
78.949  56.6743  1898.97  95.1361  170.001  0.38  40.7  43  4.2106  77.85
78.997  56.6743  2018.14  89.5126  17.168  0.36  40.7  43  4.2106  77.85
79.046  56.6743  1888.05  94.8007  158.01  0.38  40.7  43  4.2106  77.85
79.095  56.8031  1973.68  89.0862  31.476  0.37  40.7  43  4.2106  77.85
79.144  56.8031  1928.16  95.9903  201.223  0.38  40.7  43  4.2106  77.85
79.193  56.8031  1955.28  89.8088  6.525  0.37  42.3  43  4.2106  77.85
79.241  56.8031  2034.94  89.9666  1.187  0.36  42.3  43  4.2106  77.85
79.29  56.9319  1931.91  96.1139  205.759  0.38  42.3  43  4.2106  77.85
79.339  56.9319  1885.49  94.0411  132.876  0.38  42.3  43  4.2106  77.85
79.388  56.9319  1930.7  94.8937  164.703  0.38  42.3  43  4.2106  77.85
79.436  57.0607  1911.22  94.7969  159.825  0.38  42.3  43  4.2106  77.85
79.485  57.0607  1955.19  89.0028  34.029  0.37  43.1  43  4.2106  77.85
79.534  57.0607  2033.01  89.6286  13.177  0.36  43.1  43  4.2106  77.85
79.583  57.0607  1915.99  96.4402  214.91  0.38  43.1  43  4.2106  77.85
79.631  57.1896  2000.26  89.8197  6.295  0.36  43.1  43  4.2106  77.85
79.68  57.1896  2013.18  89.6549  12.127  0.36  43.1  43  4.2106  77.85
79.729  57.1896  1885.23  95.4556  179.236  0.39  43.1  43  4.2106  77.85
79.778  57.1896  2022.84  89.6249  13.244  0.36  44.3  43  4.2106  77.85
79.826  57.3184  1924.96  94.7109  158.093  0.38  44.3  43  4.2106  77.85
79.875  57.3184  1878.46  95.3087  173.799  0.39  44.3  43  4.2106  77.85
79.924  57.3184  1949.12  95.024  170.689  0.37  44.3  43  4.2106  77.85
79.973  57.4472  1913.43  96.2155  207.164  0.38  44.3  43  4.2106  77.85
80.021  57.4472  1973.87  88.9707  35.459  0.37  44.3  43  4.2106  77.85
80.07  57.4472  1924.21  94.5713  153.36  0.38  43.3  43  4.2106  77.85
80.119  57.4472  1883.54  95.1115  167.811  0.39  43.3  43  4.2106  77.85
80.168  57.576  1961.76  89.1541  28.962  0.37  43.3  43  4.2106  77.85
80.216  57.576  1931.7  96.0669  204.161  0.38  43.3  43  4.2106  77.85
80.265  57.576  1875.53  95.3266  174.11  0.39  43.3  43  4.2106  77.85
80.314  57.576  2010.71  89.727  9.582  0.36  43.3  43  4.2106  77.85
80.363  57.7048  1921.15  94.5908  153.766  0.38  42.9  43  4.2106  77.85
80.411  57.7048  1882.56  94.061  133.32  0.39  42.9  43  4.2106  77.85
80.46  57.7048  1950.52  94.6745  158.957  0.37  42.9  43  4.2106  77.85
80.509  57.7048  1906.13  95.0192  166.767  0.38  42.9  43  4.2106  77.85
80.558  57.8336  1898.39  90.0248  0.822  0.38  42.9  43  4.2106  77.85
80.607  57.8336  1943.33  94.5473  154.072  0.37  42.9  43  4.2106  77.85
80.655  57.8336  1881.38  94.9839  163.447  0.39  42.9  43  4.2106  77.85
80.704  57.9624  1994.88  88.9652  36.025  0.36  42.6  43  4.2106  77.85
80.753  57.9624  1940.99  94.4165  149.468  0.37  42.6  43  4.2106  77.85
80.801  57.9624  1990.24  89.6609  11.78  0.36  42.6  43  4.2106  77.85
80.85  57.9624  2014.7  89.7833  7.62  0.36  42.6  43  4.2106  77.85
80.899  58.0912  1909.39  95.0468  167.969  0.38  42.6  43  4.2106  77.85
80.948  58.0912  1868.01  94.1595  135.493  0.39  42.6  43  4.2106  77.85
80.997  58.0912  2034.94  89.9666  1.187  0.36  43.1  43  4.2106  77.85
81.045  58.0912  1906.65  96.4429  213.95  0.38  43.1  43  4.2106  77.85
81.094  58.22  1839.55  90.0008  0.025  0.39  43.1  43  4.2106  77.85
81.143  58.22  2019.02  89.5854  14.608  0.36  43.1  43  4.2106  77.85
81.192  58.22  1997.49  89.9839  0.562  0.36  43.1  43  4.2106  77.85
81.242  58.3488  1967.63  88.8543  39.343  0.37  43.1  43  4.2106  77.85
81.29  58.3488  1920.66  96.08  203.429  0.38  42.7  43  4.2106  77.85
81.339  58.3488  1870.57  95.5435  180.7  0.39  42.7  43  4.2106  77.85
81.388  58.3488  2012.96  88.8229  41.353  0.36  42.7  43  4.2106  77.85
81.437  58.4776  1933.9  96.1994  208.841  0.38  42.7  43  4.2106  77.85
81.486  58.4776  1878.8  95.0722  166.105  0.39  42.7  43  4.2106  77.85
81.534  58.4776  1956.54  94.8816  166.496  0.37  42.7  43  4.2106  77.85
81.583  58.4776  1901.1  96.2359  206.502  0.38  43.7  43  4.2106  77.85
81.632  58.6064  1972.99  88.8994  37.898  0.37  43.7  43  4.2106  77.85
81.681  58.6064  1929.08  94.5887  154.33  0.38  43.7  43  4.2106  77.85
81.729  58.6064  1999  89.9762  0.832  0.36  43.7  43  4.2106  77.85
81.778  58.7352  1998.3  88.7132  44.874  0.36  43.7  43  4.2106  77.85
81.827  58.7352  1937.59  94.6802  158.097  0.37  43.7  43  4.2106  77.85
81.876  58.7352  1887.63  95.0171  165.08  0.38  45.6  43  4.2106  77.85
81.925  58.7352  1930.21  94.8003  161.526  0.38  45.6  43  4.2106  77.85
81.973  58.864  1919.34  96.1352  205.128  0.38  45.6  43  4.2106  77.85
82.022  58.864  1879.7  95.2542  172.133  0.39  45.6  43  4.2106  77.85
82.071  58.864  2027.03  89.8359  5.807  0.36  45.6  43  4.2106  77.85
82.12  58.864  2002.49  89.9962  0.134  0.36  45.6  43  4.2106  77.85
82.169  58.9928  1984.1  89.8277  5.967  0.36  48.2  43  4.2106  77.85
82.218  58.9928  2000.46  89.8364  5.711  0.36  48.2  43  4.2106  77.85
82.266  58.9928  1980.6  90.033  1.14  0.37  48.2  43  4.2106  77.85
82.315  59.1216  1975.18  89.0777  31.795  0.37  48.2  43  4.2106  77.85
82.364  59.1216  1937.23  96.2296  210.214  0.38  48.2  43  4.2106  77.85
82.413  59.1216  1879.93  95.2998  173.642  0.39  48.2  43  4.2106  77.85
82.462  59.1216  1933.81  94.8746  164.327  0.38  47  43  4.2106  77.85
82.51  59.2504  1899.18  96.1518  203.522  0.38  47  43  4.2106  77.85
82.559  59.2504  1985.3  90.0289  1.002  0.36  47  43  4.2106  77.85
82.608  59.2504  2027.61  89.4621  19.034  0.36  47  43  4.2106  77.85
82.657  59.2504  1908.74  94.6218  153.802  0.38  47  43  4.2106  77.85
82.705  59.3792  1979.54  89.8515  5.132  0.37  47  43  4.2106  77.85
82.754  59.3792  1950.4  94.3566  148.16  0.37  44.9  43  4.2106  77.85
82.803  59.3792  1981.18  89.9551  1.552  0.37  44.9  43  4.2106  77.85
82.852  59.508  1989.5  89.8755  4.323  0.36  44.9  43  4.2106  77.85
82.9  59.508  1928.58  94.4955  151.163  0.38  44.9  43  4.2106  77.85
82.949  59.508  1963.09  89.8048  6.688  0.37  44.9  43  4.2106  77.85
82.998  59.508  1950.78  94.7216  160.578  0.37  44.9  43  4.2106  77.85
83.047  59.6369  1909.55  96.0464  201.14  0.38  44.2  43  4.2106  77.85
83.095  59.6369  1882.05  93.9703  130.312  0.39  44.2  43  4.2106  77.85
83.144  59.6369  1937.08  94.5866  154.9  0.37  44.2  43  4.2106  77.85
83.193  59.6369  1890.93  95.0657  166.965  0.38  44.2  43  4.2106  77.85
83.242  59.7657  1978.99  88.8645  39.219  0.37  44.2  43  4.2106  77.85
83.291  59.7657  2033.89  89.702  10.578  0.36  44.2  43  4.2106  77.85
83.339  59.7657  1962.28  89.7341  9.108  0.37  44.2  43  4.2106  77.85
83.388  59.8945  2002.11  88.8852  38.954  0.36  45  43  4.2106  77.85
83.437  59.8945  1928.83  94.5421  152.746  0.38  45  43  4.2106  77.85
83.486  59.8945  1896.67  95.2923  174.942  0.38  45  43  4.2106  77.85
83.534  59.8945  2022.71  89.8966  3.65  0.36  45  43  4.2106  77.85
83.583  60.0233  1908.24  96.1013  202.821  0.38  45  43  4.2106  77.85
83.632  60.0233  1961.52  89.0039  34.098  0.37  45  43  4.2106  77.85
83.681  60.0233  1944.98  94.8546  164.597  0.37  44.3  43  4.2106  77.85
83.73  60.0233  1897.36  95.1207  169.346  0.38  44.3  43  4.2106  77.85
83.778  60.1521  1841.04  89.9931  0.222  0.39  44.3  43  4.2106  77.85
83.827  60.1521  1944.38  94.4435  150.644  0.37  44.3  43  4.2106  77.85
83.876  60.1521  1895.18  95.3013  175.102  0.38  44.3  43  4.2106  77.85
83.924  60.2809  2011.99  89.8358  5.767  0.36  44.3  43  4.2106  77.85
83.973  60.2809  1931.04  95.9261  199.371  0.38  47.2  43  4.2106  77.85
84.022  60.2809  1965.66  89.7536  8.454  0.37  47.2  43  4.2106  77.85
84.071  60.2809  1946.55  94.8449  164.405  0.37  47.2  43  4.2106  77.85
84.12  60.4097  1916.28  96.1521  205.363  0.38  47.2  43  4.2106  77.85
84.168  60.4097  1820.24  90.0294  0.933  0.4  47.2  43  4.2106  77.85
84.217  60.4097  1945.73  94.9958  169.439  0.37  47.2  43  4.2106  77.85
84.266  60.4097  1895.95  94.8453  160.141  0.38  46.8  43  4.2106  77.85
84.315  60.5385  1997.17  89.8357  5.727  0.36  46.8  43  4.2106  77.85
84.363  60.5385  1943.33  94.5473  154.072  0.37  46.8  43  4.2106  77.85
84.412  60.5385  1966.2  89.9385  2.11  0.37  46.8  43  4.2106  77.85
84.461  60.6673  1913.83  94.9974  166.715  0.38  46.8  43  4.2106  77.85
84.51  60.6673  1922.2  96.0714  203.308  0.38  46.8  43  4.2106  77.85
84.559  60.6673  1983.04  89.737  9.102  0.36  47.8  43  4.2106  77.85
84.607  60.6673  1934.86  94.7715  160.945  0.38  47.8  43  4.2106  77.85
84.656  60.7961  1902.65  94.9457  164.029  0.38  47.8  43  4.2106  77.85
84.705  60.7961  1897.25  95.0994  168.633  0.38  47.8  43  4.2106  77.85
84.754  60.7961  2037.81  89.6036  14.099  0.36  47.8  43  4.2106  77.85
84.803  60.7961  2004  89.9884  0.405  0.36  47.8  43  4.2106  77.85
84.851  60.9249  1979.25  89.0162  33.984  0.37  47.8  43  4.2106  77.85
84.9  60.9249  1942.78  94.745  160.708  0.37  47.8  43  4.2106  77.85
84.949  60.9249  1970.15  89.7297  9.293  0.37  47.8  43  4.2106  77.85
84.998  61.0537  2006.89  89.8237  6.176  0.36  47.8  43  4.2106  77.85
85.046  61.0537  1920.45  96.0333  201.85  0.38  47.8  43  4.2106  77.85
85.095  61.0537  1999.71  90.0306  1.067  0.36  47.8  43  4.2106  77.85
85.144  61.0537  2025.45  89.844  5.516  0.36  45.5  43  4.2106  77.85
85.193  61.1825  1911  96.3717  212.081  0.38  45.5  43  4.2106  77.85
85.242  61.1825  1898.28  94.9982  165.388  0.38  45.5  43  4.2106  77.85
85.291  61.1825  1949.37  95.0712  172.311  0.37  45.5  43  4.2106  77.85
85.339  61.1825  1892.51  96.3777  210.224  0.38  45.5  43  4.2106  77.85
85.388  61.3113  1992.14  89.8237  6.13  0.36  45.5  43  4.2106  77.85
85.437  61.3113  1926.14  96.2417  209.415  0.38  46.2  43  4.2106  77.85
85.486  61.3113  1879.12  95.4453  178.321  0.39  46.2  43  4.2106  77.85
85.535  61.4401  2010.71  89.727  9.582  0.36  46.2  43  4.2106  77.85
85.583  61.4401  1921.58  94.9721  166.543  0.38  46.2  43  4.2106  77.85
85.632  61.4401  1893.57  94.9802  164.382  0.38  46.2  43  4.2106  77.85
85.681  61.4401  1957.29  95.0237  171.396  0.37  46.2  43  4.2106  77.85
85.73  61.5689  1912.59  96.0294  200.895  0.38  46.2  43  4.2106  77.85
85.779  61.5689  2012.34  90.0043  0.153  0.36  46  43  4.2106  77.85
85.828  61.5689  1944.64  95.0995  172.849  0.37  46  43  4.2106  77.85
85.876  61.6977  1897.92  94.9277  163.028  0.38  46  43  4.2106  77.85
85.925  61.6977  1990.04  88.8388  40.33  0.36  46  43  4.2106  77.85
85.974  61.6977  2011.18  89.6268  13.1  0.36  46  43  4.2106  77.85
86.023  61.6977  1876.77  95.2722  172.451  0.39  46  43  4.2106  77.85
86.072  61.8265  2013.98  89.864  4.78  0.36  46.6  43  4.2106  77.85
86.121  61.8265  1911.71  94.8894  162.939  0.38  46.6  43  4.2106  77.85
86.169  61.8265  1873.27  95.4806  178.913  0.39  46.6  43  4.2106  77.85
86.218  61.8265  1918.3  95.2573  175.771  0.38  46.6  43  4.2106  77.85
86.267  61.9553  1885.55  96.1808  203.011  0.39  46.6  43  4.2106  77.85
86.316  61.9553  2007.29  89.992  0.281  0.36  46.6  43  4.2106  77.85
86.365  61.9553  2008.06  89.6432  12.504  0.36  48  43  4.2106  77.85
86.413  62.0842  1878.45  95.0023  163.793  0.39  48  43  4.2106  77.85
86.462  62.0842  1971.75  89.0591  32.377  0.37  48  43  4.2106  77.85
86.511  62.0842  1910.49  94.6583  155.158  0.38  48  43  4.2106  77.85
86.56  62.0842  1954.2  89.8518  5.054  0.37  48  43  4.2106  77.85
86.608  62.213  1920.41  95.0528  169.14  0.38  48  43  4.2106  77.85
86.657  62.213  1911.9  96.2239  207.277  0.38  46  43  4.2106  77.85
86.706  62.213  1977.43  90.0319  1.101  0.37  46  43  4.2106  77.85
86.755  62.213  1926.32  94.9688  166.843  0.38  46  43  4.2106  77.85
86.803  62.3418  1984.7  89.88  4.155  0.36  46  43  4.2106  77.85
86.852  62.3418  1989.91  89.9114  3.079  0.36  46  43  4.2106  77.85
86.901  62.3418  2010.91  89.7438  8.992  0.36  46  43  4.2106  77.85
86.95  62.3418  1889.77  94.837  159.347  0.38  45.5  43  4.2106  77.85
86.999  62.4706  1997.59  89.8717  4.473  0.36  45.5  43  4.2106  77.85
87.047  62.4706  1924.46  94.6178  154.937  0.38  45.5  43  4.2106  77.85
87.096  62.4706  1883.09  95.3274  174.84  0.39  45.5  43  4.2106  77.85
87.145  62.5994  2014.27  89.747  8.895  0.36  45.5  43  4.2106  77.85
87.194  62.5994  1904.63  95.0285  166.943  0.38  45.5  43  4.2106  77.85
87.242  62.5994  1877.34  95.0813  166.273  0.39  48.1  43  4.2106  77.85
87.291  62.5994  2028.94  89.572  15.157  0.36  48.1  43  4.2106  77.85
87.34  62.7282  1906.72  96.1098  202.939  0.38  48.1  43  4.2106  77.85
87.389  62.7282  1899.77  94.989  165.212  0.38  48.1  43  4.2106  77.85
87.437  62.7282  1931.92  94.5225  152.332  0.38  48.1  43  4.2106  77.85
87.486  62.7282  1954.87  89.7736  7.726  0.37  48.1  43  4.2106  77.85
87.535  62.857  1989.41  88.9195  37.515  0.36  46.3  43  4.2106  77.85
87.584  62.857  1916.27  94.8611  162.384  0.38  46.3  43  4.2106  77.85
87.632  62.857  1866.42  90.0254  0.827  0.39  46.3  43  4.2106  77.85
87.681  62.9858  1917.68  94.8301  161.47  0.38  46.3  43  4.2106  77.85
87.73  62.9858  1913.64  96.2621  208.732  0.38  46.3  43  4.2106  77.85
87.779  62.9858  1883.89  95.1815  170.137  0.39  46.3  43  4.2106  77.85
87.828  62.9858  2031.93  89.4  21.277  0.36  45.3  43  4.2106  77.85
87.877  63.1146  1890.47  94.9742  163.916  0.38  45.3  43  4.2106  77.85
87.926  63.1146  1883.77  94.0057  131.592  0.38  45.3  43  4.2106  77.85
87.974  63.1146  1992.88  89.6087  13.611  0.36  45.3  43  4.2106  77.85
88.023  63.1146  1880.59  95.4365  178.171  0.39  45.3  43  4.2106  77.85
88.072  63.2434  1907.82  88.2789  57.299  0.38  45.3  43  4.2106  77.85
88.121  63.2434  1827.08  89.8458  4.918  0.4  44.4  43  4.2106  77.85
88.17  63.2434  1788.1  88.9716  32.093  0.4  44.4  43  4.2106  77.85
88.219  63.3722  1763.58  94.7149  144.963  0.41  44.4  43  4.2106  77.85
88.267  63.3722  1758.66  94.2625  130.713  0.41  44.4  43  4.2106  77.85
88.316  63.3722  1777.39  94.7974  148.649  0.41  44.4  43  4.2106  77.85
88.365  63.3722  1935.04  89.2687  24.696  0.37  44.4  43  4.2106  77.85
88.414  63.501  1801.15  94.6125  144.842  0.4  44.4  43  4.2106  77.85
88.463  63.501  1812.54  94.3784  138.376  0.4  44.5  43  4.2106  77.85
88.512  63.501  1841.65  94.1999  134.876  0.39  44.5  43  4.2106  77.85
88.56  63.501  1798.03  94.2744  134.012  0.4  44.5  43  4.2106  77.85
88.609  63.6298  1921.13  89.3848  20.626  0.38  44.5  43  4.2106  77.85
88.658  63.6298  1935.88  89.8748  4.23  0.37  44.5  43  4.2106  77.85
88.707  63.6298  1793.8  94.2591  133.219  0.4  44.5  43  4.2106  77.85
88.756  63.7586  1909.04  89.1229  29.223  0.38  42.8  43  4.2106  77.85
88.805  63.7586  1827.73  95.7552  183.282  0.4  42.8  43  4.2106  77.85
88.853  63.7586  1881.41  89.2848  23.485  0.38  42.8  43  4.2106  77.85
88.902  63.7586  1935.45  89.3036  23.523  0.37  42.8  43  4.2106  77.85
88.951  63.8874  1809.26  95.7314  180.681  0.4  42.8  43  4.2106  77.85
89  63.8874  1811.86  94.5189  142.753  0.4  42.8  43  4.2106  77.85
89.049  63.8874  1861.6  95.2258  169.556  0.39  44.1  43  4.2106  77.85
89.097  63.8874  1880.77  89.6131  12.699  0.38  44.1  43  4.2106  77.85
89.146  64.0162  1823.02  94.4886  142.672  0.4  44.1  43  4.2106  77.85
89.195  64.0162  1818.78  94.493  142.477  0.4  44.1  43  4.2106  77.85
89.244  64.0162  1861.96  89.4699  17.227  0.39  44.1  43  4.2106  77.85
89.293  64.145  1895.89  88.2813  56.862  0.38  44.1  43  4.2106  77.85
89.341  64.145  1819.43  95.8053  184.032  0.4  45.4  43  4.2106  77.85
89.39  64.145  1879.38  89.748  8.265  0.38  45.4  43  4.2106  77.85
89.439  64.145  1841.86  93.9683  127.465  0.39  45.4  43  4.2106  77.85
89.488  64.2738  1817.82  95.4523  172.725  0.4  45.4  43  4.2106  77.85
89.536  64.2738  1893.94  89.4856  17.002  0.38  45.4  43  4.2106  77.85
89.585  64.2738  1856.04  94.1478  134.245  0.39  45.4  43  4.2106  77.85
89.634  64.2738  1794.91  94.4755  140.061  0.4  46.7  43  4.2106  77.85
89.683  64.4026  1920.5  89.5924  13.662  0.38  46.7  43  4.2106  77.85
89.732  64.4026  1837.53  93.9739  127.344  0.39  46.7  43  4.2106  77.85
89.78  64.4026  1899.48  89.3252  22.372  0.38  46.7  43  4.2106  77.85
89.829  64.4026  1938.54  89.1741  27.944  0.37  46.7  43  4.2106  77.85
89.878  64.5315  1950.66  90.0026  0.089  0.37  46.7  43  4.2106  77.85
89.927  64.5315  1900.88  88.3234  55.617  0.38  46.4  43  4.2106  77.85
89.976  64.5315  1946.22  89.1675  28.279  0.37  46.4  43  4.2106  77.85
90.025  64.6603  1817.66  95.7253  181.329  0.4  46.4  43  4.2106  77.85
90.073  64.6603  1842.02  94.2681  137.09  0.39  46.4  43  4.2106  77.85
90.122  64.6603  1883.54  95.4187  177.87  0.39  46.4  43  4.2106  77.85
90.171  64.6603  1823.82  94.3677  138.896  0.4  46.4  43  4.2106  77.85
90.22  64.7891  1864.27  94.0234  130.803  0.39  44.7  43  4.2106  77.85
90.269  64.7891  1844.34  95.609  180.264  0.39  44.7  43  4.2106  77.85
90.317  64.7891  1894.33  89.3912  20.127  0.38  44.7  43  4.2106  77.85
90.366  64.9179  1917.7  89.2199  26.108  0.38  44.7  43  4.2106  77.85
90.415  64.9179  1952.1  89.9951  0.168  0.37  44.7  43  4.2106  77.85
90.464  64.9179  1823.48  94.3033  136.827  0.4  44.7  43  4.2106  77.85
90.513  64.9179  1869.45  94.1497  135.279  0.39  44.5  43  4.2106  77.85
90.562  65.0467  1818.06  95.8136  184.155  0.4  44.5  43  4.2106  77.85
90.61  65.0467  1840.62  94.2777  137.291  0.39  44.5  43  4.2106  77.85
90.659  65.0467  1866.56  94.1693  135.706  0.39  44.5  43  4.2106  77.85
90.708  65.0467  1814.46  94.477  141.633  0.4  44.5  43  4.2106  77.85
90.757  65.1755  1911.57  88.2175  59.46  0.38  44.5  43  4.2106  77.85
90.805  65.1755  1940.23  89.8516  5.024  0.37  44.5  43  4.2106  77.85
90.854  65.1755  1869.17  88.4896  49.27  0.39  46  43  4.2106  77.85
90.903  65.3043  1938.05  88.009  67.334  0.37  46  43  4.2106  77.85
90.952  65.3043  1843.13  95.6623  181.852  0.39  46  43  4.2106  77.85
91  65.3043  1890.4  88.3167  55.532  0.38  46  43  4.2106  77.85
91.05  65.3043  1826.17  90.0342  1.091  0.4  46  43  4.2106  77.85
91.098  65.4331  1834.65  95.3931  172.437  0.4  46  43  4.2106  77.85
91.147  65.4331  1857.84  94.2068  136.285  0.39  43.2  43  4.2106  77.85
91.196  65.4331  1879.93  95.2998  173.642  0.39  43.2  43  4.2106  77.85
91.245  65.4331  1816.51  94.3269  137.049  0.4  43.2  43  4.2106  77.85
91.293  65.5619  1932.14  89.0245  32.894  0.37  43.2  43  4.2106  77.85
91.343  65.5619  1840.57  93.9987  128.348  0.39  43.2  43  4.2106  77.85
91.392  65.5619  1907.85  89.2769  24.079  0.38  43.2  43  4.2106  77.85
91.44  65.5619  1896.78  95.0075  165.563  0.38  42.9  43  4.2106  77.85
91.489  65.6907  1845.89  95.0222  161.592  0.39  42.9  43  4.2106  77.85
91.538  65.6907  1801.15  89.9877  0.387  0.4  42.9  43  4.2106  77.85
91.587  65.6907  2011.62  89.9496  1.771  0.36  42.9  43  4.2106  77.85
91.635  65.8195  1874.29  95.0751  165.804  0.39  42.9  43  4.2106  77.85
91.684  65.8195  1844.22  90.049  1.577  0.39  42.9  43  4.2106  77.85
91.733  65.8195  1907.88  95.0561  168.144  0.38  44.5  43  4.2106  77.85
91.782  65.8195  1953.4  89.7814  7.452  0.37  44.5  43  4.2106  77.85
91.83  65.9483  1999.97  89.9358  2.241  0.36  44.5  43  4.2106  77.85
91.879  65.9483  1903.12  95.0378  167.118  0.38  44.5  43  4.2106  77.85
91.928  65.9483  1851.77  94.1769  134.875  0.39  44.5  43  4.2106  77.85
91.977  66.0771  1930.61  95.1836  174.424  0.38  44.5  43  4.2106  77.85
92.026  66.0771  1964.17  89.7615  8.176  0.37  45.8  43  4.2106  77.85
92.075  66.0771  1804.86  94.5213  142.278  0.4  45.8  43  4.2106  77.85
92.123  66.0771  1816.23  88.8625  36.055  0.4  45.8  43  4.2106  77.85
92.172  66.2059  1805.67  89.9622  1.193  0.4  45.8  43  4.2106  77.85
92.221  66.2059  1830.3  88.8983  35.191  0.4  45.8  43  4.2106  77.85
92.27  66.2059  1811.02  95.8109  183.358  0.4  45.8  43  4.2106  77.85
92.319  66.2059  1861.74  89.5781  13.709  0.39  46.4  43  4.2106  77.85
92.368  66.3347  1913.65  89.5204  16.019  0.38  46.4  43  4.2106  77.85
92.417  66.3347  1826.19  94.0076  127.629  0.4  46.4  43  4.2106  77.85
92.465  66.3347  1858.93  88.5912  45.704  0.39  46.4  43  4.2106  77.85
92.514  66.4635  1917.49  89.3318  22.362  0.38  46.4  43  4.2106  77.85
92.563  66.4635  1813.75  95.7944  183.113  0.4  46.4  43  4.2106  77.85
92.612  66.4635  1879  89.7142  9.372  0.39  44.4  43  4.2106  77.85
92.661  66.4635  1839.56  94.3522  139.598  0.39  44.4  43  4.2106  77.85
92.709  66.5923  1784.74  94.6347  144.211  0.41  44.4  43  4.2106  77.85
92.758  66.5923  1908.64  89.3456  21.797  0.38  44.4  43  4.2106  77.85
92.807  66.5923  1854.5  95.5937  180.766  0.39  44.4  43  4.2106  77.85
92.856  66.5923  1877.3  89.5609  14.387  0.39  44.4  43  4.2106  77.85
92.904  66.7211  1899.07  88.2979  56.409  0.38  43.7  43  4.2106  77.85
92.953  66.7211  1820.92  94.09  129.875  0.4  43.7  43  4.2106  77.85
93.002  66.7211  1890.71  89.7211  9.205  0.38  43.7  43  4.2106  77.85
93.051  66.7211  1931.75  89.2503  25.276  0.37  43.7  43  4.2106  77.85
93.099  66.85  1808.67  95.5997  176.485  0.4  43.7  43  4.2106  77.85
93.149  66.85  1894.94  88.3244  55.409  0.38  43.7  43  4.2106  77.85
93.198  66.85  1942.08  89.8788  4.107  0.37  45.4  43  4.2106  77.85
93.246  66.9788  1885.48  89.5144  15.981  0.38  45.4  43  4.2106  77.85
93.295  66.9788  1842.49  94.357  139.975  0.39  45.4  43  4.2106  77.85
93.344  66.9788  1867.67  95.5609  180.985  0.39  45.4  43  4.2106  77.85
93.393  66.9788  1819.7  94.3958  139.473  0.4  45.4  43  4.2106  77.85
93.441  67.1076  1982.29  89.9507  1.707  0.36  45.4  43  4.2106  77.85
93.49  67.1076  1880.05  96.3054  206.482  0.39  45.4  43  4.2106  77.85
93.539  67.1076  1990.81  89.963  1.285  0.36  46.2  43  4.2106  77.85
93.588  67.1076  2019.02  89.5854  14.608  0.36  46.2  43  4.2106  77.85
93.636  67.2364  1887.28  94.947  162.747  0.38  46.2  43  4.2106  77.85
93.685  67.2364  1835.01  89.9883  0.374  0.39  46.2  43  4.2106  77.85
93.734  67.2364  1921.09  94.8791  163.395  0.38  46.2  43  4.2106  77.85
93.783  67.3652  1802.62  89.9963  0.116  0.4  46.2  43  4.2106  77.85
93.831  67.3652  1921.94  95.0435  168.963  0.38  44.7  43  4.2106  77.85
93.88  67.3652  1918.02  96.1903  206.821  0.38  44.7  43  4.2106  77.85
93.929  67.3652  1815.74  89.9981  0.059  0.4  44.7  43  4.2106  77.85
93.978  67.494  1924.29  94.885  163.867  0.38  44.7  43  4.2106  77.85
94.027  67.494  1892.51  96.3777  210.224  0.38  44.7  43  4.2106  77.85
94.076  67.494  1809.92  90.0122  0.385  0.4  44.7  43  4.2106  77.85
94.125  67.6228  2011.34  89.7801  7.721  0.36  43.7  43  4.2106  77.85
94.173  67.6228  1865.14  95.0392  163.829  0.39  43.7  43  4.2106  77.85
94.222  67.6228  1975.01  89.8751  4.305  0.37  43.7  43  4.2106  77.85
94.271  67.6228  1929.49  95.9348  199.502  0.38  43.7  43  4.2106  77.85
94.32  67.7516  1959.71  89.7852  7.347  0.37  43.7  43  4.2106  77.85
94.369  67.7516  1917.92  94.8764  163.038  0.38  43.7  43  4.2106  77.85
94.417  67.7516  1918.91  96.0418  201.974  0.38  45.3  43  4.2106  77.85
94.466  67.7516  1892.2  95.3193  175.42  0.38  45.3  43  4.2106  77.85
94.515  67.8804  1924.19  95.1739  173.523  0.38  45.3  43  4.2106  77.85
94.564  67.8804  1894.7  94.9005  161.854  0.38  45.3  43  4.2106  77.85
94.612  67.8804  1884.98  93.9503  129.859  0.38  45.3  43  4.2106  77.85
94.662  67.8804  2016.31  89.6384  12.725  0.36  45.3  43  4.2106  77.85
94.711  68.0092  1888.92  96.2561  205.841  0.39  45.3  43  4.2106  77.85
94.759  68.0092  1989.5  89.8755  4.323  0.36  45.3  43  4.2106  77.85
94.808  68.0092  1930.08  94.7753  160.675  0.38  45.3  43  4.2106  77.85
94.857  68.138  1882.06  95.4276  178.021  0.39  45.3  43  4.2106  77.85
94.906  68.138  2007.31  89.8599  4.909  0.36  45.3  43  4.2106  77.85
94.955  68.138  1920.88  96.1267  205.009  0.38  45.3  43  4.2106  77.85
95.004  68.138  1880.59  95.4365  178.171  0.39  46.5  43  4.2106  77.85
95.052  68.2668  2024.44  89.479  18.408  0.36  46.5  43  4.2106  77.85
95.101  68.2668  1894.48  96.1308  202.328  0.38  46.5  43  4.2106  77.85
95.15  68.2668  1906.96  95.1825  172.252  0.38  46.5  43  4.2106  77.85
95.199  68.2668  2004.53  89.6234  13.174  0.36  46.5  43  4.2106  77.85
95.248  68.3956  1876.53  94.9207  160.961  0.39  46.5  43  4.2106  77.85
95.297  68.3956  1979.54  89.8515  5.132  0.37  44.9  43  4.2106  77.85
95.345  68.3956  1919.81  94.935  165.152  0.38  44.9  43  4.2106  77.85
95.394  68.5244  1877.87  95.4997  179.977  0.39  44.9  43  4.2106  77.85
95.443  68.5244  1929.16  94.9032  164.89  0.38  44.9  43  4.2106  77.85
95.492  68.5244  1917.6  96.097  203.671  0.38  44.9  43  4.2106  77.85
95.54  68.5244  1879.48  95.2087  170.625  0.39  44.9  43  4.2106  77.85
95.589  68.6532  1930.13  95.09  171.243  0.38  45.6  43  4.2106  77.85
95.638  68.6532  1961.73  89.9618  1.309  0.37  45.6  43  4.2106  77.85
95.687  68.6532  1959.61  88.9771  34.983  0.37  45.6  43  4.2106  77.85
95.735  68.6532  1917.84  94.5638  152.601  0.38  45.6  43  4.2106  77.85
95.784  68.782  1874.07  95.0298  164.306  0.39  45.6  43  4.2106  77.85
95.833  68.782  1995.63  89.8437  5.444  0.36  45.6  43  4.2106  77.85
95.882  68.782  2005.53  89.8485  5.303  0.36  45.6  43  4.2106  77.85
95.931  68.9108  1982.66  89.9474  1.819  0.36  45.6  43  4.2106  77.85
95.98  68.9108  1925.02  95.0248  168.606  0.38  45.6  43  4.2106  77.85
96.028  68.9108  1923.47  96.3521  212.81  0.38  45.6  43  4.2106  77.85
96.077  68.9108  1872.35  94.1301  134.85  0.39  45.6  43  4.2106  77.85
96.126  69.0396  1934.78  95.0619  170.71  0.38  45.6  43  4.2106  77.85
96.175  69.0396  1885.57  94.9106  161.407  0.39  45.6  43  4.2106  77.85
96.224  69.0396  2005.77  89.9997  0.009  0.36  45.3  43  4.2106  77.85
96.273  69.0396  1939.15  94.6705  157.896  0.37  45.3  43  4.2106  77.85
96.321  69.1684  1886.81  94.8557  159.711  0.38  45.3  43  4.2106  77.85
96.37  69.1684  2008.82  89.9842  0.553  0.36  45.3  43  4.2106  77.85
96.419  69.1684  1917.06  94.7125  157.497  0.38  45.3  43  4.2106  77.85
96.468  69.2973  1871.38  95.3986  176.067  0.39  45.3  43  4.2106  77.85
96.517  69.2973  2004.62  89.912  3.079  0.36  44.9  43  4.2106  77.85
96.565  69.2973  1896.18  96.1685  203.751  0.38  44.9  43  4.2106  77.85
96.614  69.2973  1821.6  89.9865  0.428  0.4  44.9  43  4.2106  77.85
96.663  69.4261  2021.13  89.9046  3.364  0.36  44.9  43  4.2106  77.85
96.712  69.4261  1887.64  96.3103  207.475  0.39  44.9  43  4.2106  77.85
96.76  69.4261  1815.89  90.0521  1.65  0.4  44.9  43  4.2106  77.85
96.809  69.5549  2005.81  89.7319  9.384  0.36  45.9  43  4.2106  77.85
96.858  69.5549  1872.61  95.0389  164.475  0.39  45.9  43  4.2106  77.85
96.907  69.5549  1908.57  94.8868  162.585  0.38  45.9  43  4.2106  77.85
96.955  69.5549  1921.58  94.9721  166.543  0.38  45.9  43  4.2106  77.85
97.004  69.6837  1876.77  95.2722  172.451  0.39  45.9  43  4.2106  77.85
97.053  69.6837  2010.13  89.9605  1.385  0.36  45.9  43  4.2106  77.85
97.102  69.6837  1897  96.3531  209.914  0.38  45.4  43  4.2106  77.85
97.15  69.6837  1896.55  94.9616  164.029  0.38  45.4  43  4.2106  77.85
97.199  69.8125  1934.54  95.0151  169.113  0.38  45.4  43  4.2106  77.85
97.248  69.8125  1881.84  95.075  166.467  0.39  45.4  43  4.2106  77.85
97.297  69.8125  1823.16  90.0142  0.45  0.4  45.4  43  4.2106  77.85
97.345  69.9413  2011.76  89.8163  6.449  0.36  45.4  43  4.2106  77.85
97.394  69.9413  1958.23  89.7931  7.072  0.37  45.6  43  4.2106  77.85
97.443  69.9413  2011.87  89.9687  1.1  0.36  45.6  43  4.2106  77.85
97.492  69.9413  1915.16  96.2537  208.621  0.38  45.6  43  4.2106  77.85
97.541  70.0701  1961.2  89.7773  7.622  0.37  45.6  43  4.2106  77.85
97.589  70.0701  2017.97  89.9207  2.794  0.36  45.6  43  4.2106  77.85
97.638  70.0701  1905.42  94.8809  162.121  0.38  45.6  43  4.2106  77.85
97.687  70.0701  1986.79  90.0213  0.738  0.36  43.1  43  4.2106  77.85
97.736  70.1989  2021.73  89.5323  16.503  0.36  43.1  43  4.2106  77.85
97.785  70.1989  1894.22  94.8088  158.795  0.38  43.1  43  4.2106  77.85
97.833  70.1989  1895.85  93.9711  131.293  0.38  43.1  43  4.2106  77.85
97.882  70.1989  1996.53  89.7804  7.652  0.36  43.1  43  4.2106  77.85
97.931  70.3277  1809.87  89.9934  0.207  0.4  43.1  43  4.2106  77.85
97.98  70.3277  2001.1  89.8918  3.779  0.36  43.1  43  4.2106  77.85
98.029  70.3277  1915.29  94.6758  156.128  0.38  43.1  43  4.2106  77.85
98.078  70.4565  1873.85  95.2901  172.765  0.39  43.1  43  4.2106  77.85
98.126  70.4565  1922.51  94.848  162.477  0.38  43.1  43  4.2106  77.85
98.175  70.4565  1890.93  95.0657  166.965  0.38  43.1  43  4.2106  77.85
98.224  70.4565  1814.25  89.9895  0.334  0.4  43.1  43  4.2106  77.85
98.273  70.5853  2028.94  89.572  15.157  0.36  44.1  43  4.2106  77.85
98.322  70.5853  1882.39  94.8836  160.251  0.39  44.1  43  4.2106  77.85
98.371  70.5853  1963  88.9954  34.418  0.37  44.1  43  4.2106  77.85
98.419  70.7141  1928.83  94.5421  152.746  0.38  44.1  43  4.2106  77.85
98.468  70.7141  1794.09  90.0413  1.294  0.4  44.1  43  4.2106  77.85
98.517  70.7141  1994.51  89.8876  3.913  0.36  44.1  43  4.2106  77.85
98.566  70.7141  1902.89  94.9917  165.573  0.38  44.1  43  4.2106  77.85
98.614  70.8429  1954.2  89.8518  5.054  0.37  44.7  43  4.2106  77.85
98.663  70.8429  1919.21  94.8205  161.281  0.38  44.7  43  4.2106  77.85
98.712  70.8429  1908.16  96.4347  213.849  0.38  44.7  43  4.2106  77.85
98.761  70.8429  1820.14  89.9942  0.185  0.4  44.7  43  4.2106  77.85
98.809  70.9717  2023.56  89.4059  20.981  0.36  44.7  43  4.2106  77.85
98.858  70.9717  1879.65  96.2139  203.455  0.39  44.7  43  4.2106  77.85
98.907  70.9717  2013.87  89.9966  0.121  0.36  46.7  43  4.2106  77.85
98.956  71.1005  1931.48  96.02  202.564  0.38  46.7  43  4.2106  77.85
99.004  71.1005  1981.18  89.9551  1.552  0.37  46.7  43  4.2106  77.85
99.053  71.1005  1917.92  94.8764  163.038  0.38  46.7  43  4.2106  77.85
99.102  71.1005  1985.11  89.9158  2.917  0.36  46.7  43  4.2106  77.85
99.151  71.2293  1863.7  95.3523  173.845  0.39  46.7  43  4.2106  77.85
99.2  71.2293  1920.17  95.0064  167.566  0.38  44.5  43  4.2106  77.85
99.248  71.2293  1888.76  94.9377  162.57  0.38  44.5  43  4.2106  77.85
99.297  71.2293  1820.33  90.0646  2.051  0.4  44.5  43  4.2106  77.85
99.346  71.3581  2005.1  89.8124  6.567  0.36  44.5  43  4.2106  77.85
99.395  71.3581  1883.54  95.1115  167.811  0.39  44.5  43  4.2106  77.85
99.443  71.3581  1972.11  88.8281  40.334  0.37  44.5  43  4.2106  77.85
99.492  71.3581  1937.49  95.9383  200.448  0.38  46  43  4.2106  77.85
99.541  71.4869  1879.34  95.4909  179.83  0.39  46  43  4.2106  77.85
99.59  71.4869  1973.87  88.9707  35.459  0.37  46  43  4.2106  77.85
99.638  71.4869  1904.73  96.3583  210.94  0.38  46  43  4.2106  77.85
99.687  71.6157  1872.39  95.299  172.921  0.39  46  43  4.2106  77.85
99.736  71.6157  1924.54  94.9316  165.446  0.38  46  43  4.2106  77.85
99.785  71.6157  1894.89  96.223  205.402  0.38  44.2  43  4.2106  77.85
99.833  71.6157  1876.71  94.1006  134.199  0.39  44.2  43  4.2106  77.85
99.882  71.7446  1923.96  95.1273  171.943  0.38  44.2  43  4.2106  77.85
99.931  71.7446  1963.09  89.8048  6.688  0.37  44.2  43  4.2106  77.85
99.98  71.7446  1971.31  89.0235  33.594  0.37  44.2  43  4.2106  77.85
100.028  71.7446  1928.38  96.0372  202.815  0.38  44.2  43  4.2106  77.85
100.077  71.8734  1956.88  89.9497  1.718  0.37  45.2  43  4.2106  77.85
100.126  71.8734  1981.56  88.8111  41.115  0.37  45.2  43  4.2106  77.85
100.175  71.8734  1900.91  94.909  162.668  0.38  45.2  43  4.2106  77.85
100.223  72.0022  1963.49  89.8402  5.478  0.37  45.2  43  4.2106  77.85
100.272  72.0022  1940.28  94.8833  165.17  0.37  45.2  43  4.2106  77.85
100.321  72.0022  1895.95  94.8453  160.141  0.38  45.2  43  4.2106  77.85
100.37  72.0022  1978.03  89.8594  4.855  0.37  44.5  43  4.2106  77.85
100.418  72.131  2010.31  89.5542  15.641  0.36  44.5  43  4.2106  77.85
100.467  72.131  1886.03  95.0019  164.44  0.39  44.5  43  4.2106  77.85
100.516  72.131  1975.55  88.8462  39.778  0.37  44.5  43  4.2106  77.85
100.565  72.131  2003.55  89.8204  6.281  0.36  44.5  43  4.2106  77.85
100.614  72.2598  1865.79  95.4791  178.151  0.39  44.5  43  4.2106  77.85
100.662  72.2598  1930.21  94.8003  161.526  0.38  45.3  43  4.2106  77.85
100.711  72.2598  1904.7  94.7426  157.481  0.38  45.3  43  4.2106  77.85
100.76  72.3886  1871.16  95.3533  174.572  0.39  45.3  43  4.2106  77.85
100.809  72.3886  1923.24  94.9876  167.207  0.38  45.3  43  4.2106  77.85
100.857  72.3886  1890.21  96.2019  204.202  0.38  45.3  43  4.2106  77.85
100.907  72.3886  1873.41  95.1993  169.768  0.39  45.3  43  4.2106  77.85
100.955  72.5174  2001.16  89.7562  8.514  0.36  45.3  43  4.2106  77.85
101.004  72.5174  1871.69  94.8577  158.498  0.39  45.2  43  4.2106  77.85
101.053  72.5174  1965.1  88.9072  37.479  0.37  45.2  43  4.2106  77.85
101.102  72.5174  1926.39  95.9521  199.761  0.38  45.2  43  4.2106  77.85
101.151  72.6462  1967.48  89.9889  0.382  0.37  45.2  43  4.2106  77.85
101.2  72.6462  1920.74  94.811  161.092  0.38  45.2  43  4.2106  77.85
101.249  72.6462  1920.18  96.322  211.442  0.38  45.2  43  4.2106  77.85
101.298  72.6462  1887.63  95.0171  165.08  0.38  45  43  4.2106  77.85
101.346  72.775  1937.16  94.9024  165.547  0.37  45  43  4.2106  77.85
101.395  72.775  1882.59  96.1974  203.234  0.39  45  43  4.2106  77.85
101.444  72.775  1849.63  94.0528  130.723  0.39  45  43  4.2106  77.85
101.493  72.9038  2009.44  89.4817  18.178  0.36  45  43  4.2106  77.85
101.541  72.9038  1811.31  89.9859  0.447  0.4  45  43  4.2106  77.85
101.59  72.9038  2004.25  90.0075  0.261  0.36  46.4  43  4.2106  77.85
101.639  72.9038  1907.64  95.0099  166.591  0.38  46.4  43  4.2106  77.85
101.688  73.0326  1937.72  89.902  3.316  0.37  46.4  43  4.2106  77.85
101.736  73.0326  1904.52  95.0071  166.225  0.38  46.4  43  4.2106  77.85
101.785  73.0326  1907.17  94.9176  163.488  0.38  46.4  43  4.2106  77.85
101.834  73.1614  1866.37  95.2893  172.052  0.39  46.4  43  4.2106  77.85
101.883  73.1614  1934.86  94.7715  160.945  0.38  46.2  43  4.2106  77.85
101.932  73.1614  1892.5  94.7725  157.454  0.38  46.2  43  4.2106  77.85
101.98  73.1614  1871.85  94.0399  131.874  0.39  46.2  43  4.2106  77.85
102.029  73.2902  1996.11  89.7444  8.904  0.36  46.2  43  4.2106  77.85
102.078  73.2902  1808.44  90.001  0.032  0.4  46.2  43  4.2106  77.85
102.127  73.2902  1839.55  90.0008  0.025  0.39  46.2  43  4.2106  77.85
102.175  73.2902  1903.68  94.8442  160.759  0.38  44.3  43  4.2106  77.85
102.224  73.419  1874.07  95.3355  174.264  0.39  44.3  43  4.2106  77.85
102.273  73.419  2023.86  89.852  5.226  0.36  44.3  43  4.2106  77.85
102.322  73.419  1905.83  96.2573  207.722  0.38  44.3  43  4.2106  77.85
102.37  73.5478  1859.84  94.0289  130.67  0.39  44.3  43  4.2106  77.85
102.419  73.5478  1925.34  94.7824  160.518  0.38  44.3  43  4.2106  77.85
102.468  73.5478  1884.18  96.5642  215.392  0.39  45.8  43  4.2106  77.85
102.517  73.5478  1999.25  89.9952  0.169  0.36  45.8  43  4.2106  77.85
102.565  73.6766  1914.5  94.8242  161.007  0.38  45.8  43  4.2106  77.85
102.614  73.6766  1874.07  95.0298  164.306  0.39  45.8  43  4.2106  77.85
102.663  73.6766  1833.53  89.996  0.128  0.39  45.8  43  4.2106  77.85
102.712  73.6766  1918.64  96.3303  211.55  0.38  45.8  43  4.2106  77.85
102.761  73.8054  1958.64  89.8284  5.868  0.37  45  43  4.2106  77.85
102.81  73.8054  1908.57  94.8868  162.585  0.38  45  43  4.2106  77.85
102.859  73.8054  1900.48  96.0972  201.86  0.38  45  43  4.2106  77.85
102.907  73.9342  1866.32  94.1243  134.226  0.39  45  43  4.2106  77.85
102.956  73.9342  1914.87  94.8954  163.408  0.38  45  43  4.2106  77.85
103.005  73.9342  1868.48  95.1115  166.469  0.39  45  43  4.2106  77.85
103.054  73.9342  1873.05  93.9849  130.164  0.39  44.8  43  4.2106  77.85
103.103  74.063  1929.58  94.6819  157.501  0.38  44.8  43  4.2106  77.85
103.151  74.063  1987.58  89.9595  1.404  0.36  44.8  43  4.2106  77.85
103.2  74.063  1889.66  93.9657  130.686  0.38  44.8  43  4.2106  77.85
103.249  74.063  1906.13  95.0192  166.767  0.38  44.8  43  4.2106  77.85
103.298  74.1919  1871.6  95.444  177.563  0.39  44.8  43  4.2106  77.85
103.346  74.1919  2004.91  89.7956  7.153  0.36  45.8  43  4.2106  77.85
103.395  74.1919  1914.75  96.1605  205.48  0.38  45.8  43  4.2106  77.85
103.444  74.3207  1993.23  90.0259  0.902  0.36  45.8  43  4.2106  77.85
103.493  74.3207  1995.26  89.6724  11.407  0.36  45.8  43  4.2106  77.85
103.541  74.3207  1989.99  90.0223  0.775  0.36  45.8  43  4.2106  77.85
103.591  74.3207  2012.34  90.0043  0.153  0.36  45.8  43  4.2106  77.85
103.639  74.4495  1919.32  94.8421  162.01  0.38  45.8  43  4.2106  77.85
103.688  74.4495  1880.83  95.1752  169.654  0.39  45.4  43  4.2106  77.85
103.737  74.4495  2013.4  89.9609  1.375  0.36  45.4  43  4.2106  77.85
103.786  74.4495  1908.92  94.9544  164.859  0.38  45.4  43  4.2106  77.85
103.834  74.5783  1870.65  94.0948  133.579  0.39  45.4  43  4.2106  77.85
103.883  74.5783  1925.26  95.0714  170.187  0.38  45.4  43  4.2106  77.85
103.932  74.5783  1906.24  96.35  210.835  0.38  45.4  43  4.2106  77.85
103.981  74.7071  1895.52  95.0626  167.27  0.38  45.2  43  4.2106  77.85
104.03  74.7071  2027.61  89.4621  19.034  0.36  45.2  43  4.2106  77.85
104.078  74.7071  1895.86  95.1298  169.515  0.38  45.2  43  4.2106  77.85
104.127  74.7071  1983.96  88.874  38.988  0.36  45.2  43  4.2106  77.85
104.176  74.8359  2016.04  89.7557  8.596  0.36  45.2  43  4.2106  77.85
104.225  74.8359  1994.48  89.9993  0.024  0.36  45.2  43  4.2106  77.85
104.274  74.8359  2013.56  89.8277  6.055  0.36  45.5  43  4.2106  77.85
104.322  74.8359  1930.57  96.1694  207.476  0.38  45.5  43  4.2106  77.85
104.371  74.9647  1896.44  95.2463  173.407  0.38  45.5  43  4.2106  77.85
104.42  74.9647  1944.98  94.8546  164.597  0.37  45.5  43  4.2106  77.85
104.469  74.9647  1903.12  95.0378  167.118  0.38  45.5  43  4.2106  77.85
104.518  75.0935  1892.08  94.9894  164.558  0.38  45.5  43  4.2106  77.85
104.567  75.0935  2009.44  89.4817  18.178  0.36  46.7  43  4.2106  77.85
104.616  75.0935  1898.46  94.7346  156.701  0.38  46.7  43  4.2106  77.85
104.664  75.0935  1982.71  89.0347  33.402  0.36  46.7  43  4.2106  77.85
104.713  75.2223  1936.57  94.493  151.706  0.37  46.7  43  4.2106  77.85
104.762  75.2223  1977.25  89.6541  11.938  0.37  46.7  43  4.2106  77.85
104.811  75.2223  1983.34  88.9544  36.192  0.36  46.7  43  4.2106  77.85
104.859  75.2223  1924.85  95.9607  199.889  0.38  45.4  43  4.2106  77.85
104.908  75.3511  1898.28  94.9982  165.388  0.38  45.4  43  4.2106  77.85
104.957  75.3511  2020.7  89.8682  4.648  0.36  45.4  43  4.2106  77.85
105.006  75.3511  1889.45  95.0749  167.136  0.38  45.4  43  4.2106  77.85
105.054  75.4799  2014.34  90.0323  1.135  0.36  45.4  43  4.2106  77.85
105.103  75.4799  2025.14  89.3974  21.297  0.36  45.4  43  4.2106  77.85
105.152  75.4799  1888.76  94.9377  162.57  0.38  44.6  43  4.2106  77.85
105.201  75.4799  1991.73  89.7878  7.377  0.36  44.6  43  4.2106  77.85
105.25  75.6087  1942.53  94.698  159.1  0.37  44.6  43  4.2106  77.85
105.298  75.6087  1888.99  94.9834  164.091  0.38  44.6  43  4.2106  77.85
105.347  75.6087  1847.11  89.9979  0.069  0.39  44.6  43  4.2106  77.85
105.396  75.6087  1926.83  96.0458  202.939  0.38  44.6  43  4.2106  77.85
105.445  75.7375  1875.31  95.2811  172.608  0.39  44.4  43  4.2106  77.85
105.493  75.7375  2014.7  89.7833  7.62  0.36  44.4  43  4.2106  77.85
105.542  75.7375  1898.7  94.7806  158.237  0.38  44.4  43  4.2106  77.85
105.591  75.8663  1883.52  93.9603  130.086  0.39  44.4  43  4.2106  77.85
105.64  75.8663  2009.62  89.635  12.802  0.36  44.4  43  4.2106  77.85
105.689  75.8663  1811.31  89.9859  0.447  0.4  44.4  43  4.2106  77.85
105.737  75.8663  1994.79  89.7718  7.946  0.36  43.7  43  4.2106  77.85
105.786  75.9951  1921.89  94.7301  158.483  0.38  43.7  43  4.2106  77.85
105.835  75.9951  1872.83  95.3898  175.916  0.39  43.7  43  4.2106  77.85
105.884  75.9951  2012.84  89.9083  3.22  0.36  43.7  43  4.2106  77.85
105.932  75.9951  1931.7  96.0669  204.161  0.38  43.7  43  4.2106  77.85
105.981  76.1239  1879.25  95.1631  169.118  0.39  43.7  43  4.2106  77.85
106.03  76.1239  1937.16  94.9024  165.547  0.37  43.7  43  4.2106  77.85
106.079  76.1239  1906.72  96.1098  202.939  0.38  44.6  43  4.2106  77.85
106.127  76.2527  1972.11  88.8281  40.334  0.37  44.6  43  4.2106  77.85
106.176  76.2527  2024  89.4425  19.695  0.36  44.6  43  4.2106  77.85
106.225  76.2527  1881.84  95.075  166.467  0.39  44.6  43  4.2106  77.85
106.274  76.2527  2042.19  90.0074  0.263  0.35  44.6  43  4.2106  77.85
106.323  76.3815  1928.83  94.5421  152.746  0.38  44.6  43  4.2106  77.85
106.372  76.3815  1893.23  95.2186  172.2  0.38  46  43  4.2106  77.85
106.42  76.3815  1932.01  94.8374  162.924  0.38  46  43  4.2106  77.85
106.469  76.3815  1923.67  94.767  159.865  0.38  46  43  4.2106  77.85
106.518  76.5103  1886.15  95.0263  165.253  0.39  46  43  4.2106  77.85
106.567  76.5103  1948.63  94.9296  167.449  0.37  46  43  4.2106  77.85
106.615  76.5103  1912.19  94.9819  166.057  0.38  46  43  4.2106  77.85
106.664  76.5103  2017.41  90.0168  0.59  0.36  46.7  43  4.2106  77.85
106.713  76.6392  2013.87  89.5739  14.975  0.36  46.7  43  4.2106  77.85
106.762  76.6392  1978.22  89.8759  4.285  0.37  46.7  43  4.2106  77.85
106.81  76.6392  1989.86  88.9554  36.275  0.36  46.7  43  4.2106  77.85
106.859  76.768  1925.21  94.7574  159.672  0.38  46.7  43  4.2106  77.85
106.908  76.768  1964.98  89.8323  5.751  0.37  46.7  43  4.2106  77.85
106.957  76.768  2018.98  89.7225  9.779  0.36  43.1  43  4.2106  77.85
107.005  76.768  1984  89.9594  1.406  0.36  43.1  43  4.2106  77.85
107.054  76.8968  1878.01  95.2177  170.787  0.39  43.1  43  4.2106  77.85
107.103  76.8968  1917.83  95.1644  172.63  0.38  43.1  43  4.2106  77.85
107.152  76.8968  1888.63  96.5401  215.113  0.39  43.1  43  4.2106  77.85
107.201  76.8968  1966.41  89.9575  1.459  0.37  43.1  43  4.2106  77.85
107.25  77.0256  2008.22  89.7962  7.142  0.36  45.7  43  4.2106  77.85
107.299  77.0256  1862.7  95.1476  167.123  0.39  45.7  43  4.2106  77.85
107.347  77.0256  1969.14  87.846  74.01  0.37  45.7  43  4.2106  77.85
107.396  77.1544  1944.6  94.7823  162.121  0.37  45.7  43  4.2106  77.85
107.445  77.1544  1883.09  95.3274  174.84  0.39  45.7  43  4.2106  77.85
107.494  77.1544  2038.08  89.9508  1.751  0.35  45.7  43  4.2106  77.85
107.542  77.1544  1911.28  96.0844  202.582  0.38  45.7  43  4.2106  77.85
107.591  77.2832  2006.24  90.0353  1.235  0.36  45.7  43  4.2106  77.85
107.64  77.2832  1927.62  94.9127  165.076  0.38  45.7  43  4.2106  77.85
107.689  77.2832  1910.91  95.0375  167.793  0.38  45.7  43  4.2106  77.85
107.737  77.412  1968.07  88.8899  38.13  0.37  45.7  43  4.2106  77.85
107.786  77.412  1953.12  94.8536  165.253  0.37  45.7  43  4.2106  77.85
107.835  77.412  1881.61  95.0294  164.957  0.39  46.7  43  4.2106  77.85
107.884  77.412  1991.56  88.8299  40.668  0.36  46.7  43  4.2106  77.85
107.932  77.5408  1938.09  94.7739  161.297  0.37  46.7  43  4.2106  77.85
107.981  77.5408  1878.46  95.3087  173.799  0.39  46.7  43  4.2106  77.85
108.03  77.5408  2008.3  88.8497  40.318  0.36  46.7  43  4.2106  77.85
108.079  77.5408  1921.09  94.8791  163.395  0.38  46.7  43  4.2106  77.85
108.128  77.6696  2006.24  90.0353  1.235  0.36  44.6  43  4.2106  77.85
108.176  77.6696  1936.34  95.0525  170.531  0.38  44.6  43  4.2106  77.85
108.225  77.6696  1894.37  95.139  169.683  0.38  44.6  43  4.2106  77.85
108.274  77.7984  2010.81  90.0121  0.425  0.36  44.6  43  4.2106  77.85
108.323  77.7984  2021.19  89.7677  8.196  0.36  44.6  43  4.2106  77.85
108.372  77.7984  1997.96  90.0193  0.673  0.36  44.6  43  4.2106  77.85
108.42  77.7984  1980.32  88.9718  35.537  0.37  43.8  43  4.2106  77.85
108.469  77.9272  1912.42  95.0282  167.617  0.38  43.8  43  4.2106  77.85
108.518  77.9272  1883.54  95.4187  177.87  0.39  43.8  43  4.2106  77.85
108.567  77.9272  2000.68  89.8557  5.037  0.36  43.8  43  4.2106  77.85
108.615  77.9272  1914.75  96.1605  205.48  0.38  43.8  43  4.2106  77.85
108.665  78.056  1892.31  95.0352  166.085  0.38  43.8  43  4.2106  77.85
108.713  78.056  1936.34  95.0525  170.531  0.38  43.8  43  4.2106  77.85
108.762  78.056  1879.17  96.4508  211.124  0.39  41  43  4.2106  77.85
108.811  78.056  1829.11  90.019  0.606  0.4  41  43  4.2106  77.85
108.86  78.1848  2008.92  89.7157  9.969  0.36  41  43  4.2106  77.85
108.908  78.1848  1895.23  94.7078  155.548  0.38  41  43  4.2106  77.85
108.957  78.1848  1999.84  89.7836  7.552  0.36  41  43  4.2106  77.85
109.006  78.3136  1935.23  94.84  163.282  0.38  41  43  4.2106  77.85
109.055  78.3136  1962.01  89.848  5.205  0.37  42.4  43  4.2106  77.85
109.103  78.3136  2050.1  89.9678  1.152  0.35  42.4  43  4.2106  77.85
109.152  78.3136  1906.24  96.35  210.835  0.38  42.4  43  4.2106  77.85
109.201  78.4424  1874.42  95.0995  166.607  0.39  42.4  43  4.2106  77.85
109.25  78.4424  1922.18  95.0901  170.539  0.38  42.4  43  4.2106  77.85
109.298  78.4424  1885.02  95.1023  167.643  0.39  42.4  43  4.2106  77.85
109.347  78.5712  1874.76  94.0201  131.431  0.39  40.4  43  4.2106  77.85
109.396  78.5712  2002  89.8284  5.995  0.36  40.4  43  4.2106  77.85
109.445  78.5712  1951.66  89.9025  3.32  0.37  40.4  43  4.2106  77.85
109.493  78.5712  2023.58  89.9856  0.51  0.36  40.4  43  4.2106  77.85
109.542  78.7  1920.88  96.1267  205.009  0.38  40.4  43  4.2106  77.85
109.591  78.7  1865.36  95.3887  175.178  0.39  40.4  43  4.2106  77.85
109.64  78.7  2019.55  89.9127  3.078  0.36  40.5  43  4.2106  77.85
109.689  78.7  1901.35  94.4058  146.062  0.38  40.5  43  4.2106  77.85
109.737  78.8288  1972.81  89.9619  1.312  0.37  40.5  43  4.2106  77.85
109.786  78.8288  1923.96  95.1273  171.943  0.38  40.5  43  4.2106  77.85
109.835  78.8288  1870.15  95.1477  167.796  0.39  40.5  43  4.2106  77.85
109.884  78.9576  2009.28  90.0198  0.696  0.36  40.5  43  4.2106  77.85
109.933  78.9576  1917.55  94.8052  160.63  0.38  40.3  43  4.2106  77.85
109.982  78.9576  1954.87  89.7736  7.726  0.37  40.3  43  4.2106  77.85
110.03  78.9576  1844.22  90.049  1.577  0.39  40.3  43  4.2106  77.85
110.079  79.0865  1924.46  94.6178  154.937  0.38  40.3  43  4.2106  77.85
110.128  79.0865  1950.18  89.9103  3.054  0.37  40.3  43  4.2106  77.85
110.176  79.0865  1938.97  94.9398  166.962  0.37  40.3  43  4.2106  77.85
110.225  79.0865  1922.2  96.0714  203.308  0.38  38.8  43  4.2106  77.85
110.274  79.2153  1961.76  89.1541  28.962  0.37  38.8  43  4.2106  77.85
110.323  79.2153  2014.56  89.4929  17.829  0.36  38.8  43  4.2106  77.85
110.372  79.2153  1907.71  94.7236  157.099  0.38  38.8  43  4.2106  77.85
110.42  79.2153  1992.56  89.8596  4.882  0.36  38.8  43  4.2106  77.85
110.469  79.3441  1929.83  94.7286  159.088  0.38  38.8  43  4.2106  77.85
110.518  79.3441  1879.45  94.9021  160.607  0.39  39.8  43  4.2106  77.85
110.567  79.3441  1925.83  94.8755  163.679  0.38  39.8  43  4.2106  77.85
110.616  79.4729  1934.59  96.0027  202.311  0.38  39.8  43  4.2106  77.85
110.664  79.4729  1880.15  95.3453  175.151  0.39  39.8  43  4.2106  77.85
110.713  79.4729  1949.12  95.024  170.689  0.37  39.8  43  4.2106  77.85
110.762  79.4729  1909.39  95.0468  167.969  0.38  39.8  43  4.2106  77.85
110.811  79.6017  1888.18  93.9757  130.914  0.38  40  43  4.2106  77.85
110.86  79.6017  2030.09  89.527  16.76  0.36  40  43  4.2106  77.85
110.908  79.6017  1888.29  94.8463  159.529  0.38  40  43  4.2106  77.85
110.957  79.6017  1990.2  89.7958  7.093  0.36  40  43  4.2106  77.85
111.006  79.7305  1942.81  94.4535  150.858  0.37  40  43  4.2106  77.85
111.055  79.7305  1894.49  95.1636  170.504  0.38  40  43  4.2106  77.85
111.104  79.7305  2022.84  89.6249  13.244  0.36  40  43  4.2106  77.85
111.152  79.8593  1916.32  94.5735  152.803  0.38  38.5  43  4.2106  77.85
111.201  79.8593  1882.31  94.0156  131.816  0.39  38.5  43  4.2106  77.85
111.25  79.8593  2045.34  89.9916  0.3  0.35  38.5  43  4.2106  77.85
111.299  79.8593  1905.18  94.8348  160.574  0.38  38.5  43  4.2106  77.85
111.348  79.9881  1997.28  89.9675  1.134  0.36  38.5  43  4.2106  77.85
111.397  79.9881  1950.7  95.0145  170.505  0.37  38.5  43  4.2106  77.85
111.446  79.9881  2000.51  89.9684  1.102  0.36  39.8  43  4.2106  77.85
111.494  79.9881  1979.25  89.0162  33.984  0.37  39.8  43  4.2106  77.85
111.543  80.1169  2005.53  89.8485  5.303  0.36  39.8  43  4.2106  77.85
111.592  80.1169  1954.6  89.887  3.854  0.37  39.8  43  4.2106  77.85
111.641  80.1169  2035  89.7951  7.277  0.36  39.8  43  4.2106  77.85
111.69  80.2457  1911.71  94.8894  162.939  0.38  39.8  43  4.2106  77.85
111.739  80.2457  1895.06  94.9709  164.206  0.38  43.2  43  4.2106  77.85
111.788  80.2457  2018.14  89.5126  17.168  0.36  43.2  43  4.2106  77.85
111.836  80.2457  1920.59  96.4155  214.603  0.38  43.2  43  4.2106  77.85
111.885  80.3745  1999.25  89.9952  0.169  0.36  43.2  43  4.2106  77.85
111.934  80.3745  2010.05  89.6713  11.532  0.36  43.2  43  4.2106  77.85
111.983  80.3745  1889.29  94.7456  156.304  0.38  43.2  43  4.2106  77.85
112.032  80.3745  1994.51  89.8876  3.913  0.36  40.9  43  4.2106  77.85
112.08  80.5033  1930.88  94.6256  155.714  0.38  40.9  43  4.2106  77.85
112.129  80.5033  1893.46  95.2645  173.73  0.38  40.9  43  4.2106  77.85
112.178  80.5033  2017.41  89.7307  9.483  0.36  40.9  43  4.2106  77.85
112.227  80.6321  1916.51  94.9074  163.95  0.38  40.9  43  4.2106  77.85
112.275  80.6321  1886.49  95.401  177.566  0.39  40.9  43  4.2106  77.85
112.324  80.6321  1941.1  94.7328  160.16  0.37  40.3  43  4.2106  77.85
112.373  80.6321  1885.8  94.9562  162.923  0.39  40.3  43  4.2106  77.85
112.422  80.7609  1982.99  89.8714  4.452  0.36  40.3  43  4.2106  77.85
112.47  80.7609  2034.42  89.465  18.997  0.36  40.3  43  4.2106  77.85
112.519  80.7609  1997.49  89.9839  0.562  0.36  40.3  43  4.2106  77.85
112.569  80.7609  1893.57  94.9802  164.382  0.38  40.3  43  4.2106  77.85
112.617  80.8897  1932.6  95.9174  199.239  0.38  40  43  4.2106  77.85
112.666  80.8897  1854.5  95.5937  180.766  0.39  40  43  4.2106  77.85
112.715  80.8897  1929.96  94.7536  159.938  0.38  40  43  4.2106  77.85
112.764  81.0185  1905  96.0719  201.503  0.38  40  43  4.2106  77.85
112.812  81.0185  1877.56  95.1267  167.777  0.39  40  43  4.2106  77.85
112.861  81.0185  1916.64  94.9323  164.789  0.38  40  43  4.2106  77.85
112.91  81.0185  1890.47  94.9742  163.916  0.38  39.3  43  4.2106  78.3
112.959  81.1473  2015.87  90.0245  0.863  0.36  39.3  43  4.2106  78.3
113.008  81.1473  2014.9  89.8002  7.028  0.36  39.3  43  4.2106  78.3
113.056  81.1473  1871.83  95.184  169.127  0.39  39.3  43  4.2106  78.3
113.105  81.1473  1992.98  89.8955  3.634  0.36  39.3  43  4.2106  85.4
113.154  81.2761  1913.7  94.9726  165.878  0.38  39.3  43  4.2106  85.4
113.203  81.2761  1863.26  95.262  170.879  0.39  39.2  43  4.2106  92.5999
113.252  81.2761  2013.13  89.7914  7.329  0.36  39.2  43  4.2106  92.5999
113.301  81.2761  1899.65  94.9643  164.387  0.38  39.2  43  4.2106  92.5999
113.35  81.4049  1997.28  89.9675  1.134  0.36  39.2  43  4.2106  92.5999
113.398  81.4049  1929.06  95.1928  174.595  0.38  39.2  43  4.2106  92.5999
113.447  81.4049  1878.12  95.2388  171.485  0.39  39.2  43  4.2106  93.05
113.497  81.5338  1832.15  90.0391  1.25  0.39  39.9  43  4.2106  94.4499
113.546  81.5338  1920.05  94.9814  166.724  0.38  39.9  43  4.2106  94.4499
113.594  81.5338  1966.48  89.8244  6.026  0.37  39.9  43  4.2106  94.4499
113.643  81.5338  2016.94  89.981  0.669  0.36  39.9  43  4.2106  94.4499
113.692  81.6626  1925.94  94.8972  164.413  0.38  39.9  43  4.2106  94.8999
113.741  81.6626  1962.41  89.8833  3.996  0.37  39.9  43  4.2106  94.8999
113.79  81.6626  2000.57  89.5676  15.096  0.36  39.9  43  4.2106  94.9999
113.838  81.7914  1897.6  96.4917  214.542  0.38  38.8  43  4.2106  94.9999
113.887  81.7914  1832.06  90.0037  0.117  0.39  38.8  43  4.2106  94.9999
113.936  81.7914  1939.46  95.0337  170.17  0.37  38.8  43  4.2106  94.9999
113.985  81.7914  1960.12  89.8205  6.14  0.37  38.8  43  4.2106  94.9999
114.034  81.9202  1969.82  89.0321  33.274  0.37  38.8  43  4.2106  94.9999
114.084  81.9202  1904.94  94.7887  159.027  0.38  38.8  43  4.2106  94.9999
114.133  81.9202  1861.46  95.5053  178.585  0.39  40.3  43  4.2106  94.9999
114.181  81.9202  1847.11  89.9979  0.069  0.39  40.3  43  4.2106  94.9999
114.23  82.049  1986.63  89.9079  3.192  0.36  40.3  43  4.2106  94.9999
114.279  82.049  1853.65  95.4139  174.891  0.39  40.3  43  4.2106  94.9999
114.328  82.049  1983.81  89.9428  1.98  0.36  40.3  43  4.2106  94.9999
114.376  82.1778  1898.7  94.7806  158.237  0.38  40.3  43  4.2106  94.9999
114.425  82.1778  1878.01  95.2177  170.787  0.39  39.9  43  4.2106  94.9999
114.474  82.1778  2005.21  89.5428  15.999  0.36  39.9  43  4.2106  94.9999
114.523  82.1778  1814.29  90.0057  0.182  0.4  39.9  43  4.2106  94.9999
114.571  82.3066  1972.18  89.0948  31.158  0.37  39.9  43  4.2106  94.9999
114.62  82.3066  1921.89  94.7301  158.483  0.38  39.9  43  4.2106  94.9999
114.669  82.3066  1966.07  89.789  7.24  0.37  39.9  43  4.2106  94.9999
114.718  82.3066  1917.68  94.8301  161.47  0.38  39.8  43  4.2106  94.9999
114.766  82.4354  1907.64  95.0099  166.591  0.38  39.8  43  4.2106  94.9999
114.815  82.4354  1867.76  94.1145  134.011  0.39  39.8  43  4.2106  94.9999
114.864  82.4354  2032.68  89.8847  4.089  0.36  39.8  43  4.2106  94.9999
114.913  82.5642  1905.9  94.9731  165.218  0.38  39.8  43  4.2106  94.9999
114.962  82.5642  1876.71  94.1006  134.199  0.39  39.8  43  4.2106  94.9999
115.011  82.5642  1936.1  95.0056  168.931  0.38  39.7  43  4.2106  94.9999
115.06  82.5642  2011.62  89.9496  1.771  0.36  39.7  43  4.2106  94.9999
115.108  82.693  1971.67  88.7924  41.551  0.37  39.7  43  4.2106  94.9999
115.157  82.693  1945.12  95.8473  198.164  0.37  39.7  43  4.2106  94.9999
115.206  82.693  1951.26  89.8674  4.516  0.37  39.7  43  4.2106  94.9999
115.255  82.693  2030.26  89.9902  0.348  0.36  39.7  43  4.2106  94.9999
115.303  82.8218  1914.11  96.0209  200.772  0.38  41  43  4.2106  94.9999
115.352  82.8218  1877.41  93.955  129.49  0.39  41  43  4.2106  94.9999
115.401  82.8218  1939.21  94.9867  168.566  0.37  41  43  4.2106  94.9999
115.45  82.9506  1902.17  94.8536  160.943  0.38  41  43  4.2106  94.9999
115.498  82.9506  1897.34  93.961  131.063  0.38  41  43  4.2106  94.9999
115.547  82.9506  1933.71  95.165  174.08  0.38  41  43  4.2106  94.9999
115.596  82.9506  1876.71  96.2304  203.673  0.39  40.3  43  4.2106  94.9999
115.645  83.0794  1974.21  88.7392  43.44  0.37  40.3  43  4.2106  94.9999
115.693  83.0794  1912.25  94.6949  156.519  0.38  40.3  43  4.2106  94.9999
115.742  83.0794  1981.63  89.9902  0.338  0.37  40.3  43  4.2106  94.9999
115.791  83.0794  1998.58  88.8667  39.529  0.36  40.3  43  4.2106  94.9999
115.84  83.2082  1905.66  94.927  163.669  0.38  40.3  43  4.2106  94.9999
115.889  83.2082  1880.72  95.1541  168.953  0.39  38.7  43  4.2106  94.9999
115.937  83.2082  1950.21  94.92  167.26  0.37  38.7  43  4.2106  94.9999
115.986  83.2082  1981.66  89.8958  3.603  0.37  38.7  43  4.2106  94.9999
116.035  83.337  1877.66  94.0002  130.986  0.39  38.7  43  4.2106  94.9999
116.084  83.337  1908.93  95.2658  175.194  0.38  38.7  43  4.2106  94.9999
116.132  83.337  1901.21  94.6697  154.78  0.38  38.7  43  4.2106  94.9999
116.181  83.4658  1993.26  89.7798  7.661  0.36  40.6  43  4.2106  94.9999
116.23  83.4658  1930.14  96.0755  204.284  0.38  40.6  43  4.2106  94.9999
116.279  83.4658  1894.13  95.4022  178.325  0.38  40.6  43  4.2106  94.9999
116.327  83.4658  1995.97  88.9204  37.606  0.36  40.6  43  4.2106  94.9999
116.376  83.5946  1907.22  94.6314  153.999  0.38  40.6  43  4.2106  94.9999
116.425  83.5946  1874.42  95.0995  166.607  0.39  40.6  43  4.2106  94.9999
116.474  83.5946  2023.43  89.8156  6.514  0.36  40.6  43  4.2106  94.9999
116.523  83.5946  1894.46  94.8546  160.324  0.38  39.7  43  4.2106  94.9999
116.571  83.7234  1986.85  89.9271  2.527  0.36  39.7  43  4.2106  94.9999
116.62  83.7234  2001.58  89.7923  7.255  0.36  39.7  43  4.2106  94.9999
116.669  83.7234  2008.56  89.9651  1.222  0.36  39.7  43  4.2106  94.9999
116.718  83.8522  1844.12  90.0133  0.428  0.39  39.7  43  4.2106  94.9999
116.767  83.8522  1926.39  95.9521  199.761  0.38  39.7  43  4.2106  94.9999
116.816  83.8522  1892.64  95.4111  178.479  0.38  41.2  43  4.2106  94.9999
116.864  83.8522  2037.47  90.0309  1.1  0.36  41.2  43  4.2106  94.9999
116.913  83.9811  1906.13  95.0192  166.767  0.38  41.2  43  4.2106  94.9999
116.962  83.9811  1832.06  90.0037  0.117  0.39  41.2  43  4.2106  94.9999
117.011  83.9811  1938.14  95.09  171.954  0.37  41.2  43  4.2106  94.9999
117.06  83.9811  1906.45  94.7792  158.839  0.38  41.2  43  4.2106  94.9999
117.109  84.1099  1969.19  89.1118  30.526  0.37  39.9  43  4.2106  94.9999
117.158  84.1099  1918.59  94.7029  157.302  0.38  39.9  43  4.2106  94.9999
117.207  84.1099  1983.12  89.9826  0.603  0.36  39.9  43  4.2106  94.9999
117.255  84.2387  2023.1  89.9497  1.776  0.36  39.9  43  4.2106  94.9999
117.305  84.2387  1913.94  95.0189  167.44  0.38  39.9  43  4.2106  94.9999
117.353  84.2387  1863.33  95.587  181.408  0.39  39.9  43  4.2106  94.9999
117.402  84.2387  2041.7  89.9711  1.028  0.35  40.6  43  4.2106  94.9999
117.451  84.3675  1913.43  96.2155  207.164  0.38  40.6  43  4.2106  94.9999
117.499  84.3675  1988.28  90.0136  0.473  0.36  40.6  43  4.2106  94.9999
117.548  84.3675  2006.33  89.4984  17.566  0.36  40.6  43  4.2106  94.9999
117.597  84.3675  1903.49  96.0803  201.623  0.38  40.6  43  4.2106  94.9999
117.646  84.4963  1977.66  88.7572  42.894  0.37  40.6  43  4.2106  94.9999
117.695  84.4963  1933.98  94.6061  155.308  0.38  41.1  43  4.2106  94.9999
117.744  84.4963  1885.33  94.865  159.892  0.39  41.1  43  4.2106  94.9999
117.792  84.6251  1984.58  88.7934  41.789  0.36  41.1  43  4.2106  94.9999
117.841  84.6251  1934.59  96.0027  202.311  0.38  41.1  43  4.2106  94.9999
117.89  84.6251  1955.28  89.8088  6.525  0.37  41.1  43  4.2106  94.9999
117.939  84.6251  2005.75  89.8679  4.625  0.36  41.1  43  4.2106  94.9999
117.988  84.7539  1909.28  96.3335  210.623  0.38  39.6  43  4.2106  94.9999
118.037  84.7539  1838.07  90.0085  0.272  0.39  39.6  43  4.2106  94.9999
118.085  84.7539  2023.31  89.5239  16.811  0.36  39.6  43  4.2106  94.9999
118.134  84.7539  1905.9  94.9731  165.218  0.38  39.6  43  4.2106  94.9999
118.183  84.8827  1970.25  89.0677  32.058  0.37  39.6  43  4.2106  94.9999
118.232  84.8827  2011  89.4733  18.486  0.36  39.6  43  4.2106  94.9999
118.28  84.8827  1957.96  89.9067  3.188  0.37  40.7  43  4.2106  94.9999
118.329  85.0115  2032.36  89.5749  15.078  0.36  40.7  43  4.2106  94.9999
118.378  85.0115  1933.25  96.0583  204.038  0.38  40.7  43  4.2106  94.9999
118.427  85.0115  1876.19  95.463  178.618  0.39  40.7  43  4.2106  94.9999
118.475  85.0115  2021.13  89.9046  3.364  0.36  40.7  43  4.2106  94.9999
118.525  85.1403  1912.11  96.2704  208.842  0.38  40.7  43  4.2106  94.9999
118.573  85.1403  1966.01  89.9221  2.673  0.37  39.6  43  4.2106  94.9999
118.622  85.1403  2006.77  89.5346  16.301  0.36  39.6  43  4.2106  94.9999
118.671  85.1403  1961.73  89.9618  1.309  0.37  39.6  43  4.2106  94.9999
118.72  85.2691  1997.74  90.0029  0.1  0.36  39.6  43  4.2106  94.9999
118.768  85.2691  2027.8  89.6169  13.557  0.36  39.6  43  4.2106  94.9999
118.817  85.2691  1870.47  94.9122  160.167  0.39  39.6  43  4.2106  94.9999
118.866  85.3979  1998.72  89.8277  6.011  0.36  39.6  43  4.2106  94.9999
118.915  85.3979  2012.9  89.772  8.012  0.36  39.3  43  4.2106  94.9999
118.963  85.3979  1808.49  90.0197  0.623  0.4  39.3  43  4.2106  94.9999
119.012  85.3979  1943.91  94.9582  168.011  0.37  39.3  43  4.2106  94.9999
119.061  85.5267  1895.17  94.9922  164.917  0.38  39.3  43  4.2106  94.9999
119.11  85.5267  1845.62  90.0056  0.18  0.39  39.3  43  4.2106  94.9999
119.158  85.5267  2004.53  89.6234  13.174  0.36  39.3  43  4.2106  94.9999
119.207  85.5267  1891.7  96.1935  204.09  0.38  40.4  43  4.2106  94.9999
119.256  85.6555  1905.55  94.9056  162.951  0.38  40.4  43  4.2106  94.9999
119.305  85.6555  1932.43  94.6159  155.511  0.38  40.4  43  4.2106  94.9999
119.353  85.6555  1952.33  89.8244  5.982  0.37  40.4  43  4.2106  94.9999
119.402  85.7843  2037.77  89.7419  9.178  0.36  40.4  43  4.2106  94.9999
119.451  85.7843  1914.26  94.7779  159.446  0.38  40.4  43  4.2106  94.9999
119.5  85.7843  1883.21  95.0447  165.596  0.39  40.8  43  4.2106  94.9999
119.549  85.7843  2042.19  90.0074  0.263  0.35  40.8  43  4.2106  94.9999
119.597  85.9131  1909.97  96.1393  204.263  0.38  40.8  43  4.2106  94.9999
119.646  85.9131  1970.5  89.8987  3.485  0.37  40.8  43  4.2106  94.9999
119.695  85.9131  1919.83  95.2481  175.605  0.38  40.8  43  4.2106  94.9999
119.744  85.9131  1897.68  94.8818  161.493  0.38  40.8  43  4.2106  94.9999
119.793  86.0419  1987.14  89.8118  6.528  0.36  39.6  43  4.2106  94.9999
119.841  86.0419  2008.32  89.5263  16.605  0.36  39.6  43  4.2106  94.9999
119.89  86.0419  1868.79  94.8762  158.854  0.39  39.6  43  4.2106  94.9999
119.939  86.0419  1975.83  89.9463  1.852  0.37  39.6  43  4.2106  94.9999
119.988  86.1707  1893.6  96.2773  207.049  0.38  39.6  43  4.2106  94.9999
120.037  86.1707  1878.46  95.3087  173.799  0.39  39.6  43  4.2106  94.9999
120.085  86.1707  2005.75  89.8679  4.625  0.36  40.4  43  4.2106  94.9999
120.134  86.2996  1889.45  95.0749  167.136  0.38  40.4  43  4.2106  94.9999
120.183  86.2996  1872.1  94.085  133.361  0.39  40.4  43  4.2106  94.9999
120.232  86.2996  1940.85  94.6859  158.555  0.37  40.4  43  4.2106  94.9999
120.281  86.2996  1892.97  94.864  160.507  0.38  40.4  43  4.2106  94.9999
120.329  86.4284  1980.76  89.0075  34.308  0.37  40.4  43  4.2106  94.9999
120.378  86.4284  1924.8  96.2969  211.115  0.38  40.3  43  4.2106  94.9999
120.427  86.4284  1871.81  95.4894  179.06  0.39  40.3  43  4.2106  94.9999
120.475  86.5572  1988.38  89.9192  2.803  0.36  40.3  43  4.2106  94.9999
120.524  86.5572  1998.91  89.8444  5.428  0.36  40.3  43  4.2106  94.9999
120.573  86.5572  1880.84  94.0256  132.039  0.39  40.3  43  4.2106  94.9999
120.622  86.5572  1913.83  94.9974  166.715  0.38  40.3  43  4.2106  94.9999
120.671  86.686  1902.17  94.8536  160.943  0.38  40.1  43  4.2106  94.9999
120.72  86.686  1981.42  89.9739  0.901  0.37  40.1  43  4.2106  94.9999
120.768  86.686  1925.73  95.1647  173.352  0.38  40.1  43  4.2106  94.9999
120.817  86.686  1882.3  95.1661  169.49  0.39  40.1  43  4.2106  94.9999
120.866  86.8148  1966.84  89.0492  32.637  0.37  40.1  43  4.2106  94.9999
120.915  86.8148  1923.96  95.1273  171.943  0.38  40.1  43  4.2106  94.9999
120.963  86.8148  1874.73  95.4718  178.766  0.39  38.6  43  4.2106  94.9999
121.012  86.9436  1991.03  89.8676  4.602  0.36  38.6  43  4.2106  94.9999
121.061  86.9436  1919.56  94.8885  163.58  0.38  38.6  43  4.2106  94.9999
121.11  86.9436  1807.05  90.0273  0.861  0.4  38.6  43  4.2106  94.9999
121.158  86.9436  2024.15  89.7344  9.383  0.36  38.6  43  4.2106  94.9999
121.207  87.0724  1886.71  95.4467  179.086  0.39  38.6  43  4.2106  94.9999
121.256  87.0724  1943.93  89.1056  30.343  0.37  41.1  43  4.2106  94.9999
121.305  87.0724  2007.08  89.8405  5.588  0.36  41.1  43  4.2106  94.9999
121.354  87.0724  1963.09  89.8048  6.688  0.37  41.1  43  4.2106  94.9999
121.402  87.2012  1971.11  89.007  34.159  0.37  41.1  43  4.2106  94.9999
121.451  87.2012  1943.99  95.9506  201.535  0.37  41.1  43  4.2106  94.9999
121.5  87.2012  1856.52  94.2373  137.173  0.39  41.1  43  4.2106  94.9999
121.549  87.33  2000.57  88.894  38.615  0.36  41.1  43  4.2106  94.9999
121.597  87.33  1912.5  94.7412  158.077  0.38  40  43  4.2106  94.9999
121.646  87.33  1814.25  89.9895  0.334  0.4  40  43  4.2106  94.9999
121.695  87.33  2022.28  89.8601  4.937  0.36  40  43  4.2106  94.9999
121.744  87.4588  1909.68  96.4265  213.748  0.38  40  43  4.2106  94.9999
121.792  87.4588  1973.51  89.883  4.03  0.37  40  43  4.2106  94.9999
121.841  87.4588  2022.77  89.7595  8.49  0.36  40  43  4.2106  94.9999
121.89  87.4588  1980.55  89.9394  2.096  0.37  39.4  43  4.2106  94.9999
121.939  87.5876  1968.61  87.9269  71.213  0.37  39.4  43  4.2106  94.9999
121.987  87.5876  1915.29  94.6758  156.128  0.38  39.4  43  4.2106  94.9999
122.036  87.5876  1890.49  95.2825  174.051  0.38  39.4  43  4.2106  94.9999
122.085  87.7164  1992.91  88.938  36.938  0.36  39.4  43  4.2106  94.9999
122.133  87.7164  1923.67  94.767  159.865  0.38  39.4  43  4.2106  94.9999
122.182  87.7164  1975.42  89.9107  3.079  0.37  39.8  43  4.2106  94.9999
122.231  87.7164  1935.61  94.9119  165.735  0.38  39.8  43  4.2106  94.9999
122.28  87.8452  1896.72  94.6983  155.358  0.38  39.8  43  4.2106  94.9999
122.328  87.8452  1965.97  88.9782  35.059  0.37  39.8  43  4.2106  94.9999
122.377  87.8452  1936.58  95.0994  172.131  0.38  39.8  43  4.2106  94.9999
122.426  87.8452  1875.53  95.3266  174.11  0.39  39.8  43  4.2106  94.9999
122.475  87.974  1987.62  88.7757  42.468  0.36  40  43  4.2106  94.9999
122.523  87.974  2018.75  89.703  10.465  0.36  40  43  4.2106  94.9999
122.572  87.974  1875.31  95.2811  172.608  0.39  40  43  4.2106  94.9999
122.621  88.1028  2002.23  89.8478  5.32  0.36  40  43  4.2106  94.9999
122.67  88.1028  1899.95  94.7252  156.511  0.38  40  43  4.2106  94.9999
122.719  88.1028  1954.58  89.0818  31.321  0.37  40  43  4.2106  94.9999
122.767  88.1028  1944.73  94.8075  162.985  0.37  40.8  43  4.2106  94.9999
122.816  88.2316  1896.19  94.8911  161.674  0.38  40.8  43  4.2106  94.9999
122.865  88.2316  1993.39  89.9314  2.385  0.36  40.8  43  4.2106  94.9999
122.914  88.2316  2017.44  89.5937  14.305  0.36  40.8  43  4.2106  94.9999
122.962  88.2316  1866.13  94.9398  160.69  0.39  40.8  43  4.2106  94.9999
123.011  88.3604  1993.35  88.974  35.694  0.36  40.8  43  4.2106  94.9999
123.06  88.3604  1997.22  89.7003  10.446  0.36  39.5  43  4.2106  94.9999
123.109  88.3604  1804.04  89.9888  0.354  0.4  39.5  43  4.2106  94.9999
123.157  88.3604  2004.11  88.9125  38.036  0.36  39.5  43  4.2106  94.9999
123.206  88.4892  1914.11  96.0209  200.772  0.38  39.5  43  4.2106  94.9999
123.255  88.4892  2005.77  89.9997  0.009  0.36  39.5  43  4.2106  94.9999
123.304  88.4892  1928.91  94.8565  163.303  0.38  39.5  43  4.2106  94.9999
123.352  88.618  1979.69  89.9628  1.285  0.37  39.3  43  4.2106  94.9999
123.401  88.618  1953.9  88.8969  37.617  0.37  39.3  43  4.2106  94.9999
123.45  88.618  2011.76  89.8163  6.449  0.36  39.3  43  4.2106  94.9999
123.499  88.618  1873.06  95.1296  167.468  0.39  39.3  43  4.2106  94.9999
123.547  88.7469  2015.4  89.9888  0.394  0.36  39.3  43  4.2106  94.9999
123.597  88.7469  1897.92  94.9277  163.028  0.38  39.3  43  4.2106  94.9999
123.645  88.7469  1949.79  89.8752  4.248  0.37  40.7  43  4.2106  94.9999
123.694  88.7469  1991.56  87.8184  75.811  0.36  40.7  43  4.2106  94.9999
123.743  88.8757  1901.45  94.7156  156.32  0.38  40.7  43  4.2106  94.9999
123.792  88.8757  1884.54  90.0231  0.759  0.38  40.7  43  4.2106  94.9999
123.84  88.8757  1937.97  94.7522  160.554  0.37  40.7  43  4.2106  94.9999
123.889  89.0045  1878.38  96.2679  205.075  0.39  40.7  43  4.2106  94.9999
123.938  89.0045  1923.38  89.1871  27.287  0.38  40.7  43  4.2106  94.9999
123.987  89.0045  2003.55  89.8204  6.281  0.36  40  43  4.2106  94.9999
124.036  89.0045  1885.01  95.4099  177.718  0.39  40  43  4.2106  94.9999
124.084  89.1333  1996.31  88.6861  45.775  0.36  40  43  4.2106  94.9999
124.133  89.1333  1938.13  94.4831  151.495  0.37  40  43  4.2106  94.9999
124.182  89.1333  1976.16  89.6977  10.425  0.37  40  43  4.2106  94.9999
124.231  89.1333  1918.64  95.0157  167.745  0.38  40  43  4.2106  94.9999
124.28  89.2621  1905.96  94.6871  155.743  0.38  38  43  4.2106  94.9999
124.329  89.2621  1842.72  90.0566  1.822  0.39  38  43  4.2106  94.9999
124.377  89.2621  1944.64  95.0995  172.849  0.37  38  43  4.2106  94.9999
124.426  89.3909  1896.9  95.3383  176.479  0.38  38  43  4.2106  94.9999
124.475  89.3909  1973.16  88.7837  41.885  0.37  38  43  4.2106  94.9999
124.524  89.3909  2012.47  89.7357  9.285  0.36  38  43  4.2106  94.9999
124.572  89.3909  1809.87  89.9934  0.207  0.4  40.8  43  4.2106  94.9999
124.621  89.5197  1985.33  89.935  2.253  0.36  40.8  43  4.2106  94.9999
124.67  89.5197  1909.95  94.8526  161.568  0.38  40.8  43  4.2106  94.9999
124.719  89.5197  1885.23  95.4556  179.236  0.39  40.8  43  4.2106  94.9999
124.767  89.5197  1999.84  89.7836  7.552  0.36  40.8  43  4.2106  94.9999
124.817  89.6485  1923.53  96.0161  201.601  0.38  40.8  43  4.2106  94.9999
124.865  89.6485  1868.96  94.0596  132.312  0.39  41.4  43  4.2106  94.9999
124.914  89.6485  2000.46  89.8364  5.711  0.36  41.4  43  4.2106  94.9999
124.963  89.7773  1909.48  96.38  212.185  0.38  41.4  43  4.2106  94.9999
125.012  89.7773  1987.97  89.8834  4.045  0.36  41.4  43  4.2106  94.9999
125.06  89.7773  1935.53  94.5964  155.105  0.37  41.4  43  4.2106  94.9999
125.11  89.7773  1876.2  95.1569  168.639  0.39  41.4  43  4.2106  94.9999
125.158  89.9061  1990.2  89.7958  7.093  0.36  42.9  43  4.2106  94.9999
125.207  89.9061  1929.02  96.1779  207.593  0.38  42.9  43  4.2106  94.9999
125.256  89.9061  1940.23  89.8516  5.024  0.37  42.9  43  4.2106  94.9999
125.305  89.9061  1933.06  94.7343  159.547  0.38  42.9  43  4.2106  94.9999
125.354  90.0349  1920.39  96.3687  213.022  0.38  42.9  43  4.2106  94.9999
125.402  90.0349  1896.22  95.2004  171.872  0.38  42.9  43  4.2106  94.9999
125.451  90.0349  1932.25  94.8842  164.515  0.38  44.1  43  4.2106  94.9999
125.5  90.1637  1899.41  94.9184  162.848  0.38  44.1  43  4.2106  94.9999
125.549  90.1637  1989.08  89.8396  5.567  0.36  44.1  43  4.2106  94.9999
125.597  90.1637  1935.23  94.84  163.282  0.38  44.1  43  4.2106  94.9999
125.646  90.1637  1980.6  90.033  1.14  0.37  44.1  43  4.2106  94.9999
125.695  90.2925  1989.59  88.8028  41.569  0.36  44.1  43  4.2106  94.9999
125.744  90.2925  1926.39  95.9521  199.761  0.38  44.5  43  4.2106  94.9999
125.792  90.2925  1889.67  95.4289  178.784  0.38  44.5  43  4.2106  94.9999
125.841  90.2925  1914.78  95.1828  172.969  0.38  44.5  43  4.2106  94.9999
125.89  90.4213  1889.53  94.7913  157.825  0.38  44.5  43  4.2106  94.9999
125.939  90.4213  1808.58  90.0547  1.727  0.4  44.5  43  4.2106  94.9999
125.987  90.4213  1931.19  94.9872  167.883  0.38  44.5  43  4.2106  94.9999
126.036  90.5501  1882.52  95.2117  171.002  0.39  45.9  43  4.2106  90.6499
126.085  90.5501  1979.69  89.0519  32.756  0.37  45.9  43  4.2106  90.6499
126.134  90.5501  2005.1  89.8124  6.567  0.36  45.9  43  4.2106  90.6499
126.183  90.5501  1956.75  89.8009  6.798  0.37  45.9  43  4.2106  90.6499
126.231  90.6789  2008.87  89.8518  5.194  0.36  45.9  43  4.2106  90.5499
126.281  90.6789  1912.19  94.9819  166.057  0.38  45.9  43  4.2106  90.5499
126.33  90.6789  1865.79  95.4791  178.151  0.39  46.8  43  4.2106  90.1499
126.378  90.6789  2008.15  89.9322  2.375  0.36  46.8  43  4.2106  90.1499
126.427  90.8077  1893.99  94.763  157.266  0.38  46.8  43  4.2106  90.1499
126.476  90.8077  1900.94  95.2191  172.916  0.38  46.8  43  4.2106  90.1499
126.525  90.8077  2014.12  89.4566  19.103  0.36  46.8  43  4.2106  90.1499
126.574  90.9365  1885.55  96.1808  203.011  0.39  46.8  43  4.2106  90.05
126.622  90.9365  1969.38  88.9965  34.489  0.37  46.8  43  4.2106  90.05
126.671  90.9365  1996.53  89.7804  7.652  0.36  45.3  43  4.2106  89.8499
126.72  90.9365  1796.92  90.0264  0.827  0.4  45.3  43  4.2106  89.8499
126.769  91.0653  1994.51  89.8876  3.913  0.36  45.3  43  4.2106  89.8499
126.817  91.0653  1905  96.0719  201.503  0.38  45.3  43  4.2106  89.75
126.867  91.0653  1883.21  95.0447  165.596  0.39  45.3  43  4.2106  89.75
126.915  91.1942  2001.43  89.6398  12.581  0.36  45.3  43  4.2106  89.1999
126.964  91.1942  1901.3  96.2822  208.05  0.38  44.8  43  4.2106  89.1999
127.013  91.1942  1889.58  95.0994  167.952  0.38  44.8  43  4.2106  89.1999
127.062  91.1942  2030.98  89.6003  14.169  0.36  44.8  43  4.2106  89.1999
127.11  91.323  1877.52  94.8206  157.779  0.39  44.8  43  4.2106  89.1999
127.159  91.323  1975.83  89.9463  1.852  0.37  44.8  43  4.2106  89.1999
127.208  91.323  1932.13  96.1609  207.358  0.38  44.8  43  4.2106  89.1999
127.257  91.323  1877.22  95.3631  175.459  0.39  44.9  43  4.2106  87.8
127.306  91.4518  2024.05  90.0215  0.758  0.36  44.9  43  4.2106  87.8
127.354  91.4518  1921.89  94.7301  158.483  0.38  44.9  43  4.2106  87.8
127.403  91.4518  1857.46  94.138  134.033  0.39  44.9  43  4.2106  87.8
127.452  91.5806  1926.32  94.9688  166.843  0.38  44.9  43  4.2106  87.8
127.501  91.5806  1896.79  96.307  208.373  0.38  44.9  43  4.2106  87.8
127.55  91.5806  1997.28  89.9675  1.134  0.36  43.9  43  4.2106  87.2
127.599  91.5806  2023.92  89.7148  10.074  0.36  43.9  43  4.2106  87.2
127.648  91.7094  1877.76  94.866  159.282  0.39  43.9  43  4.2106  87.2
127.696  91.7094  1970  88.9167  37.243  0.37  43.9  43  4.2106  87.2
127.745  91.7094  1922.38  94.8231  161.632  0.38  43.9  43  4.2106  87.2
127.794  91.7094  1930.11  89.9055  3.183  0.37  43.9  43  4.2106  87.2
127.843  91.8382  1839.65  90.0364  1.167  0.39  46.5  43  4.2106  86.75
127.892  91.8382  1898.85  94.517  149.543  0.38  46.5  43  4.2106  86.75
127.94  91.8382  1885.24  93.9957  131.367  0.38  46.5  43  4.2106  86.75
127.989  91.967  1916.77  95.2665  175.936  0.38  46.5  43  4.2106  86.75
128.038  91.967  1895.4  95.038  166.449  0.38  46.5  43  4.2106  86.65
128.087  91.967  1823.16  90.0142  0.45  0.4  46.5  43  4.2106  86.65
128.136  91.967  2008.92  89.7157  9.969  0.36  45.6  43  4.2106  86.45
128.184  92.0958  1870.15  95.1477  167.796  0.39  45.6  43  4.2106  86.45
128.233  92.0958  1899.77  94.989  165.212  0.38  45.6  43  4.2106  86.45
128.282  92.0958  2005.81  89.7319  9.384  0.36  45.6  43  4.2106  86.45
128.331  92.0958  1984.6  89.9749  0.869  0.36  45.6  43  4.2106  86.45
128.379  92.2246  1951.03  94.7688  162.2  0.37  45.6  43  4.2106  86.45
128.428  92.2246  1907.55  96.2954  209.17  0.38  46.9  43  4.2106  86.45
128.477  92.2246  1880.59  93.9803  130.538  0.39  46.9  43  4.2106  86.45
128.526  92.3534  2036.99  89.9948  0.184  0.36  46.9  43  4.2106  86.45
128.575  92.3534  1889.91  95.1664  170.183  0.38  46.9  43  4.2106  86.45
128.623  92.3534  2005.77  89.9997  0.009  0.36  46.9  43  4.2106  86.35
128.672  92.3534  1917.55  94.8052  160.63  0.38  46.9  43  4.2106  86.35
128.721  92.4822  1967.03  89.954  1.578  0.37  46  43  4.2106  86.15
128.77  92.4822  2024.05  90.0215  0.758  0.36  46  43  4.2106  86.15
128.818  92.4822  1929.27  94.9249  165.626  0.38  46  43  4.2106  86.15
128.867  92.4822  1970.86  90.0086  0.295  0.37  46  43  4.2106  86.15
128.916  92.611  1997.17  89.8357  5.727  0.36  46  43  4.2106  86.15
128.965  92.611  1895.4  95.038  166.449  0.38  46  43  4.2106  86.05
129.014  92.611  1883.43  95.0903  167.109  0.39  46  43  4.2106  86.05
129.062  92.611  1942.66  94.7232  159.961  0.37  44.9  43  4.2106  86.05
129.111  92.7398  1876.76  94.9661  162.462  0.39  44.9  43  4.2106  86.05
129.16  92.7398  2008.35  89.9486  1.801  0.36  44.9  43  4.2106  86.05
129.209  92.7398  1921.64  94.6837  156.91  0.38  44.9  43  4.2106  86.05
129.257  92.8686  1877.99  94.9114  160.785  0.39  44.9  43  4.2106  86.05
129.306  92.8686  1971.31  89.0235  33.594  0.37  44.9  43  4.2106  86.05
129.355  92.8686  1919.56  94.8885  163.58  0.38  45.1  43  4.2106  86.05
129.404  92.8686  1946.86  89.8907  3.715  0.37  45.1  43  4.2106  86.05
129.452  92.9974  1920.32  90.0236  0.789  0.38  45.1  43  4.2106  86.05
129.501  92.9974  1913.94  95.0189  167.44  0.38  45.1  43  4.2106  85.95
129.551  92.9974  1871.35  93.9497  128.9  0.39  45.1  43  4.2106  85.95
129.599  92.9974  2017.61  89.7476  8.89  0.36  45.1  43  4.2106  85.95
129.648  93.1262  1888.76  94.9377  162.57  0.38  45  43  4.2106  85.65
129.697  93.1262  1832.06  90.0037  0.117  0.39  45  43  4.2106  85.65
129.745  93.1262  1920.9  94.5444  152.195  0.38  45  43  4.2106  85.65
129.794  93.255  1957.15  89.8362  5.595  0.37  45  43  4.2106  85.65
129.843  93.255  1986.37  88.937  36.852  0.36  45  43  4.2106  85.65
129.892  93.255  1924.4  94.9066  164.599  0.38  45  43  4.2106  85.65
129.941  93.255  1872.61  95.3444  174.418  0.39  45.3  43  4.2106  85.35
129.99  93.3838  2045.34  89.9916  0.3  0.35  45.3  43  4.2106  85.35
130.038  93.3838  1911.49  96.1309  204.146  0.38  45.3  43  4.2106  85.35
130.087  93.3838  1891.74  95.2277  172.363  0.38  45.3  43  4.2106  85.35
130.136  93.3838  2009.35  89.7519  8.7  0.36  45.3  43  4.2106  85.25
130.185  93.5126  1887.05  94.9013  161.228  0.38  45.3  43  4.2106  85.15
130.234  93.5126  1964.92  89.0223  33.529  0.37  44.6  43  4.2106  85.05
130.282  93.5126  2001.16  89.7562  8.514  0.36  44.6  43  4.2106  85.05
130.331  93.6415  1871.92  94.903  159.992  0.39  44.6  43  4.2106  85.05
130.38  93.6415  2018.4  89.957  1.513  0.36  44.6  43  4.2106  85.05
130.429  93.6415  1918.85  96.377  213.128  0.38  44.6  43  4.2106  85.05
130.478  93.6415  1876.19  95.463  178.618  0.39  44.6  43  4.2106  85.05
130.527  93.7703  1939.79  94.7894  161.961  0.37  46.2  43  4.2106  85.05
130.576  93.7703  1914.32  96.0674  202.341  0.38  46.2  43  4.2106  85.05
130.624  93.7703  1821.79  90.057  1.812  0.4  46.2  43  4.2106  85.05
130.673  93.7703  2013.87  89.5739  14.975  0.36  46.2  43  4.2106  85.05
130.722  93.8991  1874.84  94.8845  159.638  0.39  46.2  43  4.2106  85.05
130.771  93.8991  1970  88.9167  37.243  0.37  46.2  43  4.2106  85.05
130.82  93.8991  2011.88  89.5459  15.944  0.36  48.3  43  4.2106  85.05
130.868  93.8991  1960.12  89.8205  6.14  0.37  48.3  43  4.2106  85.05
130.917  94.0279  2006.17  89.904  3.36  0.36  48.3  43  4.2106  85.05
130.966  94.0279  1903.91  96.1729  204.726  0.38  48.3  43  4.2106  85.05
131.015  94.0279  1891.29  95.136  169.309  0.38  48.3  43  4.2106  85.05
131.064  94.1567  2010.43  89.8438  5.48  0.36  48.3  43  4.2106  85.05
131.112  94.1567  1905.83  96.2573  207.722  0.38  46.5  43  4.2106  85.05
131.161  94.1567  1958.8  89.1709  28.343  0.37  46.5  43  4.2106  85.05
131.21  94.1567  2015  89.5293  16.554  0.36  46.5  43  4.2106  85.05
131.259  94.2855  1967.97  89.8165  6.301  0.37  46.5  43  4.2106  85.05
131.307  94.2855  1995.63  89.8437  5.444  0.36  46.5  43  4.2106  85.05
131.357  94.2855  2012.9  89.772  8.012  0.36  46.5  43  4.2106  85.05
131.405  94.2855  1991.49  90.0147  0.51  0.36  45.6  43  4.2106  85.05
131.454  94.4143  1996.47  89.9156  2.94  0.36  45.6  43  4.2106  85.05
131.503  94.4143  1903.62  96.4592  214.149  0.38  45.6  43  4.2106  85.05
131.552  94.4143  1993.81  89.9476  1.825  0.36  45.6  43  4.2106  85.05
131.6  94.5431  1926.56  95.0154  168.426  0.38  45.6  43  4.2106  85.05
131.649  94.5431  1915.64  96.0123  200.648  0.38  45.6  43  4.2106  85.05
131.698  94.5431  1970.44  88.9523  36.028  0.37  45.6  43  4.2106  85.05
131.747  94.5431  1927.28  95.1554  173.179  0.38  45.4  43  4.2106  85.05
131.795  94.6719  1870.93  95.0028  163.152  0.39  45.4  43  4.2106  85.05
131.844  94.6719  1982.58  89.8356  5.688  0.36  45.4  43  4.2106  85.05
131.893  94.6719  1931.66  94.4758  150.744  0.38  45.4  43  4.2106  85.05
131.942  94.8007  1875.31  95.2811  172.608  0.39  45.4  43  4.2106  85.05
131.991  94.8007  1909.75  95.1178  170.359  0.38  45.4  43  4.2106  85.05
132.039  94.8007  1996.24  89.8964  3.611  0.36  43.8  43  4.2106  85.05
132.088  94.8007  1877.79  95.1722  169.281  0.39  43.8  43  4.2106  85.05
132.137  94.9295  1925.02  95.0248  168.606  0.38  43.8  43  4.2106  85.05
132.186  94.9295  1896.42  94.937  163.207  0.38  43.8  43  4.2106  85.05
132.234  94.9295  1885.49  94.0411  132.876  0.38  43.8  43  4.2106  85.05
132.283  94.9295  2019.89  89.6583  12.045  0.36  43.8  43  4.2106  85.05
132.332  95.0583  1999.46  90.0116  0.405  0.36  45.5  43  4.2106  85.05
132.381  95.0583  1982.01  88.8469  39.885  0.37  45.5  43  4.2106  85.05
132.43  95.0583  1920.36  94.7397  158.677  0.38  45.5  43  4.2106  85.05
132.478  95.1871  1883.54  95.4187  177.87  0.39  45.5  43  4.2106  85.05
132.527  95.1871  1995.52  88.8843  38.854  0.36  45.5  43  4.2106  85.05
132.576  95.1871  1899.95  94.7252  156.511  0.38  45.5  43  4.2106  85.05
132.625  95.1871  1885.14  95.1268  168.456  0.39  43.8  43  4.2106  85.05
132.673  95.3159  1948.63  94.9296  167.449  0.37  43.8  43  4.2106  85.05
132.722  95.3159  1908.98  94.6679  155.353  0.38  43.8  43  4.2106  85.05
132.771  95.3159  1826.17  90.0342  1.091  0.4  43.8  43  4.2106  85.05
132.819  95.3159  2019.61  89.7758  7.902  0.36  43.8  43  4.2106  85.05
132.868  95.4447  1883.08  95.0203  164.785  0.39  43.8  43  4.2106  85.05
132.917  95.4447  1996.33  89.7637  8.233  0.36  45.3  43  4.2106  85.05
132.966  95.4447  1920.23  95.9866  200.272  0.38  45.3  43  4.2106  85.05
133.014  95.5735  1898.28  94.9982  165.388  0.38  45.3  43  4.2106  85.05
133.063  95.5735  2006.04  89.7513  8.707  0.36  45.3  43  4.2106  85.05
133.112  95.5735  1910.67  94.9913  166.236  0.38  45.3  43  4.2106  85.05
133.161  95.5735  1873.55  94.0751  133.143  0.39  45.3  43  4.2106  85.05
133.21  95.7023  1947.3  94.9863  169.254  0.37  47.5  43  4.2106  85.05
133.258  95.7023  1893.6  96.2773  207.049  0.38  47.5  43  4.2106  85.05
133.307  95.7023  1985.33  89.935  2.253  0.36  47.5  43  4.2106  85.05
133.356  95.7023  2021.29  89.4958  17.786  0.36  47.5  43  4.2106  85.05
133.405  95.8311  1991.49  90.0147  0.51  0.36  47.5  43  4.2106  85.05
133.454  95.8311  1982.45  88.8827  38.655  0.36  47.5  43  4.2106  85.05
133.503  95.8311  2011.76  89.8163  6.449  0.36  46.2  43  4.2106  85.05
133.552  95.9599  1978.22  89.9705  1.02  0.37  46.2  43  4.2106  85.05
133.6  95.9599  2011.99  89.8358  5.767  0.36  46.2  43  4.2106  85.05
133.649  95.9599  1913.7  94.9726  165.878  0.38  46.2  43  4.2106  85.05
133.698  95.9599  1866.32  94.1243  134.226  0.39  46.2  43  4.2106  85.05
133.747  96.0888  2043.76  89.9995  0.019  0.35  46.2  43  4.2106  85.05
133.796  96.0888  2011.62  89.9496  1.771  0.36  44.7  43  4.2106  85.05
133.845  96.0888  1981.47  89.8793  4.176  0.37  44.7  43  4.2106  85.05
133.893  96.0888  2013.18  89.6549  12.127  0.36  44.7  43  4.2106  85.05
133.942  96.2176  1959.84  89.9342  2.25  0.37  44.7  43  4.2106  85.05
133.991  96.2176  1991.56  88.8299  40.668  0.36  44.7  43  4.2106  85.05
134.04  96.2176  1922.63  94.8696  163.208  0.38  44.7  43  4.2106  85.05
134.089  96.2176  1883.31  95.3731  176.355  0.39  44.7  43  4.2106  85.05
134.137  96.3464  2014.41  89.9003  3.504  0.36  44.7  43  4.2106  85.05
134.186  96.3464  1905.18  94.8348  160.574  0.38  44.7  43  4.2106  85.05
134.235  96.3464  1817.24  90.0094  0.297  0.4  44.7  43  4.2106  85.05
134.284  96.4752  2023.56  89.4059  20.981  0.36  44.7  43  4.2106  85.05
134.332  96.4752  1883.62  94.8287  158.559  0.39  44.7  43  4.2106  85.05
134.381  96.4752  1968.33  89.0407  32.955  0.37  44.7  43  4.2106  85.05
134.43  96.4752  2019.61  89.7758  7.902  0.36  45.7  43  4.2106  85.05
134.479  96.604  1989.99  90.0223  0.775  0.36  45.7  43  4.2106  85.05
134.527  96.604  1987.27  89.9629  1.286  0.36  45.7  43  4.2106  85.05
134.576  96.604  1918.59  94.7029  157.302  0.38  45.7  43  4.2106  85.05
134.626  96.7328  1882.64  95.2362  171.813  0.39  45.7  43  4.2106  85.05
134.674  96.7328  2000.12  88.8578  39.869  0.36  45.7  43  4.2106  85.05
134.723  96.7328  1910.38  96.2322  207.389  0.38  46  43  4.2106  85.05
134.772  96.7328  1969  89.9065  3.214  0.37  46  43  4.2106  85.05
134.821  96.8616  1945.23  94.9016  166.211  0.37  46  43  4.2106  85.05
134.869  96.8616  1980.55  89.9394  2.096  0.37  46  43  4.2106  85.05
134.918  96.8616  2012.34  90.0043  0.153  0.36  46  43  4.2106  85.05
134.967  96.8616  2011.18  89.6268  13.1  0.36  46  43  4.2106  85.05
135.015  96.9904  1963.76  89.7261  9.387  0.37  45.4  43  4.2106  85.05
135.064  96.9904  1981.56  88.8111  41.115  0.37  45.4  43  4.2106  85.05
135.113  96.9904  1928.83  94.5421  152.746  0.38  45.4  43  4.2106  85.05
135.162  96.9904  1965.66  89.7536  8.454  0.37  45.4  43  4.2106  85.05
135.21  97.1192  1920.98  94.8575  162.665  0.38  45.4  43  4.2106  85.05
135.259  97.1192  1912.19  94.9819  166.057  0.38  45.4  43  4.2106  85.05
135.308  97.1192  1890.7  90.0278  0.917  0.38  44.3  43  4.2106  85.05
135.357  97.248  1939.28  94.6956  158.755  0.37  44.3  43  4.2106  85.05
135.405  97.248  1895.63  95.0839  167.981  0.38  44.3  43  4.2106  85.05
135.454  97.248  1969  89.9065  3.214  0.37  44.3  43  4.2106  85.05
135.503  97.248  2010.05  89.6713  11.532  0.36  44.3  43  4.2106  85.05
135.552  97.3768  1968.24  89.7022  10.229  0.37  44.3  43  4.2106  85.05
135.601  97.3768  2001.38  89.7756  7.839  0.36  45.9  43  4.2106  85.05
135.65  97.3768  1922.63  94.8696  163.208  0.38  45.9  43  4.2106  85.05
135.698  97.3768  1873.3  94.03  131.653  0.39  45.9  43  4.2106  85.05
135.747  97.5056  1916.4  94.8859  163.223  0.38  45.9  43  4.2106  85.05
135.796  97.5056  1911.7  96.1774  205.711  0.38  45.9  43  4.2106  85.05
135.845  97.5056  1884.54  90.0231  0.759  0.38  45.9  43  4.2106  85.05
135.894  97.6344  1946.3  94.7979  162.79  0.37  47.2  43  4.2106  85.05
135.942  97.6344  1908.68  94.9082  163.306  0.38  47.2  43  4.2106  85.05
135.991  97.6344  1981.39  88.9273  37.094  0.37  47.2  43  4.2106  85.05
136.04  97.6344  1925.94  94.8972  164.413  0.38  47.2  43  4.2106  85.05
136.089  97.7632  1964.7  89.9463  1.842  0.37  47.2  43  4.2106  85.05
136.137  97.7632  2002.93  89.7675  8.127  0.36  47.2  43  4.2106  85.05
136.186  97.7632  1991.08  89.7327  9.291  0.36  44.7  43  4.2106  85.05
136.235  97.7632  1872.1  94.085  133.361  0.39  44.7  43  4.2106  85.05
136.284  97.892  2013.56  89.8277  6.055  0.36  44.7  43  4.2106  85.05
136.332  97.892  1915.46  95.0096  167.262  0.38  44.7  43  4.2106  85.05
136.381  97.892  1972.81  89.9619  1.312  0.37  44.7  43  4.2106  85.05
136.43  98.0208  2028.75  89.417  20.641  0.36  44.7  43  4.2106  85.05
136.479  98.0208  1997.96  90.0193  0.673  0.36  44.8  43  4.2106  85.05
136.528  98.0208  1884.03  94.0511  133.098  0.38  44.8  43  4.2106  85.05
136.577  98.0208  1922.93  94.6275  155.138  0.38  44.8  43  4.2106  85.05
136.625  98.1496  1962.28  89.7341  9.108  0.37  44.8  43  4.2106  85.05
136.674  98.1496  2001.1  89.8918  3.779  0.36  44.8  43  4.2106  85.05
136.723  98.1496  1930.5  94.2644  143.549  0.38  44.8  43  4.2106  85.05
136.772  98.1496  1884.03  94.0511  133.098  0.38  44.8  43  4.2106  85.05
136.821  98.2784  1933.47  95.1181  172.484  0.38  43.1  43  4.2106  85.05
136.869  98.2784  1902.19  96.135  203.291  0.38  43.1  43  4.2106  85.05
136.918  98.2784  1883.77  94.0057  131.592  0.38  43.1  43  4.2106  85.05
136.967  98.4072  2015.87  89.602  14.002  0.36  43.1  43  4.2106  85.05
137.016  98.4072  2007.04  89.9729  0.949  0.36  43.1  43  4.2106  85.05
137.064  98.4072  1912.45  90.0266  0.887  0.38  43.1  43  4.2106  85.05
137.113  98.4072  1944.89  94.5375  153.863  0.37  44.7  43  4.2106  85.05
137.162  98.5361  1888.19  95.4378  178.935  0.38  44.7  43  4.2106  85.05
137.211  98.5361  1917.68  94.8301  161.47  0.38  44.7  43  4.2106  85.05
137.259  98.5361  1918.23  96.2369  208.397  0.38  44.7  43  4.2106  85.05
137.308  98.5361  1836.68  90.0517  1.657  0.39  44.7  43  4.2106  85.05
137.357  98.6649  1940.53  94.9303  166.775  0.37  44.7  43  4.2106  85.05
137.406  98.6649  1906.37  95.0654  168.318  0.38  44.1  43  4.2106  85.05
137.454  98.6649  1995.77  89.9752  0.864  0.36  44.1  43  4.2106  85.05
137.503  98.7937  1927.86  94.9593  166.66  0.38  44.1  43  4.2106  85.05
137.552  98.7937  1872.15  94.9483  161.486  0.39  44.1  43  4.2106  85.05
137.601  98.7937  1984.41  88.9098  37.755  0.36  44.1  43  4.2106  85.05
137.65  98.7937  1932.43  94.6159  155.511  0.38  44.1  43  4.2106  85.05
137.698  98.9225  1988.04  89.9948  0.182  0.36  46.6  43  4.2106  85.05
137.747  98.9225  2017.12  89.8479  5.354  0.36  46.6  43  4.2106  85.05
137.796  98.9225  1922.84  96.2117  208.056  0.38  46.6  43  4.2106  85.05
137.845  98.9225  1886.15  95.0263  165.253  0.39  46.6  43  4.2106  85.05
137.893  99.0513  1937.41  94.9493  167.148  0.37  46.6  43  4.2106  85.05
137.942  99.0513  1904.11  96.2193  206.279  0.38  46.6  43  4.2106  85.05
137.991  99.0513  2018.47  89.9732  0.944  0.36  46.1  43  4.2106  85.05
138.04  99.1801  2011.88  89.5459  15.944  0.36  46.1  43  4.2106  85.05
138.088  99.1801  1890.93  95.0657  166.965  0.38  46.1  43  4.2106  85.05
138.137  99.1801  1996.47  89.9156  2.94  0.36  46.1  43  4.2106  85.05
138.186  99.1801  2016.04  89.7557  8.596  0.36  46.1  43  4.2106  85.05
138.235  99.3089  1959.84  89.9342  2.25  0.37  46.1  43  4.2106  85.05
138.283  99.3089  2005.37  88.7497  43.756  0.36  46.4  43  4.2106  85.05
138.332  99.3089  1920.85  94.8326  161.821  0.38  46.4  43  4.2106  85.05
138.381  99.3089  1885.14  95.1268  168.456  0.39  46.4  43  4.2106  85.05
138.43  99.4377  1934.3  94.9682  167.517  0.38  46.4  43  4.2106  85.05
138.478  99.4377  1894.14  95.0931  168.152  0.38  46.4  43  4.2106  85.05
138.527  99.4377  1980.77  89.9585  1.435  0.37  46.4  43  4.2106  85.05
138.576  99.5665  2013.44  89.5376  16.249  0.36  46.3  43  4.2106  85.05
138.625  99.5665  1894.48  96.1308  202.328  0.38  46.3  43  4.2106  85.05
138.673  99.5665  1991.44  89.9034  3.356  0.36  46.3  43  4.2106  85.05
138.722  99.5665  1933.43  94.8028  161.879  0.38  46.3  43  4.2106  85.05
138.771  99.6953  1968.24  89.7022  10.229  0.37  46.3  43  4.2106  85.05
138.82  99.6953  2002.57  88.9214  37.698  0.36  46.3  43  4.2106  85.05
138.869  99.6953  1925.93  96.1948  207.826  0.38  45.5  43  4.2106  85.05
138.917  99.6953  1829.2  90.0543  1.735  0.4  45.5  43  4.2106  85.05
138.966  99.8241  1952.87  94.8063  163.627  0.37  45.5  43  4.2106  85.05
139.015  99.8241  1908.03  96.0549  201.262  0.38  45.5  43  4.2106  85.05
139.064  99.8241  1983.4  89.9071  3.216  0.36  45.5  43  4.2106  85.05
139.112  99.9529  2013.44  89.5376  16.249  0.36  45.5  43  4.2106  85.05
139.162  99.9529  1896.19  94.8911  161.674  0.38  45.5  43  4.2106  85.05
139.21  99.9529  1986.1  88.7846  42.128  0.36  44  43  4.2106  85.05
139.259  99.9529  1929.83  94.7286  159.088  0.38  44  43  4.2106  85.05
139.308  100.082  1959.84  89.9342  2.25  0.37  44  43  4.2106  85.05
139.357  100.082  1931.19  94.9872  167.883  0.38  44  43  4.2106  85.05
139.405  100.082  1907.88  95.0561  168.144  0.38  44  43  4.2106  85.05
139.455  100.082  1966.41  89.9575  1.459  0.37  44  43  4.2106  85.05
139.503  100.211  1938.97  94.9398  166.962  0.37  45.9  43  4.2106  85.05
139.552  100.211  1894.22  94.8088  158.795  0.38  45.9  43  4.2106  85.05
139.601  100.211  1964.92  89.0223  33.529  0.37  45.9  43  4.2106  85.05
139.65  100.339  1948.83  94.3666  148.38  0.37  45.9  43  4.2106  85.05
139.699  100.339  1878.99  94.8112  157.597  0.39  45.9  43  4.2106  85.05
139.748  100.339  1851.72  90.0104  0.337  0.39  45.9  43  4.2106  85.05
139.796  100.339  1933.04  96.0113  202.438  0.38  43.7  43  4.2106  85.05
139.845  100.468  1872.35  94.1301  134.85  0.39  43.7  43  4.2106  85.05
139.894  100.468  1942.91  94.7701  161.57  0.37  43.7  43  4.2106  85.05
139.943  100.468  1916.51  94.9074  163.95  0.38  43.7  43  4.2106  85.05
139.992  100.468  1877.92  94.0455  132.483  0.39  43.7  43  4.2106  85.05
140.04  100.597  1938.38  95.137  173.557  0.37  43.7  43  4.2106  85.05
140.089  100.597  1904.86  95.0746  168.491  0.38  45.5  43  4.2106  85.05
140.138  100.597  1990.2  89.7958  7.093  0.36  45.5  43  4.2106  85.05
140.187  100.726  1933.92  94.8963  165.067  0.38  45.5  43  4.2106  85.05
140.235  100.726  1972.6  89.9428  1.968  0.37  45.5  43  4.2106  85.05
140.284  100.726  1985.03  88.8293  40.556  0.36  45.5  43  4.2106  85.05
140.333  100.726  1935.78  94.6431  156.7  0.37  45.5  43  4.2106  85.05
140.382  100.855  1823.25  90.0494  1.572  0.4  47.9  43  4.2106  85.05
140.43  100.855  2017.97  89.9207  2.794  0.36  47.9  43  4.2106  85.05
140.479  100.855  1917.79  94.8516  162.197  0.38  47.9  43  4.2106  85.05
140.528  100.855  1826.08  89.9989  0.035  0.4  47.9  43  4.2106  85.05
140.577  100.983  2026.91  89.5438  16.14  0.36  47.9  43  4.2106  85.05
140.625  100.983  1891.95  94.9649  163.74  0.38  47.9  43  4.2106  85.05
140.674  100.983  1972.18  89.0948  31.158  0.37  45.5  43  4.2106  85.05
140.723  101.112  2016.74  89.6748  11.447  0.36  45.5  43  4.2106  85.05
140.772  101.112  1890.78  94.7362  156.116  0.38  45.5  43  4.2106  85.05
140.82  101.112  2002.29  88.7677  43.063  0.36  45.5  43  4.2106  85.05
140.869  101.112  1921.34  94.9256  164.968  0.38  45.5  43  4.2106  85.05
140.918  101.241  1976.3  89.8482  5.237  0.37  45.5  43  4.2106  85.05
140.967  101.241  2001.68  89.5233  16.655  0.36  44.8  43  4.2106  85.05
141.016  101.241  1912.98  94.8337  161.195  0.38  44.8  43  4.2106  85.05
141.065  101.241  1886.15  95.0263  165.253  0.39  44.8  43  4.2106  85.05
141.113  101.37  1933.47  95.1181  172.484  0.38  44.8  43  4.2106  85.05
141.162  101.37  1900.43  94.8171  159.588  0.38  44.8  43  4.2106  85.05
141.211  101.37  1912.45  90.0266  0.887  0.38  44.8  43  4.2106  85.05
141.26  101.499  1939.4  94.7174  159.499  0.37  46.5  43  4.2106  85.05
141.309  101.499  1882.39  94.8836  160.251  0.39  46.5  43  4.2106  85.05
141.357  101.499  2020.7  89.8682  4.648  0.36  46.5  43  4.2106  85.05
141.406  101.499  1905.42  94.8809  162.121  0.38  46.5  43  4.2106  85.05
141.455  101.627  1815.79  90.017  0.538  0.4  46.5  43  4.2106  85.05
141.504  101.627  1936.42  94.7618  160.75  0.37  46.5  43  4.2106  85.05
141.553  101.627  1899.41  94.9184  162.848  0.38  46  43  4.2106  85.05
141.601  101.627  1871.85  94.0399  131.874  0.39  46  43  4.2106  85.05
141.65  101.756  2023.48  89.6783  11.361  0.36  46  43  4.2106  85.05
141.699  101.756  1877.67  95.1478  168.475  0.39  46  43  4.2106  85.05
141.748  101.756  1954.15  89.0466  32.517  0.37  46  43  4.2106  85.05
141.796  101.756  1921.64  94.6837  156.91  0.38  46  43  4.2106  85.05
141.845  101.885  1996.45  90.027  0.94  0.36  46  43  4.2106  85.05
141.894  101.885  2033.38  89.9745  0.906  0.36  47.5  43  4.2106  85.05
141.943  101.885  1927.26  96.1395  206.119  0.38  47.5  43  4.2106  85.05
141.991  102.014  1875.31  95.2811  172.608  0.39  47.5  43  4.2106  85.05
142.04  102.014  1942.83  95.0618  171.417  0.37  47.5  43  4.2106  85.05
142.089  102.014  1916.28  96.1521  205.363  0.38  47.5  43  4.2106  85.05
142.138  102.014  1867.76  94.1145  134.011  0.39  47.5  43  4.2106  85.05
142.187  102.143  1995.95  89.5923  14.203  0.36  44.9  43  4.2106  85.05
142.236  102.143  1873.61  94.9391  161.311  0.39  44.9  43  4.2106  85.05
142.284  102.143  1964.3  89.1017  30.794  0.37  44.9  43  4.2106  85.05
142.333  102.143  1937.08  94.5866  154.9  0.37  44.9  43  4.2106  85.05
142.382  102.271  1978.67  90.0055  0.19  0.37  44.9  43  4.2106  85.05
142.43  102.271  1916.15  94.8396  161.658  0.38  44.9  43  4.2106  85.05
142.479  102.271  1898.39  95.0196  166.101  0.38  45.7  43  4.2106  85.05
142.528  102.4  1955  89.9222  2.654  0.37  45.7  43  4.2106  85.05
142.577  102.4  1940.28  94.8833  165.17  0.37  45.7  43  4.2106  85.05
142.625  102.4  1894.22  94.8088  158.795  0.38  45.7  43  4.2106  85.05
142.674  102.4  1874.76  94.0201  131.431  0.39  45.7  43  4.2106  85.05
142.723  102.529  1942.1  94.9207  166.588  0.37  45.7  43  4.2106  85.05
142.772  102.529  1870.82  95.2836  172.276  0.39  44.6  43  4.2106  85.05
142.82  102.529  1962.38  89.0748  31.687  0.37  44.6  43  4.2106  85.05
142.869  102.658  1930.36  96.1225  205.88  0.38  44.6  43  4.2106  85.05
142.918  102.658  1807.09  90.0435  1.372  0.4  44.6  43  4.2106  85.05
142.967  102.658  1984.41  88.9098  37.755  0.36  44.6  43  4.2106  85.05
143.016  102.658  1918.7  95.9952  200.398  0.38  44.6  43  4.2106  85.05
143.064  102.787  1880.95  95.1996  170.463  0.39  45  43  4.2106  85.05
143.113  102.787  2010.13  89.9605  1.385  0.36  45  43  4.2106  85.05
143.162  102.787  1886.95  95.1846  170.513  0.38  45  43  4.2106  85.05
143.21  102.787  1867.27  94.0245  131.05  0.39  45  43  4.2106  85.05
143.259  102.915  2011.88  89.5459  15.944  0.36  45  43  4.2106  85.05
143.308  102.915  1808.44  90.001  0.032  0.4  45  43  4.2106  85.05
143.357  102.915  1970.44  88.9523  36.028  0.37  45.5  43  4.2106  85.05
143.405  102.915  1921.39  94.6372  155.337  0.38  45.5  43  4.2106  85.05
143.454  103.044  1951.93  89.7893  7.179  0.37  45.5  43  4.2106  85.05
143.503  103.044  1847.21  90.0336  1.083  0.39  45.5  43  4.2106  85.05
143.552  103.044  1907.88  95.0561  168.144  0.38  45.5  43  4.2106  85.05
143.6  103.173  1873.41  95.1993  169.768  0.39  45.5  43  4.2106  85.05
143.649  103.173  2006.59  89.9402  2.094  0.36  46.6  43  4.2106  85.05
143.698  103.173  1903.36  95.0839  168.663  0.38  46.6  43  4.2106  85.05
143.747  103.173  1999.25  89.9952  0.169  0.36  46.6  43  4.2106  85.05
143.795  103.302  1922.43  94.5346  151.99  0.38  46.6  43  4.2106  85.05
143.844  103.302  1898.5  96.3449  209.81  0.38  46.6  43  4.2106  85.05
143.893  103.302  1972.18  89.0948  31.158  0.37  46.6  43  4.2106  85.05
143.942  103.302  1927.24  94.841  162.643  0.38  45.5  43  4.2106  85.05
143.99  103.431  1877.52  94.8206  157.779  0.39  45.5  43  4.2106  85.05
144.039  103.431  2015.84  89.7388  9.189  0.36  45.5  43  4.2106  85.05
144.088  103.431  1902.19  96.135  203.291  0.38  45.5  43  4.2106  85.05
144.137  103.559  1879.93  95.2998  173.642  0.39  45.5  43  4.2106  85.05
144.186  103.559  1938.97  94.9398  166.962  0.37  45.5  43  4.2106  85.05
144.235  103.559  1894.37  95.139  169.683  0.38  45.5  43  4.2106  85.05
144.284  103.559  1893.57  94.9802  164.382  0.38  44.6  43  4.2106  85.05
144.332  103.688  1927.54  94.5984  154.534  0.38  44.6  43  4.2106  85.05
144.381  103.688  1883.39  94.7832  157.048  0.39  44.6  43  4.2106  85.05
144.43  103.688  1975.99  88.8819  38.556  0.37  44.6  43  4.2106  85.05
144.479  103.817  1934.37  95.9557  200.709  0.38  44.6  43  4.2106  85.05
144.528  103.817  1974.38  89.8205  6.187  0.37  44.6  43  4.2106  85.05
144.577  103.817  2033.86  90.0105  0.374  0.36  43.9  43  4.2106  85.05
144.625  103.817  1913.64  96.2621  208.732  0.38  43.9  43  4.2106  85.05
144.674  103.946  1876.77  95.2722  172.451  0.39  43.9  43  4.2106  85.05
144.722  103.946  1936.34  95.0525  170.531  0.38  43.9  43  4.2106  85.05
144.772  103.946  1890  96.1559  202.672  0.38  43.9  43  4.2106  85.05
144.82  103.946  1993.81  89.9476  1.825  0.36  43.9  43  4.2106  85.05
144.869  104.075  1931.13  94.6723  157.302  0.38  45.3  43  4.2106  85.05
144.918  104.075  1991.49  90.0147  0.51  0.36  45.3  43  4.2106  85.05
144.967  104.075  1975.18  89.0777  31.795  0.37  45.3  43  4.2106  85.05
145.015  104.075  1929.08  94.5887  154.33  0.38  45.3  43  4.2106  85.05
145.064  104.203  1864.56  95.5331  179.782  0.39  45.3  43  4.2106  85.05
145.113  104.203  1854.73  89.9949  0.164  0.39  45.3  43  4.2106  85.05
145.162  104.203  1906.93  94.8715  161.937  0.38  44.9  43  4.2106  85.05
145.21  104.332  1871.35  93.9497  128.9  0.39  44.9  43  4.2106  85.05
145.259  104.332  2008.32  89.5263  16.605  0.36  44.9  43  4.2106  85.05
145.308  104.332  1881.38  94.9839  163.447  0.39  44.9  43  4.2106  85.05
145.357  104.332  1881.84  95.382  176.508  0.39  44.9  43  4.2106  85.05
145.405  104.461  2023.05  89.6418  12.647  0.36  44.9  43  4.2106  85.05
145.454  104.461  1872.84  95.0842  165.971  0.39  45.8  43  4.2106  85.05
145.503  104.461  1979.61  88.7841  42.006  0.37  45.8  43  4.2106  85.05
145.552  104.461  1927.29  94.5518  152.952  0.38  45.8  43  4.2106  85.05
145.6  104.59  1874.29  95.3809  175.764  0.39  45.8  43  4.2106  85.05
145.649  104.59  2040.13  89.979  0.746  0.35  45.8  43  4.2106  85.05
145.698  104.59  1915.64  96.0123  200.648  0.38  45.8  43  4.2106  85.05
145.747  104.719  1974.32  89.9541  1.582  0.37  45.3  43  4.2106  85.05
145.796  104.719  1935.61  94.9119  165.735  0.38  45.3  43  4.2106  85.05
145.844  104.719  1883.31  95.0659  166.298  0.39  45.3  43  4.2106  85.05
145.893  104.719  1988.79  89.9551  1.56  0.36  45.3  43  4.2106  85.05
145.942  104.848  1938.38  94.53  153.094  0.37  45.3  43  4.2106  85.05
145.991  104.848  2002.49  89.9962  0.134  0.36  45.3  43  4.2106  85.05
146.039  104.848  2025.12  89.9777  0.787  0.36  44.3  43  4.2106  85.05
146.088  104.848  1912.98  94.8337  161.195  0.38  44.3  43  4.2106  85.05
146.137  104.976  1955.28  89.8088  6.525  0.37  44.3  43  4.2106  85.05
146.186  104.976  2014.41  89.9003  3.504  0.36  44.3  43  4.2106  85.05
146.234  104.976  1922.63  96.1649  206.473  0.38  44.3  43  4.2106  85.05
146.283  105.105  1879.34  95.4909  179.83  0.39  44.3  43  4.2106  85.05
146.332  105.105  2007.63  89.607  13.77  0.36  45.8  43  4.2106  85.05
146.381  105.105  1883.86  94.8743  160.072  0.39  45.8  43  4.2106  85.05
146.43  105.105  1977.34  89.9385  2.123  0.37  45.8  43  4.2106  85.05
146.478  105.234  2006.23  89.7681  8.12  0.36  45.8  43  4.2106  85.05
146.527  105.234  1968.38  89.852  5.084  0.37  45.8  43  4.2106  85.05
146.576  105.234  1978.71  88.7126  44.458  0.37  45.8  43  4.2106  85.05
146.625  105.234  1935.53  94.5964  155.105  0.37  45.8  43  4.2106  85.05
146.674  105.363  1943.54  89.8711  4.372  0.37  45.3  43  4.2106  85.05
146.722  105.363  2033.38  89.9745  0.906  0.36  45.3  43  4.2106  85.05
146.771  105.363  1889.92  96.4861  213.489  0.39  45.3  43  4.2106  85.05
146.82  105.492  1960.79  89.742  8.83  0.37  45.3  43  4.2106  85.05
146.869  105.492  1935.36  94.8651  164.137  0.38  45.3  43  4.2106  85.05
146.917  105.492  1890.61  96.2938  207.263  0.38  45.3  43  4.2106  85.05
146.966  105.62  1964.49  88.9868  34.738  0.37  45.1  43  4.2106  85.05
147.015  105.62  1998.07  89.7724  7.938  0.36  45.1  43  4.2106  85.05
147.064  105.62  1809.97  90.0284  0.898  0.4  45.1  43  4.2106  85.05
147.112  105.62  1986.85  89.9271  2.527  0.36  45.1  43  4.2106  85.05
147.161  105.749  1912.01  94.6487  154.962  0.38  45.1  43  4.2106  85.05
147.21  105.749  1864.35  95.4879  178.297  0.39  45.1  43  4.2106  85.05
147.259  105.749  2000.26  89.8197  6.295  0.36  46.2  43  4.2106  85.05
147.307  105.749  1904.39  94.9824  165.396  0.38  46.2  43  4.2106  85.05
147.356  105.878  1887.63  95.0171  165.08  0.38  46.2  43  4.2106  85.05
147.405  105.878  2022.87  89.4874  18.096  0.36  46.2  43  4.2106  85.05
147.454  105.878  1891.39  95.1573  170.017  0.38  46.2  43  4.2106  85.05
147.503  106.007  1999.25  89.9952  0.169  0.36  46.2  43  4.2106  85.05
147.552  106.007  1921.15  94.5908  153.766  0.38  46.7  43  4.2106  85.05
147.601  106.007  1988.49  90.03  1.041  0.36  46.7  43  4.2106  85.05
147.649  106.007  1850.21  90.0182  0.587  0.39  46.7  43  4.2106  85.05
147.698  106.136  1925.75  94.5616  153.156  0.38  46.7  43  4.2106  85.05
147.747  106.136  1869.92  95.4075  176.217  0.39  46.7  43  4.2106  85.05
147.796  106.136  2023.43  89.8156  6.514  0.36  46.7  43  4.2106  85.05
147.845  106.136  1911.47  94.8431  161.382  0.38  46.2  43  4.2106  85.05
147.893  106.264  1974.32  89.9541  1.582  0.37  46.2  43  4.2106  85.05
147.942  106.264  2021.47  89.6501  12.346  0.36  46.2  43  4.2106  85.05
147.991  106.264  1817.19  89.9905  0.3  0.4  46.2  43  4.2106  85.05
148.04  106.264  1960.9  89.0833  31.372  0.37  46.2  43  4.2106  85.05
148.088  106.393  1930.12  94.4857  150.954  0.38  46.2  43  4.2106  85.05
148.137  106.393  1997.49  89.9839  0.562  0.36  45.3  43  4.2106  85.05
148.186  106.393  1912.45  90.0266  0.887  0.38  45.3  43  4.2106  85.05
148.235  106.393  1907.96  94.7697  158.649  0.38  45.3  43  4.2106  85.05
148.284  106.522  1959.44  89.8989  3.457  0.37  45.3  43  4.2106  85.05
148.332  106.522  2043.76  89.9995  0.019  0.35  45.3  43  4.2106  85.05
148.381  106.522  1909.28  96.3335  210.623  0.38  45.3  43  4.2106  85.05
148.43  106.651  1814.44  90.0596  1.888  0.4  45.5  43  4.2106  85.05
148.478  106.651  2017.61  89.7476  8.89  0.36  45.5  43  4.2106  85.05
148.527  106.651  1868.7  95.1567  167.959  0.39  45.5  43  4.2106  85.05
148.576  106.651  1986.55  88.8205  40.893  0.36  45.5  43  4.2106  85.05
148.625  106.78  1935.71  95.8999  198.975  0.38  45.5  43  4.2106  85.05
148.674  106.78  1952.73  89.8596  4.785  0.37  45.5  43  4.2106  85.05
148.723  106.78  2003.07  89.92  2.799  0.36  44.1  43  4.2106  85.05
148.771  106.78  1913.22  96.1689  205.596  0.38  44.1  43  4.2106  85.05
148.82  106.908  1881.96  95.0994  167.277  0.39  44.1  43  4.2106  85.05
148.869  106.908  1930.46  94.847  163.114  0.38  44.1  43  4.2106  85.05
148.918  106.908  1890.7  95.0199  165.44  0.38  44.1  43  4.2106  85.05
148.967  107.037  1890.6  94.9987  164.733  0.38  44.1  43  4.2106  85.05
149.016  107.037  2008.32  89.5263  16.605  0.36  44.6  43  4.2106  85.05
149.065  107.037  1908.92  94.9544  164.859  0.38  44.6  43  4.2106  85.05
149.113  107.037  1916.15  94.8396  161.658  0.38  44.6  43  4.2106  85.05
149.162  107.166  1949.07  94.7061  159.91  0.37  44.6  43  4.2106  85.05
149.211  107.166  1965.66  89.7536  8.454  0.37  44.6  43  4.2106  85.05
149.26  107.166  1990.93  88.9107  37.848  0.36  44.6  43  4.2106  85.05
149.308  107.166  1922.55  94.2678  143.073  0.38  44.6  43  4.2106  85.05
149.357  107.295  1971.78  89.8718  4.412  0.37  46.7  43  4.2106  85.05
149.406  107.295  1930.46  94.847  163.114  0.38  46.7  43  4.2106  85.05
149.455  107.295  1906.6  94.5146  150.073  0.38  46.7  43  4.2106  85.05
149.503  107.424  1901.04  94.9337  163.493  0.38  46.7  43  4.2106  85.05
149.552  107.424  1942.81  94.4535  150.858  0.37  46.7  43  4.2106  85.05
149.601  107.424  1896.18  96.1685  203.751  0.38  46.7  43  4.2106  85.05
149.65  107.424  1983.68  88.7217  44.253  0.36  47  43  4.2106  85.05
149.699  107.552  1929.08  94.5887  154.33  0.38  47  43  4.2106  85.05
149.747  107.552  1877.52  94.8206  157.779  0.39  47  43  4.2106  85.05
149.796  107.552  2016.4  89.9287  2.511  0.36  47  43  4.2106  85.05
149.845  107.552  1907.4  94.9638  165.039  0.38  47  43  4.2106  85.05
149.894  107.681  1881.84  95.382  176.508  0.39  47  43  4.2106  85.05
149.943  107.681  1938.97  94.9398  166.962  0.37  46.6  43  4.2106  85.05
149.992  107.681  1898.85  95.1115  169.177  0.38  46.6  43  4.2106  85.05
150.04  107.681  1839.65  90.0364  1.167  0.39  46.6  43  4.2106  85.05
150.089  107.81  1942.59  95.0148  169.806  0.37  46.6  43  4.2106  85.05
150.138  107.81  1890.21  96.2019  204.202  0.38  46.6  43  4.2106  85.05
150.187  107.81  2003.07  89.92  2.799  0.36  46.6  43  4.2106  85.05
150.236  107.939  1937.84  94.7271  159.697  0.37  45.2  43  4.2106  85.05
150.284  107.939  1967.97  89.8165  6.301  0.37  45.2  43  4.2106  85.05
150.333  107.939  2018.69  89.8399  5.642  0.36  45.2  43  4.2106  85.05
150.382  107.939  1910.98  94.7507  158.268  0.38  45.2  43  4.2106  85.05
150.43  108.068  1877.87  95.4997  179.977  0.39  45.2  43  4.2106  85.05
150.479  108.068  1933.81  94.8746  164.327  0.38  45.2  43  4.2106  85.05
150.528  108.068  1896.19  94.8911  161.674  0.38  44.3  43  4.2106  85.05
150.577  108.068  2002.27  89.9797  0.709  0.36  44.3  43  4.2106  85.05
150.625  108.196  2033.01  89.6286  13.177  0.36  44.3  43  4.2106  85.05
150.674  108.196  1875.3  94.9753  162.636  0.39  44.3  43  4.2106  85.05
150.723  108.196  1989.86  88.9554  36.275  0.36  44.3  43  4.2106  85.05
150.772  108.325  1935.46  96.191  208.724  0.38  44.3  43  4.2106  85.05
150.821  108.325  1886.49  95.401  177.566  0.39  44.6  43  4.2106  85.05
150.87  108.325  1995.63  89.8437  5.444  0.36  44.6  43  4.2106  85.05
150.919  108.325  1918.91  96.0418  201.974  0.38  44.6  43  4.2106  85.05
150.967  108.454  1880.59  95.4365  178.171  0.39  44.6  43  4.2106  85.05
151.016  108.454  1945.73  94.9958  169.439  0.37  44.6  43  4.2106  85.05
151.065  108.454  1894.68  96.1769  203.865  0.38  44.6  43  4.2106  85.05
151.114  108.454  1998.01  89.9077  3.218  0.36  44.3  43  4.2106  85.05
151.163  108.583  2017.88  89.6301  13.026  0.36  44.3  43  4.2106  85.05
151.211  108.583  1989.07  89.9518  1.673  0.36  44.3  43  4.2106  85.05
151.26  108.583  1995.21  89.8077  6.696  0.36  44.3  43  4.2106  85.05
151.309  108.712  1930.08  94.7753  160.675  0.38  44.3  43  4.2106  85.05
151.358  108.712  1962.81  89.9187  2.785  0.37  44.3  43  4.2106  85.05
151.407  108.712  2053.28  89.9519  1.724  0.35  45.2  43  4.2106  85.05
151.456  108.712  1913.94  95.0189  167.44  0.38  45.2  43  4.2106  85.05
151.504  108.84  1898.83  93.9509  130.833  0.38  45.2  43  4.2106  85.05
151.553  108.84  1931.68  95.0807  171.066  0.38  45.2  43  4.2106  85.05
151.602  108.84  1898.09  96.2525  206.722  0.38  45.2  43  4.2106  85.05
151.651  108.84  1974.32  89.9541  1.582  0.37  45.2  43  4.2106  85.05
151.7  108.969  1916.32  94.5735  152.803  0.38  45.2  43  4.2106  85.05
151.748  108.969  1884.56  95.0111  164.613  0.39  44.9  43  4.2106  85.05
151.797  108.969  1990.3  88.9914  35.034  0.36  44.9  43  4.2106  85.05
151.846  109.098  1935.47  94.8868  164.879  0.38  44.9  43  4.2106  85.05
151.895  109.098  1959.44  89.8989  3.457  0.37  44.9  43  4.2106  85.05
151.944  109.098  1926.08  94.9221  165.261  0.38  44.9  43  4.2106  85.05
151.992  109.098  1922.84  96.2117  208.056  0.38  44.9  43  4.2106  85.05
152.041  109.227  1826.08  89.9989  0.035  0.4  46.8  43  4.2106  85.05
152.09  109.227  2020.59  89.5771  14.913  0.36  46.8  43  4.2106  85.05
152.138  109.227  1897.2  94.79  158.424  0.38  46.8  43  4.2106  85.05
152.187  109.227  1976.24  89.0334  33.338  0.37  46.8  43  4.2106  85.05
152.236  109.356  1939.95  94.5201  152.885  0.37  46.8  43  4.2106  85.05
152.285  109.356  1884.33  94.9655  163.098  0.39  46.8  43  4.2106  85.05
152.333  109.356  1989.86  88.9554  36.275  0.36  46.1  43  4.2106  85.05
152.382  109.485  1928.04  94.6916  157.699  0.38  46.1  43  4.2106  85.05
152.431  109.485  1948.99  89.8049  6.635  0.37  46.1  43  4.2106  85.05
152.48  109.485  1936.91  94.8555  163.948  0.37  46.1  43  4.2106  85.05
152.528  109.485  1922.84  96.2117  208.056  0.38  46.1  43  4.2106  85.05
152.577  109.613  1884.91  95.0812  166.94  0.39  46.1  43  4.2106  85.05
152.626  109.613  2022.17  89.5688  15.218  0.36  45.1  43  4.2106  85.05
152.675  109.613  1895.95  94.8453  160.141  0.38  45.1  43  4.2106  85.05
152.723  109.613  2015.4  89.9888  0.394  0.36  45.1  43  4.2106  85.05
152.772  109.742  2014.04  89.7275  9.579  0.36  45.1  43  4.2106  85.05
152.821  109.742  1995.99  89.9916  0.292  0.36  45.1  43  4.2106  85.05
152.87  109.742  2034.94  89.9666  1.187  0.36  45.1  43  4.2106  85.05
152.919  109.871  1907.71  94.7236  157.099  0.38  46.1  43  4.2106  85.05
152.967  109.871  1959.04  89.8636  4.662  0.37  46.1  43  4.2106  85.05
153.016  109.871  1920.17  95.0064  167.566  0.38  46.1  43  4.2106  85.05
153.065  109.871  1902.4  96.1813  204.841  0.38  46.1  43  4.2106  85.05
153.114  110  1957.33  89.1793  28.035  0.37  46.1  43  4.2106  85.05
153.163  110  1925.5  95.118  171.769  0.38  46.1  43  4.2106  85.05
153.212  110  1900.2  96.3829  211.251  0.38  44.9  43  4.2106  85.05
153.261  110  2025.6  90.0137  0.483  0.36  44.9  43  4.2106  85.05
153.309  110.129  2012.56  89.4649  18.794  0.36  44.9  43  4.2106  85.05
153.358  110.129  1874.84  94.8845  159.638  0.39  44.9  43  4.2106  85.05
153.407  110.129  2024.05  90.0215  0.758  0.36  44.9  43  4.2106  85.05
153.456  110.257  1916.51  94.9074  163.95  0.38  44.9  43  4.2106  85.05
153.504  110.257  1956.08  89.8792  4.123  0.37  46.2  43  4.2106  85.05
153.553  110.257  1933.31  94.7811  161.139  0.38  46.2  43  4.2106  85.05
153.602  110.257  1903.7  96.1266  203.174  0.38  46.2  43  4.2106  85.05
153.651  110.386  1882.87  95.2818  173.326  0.39  46.2  43  4.2106  85.05
153.699  110.386  2013.61  89.6912  10.853  0.36  46.2  43  4.2106  85.05
153.749  110.386  1898.97  96.1056  201.978  0.38  46.2  43  4.2106  85.05
153.798  110.386  2015.4  89.9888  0.394  0.36  46.3  43  4.2106  85.05
153.846  110.515  1930.12  94.4857  150.954  0.38  46.3  43  4.2106  85.05
153.895  110.515  1985.06  90.0101  0.349  0.36  46.3  43  4.2106  85.05
153.944  110.515  1914.63  94.849  161.845  0.38  46.3  43  4.2106  85.05
153.992  110.644  1921.09  96.1734  206.59  0.38  46.3  43  4.2106  85.05
154.041  110.644  1956.35  89.7657  8  0.37  46.3  43  4.2106  85.05
154.091  110.644  1923.48  95.0342  168.785  0.38  45.8  43  4.2106  85.05
154.14  110.644  1909.28  96.3335  210.623  0.38  45.8  43  4.2106  85.05
154.189  110.773  1892.08  94.9894  164.558  0.38  45.8  43  4.2106  85.05
154.237  110.773  2013.18  89.6549  12.127  0.36  45.8  43  4.2106  85.05
154.286  110.773  1885.57  94.9106  161.407  0.39  45.8  43  4.2106  85.05
154.335  110.773  1987.27  89.9629  1.286  0.36  45.8  43  4.2106  85.05
154.384  110.901  1930.82  94.9154  165.441  0.38  45.8  43  4.2106  85.05
154.433  110.901  1983.57  90.0177  0.613  0.36  45.2  43  4.2106  85.05
154.481  110.901  1920.98  94.8575  162.665  0.38  45.2  43  4.2106  85.05
154.53  111.03  1920.88  96.1267  205.009  0.38  45.2  43  4.2106  85.05
154.579  111.03  1881.62  95.3364  174.996  0.39  45.2  43  4.2106  85.05
154.628  111.03  1934.3  94.9682  167.517  0.38  45.2  43  4.2106  85.05
154.676  111.03  1910.8  96.3252  210.516  0.38  45.2  43  4.2106  85.05
154.725  111.159  1884.98  93.9503  129.859  0.38  45.3  43  4.2106  85.05
154.774  111.159  1936.32  94.4462  150.11  0.37  45.3  43  4.2106  85.05
154.823  111.159  1882.52  95.2117  171.002  0.39  45.3  43  4.2106  85.05
154.871  111.288  1839.55  90.0008  0.025  0.39  45.3  43  4.2106  85.05
154.92  111.288  1924.65  94.9532  166.179  0.38  45.3  43  4.2106  85.05
154.969  111.288  1952.05  89.9377  2.123  0.37  45.3  43  4.2106  85.05
155.018  111.288  2040.61  90.0152  0.542  0.35  45  43  4.2106  85.05
155.066  111.417  1920.66  96.08  203.429  0.38  45  43  4.2106  85.05
155.115  111.417  1884.57  95.3185  174.684  0.39  45  43  4.2106  85.05
155.164  111.417  1932.15  95.1743  174.252  0.38  45  43  4.2106  85.05
155.213  111.417  1901.71  96.3747  211.148  0.38  45  43  4.2106  85.05
155.262  111.545  1889.35  95.0536  166.429  0.38  45  43  4.2106  85.05
155.31  111.545  1930.37  94.5323  152.54  0.38  44.2  43  4.2106  85.05
155.359  111.545  1877.21  95.0569  165.467  0.39  44.2  43  4.2106  85.05
155.408  111.674  1993.26  89.7798  7.661  0.36  44.2  43  4.2106  85.05
155.457  111.674  1933.04  96.0113  202.438  0.38  44.2  43  4.2106  85.05
155.506  111.674  1989.99  90.0223  0.775  0.36  44.2  43  4.2106  85.05
155.554  111.674  2037.47  90.0309  1.1  0.36  44.2  43  4.2106  85.05
155.603  111.803  1913.64  96.2621  208.732  0.38  46.3  43  4.2106  85.05
155.652  111.803  1880.95  95.1996  170.463  0.39  46.3  43  4.2106  85.05
155.7  111.803  1938.14  95.09  171.954  0.37  46.3  43  4.2106  85.05
155.749  111.803  1899.18  96.1518  203.522  0.38  46.3  43  4.2106  85.05
155.798  111.932  1886.71  93.9857  131.141  0.38  46.3  43  4.2106  85.05
155.847  111.932  2016.47  89.7921  7.318  0.36  46.3  43  4.2106  85.05
155.896  111.932  1888.52  96.1642  202.786  0.39  46.1  43  4.2106  85.05
155.945  112.061  2021.56  89.9575  1.498  0.36  46.1  43  4.2106  85.05
155.993  112.061  1932.82  95.9643  200.838  0.38  46.1  43  4.2106  85.05
156.042  112.061  1952.33  89.8244  5.982  0.37  46.1  43  4.2106  85.05
156.091  112.061  1923.8  94.792  160.71  0.38  46.1  43  4.2106  85.05
156.14  112.189  1915.85  96.0589  202.219  0.38  46.1  43  4.2106  85.05
156.188  112.189  1889.81  95.1451  169.476  0.38  46.4  43  4.2106  85.05
156.237  112.189  2013  89.5013  17.522  0.36  46.4  43  4.2106  85.05
156.286  112.189  1899.39  96.198  205.067  0.38  46.4  43  4.2106  85.05
156.335  112.318  1883.52  93.9603  130.086  0.39  46.4  43  4.2106  85.05
156.383  112.318  1931.92  94.5225  152.332  0.38  46.4  43  4.2106  85.05
156.433  112.318  1879.68  94.9476  162.113  0.39  46.4  43  4.2106  85.05
156.482  112.447  2017.41  90.0168  0.59  0.36  46.6  43  4.2106  85.05
156.53  112.447  1924.16  94.8601  163.02  0.38  46.6  43  4.2106  85.05
156.579  112.447  1952.33  89.8244  5.982  0.37  46.6  43  4.2106  85.05
156.627  112.447  1928.91  94.8565  163.303  0.38  46.6  43  4.2106  85.05
156.676  112.576  1912.53  96.3635  211.976  0.38  46.6  43  4.2106  85.05
156.725  112.576  1880.5  95.1085  167.444  0.39  46.6  43  4.2106  85.05
156.774  112.576  2009.88  89.518  16.91  0.36  46.6  43  4.2106  85.05
156.823  112.576  1897.47  96.114  202.095  0.38  45.1  43  4.2106  85.05
156.872  112.705  1835.1  90.0238  0.763  0.39  45.1  43  4.2106  85.05
156.92  112.705  1931.92  94.5225  152.332  0.38  45.1  43  4.2106  85.05
156.969  112.705  1881.15  94.9384  161.938  0.39  45.1  43  4.2106  85.05
157.018  112.833  2030.74  90.0262  0.928  0.36  45.1  43  4.2106  85.05
157.067  112.833  1929.71  95.9817  201.095  0.38  45.1  43  4.2106  85.05
157.116  112.833  1950.58  89.9454  1.859  0.37  44.2  43  4.2106  85.05
157.164  112.833  1925.59  94.829  162.099  0.38  44.2  43  4.2106  85.05
157.213  112.962  1908.03  96.0549  201.262  0.38  44.2  43  4.2106  85.05
157.262  112.962  1881.74  95.0539  165.766  0.39  44.2  43  4.2106  85.05
157.311  112.962  2015.44  89.5656  15.279  0.36  44.2  43  4.2106  85.05
157.359  113.091  1896.18  96.1685  203.751  0.38  44.2  43  4.2106  85.05
157.408  113.091  1835.01  89.9883  0.374  0.39  45.2  43  4.2106  85.05
157.457  113.091  1932.43  94.6159  155.511  0.38  45.2  43  4.2106  85.05
157.506  113.091  1878.45  95.0023  163.793  0.39  45.2  43  4.2106  85.05
157.554  113.22  2020.96  90.037  1.306  0.36  45.2  43  4.2106  85.05
157.603  113.22  1921.34  94.9256  164.968  0.38  45.2  43  4.2106  85.05
157.652  113.22  1951.66  89.9025  3.32  0.37  45.2  43  4.2106  85.05
157.701  113.22  2043.76  89.9995  0.019  0.35  46.5  43  4.2106  85.05
157.75  113.349  1911.9  96.2239  207.277  0.38  46.5  43  4.2106  85.05
157.798  113.349  1884.91  95.0812  166.94  0.39  46.5  43  4.2106  85.05
157.847  113.349  2017.88  89.6301  13.026  0.36  46.5  43  4.2106  85.05
157.896  113.477  1885.47  95.1936  170.677  0.39  46.5  43  4.2106  85.05
157.945  113.477  1891.14  93.9556  130.458  0.38  46.5  43  4.2106  85.05
157.994  113.477  1927.79  94.645  156.116  0.38  46.2  43  4.2106  85.05
158.042  113.477  1879.22  94.8567  159.102  0.39  46.2  43  4.2106  85.05
158.091  113.606  1999.97  89.9358  2.241  0.36  46.2  43  4.2106  85.05
158.14  113.606  1932.6  95.9174  199.239  0.38  46.2  43  4.2106  85.05
