Date  25.4.2024
time  13:11:18
#_Alloy  1
type_of_Glass  1
#_bobbin  0
time_seconds  length  Z  Phase  R  C  pressure  winding_Speed  speed_of_feeding_glass  power_of_generator_percent
0.026  0.128805  1923  94.941  165.629  0.38  34.5  65  3.4688  95.2999
0.075  0.128805  1900.43  94.8171  159.588  0.38  36.1  65  3.4688  95.2999
0.124  0.128805  1826.17  90.0342  1.091  0.4  36.1  65  3.4688  95.2999
0.172  0.257611  1925.97  95.2113  174.935  0.38  36.1  65  3.4688  95.2999
0.221  0.257611  1789.86  90.0637  1.99  0.4  36.1  65  3.4688  95.2999
0.27  0.386416  1981.06  89.8436  5.409  0.37  36.1  65  3.4688  95.2999
0.319  0.386416  1995.26  89.6724  11.407  0.36  36.1  65  3.4688  95.2999
0.367  0.386416  1931.55  89.8979  3.443  0.37  34.5  65  3.4688  95.2999
0.416  0.515221  1922.27  94.8015  160.902  0.38  34.5  65  3.4688  95.2999
0.465  0.515221  1912.19  94.9819  166.057  0.38  34.5  65  3.4688  95.2999
0.513  0.515221  1881.74  95.0539  165.766  0.39  34.5  65  3.4688  95.2999
0.562  0.644026  1936.1  95.0056  168.931  0.38  34.5  65  3.4688  95.2999
0.611  0.644026  1895.4  95.038  166.449  0.38  34.5  65  3.4688  95.2999
0.66  0.772832  1812.9  90.0321  1.016  0.4  35.7  65  3.4688  95.2999
0.709  0.772832  2003.66  89.5511  15.697  0.36  35.7  65  3.4688  95.2999
0.758  0.772832  1974.25  90.0283  0.976  0.37  35.7  65  3.4688  95.2999
0.806  0.901637  2011.87  89.9687  1.1  0.36  35.7  65  3.4688  95.2999
0.855  0.901637  1915.85  96.0589  202.219  0.38  35.7  65  3.4688  95.2999
0.904  1.03044  1876.41  95.5085  180.123  0.39  35.7  65  3.4688  95.2999
0.953  1.03044  2030.74  90.0262  0.928  0.36  34.6  65  3.4688  95.2999
1.001  1.03044  1873.51  95.2203  170.463  0.39  34.6  65  3.4688  95.2999
1.05  1.15925  1876.77  95.2722  172.451  0.39  34.6  65  3.4688  95.2999
1.099  1.15925  1936.1  95.0056  168.931  0.38  34.6  65  3.4688  95.2999
1.148  1.28805  1886.36  96.3644  209.105  0.39  34.6  65  3.4688  95.2999
1.197  1.28805  1943.28  88.0513  66.079  0.37  34.6  65  3.4688  95.2999
1.246  1.28805  1917.59  95.1179  171.061  0.38  34.6  65  3.4688  95.2999
1.295  1.41686  1872.15  94.9483  161.486  0.39  34.8  65  3.4688  95.2999
1.343  1.41686  1978.85  89.9307  2.395  0.37  34.8  65  3.4688  95.2999
1.392  1.54566  1923.11  94.9626  166.361  0.38  34.8  65  3.4688  95.2999
1.441  1.54566  1874.07  95.3355  174.264  0.39  34.8  65  3.4688  95.2999
1.49  1.54566  2037.47  90.0309  1.1  0.36  34.8  65  3.4688  95.2999
1.539  1.67447  1898.15  94.9736  164.564  0.38  34.8  65  3.4688  95.2999
1.588  1.67447  1878.01  95.2177  170.787  0.39  35.1  65  3.4688  95.3999
1.636  1.80327  1938.72  94.8929  165.359  0.37  35.1  65  3.4688  95.3999
1.685  1.80327  1875.3  94.9753  162.636  0.39  35.1  65  3.4688  95.3999
1.734  1.93208  1954.77  88.9674  35.226  0.37  35.1  65  3.4688  95.3999
1.783  1.93208  1991.35  89.6168  13.317  0.36  35.1  65  3.4688  95.5998
1.832  1.93208  1942.47  89.9138  2.922  0.37  35.1  65  3.4688  95.6999
1.88  2.06088  1987.26  89.0088  34.378  0.36  35.2  65  3.4688  95.7998
1.929  2.06088  1922.41  96.1182  204.89  0.38  35.2  65  3.4688  95.7998
1.978  2.18969  1872.39  95.299  172.921  0.39  35.2  65  3.4688  95.7998
2.027  2.18969  2001.38  89.7756  7.839  0.36  35.2  65  3.4688  95.7998
2.075  2.18969  1906.51  96.0634  201.383  0.38  35.2  65  3.4688  95.9998
2.125  2.3185  1885.49  94.0411  132.876  0.38  35.2  65  3.4688  95.9998
2.173  2.3185  1915.35  94.988  166.536  0.38  35.1  65  3.4688  96.0998
2.222  2.4473  1890.78  94.7362  156.116  0.38  35.1  65  3.4688  96.0998
2.271  2.4473  1926.98  88.2314  59.472  0.38  35.1  65  3.4688  96.0998
2.32  2.4473  2000.73  89.7202  9.772  0.36  35.1  65  3.4688  96.0998
2.368  2.57611  1864.56  95.5331  179.782  0.39  35.1  65  3.4688  96.0998
2.417  2.57611  1980.76  89.0075  34.308  0.37  35.1  65  3.4688  96.0998
2.466  2.70491  1906.13  95.0192  166.767  0.38  34.9  65  3.4688  96.0998
2.515  2.70491  1863.48  95.3071  172.362  0.39  34.9  65  3.4688  96.0998
2.563  2.70491  1930.13  95.09  171.243  0.38  34.9  65  3.4688  96.0998
2.612  2.83372  1880.83  95.1752  169.654  0.39  34.9  65  3.4688  96.0998
2.661  2.83372  1807.05  90.0273  0.861  0.4  34.9  65  3.4688  96.0998
2.71  2.96252  2013.44  89.5376  16.249  0.36  34.9  65  3.4688  96.0998
2.759  2.96252  1882.59  96.1974  203.234  0.39  35.4  65  3.4688  96.0998
2.808  3.09133  1889.92  94.0112  132.202  0.38  35.4  65  3.4688  96.0998
2.857  3.09133  1994.99  89.7884  7.366  0.36  35.4  65  3.4688  96.0998
2.905  3.09133  1945.79  89.9334  2.261  0.37  35.4  65  3.4688  96.0998
2.954  3.22013  1997.05  88.8755  39.191  0.36  35.4  65  3.4688  96.0998
3.004  3.22013  1907.47  94.6775  155.549  0.38  35.4  65  3.4688  96.0998
3.052  3.34894  1952.73  89.8596  4.785  0.37  34.6  65  3.4688  96.0998
3.101  3.34894  1939.21  94.9867  168.566  0.37  34.6  65  3.4688  96.0998
3.15  3.34894  1903.7  96.1266  203.174  0.38  34.6  65  3.4688  96.0998
3.198  3.47774  1944.96  89.0621  31.836  0.37  34.6  65  3.4688  96.0998
3.247  3.47774  1933.43  94.8028  161.879  0.38  34.6  65  3.4688  96.0998
3.296  3.60655  1880.69  94.8474  158.922  0.39  34.6  65  3.4688  96.0998
3.345  3.60655  1904.75  95.0532  167.773  0.38  34.2  65  3.4688  96.0998
3.394  3.60655  1915.54  94.7221  157.691  0.38  34.2  65  3.4688  96.0998
3.443  3.73535  1875.31  95.2811  172.608  0.39  34.2  65  3.4688  96.0998
3.491  3.73535  1990.3  88.9914  35.034  0.36  34.2  65  3.4688  96.0998
3.54  3.86416  1914.05  96.3552  211.87  0.38  34.2  65  3.4688  96.0998
3.589  3.86416  1883.76  95.4644  179.385  0.39  34.2  65  3.4688  96.0998
3.638  3.99296  1911.97  95.2475  174.866  0.38  35.2  65  3.4688  96.0998
3.687  3.99296  1895.86  95.1298  169.515  0.38  35.2  65  3.4688  96.0998
3.735  3.99296  1941.24  89.2708  24.706  0.37  35.2  65  3.4688  96.0998
3.784  4.12177  2017.44  89.5937  14.305  0.36  35.2  65  3.4688  96.0998
3.833  4.12177  1812.85  90.0133  0.421  0.4  35.2  65  3.4688  96.0998
3.882  4.25057  1898.39  90.0248  0.822  0.38  35.2  65  3.4688  96.0998
3.931  4.25057  1904.21  94.6506  154.391  0.38  35.2  65  3.4688  96.0998
3.98  4.25057  1868.79  94.8762  158.854  0.39  35.4  65  3.4688  96.0998
4.028  4.37938  1978.85  89.9307  2.395  0.37  35.4  65  3.4688  96.0998
4.077  4.37938  1898.15  94.9736  164.564  0.38  35.4  65  3.4688  96.0998
4.126  4.50819  1861.51  94.0639  131.922  0.39  35.4  65  3.4688  96.0998
4.175  4.50819  2017.84  89.7671  8.204  0.36  35.4  65  3.4688  96.0998
4.224  4.50819  1894.48  96.1308  202.328  0.38  35.4  65  3.4688  96.0998
4.272  4.63699  1965.35  89.0578  32.319  0.37  35.2  65  3.4688  96.0998
4.321  4.63699  2021.29  89.4958  17.786  0.36  35.2  65  3.4688  96.0998
4.37  4.7658  1887.28  94.947  162.747  0.38  35.2  65  3.4688  96.0998
4.419  4.7658  1978.03  89.8594  4.855  0.37  35.2  65  3.4688  96.0998
4.467  4.8946  1992.75  89.8763  4.303  0.36  35.2  65  3.4688  96.0998
4.516  4.8946  1847.59  95.6815  182.908  0.39  35.2  65  3.4688  96.0998
4.565  4.8946  2008.15  89.9322  2.375  0.36  36.1  65  3.4688  96.0998
4.614  5.02341  1905.18  94.8348  160.574  0.38  36.1  65  3.4688  96.0998
4.662  5.02341  1870.49  95.2173  170.089  0.39  36.1  65  3.4688  96.0998
4.711  5.15221  2015.61  89.7193  9.873  0.36  36.1  65  3.4688  96.0998
4.76  5.15221  1878.18  96.2222  203.564  0.39  36.1  65  3.4688  96.0998
4.809  5.15221  1889.11  95.0079  164.907  0.38  36.1  65  3.4688  96.0998
4.857  5.28102  2014.04  89.7275  9.579  0.36  35.5  65  3.4688  96.0998
4.906  5.28102  1867.03  95.1205  166.634  0.39  35.5  65  3.4688  96.0998
4.955  5.40982  1970  88.9167  37.243  0.37  35.5  65  3.4688  96.0998
5.004  5.40982  2008.56  89.9651  1.222  0.36  35.5  65  3.4688  96.0998
5.052  5.40982  1878.46  95.3087  173.799  0.39  35.5  65  3.4688  96.0998
5.101  5.53863  1993.72  89.6806  11.115  0.36  35.5  65  3.4688  96.0998
5.15  5.53863  1881.92  96.3888  209.41  0.39  37.3  65  3.4688  96.0998
5.199  5.66743  1967.16  89.7456  8.733  0.37  37.3  65  3.4688  96.0998
5.247  5.66743  1904.17  95.2469  174.133  0.38  37.3  65  3.4688  96.0998
5.296  5.66743  1886.72  95.1389  168.994  0.38  37.3  65  3.4688  96.0998
5.345  5.79624  1902.44  95.2099  172.751  0.38  37.3  65  3.4688  96.0998
5.394  5.79624  1912.25  94.6949  156.519  0.38  37.3  65  3.4688  96.0998
5.442  5.92504  1933.77  89.9598  1.357  0.37  39.7  65  3.4688  96.0998
5.491  5.92504  1992.77  89.9906  0.327  0.36  39.7  65  3.4688  96.0998
5.54  6.05385  1921.77  95.978  200.145  0.38  39.7  65  3.4688  96.0998
5.589  6.05385  1875.53  95.3266  174.11  0.39  39.7  65  3.4688  96.0998
5.637  6.05385  2002.65  89.8839  4.06  0.36  39.7  65  3.4688  96.0998
5.686  6.18265  1899.8  96.2905  208.158  0.38  39.7  65  3.4688  96.0998
5.735  6.18265  1999.25  89.9952  0.169  0.36  41.3  65  3.4688  96.0998
5.784  6.31146  1921.22  94.904  164.238  0.38  41.3  65  3.4688  96.0998
5.833  6.31146  1888.2  95.1297  168.827  0.38  41.3  65  3.4688  96.0998
5.881  6.31146  1986.79  90.0213  0.738  0.36  41.3  65  3.4688  96.0998
5.93  6.44026  1991.5  89.7686  8.045  0.36  41.3  65  3.4688  96.0998
5.979  6.44026  1857.72  95.0395  163.188  0.39  41.3  65  3.4688  96.0998
6.028  6.56907  1984.51  89.8634  4.73  0.36  41.8  65  3.4688  96.0998
6.077  6.56907  1993.87  89.8324  5.833  0.36  41.8  65  3.4688  96.0998
6.125  6.56907  1880.15  95.3453  175.151  0.39  41.8  65  3.4688  96.0998
6.174  6.69788  2003.48  89.9561  1.537  0.36  41.8  65  3.4688  96.0998
6.223  6.69788  1895.23  94.7078  155.548  0.38  41.8  65  3.4688  96.0998
6.272  6.82668  1878.17  94.0907  133.981  0.39  41.8  65  3.4688  96.0998
6.321  6.82668  1921.94  95.0435  168.963  0.38  41.8  65  3.4688  96.0998
6.37  6.82668  1879.68  94.9476  162.113  0.39  41.6  65  3.4688  96.0998
6.418  6.95549  1963.62  88.9158  37.154  0.37  41.6  65  3.4688  96.0998
6.467  6.95549  1993.45  89.7965  7.082  0.36  41.6  65  3.4688  96.0998
6.516  7.08429  1975.27  89.9857  0.492  0.37  41.6  65  3.4688  96.0998
6.565  7.08429  1985.33  89.935  2.253  0.36  41.6  65  3.4688  96.0998
6.613  7.2131  1905.66  94.927  163.669  0.38  41.6  65  3.4688  96.0998
6.662  7.2131  1863.04  95.2169  169.398  0.39  40.2  65  3.4688  96.0998
6.711  7.2131  1983.81  89.9428  1.98  0.36  40.2  65  3.4688  96.0998
6.76  7.3419  1903.2  94.7521  157.671  0.38  40.2  65  3.4688  96.0998
6.808  7.3419  1795.47  90.0178  0.556  0.4  40.2  65  3.4688  96.0998
6.857  7.47071  2006.51  89.6514  12.207  0.36  40.2  65  3.4688  96.0998
6.906  7.47071  1875.15  96.5662  214.426  0.39  40.2  65  3.4688  96.0998
6.955  7.47071  1978.44  89.895  3.625  0.37  39.3  65  3.4688  96.0998
7.003  7.59951  1914.8  94.5832  153.005  0.38  39.3  65  3.4688  96.0998
7.052  7.59951  1933.77  89.9598  1.357  0.37  39.3  65  3.4688  96.0998
7.101  7.72832  1967.46  88.9696  35.381  0.37  39.3  65  3.4688  96.0998
7.15  7.72832  1929.27  94.9249  165.626  0.38  39.3  65  3.4688  96.0998
7.198  7.72832  1799.77  90.0114  0.357  0.4  39.3  65  3.4688  96.0998
7.247  7.85712  1847.11  89.9979  0.069  0.39  39.3  65  3.4688  96.0998
7.296  7.85712  1897.68  94.8818  161.493  0.38  39.3  65  3.4688  96.0998
7.345  7.98593  1812.9  90.0321  1.016  0.4  39.3  65  3.4688  96.0998
7.393  7.98593  1934.78  95.0619  170.71  0.38  39.3  65  3.4688  96.0998
7.442  8.11473  1876.3  94.8753  159.46  0.39  39.3  65  3.4688  96.0998
7.492  8.11473  1979.54  89.8515  5.132  0.37  39.3  65  3.4688  96.0998
7.54  8.11473  1998.91  89.8444  5.428  0.36  39.8  65  3.4688  96.0998
7.589  8.24354  1870.15  95.1477  167.796  0.39  39.8  65  3.4688  96.0998
7.638  8.24354  1992.91  88.938  36.938  0.36  39.8  65  3.4688  96.0998
7.687  8.37234  1915.46  95.0096  167.262  0.38  39.8  65  3.4688  96.0998
7.736  8.37234  1863.33  95.587  181.408  0.39  39.8  65  3.4688  96.0998
7.784  8.37234  1908.81  94.933  164.139  0.38  39.8  65  3.4688  96.0998
7.833  8.50115  1971.09  89.9506  1.698  0.37  38.5  65  3.4688  96.0998
7.882  8.50115  1865.57  93.9894  129.792  0.39  38.5  65  3.4688  96.0998
7.93  8.62996  1930.46  94.847  163.114  0.38  38.5  65  3.4688  96.0998
7.979  8.62996  1964.7  89.9463  1.842  0.37  38.5  65  3.4688  96.0998
8.028  8.62996  1821.79  90.057  1.812  0.4  38.5  65  3.4688  96.7498
8.077  8.75876  1919.62  94.6005  153.967  0.38  38.5  65  3.4688  96.7498
8.126  8.75876  1798.43  90.0536  1.684  0.4  39.3  65  3.4688  98.1498
8.175  8.88757  1999.13  89.8637  4.755  0.36  39.3  65  3.4688  98.1498
8.223  8.88757  1901.93  94.8076  159.401  0.38  39.3  65  3.4688  98.1498
8.272  9.01637  1870.94  95.3079  173.077  0.39  39.3  65  3.4688  98.1498
8.321  9.01637  1987.14  89.8118  6.528  0.36  39.3  65  3.4688  98.1498
8.37  9.01637  1899.17  94.8724  161.31  0.38  39.3  65  3.4688  98.1498
8.419  9.14518  1967.51  89.9143  2.943  0.37  40.1  65  3.4688  98.6998
8.467  9.14518  2015.69  89.4482  19.414  0.36  40.1  65  3.4688  98.6998
8.516  9.27398  1877.52  94.8206  157.779  0.39  40.1  65  3.4688  98.6998
8.565  9.27398  1867.27  94.0245  131.05  0.39  40.1  65  3.4688  98.6998
8.614  9.27398  1926  94.6081  154.736  0.38  40.1  65  3.4688  98.6998
8.663  9.40279  1954.87  89.7736  7.726  0.37  40.1  65  3.4688  98.6998
8.713  9.40279  1833.53  89.996  0.128  0.39  40.1  65  3.4688  98.7998
8.761  9.53159  1916.07  96.1055  203.791  0.38  40.5  65  3.4688  98.8998
8.81  9.53159  1868.91  95.5069  179.35  0.39  40.5  65  3.4688  98.8998
8.859  9.53159  1850.21  90.0182  0.587  0.39  40.5  65  3.4688  98.8998
8.908  9.6604  1882.15  94.8381  158.741  0.39  40.5  65  3.4688  98.8998
8.956  9.6604  1958.38  89.1356  29.545  0.37  40.5  65  3.4688  98.9998
9.005  9.7892  1937.9  95.0431  170.351  0.37  40.5  65  3.4688  98.9998
9.054  9.7892  1995.99  89.9916  0.292  0.36  40.2  65  3.4688  100
9.103  9.91801  1957.1  89.0295  33.147  0.37  40.2  65  3.4688  100
9.152  9.91801  1889.91  95.1664  170.183  0.38  40.2  65  3.4688  100
9.2  9.91801  1943.14  89.8361  5.558  0.37  40.2  65  3.4688  100
9.249  10.0468  2028.7  89.998  0.07  0.36  40.2  65  3.4688  100
9.298  10.0468  1975.2  89.8916  3.736  0.37  40.2  65  3.4688  100
9.347  10.1756  1873.18  95.1539  168.27  0.39  40.2  65  3.4688  100
9.395  10.1756  2010.13  89.9605  1.385  0.36  40.2  65  3.4688  100
9.444  10.1756  1891.25  94.8276  159.164  0.38  40.2  65  3.4688  100
9.493  10.3044  1871.6  93.9948  130.387  0.39  40.2  65  3.4688  100
9.542  10.3044  1937.65  94.9962  168.749  0.37  40.2  65  3.4688  100
9.591  10.4332  1994.02  89.964  1.254  0.36  40.2  65  3.4688  100
9.639  10.4332  1890.83  95.0444  166.258  0.38  37.7  65  3.4688  100
9.688  10.4332  1917.55  94.8052  160.63  0.38  37.7  65  3.4688  100
9.737  10.562  1933.38  89.925  2.531  0.37  37.7  65  3.4688  100
9.786  10.562  1980.94  88.8915  38.323  0.37  37.7  65  3.4688  100
9.835  10.6908  1916.28  96.1521  205.363  0.38  37.7  65  3.4688  100
9.883  10.6908  1863.33  95.587  181.408  0.39  37.7  65  3.4688  100
9.932  10.6908  1898.51  95.0442  166.925  0.38  39.6  65  3.4688  100
9.981  10.8196  1876.43  95.2023  170.142  0.39  39.6  65  3.4688  100
10.029  10.8196  2000.76  89.9874  0.439  0.36  39.6  65  3.4688  100
10.078  10.9485  2003.83  89.7039  10.355  0.36  39.6  65  3.4688  100
10.127  10.9485  1927.23  89.9208  2.664  0.38  39.6  65  3.4688  100
10.176  11.0773  1977.75  89.0248  33.66  0.37  39.6  65  3.4688  100
10.225  11.0773  1928.81  96.131  206  0.38  38.8  65  3.4688  100
10.274  11.0773  1854.5  95.5937  180.766  0.39  38.8  65  3.4688  100
10.322  11.2061  2000.68  89.8557  5.037  0.36  38.8  65  3.4688  100
10.371  11.2061  1902.41  94.8996  162.486  0.38  38.8  65  3.4688  100
10.42  11.3349  1847.77  94.2504  136.948  0.39  38.8  65  3.4688  100
10.469  11.3349  1911.84  94.9142  163.775  0.38  38.8  65  3.4688  100
10.518  11.3349  2003.54  89.9529  1.647  0.36  39.3  65  3.4688  100
10.566  11.4637  1989.32  89.9707  1.017  0.36  39.3  65  3.4688  100
10.615  11.4637  2019.89  89.6583  12.045  0.36  39.3  65  3.4688  100
10.664  11.5925  1885.1  94.8194  158.377  0.39  39.3  65  3.4688  100
10.713  11.5925  1947.26  89.124  29.772  0.37  39.3  65  3.4688  100
10.762  11.5925  1975.2  89.8916  3.736  0.37  39.3  65  3.4688  100
10.81  11.7213  1988.28  90.0136  0.473  0.36  39.5  65  3.4688  100
10.859  11.7213  2003.48  89.9561  1.537  0.36  39.5  65  3.4688  100
10.908  11.8501  1899.59  96.2442  206.612  0.38  39.5  65  3.4688  100
10.957  11.8501  1938.96  89.209  26.766  0.37  39.5  65  3.4688  100
11.005  11.8501  1917.92  94.8764  163.038  0.38  39.5  65  3.4688  100
11.054  11.9789  1901.1  96.2359  206.502  0.38  39.5  65  3.4688  100
11.103  11.9789  1892.77  95.1269  169.141  0.38  40.6  65  3.4688  100
11.152  12.1077  2009.35  89.7519  8.7  0.36  40.6  65  3.4688  100
11.2  12.1077  1869.92  95.4075  176.217  0.39  40.6  65  3.4688  100
11.249  12.2365  1974.93  88.9263  37.006  0.37  40.6  65  3.4688  100
11.298  12.2365  1919.62  94.6005  153.967  0.38  40.6  65  3.4688  100
11.347  12.2365  1878.8  95.0722  166.105  0.39  40.6  65  3.4688  100
11.396  12.3653  1974.93  88.9263  37.006  0.37  40.6  65  3.4688  100
11.445  12.3653  1897.4  96.4455  212.999  0.38  40.6  65  3.4688  100
11.493  12.4941  1961.2  89.7773  7.622  0.37  40.6  65  3.4688  100
11.542  12.4941  1928.58  95.0994  171.419  0.38  40.6  65  3.4688  100
11.591  12.4941  1860.37  94.9764  161.377  0.39  40.6  65  3.4688  100
11.64  12.6229  2003.79  89.972  0.981  0.36  40.6  65  3.4688  100
11.689  12.6229  2005.21  89.5428  15.999  0.36  40.6  65  3.4688  100
11.737  12.7517  1937.33  89.8671  4.494  0.37  40.5  65  3.4688  100
11.786  12.7517  1894.03  95.0719  167.442  0.38  40.5  65  3.4688  100
11.835  12.7517  1990.39  89.8124  6.515  0.36  40.5  65  3.4688  100
11.884  12.8805  1943.54  89.8711  4.372  0.37  40.5  65  3.4688  100
11.932  12.8805  1983.3  89.6217  13.095  0.36  40.5  65  3.4688  100
11.981  13.0093  1969.73  89.6942  10.512  0.37  40.5  65  3.4688  100
12.03  13.0093  1905.56  88.2189  59.226  0.38  39.6  65  3.4688  100
12.079  13.1381  2006.77  89.5346  16.301  0.36  39.6  65  3.4688  100
12.127  13.1381  1888.99  94.9834  164.091  0.38  39.6  65  3.4688  100
12.176  13.1381  1949.94  88.9578  35.466  0.37  39.6  65  3.4688  100
12.225  13.2669  1924.16  94.8601  163.02  0.38  39.6  65  3.4688  100
12.274  13.2669  1939.56  89.9292  2.397  0.37  39.6  65  3.4688  100
12.323  13.3958  1970.5  89.8987  3.485  0.37  38.9  65  3.4688  100
12.372  13.3958  1898.62  95.0655  167.638  0.38  38.9  65  3.4688  100
12.421  13.3958  1875.97  95.4175  177.115  0.39  38.9  65  3.4688  100
12.469  13.5246  1994.93  89.9235  2.662  0.36  38.9  65  3.4688  100
12.518  13.5246  1889.72  96.44  211.958  0.39  38.9  65  3.4688  100
12.567  13.6534  1953.96  89.1608  28.618  0.37  38.9  65  3.4688  100
12.616  13.6534  1992.88  89.6087  13.611  0.36  40.8  65  3.4688  100
12.665  13.6534  1873.51  95.2203  170.463  0.39  40.8  65  3.4688  100
12.713  13.7822  1876.96  90.026  0.853  0.39  40.8  65  3.4688  100
12.762  13.7822  1927.04  95.1087  171.594  0.38  40.8  65  3.4688  100
12.811  13.911  1832.08  95.156  164.646  0.4  40.8  65  3.4688  100
12.86  13.911  1976.16  88.766  42.557  0.37  40.8  65  3.4688  100
12.909  13.911  1913.7  94.9726  165.878  0.38  39.5  65  3.4688  100
12.957  14.0398  1984.39  89.9586  1.434  0.36  39.5  65  3.4688  100
13.006  14.0398  1914.31  95.0901  169.841  0.38  39.5  65  3.4688  100
13.055  14.1686  1887.84  96.3562  209.002  0.39  39.5  65  3.4688  100
13.104  14.1686  1805.52  89.9999  0.003  0.4  39.5  65  3.4688  100
13.153  14.2974  1916.51  94.9074  163.95  0.38  39.5  65  3.4688  100
13.202  14.2974  1886.95  96.5022  213.68  0.39  40.8  65  3.4688  100
13.25  14.2974  1942.74  88.1309  63.364  0.37  40.8  65  3.4688  100
13.299  14.4262  1916.9  96.292  210.083  0.38  40.8  65  3.4688  100
13.348  14.4262  1942.08  89.8788  4.107  0.37  40.8  65  3.4688  100
13.397  14.555  2027.15  90.0058  0.207  0.36  40.8  65  3.4688  100
13.446  14.555  1917.79  94.8516  162.197  0.38  40.8  65  3.4688  100
13.494  14.555  1874.87  95.1903  169.606  0.39  40.2  65  3.4688  100
13.543  14.6838  2013.87  89.5739  14.975  0.36  40.2  65  3.4688  100
13.592  14.6838  1972.77  90.0359  1.237  0.37  40.2  65  3.4688  100
13.641  14.8126  1928.07  89.1971  27.017  0.38  40.2  65  3.4688  100
13.689  14.8126  1929.4  94.9499  166.477  0.38  40.2  65  3.4688  100
13.738  14.8126  1959.44  89.8989  3.457  0.37  40.2  65  3.4688  100
13.787  14.9414  1977.53  87.8695  73.515  0.37  40.2  65  3.4688  100
13.836  14.9414  2026.21  89.6252  13.253  0.36  38.8  65  3.4688  100
13.885  15.0702  1847.77  94.2504  136.948  0.39  38.8  65  3.4688  100
13.933  15.0702  1896.22  95.2004  171.872  0.38  38.8  65  3.4688  100
13.982  15.199  1907.76  96.3418  210.729  0.38  38.8  65  3.4688  100
14.031  15.199  1881.74  95.0539  165.766  0.39  38.8  65  3.4688  100
14.08  15.199  1926.8  95.062  170.01  0.38  38.8  65  3.4688  100
14.129  15.3278  1871.61  95.1386  167.633  0.39  39.6  65  3.4688  100
14.178  15.3278  1932.37  89.1723  27.913  0.37  39.6  65  3.4688  100
14.226  15.4566  2016.31  89.6384  12.725  0.36  39.6  65  3.4688  100
14.275  15.4566  1859.45  93.9601  128.416  0.39  39.6  65  3.4688  100
14.324  15.4566  1984.92  89.8992  3.492  0.36  39.6  65  3.4688  100
14.373  15.5854  1909.16  95.3121  176.751  0.38  39.6  65  3.4688  100
14.421  15.5854  1833.11  93.959  126.561  0.4  39.1  65  3.4688  100
14.47  15.7142  1987.44  88.8923  38.42  0.36  39.1  65  3.4688  100
14.519  15.7142  1911.28  96.0844  202.582  0.38  39.1  65  3.4688  100
14.568  15.7142  1869.92  95.4075  176.217  0.39  39.1  65  3.4688  100
14.616  15.8431  1992.91  88.938  36.938  0.36  39.1  65  3.4688  100
14.665  15.8431  1896.6  94.6737  154.536  0.38  39.1  65  3.4688  100
14.714  15.9719  1871.85  94.0399  131.874  0.39  41.5  65  3.4688  100
14.763  15.9719  2011.61  89.6631  11.829  0.36  41.5  65  3.4688  100
14.811  16.1007  1880  90.0271  0.89  0.38  41.5  65  3.4688  100
14.86  16.1007  1972.63  89.2647  25.314  0.37  41.5  65  3.4688  100
14.909  16.1007  2005.1  89.8124  6.567  0.36  41.5  65  3.4688  100
14.958  16.2295  1877.87  95.4997  179.977  0.39  41.5  65  3.4688  100
15.007  16.2295  2034.71  89.9133  3.078  0.36  41.4  65  3.4688  100
15.055  16.3583  1896.59  96.2608  206.832  0.38  41.4  65  3.4688  100
15.104  16.3583  1890.6  94.9987  164.733  0.38  41.4  65  3.4688  100
15.153  16.3583  2001.43  89.6398  12.581  0.36  41.4  65  3.4688  100
15.202  16.4871  1899.89  95.3202  176.162  0.38  41.4  65  3.4688  100
15.25  16.4871  1976.93  89.9029  3.352  0.37  41.4  65  3.4688  100
15.299  16.6159  1915.04  94.6295  154.566  0.38  42.1  65  3.4688  100
15.348  16.6159  1887.15  96.5481  215.207  0.39  42.1  65  3.4688  100
15.397  16.6159  1964.72  89.1372  29.585  0.37  42.1  65  3.4688  100
15.445  16.7447  1916.75  94.9538  165.516  0.38  42.1  65  3.4688  100
15.494  16.7447  1805.57  90.0161  0.508  0.4  42.1  65  3.4688  100
15.543  16.8735  1898.83  93.9509  130.833  0.38  42.1  65  3.4688  100
15.592  16.8735  1881.72  96.343  207.893  0.39  44  65  3.4688  100
15.64  17.0023  1864.63  94.0891  132.964  0.39  44  65  3.4688  100
15.689  17.0023  1911.5  95.1549  171.746  0.38  44  65  3.4688  100
15.738  17.0023  1904.7  94.7426  157.481  0.38  44  65  3.4688  100
15.787  17.1311  1878.46  95.3087  173.799  0.39  44  65  3.4688  100
15.836  17.1311  1920.11  94.6933  157.107  0.38  44  65  3.4688  100
15.885  17.2599  1859.65  96.4187  207.897  0.39  43.5  65  3.4688  100
15.933  17.2599  1958.57  89.021  33.463  0.37  43.5  65  3.4688  100
15.982  17.2599  1996.24  89.8964  3.611  0.36  43.5  65  3.4688  100
16.031  17.3887  1935.88  89.8748  4.23  0.37  43.5  65  3.4688  100
16.08  17.3887  1978.44  89.895  3.625  0.37  43.5  65  3.4688  100
16.129  17.5175  1891.16  95.1115  168.491  0.38  43.5  65  3.4688  100
16.178  17.5175  1967.51  89.9143  2.943  0.37  43.5  65  3.4688  100
16.226  17.5175  2010.48  89.7075  10.263  0.36  44.2  65  3.4688  100
16.275  17.6463  1885.8  94.9562  162.923  0.39  44.2  65  3.4688  100
16.324  17.6463  1883.21  95.0447  165.596  0.39  44.2  65  3.4688  100
16.373  17.7751  2024.58  89.7709  8.095  0.36  44.2  65  3.4688  100
16.422  17.7751  1862.69  95.4514  176.959  0.39  44.2  65  3.4688  100
16.471  17.7751  1980.5  88.8557  39.552  0.37  44.2  65  3.4688  100
16.52  17.9039  1984.7  89.88  4.155  0.36  41.6  65  3.4688  100
16.569  17.9039  1948.72  89.918  2.789  0.37  41.6  65  3.4688  100
16.617  18.0327  1995.52  88.8843  38.854  0.36  41.6  65  3.4688  100
16.666  18.0327  1905.34  94.5703  151.821  0.38  41.6  65  3.4688  100
16.715  18.0327  1884.79  95.3642  176.201  0.39  41.6  65  3.4688  100
16.764  18.1615  1919.69  94.9134  164.422  0.38  41.6  65  3.4688  100
16.812  18.1615  1879.17  96.4508  211.124  0.39  42.7  65  3.4688  100
16.861  18.2904  1953.72  89.0113  33.713  0.37  42.7  65  3.4688  100
16.91  18.2904  1916.32  94.5735  152.803  0.38  42.7  65  3.4688  100
16.959  18.4192  1809.87  89.9934  0.207  0.4  42.7  65  3.4688  100
17.008  18.4192  2016.94  89.981  0.669  0.36  42.7  65  3.4688  100
17.056  18.4192  1945.57  95.9419  201.404  0.37  42.7  65  3.4688  100
17.105  18.548  1865.14  95.3434  173.692  0.39  43.1  65  3.4688  100
17.154  18.548  1919.36  95.1551  172.459  0.38  43.1  65  3.4688  100
17.203  18.6768  1960.92  89.8911  3.726  0.37  43.1  65  3.4688  100
17.251  18.6768  1915.68  89.3053  23.226  0.38  43.1  65  3.4688  100
17.3  18.6768  2010.2  89.8244  6.161  0.36  43.1  65  3.4688  100
17.349  18.8056  1966.48  89.8244  6.026  0.37  43.1  65  3.4688  100
17.398  18.8056  1951.98  87.9953  68.282  0.37  41.5  65  3.4688  100
17.447  18.9344  1907.96  94.7697  158.649  0.38  41.5  65  3.4688  100
17.495  18.9344  1782.67  90.0318  0.989  0.41  41.5  65  3.4688  100
17.544  18.9344  1978.18  89.0605  32.434  0.37  41.5  65  3.4688  100
17.593  19.0632  1926.19  94.9438  165.995  0.38  41.5  65  3.4688  100
17.642  19.0632  1848.7  94.1516  133.839  0.39  41.5  65  3.4688  100
17.691  19.192  1986.44  89.8913  3.768  0.36  41.5  65  3.4688  100
17.74  19.192  1886.72  95.1389  168.994  0.38  41.5  65  3.4688  100
17.788  19.3208  1898.28  94.9982  165.388  0.38  41.5  65  3.4688  100
17.837  19.3208  2006.94  89.6876  10.942  0.36  41.5  65  3.4688  100
17.886  19.3208  1884.47  96.2808  206.164  0.39  41.5  65  3.4688  100
17.935  19.4496  1901.51  95.0257  166.577  0.38  41.5  65  3.4688  100
17.983  19.4496  1986.22  89.8721  4.433  0.36  43  65  3.4688  100
18.032  19.5784  1864.58  95.2289  169.927  0.39  43  65  3.4688  100
18.081  19.5784  1982.45  88.8827  38.655  0.36  43  65  3.4688  100
18.13  19.5784  1975.61  89.9272  2.51  0.37  43  65  3.4688  100
18.178  19.7072  1877.22  95.3631  175.459  0.39  43  65  3.4688  100
18.228  19.7072  2007.59  89.7432  8.997  0.36  43  65  3.4688  100
18.277  19.836  1904.32  96.2656  207.832  0.38  41.9  65  3.4688  100
18.325  19.836  1879.48  95.2087  170.625  0.39  41.9  65  3.4688  100
18.374  19.836  1934.54  95.0151  169.113  0.38  41.9  65  3.4688  100
18.423  19.9648  1845.57  95.2545  169.019  0.39  41.9  65  3.4688  100
18.472  19.9648  1968.33  89.0407  32.955  0.37  41.9  65  3.4688  100
18.52  20.0936  1913.22  94.88  162.755  0.38  41.9  65  3.4688  100
18.569  20.0936  1955.28  89.8088  6.525  0.37  42.6  65  3.4688  100
18.618  20.2224  1989.59  88.8028  41.569  0.36  42.6  65  3.4688  100
18.666  20.2224  1908.74  94.6218  153.802  0.38  42.6  65  3.4688  100
18.715  20.2224  1941.02  89.9215  2.659  0.37  42.6  65  3.4688  100
18.764  20.3512  1924.43  95.2206  175.104  0.38  42.6  65  3.4688  100
18.813  20.3512  1913.01  96.1224  204.028  0.38  42.6  65  3.4688  100
18.862  20.48  1870.9  94.1399  135.065  0.39  42.6  65  3.4688  100
18.911  20.48  2008.32  89.5263  16.605  0.36  42.9  65  3.4688  100
18.959  20.48  1871.6  95.444  177.563  0.39  42.9  65  3.4688  100
19.008  20.6088  1954.94  88.8529  39.136  0.37  42.9  65  3.4688  100
19.057  20.6088  2009.62  89.635  12.802  0.36  42.9  65  3.4688  100
19.106  20.7377  1880.59  95.4365  178.171  0.39  42.9  65  3.4688  100
19.154  20.7377  1975.18  89.0777  31.795  0.37  42.9  65  3.4688  100
19.203  20.7377  1904.7  94.7426  157.481  0.38  44.1  65  3.4688  100
19.252  20.8665  1856.73  94.0038  129.641  0.39  44.1  65  3.4688  100
19.301  20.8665  1921.71  94.997  167.387  0.38  44.1  65  3.4688  100
19.349  20.9953  1896.89  95.0288  166.275  0.38  44.1  65  3.4688  100
19.398  20.9953  1887.3  95.2548  172.848  0.38  44.1  65  3.4688  100
19.447  20.9953  1924.43  95.2206  175.104  0.38  44.1  65  3.4688  100
19.496  21.1241  1951.66  89.9025  3.32  0.37  42.5  65  3.4688  100
19.545  21.1241  1963.16  88.0004  68.499  0.37  42.5  65  3.4688  100
19.593  21.2529  1916.53  95.22  174.368  0.38  42.5  65  3.4688  100
19.642  21.2529  1872.96  95.1085  166.774  0.39  42.5  65  3.4688  100
19.691  21.3817  1993.26  89.7798  7.661  0.36  42.5  65  3.4688  100
19.74  21.3817  1909.89  96.473  215.311  0.38  42.5  65  3.4688  100
19.789  21.3817  1872.96  95.1085  166.774  0.39  41.5  65  3.4688  100
19.837  21.5105  2012.41  89.8721  4.494  0.36  41.5  65  3.4688  100
19.886  21.5105  1899.8  96.2905  208.158  0.38  41.5  65  3.4688  100
19.935  21.6393  1808.49  90.0197  0.623  0.4  41.5  65  3.4688  100
19.984  21.6393  2001.52  89.9279  2.519  0.36  41.5  65  3.4688  100
20.033  21.6393  1843.51  95.1294  164.82  0.39  41.5  65  3.4688  100
20.082  21.7681  1975.55  88.8462  39.778  0.37  43.3  65  3.4688  100
20.13  21.7681  2019.61  89.7758  7.902  0.36  43.3  65  3.4688  100
20.179  21.8969  1980.6  90.033  1.14  0.37  43.3  65  3.4688  100
20.228  21.8969  1996.88  89.9516  1.686  0.36  43.3  65  3.4688  100
20.277  21.8969  1894.89  96.223  205.402  0.38  43.3  65  3.4688  100
20.325  22.0257  1878.17  94.0907  133.981  0.39  43.3  65  3.4688  100
20.374  22.0257  1851.72  90.0104  0.337  0.39  42.5  65  3.4688  100
20.423  22.1545  1901.15  94.955  164.208  0.38  42.5  65  3.4688  100
20.472  22.1545  1938.95  88.0791  64.992  0.37  42.5  65  3.4688  100
20.52  22.2833  1928.1  95.006  168.246  0.38  42.5  65  3.4688  100
20.569  22.2833  1804.04  89.9888  0.354  0.4  42.5  65  3.4688  100
20.619  22.2833  1842.72  90.0566  1.822  0.39  42.5  65  3.4688  100
20.667  22.4121  1915.29  94.6758  156.128  0.38  42.6  65  3.4688  100
20.716  22.4121  1870.94  95.3079  173.077  0.39  42.6  65  3.4688  100
20.765  22.5409  1984.51  89.8634  4.73  0.36  42.6  65  3.4688  100
20.814  22.5409  1891.95  94.9649  163.74  0.38  42.6  65  3.4688  100
20.862  22.5409  1981.88  90.009  0.313  0.37  42.6  65  3.4688  100
20.911  22.6697  2036.51  89.9587  1.468  0.36  42.6  65  3.4688  100
20.96  22.6697  1890.41  96.2478  205.732  0.38  43.1  65  3.4688  100
21.009  22.7985  1983.81  90.0365  1.265  0.36  43.1  65  3.4688  100
21.058  22.7985  2009.88  89.518  16.91  0.36  43.1  65  3.4688  100
21.106  22.7985  1875.07  94.9299  161.137  0.39  43.1  65  3.4688  100
21.155  22.9273  1978.03  89.8594  4.855  0.37  43.1  65  3.4688  100
21.204  22.9273  1911.22  94.7969  159.825  0.38  43.1  65  3.4688  100
21.253  23.0561  1842.09  95.4388  174.599  0.39  43.1  65  3.4688  100
21.302  23.0561  1995.23  88.7312  44.182  0.36  44.1  65  3.4688  100
21.35  23.185  1889.53  94.7913  157.825  0.38  44.1  65  3.4688  100
21.399  23.185  1871.16  95.3533  174.572  0.39  44.1  65  3.4688  100
21.448  23.185  1910.56  94.9698  165.513  0.38  44.1  65  3.4688  100
21.497  23.3138  1880.69  94.8474  158.922  0.39  44.1  65  3.4688  100
21.546  23.3138  1981.94  89.7808  7.584  0.37  44.1  65  3.4688  100
21.595  23.4426  1925.5  94.5151  151.578  0.38  44.7  65  3.4688  100
21.643  23.4426  1881.38  94.9839  163.447  0.39  44.7  65  3.4688  100
21.692  23.4426  2016.94  89.981  0.669  0.36  44.7  65  3.4688  100
21.741  23.5714  1994.29  89.8683  4.583  0.36  44.7  65  3.4688  100
21.79  23.5714  1799.77  90.0114  0.357  0.4  44.7  65  3.4688  100
21.838  23.7002  1990.3  88.9914  35.034  0.36  44.7  65  3.4688  100
21.887  23.7002  1887.74  95.0383  165.785  0.38  45.6  65  3.4688  100
21.936  23.7002  1878.8  95.0722  166.105  0.39  45.6  65  3.4688  100
21.985  23.829  2013.13  89.7914  7.329  0.36  45.6  65  3.4688  100
22.033  23.829  1883.77  95.1571  169.325  0.39  45.6  65  3.4688  100
22.082  23.9578  1890.6  94.9987  164.733  0.38  45.6  65  3.4688  100
22.131  23.9578  1996.95  89.8164  6.399  0.36  45.6  65  3.4688  100
22.18  23.9578  1892.97  94.864  160.507  0.38  43.4  65  3.4688  100
22.229  24.0866  1986.44  89.8913  3.768  0.36  43.4  65  3.4688  100
22.277  24.0866  2014.9  89.8002  7.028  0.36  43.4  65  3.4688  100
22.326  24.2154  1862.69  95.4514  176.959  0.39  43.4  65  3.4688  100
22.375  24.2154  1916.53  95.22  174.368  0.38  43.4  65  3.4688  100
22.424  24.3442  1898.9  96.4374  212.899  0.38  43.4  65  3.4688  100
22.473  24.3442  1815.79  90.017  0.538  0.4  44.4  65  3.4688  100
22.522  24.3442  2014.31  89.6103  13.701  0.36  44.4  65  3.4688  100
22.571  24.473  1884.47  96.2808  206.164  0.39  44.4  65  3.4688  100
22.619  24.473  1953.72  89.0113  33.713  0.37  44.4  65  3.4688  100
22.668  24.6018  1924.21  94.5713  153.36  0.38  44.4  65  3.4688  100
22.717  24.6018  1962.66  89.9769  0.793  0.37  44.4  65  3.4688  100
22.766  24.6018  1976.24  89.0334  33.338  0.37  46.2  65  3.4688  100
22.815  24.7306  1905  96.0719  201.503  0.38  46.2  65  3.4688  100
22.863  24.7306  1924.37  89.936  2.148  0.38  46.2  65  3.4688  100
22.912  24.8594  1995.34  89.9595  1.41  0.36  46.2  65  3.4688  100
22.961  24.8594  1982.07  89.9315  2.369  0.36  46.2  65  3.4688  100
23.01  24.8594  1930.73  89.2933  23.813  0.37  46.2  65  3.4688  100
23.058  24.9882  1916.3  95.1736  172.8  0.38  44.9  65  3.4688  100
23.107  24.9882  1869.93  95.1024  166.304  0.39  44.9  65  3.4688  100
23.156  25.117  1879.12  93.9903  130.763  0.39  44.9  65  3.4688  100
23.205  25.117  2006.51  89.6514  12.207  0.36  44.9  65  3.4688  100
23.254  25.2458  1876.53  94.9207  160.961  0.39  44.9  65  3.4688  100
23.303  25.2458  1978.44  89.895  3.625  0.37  44.9  65  3.4688  100
23.352  25.2458  1896.42  94.937  163.207  0.38  44.5  65  3.4688  100
23.4  25.3746  1864.56  95.5331  179.782  0.39  44.5  65  3.4688  100
23.449  25.3746  1927.62  94.9127  165.076  0.38  44.5  65  3.4688  100
23.498  25.5034  1899.88  95.0103  165.926  0.38  44.5  65  3.4688  100
23.547  25.5034  1870.05  95.1267  167.104  0.39  44.5  65  3.4688  100
23.595  25.5034  1932.99  95.0245  169.294  0.38  44.5  65  3.4688  100
23.645  25.6323  1856.29  95.3514  173.124  0.39  44.5  65  3.4688  100
23.694  25.6323  1876.1  95.1358  167.942  0.39  43.7  65  3.4688  100
23.743  25.7611  1906.69  94.8253  160.388  0.38  43.7  65  3.4688  100
23.791  25.7611  1872.03  95.5348  180.557  0.39  43.7  65  3.4688  100
23.84  25.7611  1903.48  95.1086  169.492  0.38  43.7  65  3.4688  100
23.889  25.8899  1977.81  89.8403  5.514  0.37  43.7  65  3.4688  100
23.938  25.8899  1867.24  95.4703  178.005  0.39  43.7  65  3.4688  100
23.986  26.0187  1913.35  94.9048  163.592  0.38  44.2  65  3.4688  100
24.035  26.0187  1904.93  96.4047  212.495  0.38  44.2  65  3.4688  100
24.084  26.0187  1867.51  94.0695  132.53  0.39  44.2  65  3.4688  100
24.133  26.1475  1920.17  95.0064  167.566  0.38  44.2  65  3.4688  100
24.181  26.1475  1798.34  90.0189  0.593  0.4  44.2  65  3.4688  100
24.23  26.2763  1939.4  88.1142  63.82  0.37  44.2  65  3.4688  100
24.279  26.2763  1937.34  94.6334  156.498  0.37  44.2  65  3.4688  100
24.328  26.4051  1967.03  89.954  1.578  0.37  44.2  65  3.4688  100
24.376  26.4051  2007.17  89.707  10.264  0.36  44.2  65  3.4688  100
24.425  26.4051  1917.31  94.7588  159.063  0.38  44.2  65  3.4688  100
24.474  26.5339  1895.99  95.1545  170.337  0.38  44.2  65  3.4688  100
24.523  26.5339  1936.42  94.7618  160.75  0.37  44.2  65  3.4688  100
24.572  26.6627  1881.22  96.5801  215.574  0.39  44.3  65  3.4688  100
24.621  26.6627  1941.81  88.9303  36.253  0.37  44.3  65  3.4688  100
24.669  26.6627  1938.72  94.8929  165.359  0.37  44.3  65  3.4688  100
24.718  26.7915  1866.36  94.9849  162.175  0.39  44.3  65  3.4688  100
24.767  26.7915  1980.76  89.0075  34.308  0.37  44.3  65  3.4688  100
24.816  26.9203  1927.73  94.9343  165.811  0.38  44.3  65  3.4688  100
24.865  26.9203  1863.69  95.0483  163.997  0.39  43.5  65  3.4688  100
24.913  26.9203  1982.58  89.8356  5.688  0.36  43.5  65  3.4688  100
24.962  27.0491  1886.49  95.0932  167.475  0.39  43.5  65  3.4688  100
25.011  27.0491  1796.88  90.0103  0.322  0.4  43.5  65  3.4688  100
25.06  27.1779  1918.64  95.0157  167.745  0.38  43.5  65  3.4688  100
25.109  27.1779  1884.07  96.1891  203.123  0.39  43.5  65  3.4688  100
25.157  27.3067  1944.11  88.9919  34.204  0.37  41.2  65  3.4688  100
25.206  27.3067  1927.54  94.5984  154.534  0.38  41.2  65  3.4688  100
25.255  27.3067  1882.15  94.8381  158.741  0.39  41.2  65  3.4688  100
25.304  27.4355  1838.07  90.0085  0.272  0.39  41.2  65  3.4688  100
25.352  27.4355  1922.63  94.8696  163.208  0.38  41.2  65  3.4688  100
25.401  27.5643  1871.5  95.1176  166.939  0.39  41.2  65  3.4688  100
25.45  27.5643  2004.29  88.7949  42.152  0.36  40.8  65  3.4688  100
25.499  27.5643  1911.7  96.1774  205.711  0.38  40.8  65  3.4688  100
25.548  27.6931  1958.36  89.942  1.983  0.37  40.8  65  3.4688  100
25.596  27.6931  1923.96  95.1273  171.943  0.38  40.8  65  3.4688  100
25.645  27.8219  1879.45  94.9021  160.607  0.39  40.8  65  3.4688  100
25.694  27.8219  1858.4  94.0387  130.888  0.39  40.8  65  3.4688  100
25.743  27.8219  1981.79  89.6298  12.805  0.37  41  65  3.4688  100
25.792  27.9507  1853.03  90.0237  0.766  0.39  41  65  3.4688  100
25.841  27.9507  1970.25  89.0677  32.058  0.37  41  65  3.4688  100
25.889  28.0796  1909.47  94.7602  158.459  0.38  41  65  3.4688  100
25.938  28.0796  1859.94  95.1897  168.237  0.39  41  65  3.4688  100
25.987  28.0796  1993.25  88.7041  45.08  0.36  41  65  3.4688  100
26.036  28.2084  1909.76  96.0929  202.702  0.38  42.9  65  3.4688  100
26.084  28.2084  1869.04  95.2262  170.249  0.39  42.9  65  3.4688  100
26.133  28.3372  1923.48  95.0342  168.785  0.38  42.9  65  3.4688  100
26.182  28.3372  1874.07  96.6655  217.528  0.39  42.9  65  3.4688  100
26.231  28.466  1945.8  89.1323  29.465  0.37  42.9  65  3.4688  100
26.28  28.466  2010.05  89.6713  11.532  0.36  42.9  65  3.4688  100
26.328  28.466  1964.3  89.9109  3.054  0.37  42.9  65  3.4688  100
26.377  28.5948  1997.28  89.9675  1.134  0.36  42.6  65  3.4688  100
26.426  28.5948  1896.72  94.6983  155.358  0.38  42.6  65  3.4688  100
26.475  28.7236  1975.74  89.6621  11.651  0.37  42.6  65  3.4688  100
26.523  28.7236  1963.18  88.8804  38.361  0.37  42.6  65  3.4688  100
26.572  28.7236  1909.68  96.4265  213.748  0.38  42.6  65  3.4688  100
26.621  28.8524  1942.69  89.2625  25.004  0.37  42.6  65  3.4688  100
26.67  28.8524  2019.71  89.5042  17.477  0.36  41.5  65  3.4688  100
26.719  28.9812  1868.79  94.8762  158.854  0.39  41.5  65  3.4688  100
26.767  28.9812  1949.08  88.8874  37.845  0.37  41.5  65  3.4688  100
26.816  28.9812  1936.53  94.7836  161.492  0.37  41.5  65  3.4688  100
26.865  29.11  1982.66  89.9474  1.819  0.36  41.5  65  3.4688  100
26.914  29.11  1991.73  90.0336  1.167  0.36  41.5  65  3.4688  100
26.963  29.2388  1997.37  89.8524  5.145  0.36  42.1  65  3.4688  100
27.012  29.2388  1873.27  95.4806  178.913  0.39  42.1  65  3.4688  100
27.061  29.3676  1930.37  95.1368  172.833  0.38  42.1  65  3.4688  100
27.109  29.3676  1915.99  96.4402  214.91  0.38  42.1  65  3.4688  100
27.158  29.3676  1983.36  90.0014  0.049  0.36  42.1  65  3.4688  100
27.207  29.4964  1929.06  95.1928  174.595  0.38  42.1  65  3.4688  100
27.256  29.4964  1878.58  96.3136  206.586  0.39  42  65  3.4688  100
27.304  29.6252  1973.68  89.0862  31.476  0.37  42  65  3.4688  100
27.353  29.6252  1929.03  94.8782  164.039  0.38  42  65  3.4688  100
27.402  29.6252  1866.56  94.1693  135.706  0.39  42  65  3.4688  100
27.45  29.754  1977.31  88.9891  34.885  0.37  42  65  3.4688  100
27.499  29.754  1896.19  94.8911  161.674  0.38  42  65  3.4688  100
27.548  29.8828  1886.04  95.3095  174.527  0.39  42.6  65  3.4688  100
27.597  29.8828  2007.73  89.8961  3.642  0.36  42.6  65  3.4688  100
27.645  29.8828  2008.56  89.9651  1.222  0.36  42.6  65  3.4688  100
27.694  30.0116  1952.01  88.8702  38.488  0.37  42.6  65  3.4688  100
27.743  30.0116  1913.59  94.9511  165.153  0.38  42.6  65  3.4688  100
27.792  30.1404  1885.8  94.9562  162.923  0.39  42.6  65  3.4688  100
27.841  30.1404  1941.02  89.1224  29.73  0.37  43.4  65  3.4688  100
27.889  30.1404  2007.88  89.49  17.871  0.36  43.4  65  3.4688  100
27.938  30.2692  1882.3  95.1661  169.49  0.39  43.4  65  3.4688  100
27.987  30.2692  1886.38  95.072  166.771  0.39  43.4  65  3.4688  100
28.036  30.3981  1915.16  94.6509  155.291  0.38  43.4  65  3.4688  100
28.085  30.3981  1859.84  94.0289  130.67  0.39  43.4  65  3.4688  100
28.133  30.5269  1922.51  94.848  162.477  0.38  43.3  65  3.4688  100
28.182  30.5269  1911.06  96.0379  201.018  0.38  43.3  65  3.4688  100
28.231  30.5269  1883.21  95.0447  165.596  0.39  43.3  65  3.4688  100
28.28  30.6557  2018.27  89.8035  6.923  0.36  43.3  65  3.4688  100
28.328  30.6557  1978.91  89.7967  7.022  0.37  43.3  65  3.4688  100
28.378  30.7845  1880.5  95.1085  167.444  0.39  43.3  65  3.4688  100
28.426  30.7845  1932.37  94.9059  165.254  0.38  43.7  65  3.4688  100
28.475  30.7845  1958.23  89.7931  7.072  0.37  43.7  65  3.4688  100
28.524  30.9133  1853.22  90.0027  0.087  0.39  43.7  65  3.4688  100
28.573  30.9133  1998.77  89.6922  10.737  0.36  43.7  65  3.4688  100
28.621  31.0421  1886.27  95.3552  176.046  0.39  43.7  65  3.4688  100
28.67  31.0421  2014.83  89.9367  2.228  0.36  43.7  65  3.4688  100
28.719  31.0421  1905  96.0719  201.503  0.38  43.7  65  3.4688  100
28.768  31.1709  1889.11  95.0079  164.907  0.38  41.3  65  3.4688  100
28.816  31.1709  1925.34  94.7824  160.518  0.38  41.3  65  3.4688  100
28.865  31.2997  1891.72  94.9191  162.214  0.38  41.3  65  3.4688  100
28.914  31.2997  1958.75  88.9063  37.387  0.37  41.3  65  3.4688  100
28.963  31.4285  1993.72  89.6806  11.115  0.36  41.3  65  3.4688  100
29.011  31.4285  1807  90.0086  0.27  0.4  41.3  65  3.4688  100
29.06  31.4285  2033.38  89.9745  0.906  0.36  41.6  65  3.4688  100
29.109  31.5573  1911.49  96.1309  204.146  0.38  41.6  65  3.4688  100
29.158  31.5573  1877.79  95.1722  169.281  0.39  41.6  65  3.4688  100
29.207  31.6861  1922.42  95.1366  172.116  0.38  41.6  65  3.4688  100
29.256  31.6861  1894.62  94.5916  151.671  0.38  41.6  65  3.4688  100
29.305  31.6861  1869.44  90.029  0.945  0.39  41.6  65  3.4688  100
29.353  31.8149  2017.88  89.6301  13.026  0.36  41.6  65  3.4688  100
29.402  31.8149  1974.79  89.856  4.962  0.37  41.6  65  3.4688  100
29.451  31.9437  2014.34  90.0323  1.135  0.36  41.6  65  3.4688  100
29.5  31.9437  2008.49  89.6795  11.237  0.36  41.6  65  3.4688  100
29.548  31.9437  1872.39  95.299  172.921  0.39  41.6  65  3.4688  100
29.597  32.0725  1994.43  88.9292  37.272  0.36  41.6  65  3.4688  100
29.646  32.0725  1919.08  94.7957  160.44  0.38  42  65  3.4688  100
29.695  32.2013  1896.44  95.2463  173.407  0.38  42  65  3.4688  100
29.743  32.2013  2037.47  90.0309  1.1  0.36  42  65  3.4688  100
29.792  32.2013  1908.03  96.0549  201.262  0.38  42  65  3.4688  100
29.841  32.3301  2004.25  90.0075  0.261  0.36  42  65  3.4688  100
29.89  32.3301  1934.78  95.0619  170.71  0.38  42  65  3.4688  100
29.938  32.4589  1986.55  90.0024  0.084  0.36  44.2  65  3.4688  100
29.987  32.4589  1871.35  93.9497  128.9  0.39  44.2  65  3.4688  100
30.036  32.5877  1930.33  94.822  162.263  0.38  44.2  65  3.4688  100
30.085  32.5877  1867.34  94.8854  159.03  0.39  44.2  65  3.4688  100
30.133  32.5877  1985.93  88.9011  38.087  0.36  44.2  65  3.4688  100
30.182  32.7165  1909.28  96.3335  210.623  0.38  44.2  65  3.4688  100
30.231  32.7165  1861.51  94.0639  131.922  0.39  43.4  65  3.4688  100
30.28  32.8454  1989.08  89.8396  5.567  0.36  43.4  65  3.4688  100
30.329  32.8454  1877.67  95.1478  168.475  0.39  43.4  65  3.4688  100
30.377  32.8454  1936.48  89.2605  24.993  0.37  43.4  65  3.4688  100
30.426  32.9742  1982.62  89.7013  10.337  0.36  43.4  65  3.4688  100
30.475  32.9742  1966.88  89.8599  4.811  0.37  43.4  65  3.4688  100
30.524  33.103  1952.44  88.9055  37.296  0.37  43.9  65  3.4688  100
30.573  33.103  1927.03  94.5053  151.371  0.38  43.9  65  3.4688  100
30.621  33.103  1875.31  95.2811  172.608  0.39  43.9  65  3.4688  100
30.67  33.2318  2032.3  90.0184  0.651  0.36  43.9  65  3.4688  100
30.719  33.2318  1933.18  94.756  160.286  0.38  43.9  65  3.4688  100
30.768  33.3606  1961.76  89.1541  28.962  0.37  43.9  65  3.4688  100
30.816  33.3606  1930.21  94.8003  161.526  0.38  43  65  3.4688  100
30.865  33.4894  1903.7  96.1266  203.174  0.38  43  65  3.4688  100
30.914  33.4894  1952.91  89.2044  27.116  0.37  43  65  3.4688  100
30.963  33.4894  1915.59  95.0344  168.101  0.38  43  65  3.4688  100
31.011  33.6182  1980.15  89.9979  0.073  0.37  43  65  3.4688  100
31.06  33.6182  1971.5  88.9081  37.57  0.37  43  65  3.4688  100
31.109  33.747  1927.29  94.5518  152.952  0.38  43  65  3.4688  100
31.158  33.747  1939.17  89.8943  3.578  0.37  42.8  65  3.4688  100
31.207  33.747  1985.03  88.8293  40.556  0.36  42.8  65  3.4688  100
31.256  33.8758  1895.23  94.7078  155.548  0.38  42.8  65  3.4688  100
31.304  33.8758  1893  95.1727  170.67  0.38  42.8  65  3.4688  100
31.353  34.0046  2040.13  89.979  0.746  0.35  42.8  65  3.4688  100
31.402  34.0046  1883.99  95.2027  170.84  0.39  42.8  65  3.4688  100
31.451  34.0046  1996.23  90.0106  0.368  0.36  41.8  65  3.4688  100
31.5  34.1334  2005.21  89.5428  15.999  0.36  41.8  65  3.4688  100
31.548  34.1334  1838.92  93.9641  127.128  0.39  41.8  65  3.4688  100
31.597  34.2622  1991.86  89.9393  2.109  0.36  41.8  65  3.4688  100
31.646  34.2622  2013.18  89.6549  12.127  0.36  41.8  65  3.4688  100
31.695  34.2622  1870.14  95.4528  177.711  0.39  41.8  65  3.4688  100
31.743  34.391  1927.52  95.2021  174.765  0.38  43.2  65  3.4688  100
31.792  34.391  1928.59  96.0841  204.407  0.38  43.2  65  3.4688  100
31.841  34.5198  1871.6  93.9948  130.387  0.39  43.2  65  3.4688  100
31.89  34.5198  1922.51  94.848  162.477  0.38  43.2  65  3.4688  100
31.938  34.6486  1884.56  95.0111  164.613  0.39  43.2  65  3.4688  100
31.987  34.6486  1944.27  88.0069  67.622  0.37  43.2  65  3.4688  100
32.036  34.6486  2024.44  89.479  18.408  0.36  43  65  3.4688  100
32.085  34.7774  1882.3  95.1661  169.49  0.39  43  65  3.4688  100
32.133  34.7774  1997.87  89.7556  8.52  0.36  43  65  3.4688  100
32.182  34.9062  2003.97  89.8565  5.019  0.36  43  65  3.4688  100
32.231  34.9062  1865.82  94.0344  131.269  0.39  43  65  3.4688  100
32.28  34.9062  2035.42  90.0027  0.095  0.36  43  65  3.4688  100
32.328  35.035  1934.98  94.7932  161.685  0.38  43.6  65  3.4688  100
32.377  35.035  1897.34  93.961  131.063  0.38  43.6  65  3.4688  100
32.426  35.1638  2016.74  89.6748  11.447  0.36  43.6  65  3.4688  100
32.475  35.1638  1900.67  94.863  161.127  0.38  43.6  65  3.4688  100
32.523  35.1638  1888.18  93.9757  130.914  0.38  43.6  65  3.4688  100
32.572  35.2927  1932.25  94.8842  164.515  0.38  43.6  65  3.4688  100
32.621  35.2927  1809.87  89.9934  0.207  0.4  44  65  3.4688  100
32.67  35.4215  1973.16  88.7837  41.885  0.37  44  65  3.4688  100
32.719  35.4215  1890  94.8827  160.869  0.38  44  65  3.4688  100
32.767  35.5503  1844.7  94.2251  135.909  0.39  44  65  3.4688  100
32.816  35.5503  1911.97  95.2475  174.866  0.38  44  65  3.4688  100
32.865  35.5503  1917.52  96.432  214.808  0.38  44  65  3.4688  100
32.914  35.6791  1876.77  95.2722  172.451  0.39  45.7  65  3.4688  100
32.963  35.6791  1924.78  94.9782  167.025  0.38  45.7  65  3.4688  100
33.012  35.8079  1888.99  94.9834  164.091  0.38  45.7  65  3.4688  100
33.06  35.8079  1977.05  88.8375  40.111  0.37  45.7  65  3.4688  100
33.109  35.8079  2020.59  89.5771  14.913  0.36  45.7  65  3.4688  100
33.158  35.9367  1886.34  94.7644  156.677  0.38  45.7  65  3.4688  100
33.207  35.9367  2001.1  89.8918  3.779  0.36  44.6  65  3.4688  100
33.256  36.0655  1929.33  94.6353  155.915  0.38  44.6  65  3.4688  100
33.304  36.0655  1802.71  90.0312  0.98  0.4  44.6  65  3.4688  100
33.353  36.0655  2004.48  89.7594  8.416  0.36  44.6  65  3.4688  100
33.402  36.1943  1887.03  96.1725  202.899  0.39  44.6  65  3.4688  100
33.451  36.1943  1981.42  89.9739  0.901  0.37  44.6  65  3.4688  100
33.5  36.3231  2002.57  88.9214  37.698  0.36  44.6  65  3.4688  100
33.548  36.3231  1994.48  89.9993  0.024  0.36  45.1  65  3.4688  100
33.597  36.4519  1966.59  88.8985  37.804  0.37  45.1  65  3.4688  100
33.646  36.4519  1937.87  94.4363  149.897  0.37  45.1  65  3.4688  100
33.695  36.4519  1951.26  89.8674  4.516  0.37  45.1  65  3.4688  100
33.743  36.5807  1889.92  94.0112  132.202  0.38  45.1  65  3.4688  100
33.792  36.5807  1926.35  96.2886  211.004  0.38  45.1  65  3.4688  100
33.841  36.7095  1950.46  89.7971  6.907  0.37  45.2  65  3.4688  100
33.89  36.7095  1995.97  88.9204  37.606  0.36  45.2  65  3.4688  100
33.938  36.7095  1903.82  96.5056  215.702  0.38  45.2  65  3.4688  100
33.987  36.8383  1863.89  93.9544  128.538  0.39  45.2  65  3.4688  100
34.036  36.8383  1925.5  95.118  171.769  0.38  45.2  65  3.4688  100
34.085  36.9671  1886.34  94.7644  156.677  0.38  45.2  65  3.4688  100
34.134  36.9671  2015.87  90.0245  0.863  0.36  43.7  65  3.4688  100
34.183  36.9671  1936.1  95.0056  168.931  0.38  43.7  65  3.4688  100
34.231  37.0959  1869.15  95.2472  170.94  0.39  43.7  65  3.4688  100
34.28  37.0959  1990.61  89.8317  5.848  0.36  43.7  65  3.4688  100
34.329  37.2247  1921.22  94.904  164.238  0.38  43.7  65  3.4688  100
34.378  37.2247  1867.27  94.0245  131.05  0.39  43.7  65  3.4688  100
34.426  37.2247  2002.12  89.5594  15.396  0.36  44.2  65  3.4688  100
34.475  37.3535  1873.15  94.8485  158.32  0.39  44.2  65  3.4688  100
34.524  37.3535  1857.07  95.2075  168.555  0.39  44.2  65  3.4688  100
34.573  37.4823  2012.74  89.6185  13.4  0.36  44.2  65  3.4688  100
34.621  37.4823  1876.62  96.5583  214.335  0.39  44.2  65  3.4688  100
34.67  37.6111  2006.83  89.9564  1.527  0.36  44.2  65  3.4688  100
34.719  37.6111  1939.69  94.4733  151.283  0.37  44.9  65  3.4688  100
34.768  37.6111  1941.68  89.8439  5.291  0.37  44.9  65  3.4688  100
34.817  37.74  2027.15  90.0058  0.207  0.36  44.9  65  3.4688  100
34.865  37.74  1927.73  94.9343  165.811  0.38  44.9  65  3.4688  100
34.914  37.8688  1880.59  95.4365  178.171  0.39  44.9  65  3.4688  100
34.963  37.8688  2006.46  88.7045  45.365  0.36  44.9  65  3.4688  100
35.012  37.8688  1898.85  95.1115  169.177  0.38  43.9  65  3.4688  100
35.06  37.9976  1899.21  95.1821  171.541  0.38  43.9  65  3.4688  100
35.109  37.9976  1998.77  89.6922  10.737  0.36  43.9  65  3.4688  100
35.158  38.1264  1898.29  96.2987  208.266  0.38  43.9  65  3.4688  100
35.207  38.1264  1883.43  95.0903  167.109  0.39  43.9  65  3.4688  100
35.255  38.1264  2011.61  89.6631  11.829  0.36  43.9  65  3.4688  100
35.304  38.2552  1869.48  95.3168  173.232  0.39  47.2  65  3.4688  100
35.353  38.2552  2002.23  89.8478  5.32  0.36  47.2  65  3.4688  100
35.402  38.384  1992.34  89.8404  5.551  0.36  47.2  65  3.4688  100
35.45  38.384  1863.12  95.5418  179.924  0.39  47.2  65  3.4688  100
35.499  38.5128  2004.2  89.8759  4.342  0.36  47.2  65  3.4688  100
35.548  38.5128  1899.1  96.4836  214.444  0.38  47.2  65  3.4688  100
35.597  38.5128  1970.5  89.8987  3.485  0.37  44.3  65  3.4688  100
35.646  38.6416  1988.71  89.669  11.49  0.36  44.3  65  3.4688  100
35.695  38.6416  1991.49  90.0147  0.51  0.36  44.3  65  3.4688  100
35.743  38.7704  1972.11  88.8281  40.334  0.37  44.3  65  3.4688  100
35.792  38.7704  1921.64  94.6837  156.91  0.38  44.3  65  3.4688  100
35.841  38.7704  1802.62  89.9963  0.116  0.4  44.3  65  3.4688  100
35.89  38.8992  1827.55  89.9913  0.279  0.4  44.3  65  3.4688  100
35.939  38.8992  1920.88  96.1267  205.009  0.38  44.1  65  3.4688  100
35.987  39.028  1888.1  95.1085  168.121  0.38  44.1  65  3.4688  100
36.036  39.028  2010.13  89.9605  1.385  0.36  44.1  65  3.4688  100
36.085  39.028  1908.24  96.1013  202.821  0.38  44.1  65  3.4688  100
36.134  39.1568  1960.06  89.9531  1.603  0.37  44.1  65  3.4688  100
36.183  39.1568  2001.43  89.6398  12.581  0.36  44.1  65  3.4688  100
36.232  39.2856  1886.03  95.0019  164.44  0.39  46.1  65  3.4688  100
36.281  39.2856  1970.17  88.8012  41.218  0.37  46.1  65  3.4688  100
36.329  39.2856  1906.2  94.7331  157.29  0.38  46.1  65  3.4688  100
36.378  39.4144  1883.86  94.8743  160.072  0.39  46.1  65  3.4688  100
36.427  39.4144  2015.55  89.856  5.067  0.36  46.1  65  3.4688  100
36.475  39.5432  1912.8  96.0759  202.462  0.38  46.1  65  3.4688  100
36.524  39.5432  1997.74  90.0029  0.1  0.36  46.1  65  3.4688  100
36.573  39.672  1941.02  95.0242  169.989  0.37  46.1  65  3.4688  100
36.622  39.672  1900.12  95.0563  167.466  0.38  46.1  65  3.4688  100
36.67  39.672  1964.3  89.1017  30.794  0.37  46.1  65  3.4688  100
36.72  39.8008  1985.11  89.9158  2.917  0.36  46.1  65  3.4688  100
36.768  39.8008  1945.79  89.9334  2.261  0.37  46.1  65  3.4688  100
36.817  39.9296  1961.54  89.9454  1.87  0.37  43.2  65  3.4688  100
36.866  39.9296  1900.91  94.909  162.668  0.38  43.2  65  3.4688  100
36.915  39.9296  1966.02  89.9965  0.121  0.37  43.2  65  3.4688  100
36.963  40.0584  1904.04  94.9149  163.132  0.38  43.2  65  3.4688  100
37.012  40.0584  2006.66  89.8043  6.854  0.36  43.2  65  3.4688  100
37.061  40.1873  1991.73  90.0336  1.167  0.36  43.2  65  3.4688  100
37.11  40.1873  2019.97  89.9491  1.795  0.36  44.3  65  3.4688  100
37.158  40.1873  1856.39  95.3722  173.807  0.39  44.3  65  3.4688  100
37.207  40.3161  1950.6  89.1423  29.197  0.37  44.3  65  3.4688  100
37.256  40.3161  2019.45  89.6219  13.327  0.36  44.3  65  3.4688  100
37.305  40.4449  1954.6  89.887  3.854  0.37  44.3  65  3.4688  100
37.353  40.4449  1967.59  87.972  69.628  0.37  44.3  65  3.4688  100
37.402  40.5737  1923.11  94.9626  166.361  0.38  46.9  65  3.4688  100
37.451  40.5737  1811.31  89.9859  0.447  0.4  46.9  65  3.4688  100
37.5  40.5737  1998.42  89.9437  1.963  0.36  46.9  65  3.4688  100
37.548  40.7025  1895.47  94.7536  157.079  0.38  46.9  65  3.4688  100
37.597  40.7025  1881.62  95.3364  174.996  0.39  46.9  65  3.4688  100
37.646  40.8313  1936.91  94.8555  163.948  0.37  46.9  65  3.4688  100
37.695  40.8313  1900.68  96.1434  203.407  0.38  44.3  65  3.4688  100
37.743  40.8313  1967.57  89.7811  7.517  0.37  44.3  65  3.4688  100
37.792  40.9601  2028.67  89.6901  10.971  0.36  44.3  65  3.4688  100
37.841  40.9601  1972.6  89.9428  1.968  0.37  44.3  65  3.4688  100
37.89  41.0889  2011.87  89.9687  1.1  0.36  44.3  65  3.4688  100
37.938  41.0889  1920.36  94.7397  158.677  0.38  44.3  65  3.4688  100
37.987  41.0889  1962.81  89.9187  2.785  0.37  45.6  65  3.4688  100
38.036  41.2177  2026.67  89.9699  1.065  0.36  45.6  65  3.4688  100
38.085  41.2177  1909.68  96.4265  213.748  0.38  45.6  65  3.4688  100
38.133  41.3465  1978.91  90.0243  0.839  0.37  45.6  65  3.4688  100
38.182  41.3465  1925.97  95.2113  174.935  0.38  45.6  65  3.4688  100
38.231  41.3465  1875.24  96.2386  203.781  0.39  45.6  65  3.4688  100
38.28  41.4753  1821.7  90.0218  0.692  0.4  47.2  65  3.4688  100
38.328  41.4753  1939.46  95.0337  170.17  0.37  47.2  65  3.4688  100
38.377  41.6041  1864.68  94.949  160.863  0.39  47.2  65  3.4688  100
38.426  41.6041  1977.93  88.9089  37.662  0.37  47.2  65  3.4688  100
38.475  41.7329  1921.99  96.0247  201.726  0.38  47.2  65  3.4688  100
38.523  41.7329  1795.51  90.0339  1.061  0.4  47.2  65  3.4688  100
38.572  41.7329  1991.38  88.9467  36.606  0.36  47.2  65  3.4688  100
38.621  41.8617  1902.89  94.9917  165.573  0.38  43.6  65  3.4688  100
38.67  41.8617  1864.35  95.4879  178.297  0.39  43.6  65  3.4688  100
38.718  41.9905  1924.54  94.9316  165.446  0.38  43.6  65  3.4688  100
38.767  41.9905  1880.92  94.8929  160.429  0.39  43.6  65  3.4688  100
38.816  41.9905  1884.54  90.0231  0.759  0.38  43.6  65  3.4688  100
38.865  42.1193  1925.97  95.2113  174.935  0.38  43.6  65  3.4688  100
38.913  42.1193  1863.01  94.913  159.555  0.39  45.4  65  3.4688  100
38.962  42.2481  1967.89  89.0051  34.168  0.37  45.4  65  3.4688  100
39.011  42.2481  1908.7  95.2195  173.639  0.38  45.4  65  3.4688  100
39.06  42.2481  1946.06  89.8206  6.095  0.37  45.4  65  3.4688  100
39.108  42.3769  2008.02  89.7794  7.73  0.36  45.4  65  3.4688  100
39.157  42.3769  1893.91  95.0473  166.622  0.38  45.4  65  3.4688  100
39.206  42.5057  1926.84  89.3525  21.774  0.38  45.1  65  3.4688  100
39.255  42.5057  1910.56  94.9698  165.513  0.38  45.1  65  3.4688  100
39.303  42.5057  1889.53  96.394  210.428  0.39  45.1  65  3.4688  100
39.352  42.6346  1949.76  89.0719  31.58  0.37  45.1  65  3.4688  100
39.401  42.6346  1930.33  94.822  162.263  0.38  45.1  65  3.4688  100
39.45  42.7634  1893.67  95.0014  165.092  0.38  45.1  65  3.4688  100
39.499  42.7634  1982.71  89.0347  33.402  0.36  45.2  65  3.4688  100
39.547  42.8922  1907.47  94.6775  155.549  0.38  45.2  65  3.4688  100
39.596  42.8922  1927.62  89.9555  1.497  0.38  45.2  65  3.4688  100
39.645  42.8922  1996.47  89.9156  2.94  0.36  45.2  65  3.4688  100
39.694  43.021  1903.02  96.3202  209.493  0.38  45.2  65  3.4688  100
39.742  43.021  1876.71  94.1006  134.199  0.39  45.2  65  3.4688  100
39.791  43.1498  2011.88  89.5459  15.944  0.36  45.5  65  3.4688  100
39.84  43.1498  1885.02  95.1023  167.643  0.39  45.5  65  3.4688  100
39.889  43.1498  2011.87  89.9687  1.1  0.36  45.5  65  3.4688  100
39.937  43.2786  2013.33  89.8083  6.738  0.36  45.5  65  3.4688  100
39.986  43.2786  1959.76  89.992  0.274  0.37  45.5  65  3.4688  100
40.035  43.4074  1956.67  88.9942  34.346  0.37  45.5  65  3.4688  100
40.084  43.4074  1922.87  94.9161  164.784  0.38  44.9  65  3.4688  100
40.133  43.4074  1821.79  90.057  1.812  0.4  44.9  65  3.4688  100
40.182  43.5362  1998.42  89.9437  1.963  0.36  44.9  65  3.4688  100
40.23  43.5362  1881.05  95.2208  171.164  0.39  44.9  65  3.4688  100
40.279  43.665  1874.87  95.1903  169.606  0.39  44.9  65  3.4688  100
40.328  43.665  2016.13  89.4845  18.138  0.36  44.9  65  3.4688  100
40.377  43.7938  1886.49  95.0932  167.475  0.39  44.6  65  3.4688  100
40.426  43.7938  1939.86  88.1493  62.648  0.37  44.6  65  3.4688  100
40.474  43.7938  1994.15  89.7165  9.866  0.36  44.6  65  3.4688  100
40.523  43.9226  1876.1  95.1358  167.942  0.39  44.6  65  3.4688  100
40.572  43.9226  2013.4  89.9609  1.375  0.36  44.6  65  3.4688  100
40.621  44.0514  1923.53  96.0161  201.601  0.38  44.6  65  3.4688  100
40.67  44.0514  1894.72  95.2095  172.036  0.38  46.9  65  3.4688  100
40.719  44.0514  1995.95  89.5923  14.203  0.36  46.9  65  3.4688  100
40.768  44.1802  1884.33  94.9655  163.098  0.39  46.9  65  3.4688  100
40.816  44.1802  1989.32  89.9707  1.017  0.36  46.9  65  3.4688  100
40.865  44.309  1922.89  95.2298  175.272  0.38  46.9  65  3.4688  100
40.914  44.309  1881.38  94.9839  163.447  0.39  46.9  65  3.4688  100
40.963  44.309  1970  88.9167  37.243  0.37  46.9  65  3.4688  100
41.011  44.4378  2002  89.8284  5.995  0.36  46.3  65  3.4688  100
41.06  44.4378  1850.16  95.2968  170.798  0.39  46.3  65  3.4688  100
41.109  44.5666  2017.41  90.0168  0.59  0.36  46.3  65  3.4688  100
41.158  44.5666  1915.64  96.0123  200.648  0.38  46.3  65  3.4688  100
41.206  44.5666  1852.25  94.2662  137.789  0.39  46.3  65  3.4688  100
41.255  44.6954  1931.19  94.9872  167.883  0.38  46.3  65  3.4688  100
41.304  44.6954  1912.42  95.0282  167.617  0.38  44.8  65  3.4688  100
41.353  44.8242  1879.63  94.0808  133.761  0.39  44.8  65  3.4688  100
41.401  44.8242  1924.05  94.8385  162.288  0.38  44.8  65  3.4688  100
41.45  44.953  1867.94  96.2795  204.314  0.39  44.8  65  3.4688  100
41.499  44.953  1942.82  88.0162  67.255  0.37  44.8  65  3.4688  100
41.548  44.953  1990.92  89.5809  14.562  0.36  44.8  65  3.4688  100
41.597  45.0819  1825.41  94.1287  131.425  0.4  46.1  65  3.4688  100
41.645  45.0819  1882.34  89.6236  12.366  0.38  46.1  65  3.4688  100
41.694  45.2107  1861.51  94.0639  131.922  0.39  46.1  65  3.4688  100
41.743  45.2107  1925  89.3259  22.647  0.38  46.1  65  3.4688  100
41.792  45.2107  1957.28  88.038  67.011  0.37  46.1  65  3.4688  100
41.84  45.3395  1989.07  89.9518  1.673  0.36  46.1  65  3.4688  100
41.889  45.3395  1935.01  89.0077  33.512  0.37  44.5  65  3.4688  100
41.938  45.4683  2025.15  89.9615  1.359  0.36  44.5  65  3.4688  100
41.987  45.4683  1859.81  95.4689  177.251  0.39  44.5  65  3.4688  100
42.035  45.4683  1952.07  89.1339  29.505  0.37  44.5  65  3.4688  100
42.084  45.5971  1982.62  89.7013  10.337  0.36  44.5  65  3.4688  100
42.133  45.5971  1851.77  94.1769  134.875  0.39  44.5  65  3.4688  100
42.181  45.7259  1964.92  89.0223  33.529  0.37  44.1  65  3.4688  100
42.23  45.7259  1972.19  89.9073  3.19  0.37  44.1  65  3.4688  100
42.279  45.8547  1857.71  94.1828  135.499  0.39  44.1  65  3.4688  100
42.328  45.8547  2030.74  90.0262  0.928  0.36  44.1  65  3.4688  100
42.376  45.8547  1959.84  89.9342  2.25  0.37  44.1  65  3.4688  100
42.425  45.9835  1941.63  89.0439  32.399  0.37  44.1  65  3.4688  100
42.474  45.9835  1991.44  89.9034  3.356  0.36  44.1  65  3.4688  100
42.523  46.1123  1848.38  95.5384  178.393  0.39  44.1  65  3.4688  100
42.571  46.1123  1878.05  94.0697  133.286  0.39  44.1  65  3.4688  100
42.62  46.1123  1911.5  95.1549  171.746  0.38  44.1  65  3.4688  100
42.669  46.2411  1846.96  95.547  178.533  0.39  44.1  65  3.4688  100
42.718  46.2411  1961.27  88.8536  39.239  0.37  44.1  65  3.4688  100
42.767  46.3699  1977.81  89.8403  5.514  0.37  42.7  65  3.4688  100
42.815  46.3699  1858.89  94.1283  133.821  0.39  42.7  65  3.4688  100
42.864  46.3699  1959.29  87.9483  70.146  0.37  42.7  65  3.4688  100
42.913  46.4987  1885.57  94.9106  161.407  0.39  42.7  65  3.4688  100
42.962  46.4987  1931.72  88.9897  34.062  0.37  42.7  65  3.4688  100
43.011  46.6275  1851.72  90.0104  0.337  0.39  42.7  65  3.4688  100
43.059  46.6275  1879.12  93.9903  130.763  0.39  42.8  65  3.4688  100
43.108  46.6275  1949.6  87.9341  70.28  0.37  42.8  65  3.4688  100
43.157  46.7563  2003.97  89.8565  5.019  0.36  42.8  65  3.4688  100
43.206  46.7563  1905.62  89.4727  17.538  0.38  42.8  65  3.4688  100
43.254  46.8851  1967.63  88.8543  39.343  0.37  42.8  65  3.4688  100
43.304  46.8851  1889.67  95.4289  178.784  0.38  42.8  65  3.4688  100
43.352  47.0139  1955.43  89.1524  28.926  0.37  42.8  65  3.4688  100
43.401  47.0139  2021.85  89.8237  6.222  0.36  43.3  65  3.4688  100
43.45  47.0139  1814.29  90.0057  0.182  0.4  43.3  65  3.4688  100
43.499  47.1427  1955.85  89.1877  27.727  0.37  43.3  65  3.4688  100
43.547  47.1427  1916.77  95.2665  175.936  0.38  43.3  65  3.4688  100
43.596  47.2715  1884.33  94.9655  163.098  0.39  43.3  65  3.4688  100
43.645  47.2715  1987.89  88.9282  37.183  0.36  43.3  65  3.4688  100
43.694  47.2715  1921.09  96.1734  206.59  0.38  44.4  65  3.4688  100
43.743  47.4003  1792.59  90.0142  0.443  0.4  44.4  65  3.4688  100
43.791  47.4003  1978.81  88.9804  35.211  0.37  44.4  65  3.4688  100
43.84  47.5292  1907.17  94.9176  163.488  0.38  44.4  65  3.4688  100
43.889  47.5292  1985.3  90.0289  1.002  0.36  44.4  65  3.4688  100
43.938  47.5292  2004.06  89.7233  9.679  0.36  44.4  65  3.4688  100
43.987  47.658  1874.74  95.1659  168.802  0.39  44  65  3.4688  100
44.035  47.658  1952.01  88.8702  38.488  0.37  44  65  3.4688  100
44.084  47.7868  1939.46  95.0337  170.17  0.37  44  65  3.4688  100
44.133  47.7868  1876.19  95.463  178.618  0.39  44  65  3.4688  100
44.182  47.9156  1988.82  89.1358  29.998  0.36  44  65  3.4688  100
44.23  47.9156  2000.73  89.7202  9.772  0.36  44  65  3.4688  100
44.279  47.9156  1993.23  90.0259  0.902  0.36  44  65  3.4688  100
44.328  48.0444  1987.44  88.8923  38.42  0.36  44  65  3.4688  100
44.377  48.0444  1890.47  94.9742  163.916  0.38  44  65  3.4688  100
44.425  48.1732  1948.91  89.0016  33.96  0.37  44  65  3.4688  100
44.474  48.1732  1997.17  89.8357  5.727  0.36  44  65  3.4688  100
44.523  48.1732  1982.07  89.9315  2.369  0.36  44  65  3.4688  100
44.572  48.302  1952.01  88.8702  38.488  0.37  43.8  65  3.4688  100
44.621  48.302  2011  89.4733  18.486  0.36  43.8  65  3.4688  100
44.67  48.4308  1962.68  89.7694  7.898  0.37  43.8  65  3.4688  100
44.718  48.4308  1888.32  94.0001  131.725  0.38  43.8  65  3.4688  100
44.767  48.4308  1997.65  89.7363  9.193  0.36  43.8  65  3.4688  100
44.816  48.5596  1852.01  94.2215  136.332  0.39  43.8  65  3.4688  100
44.865  48.5596  1987.26  89.0088  34.378  0.36  43.6  65  3.4688  100
44.914  48.6884  1954.98  89.98  0.682  0.37  43.6  65  3.4688  100
44.963  48.6884  1797.92  94.5237  141.806  0.4  43.6  65  3.4688  100
45.011  48.6884  1836.06  94.2382  135.692  0.4  43.6  65  3.4688  100
45.06  48.8172  1793.58  94.4847  140.244  0.4  43.6  65  3.4688  100
45.11  48.8172  1865.49  89.7896  6.849  0.39  43.6  65  3.4688  100
45.159  48.946  1846.56  94.0278  129.703  0.39  43.5  65  3.4688  100
45.207  48.946  1773.4  94.5351  140.222  0.41  43.5  65  3.4688  100
45.256  49.0748  1892.71  89.6376  11.971  0.38  43.5  65  3.4688  100
45.305  49.0748  1879.25  95.1631  169.118  0.39  43.5  65  3.4688  100
45.354  49.0748  1816.05  94.5115  142.849  0.4  43.5  65  3.4688  100
45.403  49.2036  1960.9  89.0833  31.372  0.37  43.5  65  3.4688  100
45.452  49.2036  1855.17  93.9897  129.076  0.39  43.8  65  3.4688  100
45.5  49.3324  1808.47  94.4064  138.945  0.4  43.8  65  3.4688  100
45.549  49.3324  1828.19  94.3835  139.733  0.4  43.8  65  3.4688  100
45.598  49.3324  1772.7  95.8225  179.835  0.41  43.8  65  3.4688  100
45.647  49.4612  1827.62  94.2749  136.234  0.4  43.8  65  3.4688  100
45.696  49.4612  1945.79  89.9334  2.261  0.37  43.8  65  3.4688  100
45.744  49.59  1846.55  95.1563  165.954  0.39  43.8  65  3.4688  100
45.793  49.59  1924.6  89.2912  23.808  0.38  43.1  65  3.4688  100
45.842  49.59  1845.01  95.4422  174.983  0.39  43.1  65  3.4688  100
45.891  49.7188  1831.19  94.4089  140.769  0.4  43.1  65  3.4688  100
45.939  49.7188  1871.03  94.1641  135.862  0.39  43.1  65  3.4688  100
45.988  49.8477  1851.57  94.986  160.925  0.39  43.1  65  3.4688  100
46.037  49.8477  1927.05  89.2401  25.557  0.38  43.1  65  3.4688  100
46.086  49.9765  1883.77  94.0057  131.592  0.38  44  65  3.4688  100
46.135  49.9765  1817.29  94.2063  133.295  0.4  44  65  3.4688  100
46.183  49.9765  1902.86  89.2325  25.49  0.38  44  65  3.4688  100
46.232  50.1053  1951.93  89.7893  7.179  0.37  44  65  3.4688  100
46.281  50.1053  1941.64  90.0131  0.445  0.37  44  65  3.4688  100
46.33  50.2341  2002.74  90.0152  0.531  0.36  44  65  3.4688  100
46.379  50.2341  1881.15  94.9384  161.938  0.39  45  65  3.4688  100
46.428  50.2341  1843.99  94.0917  131.575  0.39  45  65  3.4688  100
46.476  50.3629  1903.94  95.2008  172.585  0.38  45  65  3.4688  100
46.525  50.3629  1891.72  94.9191  162.214  0.38  45  65  3.4688  100
46.574  50.4917  1868.01  94.1595  135.493  0.39  45  65  3.4688  100
46.623  50.4917  2028.23  89.962  1.343  0.36  45  65  3.4688  100
46.672  50.4917  1869.93  95.1024  166.304  0.39  44.1  65  3.4688  100
46.72  50.6205  1997.28  89.9675  1.134  0.36  44.1  65  3.4688  100
46.769  50.6205  1915.78  94.7684  159.255  0.38  44.1  65  3.4688  100
46.818  50.7493  1941.68  89.8439  5.291  0.37  44.1  65  3.4688  100
46.867  50.7493  1987.97  89.8834  4.045  0.36  44.1  65  3.4688  100
46.916  50.8781  1910.22  95.2104  173.473  0.38  44.1  65  3.4688  100
46.964  50.8781  1959.71  89.7852  7.347  0.37  43.8  65  3.4688  100
47.013  50.8781  2011.27  89.9163  2.937  0.36  43.8  65  3.4688  100
47.062  51.0069  1965.66  89.7536  8.454  0.37  43.8  65  3.4688  100
47.111  51.0069  1875.96  93.965  129.716  0.39  43.8  65  3.4688  100
47.159  51.1357  2028.75  89.417  20.641  0.36  43.8  65  3.4688  100
47.208  51.1357  1807.09  90.0435  1.372  0.4  43.8  65  3.4688  100
47.257  51.1357  1956.82  88.0026  68.204  0.37  43.2  65  3.4688  100
47.306  51.2645  1986.08  89.721  9.672  0.36  43.2  65  3.4688  100
47.354  51.2645  1867.25  95.1657  168.121  0.39  43.2  65  3.4688  100
47.403  51.3933  1911.84  94.9142  163.775  0.38  43.2  65  3.4688  100
47.452  51.3933  1918.02  96.1903  206.821  0.38  43.2  65  3.4688  100
47.501  51.3933  1861.25  95.4602  177.105  0.39  43.2  65  3.4688  100
47.55  51.5221  2004.48  89.7594  8.416  0.36  44  65  3.4688  100
47.599  51.5221  1865.9  94.8947  159.206  0.39  44  65  3.4688  100
47.647  51.6509  1868.71  94.0146  130.829  0.39  44  65  3.4688  100
47.696  51.6509  1988.29  89.6331  12.732  0.36  44  65  3.4688  100
47.745  51.6509  1856.6  93.9798  128.857  0.39  44  65  3.4688  100
47.794  51.7797  1958.36  87.8773  72.536  0.37  44  65  3.4688  100
47.842  51.7797  1838.85  94.2191  135.285  0.39  43.8  65  3.4688  100
47.891  51.9085  1764.59  89.1888  24.983  0.41  43.8  65  3.4688  100
47.94  51.9085  1687.15  88.0518  57.356  0.43  43.8  65  3.4688  100
47.989  52.0373  1944.91  86.3265  124.611  0.37  43.8  65  3.4688  100
48.037  52.0373  2051.55  81.8293  291.572  0.36  43.8  65  3.4688  100
48.086  52.0373  2038.73  79.7475  362.868  0.36  43.8  65  3.4688  100
48.135  52.1661  1818.11  77.9739  378.815  0.41  43.8  65  3.4688  100
48.184  52.1661  1647.98  74.5852  438.043  0.46  43.8  65  3.4688  100
48.232  52.295  1761.03  73.421  502.487  0.43  43.8  65  3.4688  100
48.281  52.295  1869.45  72.5825  559.586  0.41  43.8  65  3.4688  100
48.33  52.295  1958.58  68.8239  707.51  0.4  43.8  65  3.4688  100
48.379  52.4238  2018.25  68.8715  727.502  0.38  43.8  65  3.4688  100
48.428  52.4238  2017.11  70.5593  671.358  0.38  43.8  65  3.4688  100
48.476  52.5526  1984.39  68.0374  742.168  0.39  43  65  3.4688  100
48.525  52.5526  2112.94  71.1668  682.086  0.36  43  65  3.4688  100
48.574  52.5526  2031.81  71.4321  646.984  0.38  43  65  3.4688  100
48.623  52.6814  1989.76  68.4042  732.345  0.39  43  65  3.4688  100
48.671  52.6814  2081.66  70.535  693.674  0.37  43  65  3.4688  100
48.72  52.8102  2038.1  69.2832  720.977  0.38  43  65  3.4688  100
48.769  52.8102  2064.51  71.0089  671.834  0.37  43.6  65  3.4688  100
48.818  52.939  1978.58  70.2697  667.954  0.39  43.6  65  3.4688  100
48.866  52.939  2005.48  66.8645  787.966  0.39  43.6  65  3.4688  100
48.915  52.939  2113.56  68.7113  767.365  0.37  43.6  65  3.4688  100
48.964  53.0678  2043.86  67.9195  768.303  0.38  43.6  65  3.4688  100
49.013  53.0678  2055.03  68.4712  754.13  0.38  43.6  65  3.4688  100
49.061  53.1966  2104.55  69.5418  735.591  0.37  44.8  65  3.4688  100
49.11  53.1966  2067.91  67.0977  804.753  0.38  44.8  65  3.4688  100
49.159  53.1966  2272.74  65.7861  932.148  0.35  44.8  65  3.4688  100
49.208  53.3254  2189.08  68.4553  803.892  0.36  44.8  65  3.4688  100
49.257  53.3254  2094.58  67.3712  805.907  0.37  44.8  65  3.4688  100
49.305  53.4542  2157.27  67.8852  812.135  0.36  44.8  65  3.4688  100
49.354  53.4542  2201.35  68.77  797.134  0.35  43.9  65  3.4688  100
49.403  53.4542  2144.9  63.4911  957.35  0.38  43.9  65  3.4688  100
49.452  53.583  2295.57  65.1598  964.342  0.35  43.9  65  3.4688  100
49.5  53.583  2293.59  69.2755  811.642  0.34  43.9  65  3.4688  100
49.549  53.7118  2226.94  65.6131  919.495  0.36  43.9  65  3.4688  100
49.598  53.7118  2265.1  70.2433  765.665  0.34  43.9  65  3.4688  100
49.647  53.7118  2398.62  65.6866  987.579  0.33  43.8  65  3.4688  100
49.695  53.8406  2271.07  63.2235  1023.14  0.36  43.8  65  3.4688  100
49.744  53.8406  2220.26  70.8757  727.397  0.34  43.8  65  3.4688  100
49.793  53.9694  2210.32  68.5823  807.13  0.35  43.8  65  3.4688  100
49.842  53.9694  2366.94  66.152  956.981  0.33  43.8  65  3.4688  100
49.891  54.0982  2383  65.3442  994.108  0.33  43.8  65  3.4688  100
49.94  54.0982  2323.58  63.6988  1029.56  0.35  43.9  65  3.4688  100
49.989  54.0982  2292.7  65.2741  958.987  0.35  43.9  65  3.4688  100
50.037  54.227  2160.04  67.7856  816.651  0.36  43.9  65  3.4688  100
50.086  54.227  2228.76  65.5398  922.842  0.36  43.9  65  3.4688  100
50.135  54.3558  2395.82  65.9285  977.196  0.33  43.9  65  3.4688  100
50.184  54.3558  2399.11  65.4609  996.386  0.33  43.9  65  3.4688  100
50.233  54.3558  2346.42  63.4766  1047.83  0.34  44.3  65  3.4688  100
50.282  54.4846  2309.02  67.8396  870.964  0.34  44.3  65  3.4688  100
50.331  54.4846  2230.91  64.4932  960.672  0.36  44.3  65  3.4688  100
50.379  54.6134  2397.33  65.0184  1012.46  0.33  44.3  65  3.4688  100
50.428  54.6134  2489.52  64.1732  1084.56  0.32  44.3  65  3.4688  100
50.477  54.6134  2491.95  65.6169  1028.77  0.32  44.3  65  3.4688  100
50.526  54.7423  2263.39  63.1327  1022.88  0.36  43.2  65  3.4688  100
50.574  54.7423  2340.88  67.3267  902.352  0.33  43.2  65  3.4688  100
50.623  54.8711  2285.16  65.0207  965.004  0.35  43.2  65  3.4688  100
50.672  54.8711  2509  66.0383  1018.97  0.32  43.2  65  3.4688  100
50.721  54.9999  2415.05  64.6271  1034.87  0.33  43.2  65  3.4688  100
50.769  54.9999  2307.61  65.7238  948.741  0.34  43.2  65  3.4688  100
50.818  54.9999  2376.01  65.682  978.443  0.33  43.2  65  3.4688  100
50.867  55.1287  2343.95  63.1819  1057.5  0.35  42.4  65  3.4688  100
50.916  55.1287  2420.29  63.7135  1071.85  0.33  42.4  65  3.4688  100
50.964  55.2575  2527.05  64.5607  1085.51  0.32  42.4  65  3.4688  100
51.013  55.2575  2326.41  64.0334  1018.61  0.35  42.4  65  3.4688  100
51.062  55.2575  2364.1  65.9835  962.187  0.34  42.4  65  3.4688  100
51.111  55.3863  2181.99  65.8537  892.585  0.36  42.4  65  3.4688  100
51.159  55.3863  2507.24  65.5163  1039.09  0.32  43.3  65  3.4688  100
51.208  55.5151  2342.6  66.1568  946.964  0.34  43.3  65  3.4688  100
51.257  55.5151  2221.85  65.0801  936.179  0.36  43.3  65  3.4688  100
51.306  55.5151  2394.23  65.7824  982.123  0.33  43.3  65  3.4688  100
51.354  55.6439  2280.68  66.2731  917.695  0.35  43.3  65  3.4688  100
51.404  55.6439  2322.84  64.4798  1000.75  0.35  43.3  65  3.4688  100
51.452  55.7727  2583.51  62.8658  1178.28  0.31  44.6  65  3.4688  100
51.501  55.7727  2400.57  64.6657  1027.2  0.33  44.6  65  3.4688  100
51.55  55.7727  2337.9  64.5259  1005.54  0.34  44.6  65  3.4688  100
51.599  55.9015  2354.66  66.3262  945.463  0.34  44.6  65  3.4688  100
51.648  55.9015  2192.69  65.7471  900.682  0.36  44.6  65  3.4688  100
51.696  56.0303  2238.29  65.0154  945.396  0.36  44.6  65  3.4688  100
51.745  56.0303  1990.6  64.5003  856.963  0.4  45.1  65  3.4688  100
51.794  56.1591  1758.76  65.3144  734.527  0.45  45.1  65  3.4688  100
51.842  56.1591  1588.69  64.4057  686.311  0.5  45.1  65  3.4688  100
51.891  56.1591  1510.42  66.1321  611.159  0.52  45.1  65  3.4688  100
51.94  56.2879  1468.89  63.528  654.775  0.55  45.1  65  3.4688  100
51.989  56.2879  1453.33  64.7029  621.025  0.55  45.1  65  3.4688  100
52.038  56.4167  1363.71  66.5018  543.74  0.58  44.7  65  3.4688  100
52.086  56.4167  1385.97  65.4557  575.729  0.57  44.7  65  3.4688  100
52.135  56.4167  1455.25  65.2821  608.512  0.55  44.7  65  3.4688  100
52.184  56.5455  1466.1  65.2116  614.687  0.54  44.7  65  3.4688  100
52.233  56.5455  1364.94  64.5164  587.269  0.59  44.7  65  3.4688  100
52.281  56.6743  1303.41  66.4127  521.555  0.61  44.7  65  3.4688  100
52.33  56.6743  1193.48  66.7345  471.417  0.66  44.4  65  3.4688  100
52.379  56.6743  1078.72  65.1664  453.046  0.74  44.4  65  3.4688  100
52.428  56.8031  1136.55  64.124  496.02  0.71  44.4  65  3.4688  100
52.476  56.8031  1092.46  64.9495  462.568  0.73  44.4  65  3.4688  100
52.525  56.9319  1069.74  66.8363  420.793  0.74  44.4  65  3.4688  100
52.574  56.9319  1008.87  68.778  365.194  0.77  44.4  65  3.4688  100
52.623  57.0607  1062.7  65.0994  447.444  0.75  44.6  65  3.4688  100
52.671  57.0607  1123.17  65.7978  460.454  0.71  44.6  65  3.4688  100
52.72  57.0607  1053.4  67.6362  400.803  0.74  44.6  65  3.4688  100
52.769  57.1896  1059.01  65.8532  433.216  0.75  44.6  65  3.4688  100
52.818  57.1896  1077.86  67.8511  406.367  0.72  44.6  65  3.4688  100
52.867  57.3184  1066.7  66.7383  421.275  0.74  44.6  65  3.4688  100
52.916  57.3184  1086.55  65.1099  457.306  0.73  43  65  3.4688  100
52.964  57.3184  1151.82  65.0808  485.308  0.69  43  65  3.4688  100
53.013  57.4472  1049.66  64.9611  444.252  0.76  43  65  3.4688  100
53.062  57.4472  1043.88  66.624  414.174  0.75  43  65  3.4688  100
53.111  57.576  1083.75  67.4303  415.951  0.72  43  65  3.4688  100
53.16  57.576  1071.22  65.3567  446.662  0.74  43  65  3.4688  100
53.208  57.576  1160.9  65.9599  472.922  0.68  43  65  3.4688  100
53.258  57.7048  1048.09  66.7978  412.924  0.75  43  65  3.4688  100
53.306  57.7048  1037.45  65.7248  426.516  0.76  43  65  3.4688  100
53.355  57.8336  1067.82  68.7699  386.671  0.73  43  65  3.4688  100
53.404  57.8336  1048.42  66.269  421.93  0.75  43  65  3.4688  100
53.453  57.8336  1143.68  65.2735  478.386  0.7  43  65  3.4688  100
53.502  57.9624  1096.88  65.9197  447.543  0.72  43  65  3.4688  100
53.551  57.9624  1069.27  66.238  430.849  0.74  43.5  65  3.4688  100
53.6  58.0912  1031.53  67.6652  392.001  0.76  43.5  65  3.4688  100
53.648  58.0912  1023.58  68.9829  367.104  0.76  43.5  65  3.4688  100
53.697  58.22  1072.61  68.0895  400.253  0.73  43.5  65  3.4688  100
53.746  58.22  1083.66  66.8134  426.664  0.73  43.5  65  3.4688  100
53.795  58.22  1102.05  67.1862  427.304  0.71  43.5  65  3.4688  100
53.844  58.3488  1032.48  68.6029  376.678  0.75  42.9  65  3.4688  100
53.892  58.3488  1052.76  68.0304  393.852  0.74  42.9  65  3.4688  100
53.941  58.4776  1040.79  67.0344  406.092  0.75  42.9  65  3.4688  100
53.99  58.4776  1073.07  64.2647  465.942  0.75  42.9  65  3.4688  100
54.039  58.4776  1099.6  67.5819  419.345  0.71  42.9  65  3.4688  100
54.088  58.6064  1058.29  67.8164  399.583  0.74  42.9  65  3.4688  100
54.137  58.6064  1019.5  67.4136  391.565  0.77  43.4  65  3.4688  100
54.186  58.7352  1015.72  69.6344  353.48  0.76  43.4  65  3.4688  100
54.234  58.7352  1012.49  68.2995  374.374  0.77  43.4  65  3.4688  100
54.283  58.7352  1075.75  67.7388  407.525  0.73  43.4  65  3.4688  100
54.332  58.864  1027.54  68.3385  379.287  0.76  43.4  65  3.4688  100
54.381  58.864  1029.05  68.7672  372.679  0.75  43.4  65  3.4688  100
54.429  58.9928  998.745  69.1427  355.595  0.78  44.2  65  3.4688  100
54.478  58.9928  1035.28  67.4608  396.838  0.76  44.2  65  3.4688  100
54.527  59.1216  1110.16  66.4345  443.84  0.71  44.2  65  3.4688  100
54.576  59.1216  1019.32  67.4297  391.23  0.77  44.2  65  3.4688  100
54.624  59.1216  1017.6  67.8572  383.551  0.77  44.2  65  3.4688  100
54.673  59.2504  1024.73  68.7452  371.481  0.76  44.2  65  3.4688  100
54.722  59.2504  1042.5  67.547  398.157  0.75  44.3  65  3.4688  100
54.771  59.3792  1084.32  65.178  455.198  0.74  44.3  65  3.4688  100
54.819  59.3792  1015.63  67.938  381.48  0.77  44.3  65  3.4688  100
54.868  59.3792  1001.88  69.5449  350.132  0.77  44.3  65  3.4688  100
54.916  59.508  1011.68  68.311  373.885  0.77  44.3  65  3.4688  100
54.965  59.508  1021.73  67.5816  389.654  0.77  44.3  65  3.4688  100
55.014  59.6369  1116.27  66.3286  448.173  0.71  43.6  65  3.4688  100
55.063  59.6369  1060.16  67.4709  406.202  0.74  43.6  65  3.4688  100
55.111  59.6369  1023.37  68.6849  371.99  0.76  43.6  65  3.4688  100
55.16  59.7657  1009.86  68.7515  365.987  0.77  43.6  65  3.4688  100
55.209  59.7657  1042.58  66.9377  408.41  0.75  43.6  65  3.4688  100
55.258  59.8945  1118.04  65.2605  467.893  0.71  43.6  65  3.4688  100
55.306  59.8945  1019.06  68.0879  380.295  0.77  43.2  65  3.4688  100
55.355  60.0233  1058.41  67.2988  408.468  0.74  43.2  65  3.4688  100
55.404  60.0233  1047.89  68.4893  384.233  0.74  43.2  65  3.4688  100
55.453  60.0233  1126.68  67.1821  436.932  0.7  43.2  65  3.4688  100
55.501  60.1521  1115.2  65.8132  456.912  0.71  43.2  65  3.4688  100
55.551  60.1521  1057.49  66.0662  429.003  0.75  43.2  65  3.4688  100
55.599  60.2809  1045.04  66.8439  410.95  0.75  43.2  65  3.4688  100
55.648  60.2809  1029.23  68.606  375.443  0.75  43.4  65  3.4688  100
55.697  60.2809  1093.95  66.2196  441.119  0.72  43.4  65  3.4688  100
55.746  60.4097  1146.01  64.7074  489.622  0.7  43.4  65  3.4688  100
55.794  60.4097  1113.13  66.7337  439.693  0.71  43.4  65  3.4688  100
55.843  60.5385  1077.86  67.8511  406.367  0.72  43.4  65  3.4688  100
55.892  60.5385  1030.6  67.8674  388.281  0.76  43.4  65  3.4688  100
55.941  60.5385  1074.69  67.7964  406.124  0.73  44  65  3.4688  100
55.989  60.6673  1126.36  65.1724  472.948  0.71  44  65  3.4688  100
56.038  60.6673  1113.59  66.4884  444.249  0.71  44  65  3.4688  100
56.087  60.7961  1054.53  68.428  387.719  0.74  44  65  3.4688  100
56.136  60.7961  1027.77  68.7832  371.948  0.76  44  65  3.4688  100
56.184  60.7961  973.19  69.9335  333.911  0.79  44  65  3.4688  100
56.233  60.9249  980.412  69.3376  345.949  0.79  43.8  65  3.4688  100
56.282  60.9249  980.234  71.682  308.079  0.78  43.8  65  3.4688  100
56.331  61.0537  947.138  71.5122  300.34  0.81  43.8  65  3.4688  100
56.379  61.0537  928.248  71.8556  289.068  0.82  43.8  65  3.4688  100
56.428  61.1825  967.335  72.6084  289.137  0.78  43.8  65  3.4688  100
56.477  61.1825  921.25  70.7665  303.478  0.83  43.8  65  3.4688  100
56.526  61.1825  944.321  71.6469  297.34  0.81  43.7  65  3.4688  100
56.575  61.3113  951.398  72.0186  293.704  0.8  43.7  65  3.4688  100
56.623  61.3113  949.014  70.709  313.522  0.81  43.7  65  3.4688  100
56.672  61.4401  1060.92  69.1261  378.02  0.73  43.7  65  3.4688  100
56.721  61.4401  1015.35  67.783  383.92  0.77  43.7  65  3.4688  100
56.77  61.4401  1085.82  67.2582  419.753  0.72  43.7  65  3.4688  100
56.819  61.5689  1042.73  68.9294  374.88  0.74  43.4  65  3.4688  100
56.868  61.5689  971.786  71.2718  312.02  0.79  43.4  65  3.4688  100
56.916  61.6977  965.563  70.7443  318.428  0.79  43.4  65  3.4688  100
56.965  61.6977  920.348  71.1527  297.316  0.83  43.4  65  3.4688  100
57.014  61.6977  965.636  71.472  306.848  0.79  43.4  65  3.4688  100
57.063  61.8265  939.335  71.8073  293.273  0.81  43.4  65  3.4688  100
57.112  61.8265  958.226  73.1482  277.788  0.79  42.7  65  3.4688  100
57.16  61.9553  979.804  72.1539  300.273  0.78  42.7  65  3.4688  100
57.209  61.9553  950.593  72.5105  285.682  0.8  42.7  65  3.4688  100
57.258  62.0842  1019.21  69.2188  361.615  0.76  42.7  65  3.4688  100
57.307  62.0842  1012.26  66.6752  400.796  0.78  42.7  65  3.4688  100
57.356  62.0842  999.392  70.6263  331.527  0.77  42.7  65  3.4688  100
57.404  62.213  966.821  73.231  278.941  0.78  44.7  65  3.4688  100
57.453  62.213  946.849  72.2153  289.206  0.8  44.7  65  3.4688  100
57.502  62.3418  986.18  71.9558  305.47  0.77  44.7  65  3.4688  100
57.551  62.3418  971.716  68.863  350.4  0.8  44.7  65  3.4688  100
57.599  62.3418  994.913  69.4571  349.124  0.78  44.7  65  3.4688  100
57.649  62.4706  975.746  73.3917  278.895  0.77  44.7  65  3.4688  100
57.697  62.4706  989.074  71.1433  319.67  0.77  43.2  65  3.4688  100
57.746  62.5994  1010.61  69.5199  353.592  0.76  43.2  65  3.4688  100
57.795  62.5994  981.352  69.4734  344.103  0.79  43.2  65  3.4688  100
57.844  62.5994  990.49  72.5655  296.765  0.77  43.2  65  3.4688  100
57.892  62.7282  966.748  72.6297  288.618  0.78  43.2  65  3.4688  100
57.941  62.7282  985.242  72.1766  301.567  0.77  43.2  65  3.4688  100
57.99  62.857  995.896  70.8034  327.461  0.77  44.2  65  3.4688  100
58.039  62.857  970.869  72.1057  298.312  0.78  44.2  65  3.4688  100
58.088  62.857  949.581  71.4401  302.248  0.8  44.2  65  3.4688  100
58.136  62.9858  983.454  72.1186  301.968  0.77  44.2  65  3.4688  100
58.185  62.9858  946.592  71.7145  296.995  0.8  44.2  65  3.4688  100
58.234  63.1146  935.906  70.1652  317.561  0.82  44.2  65  3.4688  100
58.283  63.1146  943.439  71.7054  296.149  0.81  44.2  65  3.4688  100
58.332  63.2434  953.041  71.799  297.684  0.8  44  65  3.4688  100
58.381  63.2434  954.167  71.2719  306.361  0.8  44  65  3.4688  100
58.429  63.2434  962.405  71.4367  306.384  0.79  44  65  3.4688  100
58.478  63.3722  945.047  70.8926  309.352  0.81  44  65  3.4688  100
58.527  63.3722  959.949  69.6828  333.31  0.8  44  65  3.4688  100
58.576  63.501  1039.34  69.0256  372.032  0.75  44  65  3.4688  100
58.625  63.501  937.089  70.1149  318.737  0.82  43.7  65  3.4688  100
58.673  63.501  980.466  70.6035  325.616  0.78  43.7  65  3.4688  100
58.722  63.6298  975.901  71.7953  304.884  0.78  43.7  65  3.4688  100
58.771  63.6298  970.681  70.5181  323.73  0.79  43.7  65  3.4688  100
58.82  63.7586  1028.81  70.3531  345.909  0.75  43.7  65  3.4688  100
58.868  63.7586  962.572  70.7326  317.627  0.8  43.7  65  3.4688  100
58.917  63.7586  987.15  70.4167  330.869  0.78  44.7  65  3.4688  100
58.966  63.8874  979.513  71.5715  309.645  0.78  44.7  65  3.4688  100
59.015  63.8874  967.895  70.8001  318.307  0.79  44.7  65  3.4688  100
59.063  64.0162  1008.5  68.8087  364.556  0.77  44.7  65  3.4688  100
59.112  64.0162  976.566  69.8663  336.146  0.79  44.7  65  3.4688  100
59.161  64.145  962.548  69.5154  336.849  0.8  44.7  65  3.4688  100
59.21  64.145  963.829  72.2091  294.493  0.79  43  65  3.4688  100
59.259  64.145  970.537  71.9587  300.577  0.78  43  65  3.4688  100
59.307  64.2738  933.417  71.3645  298.27  0.82  43  65  3.4688  100
59.356  64.2738  947.854  72.6823  282.147  0.8  43  65  3.4688  100
59.405  64.4026  982.977  71.4284  313.067  0.78  43  65  3.4688  100
59.454  64.4026  925.158  70.5356  308.282  0.83  43  65  3.4688  100
59.502  64.4026  966.054  71.992  298.655  0.79  43.9  65  3.4688  100
59.551  64.5315  1000.58  70.8836  327.676  0.77  43.9  65  3.4688  100
59.6  64.5315  986.126  69.2124  349.981  0.78  43.9  65  3.4688  100
59.649  64.6603  986.748  70.4206  330.671  0.78  43.9  65  3.4688  100
59.697  64.6603  932.346  70.8219  306.282  0.82  43.9  65  3.4688  100
59.746  64.6603  984.901  72.0903  302.874  0.77  43.9  65  3.4688  100
59.795  64.7891  958.984  71.5694  303.188  0.8  44.6  65  3.4688  100
59.844  64.7891  948.187  72.1883  290.041  0.8  44.6  65  3.4688  100
59.893  64.9179  999.228  70.766  329.173  0.77  44.6  65  3.4688  100
59.941  64.9179  954.052  70.224  322.797  0.81  44.6  65  3.4688  100
59.99  64.9179  982.403  70.6048  326.238  0.78  44.6  65  3.4688  100
60.039  65.0467  996.422  71.1198  322.432  0.77  44.6  65  3.4688  100
60.088  65.0467  1013.46  69.6742  352.034  0.76  43.2  65  3.4688  100
60.137  65.1755  1021.58  71.2656  328.112  0.75  43.2  65  3.4688  100
60.186  65.1755  962.597  72.9925  281.556  0.79  43.2  65  3.4688  100
60.234  65.3043  1032.06  72.7691  305.72  0.73  43.2  65  3.4688  100
60.283  65.3043  1003.15  72.7501  297.475  0.76  43.2  65  3.4688  100
60.332  65.3043  1019.16  74.0852  279.461  0.74  43.2  65  3.4688  100
60.381  65.4331  998.549  73.2494  287.787  0.76  42.8  65  3.4688  100
60.43  65.4331  1044.17  74.5156  278.768  0.72  42.8  65  3.4688  100
60.478  65.5619  1042.71  73.7884  291.11  0.72  42.8  65  3.4688  100
60.527  65.5619  1025.87  73.7362  287.305  0.73  42.8  65  3.4688  100
60.576  65.5619  1062.74  74.5878  282.434  0.71  42.8  65  3.4688  100
60.625  65.6907  1027.27  74.3797  276.603  0.73  42.8  65  3.4688  100
60.674  65.6907  1058.47  74.0846  290.251  0.71  42.8  65  3.4688  100
60.722  65.8195  1108.45  75.939  269.305  0.67  42.5  65  3.4688  100
60.771  65.8195  1037.05  73.99  286.024  0.73  42.5  65  3.4688  100
60.82  65.8195  1091.88  75.0725  281.265  0.69  42.5  65  3.4688  100
60.869  65.9483  1017.5  73.8679  282.713  0.74  42.5  65  3.4688  100
60.918  65.9483  1026.27  73.0885  298.537  0.74  42.5  65  3.4688  100
60.967  66.0771  1022.92  72.3662  309.876  0.74  42.5  65  3.4688  100
61.015  66.0771  1000.14  72.6433  298.362  0.76  43.8  65  3.4688  100
61.064  66.2059  1078.58  74.7981  282.827  0.7  43.8  65  3.4688  100
61.113  66.2059  1068.61  75.6131  265.516  0.7  43.8  65  3.4688  100
61.162  66.2059  1068.81  74.8233  279.811  0.7  43.8  65  3.4688  100
61.211  66.3347  1114.29  74.8408  291.389  0.67  43.8  65  3.4688  100
61.26  66.3347  1076.42  75.8679  262.818  0.69  43.8  65  3.4688  100
61.308  66.4635  1121.16  75.3732  283.119  0.67  42.7  65  3.4688  100
61.357  66.4635  1099.88  75.5038  275.317  0.68  42.7  65  3.4688  100
61.406  66.4635  1091.57  76.3734  257.167  0.68  42.7  65  3.4688  100
61.455  66.5923  1083.71  75.2592  275.747  0.69  42.7  65  3.4688  100
61.504  66.5923  1104.25  75.2701  280.769  0.68  42.7  65  3.4688  100
61.552  66.7211  1135.06  75.6766  280.808  0.66  42.7  65  3.4688  100
61.601  66.7211  1058.29  73.4403  301.627  0.71  43.8  65  3.4688  100
61.65  66.7211  1089.14  74.482  291.391  0.69  43.8  65  3.4688  100
61.698  66.85  1071.28  74.7019  282.646  0.7  43.8  65  3.4688  100
61.747  66.85  1132.02  77.3904  247.128  0.65  43.8  65  3.4688  100
61.796  66.9788  1128.79  77.2014  250.055  0.66  43.8  65  3.4688  100
61.845  66.9788  1098.87  76.1976  262.161  0.68  43.8  65  3.4688  100
61.894  66.9788  1125.67  74.6336  298.293  0.67  43.1  65  3.4688  100
61.943  67.1076  1113.42  76.5572  258.842  0.67  43.1  65  3.4688  100
61.991  67.1076  1104.07  73.2902  317.445  0.68  43.1  65  3.4688  100
62.04  67.2364  1139.28  74.2031  310.145  0.66  43.1  65  3.4688  100
62.089  67.2364  1100.36  76.1093  264.163  0.68  43.1  65  3.4688  100
62.138  67.3652  1134.07  75.8466  277.301  0.66  43.1  65  3.4688  100
62.186  67.3652  1117.73  77.1395  248.782  0.66  43.9  65  3.4688  100
62.235  67.3652  1139.82  76.1948  271.985  0.65  43.9  65  3.4688  100
62.284  67.494  1162.25  77.1528  258.427  0.64  43.9  65  3.4688  100
62.333  67.494  1129.09  76.4594  264.358  0.66  43.9  65  3.4688  100
62.381  67.6228  1134.77  76.371  267.391  0.66  43.9  65  3.4688  100
62.43  67.6228  1113.46  76.9548  251.331  0.67  43.9  65  3.4688  100
62.479  67.6228  1146.58  76.8588  260.677  0.65  44.1  65  3.4688  100
62.528  67.7516  1143.15  77.0301  256.568  0.65  44.1  65  3.4688  100
62.576  67.7516  1141.07  75.721  281.436  0.65  44.1  65  3.4688  100
62.625  67.8804  1147.17  74.6254  304.147  0.65  44.1  65  3.4688  100
62.674  67.8804  1118.36  76.0768  269.102  0.67  44.1  65  3.4688  100
62.723  67.8804  1148.51  76.7874  262.51  0.65  44.1  65  3.4688  100
62.772  68.0092  1124.68  77.4355  244.66  0.66  42.4  65  3.4688  100
62.82  68.0092  1155.1  76.5007  269.641  0.64  42.4  65  3.4688  100
62.869  68.138  1151.31  78.1489  236.443  0.64  42.4  65  3.4688  100
62.918  68.138  1110.09  77.1105  247.629  0.67  42.4  65  3.4688  100
62.967  68.2668  1159.19  77.0675  259.43  0.64  42.4  65  3.4688  100
63.015  68.2668  1142.13  77.0404  256.137  0.65  42.4  65  3.4688  100
63.064  68.2668  1150.95  77.5764  247.612  0.64  42.4  65  3.4688  100
63.113  68.3956  1163.94  77.7333  247.293  0.64  43.1  65  3.4688  100
63.162  68.3956  1129.33  77.4025  246.307  0.66  43.1  65  3.4688  100
63.21  68.5244  1149.63  74.8996  299.491  0.65  43.1  65  3.4688  100
63.259  68.5244  1146.39  75.4384  288.224  0.65  43.1  65  3.4688  100
63.308  68.5244  1158.32  75.0216  299.373  0.65  43.1  65  3.4688  100
63.357  68.6532  1174.48  75.6159  291.767  0.64  43.1  65  3.4688  100
63.406  68.6532  1114.76  77.6896  237.676  0.66  43.5  65  3.4688  100
63.455  68.782  1160.23  77.2644  255.776  0.64  43.5  65  3.4688  100
63.503  68.782  1143.27  77.6982  243.587  0.65  43.5  65  3.4688  100
63.552  68.782  1156.76  78.0309  239.892  0.64  43.5  65  3.4688  100
63.601  68.9108  1131.7  77.6956  241.173  0.65  43.5  65  3.4688  100
63.65  68.9108  1136.52  78.5901  224.833  0.65  43.5  65  3.4688  100
63.699  69.0396  1141.15  77.5059  246.875  0.65  43.7  65  3.4688  100
63.747  69.0396  1130.63  77.9066  236.874  0.65  43.7  65  3.4688  100
63.796  69.0396  1147.17  78.0617  237.302  0.64  43.7  65  3.4688  100
63.845  69.1684  1118.52  78.7915  217.416  0.66  43.7  65  3.4688  100
63.894  69.1684  1136.86  77.7785  240.665  0.65  43.7  65  3.4688  100
63.943  69.2973  1156  78.8342  223.858  0.64  43.7  65  3.4688  100
63.991  69.2973  1111.43  76.9292  251.355  0.67  42.9  65  3.4688  100
64.04  69.4261  1171.84  78.1627  240.383  0.63  42.9  65  3.4688  100
64.089  69.4261  1131.91  78.6265  223.218  0.65  42.9  65  3.4688  100
64.138  69.4261  1164.88  77.2504  257.078  0.64  42.9  65  3.4688  100
64.186  69.5549  1178.37  76.1559  281.963  0.63  42.9  65  3.4688  100
64.236  69.5549  1142.2  75.4402  287.138  0.65  42.9  65  3.4688  100
64.285  69.6837  1175.67  75.3259  297.822  0.64  43.8  65  3.4688  100
64.333  69.6837  1169.92  76.9247  264.673  0.63  43.8  65  3.4688  100
64.382  69.6837  1149.12  75.9378  279.209  0.65  43.8  65  3.4688  100
64.431  69.8125  1166.85  77.2179  258.159  0.64  43.8  65  3.4688  100
64.48  69.8125  1158.3  78.0986  238.872  0.64  43.8  65  3.4688  100
64.528  69.9413  1187.83  76.4838  277.62  0.63  43.8  65  3.4688  100
64.577  69.9413  1172.74  76.7807  268.181  0.63  45.3  65  3.4688  100
64.626  69.9413  1199.55  76.9164  271.544  0.62  45.3  65  3.4688  100
64.675  70.0701  1169.59  76.4861  273.31  0.64  45.3  65  3.4688  100
64.723  70.0701  1181.64  75.9547  286.771  0.63  45.3  65  3.4688  100
64.772  70.1989  1187.35  77.2156  262.739  0.62  45.3  65  3.4688  100
64.822  70.1989  1176.55  76.119  282.261  0.63  45.3  65  3.4688  100
64.87  70.3277  1203.27  76.8182  274.396  0.62  43.5  65  3.4688  100
64.919  70.3277  1152.52  76.9395  260.445  0.64  43.5  65  3.4688  100
64.968  70.3277  1181.11  76.5864  273.993  0.63  43.5  65  3.4688  100
65.017  70.4565  1204.65  76.9518  271.974  0.62  43.5  65  3.4688  100
65.065  70.4565  1171.97  76.1486  280.575  0.64  43.5  65  3.4688  100
65.114  70.5853  1223.46  77.0525  274.126  0.61  43.5  65  3.4688  100
65.163  70.5853  1147.62  77.5498  247.417  0.65  43.7  65  3.4688  100
65.212  70.5853  1201.47  77.1301  267.612  0.62  43.7  65  3.4688  100
65.26  70.7141  1205.68  77.7191  256.454  0.61  43.7  65  3.4688  100
65.309  70.7141  1185.74  77.4499  257.655  0.63  43.7  65  3.4688  100
65.358  70.8429  1210.61  76.6949  278.607  0.61  43.7  65  3.4688  100
65.407  70.8429  1163.41  77.6542  248.751  0.64  43.7  65  3.4688  100
65.455  70.8429  1188.16  77.3563  260.073  0.62  43.7  65  3.4688  100
65.504  70.9717  1204.18  76.3636  283.896  0.62  45.6  65  3.4688  100
65.553  70.9717  1204.7  77.7401  255.813  0.61  45.6  65  3.4688  100
65.602  71.1005  1214.51  76.7316  278.745  0.61  45.6  65  3.4688  100
65.65  71.1005  1177.16  76.7843  269.119  0.63  45.6  65  3.4688  100
65.699  71.2293  1195.08  78.0482  247.487  0.62  45.6  65  3.4688  100
65.748  71.2293  1195.55  77.1664  265.556  0.62  45.6  65  3.4688  100
65.797  71.2293  1214.34  77.5083  262.66  0.61  44.4  65  3.4688  100
65.846  71.3581  1184.9  77.3492  259.503  0.63  44.4  65  3.4688  100
65.894  71.3581  1197.02  77.3083  262.991  0.62  44.4  65  3.4688  100
65.943  71.4869  1207.88  77.4713  262.023  0.61  44.4  65  3.4688  100
65.992  71.4869  1140.54  76.2031  271.995  0.65  44.4  65  3.4688  100
66.041  71.4869  1197.76  77.7938  253.242  0.62  44.4  65  3.4688  100
66.089  71.6157  1190.43  77.9893  247.722  0.62  44.1  65  3.4688  100
66.138  71.6157  1170.13  77.5712  251.842  0.63  44.1  65  3.4688  100
66.187  71.7446  1205.33  78.2267  245.935  0.61  44.1  65  3.4688  100
66.236  71.7446  1151.43  78.1579  236.292  0.64  44.1  65  3.4688  100
66.285  71.7446  1172.74  77.3696  256.431  0.63  44.1  65  3.4688  100
66.333  71.8734  1153.9  78.6793  226.51  0.64  44.1  65  3.4688  100
66.382  71.8734  1111.63  78.8908  214.189  0.66  45  65  3.4688  100
66.431  72.0022  1132.97  78.5794  224.34  0.65  45  65  3.4688  100
66.479  72.0022  1103.62  79.8093  195.257  0.67  45  65  3.4688  100
66.528  72.0022  1042.86  78.6378  205.455  0.71  45  65  3.4688  100
66.577  72.131  1021.13  80.451  169.397  0.72  45  65  3.4688  100
66.626  72.131  1014.47  80.4553  168.216  0.72  45  65  3.4688  100
66.674  72.2598  1026.3  80.3397  172.221  0.72  45.7  65  3.4688  100
66.723  72.2598  942.822  80.3434  158.151  0.78  45.7  65  3.4688  100
66.772  72.3886  950.817  81.3389  143.183  0.77  45.7  65  3.4688  100
66.821  72.3886  923.097  80.5096  152.202  0.79  45.7  65  3.4688  100
66.869  72.3886  984.158  81.6624  142.709  0.74  45.7  65  3.4688  100
66.918  72.5174  932.268  81.3328  140.487  0.78  45.7  65  3.4688  100
66.967  72.5174  935.157  81.1238  144.295  0.78  47  65  3.4688  100
67.016  72.6462  962.592  82.191  130.788  0.76  47  65  3.4688  100
67.064  72.6462  944.219  81.6558  137.025  0.77  47  65  3.4688  100
67.113  72.6462  965.515  81.572  141.513  0.76  47  65  3.4688  100
67.162  72.775  944.244  81.865  133.616  0.77  47  65  3.4688  100
67.211  72.775  958.278  81.7646  137.264  0.76  47  65  3.4688  100
67.259  72.9038  998.008  82.4227  131.6  0.73  47.8  65  3.4688  100
67.308  72.9038  958.982  82.1374  131.187  0.76  47.8  65  3.4688  100
67.357  72.9038  988.471  81.594  144.501  0.74  47.8  65  3.4688  100
67.406  73.0326  975.631  81.6673  141.389  0.75  47.8  65  3.4688  100
67.454  73.0326  981.52  81.8165  139.713  0.74  47.8  65  3.4688  100
67.503  73.1614  1021.53  81.9917  142.316  0.72  47.8  65  3.4688  100
67.552  73.1614  995.567  82.1183  136.521  0.73  48.4  65  3.4688  100
67.601  73.1614  1012  81.0763  156.981  0.72  48.4  65  3.4688  100
67.65  73.2902  1014.51  81.7246  146.019  0.72  48.4  65  3.4688  100
67.698  73.2902  1012.79  81.5498  148.828  0.72  48.4  65  3.4688  100
67.747  73.419  1024.32  80.6698  166.067  0.72  48.4  65  3.4688  100
67.796  73.419  1022.17  81.3821  153.166  0.72  48.4  65  3.4688  100
67.845  73.5478  1036.44  81.5857  151.662  0.71  48.4  65  3.4688  100
67.894  73.5478  1023.26  80.9595  160.787  0.72  47.3  65  3.4688  100
67.943  73.5478  1037.87  81.728  149.321  0.7  47.3  65  3.4688  100
67.991  73.6766  1031.83  81.1772  158.261  0.71  47.3  65  3.4688  100
68.04  73.6766  1038.35  81.7301  149.352  0.7  47.3  65  3.4688  100
68.089  73.8054  1051.99  81.9291  147.698  0.69  47.3  65  3.4688  100
68.138  73.8054  1015.7  81.1369  156.493  0.72  47.3  65  3.4688  100
68.187  73.8054  1054.74  81.2264  160.881  0.69  47.6  65  3.4688  100
68.235  73.9342  1027.81  81.1835  157.532  0.71  47.6  65  3.4688  100
68.284  73.9342  1036.02  80.6509  168.3  0.71  47.6  65  3.4688  100
68.333  74.063  1059.71  81.1505  163.025  0.69  47.6  65  3.4688  100
68.382  74.063  1023.1  80.8136  163.335  0.72  47.6  65  3.4688  100
68.431  74.063  1056.57  80.674  171.219  0.69  47.6  65  3.4688  100
68.48  74.1919  1041.72  81.0632  161.826  0.7  49  65  3.4688  100
68.528  74.1919  1039.92  80.4485  172.558  0.71  49  65  3.4688  100
68.577  74.3207  1068.01  81.1539  164.24  0.69  49  65  3.4688  100
68.626  74.3207  1033.05  81.7481  148.269  0.71  49  65  3.4688  100
68.675  74.4495  1049.23  80.6587  170.307  0.7  49  65  3.4688  100
68.724  74.4495  1035.75  80.9789  162.404  0.71  49  65  3.4688  100
68.772  74.4495  1043.38  81.4498  155.125  0.7  48  65  3.4688  100
68.821  74.5783  1037.83  80.5145  171.031  0.71  48  65  3.4688  100
68.87  74.5783  1047.25  81.417  156.293  0.7  48  65  3.4688  100
68.919  74.7071  1056.92  81.2055  161.594  0.69  48  65  3.4688  100
68.967  74.7071  1038.47  80.0091  180.166  0.71  48  65  3.4688  100
69.016  74.7071  1070.88  81.6611  155.307  0.68  48  65  3.4688  100
69.065  74.8359  1056.47  80.7543  169.741  0.69  46.8  65  3.4688  100
69.114  74.8359  1066.54  80.4249  177.409  0.69  46.8  65  3.4688  100
69.162  74.9647  1075.34  80.1403  184.137  0.68  46.8  65  3.4688  100
69.211  74.9647  1063.14  80.1154  182.503  0.69  46.8  65  3.4688  100
69.26  74.9647  1101.42  80.5887  180.103  0.67  46.8  65  3.4688  100
69.309  75.0935  1068.09  79.8502  188.221  0.69  46.8  65  3.4688  100
69.358  75.0935  1090.49  80.2653  184.387  0.67  44.8  65  3.4688  100
69.406  75.2223  1107.56  80.1505  189.46  0.66  44.8  65  3.4688  100
69.455  75.2223  1068.83  80.0055  185.499  0.69  44.8  65  3.4688  100
69.504  75.3511  1117.54  80.1279  191.6  0.66  44.8  65  3.4688  100
69.553  75.3511  1093.51  80.7212  176.316  0.67  44.8  65  3.4688  100
69.601  75.3511  1097.91  79.1935  205.85  0.67  44.8  65  3.4688  100
69.65  75.4799  1127.38  79.1307  212.59  0.65  45.1  65  3.4688  100
69.699  75.4799  1114.33  79.6219  200.738  0.66  45.1  65  3.4688  100
69.748  75.6087  1104.65  80.5017  182.289  0.66  45.1  65  3.4688  100
69.796  75.6087  1011.74  81.6649  146.663  0.72  45.1  65  3.4688  100
69.845  75.6087  1008.87  82.265  135.785  0.72  45.1  65  3.4688  100
69.894  75.7375  1371.15  85.5996  105.202  0.53  45.1  65  3.4688  100
69.943  75.7375  1957.87  89.9649  1.2  0.37  45.5  65  3.4688  100
69.991  75.8663  1821.52  94.2013  133.447  0.4  45.5  65  3.4688  100
70.04  75.8663  1880.84  94.0256  132.039  0.39  45.5  65  3.4688  100
70.089  75.8663  1874.97  95.2113  170.303  0.39  45.5  65  3.4688  100
70.138  75.9951  1909.21  88.27  57.639  0.38  45.5  65  3.4688  100
70.187  75.9951  1927.45  89.2749  24.393  0.38  45.5  65  3.4688  100
70.236  76.1239  1624.08  89.6544  9.795  0.45  44  65  3.4688  100
70.284  76.1239  1335.23  84.278  133.125  0.54  44  65  3.4688  100
70.333  76.1239  1278.52  83.1582  152.307  0.57  44  65  3.4688  100
70.382  76.2527  1193.65  81.7768  170.727  0.61  44  65  3.4688  100
70.43  76.2527  1173.58  80.3771  196.179  0.63  44  65  3.4688  100
70.48  76.3815  1161.65  81.1711  178.296  0.63  44  65  3.4688  100
70.528  76.3815  1112.73  80.9373  175.272  0.66  44  65  3.4688  100
70.577  76.5103  1123.98  80.4497  186.485  0.65  44.1  65  3.4688  100
70.626  76.5103  1084.07  80.7009  175.172  0.68  44.1  65  3.4688  100
70.675  76.5103  1096.35  81.7457  157.399  0.67  44.1  65  3.4688  100
70.723  76.6392  1108.67  82.0775  152.813  0.66  44.1  65  3.4688  100
70.772  76.6392  1071.51  82.8349  133.647  0.68  44.1  65  3.4688  100
70.821  76.768  1083.67  81.3182  163.576  0.68  44.1  65  3.4688  100
70.87  76.768  1077.86  81.5739  157.943  0.68  45  65  3.4688  100
70.919  76.768  1075.83  81.3339  162.102  0.68  45  65  3.4688  100
70.967  76.8968  1086.59  80.6982  175.631  0.67  45  65  3.4688  100
71.016  76.8968  1092.37  80.5251  179.821  0.67  45  65  3.4688  100
71.065  77.0256  1103.28  79.7802  195.75  0.67  45  65  3.4688  100
71.114  77.0256  1116.26  78.9956  213.077  0.66  45  65  3.4688  100
71.163  77.0256  1142.42  79.3776  210.589  0.64  44.4  65  3.4688  100
71.211  77.1544  1129.02  77.9542  235.618  0.66  44.4  65  3.4688  100
71.26  77.1544  1160.15  78.7488  226.357  0.64  44.4  65  3.4688  100
71.309  77.2832  1158.77  78.4757  231.504  0.64  44.4  65  3.4688  100
71.358  77.2832  1160.21  78.1079  239.084  0.64  44.4  65  3.4688  100
71.407  77.2832  1187.34  77.8185  250.539  0.62  44.4  65  3.4688  100
71.456  77.412  1162.93  77.8321  245.118  0.64  45.3  65  3.4688  100
71.504  77.412  1198.01  77.9867  249.351  0.62  45.3  65  3.4688  100
71.553  77.5408  1191.55  78.5086  237.383  0.62  45.3  65  3.4688  100
71.602  77.5408  1141.77  78.2175  233.147  0.65  45.3  65  3.4688  100
71.651  77.6696  1192.46  79.1561  224.342  0.62  45.3  65  3.4688  100
71.699  77.6696  1124.27  79.1472  211.685  0.66  45.3  65  3.4688  100
71.748  77.6696  1121.91  79.22  209.841  0.66  47  65  3.4688  100
71.797  77.7984  1130.84  81.0525  175.879  0.65  47  65  3.4688  100
71.846  77.7984  1090.39  81.2353  166.15  0.67  47  65  3.4688  100
71.894  77.9272  1108.63  82.1234  151.926  0.66  47  65  3.4688  100
71.943  77.9272  1094.94  82.4962  142.989  0.67  47  65  3.4688  100
71.992  77.9272  1092.4  81.6142  159.314  0.67  47  65  3.4688  100
72.041  78.056  1099.38  80.3152  184.947  0.67  46.1  65  3.4688  100
72.089  78.056  1119.09  80.1207  192.006  0.66  46.1  65  3.4688  100
72.138  78.1848  1134.48  78.3132  229.803  0.65  46.1  65  3.4688  100
72.187  78.1848  1157.44  77.4048  252.392  0.64  46.1  65  3.4688  100
72.236  78.1848  1184.9  77.9105  248.166  0.62  46.1  65  3.4688  100
72.284  78.3136  1169.27  77.0061  262.907  0.63  46.1  65  3.4688  100
72.333  78.3136  1209.36  77.7478  256.645  0.61  45.7  65  3.4688  100
72.382  78.4424  1200.57  78.5205  238.935  0.61  45.7  65  3.4688  100
72.43  78.4424  1167.1  77.5727  251.16  0.63  45.7  65  3.4688  100
72.479  78.5712  1199.93  78.9706  229.562  0.61  45.7  65  3.4688  100
72.528  78.5712  1134.55  78.9093  218.245  0.65  45.7  65  3.4688  100
72.577  78.5712  1144.42  78.7519  223.229  0.64  45.7  65  3.4688  100
72.625  78.7  1156.21  81.3534  173.825  0.63  43.7  65  3.4688  100
72.674  78.7  1116.1  80.1441  191.043  0.66  43.7  65  3.4688  100
72.723  78.8288  1165.42  81.0923  180.457  0.63  43.7  65  3.4688  100
72.772  78.8288  1108.29  80.7311  178.511  0.66  43.7  65  3.4688  100
72.82  78.8288  1129.97  79.7318  201.423  0.65  43.7  65  3.4688  100
72.869  78.9576  1141.95  80.1714  194.932  0.64  43.7  65  3.4688  100
72.918  78.9576  1143.41  81.5801  167.426  0.64  43.7  65  3.4688  100
72.967  79.0865  1149.11  80.8329  183.07  0.64  45.9  65  3.4688  100
73.016  79.0865  1136.09  81.0262  177.21  0.64  45.9  65  3.4688  100
73.065  79.0865  1146.99  81.4457  170.61  0.64  45.9  65  3.4688  100
73.113  79.2153  1048.17  81.5069  154.804  0.7  45.9  65  3.4688  100
73.162  79.2153  1035.86  83.3104  120.667  0.7  45.9  65  3.4688  100
73.211  79.3441  1077.68  84.0961  110.851  0.67  45.9  65  3.4688  100
73.26  79.3441  1707.1  88.8976  32.842  0.42  43.5  65  3.4688  100
73.309  79.4729  1821.16  94.1339  131.283  0.4  43.5  65  3.4688  100
73.357  79.4729  1929.7  89.3363  22.354  0.37  43.5  65  3.4688  100
73.406  79.4729  1992.75  89.8763  4.303  0.36  43.5  65  3.4688  100
73.455  79.6017  1815.74  89.9981  0.059  0.4  43.5  65  3.4688  100
73.504  79.6017  1826.08  89.9989  0.035  0.4  43.5  65  3.4688  100
73.553  79.7305  1904.7  94.7426  157.481  0.38  45  65  3.4688  100
73.602  79.7305  1809.7  94.3737  138.01  0.4  45  65  3.4688  100
73.65  79.7305  1812.48  89.0099  31.32  0.4  45  65  3.4688  100
73.699  79.8593  1417.44  88.2082  44.321  0.51  45  65  3.4688  100
73.748  79.8593  1240.23  84.3056  123.058  0.59  45  65  3.4688  100
73.797  79.9881  1214.83  83.4634  138.294  0.6  45  65  3.4688  100
73.846  79.9881  1163.4  83.0096  141.589  0.63  46.1  65  3.4688  100
73.894  79.9881  1160.5  81.0707  180.127  0.63  46.1  65  3.4688  100
73.943  80.1169  1150.52  80.8067  183.814  0.64  46.1  65  3.4688  100
73.992  80.1169  1141.49  80.2772  192.778  0.64  46.1  65  3.4688  100
74.041  80.2457  1160.83  79.8644  204.282  0.63  46.1  65  3.4688  100
74.09  80.2457  1157.75  80.7341  186.417  0.63  46.1  65  3.4688  100
74.139  80.2457  1159.24  79.1621  217.973  0.64  45.6  65  3.4688  100
74.188  80.3745  1166.01  78.4379  233.703  0.63  45.6  65  3.4688  100
74.236  80.3745  1178.73  78.7437  230.087  0.63  45.6  65  3.4688  100
74.285  80.5033  1176.96  77.9627  245.454  0.63  45.6  65  3.4688  100
74.334  80.5033  1204.08  78.3187  243.787  0.61  45.6  65  3.4688  100
74.383  80.6321  1208.5  78.8541  233.613  0.61  45.6  65  3.4688  100
74.432  80.6321  1207.03  78.3897  242.921  0.61  46.4  65  3.4688  100
74.48  80.6321  1250.39  78.7574  243.781  0.59  46.4  65  3.4688  100
74.529  80.7609  1231.18  79.0697  233.45  0.6  46.4  65  3.4688  100
74.578  80.7609  1235.34  77.5641  266.027  0.6  46.4  65  3.4688  100
74.627  80.8897  1205.24  80.3468  202.1  0.61  46.4  65  3.4688  100
74.676  80.8897  1086.94  79.7266  193.852  0.68  46.4  65  3.4688  100
74.724  80.8897  1088.18  79.3303  201.474  0.68  45.1  65  3.4688  100
74.773  81.0185  1496.46  86.5148  90.971  0.48  45.1  65  3.4688  100
74.822  81.0185  1847.65  94.2297  136.275  0.39  45.1  65  3.4688  100
74.871  81.1473  2020.96  90.037  1.306  0.36  45.1  65  3.4688  100
74.919  81.1473  1965.39  89.8677  4.538  0.37  45.1  65  3.4688  100
74.968  81.1473  1964.17  87.9554  70.076  0.37  45.1  65  3.4688  100
75.017  81.2761  1999.61  89.7643  8.226  0.36  45.6  65  3.4688  100
75.066  81.2761  1881.62  95.3364  174.996  0.39  45.6  65  3.4688  100
75.114  81.4049  1850.17  90.0016  0.051  0.39  45.6  65  3.4688  100
75.163  81.4049  1911.49  96.1309  204.146  0.38  45.6  65  3.4688  100
75.212  81.5338  1876.19  95.463  178.618  0.39  45.6  65  3.4688  100
75.261  81.5338  1987.55  89.8476  5.287  0.36  45.6  65  3.4688  100
75.31  81.5338  1901.16  95.2651  174.459  0.38  45.6  65  3.4688  100
75.358  81.6626  1938.32  89.0258  32.957  0.37  46.2  65  3.4688  100
75.407  81.6626  2024.72  89.925  2.649  0.36  46.2  65  3.4688  100
75.456  81.7914  1965.79  89.9031  3.324  0.37  46.2  65  3.4688  100
75.505  81.7914  1973.6  88.8193  40.666  0.37  46.2  65  3.4688  100
75.553  81.7914  1990.24  89.6609  11.78  0.36  46.2  65  3.4688  100
75.602  81.9202  1863.48  95.3071  172.362  0.39  46.2  65  3.4688  100
75.65  81.9202  2023.1  89.9497  1.776  0.36  46  65  3.4688  100
75.699  82.049  1913.46  94.9263  164.316  0.38  46  65  3.4688  100
75.748  82.049  1789.68  89.9945  0.172  0.4  46  65  3.4688  100
75.797  82.049  2004.48  89.7594  8.416  0.36  46  65  3.4688  100
75.845  82.1778  1895.86  95.1298  169.515  0.38  46  65  3.4688  100
75.894  82.1778  1944.72  88.042  66.444  0.37  46  65  3.4688  100
75.943  82.3066  1944.23  94.7135  159.762  0.37  44.6  65  3.4688  100
75.992  82.3066  1860.59  95.0214  162.853  0.39  44.6  65  3.4688  100
76.04  82.3066  1879.12  93.9903  130.763  0.39  44.6  65  3.4688  100
76.089  82.4354  1904.21  94.6506  154.391  0.38  44.6  65  3.4688  100
76.138  82.4354  1863.01  94.913  159.555  0.39  44.6  65  3.4688  100
76.188  82.5642  1847.21  90.0336  1.083  0.39  44.6  65  3.4688  100
76.236  82.5642  2006.94  89.6876  10.942  0.36  45.8  65  3.4688  100
76.285  82.693  1808.58  90.0547  1.727  0.4  45.8  65  3.4688  100
76.334  82.693  1976.02  89.9628  1.283  0.37  45.8  65  3.4688  100
76.383  82.693  2010.09  89.9574  1.496  0.36  45.8  65  3.4688  100
76.432  82.8218  1953.11  89.0903  31.009  0.37  45.8  65  3.4688  100
76.48  82.8218  1931.51  94.744  159.743  0.38  45.8  65  3.4688  100
76.529  82.9506  1966.47  90.0313  1.074  0.37  44.8  65  3.4688  100
76.578  82.9506  1854.25  88.6762  42.839  0.39  44.8  65  3.4688  100
76.626  82.9506  1530.03  87.6992  61.425  0.47  44.8  65  3.4688  100
76.675  83.0794  1300.12  84.0139  135.587  0.56  44.8  65  3.4688  100
76.724  83.0794  1255.12  82.318  167.777  0.58  44.8  65  3.4688  100
76.773  83.2082  1244.95  81.5758  182.386  0.59  44.8  65  3.4688  100
76.821  83.2082  1187.09  79.1714  223.02  0.62  45.1  65  3.4688  100
76.87  83.2082  1230.66  79.0797  233.141  0.6  45.1  65  3.4688  100
76.919  83.337  1196.45  79.7935  212.007  0.61  45.1  65  3.4688  100
76.968  83.337  1190.37  78.5583  236.136  0.62  45.1  65  3.4688  100
77.016  83.4658  1222.27  78.4503  244.722  0.6  45.1  65  3.4688  100
77.066  83.4658  1198.03  78.8796  231.065  0.62  45.1  65  3.4688  100
77.114  83.5946  1213.55  79.5849  219.385  0.61  45.1  65  3.4688  100
77.163  83.5946  1215.15  79.6591  218.127  0.61  45.1  65  3.4688  100
77.212  83.5946  1197.14  79.2688  222.908  0.62  45.1  65  3.4688  100
77.261  83.7234  1193.6  77.6841  254.597  0.62  45.1  65  3.4688  100
77.309  83.7234  1188.79  78.6675  233.599  0.62  45.1  65  3.4688  100
77.358  83.8522  1192.3  79.2353  222.693  0.62  45.1  65  3.4688  100
77.407  83.8522  1176.58  78.0223  244.177  0.63  45.6  65  3.4688  100
77.456  83.8522  1189.66  79.9482  207.64  0.62  45.6  65  3.4688  100
77.504  83.9811  1177.71  78.1013  242.821  0.63  45.6  65  3.4688  100
77.553  83.9811  1187.35  79.2808  220.841  0.62  45.6  65  3.4688  100
77.602  84.1099  1170.76  80.1931  199.414  0.63  45.6  65  3.4688  100
77.651  84.1099  1161.88  79.2708  216.304  0.63  45.6  65  3.4688  100
77.7  84.1099  1182.08  80.2813  199.549  0.62  45.6  65  3.4688  100
77.748  84.2387  1132.09  78.9364  217.247  0.65  44.7  65  3.4688  100
77.797  84.2387  1156.47  79.2178  216.348  0.64  44.7  65  3.4688  100
77.846  84.3675  1171  80.2133  199.048  0.63  44.7  65  3.4688  100
77.895  84.3675  1144.62  80.1566  195.68  0.64  44.7  65  3.4688  100
77.943  84.3675  1179.08  79.3028  218.858  0.62  44.7  65  3.4688  100
77.992  84.4963  1143.34  80.1928  194.748  0.64  44.7  65  3.4688  100
78.041  84.4963  1147.46  79.3252  212.549  0.64  44.1  65  3.4688  100
78.09  84.6251  1156.18  79.8681  203.39  0.64  44.1  65  3.4688  100
78.138  84.6251  1125.83  79.8047  199.275  0.65  44.1  65  3.4688  100
78.187  84.7539  1158.85  78.5242  230.557  0.64  44.1  65  3.4688  100
78.236  84.7539  1154.94  79.322  213.997  0.64  44.1  65  3.4688  100
78.285  84.7539  1150.7  79.3089  213.472  0.64  44.1  65  3.4688  100
78.333  84.8827  1178.46  78.7239  230.432  0.63  45.6  65  3.4688  100
78.382  84.8827  1163.51  78.9522  222.96  0.63  45.6  65  3.4688  100
78.431  85.0115  1189.03  79.2229  222.335  0.62  45.6  65  3.4688  100
78.48  85.0115  1175.73  78.0919  242.602  0.63  45.6  65  3.4688  100
78.529  85.0115  1175.67  78.8311  227.731  0.63  45.6  65  3.4688  100
78.577  85.1403  1159.81  78.3786  233.636  0.64  45.6  65  3.4688  100
78.626  85.1403  1190.37  78.5583  236.136  0.62  45.2  65  3.4688  100
78.675  85.2691  1187.09  79.1714  223.02  0.62  45.2  65  3.4688  100
78.724  85.2691  1172.11  78.1823  240.046  0.63  45.2  65  3.4688  100
78.772  85.2691  1220.4  80.1215  209.371  0.6  45.2  65  3.4688  100
78.821  85.3979  1182.08  80.1809  201.589  0.62  45.2  65  3.4688  100
78.87  85.3979  1198.57  79.1903  224.789  0.61  45.2  65  3.4688  100
78.919  85.5267  1200.86  80.452  199.191  0.61  44.5  65  3.4688  100
78.967  85.5267  1147.7  78.1001  236.659  0.64  44.5  65  3.4688  100
79.016  85.6555  1211.6  78.9371  232.49  0.61  44.5  65  3.4688  100
79.065  85.6555  1160.23  78.4952  231.407  0.64  44.5  65  3.4688  100
79.114  85.6555  1180.81  77.9719  246.069  0.63  44.5  65  3.4688  100
79.162  85.7843  1213.12  78.7249  237.19  0.61  44.5  65  3.4688  100
79.211  85.7843  1179.15  78.9512  225.978  0.63  45.8  65  3.4688  99.5
79.26  85.9131  1197.4  78.6104  236.463  0.62  45.8  65  3.4688  99.5
79.309  85.9131  1182.65  78.805  229.611  0.62  45.8  65  3.4688  99.5
79.357  85.9131  1175.72  79.3683  216.914  0.63  45.8  65  3.4688  99.5
79.406  86.0419  1173.43  78.8008  227.906  0.63  45.8  65  3.4688  99.5
79.455  86.0419  1169.08  79.6641  209.754  0.63  45.8  65  3.4688  99.5
79.504  86.1707  1163.71  79.8578  204.919  0.63  46.1  65  3.4688  99.2
79.553  86.1707  1152.37  78.6101  227.574  0.64  46.1  65  3.4688  99.2
79.601  86.1707  1167.98  80.4076  194.63  0.63  46.1  65  3.4688  99.2
79.65  86.2996  1143.92  79.6214  206.08  0.64  46.1  65  3.4688  99.2
79.699  86.2996  1159.3  79.2103  217.026  0.64  46.1  65  3.4688  99.2
79.748  86.4284  1143.8  79.6108  206.265  0.64  46.1  65  3.4688  99.2
79.797  86.4284  1144.5  78.9725  218.92  0.64  45.6  65  3.4688  99.1
79.845  86.4284  1155.23  79.8375  203.83  0.64  45.6  65  3.4688  99.1
79.894  86.5572  1118.97  79.1621  210.4  0.66  45.6  65  3.4688  99.1
79.943  86.5572  1159.23  79.2494  216.236  0.64  45.6  65  3.4688  99.1
79.991  86.686  1156.35  80.4171  192.502  0.63  45.6  65  3.4688  99.1
80.041  86.686  1122.67  79.1089  212.121  0.66  45.6  65  3.4688  99.1
80.089  86.8148  1162.7  78.9801  222.249  0.63  45.6  65  3.4688  99
80.138  86.8148  1120.26  79.8936  196.579  0.66  43.8  65  3.4688  98.9
80.187  86.8148  1140.9  78.8743  220.151  0.65  43.8  65  3.4688  98.9
80.236  86.9436  1169.72  79.7652  207.839  0.63  43.8  65  3.4688  98.9
80.284  86.9436  1143.66  78.9524  219.154  0.64  43.8  65  3.4688  98.9
80.333  87.0724  1172.09  78.9671  224.305  0.63  43.8  65  3.4688  98.9
80.382  87.0724  1150.69  78.6586  226.29  0.64  43.8  65  3.4688  98.9
80.431  87.0724  1147.43  79.6736  205.683  0.64  44.2  65  3.4688  98.9
80.48  87.2012  1138.09  78.2843  231.095  0.65  44.2  65  3.4688  98.9
80.528  87.2012  1141.85  80.259  193.194  0.64  44.2  65  3.4688  98.9
80.577  87.33  1145.08  80.1475  195.937  0.64  44.2  65  3.4688  98.9
80.627  87.33  1119.21  79.1808  210.087  0.66  44.2  65  3.4688  98.9
80.675  87.33  1117.52  81.3224  168.606  0.65  44.2  65  3.4688  98.9
80.724  87.4588  1079.64  80.1192  185.265  0.68  45  65  3.4688  98.9
80.773  87.4588  1104.78  80.9378  174.01  0.66  45  65  3.4688  98.9
80.822  87.5876  1093.53  81.6728  158.371  0.67  45  65  3.4688  98.9
80.87  87.5876  1084.27  80.8121  173.13  0.68  45  65  3.4688  98.9
80.919  87.7164  1124.55  81.669  162.937  0.65  45  65  3.4688  98.9
80.968  87.7164  1072.02  80.9296  169.002  0.68  45  65  3.4688  98.9
81.017  87.7164  1110.27  81.5369  163.401  0.66  44.9  65  3.4688  98.9
81.066  87.8452  1080.96  80.6947  174.786  0.68  44.9  65  3.4688  98.9
81.114  87.8452  1071.48  81.6718  155.196  0.68  44.9  65  3.4688  98.9
81.163  87.974  1107.76  81.5479  162.822  0.66  44.9  65  3.4688  98.9
81.212  87.974  1042.82  80.8994  164.941  0.7  44.9  65  3.4688  98.9
81.261  87.974  1072.09  80.2984  180.665  0.68  44.9  65  3.4688  98.9
81.309  88.1028  1075.71  80.8114  171.774  0.68  45.8  65  3.4688  98.9
81.358  88.1028  1059.94  81.8229  150.759  0.69  45.8  65  3.4688  98.9
81.407  88.2316  1069.12  81.1202  165.032  0.68  45.8  65  3.4688  98.9
81.456  88.2316  1062.07  82.3671  141.071  0.69  45.8  65  3.4688  98.9
81.504  88.2316  1071.62  82.26  144.324  0.68  45.8  65  3.4688  98.9
81.553  88.3604  1055.65  82.0111  146.715  0.69  45.8  65  3.4688  98.9
81.602  88.3604  1057.61  82.3501  140.789  0.69  43.8  65  3.4688  98.9
81.651  88.4892  1054.48  81.3842  157.969  0.69  43.8  65  3.4688  98.9
81.699  88.4892  1037.52  81.1051  160.424  0.71  43.8  65  3.4688  98.9
81.748  88.4892  1063.58  82.2304  143.786  0.69  43.8  65  3.4688  98.9
81.797  88.618  1031.21  80.6753  167.087  0.71  43.8  65  3.4688  98.9
81.846  88.618  1071.46  82.0988  147.288  0.68  43.8  65  3.4688  98.9
81.895  88.7469  1061.37  81.7744  151.85  0.69  43.9  65  3.4688  98.9
81.943  88.7469  1044.25  80.947  164.311  0.7  43.9  65  3.4688  98.9
81.992  88.8757  1068.48  82.1413  146.093  0.68  43.9  65  3.4688  98.9
82.041  88.8757  1036.42  81.6288  150.888  0.71  43.9  65  3.4688  98.9
82.09  88.8757  1068.6  82.2494  144.113  0.68  43.9  65  3.4688  98.9
82.139  89.0045  1061.75  82.3828  140.739  0.69  43.9  65  3.4688  98.9
82.187  89.0045  1046.63  81.6774  151.495  0.7  43.2  65  3.4688  98.9
82.236  89.1333  1078.65  82.1775  146.809  0.68  43.2  65  3.4688  98.9
82.285  89.1333  1038.22  82.2713  139.621  0.7  43.2  65  3.4688  98.9
82.334  89.1333  1059.72  81.1062  163.837  0.69  43.2  65  3.4688  98.9
82.383  89.2621  1062.28  82.244  143.359  0.69  43.2  65  3.4688  98.9
82.431  89.2621  1036.98  81.6391  150.786  0.71  43.2  65  3.4688  98.9
82.48  89.3909  1050.53  81.4611  155.983  0.7  40.7  65  3.4688  98.9
82.529  89.3909  1023.87  81.2845  155.146  0.71  40.7  65  3.4688  98.9
82.578  89.3909  1025.8  81.3415  154.428  0.71  40.7  65  3.4688  98.9
82.626  89.5197  1033.81  82.3322  137.939  0.71  40.7  65  3.4688  98.9
82.675  89.5197  1037.79  82.3213  138.668  0.7  40.7  65  3.4688  98.9
82.724  89.6485  1052.9  82.0194  146.181  0.69  40.7  65  3.4688  98.9
82.773  89.6485  1042.06  82.2422  140.663  0.7  40.7  65  3.4688  98.9
82.821  89.7773  1045.76  82.1949  142.018  0.7  41.2  65  3.4688  98.9
82.87  89.7773  1010.73  81.1237  155.957  0.72  41.2  65  3.4688  98.9
82.919  89.7773  1032.57  82.4385  135.876  0.71  41.2  65  3.4688  98.9
82.968  89.9061  995.981  81.2441  151.613  0.73  41.2  65  3.4688  98.9
83.016  89.9061  1005.3  81.8041  143.314  0.73  41.2  65  3.4688  98.9
83.065  90.0349  1033.92  81.6986  149.277  0.71  41.2  65  3.4688  98.9
83.114  90.0349  983.796  81.1555  151.263  0.74  40.3  65  3.4688  98.9
83.163  90.0349  1025.16  80.1467  175.433  0.72  40.3  65  3.4688  98.9
83.211  90.1637  993.704  81.9221  139.634  0.74  40.3  65  3.4688  98.9
83.26  90.1637  1001.07  82.0306  138.793  0.73  40.3  65  3.4688  98.9
83.309  90.2925  1020.89  82.1078  140.178  0.72  40.3  65  3.4688  98.9
83.358  90.2925  988.921  81.1688  151.823  0.74  40.3  65  3.4688  98.9
83.407  90.2925  980.261  80.7138  158.182  0.75  41.5  65  3.4688  98.9
83.455  90.4213  1004.85  80.6309  163.584  0.73  41.5  65  3.4688  98.9
83.504  90.4213  981.194  81.3118  148.216  0.75  41.5  65  3.4688  98.9
83.553  90.5501  1001.01  80.8916  158.463  0.73  41.5  65  3.4688  98.9
83.602  90.5501  976.956  80.8366  155.581  0.75  41.5  65  3.4688  98.9
83.651  90.6789  1037.99  79.9652  180.866  0.71  41.5  65  3.4688  98.9
83.699  90.6789  1066.13  78.8637  205.916  0.69  39.5  65  3.4688  98.9
83.748  90.6789  1062.83  80.6694  172.317  0.69  39.5  65  3.4688  98.9
83.797  90.8077  1061.73  80.613  173.17  0.69  39.5  65  3.4688  98.9
83.846  90.8077  1076.8  77.8428  226.769  0.69  39.5  65  3.4688  98.9
83.895  90.9365  1101.36  79.8435  194.212  0.67  39.5  65  3.4688  98.9
83.943  90.9365  1167.51  78.5462  231.84  0.63  39.5  65  3.4688  98.9
83.992  90.9365  1110.41  79.7032  198.484  0.66  40.5  65  3.4688  98.9
84.041  91.0653  1142.39  78.9429  219.095  0.65  40.5  65  3.4688  98.9
84.089  91.0653  1145.18  76.0357  276.353  0.65  40.5  65  3.4688  98.9
84.138  91.1942  1220.55  78.6045  241.155  0.6  40.5  65  3.4688  98.9
84.187  91.1942  1168.72  78.8965  225.075  0.63  40.5  65  3.4688  98.9
84.236  91.1942  1227.42  77.8934  257.428  0.6  40.5  65  3.4688  98.9
84.285  91.323  1162.14  78.4182  233.319  0.64  41.2  65  3.4688  98.9
84.334  91.323  1163.49  79.0387  221.233  0.63  41.2  65  3.4688  98.9
84.382  91.4518  1216.66  78.5622  241.269  0.61  41.2  65  3.4688  98.9
84.431  91.4518  1133.48  79.0414  215.474  0.65  41.2  65  3.4688  98.9
84.48  91.4518  1223.97  77.8422  257.774  0.6  41.2  65  3.4688  98.9
84.529  91.5806  1135.23  81.5951  165.934  0.64  41.2  65  3.4688  98.9
84.577  91.5806  950.852  86.1246  64.265  0.76  41.2  65  3.4688  98.9
84.626  91.7094  969.694  86.6544  56.59  0.75  41.2  65  3.4688  98.9
84.675  91.7094  1102.44  88.0093  38.296  0.66  41.2  65  3.4688  98.9
84.724  91.8382  1812.53  89.8775  3.875  0.4  41.2  65  3.4688  98.9
84.772  91.8382  1879.03  95.1176  167.611  0.39  41.2  65  3.4688  98.9
84.821  91.8382  1835.22  94.0818  130.632  0.4  41.2  65  3.4688  98.9
84.87  91.967  1932.37  89.1723  27.913  0.37  41  65  3.4688  98.9
84.919  91.967  1888.19  95.4378  178.935  0.38  41  65  3.4688  98.9
84.968  92.0958  1782.99  94.5576  141.678  0.41  41  65  3.4688  98.9
85.016  92.0958  1415.5  89.9942  0.143  0.51  41  65  3.4688  98.9
85.065  92.0958  1251.86  88.1766  39.834  0.58  41  65  3.4688  98.9
85.114  92.2246  1093.41  87.7169  43.558  0.66  41  65  3.4688  98.9
85.163  92.2246  1104.96  83.1882  131.058  0.66  41  65  3.4688  98.9
85.212  92.3534  1195.98  80.6668  193.959  0.61  40.7  65  3.4688  98.9
85.26  92.3534  1239.92  79.0241  236.076  0.59  40.7  65  3.4688  98.9
85.309  92.3534  1235.61  78.8652  238.618  0.6  40.7  65  3.4688  98.9
85.358  92.4822  1241.88  78.6912  243.53  0.59  40.7  65  3.4688  98.9
85.407  92.4822  1217.5  80.2522  206.137  0.6  40.7  65  3.4688  98.9
85.456  92.611  1257.47  77.9237  263.081  0.59  40.7  65  3.4688  98.9
85.504  92.611  1194.28  77.6432  255.574  0.62  40  65  3.4688  98.9
85.553  92.611  1206.81  77.3996  263.265  0.61  40  65  3.4688  98.9
85.602  92.7398  1188.31  80.1394  203.5  0.62  40  65  3.4688  98.9
85.651  92.7398  1174.56  78.3996  236.184  0.63  40  65  3.4688  98.9
85.699  92.8686  1213.64  77.55  261.647  0.61  40  65  3.4688  98.9
85.748  92.8686  1196.56  78.3284  242.067  0.62  40  65  3.4688  98.9
85.797  92.9974  1194.37  77.0447  267.767  0.62  40.6  65  3.4688  98.9
85.846  92.9974  1201.67  77.4039  262.055  0.62  40.6  65  3.4688  98.9
85.894  92.9974  1196.12  80.5245  196.912  0.61  40.6  65  3.4688  98.9
85.943  93.1262  1219.55  76.4505  285.722  0.61  40.6  65  3.4688  98.9
85.992  93.1262  1232.92  77.6293  264.136  0.6  40.6  65  3.4688  98.9
86.041  93.255  1228.8  79.0888  232.596  0.6  40.6  65  3.4688  98.9
86.09  93.255  980.167  84.2467  98.257  0.74  40.2  65  3.4688  98.9
86.138  93.255  964.599  87.8358  36.426  0.75  40.2  65  3.4688  98.9
86.187  93.3838  960.285  88.3177  28.192  0.75  40.2  65  3.4688  98.9
86.236  93.3838  1560.77  89.9462  1.466  0.46  40.2  65  3.4688  98.9
86.285  93.5126  1847.97  95.1473  165.795  0.39  40.2  65  3.4688  98.9
86.334  93.5126  1905.05  89.293  23.506  0.38  40.2  65  3.4688  98.9
86.382  93.6415  1991.35  89.6168  13.317  0.36  41.6  65  3.4688  98.9
86.431  93.6415  1850.67  93.9745  128.276  0.39  41.6  65  3.4688  98.9
86.48  93.6415  1958.38  89.1356  29.545  0.37  41.6  65  3.4688  98.9
86.529  93.7703  1972.77  90.0359  1.237  0.37  41.6  65  3.4688  98.9
86.577  93.7703  1824.95  95.7719  183.534  0.4  41.6  65  3.4688  98.9
86.626  93.8991  1884.84  88.4626  50.569  0.38  41.6  65  3.4688  98.9
86.675  93.8991  1411.24  94.3663  107.441  0.51  41.7  65  3.4688  98.9
86.724  93.8991  1196.65  88.5816  29.621  0.6  41.7  65  3.4688  98.9
86.772  94.0279  1073.77  86.1318  72.437  0.68  41.7  65  3.4688  98.9
86.821  94.0279  1006.79  89.1813  14.386  0.72  41.7  65  3.4688  98.9
86.87  94.1567  979.916  88.4358  26.748  0.74  41.7  65  3.4688  98.9
86.919  94.1567  1068.32  89.0306  18.074  0.68  41.7  65  3.4688  98.9
86.968  94.1567  1709  96.3455  188.884  0.43  39.2  65  3.4688  98.9
87.016  94.2855  1888.82  89.4229  19.026  0.38  39.2  65  3.4688  98.9
87.065  94.2855  1975.74  89.6621  11.651  0.37  39.2  65  3.4688  98.9
87.114  94.4143  1868.79  94.8762  158.854  0.39  39.2  65  3.4688  98.9
87.163  94.4143  1877.34  95.0813  166.273  0.39  39.2  65  3.4688  98.9
87.211  94.4143  1987.58  89.9595  1.404  0.36  39.2  65  3.4688  98.9
87.26  94.5431  1885.51  89.2608  24.325  0.38  40.4  65  3.4688  98.9
87.309  94.5431  1933.66  88.151  62.392  0.37  40.4  65  3.4688  98.9
87.358  94.6719  1764.87  96.1789  189.958  0.41  40.4  65  3.4688  98.9
87.406  94.6719  1262.14  94.2305  93.107  0.57  40.4  65  3.4688  98.9
87.455  94.8007  1203.19  89.3709  13.21  0.6  40.4  65  3.4688  98.9
87.504  94.8007  1041.96  86.117  70.561  0.7  40.4  65  3.4688  98.9
87.553  94.8007  1144.1  81.8963  161.277  0.64  40.4  65  3.4688  98.9
87.601  94.9295  1253.47  81.0061  195.956  0.58  40.5  65  3.4688  98.9
87.65  94.9295  1241.7  79.6091  223.957  0.59  40.5  65  3.4688  98.9
87.699  95.0583  1293.27  77.2291  285.882  0.57  40.5  65  3.4688  98.9
87.748  95.0583  1262.92  79.332  233.79  0.58  40.5  65  3.4688  98.9
87.797  95.0583  1223.78  77.0731  273.769  0.61  40.5  65  3.4688  98.9
87.846  95.1871  1194.45  78.3578  241.038  0.62  40.5  65  3.4688  98.9
87.894  95.1871  1170.18  78.2607  238.084  0.63  40.3  65  3.4688  98.9
87.943  95.3159  1146.43  78.7723  223.219  0.64  40.3  65  3.4688  98.9
87.992  95.3159  1169.08  78.3988  235.099  0.63  40.3  65  3.4688  98.9
88.041  95.3159  1194.11  79.2764  222.191  0.62  40.3  65  3.4688  98.9
88.09  95.4447  1025.3  79.8194  181.223  0.72  40.3  65  3.4688  98.9
88.138  95.4447  1051.4  80.284  177.44  0.7  40.3  65  3.4688  98.9
88.187  95.5735  1023.78  81.4986  151.35  0.71  41  65  3.4688  98.9
88.236  95.5735  974.121  80.7976  155.783  0.75  41  65  3.4688  98.9
88.285  95.7023  1004.31  80.7054  162.206  0.73  41  65  3.4688  98.9
88.333  95.7023  963.346  81.0944  149.133  0.76  41  65  3.4688  98.9
88.382  95.7023  974.605  81.9874  135.851  0.75  41  65  3.4688  98.9
88.431  95.8311  974.964  82.4617  127.904  0.75  41  65  3.4688  98.9
88.48  95.8311  963.091  81.6925  139.153  0.76  39.9  65  3.4688  98.9
88.529  95.9599  992.141  81.6716  143.708  0.74  39.9  65  3.4688  98.9
88.577  95.9599  972.072  84.3175  96.251  0.75  39.9  65  3.4688  98.9
88.626  95.9599  965.155  85.8788  69.363  0.75  39.9  65  3.4688  98.9
88.676  96.0888  990.586  87.4607  43.887  0.73  39.9  65  3.4688  98.9
88.724  96.0888  1492.82  88.8609  29.676  0.48  39.9  65  3.4688  98.9
88.773  96.2176  1944.54  89.027  33.02  0.37  41.3  65  3.4688  98.9
88.822  96.2176  1865.82  94.0344  131.269  0.39  41.3  65  3.4688  98.9
88.871  96.2176  1911.25  89.1836  27.232  0.38  41.3  65  3.4688  98.9
88.919  96.3464  1873.68  94.0993  133.942  0.39  41.3  65  3.4688  98.9
88.968  96.3464  1821.42  95.3146  168.709  0.4  41.3  65  3.4688  98.9
89.017  96.4752  1742.55  94.9901  151.572  0.42  41.3  65  3.4688  98.9
89.066  96.4752  1377.16  89.7842  5.187  0.53  40.5  65  3.4688  98.9
89.114  96.4752  1193.69  88.9518  21.837  0.61  40.5  65  3.4688  98.9
89.163  96.604  1106.44  86.3064  71.279  0.66  40.5  65  3.4688  98.9
89.212  96.604  1040.71  84.9168  92.209  0.7  40.5  65  3.4688  98.9
89.261  96.7328  1037.84  83.6243  115.249  0.7  40.5  65  3.4688  98.9
89.31  96.7328  1010.4  83.3575  116.878  0.72  40.5  65  3.4688  98.9
89.358  96.8616  1040.76  83.946  109.763  0.7  39.9  65  3.4688  98.9
89.407  96.8616  1013.56  83.2323  119.442  0.72  39.9  65  3.4688  98.9
89.456  96.8616  1022.54  81.3746  153.354  0.72  39.9  65  3.4688  98.9
89.504  96.9904  1042.68  82.0711  143.831  0.7  39.9  65  3.4688  98.9
89.553  96.9904  1039.52  81.5256  153.191  0.7  39.9  65  3.4688  98.9
89.602  97.1192  1073.04  82.0144  149.071  0.68  39.9  65  3.4688  98.9
89.651  97.1192  1051.96  81.3247  158.672  0.7  41.9  65  3.4688  98.9
89.7  97.1192  1070.06  80.3402  179.553  0.69  41.9  65  3.4688  98.9
89.749  97.248  1082.1  81.3601  162.558  0.68  41.9  65  3.4688  98.9
89.797  97.248  1077.06  81.5447  158.369  0.68  41.9  65  3.4688  98.9
89.846  97.3768  1097.98  81.0801  170.244  0.67  41.9  65  3.4688  98.9
89.895  97.3768  1082.53  80.653  175.818  0.68  41.9  65  3.4688  98.9
89.944  97.3768  1089.83  80.6673  176.734  0.67  41.9  65  3.4688  98.9
89.992  97.5056  1088.53  79.8648  191.551  0.68  40.6  65  3.4688  98.9
90.041  97.5056  1110.64  82.0654  153.316  0.66  40.6  65  3.4688  98.9
90.09  97.6344  1116.49  79.3083  207.136  0.66  40.6  65  3.4688  98.9
90.139  97.6344  1115.87  80.0776  192.28  0.66  40.6  65  3.4688  98.9
90.188  97.7632  1136.6  81.7707  162.688  0.64  40.6  65  3.4688  98.9
90.237  97.7632  1112.78  79.5826  201.211  0.66  40.6  65  3.4688  98.9
90.285  97.7632  1143.86  80.871  181.482  0.64  41.2  65  3.4688  98.9
90.334  97.892  1146.2  80.8276  182.71  0.64  41.2  65  3.4688  98.9
90.383  97.892  1153.4  78.5139  229.677  0.64  41.2  65  3.4688  98.9
90.432  98.0208  1181.54  79.9878  205.419  0.62  41.2  65  3.4688  98.9
90.481  98.0208  1174.92  79.086  222.453  0.63  41.2  65  3.4688  98.9
90.529  98.0208  1204.77  78.7719  234.588  0.61  41.2  65  3.4688  98.9
90.578  98.1496  1189.86  79.1931  223.098  0.62  40.3  65  3.4688  98.9
90.627  98.1496  1186.33  78.01  246.45  0.62  40.3  65  3.4688  98.9
90.676  98.2784  1226.69  78.3888  246.895  0.6  40.3  65  3.4688  98.9
90.724  98.2784  1177.09  78.7129  230.385  0.63  40.3  65  3.4688  98.9
90.773  98.2784  1225.04  77.7788  259.324  0.6  40.3  65  3.4688  98.9
90.822  98.4072  1231.57  78.2646  250.492  0.6  40.3  65  3.4688  98.9
90.871  98.4072  1168.74  79.7342  208.287  0.63  40.2  65  3.4688  98.9
90.92  98.5361  974.119  78.6869  191.093  0.76  40.2  65  3.4688  98.9
90.969  98.5361  902.34  78.3764  181.805  0.82  40.2  65  3.4688  98.9
91.017  98.5361  1094.81  83.4514  124.858  0.67  40.2  65  3.4688  98.9
91.067  98.6649  1894.93  89.315  22.655  0.38  40.2  65  3.4688  98.9
91.116  98.6649  1870.4  94.6073  150.243  0.39  40.2  65  3.4688  98.9
91.165  98.7937  1876.96  90.026  0.853  0.39  40.3  65  3.4688  95.8
91.214  98.7937  1990.66  89.6968  10.536  0.36  40.3  65  3.4688  95.8
91.262  98.9225  1933.38  89.925  2.531  0.37  40.3  65  3.4688  95.8
91.311  98.9225  1983.18  89.2057  27.492  0.36  40.3  65  3.4688  95.8
91.36  98.9225  1920.05  94.9814  166.724  0.38  40.3  65  3.4688  95.6
91.409  99.0513  1946.06  89.8206  6.095  0.37  40.3  65  3.4688  95.5
91.458  99.0513  1912.55  95.053  168.453  0.38  40.1  65  3.4688  95.2
91.506  99.1801  1896.1  96.4998  214.638  0.38  40.1  65  3.4688  95.2
91.555  99.1801  1869.44  90.029  0.945  0.39  40.1  65  3.4688  95.2
91.604  99.1801  2010.2  89.8244  6.161  0.36  40.1  65  3.4688  95.2
91.653  99.3089  1876.45  94.6148  150.972  0.39  40.1  65  3.4688  95.2
91.701  99.3089  1902.54  94.9243  163.313  0.38  40.1  65  3.4688  94
91.75  99.4377  2010.31  89.5542  15.641  0.36  39.8  65  3.4688  93.8
91.799  99.4377  1804.04  89.9888  0.354  0.4  39.8  65  3.4688  93.8
91.848  99.4377  2034.72  89.9498  1.781  0.36  39.8  65  3.4688  93.8
91.896  99.5665  1918.91  96.0418  201.974  0.38  39.8  65  3.4688  93.8
91.945  99.5665  1963.49  89.8402  5.478  0.37  39.8  65  3.4688  93.8
91.995  99.6953  2020.49  90.0012  0.042  0.36  39.8  65  3.4688  93.6
92.044  99.6953  1887.03  96.1725  202.899  0.39  40.2  65  3.4688  92.3
92.092  99.8241  1984.39  89.9586  1.434  0.36  40.2  65  3.4688  92.3
92.141  99.8241  2002.97  89.6316  12.877  0.36  40.2  65  3.4688  92.3
92.19  99.8241  1895.97  96.1224  202.212  0.38  40.2  65  3.4688  92.3
92.239  99.9529  1968.51  88.9254  36.917  0.37  40.2  65  3.4688  92.3
92.288  99.9529  2008.06  89.6432  12.504  0.36  40.2  65  3.4688  92.3
92.337  100.082  1970.41  89.9737  0.905  0.37  42.2  65  3.4688  90.25
92.386  100.082  1994.88  88.9652  36.025  0.36  42.2  65  3.4688  90.25
92.435  100.082  1987.05  89.9437  1.952  0.36  42.2  65  3.4688  90.25
92.483  100.211  1869.2  94.1047  133.795  0.39  42.2  65  3.4688  90.25
92.532  100.211  1940.03  94.8364  163.565  0.37  42.2  65  3.4688  90.25
92.581  100.339  1898.9  96.4374  212.899  0.38  42.2  65  3.4688  90.25
92.63  100.339  1945.6  89.246  25.603  0.37  42.2  65  3.4688  90.25
92.679  100.339  1919.21  94.8205  161.281  0.38  39.7  65  3.4688  90.25
92.727  100.468  1865.14  95.0392  163.829  0.39  39.7  65  3.4688  90.25
92.776  100.468  2003.79  89.972  0.981  0.36  39.7  65  3.4688  90.25
92.825  100.597  2007.79  89.76  8.41  0.36  39.7  65  3.4688  90.25
92.874  100.597  1863.12  95.5418  179.924  0.39  39.7  65  3.4688  90.25
92.923  100.726  2003.48  89.9561  1.537  0.36  39.7  65  3.4688  90.25
92.972  100.726  1917.55  94.8052  160.63  0.38  39.5  65  3.4688  90.25
93.02  100.726  1877.65  95.4542  178.47  0.39  39.5  65  3.4688  90.25
93.069  100.855  1931.19  94.9872  167.883  0.38  39.5  65  3.4688  90.25
93.118  100.855  1901.91  96.421  212.698  0.38  39.5  65  3.4688  90.25
93.167  100.983  1942.89  89.1491  28.854  0.37  39.5  65  3.4688  90.25
93.216  100.983  1923.96  95.1273  171.943  0.38  39.5  65  3.4688  90.25
93.264  100.983  1978.63  89.9115  3.055  0.37  40.6  65  3.4688  90.25
93.313  101.112  1977.31  88.9891  34.885  0.37  40.6  65  3.4688  90.25
93.362  101.112  1984  89.9594  1.406  0.36  40.6  65  3.4688  90.25
93.411  101.241  1792.59  90.0142  0.443  0.4  40.6  65  3.3788  90.25
93.46  101.241  1909.28  95.0254  167.247  0.38  40.6  65  3.2388  90.25
93.509  101.241  1911.22  94.7969  159.825  0.38  40.6  65  3.2388  90.25
93.558  101.37  1887.97  95.392  177.412  0.38  41.4  65  3.2388  90.25
93.606  101.37  2010.13  89.9605  1.385  0.36  41.4  65  3.2388  90.25
93.655  101.499  1866.03  95.2199  169.769  0.39  41.4  65  3.2388  90.25
93.704  101.499  1872.1  94.085  133.361  0.39  41.4  65  3.2388  90.25
93.753  101.627  1945.23  94.9016  166.211  0.37  41.4  65  3.2388  90.25
93.801  101.627  1964.58  89.7969  6.964  0.37  41.4  65  3.1588  90.25
93.85  101.627  1969.38  88.9965  34.489  0.37  40.5  65  3.1588  90.25
93.899  101.756  1906.6  94.5146  150.073  0.38  40.5  65  3.1588  90.25
93.948  101.756  1838.92  93.9641  127.128  0.39  40.5  65  3.1588  90.25
93.996  101.885  1842.63  90.021  0.676  0.39  40.5  65  3.1588  90.25
94.045  101.885  1906.13  95.0192  166.767  0.38  40.5  65  3.1588  90.25
94.094  101.885  1880.15  95.3453  175.151  0.39  40.5  65  3.1588  90.25
94.143  102.014  1941.85  94.8737  164.98  0.37  40.9  65  3.1588  90.25
94.192  102.014  1982.62  89.7013  10.337  0.36  40.9  65  3.1588  90.25
94.24  102.143  1952.52  87.9153  71.028  0.37  40.9  65  3.1588  90.25
94.289  102.143  1933.06  94.7343  159.547  0.38  40.9  65  3.1588  90.25
94.338  102.143  1888.55  95.2  171.164  0.38  40.9  65  3.0688  90.25
94.387  102.271  1990.93  88.9107  37.848  0.36  40.9  65  3.0688  90.25
94.436  102.271  2014.9  89.8002  7.028  0.36  40.8  65  3.0688  90.25
94.485  102.4  1874.5  93.9749  129.94  0.39  40.8  65  3.0688  90.25
94.534  102.4  2013.84  89.7106  10.17  0.36  40.8  65  3.0688  90.25
94.582  102.4  1893.8  96.3234  208.585  0.38  40.8  65  3.0688  90.25
94.631  102.529  1830.58  90.0113  0.362  0.4  40.8  65  3.0688  90.25
94.68  102.529  1930.37  95.1368  172.833  0.38  40.8  65  3.0688  90.25
94.729  102.658  1909.04  94.9792  165.693  0.38  40.6  65  3.0688  90.25
94.777  102.658  1961.52  89.0039  34.098  0.37  40.6  65  3.0688  90.25
94.826  102.787  1947.79  95.0806  172.491  0.37  40.6  65  3.0688  90.25
94.875  102.787  1942.47  89.9138  2.922  0.37  40.6  65  3.0688  90.25
94.924  102.787  1983.4  89.9071  3.216  0.36  40.6  65  3.0688  90.25
94.972  102.915  1924.71  94.6643  156.514  0.38  40.6  65  3.0688  90.25
95.021  102.915  1885.49  94.0411  132.876  0.38  40.6  65  3.0688  90.25
95.07  103.044  1991.11  88.7939  41.909  0.36  38.8  65  3.0688  90.25
95.119  103.044  1891.49  96.1475  202.558  0.38  38.8  65  3.0688  90.25
95.167  103.044  1991.27  89.9983  0.059  0.36  38.8  65  3.0688  90.25
95.216  103.173  2012.27  89.7188  9.875  0.36  38.8  65  3.0688  90.25
95.265  103.173  1889.53  94.7913  157.825  0.38  38.8  65  3.0688  90.25
95.314  103.302  1960.22  88.0192  67.753  0.37  38.8  65  3.0688  90.25
95.363  103.302  1922.42  95.1366  172.116  0.38  40.8  65  3.0688  90.25
95.411  103.302  1956.75  89.8009  6.798  0.37  40.8  65  3.0688  90.25
95.46  103.431  1991.44  89.9034  3.356  0.36  40.8  65  3.0688  90.25
95.509  103.431  2013.18  89.6549  12.127  0.36  40.8  65  3.0688  90.25
95.558  103.559  1872.83  95.3898  175.916  0.39  40.8  65  3.0688  90.25
95.606  103.559  1976.04  87.8791  73.129  0.37  40.8  65  3.0688  90.25
95.655  103.688  1902.54  94.9243  163.313  0.38  40.6  65  3.0688  90.25
95.704  103.688  1867.6  95.2352  170.407  0.39  40.6  65  3.0688  90.25
95.753  103.688  2017.7  89.4762  18.447  0.36  40.6  65  3.0688  90.25
95.801  103.817  1891.61  96.524  214.925  0.38  40.6  65  3.0688  90.25
95.85  103.817  1820.33  90.0646  2.051  0.4  40.6  65  3.0688  90.25
95.899  103.946  1985.24  89.6494  12.149  0.36  40.6  65  3.0688  90.25
95.948  103.946  1939.56  89.9292  2.397  0.37  42.5  65  3.0688  90.25
95.997  103.946  1963.62  88.9158  37.154  0.37  42.5  65  3.0688  90.25
96.045  104.075  1900.19  94.7711  158.049  0.38  42.5  65  3.0688  90.25
96.094  104.075  1866.22  95.5696  181.127  0.39  42.5  65  3.0688  90.25
96.143  104.203  2002.93  89.7675  8.127  0.36  42.5  65  3.0688  90.25
96.191  104.203  1901.3  96.2822  208.05  0.38  42.5  65  3.0688  90.25
96.24  104.203  1860.81  94.2082  136.548  0.39  41.9  65  3.0688  90.25
96.289  104.332  1911.03  95.0623  168.628  0.38  41.9  65  3.0688  90.25
96.338  104.332  1880.37  95.0841  166.636  0.39  41.9  65  3.0688  90.25
96.387  104.461  1892.08  94.9894  164.558  0.38  41.9  65  3.0688  90.25
96.435  104.461  1913.28  94.5929  153.205  0.38  41.9  65  3.0688  90.25
96.484  104.461  1807.09  90.0435  1.372  0.4  41.9  65  3.0688  90.25
96.533  104.59  1980.36  89.9228  2.668  0.37  41.3  65  3.0688  90.25
96.582  104.59  1902.11  96.4673  214.248  0.38  41.3  65  3.0688  90.25
96.631  104.719  1940.23  89.8516  5.024  0.37  41.3  65  3.0688  90.25
96.679  104.719  1845.62  90.0056  0.18  0.39  41.3  65  3.0688  90.25
96.728  104.848  1894.37  95.139  169.683  0.38  41.3  65  3.0688  90.25
96.777  104.848  1873.05  93.9849  130.164  0.39  41.3  65  3.0688  90.25
96.826  104.848  1922.42  95.1366  172.116  0.38  40.2  65  3.0688  90.25
96.874  104.976  1879.65  96.2139  203.455  0.39  40.2  65  3.0688  90.25
96.923  104.976  1820.14  89.9942  0.185  0.4  40.2  65  3.0688  90.25
96.972  105.105  1994.57  89.7525  8.617  0.36  40.2  65  3.0688  90.25
97.021  105.105  1974.25  90.0283  0.976  0.37  40.2  65  3.0688  90.25
97.069  105.105  1970.25  89.0677  32.058  0.37  40.2  65  3.0688  90.25
97.118  105.234  1989.27  89.8563  4.99  0.36  40.6  65  3.0688  90.25
97.167  105.234  1843.26  93.9585  127.247  0.39  40.6  65  3.0688  90.25
97.216  105.363  1844.12  90.0133  0.428  0.39  40.6  65  3.0688  90.25
97.264  105.363  1893.6  96.2773  207.049  0.38  40.6  65  3.0688  90.25
97.313  105.363  1945.38  89.0972  30.651  0.37  40.6  65  3.0688  90.25
97.362  105.492  2010.91  89.7438  8.992  0.36  40.6  65  3.0688  90.25
97.411  105.492  1877.67  95.1478  168.475  0.39  40.6  65  3.0688  90.25
97.46  105.62  1884.98  93.9503  129.859  0.38  39.8  65  3.0688  90.25
97.508  105.62  1925.7  94.8506  162.832  0.38  39.8  65  3.0688  90.25
97.557  105.749  1867.57  94.9306  160.517  0.39  39.8  65  3.0688  90.25
97.606  105.749  1847.11  89.9979  0.069  0.39  39.8  65  3.0688  90.25
97.655  105.749  1914.32  96.0674  202.341  0.38  39.8  65  3.0688  90.25
97.704  105.878  1948.32  89.8829  3.981  0.37  39.8  65  3.0688  90.25
97.752  105.878  1923.24  94.9876  167.207  0.38  41  65  3.0688  90.25
97.801  106.007  1899.8  96.2905  208.158  0.38  41  65  3.0688  90.25
97.85  106.007  1873.55  94.0751  133.143  0.39  41  65  3.0688  90.25
97.899  106.007  2011.61  89.6631  11.829  0.36  41  65  3.0688  90.25
97.948  106.136  1883.99  95.2027  170.84  0.39  41  65  3.0688  90.25
97.997  106.136  1982.58  89.8356  5.688  0.36  41  65  3.0688  90.25
98.046  106.264  1922.38  94.8231  161.632  0.38  41.1  65  3.0688  90.25
98.094  106.264  1873.38  94.8938  159.815  0.39  41.1  65  3.0688  90.25
98.143  106.393  1844.22  90.049  1.577  0.39  41.1  65  3.0688  90.25
98.192  106.393  1914.11  96.0209  200.772  0.38  41.1  65  3.0688  90.25
98.241  106.393  1876.19  95.463  178.618  0.39  41.1  65  3.0688  90.25
98.29  106.522  1921.46  94.9505  165.812  0.38  41.1  65  3.0688  90.25
98.339  106.522  1896.59  96.2608  206.832  0.38  40.7  65  3.0688  90.25
98.388  106.651  1876.21  94.0101  131.209  0.39  40.7  65  3.0688  90.25
98.436  106.651  2009.62  89.635  12.802  0.36  40.7  65  3.0688  90.25
98.485  106.651  1876.98  95.0115  163.965  0.39  40.7  65  3.0688  90.25
98.534  106.78  1832.15  90.0391  1.25  0.39  40.7  65  3.0688  90.25
98.583  106.78  1932.82  95.9643  200.838  0.38  40.7  65  3.0688  90.25
98.631  106.908  1974.25  90.0283  0.976  0.37  40.3  65  3.0688  90.25
98.68  106.908  2025.6  90.0137  0.483  0.36  40.3  65  3.0688  90.25
98.729  106.908  1910.18  96.1858  205.826  0.38  40.3  65  3.0688  90.25
98.778  107.037  1874.07  95.3355  174.264  0.39  40.3  65  3.0688  90.25
98.827  107.037  1926.56  95.0154  168.426  0.38  40.3  65  3.0688  90.25
98.875  107.166  1901.51  96.3284  209.599  0.38  40.3  65  3.0688  90.25
98.924  107.166  1879.38  94.0355  132.262  0.39  41.2  65  3.0688  90.25
98.973  107.295  2009.77  89.7882  7.431  0.36  41.2  65  3.0688  90.25
99.022  107.295  1876.65  95.2478  171.645  0.39  41.2  65  3.0688  90.25
99.07  107.295  2006.83  89.9564  1.527  0.36  41.2  65  3.0688  90.25
99.119  107.424  1924.16  94.8601  163.02  0.38  41.2  65  3.0688  90.25
99.168  107.424  1949.11  89.9531  1.596  0.37  41.2  65  3.0688  90.25
99.217  107.552  1913.35  94.9048  163.592  0.38  40  65  3.0688  90.25
99.266  107.552  1909.97  96.1393  204.263  0.38  40  65  3.0688  90.25
99.315  107.552  1878.68  95.3542  175.305  0.39  40  65  3.0688  90.25
99.363  107.681  1925.97  95.2113  174.935  0.38  40  65  3.0688  90.25
99.412  107.681  1890.41  96.2478  205.732  0.38  40  65  3.0688  90.25
99.461  107.81  1877.92  94.0455  132.483  0.39  40  65  3.0688  90.25
99.51  107.81  2006.23  89.7681  8.12  0.36  40.9  65  3.0688  90.25
99.558  107.81  1878.68  95.0478  165.298  0.39  40.9  65  3.0688  90.25
99.607  107.939  1985.33  89.935  2.253  0.36  40.9  65  3.0688  90.25
99.656  107.939  1927.04  96.0926  204.529  0.38  40.9  65  3.0688  90.25
99.705  108.068  1804.23  90.0585  1.843  0.4  40.9  65  3.0688  90.25
99.753  108.068  1848.71  90.0259  0.836  0.39  40.9  65  3.0688  90.25
99.802  108.196  1909.76  96.0929  202.702  0.38  41.6  65  3.0688  90.25
99.851  108.196  1875.53  95.3266  174.11  0.39  41.6  65  3.0688  90.25
99.9  108.196  1933.47  95.1181  172.484  0.38  41.6  65  3.0688  90.25
99.948  108.325  1897.88  96.2064  205.18  0.38  41.6  65  3.0688  90.25
99.997  108.325  1881.09  94.0709  133.541  0.39  41.6  65  3.0688  90.25
100.046  108.454  2005.53  89.8485  5.303  0.36  41.6  65  3.0688  90.25
100.095  108.454  1871.61  95.1386  167.633  0.39  41.6  65  3.0688  90.25
100.143  108.454  2008.35  89.9486  1.801  0.36  41.4  65  3.0688  90.25
100.192  108.583  1920.23  95.9866  200.272  0.38  41.4  65  3.0688  90.25
100.241  108.583  1983.57  90.0177  0.613  0.36  41.4  65  3.0688  90.25
100.29  108.712  2036.51  89.9587  1.468  0.36  41.4  65  3.0688  90.25
100.338  108.712  1909.07  96.287  209.061  0.38  41.4  65  3.0688  90.25
100.387  108.712  1874.07  95.3355  174.264  0.39  41.4  65  3.0688  90.25
100.436  108.84  1925.97  95.2113  174.935  0.38  39.7  65  3.0688  90.25
100.485  108.84  1895.97  96.1224  202.212  0.38  39.7  65  3.0688  90.25
100.533  108.969  1879.12  93.9903  130.763  0.39  39.7  65  3.0688  90.25
100.582  108.969  2008.64  89.8324  5.874  0.36  39.7  65  3.0688  90.25
100.631  109.098  1877.21  95.0569  165.467  0.39  39.7  65  3.0688  90.25
100.68  109.098  2015.4  89.9888  0.394  0.36  39.7  65  3.0688  90.25
100.729  109.098  1927.04  96.0926  204.529  0.38  40.2  65  3.0688  90.25
100.777  109.227  1979.69  89.9628  1.285  0.37  40.2  65  3.0688  90.25
100.826  109.227  1851.72  90.0104  0.337  0.39  40.2  65  3.0688  90.25
100.875  109.356  1905.83  96.2573  207.722  0.38  40.2  65  3.0688  90.25
100.924  109.356  1876.33  95.1812  169.444  0.39  40.2  65  3.0688  90.25
100.973  109.356  1997.06  89.5481  15.753  0.36  40.2  65  3.0688  90.25
101.022  109.485  1883.54  95.1115  167.811  0.39  41.3  65  3.0688  90.25
101.07  109.485  1886.71  93.9857  131.141  0.38  41.3  65  3.0688  90.25
101.119  109.613  2006.66  89.8043  6.854  0.36  41.3  65  3.0688  90.25
101.168  109.613  1877.21  95.0569  165.467  0.39  41.3  65  3.0688  90.25
101.216  109.613  2012.34  90.0043  0.153  0.36  41.3  65  3.0688  90.25
101.265  109.742  1910.67  94.9913  166.236  0.38  41.3  65  3.0688  90.25
101.314  109.742  1947.25  89.9257  2.525  0.37  39.1  65  3.0688  90.25
101.363  109.871  1924.05  94.8385  162.288  0.38  39.1  65  3.0688  90.25
101.411  109.871  1911.7  96.1774  205.711  0.38  39.1  65  3.0688  90.25
101.46  110  1876.55  95.2267  170.947  0.39  39.1  65  3.0688  90.25
101.509  110  1997.91  89.6201  13.246  0.36  39.1  65  3.0688  90.25
101.558  110  1886.16  96.3185  207.581  0.39  39.1  65  3.0688  90.25
101.607  110.129  1821.6  89.9865  0.428  0.4  40.4  65  3.0688  90.25
101.656  110.129  1916.57  94.6198  154.367  0.38  40.4  65  3.0688  90.25
101.704  110.257  1874.84  94.8845  159.638  0.39  40.4  65  3.0688  90.25
101.753  110.257  1990.32  89.9472  1.834  0.36  40.4  65  3.0688  90.25
101.802  110.257  1924.85  95.9607  199.889  0.38  40.4  65  3.0688  90.25
101.851  110.386  1977.19  90.0131  0.453  0.37  40.4  65  3.0688  90.25
101.9  110.386  2035.42  90.0027  0.095  0.36  40.3  65  3.0688  90.25
101.948  110.515  1903.22  96.3665  211.044  0.38  40.3  65  3.0688  90.25
101.997  110.515  1876.33  95.1812  169.444  0.39  40.3  65  3.0688  90.25
102.046  110.515  2005.21  89.5428  15.999  0.36  40.3  65  3.0688  90.25
102.095  110.644  1878.9  95.0933  166.804  0.39  40.3  65  3.0688  90.25
102.144  110.644  2011.87  89.9687  1.1  0.36  40.3  65  3.0688  90.25
102.192  110.773  1925.75  94.5616  153.156  0.38  40.2  65  3.0688  90.25
102.241  110.773  1875.3  94.9753  162.636  0.39  40.2  65  3.0688  90.25
102.29  110.773  2021.56  89.9575  1.498  0.36  40.2  65  3.0688  90.25
102.339  110.901  1920.66  96.08  203.429  0.38  40.2  65  3.0688  90.25
102.387  110.901  1950.58  89.9454  1.859  0.37  40.2  65  3.0688  90.25
102.437  111.03  1913.59  94.9511  165.153  0.38  40.2  65  3.0688  90.25
102.486  111.03  1903.42  96.4128  212.596  0.38  40.2  65  3.0688  90.25
102.534  111.159  1873.3  94.03  131.653  0.39  40  65  3.0688  90.25
102.583  111.159  1930.61  95.1836  174.424  0.38  40  65  3.0688  90.25
102.632  111.159  1877.89  95.1933  169.98  0.39  40  65  3.0688  90.25
102.681  111.288  1889.66  93.9657  130.686  0.38  40  65  3.0688  90.25
102.73  111.288  1931.88  94.8124  162.071  0.38  40  65  3.0688  90.25
102.778  111.417  1870.24  94.867  158.676  0.39  40  65  3.0688  90.25
102.827  111.417  1910.32  94.9236  163.957  0.38  41  65  3.0688  90.25
102.876  111.417  1919.13  96.0885  203.55  0.38  41  65  3.0688  90.25
102.925  111.545  1872.03  95.5348  180.557  0.39  41  65  3.0688  90.25
102.973  111.545  1922.27  94.8015  160.902  0.38  41  65  3.0688  90.25
103.023  111.674  1900.89  96.1897  204.954  0.38  41  65  3.0688  90.25
103.072  111.674  1875.26  94.1104  134.417  0.39  41  65  3.0688  90.25
103.12  111.674  2011.61  89.6631  11.829  0.36  41.1  65  3.0688  90.25
103.169  111.803  1885.02  95.1023  167.643  0.39  41.1  65  3.0688  90.25
103.218  111.803  1980.36  89.9228  2.668  0.37  41.1  65  3.0688  90.25
103.267  111.932  1922.87  94.9161  164.784  0.38  41.1  65  3.0688  90.25
103.315  111.932  1809.97  90.0284  0.898  0.4  41.1  65  3.0688  90.25
103.364  112.061  1907.06  94.8962  162.768  0.38  41.1  65  3.0688  90.25
103.413  112.061  1909.76  96.0929  202.702  0.38  40.4  65  3.0688  90.25
103.462  112.061  1869.7  95.3621  174.724  0.39  40.4  65  3.0688  90.25
103.51  112.189  1931.43  95.0339  169.474  0.38  40.4  65  3.0688  90.25
103.559  112.189  1904.32  96.2656  207.832  0.38  40.4  65  3.0688  90.25
103.608  112.318  1871.35  93.9497  128.9  0.39  40.4  65  3.0688  90.25
103.657  112.318  1927.03  94.5053  151.371  0.38  40.4  65  3.0688  90.25
103.705  112.318  1873.51  95.2203  170.463  0.39  40.4  65  3.0688  90.25
103.754  112.447  1972.41  89.9264  2.535  0.37  40.4  65  3.0688  90.25
103.803  112.447  1925.46  94.804  161.252  0.38  40.4  65  3.0688  90.25
103.852  112.576  1876.3  94.8753  159.46  0.39  40.4  65  3.0688  90.25
103.9  112.576  1913.11  94.8585  162.031  0.38  40.4  65  3.0688  90.25
103.95  112.576  1919.34  96.1352  205.128  0.38  40.4  65  3.0688  90.25
103.999  112.705  1878.24  95.2632  172.292  0.39  39.6  65  3.0688  90.25
104.048  112.705  1925.02  95.0248  168.606  0.38  39.6  65  3.0688  90.25
104.096  112.833  1900  96.3367  209.705  0.38  39.6  65  3.0688  90.25
104.145  112.833  1876.46  94.0554  132.704  0.39  39.6  65  3.0688  90.25
104.194  112.833  2005.53  89.8485  5.303  0.36  39.6  65  3.0688  90.25
104.243  112.962  1875.75  95.066  165.636  0.39  39.6  65  3.0688  90.25
104.292  112.962  2009.28  90.0198  0.696  0.36  41.8  65  3.0688  90.25
104.34  113.091  1921.58  94.9721  166.543  0.38  41.8  65  3.0688  90.25
104.389  113.091  1866.42  90.0254  0.827  0.39  41.8  65  3.0688  90.25
104.438  113.22  1918.16  94.9229  164.606  0.38  41.8  65  3.0688  90.25
104.487  113.22  1911.7  96.1774  205.711  0.38  41.8  65  3.0688  90.25
104.536  113.22  1880.81  95.4821  179.682  0.39  41.8  65  3.0688  90.25
104.585  113.349  1923.96  95.1273  171.943  0.38  40.8  65  3.0688  90.25
104.633  113.349  1891.7  96.1935  204.09  0.38  40.8  65  3.0688  90.25
104.682  113.477  1876.71  94.1006  134.199  0.39  40.8  65  3.0688  90.25
104.731  113.477  1925.75  94.5616  153.156  0.38  40.8  65  3.0688  90.25
104.78  113.477  1876.98  95.0115  163.965  0.39  40.8  65  3.0688  90.25
104.829  113.606  1986.85  89.9271  2.527  0.36  40.8  65  3.0688  90.25
104.877  113.606  1921.58  94.9721  166.543  0.38  40.5  65  3.0688  90.25
104.926  113.735  1980.15  89.9979  0.073  0.37  40.5  65  3.0688  90.25
104.975  113.735  1912.45  90.0266  0.887  0.38  40.5  65  3.0688  90.25
105.024  113.735  1914.32  96.0674  202.341  0.38  40.5  65  3.0688  90.25
105.072  113.864  1874.07  95.3355  174.264  0.39  40.5  65  3.0688  90.25
105.122  113.864  1929.65  94.9966  168.065  0.38  40.5  65  3.0688  90.25
105.17  113.993  1892.98  96.1392  202.443  0.38  40.5  65  3.0688  90.25
105.219  113.993  1879.38  94.0355  132.262  0.39  40.7  65  3.0688  90.25
105.268  114.121  2010.2  89.8244  6.161  0.36  40.7  65  3.0688  90.25
105.316  114.121  1879.13  95.1388  168.31  0.39  40.7  65  3.0688  90.25
105.365  114.121  1833.62  90.0315  1.007  0.39  40.7  65  3.0688  90.25
105.414  114.25  1921.77  95.978  200.145  0.38  40.7  65  3.0688  90.25
105.463  114.25  1980.15  89.9979  0.073  0.37  40.7  65  3.0688  90.25
105.512  114.379  1916.15  94.8396  161.658  0.38  40  65  3.0688  90.25
105.56  114.379  1907.35  96.2489  207.612  0.38  40  65  3.0688  90.25
105.609  114.379  1870.9  94.1399  135.065  0.39  40  65  3.0688  90.25
105.658  114.508  2003.23  89.515  16.958  0.36  40  65  3.0688  90.25
105.707  114.508  1898.97  96.1056  201.978  0.38  40  65  3.0688  90.25
105.756  114.637  1888.18  93.9757  130.914  0.38  40  65  3.0688  90.25
105.805  114.637  1926.25  94.6547  156.316  0.38  40.4  65  3.0688  90.25
105.853  114.637  1875.75  95.066  165.636  0.39  40.4  65  3.0688  90.25
105.902  114.766  1833.53  89.996  0.128  0.39  40.4  65  3.0688  90.25
105.951  114.766  1918.52  94.9908  166.904  0.38  40.4  65  3.0688  90.25
106  114.894  1869.12  95.5522  180.843  0.39  40.4  65  3.0688  90.25
106.048  114.894  1922.27  94.8015  160.902  0.38  40.4  65  3.0688  90.25
106.097  115.023  1912.11  96.2704  208.842  0.38  40.8  65  3.0688  90.25
106.146  115.023  1879.93  95.2998  173.642  0.39  40.8  65  3.0688  90.25
106.195  115.023  2005.65  89.579  14.736  0.36  40.8  65  3.0688  90.25
106.243  115.152  1882.07  95.1206  167.978  0.39  40.8  65  3.0688  90.25
106.292  115.152  1824.62  90.0065  0.208  0.4  40.8  65  3.0688  90.25
106.341  115.281  1920.9  94.5444  152.195  0.38  40.8  65  3.0688  90.25
106.39  115.281  1876.53  94.9207  160.961  0.39  41.1  65  3.0688  90.25
106.438  115.281  2022.03  89.9934  0.233  0.36  41.1  65  3.0688  90.25
106.487  115.41  1926.61  95.9989  201.35  0.38  41.1  65  3.0688  90.25
106.536  115.41  1940.62  89.8866  3.842  0.37  41.1  65  3.0688  90.25
106.585  115.538  1924.05  94.8385  162.288  0.38  41.1  65  3.0688  90.25
106.634  115.538  1902.61  96.2276  206.391  0.38  41.1  65  3.0688  90.25
106.682  115.538  1872.1  94.085  133.361  0.39  41.3  65  3.0688  90.25
106.731  115.667  2009.44  89.4817  18.178  0.36  41.3  65  3.0688  90.25
106.78  115.667  1893.19  96.1852  203.978  0.38  41.3  65  3.0688  90.25
106.829  115.796  1829.11  90.019  0.606  0.4  41.3  65  3.0688  90.25
106.877  115.796  1918.59  94.7029  157.302  0.38  41.3  65  3.0688  90.25
106.926  115.796  1870.93  95.0028  163.152  0.39  41.3  65  3.0688  90.25
106.975  115.925  1981.88  89.915  2.942  0.37  42  65  3.0688  90.25
107.024  115.925  1917.81  96.1436  205.246  0.38  42  65  3.0688  90.25
107.072  116.054  1948.72  89.918  2.789  0.37  42  65  3.0688  90.25
107.121  116.054  1925.59  94.829  162.099  0.38  42  65  3.0688  90.25
107.17  116.182  1904.73  96.3583  210.94  0.38  42  65  3.0688  90.25
107.219  116.182  1878.24  95.2632  172.292  0.39  42  65  3.0688  90.25
107.268  116.182  2003.83  89.7039  10.355  0.36  39.9  65  3.0688  90.25
107.317  116.311  1882.52  95.2117  171.002  0.39  39.9  65  3.0688  90.25
107.365  116.311  1829.2  90.0543  1.735  0.4  39.9  65  3.0688  90.25
107.414  116.44  1921.15  94.5908  153.766  0.38  39.9  65  3.0688  90.25
107.463  116.44  1811.41  90.0209  0.66  0.4  39.9  65  3.0688  90.25
107.512  116.44  2021.56  89.9575  1.498  0.36  39.9  65  3.0688  90.25
107.56  116.569  1919.34  96.1352  205.128  0.38  39.9  65  3.0688  90.25
107.609  116.569  1979.69  89.9628  1.285  0.37  40.9  65  3.0688  90.25
107.658  116.698  1921.71  94.997  167.387  0.38  40.9  65  3.0688  90.25
107.707  116.698  1899.8  96.2905  208.158  0.38  40.9  65  3.0688  90.25
107.755  116.698  1871.6  93.9948  130.387  0.39  40.9  65  3.0688  90.25
107.804  116.826  1932.15  95.1743  174.252  0.38  40.9  65  3.0688  90.25
107.853  116.826  1885.55  96.1808  203.011  0.39  40.9  65  3.0688  90.25
107.902  116.955  1830.58  90.0113  0.362  0.4  39.7  65  3.0688  90.25
107.95  116.955  1926  94.6081  154.736  0.38  39.7  65  3.0688  90.25
107.999  117.084  1872.84  95.0842  165.971  0.39  39.7  65  3.0688  90.25
108.048  117.084  1848.61  89.9901  0.318  0.39  39.7  65  3.0688  90.25
108.097  117.084  1913.7  94.9726  165.878  0.38  39.7  65  3.0688  90.25
108.145  117.213  1874.29  95.3809  175.764  0.39  39.7  65  3.0688  90.25
108.194  117.213  1921.71  94.997  167.387  0.38  41.3  65  3.0688  90.25
108.243  117.342  1907.76  96.3418  210.729  0.38  41.3  65  3.0688  90.25
108.291  117.342  1875.96  93.965  129.716  0.39  41.3  65  3.0688  90.25
108.34  117.342  2008.92  89.7157  9.969  0.36  41.3  65  3.0688  90.25
108.389  117.47  1887.24  96.2184  204.424  0.39  41.3  65  3.0688  90.25
108.438  117.47  2005.77  89.9997  0.009  0.36  41.3  65  3.0688  90.25
108.487  117.599  1921.64  94.6837  156.91  0.38  40.3  65  3.0688  90.25
108.536  117.599  1805.57  90.0161  0.508  0.4  40.3  65  3.0688  90.25
108.584  117.599  2028.23  89.962  1.343  0.36  40.3  65  3.0688  90.25
108.633  117.728  1916.7  96.2453  208.509  0.38  40.3  65  3.0688  90.25
108.682  117.728  1950.46  89.7971  6.907  0.37  40.3  65  3.0688  90.25
108.731  117.857  1925.5  95.118  171.769  0.38  40.3  65  3.0688  90.25
108.78  117.857  1901.1  96.2359  206.502  0.38  40.4  65  3.0688  90.25
108.829  117.857  1875.09  95.2357  171.107  0.39  40.4  65  3.0688  90.25
108.877  117.986  2010.48  89.7075  10.263  0.36  40.4  65  3.0688  90.25
108.926  117.986  1876.2  95.1569  168.639  0.39  40.4  65  3.0688  90.25
108.975  118.114  2010.34  89.9765  0.826  0.36  40.4  65  3.0688  90.25
109.024  118.114  1925.46  94.804  161.252  0.38  40.4  65  3.0688  90.25
109.072  118.243  1811.31  89.9859  0.447  0.4  40.3  65  3.0688  90.25
109.121  118.243  1921.22  94.904  164.238  0.38  40.3  65  3.0688  90.25
109.17  118.243  1912.8  96.0759  202.462  0.38  40.3  65  3.0688  90.25
109.219  118.372  1872.17  95.2536  171.425  0.39  40.3  65  3.0688  90.25
109.267  118.372  1923.24  94.9876  167.207  0.38  40.3  65  3.0688  90.25
109.317  118.501  1902.61  96.2276  206.391  0.38  40.3  65  3.0688  90.25
109.365  118.501  1886.15  95.0263  165.253  0.39  40.6  65  3.0688  90.25
109.414  118.501  2013.33  89.8083  6.738  0.36  40.6  65  3.0688  90.25
109.463  118.63  1876.65  95.2478  171.645  0.39  40.6  65  3.0688  90.25
109.512  118.63  1894.36  93.9811  131.522  0.38  40.6  65  3.0688  90.25
109.56  118.758  1922.87  94.9161  164.784  0.38  40.6  65  3.0688  90.25
109.609  118.758  1804.14  90.0236  0.745  0.4  40.6  65  3.0688  90.25
109.658  118.758  2028.7  89.998  0.07  0.36  42  65  3.0688  90.25
109.707  118.887  1915.85  96.0589  202.219  0.38  42  65  3.0688  90.25
109.755  118.887  1881.62  95.3364  174.996  0.39  42  65  3.0688  90.25
109.804  119.016  1928.82  95.1461  173.007  0.38  42  65  3.0688  90.25
109.853  119.016  1894.2  96.4156  211.659  0.38  42  65  3.0688  90.25
109.902  119.145  1884.68  95.0355  165.425  0.39  42  65  3.0688  90.25
109.951  119.145  2003.83  89.7039  10.355  0.36  42  65  3.0688  90.25
110  119.145  1874.97  95.2113  170.303  0.39  40.5  65  3.0688  90.25
110.048  119.274  2011.87  89.9687  1.1  0.36  40.5  65  3.0688  90.25
110.097  119.274  1924.65  94.9532  166.179  0.38  40.5  65  3.0688  90.25
110.146  119.403  1955  89.9222  2.654  0.37  40.5  65  3.0688  90.25
110.195  119.403  1919.69  94.9134  164.422  0.38  40.5  65  3.0688  90.25
110.243  119.403  1909.97  96.1393  204.263  0.38  40.5  65  3.0688  90.25
110.292  119.531  1874.29  95.3809  175.764  0.39  41  65  3.0688  90.25
110.341  119.531  2000.57  89.5676  15.096  0.36  41  65  3.0688  90.25
110.39  119.66  1895.09  96.2691  206.94  0.38  41  65  3.0688  90.25
110.438  119.66  1879.12  93.9903  130.763  0.39  41  65  3.0688  90.25
110.487  119.66  2006.51  89.6514  12.207  0.36  41  65  3.0688  90.25
110.536  119.789  1874.52  95.1205  167.303  0.39  41  65  3.0688  90.25
110.585  119.789  1983.81  89.9428  1.98  0.36  40.5  65  3.0688  90.25
110.633  119.918  1918.28  94.9444  165.334  0.38  40.5  65  3.0688  90.25
110.682  119.918  1802.8  90.066  2.077  0.4  40.5  65  3.0688  90.25
110.731  119.918  1912.45  90.0266  0.887  0.38  40.5  65  3.0688  90.25
110.78  120.047  1906.72  96.1098  202.939  0.38  40.5  65  3.0688  90.25
110.828  120.047  1875.75  95.372  175.612  0.39  40.5  65  3.0688  90.25
110.877  120.175  2010.31  89.5542  15.641  0.36  41.1  65  3.0688  90.25
110.926  120.175  1896.79  96.307  208.373  0.38  41.1  65  3.0688  90.25
110.975  120.304  1883.43  95.0903  167.109  0.39  41.1  65  3.0688  90.25
111.023  120.304  1919.87  94.6469  155.536  0.38  41.1  65  3.0688  90.25
111.072  120.304  1875.3  94.9753  162.636  0.39  41.1  65  3.0688  90.25
111.121  120.433  1984.92  89.8992  3.492  0.36  41.1  65  3.0688  90.25
111.17  120.433  1924.65  94.9532  166.179  0.38  39.7  65  3.0688  90.25
111.219  120.562  1953.53  89.9299  2.388  0.37  39.7  65  3.0688  90.25
111.267  120.562  2037.47  90.0309  1.1  0.36  39.7  65  3.0688  90.25
111.316  120.562  1910.8  96.3252  210.516  0.38  39.7  65  3.0688  90.25
111.365  120.691  1870.72  95.2626  171.583  0.39  39.7  65  3.0688  90.25
111.414  120.691  1929.06  95.1928  174.595  0.38  39.7  65  3.0688  90.25
111.463  120.819  1884.67  96.3267  207.685  0.39  39.4  65  3.0688  90.25
111.512  120.819  1885.49  94.0411  132.876  0.38  39.4  65  3.0688  90.25
111.56  120.819  2014.04  89.7275  9.579  0.36  39.4  65  3.0688  90.25
111.609  120.948  1870.7  94.9575  161.659  0.39  39.4  65  3.0688  90.25
111.658  120.948  1898.39  90.0248  0.822  0.38  39.4  65  3.0688  90.25
111.707  121.077  1932.6  95.9174  199.239  0.38  39.4  65  3.0688  90.25
111.756  121.077  1979.69  89.9628  1.285  0.37  40.5  65  3.0688  90.25
111.805  121.206  1919.69  94.9134  164.422  0.38  40.5  65  3.0688  90.25
111.853  121.206  1910.8  96.3252  210.516  0.38  40.5  65  3.0688  90.25
111.902  121.206  1872.35  94.1301  134.85  0.39  40.5  65  3.0688  90.25
111.951  121.335  1927.52  95.2021  174.765  0.38  40.5  65  3.0688  90.25
112  121.335  1889.91  95.1664  170.183  0.38  40.5  65  3.0688  90.25
112.049  121.463  1830.68  90.0467  1.493  0.4  41.5  65  3.0688  90.25
112.097  121.463  1921.15  94.5908  153.766  0.38  41.5  65  3.0688  90.25
112.146  121.463  1875.52  95.0206  164.136  0.39  41.5  65  3.0688  90.25
112.195  121.592  1842.72  90.0566  1.822  0.39  41.5  65  3.0688  90.25
112.244  121.592  1919.13  96.0885  203.55  0.38  41.5  65  3.0688  90.25
112.293  121.721  1949.79  89.8752  4.248  0.37  41.5  65  3.0688  90.25
112.341  121.721  1921.71  94.997  167.387  0.38  41.5  65  3.0688  90.25
112.39  121.721  1904.11  96.2193  206.279  0.38  40.9  65  3.0688  90.25
112.439  121.85  1873.3  94.03  131.653  0.39  40.9  65  3.0688  90.25
112.488  121.85  2013.87  89.5739  14.975  0.36  40.9  65  3.0688  90.25
112.536  121.979  1891.9  96.2396  205.623  0.38  40.9  65  3.0688  90.25
112.585  121.979  1974.32  89.9541  1.582  0.37  40.9  65  3.0688  90.25
112.634  122.107  1920.9  94.5444  152.195  0.38  40.9  65  3.0688  90.25
112.683  122.107  1873.61  94.9391  161.311  0.39  41.1  65  3.0688  90.25
112.731  122.107  1987.27  89.9629  1.286  0.36  41.1  65  3.0688  90.25
112.78  122.236  1926.39  95.9521  199.761  0.38  41.1  65  3.0688  90.25
112.829  122.236  1955.28  89.8088  6.525  0.37  41.1  65  3.0688  90.25
112.878  122.365  2035.42  90.0027  0.095  0.36  41.1  65  3.0688  90.25
112.927  122.365  1905.83  96.2573  207.722  0.38  41.1  65  3.0688  90.25
112.975  122.365  1879.7  95.2542  172.133  0.39  41.2  65  3.0688  90.25
113.024  122.494  2012.04  89.6994  10.557  0.36  41.2  65  3.0688  90.25
113.073  122.494  1883.54  95.1115  167.811  0.39  41.2  65  3.0688  90.25
113.122  122.623  2002.27  89.9797  0.709  0.36  41.2  65  3.0688  90.25
113.17  122.623  1924.21  94.5713  153.36  0.38  41.2  65  3.0688  90.25
113.22  122.623  1871.92  94.903  159.992  0.39  41.2  65  3.0688  90.25
113.269  122.751  1844.12  90.0133  0.428  0.39  41.6  65  3.0688  90.25
113.318  122.751  1923.53  96.0161  201.601  0.38  41.6  65  3.0688  90.25
113.367  122.88  1880.59  95.4365  178.171  0.39  41.6  65  3.0688  90.25
113.415  122.88  1921.46  94.9505  165.812  0.38  41.6  65  3.0688  90.25
113.464  122.88  1904.73  96.3583  210.94  0.38  41.6  65  3.0688  90.25
113.513  123.009  1873.3  94.03  131.653  0.39  41.6  65  3.0688  90.25
113.561  123.009  2005.81  89.7319  9.384  0.36  40.3  65  3.0688  90.25
113.61  123.138  1885.96  96.2726  206.057  0.39  40.3  65  3.0688  90.25
113.659  123.138  2007.29  89.992  0.281  0.36  40.3  65  3.0688  90.25
113.708  123.267  1928.29  94.7382  159.283  0.38  40.3  65  3.0688  90.25
113.756  123.267  1808.53  90.036  1.135  0.4  40.3  65  3.0688  90.25
113.805  123.267  1908.57  94.8868  162.585  0.38  40.3  65  3.0688  90.25
113.854  123.395  1920.88  96.1267  205.009  0.38  40.3  65  3.0688  90.25
113.903  123.395  1870.14  95.4528  177.711  0.39  40.3  65  3.0688  90.25
113.951  123.524  1922.76  94.8945  164.053  0.38  40.3  65  3.0688  90.25
114  123.524  1906.72  96.1098  202.939  0.38  40.3  65  3.0688  90.25
114.049  123.524  1884.34  95.2728  173.168  0.39  40.3  65  3.0688  90.25
114.098  123.653  2012.9  89.772  8.012  0.36  40.3  65  3.0688  90.25
114.146  123.653  1882.52  95.2117  171.002  0.39  39.6  65  3.0688  90.25
114.195  123.782  1830.68  90.0467  1.493  0.4  39.6  65  3.0688  90.25
114.244  123.782  1927.94  95.9434  199.632  0.38  39.6  65  3.0688  90.25
114.293  123.782  1805.66  90.051  1.608  0.4  39.6  65  3.0688  90.25
114.341  123.911  1998.42  89.9437  1.963  0.36  39.6  65  3.0688  90.25
114.39  123.911  1918.7  95.9952  200.398  0.38  39.6  65  3.0688  90.25
114.439  124.04  1953.13  89.8948  3.587  0.37  39.2  65  3.0688  90.25
114.488  124.04  1927.04  95.1087  171.594  0.38  39.2  65  3.0688  90.25
114.536  124.168  1902.11  96.4673  214.248  0.38  39.2  65  3.0688  90.25
114.585  124.168  1875.87  95.0904  166.441  0.39  39.2  65  3.0688  90.25
114.634  124.168  2009.62  89.635  12.802  0.36  39.2  65  3.0688  90.25
114.683  124.297  1877.44  95.1024  166.971  0.39  39.2  65  3.0688  90.25
114.731  124.297  1981.88  89.915  2.942  0.37  39.2  65  3.0688  90.25
114.78  124.426  1921.34  94.9256  164.968  0.38  37.1  65  3.0688  90.25
114.829  124.426  1811.31  89.9859  0.447  0.4  37.1  65  3.0688  90.25
114.878  124.426  1911.6  94.8679  162.216  0.38  37.1  65  3.0688  90.25
114.926  124.555  1916.28  96.1521  205.363  0.38  37.1  65  3.0688  90.25
114.975  124.555  1875.75  95.372  175.612  0.39  37.1  65  3.0688  90.25
115.024  124.684  1926.32  94.9688  166.843  0.38  37.1  65  3.0688  90.25
115.073  124.684  1907.55  96.2954  209.17  0.38  34.4  65  3.0688  90.25
115.121  124.684  1881.74  95.0539  165.766  0.39  34.4  65  3.0688  90.25
115.17  124.812  2008.49  89.6795  11.237  0.36  34.4  65  3.0688  90.25
115.219  124.812  1877.89  95.1933  169.98  0.39  34.4  65  3.0688  90.25
115.268  124.941  1830.58  90.0113  0.362  0.4  34.4  65  3.0688  90.25
115.316  124.941  1925.7  94.8506  162.832  0.38  34.4  65  3.0688  90.25
115.365  124.941  1986.09  89.9672  1.136  0.36  30.6  65  3.0688  90.25
115.414  125.07  1851.72  90.0104  0.337  0.39  30.6  65  3.0688  90.25
115.463  125.07  1918.64  96.3303  211.55  0.38  30.6  65  3.0688  90.25
115.511  125.199  1877.65  95.4542  178.47  0.39  30.6  65  3.0688  90.25
115.56  125.199  1924.43  95.2206  175.104  0.38  30.6  65  3.0688  90.25
115.609  125.199  1899.39  96.198  205.067  0.38  30.6  65  3.0688  90.25
115.658  125.328  1879.63  94.0808  133.761  0.39  29.1  65  3.0688  90.25
115.706  125.328  2012.9  89.772  8.012  0.36  29.1  65  3.0688  90.25
115.755  125.456  1874.97  95.2113  170.303  0.39  29.1  65  3.0688  90.25
115.804  125.456  1838.07  90.0085  0.272  0.39  29.1  65  3.0688  90.25
115.853  125.585  1924.4  94.9066  164.599  0.38  29.1  65  3.0688  90.25
115.902  125.585  1866.13  94.9398  160.69  0.39  29.1  65  3.0688  90.25
115.95  125.585  1917.68  94.8301  161.47  0.38  25.2  65  3.0688  90.25
115.999  125.714  1913.22  96.1689  205.596  0.38  25.2  65  3.0688  90.25
116.048  125.714  1878.24  95.2632  172.292  0.39  25.2  65  3.0688  90.25
116.097  125.843  1932.99  95.0245  169.294  0.38  25.2  65  3.0688  90.25
116.145  125.843  1901.1  96.2359  206.502  0.38  25.2  65  3.0688  90.25
116.194  125.843  1884.68  95.0355  165.425  0.39  25.2  65  3.0688  90.25
116.243  125.972  2011.76  89.8163  6.449  0.36  21.2  65  3.0688  90.25
116.292  125.972  1879.85  96.2597  204.968  0.39  21.2  65  3.0688  90.25
116.341  126.1  2011.87  89.9687  1.1  0.36  21.2  65  3.0688  90.25
116.389  126.1  1924.16  94.8601  163.02  0.38  21.2  65  3.0688  90.25
116.438  126.1  1979.69  89.9628  1.285  0.37  21.2  65  3.0688  90.25
116.487  126.229  1921.22  94.904  164.238  0.38  21.2  65  3.0688  90.25
116.535  126.229  1910.59  96.2787  208.952  0.38  18.7  65  3.0688  90.25
116.584  126.358  1873.63  95.2447  171.266  0.39  18.7  65  3.0688  90.25
116.633  126.358  1923.72  95.0807  170.363  0.38  18.7  65  3.0688  90.25
116.681  126.487  1899.8  96.2905  208.158  0.38  18.7  65  3.0688  90.25
116.731  126.487  1882.31  94.0156  131.816  0.39  18.7  65  3.0688  90.25
116.779  126.487  2008.49  89.6795  11.237  0.36  18.7  65  3.0688  90.25
116.828  126.616  1888.72  96.2102  204.313  0.39  16  65  3.0688  90.25
116.877  126.616  2014.34  90.0323  1.135  0.36  16  65  3.0688  90.25
116.926  126.744  1925.07  96.0075  201.476  0.38  16  65  3.0688  90.25
116.974  126.744  1975.72  90.0207  0.715  0.37  16  65  3.0688  90.25
117.023  126.744  2032.3  90.0184  0.651  0.36  16  65  3.0688  90.25
117.072  126.873  1911.06  96.0379  201.018  0.38  16  65  3.0688  90.25
117.121  126.873  1881.4  95.2908  173.484  0.39  16  65  3.0688  90.25
117.169  127.002  2009.88  89.518  16.91  0.36  14.5  65  3.0688  90.25
117.218  127.002  1896.18  96.1685  203.751  0.38  14.5  65  3.0688  90.25
117.267  127.002  1877.92  94.0455  132.483  0.39  14.5  65  3.0688  90.25
117.316  127.131  1926  94.6081  154.736  0.38  14.5  65  3.0688  90.25
117.365  127.131  1877.21  95.0569  165.467  0.39  14.5  65  3.0688  90.25
117.413  127.26  1981.47  89.8793  4.176  0.37  14.5  65  3.0688  90.25
117.462  127.26  1927.49  94.8877  164.227  0.38  12.9  65  3.0688  90.25
117.511  127.388  1955.4  89.9574  1.453  0.37  12.9  65  3.0688  90.25
117.56  127.388  1923.8  94.792  160.71  0.38  12.9  65  3.0688  90.25
117.608  127.388  1907.55  96.2954  209.17  0.38  12.9  65  3.0688  90.25
117.657  127.517  1873.63  95.2447  171.266  0.39  12.9  65  3.0688  90.25
117.706  127.517  2001.68  89.5233  16.655  0.36  12.9  65  3.0688  90.25
117.755  127.646  1891.49  96.1475  202.558  0.38  11.4  65  3.0688  90.25
117.804  127.646  1884.98  93.9503  129.859  0.38  11.4  65  3.0688  90.25
117.852  127.646  2010.05  89.6713  11.532  0.36  11.4  65  3.0688  90.25
117.901  127.775  1878.9  95.0933  166.804  0.39  11.4  65  3.0688  90.25
117.95  127.775  2017.41  90.0168  0.59  0.36  11.4  65  3.0688  90.25
117.998  127.904  1920.05  94.9814  166.724  0.38  11.4  65  3.0688  90.25
118.047  127.904  1943.54  89.8711  4.372  0.37  10.2  65  3.0688  90.25
118.096  127.904  2030.74  90.0262  0.928  0.36  10.2  65  3.0688  90.25
118.145  128.032  1913.22  96.1689  205.596  0.38  10.2  65  3.0688  90.25
118.193  128.032  1880.95  95.1996  170.463  0.39  10.2  65  3.0688  90.25
118.242  128.161  2006.77  89.5346  16.301  0.36  10.2  65  3.0688  90.25
118.291  128.161  1885.47  95.1936  170.677  0.39  10.2  65  3.0688  90.25
118.34  128.161  1889.58  95.0994  167.952  0.38  9.2  65  3.0688  90.25
118.388  128.29  2011.76  89.8163  6.449  0.36  9.2  65  3.0688  90.25
118.437  128.29  1876.53  94.9207  160.961  0.39  9.2  65  3.0688  90.25
118.486  128.419  2012.34  90.0043  0.153  0.36  9.2  65  3.0688  90.25
118.535  128.419  1929.49  95.9348  199.502  0.38  9.2  65  3.0688  90.25
118.583  128.548  1982.66  89.9474  1.819  0.36  9.2  65  3.0688  90.25
118.632  128.548  1916.64  94.9323  164.789  0.38  8.3  65  3.0688  90.25
118.681  128.548  1905.83  96.2573  207.722  0.38  8.3  65  3.0688  90.25
118.73  128.676  1876.55  95.2267  170.947  0.39  8.3  65  3.0688  90.25
118.778  128.676  1930.37  95.1368  172.833  0.38  8.3  65  3.0688  90.25
118.827  128.805  1897.47  96.114  202.095  0.38  8.3  65  3.0688  90.25
118.876  128.805  1890.7  90.0278  0.917  0.38  8.3  65  3.0688  90.25
118.925  128.805  1925.21  94.7574  159.672  0.38  7.6  65  3.0688  90.25
118.973  128.934  1878.9  95.0933  166.804  0.39  7.6  65  3.0688  90.25
119.022  128.934  1838.07  90.0085  0.272  0.39  7.6  65  3.0688  90.25
119.071  129.063  1921.58  94.9721  166.543  0.38  7.6  65  3.0688  90.25
119.12  129.063  1949.79  89.8752  4.248  0.37  7.6  65  3.0688  90.25
119.169  129.063  2039.04  90.0231  0.822  0.35  7.6  65  3.0688  90.25
119.217  129.192  1908.45  96.1477  204.38  0.38  6.7  65  3.0688  90.25
119.266  129.192  1881.17  95.2452  171.973  0.39  6.7  65  3.0688  90.25
119.315  129.321  2011.44  89.5096  17.215  0.36  6.7  65  3.0688  90.25
119.364  129.321  1893.19  96.1852  203.978  0.38  6.7  65  3.0688  90.25
119.412  129.449  1994.73  90.0183  0.636  0.36  6.7  65  3.0688  90.25
119.461  129.449  1921.39  94.6372  155.337  0.38  6.7  65  3.0688  90.25
119.51  129.449  1879.92  94.9931  163.62  0.39  6.7  65  3.0688  90.25
119.559  129.578  1992.98  89.8955  3.634  0.36  6.1  65  3.0688  90.25
119.607  129.578  1923.74  96.0629  203.185  0.38  6.1  65  3.0688  90.25
119.656  129.707  1979.69  89.9628  1.285  0.37  6.1  65  3.0688  90.25
119.705  129.707  1919.93  94.9599  165.994  0.38  6.1  65  3.0688  90.25
119.754  129.707  1898.9  96.4374  212.899  0.38  6.1  65  3.0688  90.25
119.803  129.836  1880.95  95.1996  170.463  0.39  6.1  65  3.0688  90.25
119.851  129.836  2011  89.4733  18.486  0.36  5.3  65  3.0688  90.25
119.9  129.965  1881.84  95.075  166.467  0.39  5.3  65  3.0688  90.25
119.949  129.965  2009.28  90.0198  0.696  0.36  5.3  65  3.0688  90.25
119.998  129.965  1926.25  94.6547  156.316  0.38  5.3  65  3.0688  90.25
120.046  130.093  1881.38  94.9839  163.447  0.39  5.3  65  3.0688  90.25
120.095  130.093  1988.79  89.9551  1.56  0.36  5.3  65  3.0688  90.25
120.144  130.222  1919.55  96.1818  206.706  0.38  4.8  65  3.0587  90.25
120.193  130.222  1953.8  89.8166  6.253  0.37  4.8  65  3.0587  90.25
120.242  130.351  2036.99  89.9948  0.184  0.36  4.8  65  3.0587  90.25
120.291  130.351  1904.52  96.3119  209.386  0.38  4.8  65  3.0587  90.25
120.34  130.351  1880.27  95.063  165.936  0.39  4.8  65  3.0587  90.25
120.388  130.48  2007.2  89.5708  15.036  0.36  4.8  65  3.0587  90.25
120.437  130.48  1888.04  96.4022  210.529  0.39  4.5  65  3.0587  90.25
120.486  130.609  1898.28  94.9982  165.388  0.38  4.5  65  3.0587  90.25
120.535  130.609  1926.75  94.7478  159.478  0.38  4.5  65  3.0587  90.25
120.583  130.609  1869.02  94.9214  160.342  0.39  4.5  65  3.0587  90.25
120.632  130.737  2022.03  89.9934  0.233  0.36  4.5  65  3.0587  90.25
120.681  130.737  1913.7  94.9726  165.878  0.38  4.5  65  3.0587  90.25
120.73  130.866  1877.22  95.3631  175.459  0.39  4  65  3.0587  90.25
120.778  130.866  1922.76  94.8945  164.053  0.38  4  65  3.0587  90.25
120.827  130.866  1905.13  96.451  214.05  0.38  4  65  3.0587  90.25
120.876  130.995  1877.56  95.1267  167.777  0.39  4  65  3.0587  90.25
120.925  130.995  2004.95  89.6596  11.912  0.36  4  65  3.0587  90.25
120.973  131.124  1873.51  95.2203  170.463  0.39  4  65  3.0587  90.25
121.022  131.124  2010.81  90.0121  0.425  0.36  3.7  65  3.0587  90.25
121.071  131.124  1928.29  94.7382  159.283  0.38  3.7  65  3.0587  90.25
121.12  131.253  1873.15  94.8485  158.32  0.39  3.7  65  3.0587  90.25
121.168  131.253  2024.05  90.0215  0.758  0.36  3.7  65  3.0587  90.25
