Date  9.5.2024
time  09:30:24
#_Alloy  1
type_of_Glass  1
#_bobbin  0
time_seconds  length  Z  Phase  R  C  pressure  winding_Speed  speed_of_feeding_glass  power_of_generator_percent
0.139  0.128805  1940.62  89.8866  3.842  0.37  40  58  3.5885  90.6499
0.188  0.128805  1978.22  89.1954  27.78  0.37  40  58  3.5885  90.6499
0.237  0.128805  1941.21  94.7546  160.905  0.37  40  58  3.5885  90.6499
0.285  0.257611  1958.64  89.8284  5.868  0.37  40  58  3.5885  90.6499
0.334  0.257611  1925.5  95.118  171.769  0.38  40  58  3.5885  90.6499
0.383  0.257611  1894.46  94.8546  160.324  0.38  40.5  58  3.5885  90.6499
0.432  0.386416  1925.83  94.8755  163.679  0.38  40.5  58  3.5885  90.6499
0.48  0.386416  1936.34  95.0525  170.531  0.38  40.5  58  3.5885  90.6499
0.529  0.386416  1895.7  96.4075  211.558  0.38  40.5  58  3.5885  90.6499
0.578  0.515221  2011.87  89.9687  1.1  0.36  40.5  58  3.5885  90.6499
0.627  0.515221  2019.89  89.6583  12.045  0.36  40.5  58  3.5885  90.6499
0.676  0.644026  1949.11  89.9531  1.596  0.37  41.1  58  3.5885  90.6499
0.724  0.644026  1950.58  89.9454  1.859  0.37  41.1  58  3.5885  90.6499
0.773  0.644026  1947.1  96.2733  212.76  0.37  41.1  58  3.5885  90.6499
0.822  0.772832  1940.23  89.8516  5.024  0.37  41.1  58  3.5885  90.6499
0.871  0.772832  1907.19  95.2287  173.804  0.38  41.1  58  3.5885  90.6499
0.919  0.772832  1909.15  95.0006  166.414  0.38  41.1  58  3.5885  90.6499
0.968  0.901637  1922.94  89.9436  1.892  0.38  39.7  58  3.5885  90.6499
1.017  0.901637  1927.86  94.9593  166.66  0.38  39.7  58  3.5885  90.6499
1.066  0.901637  1891.39  95.1573  170.017  0.38  39.7  58  3.5885  90.6499
1.114  1.03044  2006.83  89.9564  1.527  0.36  39.7  58  3.5885  90.6499
1.163  1.03044  1919.93  94.9599  165.994  0.38  39.7  58  3.5885  90.6499
1.212  1.03044  1895.63  95.3932  178.171  0.38  39.7  58  3.5885  90.6499
1.261  1.15925  2043.54  89.9827  0.618  0.35  39.7  58  3.5885  90.6499
1.309  1.15925  2007.36  89.7238  9.676  0.36  39.7  58  3.5885  90.6499
1.358  1.28805  1859.84  94.0289  130.67  0.39  39.7  58  3.5885  90.6499
1.407  1.28805  1997.5  88.9116  37.942  0.36  39.7  58  3.5885  90.6499
1.456  1.28805  1808.53  90.036  1.135  0.4  39.7  58  3.5885  90.6499
1.504  1.41686  1860.08  94.0737  132.138  0.39  39.7  58  3.5885  90.6499
1.553  1.41686  1949.96  94.8728  165.638  0.37  39.7  58  3.5885  90.6499
1.602  1.41686  1982.07  89.9315  2.369  0.36  41  58  3.5885  90.6499
1.651  1.54566  1972.11  88.8281  40.334  0.37  41  58  3.5885  90.6499
1.699  1.54566  1912.59  96.0294  200.895  0.38  41  58  3.5885  90.6499
1.748  1.54566  1951.26  89.8674  4.516  0.37  41  58  3.5885  90.6499
1.797  1.67447  1978.11  88.7929  41.67  0.37  41  58  3.5885  90.6499
1.846  1.67447  2031.24  89.4819  18.368  0.36  41  58  3.5885  90.6499
1.895  1.80327  1867.45  95.5156  179.495  0.39  41.7  58  3.5885  90.6499
1.944  1.80327  2010.02  88.7227  44.805  0.36  41.7  58  3.5885  90.6499
1.992  1.80327  1910.19  94.8988  163.123  0.38  41.7  58  3.5885  90.6499
2.041  1.93208  1874.76  94.0201  131.431  0.39  41.7  58  3.5885  90.6499
2.09  1.93208  1957.04  94.9763  169.762  0.37  41.7  58  3.5885  90.6499
2.139  1.93208  1932.12  94.8591  163.662  0.38  41.7  58  3.5885  90.6499
2.188  2.06088  1976.58  87.7979  75.949  0.37  39.2  58  3.5885  90.6499
2.236  2.06088  1927.79  94.645  156.116  0.38  39.2  58  3.5885  90.6499
2.285  2.18969  1951.93  89.7893  7.179  0.37  39.2  58  3.5885  90.6499
2.334  2.18969  2009.71  89.9243  2.656  0.36  39.2  58  3.5885  90.6499
2.383  2.18969  2007.79  89.76  8.41  0.36  39.2  58  3.5885  90.6499
2.431  2.3185  1866.37  95.2893  172.052  0.39  39.2  58  3.5885  90.6499
2.48  2.3185  2010.43  89.8438  5.48  0.36  38.8  58  3.5885  90.6499
2.529  2.3185  1923.31  95.9693  200.017  0.38  38.8  58  3.5885  90.6499
2.578  2.4473  1913.11  94.8585  162.031  0.38  38.8  58  3.5885  90.6499
2.626  2.4473  2025.12  89.9777  0.787  0.36  38.8  58  3.5885  90.6499
2.675  2.4473  1950.18  89.9103  3.054  0.37  38.8  58  3.5885  90.6499
2.724  2.57611  1832.06  90.0037  0.117  0.39  38.8  58  3.5885  90.6499
2.773  2.57611  1945.41  94.6315  157.085  0.37  40.6  58  3.5885  90.6499
2.821  2.70491  1882.39  94.8836  160.251  0.39  40.6  58  3.5885  90.6499
2.87  2.70491  1971.22  88.7568  42.767  0.37  40.6  58  3.5885  90.6499
2.919  2.70491  1899.95  94.7252  156.511  0.38  40.6  58  3.5885  90.6499
2.968  2.83372  1799.91  90.0648  2.036  0.4  40.6  58  3.5885  90.6499
3.017  2.83372  2014.7  89.7833  7.62  0.36  40.6  58  3.5885  90.6499
3.066  2.83372  1913.01  96.1224  204.028  0.38  38.9  58  3.5885  90.6499
3.115  2.96252  1985.3  90.0289  1.002  0.36  38.9  58  3.5885  90.6499
3.163  2.96252  1954.12  95.0427  171.765  0.37  38.9  58  3.5885  90.6499
3.212  2.96252  1898.39  95.0196  166.101  0.38  38.9  58  3.5885  90.6499
3.261  3.09133  1971.31  89.0235  33.594  0.37  38.9  58  3.5885  90.6499
3.31  3.09133  2010.2  89.8244  6.161  0.36  38.9  58  3.5885  90.6499
3.358  3.22013  1956.08  89.8792  4.123  0.37  39.3  58  3.5885  90.6499
3.407  3.22013  1963.43  89.0308  33.21  0.37  39.3  58  3.5885  90.6499
3.456  3.22013  2011.76  89.8163  6.449  0.36  39.3  58  3.5885  90.6499
3.505  3.34894  1883.43  95.0903  167.109  0.39  39.3  58  3.5885  90.6499
3.553  3.34894  2019.69  89.6414  12.64  0.36  39.3  58  3.5885  90.6499
3.602  3.34894  1888.44  96.4941  213.585  0.39  39.3  58  3.5885  90.6499
3.651  3.47774  1891.29  95.136  169.309  0.38  40.8  58  3.5885  90.6499
3.7  3.47774  2023.92  89.7148  10.074  0.36  40.8  58  3.5885  90.6499
3.749  3.60655  1881.32  96.2514  204.86  0.39  40.8  58  3.5885  90.6499
3.797  3.60655  1979.54  89.8515  5.132  0.37  40.8  58  3.5885  90.6499
3.846  3.60655  1897.71  95.1913  171.706  0.38  40.8  58  3.5885  90.6499
3.896  3.73535  1882.05  93.9703  130.312  0.39  40.8  58  3.5885  90.6499
3.944  3.73535  1972.41  89.9264  2.535  0.37  40.1  58  3.5885  90.6499
3.993  3.73535  1902.61  96.2276  206.391  0.38  40.1  58  3.5885  90.6499
4.042  3.86416  1873.3  94.03  131.653  0.39  40.1  58  3.5885  90.6499
4.091  3.86416  1979.44  88.9002  37.993  0.37  40.1  58  3.5885  90.6499
4.139  3.99296  1909.95  94.8526  161.568  0.38  40.1  58  3.5885  90.6499
4.188  3.99296  1929.7  89.3363  22.354  0.37  40.1  58  3.5885  90.6499
4.237  3.99296  1986.5  89.7568  8.433  0.36  40.1  58  3.5885  90.6499
4.286  4.12177  1875.19  95.2568  171.803  0.39  40.5  58  3.5885  90.6499
4.335  4.12177  1959.85  89.1271  29.856  0.37  40.5  58  3.5885  90.6499
4.383  4.12177  2011.88  89.5459  15.944  0.36  40.5  58  3.5885  90.6499
4.432  4.25057  1861.92  95.2918  171.722  0.39  40.5  58  3.5885  90.6499
4.481  4.25057  1909.52  95.0716  168.803  0.38  40.5  58  3.5885  90.6499
4.53  4.25057  1996.45  90.027  0.94  0.36  40.5  58  3.5885  90.6499
4.579  4.37938  1886.15  95.0263  165.253  0.39  39.4  58  3.5885  90.6499
4.627  4.37938  2037.47  90.0309  1.1  0.36  39.4  58  3.5885  90.6499
4.676  4.50819  1975.07  89.7413  8.916  0.37  39.4  58  3.5885  90.6499
4.725  4.50819  1874.76  94.0201  131.431  0.39  39.4  58  3.5885  90.6499
4.774  4.50819  1925.5  95.118  171.769  0.38  39.4  58  3.5885  90.6499
4.823  4.63699  1975.89  89.8126  6.464  0.37  39.4  58  3.5885  90.6499
4.872  4.63699  1999.66  88.8217  41.121  0.36  40.5  58  3.5885  90.6499
4.92  4.63699  1943.77  95.9034  199.918  0.37  40.5  58  3.5885  90.6499
4.969  4.7658  1983.12  89.9826  0.603  0.36  40.5  58  3.5885  90.6499
5.018  4.7658  1876.21  94.0101  131.209  0.39  40.5  58  3.5885  90.6499
5.067  4.8946  1903.7  96.1266  203.174  0.38  40.5  58  3.5885  90.6499
5.116  4.8946  1861.76  94.1087  133.394  0.39  40.5  58  3.5885  90.6499
5.165  4.8946  2017.55  89.8843  4.075  0.36  41.2  58  3.5885  90.6499
5.213  5.02341  1901.15  94.955  164.208  0.38  41.2  58  3.5885  90.6499
5.262  5.02341  1975.83  89.9463  1.852  0.37  41.2  58  3.5885  90.6499
5.311  5.02341  1937.97  94.7522  160.554  0.37  41.2  58  3.5885  90.6499
5.36  5.15221  1885.02  95.1023  167.643  0.39  41.2  58  3.5885  90.6499
5.408  5.15221  1880.27  95.063  165.936  0.39  41.2  58  3.5885  90.6499
5.457  5.28102  1909.22  94.7141  156.906  0.38  41  58  3.5885  90.6499
5.506  5.28102  1851.53  94.1322  133.419  0.39  41  58  3.5885  90.6499
5.555  5.28102  1995.21  89.8077  6.696  0.36  41  58  3.5885  90.6499
5.603  5.40982  1908.66  96.1941  205.94  0.38  41  58  3.5885  90.6499
5.652  5.40982  1782.67  90.0318  0.989  0.41  41  58  3.5885  90.6499
5.701  5.40982  2009.88  89.518  16.91  0.36  41  58  3.5885  90.6499
5.75  5.53863  1987.19  89.6771  11.2  0.36  40  58  3.5885  90.6499
5.799  5.53863  1804.19  90.0423  1.333  0.4  40  58  3.5885  90.6499
5.847  5.53863  1940.99  94.4165  149.468  0.37  40  58  3.5885  90.6499
5.896  5.66743  1887.05  94.9013  161.228  0.38  40  58  3.5885  90.6499
5.945  5.66743  1847.11  89.9979  0.069  0.39  40  58  3.5885  90.6499
5.994  5.79624  2008.82  89.9842  0.553  0.36  40  58  3.5885  90.6499
6.042  5.79624  1870.27  95.172  168.596  0.39  40.9  58  3.5885  90.6499
6.091  5.79624  2018.4  89.957  1.513  0.36  40.9  58  3.5885  90.6499
6.14  5.92504  2000.88  89.8725  4.453  0.36  40.9  58  3.5885  90.6499
6.189  5.92504  1970.5  89.8987  3.485  0.37  40.9  58  3.5885  90.6499
6.237  5.92504  2008.44  89.8156  6.463  0.36  40.9  58  3.5885  90.6499
6.286  6.05385  1890.7  95.0199  165.44  0.38  40.9  58  3.5885  90.6499
6.335  6.05385  1957.1  89.0295  33.147  0.37  40.6  58  3.5885  90.6499
6.384  6.18265  2019.97  89.9491  1.795  0.36  40.6  58  3.5885  90.6499
6.433  6.18265  1997.49  89.9839  0.562  0.36  40.6  58  3.5885  90.6499
6.481  6.18265  1848.61  89.9901  0.318  0.39  40.6  58  3.5885  90.6499
6.53  6.31146  1904.15  94.9363  163.85  0.38  40.6  58  3.5885  90.6499
6.579  6.31146  1863.91  95.3975  175.328  0.39  40.6  58  3.5885  90.6499
6.628  6.31146  1918.3  95.2573  175.771  0.38  40.6  58  3.5885  90.6499
6.677  6.44026  1892.51  96.3777  210.224  0.38  41.5  58  3.5885  90.6499
6.725  6.44026  1925.21  89.2136  26.424  0.38  41.5  58  3.5885  90.6499
6.774  6.44026  1994.78  88.6951  45.427  0.36  41.5  58  3.5885  90.6499
6.823  6.56907  1970.28  89.8796  4.139  0.37  41.5  58  3.5885  90.6499
6.872  6.56907  1970  88.9167  37.243  0.37  41.5  58  3.5885  90.6499
6.92  6.69788  1938.13  94.4831  151.495  0.37  41.5  58  3.5885  90.6499
6.969  6.69788  1863.01  94.913  159.555  0.39  40.6  58  3.5885  90.6499
7.018  6.69788  1832.01  89.9872  0.408  0.39  40.6  58  3.5885  90.6499
7.067  6.82668  1935.02  94.5028  151.916  0.38  40.6  58  3.5885  90.6499
7.115  6.82668  1867.24  95.4703  178.005  0.39  40.6  58  3.5885  90.6499
7.164  6.82668  2019.2  90.0282  0.993  0.36  40.6  58  3.5885  90.6499
7.213  6.95549  1909.71  94.8064  160.013  0.38  40.6  58  3.5885  90.6499
7.262  6.95549  2002.74  90.0152  0.531  0.36  40.5  58  3.5885  90.6499
7.31  7.08429  1925.59  94.829  162.099  0.38  40.5  58  3.5885  90.6499
7.359  7.08429  1905.83  96.2573  207.722  0.38  40.5  58  3.5885  90.6499
7.408  7.08429  2026.67  89.9699  1.065  0.36  40.5  58  3.5885  90.6499
7.457  7.2131  2010.48  88.7591  43.54  0.36  40.5  58  3.5885  90.6499
7.506  7.2131  1897.94  95.2372  173.244  0.38  40.5  58  3.5885  90.6499
7.555  7.2131  1985.88  89.9509  1.702  0.36  39.2  58  3.5885  90.6499
7.603  7.3419  1934.23  94.6529  156.902  0.38  39.2  58  3.5885  90.6499
7.652  7.3419  1983.57  90.0177  0.613  0.36  39.2  58  3.5885  90.6499
7.701  7.3419  2032.08  90.0016  0.058  0.36  39.2  58  3.5885  90.6499
7.75  7.47071  1911  96.3717  212.081  0.38  39.2  58  3.5885  90.6499
7.799  7.47071  1882.87  95.2818  173.326  0.39  39.2  58  3.5885  90.6499
7.847  7.59951  2014.41  89.9003  3.504  0.36  40.7  58  3.5885  90.6499
7.896  7.59951  1956.88  89.9497  1.718  0.37  40.7  58  3.5885  90.6499
7.945  7.59951  1993.35  88.974  35.694  0.36  40.7  58  3.5885  90.6499
7.994  7.72832  1916.15  94.8396  161.658  0.38  40.7  58  3.5885  90.6499
8.043  7.72832  1871.16  95.3533  174.572  0.39  40.7  58  3.5885  90.6499
8.092  7.72832  1919.93  94.9599  165.994  0.38  40.7  58  3.5885  90.6499
8.141  7.85712  1901.98  96.0888  201.742  0.38  40  58  3.5885  90.6499
8.189  7.85712  1850.43  95.6644  182.641  0.39  40  58  3.5885  90.6499
8.238  7.98593  2023.76  88.4852  53.5  0.36  40  58  3.5885  90.6499
8.287  7.98593  1907.88  95.0561  168.144  0.38  40  58  3.5885  90.6499
8.336  7.98593  1898.51  95.0442  166.925  0.38  40  58  3.5885  90.6499
8.385  8.11473  2015  89.5293  16.554  0.36  40  58  3.5885  90.6499
8.433  8.11473  1872.71  96.3461  207  0.39  40.1  58  3.5885  90.6499
8.482  8.11473  1952.87  88.9407  36.102  0.37  40.1  58  3.5885  90.6499
8.531  8.24354  1948.73  95.9244  201.138  0.37  40.1  58  3.5885  90.6499
8.58  8.24354  1877.99  94.9114  160.785  0.39  40.1  58  3.5885  90.6499
8.628  8.24354  2009.28  90.0198  0.696  0.36  40.1  58  3.5885  90.6499
8.678  8.37234  1913.22  94.88  162.755  0.38  40.1  58  3.5885  90.6499
8.727  8.37234  1878.01  95.2177  170.787  0.39  39.4  58  3.5885  90.6499
8.775  8.50115  1981.07  87.7688  77.127  0.37  39.4  58  3.5885  90.6499
8.824  8.50115  1940.71  94.6608  157.695  0.37  39.4  58  3.5885  90.6499
8.873  8.50115  1980.36  89.9228  2.668  0.37  39.4  58  3.5885  90.6499
8.922  8.62996  1916.88  94.9787  166.356  0.38  39.4  58  3.5885  90.6499
8.97  8.62996  1917.06  94.7125  157.497  0.38  39.4  58  3.5885  90.6499
9.019  8.62996  1833.35  94.0031  127.987  0.4  40.9  58  3.5885  90.6499
9.068  8.75876  1934.3  94.9682  167.517  0.38  40.9  58  3.5885  90.6499
9.117  8.75876  1870.65  94.0948  133.579  0.39  40.9  58  3.5885  90.6499
9.165  8.88757  1972.11  88.8281  40.334  0.37  40.9  58  3.5885  90.6499
9.214  8.88757  1911.74  95.2012  173.305  0.38  40.9  58  3.5885  90.6499
9.263  8.88757  1895.63  95.3932  178.171  0.38  40.9  58  3.5885  90.6499
9.312  9.01637  1969.14  87.846  74.01  0.37  40.9  58  3.5885  90.6499
9.36  9.01637  1891.49  94.8734  160.688  0.38  39.7  58  3.5885  90.6499
9.409  9.01637  1961.69  88.0098  68.126  0.37  39.7  58  3.5885  90.6499
9.458  9.14518  2035.88  89.8685  4.672  0.36  39.7  58  3.5885  90.6499
9.507  9.14518  1983.57  90.0177  0.613  0.36  39.7  58  3.5885  90.6499
9.555  9.27398  1964.49  88.9868  34.738  0.37  39.7  58  3.5885  90.6499
9.604  9.27398  1931.66  94.4758  150.744  0.38  39.7  58  3.5885  90.6499
9.653  9.27398  1858.94  95.2887  171.345  0.39  40.5  58  3.5885  90.6499
9.702  9.40279  1929.16  94.9032  164.89  0.38  40.5  58  3.5885  90.6499
9.75  9.40279  2039.23  89.4395  19.949  0.35  40.5  58  3.5885  90.6499
9.799  9.40279  1807.14  90.0622  1.963  0.4  40.5  58  3.5885  90.6499
9.848  9.53159  1998.42  89.9437  1.963  0.36  40.5  58  3.5885  90.6499
9.897  9.53159  1903.68  94.8442  160.759  0.38  40.5  58  3.5885  90.6499
9.946  9.53159  1997.28  89.9675  1.134  0.36  38.7  58  3.5885  90.6499
9.994  9.6604  1915.11  94.9417  164.971  0.38  38.7  58  3.5885  90.6499
10.043  9.6604  1912.2  95.2939  176.427  0.38  38.7  58  3.5885  90.6499
10.092  9.7892  1952.98  87.9506  69.841  0.37  38.7  58  3.5885  90.6499
10.141  9.7892  1929.06  95.1928  174.595  0.38  38.7  58  3.5885  90.6499
10.189  9.7892  1895.52  95.0626  167.27  0.38  38.7  58  3.5885  90.6499
10.238  9.91801  1960.76  87.9388  70.522  0.37  39.4  58  3.5885  90.6499
10.287  9.91801  1902.41  94.8996  162.486  0.38  39.4  58  3.5885  90.6499
10.336  9.91801  1874.64  95.1449  168.107  0.39  39.4  58  3.5885  90.6499
10.384  10.0468  2028.7  89.998  0.07  0.36  39.4  58  3.5885  90.6499
10.434  10.0468  1889.23  95.3373  175.734  0.38  39.4  58  3.5885  90.6499
10.482  10.1756  1939.99  89.1657  28.246  0.37  39.4  58  3.5885  90.6499
10.531  10.1756  1996.05  89.8797  4.192  0.36  39.9  58  3.5885  90.6499
10.58  10.1756  1987.75  89.8642  4.711  0.36  39.9  58  3.5885  90.6499
10.628  10.3044  1970.17  88.8012  41.218  0.37  39.9  58  3.5885  90.6499
10.677  10.3044  1896.66  94.9829  164.741  0.38  39.9  58  3.5885  90.6499
10.726  10.3044  1823.16  90.0142  0.45  0.4  39.9  58  3.5885  90.6499
10.775  10.4332  1929.65  94.9966  168.065  0.38  39.9  58  3.5885  90.6499
10.824  10.4332  1921.89  94.7301  158.483  0.38  40.8  58  3.5885  90.6499
10.872  10.4332  1893.8  95.026  165.912  0.38  40.8  58  3.5885  90.6499
10.921  10.562  1994.43  88.9292  37.272  0.36  40.8  58  3.5885  90.6499
10.97  10.562  2004.68  89.7762  7.83  0.36  40.8  58  3.5885  90.6499
11.019  10.6908  1900.94  95.2191  172.916  0.38  40.8  58  3.5885  90.6499
11.068  10.6908  2015.44  89.5656  15.279  0.36  40.8  58  3.5885  90.6499
11.116  10.6908  1894.89  96.223  205.402  0.38  42.2  58  3.5885  90.6499
11.165  10.8196  1947.16  87.9882  68.357  0.37  42.2  58  3.5885  90.6499
11.214  10.8196  2034.71  89.9133  3.078  0.36  42.2  58  3.5885  90.6499
11.263  10.8196  1939.56  89.9292  2.397  0.37  42.2  58  3.5885  90.6499
11.311  10.9485  1984.86  88.9457  36.521  0.36  42.2  58  3.5885  90.6499
11.36  10.9485  1910.43  94.945  164.679  0.38  42.2  58  3.5885  90.6499
11.409  11.0773  1916.64  94.9323  164.789  0.38  43.2  58  3.5885  90.6499
11.458  11.0773  1993.39  89.9314  2.385  0.36  43.2  58  3.5885  90.6499
11.506  11.0773  1899.34  94.6087  152.613  0.38  43.2  58  3.5885  90.6499
11.555  11.2061  1883.77  94.0057  131.592  0.38  43.2  58  3.5885  90.6499
11.604  11.2061  1938.97  94.9398  166.962  0.37  43.2  58  3.5885  90.6499
11.653  11.2061  1894.93  94.9463  163.385  0.38  43.2  58  3.5885  90.6499
11.702  11.3349  1929.92  88.0994  64.007  0.38  43.2  58  3.5885  90.6499
11.751  11.3349  2061.42  89.5595  15.849  0.35  41.4  58  3.5885  90.6499
11.8  11.3349  1865.79  95.4791  178.151  0.39  41.4  58  3.5885  90.6499
11.848  11.4637  1978.37  88.9447  36.437  0.37  41.4  58  3.5885  90.6499
11.897  11.4637  2010.31  89.5542  15.641  0.36  41.4  58  3.5885  90.6499
11.946  11.5925  1881.17  95.2452  171.973  0.39  41.4  58  3.5885  90.6499
11.995  11.5925  1930.37  95.1368  172.833  0.38  41.4  58  3.5885  90.6499
12.044  11.5925  2008.22  89.7962  7.142  0.36  40.6  58  3.5885  90.6499
12.092  11.7213  1978.44  89.895  3.625  0.37  40.6  58  3.5885  90.6499
12.141  11.7213  2007.2  89.5708  15.036  0.36  40.6  58  3.5885  90.6499
12.19  11.7213  2007.04  89.9729  0.949  0.36  40.6  58  3.5885  90.6499
12.239  11.8501  2002.74  90.0152  0.531  0.36  40.6  58  3.5885  90.6499
12.287  11.8501  2016.74  89.6748  11.447  0.36  40.6  58  3.5885  90.6499
12.336  11.9789  1868.69  95.4616  177.858  0.39  41.1  58  3.5885  90.6499
12.385  11.9789  1980.32  88.9718  35.537  0.37  41.1  58  3.5885  90.6499
12.434  11.9789  1912.42  95.0282  167.617  0.38  41.1  58  3.5885  90.6499
12.482  12.1077  1834.66  94.2478  135.894  0.4  41.1  58  3.5885  90.6499
12.531  12.1077  1946.8  94.892  166.021  0.37  41.1  58  3.5885  90.6499
12.58  12.1077  1997.49  89.9839  0.562  0.36  41.1  58  3.5885  90.6499
12.629  12.2365  1999.25  89.9952  0.169  0.36  41.8  58  3.5885  90.6499
12.678  12.2365  1995.83  89.8604  4.863  0.36  41.8  58  3.5885  90.6499
12.726  12.2365  1888.99  94.9834  164.091  0.38  41.8  58  3.5885  90.6499
12.775  12.3653  1902.54  94.9243  163.313  0.38  41.8  58  3.5885  90.6499
12.824  12.3653  1924.65  94.9532  166.179  0.38  41.8  58  3.5885  90.6499
12.873  12.4941  1875.97  95.4175  177.115  0.39  41.8  58  3.5885  90.6499
12.922  12.4941  1921.71  94.997  167.387  0.38  41.5  58  3.5885  90.6499
12.971  12.4941  1926.5  94.7012  157.896  0.38  41.5  58  3.5885  90.6499
13.019  12.6229  1951.26  89.8674  4.516  0.37  41.5  58  3.5885  90.6499
13.068  12.6229  2009.71  89.9243  2.656  0.36  41.5  58  3.5885  90.6499
13.117  12.6229  1898.94  94.8265  159.773  0.38  41.5  58  3.5885  90.6499
13.166  12.7517  2013.4  89.9609  1.375  0.36  41.5  58  3.5885  90.6499
13.215  12.7517  2007.2  89.5708  15.036  0.36  41.5  58  3.5885  90.6499
13.263  12.8805  1945.92  89.9907  0.318  0.37  41.5  58  3.5885  90.6499
13.312  12.8805  1974.66  88.7749  42.22  0.37  41.5  58  3.5885  90.6499
13.361  12.8805  2008.92  89.7157  9.969  0.36  41.5  58  3.5885  90.6499
13.41  13.0093  1884.79  95.3642  176.201  0.39  41.5  58  3.5885  90.6499
13.459  13.0093  1980.76  89.0075  34.308  0.37  41.5  58  3.5885  90.6499
13.508  13.0093  1922.55  94.2678  143.073  0.38  41.1  58  3.5885  90.6499
13.557  13.1381  1883.09  95.3274  174.84  0.39  41.1  58  3.5885  90.6499
13.605  13.1381  2016.97  89.6943  10.762  0.36  41.1  58  3.5885  90.6499
13.654  13.2669  1890  96.1559  202.672  0.38  41.1  58  3.5885  90.6499
13.703  13.2669  1957.83  89.7578  8.276  0.37  41.1  58  3.5885  90.6499
13.752  13.2669  1993.72  89.6806  11.115  0.36  41.1  58  3.5885  90.6499
13.801  13.3958  1980.6  90.033  1.14  0.37  41  58  3.5885  90.6499
13.849  13.3958  1955.19  89.0028  34.029  0.37  41  58  3.5885  90.6499
13.898  13.3958  1903.92  94.8903  162.304  0.38  41  58  3.5885  90.6499
13.947  13.5246  1947.92  89.8478  5.173  0.37  41  58  3.5885  90.6499
13.996  13.5246  2004.11  88.9125  38.036  0.36  41  58  3.5885  90.6499
14.044  13.5246  1969.59  89.9584  1.43  0.37  41  58  3.5885  90.6499
14.093  13.6534  1880.84  94.0256  132.039  0.39  42.2  58  3.5885  90.6499
14.142  13.6534  2007.73  89.8961  3.642  0.36  42.2  58  3.5885  90.6499
14.191  13.7822  1942.08  89.8788  4.107  0.37  42.2  58  3.5885  90.6499
14.239  13.7822  1967.12  87.9364  70.833  0.37  42.2  58  3.5885  90.6499
14.288  13.7822  1973.08  94.8799  167.845  0.37  42.2  58  3.5885  90.6499
14.337  13.911  1961.6  89.8127  6.414  0.37  42.2  58  3.5885  90.6499
14.386  13.911  1950.52  88.0047  67.912  0.37  42.2  58  3.5885  90.6499
14.434  13.911  2019.18  89.7394  9.184  0.36  40.8  58  3.5885  90.6499
14.483  14.0398  1857.22  94.0933  132.569  0.39  40.8  58  3.5885  90.6499
14.532  14.0398  1985.03  87.8213  75.465  0.36  40.8  58  3.5885  90.6499
14.581  14.1686  1902.41  94.8996  162.486  0.38  40.8  58  3.5885  90.6499
14.63  14.1686  1814.25  89.9895  0.334  0.4  40.8  58  3.5885  90.6499
14.679  14.1686  1994.88  88.9652  36.025  0.36  40.8  58  3.5885  90.6499
14.727  14.2974  1875.98  95.1115  167.137  0.39  41.7  58  3.5885  90.6499
14.776  14.2974  1917.35  95.0715  169.492  0.38  41.7  58  3.5885  90.6499
14.825  14.2974  1939.4  94.7174  159.499  0.37  41.7  58  3.5885  90.6499
14.874  14.4262  1880.59  95.4365  178.171  0.39  41.7  58  3.5885  90.6499
14.923  14.4262  1995.63  89.8437  5.444  0.36  41.7  58  3.5885  90.6499
14.971  14.4262  1928.38  96.0372  202.815  0.38  41.7  58  3.5885  90.6499
15.02  14.555  1867.76  94.1145  134.011  0.39  40.9  58  3.5885  90.6499
15.069  14.555  1986.59  87.6938  79.94  0.36  40.9  58  3.5885  90.6499
15.117  14.6838  1906.13  95.0192  166.767  0.38  40.9  58  3.5885  90.6499
15.166  14.6838  1802.76  90.0498  1.568  0.4  40.9  58  3.5885  90.6499
15.215  14.6838  1920.74  94.811  161.092  0.38  40.9  58  3.5885  90.6499
15.264  14.8126  1956.48  89.9145  2.921  0.37  40.9  58  3.5885  90.6499
15.313  14.8126  1954.38  89.1961  27.421  0.37  41  58  3.5885  90.6499
15.361  14.8126  1986.77  89.6412  12.44  0.36  41  58  3.5885  90.6499
15.41  14.9414  1967.29  89.8953  3.595  0.37  41  58  3.5885  90.6499
15.459  14.9414  1997.5  88.9116  37.942  0.36  41  58  3.5885  90.6499
15.507  15.0702  1931.92  94.5225  152.332  0.38  41  58  3.5885  90.6499
15.556  15.0702  1940.41  89.2008  27.067  0.37  41  58  3.5885  90.6499
15.605  15.0702  2007.08  88.6228  48.239  0.36  41.1  58  3.5885  90.6499
15.653  15.199  1908.03  96.0549  201.262  0.38  41.1  58  3.5885  90.6499
15.702  15.199  1959.43  89.0918  31.059  0.37  41.1  58  3.5885  90.6499
15.751  15.199  2011.14  89.7632  8.311  0.36  41.1  58  3.5885  90.6499
15.8  15.3278  1898.94  94.8265  159.773  0.38  41.1  58  3.5885  90.6499
15.849  15.3278  1973.24  89.0506  32.696  0.37  41.1  58  3.5885  90.6499
15.898  15.3278  2003.83  89.7039  10.355  0.36  42.5  58  3.5885  90.6499
15.947  15.4566  1977.19  90.0131  0.453  0.37  42.5  58  3.5885  90.6499
15.995  15.4566  2010.71  89.727  9.582  0.36  42.5  58  3.5885  90.6499
16.044  15.5854  1996.24  89.8964  3.611  0.36  42.5  58  3.5885  90.6499
16.093  15.5854  1865.14  95.3434  173.692  0.39  42.5  58  3.5885  90.6499
16.142  15.5854  2013.98  89.864  4.78  0.36  42.5  58  3.5885  90.6499
16.191  15.7142  1844.12  90.0133  0.428  0.39  41.9  58  3.5885  90.6499
16.24  15.7142  1969.38  88.9965  34.489  0.37  41.9  58  3.5885  90.6499
16.289  15.7142  2006.77  89.5346  16.301  0.36  41.9  58  3.5885  90.6499
16.337  15.8431  1885.57  94.9106  161.407  0.39  41.9  58  3.5885  90.6499
16.386  15.8431  1957.95  89.1002  30.747  0.37  41.9  58  3.5885  90.6499
16.435  15.9719  2026.67  89.9699  1.065  0.36  41.9  58  3.5885  90.6499
16.484  15.9719  1868.26  95.371  174.876  0.39  41.2  58  3.5885  90.6499
16.533  15.9719  1992.75  89.1906  28.152  0.36  41.2  58  3.5885  90.6499
16.581  16.1007  1892.26  94.7267  155.928  0.38  41.2  58  3.5885  90.6499
16.63  16.1007  1949.98  89.2211  26.508  0.37  41.2  58  3.5885  90.6499
16.679  16.1007  1983.52  88.8381  40.22  0.36  41.2  58  3.5885  90.6499
16.728  16.2295  1868.48  95.1115  166.469  0.39  41.2  58  3.5885  90.6499
16.777  16.2295  1874.39  93.954  129.248  0.39  41.2  58  3.5885  90.6499
16.825  16.3583  2013.44  89.5376  16.249  0.36  42.7  58  3.5885  90.6499
16.874  16.3583  1970.15  89.7297  9.293  0.37  42.7  58  3.5885  90.6499
16.923  16.3583  1990.3  88.9914  35.034  0.36  42.7  58  3.5885  90.6499
16.972  16.4871  1996.24  89.8964  3.611  0.36  42.7  58  3.5885  90.6499
17.021  16.4871  1862.04  95.316  172.515  0.39  42.7  58  3.5885  90.6499
17.069  16.4871  2020.19  88.9981  35.325  0.36  42.7  58  3.5885  90.6499
17.118  16.6159  1924.4  94.9066  164.599  0.38  42.3  58  3.5885  90.6499
17.167  16.6159  1890.71  95.3283  175.577  0.38  42.3  58  3.5885  90.6499
17.215  16.6159  2033.11  89.9214  2.789  0.36  42.3  58  3.5885  90.6499
17.264  16.7447  1987.33  89.8284  5.952  0.36  42.3  58  3.5885  90.6499
17.313  16.7447  1848.71  90.0259  0.836  0.39  42.3  58  3.5885  90.6499
17.362  16.8735  1933.23  95.0713  170.889  0.38  42.3  58  3.5885  90.6499
17.411  16.8735  1904.52  96.3119  209.386  0.38  40.1  58  3.5885  90.6499
17.46  16.8735  1898.96  93.9754  131.653  0.38  40.1  58  3.5885  90.6499
17.508  17.0023  1932.17  94.5692  153.922  0.38  40.1  58  3.5885  90.6499
17.557  17.0023  1986.09  89.9672  1.136  0.36  40.1  58  3.5885  90.6499
17.606  17.0023  1978.07  87.7882  76.34  0.37  40.1  58  3.5885  90.6499
17.655  17.1311  1921.12  95.1924  173.863  0.38  40.1  58  3.5885  90.6499
17.704  17.1311  1878.8  95.0722  166.105  0.39  41.3  58  3.5885  90.6499
17.752  17.2599  1993.08  88.8211  41.007  0.36  41.3  58  3.5885  90.6499
17.801  17.2599  1878.99  94.8112  157.597  0.39  41.3  58  3.5885  90.6499
17.85  17.2599  1953.44  87.986  68.652  0.37  41.3  58  3.5885  90.6499
17.899  17.3887  2011.88  89.5459  15.944  0.36  41.3  58  3.5885  90.6499
17.948  17.3887  1862.54  96.4027  207.701  0.39  41.3  58  3.5885  90.6499
17.997  17.3887  1969.82  89.0321  33.274  0.37  42.5  58  3.5885  90.6499
18.045  17.5175  1933.06  94.7343  159.547  0.38  42.5  58  3.5885  90.6499
18.094  17.5175  1890.6  94.9987  164.733  0.38  42.5  58  3.5885  90.6499
18.143  17.5175  2012.84  89.9083  3.22  0.36  42.5  58  3.5885  90.6499
18.192  17.6463  1914.5  94.8242  161.007  0.38  42.5  58  3.5885  90.6499
18.241  17.6463  1950.97  88.9141  36.975  0.37  42.5  58  3.5885  90.6499
18.289  17.7751  1950.52  94.6745  158.957  0.37  40  58  3.5885  90.6499
18.338  17.7751  1866.88  96.3785  207.404  0.39  40  58  3.5885  90.6499
18.387  17.7751  2001.22  90.0229  0.8  0.36  40  58  3.5885  90.6499
18.436  17.9039  1918.34  94.6565  155.734  0.38  40  58  3.5885  90.6499
18.484  17.9039  1974.82  89.9507  1.698  0.37  40  58  3.5885  90.6499
18.533  17.9039  1923  94.941  165.629  0.38  40  58  3.5885  90.6499
18.582  18.0327  1894.86  94.6374  153.199  0.38  40.8  58  3.5885  90.6499
18.631  18.0327  1981.63  89.9902  0.338  0.37  40.8  58  3.5885  90.6499
18.68  18.1615  1991.11  88.7939  41.909  0.36  40.8  58  3.5885  90.6499
18.728  18.1615  2005.81  89.7319  9.384  0.36  40.8  58  3.5885  90.6499
18.777  18.1615  1966.84  89.0492  32.637  0.37  40.8  58  3.5885  90.6499
18.826  18.2904  2016.54  89.6579  12.04  0.36  40.8  58  3.5885  90.6499
18.875  18.2904  1889.29  94.7456  156.304  0.38  43.5  58  3.5885  90.6499
18.924  18.2904  1962.57  88.9599  35.624  0.37  43.5  58  3.5885  90.6499
18.973  18.4192  1930.37  95.1368  172.833  0.38  43.5  58  3.5885  90.6499
19.021  18.4192  1863.92  95.0934  165.478  0.39  43.5  58  3.5885  90.6499
19.07  18.548  1996.75  89.7997  6.98  0.36  43.5  58  3.5885  90.6499
19.119  18.548  1909.22  94.7141  156.906  0.38  43.5  58  3.5885  90.6499
19.168  18.548  1858.65  94.0835  132.354  0.39  41.1  58  3.5885  90.6499
19.217  18.6768  2007.84  88.8134  41.581  0.36  41.1  58  3.5885  90.6499
19.265  18.6768  1994.7  89.9043  3.332  0.36  41.1  58  3.5885  90.6499
19.314  18.6768  1947.45  89.0101  33.646  0.37  41.1  58  3.5885  90.6499
19.363  18.8056  2033.53  89.3915  21.596  0.36  41.1  58  3.5885  90.6499
19.412  18.8056  1896.59  96.2608  206.832  0.38  41.1  58  3.5885  90.6499
19.46  18.8056  1954.34  88.9322  36.422  0.37  41.1  58  3.5885  90.6499
19.509  18.9344  1900.12  95.0563  167.466  0.38  41.4  58  3.5885  90.6499
19.558  18.9344  1846.96  96.5353  210.212  0.39  41.4  58  3.5885  90.6499
19.607  19.0632  1990.61  89.8317  5.848  0.36  41.4  58  3.5885  90.6499
19.655  19.0632  1920.05  94.9814  166.724  0.38  41.4  58  3.5885  90.6499
19.704  19.0632  1855.08  95.4051  174.744  0.39  41.4  58  3.5885  90.6499
19.753  19.192  1928.58  95.0994  171.419  0.38  41.4  58  3.5885  90.6499
19.802  19.192  1975.48  89.7769  7.691  0.37  42.2  58  3.5885  90.6499
19.85  19.192  1982.29  89.9507  1.707  0.36  42.2  58  3.5885  90.6499
19.899  19.3208  2016.13  89.4845  18.138  0.36  42.2  58  3.5885  90.6499
19.948  19.3208  1879.1  94.8323  158.295  0.39  42.2  58  3.5885  90.6499
19.997  19.4496  1958.32  88.8709  38.587  0.37  42.2  58  3.5885  90.6499
20.046  19.4496  1910.68  95.303  176.589  0.38  42.2  58  3.5885  90.6499
20.094  19.4496  1944.6  89.8283  5.826  0.37  42.5  58  3.5885  90.6499
20.143  19.5784  2001.52  89.9279  2.519  0.36  42.5  58  3.5885  90.6499
20.192  19.5784  1931.92  94.5225  152.332  0.38  42.5  58  3.5885  90.6499
20.241  19.5784  1962.66  89.9769  0.793  0.37  42.5  58  3.5885  90.6499
20.29  19.7072  1921.39  94.6372  155.337  0.38  42.5  58  3.5885  90.6499
20.339  19.7072  1873.06  95.1296  167.468  0.39  42.5  58  3.5885  90.6499
20.387  19.7072  1967.51  89.9143  2.943  0.37  41.4  58  3.5885  90.6499
20.436  19.836  2010.94  88.7955  42.274  0.36  41.4  58  3.5885  90.6499
20.485  19.836  1883.79  96.4724  212.349  0.39  41.4  58  3.5885  90.6499
20.534  19.9648  2025.6  90.0137  0.483  0.36  41.4  58  3.5885  90.6499
20.582  19.9648  2005.1  89.8124  6.567  0.36  41.4  58  3.5885  90.6499
20.631  19.9648  1987.58  89.9595  1.404  0.36  41.4  58  3.5885  90.6499
20.68  20.0936  1844.22  90.049  1.577  0.39  41.7  58  3.5885  90.6499
20.729  20.0936  1922.04  94.4633  149.574  0.38  41.7  58  3.5885  90.6499
20.778  20.0936  2006.83  89.9564  1.527  0.36  41.7  58  3.5885  90.6499
20.827  20.2224  1932.01  94.8374  162.924  0.38  41.7  58  3.5885  90.6499
20.875  20.2224  1923.31  95.9693  200.017  0.38  41.7  58  3.5885  90.6499
20.925  20.3512  1961.54  89.9454  1.87  0.37  41.7  58  3.5885  90.6499
20.973  20.3512  2035.12  89.383  21.917  0.36  41  58  3.5885  90.6499
21.022  20.3512  1863.14  95.2378  170.085  0.39  41  58  3.5885  90.6499
21.071  20.48  1967.27  89.0847  31.424  0.37  41  58  3.5885  90.6499
21.12  20.48  1927.29  94.5518  152.952  0.38  41  58  3.5885  90.6499
21.168  20.48  1963.9  89.8755  4.266  0.37  41  58  3.5885  90.6499
21.217  20.6088  1925.83  94.8755  163.679  0.38  41  58  3.5885  90.6499
21.266  20.6088  1999.33  89.8804  4.172  0.36  39.3  58  3.5885  90.6499
21.315  20.6088  1875.75  95.372  175.612  0.39  39.3  58  3.5885  90.6499
21.363  20.7377  2041.71  89.6434  12.706  0.35  39.3  58  3.5885  90.6499
21.412  20.7377  1916.32  94.5735  152.803  0.38  39.3  58  3.5885  90.6499
21.461  20.8665  1952.44  88.0307  67.094  0.37  39.3  58  3.5885  90.6499
21.51  20.8665  2012.56  89.4649  18.794  0.36  39.3  58  3.5885  90.6499
21.559  20.8665  1884.33  94.9655  163.098  0.39  37.9  58  3.5885  90.6499
21.607  20.9953  1979.88  88.936  36.765  0.37  37.9  58  3.5885  90.6499
21.656  20.9953  1926.5  94.7012  157.896  0.38  37.9  58  3.5885  90.6499
21.705  20.9953  1941.68  89.8439  5.291  0.37  37.9  58  3.5885  90.6499
21.754  21.1241  1844.12  90.0133  0.428  0.39  37.9  58  3.5885  90.6499
21.803  21.1241  1926.83  96.0458  202.939  0.38  37.9  58  3.5885  90.6499
21.851  21.2529  1870.9  94.1399  135.065  0.39  37.9  58  3.5885  90.6499
21.9  21.2529  1950.21  94.92  167.26  0.37  38.2  58  3.5885  90.6499
21.949  21.2529  1971.65  89.7218  9.575  0.37  38.2  58  3.5885  90.6499
21.998  21.3817  2023.83  90.0048  0.17  0.36  38.2  58  3.5885  90.6499
22.046  21.3817  2019.27  89.4677  18.758  0.36  38.2  58  3.5885  90.6499
22.096  21.3817  1878.99  94.8112  157.597  0.39  38.2  58  3.5885  90.6499
22.145  21.5105  1887.1  94.0555  133.462  0.38  38.2  58  3.5885  90.6499
22.193  21.5105  2005.81  89.7319  9.384  0.36  37.6  58  3.5885  90.6499
22.242  21.6393  1867.15  95.1447  167.431  0.39  37.6  58  3.5885  90.6499
22.291  21.6393  1900.94  95.2191  172.916  0.38  37.6  58  3.5885  90.6499
22.34  21.6393  1916.57  94.6198  154.367  0.38  37.6  58  3.5885  90.6499
22.389  21.7681  1884.34  95.2728  173.168  0.39  37.6  58  3.5885  90.6499
22.437  21.7681  2043.28  89.9632  1.311  0.35  37.6  58  3.5885  90.6499
22.486  21.7681  1891.7  96.1935  204.09  0.38  36.8  58  3.5885  90.6499
22.535  21.8969  1951.03  89.1776  28.005  0.37  36.8  58  3.5885  90.6499
22.584  21.8969  1940.78  94.9772  168.382  0.37  36.8  58  3.5885  90.6499
22.632  21.8969  1885.33  94.865  159.892  0.39  36.8  58  3.5885  90.6499
22.681  22.0257  1992.56  89.8596  4.882  0.36  36.8  58  3.5885  90.6499
22.73  22.0257  1927.29  94.5518  152.952  0.38  36.8  58  3.5885  90.6499
22.779  22.1545  1854.37  94.1128  132.995  0.39  36  58  3.5885  90.6499
22.827  22.1545  2014.39  89.0697  32.707  0.36  36  58  3.5885  90.6499
22.876  22.1545  1978.5  89.761  8.252  0.37  36  58  3.5885  90.6499
22.925  22.2833  1867.27  94.0245  131.05  0.39  36  58  3.5885  90.6499
22.974  22.2833  2014.41  89.9003  3.504  0.36  36  58  3.5885  90.6499
23.023  22.2833  1878.9  95.0933  166.804  0.39  36  58  3.5885  90.6499
23.072  22.4121  2020.01  89.9654  1.221  0.36  35.9  58  3.5885  90.6499
23.12  22.4121  2008.75  89.5625  15.338  0.36  35.9  58  3.5885  90.6499
23.169  22.5409  1970.97  89.8008  6.854  0.37  35.9  58  3.5885  90.6499
23.218  22.5409  1998.79  89.9597  1.405  0.36  35.9  58  3.5885  90.6499
23.267  22.5409  1943.03  94.7919  162.316  0.37  35.9  58  3.5885  90.6499
23.316  22.6697  1957.83  89.7578  8.276  0.37  35.9  58  3.5885  90.6499
23.364  22.6697  1981.88  89.915  2.942  0.37  35.7  58  3.5885  90.6499
23.413  22.6697  1973.15  89.7138  9.858  0.37  35.7  58  3.5885  90.6499
23.462  22.7985  1889.58  95.0994  167.952  0.38  35.7  58  3.5885  90.6499
23.511  22.7985  1904.28  94.961  164.678  0.38  35.7  58  3.5885  90.6499
23.559  22.7985  1949.39  89.8401  5.442  0.37  35.7  58  3.5885  90.6499
23.608  22.9273  1962.14  88.9245  36.83  0.37  35.7  58  3.5885  90.6499
23.657  22.9273  2015.44  89.5656  15.279  0.36  35.5  58  3.5885  90.6499
23.706  23.0561  1892.64  95.4111  178.479  0.38  35.5  58  3.5885  90.6499
23.755  23.0561  1884.68  95.0355  165.425  0.39  35.5  58  3.5885  90.6499
23.804  23.0561  1932.93  94.7093  158.694  0.38  35.5  58  3.5885  90.6499
23.852  23.185  1871.6  93.9948  130.387  0.39  35.5  58  3.5885  90.6499
23.902  23.185  2002.65  89.8839  4.06  0.36  35.5  58  3.5885  90.6499
23.95  23.185  1911.47  94.8431  161.382  0.38  35.7  58  3.5885  90.6499
23.999  23.3138  1823.16  90.0142  0.45  0.4  35.7  58  3.5885  90.6499
24.048  23.3138  1916.4  94.8859  163.223  0.38  35.7  58  3.5885  90.6499
24.097  23.4426  1875.24  96.2386  203.781  0.39  35.7  58  3.5885  90.6499
24.145  23.4426  1821.7  90.0218  0.692  0.4  35.7  58  3.5885  90.6499
24.194  23.4426  2004.26  89.7401  9.093  0.36  35.7  58  3.5885  90.6499
24.243  23.5714  1969.88  89.8441  5.358  0.37  35.8  58  3.5885  90.6499
24.292  23.5714  1984.86  88.9457  36.521  0.36  35.8  58  3.5885  90.6499
24.34  23.5714  1930.36  96.1225  205.88  0.38  35.8  58  3.5885  90.6499
24.389  23.7002  1957.96  89.9067  3.188  0.37  35.8  58  3.5885  90.6499
24.438  23.7002  1929.96  94.7536  159.938  0.38  35.8  58  3.5885  90.6499
24.487  23.7002  2011.61  89.6631  11.829  0.36  35.8  58  3.5885  90.6499
24.536  23.829  1877.66  94.0002  130.986  0.39  35.8  58  3.5885  90.6499
24.584  23.829  2018.74  88.7504  44.023  0.36  35.9  58  3.5885  90.6499
24.633  23.9578  1983.57  90.0177  0.613  0.36  35.9  58  3.5885  90.6499
24.682  23.9578  2015.87  90.0245  0.863  0.36  35.9  58  3.5885  90.6499
24.731  23.9578  2016.57  89.5209  16.861  0.36  35.9  58  3.5885  90.6499
24.78  24.0866  1975.27  89.9857  0.492  0.37  35.9  58  3.5885  90.6499
24.829  24.0866  1888.1  95.1085  168.121  0.38  35.9  58  3.5885  90.6499
24.877  24.0866  1925.7  94.8506  162.832  0.38  36.3  58  3.5885  90.6499
24.926  24.2154  1866.81  95.3798  175.027  0.39  36.3  58  3.5885  90.6499
24.975  24.2154  1914.07  95.0437  168.277  0.38  36.3  58  3.5885  90.6499
25.024  24.3442  1894.22  94.8088  158.795  0.38  36.3  58  3.5885  90.6499
25.072  24.3442  1985.3  90.0289  1.002  0.36  36.3  58  3.5885  90.6499
25.121  24.3442  1935.61  94.9119  165.735  0.38  36.3  58  3.5885  90.6499
25.17  24.473  1881.61  95.0294  164.957  0.39  37  58  3.5885  90.6499
25.219  24.473  1798.39  90.0375  1.178  0.4  37  58  3.5885  90.6499
25.268  24.473  2007.2  89.5708  15.036  0.36  37  58  3.5885  90.6499
25.316  24.6018  1871.83  95.184  169.127  0.39  37  58  3.5885  90.6499
25.365  24.6018  1876.09  93.9892  130.516  0.39  37  58  3.5885  90.6499
25.414  24.7306  1903.2  94.7521  157.671  0.38  37  58  3.5885  90.6499
25.463  24.7306  1974.24  89.6702  11.365  0.37  36.7  58  3.5885  90.6499
25.512  24.7306  1916.53  95.22  174.368  0.38  36.7  58  3.5885  90.6499
25.56  24.8594  1877.76  94.866  159.282  0.39  36.7  58  3.5885  90.6499
25.609  24.8594  1829.2  90.0543  1.735  0.4  36.7  58  3.5885  90.6499
25.658  24.8594  1932.01  94.8374  162.924  0.38  36.7  58  3.5885  90.6499
25.707  24.9882  1882.62  94.9291  161.762  0.39  36.7  58  3.5885  90.6499
25.755  24.9882  1952.44  88.9055  37.296  0.37  36.7  58  3.5885  90.6499
25.804  24.9882  1905.68  95.2378  173.969  0.38  36.7  58  3.5885  90.6499
25.853  25.117  1802.62  89.9963  0.116  0.4  36.7  58  3.5885  90.6499
25.902  25.117  1909.75  95.1178  170.359  0.38  36.7  58  3.5885  90.6499
25.95  25.2458  1986.63  89.9079  3.192  0.36  36.7  58  3.5885  90.6499
25.999  25.2458  1875.31  95.2811  172.608  0.39  36.7  58  3.5885  90.6499
26.048  25.2458  1997.67  88.7944  42.03  0.36  37.8  58  3.5885  90.6499
26.097  25.3746  1897.88  96.2064  205.18  0.38  37.8  58  3.5885  90.6499
26.145  25.3746  1941.24  89.2708  24.706  0.37  37.8  58  3.5885  90.6499
26.194  25.3746  1988.78  89.0001  34.706  0.36  37.8  58  3.5885  90.6499
26.243  25.5034  1858.93  94.9855  161.547  0.39  37.8  58  3.5885  90.6499
26.292  25.5034  1980.32  88.9718  35.537  0.37  37.8  58  3.5885  90.6499
26.341  25.6323  2000.73  89.7202  9.772  0.36  36.8  58  3.5885  90.6499
26.39  25.6323  1857.51  95.2975  171.499  0.39  36.8  58  3.5885  90.6499
26.438  25.6323  1835.2  90.0593  1.9  0.39  36.8  58  3.5885  90.6499
26.487  25.7611  1926.99  94.7944  161.06  0.38  36.8  58  3.5885  90.6499
26.536  25.7611  1983.36  90.0014  0.049  0.36  36.8  58  3.5885  90.6499
26.585  25.7611  1924.54  94.9316  165.446  0.38  36.8  58  3.5885  90.6499
26.634  25.8899  1890.47  94.9742  163.916  0.38  36  58  3.5885  90.6499
26.683  25.8899  1978.91  90.0243  0.839  0.37  36  58  3.5885  90.6499
26.731  25.8899  1948.13  94.8353  164.212  0.37  36  58  3.5885  90.6499
26.78  26.0187  1875.87  95.0904  166.441  0.39  36  58  3.5885  90.6499
26.829  26.0187  1970.62  88.8368  40.003  0.37  36  58  3.5885  90.6499
26.878  26.1475  1908.68  94.9082  163.306  0.38  36  58  3.5885  90.6499
26.927  26.1475  1863.14  95.2378  170.085  0.39  35.9  58  3.5885  90.6499
26.976  26.1475  1991.27  88.677  45.975  0.36  35.9  58  3.5885  90.6499
27.025  26.2763  1918.83  94.7493  158.87  0.38  35.9  58  3.5885  90.6499
27.073  26.2763  1846.56  94.0278  129.703  0.39  35.9  58  3.5885  90.6499
27.122  26.2763  1991.86  89.9393  2.109  0.36  35.9  58  3.5885  90.6499
27.171  26.4051  1862.03  95.0123  162.685  0.39  35.9  58  3.5885  90.6499
27.22  26.4051  1923.17  89.2993  23.518  0.38  35.9  58  3.5885  90.6499
27.269  26.5339  2006.17  89.904  3.36  0.36  35.8  58  3.5885  90.6499
27.317  26.5339  1875.98  95.1115  167.137  0.39  35.8  58  3.5885  90.6499
27.366  26.5339  2013.87  89.9966  0.121  0.36  35.8  58  3.5885  90.6499
27.415  26.6627  1900.47  95.127  169.832  0.38  35.8  58  3.5885  90.6499
27.464  26.6627  1861.6  95.2258  169.556  0.39  35.8  58  3.5885  90.6499
27.513  26.6627  1965.64  87.9459  70.454  0.37  35.8  58  3.5885  90.6499
27.561  26.7915  1995.53  89.9562  1.524  0.36  35.7  58  3.5885  90.6499
27.61  26.7915  1807.05  90.0273  0.861  0.4  35.7  58  3.5885  90.6499
27.659  26.7915  1931.76  94.7907  161.333  0.38  35.7  58  3.5885  90.6499
27.708  26.9203  1906.93  96.1561  204.496  0.38  35.7  58  3.5885  90.6499
27.756  26.9203  1921.31  88.2675  58.087  0.38  35.7  58  3.5885  90.6499
27.805  27.0491  1997.79  89.8884  3.891  0.36  35.7  58  3.5885  90.6499
27.854  27.0491  1860.14  94.9314  159.902  0.39  37.2  58  3.5885  90.6499
27.903  27.0491  1866.32  94.1243  134.226  0.39  37.2  58  3.5885  90.6499
27.951  27.1779  1919.56  94.8885  163.58  0.38  37.2  58  3.5885  90.6499
28  27.1779  1883.76  95.4644  179.385  0.39  37.2  58  3.5885  90.6499
28.049  27.1779  1983.07  88.8023  41.451  0.36  37.2  58  3.5885  90.6499
28.098  27.3067  1997.49  89.9839  0.562  0.36  37.2  58  3.5885  90.6499
28.147  27.3067  1925.12  88.2056  60.281  0.38  37.1  58  3.5885  90.6499
28.195  27.4355  2009.29  89.8881  3.925  0.36  37.1  58  3.5885  90.6499
28.244  27.4355  1891.72  94.9191  162.214  0.38  37.1  58  3.5885  90.6499
28.293  27.4355  1976.93  89.9029  3.352  0.37  37.1  58  3.5885  90.6499
28.342  27.5643  1836.68  90.0517  1.657  0.39  37.1  58  3.5885  90.6499
28.39  27.5643  1876.19  95.463  178.618  0.39  37.1  58  3.5885  90.6499
28.439  27.5643  2001.81  89.8117  6.58  0.36  36.6  58  3.5885  90.6499
28.488  27.6931  2001.85  89.6759  11.322  0.36  36.6  58  3.5885  90.6499
28.537  27.6931  1986.33  89.9861  0.482  0.36  36.6  58  3.5885  90.6499
28.585  27.6931  2004.8  87.6939  80.67  0.36  36.6  58  3.5885  90.6499
28.634  27.8219  1910.19  94.8988  163.123  0.38  36.6  58  3.5885  90.6499
28.683  27.8219  1827.74  90.0619  1.976  0.4  36.6  58  3.5885  90.6499
28.732  27.9507  2034.4  89.6033  14.087  0.36  36.7  58  3.5885  90.6499
28.78  27.9507  1890.7  95.0199  165.44  0.38  36.7  58  3.5885  90.6499
28.829  27.9507  2008.82  89.9842  0.553  0.36  36.7  58  3.5885  90.6499
28.878  28.0796  2013.56  89.8277  6.055  0.36  36.7  58  3.5885  90.6499
28.927  28.0796  1886.38  95.072  166.771  0.39  36.7  58  3.5885  90.6499
28.975  28.0796  1982.29  89.9507  1.707  0.36  36.7  58  3.5885  90.6499
29.024  28.2084  1912.01  94.6487  154.962  0.38  36.4  58  3.5885  90.6499
29.073  28.2084  1882.06  95.4276  178.021  0.39  36.4  58  3.5885  90.6499
29.122  28.3372  1939.79  94.7894  161.961  0.37  36.4  58  3.5885  90.6499
29.171  28.3372  1903.7  96.1266  203.174  0.38  36.4  58  3.5885  90.6499
29.219  28.3372  1876.55  95.2267  170.947  0.39  36.4  58  3.5885  90.6499
29.268  28.466  1841.04  89.9931  0.222  0.39  36.4  58  3.5885  90.6499
29.317  28.466  1889.29  94.7456  156.304  0.38  37.1  58  3.5885  90.6499
29.366  28.466  1951.22  89.0635  31.892  0.37  37.1  58  3.5885  90.6499
29.415  28.5948  2024  89.4425  19.695  0.36  37.1  58  3.5885  90.6499
29.463  28.5948  1956.08  89.8792  4.123  0.37  37.1  58  3.5885  90.6499
29.512  28.7236  1829.11  90.019  0.606  0.4  37.1  58  3.5885  90.6499
29.561  28.7236  1920.65  95.0994  170.713  0.38  37.1  58  3.5885  90.6499
29.61  28.7236  1947.92  89.8478  5.173  0.37  37.1  58  3.5885  90.6499
29.658  28.8524  1922.51  94.848  162.477  0.38  36.3  58  3.5885  90.6499
29.707  28.8524  1897.68  94.8818  161.493  0.38  36.3  58  3.5885  90.6499
29.756  28.8524  1896.78  95.0075  165.563  0.38  36.3  58  3.5885  90.6499
29.805  28.9812  2022.42  89.4509  19.381  0.36  36.3  58  3.5885  90.6499
29.854  28.9812  1895.97  96.1224  202.212  0.38  36.3  58  3.5885  90.6499
29.902  28.9812  1883.52  93.9603  130.086  0.39  36.3  58  3.5885  90.6499
29.951  29.11  2007.2  89.5708  15.036  0.36  37.4  58  3.5885  90.6499
30  29.11  1879.93  95.2998  173.642  0.39  37.4  58  3.5885  90.6499
30.049  29.2388  1989.59  88.8028  41.569  0.36  37.4  58  3.5885  90.6499
30.097  29.2388  1935.24  96.1439  207.12  0.38  37.4  58  3.5885  90.6499
30.147  29.2388  1875.96  93.965  129.716  0.39  37.4  58  3.5885  90.6499
30.196  29.3676  1984.22  89.0261  33.726  0.36  37.4  58  3.5885  90.6499
30.244  29.3676  1898.85  95.1115  169.177  0.38  36.2  58  3.5885  90.6499
30.293  29.3676  1876.46  94.0554  132.704  0.39  36.2  58  3.5885  90.6499
30.342  29.4964  2004.48  89.7594  8.416  0.36  36.2  58  3.5885  90.6499
30.391  29.4964  1813.03  89.9252  2.368  0.4  36.2  58  3.5885  90.6499
30.439  29.6252  1831.13  89.8415  5.065  0.4  36.2  58  3.5885  90.6499
30.488  29.6252  1772.18  94.8328  149.302  0.41  36.2  58  3.5885  90.6499
30.537  29.6252  1834.7  89.6626  10.805  0.39  35.1  58  3.5885  90.6499
30.586  29.754  1844.4  88.9169  34.864  0.39  35.1  58  3.5885  90.6499
30.634  29.754  1758.66  94.2625  130.713  0.41  35.1  58  3.5885  90.6499
30.683  29.754  1834.83  89.8019  6.344  0.39  35.1  58  3.5885  90.6499
30.732  29.8828  1861.18  88.5407  47.399  0.39  35.1  58  3.5885  90.6499
30.781  29.8828  1763.58  96.1867  190.057  0.41  35.1  58  3.5885  90.6499
30.829  29.8828  1721.52  94.1018  123.138  0.42  36.2  58  3.5885  90.6499
30.878  30.0116  1828.58  88.7488  39.93  0.4  36.2  58  3.5885  90.6499
30.927  30.0116  1747.84  96.1944  188.595  0.42  36.2  58  3.5885  90.6499
30.976  30.1404  1830.43  89.7757  7.165  0.4  36.2  58  3.5885  90.6499
31.024  30.1404  1777.53  94.5508  141.035  0.41  36.2  58  3.5885  90.6499
31.073  30.1404  1748.35  94.8399  147.512  0.42  36.2  58  3.5885  90.6499
31.122  30.2692  1781.79  94.5897  142.578  0.41  34.7  58  3.5885  90.6499
31.171  30.2692  1791.45  94.0725  127.227  0.4  34.7  58  3.5885  90.6499
31.219  30.2692  1763.99  94.8001  147.611  0.41  34.7  58  3.5885  90.6499
31.268  30.3981  1780.9  94.6847  145.451  0.41  34.7  58  3.5885  90.6499
31.317  30.3981  1794.13  96.7386  210.524  0.41  34.7  58  3.5885  90.6499
31.366  30.5269  1842.15  89.5845  13.359  0.39  34.7  58  3.5885  90.6499
31.414  30.5269  1831.85  93.9923  127.539  0.4  35.3  58  3.5885  90.6499
31.463  30.5269  1786.42  95.871  182.733  0.41  35.3  58  3.5885  90.6499
31.512  30.6557  1799.7  94.6015  144.38  0.4  35.3  58  3.5885  90.6499
31.561  30.6557  1813.15  95.6623  178.896  0.4  35.3  58  3.5885  90.6499
31.609  30.6557  1761.1  94.7524  145.906  0.41  35.3  58  3.5885  90.6499
31.658  30.7845  1799.92  94.6449  145.758  0.4  35.3  58  3.5885  90.6499
31.707  30.7845  1802.09  95.6853  178.524  0.4  36.9  58  3.5885  90.6499
31.756  30.7845  1752.56  94.8985  149.652  0.41  36.9  58  3.5885  90.6499
31.805  30.9133  1857.6  88.5996  45.398  0.39  36.9  58  3.5885  90.6499
31.854  30.9133  1793.91  94.2791  133.854  0.4  36.9  58  3.5885  90.6499
31.902  31.0421  1832.05  88.6912  41.846  0.39  36.9  58  3.5885  90.6499
31.952  31.0421  1824.04  94.1383  131.63  0.4  36.9  58  3.5885  90.6499
32  31.0421  1750.02  94.9158  149.962  0.41  36.9  58  3.5885  90.6499
32.049  31.1709  1864.7  90.0326  1.062  0.39  37  58  3.5885  90.6499
32.098  31.1709  1790.41  95.8466  182.382  0.41  37  58  3.5885  90.6499
32.147  31.1709  1766.7  94.5374  139.765  0.41  37  58  3.5885  90.6499
32.195  31.2997  1792.37  94.517  141.158  0.4  37  58  3.5885  90.6499
32.244  31.2997  1774.93  96.0298  186.45  0.41  37  58  3.5885  90.6499
32.293  31.4285  1812.81  88.9192  34.195  0.4  37  58  3.5885  90.6499
32.342  31.4285  1793.02  94.6469  145.26  0.4  36.7  58  3.5885  90.6499
32.391  31.4285  1754.5  94.7539  145.406  0.41  36.7  58  3.5885  90.6499
32.439  31.5573  1835.13  89.9587  1.322  0.39  36.7  58  3.5885  90.6499
32.488  31.5573  1857.21  89.4261  18.601  0.39  36.7  58  3.5885  90.6499
32.538  31.5573  1755.7  95.8841  179.989  0.41  36.7  58  3.5885  90.6499
32.586  31.6861  1838.6  89.6401  11.547  0.39  36.7  58  3.5885  90.6499
32.635  31.6861  1782.45  95.8953  183.079  0.41  37.5  58  3.5885  90.6499
32.684  31.8149  1752.81  94.678  142.952  0.41  37.5  58  3.5885  90.6499
32.733  31.8149  1863.31  88.5994  45.543  0.39  37.5  58  3.5885  90.6499
32.781  31.8149  1760.23  94.8462  148.707  0.41  37.5  58  3.5885  90.6499
32.83  31.9437  1806.84  89.7193  8.852  0.4  37.5  58  3.5885  90.6499
32.879  31.9437  1846.94  89.7685  7.462  0.39  37.5  58  3.5885  90.6499
32.928  31.9437  1761.94  95.8014  178.097  0.41  36.6  58  3.5885  90.6499
32.976  32.0725  1839.85  90.0295  0.947  0.39  36.6  58  3.5885  90.6499
33.025  32.0725  1809.26  95.7314  180.681  0.4  36.6  58  3.5885  90.6499
33.074  32.0725  1732.1  94.6922  141.691  0.42  36.6  58  3.5885  90.6499
33.123  32.2013  1846.89  89.8933  3.44  0.39  36.6  58  3.5885  90.6499
33.172  32.2013  1866.87  89.6559  11.213  0.39  36.6  58  3.5885  90.6499
33.22  32.3301  1750.68  94.7802  145.89  0.41  36.6  58  3.5885  90.6499
33.269  32.3301  1847.85  89.8527  4.749  0.39  36.6  58  3.5885  90.6499
33.318  32.3301  1786.39  94.421  137.703  0.41  36.6  58  3.5885  90.6499
33.367  32.4589  1811.65  89.795  6.482  0.4  36.6  58  3.5885  90.6499
33.415  32.4589  1856.42  89.6086  12.683  0.39  36.6  58  3.5885  90.6499
33.465  32.4589  1764.53  95.7852  177.863  0.41  36.6  58  3.5885  90.6499
33.514  32.5877  1820.92  88.7975  38.213  0.4  36.7  58  3.5885  90.6499
33.562  32.5877  1855.22  89.7571  7.864  0.39  36.7  58  3.5885  90.6499
33.611  32.7165  1741.34  96.1905  187.777  0.42  36.7  58  3.5885  90.6499
33.66  32.7165  1840.49  88.9411  34.011  0.39  36.7  58  3.5885  90.6499
33.709  32.7165  1787.17  96.0446  188.195  0.41  36.7  58  3.5885  90.6499
33.757  32.8454  1821.25  89.8094  6.06  0.4  36.7  58  3.5885  90.6499
33.806  32.8454  1847.87  88.7332  40.853  0.39  36.2  58  3.5885  90.6499
33.855  32.8454  1757.18  94.4926  137.639  0.41  36.2  58  3.5885  90.6499
33.904  32.9742  1820.55  89.7439  8.137  0.4  36.2  58  3.5885  90.6499
33.952  32.9742  1875.18  89.5011  16.328  0.39  36.2  58  3.5885  90.6499
34.001  32.9742  1766.19  95.8628  180.412  0.41  36.2  58  3.5885  90.6499
34.05  33.103  1811.55  88.9271  33.92  0.4  36.2  58  3.5885  90.6499
34.099  33.103  1786.99  95.6894  177.154  0.41  35.8  58  3.5885  90.6499
34.148  33.2318  1749.32  95.9239  180.542  0.42  35.8  58  3.5885  90.6499
34.196  33.2318  1854.94  89.475  16.997  0.39  35.8  58  3.5885  90.6499
34.245  33.2318  1815.89  95.6456  178.636  0.4  35.8  58  3.5885  90.6499
34.294  33.3606  1811.65  89.795  6.482  0.4  35.8  58  3.5885  90.6499
34.343  33.3606  1790.36  94.6649  145.607  0.41  35.8  58  3.5885  90.6499
34.391  33.3606  1774.93  95.7201  176.907  0.41  36.3  58  3.5885  90.6499
34.44  33.4894  1816.38  89.7332  8.457  0.4  36.3  58  3.5885  90.6499
34.489  33.4894  1865.16  89.6299  12.048  0.39  36.3  58  3.5885  90.6499
34.538  33.6182  1763.42  95.8361  179.309  0.41  36.3  58  3.5885  90.6499
34.586  33.6182  1832.69  89.6041  12.663  0.39  36.3  58  3.5885  90.6499
34.636  33.6182  1803.64  95.7208  179.787  0.4  36.3  58  3.5885  90.6499
34.684  33.747  1735.06  96.2289  188.254  0.42  36.3  58  3.5885  90.6499
34.733  33.747  1855.76  88.6834  42.641  0.39  37.2  58  3.5885  90.6499
34.782  33.747  1795.95  95.8575  183.286  0.4  37.2  58  3.5885  90.6499
34.831  33.8758  1745.33  95.9052  179.565  0.42  37.2  58  3.5885  90.6499
34.88  33.8758  1870.1  88.4472  50.676  0.39  37.2  58  3.5885  90.6499
34.928  33.8758  1771.34  94.393  135.678  0.41  37.2  58  3.5885  90.6499
34.977  34.0046  1751.4  94.9298  150.508  0.41  37.2  58  3.5885  90.6499
35.026  34.0046  1793.14  94.3981  137.509  0.4  36.4  58  3.5885  90.6499
35.075  34.1334  1764.69  96.136  188.625  0.41  36.4  58  3.5885  90.6499
35.123  34.1334  1821.72  88.9872  32.201  0.4  36.4  58  3.5885  90.6499
35.172  34.1334  1864.41  89.5628  14.227  0.39  36.4  58  3.5885  90.6499
35.221  34.2622  1779.06  95.7387  177.892  0.41  36.4  58  3.5885  90.6499
35.27  34.2622  1768.74  94.6794  144.294  0.41  36.4  58  3.5885  90.6499
35.319  34.2622  1809.46  95.7753  182.08  0.4  36.6  58  3.5885  90.6499
35.367  34.391  1817.49  88.8545  36.335  0.4  36.6  58  3.5885  90.6499
35.416  34.391  1787.71  94.6829  145.952  0.41  36.6  58  3.5885  90.6499
35.465  34.5198  1770.69  94.2648  131.68  0.41  36.6  58  3.5885  90.6499
35.514  34.5198  1861.28  89.9811  0.614  0.39  36.6  58  3.5885  90.6499
35.562  34.5198  1803.28  95.3391  167.794  0.4  36.6  58  3.5885  90.6499
35.611  34.6486  1776.11  94.2707  132.264  0.41  36.4  58  3.5885  90.6499
35.66  34.6486  1804.64  94.4778  140.892  0.4  36.4  58  3.5885  90.6499
35.709  34.6486  1826.51  95.4893  174.722  0.4  36.4  58  3.5885  90.6499
35.757  34.7774  1797.91  94.2511  133.276  0.4  36.4  58  3.5885  90.6499
35.806  34.7774  1893.85  89.7398  8.599  0.38  36.4  58  3.5885  90.6499
35.855  34.7774  1822.39  95.8329  185.204  0.4  36.4  58  3.5885  90.6499
35.904  34.9062  1882.36  89.496  16.557  0.38  35.8  58  3.5885  90.6499
35.952  34.9062  1925.41  89.3606  21.486  0.38  35.8  58  3.5885  90.6499
36.001  35.035  1853.03  90.0237  0.766  0.39  35.8  58  3.5885  90.6499
36.05  35.035  1878.17  88.3954  52.594  0.39  35.8  58  3.5885  90.6499
36.099  35.035  1828.44  88.8558  36.513  0.4  35.8  58  3.5885  90.6499
36.148  35.1638  1733.81  96.2365  188.348  0.42  35.8  58  3.5885  90.6499
36.197  35.1638  1850.95  88.8762  36.301  0.39  35.7  58  3.5885  90.6499
36.245  35.1638  1982.62  89.7013  10.337  0.36  35.7  58  3.5885  90.6499
36.294  35.2927  1853.87  95.4588  176.359  0.39  35.7  58  3.5885  90.6499
36.343  35.2927  1964.3  89.1017  30.794  0.37  35.7  58  3.5885  90.6499
36.392  35.4215  1899.18  96.1518  203.522  0.38  35.7  58  3.5885  90.6499
36.44  35.4215  1858.65  94.0835  132.354  0.39  35.7  58  3.5885  90.6499
36.489  35.4215  1908  95.0809  168.976  0.38  36.4  58  3.5885  90.6499
36.538  35.5503  1897.08  94.7654  157.602  0.38  36.4  58  3.5885  90.6499
36.587  35.5503  1864.63  94.0891  132.964  0.39  36.4  58  3.5885  90.6499
36.635  35.5503  2046.93  89.9837  0.584  0.35  36.4  58  3.5885  90.6499
36.684  35.6791  1885.8  94.9562  162.923  0.39  36.4  58  3.5885  90.6499
36.733  35.6791  1956.05  89.0734  31.633  0.37  36.4  58  3.5885  90.6499
36.782  35.6791  1935.78  94.6431  156.7  0.37  37  58  3.5885  90.6499
36.831  35.8079  1950.58  89.9454  1.859  0.37  37  58  3.5885  90.6499
36.879  35.8079  1891.14  93.9556  130.458  0.38  37  58  3.5885  90.6499
36.928  35.9367  1916.32  94.5735  152.803  0.38  37  58  3.5885  90.6499
36.977  35.9367  1949.39  89.8401  5.442  0.37  37  58  3.5885  90.6499
37.026  35.9367  1939.53  94.7425  160.358  0.37  37  58  3.5885  90.6499
37.075  36.0655  1912.32  96.3169  210.409  0.38  37  58  3.5885  90.6499
37.124  36.0655  1922.56  89.3768  20.912  0.38  35.2  58  3.5885  90.6499
37.173  36.0655  1950.4  94.3566  148.16  0.37  35.2  58  3.5885  90.6499
37.221  36.1943  1863.24  94.9581  161.035  0.39  35.2  58  3.5885  90.6499
37.27  36.1943  1968.76  89.0762  31.741  0.37  35.2  58  3.5885  90.6499
37.319  36.3231  2006.23  89.7681  8.12  0.36  35.2  58  3.5885  90.6499
37.368  36.3231  1953.13  89.8948  3.587  0.37  35.2  58  3.5885  90.6499
37.417  36.3231  1895.29  95.0168  165.738  0.38  36.3  58  3.5885  90.6499
37.465  36.4519  1896.66  94.9829  164.741  0.38  36.3  58  3.5885  90.6499
37.514  36.4519  1859.16  95.3337  172.821  0.39  36.3  58  3.5885  90.6499
37.563  36.4519  1984.92  89.8992  3.492  0.36  36.3  58  3.5885  90.6499
37.612  36.5807  1883.86  94.8743  160.072  0.39  36.3  58  3.5885  90.6499
37.66  36.5807  1984.84  89.9938  0.216  0.36  36.3  58  3.5885  90.6499
37.709  36.5807  1927.62  94.9127  165.076  0.38  36.7  58  3.5885  90.6499
37.758  36.7095  1779.8  90.0122  0.38  0.41  36.7  58  3.5885  90.6499
37.807  36.7095  1788.29  88.9888  31.558  0.4  36.7  58  3.5885  90.6499
37.855  36.8383  1836.94  89.6146  12.356  0.39  36.7  58  3.5885  90.6499
37.904  36.8383  1819.57  89.9068  2.961  0.4  36.7  58  3.5885  90.6499
37.953  36.8383  1853.72  88.7514  40.395  0.39  36.7  58  3.5885  90.6499
38.002  36.9671  1796.03  94.423  138.507  0.4  36.3  58  3.5885  90.6499
38.05  36.9671  1852.19  90.0311  1.004  0.39  36.3  58  3.5885  90.6499
38.099  36.9671  1742.5  94.7062  142.964  0.42  36.3  58  3.5885  90.6499
38.148  37.0959  1691.25  95.0638  149.277  0.43  36.3  58  3.5885  90.6499
38.197  37.0959  1660.42  89.2102  22.887  0.44  36.3  58  3.5885  90.6499
38.245  37.2247  1632.83  89.442  15.901  0.44  36.3  58  3.5885  90.6499
38.294  37.2247  1702.51  87.838  64.226  0.43  37.1  58  3.5885  90.6499
38.343  37.2247  1738.68  83.7689  188.715  0.42  37.1  58  3.5885  90.6499
38.392  37.3535  1956.57  84.5606  185.468  0.37  37.1  58  3.5885  90.6499
38.44  37.3535  2044.32  83.0891  245.985  0.36  37.1  58  3.5885  90.6499
38.489  37.3535  1926.33  83.3138  224.286  0.38  37.1  58  3.5885  90.6499
38.538  37.4823  1919.22  83.4572  218.688  0.38  37.1  58  3.5885  90.6499
38.587  37.4823  1979.12  84.7358  181.58  0.37  35.7  58  3.5885  90.6499
38.636  37.6111  2022.88  77.625  433.522  0.37  35.7  58  3.5885  90.6499
38.685  37.6111  2083.33  80.6134  339.779  0.35  35.7  58  3.5885  90.6499
38.733  37.6111  1919.62  82.1055  263.658  0.38  35.7  58  3.5885  90.6499
38.782  37.74  2103.01  78.7074  411.811  0.35  35.7  58  3.5885  90.6499
38.831  37.74  1909.86  79.0425  363.026  0.39  35.7  58  3.5885  90.6499
38.88  37.74  2142.72  71.8193  668.559  0.36  36  58  3.5885  90.6499
38.929  37.8688  2000.82  80.1027  343.905  0.37  36  58  3.5885  90.6499
38.977  37.8688  1910.31  80.9899  299.172  0.38  36  58  3.5885  90.6499
39.026  37.8688  2022.96  77.3256  443.856  0.37  36  58  3.5885  90.6499
39.075  37.9976  2002.96  81.0905  310.206  0.37  36  58  3.5885  90.6499
39.124  37.9976  1942.41  78.6447  382.446  0.38  36  58  3.5885  90.6499
39.173  38.1264  1862.46  77.2131  412.212  0.4  36.5  58  3.5885  90.6499
39.222  38.1264  1992.99  77.0801  445.612  0.37  36.5  58  3.5885  90.6499
39.271  38.1264  2179.85  75.6587  539.942  0.34  36.5  58  3.5885  90.6499
39.319  38.2552  2016.3  74.8083  528.369  0.37  36.5  58  3.5885  90.6499
39.368  38.2552  2207.25  73.2839  634.87  0.34  36.5  58  3.5885  90.6499
39.417  38.2552  2066.24  78.3975  415.562  0.36  36.5  58  3.5885  90.6499
39.466  38.384  2038.82  79.8388  359.683  0.36  37  58  3.5885  90.6499
39.514  38.384  1933.96  76.3334  456.94  0.38  37  58  3.5885  90.6499
39.563  38.5128  2125.78  76.6566  490.6  0.35  37  58  3.5885  90.6499
39.612  38.5128  1971.76  77.9763  410.749  0.38  37  58  3.5885  90.6499
39.661  38.5128  1929.35  77.9981  401.198  0.38  37  58  3.5885  90.6499
39.71  38.6416  1960.51  78.4654  392.025  0.38  37  58  3.5885  90.6499
39.759  38.6416  1926  76.7801  440.454  0.39  37  58  3.5885  90.6499
39.807  38.6416  1898.81  73.5475  537.782  0.4  35.4  58  3.5885  90.6499
39.856  38.7704  2042.83  76.4648  478.108  0.36  35.4  58  3.5885  90.6499
39.905  38.7704  2058.89  79.7282  367.137  0.36  35.4  58  3.5885  90.6499
39.954  38.7704  2026.85  76.5845  470.251  0.37  35.4  58  3.5885  90.6499
40.003  38.8992  1931.17  72.725  573.478  0.39  35.4  58  3.5885  90.6499
40.052  38.8992  1959.88  74.9232  509.793  0.38  35.4  58  3.5885  90.6499
40.101  39.028  2025.54  77.4301  440.819  0.37  36.4  58  3.5885  90.6499
40.149  39.028  1975.25  73.3151  567.11  0.38  36.4  58  3.5885  90.6499
40.198  39.028  2026.26  76.1199  486.08  0.37  36.4  58  3.5885  90.6499
40.247  39.1568  2067.56  75.5485  515.98  0.36  36.4  58  3.5885  90.6499
40.296  39.1568  1979.93  76.843  450.673  0.38  36.4  58  3.5885  90.6499
40.344  39.1568  2103.03  73.9608  581.057  0.36  36.4  58  3.5885  90.6499
40.393  39.2856  2068.31  76.1713  494.368  0.36  35.8  58  3.5885  90.6499
40.442  39.2856  1943.26  74.2932  526.069  0.39  35.8  58  3.5885  90.6499
40.491  39.4144  1950.04  74.9586  506.069  0.38  35.8  58  3.5885  90.6499
40.539  39.4144  1981.03  79.0604  375.949  0.37  35.8  58  3.5885  90.6499
40.588  39.4144  1956.85  75.7778  480.765  0.38  35.8  58  3.5885  90.6499
40.637  39.5432  2031.71  75.4541  510.277  0.37  35.8  58  3.5885  90.6499
40.686  39.5432  1827.88  76.7883  417.762  0.41  36  58  3.5885  90.6499
40.735  39.5432  1987.95  74.2523  539.535  0.38  36  58  3.5885  90.6499
40.783  39.672  1955.82  77.5238  422.522  0.38  36  58  3.5885  90.6499
40.832  39.672  1837.8  78.8202  356.33  0.4  36  58  3.5885  90.6499
40.881  39.672  1895.8  72.222  578.843  0.4  36  58  3.5885  90.6499
40.93  39.8008  2045.43  72.4251  617.621  0.37  36  58  3.5885  90.6499
40.979  39.8008  1986.99  76.4735  464.746  0.37  35.9  58  3.5885  90.6499
41.027  39.9296  1997.37  75.5157  499.574  0.37  35.9  58  3.5885  90.6499
41.076  39.9296  2013.19  78.0617  416.445  0.37  35.9  58  3.5885  90.6499
41.125  39.9296  2023.51  77.2727  445.8  0.37  35.9  58  3.5885  90.6499
41.174  40.0584  1987.46  79.2677  370.107  0.37  35.9  58  3.5885  90.6499
41.223  40.0584  1873.4  79.8062  331.552  0.39  35.9  58  3.5885  90.6499
41.271  40.0584  1881.93  78.646  370.497  0.39  35.7  58  3.5885  90.6499
41.32  40.1873  2033.28  76.0233  491.092  0.37  35.7  58  3.5885  90.6499
41.369  40.1873  2026.86  77.4836  439.258  0.37  35.7  58  3.5885  90.6499
41.418  40.3161  2186.32  73.8083  609.658  0.34  35.7  58  3.5885  90.6499
41.466  40.3161  2016.35  76.4677  471.813  0.37  35.7  58  3.5885  90.6499
41.516  40.3161  2066.24  78.3975  415.562  0.36  35.7  58  3.5885  90.6499
41.564  40.4449  2044.82  75.3638  516.686  0.37  36.5  58  3.5885  90.6499
41.613  40.4449  1946.11  75.8426  475.993  0.38  36.5  58  3.5885  90.6499
41.662  40.4449  1955.25  73.5969  552.15  0.39  36.5  58  3.5885  90.6499
41.711  40.5737  2124.25  77.5437  458.192  0.35  36.5  58  3.5885  90.6499
41.759  40.5737  2136.4  78.5909  422.608  0.35  36.5  58  3.5885  90.6499
41.808  40.7025  2001.38  75.8844  488.094  0.37  36.5  58  3.5885  90.6499
41.857  40.7025  2094.66  82.5148  272.872  0.35  37.4  58  3.5885  90.6499
41.906  40.7025  2284.99  74.2279  621.087  0.33  37.4  58  3.5885  90.6499
41.954  40.8313  1932.22  76.4028  454.254  0.39  37.4  58  3.5885  90.6499
42.003  40.8313  2197.98  76.625  508.444  0.34  37.4  58  3.5885  90.6499
42.052  40.8313  2079.4  77.9867  432.803  0.36  37.4  58  3.5885  90.6499
42.101  40.9601  2155.25  74.0471  592.365  0.35  37.4  58  3.5885  90.6499
42.15  40.9601  2121.09  77.3419  464.8  0.35  37.4  58  3.5885  90.6499
42.198  40.9601  2181.68  77.8114  460.618  0.34  36.4  58  3.5885  90.6499
42.247  41.0889  2132.62  77.7092  453.978  0.35  36.4  58  3.5885  90.6499
42.296  41.0889  2019.05  79.8569  355.57  0.36  36.4  58  3.5885  90.6499
42.345  41.2177  1998.26  75.1241  513.006  0.37  36.4  58  3.5885  90.6499
42.394  41.2177  2080.52  76.9423  470.055  0.36  36.4  58  3.5885  90.6499
42.443  41.2177  1923.04  75.0714  495.406  0.39  36.4  58  3.5885  90.6499
42.491  41.3465  2048.22  78.5177  407.729  0.36  36.9  58  3.5885  90.6499
42.54  41.3465  2097.65  80.3757  350.698  0.35  36.9  58  3.5885  90.6499
42.589  41.3465  2211.43  75.5048  553.517  0.34  36.9  58  3.5885  90.6499
42.637  41.4753  2047.11  77.3874  447.003  0.36  36.9  58  3.5885  90.6499
42.686  41.4753  2088.98  75.6706  517.012  0.36  36.9  58  3.5885  90.6499
42.735  41.6041  2201.53  76.8348  501.419  0.34  36.9  58  3.5885  90.6499
42.784  41.6041  2115.91  76.3651  498.793  0.35  35.2  58  3.5885  90.6499
42.832  41.6041  2092.41  80.6797  338.874  0.35  35.2  58  3.5885  90.6499
42.881  41.7329  2005.14  77.8025  423.651  0.37  35.2  58  3.5885  90.6499
42.93  41.7329  2057.03  75.4525  516.69  0.36  35.2  58  3.5885  90.6499
42.979  41.7329  1981.05  80.5999  323.558  0.37  35.2  58  3.5885  90.6499
43.028  41.8617  1995.93  76.9047  452.223  0.37  35.2  58  3.5885  90.6499
43.077  41.8617  2118.98  76.3253  500.946  0.35  37.5  58  3.5885  90.6499
43.125  41.8617  1847.53  77.5882  397.101  0.4  37.5  58  3.5885  90.6499
43.174  41.9905  2191.76  74.2161  596.18  0.34  37.5  58  3.5885  90.6499
43.223  41.9905  2172.36  73.7974  606.164  0.35  37.5  58  3.5885  90.6499
43.272  42.1193  2124.06  78.4224  426.287  0.35  37.5  58  3.5885  90.6499
43.321  42.1193  2089.69  76.6815  481.389  0.36  37.5  58  3.5885  90.6499
43.37  42.1193  2352.27  81.7993  335.528  0.31  36.8  58  3.5885  90.6499
43.418  42.2481  2019.03  74.7676  530.47  0.37  36.8  58  3.5885  90.6499
43.467  42.2481  2152.86  76.805  491.427  0.35  36.8  58  3.5885  90.6499
43.516  42.2481  2054.62  80.6867  332.506  0.36  36.8  58  3.5885  90.6499
43.565  42.3769  1978.89  74.5371  527.6  0.38  36.8  58  3.5885  90.6499
43.613  42.3769  2222.5  77.944  464.208  0.33  36.8  58  3.5885  90.6499
43.662  42.5057  1979.25  80.5965  323.381  0.37  36.4  58  3.5885  90.6499
43.711  42.5057  2122.85  76.547  493.876  0.35  36.4  58  3.5885  90.6499
43.759  42.5057  2075.34  75.4663  520.806  0.36  36.4  58  3.5885  90.6499
43.808  42.6346  2080.63  75.7359  512.651  0.36  36.4  58  3.5885  90.6499
43.857  42.6346  2014.23  77.5735  433.436  0.37  36.4  58  3.5885  90.6499
43.906  42.6346  2005.97  77.837  422.645  0.37  36.4  58  3.5885  90.6499
43.954  42.7634  1951.37  76.4049  458.687  0.38  36.9  58  3.5885  90.6499
44.003  42.7634  2031.55  74.8731  530.148  0.37  36.9  58  3.5885  90.6499
44.052  42.7634  2029.54  77.5167  438.694  0.37  36.9  58  3.5885  90.6499
44.101  42.8922  2069.48  73.4514  589.448  0.36  36.9  58  3.5885  90.6499
44.149  42.8922  2084.82  79.2547  388.7  0.35  36.9  58  3.5885  90.6499
44.198  43.021  1913.88  73.2648  551.101  0.39  36.9  58  3.5885  90.6499
44.247  43.021  2001.55  73.3038  575.039  0.38  36.3  58  3.5885  90.6499
44.296  43.021  1979.05  74.7506  520.531  0.38  36.3  58  3.5885  90.6499
44.344  43.1498  1935.62  77.6137  415.192  0.38  36.3  58  3.5885  90.6499
44.393  43.1498  2144.21  78.7398  418.687  0.34  36.3  58  3.5885  90.6499
44.442  43.1498  2027.41  77.8867  425.441  0.36  36.3  58  3.5885  90.6499
44.491  43.2786  1968.88  76.1124  472.565  0.38  36.3  58  3.5885  90.6499
44.54  43.2786  2102.36  75.7118  518.862  0.36  36  58  3.5885  90.6499
44.588  43.4074  1955.26  77.3547  428.037  0.38  36  58  3.5885  90.6499
44.637  43.4074  1941.16  76.3448  458.265  0.38  36  58  3.5885  90.6499
44.686  43.4074  2079.04  78.1301  427.639  0.36  36  58  3.5885  90.6499
44.735  43.5362  2046.08  74.8321  535.353  0.37  36  58  3.5885  90.6499
44.784  43.5362  2033.28  76.0233  491.092  0.37  36  58  3.5885  90.6499
44.833  43.5362  2206.34  72.5817  660.457  0.34  36  58  3.5885  90.6499
44.881  43.665  1828.27  77.7528  387.83  0.4  36.6  58  3.5885  90.6499
44.93  43.665  2021.77  74.7267  532.581  0.37  36.6  58  3.5885  90.6499
44.979  43.7938  2036.14  79.8  360.571  0.36  36.6  58  3.5885  90.6499
45.027  43.7938  2059.57  76.2883  488.194  0.36  36.6  58  3.5885  90.6499
45.077  43.7938  1858.02  72.9085  546.071  0.41  36.6  58  3.5885  90.6499
45.125  43.9226  2013.73  75.5676  501.899  0.37  36.6  58  3.5885  90.6499
45.174  43.9226  2098.93  75.5112  525.132  0.36  37  58  3.5885  90.6499
45.223  43.9226  2052.61  79.437  376.277  0.36  37  58  3.5885  90.6499
45.272  44.0514  2042.09  77.5675  439.641  0.36  37  58  3.5885  90.6499
45.32  44.0514  1975.77  77.0376  443.189  0.38  37  58  3.5885  90.6499
45.369  44.0514  2066.94  80.648  335.876  0.35  37  58  3.5885  90.6499
45.418  44.1802  1920.92  76.8507  436.988  0.39  37  58  3.5885  90.6499
45.467  44.1802  2038.2  75.1905  520.976  0.37  36.2  58  3.5885  90.6499
45.516  44.309  2026.24  76.1925  483.583  0.37  36.2  58  3.5885  90.6499
45.564  44.309  1799.39  73.9288  498.128  0.42  36.2  58  3.5885  90.6499
45.613  44.309  1976.55  70.4771  660.529  0.39  36.2  58  3.5885  90.6499
45.663  44.4378  1960.3  74.87  511.656  0.38  36.2  58  3.5885  90.6499
45.711  44.4378  2020.79  71.4706  642.19  0.38  36.2  58  3.5885  90.6499
45.76  44.4378  1916.01  75.7463  471.752  0.39  36.2  58  3.5885  90.6499
45.809  44.5666  1963.25  75.9603  476.272  0.38  36.2  58  3.5885  90.6499
45.858  44.5666  2075.85  74.3159  561.171  0.36  36.2  58  3.5885  90.6499
45.906  44.6954  1981.67  74.7105  522.56  0.38  36.2  58  3.5885  90.6499
45.955  44.6954  2047.51  76.4969  478.09  0.36  36.2  58  3.5885  90.6499
46.004  44.6954  1964.8  73.3418  563.234  0.38  36.2  58  3.5885  90.6499
46.053  44.8242  1994.74  78.1993  407.941  0.37  37  58  3.5885  90.6499
46.102  44.8242  1921.44  72.1207  589.907  0.4  37  58  3.5885  90.6499
46.15  44.8242  1966.76  74.7711  516.621  0.38  37  58  3.5885  90.6499
46.199  44.953  1858.04  75.3449  470.083  0.4  37  58  3.5885  90.6499
46.248  44.953  1986.5  74.1301  543.216  0.38  37  58  3.5885  90.6499
46.297  44.953  2114.75  76.553  491.774  0.35  37  58  3.5885  90.6499
46.346  45.0819  1964.33  73.5926  554.853  0.38  37.6  58  3.5885  90.6499
46.394  45.0819  1911.81  71.6551  601.718  0.4  37.6  58  3.5885  90.6499
46.443  45.2107  1918.31  72.7792  567.925  0.39  37.6  58  3.5885  90.6499
46.492  45.2107  2074.25  75.9462  503.696  0.36  37.6  58  3.5885  90.6499
46.541  45.2107  2028.92  75.4938  508.213  0.37  37.6  58  3.5885  90.6499
46.59  45.3395  1968.62  77.1088  439.201  0.38  37.6  58  3.5885  90.6499
46.638  45.3395  1968.27  74.416  528.779  0.38  36.5  58  3.5885  90.6499
46.687  45.3395  2045.82  76.2828  485.125  0.36  36.5  58  3.5885  90.6499
46.736  45.4683  1918.51  75.5044  480.212  0.39  36.5  58  3.5885  90.6499
46.785  45.4683  1998.3  75.6938  493.788  0.37  36.5  58  3.5885  90.6499
46.833  45.5971  2019.7  75.4345  507.929  0.37  36.5  58  3.5885  90.6499
46.883  45.5971  2013.75  75.4248  506.761  0.37  36.5  58  3.5885  90.6499
46.931  45.5971  1896.83  74.9821  491.505  0.39  36.1  58  3.5885  90.6499
46.98  45.7259  1957.26  73.8045  545.91  0.38  36.1  58  3.5885  90.6499
47.029  45.7259  1970.18  72.3382  597.748  0.39  36.1  58  3.5885  90.6499
47.078  45.7259  1971.61  73.7905  550.377  0.38  36.1  58  3.5885  90.6499
47.126  45.8547  1984.21  74.5283  529.312  0.38  36.1  58  3.5885  90.6499
47.175  45.8547  2017.98  72.6525  601.694  0.38  36.1  58  3.5885  90.6499
47.224  45.8547  2020.12  75.6666  500.111  0.37  36.1  58  3.5885  90.6499
47.273  45.9835  2011.26  76.5612  467.429  0.37  36  58  3.5885  90.6499
47.322  45.9835  2088.58  72.5457  626.459  0.36  36  58  3.5885  90.6499
47.37  46.1123  2085.96  75.9337  506.979  0.36  36  58  3.5885  90.6499
47.419  46.1123  1987.56  77.821  419.306  0.37  36  58  3.5885  90.6499
47.469  46.1123  2167.53  74.7667  569.517  0.35  36  58  3.5885  90.6499
47.517  46.2411  2073.88  75.4866  519.728  0.36  36  58  3.5885  90.6499
47.566  46.2411  2069.99  75.4168  521.191  0.36  36.9  58  3.5885  90.6499
47.615  46.2411  2038.56  74.9161  530.501  0.37  36.9  58  3.5885  90.6499
47.664  46.3699  2103.89  78.9069  404.796  0.35  36.9  58  3.5885  90.6499
47.712  46.3699  2179.61  74.4933  582.72  0.34  36.9  58  3.5885  90.6499
47.761  46.4987  2096.78  78.1318  431.224  0.35  36.9  58  3.5885  90.6499
47.81  46.4987  2044.92  76.1744  488.669  0.36  36.9  58  3.5885  90.6499
47.859  46.4987  1944.56  76.3416  459.174  0.38  35.7  58  3.5885  90.6499
47.908  46.6275  2044.19  80.9929  320.031  0.36  35.7  58  3.5885  90.6499
47.956  46.6275  1900.33  73.4748  540.524  0.4  35.7  58  3.5885  90.6499
48.005  46.6275  1991.55  75.7902  488.871  0.37  35.7  58  3.5885  90.6499
48.054  46.7563  2030.92  77.2696  447.541  0.37  35.7  58  3.5885  90.6499
48.103  46.7563  1964.17  74.7418  516.907  0.38  35.7  58  3.5885  90.6499
48.152  46.8851  2043.65  74.7435  537.766  0.37  36.4  58  3.5885  90.6499
48.2  46.8851  2003.23  75.2411  510.328  0.37  36.4  58  3.5885  90.6499
48.249  46.8851  1969.53  75.0147  509.264  0.38  36.4  58  3.5885  90.6499
48.298  47.0139  2070.95  75.7485  509.823  0.36  36.4  58  3.5885  90.6499
48.347  47.0139  2038.57  74.8446  532.958  0.37  36.4  58  3.5885  90.6499
48.396  47.0139  2128.81  73.3089  611.42  0.35  36.4  58  3.5885  90.6499
48.444  47.1427  1958.14  75.7589  481.709  0.38  37  58  3.5885  90.6499
48.493  47.1427  2032.12  73.834  565.785  0.37  37  58  3.5885  90.6499
48.542  47.1427  2116.36  74.9413  549.849  0.35  37  58  3.5885  90.6499
48.591  47.2715  1977.17  74.6112  524.678  0.38  37  58  3.5885  90.6499
48.639  47.2715  1976.69  73.3666  565.82  0.38  37  58  3.5885  90.6499
48.688  47.4003  2004.79  72.6718  597.117  0.38  37  58  3.5885  90.6499
48.737  47.4003  2041.85  73.1995  590.177  0.37  36.6  58  3.5885  90.6499
48.786  47.4003  2000.63  73.9562  552.92  0.38  36.6  58  3.5885  90.6499
48.834  47.5292  2207.21  73.8885  612.516  0.34  36.6  58  3.5885  90.6499
48.883  47.5292  2031.72  75.3098  515.228  0.37  36.6  58  3.5885  90.6499
48.932  47.5292  1871.33  71.4724  594.638  0.41  36.6  58  3.5885  90.6499
48.981  47.658  2014.64  75.6021  500.95  0.37  36.6  58  3.5885  90.6499
49.03  47.658  1917.32  73.3265  550.112  0.39  36.2  57  3.5885  90.6499
49.078  47.7868  2040.74  73.6487  574.523  0.37  36.2  57  3.5885  90.6499
49.127  47.7868  1989.27  75.8444  486.487  0.38  36.2  57  3.5885  90.6499
49.176  47.7868  1850.76  74.019  509.551  0.41  36.2  57  3.5885  90.6499
49.225  47.9156  1985.45  74.4357  532.734  0.38  36.2  57  3.5885  90.6499
49.273  47.9156  2098.94  75.3621  530.422  0.36  36.2  57  3.5885  90.6499
49.322  47.9156  2017.9  71.0447  655.475  0.38  37.2  57  3.5885  90.6499
49.371  48.0444  2070.01  75.4916  518.583  0.36  37.2  57  3.5885  90.6499
49.42  48.0444  1985.62  74.6502  525.619  0.38  37.2  57  3.5885  90.6499
49.468  48.0444  2058.86  72.1185  632.17  0.37  37.2  57  3.5885  90.6499
49.517  48.1732  2053.03  73.3768  587.323  0.37  37.2  57  3.5885  90.6499
49.566  48.1732  1927.04  72.7712  570.769  0.39  37.2  57  3.5885  90.6499
49.615  48.302  1894.06  73.3694  542.079  0.4  37.6  57  3.5885  90.6499
49.664  48.302  2019.09  74.9118  525.583  0.37  37.6  57  3.5885  90.6499
49.712  48.302  1967.17  74.7176  518.498  0.38  37.6  57  3.5885  90.6499
49.761  48.4308  2065.56  74.7444  543.503  0.36  37.6  57  3.5885  90.6499
49.81  48.4308  2126.1  76.3579  501.453  0.35  37.6  57  3.5885  90.6499
49.859  48.4308  1967.89  72.1276  603.941  0.39  37.6  57  3.5885  90.6499
49.908  48.5596  2013.71  75.495  504.365  0.37  37.6  57  3.5885  90.6499
49.957  48.5596  2154.9  77.2001  477.412  0.34  36.3  56  3.5885  90.6499
50.005  48.5596  2051.39  73.2502  591.197  0.37  36.3  56  3.5885  90.6499
50.054  48.6884  2121.99  75.2165  541.464  0.35  36.3  56  3.5885  90.6499
50.103  48.6884  1959.66  74.5032  523.591  0.38  36.3  56  3.5885  90.6499
50.152  48.8172  2081.34  76.6677  479.952  0.36  36.3  56  3.5885  90.6499
50.201  48.8172  2073  76.728  475.908  0.36  36.3  56  3.5885  90.6499
50.25  48.8172  2040.11  76.3597  481.111  0.36  37.3  56  3.5885  90.6499
50.298  48.946  2124.03  75.0635  547.465  0.35  37.3  56  3.5885  90.6499
50.347  48.946  2167.05  75.6734  536.236  0.34  37.3  56  3.5885  90.6499
50.396  48.946  2021.46  73.5266  573.226  0.37  37.3  56  3.5885  90.6499
50.445  49.0748  2205.07  76.6396  509.538  0.34  37.3  56  3.5885  90.6499
50.493  49.0748  2126.31  77.7839  449.926  0.35  37.3  56  3.5885  90.6499
50.542  49.0748  2065.64  73.4604  588.042  0.37  36.6  56  3.5885  90.6499
50.591  49.2036  2063.79  75.0436  532.632  0.36  36.6  56  3.5885  90.6499
50.64  49.2036  1932.54  74.1577  527.564  0.39  36.6  56  3.5885  90.6499
50.688  49.3324  2055.43  77.2608  453.252  0.36  36.6  56  3.5885  90.6499
50.737  49.3324  2048.5  74.9927  530.444  0.37  36.6  56  3.5885  90.6499
50.786  49.3324  2042.93  75.2938  518.624  0.37  36.6  56  3.5885  90.6499
50.835  49.4612  2182.69  74.3689  588.108  0.34  36.2  56  3.5885  90.6499
50.884  49.4612  1997.72  76.4644  467.564  0.37  36.2  56  3.5885  90.6499
50.932  49.4612  1937.8  76.2788  459.641  0.38  36.2  56  3.5885  90.6499
50.981  49.59  2095.39  76.3625  494.046  0.36  36.2  56  3.5885  90.6499
51.03  49.59  2071.47  75.4713  519.656  0.36  36.2  56  3.5885  90.6499
51.079  49.59  2090.03  75.4854  523.817  0.36  36.2  56  3.5885  90.6499
51.128  49.7188  1984  77.8216  418.538  0.37  36  56  3.5885  90.6499
51.177  49.7188  1928.66  76.6784  444.393  0.39  36  56  3.5885  90.6499
51.226  49.7188  2132.2  75.0515  550.004  0.35  36  56  3.5885  90.6499
51.274  49.8477  2095.05  77.8245  441.861  0.35  36  56  3.5885  90.6499
51.323  49.8477  2055.77  74.4648  550.597  0.37  36  56  3.5885  90.6499
51.372  49.9765  2173.22  74.0512  597.153  0.35  36  56  3.5885  90.6499
51.421  49.9765  2135.83  75.2555  543.589  0.35  36.4  56  3.5885  90.6499
51.47  49.9765  2114.89  75.1134  543.331  0.35  36.4  56  3.5885  90.6499
51.519  50.1053  2077.74  75.2588  528.688  0.36  36.4  56  3.5885  90.6499
51.567  50.1053  2053.57  74.6727  542.825  0.37  36.4  56  3.5885  90.6499
51.616  50.1053  2140.19  73.3225  614.2  0.35  36.4  56  3.5885  90.6499
51.665  50.2341  2219.61  77.5004  480.396  0.33  36.4  56  3.5885  90.6499
51.714  50.2341  2123.27  76.0225  512.858  0.35  36.7  56  3.5885  90.6499
51.762  50.2341  2111.39  75.2125  538.897  0.35  36.7  56  3.5885  90.6499
51.811  50.3629  2171.3  75.6685  537.466  0.34  36.7  56  3.5885  90.6499
51.86  50.3629  2038.17  75.0453  525.961  0.37  36.7  56  3.5885  90.6499
51.909  50.3629  1955.15  78.3818  393.747  0.38  36.7  56  3.5885  90.6499
51.958  50.4917  2047.38  75.9724  496.263  0.36  36.7  56  3.5885  90.6499
52.007  50.4917  2143.34  75.9848  519.072  0.35  37.4  56  3.5885  90.6499
52.055  50.6205  2126.32  77.5445  458.61  0.35  37.4  56  3.5885  90.6499
52.104  50.6205  2108.38  75.2543  536.644  0.35  37.4  56  3.5885  90.6499
52.153  50.6205  2026.08  73.8289  564.276  0.37  37.4  56  3.5885  90.6499
52.202  50.7493  2053.4  77.333  450.28  0.36  37.4  56  3.5885  90.6499
52.25  50.7493  2028.16  76.0466  489.057  0.37  37.4  56  3.5885  90.6499
52.299  50.7493  2082.4  74.548  554.818  0.36  38.1  56  3.5885  90.6499
52.348  50.8781  2100.42  76.3227  496.651  0.35  38.1  56  3.5885  90.6499
52.397  50.8781  1881.18  73.914  521.239  0.4  38.1  56  3.5885  90.6499
52.445  50.8781  1981.99  76.9996  445.865  0.37  38.1  56  3.5885  90.6499
52.494  51.0069  2042.99  76.2481  485.653  0.36  38.1  56  3.5885  90.6499
52.543  51.0069  2108.62  74.0078  580.939  0.36  38.1  56  3.5885  90.6499
52.592  51.0069  2079.67  75.182  531.876  0.36  38.1  56  3.5885  90.6499
52.641  51.1357  1982.31  77.0857  443.033  0.37  38.3  56  3.5885  90.6499
52.69  51.1357  2055.58  74.8898  535.842  0.36  38.3  56  3.5885  90.6499
52.738  51.2645  2027.53  76.316  479.647  0.37  38.3  56  3.5885  90.6499
52.787  51.2645  2018.78  73.9167  559.273  0.37  38.3  56  3.5885  90.6499
52.836  51.2645  2064.14  74.1895  562.387  0.36  38.3  56  3.5885  90.6499
52.885  51.3933  2118  76.2889  502.022  0.35  38.3  56  3.5885  90.6499
52.933  51.3933  1982.28  73.2971  569.724  0.38  39.6  56  3.5885  90.6499
52.982  51.3933  2066.35  74.4838  552.773  0.36  39.6  56  3.5885  90.6499
53.031  51.5221  2013.4  73.6553  566.601  0.37  39.6  56  3.5885  90.6499
53.08  51.5221  1951.74  72.6105  583.308  0.39  39.6  56  3.5885  90.6499
53.128  51.5221  2059.85  74.7553  541.62  0.36  39.6  56  3.5885  90.6499
53.177  51.6509  2039.45  74.7337  536.998  0.37  39.6  56  3.5885  90.6499
53.226  51.6509  2116.22  72.6059  632.627  0.36  40.7  56  3.5885  90.6499
53.275  51.6509  2068.99  75.824  506.7  0.36  40.7  56  3.5885  90.6499
53.323  51.7797  2015.05  71.1496  651.059  0.38  40.7  56  3.5885  90.6499
53.372  51.7797  1967.01  72.2937  598.24  0.39  40.7  56  3.5885  90.6499
53.421  51.9085  1986.58  75.9539  482.147  0.38  40.7  56  3.5885  90.6499
53.47  51.9085  2088.02  75.7101  515.383  0.36  40.7  56  3.5885  90.6499
53.518  51.9085  2072.09  73.9682  572.249  0.36  39.9  56  3.5885  90.6499
53.567  52.0373  2086.03  75.7862  512.203  0.36  39.9  56  3.5885  90.6499
53.616  52.0373  1931.33  71.7652  604.336  0.39  39.9  56  3.5885  90.6499
53.665  52.0373  2064.4  74.486  552.173  0.36  39.9  56  3.5885  90.6499
53.713  52.1661  1980.77  74.6767  523.45  0.38  39.9  56  3.5885  90.6499
53.762  52.1661  2077.72  74.2375  564.412  0.36  39.9  56  3.5885  90.6499
53.811  52.1661  1985.9  73.0889  577.673  0.38  41.9  56  3.5885  90.6499
53.86  52.295  1982.15  72.0267  611.639  0.38  41.9  56  3.5885  90.6499
53.909  52.295  1986.16  73.233  572.968  0.38  41.9  56  3.5885  90.6499
53.957  52.295  1929.73  71.5187  611.713  0.4  41.9  56  3.5885  90.6499
54.006  52.4238  1951.62  71.0565  633.568  0.39  41.9  56  3.5885  90.6499
54.055  52.4238  2014.64  72.4029  609.069  0.38  41.9  56  3.5885  90.6499
54.104  52.5526  1935.63  74.2742  524.621  0.39  44.8  56  3.5885  90.6499
54.152  52.5526  1956.58  72.8482  577.004  0.39  44.8  56  3.5885  90.6499
54.201  52.5526  2073.18  74.5829  551.142  0.36  44.8  56  3.5885  90.6499
54.25  52.6814  1985.62  74.6502  525.619  0.38  44.8  56  3.5885  90.6499
54.299  52.6814  2005.25  71.2232  645.456  0.38  44.8  56  3.5885  90.6499
54.348  52.6814  2003.61  74.2025  545.457  0.38  44.8  56  3.5885  90.6499
54.396  52.8102  1976.19  73.3487  566.27  0.38  42.9  56  3.5885  90.6499
54.445  52.8102  1970  73.5967  556.32  0.38  42.9  56  3.5885  90.6499
54.494  52.8102  2021.51  75.4307  508.512  0.37  42.9  56  3.5885  90.6499
54.543  52.939  1853.53  72.9895  542.243  0.41  42.9  56  3.5885  90.6499
54.591  52.939  2076.6  74.5596  552.866  0.36  42.9  56  3.5885  90.6499
54.64  52.939  1933.57  75.3473  489.114  0.39  42.9  56  3.5885  90.6499
54.689  53.0678  1928.79  71.4863  612.451  0.4  42.8  56  3.5885  90.6499
54.738  53.0678  1990.98  74.1566  543.556  0.38  42.8  56  3.5885  90.6499
54.786  53.1966  1993.17  73.1436  577.969  0.38  42.8  56  3.5885  90.6499
54.835  53.1966  1992.74  74.6372  527.937  0.38  42.8  56  3.5885  90.6499
54.884  53.1966  1823.41  73.3927  521.151  0.41  42.8  56  3.5885  90.6499
54.933  53.3254  1976.48  74.9316  513.831  0.38  42.8  56  3.5885  90.6499
54.982  53.3254  1916.12  74.4007  515.259  0.39  42.8  56  3.5885  90.6499
55.03  53.3254  1933.01  74.1754  527.119  0.39  42.8  56  3.5885  90.6499
55.079  53.4542  1855.72  73.1352  538.373  0.41  42.8  56  3.5885  90.6499
55.128  53.4542  1848.63  74.1902  503.65  0.41  42.8  56  3.5885  90.6499
55.177  53.4542  1936.27  74.0975  530.54  0.39  42.8  56  3.5885  90.6499
55.226  53.583  1964.82  73.6105  554.403  0.38  42.8  56  3.5885  90.6499
55.274  53.583  1925.03  71.3567  615.383  0.4  42.8  56  3.5885  90.6499
55.323  53.583  1953.83  72.2271  596.399  0.39  43.2  56  3.5885  90.6499
55.372  53.7118  1982.51  70.415  664.548  0.39  43.2  56  3.5885  90.6499
55.42  53.7118  1966.11  73.9274  544.326  0.38  43.2  56  3.5885  90.6499
55.469  53.8406  1903.33  71.9864  588.589  0.4  43.2  56  3.5885  90.6499
55.518  53.8406  1901.35  70.4858  635.128  0.4  43.2  56  3.5885  90.6499
55.567  53.8406  1816.23  71.2443  583.979  0.42  43.2  56  3.5885  90.6499
55.616  53.9694  1851.06  72.3384  561.599  0.41  42.7  56  3.5885  90.6499
55.665  53.9694  1825.54  71.2246  587.568  0.42  42.7  56  3.5885  90.6499
55.713  53.9694  1778.08  73.5036  504.894  0.42  42.7  56  3.5885  90.6499
55.762  54.0982  1754.65  69.8507  604.422  0.44  42.7  56  3.5885  90.6499
55.811  54.0982  1787.69  72.0236  551.728  0.43  42.7  56  3.5885  90.6499
55.86  54.0982  1625.96  70.7087  537.172  0.47  42.7  56  3.5885  90.6499
55.909  54.227  1637.02  72.0073  505.668  0.46  44  56  3.5885  90.6499
55.957  54.227  1567.69  73.2435  451.974  0.48  44  56  3.5885  90.6499
56.006  54.227  1486.37  71.87  462.521  0.51  44  56  3.5885  90.6499
56.055  54.3558  1460.94  71.3954  466.093  0.52  44  56  3.5885  90.6499
56.104  54.3558  1464.96  73.4193  418.048  0.52  44  56  3.5885  90.6499
56.152  54.4846  1402.66  69.9716  480.39  0.55  44  56  3.5885  90.6499
56.201  54.4846  1397.68  72.2175  426.859  0.54  42.9  56  3.5885  90.6499
56.25  54.4846  1341.92  73.0025  392.284  0.56  42.9  56  3.5885  90.6499
56.299  54.6134  1344.4  71.1501  434.364  0.57  42.9  56  3.5885  90.6499
56.347  54.6134  1293.84  72.4119  390.962  0.59  42.9  56  3.5885  90.6499
56.396  54.6134  1264.92  71.3194  405.144  0.6  42.9  56  3.5885  90.6499
56.445  54.7423  1298.77  70.6093  431.202  0.59  42.9  56  3.5885  90.6499
56.494  54.7423  1322.65  71.5423  418.756  0.58  42.8  56  3.5885  90.6499
56.542  54.7423  1281.05  70.8782  419.645  0.6  42.8  56  3.5885  90.6499
56.591  54.8711  1317.86  72.5925  394.259  0.58  42.8  56  3.5885  90.6499
56.64  54.8711  1283.82  73.7553  359.136  0.59  42.8  56  3.5885  90.6499
56.689  54.8711  1197.13  72.7093  355.81  0.63  42.8  56  3.5885  90.6499
56.738  54.9999  1270.3  73.308  364.865  0.59  42.8  56  3.5885  90.6499
56.787  54.9999  1218.69  72.8617  359.122  0.62  43.5  56  3.5885  90.6499
56.835  55.1287  1195.48  72.7724  354.065  0.63  43.5  56  3.5885  90.6499
56.884  55.1287  1227.48  73.6889  344.743  0.61  43.5  56  3.5885  90.6499
56.933  55.1287  1202.13  73.5144  341.132  0.63  43.5  56  3.5885  90.6499
56.982  55.2575  1197.4  71.905  371.907  0.64  43.5  56  3.5885  90.6499
57.03  55.2575  1184.38  73.1482  343.348  0.64  43.5  56  3.5885  90.6499
57.079  55.2575  1154.2  71.816  360.191  0.66  43.6  56  3.5885  90.6499
57.128  55.3863  1156.54  72.2511  352.567  0.66  43.6  56  3.5885  90.6499
57.177  55.3863  1142.64  73.5726  323.138  0.66  43.6  56  3.5885  90.6499
57.225  55.3863  747.45  73.2001  216.036  1.01  43.6  56  3.5885  90.6499
57.274  55.5151  427.831  75.7345  105.424  1.74  43.6  56  3.5885  90.6499
57.323  55.5151  401.915  76.6861  92.556  1.85  43.6  56  3.5885  90.6499
57.372  55.5151  403.461  77.0877  90.157  1.84  43.6  56  3.5885  90.6499
57.42  55.6439  415.349  76.7741  95.028  1.79  42.4  56  3.5885  90.6499
57.469  55.6439  415.281  76.2078  99.004  1.79  42.4  56  3.5885  90.6499
57.517  55.7727  411.058  76.7002  94.563  1.81  42.4  56  3.5885  90.6499
57.567  55.7727  405.777  76.9988  91.288  1.83  42.4  56  3.5885  90.6499
57.616  55.7727  404.78  76.4154  95.075  1.84  42.4  56  3.5885  90.6499
57.664  55.9015  409.004  76.709  94.029  1.82  42.4  56  3.5885  90.6499
57.713  55.9015  411.96  77.0606  92.246  1.8  43.7  56  3.5885  90.6499
57.762  55.9015  415.758  76.0965  99.902  1.79  43.7  56  3.5885  90.6499
57.811  56.0303  402.889  76.9743  90.807  1.84  43.7  56  3.5885  90.6499
57.859  56.0303  397.505  76.5883  92.2  1.87  43.7  56  3.5885  90.6499
57.908  56.0303  398.855  75.8508  97.499  1.87  43.7  56  3.5885  90.6499
57.958  56.1591  399.073  76.4237  93.678  1.86  43.7  56  3.5885  90.6499
58.007  56.1591  404.09  76.3296  95.501  1.84  43.4  56  3.5885  90.6499
58.055  56.1591  403.906  75.396  101.84  1.85  43.4  56  3.5885  90.6499
58.104  56.2879  415.133  74.7942  108.884  1.81  43.4  56  3.5885  90.6499
58.153  56.2879  415.153  75.7658  102.081  1.8  43.4  56  3.5885  90.6499
58.201  56.4167  416.259  76.0249  100.526  1.79  43.4  56  3.5885  90.6499
58.25  56.4167  424.493  76.2634  100.799  1.75  43.4  56  3.5885  90.6499
58.299  56.4167  423.153  75.965  102.621  1.76  42.8  56  3.5885  90.6499
58.347  56.5455  410.463  76.1465  98.281  1.82  42.8  56  3.5885  90.6499
58.396  56.5455  409.263  76.2231  97.462  1.82  42.8  56  3.5885  90.6499
58.445  56.5455  416.179  75.6743  102.977  1.79  42.8  56  3.5885  90.6499
58.493  56.6743  377.503  76.6474  87.182  1.97  42.8  56  3.5885  90.6499
58.542  56.6743  384.431  76.2991  91.054  1.94  42.8  56  3.5885  90.6499
58.591  56.6743  429.312  75.9657  104.11  1.74  44  56  3.5885  90.6499
58.639  56.8031  429.413  76.3604  101.262  1.73  44  56  3.5885  90.6499
58.688  56.8031  438.76  75.6029  109.093  1.7  44  56  3.5885  90.6499
58.737  56.8031  414.214  75.1187  106.377  1.81  44  56  3.5885  90.6499
58.786  56.9319  409.778  76.4303  96.146  1.82  44  56  3.5885  90.6499
58.835  56.9319  411.206  76.2742  97.569  1.81  44  56  3.5885  90.6499
58.884  57.0607  407.53  76.6162  94.332  1.82  44.1  56  3.5885  90.6499
58.932  57.0607  397.018  76.8634  90.232  1.87  44.1  56  3.5885  90.6499
58.981  57.0607  422.067  75.8454  103.212  1.77  44.1  56  3.5885  90.6499
59.029  57.1896  416.984  75.0513  107.563  1.8  44.1  56  3.5885  90.6499
59.078  57.1896  418.002  74.9785  108.339  1.79  44.1  56  3.5885  90.6499
59.127  57.1896  418.438  75.6544  103.677  1.78  44.1  56  3.5885  90.6499
59.176  57.3184  422.286  76.0785  101.599  1.76  42.8  56  3.5885  90.6499
59.224  57.3184  410.358  76.0929  98.629  1.82  42.8  56  3.5885  90.6499
59.273  57.3184  431.869  74.9352  112.248  1.73  42.8  56  3.5885  90.6499
59.322  57.4472  407.314  76.6018  94.381  1.83  42.8  56  3.5885  90.6499
59.37  57.4472  425.502  76.2835  100.895  1.75  42.8  56  3.5885  90.6499
59.419  57.4472  418.701  76.2694  99.382  1.78  42.8  56  3.5885  90.6499
59.468  57.576  445.907  75.8291  109.165  1.67  43.8  56  3.5885  90.6499
59.517  57.576  553.642  74.8824  144.39  1.35  43.8  56  3.5885  90.6499
59.566  57.576  468.798  75.3166  118.83  1.6  43.8  56  3.5885  90.6499
59.614  57.7048  437.597  76.1641  104.648  1.7  43.8  56  3.5885  90.6499
59.663  57.7048  444.038  75.9002  108.173  1.68  43.8  56  3.5885  90.6499
59.712  57.8336  411.952  76.8801  93.509  1.8  43.8  56  3.5885  90.6499
59.761  57.8336  431.229  75.9152  104.943  1.73  43.8  56  3.5885  90.6499
59.809  57.8336  424.904  75.7742  104.417  1.76  42.1  56  3.5885  90.6499
59.858  57.9624  401.155  76.3223  94.857  1.86  42.1  56  3.5885  90.6499
59.907  57.9624  406.892  75.8616  99.389  1.83  42.1  56  3.5885  90.6499
59.955  57.9624  411.429  75.8262  100.744  1.81  42.1  56  3.5885  90.6499
60.005  58.0912  394.47  75.2886  100.176  1.9  42.1  56  3.5885  90.6499
60.054  58.0912  410.502  75.4798  102.921  1.82  42.1  56  3.5885  90.6499
60.102  58.0912  418.417  76.0632  100.776  1.78  42.9  56  3.5885  90.6499
60.151  58.22  463.744  74.908  120.745  1.62  42.9  56  3.5885  90.6499
60.199  58.22  397.348  75.7913  97.531  1.88  42.9  56  3.5885  90.6499
60.248  58.22  380.33  76.007  91.965  1.96  42.9  56  3.5885  90.6499
60.297  58.3488  383.311  76.312  90.705  1.94  42.9  56  3.5885  90.6499
60.346  58.3488  439.396  75.2658  111.754  1.7  42.9  56  3.5885  90.6499
60.395  58.4776  447.336  75.4202  112.607  1.67  41.5  56  3.5885  90.6499
60.443  58.4776  437.556  75.2566  111.354  1.71  41.5  56  3.5885  90.6499
60.492  58.4776  554.486  74.5088  148.098  1.35  41.5  56  3.5885  90.6499
60.54  58.6064  530.279  74.539  141.363  1.42  41.5  56  3.5885  90.6499
60.589  58.6064  427.961  76.0812  102.944  1.74  41.5  56  3.5885  90.6499
60.638  58.6064  416.072  76.1257  99.771  1.79  41.5  56  3.5885  90.6499
60.686  58.7352  432.502  75.4776  108.453  1.73  42.8  56  3.5885  90.6499
60.735  58.7352  427.975  75.5584  106.734  1.75  42.8  56  3.5885  90.6499
60.784  58.7352  407.734  76.3231  96.407  1.83  42.8  56  3.5885  90.6499
60.832  58.864  484.494  75.3259  122.732  1.54  42.8  56  3.5885  90.6499
60.881  58.864  1017.19  72.7787  301.152  0.74  42.8  56  3.5885  90.6499
60.93  58.864  971.052  73.2483  279.881  0.78  42.8  56  3.5885  90.6499
60.979  58.9928  988.621  71.7409  309.75  0.77  42.9  56  3.5885  90.6499
61.028  58.9928  1006.06  72.3611  304.854  0.75  42.9  56  3.5885  90.6499
61.077  59.1216  959.92  72.2457  292.713  0.79  42.9  56  3.5885  90.6499
61.125  59.1216  1025.79  71.1755  330.993  0.75  42.9  56  3.5885  90.6499
61.174  59.1216  1005.97  73.2701  289.578  0.75  42.9  56  3.5885  90.6499
61.223  59.2504  951.399  72.5984  284.533  0.8  42.9  56  3.5885  90.6499
61.272  59.2504  1041.12  73.2345  300.315  0.73  42.3  56  3.5885  90.6499
61.321  59.2504  1008.95  73.2441  290.875  0.75  42.3  56  3.5885  90.6499
61.37  59.3792  1011.3  73.0416  294.974  0.75  42.3  56  3.5885  90.6499
61.418  59.3792  1059.7  74.7381  278.948  0.71  42.3  56  3.5885  90.6499
61.467  59.3792  1034.48  76.1299  247.987  0.72  42.3  56  3.5885  90.6499
61.516  59.508  1044.12  76.3734  245.987  0.71  42.3  56  3.5885  90.6499
61.565  59.508  1067.83  76.712  245.435  0.7  42.4  56  3.5885  90.6499
61.614  59.6369  1055.09  75.3512  266.824  0.71  42.4  56  3.5885  90.6499
61.662  59.6369  1071.2  74.2999  289.869  0.7  42.4  56  3.5885  90.6499
61.711  59.6369  1017.69  75.0762  262.091  0.74  42.4  56  3.5885  90.6499
61.76  59.7657  1031.6  75.6327  255.979  0.72  42.4  56  3.5885  90.6499
61.809  59.7657  1042.97  73.0842  303.469  0.72  42.4  56  3.5885  90.6499
61.858  59.7657  1050.02  72.1482  321.89  0.72  41.7  56  3.5885  90.6499
61.906  59.8945  1044.34  74.5977  277.37  0.72  41.7  56  3.5885  90.6499
61.955  59.8945  1091.56  75.6504  270.53  0.68  41.7  56  3.5885  90.6499
62.004  59.8945  1071.26  76.3599  252.628  0.69  41.7  56  3.5885  90.6499
62.053  60.0233  1035.3  72.6466  308.794  0.73  41.7  56  3.5885  90.6499
62.102  60.0233  1104.99  74.6418  292.658  0.68  41.7  56  3.5885  90.6499
62.151  60.0233  1067.69  74.8554  278.941  0.7  43.3  56  3.5885  90.6499
62.199  60.1521  1066.83  74.3645  287.528  0.7  43.3  56  3.5885  90.6499
62.248  60.1521  1114.92  75.0728  287.194  0.67  43.3  56  3.5885  90.6499
62.297  60.1521  1055.24  73.5872  298.163  0.71  43.3  56  3.5885  90.6499
62.345  60.2809  1109.73  74.6541  293.686  0.68  43.3  56  3.5885  90.6499
62.394  60.2809  1102.52  75.3425  278.982  0.68  43.3  56  3.5885  90.6499
62.443  60.4097  1059.54  75.0144  273.972  0.71  43.3  56  3.5885  90.6499
62.492  60.4097  1112.05  73.8331  309.635  0.68  43.7  56  3.5885  90.6499
62.541  60.4097  1111.03  75.8075  272.404  0.67  43.7  56  3.5885  90.6499
62.59  60.5385  1083.51  76.6767  249.69  0.69  43.7  56  3.5885  90.6499
62.638  60.5385  1133.67  76.6561  261.646  0.66  43.7  56  3.5885  90.6499
62.687  60.5385  1093.6  74.0789  299.989  0.69  43.7  56  3.5885  90.6499
62.736  60.6673  1102.81  75.4762  276.565  0.68  43.7  56  3.5885  90.6499
62.785  60.6673  1126.21  77.2616  248.33  0.66  43.8  56  3.5885  90.6499
62.834  60.6673  1106.61  76.6262  255.961  0.67  43.8  56  3.5885  90.6499
62.882  60.7961  1124.82  75.6176  279.396  0.66  43.8  56  3.5885  90.6499
62.931  60.7961  1113.08  73.6395  313.533  0.68  43.8  56  3.5885  90.6499
62.98  60.9249  1076.02  76.0262  259.834  0.69  43.8  56  3.5885  90.6499
63.029  60.9249  1132.45  77.3804  247.415  0.65  43.8  56  3.5885  90.6499
63.078  60.9249  1113.99  76.5181  259.713  0.67  44.4  56  3.5885  90.6499
63.127  61.0537  1076.81  73.991  296.972  0.7  44.4  56  3.5885  90.6499
63.176  61.0537  1129.42  75.4577  283.591  0.66  44.4  56  3.5885  90.6499
63.224  61.0537  1081.3  76.3652  254.897  0.69  44.4  56  3.5885  90.6499
63.273  61.1825  1104.02  75.4064  278.17  0.68  44.4  56  3.5885  90.6499
63.322  61.1825  1130.74  75.0399  291.895  0.66  44.4  56  3.5885  90.6499
63.371  61.1825  1120.69  74.691  295.891  0.67  43.8  56  3.5885  90.6499
63.419  61.3113  1130.78  76.7768  258.66  0.66  43.8  56  3.5885  90.6499
63.468  61.3113  1124.81  76.6406  259.896  0.66  43.8  56  3.5885  90.6499
63.516  61.3113  1129.28  74.561  300.629  0.66  43.8  56  3.5885  90.6499
63.565  61.4401  1140.2  76.3809  268.479  0.65  43.8  56  3.5885  90.6499
63.614  61.4401  1132.79  77.1191  252.527  0.66  43.8  56  3.5885  90.6499
63.663  61.4401  1160.61  76.4213  272.49  0.64  41.8  56  3.5885  90.6499
63.712  61.5689  1168.02  77.0468  261.818  0.64  41.8  56  3.5885  90.6499
63.761  61.5689  1161.81  75.9703  281.65  0.64  41.8  56  3.5885  90.6499
63.809  61.6977  1158.57  78.1181  238.544  0.64  41.8  56  3.5885  90.6499
63.858  61.6977  1176.87  77.3559  257.61  0.63  41.8  56  3.5885  90.6499
63.906  61.6977  1156.9  75.9706  280.456  0.64  41.8  56  3.5885  90.6499
63.955  61.8265  1174.31  75.3604  296.792  0.64  41.8  56  3.5885  90.6499
64.004  61.8265  1167.44  78.2813  237.116  0.63  41.8  56  3.5885  90.6499
64.053  61.8265  1186.71  78.0799  245.113  0.62  41.8  56  3.5885  90.6499
64.101  61.9553  1180.56  77.3525  258.486  0.63  41.8  56  3.5885  90.6499
64.15  61.9553  1197.48  76.3549  282.496  0.62  41.8  56  3.5885  90.6499
64.199  61.9553  1165.67  76.9702  262.811  0.64  41.8  56  3.5885  90.6499
64.248  62.0842  1187.35  79.2808  220.841  0.62  42.2  56  3.5885  90.6499
64.297  62.0842  1169  76.9459  264.043  0.64  42.2  56  3.5885  90.6499
64.346  62.0842  1190.39  77.1212  265.326  0.62  42.2  56  3.5885  90.6499
64.394  62.213  1169.05  78.3099  236.871  0.63  42.2  56  3.5885  90.6499
64.443  62.213  1160.49  78.4279  232.795  0.64  42.2  56  3.5885  90.6499
64.492  62.3418  1201.39  78.1766  246.16  0.62  42.2  56  3.5885  90.6499
64.541  62.3418  1199.87  77.8949  251.619  0.62  43.1  56  3.5885  90.6499
64.589  62.3418  1187.07  78.767  231.24  0.62  43.1  56  3.5885  90.6499
64.638  62.4706  1170.67  79.6964  209.392  0.63  43.1  56  3.5885  90.6499
64.687  62.4706  1208.11  78.1959  247.14  0.61  43.1  56  3.5885  90.6499
64.736  62.4706  1190.7  78.1397  244.72  0.62  43.1  56  3.5885  90.6499
64.785  62.5994  1183.25  78.6264  233.343  0.62  43.1  56  3.5885  90.6499
64.833  62.5994  1198.66  77.0295  269.039  0.62  43.1  56  3.5885  90.6499
64.882  62.5994  1175.74  78.3101  238.222  0.63  42.6  56  3.5885  90.6499
64.931  62.7282  1124.52  79.166  211.368  0.66  42.6  56  3.5885  90.6499
64.98  62.7282  1152.57  77.8172  243.228  0.64  42.6  56  3.5885  90.6499
65.028  62.7282  1135.17  79.1272  214.126  0.65  42.6  56  3.5885  90.6499
65.077  62.857  1169.79  78.9749  223.708  0.63  42.6  56  3.5885  90.6499
65.126  62.857  1179.75  78.0718  243.839  0.63  42.6  56  3.5885  90.6499
65.175  62.9858  1194.85  79.9656  208.19  0.61  42.9  56  3.5885  90.6499
65.224  62.9858  1194.32  78.3485  241.202  0.62  42.9  56  3.5885  90.6499
65.272  62.9858  1213.87  77.3007  266.851  0.61  42.9  56  3.5885  90.6499
65.321  63.1146  1198.03  78.8796  231.065  0.62  42.9  56  3.5885  90.6499
65.37  63.1146  1194.71  78.5097  237.99  0.62  42.9  56  3.5885  90.6499
65.419  63.1146  1198.27  77.6102  257.103  0.62  42.9  56  3.5885  90.6499
65.467  63.2434  1181.46  78.6748  232.012  0.62  43.6  56  3.5885  90.6499
65.516  63.2434  1184.01  78.6365  233.288  0.62  43.6  56  3.5885  90.6499
65.565  63.2434  1191.58  80.1035  204.797  0.62  43.6  56  3.5885  90.6499
65.614  63.3722  1159.77  78.5049  231.123  0.64  43.6  56  3.5885  90.6499
65.662  63.3722  1198.28  78.4491  239.943  0.62  43.6  56  3.5885  90.6499
65.711  63.3722  1148.35  78.7436  224.159  0.64  43.6  56  3.5885  90.6499
65.76  63.501  1149.51  80.0856  197.919  0.64  44  56  3.5885  90.6499
65.809  63.501  1192.04  78.4986  237.682  0.62  44  56  3.5885  90.6499
65.857  63.6298  1209.12  78.3999  243.129  0.61  44  56  3.5885  90.6499
65.906  63.6298  1171.57  77.629  250.999  0.63  44  56  3.5885  90.6499
65.955  63.6298  1167.81  79.8527  205.745  0.63  44  56  3.5885  90.6499
66.004  63.7586  1163.23  79.8672  204.648  0.63  44  56  3.5885  90.6499
66.053  63.7586  1205.74  78.1657  247.274  0.61  43.3  56  3.5885  90.6499
66.102  63.7586  1213.14  77.2083  268.597  0.61  43.3  56  3.5885  90.6499
66.15  63.8874  1216.03  78.7462  237.315  0.61  43.3  56  3.5885  90.6499
66.199  63.8874  1250.79  76.4528  292.994  0.59  43.3  56  3.5885  90.6499
66.248  63.8874  1220.89  77.1485  271.557  0.61  43.3  56  3.5885  90.6499
66.297  64.0162  1188.59  77.8179  250.815  0.62  43.3  56  3.5885  90.6499
66.345  64.0162  1219.05  76.4618  285.371  0.61  43.7  56  3.5885  90.6499
66.394  64.0162  1219.09  78.686  239.169  0.61  43.7  56  3.5885  90.6499
66.443  64.145  1192.29  78.739  232.828  0.62  43.7  56  3.5885  90.6499
66.492  64.145  1213.7  78.7657  236.456  0.61  43.7  56  3.5885  90.6499
66.54  64.2738  1162.05  79.9647  202.494  0.63  43.7  56  3.5885  90.6499
66.589  64.2738  1171.68  79.0255  223.056  0.63  43.7  56  3.5885  90.6499
66.638  64.2738  1156.12  79.323  214.196  0.64  43  56  3.5885  90.6499
66.687  64.4026  1177.4  80.9508  185.186  0.62  43  56  3.5885  90.6499
66.735  64.4026  1173.83  79.6595  210.7  0.63  43  56  3.5885  90.6499
66.784  64.4026  1193.65  78.4795  238.395  0.62  43  56  3.5885  90.6499
66.832  64.5315  1165.84  78.9048  224.353  0.63  43  56  3.5885  90.6499
66.882  64.5315  1197.08  79.219  223.919  0.62  43  56  3.5885  90.6499
66.931  64.5315  1109.04  80.8452  176.45  0.66  42.9  56  3.5885  90.6499
66.979  64.6603  1094.42  79.2905  203.376  0.67  42.9  56  3.5885  90.6499
67.028  64.6603  1091.19  80.7441  175.511  0.67  42.9  56  3.5885  90.6499
67.077  64.6603  1092.92  79.7495  194.487  0.67  42.9  56  3.5885  90.6499
67.126  64.7891  1122.28  79.2488  209.356  0.66  42.9  56  3.5885  90.6499
67.174  64.7891  1199.78  79.0505  227.89  0.61  42.9  56  3.5885  90.6499
67.223  64.9179  1167.06  78.3401  235.865  0.63  42.9  56  3.5885  90.6499
67.272  64.9179  1135.88  78.8816  219.04  0.65  42.7  56  3.5885  90.6499
67.321  64.9179  1179.61  80.2274  200.223  0.62  42.7  56  3.5885  90.6499
67.369  65.0467  1120.96  80.0466  193.754  0.66  42.7  56  3.5885  90.6499
67.418  65.0467  1134.61  79.6505  203.834  0.65  42.7  56  3.5885  90.6499
67.467  65.0467  1123.26  79.8679  197.601  0.65  42.7  56  3.5885  90.6499
67.516  65.1755  1107.01  79.6425  199.029  0.66  42.7  56  3.5885  90.6499
67.565  65.1755  1154.7  80.1319  197.892  0.64  42.7  56  3.5885  90.6499
67.613  65.1755  984.641  82.8154  123.145  0.74  42.7  56  3.5885  90.6499
67.662  65.3043  954.529  82.2857  128.13  0.76  42.7  56  3.5885  90.6499
67.711  65.3043  987.602  83.0537  119.44  0.74  42.7  56  3.5885  90.6499
67.76  65.3043  969.761  82.9002  119.86  0.75  42.7  56  3.5885  90.6499
67.809  65.4331  972.822  82.2279  131.557  0.75  42.7  56  3.5885  90.6499
67.858  65.4331  1002.55  83.2862  117.209  0.73  41.8  56  3.5885  90.6499
67.906  65.5619  982.565  82.6762  125.253  0.74  41.8  56  3.5885  90.6499
67.955  65.5619  1025.97  83.5921  114.504  0.71  41.8  56  3.5885  90.6499
68.004  65.5619  1026.46  83.4513  117.065  0.71  41.8  56  3.5885  90.6499
68.053  65.6907  1010.99  82.6727  128.938  0.72  41.8  56  3.5885  90.6499
68.102  65.6907  1036.05  82.8014  129.827  0.7  41.8  56  3.5885  90.6499
68.15  65.6907  1032.68  82.6847  131.491  0.71  43.8  56  3.5885  90.6499
68.199  65.8195  1035.52  82.3214  138.361  0.7  43.8  56  3.5885  90.6499
68.248  65.8195  1062  82.216  143.836  0.69  43.8  56  3.5885  90.6499
68.297  65.8195  1052.15  82.609  135.348  0.69  43.8  56  3.5885  90.6499
68.346  65.9483  1061.91  81.3607  159.512  0.69  43.8  56  3.5885  90.6499
68.394  65.9483  1079.27  82.0445  149.374  0.68  43.8  56  3.5885  90.6499
68.443  66.0771  1058.84  80.6602  171.839  0.69  42.9  56  3.5885  90.6499
68.492  66.0771  1094.7  81.3018  165.551  0.67  42.9  56  3.5885  90.6499
68.54  66.0771  1092.55  81.8703  154.501  0.67  42.9  56  3.5885  90.6499
68.589  66.2059  1083.22  80.8553  172.154  0.68  42.9  56  3.5885  90.6499
68.638  66.2059  1102.17  80.3756  184.271  0.67  42.9  56  3.5885  90.6499
68.687  66.2059  1097.85  81.741  157.703  0.67  42.9  56  3.5885  90.6499
68.736  66.3347  1081.68  79.9849  188.114  0.68  43.5  56  3.5885  90.6499
68.785  66.3347  1112.79  81.5246  164.008  0.66  43.5  56  3.5885  90.6499
68.833  66.3347  1086.37  80.6324  176.826  0.67  43.5  56  3.5885  90.6499
68.882  66.4635  1093.92  81.1348  168.584  0.67  43.5  56  3.5885  90.6499
68.931  66.4635  1093.28  81.5528  160.6  0.67  43.5  56  3.5885  90.6499
68.98  66.4635  1079.15  81.9365  151.373  0.68  43.5  56  3.5885  90.6499
69.028  66.5923  1095.56  82.5076  142.855  0.67  44.2  56  3.5885  90.6499
69.077  66.5923  1091.08  82.9684  133.566  0.67  44.2  56  3.5885  90.6499
69.126  66.5923  1066.32  82.072  147.076  0.68  44.2  56  3.5885  90.6499
69.175  66.7211  1096.53  82.8553  136.382  0.66  44.2  56  3.5885  90.6499
69.223  66.7211  1084.78  82.3406  144.584  0.67  44.2  56  3.5885  90.6499
69.273  66.85  1083.05  82.6138  139.235  0.67  44.2  56  3.5885  90.6499
69.321  66.85  1099.96  82.1392  150.438  0.66  42.9  56  3.5885  90.6499
69.37  66.85  1086.84  81.7614  155.739  0.67  42.9  56  3.5885  90.6499
69.419  66.9788  1015.7  82.5745  131.266  0.72  42.9  56  3.5885  90.6499
69.468  66.9788  1017.14  83.9691  106.865  0.72  42.9  56  3.5885  90.6499
69.516  66.9788  1023.07  84.1018  105.131  0.71  42.9  56  3.5885  90.6499
69.565  67.1076  1459.48  87.8135  55.682  0.5  42.9  56  3.5885  90.6499
69.614  67.1076  1807.9  95.7397  180.806  0.4  43.2  56  3.5885  90.6499
69.663  67.1076  1946.84  89.0888  30.959  0.37  43.2  56  3.5885  90.6499
69.711  67.2364  1977.67  89.6897  10.71  0.37  43.2  56  3.5885  90.6499
69.76  67.2364  1862.69  95.4514  176.959  0.39  43.2  56  3.5885  90.6499
69.809  67.2364  1969.56  88.8812  38.458  0.37  43.2  56  3.5885  90.6499
69.858  67.3652  1900.12  95.0563  167.466  0.38  43.2  56  3.5885  90.6499
69.907  67.3652  1875.31  95.2811  172.608  0.39  43.2  56  3.5885  90.6499
69.956  67.494  2003.36  89.8036  6.866  0.36  43.5  56  3.5885  90.6499
70.005  67.494  1903.7  96.1266  203.174  0.38  43.5  56  3.5885  90.6499
70.053  67.494  1932.16  89.2851  24.107  0.37  43.5  56  3.5885  90.6499
70.102  67.6228  1927.37  94.866  163.492  0.38  43.5  56  3.5885  90.6499
70.151  67.6228  1883.2  96.3348  207.79  0.39  43.5  56  3.5885  90.6499
70.2  67.6228  2006.24  90.0353  1.235  0.36  43.5  56  3.5885  90.6499
70.248  67.7516  1923.92  94.8135  161.442  0.38  44.1  56  3.5885  90.6499
70.297  67.7516  1949.79  89.8752  4.248  0.37  44.1  56  3.5885  90.6499
70.346  67.7516  1987.97  89.8834  4.045  0.36  44.1  56  3.5885  90.6499
70.395  67.8804  2002  89.8284  5.995  0.36  44.1  56  3.5885  90.6499
70.443  67.8804  1941.41  89.9565  1.476  0.37  44.1  56  3.5885  90.6499
70.492  68.0092  1845.71  90.0413  1.33  0.39  44.1  56  3.5885  90.6499
70.541  68.0092  1890.61  96.2938  207.263  0.38  42.8  56  3.5885  90.6499
70.59  68.0092  1875.96  93.965  129.716  0.39  42.8  56  3.5885  90.6499
70.638  68.138  1932.15  95.1743  174.252  0.38  42.8  56  3.5885  90.6499
70.687  68.138  1882.39  94.8836  160.251  0.39  42.8  56  3.5885  90.6499
70.736  68.138  1963.24  89.1457  29.273  0.37  42.8  56  3.5885  90.6499
70.785  68.2668  1923.26  96.3053  211.225  0.38  42.8  56  3.5885  90.6499
70.833  68.2668  1954.87  89.7736  7.726  0.37  43.7  56  3.5885  90.6499
70.882  68.2668  1833.72  90.0669  2.142  0.39  43.7  56  3.5885  90.6499
70.931  68.3956  1934.59  96.0027  202.311  0.38  43.7  56  3.5885  90.6499
70.98  68.3956  1953.8  89.8166  6.253  0.37  43.7  56  3.5885  90.6499
71.029  68.3956  1991.73  89.7878  7.377  0.36  43.7  56  3.5885  90.6499
71.077  68.5244  1986.08  89.721  9.672  0.36  43.7  56  3.5885  90.6499
71.126  68.5244  1953.11  89.0903  31.009  0.37  43.4  56  3.5885  90.6499
71.175  68.5244  2027.46  89.8724  4.515  0.36  43.4  56  3.5885  90.6499
71.224  68.6532  1891.74  95.2277  172.363  0.38  43.4  56  3.5885  90.6499
71.272  68.6532  1961.52  89.0039  34.098  0.37  43.4  56  3.5885  90.6499
71.321  68.782  1922.18  95.0901  170.539  0.38  43.4  56  3.5885  90.6499
71.37  68.782  1872.96  95.1085  166.774  0.39  43.4  56  3.5885  90.6499
71.419  68.782  1975.09  87.8076  75.559  0.37  43.1  56  3.5885  90.6499
71.467  68.9108  2005.21  89.5428  15.999  0.36  43.1  56  3.5885  90.6499
71.516  68.9108  1871.35  93.9497  128.9  0.39  43.1  56  3.5885  90.6499
71.565  68.9108  1996.42  88.9565  36.358  0.36  43.1  56  3.5885  90.6499
71.614  69.0396  1892.42  95.0565  166.794  0.38  43.1  56  3.5885  90.6499
71.663  69.0396  1815.89  90.0521  1.65  0.4  43.1  56  3.5885  90.6499
71.712  69.0396  1992.61  89.7246  9.578  0.36  42  56  3.5885  90.6499
71.76  69.1684  1885.76  96.2267  204.534  0.39  42  56  3.5885  90.6499
71.809  69.1684  1972.04  87.9436  70.765  0.37  42  56  3.5885  90.6499
71.858  69.1684  1927.62  94.9127  165.076  0.38  42  56  3.5885  90.6499
71.906  69.2973  1861.67  95.5505  180.066  0.39  42  56  3.5885  90.6499
71.956  69.2973  2028.23  89.962  1.343  0.36  42  56  3.5885  90.6499
72.005  69.4261  1918.7  95.9952  200.398  0.38  42.7  56  3.5885  90.6499
72.053  69.4261  1868.26  95.371  174.876  0.39  42.7  56  3.5885  90.6499
72.102  69.4261  1991.86  89.9393  2.109  0.36  42.7  56  3.5885  90.6499
72.151  69.5549  1882.52  95.2117  171.002  0.39  42.7  56  3.5885  90.6499
72.2  69.5549  1986.79  90.0213  0.738  0.36  42.7  56  3.5885  90.6499
72.249  69.5549  1951.79  94.9104  167.07  0.37  42.7  56  3.5885  90.6499
72.297  69.6837  1892.98  96.1392  202.443  0.38  42.7  56  3.5885  90.6499
72.346  69.6837  1955.37  88.8882  37.94  0.37  44.6  56  3.5885  90.6499
72.395  69.6837  1917.06  94.7125  157.497  0.38  44.6  56  3.5885  90.6499
72.444  69.8125  1872.96  95.1085  166.774  0.39  44.6  56  3.5885  90.6499
72.492  69.8125  1984.1  89.8277  5.967  0.36  44.6  56  3.5885  90.6499
72.542  69.9413  1991.63  89.9201  2.778  0.36  44.6  56  3.5885  90.6499
72.591  69.9413  1870.9  94.1399  135.065  0.39  44.6  56  3.5885  90.6499
72.64  69.9413  2007.17  89.707  10.264  0.36  41.8  56  3.5885  90.6499
72.689  70.0701  1895.4  95.038  166.449  0.38  41.8  56  3.5885  90.6499
72.738  70.0701  1983.36  90.0014  0.049  0.36  41.8  56  3.5885  90.6499
72.786  70.0701  1928.91  94.8565  163.303  0.38  41.8  56  3.5885  90.6499
72.835  70.1989  1991.49  90.0147  0.51  0.36  41.8  56  3.5885  90.6499
72.885  70.1989  1972.99  88.8994  37.898  0.37  41.8  56  3.5885  90.6499
72.934  70.1989  1915.78  94.7684  159.255  0.38  41.8  56  3.5885  90.6499
72.983  70.3277  1867.34  94.8854  159.03  0.39  41.8  56  3.5885  90.6499
73.031  70.3277  1914.63  94.849  161.845  0.38  41.8  56  3.5885  90.6499
73.08  70.3277  1909.39  95.0468  167.969  0.38  41.8  56  3.5885  90.6499
73.13  70.4565  1992.77  89.9906  0.327  0.36  41.8  56  3.5885  90.6499
73.178  70.4565  1912.08  94.9604  165.333  0.38  41.8  56  3.5885  90.6499
73.227  70.5853  1964.17  89.7615  8.176  0.37  42.8  56  3.5885  90.6499
73.276  70.5853  1817.34  90.0445  1.412  0.4  42.8  56  3.5885  90.6499
73.325  70.5853  1924.16  94.8601  163.02  0.38  42.8  56  3.5885  90.6499
73.373  70.7141  1885.55  96.1808  203.011  0.39  42.8  56  3.5885  90.6499
73.422  70.7141  1974.74  89.042  33.017  0.37  42.8  56  3.5885  90.6499
73.471  70.7141  1910.43  94.945  164.679  0.38  42.8  56  3.5885  90.6499
73.52  70.8429  1871.6  95.444  177.563  0.39  42.2  56  3.5885  90.6499
73.569  70.8429  1927.13  94.8194  161.908  0.38  42.2  56  3.5885  90.6499
73.617  70.8429  1905  96.0719  201.503  0.38  42.2  56  3.5885  90.6499
73.666  70.9717  1886.97  94.0312  132.652  0.38  42.2  56  3.5885  90.6499
73.715  70.9717  2009.35  89.7519  8.7  0.36  42.2  56  3.5885  90.6499
73.764  70.9717  1881.38  94.9839  163.447  0.39  42.2  56  3.5885  90.6499
73.812  71.1005  1820.33  90.0646  2.051  0.4  41.6  56  3.5885  90.6499
73.861  71.1005  1987.33  89.8284  5.952  0.36  41.6  56  3.5885  90.6499
73.91  71.2293  1941.68  89.8439  5.291  0.37  41.6  56  3.5885  90.6499
73.959  71.2293  1972.41  89.9264  2.535  0.37  41.6  56  3.5885  90.6499
74.007  71.2293  1924.71  94.6643  156.514  0.38  41.6  56  3.5885  90.6499
74.056  71.3581  1965.79  89.9031  3.324  0.37  41.6  56  3.5885  90.6499
74.105  71.3581  1919.21  94.8205  161.281  0.38  41.8  56  3.5885  90.6499
74.154  71.3581  1908.24  96.1013  202.821  0.38  41.8  56  3.5885  90.6499
74.202  71.4869  1871.5  95.1176  166.939  0.39  41.8  56  3.5885  90.6499
74.251  71.4869  1918.41  94.9693  166.175  0.38  41.8  56  3.5885  90.6499
74.3  71.4869  1886.49  95.0932  167.475  0.39  41.8  56  3.5885  90.6499
74.349  71.6157  1992.56  89.8596  4.882  0.36  41.8  56  3.5885  90.6499
74.397  71.6157  2014.56  89.4929  17.829  0.36  41.5  56  3.5885  90.6499
74.446  71.6157  1869.48  95.0119  163.322  0.39  41.5  56  3.5885  90.6499
74.495  71.7446  1991.44  89.9034  3.356  0.36  41.5  56  3.5885  90.6499
74.544  71.7446  1908.98  94.6679  155.353  0.38  41.5  56  3.5885  90.6499
74.592  71.8734  1936.27  89.9096  3.053  0.37  41.5  56  3.5885  90.6499
74.641  71.8734  2008.15  89.9322  2.375  0.36  41.5  56  3.5885  90.6499
74.69  71.8734  1918.83  94.7493  158.87  0.38  41.4  56  3.5885  90.6499
74.739  72.0022  1958.75  88.9063  37.387  0.37  41.4  56  3.5885  90.6499
74.787  72.0022  1907.77  95.0347  167.423  0.38  41.4  56  3.5885  90.6499
74.836  72.0022  1874.74  95.1659  168.802  0.39  41.4  56  3.5885  90.6499
74.885  72.131  1943.81  87.9717  68.799  0.37  41.4  56  3.5885  90.6499
74.934  72.131  1922.42  95.1366  172.116  0.38  41.4  56  3.5885  90.6499
74.982  72.131  1964.7  89.9463  1.842  0.37  41.4  56  3.5885  90.6499
75.031  72.2598  1987.55  89.8476  5.287  0.36  40.8  56  3.5885  90.6499
75.08  72.2598  1909.71  94.8064  160.013  0.38  40.8  56  3.5885  90.6499
75.129  72.2598  1886.38  95.072  166.771  0.39  40.8  56  3.5885  90.6499
75.177  72.3886  1910.8  95.0161  167.07  0.38  40.8  56  3.5885  90.6499
75.226  72.3886  1888.2  95.1297  168.827  0.38  40.8  56  3.5885  90.6499
75.275  72.5174  1868.71  94.0146  130.829  0.39  40.8  56  3.5885  90.6499
75.324  72.5174  1926.8  95.062  170.01  0.38  39.3  56  3.5885  90.6499
75.373  72.5174  1877.21  95.0569  165.467  0.39  39.3  56  3.5885  90.6499
75.421  72.6462  1811.46  90.0397  1.254  0.4  39.3  56  3.5885  90.6499
75.47  72.6462  1987.61  89.7129  9.959  0.36  39.3  56  3.5885  90.6499
75.519  72.6462  1930.11  89.9055  3.183  0.37  39.3  56  3.5885  90.6499
75.568  72.775  1890.7  90.0278  0.917  0.38  39.3  56  3.5885  90.6499
75.617  72.775  1917.06  94.7125  157.497  0.38  39.2  56  3.5885  90.6499
75.665  72.775  1845.88  94.171  134.256  0.39  39.2  56  3.5885  90.6499
75.714  72.9038  1997.87  89.7556  8.52  0.36  39.2  56  3.5885  90.6499
75.763  72.9038  1891.7  96.1935  204.09  0.38  39.2  56  3.5885  90.6499
75.812  72.9038  1869.45  94.1497  135.279  0.39  39.2  56  3.5885  90.6499
75.861  73.0326  2003.23  89.515  16.958  0.36  39.2  56  3.5885  90.6499
75.91  73.0326  1879.58  95.2298  171.325  0.39  38.2  56  3.5885  90.6499
75.958  73.1614  1961.76  89.1541  28.962  0.37  38.2  56  3.5885  90.6499
76.007  73.1614  2001.68  89.5233  16.655  0.36  38.2  56  3.5885  90.6499
76.056  73.1614  1873.49  95.526  180.413  0.39  38.2  56  3.5885  90.6499
76.105  73.2902  1833.53  89.996  0.128  0.39  38.2  56  3.5885  90.6499
76.154  73.2902  1994.7  89.9043  3.332  0.36  38.2  56  3.5885  90.6499
76.203  73.2902  1810.02  90.0472  1.491  0.4  38.6  56  3.5885  90.6499
76.251  73.419  1926.8  95.062  170.01  0.38  38.6  56  3.5885  90.6499
76.3  73.419  1896.72  94.6983  155.358  0.38  38.6  56  3.5885  90.6499
76.349  73.419  1986.79  90.0213  0.738  0.36  38.6  56  3.5885  90.6499
76.398  73.5478  1993.98  89.5645  15.155  0.36  38.6  56  3.5885  90.6499
76.446  73.5478  1865.24  96.3412  206.013  0.39  38.6  56  3.5885  90.6499
76.495  73.5478  1907.06  94.8962  162.768  0.38  38.9  56  3.5885  90.6499
76.544  73.6766  1930.33  94.822  162.263  0.38  38.9  56  3.5885  90.6499
76.593  73.6766  1983.12  89.9826  0.603  0.36  38.9  56  3.5885  90.6499
76.641  73.8054  1982.99  89.8714  4.452  0.36  38.9  56  3.5885  90.6499
76.69  73.8054  1902.65  94.9457  164.029  0.38  38.9  56  3.5885  90.6499
76.739  73.8054  1878.46  95.3087  173.799  0.39  38.9  56  3.5885  90.6499
76.788  73.9342  1930.13  95.09  171.243  0.38  39.5  56  3.5885  90.6499
76.837  73.9342  1896.89  95.0288  166.275  0.38  39.5  56  3.5885  90.6499
76.886  73.9342  1863.04  95.2169  169.398  0.39  39.5  56  3.5885  90.6499
76.934  74.063  1939.46  95.0337  170.17  0.37  39.5  56  3.5885  90.6499
76.983  74.063  1961.33  89.9265  2.518  0.37  39.5  56  3.5885  90.6499
77.032  74.063  1955.37  88.8882  37.94  0.37  39.5  56  3.5885  90.6499
77.081  74.1919  1996.24  89.8964  3.611  0.36  38.2  56  3.5885  90.6499
77.13  74.1919  1987.58  89.9595  1.404  0.36  38.2  56  3.5885  90.6499
77.178  74.1919  1998.01  89.9077  3.218  0.36  38.2  56  3.5885  90.6499
77.227  74.3207  1906.85  94.5606  151.621  0.38  38.2  56  3.5885  90.6499
77.276  74.3207  1873.05  95.4352  177.414  0.39  38.2  56  3.5885  90.6499
77.325  74.4495  2023.58  89.9856  0.51  0.36  38.2  56  3.5885  90.6499
77.374  74.4495  1891.49  94.8734  160.688  0.38  38.9  56  3.5885  90.6499
77.422  74.4495  1999.25  89.9952  0.169  0.36  38.9  56  3.5885  90.6499
77.471  74.5783  2011.34  89.7801  7.721  0.36  38.9  56  3.5885  90.6499
77.52  74.5783  1866.03  95.2199  169.769  0.39  38.9  56  3.5885  90.6499
77.569  74.5783  1969.12  88.8456  39.672  0.37  38.9  56  3.5885  90.6499
77.617  74.7071  1920.45  96.0333  201.85  0.38  38.9  56  3.5885  90.6499
77.666  74.7071  1952.05  89.9377  2.123  0.37  38.9  56  3.5885  90.6499
77.715  74.7071  2022.51  90.0292  1.032  0.36  39.2  56  3.5885  90.6499
77.764  74.8359  1901.69  94.7616  157.86  0.38  39.2  56  3.5885  90.6499
77.813  74.8359  1870.36  95.4981  179.206  0.39  39.2  56  3.5885  90.6499
77.862  74.8359  1930.37  95.1368  172.833  0.38  39.2  56  3.5885  90.6499
77.91  74.9647  1910.38  96.2322  207.389  0.38  39.2  56  3.5885  90.6499
77.959  74.9647  1821.79  90.057  1.812  0.4  39.2  56  3.5885  90.6499
78.008  75.0935  1999.19  89.7283  9.482  0.36  40.7  56  3.5885  90.6499
78.057  75.0935  1994.94  90.0347  1.207  0.36  40.7  56  3.5885  90.6499
78.105  75.0935  1979.54  89.8515  5.132  0.37  40.7  56  3.5885  90.6499
78.154  75.2223  2006.77  89.5346  16.301  0.36  40.7  56  3.5885  90.6499
78.203  75.2223  1883.31  95.3731  176.355  0.39  40.7  56  3.5885  90.6499
78.252  75.2223  2009.15  89.7351  9.289  0.36  40.7  56  3.5885  90.6499
78.301  75.3511  1994.7  89.9043  3.332  0.36  40  56  3.5885  90.6499
78.349  75.3511  1889.11  95.0079  164.907  0.38  40  56  3.5885  90.6499
78.398  75.3511  1936.67  94.8087  162.349  0.37  40  56  3.5885  90.6499
78.447  75.4799  1891.25  94.8276  159.164  0.38  40  56  3.5885  90.6499
78.496  75.4799  1941.81  88.9303  36.253  0.37  40  56  3.5885  90.6499
78.545  75.4799  1928.42  94.7632  160.132  0.38  40  56  3.5885  90.6499
78.594  75.6087  1895.63  95.3932  178.171  0.38  39.1  56  3.5885  90.6499
78.642  75.6087  1955.43  87.8963  71.779  0.37  39.1  56  3.5885  90.6499
78.691  75.7375  1925.5  94.5151  151.578  0.38  39.1  56  3.5885  90.6499
78.74  75.7375  1867.27  94.0245  131.05  0.39  39.1  56  3.5885  90.6499
78.789  75.7375  2002.93  89.7675  8.127  0.36  39.1  56  3.5885  90.6499
78.838  75.8663  1989.39  89.5891  14.267  0.36  39.1  56  3.5885  90.6499
78.886  75.8663  1870.14  95.4528  177.711  0.39  37.7  56  3.5885  90.6499
78.935  75.8663  1989.13  89.7048  10.247  0.36  37.7  56  3.5885  90.6499
78.984  75.9951  1989.07  89.9518  1.673  0.36  37.7  56  3.5885  90.6499
79.033  75.9951  1952.9  88.066  65.906  0.37  37.7  56  3.5885  90.6499
79.082  75.9951  1941.02  95.0242  169.989  0.37  37.7  56  3.5885  90.6499
79.131  76.1239  2007.04  89.9729  0.949  0.36  37.7  56  3.5885  90.6499
79.18  76.1239  1982.17  88.7306  43.912  0.37  38.8  56  3.5885  90.6499
79.228  76.1239  1935.61  94.9119  165.735  0.38  38.8  56  3.5885  90.6499
79.277  76.2527  1892.08  94.9894  164.558  0.38  38.8  56  3.5885  90.6499
79.326  76.2527  1995.39  88.6139  48.267  0.36  38.8  56  3.5885  90.6499
79.375  76.3815  1913.52  94.6391  154.764  0.38  38.8  56  3.5885  90.6499
79.423  76.3815  1991.73  90.0336  1.167  0.36  38.8  56  3.5885  90.6499
79.472  76.3815  1930.95  94.9404  166.293  0.38  39.1  56  3.5885  90.6499
79.521  76.5103  1882.59  96.1974  203.234  0.39  39.1  56  3.5885  90.6499
79.57  76.5103  1963.87  89.0663  32.003  0.37  39.1  56  3.5885  90.6499
79.618  76.5103  1926.88  94.7728  160.326  0.38  39.1  56  3.5885  90.6499
79.667  76.6392  1955.68  89.844  5.324  0.37  39.1  56  3.5885  90.6499
79.716  76.6392  1967.2  88.8187  40.554  0.37  39.1  56  3.5885  90.6499
79.765  76.6392  1998.07  89.7724  7.938  0.36  40.8  56  3.5885  90.6499
79.814  76.768  1878.01  95.2177  170.787  0.39  40.8  56  3.5885  90.6499
79.862  76.768  2006.04  89.7513  8.707  0.36  40.8  56  3.5885  90.6499
79.911  76.768  1883.78  94.5673  150.004  0.39  40.8  56  3.5885  90.6499
79.96  76.8968  1963.03  89.9376  2.137  0.37  40.8  56  3.5885  90.6499
80.009  76.8968  2017.55  89.8843  4.075  0.36  40.8  56  3.5885  90.6499
80.058  77.0256  1908.44  94.862  161.753  0.38  40.8  56  3.5885  90.6499
80.107  77.0256  1966.15  88.863  39.014  0.37  38.9  56  3.5885  90.6499
80.155  77.0256  1932.01  94.8374  162.924  0.38  38.9  56  3.5885  90.6499
80.204  77.1544  1956.75  89.8009  6.798  0.37  38.9  56  3.5885  90.6499
80.253  77.1544  1970.68  89.1033  30.842  0.37  38.9  56  3.5885  90.6499
80.302  77.1544  1990.66  89.6968  10.536  0.36  38.9  56  3.5885  90.6499
80.351  77.2832  1942.05  89.079  31.218  0.37  38.9  56  3.5885  90.6499
80.4  77.2832  1991.73  89.7878  7.377  0.36  38.8  56  3.5885  90.6499
80.448  77.2832  1905.66  94.927  163.669  0.38  38.8  56  3.5885  90.6499
80.497  77.412  1864.35  95.4879  178.297  0.39  38.8  56  3.5885  90.6499
80.546  77.412  1909.98  95.1641  171.915  0.38  38.8  56  3.5885  90.6499
80.595  77.412  1876.06  94.8299  157.96  0.39  38.8  56  3.5885  90.6499
80.644  77.5408  1955.36  88.012  67.833  0.37  38.8  56  3.5885  90.6499
80.692  77.5408  1923.24  94.9876  167.207  0.38  40.6  56  3.5885  90.6499
80.741  77.6696  1953.4  89.7814  7.452  0.37  40.6  56  3.5885  90.6499
80.79  77.6696  1984.86  88.9457  36.521  0.36  40.6  56  3.5885  90.6499
80.839  77.6696  1922.42  95.1366  172.116  0.38  40.6  56  3.5885  90.6499
80.888  77.7984  1874.76  94.0201  131.431  0.39  40.6  56  3.5885  90.6499
80.936  77.7984  1914.87  94.8954  163.408  0.38  40.6  56  3.5885  90.6499
80.985  77.7984  1894.48  96.1308  202.328  0.38  39.6  56  3.5885  90.6499
81.034  77.9272  1992.77  89.9906  0.327  0.36  39.6  56  3.5885  90.6499
81.082  77.9272  1920.74  94.811  161.092  0.38  39.6  56  3.5885  90.6499
81.131  77.9272  1995.99  89.9916  0.292  0.36  39.6  56  3.5885  90.6499
81.18  78.056  1812.81  89.9971  0.093  0.4  39.6  56  3.5885  90.6499
81.229  78.056  1925.21  94.7574  159.672  0.38  39.6  56  3.5885  90.6499
81.277  78.056  1974.82  89.9507  1.698  0.37  38.6  56  3.5885  90.6499
81.326  78.1848  1839.65  90.0364  1.167  0.39  38.6  56  3.5885  90.6499
81.375  78.1848  1921.64  94.6837  156.91  0.38  38.6  56  3.5885  90.6499
81.424  78.3136  1870.65  94.0948  133.579  0.39  38.6  56  3.5885  90.6499
81.472  78.3136  1845.71  90.0413  1.33  0.39  38.6  56  3.5885  90.6499
81.522  78.3136  1904.35  94.3863  145.645  0.38  38.6  56  3.5885  90.6499
81.57  78.4424  1884.34  95.2728  173.168  0.39  38.8  56  3.5885  90.6499
81.619  78.4424  2002.28  89.712  10.063  0.36  38.8  56  3.5885  90.6499
81.668  78.4424  1874.52  95.1205  167.303  0.39  38.8  56  3.5885  90.6499
81.717  78.5712  1971.31  89.0235  33.594  0.37  38.8  56  3.5885  90.6499
81.765  78.5712  1987.19  89.6771  11.2  0.36  38.8  56  3.5885  90.6499
81.815  78.5712  1962.41  89.8833  3.996  0.37  38.8  56  3.5885  90.6499
81.863  78.7  1995.63  89.8437  5.444  0.36  40  56  3.5885  90.6499
81.912  78.7  1902.41  94.8996  162.486  0.38  40  56  3.5885  90.6499
81.961  78.7  1848.38  95.5384  178.393  0.39  40  56  3.5885  90.6499
82.01  78.8288  1856.24  89.9872  0.416  0.39  40  56  3.5885  90.6499
82.058  78.8288  1890.24  94.9284  162.392  0.38  40  56  3.5885  90.6499
82.107  78.9576  1861.02  93.9742  128.982  0.39  40  56  3.5885  90.6499
82.156  78.9576  2003.66  89.5511  15.697  0.36  38.3  56  3.5885  90.6499
82.205  78.9576  1874.97  95.2113  170.303  0.39  38.3  56  3.5885  90.6499
82.253  79.0865  1959.85  89.1271  29.856  0.37  38.3  56  3.5885  90.6499
82.302  79.0865  2010.2  89.8244  6.161  0.36  38.3  56  3.5885  90.6499
82.351  79.0865  1967.48  89.9889  0.382  0.37  38.3  56  3.5885  90.6499
82.4  79.2153  1987.27  89.9629  1.286  0.36  38.3  56  3.5885  90.6499
82.449  79.2153  1907.14  96.2025  206.054  0.38  39  56  3.5885  90.6499
82.498  79.2153  1870.57  95.5435  180.7  0.39  39  56  3.5885  90.6499
82.547  79.3441  1917.68  94.8301  161.47  0.38  39  56  3.5885  90.6499
82.595  79.3441  1883.99  95.2027  170.84  0.39  39  56  3.5885  90.6499
82.644  79.3441  1883.43  95.0903  167.109  0.39  39  56  3.5885  90.6499
82.693  79.4729  2005.1  89.8124  6.567  0.36  39  56  3.5885  90.6499
82.742  79.4729  1871.15  95.048  164.645  0.39  39  56  3.5885  90.6499
82.79  79.6017  1973.24  89.0506  32.696  0.37  39.3  56  3.5885  90.6499
82.839  79.6017  1934.37  95.9557  200.709  0.38  39.3  56  3.5885  90.6499
82.888  79.6017  1853.03  90.0237  0.766  0.39  39.3  56  3.5885  90.6499
82.937  79.7305  1968.76  89.0762  31.741  0.37  39.3  56  3.5885  90.6499
82.986  79.7305  1895.95  94.8453  160.141  0.38  39.3  56  3.5885  90.6499
83.034  79.7305  1986.79  90.0213  0.738  0.36  39.3  56  3.5885  90.6499
83.083  79.8593  1929.4  94.9499  166.477  0.38  38.6  56  3.5885  90.6499
83.132  79.8593  1876.91  96.2761  205.182  0.39  38.6  56  3.5885  90.6499
83.181  79.8593  1943.73  89.2192  26.488  0.37  38.6  56  3.5885  90.6499
83.23  79.9881  1930.37  95.1368  172.833  0.38  38.6  56  3.5885  90.6499
83.278  79.9881  1883  96.289  206.271  0.39  38.6  56  3.5885  90.6499
83.327  79.9881  2016.94  89.981  0.669  0.36  38.6  56  3.5885  90.6499
83.376  80.1169  1916.99  95.0002  167.083  0.38  40.2  56  3.5885  90.6499
83.425  80.1169  1934.82  89.9173  2.792  0.37  40.2  56  3.5885  90.6499
83.473  80.2457  2001.94  89.964  1.26  0.36  40.2  56  3.5885  90.6499
83.522  80.2457  1885.33  94.865  159.892  0.39  40.2  56  3.5885  90.6499
83.571  80.2457  1871.73  95.1629  168.434  0.39  40.2  56  3.5885  90.6499
83.62  80.3745  1998.34  89.6562  11.992  0.36  40.2  56  3.5885  90.6499
83.669  80.3745  1895.63  95.0839  167.981  0.38  39.8  56  3.5885  90.6499
83.718  80.3745  1876.46  94.0554  132.704  0.39  39.8  56  3.5885  90.6499
83.766  80.5033  1994.15  89.7165  9.866  0.36  39.8  56  3.5885  90.6499
83.815  80.5033  1943.54  89.8711  4.372  0.37  39.8  56  3.5885  90.6499
83.864  80.5033  1959.85  89.1271  29.856  0.37  39.8  56  3.5885  90.6499
83.913  80.6321  1911.06  96.0379  201.018  0.38  39.8  56  3.5885  90.6499
83.961  80.6321  1870.94  95.3079  173.077  0.39  40.1  56  3.5885  90.6499
84.01  80.6321  1986.03  89.8555  5.008  0.36  40.1  56  3.5885  90.6499
84.059  80.7609  1903.02  96.3202  209.493  0.38  40.1  56  3.5885  90.6499
84.108  80.7609  1870.9  94.1399  135.065  0.39  40.1  56  3.5885  90.6499
84.156  80.8897  2006.33  89.4984  17.566  0.36  40.1  56  3.5885  90.6499
84.205  80.8897  1889.53  94.7913  157.825  0.38  40.1  56  3.5885  90.6499
84.254  80.8897  1876.71  94.1006  134.199  0.39  39.2  56  3.5885  90.6499
84.303  81.0185  2003.83  89.7039  10.355  0.36  39.2  56  3.5885  90.6499
84.351  81.0185  1882.06  95.4276  178.021  0.39  39.2  56  3.5885  90.6499
84.4  81.0185  1839.65  90.0364  1.167  0.39  39.2  56  3.5885  90.6499
84.449  81.1473  1919.81  94.935  165.152  0.38  39.2  56  3.5885  90.6499
84.498  81.1473  1795.42  89.9992  0.026  0.4  39.2  56  3.5885  90.6499
84.546  81.1473  1911.6  94.8679  162.216  0.38  38.9  56  3.5885  90.6499
84.595  81.2761  1901.91  96.421  212.698  0.38  38.9  56  3.5885  90.6499
84.644  81.2761  1865.79  95.4791  178.151  0.39  38.9  56  3.5885  90.6499
84.693  81.2761  1908.7  95.2195  173.639  0.38  38.9  56  3.5885  90.6499
84.741  81.4049  1868.92  95.202  169.449  0.39  38.9  56  3.5885  90.6499
84.79  81.4049  1969.41  89.9419  1.996  0.37  38.9  56  3.5885  90.6499
84.839  81.5338  1922.68  94.5811  153.563  0.38  38  56  3.5885  90.6499
84.888  81.5338  1949.11  89.9531  1.596  0.37  38  56  3.5885  90.6499
84.937  81.5338  1956.82  88.0026  68.204  0.37  38  56  3.5885  90.6499
84.986  81.6626  1897.68  94.8818  161.493  0.38  38  56  3.5885  90.6499
85.034  81.6626  1870.27  95.172  168.596  0.39  38  56  3.5885  90.6499
85.083  81.6626  2002.93  89.7675  8.127  0.36  38  56  3.5885  90.6499
85.132  81.7914  1903.02  96.3202  209.493  0.38  38  56  3.5885  90.6499
85.181  81.7914  1864.7  95.2531  170.723  0.39  38.7  56  3.5885  90.6499
85.23  81.7914  1911.03  95.0623  168.628  0.38  38.7  56  3.5885  90.6499
85.278  81.9202  1885.47  95.1936  170.677  0.39  38.7  56  3.5885  90.6499
85.327  81.9202  2000.3  89.952  1.677  0.36  38.7  56  3.5885  90.6499
85.376  81.9202  1912.25  94.6949  156.519  0.38  38.7  56  3.5885  90.6499
85.425  82.049  1775.63  90.0345  1.068  0.41  38.7  56  3.5885  90.6499
85.473  82.049  1906.26  95.044  167.598  0.38  39.9  56  3.5885  90.6499
85.522  82.1778  1920.88  96.1267  205.009  0.38  39.9  56  3.5885  90.6499
85.571  82.1778  1854.62  94.1575  134.456  0.39  39.9  56  3.5885  90.6499
85.62  82.1778  1929.65  94.9966  168.065  0.38  39.9  56  3.5885  90.6499
85.668  82.3066  1896.66  94.9829  164.741  0.38  39.9  56  3.5885  90.6499
85.717  82.3066  1874.42  95.0995  166.607  0.39  39.9  56  3.5885  90.6499
85.766  82.3066  1922.18  95.0901  170.539  0.38  39.4  56  3.5885  90.6499
85.815  82.4354  1887.64  96.3103  207.475  0.39  39.4  56  3.5885  90.6499
85.863  82.4354  1992.77  89.9906  0.327  0.36  39.4  56  3.5885  90.6499
85.912  82.4354  1910.67  94.9913  166.236  0.38  39.4  56  3.5885  90.6499
85.961  82.5642  1859.45  93.9601  128.416  0.39  39.4  56  3.5885  90.6499
86.01  82.5642  1967.89  89.0051  34.168  0.37  39.4  56  3.5885  90.6499
86.059  82.5642  1911.95  94.9356  164.498  0.38  40.2  56  3.5885  90.6499
86.107  82.693  1953.53  89.9299  2.388  0.37  40.2  56  3.5885  90.6499
86.156  82.693  1920.98  94.8575  162.665  0.38  40.2  56  3.5885  90.6499
86.205  82.8218  1883.39  96.3807  209.309  0.39  40.2  56  3.5885  90.6499
86.253  82.8218  1877.41  93.955  129.49  0.39  40.2  56  3.5885  90.6499
86.303  82.8218  1947.79  95.0806  172.491  0.37  40.2  56  3.5885  90.6499
86.351  82.9506  1988.49  90.03  1.041  0.36  40.3  56  3.5885  90.6499
86.4  82.9506  1874.5  93.9749  129.94  0.39  40.3  56  3.5885  90.6499
86.449  82.9506  1952.04  94.9577  168.695  0.37  40.3  56  3.5885  90.6499
86.498  83.0794  1983.12  89.9826  0.603  0.36  40.3  56  3.5885  90.6499
86.547  83.0794  2002.65  89.8839  4.06  0.36  40.3  56  3.5885  90.6499
86.595  83.0794  1919.37  94.5541  152.398  0.38  40.3  56  3.5885  90.6499
86.644  83.2082  1852.79  95.2343  169.026  0.39  39.3  56  3.5885  90.6499
86.693  83.2082  2025.12  89.9777  0.787  0.36  39.3  56  3.5885  90.6499
86.741  83.2082  1899.39  96.198  205.067  0.38  39.3  56  3.5885  90.6499
86.79  83.337  1815.89  90.0521  1.65  0.4  39.3  56  3.5885  90.6499
86.839  83.337  1941.26  95.0712  171.597  0.37  39.3  56  3.5885  90.6499
86.888  83.4658  1897.88  96.2064  205.18  0.38  39.3  56  3.5885  90.6499
86.936  83.4658  1844.22  90.049  1.577  0.39  40.6  56  3.5885  90.6499
86.985  83.4658  1926.5  94.7012  157.896  0.38  40.6  56  3.5885  90.6499
87.034  83.5946  1868.48  95.1115  166.469  0.39  40.6  56  3.5885  90.6499
87.083  83.5946  1830.68  90.0467  1.493  0.4  40.6  56  3.5885  90.6499
87.132  83.5946  1904.15  94.9363  163.85  0.38  40.6  56  3.5885  90.6499
87.18  83.7234  1883.89  95.1815  170.137  0.39  40.6  56  3.5885  90.6499
87.229  83.7234  2010  89.8076  6.75  0.36  39.1  56  3.5885  90.6499
87.278  83.7234  1897.36  95.1207  169.346  0.38  39.1  56  3.5885  90.6499
87.327  83.8522  1861.82  95.2709  171.035  0.39  39.1  56  3.5885  90.6499
87.376  83.8522  2009.19  89.5988  14.07  0.36  39.1  56  3.5885  90.6499
87.424  83.8522  1876.2  95.1569  168.639  0.39  39.1  56  3.5885  90.6499
87.473  83.9811  1955.43  89.1524  28.926  0.37  39.1  56  3.5885  90.6499
87.522  83.9811  1983.04  89.737  9.102  0.36  39.7  56  3.5885  90.6499
87.571  84.1099  1791.18  90.0216  0.676  0.4  39.7  56  3.5885  90.6499
87.62  84.1099  1970.56  87.9531  70.384  0.37  39.7  56  3.5885  90.6499
87.668  84.1099  1901.3  96.2822  208.05  0.38  39.7  56  3.5885  90.6499
87.717  84.2387  1939.56  89.9292  2.397  0.37  39.7  56  3.5885  90.6499
87.767  84.2387  1913.02  95.1457  171.575  0.38  39.7  56  3.5885  90.6499
87.815  84.2387  1907.14  96.2025  206.054  0.38  39.7  56  3.5885  90.6499
87.864  84.3675  1864.38  94.0442  131.488  0.39  40.3  56  3.5885  90.6499
87.913  84.3675  2008.92  89.7157  9.969  0.36  40.3  56  3.5885  90.6499
87.961  84.3675  1879.13  95.1388  168.31  0.39  40.3  56  3.5885  90.6499
88.01  84.4963  1978.03  89.8594  4.855  0.37  40.3  56  3.5885  90.6499
88.059  84.4963  1923.67  94.767  159.865  0.38  40.3  56  3.5885  90.6499
88.108  84.6251  1976.74  89.9781  0.755  0.37  40.3  56  3.5885  90.6499
88.157  84.6251  1991.03  89.8676  4.602  0.36  40.2  56  3.5885  90.6499
88.205  84.6251  1905.66  94.927  163.669  0.38  40.2  56  3.5885  90.6499
88.254  84.7539  1867.6  95.2352  170.407  0.39  40.2  56  3.5885  90.6499
88.303  84.7539  1920.74  94.811  161.092  0.38  40.2  56  3.5885  90.6499
88.352  84.7539  1997.49  89.9839  0.562  0.36  40.2  56  3.5885  90.6499
88.401  84.8827  1932.16  89.2851  24.107  0.37  40.2  56  3.5885  90.6499
88.449  84.8827  2014.31  89.6103  13.701  0.36  39.3  56  3.5885  90.6499
88.498  84.8827  1869.93  95.1024  166.304  0.39  39.3  56  3.5885  90.6499
88.547  85.0115  2007.29  89.992  0.281  0.36  39.3  56  3.5885  90.6499
88.596  85.0115  1912.42  95.0282  167.617  0.38  39.3  56  3.5885  90.6499
88.645  85.0115  1874.51  95.4263  177.265  0.39  39.3  56  3.5885  90.6499
88.694  85.1403  1894.36  93.9811  131.522  0.38  39.3  56  3.5885  90.6499
88.743  85.1403  1909.07  96.287  209.061  0.38  37.1  56  3.5885  90.6499
88.791  85.2691  1979.94  89.9816  0.636  0.37  37.1  56  3.5885  90.6499
88.84  85.2691  1932.99  95.0245  169.294  0.38  37.1  56  3.5885  90.6499
88.889  85.2691  1898.5  96.3449  209.81  0.38  37.1  56  3.5885  90.6499
88.938  85.3979  1999.25  89.9952  0.169  0.36  37.1  56  3.5885  90.6499
88.986  85.3979  1933.67  94.8496  163.472  0.38  37.1  56  3.5885  90.6499
89.035  85.3979  1884.27  96.235  204.643  0.39  36.5  56  3.5885  90.6499
89.084  85.5267  1981.47  89.8793  4.176  0.37  36.5  56  3.5885  90.6499
89.133  85.5267  1994.84  89.6365  12.657  0.36  36.5  56  3.5885  90.6499
89.181  85.5267  1876.33  95.1812  169.444  0.39  36.5  56  3.5885  90.6499
89.23  85.6555  1995.34  89.9595  1.41  0.36  36.5  56  3.5885  90.6499
89.28  85.6555  1899.39  96.198  205.067  0.38  36.5  56  3.5885  90.6499
89.328  85.6555  1874.51  95.4263  177.265  0.39  35.5  56  3.5885  90.6499
89.377  85.7843  1937.72  94.7053  158.954  0.37  35.5  56  3.5885  90.6499
89.426  85.7843  1900.89  96.1897  204.954  0.38  35.5  56  3.5885  90.6499
89.475  85.9131  1886.15  95.0263  165.253  0.39  35.5  56  3.5885  90.6499
89.523  85.9131  2004.26  89.7401  9.093  0.36  35.5  56  3.5885  90.6499
89.572  85.9131  1869.25  94.9667  161.832  0.39  35.5  56  3.5885  90.6499
89.621  86.0419  1960.47  89.0479  32.577  0.37  33.7  56  3.5885  90.6499
89.67  86.0419  1907.47  94.6775  155.549  0.38  33.7  56  3.5885  90.6499
89.719  86.0419  1947.65  89.9608  1.333  0.37  33.7  56  3.5885  90.6499
89.767  86.1707  2006.75  88.8586  39.975  0.36  33.7  56  3.5885  90.6499
89.816  86.1707  1902.65  94.9457  164.029  0.38  33.7  56  3.5885  90.6499
89.865  86.1707  1884.68  95.0355  165.425  0.39  33.7  56  3.5885  90.6499
89.914  86.2996  2012.56  89.4649  18.794  0.36  31.2  56  3.5885  90.6499
89.962  86.2996  1891.02  96.3859  210.327  0.38  31.2  56  3.5885  90.6499
90.011  86.2996  1873.8  94.1203  134.634  0.39  31.2  56  3.5885  90.6499
90.06  86.4284  1942.53  94.698  159.1  0.37  31.2  56  3.5885  90.6499
90.109  86.4284  1885.55  96.1808  203.011  0.39  31.2  56  3.5885  90.6499
90.158  86.5572  2004.48  89.7594  8.416  0.36  31.2  56  3.5885  90.6499
90.206  86.5572  1936.59  96.0882  205.394  0.38  31.2  56  3.5885  90.6499
90.255  86.5572  1988.49  90.03  1.041  0.36  30.3  56  3.5885  90.6499
90.304  86.686  1918.41  94.9693  166.175  0.38  30.3  56  3.5885  90.6499
90.353  86.686  1899.17  94.8724  161.31  0.38  30.3  56  3.5885  90.6499
90.402  86.686  1882.42  95.1906  170.3  0.39  30.3  56  3.5885  90.6499
90.45  86.8148  1929.89  95.0433  169.654  0.38  30.3  56  3.5885  90.6499
90.499  86.8148  1886.03  95.0019  164.44  0.39  30.3  56  3.5885  90.6499
90.548  86.8148  1884.98  93.9503  129.859  0.38  30  56  3.5885  90.6499
90.597  86.9436  1937.59  94.6802  158.097  0.37  30  56  3.5885  90.6499
90.645  86.9436  2000.97  90.0039  0.136  0.36  30  56  3.5885  90.6499
90.694  86.9436  1981.47  89.8793  4.176  0.37  30  56  3.5885  90.6499
90.743  87.0724  2003.13  89.7843  7.542  0.36  30  56  3.5885  90.6499
90.792  87.0724  1885.37  95.1725  169.973  0.39  30  56  3.5885  90.6499
90.841  87.2012  1912.31  95.0067  166.893  0.38  28.3  56  3.5885  90.6499
90.89  87.2012  1895.4  95.038  166.449  0.38  28.3  56  3.5885  90.6499
90.939  87.2012  1877.34  95.0813  166.273  0.39  28.3  56  3.5885  90.6499
90.988  87.33  1923.72  95.0807  170.363  0.38  28.3  56  3.5885  90.6499
91.037  87.33  1877.21  95.0569  165.467  0.39  28.3  56  3.5885  90.6499
91.085  87.33  1971.31  89.0235  33.594  0.37  28.3  56  3.5885  90.6499
91.134  87.4588  1930.37  94.5323  152.54  0.38  26.8  56  3.5885  90.6499
91.183  87.4588  1877.99  94.9114  160.785  0.39  26.8  56  3.5885  90.6499
91.232  87.4588  1973.24  89.0506  32.696  0.37  26.8  56  3.5885  90.6499
91.28  87.5876  1912.5  94.7412  158.077  0.38  26.8  56  3.5885  90.6499
91.329  87.5876  1881.4  95.2908  173.484  0.39  26.8  56  3.5885  90.6499
91.378  87.5876  2006.04  89.7513  8.707  0.36  26.8  56  3.5885  90.6499
91.427  87.7164  1906.51  96.0634  201.383  0.38  26.6  56  3.5885  90.6499
91.476  87.7164  1830.68  90.0467  1.493  0.4  26.6  56  3.5885  90.6499
91.524  87.8452  1936.82  95.1463  173.732  0.38  26.6  56  3.5885  90.6499
91.573  87.8452  1873.73  95.2657  171.962  0.39  26.6  56  3.5885  90.6499
91.622  87.8452  1958.57  89.021  33.463  0.37  26.6  56  3.5885  90.6499
91.671  87.974  2000.46  89.8364  5.711  0.36  26.6  56  3.5885  90.6499
91.72  87.974  1956.75  89.8009  6.798  0.37  26.2  56  3.5885  90.6499
91.769  87.974  1984.22  89.0261  33.726  0.36  26.2  56  3.5885  90.6499
91.817  88.1028  1926.39  95.9521  199.761  0.38  26.2  56  3.5885  90.6499
91.866  88.1028  1889.81  95.1451  169.476  0.38  26.2  56  3.5885  90.6499
91.915  88.1028  1919.36  95.1551  172.459  0.38  26.2  56  3.5885  90.6499
91.963  88.2316  1893.8  96.3234  208.585  0.38  26.2  56  3.5885  90.6499
92.012  88.2316  1963.43  89.0308  33.21  0.37  26  56  3.5885  90.6499
92.061  88.2316  1926.88  94.7728  160.326  0.38  26  56  3.5885  90.6499
92.11  88.3604  1870.6  95.2383  170.782  0.39  26  56  3.5885  90.6499
92.158  88.3604  1883.52  93.9603  130.086  0.39  26  56  3.5885  90.6499
92.207  88.4892  1920.9  94.5444  152.195  0.38  26  56  3.5885  90.6499
92.256  88.4892  1812.85  90.0133  0.421  0.4  26  56  3.5885  90.6499
92.305  88.4892  1990.2  89.7958  7.093  0.36  26.1  56  3.5885  90.6499
92.354  88.618  1916.57  94.6198  154.367  0.38  26.1  56  3.5885  90.6499
92.402  88.618  1953.53  89.9299  2.388  0.37  26.1  56  3.5885  90.6499
92.451  88.618  2040.61  90.0152  0.542  0.35  26.1  56  3.5885  90.6499
92.5  88.7469  1903.91  96.1729  204.726  0.38  26.1  56  3.5885  90.6499
92.549  88.7469  1886.61  95.1177  168.289  0.38  26.1  56  3.5885  90.6499
92.598  88.7469  1943.84  94.6413  157.289  0.37  27  56  3.5885  90.6499
92.646  88.8757  1814.29  90.0057  0.182  0.4  27  56  3.5885  90.6499
92.695  88.8757  1976.93  89.9029  3.352  0.37  27  56  3.5885  90.6499
92.744  88.8757  1934.37  95.9557  200.709  0.38  27  56  3.5885  90.6499
92.793  89.0045  1796.92  90.0264  0.827  0.4  27  56  3.5885  90.6499
92.842  89.0045  1976.24  89.0334  33.338  0.37  27  56  3.5885  90.6499
92.89  89.1333  1911.47  94.8431  161.382  0.38  27  56  3.5885  90.6499
92.939  89.1333  1882.06  95.4276  178.021  0.39  27.1  56  3.5885  90.6499
92.988  89.1333  1922.27  94.8015  160.902  0.38  27.1  56  3.5885  90.6499
93.037  89.2621  2007.04  89.9729  0.949  0.36  27.1  56  3.5885  90.6499
93.085  89.2621  1878.46  95.3087  173.799  0.39  27.1  56  3.5885  90.6499
93.134  89.2621  1931.92  95.1275  172.659  0.38  27.1  56  3.5885  90.6499
93.183  89.3909  1989.53  89.9871  0.449  0.36  27.1  56  3.5885  90.6499
93.232  89.3909  1967.2  88.8187  40.554  0.37  27.7  56  3.5885  90.6499
93.28  89.3909  2007.2  89.5708  15.036  0.36  27.7  56  3.5885  90.6499
93.329  89.5197  1964.12  89.9693  1.054  0.37  27.7  56  3.5885  90.6499
93.378  89.5197  1830.68  90.0467  1.493  0.4  27.7  56  3.5885  90.6499
93.427  89.5197  1915.58  96.3469  211.764  0.38  27.7  56  3.5885  90.6499
93.476  89.6485  1877.56  95.1267  167.777  0.39  27.7  56  3.5885  90.6499
93.525  89.6485  1924.78  94.9782  167.025  0.38  28.9  56  3.5885  90.6499
93.574  89.7773  1896.59  96.2608  206.832  0.38  28.9  56  3.5885  90.6499
93.622  89.7773  1966.01  89.9221  2.673  0.37  28.9  56  3.5885  90.6499
93.671  89.7773  1938.22  94.7991  162.155  0.37  28.9  56  3.5885  90.6499
93.72  89.9061  1874.52  95.1205  167.303  0.39  28.9  56  3.5885  90.6499
93.769  89.9061  1984.51  89.8634  4.73  0.36  28.9  56  3.5885  90.6499
93.818  89.9061  1927.79  94.645  156.116  0.38  28.8  56  3.5885  90.6499
93.866  90.0349  1972.77  90.0359  1.237  0.37  28.8  56  3.5885  90.6499
93.915  90.0349  2014.93  89.9531  1.651  0.36  28.8  56  3.5885  90.6499
93.964  90.0349  1896.89  95.0288  166.275  0.38  28.8  56  3.5885  90.6499
94.013  90.1637  1887.07  95.2091  171.328  0.38  28.8  56  3.5885  90.6499
94.062  90.1637  1996.88  89.9516  1.686  0.36  28.8  56  3.5885  90.6499
94.111  90.1637  1891.16  95.1115  168.491  0.38  29  56  3.5885  90.6499
94.16  90.2925  1877.92  94.0455  132.483  0.39  29  56  3.5885  90.6499
94.208  90.2925  2016.74  89.6748  11.447  0.36  29  56  3.5885  90.6499
94.257  90.4213  1883.86  94.8743  160.072  0.39  29  56  3.5885  90.6499
94.306  90.4213  2023.1  89.9497  1.776  0.36  29  56  3.5885  90.6499
94.355  90.4213  1929.02  96.1779  207.593  0.38  29  56  3.5885  90.6499
94.403  90.5501  1863.26  95.262  170.879  0.39  29.6  56  3.5885  90.6499
94.452  90.5501  2006.59  89.9402  2.094  0.36  29.6  56  3.5885  90.6499
94.501  90.5501  1898.46  94.7346  156.701  0.38  29.6  56  3.5885  90.6499
94.55  90.6789  1880.72  95.1541  168.953  0.39  29.6  56  3.5885  90.6499
94.598  90.6789  1931.76  94.7907  161.333  0.38  29.6  56  3.5885  90.6499
94.647  90.6789  1885.24  95.148  169.16  0.39  29.6  56  3.5885  90.6499
94.696  90.8077  1885.14  95.1268  168.456  0.39  29.5  56  3.5885  90.6499
94.744  90.8077  2008.22  89.7962  7.142  0.36  29.5  56  3.5885  90.6499
94.793  90.8077  1885.1  94.8194  158.377  0.39  29.5  56  3.5885  90.6499
94.842  90.9365  1973.43  88.935  36.679  0.37  29.5  56  3.5885  90.6499
94.89  90.9365  1920.45  96.0333  201.85  0.38  29.5  56  3.5885  90.6499
94.939  90.9365  1971.87  89.966  1.169  0.37  29.5  56  3.5885  90.6499
94.988  91.0653  1925.59  94.829  162.099  0.38  29.4  56  3.5885  90.6499
95.037  91.0653  1907.55  96.2954  209.17  0.38  29.4  56  3.5885  90.6499
95.086  91.1942  1881.96  95.0994  167.277  0.39  29.4  56  3.5885  90.6499
95.134  91.1942  1933.06  94.7343  159.547  0.38  29.4  56  3.5885  90.6499
95.183  91.1942  1987.58  89.9595  1.404  0.36  29.4  56  3.5885  90.6499
95.232  91.323  1891.74  95.2277  172.363  0.38  29.4  56  3.5885  90.6499
95.281  91.323  2014.74  89.6466  12.426  0.36  29.4  56  3.5885  90.6499
95.33  91.323  1855.34  96.4427  208.186  0.39  29.5  56  3.5885  90.6499
95.378  91.4518  1882.31  94.0156  131.816  0.39  29.5  56  3.5885  90.6499
95.427  91.4518  1914.74  94.8705  162.57  0.38  29.5  56  3.5885  90.6499
95.476  91.4518  1880.37  95.3909  176.661  0.39  29.5  56  3.5885  90.6499
95.525  91.5806  2023.58  89.9856  0.51  0.36  29.5  56  3.5885  90.6499
95.574  91.5806  1896.38  96.2147  205.291  0.38  29.5  56  3.5885  90.6499
95.622  91.5806  1860.24  95.5592  180.207  0.39  29.7  56  3.5885  90.6499
95.671  91.7094  1933.56  94.8279  162.733  0.38  29.7  56  3.5885  90.6499
95.72  91.7094  1888.76  94.9377  162.57  0.38  29.7  56  3.5885  90.6499
95.769  91.8382  1960.28  89.1625  28.652  0.37  29.7  56  3.5885  90.6499
95.818  91.8382  1996.11  89.7444  8.904  0.36  29.7  56  3.5885  90.6499
95.867  91.8382  1864.46  94.9038  159.381  0.39  29.7  56  3.5885  90.6499
95.915  91.967  1977.93  88.9089  37.662  0.37  30.1  56  3.5885  90.6499
95.964  91.967  2011.34  89.7801  7.721  0.36  30.1  56  3.5885  90.6499
96.013  91.967  1940.62  89.8866  3.842  0.37  30.1  56  3.5885  90.6499
96.062  92.0958  1854.73  89.9949  0.164  0.39  30.1  56  3.5885  90.6499
96.11  92.0958  1911.7  96.1774  205.711  0.38  30.1  56  3.5885  90.6499
96.159  92.0958  1870.05  95.1267  167.104  0.39  30.1  56  3.5885  90.6499
96.208  92.2246  2001  89.6037  13.839  0.36  30.4  56  3.5885  90.6499
96.257  92.2246  1888.92  96.2561  205.841  0.39  30.4  56  3.5885  90.6499
96.305  92.3534  1820.24  90.0294  0.933  0.4  30.4  56  3.5885  90.6499
96.354  92.3534  1924.21  94.5713  153.36  0.38  30.4  56  3.5885  90.6499
96.403  92.3534  1874.07  95.0298  164.306  0.39  30.4  56  3.5885  90.6499
96.452  92.4822  1907.06  94.8962  162.768  0.38  30.4  56  3.5885  90.6499
96.5  92.4822  1913.94  95.0189  167.44  0.38  29.8  56  3.5885  90.6499
96.549  92.4822  1941.02  89.9215  2.659  0.37  29.8  56  3.5885  90.6499
96.598  92.611  1914.87  94.8954  163.408  0.38  29.8  56  3.5885  90.6499
96.647  92.611  1903.7  96.1266  203.174  0.38  29.8  56  3.5885  90.6499
96.695  92.611  1870.15  94.0047  130.608  0.39  29.8  56  3.5885  90.6499
96.744  92.7398  2009.19  89.5988  14.07  0.36  29.8  56  3.5885  90.6499
96.793  92.7398  1890  96.1559  202.672  0.38  29.1  56  3.5885  90.6499
96.842  92.8686  1826.17  90.0342  1.091  0.4  29.1  56  3.5885  90.6499
96.89  92.8686  1918.83  94.7493  158.87  0.38  29.1  56  3.5885  90.6499
96.939  92.8686  1874.29  95.0751  165.804  0.39  29.1  56  3.5885  90.6499
96.988  92.9974  2014.34  90.0323  1.135  0.36  29.1  56  3.5885  90.6499
97.037  92.9974  1923.53  96.0161  201.601  0.38  29.1  56  3.5885  90.6499
97.085  92.9974  1945.39  89.8984  3.45  0.37  29.2  56  3.5885  90.6499
97.134  93.1262  1919.69  94.9134  164.422  0.38  29.2  56  3.5885  90.6499
97.183  93.1262  1900.4  96.4292  212.799  0.38  29.2  56  3.5885  90.6499
97.232  93.1262  1873.18  95.1539  168.27  0.39  29.2  56  3.5885  90.6499
97.28  93.255  2008.75  89.5625  15.338  0.36  29.2  56  3.5885  90.6499
97.33  93.255  1884.79  95.0567  166.128  0.39  29.2  56  3.5885  90.6499
97.378  93.3838  1884.98  93.9503  129.859  0.38  28.8  56  3.5885  90.6499
97.427  93.3838  1923.42  94.7205  158.289  0.38  28.8  56  3.5885  90.6499
97.476  93.3838  1871.69  94.8577  158.498  0.39  28.8  56  3.5885  90.6499
97.525  93.5126  2023.1  89.9497  1.776  0.36  28.8  56  3.5885  90.6499
97.573  93.5126  1917.38  96.0503  202.097  0.38  28.8  56  3.5885  90.6499
97.623  93.5126  1976.74  89.9781  0.755  0.37  28.8  56  3.5885  90.6499
97.671  93.6415  1917.59  95.1179  171.061  0.38  29.5  56  3.5885  90.6499
97.72  93.6415  1900  96.3367  209.705  0.38  29.5  56  3.5885  90.6499
97.769  93.6415  1870.65  94.0948  133.579  0.39  29.5  56  3.5885  90.6499
97.818  93.7703  2005.65  89.579  14.736  0.36  29.5  56  3.5885  90.6499
97.866  93.7703  1882.52  95.2117  171.002  0.39  29.5  56  3.5885  90.6499
97.915  93.7703  1832.15  90.0391  1.25  0.39  29.5  56  3.5885  90.6499
97.964  93.8991  1923.67  94.767  159.865  0.38  29.5  56  3.5885  90.6499
98.013  93.8991  1871.92  94.903  159.992  0.39  29.2  56  3.5885  90.6499
98.062  94.0279  1841.04  89.9931  0.222  0.39  29.2  56  3.5885  90.6499
98.11  94.0279  1914.75  96.1605  205.48  0.38  29.2  56  3.5885  90.6499
98.159  94.0279  1867.45  95.5156  179.495  0.39  29.2  56  3.5885  90.6499
98.208  94.1567  1919.93  94.9599  165.994  0.38  29.2  56  3.5885  90.6499
98.256  94.1567  1900.89  96.1897  204.954  0.38  29.2  56  3.5885  90.6499
98.305  94.1567  1880.5  95.1085  167.444  0.39  29.1  56  3.5885  90.6499
98.354  94.2855  2009.35  89.7519  8.7  0.36  29.1  56  3.5885  90.6499
98.403  94.2855  1874.97  95.2113  170.303  0.39  29.1  56  3.5885  90.6499
98.452  94.2855  1998.79  89.9597  1.405  0.36  29.1  56  3.5885  90.6499
98.501  94.4143  1916.51  94.9074  163.95  0.38  29.1  56  3.5885  90.6499
98.549  94.4143  1808.44  90.001  0.032  0.4  29.1  56  3.5885  90.6499
98.598  94.4143  2021.56  89.9575  1.498  0.36  29.1  56  3.5885  90.6499
98.647  94.5431  1907.88  95.0561  168.144  0.38  29.1  56  3.5885  90.6499
98.696  94.5431  1873.49  95.526  180.413  0.39  29.1  56  3.5885  90.6499
98.744  94.6719  1930.37  95.1368  172.833  0.38  29.1  56  3.5885  90.6499
98.793  94.6719  1901.51  96.3284  209.599  0.38  29.1  56  3.5885  90.6499
98.842  94.6719  1869.2  94.1047  133.795  0.39  29.1  56  3.5885  90.6499
98.891  94.8007  2007.63  89.607  13.77  0.36  29.5  56  3.5885  90.6499
98.939  94.8007  1879.13  95.1388  168.31  0.39  29.5  56  3.5885  90.6499
98.988  94.8007  1979.95  89.8871  3.9  0.37  29.5  56  3.5885  90.6499
99.037  94.9295  1923.67  94.767  159.865  0.38  29.5  56  3.5885  90.6499
99.086  94.9295  1872.15  94.9483  161.486  0.39  29.5  56  3.5885  90.6499
99.134  94.9295  1910.32  94.9236  163.957  0.38  29.5  56  3.5885  90.6499
99.183  95.0583  1911.49  96.1309  204.146  0.38  28.9  56  3.5885  90.6499
99.232  95.0583  1874.51  95.4263  177.265  0.39  28.9  56  3.5885  90.6499
99.281  95.0583  1919.69  94.9134  164.422  0.38  28.9  56  3.5885  90.6499
99.329  95.1871  1894.68  96.1769  203.865  0.38  28.9  56  3.5885  90.6499
99.378  95.1871  1880.72  95.1541  168.953  0.39  28.9  56  3.5885  90.6499
99.427  95.3159  2013.61  89.6912  10.853  0.36  28.9  56  3.5885  90.6499
99.476  95.3159  1879.65  96.2139  203.455  0.39  29.2  56  3.5885  90.6499
99.525  95.3159  1889.66  93.9657  130.686  0.38  29.2  56  3.5885  90.6499
99.573  95.4447  1919.81  94.935  165.152  0.38  29.2  56  3.5885  90.6499
99.622  95.4447  1976.74  89.9781  0.755  0.37  29.2  56  3.5885  90.6499
99.671  95.4447  2021.56  89.9575  1.498  0.36  29.2  56  3.5885  90.6499
99.72  95.5735  1915.85  96.0589  202.219  0.38  29.2  56  3.5885  90.6499
99.768  95.5735  1878.9  95.3998  176.813  0.39  29.1  56  3.5885  90.6499
99.817  95.5735  1923.72  95.0807  170.363  0.38  29.1  56  3.5885  90.6499
99.866  95.7023  1897  96.3531  209.914  0.38  29.1  56  3.5885  90.6499
99.915  95.7023  1878.8  95.0722  166.105  0.39  29.1  56  3.5885  90.6499
99.963  95.7023  2003.83  89.7039  10.355  0.36  29.1  56  3.5885  90.6499
100.012  95.8311  1877.21  95.0569  165.467  0.39  29.1  56  3.5885  90.6499
100.061  95.8311  2013.4  89.9609  1.375  0.36  30.6  56  3.5885  90.6499
100.11  95.9599  1923.42  94.7205  158.289  0.38  30.6  56  3.5885  90.6499
100.159  95.9599  1977.19  90.0131  0.453  0.37  30.6  56  3.5885  90.6499
100.207  95.9599  1851.72  90.0104  0.337  0.39  30.6  56  3.5885  90.6499
100.256  96.0888  1912.11  96.2704  208.842  0.38  30.6  56  3.5885  90.6499
100.305  96.0888  1878.24  95.2632  172.292  0.39  30.6  56  3.5885  90.6499
100.354  96.0888  1925.73  95.1647  173.352  0.38  30.6  56  3.5885  90.6499
100.402  96.2176  1896.18  96.1685  203.751  0.38  29.1  56  3.5885  90.6499
100.451  96.2176  1823.25  90.0494  1.572  0.4  29.1  56  3.5885  90.6499
100.5  96.2176  2007.79  89.76  8.41  0.36  29.1  56  3.5885  90.6499
100.549  96.3464  1884.67  96.3267  207.685  0.39  29.1  56  3.5885  90.6499
100.598  96.3464  2011.87  89.9687  1.1  0.36  29.1  56  3.5885  90.6499
100.647  96.3464  1924.85  95.9607  199.889  0.38  29.1  56  3.5885  90.6499
100.695  96.4752  1802.62  89.9963  0.116  0.4  29.7  56  3.5885  90.6499
100.744  96.4752  2030.74  90.0262  0.928  0.36  29.7  56  3.5885  90.6499
100.793  96.604  1903.12  95.0378  167.118  0.38  29.7  56  3.5885  90.6499
100.842  96.604  1876.99  95.3176  173.955  0.39  29.7  56  3.5885  90.6499
100.891  96.604  1934.05  94.9214  165.922  0.38  29.7  56  3.5885  90.6499
100.94  96.7328  1898.97  96.1056  201.978  0.38  29.7  56  3.5885  90.6499
100.988  96.7328  1887.87  95.0628  166.6  0.38  29.4  56  3.5885  90.6499
101.037  96.7328  2011.76  89.8163  6.449  0.36  29.4  56  3.5885  90.6499
101.086  96.8616  1877.44  95.1024  166.971  0.39  29.4  56  3.5885  90.6499
101.134  96.8616  1977.34  89.9385  2.123  0.37  29.4  56  3.5885  90.6499
101.183  96.8616  1918.28  94.9444  165.334  0.38  29.4  56  3.5885  90.6499
101.232  96.9904  1950.86  89.8322  5.712  0.37  29.4  56  3.5885  90.6499
101.281  96.9904  1920.32  90.0236  0.789  0.38  29  56  3.5885  90.6499
101.329  96.9904  1906.24  96.35  210.835  0.38  29  56  3.5885  90.6499
101.378  97.1192  1873.85  95.2901  172.765  0.39  29  56  3.5885  90.6499
101.427  97.1192  2005.21  89.5428  15.999  0.36  29  56  3.5885  90.6499
101.476  97.248  1892.98  96.1392  202.443  0.38  29  56  3.5885  90.6499
101.524  97.248  1821.79  90.057  1.812  0.4  29  56  3.5885  90.6499
101.573  97.248  2008.22  89.7962  7.142  0.36  29.3  56  3.5885  90.6499
101.622  97.3768  1877.21  95.0569  165.467  0.39  29.3  56  3.5885  90.6499
101.671  97.3768  1832.06  90.0037  0.117  0.39  29.3  56  3.5885  90.6499
101.719  97.3768  1923.53  96.0161  201.601  0.38  29.3  56  3.5885  90.6499
101.768  97.5056  1973.34  89.9584  1.433  0.37  29.3  56  3.5885  90.6499
101.817  97.5056  1917.92  94.8764  163.038  0.38  29.3  56  3.5885  90.6499
101.866  97.5056  1904.32  96.2656  207.832  0.38  29.4  56  3.5885  90.6499
101.915  97.6344  1876.46  94.0554  132.704  0.39  29.4  56  3.5885  90.6499
101.963  97.6344  1929.06  95.1928  174.595  0.38  29.4  56  3.5885  90.6499
102.012  97.6344  1894.68  96.1769  203.865  0.38  29.4  56  3.5885  90.6499
102.061  97.7632  1883.77  94.0057  131.592  0.38  29.4  56  3.5885  90.6499
102.11  97.7632  1921.39  94.6372  155.337  0.38  29.4  56  3.5885  90.6499
102.159  97.892  1876.43  95.2023  170.142  0.39  29  56  3.5885  90.6499
102.208  97.892  1898.39  90.0248  0.822  0.38  29  56  3.5885  90.6499
102.256  97.892  1915.22  94.9632  165.697  0.38  29  56  3.5885  90.6499
102.305  98.0208  1946.46  89.8556  4.905  0.37  29  56  3.5885  90.6499
102.354  98.0208  1924.05  94.8385  162.288  0.38  29  56  3.5885  90.6499
102.402  98.0208  1913.43  96.2155  207.164  0.38  29  56  3.5885  90.6499
102.451  98.1496  1873.41  95.1993  169.768  0.39  29.4  56  3.5885  90.6499
102.5  98.1496  2002.55  89.5955  14.137  0.36  29.4  56  3.5885  90.6499
102.549  98.1496  1889.33  96.348  208.899  0.39  29.4  56  3.5885  90.6499
102.597  98.2784  1820.33  90.0646  2.051  0.4  29.4  56  3.5885  90.6499
102.646  98.2784  1918.34  94.6565  155.734  0.38  29.4  56  3.5885  90.6499
102.695  98.2784  1875.07  94.9299  161.137  0.39  29.4  56  3.5885  90.6499
102.745  98.4072  1987.27  89.9629  1.286  0.36  28.8  56  3.5885  90.6499
102.794  98.4072  1916.7  96.2453  208.509  0.38  28.8  56  3.5885  90.6499
102.843  98.5361  1869.12  95.5522  180.843  0.39  28.8  56  3.5885  90.6499
102.891  98.5361  2032.3  90.0184  0.651  0.36  28.8  56  3.5885  90.6499
102.94  98.5361  1905.42  96.1645  204.612  0.38  28.8  56  3.5885  90.6499
102.99  98.6649  1879.03  95.1176  167.611  0.39  28.8  56  3.5885  90.6499
103.038  98.6649  2009.62  89.635  12.802  0.36  28.8  56  3.5885  90.6499
103.087  98.6649  1884.07  96.1891  203.123  0.39  29.5  56  3.5885  90.6499
103.136  98.7937  1827.64  90.0266  0.849  0.4  29.5  56  3.5885  90.6499
103.185  98.7937  1920.61  94.7861  160.249  0.38  29.5  56  3.5885  90.6499
103.234  98.7937  1866.58  95.0301  163.661  0.39  29.5  56  3.5885  90.6499
103.282  98.9225  1841.14  90.0287  0.922  0.39  29.5  56  3.5885  90.6499
103.331  98.9225  1917.17  96.0037  200.523  0.38  29.5  56  3.5885  90.6499
103.38  98.9225  1870.36  95.4981  179.206  0.39  28.9  56  3.5885  90.6499
103.429  99.0513  1921.46  94.9505  165.812  0.38  28.9  56  3.5885  90.6499
103.477  99.0513  1901.3  96.2822  208.05  0.38  28.9  56  3.5885  90.6499
103.526  99.1801  1880.5  95.1085  167.444  0.39  28.9  56  3.5885  90.6499
103.575  99.1801  2008.22  89.7962  7.142  0.36  28.9  56  3.5885  90.6499
103.624  99.1801  1876.2  95.1569  168.639  0.39  28.9  56  3.5885  90.6499
103.672  99.3089  1980.36  89.9228  2.668  0.37  29.5  56  3.5885  90.6499
103.721  99.3089  1920.61  94.7861  160.249  0.38  29.5  56  3.5885  90.6499
103.77  99.3089  1805.57  90.0161  0.508  0.4  29.5  56  3.5885  90.6499
103.819  99.4377  2024.05  90.0215  0.758  0.36  29.5  56  3.5885  90.6499
103.868  99.4377  1918.91  96.0418  201.974  0.38  29.5  56  3.5885  90.6499
103.916  99.4377  1951.93  89.7893  7.179  0.37  29.5  56  3.5885  90.6499
103.965  99.5665  1924.54  94.9316  165.446  0.38  29.8  56  3.5885  90.6499
104.013  99.5665  1900.89  96.1897  204.954  0.38  29.8  56  3.5885  90.6499
104.062  99.5665  1870.4  94.0498  132.093  0.39  29.8  56  3.5885  90.6499
104.111  99.6953  2008.06  89.6432  12.504  0.36  29.8  56  3.5885  90.6499
104.16  99.6953  1890  96.1559  202.672  0.38  29.8  56  3.5885  90.6499
104.209  99.8241  1829.11  90.019  0.606  0.4  29.8  56  3.5885  90.6499
104.258  99.8241  1920.23  95.9866  200.272  0.38  29.5  56  3.5885  90.6499
104.306  99.8241  1804.23  90.0585  1.843  0.4  29.5  56  3.5885  90.6499
104.355  99.9529  1839.65  90.0364  1.167  0.39  29.5  56  3.5885  90.6499
104.404  99.9529  1906.93  96.1561  204.496  0.38  29.5  56  3.5885  90.6499
104.453  99.9529  1868.47  95.4163  176.367  0.39  29.5  56  3.5885  90.6499
104.502  100.082  1916.4  94.8859  163.223  0.38  29.5  56  3.5885  90.6499
104.55  100.082  1896.59  96.2608  206.832  0.38  29.8  56  3.5885  90.6499
104.599  100.082  1881.74  95.0539  165.766  0.39  29.8  56  3.5885  90.6499
104.648  100.211  2008.06  89.6432  12.504  0.36  29.8  56  3.5885  90.6499
104.697  100.211  1877.89  95.1933  169.98  0.39  29.8  56  3.5885  90.6499
104.745  100.211  1972.81  89.9619  1.312  0.37  29.8  56  3.5885  90.6499
104.795  100.339  1918.28  94.9444  165.334  0.38  29.8  56  3.5885  90.6499
104.843  100.339  1945.79  89.9334  2.261  0.37  29.3  56  3.5885  90.6499
104.892  100.468  2029.78  89.9542  1.624  0.36  29.3  56  3.5885  90.6499
104.941  100.468  1914.96  96.2071  207.05  0.38  29.3  56  3.5885  90.6499
104.99  100.468  1883.09  95.3274  174.84  0.39  29.3  56  3.5885  90.6499
105.038  100.597  1931.19  94.9872  167.883  0.38  29.3  56  3.5885  90.6499
105.087  100.597  1898.5  96.3449  209.81  0.38  29.3  56  3.5885  90.6499
105.136  100.597  1876.46  94.0554  132.704  0.39  28.6  56  3.5885  90.6499
105.185  100.726  2008.92  89.7157  9.969  0.36  28.6  56  3.5885  90.6499
105.233  100.726  1881.61  95.0294  164.957  0.39  28.6  56  3.5885  90.6499
105.282  100.726  1986.85  89.9271  2.527  0.36  28.6  56  3.5885  90.6499
105.331  100.855  1929.27  94.9249  165.626  0.38  28.6  56  3.5885  90.6499
105.38  100.855  1809.87  89.9934  0.207  0.4  28.6  56  3.5885  90.6499
105.429  100.855  1922.76  94.8945  164.053  0.38  28.6  56  3.5885  90.6499
105.477  100.983  1917.38  96.0503  202.097  0.38  29.3  56  3.5885  90.6499
105.526  100.983  1881.4  95.2908  173.484  0.39  29.3  56  3.5885  90.6499
105.575  101.112  1925.97  95.2113  174.935  0.38  29.3  56  3.5885  90.6499
105.624  101.112  1899.8  96.2905  208.158  0.38  29.3  56  3.5885  90.6499
105.672  101.112  1823.16  90.0142  0.45  0.4  29.3  56  3.5885  90.6499
105.722  101.241  1933.21  94.466  150.534  0.38  29.3  56  3.5885  90.6499
105.771  101.241  1874.74  95.1659  168.802  0.39  29.4  56  3.5885  90.6499
105.82  101.241  1981.88  89.915  2.942  0.37  29.4  56  3.5885  90.6499
105.868  101.37  1924.65  94.9532  166.179  0.38  29.4  56  3.5885  90.6499
105.917  101.37  1980.6  90.033  1.14  0.37  29.4  56  3.5885  90.6499
105.966  101.37  1922.51  94.848  162.477  0.38  29.4  56  3.5885  90.6499
106.015  101.499  1906.24  96.35  210.835  0.38  29.4  56  3.5885  90.6499
106.064  101.499  1873.63  95.2447  171.266  0.39  29.1  56  3.5885  90.6499
106.112  101.499  1999.03  89.5759  14.797  0.36  29.1  56  3.5885  90.6499
106.161  101.627  1888.52  96.1642  202.786  0.39  29.1  56  3.5885  90.6499
106.21  101.627  1879.38  94.0355  132.262  0.39  29.1  56  3.5885  90.6499
106.259  101.756  2011.34  89.7801  7.721  0.36  29.1  56  3.5885  90.6499
106.308  101.756  1871.15  95.048  164.645  0.39  29.1  56  3.5885  90.6499
106.357  101.756  1898.39  90.0248  0.822  0.38  28.6  56  3.5885  90.6499
106.406  101.885  1924.65  94.9532  166.179  0.38  28.6  56  3.5885  90.6499
106.454  101.885  1976.74  89.9781  0.755  0.37  28.6  56  3.5885  90.6499
106.503  101.885  1917.59  95.1179  171.061  0.38  28.6  56  3.5885  90.6499
106.552  102.014  1904.32  96.2656  207.832  0.38  28.6  56  3.5885  90.6499
106.601  102.014  1876.1  95.1358  167.942  0.39  28.6  56  3.5885  90.6499
106.649  102.014  1928.34  95.0527  169.832  0.38  28.4  56  3.5885  90.6499
106.698  102.143  1891.49  96.1475  202.558  0.38  28.4  56  3.5885  90.6499
106.747  102.143  1888.44  94.0212  132.428  0.38  28.4  56  3.5885  90.6499
106.796  102.143  1930.12  94.4857  150.954  0.38  28.4  56  3.5885  90.6499
