Date  13.5.2025
time  08:59:55
#_Alloy  1
type_of_Glass  1
#_bobbin  0
time_seconds  length  Z  Phase  R  C  pressure  winding_Speed  speed_of_feeding_glass  power_of_generator_percent
0.093  0.128805  1920.32  90.0236  0.789  0.38  0.3  40  4.284  0
0.142  0.128805  1934.59  96.0027  202.311  0.38  0.3  40  4.284  0
0.191  0.128805  1891.16  95.42  178.631  0.38  0.3  40  4.284  0
0.239  0.128805  1934.05  94.9214  165.922  0.38  0.3  40  4.284  0
0.288  0.257611  1917.52  96.432  214.808  0.38  0.3  40  4.284  0
0.337  0.257611  1883.52  93.9603  130.086  0.39  0.3  40  4.284  0
0.386  0.257611  2015.61  89.7193  9.873  0.36  0.3  40  4.284  0
0.435  0.257611  1888.72  96.2102  204.313  0.39  0.3  40  4.284  0
0.483  0.257611  2018.47  89.9732  0.944  0.36  0.3  40  4.284  0
0.532  0.386416  1939.15  94.6705  157.896  0.37  0.3  40  4.284  0
0.581  0.386416  1885.33  94.865  159.892  0.39  0.3  40  4.284  0
0.63  0.386416  2040.13  89.979  0.746  0.35  0.3  40  4.284  0
0.678  0.386416  1934.37  95.9557  200.709  0.38  0.3  40  4.284  0
0.727  0.515221  1956.35  89.7657  8  0.37  0.3  40  4.284  0
0.776  0.515221  1933.81  94.8746  164.327  0.38  0.3  40  4.284  0
0.825  0.515221  1916.07  96.1055  203.791  0.38  0.3  40  4.284  0
0.873  0.515221  1889.35  95.0536  166.429  0.38  0.3  40  4.284  0
0.922  0.644026  2023.92  89.7148  10.074  0.36  0.3  40  4.284  0
0.971  0.644026  1894.14  95.0931  168.152  0.38  0.3  40  4.284  0
1.02  0.644026  2020.49  90.0012  0.042  0.36  0.3  40  4.284  0
1.068  0.644026  1931.88  94.8124  162.071  0.38  0.3  40  4.284  0
1.117  0.772832  1880.45  94.8019  157.415  0.39  0.3  40  4.284  0
1.166  0.772832  2036.99  89.9948  0.184  0.36  0.3  40  4.284  0
1.215  0.772832  1928.16  95.9903  201.223  0.38  0.3  40  4.284  0
1.263  0.772832  1957.15  89.8362  5.595  0.37  0.3  40  4.284  0
1.312  0.901637  1938.97  94.9398  166.962  0.37  0.3  40  4.284  0
1.361  0.901637  1909.07  96.287  209.061  0.38  0.3  40  4.284  0
1.41  0.901637  1885.37  95.1725  169.973  0.39  0.3  40  4.284  0
1.458  0.901637  2023.92  89.7148  10.074  0.36  0.3  40  4.284  0
1.507  0.901637  1888.2  95.1297  168.827  0.38  0.3  40  4.284  0
1.556  1.03044  1988.38  89.9192  2.803  0.36  0.3  40  4.284  0
1.605  1.03044  1930.33  94.822  162.263  0.38  0.3  40  4.284  0
1.653  1.03044  1880.92  94.8929  160.429  0.39  0.3  40  4.284  0
1.702  1.03044  1920.32  90.0236  0.789  0.38  0.3  40  4.284  0
1.751  1.15925  1919.13  96.0885  203.55  0.38  0.3  40  4.284  0
1.8  1.15925  1886.27  95.3552  176.046  0.39  0.3  40  4.284  0
1.848  1.15925  1933.23  95.0713  170.889  0.38  0.3  40  4.284  0
1.897  1.15925  1909.97  96.1393  204.263  0.38  0.3  40  4.284  0
1.946  1.28805  1886.38  95.072  166.771  0.39  0.3  40  4.284  0
1.995  1.28805  2029.11  89.7267  9.677  0.36  0.3  40  4.284  0
2.043  1.28805  1882.52  95.2117  171.002  0.39  0.3  40  4.284  0
2.092  1.28805  1981.88  89.915  2.942  0.37  0.3  40  4.284  0
2.141  1.41686  1930.57  94.8687  163.851  0.38  0.3  40  4.284  0
2.19  1.41686  1995.99  89.9916  0.292  0.36  0.3  40  4.284  0
2.238  1.41686  2039.04  90.0231  0.822  0.35  0.3  40  4.284  0
2.287  1.41686  1923.74  96.0629  203.185  0.38  0.3  40  4.284  0
2.336  1.54566  1962.68  89.7694  7.898  0.37  0.3  40  4.284  0
2.385  1.54566  1926.8  95.062  170.01  0.38  0.3  40  4.284  0
2.434  1.54566  1900.48  96.0972  201.86  0.38  0.3  40  4.284  0
2.482  1.54566  1892.08  94.9894  164.558  0.38  0.3  40  4.284  0
2.531  1.67447  2018.75  89.703  10.465  0.36  0.3  40  4.284  0
2.58  1.67447  1884.33  94.9655  163.098  0.39  0.3  40  4.284  0
2.629  1.67447  1904.64  90.0296  0.983  0.38  0.3  40  4.284  0
2.678  1.67447  1929.03  94.8782  164.039  0.38  0.3  40  4.284  0
2.726  1.80327  1961.33  89.9265  2.518  0.37  0.3  40  4.284  0
2.775  1.80327  1929.65  94.9966  168.065  0.38  0.3  40  4.284  0
2.824  1.80327  1919.97  96.2753  209.863  0.38  0.3  40  4.284  0
2.873  1.80327  1880.95  95.1996  170.463  0.39  0.3  40  4.284  0
2.921  1.93208  1936.82  95.1463  173.732  0.38  0.3  40  4.284  0
2.97  1.93208  1913.22  96.1689  205.596  0.38  0.3  40  4.284  0
3.019  1.93208  1885.24  93.9957  131.367  0.38  0.3  40  4.284  0
3.068  2.06088  1938.13  94.4831  151.495  0.37  0.3  40  4.284  0
3.116  2.06088  1887.44  96.2643  205.949  0.39  0.3  40  4.284  0
3.165  2.06088  1992.98  89.8955  3.634  0.36  0.3  40  4.284  0
3.214  2.06088  1933.67  94.8496  163.472  0.38  0.3  40  4.284  0
3.263  2.18969  1988.49  90.03  1.041  0.36  0.3  40  4.284  0
3.311  2.18969  2046.44  89.9474  1.88  0.35  0.3  40  4.284  0
3.36  2.18969  1919.55  96.1818  206.706  0.38  0.3  40  4.284  0
3.409  2.18969  1887.97  95.392  177.412  0.38  0.3  40  4.284  0
3.458  2.3185  1934.54  95.0151  169.113  0.38  0.3  40  4.284  0
3.506  2.3185  1907.14  96.2025  206.054  0.38  0.3  40  4.284  0
3.555  2.3185  1886.71  93.9857  131.141  0.38  0.3  40  4.284  0
3.604  2.3185  2021.03  89.6136  13.63  0.36  0.3  40  4.284  0
3.652  2.4473  1889.22  95.0291  165.613  0.38  0.3  40  4.284  0
3.701  2.4473  2024.05  90.0215  0.758  0.36  0.3  40  4.284  0
3.75  2.4473  1930.82  94.9154  165.441  0.38  0.3  40  4.284  0
3.799  2.4473  1957.96  89.9067  3.188  0.37  0.3  40  4.284  0
3.847  2.57611  1926.88  94.7728  160.326  0.38  0.3  40  4.284  0
3.896  2.57611  1923.53  96.0161  201.601  0.38  0.3  40  4.284  0
3.945  2.57611  1887.3  95.2548  172.848  0.38  0.3  40  4.284  0
3.994  2.57611  1942.83  95.0618  171.417  0.37  0.3  40  4.284  0
4.042  2.70491  1909.07  96.287  209.061  0.38  0.3  40  4.284  0
4.091  2.70491  1896.55  94.9616  164.029  0.38  0.3  40  4.284  0
4.14  2.70491  1930.37  94.5323  152.54  0.38  0.3  40  4.284  0
4.189  2.70491  1883.08  95.0203  164.785  0.39  0.3  40  4.284  0
4.238  2.83372  1994.93  89.9235  2.662  0.36  0.3  40  4.284  0
4.287  2.83372  1929.03  94.8782  164.039  0.38  0.3  40  4.284  0
4.335  2.83372  1994.02  89.964  1.254  0.36  0.3  40  4.284  0
4.384  2.83372  1933.56  94.8279  162.733  0.38  0.3  40  4.284  0
4.433  2.96252  1918.44  96.2836  209.973  0.38  0.3  40  4.284  0
4.482  2.96252  1883.31  95.3731  176.355  0.39  0.3  40  4.284  0
4.531  2.96252  1936.58  95.0994  172.131  0.38  0.3  40  4.284  0
4.579  2.96252  1900  96.3367  209.705  0.38  0.3  40  4.284  0
4.628  3.09133  1895.29  95.0168  165.738  0.38  0.3  40  4.284  0
4.677  3.09133  2024.62  89.6335  12.949  0.36  0.3  40  4.284  0
4.726  3.09133  1884.56  95.0111  164.613  0.39  0.3  40  4.284  0
4.774  3.09133  1851.72  90.0104  0.337  0.39  0.3  40  4.284  0
4.823  3.22013  1938.37  96.1268  206.88  0.38  0.3  40  4.284  0
4.872  3.22013  1954.87  89.7736  7.726  0.37  0.3  40  4.284  0
4.921  3.22013  1932.01  94.8374  162.924  0.38  0.3  40  4.284  0
4.969  3.22013  1918.64  96.3303  211.55  0.38  0.3  40  4.284  0
5.018  3.34894  1882.31  94.0156  131.816  0.39  0.3  40  4.284  0
5.067  3.34894  2022.87  89.4874  18.096  0.36  0.3  40  4.284  0
5.116  3.34894  1900.68  96.1434  203.407  0.38  0.3  40  4.284  0
5.165  3.34894  1836.68  90.0517  1.657  0.39  0.3  40  4.284  0
5.213  3.47774  1935.78  94.6431  156.7  0.37  0.3  40  4.284  0
5.262  3.47774  1885.02  95.1023  167.643  0.39  0.3  40  4.284  0
5.311  3.47774  2025.6  90.0137  0.483  0.36  0.3  40  4.284  0
5.36  3.47774  1933.92  94.8963  165.067  0.38  0.3  40  4.284  0
5.409  3.60655  1954.2  89.8518  5.054  0.37  0.3  40  4.284  0
5.458  3.60655  2050.1  89.9678  1.152  0.35  0.3  40  4.284  0
5.506  3.60655  1921.09  96.1734  206.59  0.38  0.3  40  4.284  0
5.555  3.60655  1890.83  95.0444  166.258  0.38  0.3  40  4.284  0
5.604  3.73535  2018.14  89.5126  17.168  0.36  0.3  40  4.284  0
5.652  3.73535  1907.55  96.2954  209.17  0.38  0.3  40  4.284  0
5.701  3.73535  1833.53  89.996  0.128  0.39  0.3  40  4.284  0
5.75  3.73535  1933.47  94.5127  152.124  0.38  0.3  40  4.284  0
5.799  3.86416  1888.76  94.9377  162.57  0.38  0.3  40  4.284  0
5.847  3.86416  2001.52  89.9279  2.519  0.36  0.3  40  4.284  0
5.896  3.86416  1935.71  95.8999  198.975  0.38  0.3  40  4.284  0
5.945  3.86416  1989.53  89.9871  0.449  0.36  0.3  40  4.284  0
5.994  3.99296  1938.14  95.09  171.954  0.37  0.3  40  4.284  0
6.042  3.99296  1912.53  96.3635  211.976  0.38  0.3  40  4.284  0
6.091  3.99296  1889.81  95.1451  169.476  0.38  0.3  40  4.284  0
6.14  3.99296  2020.59  89.5771  14.913  0.36  0.3  40  4.284  0
6.189  4.12177  1900.48  96.0972  201.86  0.38  0.3  40  4.284  0
6.238  4.12177  1847.21  90.0336  1.083  0.39  0.3  40  4.284  0
6.287  4.12177  1937.59  94.6802  158.097  0.37  0.3  40  4.284  0
6.335  4.12177  1885.8  94.9562  162.923  0.39  0.3  40  4.284  0
6.384  4.25057  2029.18  90.034  1.204  0.36  0.3  40  4.284  0
6.433  4.25057  1922.63  94.8696  163.208  0.38  0.3  40  4.284  0
6.482  4.25057  1955.68  89.844  5.324  0.37  0.3  40  4.284  0
6.53  4.25057  2014.83  89.9367  2.228  0.36  0.3  40  4.284  0
6.579  4.37938  1914.05  96.3552  211.87  0.38  0.3  40  4.284  0
6.628  4.37938  1888.44  94.0212  132.428  0.38  0.3  40  4.284  0
6.677  4.37938  2024.62  89.6335  12.949  0.36  0.3  40  4.284  0
6.726  4.37938  1897.88  96.2064  205.18  0.38  0.3  40  4.284  0
6.774  4.50819  1838.16  90.044  1.412  0.39  0.3  40  4.284  0
6.823  4.50819  1928.83  94.5421  152.746  0.38  0.3  40  4.284  0
6.872  4.50819  1882.15  94.8381  158.741  0.39  0.3  40  4.284  0
6.921  4.50819  2003.48  89.9561  1.537  0.36  0.3  40  4.284  0
6.969  4.63699  1927.73  94.9343  165.811  0.38  0.3  40  4.284  0
7.018  4.63699  1958.23  89.7931  7.072  0.37  0.3  40  4.284  0
7.067  4.63699  1930.7  94.8937  164.703  0.38  0.3  40  4.284  0
7.116  4.7658  1914.46  96.4484  215.011  0.38  0.3  40  4.284  0
7.165  4.7658  1890.03  95.1909  171  0.38  0.3  40  4.284  0
7.214  4.7658  2019.61  89.7758  7.902  0.36  0.3  40  4.284  0
7.263  4.7658  1893.39  96.2313  205.513  0.38  0.3  40  4.284  0
7.311  4.8946  1986.85  89.9271  2.527  0.36  0.3  40  4.284  0
7.36  4.8946  1936.03  94.6899  158.297  0.37  0.3  40  4.284  0
7.409  4.8946  1879.22  94.8567  159.102  0.39  0.3  40  4.284  0
7.458  4.8946  2037.47  90.0309  1.1  0.36  0.3  40  4.284  0
7.507  5.02341  1927.26  96.1395  206.119  0.38  0.3  40  4.284  0
7.555  5.02341  1963.49  89.8402  5.478  0.37  0.3  40  4.284  0
7.604  5.02341  1934.54  95.0151  169.113  0.38  0.3  40  4.284  0
7.653  5.02341  1911  96.3717  212.081  0.38  0.3  40  4.284  0
7.702  5.15221  1883.21  95.0447  165.596  0.39  0.3  40  4.284  0
7.751  5.15221  2027.8  89.6169  13.557  0.36  0.3  40  4.284  0
7.799  5.15221  1887.51  94.9926  164.266  0.38  0.3  40  4.284  0
7.848  5.15221  1986.44  89.8913  3.768  0.36  0.3  40  4.284  0
7.897  5.28102  1932.93  94.7093  158.694  0.38  0.3  40  4.284  0
7.946  5.28102  1991.49  90.0147  0.51  0.36  0.3  40  4.284  0
7.995  5.28102  1925.34  94.7824  160.518  0.38  0.3  40  4.284  0
8.043  5.28102  1925.71  96.148  206.237  0.38  0.3  40  4.284  0
8.092  5.40982  1883.54  95.4187  177.87  0.39  0.3  40  4.284  0
8.141  5.40982  1931.19  94.9872  167.883  0.38  0.3  40  4.284  0
8.19  5.40982  1898.85  95.1115  169.177  0.38  0.3  40  4.284  0
8.239  5.40982  1896.55  94.9616  164.029  0.38  0.3  40  4.284  0
8.287  5.53863  2021.47  89.6501  12.346  0.36  0.3  40  4.284  0
8.336  5.53863  1887.97  95.084  167.306  0.38  0.3  40  4.284  0
8.385  5.53863  1904.64  90.0296  0.983  0.38  0.3  40  4.284  0
8.434  5.53863  1935.71  95.8999  198.975  0.38  0.3  40  4.284  0
8.482  5.66743  1811.31  89.9859  0.447  0.4  0.3  40  4.284  0
8.531  5.66743  2033.38  89.9745  0.906  0.36  0.3  40  4.284  0
8.58  5.66743  1924.17  96.1565  206.355  0.38  0.3  40  4.284  0
8.629  5.66743  1890.94  95.3742  177.104  0.38  0.3  40  4.284  0
8.678  5.79624  1939.7  95.0806  171.776  0.37  0.3  40  4.284  0
8.727  5.79624  1910.38  96.2322  207.389  0.38  0.3  40  4.284  0
8.775  5.79624  1886.97  94.0312  132.652  0.38  0.3  40  4.284  0
8.824  5.79624  1942.81  94.4535  150.858  0.37  0.3  40  4.284  0
8.873  5.92504  1894.48  96.1308  202.328  0.38  0.3  40  4.284  0
8.921  5.92504  1991.86  89.9393  2.109  0.36  0.3  40  4.284  0
8.97  5.92504  1940.41  95.8737  198.573  0.37  0.3  40  4.284  0
9.019  5.92504  1956.88  89.9497  1.718  0.37  0.3  40  4.284  0
9.068  6.05385  1932.01  94.8374  162.924  0.38  0.3  40  4.284  0
9.117  6.05385  1924.17  96.1565  206.355  0.38  0.3  40  4.284  0
9.165  6.05385  1887.3  95.2548  172.848  0.38  0.3  40  4.284  0
9.214  6.05385  2008.32  89.5263  16.605  0.36  0.3  40  4.284  0
9.263  6.18265  1904.11  96.2193  206.279  0.38  0.3  40  4.284  0
9.312  6.18265  1889.66  93.9657  130.686  0.38  0.3  40  4.284  0
9.36  6.18265  2024.35  89.7513  8.786  0.36  0.3  40  4.284  0
9.409  6.18265  1894.68  96.1769  203.865  0.38  0.3  40  4.284  0
9.458  6.31146  2022.03  89.9934  0.233  0.36  0.3  40  4.284  0
9.507  6.31146  1942.64  96.0065  203.282  0.37  0.3  40  4.284  0
9.556  6.31146  1987.58  89.9595  1.404  0.36  0.3  40  4.284  0
9.605  6.31146  1929.96  94.7536  159.938  0.38  0.3  40  4.284  0
9.653  6.44026  1924.17  96.1565  206.355  0.38  0.3  40  4.284  0
9.702  6.44026  1884.57  95.3185  174.684  0.39  0.3  40  4.284  0
9.751  6.44026  1942.83  95.0618  171.417  0.37  0.3  40  4.284  0
9.8  6.44026  1905.62  96.2109  206.167  0.38  0.3  40  4.284  0
9.849  6.56907  1896.55  94.9616  164.029  0.38  0.3  40  4.284  0
9.897  6.56907  2022.77  89.7595  8.49  0.36  0.3  40  4.284  0
9.946  6.56907  1890  96.1559  202.672  0.38  0.3  40  4.284  0
9.995  6.56907  1991.86  89.9393  2.109  0.36  0.3  40  4.284  0
10.044  6.69788  1939.5  96.0239  203.536  0.38  0.3  40  4.284  0
10.092  6.69788  1987.58  89.9595  1.404  0.36  0.3  40  4.284  0
10.141  6.69788  1938.22  94.7991  162.155  0.37  0.3  40  4.284  0
10.19  6.69788  1924.8  96.2969  211.115  0.38  0.3  40  4.284  0
10.239  6.82668  1895.18  95.3013  175.102  0.38  0.3  40  4.284  0
10.287  6.82668  2017.44  89.5937  14.305  0.36  0.3  40  4.284  0
10.336  6.82668  1900.2  96.3829  211.251  0.38  0.3  40  4.284  0
10.385  6.95549  1901.04  94.9337  163.493  0.38  0.3  40  4.284  0
10.434  6.95549  2027.09  89.6984  10.671  0.36  0.3  40  4.284  0
10.483  6.95549  1878.22  94.9569  162.288  0.39  0.3  40  4.284  0
10.531  6.95549  2004.62  89.912  3.079  0.36  0.3  40  4.284  0
10.58  7.08429  1936.15  95.9941  202.183  0.38  0.3  40  4.284  0
10.629  7.08429  1965.79  89.9031  3.324  0.37  0.3  40  4.284  0
10.678  7.08429  1933.81  94.8746  164.327  0.38  0.3  40  4.284  0
10.726  7.08429  1912.39  94.4295  147.699  0.38  0.3  40  4.284  0
10.775  7.2131  1891.52  95.1818  170.836  0.38  0.3  40  4.284  0
10.824  7.2131  2014.56  89.4929  17.829  0.36  0.3  40  4.284  0
10.873  7.2131  1902.19  96.135  203.291  0.38  0.3  40  4.284  0
10.922  7.2131  1902.78  94.9703  164.857  0.38  0.3  40  4.284  0
10.97  7.3419  1939.65  94.7643  161.101  0.37  0.3  40  4.284  0
11.019  7.3419  1887.51  94.9926  164.266  0.38  0.3  40  4.284  0
11.068  7.3419  2028.23  89.962  1.343  0.36  0.3  40  4.284  0
11.117  7.3419  1929.27  94.9249  165.626  0.38  0.3  40  4.284  0
11.165  7.47071  1959.44  89.8989  3.457  0.37  0.3  40  4.284  0
11.214  7.47071  1933.81  94.8746  164.327  0.38  0.3  40  4.284  0
11.263  7.47071  1924.8  96.2969  211.115  0.38  0.3  40  4.284  0
11.312  7.47071  1886.84  95.1634  169.808  0.38  0.3  40  4.284  0
11.361  7.59951  2019.02  89.5854  14.608  0.36  0.3  40  4.284  0
11.409  7.59951  1902.81  96.2739  207.941  0.38  0.3  40  4.284  0
11.458  7.59951  1835.01  89.9883  0.374  0.39  0.3  40  4.284  0
11.507  7.59951  1937.34  94.6334  156.498  0.37  0.3  40  4.284  0
11.555  7.72832  1885.33  94.865  159.892  0.39  0.3  40  4.284  0
11.604  7.72832  2005.04  89.9481  1.815  0.36  0.3  40  4.284  0
11.654  7.72832  1932.12  94.8591  163.662  0.38  0.3  40  4.284  0
11.702  7.72832  1962.01  89.848  5.205  0.37  0.3  40  4.284  0
11.751  7.85712  1938.72  94.8929  165.359  0.37  0.3  40  4.284  0
11.8  7.85712  1917.32  96.3853  213.232  0.38  0.3  40  4.284  0
11.849  7.85712  1893.46  95.2645  173.73  0.38  0.3  40  4.284  0
11.897  7.85712  2020.59  89.5771  14.913  0.36  0.3  40  4.284  0
11.946  7.98593  1891.39  95.1573  170.017  0.38  0.3  40  4.284  0
11.995  7.98593  2014.34  90.0323  1.135  0.36  0.3  40  4.284  0
12.044  7.98593  1934.23  94.6529  156.902  0.38  0.3  40  4.284  0
12.092  7.98593  1879.68  94.9476  162.113  0.39  0.3  40  4.284  0
12.141  8.11473  1853.22  90.0027  0.087  0.39  0.3  40  4.284  0
12.19  8.11473  1929.02  96.1779  207.593  0.38  0.3  40  4.284  0
12.239  8.11473  1954.6  89.887  3.854  0.37  0.3  40  4.284  0
12.288  8.11473  1930.95  94.9404  166.293  0.38  0.3  40  4.284  0
12.337  8.24354  1914.96  96.2071  207.05  0.38  0.3  40  4.284  0
12.385  8.24354  1882.56  94.061  133.32  0.39  0.3  40  4.284  0
12.434  8.24354  2022.42  89.4509  19.381  0.36  0.3  40  4.284  0
12.483  8.24354  1898.97  96.1056  201.978  0.38  0.3  40  4.284  0
12.532  8.37234  1905.79  94.9517  164.499  0.38  0.3  40  4.284  0
12.581  8.37234  1935.78  94.6431  156.7  0.37  0.3  40  4.284  0
12.629  8.37234  1878.45  95.0023  163.793  0.39  0.3  40  4.284  0
12.678  8.37234  1917.68  94.8301  161.47  0.38  0.3  40  4.284  0
12.727  8.50115  1924.4  94.9066  164.599  0.38  0.3  40  4.284  0
12.776  8.50115  1880.59  95.4365  178.171  0.39  0.3  40  4.284  0
12.824  8.50115  1936.67  94.8087  162.349  0.37  0.3  40  4.284  0
12.873  8.50115  1917.11  96.3386  211.657  0.38  0.3  40  4.284  0
12.922  8.62996  1889.35  95.0536  166.429  0.38  0.3  40  4.284  0
12.971  8.62996  2021.03  89.6136  13.63  0.36  0.3  40  4.284  0
13.019  8.62996  1891.49  96.1475  202.558  0.38  0.3  40  4.284  0
13.068  8.62996  2014.93  89.9531  1.651  0.36  0.3  40  4.284  0
13.117  8.75876  1932.93  94.7093  158.694  0.38  0.3  40  4.284  0
13.166  8.75876  1883.39  94.7832  157.048  0.39  0.3  40  4.284  0
13.214  8.75876  2037.47  90.0309  1.1  0.36  0.3  40  4.284  0
13.263  8.75876  1927.26  96.1395  206.119  0.38  0.3  40  4.284  0
13.312  8.88757  1958.23  89.7931  7.072  0.37  0.3  40  4.284  0
13.361  8.88757  1934.54  95.0151  169.113  0.38  0.3  40  4.284  0
13.409  8.88757  1909.28  96.3335  210.623  0.38  0.3  40  4.284  0
13.458  8.88757  1885.24  93.9957  131.367  0.38  0.3  40  4.284  0
13.507  9.01637  2020.15  89.5407  16.195  0.36  0.3  40  4.284  0
13.556  9.01637  1893.39  96.2313  205.513  0.38  0.3  40  4.284  0
13.605  9.01637  1986.44  89.8913  3.768  0.36  0.3  40  4.284  0
13.653  9.01637  1937.49  95.9383  200.448  0.38  0.3  40  4.284  0
13.702  9.14518  1882.15  94.8381  158.741  0.39  0.3  40  4.284  0
13.751  9.14518  1921.22  94.904  164.238  0.38  0.3  40  4.284  0
13.8  9.14518  1927.47  96.1864  207.71  0.38  0.3  40  4.284  0
13.849  9.27398  1880.59  95.4365  178.171  0.39  0.3  40  4.284  0
13.898  9.27398  1937.41  94.9493  167.148  0.37  0.3  40  4.284  0
13.946  9.27398  1911.28  96.0844  202.582  0.38  0.3  40  4.284  0
13.995  9.27398  1895.29  95.0168  165.738  0.38  0.3  40  4.284  0
14.044  9.40279  2027.09  89.6984  10.671  0.36  0.3  40  4.284  0
14.093  9.40279  1890  96.1559  202.672  0.38  0.3  40  4.284  0
14.141  9.40279  2013.87  89.9966  0.121  0.36  0.3  40  4.284  0
14.19  9.40279  1937.27  95.8912  198.842  0.38  0.3  40  4.284  0
14.239  9.53159  1991.03  89.9794  0.717  0.36  0.3  40  4.284  0
14.288  9.53159  2007.31  89.8599  4.909  0.36  0.3  40  4.284  0
14.337  9.53159  1932.13  96.1609  207.358  0.38  0.3  40  4.284  0
14.385  9.53159  1892.2  95.3193  175.42  0.38  0.3  40  4.284  0
14.434  9.6604  1937.41  94.9493  167.148  0.37  0.3  40  4.284  0
14.483  9.6604  1906.24  96.35  210.835  0.38  0.3  40  4.284  0
14.532  9.6604  1885.49  94.0411  132.876  0.38  0.3  40  4.284  0
14.58  9.6604  2017.61  89.7476  8.89  0.36  0.3  40  4.284  0
14.63  9.7892  1895.97  96.1224  202.212  0.38  0.3  40  4.284  0
14.678  9.7892  2022.51  90.0292  1.032  0.36  0.3  40  4.284  0
14.727  9.7892  1929.27  94.9249  165.626  0.38  0.3  40  4.284  0
14.776  9.7892  1960.92  89.8911  3.726  0.37  0.3  40  4.284  0
14.825  9.91801  1932.01  94.8374  162.924  0.38  0.3  40  4.284  0
14.873  9.91801  1922.2  96.0714  203.308  0.38  0.3  40  4.284  0
14.922  9.91801  1890.71  95.3283  175.577  0.38  0.3  40  4.284  0
14.971  9.91801  2014.56  89.4929  17.829  0.36  0.3  40  4.284  0
15.02  10.0468  1906.93  96.1561  204.496  0.38  0.3  40  4.284  0
15.068  10.0468  1899.77  94.989  165.212  0.38  0.3  40  4.284  0
15.117  10.0468  2018.31  89.6666  11.746  0.36  0.3  40  4.284  0
15.166  10.0468  1897.47  96.114  202.095  0.38  0.3  40  4.284  0
15.215  10.1756  2029.18  90.034  1.204  0.36  0.3  40  4.284  0
15.263  10.1756  1931.88  94.8124  162.071  0.38  0.3  40  4.284  0
15.312  10.1756  1956.88  89.9497  1.718  0.37  0.3  40  4.284  0
15.361  10.1756  1931.51  94.744  159.743  0.38  0.3  40  4.284  0
15.41  10.3044  1925.29  96.0543  203.062  0.38  0.3  40  4.284  0
15.458  10.3044  1893.69  95.3103  175.261  0.38  0.3  40  4.284  0
15.507  10.3044  1938.14  95.09  171.954  0.37  0.3  40  4.284  0
15.556  10.3044  1903.7  96.1266  203.174  0.38  0.3  40  4.284  0
15.605  10.4332  1888.44  94.0212  132.428  0.38  0.3  40  4.284  0
15.653  10.4332  1931.92  94.5225  152.332  0.38  0.3  40  4.284  0
15.702  10.4332  1882.52  95.2117  171.002  0.39  0.3  40  4.284  0
15.751  10.4332  1992.98  89.8955  3.634  0.36  0.3  40  4.284  0
15.8  10.562  1939.28  95.9767  201.926  0.38  0.3  40  4.284  0
15.848  10.562  1991.03  89.9794  0.717  0.36  0.3  40  4.284  0
15.897  10.562  1926.32  94.9688  166.843  0.38  0.3  40  4.284  0
15.946  10.562  1919.55  96.1818  206.706  0.38  0.3  40  4.284  0
15.995  10.6908  1879.7  95.2542  172.133  0.39  0.3  40  4.284  0
16.043  10.6908  1940.78  94.9772  168.382  0.37  0.3  40  4.284  0
16.092  10.6908  1906.93  96.1561  204.496  0.38  0.3  40  4.284  0
16.141  10.6908  1898.28  94.9982  165.388  0.38  0.3  40  4.284  0
16.19  10.8196  1933.47  94.5127  152.124  0.38  0.3  40  4.284  0
16.238  10.8196  1892.98  96.1392  202.443  0.38  0.3  40  4.284  0
16.287  10.8196  1994.93  89.9235  2.662  0.36  0.3  40  4.284  0
16.336  10.8196  1933.04  96.0113  202.438  0.38  0.3  40  4.284  0
16.385  10.9485  1963.21  89.954  1.575  0.37  0.3  40  4.284  0
16.434  10.9485  1925.34  94.7824  160.518  0.38  0.3  40  4.284  0
16.483  10.9485  1918.23  96.2369  208.397  0.38  0.3  40  4.284  0
16.531  10.9485  1892.54  95.081  167.613  0.38  0.3  40  4.284  0
16.58  11.0773  2019.71  89.5042  17.477  0.36  0.3  40  4.284  0
16.629  11.0773  1900.4  96.4292  212.799  0.38  0.3  40  4.284  0
16.678  11.0773  1892.88  93.9912  131.749  0.38  0.3  40  4.284  0
16.727  11.0773  1931.92  94.5225  152.332  0.38  0.3  40  4.284  0
16.776  11.2061  1881.38  94.9839  163.447  0.39  0.3  40  4.284  0
16.824  11.2061  2023.58  89.9856  0.51  0.36  0.3  40  4.284  0
16.873  11.2061  1930.08  94.7753  160.675  0.38  0.3  40  4.284  0
16.922  11.2061  1955.4  89.9574  1.453  0.37  0.3  40  4.284  0
16.971  11.3349  1932.25  94.8842  164.515  0.38  0.3  40  4.284  0
17.02  11.3349  1924.59  96.2501  209.528  0.38  0.3  40  4.284  0
17.068  11.3349  1888.78  95.2458  172.687  0.38  0.3  40  4.284  0
17.117  11.4637  2016.31  89.6384  12.725  0.36  0.3  40  4.284  0
17.166  11.4637  1900.89  96.1897  204.954  0.38  0.3  40  4.284  0
17.215  11.4637  1839.55  90.0008  0.025  0.39  0.3  40  4.284  0
17.263  11.4637  1933.47  94.5127  152.124  0.38  0.3  40  4.284  0
17.312  11.5925  1885.8  94.9562  162.923  0.39  0.3  40  4.284  0
17.361  11.5925  1919.21  94.8205  161.281  0.38  0.3  40  4.284  0
17.41  11.5925  1932.82  95.9643  200.838  0.38  0.3  40  4.284  0
17.458  11.5925  1986.09  89.9672  1.136  0.36  0.3  40  4.284  0
17.507  11.7213  1934.05  94.9214  165.922  0.38  0.3  40  4.284  0
17.556  11.7213  1915.16  96.2537  208.621  0.38  0.3  40  4.284  0
17.605  11.7213  1879.63  94.0808  133.761  0.39  0.3  40  4.284  0
17.653  11.7213  2016.57  89.5209  16.861  0.36  0.3  40  4.284  0
17.702  11.8501  1904.32  96.2656  207.832  0.38  0.3  40  4.284  0
17.751  11.8501  2013.4  89.9609  1.375  0.36  0.3  40  4.284  0
17.8  11.8501  1933.18  94.756  160.286  0.38  0.3  40  4.284  0
17.848  11.8501  1881.38  94.9839  163.447  0.39  0.3  40  4.284  0
17.897  11.9789  2029.78  89.9542  1.624  0.36  0.3  40  4.284  0
17.946  11.9789  1934.15  95.9087  199.108  0.38  0.3  40  4.284  0
17.995  11.9789  1954.2  89.8518  5.054  0.37  0.3  40  4.284  0
18.044  11.9789  1932.5  94.9309  166.108  0.38  0.3  40  4.284  0
18.092  12.1077  1917.11  96.3386  211.657  0.38  0.3  40  4.284  0
18.141  12.1077  1886.38  95.072  166.771  0.39  0.3  40  4.284  0
18.19  12.1077  2019.45  89.6219  13.327  0.36  0.3  40  4.284  0
18.238  12.1077  1888.2  95.1297  168.827  0.38  0.3  40  4.284  0
18.287  12.2365  1904.04  94.9149  163.132  0.38  0.3  40  4.284  0
18.336  12.2365  1933.72  94.5594  153.716  0.38  0.3  40  4.284  0
18.385  12.2365  1885.33  94.865  159.892  0.39  0.3  40  4.284  0
18.433  12.2365  2030.74  90.0262  0.928  0.36  0.3  40  4.284  0
18.482  12.3653  1930.36  96.1225  205.88  0.38  0.3  40  4.284  0
18.531  12.3653  1959.71  89.7852  7.347  0.37  0.3  40  4.284  0
18.58  12.3653  2040.61  90.0152  0.542  0.35  0.3  40  4.284  0
18.628  12.3653  1916.9  96.292  210.083  0.38  0.3  40  4.284  0
18.677  12.4941  1895.29  95.0168  165.738  0.38  0.3  40  4.284  0
18.726  12.4941  2027.52  89.735  9.379  0.36  0.3  40  4.284  0
18.775  12.4941  1897.47  96.114  202.095  0.38  0.3  40  4.284  0
18.823  12.4941  2014.34  90.0323  1.135  0.36  0.3  40  4.284  0
18.872  12.6229  1933.18  94.756  160.286  0.38  0.3  40  4.284  0
18.921  12.6229  1814.29  90.0057  0.182  0.4  0.3  40  4.284  0
18.97  12.6229  2005.04  89.9481  1.815  0.36  0.3  40  4.284  0
19.018  12.6229  1934.37  95.9557  200.709  0.38  0.3  40  4.284  0
19.067  12.7517  1885.23  95.4556  179.236  0.39  0.3  40  4.284  0
19.116  12.7517  1932.74  94.9777  167.701  0.38  0.3  40  4.284  0
19.165  12.7517  1912.32  96.3169  210.409  0.38  0.3  40  4.284  0
19.213  12.7517  1888.1  95.1085  168.121  0.38  0.3  40  4.284  0
19.262  12.8805  2021.73  89.5323  16.503  0.36  0.3  40  4.284  0
19.311  12.8805  1901.98  96.0888  201.742  0.38  0.3  40  4.284  0
19.36  12.8805  1841.14  90.0287  0.922  0.39  0.3  40  4.284  0
19.408  12.8805  1934.73  94.7464  160.09  0.38  0.3  40  4.284  0
19.457  13.0093  1883.08  95.0203  164.785  0.39  0.3  40  4.284  0
19.506  13.0093  2032.3  90.0184  0.651  0.36  0.3  40  4.284  0
19.555  13.0093  1927.94  95.9434  199.632  0.38  0.3  40  4.284  0
19.603  13.0093  1881.62  95.3364  174.996  0.39  0.3  40  4.284  0
19.652  13.1381  2045.34  89.9916  0.3  0.35  0.3  40  4.284  0
19.701  13.1381  1913.64  96.2621  208.732  0.38  0.3  40  4.284  0
19.75  13.1381  1892.54  95.081  167.613  0.38  0.3  40  4.284  0
19.799  13.2669  2023.05  89.6418  12.647  0.36  0.3  40  4.284  0
19.847  13.2669  1891.49  96.1475  202.558  0.38  0.3  40  4.284  0
19.896  13.2669  1984.92  89.8992  3.492  0.36  0.3  40  4.284  0
19.945  13.2669  1932.12  94.8591  163.662  0.38  0.3  40  4.284  0
19.994  13.3958  1879.22  94.8567  159.102  0.39  0.3  40  4.284  0
20.042  13.3958  2006.59  89.9402  2.094  0.36  0.3  40  4.284  0
20.091  13.3958  1926.61  95.9989  201.35  0.38  0.3  40  4.284  0
20.14  13.3958  1959.44  89.8989  3.457  0.37  0.3  40  4.284  0
20.189  13.5246  1933.23  95.0713  170.889  0.38  0.3  40  4.284  0
20.237  13.5246  1905.62  96.2109  206.167  0.38  0.3  40  4.284  0
20.286  13.5246  1886.15  95.0263  165.253  0.39  0.3  40  4.284  0
20.335  13.5246  2024.19  89.597  14.237  0.36  0.3  40  4.284  0
20.384  13.6534  1888.43  95.1755  170.348  0.38  0.3  40  4.284  0
20.432  13.6534  1844.12  90.0133  0.428  0.39  0.3  40  4.284  0
20.481  13.6534  1936.37  96.0411  203.788  0.38  0.3  40  4.284  0
20.53  13.6534  1989.99  90.0223  0.775  0.36  0.3  40  4.284  0
20.579  13.7822  2029.18  90.034  1.204  0.36  0.3  40  4.284  0
20.627  13.7822  1928.59  96.0841  204.407  0.38  0.3  40  4.284  0
20.676  13.7822  1886.27  95.3552  176.046  0.39  0.3  40  4.284  0
20.725  13.7822  1942.59  95.0148  169.806  0.37  0.3  40  4.284  0
20.774  13.911  1914.75  96.1605  205.48  0.38  0.3  40  4.284  0
20.822  13.911  1889.11  95.0079  164.907  0.38  0.3  40  4.284  0
20.871  13.911  2017.61  89.7476  8.89  0.36  0.3  40  4.284  0
20.92  13.911  1887.44  96.2643  205.949  0.39  0.3  40  4.284  0
20.969  14.0398  2015.4  89.9888  0.394  0.36  0.3  40  4.284  0
21.017  14.0398  1935.78  94.6431  156.7  0.37  0.3  40  4.284  0
21.066  14.0398  1994.48  89.9993  0.024  0.36  0.3  40  4.284  0
21.115  14.0398  1919.45  94.867  162.851  0.38  0.3  40  4.284  0
21.164  14.1686  1934.11  96.2465  210.443  0.38  0.3  40  4.284  0
21.213  14.1686  1963.76  89.7261  9.387  0.37  0.3  40  4.284  0
21.262  14.1686  2007.88  89.49  17.871  0.36  0.3  40  4.284  0
21.31  14.1686  1905.62  96.2109  206.167  0.38  0.3  40  4.284  0
21.359  14.2974  1824.71  90.0418  1.332  0.4  0.3  40  4.284  0
21.408  14.2974  2023.31  89.5239  16.811  0.36  0.3  40  4.284  0
21.457  14.2974  1887.97  95.084  167.306  0.38  0.3  40  4.284  0
21.505  14.2974  2025.6  90.0137  0.483  0.36  0.3  40  4.284  0
21.554  14.4262  1938.84  95.8824  198.707  0.38  0.3  40  4.284  0
21.603  14.4262  1814.29  90.0057  0.182  0.4  0.3  40  4.284  0
21.652  14.4262  2033.38  89.9745  0.906  0.36  0.3  40  4.284  0
21.7  14.4262  1920.66  96.08  203.429  0.38  0.3  40  4.284  0
21.749  14.555  1883.89  95.1815  170.137  0.39  0.3  40  4.284  0
21.798  14.555  1935.85  94.9588  167.333  0.38  0.3  40  4.284  0
21.847  14.555  1911.41  96.4648  215.211  0.38  0.3  40  4.284  0
21.895  14.555  1890.83  95.0444  166.258  0.38  0.3  40  4.284  0
21.944  14.6838  2013.33  89.8083  6.738  0.36  0.3  40  4.284  0
21.993  14.6838  1880.6  95.1297  168.144  0.39  0.3  40  4.284  0
22.041  14.6838  1977.31  88.9891  34.885  0.37  0.3  40  4.284  0
22.09  14.6838  1931.88  94.8124  162.071  0.38  0.3  40  4.284  0
22.139  14.8126  1989.99  90.0223  0.775  0.36  0.3  40  4.284  0
22.188  14.8126  1926.32  94.9688  166.843  0.38  0.3  40  4.284  0
22.236  14.8126  1923.05  96.2585  209.64  0.38  0.3  40  4.284  0
22.285  14.8126  1879.48  95.2087  170.625  0.39  0.3  40  4.284  0
22.334  14.9414  1928.58  95.0994  171.419  0.38  0.3  40  4.284  0
22.383  14.9414  1905.42  96.1645  204.612  0.38  0.3  40  4.284  0
22.431  14.9414  1829.11  90.019  0.606  0.4  0.3  40  4.284  0
22.48  14.9414  2018.04  89.7839  7.61  0.36  0.3  40  4.284  0
22.529  15.0702  1891.49  96.1475  202.558  0.38  0.3  40  4.284  0
22.578  15.0702  2018.47  89.9732  0.944  0.36  0.3  40  4.284  0
22.626  15.0702  1931.48  96.02  202.564  0.38  0.3  40  4.284  0
22.675  15.0702  1951.26  89.8674  4.516  0.37  0.3  40  4.284  0
22.724  15.199  2038.08  89.9508  1.751  0.35  0.3  40  4.284  0
22.773  15.199  1920.66  96.08  203.429  0.38  0.3  40  4.284  0
22.821  15.199  1890.94  95.3742  177.104  0.38  0.3  40  4.284  0
22.87  15.199  1939.94  95.1276  173.381  0.37  0.3  40  4.284  0
22.919  15.3278  1902.4  96.1813  204.841  0.38  0.3  40  4.284  0
22.968  15.3278  1892.08  94.9894  164.558  0.38  0.3  40  4.284  0
23.016  15.3278  1931.66  94.4758  150.744  0.38  0.3  49  4.284  0
23.065  15.3278  1887.74  95.0383  165.785  0.38  0.3  49  4.284  0
23.114  15.4566  1996.05  89.8797  4.192  0.36  0.3  49  4.284  0
23.163  15.4566  1941.51  96.1096  206.637  0.37  0.3  49  4.284  0
23.211  15.4566  1883.62  94.8287  158.559  0.39  0.3  49  4.284  0
23.26  15.4566  1924.29  94.885  163.867  0.38  0.3  49  4.284  0
23.309  15.5854  1920.88  96.1267  205.009  0.38  0.3  49  4.284  0
23.358  15.5854  1879.48  95.2087  170.625  0.39  0.3  49  4.284  0
23.406  15.5854  1936.1  95.0056  168.931  0.38  0.3  49  4.284  0
23.455  15.7142  1900.35  95.1023  169.006  0.38  0.3  49  4.284  0
23.504  15.7142  1830.68  90.0467  1.493  0.4  0.3  49  4.284  0
23.553  15.7142  1933.21  94.466  150.534  0.38  0.3  49  4.284  0
23.602  15.7142  1883.08  95.0203  164.785  0.39  0.3  49  4.284  0
23.651  15.8431  1996.47  89.9156  2.94  0.36  0.3  49  4.284  0
23.699  15.8431  1927.24  94.841  162.643  0.38  0.3  49  4.284  0
23.748  15.8431  1877.87  95.4997  179.977  0.39  0.3  49  4.284  0
23.797  15.8431  2039.04  90.0231  0.822  0.35  0.3  49  4.284  0
23.846  15.9719  1918.23  96.2369  208.397  0.38  0.3  49  4.284  0
23.894  15.9719  1885.37  95.1725  169.973  0.39  0.3  49  4.284  0
23.943  15.9719  2013.87  89.5739  14.975  0.36  0.3  49  4.284  0
23.992  16.1007  1895.09  96.2691  206.94  0.38  0.3  49  4.284  0
24.041  16.1007  1992.31  89.9553  1.554  0.36  0.3  49  4.284  0
24.089  16.1007  1985.39  89.8006  6.911  0.36  0.3  49  4.284  0
24.138  16.2295  1859.05  95.3096  172.03  0.39  0.3  49  4.284  0
24.187  16.2295  1844.22  90.049  1.577  0.39  0.3  49  4.284  0
24.236  16.2295  1988.16  89.9  3.469  0.36  0.3  49  4.284  0
24.284  16.2295  1979.69  89.9628  1.285  0.37  0.3  49  4.284  2.3
24.333  16.3583  1999.55  89.8998  3.498  0.36  0.3  49  4.284  2.3
24.382  16.3583  1989.69  89.8921  3.746  0.36  0.3  49  4.284  2.3
24.431  16.3583  1839.3  94.0321  129.332  0.39  0.3  49  4.284  2.3
24.479  16.4871  2025.6  90.0137  0.483  0.36  0.3  49  4.284  2.4
24.528  16.4871  1994.94  90.0347  1.207  0.36  0.3  49  4.284  2.4
24.577  16.4871  1985.88  89.9509  1.702  0.36  0.3  49  4.284  2.8499
24.626  16.4871  1989.55  89.7407  9.004  0.36  0.3  49  4.284  2.8499
24.674  16.6159  1999.46  90.0116  0.405  0.36  0.3  49  4.284  2.8499
24.723  16.6159  1958.29  87.9932  68.577  0.37  0.3  49  4.284  2.8499
24.772  16.6159  2002.42  89.8645  4.735  0.36  0.3  49  4.284  2.8499
24.821  16.7447  1957.83  89.7578  8.276  0.37  0.3  49  4.284  5.15
24.87  16.7447  2027.89  89.909  3.222  0.36  0.3  49  4.284  5.25
24.919  16.7447  1906.69  94.8253  160.388  0.38  0.3  49  4.284  5.25
24.968  16.8735  1859.59  93.9841  129.202  0.39  0.3  49  4.284  5.25
25.016  16.8735  1924.19  95.1739  173.523  0.38  0.3  49  4.284  5.25
25.065  16.8735  1878.68  95.0478  165.298  0.39  0.3  49  4.284  5.25
25.114  17.0023  1835.15  90.0428  1.372  0.39  0.3  49  4.284  6.4499
25.163  17.0023  1927.94  95.9434  199.632  0.38  0.3  49  4.284  7.6499
25.211  17.0023  1808.44  90.001  0.032  0.4  0.3  49  4.284  7.6499
25.26  17.0023  1970.44  88.9523  36.028  0.37  0.3  49  4.284  7.6499
25.309  17.1311  1922.63  94.8696  163.208  0.38  0.3  49  4.284  7.6499
25.358  17.1311  1943.93  89.9061  3.186  0.37  0.3  49  4.284  7.6499
25.407  17.1311  1979.25  89.0162  33.984  0.37  0.3  49  4.284  7.6499
25.455  17.2599  1904.86  95.0746  168.491  0.38  0.3  49  4.284  7.6499
25.504  17.2599  1866.22  95.5696  181.127  0.39  0.3  49  4.284  7.6499
25.553  17.2599  1951.79  94.9104  167.07  0.37  0.3  49  4.284  7.6499
25.602  17.3887  1804.23  90.0585  1.843  0.4  0.3  49  4.284  7.6499
25.65  17.3887  1956.24  88.9589  35.545  0.37  0.3  49  4.284  7.6499
25.699  17.3887  1902.71  94.6601  154.586  0.38  0.3  49  4.284  7.6499
25.748  17.5175  1950.18  89.9103  3.054  0.37  0.3  49  4.284  7.6499
25.797  17.5175  1980.36  89.9228  2.668  0.37  0.3  49  4.284  7.6499
25.845  17.5175  1910.91  95.0375  167.793  0.38  0.3  49  4.284  7.6499
25.894  17.5175  1853.65  95.4139  174.891  0.39  0.3  49  4.284  7.6499
25.943  17.6463  2004.91  89.7956  7.153  0.36  0.3  49  4.284  7.6499
25.992  17.6463  1891.49  96.1475  202.558  0.38  0.3  49  4.284  7.6499
26.04  17.6463  1871.38  95.3986  176.067  0.39  0.3  49  4.284  7.6499
26.089  17.7751  1940.41  95.8737  198.573  0.37  0.3  49  4.284  7.6499
26.138  17.7751  1872.38  94.9936  162.98  0.39  0.3  49  4.284  7.6499
26.187  17.7751  1862.38  94.2226  137.129  0.39  0.3  49  4.284  7.6499
26.235  17.9039  1986.92  89.7926  7.193  0.36  0.3  49  4.284  7.6499
26.284  17.9039  1864.63  94.0891  132.964  0.39  0.3  49  4.284  7.6499
26.333  17.9039  1975.42  89.9107  3.079  0.37  0.3  49  4.284  7.6499
26.382  18.0327  1891.39  95.1573  170.017  0.38  0.3  49  4.284  7.6499
26.431  18.0327  1881.92  94.7926  157.232  0.39  0.3  49  4.284  7.6499
26.48  18.0327  2033.38  89.9745  0.906  0.36  0.3  49  4.284  7.6499
26.528  18.0327  1896.1  96.4998  214.638  0.38  0.3  49  4.284  7.6499
26.577  18.1615  1869.45  94.1497  135.279  0.39  0.3  49  4.284  7.6499
26.626  18.1615  1892.31  95.0352  166.085  0.38  0.3  49  4.284  7.6499
26.675  18.1615  1874.97  95.2113  170.303  0.39  0.3  49  4.284  7.6499
26.724  18.2904  1962.38  89.0748  31.687  0.37  0.3  49  4.284  7.6499
26.772  18.2904  1941.35  94.7798  161.766  0.37  0.3  49  4.284  7.6499
26.821  18.2904  1797.02  90.0611  1.917  0.4  0.3  49  4.284  7.6499
26.87  18.4192  1830.58  90.0113  0.362  0.4  0.3  49  4.284  7.6499
26.919  18.4192  1916.07  96.1055  203.791  0.38  0.3  49  4.284  7.6499
26.967  18.4192  1855.55  94.0583  131.32  0.39  0.3  49  4.284  7.6499
27.016  18.548  2005.21  89.5428  15.999  0.36  0.3  49  4.284  7.6499
27.065  18.548  1896.79  96.307  208.373  0.38  0.3  49  4.284  7.6499
27.114  18.548  1952.26  89.0198  33.398  0.37  0.3  49  4.284  7.6499
27.162  18.6768  2007.2  89.5708  15.036  0.36  0.3  49  4.284  7.6499
27.211  18.6768  1966.48  89.8244  6.026  0.37  0.3  49  4.284  7.6499
27.26  18.6768  1992.31  89.9553  1.554  0.36  0.3  49  4.284  7.6499
27.308  18.6768  1997.06  89.5481  15.753  0.36  0.3  49  4.284  7.6499
27.357  18.8056  1933.77  89.9598  1.357  0.37  0.3  49  4.284  7.6499
27.406  18.8056  2005.04  89.9481  1.815  0.36  0.3  49  4.284  7.6499
27.455  18.8056  1912.8  96.0759  202.462  0.38  0.3  49  4.284  7.6499
27.504  18.9344  1853.68  94.2565  137.584  0.39  0.3  49  4.284  7.6499
27.552  18.9344  1939.21  94.9867  168.566  0.37  0.3  49  4.284  7.6499
27.601  18.9344  1885.8  94.9562  162.923  0.39  0.3  49  4.284  7.6499
27.65  19.0632  1978.46  89.9893  0.371  0.37  0.3  49  4.284  7.6499
27.699  19.0632  1994.29  89.8683  4.583  0.36  0.3  49  4.284  7.6499
27.747  19.0632  1860.14  94.9314  159.902  0.39  0.3  49  4.284  7.6499
27.796  19.192  1967.91  89.9497  1.727  0.37  0.3  49  4.284  7.6499
27.845  19.192  2006.66  89.8043  6.854  0.36  0.3  49  4.284  7.6499
27.894  19.192  1942.08  89.8788  4.107  0.37  0.3  49  4.284  7.6499
27.943  19.192  1941.1  94.7328  160.16  0.37  0.3  49  4.284  7.6499
27.991  19.3208  1909.76  96.0929  202.702  0.38  0.3  49  4.284  7.6499
28.04  19.3208  1933.38  89.925  2.531  0.37  0.3  49  4.284  7.6499
28.089  19.3208  1974.65  89.7058  10.141  0.37  0.3  49  4.284  7.6499
28.138  19.4496  1895.95  94.8453  160.141  0.38  0.3  49  4.284  12.05
28.187  19.4496  1861.76  94.1087  133.394  0.39  0.3  49  4.284  12.05
28.236  19.4496  2004.78  89.5067  17.261  0.36  0.3  49  4.284  12.05
28.284  19.5784  1869.37  95.2925  172.432  0.39  0.3  49  4.284  12.05
28.333  19.5784  1842.63  90.021  0.676  0.39  0.3  49  4.284  12.05
28.382  19.5784  1912.5  94.7412  158.077  0.38  0.3  49  4.284  12.05
28.431  19.7072  1970.86  90.0086  0.295  0.37  0.3  49  4.284  14.25
28.48  19.7072  1975.01  89.8751  4.305  0.37  0.3  49  4.284  14.25
28.528  19.7072  1895.09  96.2691  206.94  0.38  0.3  49  4.284  14.25
28.577  19.7072  1859.16  95.3337  172.821  0.39  0.3  49  4.284  14.25
28.626  19.836  2017.17  89.7112  10.169  0.36  0.3  49  4.284  14.25
28.675  19.836  1897.88  96.2064  205.18  0.38  0.3  49  4.284  14.25
28.723  19.836  1946.22  89.1675  28.279  0.37  0.3  49  4.284  14.25
28.772  19.9648  1987.61  89.7129  9.959  0.36  0.3  49  4.284  15.6499
28.821  19.9648  1875.52  95.0206  164.136  0.39  0.3  49  4.284  15.6499
28.87  19.9648  1885.49  94.0411  132.876  0.38  0.3  49  4.284  15.6499
28.918  20.0936  1945.15  94.5845  155.474  0.37  0.3  49  4.284  15.6499
28.967  20.0936  1842.72  95.5729  178.949  0.39  0.3  49  4.284  15.6499
29.016  20.0936  1991.03  89.8676  4.602  0.36  0.3  49  4.284  15.6499
29.065  20.2224  1902.19  96.135  203.291  0.38  0.3  49  4.284  15.9499
29.114  20.2224  1898.28  94.9982  165.388  0.38  0.3  49  4.284  15.9499
29.162  20.2224  1912.08  94.9604  165.333  0.38  0.3  49  4.284  15.9499
29.211  20.3512  1878.9  95.0933  166.804  0.39  0.3  49  4.284  15.9499
29.26  20.3512  1914.47  89.2017  26.673  0.38  0.3  49  4.284  15.9499
29.309  20.3512  2017.44  89.5937  14.305  0.36  0.3  49  4.284  16.1499
29.357  20.3512  1886.72  95.1389  168.994  0.38  0.3  49  4.284  18.35
29.406  20.48  1946.7  87.9529  69.537  0.37  0.3  49  4.284  18.35
29.455  20.48  1990.39  89.8124  6.515  0.36  0.3  49  4.284  18.35
29.504  20.48  1862.04  95.316  172.515  0.39  0.3  49  4.284  18.35
29.552  20.6088  1990.24  89.6609  11.78  0.36  0.3  49  4.284  18.35
29.601  20.6088  1989.53  89.9871  0.449  0.36  0.3  49  4.284  18.35
29.65  20.6088  1802.76  90.0498  1.568  0.4  0.3  49  4.284  18.55
29.699  20.7377  1948.69  94.6371  157.541  0.37  0.3  49  4.284  18.55
29.747  20.7377  1972.6  89.9428  1.968  0.37  0.3  49  4.284  18.55
29.796  20.7377  1972.37  88.9793  35.135  0.37  0.3  49  4.284  18.55
29.845  20.8665  1994.57  89.7525  8.617  0.36  0.3  49  4.284  18.55
29.894  20.8665  1882.15  94.8381  158.741  0.39  0.3  49  4.284  18.55
29.943  20.8665  1946.22  89.1675  28.279  0.37  0.3  49  4.284  18.55
29.992  20.8665  1921.51  96.2669  209.752  0.38  0.3  49  4.284  18.55
30.04  20.9953  1958.31  89.9995  0.015  0.37  0.3  49  4.284  18.55
30.089  20.9953  1970.88  88.9879  34.811  0.37  0.3  49  4.284  18.55
30.138  20.9953  1899.8  96.2905  208.158  0.38  0.3  49  4.284  18.55
30.187  21.1241  1876.41  95.5085  180.123  0.39  0.3  49  4.284  18.55
30.235  21.1241  1912.55  95.053  168.453  0.38  0.3  49  4.284  20.95
30.284  21.1241  1886.03  95.0019  164.44  0.39  0.3  49  4.284  20.95
30.333  21.2529  1805.52  89.9999  0.003  0.4  0.3  49  4.284  20.95
30.381  21.2529  1939.43  94.4264  149.683  0.37  0.3  49  4.284  20.95
30.43  21.2529  1892.97  94.864  160.507  0.38  0.3  49  4.284  20.95
30.479  21.3817  1929.92  88.0994  64.007  0.38  0.3  49  4.284  20.95
30.528  21.3817  1911.84  94.9142  163.775  0.38  0.3  49  4.284  25.25
30.576  21.3817  1857.15  95.5314  179.014  0.39  0.3  49  4.284  25.25
30.625  21.3817  1982.62  88.7664  42.682  0.36  0.3  49  4.284  25.25
30.674  21.5105  1890  96.1559  202.672  0.38  0.3  49  4.284  25.25
30.723  21.5105  1899.54  94.943  163.673  0.38  0.3  49  4.284  25.25
30.771  21.5105  1927.04  95.1087  171.594  0.38  0.3  49  4.284  25.25
30.82  21.6393  1878.22  94.9569  162.288  0.39  0.3  49  4.284  29.4
30.869  21.6393  1812.81  89.9971  0.093  0.4  0.3  49  4.284  29.4
30.918  21.6393  1915.29  94.6758  156.128  0.38  0.3  49  4.284  29.4
30.966  21.7681  1970.86  90.0086  0.295  0.37  0.3  49  4.284  29.4
31.015  21.7681  1968.76  89.0762  31.741  0.37  0.3  49  4.284  29.4
31.065  21.7681  1922.93  94.6275  155.138  0.38  0.3  49  4.284  29.4
31.113  21.8969  1799.86  90.0462  1.45  0.4  0.3  49  4.284  33.85
31.162  21.8969  1853.22  90.0027  0.087  0.39  0.3  49  4.284  33.85
31.211  21.8969  1887.74  95.0383  165.785  0.38  0.3  49  4.284  33.85
31.26  22.0257  1914.27  88.3123  56.378  0.38  0.3  49  4.284  33.85
31.308  22.0257  2022.03  89.9934  0.233  0.36  0.3  49  4.284  33.85
31.358  22.0257  1866.81  95.0753  165.147  0.39  0.3  49  4.284  33.85
31.407  22.0257  1868.01  94.1595  135.493  0.39  0.3  49  4.284  34.3
31.455  22.1545  1997.91  89.6201  13.246  0.36  0.3  49  4.284  37.45
31.504  22.1545  1989.99  90.0223  0.775  0.36  0.3  49  4.284  37.45
31.553  22.1545  1994.27  89.9829  0.595  0.36  0.3  49  4.284  37.45
31.602  22.2833  1904.15  94.9363  163.85  0.38  0.3  49  4.284  37.45
31.65  22.2833  1874.95  95.5173  180.268  0.39  0.3  49  4.284  37.45
31.699  22.2833  2017.64  88.796  42.396  0.36  0.3  49  4.284  39.4
31.748  22.4121  1909.07  96.287  209.061  0.38  0.3  49  4.284  42.55
31.797  22.4121  1891.16  95.42  178.631  0.38  0.3  49  4.284  42.55
31.845  22.4121  2019.02  89.5854  14.608  0.36  0.3  49  4.284  42.55
31.894  22.5409  1889.44  94.4833  147.696  0.38  0.3  49  4.284  42.55
31.943  22.5409  1955.62  89.0381  32.832  0.37  0.3  49  4.284  42.55
31.992  22.5409  2009.44  89.4817  18.178  0.36  0.3  49  4.284  45.7
32.041  22.6697  1950.18  89.9103  3.054  0.37  0.3  49  4.284  45.9
32.089  22.6697  1985.62  89.8197  6.247  0.36  0.3  49  4.284  45.9
32.138  22.6697  1901.35  94.4058  146.062  0.38  0.3  49  4.284  45.9
32.187  22.6697  1962.66  89.9769  0.793  0.37  0.3  49  4.284  45.9
32.236  22.7985  1915.35  94.988  166.536  0.38  0.3  49  4.284  46.1
32.284  22.7985  1901.38  95.001  165.75  0.38  0.3  49  4.284  47.3
32.333  22.7985  1952.91  89.2044  27.116  0.37  0.3  49  4.284  49.6
32.382  22.9273  2001.85  89.6759  11.322  0.36  0.3  49  4.284  49.6
32.431  22.9273  1888.24  96.4481  212.057  0.39  0.3  49  4.284  49.6
32.479  22.9273  2005.77  89.9997  0.009  0.36  0.3  49  4.284  49.6
32.528  23.0561  1917.84  94.5638  152.601  0.38  0.3  49  4.284  49.6
32.577  23.0561  1873.38  94.8938  159.815  0.39  0.3  49  4.284  49.6
32.626  23.0561  2003.07  89.92  2.799  0.36  0.3  49  4.284  52.6
32.674  23.185  1908.03  96.0549  201.262  0.38  0.3  49  4.284  52.6
32.723  23.185  1954.2  89.8518  5.054  0.37  0.3  49  4.284  52.6
32.772  23.185  2040.13  89.979  0.746  0.35  0.3  49  4.284  52.6
32.821  23.185  1896.59  96.2608  206.832  0.38  0.3  49  4.284  52.6
33.016  23.4426  1970.88  88.9879  34.811  0.37  0.3  49  4.284  52.6
33.064  23.4426  1999.88  89.648  12.286  0.36  0.3  49  4.284  52.6
33.113  23.4426  1867.8  94.9758  162.004  0.39  0.3  49  4.284  52.6
33.162  23.5714  1827.74  90.0619  1.976  0.4  0.3  49  4.284  52.6
33.211  23.5714  1918.52  94.9908  166.904  0.38  0.3  49  4.284  52.6
33.259  23.5714  1865.79  95.4791  178.151  0.39  0.3  49  4.284  52.6
33.357  23.7002  1891.49  94.8734  160.688  0.38  0.3  49  4.284  52.6
33.406  23.7002  1872.96  95.1085  166.774  0.39  0.3  49  4.284  52.6
33.455  23.7002  2023.92  89.7148  10.074  0.36  0.3  49  4.284  52.6
33.503  23.829  1890.93  95.0657  166.965  0.38  0.3  49  4.284  52.6
33.552  23.829  1898.83  93.9509  130.833  0.38  0.3  49  4.284  52.6
33.601  23.829  1926.25  94.6547  156.316  0.38  0.3  49  4.284  52.6
33.649  23.9578  1973.8  89.9934  0.229  0.37  0.3  49  4.284  52.6
33.698  23.9578  2001.81  89.8117  6.58  0.36  0.3  49  4.284  52.6
33.748  23.9578  1920.11  94.6933  157.107  0.38  0.3  49  4.284  52.6
33.796  24.0866  1878.68  95.3542  175.305  0.39  0.3  49  4.284  52.6
33.845  24.0866  2008.15  89.9322  2.375  0.36  0.3  49  4.284  52.6
33.894  24.0866  1900.35  95.1023  169.006  0.38  0.3  49  4.284  52.6
33.943  24.2154  1877.34  95.0813  166.273  0.39  0.3  49  4.284  52.6
33.991  24.2154  1999.88  89.648  12.286  0.36  0.3  49  4.284  52.6
34.04  24.2154  1942.87  89.9488  1.737  0.37  0.3  49  4.284  52.6
34.089  24.3442  1961.09  88.9685  35.303  0.37  0.3  49  4.284  52.6
34.138  24.3442  1924.16  94.8601  163.02  0.38  0.3  49  4.284  52.6
34.186  24.3442  1960.12  89.8205  6.14  0.37  0.3  49  4.284  52.6
34.235  24.3442  1990.61  89.8317  5.848  0.36  0.3  49  4.284  52.6
34.284  24.473  1917.38  96.0503  202.097  0.38  0.3  49  4.284  52.6
34.333  24.473  1867.6  95.2352  170.407  0.39  0.3  49  4.284  52.6
34.381  24.473  1926.88  94.7728  160.326  0.38  0.3  49  4.284  52.6
34.43  24.6018  1906.04  96.3036  209.278  0.38  0.3  49  4.284  52.6
34.479  24.6018  1892.08  94.9894  164.558  0.38  0.3  49  4.284  52.6
34.528  24.6018  2020.4  89.4229  20.351  0.36  0.3  49  4.284  52.6
34.576  24.7306  1877.89  95.1933  169.98  0.39  0.3  49  4.284  52.6
34.625  24.7306  1898.28  94.9982  165.388  0.38  0.3  49  4.284  52.6
34.675  24.7306  1928.78  94.8315  162.453  0.38  0.3  49  4.284  52.6
34.723  24.8594  1869.02  94.9214  160.342  0.39  0.3  49  4.284  52.6
34.772  24.8594  1909.04  94.9792  165.693  0.38  0.3  49  4.284  52.6
34.821  24.8594  1897.47  96.114  202.095  0.38  0.3  49  4.284  52.6
34.87  24.8594  1867.02  93.9795  129.57  0.39  0.3  49  4.284  52.6
34.918  24.9882  1923.96  95.1273  171.943  0.38  0.3  49  4.284  52.6
34.967  24.9882  1882.07  95.1206  167.978  0.39  0.3  49  4.284  52.6
35.016  24.9882  1949.14  89.1507  28.89  0.37  0.3  49  4.284  52.6
35.065  25.117  2007.88  89.49  17.871  0.36  0.3  49  4.284  52.6
35.113  25.117  1885.33  94.865  159.892  0.39  0.3  49  4.284  52.6
35.162  25.117  1960.28  89.1625  28.652  0.37  0.3  49  4.284  52.6
35.211  25.2458  1989.69  89.8921  3.746  0.36  0.3  49  4.284  52.6
35.26  25.2458  1877.22  95.3631  175.459  0.39  0.3  49  4.284  52.6
35.309  25.2458  2021.56  89.9575  1.498  0.36  0.3  49  4.284  52.6
35.358  25.3746  1897.11  94.4808  148.212  0.38  0.3  49  4.284  52.6
35.406  25.3746  1875.87  95.0904  166.441  0.39  0.3  49  4.284  52.6
35.455  25.3746  1931.76  94.7907  161.333  0.38  0.3  49  4.284  52.6
35.504  25.3746  1895.63  95.0839  167.981  0.38  0.3  49  4.284  52.6
35.553  25.5034  2010.81  90.0121  0.425  0.36  0.3  49  4.284  52.6
35.602  25.5034  1933.47  94.5127  152.124  0.38  0.3  49  4.284  52.6
35.651  25.5034  1871.38  95.0933  166.138  0.39  0.3  49  4.284  52.6
35.699  25.6323  1991.03  89.8676  4.602  0.36  0.3  49  4.284  52.6
35.748  25.6323  1985.11  89.9158  2.917  0.36  0.3  49  4.284  52.6
35.797  25.6323  1959.31  89.7499  8.553  0.37  0.3  49  4.284  52.6
35.846  25.7611  2030.26  89.9902  0.348  0.36  0.3  49  4.284  52.6
35.895  25.7611  1912.59  96.0294  200.895  0.38  0.4  49  4.284  52.6
35.943  25.7611  1871.16  95.3533  174.572  0.39  0.4  49  4.284  52.6
35.992  25.8899  1934.78  95.0619  170.71  0.38  0.4  49  4.284  52.6
36.041  25.8899  1889.33  96.348  208.899  0.39  0.4  49  4.284  52.6
36.09  25.8899  2007.29  89.992  0.281  0.36  0.4  49  4.284  52.6
36.139  25.8899  2005.1  89.8124  6.567  0.36  0.4  49  4.284  52.6
36.187  26.0187  1801.28  90.0387  1.216  0.4  3.2  49  4.284  52.6
36.236  26.0187  1970  88.9167  37.243  0.37  3.2  49  4.284  52.6
36.285  26.0187  1920.85  94.8326  161.821  0.38  3.2  49  4.284  52.6
36.334  26.1475  1970.41  89.9737  0.905  0.37  3.2  49  4.284  52.6
36.382  26.1475  2000.68  89.8557  5.037  0.36  3.2  49  4.284  52.6
36.432  26.1475  1907.55  96.2954  209.17  0.38  3.2  49  4.284  52.6
36.48  26.2763  1993.81  89.9476  1.825  0.36  3.2  49  4.284  52.6
36.529  26.2763  1927.28  95.1554  173.179  0.38  7.3  49  4.284  52.6
36.578  26.2763  1879.45  94.9021  160.607  0.39  7.3  49  4.284  52.6
36.627  26.4051  1961.54  89.9454  1.87  0.37  7.3  49  4.284  52.6
36.676  26.4051  1918.83  94.7493  158.87  0.38  7.3  49  4.284  52.6
36.724  26.4051  1805.66  90.051  1.608  0.4  7.3  49  4.284  52.6
36.773  26.5339  1847.21  90.0336  1.083  0.39  7.3  49  4.284  52.6
36.822  26.5339  1916.82  94.6661  155.932  0.38  7.3  49  4.284  52.6
36.871  26.5339  1976.74  89.9781  0.755  0.37  7.3  49  4.284  52.6
36.919  26.5339  2020.96  90.037  1.306  0.36  7.3  49  4.284  52.6
36.968  26.6627  1896.72  94.6983  155.358  0.38  7.3  49  4.284  52.6
37.017  26.6627  1881.96  95.0994  167.277  0.39  7.3  49  4.284  52.6
37.066  26.6627  1929.06  95.1928  174.595  0.38  7.3  49  4.284  52.6
37.114  26.7915  1905  96.0719  201.503  0.38  7.5  49  4.284  52.6
37.163  26.7915  1973.16  88.7837  41.885  0.37  7.5  49  4.284  52.6
37.212  26.7915  2000.57  89.5676  15.096  0.36  7.5  49  4.284  52.6
37.261  26.9203  1873.61  94.9391  161.311  0.39  7.5  49  4.284  52.6
37.309  26.9203  1981.88  89.915  2.942  0.37  7.5  49  4.284  52.6
37.358  26.9203  1922.93  94.6275  155.138  0.38  7.5  49  4.284  52.6
37.407  27.0491  1882.87  95.2818  173.326  0.39  7.7  49  4.284  52.6
37.456  27.0491  1929.4  94.9499  166.477  0.38  7.7  49  4.284  52.6
37.504  27.0491  1883.54  95.1115  167.811  0.39  7.7  49  4.284  52.6
37.553  27.0491  1879.38  94.0355  132.262  0.39  7.7  49  4.284  52.6
37.602  27.1779  2037.47  90.0309  1.1  0.36  7.7  49  4.284  52.6
37.651  27.1779  1873.61  94.9391  161.311  0.39  7.7  49  4.284  52.6
37.699  27.1779  1970.68  89.1033  30.842  0.37  8.4  49  4.284  52.6
37.748  27.3067  1926.75  94.7478  159.478  0.38  8.4  49  4.284  52.6
37.797  27.3067  1967.69  89.9307  2.379  0.37  8.4  49  4.284  52.6
37.846  27.3067  1994.93  89.9235  2.662  0.36  8.4  49  4.284  52.6
37.895  27.4355  1917.06  94.7125  157.497  0.38  8.4  49  4.284  52.6
37.944  27.4355  1939.95  89.9641  1.215  0.37  8.4  49  4.284  52.6
37.992  27.4355  1928.1  95.006  168.246  0.38  8.6  49  4.284  53.15
38.041  27.5643  1892.65  95.1023  168.322  0.38  8.6  49  4.284  53.15
38.09  27.5643  1885.59  95.2181  171.49  0.39  8.6  49  4.284  53.15
38.138  27.5643  1950.21  94.92  167.26  0.37  8.6  49  4.284  53.15
38.187  27.6931  1882.31  96.4805  212.446  0.39  8.6  49  4.284  53.15
38.236  27.6931  1815.79  90.017  0.538  0.4  8.6  49  4.284  53.15
38.285  27.6931  1919.32  94.8421  162.01  0.38  9.3  49  4.284  58.6
38.333  27.6931  1811.31  89.9859  0.447  0.4  9.3  49  4.284  58.6
38.382  27.8219  2022.51  90.0292  1.032  0.36  9.3  49  4.284  58.6
38.431  27.8219  1916.57  94.6198  154.367  0.38  9.3  49  4.284  58.6
38.48  27.8219  1874.95  95.5173  180.268  0.39  9.3  49  4.284  58.7
38.529  27.9507  1947.05  94.9392  167.637  0.37  9.3  49  4.284  58.7
38.578  27.9507  1907.61  94.4127  146.772  0.38  9.6  49  4.284  61.6
38.626  27.9507  1875.96  93.965  129.716  0.39  9.6  49  4.284  61.6
38.675  28.0796  1915.83  95.0808  169.667  0.38  9.6  49  4.284  61.6
38.724  28.0796  1814.29  90.0057  0.182  0.4  9.6  49  4.284  61.6
38.773  28.0796  2002.27  89.9797  0.709  0.36  9.6  49  4.284  61.6
38.821  28.2084  1934.48  94.6996  158.495  0.38  9.6  49  4.284  62.05
38.87  28.2084  1880  90.0271  0.89  0.38  9.6  49  4.284  63.25
38.919  28.2084  1974.74  89.042  33.017  0.37  9.9  49  4.284  63.55
38.968  28.2084  1905.66  94.927  163.669  0.38  9.9  49  4.284  63.55
39.016  28.3372  1873.63  95.2447  171.266  0.39  9.9  49  4.284  63.55
39.065  28.3372  2004.48  89.7594  8.416  0.36  9.9  49  4.284  63.55
39.114  28.3372  1895.71  94.7994  158.61  0.38  9.9  49  4.284  63.55
39.163  28.466  1994.73  90.0183  0.636  0.36  9.9  49  4.284  66.55
39.212  28.466  2003.66  89.5511  15.697  0.36  10.2  49  4.284  67.1
39.26  28.466  1886.03  95.0019  164.44  0.39  10.2  49  4.284  67.1
39.309  28.5948  1884.98  93.9503  129.859  0.38  10.2  49  4.284  67.1
39.358  28.5948  1917.79  94.8516  162.197  0.38  10.2  49  4.284  67.1
39.407  28.5948  1862.7  95.1476  167.123  0.39  10.2  49  4.284  67.1
39.455  28.7236  1987.97  89.8834  4.045  0.36  10.2  49  4.284  71.65
39.504  28.7236  1911.71  94.8894  162.939  0.38  10.3  49  4.284  71.95
39.553  28.7236  1886.27  95.3552  176.046  0.39  10.3  49  4.284  71.95
39.602  28.8524  1934.86  94.7715  160.945  0.38  10.3  49  4.284  71.95
39.65  28.8524  1917.11  96.3386  211.657  0.38  10.3  49  4.284  71.95
39.699  28.8524  1936.9  89.2954  23.817  0.37  10.3  49  4.284  72.15
39.748  28.8524  2003.66  89.5511  15.697  0.36  10.3  49  4.284  72.25
39.797  28.9812  1885.55  96.1808  203.011  0.39  10.7  49  4.284  72.25
39.846  28.9812  1970.44  88.9523  36.028  0.37  10.7  49  4.284  72.25
39.895  28.9812  1991.08  89.7327  9.291  0.36  10.7  49  4.284  72.25
39.943  29.11  1953.4  89.7814  7.452  0.37  10.7  49  4.284  72.25
39.992  29.11  2025.12  89.9777  0.787  0.36  10.7  49  4.284  72.25
40.041  29.11  1907.4  94.9638  165.039  0.38  10.7  49  4.284  72.25
40.09  29.2388  1867.82  95.2804  171.896  0.39  11  49  4.284  72.25
40.138  29.2388  1851.72  90.0104  0.337  0.39  11  49  4.284  72.25
40.187  29.2388  1896.38  96.2147  205.291  0.38  11  49  4.284  72.25
40.236  29.3676  1823.16  90.0142  0.45  0.4  11  49  4.284  72.25
40.285  29.3676  2011.88  89.5459  15.944  0.36  11  49  4.284  72.25
40.334  29.3676  1890.7  95.0199  165.44  0.38  11  49  4.284  72.25
40.382  29.3676  1977.31  88.9891  34.885  0.37  11.3  49  4.284  72.25
40.431  29.4964  1911.22  94.7969  159.825  0.38  11.3  49  4.284  72.25
40.48  29.4964  1883.76  95.4644  179.385  0.39  11.3  49  4.284  72.25
40.529  29.4964  1999.55  89.8998  3.498  0.36  11.3  49  4.284  72.25
40.578  29.6252  1898.39  95.0196  166.101  0.38  11.3  49  4.284  72.25
40.626  29.6252  1811.36  90.0046  0.147  0.4  11.3  49  4.284  72.25
40.675  29.6252  2043.76  89.9995  0.019  0.35  11.6  49  4.284  72.25
40.724  29.754  1909.55  96.0464  201.14  0.38  11.6  49  4.284  72.25
40.773  29.754  1966.21  89.1287  29.898  0.37  11.6  49  4.284  72.25
40.821  29.754  2017.01  89.5573  15.583  0.36  11.6  49  4.284  72.25
40.871  29.8828  1872.05  95.2293  170.623  0.39  11.6  49  4.284  72.25
40.919  29.8828  1961.76  89.1541  28.962  0.37  11.6  49  4.284  72.25
40.968  29.8828  1932.37  94.9059  165.254  0.38  11.3  49  4.284  72.25
41.017  30.0116  1950.18  89.9103  3.054  0.37  11.3  49  4.284  72.25
41.066  30.0116  2011.99  89.8358  5.767  0.36  11.3  49  4.284  72.25
41.114  30.0116  1907.64  95.0099  166.591  0.38  11.3  49  4.284  72.25
41.163  30.0116  1880.72  95.1541  168.953  0.39  11.3  49  4.284  72.25
41.212  30.1404  2004.1  89.5873  14.436  0.36  11.3  49  4.284  72.25
41.261  30.1404  1899.88  95.0103  165.926  0.38  11.3  49  4.284  72.25
41.31  30.1404  1872.1  94.085  133.361  0.39  11.6  49  4.284  72.25
41.358  30.2692  2010.91  89.7438  8.992  0.36  11.6  49  4.284  72.25
41.407  30.2692  1953.53  89.9299  2.388  0.37  11.6  49  4.284  72.25
41.456  30.2692  1959.18  88.9417  36.185  0.37  11.6  49  4.284  72.25
41.505  30.3981  1930.33  94.822  162.263  0.38  11.6  49  4.284  72.25
41.554  30.3981  1947.65  89.9608  1.333  0.37  11.6  49  4.284  72.25
41.603  30.3981  2043.28  89.9632  1.311  0.35  11.5  49  4.284  72.25
41.652  30.5269  1901.15  94.955  164.208  0.38  11.5  49  4.284  72.25
41.7  30.5269  1895.18  95.3013  175.102  0.38  11.5  49  4.284  72.25
41.749  30.5269  1933.47  95.1181  172.484  0.38  11.5  49  4.284  72.25
41.798  30.5269  1885.01  94.5122  148.296  0.38  11.5  49  4.284  72.25
41.847  30.6557  1999.71  90.0306  1.067  0.36  11.5  49  4.284  72.25
41.895  30.6557  2012.9  89.772  8.012  0.36  11.8  49  4.284  72.25
41.944  30.6557  1812.85  90.0133  0.421  0.4  11.8  49  4.284  72.25
41.993  30.7845  2020.96  90.037  1.306  0.36  11.8  49  4.284  72.25
42.042  30.7845  1931.26  95.973  200.967  0.38  11.8  49  4.284  72.25
42.09  30.7845  1953.8  89.8166  6.253  0.37  11.8  49  4.284  72.25
42.139  30.9133  1918.88  95.0622  169.316  0.38  11.8  49  4.284  72.25
42.188  30.9133  1905.13  96.451  214.05  0.38  11.7  49  4.284  72.25
42.237  30.9133  1869.48  95.3168  173.232  0.39  11.7  49  4.284  72.25
42.285  31.0421  2009.35  89.7519  8.7  0.36  11.7  49  4.284  72.25
42.334  31.0421  1904.11  96.2193  206.279  0.38  11.7  49  4.284  72.25
42.383  31.0421  1835.1  90.0238  0.763  0.39  11.7  49  4.284  72.25
42.432  31.1709  1923.18  94.674  156.713  0.38  11.7  49  4.284  72.25
42.481  31.1709  1977.19  90.0131  0.453  0.37  11.4  49  4.284  72.25
42.529  31.1709  1973.68  89.0862  31.476  0.37  11.4  49  4.284  72.25
42.578  31.1709  1919.62  94.6005  153.967  0.38  11.4  49  4.284  72.25
42.627  31.2997  1944.33  89.9411  1.999  0.37  11.4  49  4.284  72.25
42.676  31.2997  2006.59  89.9402  2.094  0.36  11.4  49  4.284  72.25
42.724  31.2997  1922.2  96.0714  203.308  0.38  11.4  49  4.284  72.25
42.773  31.4285  1947.68  89.1591  28.584  0.37  11.4  49  4.284  72.25
42.822  31.4285  1925.83  94.8755  163.679  0.38  11.4  49  4.284  72.25
42.871  31.4285  1893.39  96.2313  205.513  0.38  11.4  49  4.284  72.25
42.919  31.5573  1979.54  89.8515  5.132  0.37  11.4  49  4.284  72.25
42.968  31.5573  2016.74  89.6748  11.447  0.36  11.4  49  4.284  72.25
43.017  31.5573  1954.2  89.8518  5.054  0.37  11.4  49  4.284  72.25
43.066  31.6861  1979.44  88.9002  37.993  0.37  11.5  49  4.284  72.25
43.115  31.6861  2018.04  89.7839  7.61  0.36  11.5  49  4.284  72.25
43.164  31.6861  1968.65  89.7377  9.013  0.37  11.5  49  4.284  72.25
43.212  31.6861  1919.45  94.867  162.851  0.38  11.5  49  4.284  72.25
43.261  31.8149  1926.61  95.9989  201.35  0.38  11.5  49  4.284  72.25
43.31  31.8149  1940.41  89.2008  27.067  0.37  11.5  49  4.284  72.25
43.359  31.8149  1947.37  94.694  159.361  0.37  11.4  49  4.284  72.25
43.408  31.9437  1968.79  89.8875  3.867  0.37  11.4  49  4.284  72.25
43.456  31.9437  1962.14  88.9245  36.83  0.37  11.4  49  4.284  72.25
43.505  31.9437  1925.21  94.7574  159.672  0.38  11.4  49  4.284  72.25
43.554  32.0725  1879.92  94.9931  163.62  0.39  11.4  49  4.284  72.25
43.603  32.0725  1983.78  88.9902  34.96  0.36  11.4  49  4.284  72.25
43.651  32.0725  1929.71  95.9817  201.095  0.38  11.2  49  4.284  72.25
43.7  32.2013  1876.19  95.463  178.618  0.39  11.2  49  4.284  72.25
43.749  32.2013  2005.75  89.8679  4.625  0.36  11.2  49  4.284  72.25
43.798  32.2013  1897.2  94.79  158.424  0.38  11.2  49  4.284  72.25
43.846  32.3301  1953.96  89.1608  28.618  0.37  11.2  49  4.284  72.25
43.895  32.3301  2017.44  89.5937  14.305  0.36  11.2  49  4.284  72.25
43.944  32.3301  1886.72  95.1389  168.994  0.38  11.2  49  4.284  72.25
43.993  32.3301  1969.41  89.9419  1.996  0.37  11.2  49  4.284  72.25
44.042  32.4589  1921.09  94.8791  163.395  0.38  11.2  49  4.284  72.25
44.09  32.4589  1802.62  89.9963  0.116  0.4  11.2  49  4.284  72.25
44.139  32.4589  1992.98  89.8955  3.634  0.36  11.2  49  4.284  72.25
44.188  32.5877  1996.24  89.8964  3.611  0.36  11.2  49  4.284  72.25
44.237  32.5877  1872.96  95.1085  166.774  0.39  11.2  49  4.284  72.25
44.286  32.5877  2007.73  89.8961  3.642  0.36  11.5  49  4.284  72.25
44.335  32.7165  1892.89  94.5555  150.341  0.38  11.5  49  4.284  72.25
44.383  32.7165  1998.79  89.9597  1.405  0.36  11.5  49  4.284  72.25
44.432  32.7165  1933.47  95.1181  172.484  0.38  11.5  49  4.284  72.25
44.481  32.8454  1881.12  96.2057  203.345  0.39  11.5  49  4.284  72.25
44.53  32.8454  1984.1  89.8277  5.967  0.36  11.5  49  4.284  72.25
44.579  32.8454  1925.21  94.7574  159.672  0.38  11.6  49  4.284  72.25
44.627  32.8454  1956.88  89.9497  1.718  0.37  11.6  49  4.284  72.25
44.676  32.9742  2006.59  89.9402  2.094  0.36  11.6  49  4.284  72.25
44.725  32.9742  1931.26  95.973  200.967  0.38  11.6  49  4.284  72.25
44.774  32.9742  1874.51  95.4263  177.265  0.39  11.6  49  4.284  72.25
44.822  33.103  2007.73  89.8961  3.642  0.36  11.6  49  4.284  72.25
44.871  33.103  1905.21  96.1182  203.057  0.38  11.5  49  4.284  72.25
44.92  33.103  1948.91  89.0016  33.96  0.37  11.5  49  4.284  72.25
44.969  33.2318  1939.94  95.1276  173.381  0.37  11.5  49  4.284  72.25
45.017  33.2318  1996.45  90.027  0.94  0.36  11.5  49  4.284  72.25
45.066  33.2318  1976.52  89.8672  4.58  0.37  11.5  49  4.284  72.25
45.115  33.3606  1933.43  94.8028  161.879  0.38  11.5  49  4.284  72.25
45.164  33.3606  1957.15  89.8362  5.595  0.37  12  49  4.284  72.25
45.212  33.3606  1974.05  88.855  39.447  0.37  12  49  4.284  72.25
45.261  33.4894  1915.64  96.0123  200.648  0.38  12  49  4.284  72.25
45.31  33.4894  1947.52  89.8128  6.364  0.37  12  49  4.284  72.25
45.359  33.4894  2017.97  89.9207  2.794  0.36  12  49  4.284  72.25
45.408  33.4894  1897.68  96.1602  203.637  0.38  12  49  4.284  72.25
45.457  33.6182  1879.25  95.1631  169.118  0.39  12.1  49  4.284  72.25
45.506  33.6182  1997.91  89.6201  13.246  0.36  12.1  49  4.284  72.25
45.554  33.6182  1879.58  95.2298  171.325  0.39  12.1  49  4.284  72.25
45.603  33.747  1897.34  93.961  131.063  0.38  12.1  49  4.284  72.25
45.652  33.747  2000.57  89.5676  15.096  0.36  12.1  49  4.284  72.25
45.701  33.747  1955.68  89.844  5.324  0.37  12.1  49  4.284  72.25
45.749  33.8758  1998.3  89.7917  7.266  0.36  12.5  49  4.284  72.25
45.798  33.8758  1929.93  96.0286  202.69  0.38  12.5  49  4.284  72.25
45.847  33.8758  1886.49  95.401  177.566  0.39  12.5  49  4.284  72.25
45.896  34.0046  1933.71  95.165  174.08  0.38  12.5  49  4.284  72.25
45.944  34.0046  1884.02  94.6128  151.515  0.39  12.5  49  4.284  72.25
45.993  34.0046  1982.9  89.9663  1.167  0.36  12.5  49  4.284  72.25
46.042  34.0046  2007.36  89.7238  9.676  0.36  12.6  49  4.284  72.25
46.091  34.1334  1894.48  96.1308  202.328  0.38  12.6  49  4.284  72.25
46.139  34.1334  1989.91  89.9114  3.079  0.36  12.6  49  4.284  72.25
46.188  34.1334  1938.37  96.1268  206.88  0.38  12.6  49  4.284  72.25
46.237  34.2622  1992.52  89.9717  0.985  0.36  12.6  49  4.284  72.25
46.286  34.2622  1848.71  90.0259  0.836  0.39  12.6  49  4.284  72.25
46.335  34.2622  1918.52  94.9908  166.904  0.38  12.6  49  4.284  72.25
46.384  34.391  1991.73  90.0336  1.167  0.36  12.6  49  4.284  72.25
46.432  34.391  1921.12  95.1924  173.863  0.38  12.6  49  4.284  72.25
46.481  34.391  1889.53  94.7913  157.825  0.38  12.6  49  4.284  72.25
46.53  34.5198  1970.9  89.9342  2.265  0.37  12.6  49  4.284  72.25
46.579  34.5198  2013.87  89.5739  14.975  0.36  12.6  49  4.284  72.25
46.627  34.5198  1978.63  89.9115  3.055  0.37  12.6  49  4.284  72.25
46.676  34.6486  1967.7  89.1203  30.211  0.37  13.7  49  4.284  72.25
46.725  34.6486  1926.5  94.7012  157.896  0.38  13.7  49  4.284  72.25
46.774  34.6486  1973.8  89.9934  0.229  0.37  13.7  49  4.284  72.25
46.822  34.6486  1990.04  88.8388  40.33  0.36  13.7  49  4.284  72.25
46.872  34.7774  1910.49  94.6583  155.158  0.38  13.7  49  4.284  72.25
46.92  34.7774  1878.8  95.0722  166.105  0.39  13.7  49  4.284  72.25
46.969  34.7774  1929.89  95.0433  169.654  0.38  14.2  49  4.284  72.25
47.018  34.9062  1890.93  95.0657  166.965  0.38  14.2  49  4.284  72.25
47.067  34.9062  1801.24  90.0225  0.708  0.4  14.2  49  4.284  72.25
47.115  34.9062  1927.04  95.1087  171.594  0.38  14.2  49  4.284  72.25
47.164  35.035  1976.02  89.9628  1.283  0.37  14.2  49  4.284  72.25
47.213  35.035  1958.75  88.0286  67.382  0.37  14.2  49  4.284  72.25
47.262  35.035  1939.28  95.9767  201.926  0.38  14.8  49  4.284  72.25
47.31  35.1638  1891.74  95.2277  172.363  0.38  14.8  49  4.284  72.25
47.359  35.1638  2002.23  89.8478  5.32  0.36  14.8  49  4.284  72.25
47.408  35.1638  1914.75  96.1605  205.48  0.38  14.8  49  4.284  72.25
47.457  35.1638  1879.03  95.1176  167.611  0.39  14.8  49  4.284  72.25
47.506  35.2927  1936.91  94.8555  163.948  0.37  14.8  49  4.284  72.25
47.554  35.2927  1893.21  94.9098  162.035  0.38  15.1  49  4.284  72.25
47.603  35.2927  1827.74  90.0619  1.976  0.4  15.1  49  4.284  72.25
47.652  35.4215  1925.26  95.0714  170.187  0.38  15.1  49  4.284  72.25
47.701  35.4215  2002.49  89.9962  0.134  0.36  15.1  49  4.284  72.25
47.749  35.4215  1842.72  90.0566  1.822  0.39  15.1  49  4.284  72.25
47.798  35.5503  1939.65  94.7643  161.101  0.37  15.1  49  4.284  72.25
47.847  35.5503  1952.33  89.8244  5.982  0.37  15.7  49  4.284  72.25
47.896  35.5503  2008.02  89.7794  7.73  0.36  15.7  49  4.284  72.25
47.945  35.6791  1902.61  96.2276  206.391  0.38  15.7  49  4.284  72.25
47.993  35.6791  1880.59  93.9803  130.538  0.39  15.7  49  4.284  72.25
48.042  35.6791  1927.37  94.866  163.492  0.38  15.7  49  4.284  72.25
48.091  35.8079  1894.93  94.9463  163.385  0.38  15.7  49  4.284  72.25
48.14  35.8079  1982.58  89.8356  5.688  0.36  16.3  49  4.284  72.25
48.188  35.8079  2012.47  89.7357  9.285  0.36  16.3  49  4.284  72.25
48.237  35.8079  1966.75  89.7102  9.948  0.37  16.3  49  4.284  72.25
48.286  35.9367  1913.11  94.8585  162.031  0.38  16.3  49  4.284  72.25
48.335  35.9367  1938.89  94.6236  156.295  0.37  16.3  49  4.284  72.25
48.384  35.9367  1873.05  95.4352  177.414  0.39  16.3  49  4.284  72.25
48.432  36.0655  2021.42  89.7872  7.507  0.36  17.2  49  4.284  72.25
48.481  36.0655  1916.7  96.2453  208.509  0.38  17.2  49  4.284  72.25
48.53  36.0655  1806.96  89.9924  0.241  0.4  17.2  49  4.284  72.25
48.579  36.1943  2015.44  89.5656  15.279  0.36  17.2  49  4.284  72.25
48.627  36.1943  1898.7  96.3911  211.354  0.38  17.2  49  4.284  72.25
48.677  36.1943  2008.82  89.9842  0.553  0.36  17.2  49  4.284  72.25
48.725  36.3231  1998.49  89.8084  6.684  0.36  17.1  49  4.284  72.25
48.774  36.3231  1884.86  94.7738  156.863  0.39  17.1  49  4.284  72.25
48.823  36.3231  1985.3  88.9816  35.287  0.36  17.1  49  4.284  72.25
48.872  36.3231  1924.21  94.5713  153.36  0.38  17.1  49  4.284  72.25
48.92  36.4519  1887.3  95.2548  172.848  0.38  17.1  49  4.284  72.25
48.97  36.4519  1918.41  94.9693  166.175  0.38  17.1  49  4.284  72.25
49.018  36.4519  1904.63  95.0285  166.943  0.38  17.1  49  4.284  72.25
49.067  36.5807  1884.03  94.0511  133.098  0.38  18  49  4.284  72.25
49.116  36.5807  2014.12  89.4566  19.103  0.36  18  49  4.284  72.25
49.164  36.5807  1889.77  94.837  159.347  0.38  18  49  4.284  72.25
49.213  36.7095  1999.71  90.0306  1.067  0.36  18  49  4.284  72.25
49.262  36.7095  1927.79  94.645  156.116  0.38  18  49  4.284  72.25
49.311  36.7095  1883.62  94.8287  158.559  0.39  18  49  4.284  72.25
49.359  36.8383  1970.88  88.9879  34.811  0.37  18.2  49  4.284  72.25
49.408  36.8383  1920.11  94.6933  157.107  0.38  18.2  49  4.284  72.25
49.457  36.8383  1947.92  89.8478  5.173  0.37  18.2  49  4.284  72.25
49.506  36.9671  2040.61  90.0152  0.542  0.35  18.2  49  4.284  72.25
49.555  36.9671  1918.91  96.0418  201.974  0.38  18.2  49  4.284  72.25
49.604  36.9671  1832.15  90.0391  1.25  0.39  18.2  49  4.284  72.25
49.652  36.9671  2020.85  89.4593  19.069  0.36  18.5  49  4.284  72.25
49.701  37.0959  1886.26  95.0475  165.957  0.39  18.5  49  4.284  72.25
49.75  37.0959  1880.27  95.063  165.936  0.39  18.5  49  4.284  72.25
49.798  37.0959  1996.24  89.8964  3.611  0.36  18.5  49  4.284  72.25
49.847  37.2247  1977.19  90.0131  0.453  0.37  18.5  49  4.284  72.25
49.896  37.2247  1973.53  87.934  71.146  0.37  18.5  49  4.284  72.25
49.945  37.2247  1923.42  94.7205  158.289  0.38  19.7  49  4.284  72.25
49.993  37.3535  1947.52  89.8128  6.364  0.37  19.7  49  4.284  72.25
50.042  37.3535  1939.79  94.7894  161.961  0.37  19.7  49  4.284  72.25
50.091  37.3535  1909.68  96.4265  213.748  0.38  19.7  49  4.284  72.25
50.14  37.4823  1983.36  90.0014  0.049  0.36  19.7  49  4.284  72.25
50.189  37.4823  2002.28  89.712  10.063  0.36  19.7  49  4.284  72.25
50.237  37.4823  1875.15  96.5662  214.426  0.39  21.2  49  4.284  72.25
50.286  37.4823  1969.56  88.8812  38.458  0.37  21.2  49  4.284  72.25
50.335  37.6111  1940.99  94.4165  149.468  0.37  21.2  49  4.284  72.25
50.384  37.6111  1877.52  94.8206  157.779  0.39  21.2  49  4.284  72.25
50.432  37.6111  2032.3  90.0184  0.651  0.36  21.2  49  4.284  72.25
50.481  37.74  1909.95  94.8526  161.568  0.38  21.2  49  4.284  72.25
50.53  37.74  1874.87  95.1903  169.606  0.39  22.5  49  4.284  72.25
50.579  37.74  1929.16  94.9032  164.89  0.38  22.5  49  4.284  72.25
50.627  37.8688  1905.62  96.2109  206.167  0.38  22.5  49  4.284  72.25
50.676  37.8688  1871.95  95.2083  169.929  0.39  22.5  49  4.284  72.25
50.725  37.8688  2018.31  89.6666  11.746  0.36  22.5  49  4.284  72.25
50.774  37.9976  1957.96  89.9067  3.188  0.37  22.5  49  4.284  72.25
50.822  37.9976  1969.38  88.9965  34.489  0.37  26.9  49  4.284  72.25
50.871  37.9976  1923.42  94.7205  158.289  0.38  26.9  49  4.284  72.25
50.92  38.1264  1980.6  90.033  1.14  0.37  26.9  49  4.284  72.25
50.969  38.1264  2017.41  90.0168  0.59  0.36  26.9  49  4.284  72.25
51.017  38.1264  1916.75  94.9538  165.516  0.38  26.9  49  4.284  72.25
51.067  38.1264  1885.37  95.1725  169.973  0.39  26.9  49  4.284  72.25
51.116  38.2552  1932.74  94.9777  167.701  0.38  30.7  49  4.284  72.25
51.164  38.2552  1903.12  95.0378  167.118  0.38  30.7  49  4.284  72.25
51.213  38.2552  1984.39  89.9586  1.434  0.36  30.7  49  4.284  72.25
51.262  38.384  2015.69  89.4482  19.414  0.36  30.7  49  4.284  72.25
51.311  38.384  1883.99  95.2027  170.84  0.39  30.7  49  4.284  72.25
51.36  38.384  1963.79  88.8007  41.102  0.37  30.7  49  4.284  72.25
51.408  38.5128  2003.83  89.7039  10.355  0.36  30.7  49  4.284  72.25
51.457  38.5128  1964.98  89.8323  5.751  0.37  33.9  49  4.284  72.25
51.506  38.5128  1997.87  89.7556  8.52  0.36  33.9  49  4.284  72.25
51.554  38.6416  1920.61  94.7861  160.249  0.38  33.9  49  4.284  72.25
51.603  38.6416  1882.28  95.4733  179.534  0.39  33.9  49  4.284  72.25
51.653  38.6416  1928.91  94.8565  163.303  0.38  33.9  49  4.284  72.25
51.702  38.7704  1895.63  95.0839  167.981  0.38  33.9  49  4.284  72.25
51.75  38.7704  1808.58  90.0547  1.727  0.4  37.3  49  4.284  72.25
51.799  38.7704  2002.97  89.6316  12.877  0.36  37.3  49  4.284  72.25
51.848  38.7704  1866.81  95.0753  165.147  0.39  37.3  49  4.284  72.25
51.897  38.8992  1987.14  89.8118  6.528  0.36  37.3  49  4.284  72.25
51.946  38.8992  1926.99  94.7944  161.06  0.38  37.3  49  4.284  72.25
51.995  38.8992  1937.33  89.8671  4.494  0.37  37.3  49  4.284  72.25
52.043  39.028  2011.84  89.6825  11.148  0.36  36.8  49  4.284  72.25
52.092  39.028  1908.98  94.6679  155.353  0.38  36.8  49  4.284  72.25
52.141  39.028  1879.63  94.0808  133.761  0.39  36.8  49  4.284  72.25
52.19  39.1568  1933.06  94.7343  159.547  0.38  36.8  49  4.284  72.25
52.238  39.1568  1903.02  96.3202  209.493  0.38  36.8  49  4.284  72.25
52.287  39.1568  1950.18  89.1071  30.389  0.37  36.8  49  4.284  72.25
52.336  39.2856  2012.56  89.4649  18.794  0.36  35.6  49  4.284  72.25
52.385  39.2856  1992.98  90.007  0.243  0.36  35.6  49  4.284  72.25
52.433  39.2856  1978.44  89.895  3.625  0.37  35.6  49  4.284  72.25
52.482  39.2856  1936.78  94.8304  163.09  0.37  35.6  49  4.284  72.25
52.531  39.4144  1874.07  95.3355  174.264  0.39  35.6  49  4.284  72.25
52.58  39.4144  2028.7  89.998  0.07  0.36  35.6  49  4.284  72.25
52.629  39.4144  1889.91  95.1664  170.183  0.38  35.1  49  4.284  72.25
52.678  39.5432  1872.96  95.1085  166.774  0.39  35.1  49  4.284  72.25
52.726  39.5432  1925.5  95.118  171.769  0.38  35.1  49  4.284  72.25
52.775  39.5432  1895.4  95.038  166.449  0.38  35.1  49  4.284  72.25
52.824  39.672  1875.96  93.965  129.716  0.39  35.1  49  4.284  72.25
52.873  39.672  2014.04  89.7275  9.579  0.36  35.1  49  4.284  72.25
52.921  39.672  1980.15  89.9979  0.073  0.37  34.8  49  4.284  72.25
52.97  39.8008  1989.08  89.8396  5.567  0.36  34.8  49  4.284  72.25
53.019  39.8008  2002.42  89.8645  4.735  0.36  34.8  49  4.284  72.25
53.068  39.8008  1854.5  95.5937  180.766  0.39  34.8  49  4.284  72.25
53.116  39.9296  2008.44  89.8156  6.463  0.36  34.8  49  4.284  72.25
53.166  39.9296  1921.09  96.1734  206.59  0.38  34.8  49  4.284  72.25
53.214  39.9296  1824.62  90.0065  0.208  0.4  34  49  4.284  72.25
53.263  39.9296  1941.51  95.1183  173.205  0.37  34  49  4.284  72.25
53.312  40.0584  1972.6  89.9428  1.968  0.37  34  49  4.284  72.25
53.361  40.0584  1973.24  89.0506  32.696  0.37  34  49  4.284  72.25
53.409  40.0584  2012.31  89.5822  14.673  0.36  34  49  4.284  72.25
53.458  40.1873  1972.77  90.0359  1.237  0.37  34  49  4.284  72.25
53.507  40.1873  1980.76  89.0075  34.308  0.37  33.1  49  4.284  72.25
53.556  40.1873  1927.73  94.9343  165.811  0.38  33.1  49  4.284  72.25
53.605  40.3161  1866.15  95.2441  170.565  0.39  33.1  49  4.284  72.25
53.653  40.3161  1931.51  94.744  159.743  0.38  33.1  49  4.284  72.25
53.702  40.3161  1903.92  94.8903  162.304  0.38  33.1  49  4.284  72.25
53.751  40.4449  1878.24  95.2632  172.292  0.39  33.1  49  4.284  72.25
53.8  40.4449  1925.73  95.1647  173.352  0.38  33.4  49  4.284  72.25
53.849  40.4449  1896.18  96.1685  203.751  0.38  33.4  49  4.284  72.25
53.897  40.4449  1987.27  89.9629  1.286  0.36  33.4  49  4.284  72.25
53.946  40.5737  2017.44  89.5937  14.305  0.36  33.4  49  4.284  72.25
53.995  40.5737  1970.15  89.7297  9.293  0.37  33.4  49  4.284  72.25
54.044  40.5737  1992.14  89.8237  6.13  0.36  33.4  49  4.284  72.25
54.093  40.7025  1918.59  94.7029  157.302  0.38  33.4  49  4.284  72.25
54.142  40.7025  1978.22  89.9705  1.02  0.37  31.7  49  4.284  72.25
54.19  40.7025  1920.41  95.0528  169.14  0.38  31.7  49  4.284  72.25
54.239  40.8313  1913.85  96.3086  210.301  0.38  31.7  49  4.284  72.25
54.288  40.8313  1807.05  90.0273  0.861  0.4  31.7  49  4.284  72.25
54.337  40.8313  1922.89  95.2298  175.272  0.38  31.7  49  4.284  72.25
54.386  40.9601  1877.21  95.0569  165.467  0.39  31.7  49  4.284  72.25
54.434  40.9601  1818.69  90.0018  0.057  0.4  31.9  49  4.284  72.25
54.483  40.9601  1925.97  95.2113  174.935  0.38  31.9  49  4.284  72.25
54.532  41.0889  1988.49  90.03  1.041  0.36  31.9  49  4.284  72.25
54.581  41.0889  1970.44  88.9523  36.028  0.37  31.9  49  4.284  72.25
54.629  41.0889  1936.37  96.0411  203.788  0.38  31.9  49  4.284  72.25
54.679  41.0889  1869.92  95.4075  176.217  0.39  31.9  49  4.284  72.25
54.728  41.2177  1916.3  95.1736  172.8  0.38  30.6  49  4.284  72.25
54.776  41.2177  1895.17  94.9922  164.917  0.38  30.6  49  4.284  72.25
54.825  41.2177  1930.93  89.1806  27.613  0.37  30.6  49  4.284  72.25
54.874  41.3465  1950.21  94.92  167.26  0.37  30.6  49  4.284  72.25
54.923  41.3465  1881.61  95.0294  164.957  0.39  30.6  49  4.284  72.25
54.972  41.3465  1965.35  89.0578  32.319  0.37  30.6  49  4.284  72.25
55.02  41.4753  1995.68  89.7084  10.156  0.36  30.6  49  4.284  72.25
55.069  41.4753  1879.45  94.9021  160.607  0.39  30.6  49  4.284  72.25
55.118  41.4753  2000.68  89.8557  5.037  0.36  30.6  49  4.284  72.25
55.167  41.6041  1913.46  94.9263  164.316  0.38  30.6  49  4.284  72.25
55.215  41.6041  1804.19  90.0423  1.333  0.4  30.6  49  4.284  72.25
55.265  41.6041  1915.11  94.9417  164.971  0.38  30.6  49  4.284  72.25
55.314  41.6041  1904.32  96.2656  207.832  0.38  30.7  49  4.284  72.25
55.363  41.7329  1862.7  94.0092  130.233  0.39  30.7  49  4.284  72.25
55.411  41.7329  1933.23  95.0713  170.889  0.38  30.7  49  4.284  72.25
55.46  41.7329  1888.52  94.892  161.049  0.38  30.7  49  4.284  72.25
55.509  41.8617  1970.88  88.9879  34.811  0.37  30.7  49  4.284  72.25
55.558  41.8617  2005.53  89.8485  5.303  0.36  30.7  49  4.284  72.25
55.606  41.8617  1964.17  89.7615  8.176  0.37  30.8  49  4.284  72.25
55.655  41.9905  1998.42  89.9437  1.963  0.36  30.8  49  4.284  72.25
55.704  41.9905  1898.85  95.1115  169.177  0.38  30.8  49  4.284  72.25
55.753  41.9905  1865.58  95.4339  176.664  0.39  30.8  49  4.284  72.25
55.801  42.1193  1986.44  89.8913  3.768  0.36  30.8  49  4.284  72.25
55.85  42.1193  1900.84  94.5991  152.416  0.38  30.8  49  4.284  72.25
55.899  42.1193  1873.8  94.1203  134.634  0.39  31  49  4.284  72.25
55.948  42.2481  2016.47  89.7921  7.318  0.36  31  49  4.284  72.25
55.996  42.2481  1862.15  96.312  204.73  0.39  31  49  4.284  72.25
56.045  42.2481  2006.24  90.0353  1.235  0.36  31  49  4.284  72.25
56.094  42.2481  2007.79  89.76  8.41  0.36  31  49  4.284  72.25
56.143  42.3769  1952.73  89.8596  4.785  0.37  31  49  4.284  72.25
56.191  42.3769  1994.93  89.9235  2.662  0.36  31.3  49  4.284  72.25
56.24  42.3769  1921.58  94.9721  166.543  0.38  31.3  49  4.284  72.25
56.289  42.5057  1866.15  95.2441  170.565  0.39  31.3  49  4.284  72.25
56.338  42.5057  2037.47  90.0309  1.1  0.36  31.3  49  4.284  72.25
56.386  42.5057  1907.76  96.3418  210.729  0.38  31.3  49  4.284  72.25
56.435  42.6346  1876.96  90.026  0.853  0.39  31.3  49  4.284  72.25
56.484  42.6346  1936.82  95.1463  173.732  0.38  32.7  49  4.284  72.25
56.533  42.6346  1849.17  95.0936  164.176  0.39  32.7  49  4.284  72.25
56.582  42.7634  1833.62  90.0315  1.007  0.39  32.7  49  4.284  72.25
56.63  42.7634  1920.85  94.8326  161.821  0.38  32.7  49  4.284  72.25
56.679  42.7634  1955  89.9222  2.654  0.37  32.7  49  4.284  72.25
56.728  42.7634  1973.16  88.7837  41.885  0.37  32.7  49  4.284  72.25
56.777  42.8922  1998.07  89.7724  7.938  0.36  32.7  49  4.284  72.25
56.825  42.8922  1874.5  93.9749  129.94  0.39  32.3  49  4.284  72.25
56.874  42.8922  2010.13  89.9605  1.385  0.36  32.3  49  4.284  72.25
56.923  43.021  1911.28  96.0844  202.582  0.38  32.3  49  4.284  72.25
56.972  43.021  1876.99  95.3176  173.955  0.39  32.3  49  4.284  72.25
57.021  43.021  1931.51  94.744  159.743  0.38  32.3  49  4.284  72.25
57.07  43.1498  1865.81  95.1747  168.283  0.39  32.3  49  4.284  72.25
57.118  43.1498  1971.67  88.7924  41.551  0.37  32.1  49  4.284  72.25
57.167  43.1498  1913.22  94.88  162.755  0.38  32.1  49  4.284  72.25
57.216  43.2786  1877.87  95.4997  179.977  0.39  32.1  49  4.284  72.25
57.265  43.2786  1917.92  94.8764  163.038  0.38  32.1  49  4.284  72.25
57.313  43.2786  1900.35  95.1023  169.006  0.38  32.1  49  4.284  72.25
57.362  43.4074  1868.46  93.9696  129.348  0.39  32.1  49  4.284  72.25
57.411  43.4074  2005.21  89.5428  15.999  0.36  32.1  49  4.284  72.25
57.46  43.4074  1900.48  96.0972  201.86  0.38  32.1  49  4.284  72.25
57.508  43.4074  2002.27  89.9797  0.709  0.36  32.1  49  4.284  72.25
57.557  43.5362  2013.33  89.8083  6.738  0.36  32.1  49  4.284  72.25
57.606  43.5362  1859.38  95.0755  164.495  0.39  32.1  49  4.284  72.25
57.655  43.5362  2013.4  89.9609  1.375  0.36  32.1  49  4.284  72.25
57.704  43.665  1920.11  94.6933  157.107  0.38  32.5  49  4.284  72.25
57.753  43.665  1851.36  95.2431  169.182  0.39  32.5  49  4.284  72.25
57.802  43.665  1922.51  94.848  162.477  0.38  32.5  49  4.284  72.25
57.85  43.7938  1901.62  95.047  167.292  0.38  32.5  49  4.284  72.25
57.899  43.7938  1879.7  95.2542  172.133  0.39  32.5  49  4.284  72.25
57.948  43.7938  1921.22  94.904  164.238  0.38  32.5  49  4.284  72.25
57.997  43.9226  1885.57  94.9106  161.407  0.39  32.8  49  4.284  72.25
58.046  43.9226  1818.69  90.0018  0.057  0.4  32.8  49  4.284  72.25
58.095  43.9226  2015.17  89.683  11.15  0.36  32.8  49  4.284  72.25
58.143  43.9226  1978.22  89.9705  1.02  0.37  32.8  49  4.284  72.25
58.192  44.0514  1970  88.9167  37.243  0.37  32.8  49  4.284  72.25
58.241  44.0514  2006.66  89.8043  6.854  0.36  32.8  49  4.284  72.25
58.29  44.0514  1988.04  89.9948  0.182  0.36  36.5  49  4.284  72.25
58.338  44.1802  1898.83  93.9509  130.833  0.38  36.5  49  4.284  72.25
58.387  44.1802  1903.82  96.5056  215.702  0.38  36.5  49  4.284  72.25
58.436  44.1802  1865.57  93.9894  129.792  0.39  36.5  49  4.284  72.25
58.485  44.309  2015.44  89.5656  15.279  0.36  36.5  49  4.284  72.25
58.533  44.309  1896.38  96.2147  205.291  0.38  36.5  49  4.284  72.25
58.582  44.309  1896.55  94.9616  164.029  0.38  40.4  49  4.284  72.25
58.631  44.4378  1933.81  94.8746  164.327  0.38  40.4  49  4.284  72.25
58.68  44.4378  1802.8  90.066  2.077  0.4  40.4  49  4.284  72.25
58.728  44.4378  2043.76  89.9995  0.019  0.35  40.4  49  4.284  72.25
58.777  44.5666  1919.08  94.7957  160.44  0.38  40.4  49  4.284  72.25
58.826  44.5666  1951.26  89.8674  4.516  0.37  40.4  49  4.284  72.25
58.875  44.5666  1931.19  94.9872  167.883  0.38  48.8  49  4.284  72.25
58.924  44.5666  1896.79  96.307  208.373  0.38  48.8  49  4.284  72.25
58.972  44.6954  1820.14  89.9942  0.185  0.4  48.8  49  4.284  72.25
59.021  44.6954  2020.4  89.4229  20.351  0.36  48.8  49  4.284  72.25
59.07  44.6954  1894.37  95.139  169.683  0.38  48.8  49  4.284  72.25
59.12  44.8242  1992.77  89.9906  0.327  0.36  48.8  49  4.284  72.25
59.168  44.8242  2000.88  89.8725  4.453  0.36  48.8  49  4.284  72.25
59.217  44.8242  1873.61  94.9391  161.311  0.39  58.9  49  4.284  72.25
59.266  44.953  1983.81  89.9428  1.98  0.36  58.9  49  4.284  72.25
59.314  44.953  1928.83  94.5421  152.746  0.38  58.9  49  4.284  72.25
59.363  44.953  1963.09  89.8048  6.688  0.37  58.9  49  4.284  72.25
59.412  45.0819  1999.49  88.939  37.026  0.36  58.9  49  4.284  72.25
59.461  45.0819  1900.89  96.1897  204.954  0.38  58.9  49  4.284  72.25
59.509  45.0819  1875.09  95.2357  171.107  0.39  59.4  49  4.284  72.25
59.558  45.0819  2040.61  90.0152  0.542  0.35  59.4  49  4.284  72.25
59.607  45.2107  1866.03  95.2199  169.769  0.39  59.4  49  4.284  72.25
59.656  45.2107  1955.43  89.1524  28.926  0.37  59.4  49  4.284  72.25
59.705  45.2107  2008.49  89.6795  11.237  0.36  59.4  49  4.284  72.25
59.754  45.3395  1988.04  89.9948  0.182  0.36  59.4  49  4.284  72.25
59.803  45.3395  1967.89  89.0051  34.168  0.37  55.4  49  4.284  72.25
59.851  45.3395  1927.04  96.0926  204.529  0.38  55.4  49  4.284  72.25
59.9  45.4683  1870.47  94.9122  160.167  0.39  55.4  49  4.284  72.25
59.949  45.4683  1927.04  95.1087  171.594  0.38  55.4  49  4.284  72.25
59.998  45.4683  1890.41  96.2478  205.732  0.38  55.4  49  4.284  72.25
60.046  45.5971  1878.17  94.0907  133.981  0.39  55.4  49  4.284  72.25
60.095  45.5971  1916.88  94.9787  166.356  0.38  51.3  49  4.284  72.25
60.144  45.5971  1892.91  96.4699  213.294  0.38  51.3  49  4.284  72.25
60.193  45.7259  1975.01  89.8751  4.305  0.37  51.3  49  4.284  72.25
60.241  45.7259  1936.83  94.5398  153.302  0.37  51.3  49  4.284  72.25
60.29  45.7259  1953.13  89.8948  3.587  0.37  51.3  49  4.284  72.25
60.339  45.7259  1838.16  90.044  1.412  0.39  51.3  49  4.284  72.25
60.388  45.8547  1915.54  94.7221  157.691  0.38  53  49  4.284  72.25
60.436  45.8547  1815.89  90.0521  1.65  0.4  53  49  4.284  72.25
60.485  45.8547  1845.71  90.0413  1.33  0.39  53  49  4.284  72.25
60.534  45.9835  1906.04  96.3036  209.278  0.38  53  49  4.284  72.25
60.583  45.9835  1991.27  89.9983  0.059  0.36  53  49  4.284  72.25
60.632  45.9835  2007.63  89.607  13.77  0.36  53  49  4.284  72.25
60.681  46.1123  1988.49  90.03  1.041  0.36  51.8  49  4.284  72.25
60.73  46.1123  2010.34  89.9765  0.826  0.36  51.8  49  4.284  72.25
60.778  46.1123  1917.31  94.7588  159.063  0.38  51.8  49  4.284  72.25
60.827  46.2411  1934.82  89.9173  2.792  0.37  51.8  49  4.284  72.25
60.876  46.2411  2001.81  89.8117  6.58  0.36  51.8  49  4.284  72.25
60.925  46.2411  1916.27  94.8611  162.384  0.38  51.8  49  4.284  72.25
60.974  46.2411  1870.9  94.1399  135.065  0.39  55.6  49  4.284  72.25
61.022  46.3699  1941.85  94.8737  164.98  0.37  55.6  49  4.284  72.25
61.071  46.3699  1915.64  96.0123  200.648  0.38  55.6  49  4.284  72.25
61.12  46.3699  1990.81  89.963  1.285  0.36  55.6  49  4.284  72.25
61.169  46.4987  2027.8  89.6169  13.557  0.36  55.6  49  4.284  72.25
61.218  46.4987  1876.98  95.0115  163.965  0.39  55.6  49  4.284  72.25
61.266  46.4987  1814.34  90.0245  0.777  0.4  57.3  49  4.284  72.25
61.315  46.6275  2010.2  89.8244  6.161  0.36  57.3  49  4.284  72.25
61.364  46.6275  1949.11  89.9531  1.596  0.37  57.3  49  4.284  72.25
61.413  46.6275  2008.44  89.8156  6.463  0.36  57.3  49  4.284  72.25
61.462  46.7563  1919.55  96.1818  206.706  0.38  57.3  49  4.284  72.25
61.51  46.7563  1871.95  95.2083  169.929  0.39  57.3  49  4.284  72.25
61.559  46.7563  1931.76  94.7907  161.333  0.38  57.3  49  4.284  72.25
61.608  46.8851  1892.19  95.0107  165.267  0.38  53.9  49  4.284  72.25
61.656  46.8851  1821.7  90.0218  0.692  0.4  53.9  49  4.284  72.25
61.705  46.8851  2022.87  89.4874  18.096  0.36  53.9  49  4.284  72.25
61.754  46.8851  1880.14  95.0386  165.128  0.39  53.9  49  4.284  72.25
61.803  47.0139  1833.62  90.0315  1.007  0.39  53.9  49  4.284  72.25
61.852  47.0139  1924.17  96.1565  206.355  0.38  53.9  49  4.284  72.25
61.901  47.0139  1871.95  95.2083  169.929  0.39  54  49  4.284  72.25
61.949  47.1427  1900.24  95.081  168.291  0.38  54  49  4.284  72.25
61.998  47.1427  1907.35  96.2489  207.612  0.38  54  49  4.284  72.25
62.047  47.1427  1866.32  94.1243  134.226  0.39  54  49  4.284  72.25
62.096  47.2715  2015.98  89.8923  3.789  0.36  54  49  4.284  72.25
62.144  47.2715  1892.73  94.8182  158.98  0.38  54  49  4.284  72.25
62.193  47.2715  2000.76  89.9874  0.439  0.36  51.9  49  4.284  72.25
62.242  47.4003  1918.06  95.2108  174.2  0.38  51.9  49  4.284  72.25
62.291  47.4003  1875.3  94.9753  162.636  0.39  51.9  49  4.284  72.25
62.339  47.4003  1974.31  89.0063  34.238  0.37  51.9  49  4.284  72.25
62.388  47.4003  1924.46  94.6178  154.937  0.38  51.9  49  4.284  72.25
62.437  47.5292  1938.78  89.8594  4.759  0.37  51.9  49  4.284  72.25
62.486  47.5292  1910.56  94.9698  165.513  0.38  55.1  49  4.284  72.25
62.534  47.5292  1905.9  94.9731  165.218  0.38  55.1  49  4.284  72.25
62.583  47.658  1950.46  89.7971  6.907  0.37  55.1  49  4.284  72.25
62.632  47.658  1999.45  89.6119  13.542  0.36  55.1  49  4.284  72.25
62.68  47.658  1811.41  90.0209  0.66  0.4  55.1  49  4.284  72.25
62.729  47.7868  1870.4  94.0498  132.093  0.39  55.1  49  4.284  72.25
62.778  47.7868  1937.59  94.6802  158.097  0.37  59.1  49  4.284  72.25
62.827  47.7868  1880  90.0271  0.89  0.38  59.1  49  4.284  72.25
62.875  47.9156  1897.34  93.961  131.063  0.38  59.1  49  4.284  72.25
62.924  47.9156  1914.74  94.8705  162.57  0.38  59.1  49  4.284  72.25
62.973  47.9156  1961.21  89.9844  0.533  0.37  59.1  49  4.284  72.25
63.022  48.0444  1905.68  95.2378  173.969  0.38  59.1  49  4.284  72.25
63.07  48.0444  1913.01  96.1224  204.028  0.38  56.5  49  4.284  75.1999
63.119  48.0444  1872.83  95.3898  175.916  0.39  56.5  49  4.284  75.1999
63.168  48.0444  1931.43  95.0339  169.474  0.38  56.5  49  4.284  75.1999
63.217  48.1732  1894.22  94.8088  158.795  0.38  56.5  49  4.284  75.1999
63.265  48.1732  1896.55  94.9616  164.029  0.38  56.5  49  4.284  75.1999
63.314  48.1732  2006.23  89.7681  8.12  0.36  56.5  49  4.284  75.1999
63.363  48.302  1890.41  96.2478  205.732  0.38  51.8  49  4.284  76.3999
63.412  48.302  1965.35  89.0578  32.319  0.37  51.8  49  4.284  76.3999
63.46  48.302  1916.07  96.1055  203.791  0.38  51.8  49  4.284  76.3999
63.509  48.4308  1811.31  89.9859  0.447  0.4  51.8  49  4.284  76.3999
63.558  48.4308  1910.56  94.9698  165.513  0.38  51.8  49  4.284  76.3999
63.607  48.4308  1896.19  94.8911  161.674  0.38  51.8  49  4.284  76.3999
63.655  48.5596  1856.52  94.2373  137.173  0.39  51.8  49  4.284  78.3499
63.704  48.5596  1926.08  94.9221  165.261  0.38  51.8  49  4.284  78.3499
63.753  48.5596  1987.05  89.9437  1.952  0.36  51.8  49  4.284  78.3499
63.802  48.5596  1827.74  90.0619  1.976  0.4  51.8  49  4.284  78.3499
63.851  48.6884  2010.2  89.8244  6.161  0.36  51.8  49  4.284  78.3499
63.899  48.6884  1994.94  90.0347  1.207  0.36  51.8  49  4.284  78.3499
63.948  48.6884  2003.79  89.972  0.981  0.36  55.5  49  4.284  78.3499
63.997  48.8172  2011.34  89.7801  7.721  0.36  55.5  49  4.284  78.3499
64.045  48.8172  1955  89.9222  2.654  0.37  55.5  49  4.284  78.3499
64.094  48.8172  2030.26  89.9902  0.348  0.36  55.5  49  4.284  78.3499
64.143  48.946  1921.09  96.1734  206.59  0.38  55.5  49  4.284  78.3499
64.192  48.946  1884.57  95.3185  174.684  0.39  55.5  49  4.284  78.3499
64.241  48.946  2004.53  89.6234  13.174  0.36  55.5  49  4.284  78.3499
64.289  49.0748  1892.91  96.4699  213.294  0.38  56.7  49  4.284  78.2499
64.338  49.0748  1956.48  89.1087  30.434  0.37  56.7  49  4.284  78.2499
64.387  49.0748  2011.44  89.5096  17.215  0.36  56.7  49  4.284  78.2499
64.436  49.2036  1996.45  90.027  0.94  0.36  56.7  49  4.284  78.2499
64.485  49.2036  1912.45  90.0266  0.887  0.38  56.7  49  4.284  78.2499
64.533  49.2036  1938.84  95.8824  198.707  0.38  56.7  49  4.284  78.2499
64.582  49.2036  1956.48  89.9145  2.921  0.37  57.4  49  4.284  78.1499
64.631  49.3324  1912.31  95.0067  166.893  0.38  57.4  49  4.284  78.1499
64.68  49.3324  1904.86  95.0746  168.491  0.38  57.4  49  4.284  78.1499
64.728  49.3324  1967.91  89.9497  1.727  0.37  57.4  49  4.284  78.1499
64.777  49.4612  1932.74  94.9777  167.701  0.38  57.4  49  4.284  78.1499
64.826  49.4612  1894.93  94.9463  163.385  0.38  57.4  49  4.284  77.9499
64.875  49.4612  1891.06  95.0902  167.783  0.38  54.5  49  4.284  77.8499
64.923  49.59  1941.71  94.8486  164.118  0.37  54.5  49  4.284  77.8499
64.972  49.59  1871.92  94.903  159.992  0.39  54.5  49  4.284  77.8499
65.021  49.59  1889.11  95.0079  164.907  0.38  54.5  49  4.284  77.8499
65.07  49.7188  1932.68  94.6626  157.102  0.38  54.5  49  4.284  77.8499
65.119  49.7188  1875.75  95.372  175.612  0.39  54.5  49  4.284  77.8499
65.168  49.7188  1924.78  94.9782  167.025  0.38  53.2  49  4.284  77.8499
65.217  49.7188  1900.91  94.909  162.668  0.38  53.2  49  4.284  77.8499
65.266  49.8477  1805.62  90.0348  1.097  0.4  53.2  49  4.284  77.8499
65.314  49.8477  1936.42  94.7618  160.75  0.37  53.2  49  4.284  77.8499
65.363  49.8477  1897.44  94.8359  159.958  0.38  53.2  49  4.284  77.8499
65.412  49.9765  1970.5  89.8987  3.485  0.37  53.2  49  4.284  77.8499
65.461  49.9765  1935.53  94.5964  155.105  0.37  54.3  49  4.284  77.8499
65.509  49.9765  1874.29  95.0751  165.804  0.39  54.3  49  4.284  77.8499
65.558  50.1053  1963.87  89.0663  32.003  0.37  54.3  49  4.284  77.8499
65.607  50.1053  1913.7  94.9726  165.878  0.38  54.3  49  4.284  77.8499
65.656  50.1053  1960.12  89.8205  6.14  0.37  54.3  49  4.284  77.8499
65.705  50.2341  1989.08  89.8396  5.567  0.36  54.3  49  4.284  77.8499
65.753  50.2341  1898.9  96.4374  212.899  0.38  55.8  49  4.284  77.8499
65.802  50.2341  1974.04  90.0121  0.417  0.37  55.8  49  4.284  77.8499
65.851  50.3629  1933.56  94.8279  162.733  0.38  55.8  49  4.284  77.8499
65.9  50.3629  1885.33  94.865  159.892  0.39  55.8  49  4.284  77.8499
65.948  50.3629  1886.71  93.9857  131.141  0.38  55.8  49  4.284  77.8499
65.997  50.3629  1926.83  96.0458  202.939  0.38  55.8  49  4.284  77.8499
66.046  50.4917  1969.59  89.9584  1.43  0.37  57.2  49  4.284  77.8499
66.095  50.4917  1980.76  89.0075  34.308  0.37  57.2  49  4.284  77.8499
66.144  50.4917  1919.34  96.1352  205.128  0.38  57.2  49  4.284  77.8499
66.192  50.6205  1872.83  95.3898  175.916  0.39  57.2  49  4.284  77.8499
66.241  50.6205  1898.83  93.9509  130.833  0.38  57.2  49  4.284  77.8499
66.29  50.6205  1890.92  94.4737  147.495  0.38  57.2  49  4.284  77.8499
66.338  50.7493  1972  89.8908  3.757  0.37  55.3  49  4.284  77.8499
66.387  50.7493  1932.99  95.0245  169.294  0.38  55.3  49  4.284  77.8499
66.436  50.7493  1883.62  94.8287  158.559  0.39  55.3  49  4.284  77.8499
66.485  50.8781  1884.03  94.0511  133.098  0.38  55.3  49  4.284  77.8499
66.534  50.8781  1997.37  89.8524  5.145  0.36  55.3  49  4.284  77.8499
66.583  50.8781  1879.22  94.8567  159.102  0.39  55.3  49  4.284  77.8499
66.631  50.8781  1910.56  94.9698  165.513  0.38  55.3  49  4.284  77.8499
66.68  51.0069  1991.5  89.7686  8.045  0.36  53.6  49  4.284  77.8499
66.729  51.0069  1862.69  95.4514  176.959  0.39  53.6  49  4.284  77.8499
66.778  51.0069  1931.92  95.1275  172.659  0.38  53.6  49  4.284  77.8499
66.826  51.1357  1896.86  94.435  146.681  0.38  53.6  49  4.284  77.8499
66.875  51.1357  2007.29  89.992  0.281  0.36  53.6  49  4.284  77.8499
66.924  51.1357  2000.73  89.7202  9.772  0.36  53.6  49  4.284  77.8499
66.973  51.2645  1883  96.289  206.271  0.39  55.6  49  4.284  77.8499
67.021  51.2645  1982.99  89.8714  4.452  0.36  55.6  49  4.284  77.8499
67.07  51.2645  1930.33  94.822  162.263  0.38  55.6  49  4.284  77.8499
67.119  51.3933  1872.38  94.9936  162.98  0.39  55.6  49  4.284  77.8499
67.168  51.3933  2000.68  89.8557  5.037  0.36  55.6  49  4.284  77.8499
67.217  51.3933  1991.63  89.9201  2.778  0.36  55.6  49  4.284  77.8499
67.265  51.5221  1950.86  89.8322  5.712  0.37  57  49  4.284  77.8499
67.314  51.5221  1923.8  94.792  160.71  0.38  57  49  4.284  77.8499
67.363  51.5221  1911.28  96.0844  202.582  0.38  57  49  4.284  77.8499
67.412  51.5221  1880.72  95.1541  168.953  0.39  57  49  4.284  77.8499
67.461  51.6509  1924.05  94.8385  162.288  0.38  57  49  4.284  77.8499
67.51  51.6509  1881.61  95.0294  164.957  0.39  57  49  4.284  77.8499
67.558  51.6509  1977.34  89.9385  2.123  0.37  56.8  49  4.284  77.8499
67.607  51.7797  1923.18  94.674  156.713  0.38  56.8  49  4.284  77.8499
67.656  51.7797  1876.53  94.9207  160.961  0.39  56.8  49  4.284  77.8499
67.705  51.7797  1850.21  90.0182  0.587  0.39  56.8  49  4.284  77.8499
67.753  51.9085  1907.17  94.9176  163.488  0.38  56.8  49  4.284  77.8499
67.802  51.9085  1877.79  95.1722  169.281  0.39  56.8  49  4.284  77.8499
67.851  51.9085  1935.11  94.8183  162.541  0.38  53.1  49  4.284  77.8499
67.9  52.0373  1898.39  95.0196  166.101  0.38  53.1  49  4.284  77.8499
67.948  52.0373  1827.74  90.0619  1.976  0.4  53.1  49  4.284  77.8499
67.997  52.0373  2026.21  89.6252  13.253  0.36  53.1  49  4.284  77.8499
68.046  52.0373  1886.26  95.0475  165.957  0.39  53.1  49  4.284  77.8499
68.095  52.1661  1989.5  89.8755  4.323  0.36  53.1  49  4.284  77.8499
68.143  52.1661  1936.03  94.6899  158.297  0.37  55.8  49  4.284  77.8499
68.192  52.1661  1811.41  90.0209  0.66  0.4  55.8  49  4.284  77.8499
68.241  52.295  1997.59  89.8717  4.473  0.36  55.8  49  4.284  77.8499
68.29  52.295  1921.99  96.0247  201.726  0.38  55.8  49  4.284  77.8499
68.338  52.295  1868.01  94.1595  135.493  0.39  55.8  49  4.284  77.8499
68.387  52.4238  1920.89  95.1459  172.288  0.38  55.8  49  4.284  77.8499
68.436  52.4238  1895.09  96.2691  206.94  0.38  56.5  49  4.284  77.8499
68.485  52.4238  1964.52  89.9299  2.405  0.37  56.5  49  4.284  77.8499
68.533  52.5526  1930.12  94.4857  150.954  0.38  56.5  49  4.284  77.8499
68.582  52.5526  1869.25  94.9667  161.832  0.39  56.5  49  4.284  77.8499
68.631  52.5526  1970.68  89.1033  30.842  0.37  56.5  49  4.284  77.8499
68.68  52.6814  1918.28  94.9444  165.334  0.38  56.5  49  4.284  77.8499
68.728  52.6814  1875.75  95.372  175.612  0.39  55.4  49  4.284  77.8499
68.777  52.6814  2031.82  89.9823  0.627  0.36  55.4  49  4.284  77.8499
68.826  52.6814  1902.4  96.1813  204.841  0.38  55.4  49  4.284  77.8499
68.875  52.8102  1871.73  95.1629  168.434  0.39  55.4  49  4.284  77.8499
68.923  52.8102  2045.34  89.9916  0.3  0.35  55.4  49  4.284  77.8499
68.973  52.8102  1904.73  96.3583  210.94  0.38  55.4  49  4.284  77.8499
69.021  52.939  1824.62  90.0065  0.208  0.4  55.4  49  4.284  77.8499
69.07  52.939  2008.75  89.5625  15.338  0.36  53.2  49  4.284  77.8499
69.119  52.939  1876.76  94.9661  162.462  0.39  53.2  49  4.284  77.8499
69.168  53.0678  2001.94  89.964  1.26  0.36  53.2  49  4.284  77.8499
69.216  53.0678  1910.43  94.945  164.679  0.38  53.2  49  4.284  77.8499
69.265  53.0678  1947.52  89.8128  6.364  0.37  53.2  49  4.284  77.8499
69.314  53.1966  1914.87  94.8954  163.408  0.38  53.2  49  4.284  77.8499
69.363  53.1966  1920.45  96.0333  201.85  0.38  54  49  4.284  77.8499
69.412  53.1966  1884.91  95.0812  166.94  0.39  54  49  4.284  77.8499
69.46  53.1966  1934.78  95.0619  170.71  0.38  54  49  4.284  77.8499
69.509  53.3254  1905  96.0719  201.503  0.38  54  49  4.284  77.8499
69.558  53.3254  1955.85  89.1877  27.727  0.37  54  49  4.284  77.8499
69.606  53.3254  1929.08  94.5887  154.33  0.38  54  49  4.284  77.8499
69.655  53.4542  1886.34  94.7644  156.677  0.38  54.9  49  4.284  77.8499
69.704  53.4542  1984.1  89.8277  5.967  0.36  54.9  49  4.284  77.8499
69.753  53.4542  1929.83  94.7286  159.088  0.38  54.9  49  4.284  77.8499
69.801  53.583  1954.2  89.8518  5.054  0.37  54.9  49  4.284  77.8499
69.851  53.583  2040.13  89.979  0.746  0.35  54.9  49  4.284  77.8499
69.9  53.583  1911.95  94.9356  164.498  0.38  54.9  49  4.284  77.8499
69.948  53.7118  1867.76  94.1145  134.011  0.39  56.2  49  4.284  77.8499
69.997  53.7118  1932.15  95.1743  174.252  0.38  56.2  49  4.284  77.8499
70.046  53.7118  1891.95  94.9649  163.74  0.38  56.2  49  4.284  77.8499
70.095  53.8406  1973.91  89.9185  2.806  0.37  56.2  49  4.284  77.8499
70.143  53.8406  2025.14  89.3974  21.297  0.36  56.2  49  4.284  77.8499
70.192  53.8406  1882.85  94.9747  163.273  0.39  56.2  49  4.284  77.8499
70.241  53.8406  1987.97  89.8834  4.045  0.36  53.9  49  4.284  77.8499
70.29  53.9694  1934.59  96.0027  202.311  0.38  53.9  49  4.284  77.8499
70.338  53.9694  1974.65  89.7058  10.141  0.37  53.9  49  4.284  77.8499
70.387  53.9694  1919.69  94.9134  164.422  0.38  53.9  49  4.284  77.8499
70.436  54.0982  1908.16  96.4347  213.849  0.38  53.9  49  4.284  77.8499
70.485  54.0982  1884.54  90.0231  0.759  0.38  53.9  49  4.284  77.8499
70.534  54.0982  2017.88  89.6301  13.026  0.36  53.8  49  4.284  77.8499
70.582  54.227  1891.7  96.1935  204.09  0.38  53.8  49  4.284  77.8499
70.631  54.227  1838.16  90.044  1.412  0.39  53.8  49  4.284  77.8499
70.68  54.227  2000.04  89.8004  6.969  0.36  53.8  49  4.284  77.8499
70.729  54.3558  1876.43  95.2023  170.142  0.39  53.8  49  4.284  77.8499
70.777  54.3558  1912.31  95.0067  166.893  0.38  53.8  49  4.284  77.8499
70.826  54.3558  1932.17  94.5692  153.922  0.38  54.2  49  4.284  77.8499
70.875  54.3558  1878.68  95.3542  175.305  0.39  54.2  49  4.284  77.8499
70.924  54.4846  2006.17  89.904  3.36  0.36  54.2  49  4.284  77.8499
70.972  54.4846  1912.42  95.0282  167.617  0.38  54.2  49  4.284  77.8499
71.021  54.4846  1880.81  95.4821  179.682  0.39  54.2  49  4.284  77.8499
71.07  54.6134  1952.04  94.9577  168.695  0.37  54.2  49  4.284  77.8499
71.119  54.6134  1901.15  94.955  164.208  0.38  56.7  49  4.284  77.8499
71.167  54.6134  1974.32  89.9541  1.582  0.37  56.7  49  4.284  77.8499
71.216  54.7423  1930.37  94.5323  152.54  0.38  56.7  49  4.284  77.8499
71.265  54.7423  1815.74  89.9981  0.059  0.4  56.7  49  4.284  77.8499
71.314  54.7423  2033.86  90.0105  0.374  0.36  56.7  49  4.284  77.8499
71.363  54.8711  1927.24  94.841  162.643  0.38  56.7  49  4.284  77.8499
71.412  54.8711  1954.6  89.887  3.854  0.37  56.3  49  4.284  77.8499
71.46  54.8711  1933.81  94.8746  164.327  0.38  56.3  49  4.284  77.8499
71.509  54.8711  1905.9  94.9731  165.218  0.38  56.3  49  4.284  77.8499
71.558  54.9999  1832.15  90.0391  1.25  0.39  56.3  49  4.284  77.8499
71.607  54.9999  2028.31  89.3804  21.933  0.36  56.3  49  4.284  77.8499
71.655  54.9999  1872.38  94.9936  162.98  0.39  56.3  49  4.284  77.8499
71.704  55.1287  1977.34  89.9385  2.123  0.37  56.3  49  4.284  77.8499
71.753  55.1287  2017.61  89.7476  8.89  0.36  55.5  49  4.284  77.8499
71.802  55.1287  1983.57  90.0177  0.613  0.36  55.5  49  4.284  77.8499
71.85  55.2575  1913.11  94.8585  162.031  0.38  55.5  49  4.284  77.8499
71.899  55.2575  1922.2  96.0714  203.308  0.38  55.5  49  4.284  77.8499
71.948  55.2575  1890.03  95.1909  171  0.38  55.5  49  4.284  77.8499
71.997  55.3863  2011.14  89.7632  8.311  0.36  55.5  49  4.284  77.8499
72.046  55.3863  1914.11  96.0209  200.772  0.38  54.3  49  4.284  77.8499
72.095  55.3863  1885.49  94.0411  132.876  0.38  54.3  49  4.284  77.8499
72.143  55.5151  1946.22  95.09  172.671  0.37  54.3  49  4.284  77.8499
72.192  55.5151  1900.89  96.1897  204.954  0.38  54.3  49  4.284  77.8499
72.241  55.5151  1902.54  94.9243  163.313  0.38  54.3  49  4.284  77.8499
72.29  55.5151  2029.2  89.4537  19.348  0.36  54.3  49  4.284  77.8499
72.338  55.6439  1889.45  95.0749  167.136  0.38  54.7  49  4.284  77.8499
72.387  55.6439  2053.28  89.9519  1.724  0.35  54.7  49  4.284  77.8499
72.436  55.6439  1998.91  89.8444  5.428  0.36  54.7  49  4.284  77.8499
72.485  55.7727  1860.33  94.1185  133.608  0.39  54.7  49  4.284  77.8499
72.533  55.7727  2001.52  89.9279  2.519  0.36  54.7  49  4.284  77.8499
72.582  55.7727  1905.83  96.2573  207.722  0.38  54.7  49  4.284  77.8499
72.631  55.9015  1880.27  95.063  165.936  0.39  54.9  49  4.284  77.8499
72.68  55.9015  2019.18  89.7394  9.184  0.36  54.9  49  4.284  77.8499
72.728  55.9015  1901.32  94.691  155.494  0.38  54.9  49  4.284  77.8499
72.777  56.0303  1984.86  88.9457  36.521  0.36  54.9  49  4.284  77.8499
72.826  56.0303  1930.33  94.822  162.263  0.38  54.9  49  4.284  77.8499
72.875  56.0303  1877.52  94.8206  157.779  0.39  54.9  49  4.284  77.8499
72.924  56.0303  1994.1  89.8517  5.163  0.36  54.3  49  4.284  77.8499
72.972  56.1591  1927.24  94.841  162.643  0.38  54.3  49  4.284  77.8499
73.021  56.1591  1886.61  95.1177  168.289  0.38  54.3  49  4.284  77.8499
73.07  56.1591  1943.66  94.9112  166.4  0.37  54.3  49  4.284  77.8499
73.118  56.2879  1902.95  94.7061  156.128  0.38  54.3  49  4.284  77.8499
73.167  56.2879  1960.06  89.9531  1.603  0.37  54.3  49  4.284  77.8499
73.216  56.2879  2013.61  89.6912  10.853  0.36  51.8  49  4.284  77.8499
73.265  56.4167  1875.3  94.9753  162.636  0.39  51.8  49  4.284  77.8499
73.313  56.4167  2020.01  89.9654  1.221  0.36  51.8  49  4.284  77.8499
73.362  56.4167  1930.08  94.7753  160.675  0.38  51.8  49  4.284  77.8499
73.411  56.5455  1875.98  95.1115  167.137  0.39  51.8  49  4.284  77.8499
73.46  56.5455  1909.75  95.1178  170.359  0.38  51.8  49  4.284  77.8499
73.508  56.5455  1907.36  94.3667  145.225  0.38  52.7  49  4.284  77.8499
73.557  56.5455  1871.38  95.3986  176.067  0.39  52.7  49  4.284  77.8499
73.606  56.6743  1930.46  94.847  163.114  0.38  52.7  49  4.284  77.8499
73.655  56.6743  1916.7  96.2453  208.509  0.38  52.7  49  4.284  77.8499
73.703  56.6743  1827.74  90.0619  1.976  0.4  52.7  49  4.284  77.8499
73.752  56.8031  1939.06  95.9296  200.316  0.38  52.7  49  4.284  77.8499
73.801  56.8031  1887.97  95.084  167.306  0.38  55.8  49  4.284  77.8499
73.85  56.8031  1988.66  89.8038  6.81  0.36  55.8  49  4.284  77.8499
73.898  56.9319  1914.74  94.8705  162.57  0.38  55.8  49  4.284  77.8499
73.947  56.9319  1967.48  89.9889  0.382  0.37  55.8  49  4.284  77.8499
73.996  56.9319  1908.81  94.933  164.139  0.38  55.8  49  4.284  77.8499
74.045  57.0607  1911.49  96.1309  204.146  0.38  55.8  49  4.284  77.8499
74.094  57.0607  1879.34  95.4909  179.83  0.39  55.8  49  4.284  77.8499
74.142  57.0607  2001.94  89.964  1.26  0.36  58.3  49  4.284  77.8499
74.191  57.1896  1902.81  96.2739  207.941  0.38  58.3  49  4.284  77.8499
74.24  57.1896  1814.44  90.0596  1.888  0.4  58.3  49  4.284  77.8499
74.289  57.1896  2009.88  89.518  16.91  0.36  58.3  49  4.284  77.8499
74.337  57.1896  1873.91  90.0224  0.734  0.39  58.3  49  4.284  77.8499
74.386  57.3184  1993.26  89.7798  7.661  0.36  58.3  49  4.284  77.8499
74.435  57.3184  1924.96  94.7109  158.093  0.38  55.8  49  4.284  77.8499
74.484  57.3184  1962.81  89.9187  2.785  0.37  55.8  49  4.284  77.8499
74.533  57.4472  2001.52  89.9279  2.519  0.36  55.8  49  4.284  77.8499
74.581  57.4472  1907.17  94.9176  163.488  0.38  55.8  49  4.284  77.8499
74.63  57.4472  1878.9  95.3998  176.813  0.39  55.8  49  4.284  77.8499
74.679  57.576  1923  94.941  165.629  0.38  55.8  49  4.284  77.8499
74.728  57.576  1897.36  95.1207  169.346  0.38  52.7  49  4.284  77.8499
74.777  57.576  1879.12  93.9903  130.763  0.39  52.7  49  4.284  77.8499
74.825  57.7048  2009.44  89.4817  18.178  0.36  52.7  49  4.284  77.8499
74.874  57.7048  1891.39  95.1573  170.017  0.38  52.7  49  4.284  77.8499
74.923  57.7048  1892.54  95.081  167.613  0.38  52.7  49  4.284  77.8499
74.972  57.7048  1920.05  94.9814  166.724  0.38  52.7  49  4.284  77.8499
75.02  57.8336  1873.27  95.4806  178.913  0.39  53.1  49  4.284  77.8499
75.069  57.8336  1994.1  89.8517  5.163  0.36  53.1  49  4.284  77.8499
75.118  57.8336  1891.49  96.1475  202.558  0.38  53.1  49  4.284  77.8499
75.167  57.9624  1880.27  95.063  165.936  0.39  53.1  49  4.284  77.8499
75.215  57.9624  1941.6  94.8268  163.372  0.37  53.1  49  4.284  77.8499
75.264  57.9624  1884.87  96.3725  209.207  0.39  53.1  49  4.284  77.8499
75.313  58.0912  1951.03  89.1776  28.005  0.37  57.5  49  4.284  78.0499
75.362  58.0912  1927.54  94.5984  154.534  0.38  57.5  49  4.284  78.0499
75.41  58.0912  1884.07  96.1891  203.123  0.39  57.5  49  4.284  78.0499
75.459  58.22  1991.03  89.8676  4.602  0.36  57.5  49  4.284  78.0499
75.508  58.22  1923.53  96.0161  201.601  0.38  57.5  49  4.284  78.0499
75.557  58.22  1957.96  89.9067  3.188  0.37  57.5  49  4.284  78.0499
75.605  58.3488  1912.45  90.0266  0.887  0.38  56.1  49  4.284  80.9999
75.654  58.3488  1909.71  94.8064  160.013  0.38  56.1  49  4.284  80.9999
75.703  58.3488  1875.96  93.965  129.716  0.39  56.1  49  4.284  80.9999
75.752  58.3488  1934.78  95.0619  170.71  0.38  56.1  49  4.284  80.9999
75.8  58.4776  1890.61  96.2938  207.263  0.38  56.1  49  4.284  80.9999
75.85  58.4776  1955.85  89.1877  27.727  0.37  56.1  49  4.284  80.9999
75.898  58.4776  1931.92  94.5225  152.332  0.38  55.1  49  4.284  80.9999
75.947  58.6064  1863.69  95.0483  163.997  0.39  55.1  49  4.284  80.9999
75.996  58.6064  1977.34  89.9385  2.123  0.37  55.1  49  4.284  80.9999
76.045  58.6064  1921.64  94.6837  156.91  0.38  55.1  49  4.284  80.9999
76.093  58.7352  1942.47  89.9138  2.922  0.37  55.1  49  4.284  80.9999
76.142  58.7352  1998.42  89.9437  1.963  0.36  55.1  49  4.284  80.9999
76.191  58.7352  1905.42  94.8809  162.121  0.38  52.7  49  4.284  80.9999
76.24  58.864  1820.33  90.0646  2.051  0.4  52.7  49  4.284  80.9999
76.289  58.864  1952.29  95.0049  170.321  0.37  52.7  49  4.284  80.9999
76.337  58.864  1911.9  96.2239  207.277  0.38  52.7  49  4.284  80.9999
76.386  58.864  1827.74  90.0619  1.976  0.4  52.7  49  4.284  80.9999
76.435  58.9928  2012.74  89.6185  13.4  0.36  52.7  49  4.284  80.9999
76.484  58.9928  1999  89.9762  0.832  0.36  52.7  49  4.284  80.9999
76.532  58.9928  1985.93  88.9011  38.087  0.36  56.7  49  4.284  80.9999
76.581  59.1216  2015.61  89.7193  9.873  0.36  56.7  49  4.284  80.9999
76.63  59.1216  1955.68  89.844  5.324  0.37  56.7  49  4.284  80.9999
76.679  59.1216  2002.91  88.6862  45.922  0.36  56.7  49  4.284  80.9999
76.728  59.2504  1913.22  96.1689  205.596  0.38  56.7  49  4.284  80.9999
76.776  59.2504  1891.97  95.2735  173.891  0.38  56.7  49  4.284  80.9999
76.825  59.2504  1949.12  95.024  170.689  0.37  55.4  49  4.284  80.9999
76.874  59.3792  1901.98  96.0888  201.742  0.38  55.4  49  4.284  80.9999
76.923  59.3792  2000.76  89.9874  0.439  0.36  55.4  49  4.284  80.9999
76.971  59.3792  1984.82  89.6136  13.387  0.36  55.4  49  4.284  80.9999
77.02  59.508  2000.51  89.9684  1.102  0.36  55.4  49  4.284  80.9999
77.069  59.508  1982.01  88.8469  39.885  0.37  55.4  49  4.284  80.9999
77.118  59.508  1930.5  94.2644  143.549  0.38  56.2  49  4.284  80.9999
77.166  59.508  1874.07  95.3355  174.264  0.39  56.2  49  4.284  80.9999
77.215  59.6369  2046.44  89.9474  1.88  0.35  56.2  49  4.284  80.9999
77.264  59.6369  1988.86  89.8204  6.233  0.36  56.2  49  4.284  80.9999
77.313  59.6369  1941.44  89.1574  28.549  0.37  56.2  49  4.284  80.9999
77.361  59.7657  1936.1  95.0056  168.931  0.38  56.2  49  4.284  80.9999
77.41  59.7657  1906.51  96.0634  201.383  0.38  53.7  49  4.284  80.9999
77.459  59.7657  1997.74  90.0029  0.1  0.36  53.7  49  4.284  80.9999
77.508  59.8945  2014.31  89.6103  13.701  0.36  53.7  49  4.284  80.9999
77.556  59.8945  1963.21  89.954  1.575  0.37  53.7  49  4.284  80.9999
77.605  59.8945  1977.49  88.8732  38.887  0.37  53.7  49  4.284  80.9999
77.654  60.0233  1997.37  89.8524  5.145  0.36  53.7  49  4.284  80.9999
77.703  60.0233  1876.55  95.2267  170.947  0.39  54.4  49  4.284  80.9999
77.751  60.0233  2003.66  89.5511  15.697  0.36  54.4  49  4.284  80.9999
77.8  60.0233  1909.68  96.4265  213.748  0.38  54.4  49  4.284  80.9999
77.849  60.1521  1999.25  89.9952  0.169  0.36  54.4  49  4.284  80.9999
77.898  60.1521  2021.73  89.5323  16.503  0.36  54.4  49  4.284  80.9999
77.947  60.1521  1901.38  95.001  165.75  0.38  54.4  49  4.284  80.9999
77.996  60.2809  1966.76  88.7832  41.765  0.37  58.2  49  4.284  80.9999
78.044  60.2809  1947.55  95.0335  170.872  0.37  58.2  49  4.284  80.9999
78.093  60.2809  1896.66  94.9829  164.741  0.38  58.2  49  4.284  80.9999
78.142  60.4097  1891.4  94.0012  131.976  0.38  58.2  49  4.284  80.9999
78.191  60.4097  1927.49  94.8877  164.227  0.38  58.2  49  4.284  80.9999
78.239  60.4097  1946.86  89.8907  3.715  0.37  58.2  49  4.284  80.9999
78.288  60.5385  2017.41  89.7307  9.483  0.36  59.3  49  4.284  80.9999
78.337  60.5385  1910.98  94.7507  158.268  0.38  59.3  49  4.284  80.9999
78.386  60.5385  1885.49  94.0411  132.876  0.38  59.3  49  4.284  80.9999
78.434  60.5385  2015.44  89.5656  15.279  0.36  59.3  49  4.284  80.9999
78.483  60.6673  1897  96.3531  209.914  0.38  59.3  49  4.284  80.9999
78.532  60.6673  1962.38  89.0748  31.687  0.37  59.3  49  4.284  80.9999
78.581  60.6673  1921.36  95.239  175.439  0.38  53.6  49  4.284  80.9999
78.629  60.7961  1883.31  95.0659  166.298  0.39  53.6  49  4.284  80.9999
78.678  60.7961  1986.03  89.8555  5.008  0.36  53.6  49  4.284  80.9999
78.727  60.7961  1992.34  89.8404  5.551  0.36  53.6  49  4.284  80.9999
78.776  60.9249  1876.53  94.9207  160.961  0.39  53.6  49  4.284  80.9999
78.824  60.9249  1839.55  90.0008  0.025  0.39  53.6  49  4.284  80.9999
78.873  60.9249  1912.11  96.2704  208.842  0.38  53.3  49  4.284  80.9999
78.922  61.0537  1869.44  90.029  0.945  0.39  53.3  49  4.284  80.9999
78.971  61.0537  2019.71  89.5042  17.477  0.36  53.3  49  4.284  80.9999
79.019  61.0537  1869.7  95.0571  164.813  0.39  53.3  49  4.284  80.9999
79.068  61.1825  1973.91  89.9185  2.806  0.37  53.3  49  4.284  80.9999
79.117  61.1825  1939.72  96.071  205.147  0.38  53.3  49  4.284  80.9999
79.166  61.1825  1867.48  95.2109  169.609  0.39  53.3  49  4.284  80.9999
79.214  61.1825  1896.55  94.9616  164.029  0.38  53.6  49  4.284  80.9999
79.263  61.3113  1905.9  94.9731  165.218  0.38  53.6  49  4.284  80.9999
79.312  61.3113  1871.73  95.1629  168.434  0.39  53.6  49  4.284  80.9999
79.361  61.3113  2002.11  88.8852  38.954  0.36  53.6  49  4.284  80.9999
79.409  61.4401  1893.67  95.0014  165.092  0.38  53.6  49  4.284  80.9999
79.458  61.4401  1987.82  89.9784  0.749  0.36  53.6  49  4.284  80.9999
79.507  61.4401  2013.44  89.5376  16.249  0.36  56.4  49  4.284  80.9999
79.555  61.5689  1890.7  95.0199  165.44  0.38  56.4  49  4.284  80.9999
79.604  61.5689  1878.24  95.2632  172.292  0.39  56.4  49  4.284  80.9999
79.653  61.5689  2004.95  89.6596  11.912  0.36  56.4  49  4.284  80.9999
79.702  61.6977  1877.99  94.9114  160.785  0.39  56.4  49  4.284  80.9999
79.751  61.6977  1891.4  94.0012  131.976  0.38  56.4  49  4.284  80.9999
79.8  61.6977  1930.82  94.9154  165.441  0.38  56.4  49  4.284  80.9999
79.848  61.6977  1893.69  95.3103  175.261  0.38  56.4  49  4.284  80.9999
79.897  61.8265  1926.32  94.9688  166.843  0.38  56.4  49  4.284  80.9999
79.946  61.8265  1899.41  94.9184  162.848  0.38  56.4  49  4.284  80.9999
79.995  61.8265  1985.88  89.9509  1.702  0.36  56.4  49  4.284  80.9999
80.044  61.9553  1944.64  95.0995  172.849  0.37  56.4  49  4.284  80.9999
80.093  61.9553  1891.39  95.1573  170.017  0.38  54.2  49  4.284  80.9999
80.142  61.9553  2020.96  90.037  1.306  0.36  54.2  49  4.284  80.9999
80.19  62.0842  1919.62  94.6005  153.967  0.38  54.2  49  4.284  80.9999
80.239  62.0842  1883.86  94.8743  160.072  0.39  54.2  49  4.284  80.9999
80.288  62.0842  1985.3  88.9816  35.287  0.36  54.2  49  4.284  80.9999
80.336  62.213  1914.54  96.114  203.91  0.38  54.2  49  4.284  80.9999
80.385  62.213  1980.6  90.033  1.14  0.37  54.2  49  4.284  80.9999
80.434  62.213  2009.71  89.9243  2.656  0.36  54.2  49  4.284  80.9999
80.483  62.3418  1906.51  96.0634  201.383  0.38  54.2  49  4.284  80.9999
80.531  62.3418  1814.44  90.0596  1.888  0.4  54.2  49  4.284  80.9999
80.58  62.3418  1932.68  94.6626  157.102  0.38  54.2  49  4.284  80.9999
80.63  62.3418  1997.49  89.9839  0.562  0.36  54.2  49  4.284  80.9999
80.678  62.4706  1999.84  89.7836  7.552  0.36  53.1  49  4.284  80.9999
80.727  62.4706  1923.53  96.0161  201.601  0.38  53.1  49  4.284  80.9999
80.776  62.4706  1896.9  95.3383  176.479  0.38  53.1  49  4.284  80.9999
80.825  62.5994  1991.11  88.7939  41.909  0.36  53.1  49  4.284  80.9999
80.873  62.5994  1904.21  94.6506  154.391  0.38  53.1  49  4.284  80.9999
80.922  62.5994  1984.84  89.9938  0.216  0.36  53.1  49  4.284  80.9999
80.971  62.7282  1991.83  88.9827  35.363  0.36  55.8  49  4.284  80.9999
81.02  62.7282  1888.52  94.892  161.049  0.38  55.8  49  4.284  80.9999
81.068  62.7282  1965.97  88.9782  35.059  0.37  55.8  49  4.284  80.9999
81.117  62.857  2024.35  89.7513  8.786  0.36  55.8  49  4.284  80.9999
81.166  62.857  1851.03  95.1743  166.935  0.39  55.8  49  4.284  80.9999
81.215  62.857  1966.41  89.0137  33.848  0.37  55.8  49  4.284  80.9999
81.263  62.857  1932.43  94.6159  155.511  0.38  54.5  49  4.284  80.9999
81.312  62.9858  1947.92  89.8478  5.173  0.37  54.5  49  4.284  80.9999
81.361  62.9858  1992.01  88.8659  39.425  0.36  54.5  49  4.284  80.9999
81.41  62.9858  1932.98  96.349  213.758  0.38  54.5  49  4.284  80.9999
81.458  63.1146  1886.49  95.401  177.566  0.39  54.5  49  4.284  80.9999
81.507  63.1146  2035.42  90.0027  0.095  0.36  54.5  49  4.284  80.9999
81.557  63.1146  1904.33  94.6719  155.108  0.38  54.5  49  4.284  80.9999
81.606  63.2434  1833.53  89.996  0.128  0.39  55.4  49  4.284  80.9999
81.654  63.2434  2017.88  89.6301  13.026  0.36  55.4  49  4.284  80.9999
81.703  63.2434  1861.04  95.1115  165.807  0.39  55.4  49  4.284  80.9999
81.752  63.3722  1999.25  89.9952  0.169  0.36  55.4  49  4.284  80.9999
81.801  63.3722  1915.78  94.7684  159.255  0.38  55.4  49  4.284  80.9999
81.849  63.3722  1953.13  89.8948  3.587  0.37  55.4  49  4.284  80.9999
81.898  63.501  1923.8  94.792  160.71  0.38  55.9  49  4.284  80.9999
81.947  63.501  1918.09  94.6101  154.167  0.38  55.9  49  4.284  80.9999
81.996  63.501  1971.38  89.8363  5.633  0.37  55.9  49  4.284  80.9999
82.044  63.501  1913.83  94.9974  166.715  0.38  55.9  49  4.284  80.9999
82.094  63.6298  1887.28  94.947  162.747  0.38  55.9  49  4.284  80.9999
82.142  63.6298  1885.24  93.9957  131.367  0.38  55.9  49  4.284  80.9999
82.191  63.6298  2050.1  89.9678  1.152  0.35  53.6  49  4.284  80.9999
82.24  63.7586  1939.95  89.9641  1.215  0.37  53.6  49  4.284  80.9999
82.289  63.7586  1968.95  88.961  35.704  0.37  53.6  49  4.284  80.9999
82.337  63.7586  1987.05  89.9437  1.952  0.36  53.6  49  4.284  80.9999
82.386  63.8874  1961.6  89.8127  6.414  0.37  53.6  49  4.284  80.9999
82.435  63.8874  1939.94  95.1276  173.381  0.37  53.6  49  4.284  80.9999
82.484  63.8874  1908.24  96.1013  202.821  0.38  55.2  49  4.284  80.9999
82.533  64.0162  1869.27  95.2715  171.74  0.39  55.2  49  4.284  80.9999
82.581  64.0162  2015.87  89.602  14.002  0.36  55.2  49  4.284  80.9999
82.63  64.0162  1976.02  89.9628  1.283  0.37  55.2  49  4.284  80.9999
82.679  64.145  1978.85  89.9307  2.395  0.37  55.2  49  4.284  80.9999
82.728  64.145  1941.51  94.5103  152.675  0.37  55.2  49  4.284  80.9999
82.776  64.145  1857.39  95.2734  170.71  0.39  54.6  49  4.284  80.9999
82.825  64.145  1972.37  88.9793  35.135  0.37  54.6  49  4.284  80.9999
82.874  64.2738  1924.85  95.9607  199.889  0.38  54.6  49  4.284  80.9999
82.923  64.2738  1879.34  95.4909  179.83  0.39  54.6  49  4.284  80.9999
82.971  64.2738  1924.54  94.9316  165.446  0.38  54.6  49  4.284  80.9999
83.02  64.4026  1917.52  96.432  214.808  0.38  54.6  49  4.284  80.9999
83.069  64.4026  1984.84  89.9938  0.216  0.36  55.6  49  4.284  80.9999
83.118  64.4026  1930.37  95.1368  172.833  0.38  55.6  49  4.284  80.9999
83.166  64.5315  1883.77  95.1571  169.325  0.39  55.6  49  4.284  80.9999
83.215  64.5315  1888.32  95.1543  169.642  0.38  55.6  49  4.284  80.9999
83.264  64.5315  1998.91  89.8444  5.428  0.36  55.6  49  4.284  80.9999
83.313  64.6603  1884.09  94.9199  161.585  0.39  55.6  49  4.284  80.9999
83.362  64.6603  2004.25  90.0075  0.261  0.36  57  49  4.284  80.9999
83.411  64.6603  1946.7  95.8385  198.027  0.37  57  49  4.284  80.9999
83.46  64.6603  1945.39  89.8984  3.45  0.37  57  49  4.284  80.9999
83.508  64.7891  1920.65  95.0994  170.713  0.38  57  49  4.284  80.9999
83.557  64.7891  1900.68  96.1434  203.407  0.38  57  49  4.284  80.9999
83.606  64.7891  1882.28  95.4733  179.534  0.39  57  49  4.284  80.9999
83.655  64.9179  2028.5  89.5354  16.45  0.36  55  49  4.284  80.9999
83.704  64.9179  1905.42  96.1645  204.612  0.38  55  49  4.284  80.9999
83.752  64.9179  2007.29  89.992  0.281  0.36  55  49  4.284  80.9999
83.801  65.0467  1944.64  95.0995  172.849  0.37  55  49  4.284  80.9999
83.85  65.0467  1891.25  94.8276  159.164  0.38  55  49  4.284  80.9999
83.899  65.0467  2008.87  89.8518  5.194  0.36  55  49  4.284  80.9999
83.947  65.1755  1927.93  94.3774  147.151  0.38  55.5  49  4.284  80.9999
83.996  65.1755  1963.76  89.7261  9.387  0.37  55.5  49  4.284  80.9999
84.045  65.1755  2043.76  89.9995  0.019  0.35  55.5  49  4.284  80.9999
84.094  65.3043  1901.38  95.001  165.75  0.38  55.5  49  4.284  80.9999
84.142  65.3043  1798.39  90.0375  1.178  0.4  55.5  49  4.284  80.9999
84.191  65.3043  2005.38  89.6958  10.648  0.36  55.5  49  4.284  80.9999
84.24  65.3043  1877.7  96.4588  211.221  0.39  55.5  49  4.284  80.9999
84.289  65.4331  1820.14  89.9942  0.185  0.4  52.5  49  4.284  80.9999
84.337  65.4331  1912.5  94.7412  158.077  0.38  52.5  49  4.284  80.9999
84.386  65.4331  1884.86  94.7738  156.863  0.39  52.5  49  4.284  80.9999
84.435  65.5619  1994.79  89.7718  7.946  0.36  52.5  49  4.284  80.9999
84.484  65.5619  2014.9  89.8002  7.028  0.36  52.5  49  4.284  80.9999
84.533  65.5619  1949.79  89.8752  4.248  0.37  52.5  49  4.284  80.9999
84.582  65.6907  1937.97  94.7522  160.554  0.37  52.3  49  4.284  80.9999
84.63  65.6907  1916.28  96.1521  205.363  0.38  52.3  49  4.284  80.9999
84.679  65.6907  1884.91  95.0812  166.94  0.39  52.3  49  4.284  80.9999
84.728  65.8195  2019.18  89.7394  9.184  0.36  52.3  49  4.284  80.9999
84.777  65.8195  1891.72  94.9191  162.214  0.38  52.3  49  4.284  80.9999
84.826  65.8195  1898.74  95.0902  168.463  0.38  52.3  49  4.284  80.9999
84.874  65.8195  1948.81  94.659  158.292  0.37  52.8  49  4.284  80.9999
84.923  65.9483  1879.25  95.1631  169.118  0.39  52.8  49  4.284  80.9999
84.972  65.9483  1922.27  94.8015  160.902  0.38  52.8  49  4.284  80.9999
85.021  65.9483  1937.93  96.0325  203.663  0.38  52.8  49  4.284  80.9999
85.069  66.0771  1879.12  95.4453  178.321  0.39  52.8  49  4.284  80.9999
85.118  66.0771  1933.31  94.7811  161.139  0.38  52.8  49  4.284  80.9999
85.167  66.0771  1876.91  96.2761  205.182  0.39  52.3  49  4.284  80.9999
85.216  66.2059  1867.51  94.0695  132.53  0.39  52.3  49  4.284  80.9999
85.265  66.2059  2012.56  89.4649  18.794  0.36  52.3  49  4.284  80.9999
85.313  66.2059  1905.83  96.2573  207.722  0.38  52.3  49  4.284  80.9999
85.362  66.3347  2023.1  89.9497  1.776  0.36  52.3  49  4.284  80.9999
85.411  66.3347  1943.84  94.6413  157.289  0.37  52.3  49  4.284  80.9999
85.46  66.3347  1970.28  89.8796  4.139  0.37  52.1  49  4.284  80.9999
85.509  66.4635  1999.55  89.8998  3.498  0.36  52.1  49  4.284  80.9999
85.557  66.4635  1915.04  94.6295  154.566  0.38  52.1  49  4.284  80.9999
85.606  66.4635  1869.45  94.1497  135.279  0.39  52.1  49  4.284  80.9999
85.655  66.4635  2020.56  89.7143  10.075  0.36  52.1  49  4.284  80.9999
85.704  66.5923  1911.49  96.1309  204.146  0.38  52.1  49  4.284  80.9999
85.753  66.5923  1961.95  89.0394  32.893  0.37  54.9  49  4.284  80.9999
85.802  66.5923  1940.99  94.4165  149.468  0.37  54.9  49  4.284  80.9999
85.85  66.7211  1911  96.3717  212.081  0.38  54.9  49  4.284  80.9999
85.899  66.7211  2025.12  89.9777  0.787  0.36  54.9  49  4.284  80.9999
85.948  66.7211  1923.67  94.767  159.865  0.38  54.9  49  4.284  80.9999
85.997  66.85  1977.19  90.0131  0.453  0.37  54.9  49  4.284  80.9999
86.045  66.85  2029.18  90.034  1.204  0.36  52.2  49  4.284  80.9999
86.094  66.85  1896.66  94.9829  164.741  0.38  52.2  49  4.284  80.9999
86.143  66.9788  1892.31  95.0352  166.085  0.38  52.2  49  4.284  80.9999
86.192  66.9788  1936.42  94.7618  160.75  0.37  52.2  49  4.284  80.9999
86.24  66.9788  1896.66  94.9829  164.741  0.38  52.2  49  4.284  80.9999
86.289  66.9788  1957.95  89.1002  30.747  0.37  52.2  49  4.284  80.9999
86.338  67.1076  2018.14  89.5126  17.168  0.36  52.1  49  4.284  80.9999
86.387  67.1076  1876.2  95.1569  168.639  0.39  52.1  49  4.284  80.9999
86.436  67.1076  1996.05  89.8797  4.192  0.36  52.1  49  4.284  80.9999
86.484  67.2364  2019.45  89.6219  13.327  0.36  52.1  49  4.284  80.9999
86.533  67.2364  1956.75  89.8009  6.798  0.37  52.1  49  4.284  80.9999
86.583  67.2364  2001.68  89.5233  16.655  0.36  52.1  49  4.284  80.9999
86.631  67.3652  1921.77  95.978  200.145  0.38  52.1  49  4.284  80.9999
86.68  67.3652  1888.18  93.9757  130.914  0.38  51.2  49  4.284  80.9999
86.729  67.3652  1919.93  94.9599  165.994  0.38  51.2  49  4.284  80.9999
86.778  67.494  1881.72  96.343  207.893  0.39  51.2  49  4.284  80.9999
86.826  67.494  1940.41  89.2008  27.067  0.37  51.2  49  4.284  80.9999
86.875  67.494  1938.14  95.09  171.954  0.37  51.2  49  4.284  80.9999
86.924  67.6228  1879.58  95.2298  171.325  0.39  51.2  49  4.284  80.9999
86.973  67.6228  2013.4  89.9609  1.375  0.36  50.4  49  4.284  80.9999
87.022  67.6228  1947.52  94.4236  150.213  0.37  50.4  49  4.284  80.9999
87.07  67.6228  1963.21  89.954  1.575  0.37  50.4  49  4.284  80.9999
87.119  67.7516  1925.59  94.829  162.099  0.38  50.4  49  4.284  80.9999
87.168  67.7516  1928.59  96.0841  204.407  0.38  50.4  49  4.284  80.9999
87.217  67.7516  1811.31  89.9859  0.447  0.4  50.4  49  4.284  80.9999
87.265  67.8804  1920.17  95.0064  167.566  0.38  54.1  49  4.284  80.9999
87.314  67.8804  1900.2  96.3829  211.251  0.38  54.1  49  4.284  80.9999
87.363  67.8804  2003.79  89.972  0.981  0.36  54.1  49  4.284  80.9999
87.412  68.0092  2010.05  89.6713  11.532  0.36  54.1  49  4.284  80.9999
87.46  68.0092  1873.84  94.9844  162.808  0.39  54.1  49  4.284  80.9999
87.509  68.0092  1945.8  89.1323  29.465  0.37  54.1  49  4.284  80.9999
87.558  68.138  2002.42  89.8645  4.735  0.36  52.7  49  4.284  81.8999
87.607  68.138  1804.04  89.9888  0.354  0.4  52.7  49  4.284  81.8999
87.655  68.138  2033.86  90.0105  0.374  0.36  52.7  49  4.284  81.8999
87.704  68.138  1915.58  96.3469  211.764  0.38  52.7  49  4.284  81.8999
87.753  68.2668  1868.6  95.1357  167.268  0.39  52.7  49  4.284  81.8999
87.802  68.2668  1927.86  94.9593  166.66  0.38  52.7  49  4.284  81.8999
87.85  68.2668  1885.33  94.865  159.892  0.39  52.7  49  4.284  84.9499
87.899  68.3956  1970.9  89.9342  2.265  0.37  52.7  49  4.284  84.9499
87.948  68.3956  2026.65  89.6618  11.962  0.36  52.7  49  4.284  84.9499
87.997  68.3956  1972.19  89.9073  3.19  0.37  52.7  49  4.284  84.9499
88.045  68.5244  1851.72  90.0104  0.337  0.39  52.7  49  4.284  84.9499
88.095  68.5244  1934.11  96.2465  210.443  0.38  52.7  49  4.284  84.9499
88.143  68.5244  1955.68  89.844  5.324  0.37  51.9  49  4.284  84.9499
88.192  68.6532  1905.55  94.9056  162.951  0.38  51.9  49  4.284  84.9499
88.241  68.6532  1911.41  96.4648  215.211  0.38  51.9  49  4.284  84.9499
88.29  68.6532  1874.73  95.4718  178.766  0.39  51.9  49  4.284  84.9499
88.338  68.782  2014.83  89.9367  2.228  0.36  51.9  49  4.284  84.9499
88.387  68.782  1817.19  89.9905  0.3  0.4  51.9  49  4.284  84.9499
88.436  68.782  1873.85  95.2901  172.765  0.39  51.6  49  4.284  84.9499
88.485  68.782  2011  89.4733  18.486  0.36  51.6  49  4.284  84.9499
88.533  68.9108  1986.55  90.0024  0.084  0.36  51.6  49  4.284  84.9499
88.582  68.9108  2006.24  90.0353  1.235  0.36  51.6  49  4.284  84.9499
88.631  68.9108  1924.17  96.1565  206.355  0.38  51.6  49  4.284  84.9499
88.68  69.0396  1867.34  94.8854  159.03  0.39  51.6  49  4.284  84.9499
88.729  69.0396  2025.6  90.0137  0.483  0.36  51  49  4.284  84.9499
88.777  69.0396  1909.97  96.1393  204.263  0.38  51  49  4.284  84.9499
88.826  69.1684  1864.38  94.0442  131.488  0.39  51  49  4.284  84.9499
88.875  69.1684  2004.68  89.7762  7.83  0.36  51  49  4.284  84.9499
88.924  69.1684  1886.95  95.1846  170.513  0.38  51  49  4.284  84.9499
88.972  69.2973  1890.7  90.0278  0.917  0.38  51  49  4.284  84.9499
89.021  69.2973  1927.79  94.645  156.116  0.38  51  49  4.284  84.9499
89.07  69.2973  1872.38  94.9936  162.98  0.39  53.2  49  4.284  84.9499
89.119  69.2973  1894.36  93.9811  131.522  0.38  53.2  49  4.284  84.9499
89.167  69.4261  1918.04  94.898  163.765  0.38  53.2  49  4.284  84.9499
89.216  69.4261  1804.04  89.9888  0.354  0.4  53.2  49  4.284  84.9499
89.266  69.4261  2018.27  89.8035  6.923  0.36  53.2  49  4.284  84.9499
89.314  69.5549  1878.45  95.0023  163.793  0.39  53.2  49  4.284  84.9499
89.363  69.5549  1884.91  95.0812  166.94  0.39  51.3  49  4.284  84.9499
89.412  69.5549  1937.9  95.0431  170.351  0.37  51.3  49  4.284  84.9499
89.46  69.6837  1906.93  96.1561  204.496  0.38  51.3  49  4.284  84.9499
89.509  69.6837  1814.34  90.0245  0.777  0.4  51.3  49  4.284  84.9499
89.558  69.6837  1915.01  95.2292  174.535  0.38  51.3  49  4.284  84.9499
89.607  69.8125  1876.06  94.8299  157.96  0.39  51.3  49  4.284  84.9499
89.656  69.8125  1904.75  95.0532  167.773  0.38  52.2  49  4.284  84.9499
89.704  69.8125  1938.34  94.8208  162.898  0.37  52.2  49  4.284  84.9499
89.753  69.9413  1867.24  95.4703  178.005  0.39  52.2  49  4.284  84.9499
89.802  69.9413  1911.6  94.8679  162.216  0.38  52.2  49  4.284  84.9499
89.851  69.9413  1912.5  94.7412  158.077  0.38  52.2  49  4.284  84.9499
89.9  69.9413  1931.75  89.2503  25.276  0.37  52.2  49  4.284  84.9499
89.949  70.0701  1933.47  95.1181  172.484  0.38  49.4  49  4.284  84.9499
89.998  70.0701  1804.23  90.0585  1.843  0.4  49.4  49  4.284  84.9499
90.046  70.0701  1969.82  89.0321  33.274  0.37  49.4  49  4.284  84.9499
90.095  70.1989  1934.37  95.9557  200.709  0.38  49.4  49  4.284  84.9499
90.144  70.1989  1872.15  94.9483  161.486  0.39  49.4  49  4.284  84.9499
90.193  70.1989  1990.3  88.9914  35.034  0.36  49.4  49  4.284  84.9499
90.242  70.3277  1928.54  94.7849  160.868  0.38  51.3  49  4.284  84.9499
90.291  70.3277  1986.09  89.9672  1.136  0.36  51.3  49  4.284  84.9499
90.34  70.3277  2018.95  90.009  0.317  0.36  51.3  49  4.284  84.9499
90.388  70.4565  1888.99  94.9834  164.091  0.38  51.3  49  4.284  84.9499
90.437  70.4565  1966.41  89.9575  1.459  0.37  51.3  49  4.284  84.9499
90.486  70.4565  2020.59  89.5771  14.913  0.36  51.3  49  4.284  84.9499
90.535  70.4565  1801.19  90.0038  0.121  0.4  51.8  49  4.284  84.9499
90.583  70.5853  2002.27  89.9797  0.709  0.36  51.8  49  4.284  84.9499
90.632  70.5853  1928.54  94.7849  160.868  0.38  51.8  49  4.284  84.9499
90.681  70.5853  1870.93  95.0028  163.152  0.39  51.8  49  4.284  84.9499
90.73  70.7141  1904.04  94.9149  163.132  0.38  51.8  49  4.284  84.9499
90.779  70.7141  1916.03  94.8147  160.819  0.38  51.8  49  4.284  84.9499
90.828  70.7141  1884.79  95.3642  176.201  0.39  54.6  49  4.284  84.9499
90.876  70.8429  1992.63  88.7851  42.25  0.36  54.6  49  4.284  84.9499
90.925  70.8429  1906.45  94.7792  158.839  0.38  54.6  49  4.284  84.9499
90.974  70.8429  1875.96  93.965  129.716  0.39  54.6  49  4.284  84.9499
91.023  70.9717  2015  89.5293  16.554  0.36  54.6  49  4.284  84.9499
91.071  70.9717  1890.82  96.3399  208.795  0.38  54.6  49  4.284  84.9499
91.12  70.9717  1987.14  89.8118  6.528  0.36  51.7  49  4.284  84.9499
91.169  71.1005  1915.78  94.7684  159.255  0.38  51.7  49  4.284  84.9499
91.218  71.1005  1879.93  95.2998  173.642  0.39  51.7  49  4.284  84.9499
91.266  71.1005  2005.2  88.8674  39.634  0.36  51.7  49  4.284  84.9499
91.315  71.1005  1926.75  94.7478  159.478  0.38  51.7  49  4.284  84.9499
91.364  71.2293  1881.84  95.382  176.508  0.39  51.7  49  4.284  84.9499
91.413  71.2293  1932.25  94.8842  164.515  0.38  50.7  49  4.284  84.9499
91.461  71.2293  1902.09  94.5436  150.678  0.38  50.7  49  4.284  84.9499
91.51  71.3581  1891.4  94.0012  131.976  0.38  50.7  49  4.284  84.9499
91.559  71.3581  2007.88  89.49  17.871  0.36  50.7  49  4.284  84.9499
91.608  71.3581  1886.72  95.1389  168.994  0.38  50.7  49  4.284  84.9499
91.656  71.4869  1965.1  88.9072  37.479  0.37  50.7  49  4.284  84.9499
91.705  71.4869  2003.13  89.7843  7.542  0.36  50.7  49  4.284  84.9499
91.754  71.4869  1961.33  89.9265  2.518  0.37  48.6  49  4.284  84.9499
91.803  71.6157  1999.03  88.9028  38.278  0.36  48.6  49  4.284  84.9499
91.851  71.6157  1911.76  94.6025  153.405  0.38  48.6  49  4.284  84.9499
91.9  71.6157  1869.7  95.3621  174.724  0.39  48.6  49  4.284  84.9499
91.949  71.6157  1916.3  95.1736  172.8  0.38  48.6  49  4.284  84.9499
91.998  71.7446  1904.94  94.7887  159.027  0.38  48.6  49  4.284  84.9499
92.046  71.7446  1891.74  95.2277  172.363  0.38  46.6  49  4.284  84.9499
92.095  71.7446  2022.61  89.6053  13.933  0.36  46.6  49  4.284  84.9499
92.144  71.8734  1875.98  95.1115  167.137  0.39  46.6  49  4.284  84.9499
92.193  71.8734  1890.7  90.0278  0.917  0.38  46.6  49  4.284  84.9499
92.242  71.8734  1946.7  95.8385  198.027  0.37  46.6  49  4.284  84.9499
92.29  72.0022  1881.92  94.7926  157.232  0.39  46.6  49  4.284  84.9499
92.339  72.0022  2010.28  89.6907  10.852  0.36  44.2  49  4.284  84.9499
92.388  72.0022  1917.38  96.0503  202.097  0.38  44.2  49  4.284  84.9499
92.437  72.131  1866.22  95.5696  181.127  0.39  44.2  49  4.284  84.9499
92.485  72.131  1928.58  95.0994  171.419  0.38  44.2  49  4.284  84.9499
92.534  72.131  1907.14  96.2025  206.054  0.38  44.2  49  4.284  84.9499
92.583  72.2598  1970.5  89.8987  3.485  0.37  44.2  49  4.284  84.9499
92.632  72.2598  1942.83  95.0618  171.417  0.37  42.9  49  4.284  84.9499
92.68  72.2598  1888.52  94.892  161.049  0.38  42.9  49  4.284  84.9499
92.729  72.2598  1988.38  89.9192  2.803  0.36  42.9  49  4.284  84.9499
92.778  72.3886  2018.04  89.7839  7.61  0.36  42.9  49  4.284  84.9499
92.827  72.3886  1873.61  94.9391  161.311  0.39  42.9  49  4.284  84.9499
92.876  72.3886  2005.75  89.8679  4.625  0.36  42.9  49  4.284  84.9499
92.925  72.5174  1890  94.8827  160.869  0.38  43.3  49  4.284  84.9499
92.973  72.5174  1875.87  95.0904  166.441  0.39  43.3  49  4.284  84.9499
93.022  72.5174  1935.02  95.1088  172.308  0.38  43.3  49  4.284  84.9499
93.071  72.6462  1895.95  94.8453  160.141  0.38  43.3  49  4.284  84.9499
93.12  72.6462  1957.82  87.9577  69.771  0.37  43.3  49  4.284  84.9499
93.168  72.6462  2019.02  89.5854  14.608  0.36  43.3  49  4.284  84.9499
93.217  72.775  1897.88  96.2064  205.18  0.38  40.4  49  4.284  84.9499
93.266  72.775  2010.81  90.0121  0.425  0.36  40.4  49  4.284  84.9499
93.315  72.775  1914.54  96.114  203.91  0.38  40.4  49  4.284  84.9499
93.363  72.775  1873.41  95.1993  169.768  0.39  40.4  49  4.284  84.9499
93.412  72.9038  2000.57  88.894  38.615  0.36  40.4  49  4.284  84.9499
93.461  72.9038  1900.91  94.909  162.668  0.38  40.4  49  4.284  84.9499
93.51  72.9038  1871.6  93.9948  130.387  0.39  45.3  49  4.284  84.9499
93.558  73.0326  2021.13  89.9046  3.364  0.36  45.3  49  4.284  84.9499
93.607  73.0326  1890.21  96.2019  204.202  0.38  45.3  49  4.284  84.9499
93.656  73.0326  1877.66  94.0002  130.986  0.39  45.3  49  4.284  84.9499
93.705  73.1614  1935.26  95.1556  173.906  0.38  45.3  49  4.284  84.9499
93.754  73.1614  1995.53  89.9562  1.524  0.36  45.3  49  4.284  84.9499
93.802  73.1614  1968.68  88.81  40.885  0.37  45.5  49  4.284  84.9499
93.851  73.2902  1919.49  94.2877  143.511  0.38  45.5  49  4.284  84.9499
93.9  73.2902  1817.19  89.9905  0.3  0.4  45.5  49  4.284  84.9499
93.949  73.2902  1971.93  88.9437  36.353  0.37  45.5  49  4.284  84.9499
93.997  73.419  1902.4  96.1813  204.841  0.38  45.5  49  4.284  84.9499
94.046  73.419  1873.85  95.2901  172.765  0.39  45.5  49  4.284  84.9499
94.095  73.419  1995.21  89.8077  6.696  0.36  45.5  49  4.284  84.9499
94.144  73.419  1895.4  95.038  166.449  0.38  47.4  49  4.284  84.9499
94.192  73.5478  1874.42  95.0995  166.607  0.39  47.4  49  4.284  84.9499
94.241  73.5478  1934.59  96.0027  202.311  0.38  47.4  49  4.284  84.9499
94.29  73.5478  1876.19  95.463  178.618  0.39  47.4  49  4.284  84.9499
94.34  73.6766  1988.96  88.8835  38.755  0.36  47.4  49  4.284  84.9499
94.388  73.6766  2016.47  89.7921  7.318  0.36  47.4  49  4.284  84.9499
94.437  73.6766  1981.18  89.9551  1.552  0.37  46.7  49  4.284  84.9499
94.486  73.8054  2022.51  90.0292  1.032  0.36  46.7  49  4.284  84.9499
94.535  73.8054  1918.23  96.2369  208.397  0.38  46.7  49  4.284  84.9499
94.583  73.8054  1880.95  95.1996  170.463  0.39  46.7  49  4.284  84.9499
94.632  73.9342  1935.11  94.8183  162.541  0.38  46.7  49  4.284  84.9499
94.681  73.9342  1886.26  95.0475  165.957  0.39  46.7  49  4.284  84.9499
94.73  73.9342  1964.92  89.0223  33.529  0.37  45.6  49  4.284  84.9499
94.778  73.9342  2010.05  89.6713  11.532  0.36  45.6  49  4.284  84.9499
94.827  74.063  1868.79  94.8762  158.854  0.39  45.6  49  4.284  84.9499
94.876  74.063  1981.47  89.8793  4.176  0.37  45.6  49  4.284  84.9499
94.925  74.063  2002.97  89.6316  12.877  0.36  45.6  49  4.284  84.9499
94.974  74.1919  1855.1  94.2469  137.379  0.39  45.6  49  4.284  84.9499
95.022  74.1919  2031.82  89.9823  0.627  0.36  44.4  49  4.284  84.9499
95.071  74.1919  1910.25  94.6122  153.604  0.38  44.4  49  4.284  84.9499
95.12  74.3207  1883.66  95.1359  168.623  0.39  44.4  49  4.284  84.9499
95.169  74.3207  1919.45  94.867  162.851  0.38  44.4  49  4.284  84.9499
95.218  74.3207  1988.49  90.03  1.041  0.36  44.4  49  4.284  84.9499
95.266  74.4495  1971.75  89.0591  32.377  0.37  44.4  49  4.284  84.9499
95.315  74.4495  2022.61  89.6053  13.933  0.36  44.3  49  4.284  84.9499
95.364  74.4495  1880.6  95.1297  168.144  0.39  44.3  49  4.284  84.9499
95.413  74.5783  1967.7  89.1203  30.211  0.37  44.3  49  4.284  84.9499
95.461  74.5783  1912.32  96.3169  210.409  0.38  44.3  49  4.284  84.9499
95.51  74.5783  1854.71  95.6387  182.236  0.39  44.3  49  4.284  84.9499
95.559  74.5783  1919.21  94.8205  161.281  0.38  44.3  49  4.284  84.9499
95.608  74.7071  1900.35  95.1023  169.006  0.38  43  49  4.284  84.9499
95.657  74.7071  1880.95  95.1996  170.463  0.39  43  49  4.284  84.9499
95.706  74.7071  2036.99  89.9948  0.184  0.36  43  49  4.284  84.9499
95.754  74.8359  1882.07  95.1206  167.978  0.39  43  49  4.284  84.9499
95.803  74.8359  1962.57  88.9599  35.624  0.37  43  49  4.284  84.9499
95.852  74.8359  1936.03  94.6899  158.297  0.37  43  49  4.284  84.9499
95.901  74.9647  1873.18  95.1539  168.27  0.39  43.8  49  4.284  84.9499
95.95  74.9647  1925.73  95.1647  173.352  0.38  43.8  49  4.284  84.9499
95.999  74.9647  1916.27  94.8611  162.384  0.38  43.8  49  4.284  84.9499
96.047  75.0935  1969.06  89.7732  7.795  0.37  43.8  49  4.284  84.9499
96.096  75.0935  1923.24  94.9876  167.207  0.38  43.8  49  4.284  84.9499
96.145  75.0935  1884.26  94.6583  153.027  0.39  43.8  49  4.284  84.9499
96.194  75.0935  1952.87  88.9407  36.102  0.37  44.4  49  4.284  89.2499
96.242  75.2223  1927.52  95.2021  174.765  0.38  44.4  49  4.284  89.2499
96.291  75.2223  1880.05  96.3054  206.482  0.39  44.4  49  4.284  89.2499
96.34  75.2223  2014.34  90.0323  1.135  0.36  44.4  49  4.284  89.2499
96.389  75.3511  2018.14  89.5126  17.168  0.36  44.4  49  4.284  89.2499
96.437  75.3511  1858.16  95.4326  175.921  0.39  44.4  49  4.284  89.2499
96.486  75.3511  2028.7  89.998  0.07  0.36  43.6  49  4.284  92.3999
96.535  75.4799  1926.5  94.7012  157.896  0.38  43.6  49  4.284  92.3999
96.583  75.4799  1866.32  94.1243  134.226  0.39  43.6  49  4.284  92.3999
96.632  75.4799  1991.83  88.9827  35.363  0.36  43.6  49  4.284  92.3999
96.681  75.6087  1912.93  96.4566  215.111  0.38  43.6  49  4.284  92.3999
96.73  75.6087  1984.84  89.9938  0.216  0.36  43.6  49  4.284  92.3999
96.779  75.6087  1927.49  94.8877  164.227  0.38  43.6  49  4.284  92.3999
96.828  75.7375  1889.33  96.348  208.899  0.39  44.1  49  4.284  92.3999
96.877  75.7375  1864.88  94.1341  134.44  0.39  44.1  49  4.284  92.3999
96.925  75.7375  1917.06  94.7125  157.497  0.38  44.1  49  4.284  92.3999
96.974  75.7375  1961.6  89.8127  6.414  0.37  44.1  49  4.284  92.3999
97.023  75.8663  2018.4  89.957  1.513  0.36  44.1  49  4.284  92.3999
97.072  75.8663  1909.15  95.0006  166.414  0.38  44.1  49  4.284  92.3999
97.121  75.8663  1798.43  90.0536  1.684  0.4  44.6  49  4.284  92.3999
97.169  75.9951  1946.3  94.7979  162.79  0.37  44.6  49  4.284  92.3999
97.218  75.9951  1911.21  96.4183  213.646  0.38  44.6  49  4.284  92.3999
97.267  75.9951  1879.03  95.1176  167.611  0.39  44.6  49  4.284  92.3999
97.316  76.1239  1939.7  95.0806  171.776  0.37  44.6  49  4.284  92.3999
97.364  76.1239  1860.37  94.9764  161.377  0.39  44.6  49  4.284  92.3999
97.413  76.1239  1982.58  89.8356  5.688  0.36  43.4  49  4.284  92.3999
97.462  76.2527  2019.89  89.6583  12.045  0.36  43.4  49  4.284  92.3999
97.511  76.2527  1798.34  90.0189  0.593  0.4  43.4  49  4.284  92.3999
97.559  76.2527  1990.32  89.9472  1.834  0.36  43.4  49  4.284  92.3999
97.609  76.2527  1909.39  95.0468  167.969  0.38  43.4  49  4.284  92.3999
97.657  76.3815  1865.14  95.3434  173.692  0.39  43.4  49  4.284  92.3999
97.706  76.3815  1916.64  94.9323  164.789  0.38  42  49  4.284  92.3999
97.755  76.3815  1899.17  94.8724  161.31  0.38  42  49  4.284  92.3999
97.804  76.5103  2005.77  89.9997  0.009  0.36  42  49  4.284  92.3999
97.852  76.5103  1922.89  95.2298  175.272  0.38  42  49  4.284  92.3999
97.901  76.5103  1874.74  95.1659  168.802  0.39  42  49  4.284  92.3999
97.95  76.6392  1984.51  89.8634  4.73  0.36  42  49  4.284  92.3999
97.999  76.6392  1991.08  89.7327  9.291  0.36  44.4  49  4.284  92.3999
98.047  76.6392  1951.93  89.7893  7.179  0.37  44.4  49  4.284  92.3999
98.096  76.768  2001.38  89.7756  7.839  0.36  44.4  49  4.284  92.3999
98.145  76.768  1914.74  94.8705  162.57  0.38  44.4  49  4.284  92.3999
98.194  76.768  1865.36  95.3887  175.178  0.39  44.4  49  4.284  92.3999
98.243  76.8968  2011.69  89.9526  1.665  0.36  44.4  49  4.284  92.3999
98.291  76.8968  1896.38  96.2147  205.291  0.38  43.1  49  4.284  92.3999
98.34  76.8968  1970.44  88.9523  36.028  0.37  43.1  49  4.284  92.3999
98.389  76.8968  2027.09  89.6984  10.671  0.36  43.1  49  4.284  92.3999
98.438  77.0256  1815.74  89.9981  0.059  0.4  43.1  49  4.284  92.3999
98.486  77.0256  1976.93  89.9029  3.352  0.37  43.1  49  4.284  92.3999
98.535  77.0256  1930.57  94.8687  163.851  0.38  43.1  49  4.284  92.3999
98.584  77.1544  1958.23  89.7931  7.072  0.37  41.8  49  4.284  92.3999
98.633  77.1544  2002.65  89.8839  4.06  0.36  41.8  49  4.284  92.3999
98.681  77.1544  1923.42  94.7205  158.289  0.38  41.8  49  4.284  92.3999
98.73  77.2832  1987.82  89.9784  0.749  0.36  41.8  49  4.284  92.3999
98.779  77.2832  2011.14  89.7632  8.311  0.36  41.8  49  4.284  92.3999
98.828  77.2832  1915.22  94.9632  165.697  0.38  41.8  49  4.284  92.3999
98.876  77.412  1976.52  89.8672  4.58  0.37  44  49  4.284  92.3999
98.925  77.412  1928.58  95.0994  171.419  0.38  44  49  4.284  92.3999
98.974  77.412  1895.5  96.3613  210.018  0.38  44  49  4.284  92.3999
99.023  77.412  1977.75  89.0248  33.66  0.37  44  49  4.284  92.3999
99.071  77.5408  1927.29  94.5518  152.952  0.38  44  49  4.284  92.3999
99.12  77.5408  1892.54  95.081  167.613  0.38  44  49  4.284  92.3999
99.169  77.5408  2017.84  89.7671  8.204  0.36  44  49  4.284  92.3999
99.218  77.6696  1923.53  96.0161  201.601  0.38  42.2  49  4.284  92.3999
99.266  77.6696  1879.63  94.0808  133.761  0.39  42.2  49  4.284  92.3999
99.315  77.6696  1927.13  94.8194  161.908  0.38  42.2  49  4.284  92.3999
99.364  77.7984  1973.69  89.8995  3.463  0.37  42.2  49  4.284  92.3999
99.413  77.7984  1959.79  88.8623  38.913  0.37  42.2  49  4.284  92.3999
99.462  77.7984  2009.19  89.5988  14.07  0.36  42.2  49  4.284  92.3999
99.511  77.9272  1876.3  94.8753  159.46  0.39  42.7  49  4.284  92.3999
99.559  77.9272  1974.74  89.042  33.017  0.37  42.7  49  4.284  92.3999
99.608  77.9272  2018.04  89.7839  7.61  0.36  42.7  49  4.284  92.3999
99.657  78.056  1965.66  89.7536  8.454  0.37  42.7  49  4.284  92.3999
99.706  78.056  2021.7  89.6696  11.658  0.36  42.7  49  4.284  92.3999
99.755  78.056  1921.3  96.2201  208.17  0.38  42.7  49  4.284  92.3999
99.803  78.056  1874.5  93.9749  129.94  0.39  44.8  49  4.284  92.3999
99.852  78.1848  1937.72  94.7053  158.954  0.37  44.8  49  4.284  92.3999
99.901  78.1848  1961.33  89.9265  2.518  0.37  44.8  49  4.284  92.3999
99.949  78.1848  1898.83  93.9509  130.833  0.38  44.8  49  4.284  92.3999
99.999  78.3136  1940.2  94.567  154.487  0.37  44.8  49  4.284  92.3999
100.047  78.3136  1994.94  90.0347  1.207  0.36  44.8  49  4.284  92.3999
100.096  78.3136  2020.01  89.9654  1.221  0.36  44.4  49  4.284  92.3999
100.145  78.4424  1933.04  96.0113  202.438  0.38  44.4  49  4.284  92.3999
100.194  78.4424  1878.68  95.3542  175.305  0.39  44.4  49  4.284  92.3999
100.242  78.4424  2007.73  89.8961  3.642  0.36  44.4  49  4.284  92.3999
100.291  78.5712  1909.55  96.0464  201.14  0.38  44.4  49  4.284  92.3999
100.34  78.5712  1989.32  89.9707  1.017  0.36  44.4  49  4.284  92.3999
100.389  78.5712  1950.46  94.9672  168.882  0.37  42.4  49  4.284  92.3999
100.437  78.5712  1974.1  89.935  2.238  0.37  42.4  49  4.284  92.3999
100.486  78.7  1964.92  89.0223  33.529  0.37  42.4  49  4.284  92.3999
100.535  78.7  2018.31  89.6666  11.746  0.36  42.4  49  4.284  92.3999
100.584  78.7  1801.19  90.0038  0.121  0.4  42.4  49  4.284  92.3999
100.633  78.8288  1985.33  89.935  2.253  0.36  42.4  49  4.284  92.3999
100.681  78.8288  1931.7  96.0669  204.161  0.38  44.3  49  4.284  92.3999
100.73  78.8288  1959.04  89.8636  4.662  0.37  44.3  49  4.284  92.3999
100.779  78.9576  2002.65  89.8839  4.06  0.36  44.3  49  4.284  92.3999
100.828  78.9576  1907.22  94.6314  153.999  0.38  44.3  49  4.284  92.3999
100.876  78.9576  1876.1  95.1358  167.942  0.39  44.3  49  4.284  92.3999
100.925  79.0865  1927.62  94.9127  165.076  0.38  44.3  49  4.284  92.3999
100.974  79.0865  1899.71  94.6792  154.973  0.38  42.1  49  4.284  92.3999
101.023  79.0865  1950.8  89.0283  33.084  0.37  42.1  49  4.284  92.3999
101.071  79.2153  2004.53  89.6234  13.174  0.36  42.1  49  4.284  92.3999
101.12  79.2153  1890.7  95.0199  165.44  0.38  42.1  49  4.284  92.3999
101.169  79.2153  2020.96  90.037  1.306  0.36  42.1  49  4.284  92.3999
101.218  79.2153  2003.13  89.7843  7.542  0.36  42.1  49  4.284  92.3999
101.266  79.3441  1864.7  95.2531  170.723  0.39  45.3  49  4.284  92.3999
101.315  79.3441  2009.58  89.7713  8.02  0.36  45.3  49  4.284  92.3999
101.364  79.3441  1911.49  96.1309  204.146  0.38  45.3  49  4.284  92.3999
101.413  79.4729  1956.05  89.0734  31.633  0.37  45.3  49  4.284  92.3999
101.462  79.4729  1924.43  95.2206  175.104  0.38  45.3  49  4.284  92.3999
101.511  79.4729  1893.44  94.9556  163.563  0.38  45.3  49  4.284  92.3999
101.559  79.6017  2022.51  90.0292  1.032  0.36  44.6  49  4.284  92.3999
101.608  79.6017  2012.56  89.4649  18.794  0.36  44.6  49  4.284  92.3999
101.657  79.6017  1986.55  90.0024  0.084  0.36  44.6  49  4.284  92.3999
101.706  79.7305  1971.31  89.0235  33.594  0.37  44.6  49  4.284  92.3999
101.754  79.7305  1920.9  94.5444  152.195  0.38  44.6  49  4.284  92.3999
101.803  79.7305  1894.26  95.1177  168.973  0.38  44.6  49  4.284  92.3999
101.852  79.7305  2008.87  89.8518  5.194  0.36  44.6  49  4.284  92.3999
101.901  79.8593  1914.54  96.114  203.91  0.38  41.6  49  4.284  92.3999
101.949  79.8593  1874.5  93.9749  129.94  0.39  41.6  49  4.284  92.3999
101.998  79.8593  1927.62  94.9127  165.076  0.38  41.6  49  4.284  92.3999
102.047  79.9881  1968.79  89.8875  3.867  0.37  41.6  49  4.284  92.3999
102.096  79.9881  1977.75  89.0248  33.66  0.37  41.6  49  4.284  92.3999
102.145  79.9881  1919.62  94.6005  153.967  0.38  41.6  49  4.284  92.3999
102.193  80.1169  1974.82  89.9507  1.698  0.37  43.8  49  4.284  92.3999
102.242  80.1169  1969.12  88.8456  39.672  0.37  43.8  49  4.284  92.3999
102.291  80.1169  1898.62  95.0655  167.638  0.38  43.8  49  4.284  92.3999
102.34  80.2457  1872.39  95.299  172.921  0.39  43.8  49  4.284  92.3999
102.389  80.2457  2000.12  88.8578  39.869  0.36  43.8  49  4.284  92.3999
102.437  80.2457  1896.66  94.9829  164.741  0.38  43.8  49  4.284  92.3999
102.486  80.3745  1858.65  94.0835  132.354  0.39  44.2  49  4.284  92.3999
102.535  80.3745  2016.13  89.4845  18.138  0.36  44.2  49  4.284  92.3999
102.584  80.3745  1877.44  95.1024  166.971  0.39  44.2  49  4.284  92.3999
102.632  80.3745  2001.22  90.0229  0.8  0.36  44.2  49  4.284  92.3999
102.681  80.5033  2002.97  89.6316  12.877  0.36  44.2  49  4.284  92.3999
102.73  80.5033  1873.91  90.0224  0.734  0.39  44.2  49  4.284  92.3999
102.779  80.5033  1896.78  95.0075  165.563  0.38  42  49  4.284  92.3999
102.827  80.6321  1906.69  94.8253  160.388  0.38  42  49  4.284  92.3999
102.876  80.6321  1794.14  90.0599  1.876  0.4  42  49  4.284  92.3999
102.925  80.6321  2028.7  89.998  0.07  0.36  42  49  4.284  92.3999
102.974  80.7609  1907.64  95.0099  166.591  0.38  42  49  4.284  92.3999
103.022  80.7609  1987.82  89.9784  0.749  0.36  42  49  4.284  92.3999
103.071  80.7609  2017.61  89.7476  8.89  0.36  43.3  49  4.284  92.3999
103.12  80.8897  1856.39  95.3722  173.807  0.39  43.3  49  4.284  92.3999
103.169  80.8897  1971.5  88.9081  37.57  0.37  43.3  49  4.284  92.3999
103.217  80.8897  2008.75  89.5625  15.338  0.36  43.3  49  4.284  92.3999
103.266  80.8897  1873.91  90.0224  0.734  0.39  43.3  49  4.284  92.3999
103.315  81.0185  1999.13  89.8637  4.755  0.36  43.3  49  4.284  92.3999
103.364  81.0185  1908.03  96.0549  201.262  0.38  43.9  49  4.284  92.3999
103.412  81.0185  1934.43  89.8825  3.967  0.37  43.9  49  4.284  92.3999
103.461  81.1473  2006.46  89.7875  7.441  0.36  43.9  49  4.284  92.3999
103.51  81.1473  1892.88  95.1481  169.851  0.38  43.9  49  4.284  92.3999
103.559  81.1473  1857.51  95.2975  171.499  0.39  43.9  49  4.284  92.3999
103.608  81.2761  2003.55  89.8204  6.281  0.36  43.9  49  4.284  92.3999
103.657  81.2761  1887.05  94.9013  161.228  0.38  43  49  4.284  92.3999
103.705  81.2761  1985.33  89.935  2.253  0.36  43  49  4.284  92.3999
103.754  81.4049  1924.16  94.8601  163.02  0.38  43  49  4.284  92.3999
103.803  81.4049  1791.18  90.0216  0.676  0.4  43  49  4.284  92.3999
103.852  81.4049  1850.21  90.0182  0.587  0.39  43  49  4.284  92.3999
103.9  81.5338  1925.7  94.8506  162.832  0.38  43  49  4.284  92.3999
103.949  81.5338  1871.35  93.9497  128.9  0.39  43.2  49  4.284  92.3999
103.998  81.5338  2008.87  89.8518  5.194  0.36  43.2  49  4.284  92.3999
104.047  81.5338  1893.8  96.3234  208.585  0.38  43.2  49  4.284  92.3999
104.095  81.6626  1884.03  94.0511  133.098  0.38  43.2  49  4.284  92.3999
104.144  81.6626  1934.76  94.4561  150.322  0.38  43.2  49  4.284  92.3999
104.193  81.6626  1874.29  95.0751  165.804  0.39  43.2  49  4.284  92.3999
104.242  81.7914  2006.83  89.9564  1.527  0.36  43.2  49  4.284  92.3999
104.29  81.7914  1910.19  94.8988  163.123  0.38  43  49  4.284  92.3999
104.339  81.7914  1966.88  89.8599  4.811  0.37  43  49  4.284  92.3999
104.388  81.9202  2035.42  90.0027  0.095  0.36  43  49  4.284  92.3999
104.437  81.9202  1919.55  96.1818  206.706  0.38  43  49  4.284  92.3999
104.486  81.9202  1868.46  93.9696  129.348  0.39  43  49  4.284  92.3999
104.534  82.049  1937.16  94.9024  165.547  0.37  43  49  4.284  92.3999
104.583  82.049  1905  96.0719  201.503  0.38  43.4  49  4.284  92.3999
104.632  82.049  1954.58  89.0818  31.321  0.37  43.4  49  4.284  92.3999
104.681  82.049  2021.19  89.7677  8.196  0.36  43.4  49  4.284  92.3999
104.729  82.1778  1877.52  94.8206  157.779  0.39  43.4  49  4.284  92.3999
104.778  82.1778  2014.34  90.0323  1.135  0.36  43.4  49  4.284  92.3999
104.827  82.1778  1925.94  94.8972  164.413  0.38  43.4  49  4.284  92.3999
104.876  82.3066  1792.59  90.0142  0.443  0.4  43.6  49  4.284  92.3999
104.924  82.3066  1832.15  90.0391  1.25  0.39  43.6  49  4.284  92.3999
104.973  82.3066  1891.01  94.7819  157.64  0.38  43.6  49  4.284  92.3999
105.022  82.4354  1864.48  95.2079  169.239  0.39  43.6  49  4.284  92.3999
105.071  82.4354  1920.32  90.0236  0.789  0.38  43.6  49  4.284  92.3999
105.12  82.4354  1885.76  96.2267  204.534  0.39  43.6  49  4.284  92.3999
105.168  82.5642  1924.8  89.1789  27.584  0.38  43.9  49  4.284  92.3999
105.217  82.5642  1967.57  89.7811  7.517  0.37  43.9  49  4.284  92.3999
105.266  82.5642  1851.46  95.2639  169.861  0.39  43.9  49  4.284  92.3999
105.315  82.5642  1930.32  89.2585  24.981  0.37  43.9  49  4.284  92.3999
105.363  82.693  1956.88  89.9497  1.718  0.37  43.9  49  4.284  92.3999
105.412  82.693  1818.03  95.4964  174.137  0.4  43.9  49  4.284  92.3999
105.461  82.693  1993.81  89.9476  1.825  0.36  45.4  49  4.284  92.3999
105.51  82.8218  1874.07  95.0298  164.306  0.39  45.4  49  4.284  92.3999
105.559  82.8218  1825.43  94.4023  140.118  0.4  45.4  49  4.284  92.3999
105.607  82.8218  1879.93  95.2998  173.642  0.39  45.4  49  4.284  92.3999
105.656  82.9506  1843.51  95.1294  164.82  0.39  45.4  49  4.284  92.3999
105.705  82.9506  1849.42  94.2854  138.197  0.39  45.4  49  4.284  92.3999
105.753  82.9506  1997.37  89.8524  5.145  0.36  43.8  49  4.284  92.3999
105.802  83.0794  1849.5  94.0289  129.945  0.39  43.8  49  4.284  92.3999
105.851  83.0794  1867.02  93.9795  129.57  0.39  43.8  49  4.284  92.3999
105.9  83.0794  1979.04  89.9472  1.824  0.37  43.8  49  4.284  92.3999
105.948  83.0794  1943.93  89.9061  3.186  0.37  43.8  49  4.284  92.3999
105.997  83.2082  1972.37  88.9793  35.135  0.37  43.8  49  4.284  92.3999
106.046  83.2082  1911.71  94.8894  162.939  0.38  43.7  49  4.284  92.3999
106.095  83.2082  1873.41  95.1993  169.768  0.39  43.7  49  4.284  92.3999
106.144  83.337  1947.55  95.0335  170.872  0.37  43.7  49  4.284  92.3999
106.192  83.337  1901.15  94.955  164.208  0.38  43.7  49  4.284  92.3999
106.241  83.337  1826.08  89.9989  0.035  0.4  43.7  49  4.284  92.3999
106.29  83.4658  1930.08  94.7753  160.675  0.38  43.7  49  4.284  92.3999
106.339  83.4658  1814.29  90.0057  0.182  0.4  44.2  49  4.284  92.3999
106.388  83.4658  1899.77  94.989  165.212  0.38  44.2  49  4.284  92.3999
106.436  83.5946  1945.57  95.9419  201.404  0.37  44.2  49  4.284  92.3999
106.485  83.5946  1948.99  89.8049  6.635  0.37  44.2  49  4.284  92.3999
106.534  83.5946  2030.26  89.9902  0.348  0.36  44.2  49  4.284  92.3999
106.583  83.7234  1890.93  95.0657  166.965  0.38  44.2  49  4.284  92.3999
106.632  83.7234  1889.11  95.0079  164.907  0.38  44.2  49  4.284  92.3999
106.68  83.7234  1938.97  94.9398  166.962  0.37  43.2  49  4.284  92.3999
106.729  83.7234  1883.2  96.3348  207.79  0.39  43.2  49  4.284  92.3999
106.778  83.8522  2001.22  90.0229  0.8  0.36  43.2  49  4.284  92.3999
106.827  83.8522  1990.92  89.5809  14.562  0.36  43.2  49  4.284  92.3999
106.876  83.8522  1811.41  90.0209  0.66  0.4  43.2  49  4.284  92.3999
106.925  83.9811  2020.01  89.9654  1.221  0.36  43.2  49  4.284  92.3999
106.973  83.9811  1945.79  95.9892  203.024  0.37  42.4  49  4.284  92.3999
107.022  83.9811  1943.93  89.9061  3.186  0.37  42.4  49  4.284  92.3999
107.071  84.1099  2003.48  89.9561  1.537  0.36  42.4  49  4.284  92.3999
107.12  84.1099  1901.15  94.955  164.208  0.38  42.4  49  4.284  92.3999
107.169  84.1099  1874.64  95.1449  168.107  0.39  42.4  49  4.284  92.3999
107.218  84.2387  2011.76  89.8163  6.449  0.36  42.4  49  4.284  92.3999
107.266  84.2387  1879.36  95.1843  169.817  0.39  44.2  49  4.284  92.3999
107.315  84.2387  2001.22  90.0229  0.8  0.36  44.2  49  4.284  92.3999
107.364  84.3675  2007.79  89.76  8.41  0.36  44.2  49  4.284  92.3999
107.413  84.3675  1989.07  89.9518  1.673  0.36  44.2  49  4.284  92.3999
107.462  84.3675  1996.75  89.7997  6.98  0.36  44.2  49  4.284  92.3999
107.511  84.3675  1910.25  94.6122  153.604  0.38  44.2  49  4.284  92.3999
107.56  84.4963  1969.39  90.0162  0.556  0.37  42.3  49  4.284  92.3999
107.608  84.4963  2030.74  90.0262  0.928  0.36  42.3  49  4.284  92.3999
107.657  84.4963  1899.88  95.0103  165.926  0.38  42.3  49  4.284  92.3999
107.706  84.6251  1863.19  94.0989  133.179  0.39  42.3  49  4.284  92.3999
107.755  84.6251  2014.12  89.4566  19.103  0.36  42.3  49  4.284  92.3999
107.803  84.6251  1882.59  96.1974  203.234  0.39  42.3  49  4.284  92.3999
107.852  84.7539  1832.06  90.0037  0.117  0.39  43.3  49  4.284  92.3999
107.901  84.7539  1933.92  94.8963  165.067  0.38  43.3  49  4.284  92.3999
107.95  84.7539  1881.03  96.5343  214.058  0.39  43.3  49  4.284  92.3999
107.998  84.8827  1989.5  89.8755  4.323  0.36  43.3  49  4.284  92.3999
108.047  84.8827  1892.88  95.1481  169.851  0.38  43.3  49  4.284  92.3999
108.096  84.8827  1873.27  95.4806  178.913  0.39  43.3  49  4.284  92.3999
108.145  84.8827  2001.81  89.8117  6.58  0.36  43.5  49  4.284  92.3999
108.193  85.0115  1885.24  95.148  169.16  0.39  43.5  49  4.284  92.3999
108.242  85.0115  1869.48  95.3168  173.232  0.39  43.5  49  4.284  92.3999
108.291  85.0115  1996.8  89.6643  11.699  0.36  43.5  49  4.284  92.3999
108.34  85.1403  1992.52  89.9717  0.985  0.36  43.5  49  4.284  92.3999
108.388  85.1403  1885.49  94.0411  132.876  0.38  43.5  49  4.284  92.3999
108.437  85.1403  1910.43  94.945  164.679  0.38  44.8  49  4.284  92.3999
108.486  85.2691  1981.63  89.9902  0.338  0.37  44.8  49  4.284  92.3999
108.535  85.2691  2015.4  89.9888  0.394  0.36  44.8  49  4.284  92.3999
108.583  85.2691  1912.5  94.7412  158.077  0.38  44.8  49  4.284  92.3999
108.632  85.3979  1870.36  95.4981  179.206  0.39  44.8  49  4.284  92.3999
108.681  85.3979  1845.62  90.0056  0.18  0.39  44.8  49  4.284  92.3999
108.73  85.3979  1889.91  95.1664  170.183  0.38  44.1  49  4.284  92.3999
108.778  85.3979  1805.62  90.0348  1.097  0.4  44.1  49  4.284  92.3999
108.827  85.5267  1941.51  95.1183  173.205  0.37  44.1  49  4.284  92.3999
108.876  85.5267  1878.97  96.405  209.611  0.39  44.1  49  4.284  92.3999
108.925  85.5267  1829.2  90.0543  1.735  0.4  44.1  49  4.284  92.3999
108.974  85.6555  1926.25  94.6547  156.316  0.38  44.1  49  4.284  92.3999
109.022  85.6555  1868.69  95.4616  177.858  0.39  43.8  49  4.284  92.3999
109.071  85.6555  2001.1  89.8918  3.779  0.36  43.8  49  4.284  92.3999
109.12  85.7843  1919.13  96.0885  203.55  0.38  43.8  49  4.284  92.3999
109.169  85.7843  1880.37  95.3909  176.661  0.39  43.8  49  4.284  92.3999
109.218  85.7843  1920.65  95.0994  170.713  0.38  43.8  49  4.284  92.3999
109.266  85.9131  1906.85  96.4893  215.508  0.38  43.8  49  4.284  92.3999
109.315  85.9131  1879.25  95.1631  169.118  0.39  43.8  49  4.284  92.3999
109.364  85.9131  1992.45  89.5727  14.858  0.36  43  49  4.284  92.3999
109.412  86.0419  1868.25  95.0662  164.98  0.39  43  49  4.284  92.3999
109.461  86.0419  1820.33  90.0646  2.051  0.4  43  49  4.284  92.3999
109.51  86.0419  1919.08  94.7957  160.44  0.38  43  49  4.284  92.3999
109.559  86.0419  1942.87  89.9488  1.737  0.37  43  49  4.284  92.3999
109.608  86.1707  1985.3  88.9816  35.287  0.36  43  49  4.284  92.3999
109.657  86.1707  1903.7  96.1266  203.174  0.38  44.8  49  4.284  92.3999
109.706  86.1707  1876.99  95.3176  173.955  0.39  44.8  49  4.284  92.3999
109.754  86.2996  2020.99  89.7508  8.791  0.36  44.8  49  4.284  92.3999
109.803  86.2996  1919.97  96.2753  209.863  0.38  44.8  49  4.284  92.3999
109.852  86.2996  1860.33  94.1185  133.608  0.39  44.8  49  4.284  92.3999
109.901  86.4284  1918.3  95.2573  175.771  0.38  44.8  49  4.284  92.3999
109.95  86.4284  1889.12  96.3021  207.37  0.39  43.1  49  4.284  92.3999
109.998  86.4284  2010.81  90.0121  0.425  0.36  43.1  49  4.284  92.3999
110.047  86.5572  2008.92  89.7157  9.969  0.36  43.1  49  4.284  92.3999
110.096  86.5572  1859.81  95.4689  177.251  0.39  43.1  49  4.284  92.3999
110.145  86.5572  2015.4  89.9888  0.394  0.36  43.1  49  4.284  92.3999
110.193  86.5572  1915.64  96.0123  200.648  0.38  43.1  49  4.284  92.3999
110.242  86.686  1956.75  89.8009  6.798  0.37  42.7  49  4.284  92.3999
110.291  86.686  1910.08  94.8774  162.401  0.38  42.7  49  4.284  92.3999
110.34  86.686  1888.76  94.9377  162.57  0.38  42.7  49  4.284  92.3999
110.388  86.8148  1824.62  90.0065  0.208  0.4  42.7  49  4.284  92.3999
110.437  86.8148  2017.7  89.4762  18.447  0.36  42.7  49  4.284  92.3999
110.486  86.8148  1871.92  94.903  159.992  0.39  42.7  49  4.284  92.3999
110.535  86.9436  1830.58  90.0113  0.362  0.4  43.4  49  4.284  92.3999
110.584  86.9436  1918.59  94.7029  157.302  0.38  43.4  49  4.284  92.3999
110.632  86.9436  1947.92  89.8478  5.173  0.37  43.4  49  4.284  92.3999
110.681  87.0724  1981.39  88.9273  37.094  0.37  43.4  49  4.284  92.3999
110.73  87.0724  1880.69  94.8474  158.922  0.39  43.4  49  4.284  92.3999
110.779  87.0724  1882.64  95.2362  171.813  0.39  43.4  49  4.284  92.3999
110.828  87.2012  1921.71  94.997  167.387  0.38  43  49  4.284  92.3999
110.877  87.2012  1891.16  95.1115  168.491  0.38  43  49  4.284  92.3999
110.925  87.2012  1883.77  94.0057  131.592  0.38  43  49  4.284  92.3999
110.974  87.2012  2009.35  89.7519  8.7  0.36  43  49  4.284  92.3999
111.023  87.33  1879.13  95.1388  168.31  0.39  43  49  4.284  92.3999
111.072  87.33  2013.4  89.9609  1.375  0.36  43  49  4.284  92.3999
111.12  87.33  1923.11  94.9626  166.361  0.38  42.3  49  4.284  92.3999
111.169  87.4588  1944.6  89.8283  5.826  0.37  42.3  49  4.284  92.3999
111.218  87.4588  1982.99  89.8714  4.452  0.36  42.3  49  4.284  92.3999
111.267  87.4588  1908.03  96.0549  201.262  0.38  42.3  49  4.284  92.3999
111.316  87.5876  1963.76  89.7261  9.387  0.37  42.3  49  4.284  92.3999
111.364  87.5876  1947.79  95.0806  172.491  0.37  42.3  49  4.284  92.3999
111.413  87.5876  1887.05  94.9013  161.228  0.38  43.2  49  4.284  92.3999
111.462  87.7164  1789.82  90.0476  1.488  0.4  43.2  49  4.284  92.3999
111.511  87.7164  2006.33  89.4984  17.566  0.36  43.2  49  4.284  92.3999
111.559  87.7164  1988.49  90.03  1.041  0.36  43.2  49  4.284  92.3999
111.608  87.7164  1975.83  89.9463  1.852  0.37  43.2  49  4.284  92.3999
111.657  87.8452  1924.65  94.9532  166.179  0.38  43.2  49  4.284  92.3999
111.706  87.8452  1865.58  95.4339  176.664  0.39  43.2  49  4.284  92.3999
111.754  87.8452  2003.79  89.972  0.981  0.36  44.1  49  4.284  92.3999
111.803  87.974  1911.95  94.9356  164.498  0.38  44.1  49  4.284  92.3999
111.852  87.974  1953.4  89.7814  7.452  0.37  44.1  49  4.284  92.3999
111.901  87.974  2000.14  89.5315  16.353  0.36  44.1  49  4.284  92.3999
111.95  88.1028  1876.65  95.2478  171.645  0.39  44.1  49  4.284  92.3999
111.999  88.1028  1873.18  95.1539  168.27  0.39  44.1  49  4.284  92.3999
112.048  88.1028  1925.21  94.7574  159.672  0.38  42.9  49  4.284  92.3999
112.097  88.2316  1877.52  94.8206  157.779  0.39  42.9  49  4.284  92.3999
112.145  88.2316  1970.5  89.8987  3.485  0.37  42.9  49  4.284  92.3999
112.194  88.2316  1921.99  96.0247  201.726  0.38  42.9  49  4.284  92.3999
112.243  88.3604  1864.56  95.5331  179.782  0.39  42.9  49  4.284  92.3999
112.292  88.3604  2020.01  89.9654  1.221  0.36  42.9  49  4.284  92.3999
112.34  88.3604  1916.9  96.292  210.083  0.38  44.2  49  4.284  92.3999
112.389  88.3604  1867.02  93.9795  129.57  0.39  44.2  49  4.284  92.3999
112.438  88.4892  2008.32  89.5263  16.605  0.36  44.2  49  4.284  92.3999
112.487  88.4892  1884.67  96.3267  207.685  0.39  44.2  49  4.284  92.3999
112.535  88.4892  1897.02  95.0534  167.098  0.38  44.2  49  4.284  92.3999
112.584  88.618  2008.49  89.6795  11.237  0.36  44.2  49  4.284  92.3999
112.633  88.618  1867.57  94.9306  160.517  0.39  43  49  4.284  92.3999
112.682  88.618  1909.16  95.3121  176.751  0.38  43  49  4.284  92.3999
112.73  88.7469  1923.96  94.5249  151.784  0.38  43  49  4.284  92.3999
112.779  88.7469  1965.25  89.7182  9.667  0.37  43  49  4.284  92.3999
112.828  88.7469  2011.27  89.9163  2.937  0.36  43  49  4.284  92.3999
112.877  88.8757  1911.06  96.0379  201.018  0.38  43  49  4.284  92.3999
112.925  88.8757  1863.7  95.3523  173.845  0.39  41.9  49  4.284  92.3999
112.974  88.8757  1926.8  95.062  170.01  0.38  41.9  49  4.284  92.3999
113.023  89.0045  1889.12  96.3021  207.37  0.39  41.9  49  4.284  92.3999
113.072  89.0045  1983.36  90.0014  0.049  0.36  41.9  49  4.284  92.3999
113.12  89.0045  2001.58  89.7923  7.255  0.36  41.9  49  4.284  92.3999
113.169  89.0045  1804.14  90.0236  0.745  0.4  41.9  49  4.284  92.3999
113.218  89.1333  1847.11  89.9979  0.069  0.39  43.6  49  4.284  92.3999
113.267  89.1333  1920.9  94.5444  152.195  0.38  43.6  49  4.284  92.3999
113.315  89.1333  1959.31  89.9573  1.461  0.37  43.6  49  4.284  92.3999
113.364  89.2621  1909.98  95.1641  171.915  0.38  43.6  49  4.284  92.3999
113.413  89.2621  1911.49  96.1309  204.146  0.38  43.6  49  4.284  92.3999
113.462  89.2621  1890.83  95.0444  166.258  0.38  43.6  49  4.284  92.3999
113.51  89.3909  2008.75  89.5625  15.338  0.36  42.8  49  4.284  92.3999
113.559  89.3909  1883.31  95.0659  166.298  0.39  42.8  49  4.284  92.3999
113.608  89.3909  1884.54  90.0231  0.759  0.38  42.8  49  4.284  92.3999
113.657  89.5197  2006.23  89.7681  8.12  0.36  42.8  49  4.284  92.3999
113.705  89.5197  1953.53  89.9299  2.388  0.37  42.8  49  4.284  92.3999
113.754  89.5197  1970.68  89.1033  30.842  0.37  42.8  49  4.284  92.3999
113.803  89.6485  1978.63  89.9115  3.055  0.37  43.6  49  4.284  92.3999
113.852  89.6485  1873.15  94.8485  158.32  0.39  43.6  49  4.284  92.3999
113.9  89.6485  2019.55  89.9127  3.078  0.36  43.6  49  4.284  92.3999
113.949  89.6485  1890.7  95.0199  165.44  0.38  43.6  49  4.284  92.3999
113.998  89.7773  1876.71  94.1006  134.199  0.39  43.6  49  4.284  92.3999
114.047  89.7773  2007.2  89.5708  15.036  0.36  43.6  49  4.284  92.3999
114.096  89.7773  1877.76  94.866  159.282  0.39  43.5  49  4.284  92.3999
114.145  89.9061  2006.24  90.0353  1.235  0.36  43.5  49  4.284  92.3999
114.194  89.9061  1935.02  94.5028  151.916  0.38  43.5  49  4.284  92.3999
114.242  89.9061  1947.65  89.9608  1.333  0.37  43.5  49  4.284  92.3999
114.291  90.0349  1925.34  94.7824  160.518  0.38  43.5  49  4.284  92.3999
114.34  90.0349  1996.24  89.8964  3.611  0.36  43.5  49  4.284  92.3999
114.389  90.0349  1961.73  89.9618  1.309  0.37  43.5  49  4.284  92.3999
114.437  90.1637  1986.44  89.8913  3.768  0.36  43.6  49  4.284  92.3999
114.486  90.1637  1909.97  96.1393  204.263  0.38  43.6  49  4.284  92.3999
114.535  90.1637  1956.24  88.9589  35.545  0.37  43.6  49  4.284  92.3999
114.584  90.1637  2018.75  89.703  10.465  0.36  43.6  49  4.284  92.3999
114.633  90.2925  1893.67  95.0014  165.092  0.38  43.6  49  4.284  92.3999
114.681  90.2925  1868.46  93.9696  129.348  0.39  43.6  49  4.284  92.3999
114.73  90.2925  1994.84  89.6365  12.657  0.36  43.2  49  4.284  92.3999
114.779  90.4213  1876.43  95.2023  170.142  0.39  43.2  49  4.284  92.3999
114.828  90.4213  1992.98  89.8955  3.634  0.36  43.2  49  4.284  92.3999
114.876  90.4213  1917.17  96.0037  200.523  0.38  43.2  49  4.284  92.3999
114.925  90.5501  1868.04  95.3257  173.386  0.39  43.2  49  4.284  92.3999
114.974  90.5501  1911.6  94.8679  162.216  0.38  43.2  49  4.284  92.3999
115.023  90.5501  1890.7  95.0199  165.44  0.38  43.3  49  4.284  92.3999
115.071  90.6789  1886.61  95.1177  168.289  0.38  43.3  49  4.284  92.3999
115.12  90.6789  2017.26  89.4397  19.725  0.36  43.3  49  4.284  92.3999
115.169  90.6789  1981.63  89.9902  0.338  0.37  43.3  49  4.284  92.3999
115.218  90.6789  1826.08  89.9989  0.035  0.4  43.3  49  4.284  92.3999
115.266  90.8077  2010.75  89.5905  14.371  0.36  43.3  49  4.284  92.3999
115.315  90.8077  1975.89  89.8126  6.464  0.37  45.7  49  4.284  92.3999
115.364  90.8077  1914.63  94.849  161.845  0.38  45.7  49  4.284  92.3999
115.413  90.9365  1901.38  95.001  165.75  0.38  45.7  49  4.284  92.3999
115.461  90.9365  1878.9  95.3998  176.813  0.39  45.7  49  4.284  92.3999
115.51  90.9365  1937.65  94.9962  168.749  0.37  45.7  49  4.284  92.3999
115.559  91.0653  1917.38  96.0503  202.097  0.38  45.7  49  4.284  92.3999
115.608  91.0653  1991.27  89.9983  0.059  0.36  42.9  49  4.284  92.3999
115.656  91.0653  2017.44  89.5937  14.305  0.36  42.9  49  4.284  92.3999
115.705  91.1942  1881.38  94.9839  163.447  0.39  42.9  49  4.284  92.3999
115.754  91.1942  1988.38  89.9192  2.803  0.36  42.9  49  4.284  92.3999
115.803  91.1942  1988.44  89.7846  7.476  0.36  42.9  49  4.284  92.3999
115.851  91.323  1799.77  90.0114  0.357  0.4  42.9  49  4.284  92.3999
115.9  91.323  2002.65  89.8839  4.06  0.36  43.4  49  4.284  92.3999
115.949  91.323  1906.37  95.0654  168.318  0.38  43.4  49  4.284  92.3999
115.997  91.323  1890.71  95.3283  175.577  0.38  43.4  49  4.284  92.3999
116.046  91.4518  1923  94.941  165.629  0.38  43.4  49  4.284  92.3999
116.095  91.4518  1898.09  96.2525  206.722  0.38  43.4  49  4.284  92.3999
116.144  91.4518  1947.06  89.2377  25.904  0.37  43.4  49  4.284  92.3999
116.193  91.5806  2012.47  89.7357  9.285  0.36  42.4  49  4.284  92.3999
116.241  91.5806  1882.07  95.1206  167.978  0.39  42.4  49  4.284  92.3999
116.29  91.5806  1997.87  89.7556  8.52  0.36  42.4  49  4.284  92.3999
116.339  91.7094  2014.56  89.4929  17.829  0.36  42.4  49  4.284  92.3999
116.388  91.7094  1997.03  89.9485  1.795  0.36  42.4  49  4.284  92.3999
116.436  91.7094  2013.56  89.8277  6.055  0.36  42.4  49  4.284  92.3999
116.485  91.8382  1930.14  96.0755  204.284  0.38  43.6  49  4.284  92.3999
116.534  91.8382  1870.72  95.2626  171.583  0.39  43.6  49  4.284  92.3999
116.583  91.8382  2010.43  89.8438  5.48  0.36  43.6  49  4.284  92.3999
116.631  91.8382  1886.49  95.0932  167.475  0.39  43.6  49  4.284  92.3999
116.68  91.967  1821.79  90.057  1.812  0.4  43.6  49  4.284  92.3999
116.729  91.967  2016.47  89.7921  7.318  0.36  43.6  49  4.284  92.3999
116.778  91.967  1891.95  94.9649  163.74  0.38  43.6  49  4.284  92.3999
116.827  92.0958  1985.33  89.935  2.253  0.36  44.2  49  4.284  92.3999
116.875  92.0958  1923.18  94.674  156.713  0.38  44.2  49  4.284  92.3999
116.924  92.0958  1987.58  89.9595  1.404  0.36  44.2  49  4.284  92.3999
116.973  92.2246  1917.92  94.8764  163.038  0.38  44.2  49  4.284  92.3999
117.022  92.2246  1904.15  94.9363  163.85  0.38  44.2  49  4.284  92.3999
117.071  92.2246  1874.87  95.1903  169.606  0.39  44.2  49  4.284  92.3999
117.12  92.3534  1928.1  95.006  168.246  0.38  43.9  49  4.284  92.3999
117.168  92.3534  1912.8  96.0759  202.462  0.38  43.9  49  4.284  92.3999
117.217  92.3534  1827.64  90.0266  0.849  0.4  43.9  49  4.284  92.3999
117.266  92.4822  2004.68  89.7762  7.83  0.36  43.9  49  4.284  92.3999
117.315  92.4822  1873.06  95.1296  167.468  0.39  43.9  49  4.284  92.3999
117.363  92.4822  1984.92  89.8992  3.492  0.36  43.9  49  4.284  92.3999
117.412  92.4822  1919.62  94.6005  153.967  0.38  43.1  49  4.284  92.3999
117.461  92.611  1862.9  95.4966  178.441  0.39  43.1  49  4.284  92.3999
117.51  92.611  2043.76  89.9995  0.019  0.35  43.1  49  4.284  92.3999
117.558  92.611  1888.76  94.9377  162.57  0.38  43.1  49  4.284  92.3999
117.607  92.7398  1867.82  95.2804  171.896  0.39  43.1  49  4.284  92.3999
117.656  92.7398  1932.15  95.1743  174.252  0.38  43.1  49  4.284  92.3999
117.705  92.7398  1906.93  96.1561  204.496  0.38  42.7  49  4.284  92.3999
117.754  92.8686  1948.91  89.0016  33.96  0.37  42.7  49  4.284  92.3999
117.802  92.8686  2013.87  89.5739  14.975  0.36  42.7  49  4.284  92.3999
117.851  92.8686  1884.56  95.0111  164.613  0.39  42.7  49  4.284  92.3999
117.9  92.9974  1913.11  94.8585  162.031  0.38  42.7  49  4.284  92.3999
117.949  92.9974  1930.37  94.5323  152.54  0.38  42.7  49  4.284  92.3999
117.998  92.9974  1871.6  95.444  177.563  0.39  42.7  49  4.284  92.3999
118.047  92.9974  2004.48  89.7594  8.416  0.36  42.7  49  4.284  92.3999
118.096  93.1262  1920.45  96.0333  201.85  0.38  42.7  49  4.284  92.3999
118.145  93.1262  1971.23  89.6862  10.795  0.37  42.7  49  4.284  92.3999
118.193  93.1262  1925.34  94.7824  160.518  0.38  42.7  49  4.284  92.3999
118.242  93.255  1983.12  89.9826  0.603  0.36  42.7  49  4.284  92.3999
118.291  93.255  1961.09  88.9685  35.303  0.37  43.9  49  4.284  92.3999
118.34  93.255  2015.87  89.602  14.002  0.36  43.9  49  4.284  92.3999
118.389  93.3838  1897.68  96.1602  203.637  0.38  43.9  49  4.284  92.3999
118.438  93.3838  1982.01  88.8469  39.885  0.37  43.9  49  4.284  92.3999
118.486  93.3838  1927.68  96.2333  209.301  0.38  43.9  49  4.284  92.3999
118.535  93.5126  1862.47  95.4063  175.477  0.39  43.9  49  4.284  92.3999
118.584  93.5126  1992.98  89.8955  3.634  0.36  41.8  49  4.284  92.3999
118.632  93.5126  1901.85  95.0931  168.835  0.38  41.8  49  4.284  92.3999
118.681  93.6415  1866.07  94.0793  132.747  0.39  41.8  49  4.284  92.3999
118.73  93.6415  1911.27  95.1086  170.187  0.38  41.8  49  4.284  92.3999
118.779  93.6415  1887.97  95.084  167.306  0.38  41.8  49  4.284  92.3999
118.827  93.6415  1820.24  90.0294  0.933  0.4  41.8  49  4.284  92.3999
118.876  93.7703  1998.49  89.8084  6.684  0.36  40.1  49  4.284  92.3999
118.925  93.7703  1945.79  89.9334  2.261  0.37  40.1  49  4.284  92.3999
118.974  93.7703  2008.82  89.9842  0.553  0.36  40.1  49  4.284  92.3999
119.022  93.8991  1920.9  94.5444  152.195  0.38  40.1  49  4.284  92.3999
119.071  93.8991  1948.99  89.8049  6.635  0.37  40.1  49  4.284  92.3999
119.12  93.8991  2003.48  89.9561  1.537  0.36  40.1  49  4.284  92.3999
119.169  94.0279  1900.48  96.0972  201.86  0.38  40.1  49  4.284  92.3999
119.218  94.0279  1869.7  95.3621  174.724  0.39  39  49  4.284  92.3999
119.267  94.0279  1919.59  95.2016  174.032  0.38  39  49  4.284  92.3999
119.315  94.1567  1883.31  95.0659  166.298  0.39  39  49  4.284  92.3999
119.364  94.1567  1945.99  89.0185  33.332  0.37  39  49  4.284  92.3999
119.413  94.1567  2003.83  89.7039  10.355  0.36  39  49  4.284  92.3999
119.462  94.1567  1951.93  89.7893  7.179  0.37  39  49  4.284  92.3999
119.51  94.2855  2024.05  90.0215  0.758  0.36  36.3  49  4.284  92.3999
119.559  94.2855  1906.37  95.0654  168.318  0.38  36.3  49  4.284  92.3999
119.608  94.2855  1933.38  89.925  2.531  0.37  36.3  49  4.284  92.3999
119.657  94.4143  2003.48  89.9561  1.537  0.36  36.3  49  4.284  92.3999
119.705  94.4143  1895.4  95.038  166.449  0.38  36.3  49  4.284  92.3999
119.754  94.4143  1871.5  95.1176  166.939  0.39  36.3  49  4.284  92.3999
119.803  94.5431  2016.57  89.5209  16.861  0.36  36.8  49  4.284  92.3999
119.852  94.5431  1878.68  95.0478  165.298  0.39  36.8  49  4.284  92.3999
119.9  94.5431  1875.96  93.965  129.716  0.39  36.8  49  4.284  92.3999
119.949  94.6719  1925.75  94.5616  153.156  0.38  36.8  49  4.284  92.3999
119.998  94.6719  1960.92  89.8911  3.726  0.37  36.8  49  4.284  92.3999
120.047  94.6719  1986.85  89.9271  2.527  0.36  36.8  49  4.284  92.3999
120.096  94.8007  2011.62  89.9496  1.771  0.36  36.2  49  4.284  92.3999
120.145  94.8007  1865.93  95.1989  169.079  0.39  36.2  49  4.284  92.3999
120.194  94.8007  1996.88  89.9516  1.686  0.36  36.2  49  4.284  92.3999
120.242  94.8007  1900.12  95.0563  167.466  0.38  36.2  49  4.284  92.3999
120.291  94.9295  1879.12  93.9903  130.763  0.39  36.2  49  4.284  92.3999
120.34  94.9295  1998.6  89.5398  16.052  0.36  36.2  49  4.284  92.3999
120.389  94.9295  1881.72  96.343  207.893  0.39  36.5  49  4.284  92.3999
120.438  95.0583  1967.7  89.1203  30.211  0.37  36.5  49  4.284  92.3999
120.486  95.0583  1914.02  94.7316  157.884  0.38  36.5  49  4.284  92.3999
120.535  95.0583  1959.84  89.9342  2.25  0.37  36.5  49  4.284  92.3999
120.584  95.1871  1990.81  88.641  47.216  0.36  36.5  49  4.284  92.3999
120.632  95.1871  1914.74  94.8705  162.57  0.38  36.5  49  4.284  92.3999
120.681  95.1871  1870.57  95.5435  180.7  0.39  37.5  49  4.284  92.3999
120.73  95.3159  1936.91  94.8555  163.948  0.37  37.5  49  4.284  92.3999
120.779  95.3159  1882.3  95.1661  169.49  0.39  37.5  49  4.284  92.3999
120.827  95.3159  1935.66  89.1906  27.342  0.37  37.5  49  4.284  92.3999
120.876  95.3159  1924.78  94.9782  167.025  0.38  37.5  49  4.284  92.3999
120.925  95.4447  1881.61  95.0294  164.957  0.39  37.5  49  4.284  92.3999
120.974  95.4447  1957.95  89.1002  30.747  0.37  37.6  49  4.284  92.3999
121.023  95.4447  1994.99  89.7884  7.366  0.36  37.6  49  4.284  92.3999
121.072  95.5735  1987.58  89.9595  1.404  0.36  37.6  49  4.284  92.3999
121.12  95.5735  1990.32  89.9472  1.834  0.36  37.6  49  4.284  92.3999
121.169  95.5735  1914.5  94.8242  161.007  0.38  37.6  49  4.284  92.3999
121.218  95.7023  1867.15  95.1447  167.431  0.39  37.6  49  4.284  92.3999
121.267  95.7023  2003.36  89.8036  6.866  0.36  38.5  49  4.284  92.3999
121.316  95.7023  1892.19  95.0107  165.267  0.38  38.5  49  4.284  92.3999
121.365  95.8311  1859.14  94.1731  135.289  0.39  38.5  49  4.284  92.3999
121.413  95.8311  1924.19  95.1739  173.523  0.38  38.5  49  4.284  92.3999
121.462  95.8311  1884.86  94.7738  156.863  0.39  38.5  49  4.284  92.3999
121.511  95.8311  1976.52  89.8672  4.58  0.37  38.5  49  4.284  92.3999
121.56  95.9599  1920.85  94.8326  161.821  0.38  39.2  49  4.284  92.3999
121.608  95.9599  1943.54  89.8711  4.372  0.37  39.2  49  4.284  92.3999
121.657  95.9599  1988.78  89.0001  34.706  0.36  39.2  49  4.284  92.3999
121.706  96.0888  1912.8  96.0759  202.462  0.38  39.2  49  4.284  92.3999
121.755  96.0888  1862.04  95.316  172.515  0.39  39.2  49  4.284  92.3999
121.803  96.0888  1923.8  94.792  160.71  0.38  39.2  49  4.284  92.3999
121.852  96.2176  1903.91  96.1729  204.726  0.38  39.2  49  4.284  92.3999
121.901  96.2176  1942.27  89.2275  26.187  0.37  38.8  49  4.284  92.3999
121.95  96.2176  1928.58  95.0994  171.419  0.38  38.8  49  4.284  92.3999
121.998  96.3464  1887.97  95.084  167.306  0.38  38.8  49  4.284  92.3999
122.047  96.3464  1970.88  88.9879  34.811  0.37  38.8  49  4.284  92.3999
122.096  96.3464  1916.03  94.8147  160.819  0.38  38.8  49  4.284  92.3999
122.145  96.4752  1956.75  89.8009  6.798  0.37  38.8  49  4.284  92.3999
122.194  96.4752  1999.42  89.7476  8.809  0.36  37.5  49  4.284  92.3999
122.242  96.4752  1900.67  94.863  161.127  0.38  37.5  49  4.284  92.3999
122.291  96.4752  1866.37  95.2893  172.052  0.39  37.5  49  4.284  92.3999
122.34  96.604  2011.27  89.9163  2.937  0.36  37.5  49  4.284  92.3999
122.389  96.604  1895.95  94.8453  160.141  0.38  37.5  49  4.284  92.3999
122.437  96.604  1948.52  89.2294  26.205  0.37  37.5  49  4.284  92.3999
122.486  96.7328  2004.1  89.5873  14.436  0.36  40  49  4.284  92.3999
122.535  96.7328  1861.04  95.1115  165.807  0.39  40  49  4.284  92.3999
122.584  96.7328  1981.06  89.8436  5.409  0.37  40  49  4.284  92.3999
122.632  96.8616  2002.7  89.7482  8.803  0.36  40  49  4.284  92.3999
122.681  96.8616  1943.14  89.8361  5.558  0.37  40  49  4.284  92.3999
122.73  96.8616  1970.44  88.9523  36.028  0.37  40  49  4.284  92.3999
122.779  96.9904  1898.15  94.9736  164.564  0.38  38.6  49  4.284  92.3999
122.827  96.9904  1871.85  94.0399  131.874  0.39  38.6  49  4.284  92.3999
122.876  96.9904  1927.86  94.9593  166.66  0.38  38.6  49  4.284  92.3999
122.925  96.9904  1893.39  96.2313  205.513  0.38  38.6  49  4.284  92.3999
122.974  97.1192  1883.43  95.0903  167.109  0.39  38.6  49  4.284  92.3999
123.022  97.1192  2011.76  89.8163  6.449  0.36  38.6  49  4.284  92.3999
123.071  97.1192  2007.04  89.9729  0.949  0.36  38.3  49  4.284  92.3999
123.12  97.248  1968.95  88.961  35.704  0.37  38.3  49  4.284  92.3999
123.169  97.248  1927.04  96.0926  204.529  0.38  38.3  49  4.284  92.3999
123.217  97.248  1855.72  95.5401  179.155  0.39  38.3  49  4.284  92.3999
123.266  97.3768  1910.32  94.9236  163.957  0.38  38.3  49  4.284  92.3999
123.315  97.3768  1914.11  96.0209  200.772  0.38  38.3  49  4.284  92.3999
123.364  97.3768  1870.27  95.172  168.596  0.39  38.1  49  4.284  92.3999
123.412  97.5056  1921.94  95.0435  168.963  0.38  38.1  49  4.284  92.3999
123.461  97.5056  1881.15  94.9384  161.938  0.39  38.1  49  4.284  92.3999
123.51  97.5056  1827.74  90.0619  1.976  0.4  38.1  49  4.284  92.3999
123.559  97.6344  1936.67  94.8087  162.349  0.37  38.1  49  4.284  92.3999
123.608  97.6344  1876.91  96.2761  205.182  0.39  38.1  49  4.284  92.3999
123.656  97.6344  1818.69  90.0018  0.057  0.4  37.6  49  4.284  92.3999
123.705  97.6344  1917.55  94.8052  160.63  0.38  37.6  49  4.284  92.3999
123.754  97.7632  1870.14  95.4528  177.711  0.39  37.6  49  4.284  92.3999
123.803  97.7632  2011.69  89.9526  1.665  0.36  37.6  49  4.284  92.3999
123.851  97.7632  1902.85  94.3961  145.854  0.38  37.6  49  4.284  92.3999
123.9  97.892  1864.13  93.9993  130.013  0.39  37.6  49  4.284  92.3999
123.949  97.892  1933.56  94.8279  162.733  0.38  38.8  49  4.284  92.3999
123.998  97.892  1901.51  96.3284  209.599  0.38  38.8  49  4.284  92.3999
124.046  98.0208  1811.46  90.0397  1.254  0.4  38.8  49  4.284  92.3999
124.095  98.0208  1996.38  89.6283  12.951  0.36  38.8  49  4.284  92.3999
124.144  98.0208  1872.15  94.9483  161.486  0.39  38.8  49  4.284  92.3999
124.193  98.1496  1914.87  94.8954  163.408  0.38  38.8  49  4.284  92.3999
124.242  98.1496  1921.34  94.9256  164.968  0.38  38.8  49  4.284  92.3999
124.291  98.1496  1876.65  95.2478  171.645  0.39  40  49  4.284  92.3999
124.339  98.2784  2033.86  90.0105  0.374  0.36  40  49  4.284  92.3999
124.388  98.2784  1919.49  94.2877  143.511  0.38  40  49  4.284  92.3999
124.437  98.2784  1875.97  95.4175  177.115  0.39  40  49  4.284  92.3999
124.486  98.2784  1936.91  94.8555  163.948  0.37  40  49  4.284  92.3999
124.534  98.4072  1886.34  94.7644  156.677  0.38  40  49  4.284  92.3999
124.583  98.4072  1999.25  89.9952  0.169  0.36  38.5  49  4.284  92.3999
124.632  98.4072  1930.95  94.9404  166.293  0.38  38.5  49  4.284  92.3999
124.68  98.5361  1889.45  95.0749  167.136  0.38  38.5  49  4.284  92.3999
124.729  98.5361  1985.93  88.9011  38.087  0.36  38.5  49  4.284  92.3999
124.778  98.5361  1932.68  94.6626  157.102  0.38  38.5  49  4.284  92.3999
124.827  98.6649  1851.77  94.1769  134.875  0.39  38.5  49  4.284  92.3999
124.875  98.6649  2001.38  89.7756  7.839  0.36  37.9  49  4.284  92.3999
124.924  98.6649  1916.51  94.9074  163.95  0.38  37.9  49  4.284  92.3999
124.973  98.7937  1814.34  90.0245  0.777  0.4  37.9  49  4.284  92.3999
125.022  98.7937  1918.88  95.0622  169.316  0.38  37.9  49  4.284  92.3999
125.071  98.7937  1982.09  90.0253  0.877  0.36  37.9  49  4.284  92.3999
125.12  98.7937  1853.68  94.2565  137.584  0.39  37.9  49  4.284  92.3999
125.168  98.9225  1987.87  89.5973  13.973  0.36  37.3  49  4.284  92.3999
125.217  98.9225  1852.99  94.9769  160.756  0.39  37.3  49  4.284  92.3999
125.266  98.9225  1947.06  89.2377  25.904  0.37  37.3  49  4.284  92.3999
125.315  99.0513  1971.09  89.9506  1.698  0.37  37.3  49  4.284  92.3999
125.364  99.0513  1866.01  95.5244  179.639  0.39  37.3  49  4.284  92.3999
125.412  99.0513  1975.81  88.9977  34.561  0.37  37.3  49  4.284  92.3999
125.461  99.1801  1886.49  95.0932  167.475  0.39  37.7  49  4.284  92.3999
125.51  99.1801  1852.46  94.0332  130.293  0.39  37.7  49  4.284  92.3999
125.559  99.1801  1892.88  93.9912  131.749  0.38  37.7  49  4.284  92.3999
125.607  99.3089  1852.09  93.9647  128.056  0.39  37.7  49  4.284  92.3999
125.656  99.3089  1818.69  90.0018  0.057  0.4  37.7  49  4.284  92.3999
125.706  99.3089  1992.19  89.6887  10.825  0.36  37.7  49  4.284  92.3999
125.754  99.4377  1857.27  94.9496  160.246  0.39  39.6  49  4.284  92.3999
125.803  99.4377  1968.51  88.9254  36.917  0.37  39.6  49  4.284  92.3999
125.852  99.4377  1901.69  94.7616  157.86  0.38  39.6  49  4.284  92.3999
125.901  99.4377  1856.72  95.4414  176.068  0.39  39.6  49  4.284  92.3999
125.949  99.5665  1989.91  89.9114  3.079  0.36  39.6  49  4.284  92.3999
125.998  99.5665  1880.37  95.0841  166.636  0.39  39.6  49  4.284  92.3999
126.047  99.5665  1929.29  89.3015  23.521  0.38  37.1  49  4.284  92.3999
126.096  99.6953  1915.24  95.2756  176.101  0.38  37.1  49  4.284  92.3999
126.144  99.6953  1812.85  90.0133  0.421  0.4  37.1  49  4.284  92.3999
126.193  99.6953  1883.21  95.0447  165.596  0.39  37.1  49  4.284  92.3999
126.242  99.8241  1907.22  94.6314  153.999  0.38  37.1  49  4.284  92.3999
126.291  99.8241  1859.26  95.3546  173.506  0.39  37.1  49  4.284  92.3999
126.34  99.8241  2010.34  89.9765  0.826  0.36  38.5  49  4.284  92.3999
126.388  99.9529  1906.72  96.1098  202.939  0.38  38.5  49  4.284  92.3999
126.437  99.9529  1876.77  95.2722  172.451  0.39  38.5  49  4.284  92.3999
126.486  99.9529  1977.34  89.9385  2.123  0.37  38.5  49  4.284  92.3999
126.535  100.082  1896.89  95.0288  166.275  0.38  38.5  49  4.284  92.3999
126.583  100.082  1878.8  95.0722  166.105  0.39  38.5  49  4.284  92.3999
126.632  100.082  1917.83  95.1644  172.63  0.38  38.2  49  4.284  92.3999
126.681  100.082  1886.72  95.1389  168.994  0.38  38.2  49  4.284  92.3999
126.73  100.211  1827.55  89.9913  0.279  0.4  38.2  49  4.284  92.3999
126.778  100.211  1984.29  89.8443  5.393  0.36  38.2  49  4.284  92.3999
126.827  100.211  1958.23  89.7931  7.072  0.37  38.2  49  4.284  92.3999
126.876  100.339  2023.58  89.9856  0.51  0.36  38.2  49  4.284  92.3999
126.925  100.339  1902.65  94.9457  164.029  0.38  38.2  49  4.284  92.3999
126.974  100.339  1947.65  89.9608  1.333  0.37  38  49  4.284  92.3999
127.022  100.468  1932.15  95.1743  174.252  0.38  38  49  4.284  92.3999
127.071  100.468  1909.28  96.3335  210.623  0.38  38  49  4.284  92.3999
127.12  100.468  1944.35  89.1407  29.159  0.37  38  49  4.284  92.3999
127.168  100.597  1932.74  94.9777  167.701  0.38  38  49  4.284  92.3999
127.217  100.597  1863.14  95.2378  170.085  0.39  38  49  4.284  92.3999
127.266  100.597  1891.4  94.0012  131.976  0.38  38.3  49  4.284  92.3999
127.315  100.597  1934.48  94.6996  158.495  0.38  38.3  49  4.284  92.3999
127.363  100.726  1975.72  90.0207  0.715  0.37  38.3  49  4.284  92.3999
127.412  100.726  1986.37  88.937  36.852  0.36  38.3  49  4.284  92.3999
127.461  100.726  1999.88  89.648  12.286  0.36  38.3  49  4.284  92.3999
127.51  100.855  1886.49  95.401  177.566  0.39  38.3  49  4.284  92.3999
127.558  100.855  1992.79  88.668  46.323  0.36  38.2  49  4.284  92.3999
127.607  100.855  1903.12  95.0378  167.118  0.38  38.2  49  4.284  92.3999
127.656  100.983  1986.79  90.0213  0.738  0.36  38.2  49  4.284  92.3999
127.705  100.983  1925.02  95.0248  168.606  0.38  38.2  49  4.284  92.3999
127.753  100.983  1885.76  96.2267  204.534  0.39  38.2  49  4.284  92.3999
127.802  101.112  1969.82  89.0321  33.274  0.37  38.2  49  4.284  92.3999
127.851  101.112  1908.92  94.9544  164.859  0.38  39.2  49  4.284  92.3999
127.9  101.112  1951.66  89.9025  3.32  0.37  39.2  49  4.284  92.3999
127.948  101.112  2002.65  89.8839  4.06  0.36  39.2  49  4.284  92.3999
127.997  101.241  1915.64  96.0123  200.648  0.38  39.2  49  4.284  92.3999
128.046  101.241  1962.41  89.8833  3.996  0.37  39.2  49  4.284  92.3999
128.095  101.241  1904.04  94.9149  163.132  0.38  39.2  49  4.284  92.3999
128.143  101.37  1885.76  96.2267  204.534  0.39  38.3  49  4.284  92.3999
128.192  101.37  1967.51  89.9143  2.943  0.37  38.3  49  4.284  92.3999
128.241  101.37  1932.15  95.1743  174.252  0.38  38.3  49  4.284  92.3999
128.29  101.499  1877.67  95.1478  168.475  0.39  38.3  49  4.284  92.3999
128.338  101.499  1880.84  94.0256  132.039  0.39  38.3  49  4.284  92.3999
128.387  101.499  1991.63  89.9201  2.778  0.36  38.3  49  4.284  92.3999
128.436  101.627  1856.6  93.9798  128.857  0.39  38  49  4.284  92.3999
128.485  101.627  1997.5  88.9116  37.942  0.36  38  49  4.284  92.3999
128.533  101.627  1914.26  96.4018  213.44  0.38  38  49  4.284  92.3999
128.582  101.756  1972.77  90.0359  1.237  0.37  38  49  4.284  92.3999
128.631  101.756  1924.29  94.885  163.867  0.38  38  49  4.284  92.3999
128.68  101.756  1892.65  95.1023  168.322  0.38  38  49  4.284  92.3999
128.729  101.756  1879.12  93.9903  130.763  0.39  38.9  49  4.284  92.3999
128.777  101.885  1936.91  94.8555  163.948  0.37  38.9  49  4.284  92.3999
128.826  101.885  1801.19  90.0038  0.121  0.4  38.9  49  4.284  92.3999
128.875  101.885  2014.34  90.0323  1.135  0.36  38.9  49  4.284  92.3999
128.923  102.014  1917.79  94.8516  162.197  0.38  38.9  49  4.284  92.3999
128.972  102.014  1972.32  90.001  0.034  0.37  38.9  49  4.284  92.3999
129.021  102.014  2010.81  90.0121  0.425  0.36  37.8  49  4.284  92.3999
129.07  102.143  1910.38  96.2322  207.389  0.38  37.8  49  4.284  92.3999
129.119  102.143  1879.93  95.2998  173.642  0.39  37.8  49  4.284  92.3999
129.167  102.143  1922.76  94.8945  164.053  0.38  37.8  49  4.284  92.3999
129.216  102.271  1897.36  95.1207  169.346  0.38  37.8  49  4.284  92.3999
129.265  102.271  1939.79  89.279  24.409  0.37  37.8  49  4.284  92.3999
129.315  102.271  2017.01  89.5573  15.583  0.36  37.8  49  4.284  92.3999
129.364  102.271  1802.71  90.0312  0.98  0.4  38.1  49  4.284  92.3999
129.412  102.4  1988.79  89.9551  1.56  0.36  38.1  49  4.284  92.3999
129.461  102.4  2001.58  89.7923  7.255  0.36  38.1  49  4.284  92.3999
129.51  102.4  1881.62  95.3364  174.996  0.39  38.1  49  4.284  92.3999
129.559  102.529  1921.36  95.239  175.439  0.38  38.1  49  4.284  92.3999
129.608  102.529  1886.95  96.5022  213.68  0.39  38.1  49  4.284  92.3999
129.656  102.529  1879.7  95.2542  172.133  0.39  39  49  4.284  92.3999
129.705  102.658  1925.34  94.7824  160.518  0.38  39  49  4.284  92.3999
129.754  102.658  1890.7  95.0199  165.44  0.38  39  49  4.284  92.3999
129.803  102.658  1948.3  89.0804  31.269  0.37  39  49  4.284  92.3999
129.852  102.787  2005.38  89.6958  10.648  0.36  39  49  4.284  92.3999
129.9  102.787  1876.65  95.2478  171.645  0.39  39  49  4.284  92.3999
129.949  102.787  1976.87  88.9534  36.11  0.37  39  49  4.284  92.3999
129.998  102.787  1933.43  94.8028  161.879  0.38  39  49  4.284  92.3999
130.047  102.915  1849.5  94.0289  129.945  0.39  39  49  4.284  92.3999
130.095  102.915  2000.68  89.8557  5.037  0.36  39  49  4.284  92.3999
130.144  102.915  1911.9  96.2239  207.277  0.38  39  49  4.284  92.3999
130.193  103.044  1989.78  90.006  0.207  0.36  39  49  4.284  92.3999
130.242  103.044  2001.94  89.964  1.26  0.36  38.6  49  4.284  92.3999
130.29  103.044  1892.4  94.464  147.292  0.38  38.6  49  4.284  92.3999
130.339  103.173  1891.14  93.9556  130.458  0.38  38.6  49  4.284  92.3999
130.388  103.173  1931.38  94.719  158.891  0.38  38.6  49  4.284  92.3999
130.437  103.173  1872.32  96.255  203.996  0.39  38.6  49  4.284  92.3999
130.485  103.302  1967.27  89.0847  31.424  0.37  38.6  49  4.284  92.3999
130.534  103.302  1934.37  95.9557  200.709  0.38  37.9  49  4.284  92.3999
130.583  103.302  1995.99  89.9916  0.292  0.36  37.9  49  4.284  92.3999
130.632  103.431  2038.56  89.9869  0.465  0.35  37.9  49  4.284  92.3999
130.68  103.431  1899.65  94.9643  164.387  0.38  37.9  49  4.284  92.3999
130.729  103.431  1934.43  89.8825  3.967  0.37  37.9  49  4.284  92.3999
130.778  103.431  2017.7  89.4762  18.447  0.36  37.9  49  4.284  92.3999
130.827  103.559  1892.19  95.0107  165.267  0.38  36.4  49  4.284  92.3999
130.876  103.559  2002.74  90.0152  0.531  0.36  36.4  49  4.284  92.3999
130.925  103.559  1928.29  94.7382  159.283  0.38  36.4  49  4.284  92.3999
130.973  103.688  1850.67  93.9745  128.276  0.39  36.4  49  4.284  92.3999
131.022  103.688  1913.11  94.8585  162.031  0.38  36.4  49  4.284  92.3999
131.071  103.688  1968.33  89.0407  32.955  0.37  36.4  49  4.284  92.3999
131.12  103.817  1974.82  89.9507  1.698  0.37  38.7  49  4.284  92.3999
131.169  103.817  1921.94  95.0435  168.963  0.38  38.7  49  4.284  92.3999
131.217  103.817  1894.14  95.0931  168.152  0.38  38.7  49  4.284  92.3999
131.266  103.946  1875.26  94.1104  134.417  0.39  38.7  49  4.284  92.3999
131.315  103.946  1933.71  95.165  174.08  0.38  38.7  49  4.284  92.3999
131.364  103.946  1885.24  95.148  169.16  0.39  38.7  49  4.284  92.3999
131.412  104.075  1814.44  90.0596  1.888  0.4  38.7  49  4.284  92.3999
131.461  104.075  1988.44  89.7846  7.476  0.36  38.7  49  4.284  92.3999
131.51  104.075  1868.79  94.8762  158.854  0.39  38.7  49  4.284  92.3999
131.559  104.075  1898.39  90.0248  0.822  0.38  38.7  49  4.284  92.3999
131.607  104.203  1919.08  94.7957  160.44  0.38  38.7  49  4.284  92.3999
131.656  104.203  1943.54  89.8711  4.372  0.37  38.7  49  4.284  92.3999
131.705  104.203  2031.82  89.9823  0.627  0.36  38.7  49  4.284  92.3999
131.754  104.332  1910.91  95.0375  167.793  0.38  37.3  49  4.284  92.3999
131.802  104.332  1866.32  94.1243  134.226  0.39  37.3  49  4.284  92.3999
131.851  104.332  1997.91  89.6201  13.246  0.36  37.3  49  4.284  92.3999
131.9  104.461  1878.68  95.0478  165.298  0.39  37.3  49  4.284  92.3999
131.949  104.461  1972  89.8908  3.757  0.37  37.3  49  4.284  92.3999
131.997  104.461  2014.74  89.6466  12.426  0.36  37.3  49  4.284  92.3999
132.046  104.59  1876.71  96.2304  203.673  0.39  38.3  49  4.284  92.3999
132.095  104.59  2011.87  89.9687  1.1  0.36  38.3  49  4.284  92.3999
132.144  104.59  1898.22  94.6888  155.166  0.38  38.3  49  4.284  92.3999
132.192  104.59  1946.46  89.8556  4.905  0.37  38.3  49  4.284  92.3999
132.241  104.719  1998.01  89.9077  3.218  0.36  38.3  49  4.284  92.3999
132.29  104.719  1911.7  96.1774  205.711  0.38  38.3  49  4.284  92.3999
132.339  104.719  1867.02  93.9795  129.57  0.39  37.9  49  4.284  92.3999
132.388  104.848  1925.97  95.2113  174.935  0.38  37.9  49  4.284  92.3999
132.437  104.848  1884.79  95.0567  166.128  0.39  37.9  49  4.284  92.3999
132.485  104.848  1979.54  89.8515  5.132  0.37  37.9  49  4.284  92.3999
132.534  104.976  1928.78  94.8315  162.453  0.38  37.9  49  4.284  92.3999
132.583  104.976  1950.46  89.7971  6.907  0.37  37.9  49  4.284  92.3999
132.632  104.976  1885.49  94.0411  132.876  0.38  40  49  4.284  92.3999
132.681  105.105  1904.63  95.0285  166.943  0.38  40  49  4.284  92.3999
132.73  105.105  1940.23  89.8516  5.024  0.37  40  49  4.284  92.3999
132.778  105.105  2004.62  89.912  3.079  0.36  40  49  4.284  92.3999
132.827  105.234  1905  96.0719  201.503  0.38  40  49  4.284  92.3999
132.877  105.234  1947.68  89.1591  28.584  0.37  40  49  4.284  92.3999
132.925  105.234  1925.26  95.0714  170.187  0.38  39.6  49  4.284  92.3999
132.974  105.234  1884.07  96.1891  203.123  0.39  39.6  49  4.284  92.3999
133.023  105.363  1904.04  94.9149  163.132  0.38  39.6  49  4.284  92.3999
133.072  105.363  1914.8  94.5832  153.005  0.38  39.6  49  4.284  92.3999
133.12  105.363  1865.59  95.1295  166.798  0.39  39.6  49  4.284  92.3999
133.169  105.492  1990.61  89.8317  5.848  0.36  39.6  49  4.284  92.3999
133.218  105.492  1925.29  96.0543  203.062  0.38  38  49  4.284  92.3999
133.267  105.492  1884.12  95.2272  171.652  0.39  38  49  4.284  92.3999
133.315  105.62  1920.41  95.0528  169.14  0.38  38  49  4.284  92.3999
133.364  105.62  1890.32  96.5781  216.551  0.39  38  49  4.284  92.3999
133.413  105.62  1860.08  94.0737  132.138  0.39  38  49  4.284  92.3999
133.462  105.749  2001.16  89.7562  8.514  0.36  38  49  4.284  92.3999
133.51  105.749  1869.25  94.9667  161.832  0.39  38.4  49  4.284  92.3999
133.559  105.749  1961.52  89.0039  34.098  0.37  38.4  49  4.284  92.3999
133.608  105.749  1913.77  94.6854  156.324  0.38  38.4  49  4.284  92.3999
133.657  105.878  1866.13  94.9398  160.69  0.39  38.4  49  4.284  92.3999
133.706  105.878  2001.1  89.8918  3.779  0.36  38.4  49  4.284  92.3999
133.754  105.878  1917.17  96.0037  200.523  0.38  38.4  49  4.284  92.3999
133.803  106.007  1954.87  89.7736  7.726  0.37  38.2  49  4.284  92.3999
133.852  106.007  1919.21  94.8205  161.281  0.38  38.2  49  4.284  92.3999
133.901  106.007  1903.91  96.1729  204.726  0.38  38.2  49  4.284  92.3999
133.949  106.136  1951.45  89.2128  26.812  0.37  38.2  49  4.284  92.3999
133.998  106.136  1945.48  94.9487  167.825  0.37  38.2  49  4.284  92.3999
134.047  106.136  1880.83  95.1752  169.654  0.39  38.2  49  4.284  92.3999
134.096  106.264  1972.18  89.0948  31.158  0.37  38.8  49  4.284  92.3999
134.144  106.264  1918.83  94.7493  158.87  0.38  38.8  49  4.284  92.3999
134.193  106.264  1973.34  89.9584  1.433  0.37  38.8  49  4.284  92.3999
134.242  106.393  2027.15  90.0058  0.207  0.36  38.8  49  4.284  92.3999
134.291  106.393  1984.29  89.8443  5.393  0.36  38.8  49  4.284  92.3999
134.34  106.393  1868.46  93.9696  129.348  0.39  38.8  49  4.284  92.3999
134.388  106.393  1853.22  90.0027  0.087  0.39  38.8  49  4.284  92.3999
134.437  106.522  1892.65  95.1023  168.322  0.38  37.6  49  4.284  92.3999
134.486  106.522  1874.07  95.3355  174.264  0.39  37.6  49  4.284  92.3999
134.535  106.522  1996.38  89.6283  12.951  0.36  37.6  49  4.284  92.3999
134.584  106.651  1876.43  95.2023  170.142  0.39  37.6  49  4.284  92.3999
134.633  106.651  1901.51  95.0257  166.577  0.38  37.6  49  4.284  92.3999
134.682  106.651  1924.16  94.8601  163.02  0.38  37.6  49  4.284  92.3999
134.731  106.78  1864.35  95.4879  178.297  0.39  37  49  4.284  92.3999
134.78  106.78  1994.93  89.9235  2.662  0.36  37  49  4.284  92.3999
134.828  106.78  1901.71  96.3747  211.148  0.38  37  49  4.284  92.3999
134.877  106.908  1862.95  94.054  131.706  0.39  37  49  4.284  92.3999
134.926  106.908  1924.05  94.8385  162.288  0.38  37  49  4.284  92.3999
134.975  106.908  1899.18  96.1518  203.522  0.38  37  49  4.284  92.3999
135.024  107.037  1976.98  89.9969  0.108  0.37  38  49  4.284  92.3999
135.073  107.037  1920.32  90.0236  0.789  0.38  38  49  4.284  92.3999
135.121  107.037  1886.95  95.1846  170.513  0.38  38  49  4.284  92.3999
135.17  107.037  2015.87  90.0245  0.863  0.36  38  49  4.284  92.3999
135.219  107.166  1983.59  89.9237  2.643  0.36  38  49  4.284  92.3999
135.268  107.166  1955.4  89.9574  1.453  0.37  38  49  4.284  92.3999
135.317  107.166  1997.17  89.8357  5.727  0.36  38.1  49  4.284  92.3999
135.366  107.295  1889.91  95.1664  170.183  0.38  38.1  49  4.284  92.3999
135.415  107.295  1868.82  95.181  168.758  0.39  38.1  49  4.284  92.3999
135.463  107.295  1927.86  94.9593  166.66  0.38  38.1  49  4.284  92.3999
135.512  107.424  1804.23  90.0585  1.843  0.4  38.1  49  4.284  92.3999
135.561  107.424  1988.28  90.0136  0.473  0.36  38.1  49  4.284  92.3999
135.61  107.424  1932.43  94.6159  155.511  0.38  38  49  4.284  92.3999
135.658  107.552  1882.39  94.8836  160.251  0.39  38  49  4.284  92.3999
135.707  107.552  1967.46  88.9696  35.381  0.37  38  49  4.284  92.3999
135.756  107.552  1909.22  94.7141  156.906  0.38  38  49  4.284  92.3999
135.805  107.552  1861.25  95.4602  177.105  0.39  38  49  4.284  92.3999
135.853  107.681  2020.56  89.7143  10.075  0.36  38  49  4.284  92.3999
135.902  107.681  1916.9  96.292  210.083  0.38  39.9  49  4.284  92.3999
135.951  107.681  1887.87  95.0628  166.6  0.38  39.9  49  4.284  92.3999
136  107.81  1925.34  94.7824  160.518  0.38  39.9  49  4.284  92.3999
136.048  107.81  1892.42  95.0565  166.794  0.38  39.9  49  4.284  92.3999
136.097  107.81  2014.34  90.0323  1.135  0.36  39.9  49  4.284  92.3999
136.146  107.939  2005.21  89.5428  15.999  0.36  39.9  49  4.284  92.3999
136.195  107.939  1874.6  94.8392  158.14  0.39  38.1  49  4.284  92.3999
136.243  107.939  1983.81  89.9428  1.98  0.36  38.1  49  4.284  92.3999
136.292  108.068  1931.38  94.719  158.891  0.38  38.1  49  4.284  92.3999
136.341  108.068  1877.87  95.4997  179.977  0.39  38.1  49  4.284  92.3999
136.39  108.068  2008.15  89.9322  2.375  0.36  38.1  49  4.284  92.3999
136.439  108.196  1906.72  96.1098  202.939  0.38  38.1  49  4.284  92.3999
136.487  108.196  1882.64  95.2362  171.813  0.39  38.9  49  4.284  92.3999
136.536  108.196  1930.37  95.1368  172.833  0.38  38.9  49  4.284  92.3999
136.585  108.196  1894.4  96.4618  213.196  0.38  38.9  49  4.284  92.3999
136.634  108.325  1963.87  89.0663  32.003  0.37  38.9  49  4.284  92.3999
136.682  108.325  1996.38  89.6283  12.951  0.36  38.9  49  4.284  92.3999
136.731  108.325  1956.88  89.9497  1.718  0.37  38.9  49  4.284  92.3999
136.78  108.454  1977.75  89.0248  33.66  0.37  38.9  49  4.284  92.3999
136.829  108.454  1910.98  94.7507  158.268  0.38  38.4  49  4.284  92.3999
136.877  108.454  1951.26  89.8674  4.516  0.37  38.4  49  4.284  92.3999
136.926  108.583  1920.74  94.811  161.092  0.38  38.4  49  4.284  92.3999
136.975  108.583  1919.76  96.2285  208.284  0.38  38.4  49  4.284  92.3999
137.025  108.583  1983.81  90.0365  1.265  0.36  38.4  49  4.284  92.3999
137.073  108.712  2008.64  89.8324  5.874  0.36  38.4  49  4.284  92.3999
137.122  108.712  1886.95  95.1846  170.513  0.38  38.2  49  4.284  92.3999
137.171  108.712  1984.39  89.9586  1.434  0.36  38.2  49  4.284  92.3999
137.22  108.712  1907.47  94.6775  155.549  0.38  38.2  49  4.284  92.3999
137.268  108.84  2002.49  89.9962  0.134  0.36  38.2  49  4.284  92.3999
137.317  108.84  1998.42  89.9437  1.963  0.36  38.2  49  4.284  92.3999
137.366  108.84  1919.37  94.5541  152.398  0.38  38.2  49  4.284  92.3999
137.415  108.969  1946.46  89.8556  4.905  0.37  38.4  49  4.284  92.3999
137.463  108.969  1931.92  95.1275  172.659  0.38  38.4  49  4.284  92.3999
137.512  108.969  1917.32  96.3853  213.232  0.38  38.4  49  4.284  92.3999
137.561  109.098  1877.79  95.1722  169.281  0.39  38.4  49  4.284  92.3999
137.61  109.098  2004.53  89.6234  13.174  0.36  38.4  49  4.284  92.3999
137.658  109.098  1876.98  95.0115  163.965  0.39  38.4  49  4.284  92.3999
137.707  109.227  1970.68  89.1033  30.842  0.37  38.4  49  4.284  92.3999
137.756  109.227  1931.66  94.4758  150.744  0.38  38.4  49  4.284  92.3999
137.805  109.227  1873.38  94.8938  159.815  0.39  38.4  49  4.284  92.3999
137.853  109.356  1972.18  89.0948  31.158  0.37  38.4  49  4.284  92.3999
137.902  109.356  1916.57  94.6198  154.367  0.38  38.4  49  4.284  92.3999
137.952  109.356  1874.95  95.5173  180.268  0.39  38.4  49  4.284  92.3999
138  109.356  2000.57  89.5676  15.096  0.36  37.7  49  4.284  92.3999
138.049  109.485  1901.98  96.0888  201.742  0.38  37.7  49  4.284  92.3999
138.098  109.485  1957.33  89.1793  28.035  0.37  37.7  49  4.284  92.3999
138.147  109.485  1938.97  94.9398  166.962  0.37  37.7  49  4.284  92.3999
138.195  109.613  1876.43  95.2023  170.142  0.39  37.7  49  4.284  92.3999
138.245  109.613  1836.68  90.0517  1.657  0.39  37.7  49  4.284  92.3999
138.293  109.613  1940.2  94.567  154.487  0.37  38.8  49  4.284  92.3999
138.342  109.742  1873.27  95.4806  178.913  0.39  38.8  49  4.284  92.3999
138.391  109.742  2016.94  89.981  0.669  0.36  38.8  49  4.284  92.3999
138.44  109.742  1914.32  96.0674  202.341  0.38  38.8  49  4.284  92.3999
138.488  109.871  1880.15  95.3453  175.151  0.39  38.8  49  4.284  92.3999
138.537  109.871  2017.55  89.8843  4.075  0.36  38.8  49  4.284  92.3999
138.586  109.871  1902.31  96.5137  215.799  0.38  38.1  49  4.284  92.3999
138.635  109.871  1876.19  95.463  178.618  0.39  38.1  49  4.284  92.3999
138.683  110  2028.5  89.5354  16.45  0.36  38.1  49  4.284  92.3999
138.732  110  1887.28  94.947  162.747  0.38  38.1  49  4.284  92.3999
138.781  110  1961.7  88.889  38.035  0.37  38.1  49  4.284  92.3999
138.83  110.129  2014.9  89.8002  7.028  0.36  38.1  49  4.284  92.3999
138.879  110.129  1983.12  89.9826  0.603  0.36  38.9  49  4.284  92.3999
138.927  110.129  2013.98  89.864  4.78  0.36  38.9  49  4.284  92.3999
138.976  110.257  1916.99  95.0002  167.083  0.38  38.9  49  4.284  92.3999
139.025  110.257  1950.86  89.8322  5.712  0.37  38.9  49  4.284  92.3999
139.074  110.257  2022.57  89.7426  9.087  0.36  38.9  49  4.284  92.3999
139.122  110.386  1899.18  96.1518  203.522  0.38  38.9  49  4.284  92.3999
139.171  110.386  1883.43  95.0903  167.109  0.39  38  49  4.284  92.3999
139.22  110.386  1939.94  95.1276  173.381  0.37  38  49  4.284  92.3999
139.269  110.515  1868.48  95.1115  166.469  0.39  38  49  4.284  92.3999
139.317  110.515  2005.77  89.9997  0.009  0.36  38  49  4.284  92.3999
139.366  110.515  1926.5  94.7012  157.896  0.38  38  49  4.284  92.3999
139.416  110.515  1963.09  89.8048  6.688  0.37  38  49  4.284  92.3999
139.464  110.644  2016.27  89.7752  7.911  0.36  38  49  4.284  92.3999
139.513  110.644  1908.66  96.1941  205.94  0.38  39.1  49  4.284  92.3999
139.562  110.644  1873.05  95.4352  177.414  0.39  39.1  49  4.284  92.3999
139.611  110.773  2005.65  89.579  14.736  0.36  39.1  49  4.284  92.3999
139.659  110.773  1905.83  96.2573  207.722  0.38  39.1  49  4.284  92.3999
139.708  110.773  1884.68  95.0355  165.425  0.39  39.1  49  4.284  92.3999
139.757  110.901  1930.12  94.4857  150.954  0.38  39.1  49  4.284  92.3999
139.805  110.901  1995.53  89.9562  1.524  0.36  37.2  49  4.284  92.3999
139.854  110.901  1986.03  89.8555  5.008  0.36  37.2  49  4.284  92.3999
139.903  111.03  1932.93  94.7093  158.694  0.38  37.2  49  4.284  92.3999
139.952  111.03  1978.67  90.0055  0.19  0.37  37.2  49  4.284  92.3999
140  111.03  2033.38  89.9745  0.906  0.36  37.2  49  4.3039  92.3999
140.049  111.03  1908.66  96.1941  205.94  0.38  37.2  49  4.3039  92.3999
140.098  111.159  1886.71  93.9857  131.141  0.38  37.2  49  4.3039  92.3999
140.147  111.159  2009.44  89.4817  18.178  0.36  37.2  49  4.3039  92.3999
140.195  111.159  1903.12  95.0378  167.118  0.38  37.2  49  4.3039  92.3999
140.244  111.288  1945.18  89.2109  26.789  0.37  37.2  49  4.3039  92.3999
140.293  111.288  2010.31  89.5542  15.641  0.36  37.2  49  4.3039  92.3999
140.342  111.288  1896.59  96.2608  206.832  0.38  37.2  49  4.3039  92.3999
140.39  111.417  2020.01  89.9654  1.221  0.36  38.7  49  4.3039  92.3999
140.439  111.417  1923.67  94.767  159.865  0.38  38.7  49  4.3039  92.3999
140.488  111.417  1874.29  95.3809  175.764  0.39  38.7  49  4.3039  92.3999
140.537  111.545  1836.58  90.0162  0.518  0.39  38.7  49  4.3039  92.3999
140.585  111.545  1918.64  96.3303  211.55  0.38  38.7  49  4.3039  92.3999
140.634  111.545  1820.33  90.0646  2.051  0.4  38.7  49  4.3039  92.3999
140.683  111.674  1997.06  89.5481  15.753  0.36  38.4  49  4.3039  92.3999
140.732  111.674  1811.41  90.0209  0.66  0.4  38.4  49  4.3039  92.3999
140.78  111.674  1975.18  89.0777  31.795  0.37  38.4  49  4.3039  92.3999
140.829  111.674  2004.95  89.6596  11.912  0.36  38.4  49  4.3039  92.3999
140.878  111.803  1883.08  95.0203  164.785  0.39  38.4  49  4.3039  92.3999
140.927  111.803  1959.85  89.1271  29.856  0.37  38.4  49  4.3039  92.3999
140.975  111.803  1916.32  94.5735  152.803  0.38  38.1  49  4.3039  92.3999
141.024  111.932  1944.6  89.8283  5.826  0.37  38.1  49  4.3039  92.3999
141.073  111.932  1851.72  90.0104  0.337  0.39  38.1  49  4.3039  92.3999
141.122  111.932  1902.71  94.6601  154.586  0.38  38.1  49  4.3039  92.3999
141.171  112.061  1866.81  95.3798  175.027  0.39  38.1  49  4.3039  92.3999
141.22  112.061  1931.68  95.0807  171.066  0.38  38.1  49  4.3039  92.3999
141.268  112.061  1895.86  95.1298  169.515  0.38  38.7  49  4.3039  92.3999
141.317  112.189  1875.01  94.0652  132.924  0.39  38.7  49  4.3039  92.3999
141.366  112.189  2006.66  89.8043  6.854  0.36  38.7  49  4.3039  92.3999
141.415  112.189  1872.84  95.0842  165.971  0.39  38.7  49  4.3039  92.3999
141.463  112.189  1978.44  89.895  3.625  0.37  38.7  49  4.3039  92.3999
141.512  112.318  1932.82  95.9643  200.838  0.38  38.7  49  4.3039  92.3999
141.561  112.318  1883.54  95.4187  177.87  0.39  38.8  49  4.3039  92.3999
141.61  112.318  2030.26  89.9902  0.348  0.36  38.8  49  4.3039  92.3999
141.659  112.447  1910.38  96.2322  207.389  0.38  38.8  49  4.3039  92.3999
141.707  112.447  1864.48  95.2079  169.239  0.39  38.8  49  4.3039  92.3999
141.756  112.447  1935.61  94.9119  165.735  0.38  38.8  49  4.3039  92.3999
141.805  112.576  1891.39  95.1573  170.017  0.38  38.8  49  4.3039  92.3999
141.854  112.576  1817.24  90.0094  0.297  0.4  38.8  49  4.3039  92.3999
141.903  112.576  1919.36  95.1551  172.459  0.38  38.2  49  4.3039  92.3999
141.952  112.705  1870.7  94.9575  161.659  0.39  38.2  49  4.3039  92.3999
142  112.705  1978.18  89.0605  32.434  0.37  38.2  49  4.3039  92.3999
142.049  112.705  1915.22  94.9632  165.697  0.38  38.2  49  4.3039  92.3999
142.098  112.705  1795.42  89.9992  0.026  0.4  38.2  49  4.3039  92.3999
142.147  112.833  2006.46  89.7875  7.441  0.36  38.2  49  4.3039  92.3999
142.196  112.833  1906.72  96.1098  202.939  0.38  39  49  4.3039  92.3999
142.244  112.833  1997.74  90.0029  0.1  0.36  39  49  4.3039  92.3999
142.293  112.962  1927.13  94.8194  161.908  0.38  39  49  4.3039  92.3999
142.342  112.962  1875.19  95.2568  171.803  0.39  39  49  4.3039  92.3999
142.391  112.962  1833.72  90.0669  2.142  0.39  39  49  4.3039  92.3999
142.44  113.091  1925.5  94.5151  151.578  0.38  39  49  4.3039  92.3999
142.489  113.091  1883.31  95.0659  166.298  0.39  38  49  4.3039  92.3999
142.537  113.091  1996.47  89.9156  2.94  0.36  38  49  4.3039  92.3999
142.586  113.22  1927.49  94.8877  164.227  0.38  38  49  4.3039  92.3999
142.635  113.22  1867.02  95.4251  176.516  0.39  38  49  4.3039  92.3999
142.684  113.22  1930.95  94.9404  166.293  0.38  38  49  4.3039  92.3999
142.733  113.349  1910.67  94.9913  166.236  0.38  38  49  4.3039  92.3999
142.782  113.349  1817.24  90.0094  0.297  0.4  38.5  49  4.3039  92.3999
142.83  113.349  2007.79  89.76  8.41  0.36  38.5  49  4.3039  92.3999
142.879  113.349  1889.77  94.837  159.347  0.38  38.5  49  4.3039  92.3999
142.928  113.477  1824.62  90.0065  0.208  0.4  38.5  49  4.3039  92.3999
142.977  113.477  2007.79  89.76  8.41  0.36  38.5  49  4.3039  92.3999
143.025  113.477  1962.41  89.8833  3.996  0.37  38.5  49  4.3039  92.3999
143.074  113.606  1980.36  89.9228  2.668  0.37  38.9  49  4.3039  92.3999
143.123  113.606  1914.74  94.8705  162.57  0.38  38.9  49  4.3039  92.3999
143.172  113.606  1979.69  89.9628  1.285  0.37  38.9  49  4.3039  92.3999
143.22  113.735  2018.69  89.8399  5.642  0.36  38.9  49  4.3039  92.3999
143.269  113.735  1892.71  96.4238  211.759  0.38  38.9  49  4.3039  92.3999
143.319  113.735  1972.41  89.9264  2.535  0.37  38.9  49  4.3039  92.3999
143.367  113.864  1933.71  95.165  174.08  0.38  38.5  49  4.3039  92.3999
143.416  113.864  1902.19  96.135  203.291  0.38  38.5  49  4.3039  92.3999
143.465  113.864  1961.76  89.1541  28.962  0.37  38.5  49  4.3039  92.3999
143.514  113.993  1994.41  89.6005  13.906  0.36  38.5  49  4.3039  92.3999
143.562  113.993  1975.27  89.9857  0.492  0.37  38.5  49  4.3039  92.3999
143.611  113.993  2001.81  89.8117  6.58  0.36  38.5  49  4.3039  92.3999
143.66  113.993  1943.77  95.9034  199.918  0.37  37.4  49  4.3039  92.3999
143.709  114.121  1872.35  94.1301  134.85  0.39  37.4  49  4.3039  92.3999
143.757  114.121  2010.31  89.5542  15.641  0.36  37.4  49  4.3039  92.3999
143.806  114.121  1906.13  95.0192  166.767  0.38  37.4  49  4.3039  92.3999
143.855  114.25  1943.08  89.0355  32.709  0.37  37.4  49  4.3039  92.3999
143.904  114.25  2023.31  89.5239  16.811  0.36  37.4  49  4.3039  92.3999
143.952  114.25  1995.99  89.9916  0.292  0.36  38.8  49  4.3039  92.3999
144.001  114.379  1899.21  95.1821  171.541  0.38  38.8  49  4.3039  92.3999
144.05  114.379  2007.63  89.607  13.77  0.36  38.8  49  4.3039  92.3999
144.099  114.379  1997.49  89.9839  0.562  0.36  38.8  49  4.3039  92.3999
144.147  114.508  2028.7  89.998  0.07  0.36  38.8  49  4.3039  92.3999
144.196  114.508  1930.14  96.0755  204.284  0.38  38.8  49  4.3039  92.3999
144.245  114.508  1870.94  95.3079  173.077  0.39  39.1  49  4.3039  92.3999
144.294  114.508  2043.76  89.9995  0.019  0.35  39.1  49  4.3039  92.3999
144.343  114.637  1897.36  95.1207  169.346  0.38  39.1  49  4.3039  92.3999
144.391  114.637  1999.71  90.0306  1.067  0.36  39.1  49  4.3039  92.3999
144.44  114.637  2002.42  89.8645  4.735  0.36  39.1  49  4.3039  92.3999
144.489  114.766  1880.05  96.3054  206.482  0.39  39.1  49  4.3039  92.3999
144.538  114.766  1903.48  95.1086  169.492  0.38  39.1  49  4.3039  92.3999
144.587  114.766  1930.82  94.9154  165.441  0.38  39.1  49  4.3039  92.3999
144.636  114.894  1952.05  89.9377  2.123  0.37  39.1  49  4.3039  92.3999
144.684  114.894  2012.34  90.0043  0.153  0.36  39.1  49  4.3039  92.3999
144.733  114.894  1917.6  96.097  203.671  0.38  39.1  49  4.3039  92.3999
144.782  115.023  1880.37  95.3909  176.661  0.39  39.1  49  4.3039  92.3999
144.831  115.023  1919.93  94.9599  165.994  0.38  39.1  49  4.3039  92.3999
144.88  115.023  1897.36  95.1207  169.346  0.38  37.6  49  4.3039  92.3999
144.929  115.152  1960.06  89.9531  1.603  0.37  37.6  49  4.3039  92.3999
144.977  115.152  2005.1  89.8124  6.567  0.36  37.6  49  4.3039  92.3999
145.026  115.152  1875.3  94.9753  162.636  0.39  37.6  49  4.3039  92.3999
145.075  115.152  1972  89.8908  3.757  0.37  37.6  49  4.3039  92.3999
145.124  115.281  1910.25  94.6122  153.604  0.38  37.6  49  4.3039  92.3999
145.173  115.281  1974.82  89.9507  1.698  0.37  38.4  49  4.3039  92.3999
145.222  115.281  1979.54  89.8515  5.132  0.37  38.4  49  4.3039  92.3999
145.27  115.41  1892.26  94.7267  155.928  0.38  38.4  49  4.3039  92.3999
145.319  115.41  1879.25  95.1631  169.118  0.39  38.4  49  4.3039  92.3999
145.368  115.41  2013.26  89.9446  1.946  0.36  38.4  49  4.3039  92.3999
145.417  115.538  1890.21  96.2019  204.202  0.38  38.4  49  4.3039  92.3999
145.466  115.538  1818.69  90.0018  0.057  0.4  38.4  49  4.3039  92.3999
145.514  115.538  1908.93  95.2658  175.194  0.38  38.4  49  4.3039  92.3999
145.563  115.667  1811.41  90.0209  0.66  0.4  38.4  49  4.3039  92.3999
145.612  115.667  2003.79  89.972  0.981  0.36  38.4  49  4.3039  92.3999
145.661  115.667  1920.9  94.5444  152.195  0.38  38.4  49  4.3039  92.3999
145.71  115.667  1861.89  95.5956  181.547  0.39  38.4  49  4.3039  92.3999
145.758  115.796  1839.55  90.0008  0.025  0.39  37  49  4.3039  92.3999
145.807  115.796  1914.32  96.0674  202.341  0.38  37  49  4.3039  92.3999
145.856  115.796  1882.56  94.061  133.32  0.39  37  49  4.3039  92.3999
145.905  115.925  1916.88  94.9787  166.356  0.38  37  49  4.3039  92.3999
145.953  115.925  1889.45  95.0749  167.136  0.38  37  49  4.3039  92.3999
146.002  115.925  1960.47  89.0479  32.577  0.37  37  49  4.3139  92.3999
146.051  116.054  2015  89.5293  16.554  0.36  38.3  49  4.3139  92.3999
146.1  116.054  1873.29  95.1749  168.965  0.39  38.3  49  4.3139  92.3999
146.149  116.054  1987.27  89.9629  1.286  0.36  38.3  49  4.3139  92.3999
146.197  116.182  1903.68  94.8442  160.759  0.38  38.3  49  4.3139  92.3999
146.246  116.182  1937.72  89.902  3.316  0.37  38.3  49  4.4739  92.3999
146.295  116.182  2038.56  89.9869  0.465  0.35  38.3  49  4.4739  92.3999
146.344  116.311  1893.8  96.3234  208.585  0.38  38.7  49  4.4739  92.3999
146.393  116.311  1866.15  95.2441  170.565  0.39  38.7  49  4.4739  92.3999
146.442  116.311  1920.32  90.0236  0.789  0.38  38.7  49  4.4739  92.3999
146.49  116.311  1887.97  95.084  167.306  0.38  38.7  49  4.4739  92.3999
146.539  116.44  1884.03  94.0511  133.098  0.38  38.7  49  4.4839  92.3999
146.588  116.44  2011.61  89.6631  11.829  0.36  38.7  49  4.4839  92.3999
146.637  116.44  1991.03  89.9794  0.717  0.36  39.3  49  4.4839  92.3999
146.685  116.569  1957.52  89.0649  31.947  0.37  39.3  49  4.4839  92.3999
146.734  116.569  1907.71  94.7236  157.099  0.38  39.3  49  4.4839  92.3999
146.783  116.569  1953.53  89.9299  2.388  0.37  39.3  49  4.4839  92.3999
146.832  116.698  2009.71  89.9243  2.656  0.36  39.3  49  4.4839  92.3999
146.88  116.698  1901.45  94.7156  156.32  0.38  39.3  49  4.4839  92.3999
146.929  116.698  1869.27  95.2715  171.74  0.39  39.3  49  4.4839  92.3999
146.978  116.826  1934.05  94.9214  165.922  0.38  38.4  49  4.4839  92.3999
147.027  116.826  1902.95  94.7061  156.128  0.38  38.4  49  4.4839  92.3999
147.075  116.826  1824.62  90.0065  0.208  0.4  38.4  49  4.4839  92.3999
147.124  116.826  1925.5  94.5151  151.578  0.38  38.4  49  4.4839  92.3999
147.173  116.955  1866.58  95.0301  163.661  0.39  38.4  49  4.4839  92.3999
147.222  116.955  1979.88  88.936  36.765  0.37  38.4  49  4.4839  92.3999
147.27  116.955  1933.18  94.756  160.286  0.38  38.2  49  4.4839  92.3999
147.319  117.084  1945.39  89.8984  3.45  0.37  38.2  49  4.4839  92.3999
147.368  117.084  1992.56  89.8596  4.882  0.36  38.2  49  4.4839  92.3999
147.417  117.084  1927.89  96.2802  210.893  0.38  38.2  49  4.4839  92.3999
147.465  117.213  1820.33  90.0646  2.051  0.4  38.2  49  4.4839  92.3999
147.514  117.213  2033.86  90.0105  0.374  0.36  38.2  49  4.4839  92.3999
147.563  117.213  1876.76  94.9661  162.462  0.39  38.6  49  4.4839  92.3999
147.612  117.342  1873.3  94.03  131.653  0.39  38.6  49  4.4839  92.3999
147.66  117.342  2006.23  89.7681  8.12  0.36  38.6  49  4.4839  92.3999
147.709  117.342  1874.29  95.0751  165.804  0.39  38.6  49  4.4839  92.3999
147.758  117.47  1970.56  87.9531  70.384  0.37  38.6  49  4.4839  92.3999
147.807  117.47  1909.39  95.0468  167.969  0.38  38.6  49  4.4839  92.3999
147.855  117.47  1863.91  95.3975  175.328  0.39  39.6  49  4.4839  92.3999
147.904  117.47  2010.28  89.6907  10.852  0.36  39.6  49  4.4839  92.3999
147.953  117.599  1902.41  94.8996  162.486  0.38  39.6  49  4.4839  92.3999
148.002  117.599  1868.01  94.1595  135.493  0.39  39.6  49  4.4839  92.3999
148.05  117.599  1920.17  95.0064  167.566  0.38  39.6  49  4.4839  92.3999
148.099  117.728  1875.3  94.9753  162.636  0.39  39.6  49  4.4839  92.3999
148.148  117.728  1832.06  90.0037  0.117  0.39  38.6  49  4.5539  92.3999
148.197  117.728  2004.95  89.6596  11.912  0.36  38.6  49  4.5539  92.3999
148.246  117.857  1866.42  90.0254  0.827  0.39  38.6  49  4.5539  92.3999
148.294  117.857  1841.04  89.9931  0.222  0.39  38.6  49  4.5539  92.3999
148.343  117.857  1924.85  95.9607  199.889  0.38  38.6  49  4.5539  92.3999
148.392  117.986  1878.68  95.3542  175.305  0.39  38.6  49  4.5539  92.3999
148.441  117.986  1925.26  95.0714  170.187  0.38  38.8  49  4.5539  92.3999
148.49  117.986  1904.52  96.3119  209.386  0.38  38.8  49  4.5539  92.3999
148.539  117.986  1928.27  89.3444  22.063  0.38  38.8  49  4.5539  92.3999
148.587  118.114  2006.77  89.5346  16.301  0.36  38.8  49  4.5539  92.3999
148.636  118.114  1884.79  95.0567  166.128  0.39  38.8  49  4.5539  92.3999
148.686  118.114  2008.35  89.9486  1.801  0.36  38.8  49  4.5539  92.3999
148.734  118.243  1989.97  89.7766  7.76  0.36  36.6  49  4.5539  92.3999
148.783  118.243  1886.38  95.072  166.771  0.39  36.6  49  4.5539  92.3999
148.832  118.243  2025.6  90.0137  0.483  0.36  36.6  49  4.5539  92.3999
148.88  118.372  1919.32  94.8421  162.01  0.38  36.6  49  4.5539  92.3999
148.929  118.372  1865.58  95.4339  176.664  0.39  36.6  49  4.5539  92.3999
148.978  118.372  2009.15  89.7351  9.289  0.36  36.6  49  4.5539  92.3999
149.027  118.501  1901.15  94.955  164.208  0.38  38.9  49  4.5539  92.3999
149.075  118.501  1875.01  94.0652  132.924  0.39  38.9  49  4.5539  92.3999
149.124  118.501  2021.98  89.4144  20.666  0.36  38.9  49  4.5539  92.3999
149.173  118.63  1878.38  96.2679  205.075  0.39  38.9  49  4.5539  92.3999
149.222  118.63  1817.34  90.0445  1.412  0.4  38.9  49  4.5539  92.3999
149.271  118.63  1910.43  94.945  164.679  0.38  38.9  49  4.5539  92.3999
149.32  118.63  1939.17  89.8943  3.578  0.37  37.8  49  4.5539  92.3999
149.368  118.758  1996.47  89.9156  2.94  0.36  37.8  49  4.5539  92.3999
149.417  118.758  1927.49  94.8877  164.227  0.38  37.8  49  4.5539  92.3999
149.466  118.758  1880.5  95.1085  167.444  0.39  37.8  49  4.5539  92.3999
149.515  118.887  1997.5  88.9116  37.942  0.36  37.8  49  4.5539  92.3999
149.563  118.887  1916.49  96.1987  206.936  0.38  37.8  49  4.5539  92.3999
149.612  118.887  1888.55  95.2  171.164  0.38  37.8  49  4.5539  92.3999
149.661  119.016  1914.78  95.1828  172.969  0.38  38.9  49  4.5539  92.3999
149.71  119.016  1880.37  95.0841  166.636  0.39  38.9  49  4.5539  92.3999
149.758  119.016  1964.92  89.0223  33.529  0.37  38.9  49  4.5539  92.3999
149.807  119.145  2010.2  89.8244  6.161  0.36  38.9  49  4.5539  92.3999
149.856  119.145  1975.72  90.0207  0.715  0.37  38.9  49  4.5539  92.3999
149.905  119.145  1988.07  88.8117  41.231  0.36  38.9  49  4.5539  92.3999
149.953  119.145  1916.28  96.1521  205.363  0.38  39.4  49  4.5539  92.3999
150.002  119.274  1867.37  95.19  168.919  0.39  39.4  49  4.5539  92.3999
150.051  119.274  2009.71  89.9243  2.656  0.36  39.4  49  4.5539  92.3999
150.1  119.274  1899.39  96.198  205.067  0.38  39.4  49  4.5539  92.3999
150.148  119.403  1830.58  90.0113  0.362  0.4  39.4  49  4.5539  92.3999
150.197  119.403  2007.2  89.5708  15.036  0.36  39.4  49  4.5539  92.3999
150.246  119.403  1888.52  96.1642  202.786  0.39  37.9  49  4.5539  92.3999
150.295  119.531  2008.35  89.9486  1.801  0.36  37.9  49  4.5539  92.3999
150.343  119.531  1908.68  94.9082  163.306  0.38  37.9  49  4.5539  92.3999
150.392  119.531  1970.86  90.0086  0.295  0.37  37.9  49  4.5539  92.3999
150.441  119.66  1992.14  89.8237  6.13  0.36  37.9  49  4.5539  92.3999
150.49  119.66  1928.38  96.0372  202.815  0.38  37.9  49  4.5539  92.3999
150.538  119.66  1955.68  89.844  5.324  0.37  37.3  49  4.5539  92.3999
150.587  119.789  1927.04  95.1087  171.594  0.38  37.3  49  4.5539  92.3999
150.636  119.789  1873.73  95.2657  171.962  0.39  37.3  49  4.5539  92.3999
150.685  119.789  1946.22  89.1675  28.279  0.37  37.3  49  4.5539  92.3999
150.733  119.789  2020.4  89.4229  20.351  0.36  37.3  49  4.5539  92.3999
150.782  119.918  1882.59  96.1974  203.234  0.39  37.3  49  4.5539  92.3999
150.831  119.918  1956.9  89.144  29.235  0.37  39.5  49  4.5539  92.3999
150.88  119.918  1925.21  94.7574  159.672  0.38  39.5  49  4.5539  92.3999
150.928  120.047  1958.36  89.942  1.983  0.37  39.5  49  4.5539  92.3999
150.977  120.047  2001.52  89.9279  2.519  0.36  39.5  49  4.5539  92.3999
151.026  120.047  1897.36  95.1207  169.346  0.38  39.5  49  4.5539  92.3999
151.075  120.175  1857.71  94.1828  135.499  0.39  39.5  49  4.5539  92.3999
151.123  120.175  1917.68  94.8301  161.47  0.38  39.4  49  4.5539  92.3999
151.172  120.175  1910.18  96.1858  205.826  0.38  39.4  49  4.5539  92.3999
151.221  120.304  1818.79  90.037  1.173  0.4  39.4  49  4.5539  92.3999
151.27  120.304  1919.12  95.1086  170.887  0.38  39.4  49  4.5539  92.3999
151.318  120.304  1873.3  96.4829  211.509  0.39  39.4  49  4.5539  92.3999
151.367  120.304  1994.79  89.7718  7.946  0.36  39.4  49  4.5539  92.3999
151.416  120.433  1913.28  94.5929  153.205  0.38  37.5  49  4.5539  92.3999
151.465  120.433  1962.68  89.7694  7.898  0.37  37.5  49  4.5539  92.3999
151.513  120.433  2032.3  90.0184  0.651  0.36  37.5  49  4.5539  92.3999
151.562  120.562  1915.46  95.0096  167.262  0.38  37.5  49  4.5539  92.3999
151.611  120.562  1880.81  95.4821  179.682  0.39  37.5  49  4.5539  92.3999
151.659  120.562  1919.93  94.9599  165.994  0.38  37.5  49  4.5539  92.3999
151.708  120.691  1888.99  94.9834  164.091  0.38  39.3  49  4.5539  92.3999
151.757  120.691  1820.33  90.0646  2.051  0.4  39.3  49  4.5539  92.3999
151.806  120.691  1939.46  95.0337  170.17  0.37  39.3  49  4.5539  92.3999
151.855  120.819  1886.95  95.1846  170.513  0.38  39.3  49  4.5539  92.3999
151.903  120.819  1832.15  90.0391  1.25  0.39  39.3  49  4.5539  92.3999
151.952  120.819  2008.64  89.8324  5.874  0.36  39.3  49  4.5539  92.3999
152.001  120.948  1812.85  90.0133  0.421  0.4  39.3  49  4.5539  92.3999
152.05  120.948  1999.97  89.9358  2.241  0.36  39.3  49  4.5539  92.3999
152.099  120.948  1921.99  96.0247  201.726  0.38  39.3  49  4.5539  92.3999
152.147  120.948  1978.46  89.9893  0.371  0.37  39.3  49  4.5539  92.3999
152.196  121.077  2030.74  90.0262  0.928  0.36  39.3  49  4.5539  92.3999
152.245  121.077  1898.15  94.9736  164.564  0.38  39.3  49  4.5539  92.3999
152.294  121.077  1955.43  89.1524  28.926  0.37  39.3  49  4.5539  92.3999
152.342  121.206  2029.65  89.4903  18.055  0.36  39.1  49  4.5539  92.3999
152.391  121.206  1865.14  95.0392  163.829  0.39  39.1  49  4.5539  92.3999
152.44  121.206  1993.23  90.0259  0.902  0.36  39.1  49  4.5539  92.3999
152.489  121.335  1914.74  94.8705  162.57  0.38  39.1  49  4.5539  92.3999
152.537  121.335  1964.3  89.9109  3.054  0.37  39.1  49  4.5539  92.3999
152.586  121.335  2043.76  89.9995  0.019  0.35  39.1  49  4.5539  92.3999
152.635  121.463  1912.8  96.0759  202.462  0.38  39  49  4.5539  92.3999
152.684  121.463  1878.46  95.3087  173.799  0.39  39  49  4.5539  92.3999
152.732  121.463  1920.89  95.1459  172.288  0.38  39  49  4.5539  92.3999
152.781  121.463  1888.2  95.1297  168.827  0.38  39  49  4.5539  92.3999
152.83  121.592  1956.05  89.0734  31.633  0.37  39  49  4.5539  92.3999
152.879  121.592  1997.22  89.7003  10.446  0.36  39  49  4.5539  92.3999
152.927  121.592  1873.84  94.9844  162.808  0.39  39.4  49  4.5539  92.3999
152.976  121.721  1985.62  89.8197  6.247  0.36  39.4  49  4.5539  92.3999
153.025  121.721  1921.39  94.6372  155.337  0.38  39.4  49  4.5539  92.3999
153.074  121.721  1870.4  94.0498  132.093  0.39  39.4  49  4.5539  92.3999
153.123  121.85  2002.91  88.6862  45.922  0.36  39.4  49  4.5539  92.3999
153.171  121.85  1918.06  95.2108  174.2  0.38  39.4  49  4.5539  92.3999
153.22  121.85  1961.52  89.0039  34.098  0.37  38.9  49  4.5539  92.3999
153.269  121.979  2015.41  89.7025  10.466  0.36  38.9  49  4.5539  92.3999
153.318  121.979  1904.7  94.7426  157.481  0.38  38.9  49  4.5539  92.3999
153.366  121.979  1866.07  94.0793  132.747  0.39  38.9  49  4.5539  92.3999
153.415  122.107  1985.24  89.6494  12.149  0.36  38.9  49  4.5539  92.3999
153.464  122.107  1961.33  89.9265  2.518  0.37  38.9  49  4.5539  92.3999
153.513  122.107  1978.55  87.8241  75.122  0.37  39.7  49  4.5539  92.3999
153.561  122.107  1921.15  94.5908  153.766  0.38  39.7  49  4.5539  92.3999
153.61  122.236  1877.41  93.955  129.49  0.39  39.7  49  4.5539  92.3999
153.659  122.236  2014.68  88.6956  45.862  0.36  39.7  49  4.5539  92.3999
153.708  122.236  1917.55  94.8052  160.63  0.38  39.7  49  4.5539  92.3999
153.756  122.365  1881.09  94.0709  133.541  0.39  39.7  49  4.5539  92.3999
153.805  122.365  2008.32  89.5263  16.605  0.36  39.1  49  4.5539  92.3999
153.854  122.365  1898.7  94.7806  158.237  0.38  39.1  49  4.5539  92.3999
153.903  122.494  1966.15  88.863  39.014  0.37  39.1  49  4.5539  92.3999
153.951  122.494  2007.36  89.7238  9.676  0.36  39.1  49  4.5539  92.3999
154  122.494  1874.6  94.8392  158.14  0.39  39.1  49  4.5539  92.3999
154.049  122.623  1992.34  88.632  47.565  0.36  39.1  49  4.5539  92.3999
154.098  122.623  1923.96  94.5249  151.784  0.38  38.7  49  4.5539  92.3999
154.147  122.623  1848.08  94.0387  130.16  0.39  38.7  49  4.5539  92.3999
154.195  122.623  2011.69  89.9526  1.665  0.36  38.7  49  4.5539  92.3999
154.244  122.751  1990.92  89.5809  14.562  0.36  38.7  49  4.5539  92.3999
154.293  122.751  1939.37  89.244  25.588  0.37  38.7  49  4.5539  92.3999
154.342  122.751  1926.8  95.062  170.01  0.38  38.7  49  4.5539  92.3999
154.39  122.88  1897.47  96.114  202.095  0.38  38.7  49  4.5539  92.3999
154.439  122.88  1988.79  89.9551  1.56  0.36  40.8  49  4.5539  92.3999
154.488  122.88  1933.72  94.5594  153.716  0.38  40.8  49  4.5539  92.3999
154.537  123.009  1889.91  95.1664  170.183  0.38  40.8  49  4.5539  92.3999
154.586  123.009  1962.75  88.8449  39.567  0.37  40.8  49  4.5539  92.3999
154.634  123.009  1933.21  94.466  150.534  0.38  40.8  49  4.5539  92.3999
154.683  123.138  1872.39  95.299  172.921  0.39  40.8  49  4.5539  92.3999
154.732  123.138  2016.27  89.7752  7.911  0.36  40.4  49  4.5539  92.3999
154.781  123.138  1995.41  89.8244  6.115  0.36  40.4  49  4.5539  92.3999
154.829  123.267  1957.95  89.1002  30.747  0.37  40.4  49  4.5539  92.3999
154.878  123.267  1930.21  94.8003  161.526  0.38  40.4  49  4.5539  92.3999
154.927  123.267  1887.97  95.084  167.306  0.38  40.4  49  4.5539  92.3999
154.976  123.267  1977.31  88.9891  34.885  0.37  40.4  49  4.5539  92.3999
155.024  123.395  1933.47  94.5127  152.124  0.38  39.2  49  4.5539  92.3999
155.073  123.395  1873.06  95.1296  167.468  0.39  39.2  49  4.5539  92.3999
155.122  123.395  2013.4  89.9609  1.375  0.36  39.2  49  4.5539  92.3999
155.171  123.524  2022.61  89.6053  13.933  0.36  39.2  49  4.5539  92.3999
155.22  123.524  1979.94  89.9816  0.636  0.37  39.2  49  4.5539  92.3999
155.269  123.524  2007.84  88.8134  41.581  0.36  39.2  49  4.5539  92.3999
155.317  123.653  1905.42  96.1645  204.612  0.38  39.7  49  4.5539  92.3999
155.366  123.653  1956.67  88.9942  34.346  0.37  39.7  49  4.5539  92.3999
155.415  123.653  2007.84  88.8134  41.581  0.36  39.7  49  4.5539  92.3999
155.463  123.782  1887.03  96.1725  202.899  0.39  39.7  49  4.5539  92.3999
155.512  123.782  1940.37  88.9388  35.937  0.37  39.7  49  4.5539  92.3999
155.561  123.782  1925.97  95.2113  174.935  0.38  39.7  49  4.5539  92.3999
155.61  123.782  1947.52  89.8128  6.364  0.37  39.1  49  4.5539  92.3999
155.658  123.911  1823.16  90.0142  0.45  0.4  39.1  49  4.5539  92.3999
155.707  123.911  1891.72  94.9191  162.214  0.38  39.1  49  4.5539  92.3999
155.756  123.911  1889.35  95.0536  166.429  0.38  39.1  49  4.5539  92.3999
155.805  124.04  1981.06  89.8436  5.409  0.37  39.1  49  4.5539  92.3999
155.854  124.04  1908.92  94.9544  164.859  0.38  39.1  49  4.5539  92.3999
155.902  124.04  1869.04  95.2262  170.249  0.39  40.6  49  4.5539  92.3999
155.951  124.168  1927.04  95.1087  171.594  0.38  40.6  49  4.5539  92.3999
156  124.168  1864.68  94.949  160.863  0.39  40.6  49  4.5539  92.3999
156.049  124.168  1972.81  89.9619  1.312  0.37  40.6  49  4.5539  92.3999
156.097  124.297  2009.62  89.635  12.802  0.36  40.6  49  4.5539  92.3999
156.147  124.297  1891.4  94.0012  131.976  0.38  40.6  49  4.5539  92.3999
156.195  124.297  2001.38  89.7756  7.839  0.36  38.9  49  4.5539  92.3999
156.244  124.426  1937.84  94.7271  159.697  0.37  38.9  49  4.5539  92.3999
156.293  124.426  1865.12  94.179  135.918  0.39  38.9  49  4.5539  92.3999
156.342  124.426  1996.14  88.8033  41.688  0.36  38.9  49  4.5539  92.3999
156.39  124.426  1902.95  94.7061  156.128  0.38  38.9  49  4.5539  92.3999
156.439  124.555  1959.79  88.8623  38.913  0.37  38.9  49  4.5539  92.3999
156.487  124.555  1921.12  95.1924  173.863  0.38  39.3  49  4.5539  92.3999
156.536  124.555  1892.19  95.0107  165.267  0.38  39.3  49  4.5539  92.3999
156.585  124.684  1970  88.9167  37.243  0.37  39.3  49  4.5539  92.3999
156.634  124.684  1856.24  89.9872  0.416  0.39  39.3  49  4.5539  92.3999
156.682  124.684  1868.79  94.8762  158.854  0.39  39.3  49  4.5539  92.3999
156.731  124.812  1976.43  88.9177  37.333  0.37  39.3  49  4.5539  92.3999
156.78  124.812  2001.58  89.7923  7.255  0.36  39.3  49  4.5539  92.3999
156.829  124.812  1805.52  89.9999  0.003  0.4  39.3  49  4.5539  92.3999
156.877  124.941  1978.76  89.646  12.226  0.37  39.3  49  4.5539  92.3999
156.926  124.941  1898.5  96.3449  209.81  0.38  39.3  49  4.5539  92.3999
156.975  124.941  1951.4  88.9493  35.783  0.37  39.3  49  4.5539  92.3999
157.025  125.07  1946.8  94.892  166.021  0.37  39.3  49  4.5539  92.3999
157.073  125.07  1977.19  90.0131  0.453  0.37  39.3  49  4.5539  92.3999
157.122  125.07  1954.58  89.0818  31.321  0.37  38.8  49  4.5539  92.3999
157.171  125.07  2009.19  89.5988  14.07  0.36  38.8  49  4.5539  92.3999
157.22  125.199  1880.45  94.8019  157.415  0.39  38.8  49  4.5539  92.3999
157.268  125.199  1976.43  88.9177  37.333  0.37  38.8  49  4.5539  92.3999
157.317  125.199  1919.81  94.935  165.152  0.38  38.8  49  4.5539  92.3999
157.366  125.328  1820.24  90.0294  0.933  0.4  38.8  49  4.5539  92.3999
157.415  125.328  1977.59  87.7524  77.558  0.37  39.1  49  4.5539  92.3999
157.463  125.328  1899.65  94.9643  164.387  0.38  39.1  49  4.5539  92.3999
157.512  125.456  1945.38  89.0972  30.651  0.37  39.1  49  4.5539  92.3999
157.561  125.456  1955.53  94.6923  159.973  0.37  39.1  49  4.5539  92.3999
157.61  125.456  1964.3  89.9109  3.054  0.37  39.1  49  4.5539  92.3999
157.659  125.585  1940.39  88.0699  65.353  0.37  39.1  49  4.5539  92.3999
157.708  125.585  1925.21  94.7574  159.672  0.38  40.2  49  4.5539  92.3999
157.757  125.585  1897.94  95.2372  173.244  0.38  40.2  49  4.5539  92.3999
157.805  125.585  2028.23  89.962  1.343  0.36  40.2  49  4.5539  92.3999
157.854  125.714  1896.59  96.2608  206.832  0.38  40.2  49  4.5539  92.3999
157.903  125.714  1848.74  95.3056  170.95  0.39  40.2  49  4.5539  92.3999
157.952  125.714  2006.75  88.8586  39.975  0.36  40.2  49  4.5539  92.3999
158  125.843  1974.38  89.8205  6.187  0.37  39.9  49  4.5539  92.3999
158.049  125.843  1830.68  90.0467  1.493  0.4  39.9  49  4.5539  92.3999
158.098  125.843  1921.46  94.9505  165.812  0.38  39.9  49  4.5539  92.3999
158.147  125.972  1881.92  94.7926  157.232  0.39  39.9  49  4.5539  92.3999
158.196  125.972  1997.17  89.8357  5.727  0.36  39.9  49  4.5539  92.3999
158.244  125.972  1932.6  95.9174  199.239  0.38  39.9  49  4.5539  92.3999
158.293  126.1  1974.82  89.9507  1.698  0.37  38.5  49  4.5539  92.3999
158.342  126.1  1996.6  88.8394  40.44  0.36  38.5  49  4.5539  92.3999
158.391  126.1  2011.76  89.8163  6.449  0.36  38.5  49  4.5539  92.3999
158.439  126.229  1884.68  95.0355  165.425  0.39  38.5  49  4.5539  92.3999
158.488  126.229  1941.02  95.0242  169.989  0.37  38.5  49  4.5539  92.3999
158.537  126.229  1892.71  96.4238  211.759  0.38  38.5  49  4.5539  92.3999
158.586  126.229  1860.57  94.1633  135.078  0.39  40.1  49  4.5539  92.3999
158.635  126.358  1930.37  95.1368  172.833  0.38  40.1  49  4.5539  92.3999
158.683  126.358  1966.88  89.8599  4.811  0.37  40.1  49  4.5539  92.3999
158.732  126.358  1967.66  87.8556  73.625  0.37  40.1  49  4.5539  92.3999
158.781  126.487  2005.21  89.5428  15.999  0.36  40.1  49  4.5539  92.3999
158.83  126.487  1997.74  90.0029  0.1  0.36  40.1  49  4.5539  92.3999
158.879  126.487  2036.51  89.9587  1.468  0.36  40.2  49  4.5539  92.3999
158.927  126.616  2000.88  89.8725  4.453  0.36  40.2  49  4.5539  92.3999
158.976  126.616  1984.84  89.9938  0.216  0.36  40.2  49  4.5539  92.3999
159.025  126.616  2027.03  89.8359  5.807  0.36  40.2  49  4.5539  92.3999
159.074  126.744  2000.97  90.0039  0.136  0.36  40.2  49  4.5539  92.3999
159.122  126.744  1829.2  90.0543  1.735  0.4  40.2  49  4.5539  92.3999
159.171  126.744  1945.48  94.9487  167.825  0.37  39.5  49  4.5539  92.3999
159.22  126.744  2000.97  90.0039  0.136  0.36  39.5  49  4.5539  92.3999
159.269  126.873  1964.05  88.9513  35.946  0.37  39.5  49  4.5539  92.3999
159.317  126.873  1933.43  94.8028  161.879  0.38  39.5  49  4.5539  92.3999
159.366  126.873  1879.25  95.1631  169.118  0.39  39.5  49  4.5539  92.3999
159.415  127.002  1999.03  88.9028  38.278  0.36  39.5  49  4.5539  92.3999
159.464  127.002  1986.5  89.7568  8.433  0.36  39.5  49  4.5539  92.3999
159.513  127.002  1814.25  89.9895  0.334  0.4  40.5  49  4.5539  92.3999
159.561  127.131  1940.85  94.6859  158.555  0.37  40.5  49  4.5539  92.3999
159.61  127.131  1980.84  89.8244  6.07  0.37  40.5  49  4.5539  92.3999
159.659  127.131  1941.63  89.0439  32.399  0.37  40.5  49  4.5539  92.3999
159.708  127.26  2009.35  89.7519  8.7  0.36  40.5  49  4.5539  92.3999
159.756  127.26  1961.6  89.8127  6.414  0.37  40.5  49  4.5539  92.3999
159.805  127.26  1995.07  88.8483  40.101  0.36  39.9  49  4.5539  92.3999
159.854  127.388  1999.45  89.6119  13.542  0.36  39.9  49  4.5539  92.3999
159.903  127.388  1862.25  94.1985  136.339  0.39  39.9  49  4.5539  92.3999
159.951  127.388  1933.56  94.8279  162.733  0.38  39.9  49  4.5539  92.3999
160  127.388  1923.92  94.8135  161.442  0.38  39.9  49  4.5539  92.3999
160.049  127.517  1982.29  89.9507  1.707  0.36  39.9  49  4.5539  92.3999
160.098  127.517  2017.55  89.8843  4.075  0.36  39.3  49  4.5539  92.3999
160.147  127.517  1992.98  90.007  0.243  0.36  39.3  49  4.5539  92.3999
160.195  127.646  1966.41  89.0137  33.848  0.37  39.3  49  4.5539  92.3999
160.244  127.646  2009.88  89.518  16.91  0.36  39.3  49  4.5539  92.3999
160.293  127.646  1966.07  89.789  7.24  0.37  39.3  49  4.5539  92.3999
160.342  127.775  1985.2  88.7128  44.596  0.36  39.3  49  4.5539  92.3999
160.39  127.775  1927.54  94.5984  154.534  0.38  39.7  49  4.5539  92.3999
160.439  127.775  1886.49  95.401  177.566  0.39  39.7  49  4.5539  92.3999
160.488  127.904  2005.61  89.7152  9.971  0.36  39.7  49  4.5539  92.3999
160.537  127.904  1916.49  96.1987  206.936  0.38  39.7  49  4.5539  92.3999
160.585  127.904  1948.1  89.1943  27.395  0.37  39.7  49  4.5539  92.3999
160.634  128.032  1920.74  94.811  161.092  0.38  39.7  49  4.5539  92.3999
160.683  128.032  1879.92  94.9931  163.62  0.39  39.4  49  4.5539  92.3999
160.732  128.032  1982.62  88.7664  42.682  0.36  39.4  49  4.5539  92.3999
160.78  128.032  1936.58  95.0994  172.131  0.38  39.4  49  4.5539  92.3999
160.829  128.161  1871.16  95.3533  174.572  0.39  39.4  49  4.5539  92.3999
160.878  128.161  2014.83  89.9367  2.228  0.36  39.4  49  4.5539  92.3999
160.927  128.161  1951.98  94.3466  147.939  0.37  39.4  49  4.5539  92.3999
160.975  128.29  1880.84  94.0256  132.039  0.39  39.4  49  4.5539  92.3999
161.024  128.29  2010.13  89.9605  1.385  0.36  39.4  49  4.5539  92.3999
161.073  128.29  1903.59  94.5339  150.478  0.38  39.4  49  4.5539  92.3999
161.122  128.419  1925.65  88.1269  62.942  0.38  39.4  49  4.5539  92.3999
161.171  128.419  2025.58  89.434  20.009  0.36  39.4  49  4.5539  92.3999
161.219  128.419  1997.96  90.0193  0.673  0.36  39.4  49  4.5539  92.3999
161.268  128.548  2005.31  89.9642  1.254  0.36  38.4  49  4.5539  92.3999
161.317  128.548  2004.1  89.5873  14.436  0.36  38.4  49  4.5539  92.3999
161.365  128.548  1956.88  89.9497  1.718  0.37  38.4  49  4.5539  92.3999
161.414  128.548  1961.69  88.0098  68.126  0.37  38.4  49  4.5539  92.3999
161.463  128.676  2005.53  89.8485  5.303  0.36  38.4  49  4.5539  92.3999
161.512  128.676  1860.38  95.2798  171.191  0.39  38.4  49  4.5539  92.3999
161.561  128.676  2012.34  90.0043  0.153  0.36  40  49  4.5539  92.3999
161.61  128.805  1899.17  94.8724  161.31  0.38  40  49  4.5539  92.3999
161.658  128.805  1973.51  89.883  4.03  0.37  40  49  4.5539  92.3999
161.707  128.805  1940.03  94.8364  163.565  0.37  40  49  4.5539  92.3999
161.756  128.934  1907.22  94.6314  153.999  0.38  40  49  4.5539  92.3999
161.805  128.934  2034.12  90.0299  1.06  0.36  40  49  4.5539  92.3999
161.854  128.934  2020.4  89.4229  20.351  0.36  40  49  4.5539  92.3999
161.903  129.063  1959.44  89.8989  3.457  0.37  40.1  49  4.5539  92.3999
161.951  129.063  1996.05  89.8797  4.192  0.36  40.1  49  4.5539  92.3999
162  129.063  2011.18  89.6268  13.1  0.36  40.1  49  4.5539  92.3999
162.049  129.063  1884.12  95.2272  171.652  0.39  40.1  49  4.5539  92.3999
162.098  129.192  1984.13  88.7576  43.022  0.36  40.1  49  4.5539  92.3999
162.147  129.192  1898.15  94.9736  164.564  0.38  40.1  49  4.5539  92.3999
162.196  129.192  1976.93  89.9029  3.352  0.37  39.6  49  4.5539  92.3999
162.244  129.321  2006.51  89.6514  12.207  0.36  39.6  49  4.5539  92.3999
162.293  129.321  1879.36  95.1843  169.817  0.39  39.6  49  4.5539  92.3999
162.342  129.321  1904.4  95.2931  175.681  0.38  39.6  49  4.5539  92.3999
162.391  129.449  1913.49  95.2384  174.701  0.38  39.6  49  4.5539  92.3999
162.44  129.449  1890.7  95.0199  165.44  0.38  39.6  49  4.5539  92.3999
162.489  129.449  1912.08  94.9604  165.333  0.38  38.9  49  4.5539  92.3999
162.537  129.578  2010.05  89.6713  11.532  0.36  38.9  49  4.5539  92.3999
162.586  129.578  1942.08  89.8788  4.107  0.37  38.9  49  4.5539  92.3999
162.635  129.578  2018.55  89.6861  11.06  0.36  38.9  49  4.5539  92.3999
162.684  129.707  1909.15  95.0006  166.414  0.38  38.9  49  4.5539  92.3999
162.733  129.707  1826.17  90.0342  1.091  0.4  38.9  49  4.5539  92.3999
162.782  129.707  1994.41  89.6005  13.906  0.36  39.8  49  4.5539  92.3999
162.83  129.707  1891.7  96.1935  204.09  0.38  39.8  49  4.5539  92.3999
162.879  129.836  1984.86  88.9457  36.521  0.36  39.8  49  4.5539  92.3999
162.928  129.836  1991.92  89.8045  6.798  0.36  39.8  49  4.5539  92.3999
162.977  129.836  1871.73  95.1629  168.434  0.39  39.8  49  4.5539  92.3999
163.025  129.965  1989.59  88.8028  41.569  0.36  39.8  49  4.5539  92.3999
163.074  129.965  1910.22  95.2104  173.473  0.38  40.2  49  4.5539  92.3999
163.123  129.965  1864.63  94.0891  132.964  0.39  40.2  49  4.5539  92.3999
163.172  130.093  1928.67  94.8099  161.718  0.38  40.2  49  4.5539  92.3999
163.22  130.093  1885.57  94.9106  161.407  0.39  40.2  49  4.5539  92.3999
163.269  130.093  1952.91  89.2044  27.116  0.37  40.2  49  4.5539  92.3999
163.318  130.222  2014.04  89.7275  9.579  0.36  40.2  49  4.5539  92.3999
163.367  130.222  1989.53  89.9871  0.449  0.36  38.8  49  4.5539  92.3999
163.415  130.222  1984.92  89.8992  3.492  0.36  38.8  49  4.5539  92.3999
163.464  130.222  1923.96  96.1097  204.77  0.38  38.8  49  4.5539  92.3999
163.513  130.351  1977.19  90.0131  0.453  0.37  38.8  49  4.5539  92.3999
163.562  130.351  1904.52  95.0071  166.225  0.38  38.8  49  4.5539  92.3999
163.61  130.351  1923.31  95.9693  200.017  0.38  38.8  49  4.5539  92.3999
163.659  130.48  1884.12  95.2272  171.652  0.39  39.2  49  4.5539  92.3999
163.708  130.48  1923.24  94.9876  167.207  0.38  39.2  49  4.5539  92.3999
163.757  130.48  1918.64  96.3303  211.55  0.38  39.2  49  4.5539  92.3999
163.805  130.609  1889.81  95.1451  169.476  0.38  39.2  49  4.5539  92.3999
163.854  130.609  2017.44  89.5937  14.305  0.36  39.2  49  4.5539  92.3999
163.903  130.609  1886.03  95.0019  164.44  0.39  39.2  49  4.5539  92.3999
163.952  130.737  1844.12  90.0133  0.428  0.39  39.2  49  4.5539  92.3999
164.001  130.737  1913.7  94.9726  165.878  0.38  39.2  49  4.5539  92.3999
164.049  130.737  1967.29  89.8953  3.595  0.37  39.2  49  4.5539  92.3999
164.098  130.737  2000.68  89.8557  5.037  0.36  39.2  49  4.5539  92.3999
164.147  130.866  1991.77  89.6528  12.071  0.36  39.2  49  4.5539  92.3999
164.197  130.866  1878.8  95.0722  166.105  0.39  39.2  49  4.5539  92.3999
164.245  130.866  2013.98  89.864  4.78  0.36  39.4  49  4.5539  92.3999
164.294  130.995  1912.93  96.4566  215.111  0.38  39.4  49  4.5539  92.3999
164.343  130.995  1887.63  95.0171  165.08  0.38  39.4  49  4.5539  92.3999
164.392  130.995  1930.12  94.4857  150.954  0.38  39.4  49  4.5539  92.3999
164.44  131.124  1878.22  94.9569  162.288  0.39  39.4  49  4.5539  92.3999
164.489  131.124  1969.82  89.0321  33.274  0.37  39.4  49  4.5539  92.3999
164.538  131.124  1921.58  94.9721  166.543  0.38  39.4  49  4.5539  92.3999
164.587  131.253  1989.07  89.9518  1.673  0.36  40.2  49  4.5539  92.3999
164.635  131.253  1917.92  94.8764  163.038  0.38  40.2  49  4.5539  92.3999
164.684  131.253  1917.55  94.8052  160.63  0.38  40.2  49  4.5539  92.3999
164.733  131.381  1820.33  90.0646  2.051  0.4  40.2  49  4.5539  92.3999
164.782  131.381  2019.97  89.9491  1.795  0.36  40.2  49  4.5539  92.3999
164.831  131.381  1908.2  94.8159  160.201  0.38  40.2  49  4.5539  92.3999
164.88  131.381  1965.78  89.0932  31.109  0.37  39.8  49  4.5539  92.3999
164.928  131.51  2009.88  89.518  16.91  0.36  39.8  49  4.5539  92.3999
164.977  131.51  1878.22  94.9569  162.288  0.39  39.8  49  4.5539  92.3999
165.026  131.51  1963.87  89.0663  32.003  0.37  39.8  49  4.5539  92.3999
165.075  131.639  1915.78  94.7684  159.255  0.38  39.8  49  4.5539  92.3999
165.124  131.639  1885.8  94.9562  162.923  0.39  39.8  49  4.5539  92.3999
165.173  131.639  2001.81  89.8117  6.58  0.36  40.4  49  4.5539  92.3999
165.221  131.768  1902.65  94.9457  164.029  0.38  40.4  49  4.5539  92.3999
165.27  131.768  1818.69  90.0018  0.057  0.4  40.4  49  4.5539  92.3999
165.319  131.768  1925.26  95.0714  170.187  0.38  40.4  49  4.5539  92.3999
165.368  131.897  1976.02  89.9628  1.283  0.37  40.4  49  4.5539  92.3999
165.417  131.897  1958.57  89.021  33.463  0.37  40.4  49  4.5539  92.3999
165.466  131.897  1937.9  95.0431  170.351  0.37  40  49  4.5539  92.3999
165.514  131.897  1863.12  95.5418  179.924  0.39  40  49  4.5539  92.3999
165.563  132.025  1981.11  88.7753  42.344  0.37  40  49  4.5539  92.3999
165.612  132.025  1919.32  94.8421  162.01  0.38  40  49  4.5539  92.3999
165.661  132.025  1870.36  95.4981  179.206  0.39  40  49  4.5539  92.3999
165.71  132.154  1913.35  94.9048  163.592  0.38  40  49  4.5539  92.3999
165.758  132.154  1910.36  94.6336  154.325  0.38  40.7  49  4.5539  92.3999
165.807  132.154  1892.08  94.9894  164.558  0.38  40.7  49  4.5539  92.3999
165.856  132.283  1994.41  89.6005  13.906  0.36  40.7  49  4.5539  92.3999
165.905  132.283  1876.45  94.6148  150.972  0.39  40.7  49  4.5539  92.3999
165.953  132.283  1873.05  93.9849  130.164  0.39  40.7  49  4.5539  92.3999
166.003  132.412  2001.85  89.6759  11.322  0.36  40.7  49  4.5539  92.3999
166.052  132.412  1995.53  89.9562  1.524  0.36  39.2  49  4.5539  92.3999
166.1  132.412  1986.03  89.8555  5.008  0.36  39.2  49  4.5539  92.3999
166.149  132.541  1922.84  96.2117  208.056  0.38  39.2  49  4.5539  92.3999
166.198  132.541  1846.19  93.9595  127.481  0.39  39.2  49  4.5539  92.3999
166.247  132.541  1944.23  94.7135  159.762  0.37  39.2  49  4.5539  92.3999
166.295  132.541  1902.19  96.135  203.291  0.38  39.2  49  4.5539  92.3999
166.344  132.669  1817.34  90.0445  1.412  0.4  39.6  49  4.5539  92.3999
166.393  132.669  1991.77  89.6528  12.071  0.36  39.6  49  4.5539  92.3999
166.442  132.669  1876.76  94.9661  162.462  0.39  39.6  49  4.5539  92.3999
166.49  132.798  1964.52  89.9299  2.405  0.37  39.6  49  4.5539  92.3999
166.539  132.798  1998.77  89.6922  10.737  0.36  39.6  49  4.5539  92.3999
166.588  132.798  1968.79  89.8875  3.867  0.37  39.6  49  4.5539  92.3999
166.637  132.927  1899.54  94.943  163.673  0.38  40.1  49  4.5539  92.3999
166.685  132.927  1906.13  95.0192  166.767  0.38  40.1  49  4.5539  92.3999
166.734  132.927  1883.62  94.8287  158.559  0.39  40.1  49  4.5539  92.3999
166.783  133.056  2044.86  89.9553  1.595  0.35  40.1  49  4.5539  92.3999
166.832  133.056  1894.22  94.8088  158.795  0.38  40.1  49  4.5539  92.3999
166.881  133.056  1871.73  95.1629  168.434  0.39  40.1  49  4.5539  92.3999
166.929  133.056  1920.65  95.0994  170.713  0.38  41.2  49  4.5539  92.3999
166.978  133.185  1890.21  96.2019  204.202  0.38  41.2  49  4.5539  92.3999
167.027  133.185  1966.21  89.1287  29.898  0.37  41.2  49  4.5539  92.3999
167.076  133.185  1918.04  94.898  163.765  0.38  41.2  49  4.5539  92.3999
167.124  133.313  1987.58  89.9595  1.404  0.36  41.2  49  4.5539  92.3999
167.173  133.313  1966.11  87.9815  69.25  0.37  41.2  49  4.5539  92.3999
167.222  133.313  1928.44  94.4705  150.315  0.38  41.2  49  4.5539  92.3999
167.271  133.442  1957.56  89.8714  4.392  0.37  40.5  49  4.5539  92.3999
167.32  133.442  1921.22  94.904  164.238  0.38  40.5  49  4.5539  92.3999
167.368  133.442  1895.4  95.038  166.449  0.38  40.5  49  4.5539  92.3999
167.417  133.571  1873.41  95.1993  169.768  0.39  40.5  49  4.5539  92.3999
167.466  133.571  1939.79  94.7894  161.961  0.37  40.5  49  4.5539  92.3999
167.515  133.571  1878.58  96.3136  206.586  0.39  40.5  49  4.5539  92.3999
167.563  133.7  1895.52  95.0626  167.27  0.38  39.2  49  4.5539  92.3999
167.612  133.7  2008.75  89.5625  15.338  0.36  39.2  49  4.5539  92.3999
167.661  133.7  1871.38  95.3986  176.067  0.39  39.2  49  4.5539  92.3999
167.71  133.7  1986.44  89.8913  3.768  0.36  39.2  49  4.5539  92.3999
167.759  133.829  1925.94  94.8972  164.413  0.38  39.2  49  4.5539  92.3999
167.807  133.829  1895.76  95.1085  168.803  0.38  39.2  49  4.5539  92.3999
167.856  133.829  1924.78  94.9782  167.025  0.38  41.6  49  4.5539  92.3999
167.905  133.958  1916.7  96.2453  208.509  0.38  41.6  49  4.5539  92.3999
167.953  133.958  1883.77  94.0057  131.592  0.38  41.6  49  4.5539  92.3999
168.002  133.958  1921.12  95.1924  173.863  0.38  41.6  49  4.5539  92.3999
168.051  134.086  1798.34  90.0189  0.593  0.4  41.6  49  4.5339  92.3999
168.1  134.086  1946.62  88.068  65.629  0.37  41.6  49  4.5339  92.3999
168.149  134.086  1921.09  94.8791  163.395  0.38  39.8  49  4.5339  92.3999
168.197  134.215  1881.92  94.7926  157.232  0.39  39.8  49  4.5339  92.3999
168.246  134.215  1987.89  88.9282  37.183  0.36  39.8  49  4.5339  92.3999
168.295  134.215  1919.56  94.8885  163.58  0.38  39.8  49  4.5339  92.3999
168.344  134.215  1857.73  95.3425  172.973  0.39  39.8  49  4.5339  92.3999
168.392  134.344  2036.51  89.9587  1.468  0.36  39.8  49  4.5339  92.3999
168.441  134.344  1893.39  96.2313  205.513  0.38  40.1  49  4.5339  92.3999
168.49  134.344  1877.41  93.955  129.49  0.39  40.1  49  4.5339  92.3999
168.539  134.473  2007.2  89.5708  15.036  0.36  40.1  49  4.5339  92.3999
168.587  134.473  1877.99  94.9114  160.785  0.39  40.1  49  4.5339  92.3999
168.636  134.473  1984.92  89.8992  3.492  0.36  40.1  49  4.5339  92.3999
168.685  134.602  1927.94  95.9434  199.632  0.38  40.1  49  4.5339  92.3999
168.734  134.602  1949.39  89.8401  5.442  0.37  39.3  49  4.5339  92.3999
168.783  134.602  2039.04  90.0231  0.822  0.35  39.3  49  4.5339  92.3999
168.832  134.73  2002  89.8284  5.995  0.36  39.3  49  4.5339  92.3999
168.88  134.73  1877.22  95.3631  175.459  0.39  39.3  49  4.5339  92.3999
168.929  134.73  2008.44  89.8156  6.463  0.36  39.3  49  4.5339  92.3999
168.978  134.859  1900.43  94.8171  159.588  0.38  39.3  49  4.5339  92.3999
169.027  134.859  1973.91  89.9185  2.806  0.37  40.7  49  4.5339  92.3999
169.076  134.859  2020.76  89.7312  9.48  0.36  40.7  49  4.5339  92.3999
169.125  134.859  1882.62  94.9291  161.762  0.39  40.7  49  4.5339  92.3999
169.173  134.988  1981.06  89.8436  5.409  0.37  40.7  49  4.5339  92.3999
169.222  134.988  1939.9  94.8112  162.705  0.37  40.7  49  4.5339  92.3999
169.271  134.988  1970.28  89.8796  4.139  0.37  40.7  49  4.5339  92.3999
169.32  135.117  1983.4  89.9071  3.216  0.36  39.4  49  4.5339  92.3999
169.368  135.117  1916.51  94.9074  163.95  0.38  39.4  49  4.5339  92.3999
169.417  135.117  1881.74  95.0539  165.766  0.39  39.4  49  4.5339  92.3999
169.466  135.246  1927.37  94.866  163.492  0.38  39.4  49  4.5339  92.3999
169.515  135.246  1904.6  94.4323  147.188  0.38  39.4  49  4.5339  92.3999
169.564  135.246  1867.76  94.1145  134.011  0.39  39.4  49  4.5339  92.3999
169.613  135.374  2019.27  89.4677  18.758  0.36  39.4  49  4.5138  92.3999
169.661  135.374  1890.47  94.9742  163.916  0.38  40.1  49  4.5138  92.3999
169.71  135.374  1809.92  90.0122  0.385  0.4  40.1  49  4.5138  92.3999
169.759  135.374  1916.99  95.0002  167.083  0.38  40.1  49  4.5138  92.3999
169.808  135.503  1870.24  94.867  158.676  0.39  40.1  49  4.5138  92.3999
169.857  135.503  2001.37  88.6953  45.571  0.36  40.1  49  4.5138  92.3999
169.906  135.503  1920.61  94.7861  160.249  0.38  40.1  49  4.5138  92.3999
169.955  135.632  1965.25  89.7182  9.667  0.37  40.9  49  4.5138  92.3999
170.003  135.632  1915.59  95.0344  168.101  0.38  40.9  49  4.5138  92.3999
170.052  135.632  1892.1  96.2856  207.156  0.38  40.9  49  4.5138  92.3999
170.101  135.761  1847.11  89.9979  0.069  0.39  40.9  49  4.5138  92.3999
170.15  135.761  1937.08  94.5866  154.9  0.37  40.9  49  4.5038  92.3999
170.199  135.761  1895.97  96.1224  202.212  0.38  40.9  49  4.5038  92.3999
170.247  135.89  2030.74  90.0262  0.928  0.36  40.6  49  4.5038  92.3999
170.296  135.89  1926.83  96.0458  202.939  0.38  40.6  49  4.5038  92.3999
170.345  135.89  1962.41  89.8833  3.996  0.37  40.6  49  4.5038  92.3999
170.394  136.018  1995.21  89.8077  6.696  0.36  40.6  49  4.5038  92.3999
170.443  136.018  1910.67  94.9913  166.236  0.38  40.6  49  4.5038  92.3999
170.491  136.018  1844.7  94.2251  135.909  0.39  40.6  49  4.5038  92.3999
170.54  136.018  1922.18  95.0901  170.539  0.38  41.7  49  4.5038  92.3999
170.589  136.147  1902.81  96.2739  207.941  0.38  41.7  49  4.5038  92.3999
170.637  136.147  1897.48  95.1453  170.17  0.38  41.7  49  4.5038  92.3999
170.686  136.147  2018.75  89.703  10.465  0.36  41.7  49  4.5038  92.3999
170.735  136.276  1868.47  95.4163  176.367  0.39  41.7  49  4.4838  92.3999
170.784  136.276  1897.48  95.1453  170.17  0.38  41.7  49  4.4838  92.3999
170.832  136.276  1923.67  94.767  159.865  0.38  41.2  49  4.4838  92.3999
170.881  136.405  1873.15  94.8485  158.32  0.39  41.2  49  4.4838  92.3999
170.93  136.405  1987.26  89.0088  34.378  0.36  41.2  49  4.4838  92.3999
170.979  136.405  1937.71  95.9854  202.055  0.38  41.2  49  4.4838  92.3999
171.027  136.534  1941.81  88.9303  36.253  0.37  41.2  49  4.4838  92.3999
171.077  136.534  1928.34  95.0527  169.832  0.38  41.2  49  4.4838  92.3999
171.126  136.534  1895.17  94.9922  164.917  0.38  41.2  49  4.4838  92.3999
171.174  136.534  1830.68  90.0467  1.493  0.4  41.2  49  4.4838  92.3999
171.223  136.662  1910.98  94.7507  158.268  0.38  41.2  49  4.4838  92.3999
171.272  136.662  1883.76  95.4644  179.385  0.39  41.2  49  4.4838  92.3999
171.321  136.662  1988.38  89.9192  2.803  0.36  41.2  49  4.4838  92.3999
171.369  136.791  1939.28  95.9767  201.926  0.38  41.2  49  4.4838  92.3999
171.418  136.791  1804.14  90.0236  0.745  0.4  40.6  49  4.4838  92.3999
171.467  136.791  2006.89  89.8237  6.176  0.36  40.6  49  4.4838  92.3999
171.516  136.92  1915.37  96.3003  210.192  0.38  40.6  49  4.4838  92.3999
171.564  136.92  1875.87  95.0904  166.441  0.39  40.6  49  4.4838  92.3999
171.613  136.92  1931.76  94.7907  161.333  0.38  40.6  49  4.4638  92.3999
171.662  137.049  1892.73  94.8182  158.98  0.38  40.6  49  4.4638  92.3999
171.711  137.049  1832.15  90.0391  1.25  0.39  40.7  49  4.4638  92.3999
171.76  137.049  1913.52  94.6391  154.764  0.38  40.7  49  4.4638  92.3999
171.808  137.178  1880.83  95.1752  169.654  0.39  40.7  49  4.4638  92.3999
171.857  137.178  2000.26  89.8197  6.295  0.36  40.7  49  4.4638  92.3999
171.906  137.178  1921.58  94.9721  166.543  0.38  40.7  49  4.4638  92.3999
171.955  137.178  1868.82  95.181  168.758  0.39  40.7  49  4.4638  92.3999
172.004  137.306  2037.47  90.0309  1.1  0.36  40.5  49  4.4638  92.3999
172.053  137.306  1897.36  95.1207  169.346  0.38  40.5  49  4.4638  92.3999
172.101  137.306  1894.72  95.2095  172.036  0.38  40.5  49  4.4638  92.3999
172.15  137.435  1931.68  95.0807  171.066  0.38  40.5  49  4.4638  92.3999
172.199  137.435  1895.5  96.3613  210.018  0.38  40.5  49  4.4638  92.3999
172.248  137.435  1897.02  95.0534  167.098  0.38  40.5  49  4.4638  92.3999
172.297  137.564  1952.22  94.6866  159.507  0.37  40.5  49  4.4638  92.3999
172.345  137.564  1882.52  95.2117  171.002  0.39  40.3  49  4.4638  92.3999
172.394  137.564  1951.03  89.1776  28.005  0.37  40.3  49  4.4638  92.3999
172.443  137.693  1926.5  94.7012  157.896  0.38  40.3  49  4.4638  92.3999
172.492  137.693  1871.38  95.3986  176.067  0.39  40.3  49  4.4638  92.3999
172.541  137.693  1920.32  90.0236  0.789  0.38  40.3  49  4.4638  92.3999
172.59  137.822  1897.68  94.8818  161.493  0.38  40.3  49  4.4638  92.3999
172.638  137.822  1801.33  90.0573  1.802  0.4  40  49  4.4638  92.3999
172.687  137.822  1932.12  94.8591  163.662  0.38  40  49  4.4638  92.3999
172.736  137.822  1890  96.1559  202.672  0.38  40  49  4.4638  92.3999
172.785  137.95  1841.23  90.0643  2.067  0.39  40  49  4.4638  92.3999
172.833  137.95  1939.95  94.5201  152.885  0.37  40  49  4.4638  92.3999
172.882  137.95  1997.49  89.9839  0.562  0.36  40  49  4.4638  92.3999
172.931  138.079  1967.02  88.9341  36.593  0.37  41.3  49  4.4638  92.3999
172.98  138.079  1929.83  94.7286  159.088  0.38  41.3  49  4.4638  92.3999
173.028  138.079  1954.2  89.8518  5.054  0.37  41.3  49  4.4638  92.3999
173.077  138.208  2006.89  89.8237  6.176  0.36  41.3  49  4.4638  92.3999
173.126  138.208  1905.13  96.451  214.05  0.38  41.3  49  4.4638  92.3999
173.175  138.208  1983.81  90.0365  1.265  0.36  41.3  49  4.4638  92.3999
173.224  138.337  2016.13  89.4845  18.138  0.36  40.2  49  4.4638  92.3999
173.272  138.337  1879.68  94.9476  162.113  0.39  40.2  49  4.4638  92.3999
173.321  138.337  1884.54  90.0231  0.759  0.38  40.2  49  4.4638  92.3999
173.37  138.337  1931.63  94.7657  160.481  0.38  40.2  49  4.4638  92.3999
173.419  138.466  1970.86  90.0086  0.295  0.37  40.2  49  4.4638  92.3999
173.467  138.466  1905.79  94.9517  164.499  0.38  40.2  49  4.4638  92.3999
173.516  138.466  1923.26  96.3053  211.225  0.38  41  49  4.4638  92.3999
173.565  138.595  1853.01  95.2791  170.491  0.39  41  49  4.4638  92.3999
173.614  138.595  1841.04  89.9931  0.222  0.39  41  49  4.4638  92.3999
173.662  138.595  1899.95  94.7252  156.511  0.38  41  49  4.4638  92.3999
173.711  138.723  1883.43  95.0903  167.109  0.39  41  49  4.4638  92.3999
173.76  138.723  2009.88  89.518  16.91  0.36  41  49  4.4638  92.3999
173.809  138.723  1883.31  95.0659  166.298  0.39  40  49  4.4638  92.3999
173.857  138.852  1994.27  89.9829  0.595  0.36  40  49  4.4638  92.3999
173.906  138.852  1916.27  94.8611  162.384  0.38  40  49  4.4638  92.3999
173.955  138.852  1808.44  90.001  0.032  0.4  40  49  4.4638  92.3999
174.004  138.852  1925.34  94.7824  160.518  0.38  40  49  4.4638  92.3999
174.053  138.981  1896.42  94.937  163.207  0.38  40  49  4.4638  92.3999
174.101  138.981  1966.07  89.789  7.24  0.37  39.1  49  4.4438  92.3999
174.15  138.981  2040.61  90.0152  0.542  0.35  39.1  49  4.4438  92.3999
174.199  139.11  1906.51  96.0634  201.383  0.38  39.1  49  4.4438  92.3999
174.248  139.11  1857.71  94.1828  135.499  0.39  39.1  49  4.4438  92.3999
174.296  139.11  1921.36  95.239  175.439  0.38  39.1  49  4.4438  92.3999
174.345  139.239  1888.05  94.8007  158.01  0.38  39.1  49  4.4438  92.3999
174.394  139.239  1966.84  89.0492  32.637  0.37  40  49  4.4438  92.3999
174.443  139.239  2010.91  89.7438  8.992  0.36  40  49  4.4438  92.3999
174.491  139.367  1889.45  95.3831  177.258  0.38  40  49  4.4438  92.3999
174.54  139.367  1919.45  94.867  162.851  0.38  40  49  4.4438  92.3999
174.589  139.367  1914.26  94.7779  159.446  0.38  40  49  4.4438  92.3999
174.638  139.496  1872.39  95.299  172.921  0.39  40  49  4.4438  92.3999
174.686  139.496  1916.88  94.9787  166.356  0.38  40  49  4.4438  92.3999
174.735  139.496  1883.99  95.2027  170.84  0.39  39.2  49  4.4438  92.3999
174.784  139.496  1949.07  88.0141  67.543  0.37  39.2  49  4.4438  92.3999
174.833  139.625  1941.25  94.4634  151.071  0.37  39.2  49  4.4438  92.3999
174.881  139.625  1889.72  96.44  211.958  0.39  39.2  49  4.4438  92.3999
174.93  139.625  1833.53  89.996  0.128  0.39  39.2  49  4.4438  92.3999
174.979  139.754  1932.68  94.6626  157.102  0.38  39.2  49  4.4438  92.3999
175.028  139.754  1973.29  89.8639  4.686  0.37  40.3  49  4.4438  92.3999
175.076  139.754  2030.74  90.0262  0.928  0.36  40.3  49  4.4438  92.3999
175.125  139.883  1924.85  95.9607  199.889  0.38  40.3  49  4.4438  92.3999
175.174  139.883  1869.45  94.1497  135.279  0.39  40.3  49  4.4438  92.3999
175.223  139.883  2004.68  89.7762  7.83  0.36  40.3  49  4.4438  92.3999
175.271  140.011  1808.53  90.036  1.135  0.4  40.3  49  4.4438  92.3999
175.32  140.011  1967.27  89.0847  31.424  0.37  39.8  49  4.4438  92.3999
175.369  140.011  1937.65  94.9962  168.749  0.37  39.8  49  4.4438  92.3999
175.418  140.011  1994.48  89.9993  0.024  0.36  39.8  49  4.4438  92.3999
175.466  140.14  1972.72  88.748  43.103  0.37  39.8  49  4.4438  92.3999
175.515  140.14  1909.28  96.3335  210.623  0.38  39.8  49  4.4438  92.3999
175.564  140.14  1989.07  89.9518  1.673  0.36  39.8  49  4.4438  92.3999
175.613  140.269  2030.26  89.9902  0.348  0.36  41.6  49  4.4438  92.3999
175.662  140.269  1910.63  94.3932  146.354  0.38  41.6  49  4.4438  92.3999
175.711  140.269  1789.73  90.013  0.408  0.4  41.6  49  4.4438  92.3999
175.759  140.398  1931.51  94.744  159.743  0.38  41.6  49  4.4438  92.3999
175.808  140.398  1900.68  96.1434  203.407  0.38  41.6  49  4.4438  92.3999
175.857  140.398  1991.27  89.9983  0.059  0.36  41.6  49  4.4438  92.3999
175.906  140.527  1949.32  94.7532  161.529  0.37  40.9  49  4.4438  92.3999
175.954  140.527  1855.3  95.1474  166.456  0.39  40.9  49  4.4438  92.3999
176.003  140.527  1987.44  88.8923  38.42  0.36  40.9  49  4.4438  92.3999
176.052  140.655  1930.37  94.5323  152.54  0.38  40.9  49  4.4438  92.3999
176.101  140.655  1817.19  89.9905  0.3  0.4  40.9  49  4.4438  92.3999
176.15  140.655  2003.07  89.92  2.799  0.36  40.9  49  4.4438  92.3999
176.199  140.655  1921.51  96.2669  209.752  0.38  40.8  49  4.4438  92.3999
176.247  140.784  1838.16  90.044  1.412  0.39  40.8  49  4.4438  92.3999
176.296  140.784  1929.89  95.0433  169.654  0.38  40.8  49  4.4438  92.3999
176.345  140.784  1961.33  89.9265  2.518  0.37  40.8  49  4.4438  92.3999
176.394  140.913  1882.19  95.145  168.788  0.39  40.8  49  4.4438  92.3999
176.442  140.913  1943.91  94.9582  168.011  0.37  40.8  49  4.4438  92.3999
176.491  140.913  1960.92  89.8911  3.726  0.37  40.1  49  4.4438  92.3999
176.54  141.042  1975.18  89.0777  31.795  0.37  40.1  49  4.4438  92.3999
176.589  141.042  1947.79  95.0806  172.491  0.37  40.1  49  4.4438  92.3999
176.637  141.042  1873.85  95.2901  172.765  0.39  40.1  49  4.4438  92.3999
176.686  141.171  1976.87  88.9534  36.11  0.37  40.1  50  4.4438  92.3999
176.735  141.171  1919.13  96.0885  203.55  0.38  40.1  50  4.4438  92.3999
176.784  141.171  1876.96  90.026  0.853  0.39  40.7  50  4.4438  92.3999
176.833  141.299  2011.99  89.8358  5.767  0.36  40.7  50  4.4438  92.3999
176.881  141.299  1887.28  94.947  162.747  0.38  40.7  50  4.4438  92.3999
176.93  141.299  1856.28  94.1925  135.708  0.39  40.7  50  4.4438  92.3999
176.979  141.299  2019.27  89.4677  18.758  0.36  40.7  50  4.4438  92.3999
177.029  141.428  1885.33  94.865  159.892  0.39  40.7  50  4.4438  92.3999
177.077  141.428  1970.62  88.8368  40.003  0.37  40.7  50  4.4438  92.3999
177.126  141.428  1928.54  94.7849  160.868  0.38  40.8  50  4.4438  92.3999
177.175  141.557  1954.87  89.7736  7.726  0.37  40.8  50  4.4438  92.3999
177.223  141.557  1918.41  94.9693  166.175  0.38  40.8  50  4.4438  92.3999
177.272  141.557  1910.43  94.945  164.679  0.38  40.8  50  4.4438  92.3999
177.321  141.686  1992.77  89.9906  0.327  0.36  40.8  50  4.4438  92.3999
177.37  141.686  1921.12  95.1924  173.863  0.38  40.8  51  4.4438  92.3999
177.418  141.686  1899.17  94.8724  161.31  0.38  39.9  51  4.4438  92.3999
177.467  141.815  1838.07  90.0085  0.272  0.39  39.9  51  4.4438  92.3999
177.516  141.815  1920.9  94.5444  152.195  0.38  39.9  51  4.4438  92.3999
177.565  141.815  1958.64  89.8284  5.868  0.37  39.9  51  4.4438  92.3999
177.613  141.943  1886.97  94.0312  132.652  0.38  39.9  51  4.4438  92.3999
177.662  141.943  1913.85  96.3086  210.301  0.38  39.9  51  4.4438  92.3999
177.711  141.943  1884.57  95.3185  174.684  0.39  40.8  51  4.4438  92.3999
177.76  141.943  2010.28  89.6907  10.852  0.36  40.8  51  4.4438  92.3999
177.808  142.072  1896.18  96.1685  203.751  0.38  40.8  51  4.4438  92.3999
177.857  142.072  1865.12  94.179  135.918  0.39  40.8  51  4.4438  92.3999
177.906  142.072  2007.2  89.5708  15.036  0.36  40.8  51  4.4438  92.3999
177.955  142.201  1895.63  95.0839  167.981  0.38  40.8  51  4.4438  92.3999
178.003  142.201  1963.03  89.9376  2.137  0.37  39.7  51  4.4438  92.3999
178.052  142.201  1923.48  95.0342  168.785  0.38  39.7  51  4.4438  92.3999
178.101  142.33  1882.07  95.1206  167.978  0.39  39.7  51  4.4438  92.3999
178.15  142.33  1997.59  89.8717  4.473  0.36  39.7  51  4.4438  92.3999
178.199  142.33  1952.34  96.0017  204.133  0.37  39.7  51  4.4438  92.3999
178.247  142.459  1886.27  95.3552  176.046  0.39  39.7  51  4.4438  92.3999
178.296  142.459  1930.13  95.09  171.243  0.38  40.6  51  4.4438  92.3999
178.345  142.459  1868.44  94.8068  156.568  0.39  40.6  51  4.4438  92.3999
178.394  142.587  1961.6  89.8127  6.414  0.37  40.6  51  4.4438  92.3999
178.442  142.587  1939.7  95.0806  171.776  0.37  40.6  51  4.4438  92.3999
178.491  142.587  1970.69  89.9151  2.919  0.37  40.6  51  4.4438  92.3999
178.54  142.716  1967.02  88.9341  36.593  0.37  40.6  52  4.4438  92.3999
178.589  142.716  1926.25  94.6547  156.316  0.38  39.7  52  4.4438  92.3999
178.637  142.716  1966.07  89.789  7.24  0.37  39.7  52  4.4438  92.3999
178.686  142.845  1985.62  89.8197  6.247  0.36  39.7  52  4.4438  92.3999
178.735  142.845  2002.7  89.7482  8.803  0.36  39.7  52  4.4438  92.3999
178.784  142.845  1942.47  89.9138  2.922  0.37  39.7  52  4.4438  92.3999
178.833  142.974  2024.72  89.925  2.649  0.36  39.7  52  4.4438  92.3999
178.881  142.974  1919.32  94.8421  162.01  0.38  40.7  52  4.4438  92.3999
178.93  142.974  2002.74  90.0152  0.531  0.36  40.7  52  4.4438  92.3999
178.979  143.103  1922.66  95.1832  173.693  0.38  40.7  52  4.4438  92.3999
179.027  143.103  1902.31  96.5137  215.799  0.38  40.7  52  4.4438  92.3999
179.076  143.103  1961.76  89.1541  28.962  0.37  40.7  52  4.4438  92.3999
179.125  143.103  2005.21  89.5428  15.999  0.36  40.7  52  4.4438  92.3999
179.174  143.231  1888.19  95.4378  178.935  0.38  40.6  52  4.4438  92.3999
179.222  143.231  1973.24  89.0506  32.696  0.37  40.6  52  4.4438  92.3999
179.271  143.231  1928.31  96.3741  214.079  0.38  40.6  52  4.4438  92.3999
179.32  143.36  1971.65  89.7218  9.575  0.37  40.6  52  4.4438  92.3999
179.369  143.36  2005.75  89.8679  4.625  0.36  40.6  52  4.4438  92.3999
179.418  143.36  1908.24  96.1013  202.821  0.38  40.6  52  4.4438  92.3999
179.466  143.489  1867.15  95.1447  167.431  0.39  40.6  52  4.4438  92.3999
179.515  143.489  1947.62  94.7411  160.977  0.37  41.2  52  4.4438  92.3999
179.564  143.489  1905.42  94.8809  162.121  0.38  41.2  52  4.4438  92.3999
179.612  143.618  2023.1  89.9497  1.776  0.36  41.2  52  4.4438  92.3999
179.661  143.618  1913.77  94.6854  156.324  0.38  41.2  52  4.4438  92.3999
179.71  143.618  1873.06  95.1296  167.468  0.39  41.2  52  4.4438  92.3999
179.759  143.747  1827.55  89.9913  0.279  0.4  41.2  52  4.4438  92.3999
179.807  143.747  1920.11  94.6933  157.107  0.38  40.3  52  4.4438  92.3999
179.856  143.747  1870.49  95.2173  170.089  0.39  40.3  52  4.4438  92.3999
179.905  143.876  1927.13  94.8194  161.908  0.38  40.3  52  4.4438  92.3999
179.954  143.876  1898.39  95.0196  166.101  0.38  40.3  52  4.4438  92.3999
180.002  143.876  1986.33  89.9861  0.482  0.36  40.3  52  4.4438  92.3999
180.051  144.004  1934.3  94.9682  167.517  0.38  40.3  52  4.4438  92.3999
180.1  144.004  1972.88  89.8284  5.909  0.37  38.7  52  4.4438  92.3999
180.149  144.004  1951.03  89.1776  28.005  0.37  38.7  52  4.4438  92.3999
180.197  144.133  1908.2  94.8159  160.201  0.38  38.7  52  4.4438  92.3999
180.246  144.133  1883.54  95.4187  177.87  0.39  38.7  52  4.4438  92.3999
180.295  144.133  1999.03  88.9028  38.278  0.36  38.7  52  4.4438  92.3999
180.344  144.262  1946.22  95.09  172.671  0.37  38.7  52  4.4438  92.3999
180.393  144.262  1954.87  89.7736  7.726  0.37  39.7  52  4.4438  92.3999
180.442  144.262  2007.08  88.6228  48.239  0.36  39.7  52  4.4438  92.3999
180.49  144.391  1908.98  94.6679  155.353  0.38  39.7  52  4.4438  92.3999
180.539  144.391  1986.33  89.9861  0.482  0.36  39.7  52  4.4438  92.3999
180.588  144.391  1939.46  95.0337  170.17  0.37  39.7  52  4.4438  92.3999
180.637  144.52  1983.18  89.8879  3.879  0.36  39.7  52  4.4438  92.3999
180.685  144.52  1987  88.8564  39.657  0.36  39.7  52  4.4438  92.3999
180.734  144.52  2001.85  89.6759  11.322  0.36  39.7  52  4.4438  92.3999
180.783  144.648  1879.13  95.1388  168.31  0.39  39.7  52  4.4438  92.3999
180.832  144.648  1925.26  95.0714  170.187  0.38  39.7  52  4.4438  92.3999
180.88  144.648  1935.78  94.6431  156.7  0.37  39.7  52  4.4438  92.3999
180.929  144.777  1887.97  95.392  177.412  0.38  39.7  52  4.4438  92.3999
180.978  144.777  1930.46  94.847  163.114  0.38  40.2  52  4.4438  92.3999
181.027  144.777  1907.96  94.7697  158.649  0.38  40.2  52  4.4438  92.3999
181.076  144.906  1951.22  89.0635  31.892  0.37  40.2  52  4.4438  92.3999
181.124  144.906  1926.08  94.9221  165.261  0.38  40.2  52  4.4438  92.3999
181.173  144.906  1890  96.1559  202.672  0.38  40.2  52  4.4438  92.3999
181.222  145.035  1972  89.8908  3.757  0.37  40.2  52  4.4438  92.3999
181.271  145.035  2020.59  89.5771  14.913  0.36  40  52  4.4438  92.3999
181.32  145.035  1894.13  95.4022  178.325  0.38  40  52  4.4438  92.3999
181.369  145.164  2002.74  88.8039  41.807  0.36  40  52  4.4438  92.3999
181.417  145.164  1999.45  89.6119  13.542  0.36  40  52  4.4438  92.3999
181.466  145.164  1881.96  95.0994  167.277  0.39  40  52  4.4438  92.3999
181.515  145.292  1848.71  90.0259  0.836  0.39  40  52  4.4438  92.3999
181.564  145.292  1836.15  95.1056  163.402  0.4  41  52  4.4438  92.3999
181.613  145.292  1806.38  89.9284  2.257  0.4  41  52  4.4438  92.3999
181.661  145.292  1730.27  89.4885  15.447  0.42  41  52  4.4438  92.3999
181.71  145.421  1573.06  96.1077  167.371  0.46  41  52  4.4438  92.3999
181.759  145.421  1687.23  87.4433  75.263  0.43  41  52  4.4438  92.3999
181.808  145.421  1629.61  89.1185  25.072  0.44  41  52  4.4438  92.3999
181.857  145.55  1503.35  94.7744  125.128  0.48  40.3  52  4.4438  92.3999
181.905  145.55  1665.7  89.062  27.267  0.43  40.3  52  4.4438  92.3999
181.954  145.55  1740.19  94.7657  144.577  0.42  40.3  52  4.4438  92.3999
182.003  145.679  1824.5  94.2262  134.457  0.4  40.3  52  4.4438  92.3999
182.052  145.679  1903.94  95.2008  172.585  0.38  40.3  52  4.4438  92.3999
182.101  145.679  1899.66  95.2742  174.621  0.38  40.3  52  4.4438  92.3999
182.15  145.808  1832.2  90.0581  1.858  0.39  40.3  52  4.4438  92.3999
182.198  145.808  1940.78  94.9772  168.382  0.37  40.4  52  4.4438  92.3999
182.247  145.808  1877.21  95.0569  165.467  0.39  40.4  52  4.4438  92.3999
182.296  145.936  1986.26  88.6679  46.174  0.36  40.4  52  4.4438  92.3999
182.345  145.936  2017.26  89.4397  19.725  0.36  40.4  52  4.4438  92.3999
182.393  145.936  1961.6  89.8127  6.414  0.37  40.4  52  4.4438  92.3999
182.442  146.065  1983.52  88.8381  40.22  0.36  40.4  52  4.4438  92.3999
182.491  146.065  1987.05  89.9437  1.952  0.36  40.1  52  4.4438  92.3999
182.54  146.065  1981.25  89.8601  4.837  0.37  40.1  52  4.4438  92.3999
182.588  146.194  1995.34  89.9595  1.41  0.36  40.1  52  4.4438  92.3999
182.637  146.194  1896.18  96.1685  203.751  0.38  40.1  52  4.4438  92.3999
182.686  146.194  1952.07  89.1339  29.505  0.37  40.1  52  4.4438  92.3999
182.735  146.323  1998.91  89.8444  5.428  0.36  40.1  52  4.4438  92.3999
182.784  146.323  1873.15  94.8485  158.32  0.39  39.6  52  4.4438  92.3999
182.832  146.323  2000.96  89.7395  9.098  0.36  39.6  52  4.4438  92.3999
182.881  146.452  1929.03  94.8782  164.039  0.38  39.6  52  4.4438  92.3999
182.93  146.452  1864.63  94.0891  132.964  0.39  39.6  52  4.4438  92.3999
182.979  146.452  2028.19  89.7911  7.393  0.36  39.6  52  4.4438  92.3999
183.027  146.58  1907.88  95.0561  168.144  0.38  39.6  52  4.4438  92.3999
183.076  146.58  1818.79  90.037  1.173  0.4  38.9  52  4.4438  92.3999
183.125  146.58  1941.24  89.2708  24.706  0.37  38.9  52  4.4438  92.3999
183.174  146.709  1709.31  95.2361  155.992  0.43  38.9  52  4.4438  92.3999
183.223  146.709  1656.41  88.0857  55.331  0.44  38.9  52  4.4438  92.3999
183.271  146.709  1550.05  95.2627  142.175  0.47  38.9  52  4.4438  92.3999
183.321  146.838  1622.67  89.3998  16.999  0.45  38.9  52  4.4438  92.3999
183.37  146.838  1605.96  89.65  9.809  0.45  38.9  52  4.4438  92.3999
183.419  146.838  1550.01  94.0649  109.874  0.47  38.9  52  4.4438  92.3999
183.467  146.967  1633.23  94.7582  135.479  0.44  38.9  52  4.4438  92.3999
183.516  146.967  1885.86  89.5483  14.867  0.38  38.9  52  4.4438  92.3999
183.565  146.967  1871.61  95.1386  167.633  0.39  38.9  52  4.4438  92.3999
183.614  147.096  1791.23  90.0402  1.256  0.4  38.9  52  4.4438  92.3999
183.662  147.096  1916.07  95.1272  171.233  0.38  40.5  52  4.4438  92.3999
183.711  147.096  1958.36  89.942  1.983  0.37  40.5  52  4.4438  92.3999
183.76  147.224  1978.03  89.8594  4.855  0.37  40.5  52  4.4438  92.3999
183.809  147.224  1913.94  95.0189  167.44  0.38  40.5  52  4.4438  92.3999
183.857  147.224  1985.06  90.0101  0.349  0.36  40.5  52  4.4438  92.3999
183.906  147.353  2005.33  89.8317  5.889  0.36  40.5  52  4.4438  92.3999
183.955  147.353  1918.85  96.377  213.128  0.38  39.4  52  4.4438  92.3999
184.004  147.353  1946.46  89.8556  4.905  0.37  39.4  52  4.4438  92.3999
184.052  147.482  1997.17  89.8357  5.727  0.36  39.4  52  4.4438  92.3999
184.101  147.482  1909.15  95.0006  166.414  0.38  39.4  52  4.4438  92.3999
184.15  147.482  1886.15  95.0263  165.253  0.39  39.4  52  4.4438  92.3999
184.199  147.482  1941.02  95.0242  169.989  0.37  39.4  52  4.4438  92.3999
184.247  147.611  1892.1  96.2856  207.156  0.38  40.5  52  4.4438  92.3999
184.296  147.611  1965.78  89.0932  31.109  0.37  40.5  52  4.4438  92.3999
184.345  147.611  2013.18  89.6549  12.127  0.36  40.5  52  4.4438  92.3999
184.394  147.74  1970.69  89.9151  2.919  0.37  40.5  52  4.4438  92.3999
184.442  147.74  1988.23  88.6949  45.283  0.36  40.5  52  4.4438  92.3999
184.492  147.74  1924.85  94.3972  147.578  0.38  40.5  52  4.4438  92.3999
184.541  147.868  1869.92  95.4075  176.217  0.39  40.5  52  4.4438  92.3999
184.589  147.868  1998.3  89.7917  7.266  0.36  41.7  52  4.4438  92.3999
184.638  147.868  1904.08  94.6259  153.564  0.38  41.7  52  4.4438  92.3999
184.687  147.997  1861.67  95.5505  180.066  0.39  41.7  52  4.4438  92.3999
184.736  147.997  2027.17  89.4255  20.325  0.36  41.7  52  4.4438  92.3999
184.785  147.997  1906.37  95.0654  168.318  0.38  41.7  52  4.4438  92.3999
184.834  148.126  1969.41  89.9419  1.996  0.37  41.7  52  4.4438  92.3999
184.883  148.126  1903.2  94.7521  157.671  0.38  40.2  52  4.4438  92.3999
184.931  148.126  1807  90.0086  0.27  0.4  40.2  52  4.4438  92.3999
184.98  148.255  1972.55  88.8637  39.117  0.37  40.2  52  4.4438  92.3999
185.029  148.255  2008.06  89.6432  12.504  0.36  40.2  52  4.4438  92.3999
185.078  148.255  1888.32  95.1543  169.642  0.38  40.2  52  4.4438  92.3999
185.126  148.384  1930.95  94.9404  166.293  0.38  40.2  52  4.4438  92.3999
185.175  148.384  1903.42  96.4128  212.596  0.38  39  52  4.4438  92.3999
185.224  148.384  1889  95.2915  174.21  0.38  39  52  4.4438  92.3999
185.273  148.513  1936.1  95.0056  168.931  0.38  39  52  4.4438  92.3999
185.321  148.513  1878.68  95.0478  165.298  0.39  39  52  4.4438  92.3999
185.37  148.513  2007.76  90.0276  0.966  0.36  39  52  4.4438  92.3999
185.42  148.641  1927.79  94.645  156.116  0.38  39  52  4.4438  92.3999
185.468  148.641  1864.35  95.4879  178.297  0.39  40.7  52  4.4438  92.3999
185.517  148.641  2042.19  90.0074  0.263  0.35  40.7  52  4.4438  92.3999
185.566  148.77  1927.03  94.5053  151.371  0.38  40.7  52  4.4438  92.3999
185.615  148.77  1946.06  89.8206  6.095  0.37  40.7  52  4.4438  92.3999
185.664  148.77  2001.94  89.964  1.26  0.36  40.7  52  4.4438  92.3999
185.712  148.899  1899.95  94.7252  156.511  0.38  40.7  52  4.4438  92.3999
185.761  148.899  1879.93  95.2998  173.642  0.39  41.3  52  4.4438  92.3999
185.81  148.899  2027.61  89.4621  19.034  0.36  41.3  52  4.4438  92.3999
185.859  149.028  1894.6  96.5079  214.734  0.38  41.3  52  4.4438  92.3999
185.907  149.028  1901.51  95.0257  166.577  0.38  41.3  52  4.4438  92.3999
185.956  149.028  1939.01  96.2683  211.71  0.38  41.3  52  4.4438  92.3999
186.005  149.157  1864.77  95.5783  181.268  0.39  41.3  52  4.4438  92.3999
186.054  149.157  1920.74  94.811  161.092  0.38  40.2  52  4.4438  92.3999
186.103  149.157  1929.71  95.9817  201.095  0.38  40.2  52  4.4438  92.3999
186.151  149.285  1863.26  95.262  170.879  0.39  40.2  52  4.4438  92.3999
186.2  149.285  1841.23  90.0643  2.067  0.39  40.2  52  4.4438  92.3999
186.249  149.285  1887.28  94.947  162.747  0.38  40.2  52  4.4438  92.3999
186.298  149.414  1886.38  95.072  166.771  0.39  40.2  52  4.4438  92.3999
186.346  149.414  1942.59  95.0148  169.806  0.37  41  52  4.4438  92.3999
186.395  149.414  1898.15  94.9736  164.564  0.38  41  52  4.4438  92.3999
186.444  149.543  1881.84  95.382  176.508  0.39  41  52  4.4438  92.3999
186.493  149.543  1930.82  94.9154  165.441  0.38  41  52  4.4438  92.3999
186.541  149.543  1879.92  94.9931  163.62  0.39  41  52  4.4438  92.3999
186.59  149.672  2028.23  89.962  1.343  0.36  41  52  4.4438  92.3999
186.639  149.672  1907.36  94.3667  145.225  0.38  41.2  52  4.4438  92.3999
186.688  149.672  1895.29  95.0168  165.738  0.38  41.2  52  4.4438  92.3999
186.737  149.672  1927.62  94.9127  165.076  0.38  41.2  52  4.4438  92.3999
186.785  149.801  1911.22  94.7969  159.825  0.38  41.2  52  4.4438  92.3999
186.834  149.801  1838.16  90.044  1.412  0.39  41.2  52  4.4438  92.3999
186.883  149.801  1992.61  89.7246  9.578  0.36  41.2  52  4.4438  92.3999
186.932  149.929  1896.89  95.0288  166.275  0.38  40.2  52  4.4438  92.3999
186.98  149.929  2018.47  89.9732  0.944  0.36  40.2  52  4.4438  92.3999
187.029  149.929  2012.04  89.6994  10.557  0.36  40.2  52  4.4438  92.3999
187.078  150.058  1874.76  94.0201  131.431  0.39  40.2  52  4.4438  92.3999
187.127  150.058  2016.27  89.7752  7.911  0.36  40.2  52  4.4438  92.3999
187.176  150.058  1909.39  95.0468  167.969  0.38  40.2  52  4.4438  92.3999
187.225  150.187  1886.61  95.1177  168.289  0.38  40.2  52  4.4438  92.3999
187.273  150.187  2010.75  89.5905  14.371  0.36  40  52  4.4438  92.3999
187.322  150.187  1901.91  96.421  212.698  0.38  40  52  4.4438  92.3999
187.371  150.316  2002.27  89.9797  0.709  0.36  40  52  4.4438  92.3999
187.42  150.316  1936.42  94.7618  160.75  0.37  40  52  4.4438  92.3999
187.469  150.316  1984.6  89.9749  0.869  0.36  40  52  4.4438  92.3999
187.517  150.445  1841.14  90.0287  0.922  0.39  40  52  4.4438  92.3999
187.566  150.445  1958.49  95.9191  201.968  0.37  39.6  52  4.4438  92.3999
187.615  150.445  1947.52  89.8128  6.364  0.37  39.6  52  4.4438  92.3999
187.664  150.573  2004.06  89.7233  9.679  0.36  39.6  52  4.4438  92.3999
187.712  150.573  1907.4  94.9638  165.039  0.38  39.6  52  4.4438  92.3999
187.761  150.573  1862.25  94.1985  136.339  0.39  39.6  52  4.4438  92.3999
187.81  150.702  2028.31  89.3804  21.933  0.36  39.6  52  4.4438  92.3999
187.859  150.702  1887.69  94.7305  155.677  0.38  39.4  52  4.4438  92.3999
187.907  150.702  1876.55  95.2267  170.947  0.39  39.4  52  4.4438  92.3999
187.956  150.831  1921.39  94.6372  155.337  0.38  39.4  52  4.4438  92.3999
188.005  150.831  1879.65  96.2139  203.455  0.39  39.4  52  4.4438  92.3999
188.054  150.831  1967.19  87.82  74.83  0.37  39.4  52  4.4438  92.3999
188.103  150.96  1978.22  89.8759  4.285  0.37  39.4  52  4.4438  92.3999
188.152  150.96  1869.27  95.2715  171.74  0.39  39.7  52  4.4438  92.3999
188.2  150.96  1926.32  94.9688  166.843  0.38  39.7  52  4.4438  92.3999
188.249  151.089  1915.18  94.3637  145.719  0.38  39.7  52  4.4438  92.3999
188.298  151.089  1862.25  94.1985  136.339  0.39  39.7  52  4.4438  92.3999
188.347  151.089  2015.55  89.856  5.067  0.36  39.7  52  4.4438  92.3999
188.396  151.217  1900.2  96.3829  211.251  0.38  39.7  52  4.4438  92.3999
188.445  151.217  1974.31  89.0063  34.238  0.37  38.8  52  4.4438  92.3999
188.493  151.217  2024.35  89.7513  8.786  0.36  38.8  52  4.4438  92.3999
188.542  151.346  1892.64  95.4111  178.479  0.38  38.8  52  4.4438  92.3999
188.591  151.346  1903.25  95.0625  167.946  0.38  38.8  52  4.4438  92.3999
188.64  151.346  1926.39  95.9521  199.761  0.38  38.8  52  4.4438  92.3999
188.689  151.475  1856.48  93.9591  128.178  0.39  38.8  52  4.4438  92.3999
188.737  151.475  1933.06  94.7343  159.547  0.38  40.7  52  4.4438  92.3999
188.786  151.475  1924.21  94.5713  153.36  0.38  40.7  52  4.4438  92.3999
188.835  151.604  1880.59  95.4365  178.171  0.39  40.7  52  4.4438  92.3999
188.884  151.604  1905.45  95.1916  172.419  0.38  40.7  52  4.4438  92.3999
188.932  151.604  1911.47  94.8431  161.382  0.38  40.7  52  4.4438  92.3999
188.981  151.733  1971.75  89.0591  32.377  0.37  40.7  52  4.4438  92.3999
189.03  151.733  1934.15  95.9087  199.108  0.38  41.5  52  4.4438  92.3999
189.079  151.733  1981.63  89.9902  0.338  0.37  41.5  52  4.4438  92.3999
189.127  151.861  1966.59  88.8985  37.804  0.37  41.5  52  4.4438  92.3999
189.176  151.861  2005.53  89.8485  5.303  0.36  41.5  52  4.4438  92.3999
189.225  151.861  1961.2  89.7773  7.622  0.37  41.5  52  4.4438  92.3999
189.274  151.861  2019.12  89.8763  4.361  0.36  41.5  52  4.4438  92.3999
189.322  151.99  1898.46  94.7346  156.701  0.38  40.6  52  4.4438  92.3999
189.371  151.99  1997.28  89.9675  1.134  0.36  40.6  52  4.4438  92.3999
189.42  151.99  2021.73  89.5323  16.503  0.36  40.6  52  4.4438  92.3999
189.469  152.119  1900.12  95.0563  167.466  0.38  40.6  52  4.4438  92.3999
189.518  152.119  1815.79  90.017  0.538  0.4  40.6  52  4.4438  92.3999
189.567  152.119  2006.94  89.6876  10.942  0.36  40.6  52  4.4438  92.3999
189.615  152.248  1843.3  94.2347  136.113  0.39  40.6  52  4.4438  92.3999
189.664  152.248  1990.32  89.9472  1.834  0.36  40.3  52  4.4438  92.3999
189.713  152.248  1934.59  96.0027  202.311  0.38  40.3  52  4.4438  92.3999
189.762  152.377  1866.37  95.2893  172.052  0.39  40.3  52  4.4438  92.3999
189.81  152.377  1835.2  90.0593  1.9  0.39  40.3  52  4.4438  92.3999
189.859  152.377  1908.66  96.1941  205.94  0.38  40.3  52  4.4438  92.3999
189.908  152.505  1947.92  89.8478  5.173  0.37  40.3  52  4.4438  92.3999
189.957  152.505  1997.49  89.5841  14.5  0.36  41.3  52  4.4438  92.3999
190.005  152.505  1900  96.3367  209.705  0.38  41.3  52  4.4438  92.3999
190.054  152.634  1903.71  95.1547  171.038  0.38  41.3  52  4.4438  92.3999
190.103  152.634  2037.17  89.4112  20.935  0.36  41.3  52  4.4438  92.3999
190.152  152.634  1907.64  95.0099  166.591  0.38  41.3  52  4.4438  92.3999
190.2  152.763  1910.08  94.8774  162.401  0.38  41.3  52  4.4438  92.3999
190.249  152.763  1906.1  94.4225  146.981  0.38  40  52  4.4438  92.3999
190.298  152.763  1880.59  95.4365  178.171  0.39  40  52  4.4438  92.3999
190.347  152.892  1981.47  89.8793  4.176  0.37  40  52  4.4438  92.3999
190.395  152.892  1900.12  95.0563  167.466  0.38  40  52  4.4438  92.3999
190.444  152.892  2005.31  89.9642  1.254  0.36  40  52  4.4438  92.3999
190.493  153.021  2026.88  89.6814  11.27  0.36  40  52  4.4438  92.3999
190.542  153.021  1878.58  96.3136  206.586  0.39  40.2  52  4.4438  92.3999
190.591  153.021  1909.28  95.0254  167.247  0.38  40.2  52  4.4438  92.3999
190.64  153.15  1933.67  94.8496  163.472  0.38  40.2  52  4.4438  92.3999
190.688  153.15  1879.13  95.1388  168.31  0.39  40.2  52  4.4438  92.3999
190.738  153.15  1991.73  89.7878  7.377  0.36  40.2  52  4.4438  92.3999
190.787  153.278  1925.7  94.8506  162.832  0.38  40.2  52  4.4438  92.3999
190.835  153.278  1875.31  95.2811  172.608  0.39  39.5  52  4.4438  92.3999
190.884  153.278  2046.93  89.9837  0.584  0.35  39.5  52  4.4438  92.3999
190.933  153.407  1911.7  96.1774  205.711  0.38  39.5  52  4.4438  92.3999
190.982  153.407  1952.07  89.1339  29.505  0.37  39.5  52  4.4438  92.3999
191.03  153.407  2017.7  89.4762  18.447  0.36  39.5  52  4.4438  92.3999
191.079  153.536  1901.1  96.2359  206.502  0.38  39.5  52  4.4438  92.3999
191.128  153.536  1887.87  95.0628  166.6  0.38  39.7  52  4.4438  92.3999
191.177  153.536  1924.71  94.6643  156.514  0.38  39.7  52  4.4438  92.3999
191.225  153.665  1811.41  90.0209  0.66  0.4  39.7  52  4.4438  92.3999
191.274  153.665  1984.13  88.7576  43.022  0.36  39.7  52  4.4438  92.3999
191.323  153.665  1923.74  96.0629  203.185  0.38  39.7  52  4.4438  92.3999
191.372  153.794  1860.57  94.1633  135.078  0.39  39.7  52  4.4438  92.3999
191.421  153.794  1942.34  94.9677  168.197  0.37  39.9  52  4.4438  92.3999
191.47  153.794  1894.7  94.9005  161.854  0.38  39.9  52  4.4438  92.3999
191.518  153.922  1818.79  90.037  1.173  0.4  39.9  52  4.4438  92.3999
191.567  153.922  2037.47  90.0309  1.1  0.36  39.9  52  4.4438  92.3999
191.616  153.922  1866.25  95.2651  171.255  0.39  39.9  52  4.4438  92.3999
191.665  154.051  1974.49  88.8907  38.227  0.37  39.9  52  4.4438  92.3999
191.713  154.051  2014.74  89.6466  12.426  0.36  41  52  4.4438  92.3999
191.762  154.051  1798.39  90.0375  1.178  0.4  41  52  4.4438  92.3999
191.811  154.18  2004.11  88.9125  38.036  0.36  41  52  4.4438  92.3999
191.86  154.18  1915.58  96.3469  211.764  0.38  41  52  4.4438  92.3999
191.908  154.18  1957.1  89.0295  33.147  0.37  41  52  4.4438  92.3999
191.957  154.309  2001.2  88.8128  41.463  0.36  41  52  4.4438  92.3999
192.006  154.309  1891.01  94.7819  157.64  0.38  40.8  52  4.4438  92.3999
192.055  154.309  1797.64  88.9987  31.413  0.4  40.8  52  4.4438  92.3999
192.103  154.438  1698.65  89.6847  9.348  0.43  40.8  52  4.4438  92.3999
192.152  154.438  1565.32  94.9525  135.133  0.46  40.8  52  4.4438  92.3999
192.201  154.438  1734.32  88.495  45.55  0.42  40.8  52  4.4438  92.3999
192.25  154.438  1837.88  95.165  165.454  0.4  40.8  52  4.4438  92.3999
192.298  154.566  1807.9  95.7397  180.806  0.4  40.8  52  4.4438  92.3999
192.347  154.566  1986.44  89.8913  3.768  0.36  40.9  52  4.4438  92.3999
192.396  154.566  1916.7  96.2453  208.509  0.38  40.9  52  4.4438  92.3999
192.444  154.695  1873.8  94.1203  134.634  0.39  40.9  52  4.4438  92.3999
192.493  154.695  1967.66  87.8556  73.625  0.37  40.9  52  4.4438  92.3999
192.542  154.695  1906.45  94.7792  158.839  0.38  40.9  52  4.4438  92.3999
192.591  154.824  1997.74  90.0029  0.1  0.36  40.9  52  4.4438  92.3999
192.639  154.824  1940.03  94.8364  163.565  0.37  40.6  52  4.4438  92.3999
192.688  154.824  1902.71  94.6601  154.586  0.38  40.6  52  4.4438  92.3999
192.737  154.953  2018.98  89.7225  9.779  0.36  40.6  52  4.4438  92.3999
192.786  154.953  1921.64  94.6837  156.91  0.38  40.6  52  4.4438  92.3999
192.835  154.953  1961.2  89.7773  7.622  0.37  40.6  52  4.4438  92.3999
192.883  155.082  2010.71  89.727  9.582  0.36  40.6  52  4.4438  92.3999
192.932  155.082  1908.44  94.862  161.753  0.38  40.6  52  4.4438  92.3999
192.981  155.082  1997.49  89.9839  0.562  0.36  40.6  52  4.4438  92.3999
193.03  155.21  1920.9  94.5444  152.195  0.38  40.6  52  4.4438  92.3999
193.078  155.21  1896.18  96.1685  203.751  0.38  40.6  52  4.4438  92.3999
193.127  155.21  1835.2  90.0593  1.9  0.39  40.6  52  4.4438  92.3999
193.177  155.339  2027.8  89.6169  13.557  0.36  40.6  52  4.4438  92.3999
193.225  155.339  1881.4  95.2908  173.484  0.39  41.5  52  4.4438  92.3999
193.274  155.339  2038.56  89.9869  0.465  0.35  41.5  52  4.4438  92.3999
193.323  155.468  1932.6  95.9174  199.239  0.38  41.5  52  4.4438  92.3999
193.372  155.468  1884.34  95.2728  173.168  0.39  41.5  52  4.4438  92.3999
193.42  155.468  2019.69  89.6414  12.64  0.36  41.5  52  4.4438  92.3999
193.47  155.597  1883.08  95.0203  164.785  0.39  41.5  52  4.4438  92.3999
193.519  155.597  1860.88  89.9482  1.682  0.39  39.9  52  4.4438  92.3999
193.567  155.597  1769.86  88.284  53  0.41  39.9  52  4.4438  92.3999
193.616  155.726  1668.06  89.7471  7.363  0.43  39.9  52  4.4438  92.3999
193.665  155.726  1679.73  84.3282  166.009  0.43  39.9  52  4.4438  92.3999
193.714  155.726  1966.16  87.2677  93.726  0.37  39.9  52  4.4438  92.3999
193.762  155.854  2057.1  82.6988  261.428  0.35  39.9  52  4.4438  92.3999
193.811  155.854  1928.79  71.4863  612.451  0.4  38.7  52  4.4438  92.3999
193.86  155.854  2059.34  77.1862  456.726  0.36  38.7  52  4.4438  92.3999
193.909  155.983  2106.02  80.5866  344.455  0.35  38.7  52  4.4438  92.3999
193.957  155.983  2174.31  80.8515  345.702  0.34  38.7  52  4.4438  92.3999
194.006  155.983  2061.78  75.6289  511.735  0.36  38.7  52  4.4438  92.3999
194.055  156.112  1948.13  80.8292  310.49  0.38  38.7  52  4.4438  92.3999
194.104  156.112  1912.35  75.5313  477.801  0.39  39.8  52  4.4438  92.3999
194.153  156.112  1844.73  78.507  367.56  0.4  39.8  52  4.4438  92.3999
194.201  156.241  2089.85  72.8694  615.565  0.36  39.8  52  4.4438  92.3999
194.25  156.241  1932.06  76.0468  465.876  0.39  39.8  52  4.4438  92.3999
194.299  156.241  1891.47  74.771  496.845  0.4  39.8  52  4.4438  92.3999
194.348  156.37  2107.02  76.1873  503.049  0.35  39.8  52  4.4438  92.3999
194.397  156.37  1899.98  78.015  394.543  0.39  39.4  52  4.4438  92.3999
194.446  156.37  1992.36  75.965  483.177  0.37  39.4  52  4.4438  92.3999
194.495  156.498  1919.21  74.1864  523.002  0.39  39.4  52  4.4438  92.3999
194.543  156.498  1922.52  81.1246  296.618  0.38  39.4  52  4.4438  92.3999
194.592  156.498  1985.24  75.9017  483.579  0.38  39.4  52  4.4438  92.3999
194.641  156.627  1868.01  78.5131  372.002  0.4  39.4  52  4.4438  92.3999
194.69  156.627  1906.4  79.1068  360.27  0.39  41.7  52  4.4438  92.3999
194.738  156.627  1878.16  76.2421  446.664  0.4  41.7  52  4.4438  92.3999
194.787  156.627  1976.27  76.1916  471.69  0.38  41.7  52  4.4438  92.3999
194.836  156.756  1995.93  69.4739  699.843  0.39  41.7  52  4.4438  92.3999
194.885  156.756  1793.8  72.8546  528.808  0.42  41.7  52  4.4438  92.3999
194.934  156.756  1868.38  76.0367  450.84  0.4  41.7  52  4.4438  92.3999
194.982  156.885  1759.35  73.2343  507.498  0.43  41.7  52  4.4438  92.3999
195.031  156.885  1745.14  75.7989  428.127  0.43  40  52  4.4438  92.3999
195.08  156.885  1831.51  72.4707  551.638  0.41  40  52  4.4438  92.3999
195.129  157.014  2035.44  73.8818  565.078  0.37  40  52  4.4438  92.3999
195.177  157.014  1812.53  72.3644  549.127  0.42  40  52  4.4438  92.3999
195.226  157.014  1716.51  76.5614  398.921  0.43  40  52  4.4438  92.3999
195.275  157.142  1907.88  74.4163  512.545  0.39  40  52  4.4438  92.3999
195.324  157.142  1919.38  72.8826  564.932  0.39  40.6  52  4.4438  92.3999
195.373  157.142  1844.8  73.2836  530.629  0.41  40.6  52  4.4438  92.3999
195.421  157.271  1981.5  74.4967  529.646  0.38  40.6  52  4.4438  92.3999
195.47  157.271  1867.82  78.4332  374.518  0.4  40.6  52  4.4438  92.3999
195.519  157.271  1765.99  69.2146  626.696  0.44  40.6  52  4.4438  92.3999
195.568  157.4  1862.12  72.9994  544.448  0.41  40.6  52  4.4438  92.3999
195.616  157.4  2095.75  76.5291  488.208  0.35  39.4  52  4.4438  92.3999
195.665  157.4  1928.27  74.5316  514.283  0.39  39.4  52  4.4438  92.3999
195.714  157.529  2031.16  75.0019  525.638  0.37  39.4  52  4.4438  92.3999
195.763  157.529  1882.82  75.157  482.323  0.4  39.4  52  4.4438  92.3999
195.812  157.529  1959.26  74.5566  521.725  0.38  39.4  52  4.4438  92.3999
195.861  157.658  1989.06  77.9593  414.93  0.37  39.4  52  4.4438  92.3999
195.909  157.658  2031.96  78.6186  400.984  0.36  40.3  52  4.4438  92.3999
195.958  157.658  2041.29  74.7293  537.636  0.37  40.3  52  4.4438  92.3999
196.007  157.786  2002.66  76.5142  467.031  0.37  40.3  52  4.4438  92.3999
196.055  157.786  1814.76  71.1318  586.88  0.42  40.3  52  4.4438  92.3999
196.104  157.786  1955.51  72.2204  597.126  0.39  40.3  52  4.4438  92.3999
196.153  157.915  1998.3  75.6938  493.788  0.37  40.3  52  4.4438  92.3999
196.202  157.915  1824.5  76.7738  417.438  0.41  41.5  52  4.4438  92.3999
196.25  157.915  1739.02  74.9787  450.717  0.43  41.5  52  4.4438  92.3999
196.299  158.044  1655.58  72.4469  499.307  0.46  41.5  52  4.4438  92.3999
196.348  158.044  1684.37  68.9217  605.773  0.46  41.5  52  4.4438  92.3999
196.397  158.044  1882.04  76.3359  444.592  0.4  41.5  52  4.4438  92.3999
196.446  158.173  1800.04  73.2798  517.871  0.42  41.5  52  4.4438  92.3999
196.495  158.173  1666.2  70.8042  547.843  0.46  38.9  52  4.4438  92.3999
196.543  158.173  1729.93  72.8194  510.995  0.44  38.9  52  4.4438  92.3999
196.592  158.302  1722.3  75.1646  440.984  0.43  38.9  52  4.4438  92.3999
196.641  158.302  1834.14  76.9283  414.829  0.4  38.9  52  4.4438  92.3999
196.69  158.302  1885.12  74.8513  492.63  0.4  38.9  52  4.4438  92.3999
196.739  158.431  1645.04  71.5801  519.798  0.46  38.9  52  4.4438  92.3999
196.787  158.431  1767.3  69.2494  626.156  0.44  40.4  52  4.4438  92.3999
196.836  158.431  1809.16  72.842  533.717  0.42  40.4  52  4.4438  92.3999
196.885  158.559  1738.72  72.8223  513.508  0.44  40.4  52  4.4438  92.3999
196.934  158.559  1688.33  71.6728  530.883  0.45  40.4  52  4.4438  92.3999
196.982  158.559  1536.23  70.7549  506.359  0.5  40.4  52  4.4438  92.3999
197.031  158.688  1708.1  72.3469  517.988  0.44  40.4  52  4.4438  92.3999
197.08  158.688  1724.82  71.871  536.692  0.44  39  52  4.4438  92.3999
197.129  158.688  1750.23  72.5779  524.035  0.43  39  52  4.4438  92.3999
197.178  158.817  1767.84  71.0471  574.178  0.43  39  52  4.4438  92.3999
197.226  158.817  1585.68  68.685  576.387  0.49  39  52  4.4438  92.3999
197.275  158.817  1715.11  70.0666  584.729  0.45  39  52  4.4438  92.3999
197.324  158.817  1868.36  70.4549  625.055  0.41  39  52  4.4438  92.3999
197.373  158.946  1723.62  72.0516  531.151  0.44  39  52  4.4438  92.3999
197.422  158.946  1755.95  73.5148  498.281  0.43  40  52  4.4438  92.3999
197.471  158.946  1794.81  74.0531  493.115  0.42  40  52  4.4438  92.3999
197.519  159.075  1734.58  71.8512  540.297  0.44  40  52  4.4438  92.3999
197.568  159.075  1802.21  70.0504  614.905  0.43  40  52  4.4438  92.3999
197.617  159.075  1973.2  71.9829  610.311  0.39  40  52  4.4438  92.3999
197.666  159.203  1802.31  71.9203  559.327  0.42  40  52  4.4438  92.3999
197.714  159.203  1746.37  72.7176  518.814  0.43  38.9  52  4.4438  92.3999
197.763  159.203  1769.97  69.3637  623.798  0.44  38.9  52  4.4438  92.3999
197.812  159.332  1844.59  70.8887  603.927  0.42  38.9  52  4.4438  92.3999
197.861  159.332  1837.6  72.3313  557.735  0.41  38.9  52  4.4438  92.3999
197.91  159.332  1734.31  72.8208  512.248  0.44  38.9  52  4.4438  92.3999
197.958  159.461  1669.95  74.2374  453.648  0.45  38.9  52  4.4438  92.3999
198.007  159.461  1747.05  70.1536  593.124  0.44  39.5  52  4.4438  92.3999
198.056  159.461  1741.61  74.1219  476.491  0.43  39.5  52  4.4438  92.3999
198.105  159.59  1845.46  70.9196  603.273  0.41  39.5  52  4.4438  92.3999
198.153  159.59  1808.27  75.233  460.908  0.41  39.5  52  4.4438  92.3999
198.202  159.59  1819.59  72.876  535.762  0.42  39.5  52  4.4438  92.3999
198.251  159.719  1978.64  77.1552  439.872  0.38  39.5  52  4.4438  92.3999
198.3  159.719  2056.86  76.9365  464.915  0.36  39.5  52  4.4438  92.3999
198.348  159.719  1823.1  78.4122  366.205  0.41  39.5  52  4.4438  92.3999
198.397  159.847  2000.95  75.0843  515.042  0.37  39.5  52  4.4438  92.3999
198.446  159.847  2127.68  77.3581  465.657  0.35  39.5  52  4.4438  92.3999
198.495  159.847  1889.69  80.5714  309.567  0.39  39.5  52  4.4438  92.3999
198.544  159.976  1939.75  78.3783  390.76  0.38  39.5  52  4.4438  92.3999
198.592  159.976  2024.27  75.391  510.565  0.37  40.1  52  4.4438  92.3999
198.641  159.976  1912.25  74.785  501.855  0.39  40.1  52  4.4438  92.3999
198.69  160.105  2030.48  82.4353  267.305  0.36  40.1  52  4.4438  92.3999
198.738  160.105  1980.86  78.9759  378.784  0.37  40.1  52  4.4438  92.3999
198.787  160.105  2030.92  76.6702  468.24  0.37  40.1  52  4.4438  92.3999
198.837  160.234  1955.46  83.6035  217.853  0.37  40.1  52  4.4438  92.3999
198.885  160.234  1954.3  78.1959  399.783  0.38  41.5  52  4.4438  92.3999
198.934  160.234  1941.87  78.5461  385.615  0.38  41.5  52  4.4438  92.3999
198.983  160.363  2053.9  81.4798  304.304  0.36  41.5  52  4.4438  92.3999
199.032  160.363  1993.4  84.4806  191.73  0.36  41.5  52  4.4438  92.3999
199.08  160.363  2194.79  79.6766  393.314  0.34  41.5  52  4.4438  92.3999
199.129  160.491  2064.97  79.5706  373.807  0.36  41.5  52  4.4438  92.3999
199.178  160.491  1898.75  79.1995  355.807  0.39  40.1  52  4.4438  92.3999
199.227  160.491  1988.59  82.5341  258.39  0.37  40.1  52  4.4438  92.3999
199.276  160.62  1915.92  83.4481  218.611  0.38  40.1  52  4.4438  92.3999
199.324  160.62  1706.97  80.6714  276.693  0.43  40.1  52  4.4438  92.3999
199.373  160.62  1743.3  83.0516  210.896  0.42  40.1  52  4.4438  92.3999
199.422  160.749  1736.37  81.0996  268.648  0.42  40.1  52  4.4438  92.3999
199.471  160.749  1762.09  81.8327  250.33  0.41  40.1  52  4.4438  92.3999
199.519  160.749  1842.76  81.7608  264.079  0.4  40.1  52  4.4438  92.3999
199.568  160.878  1921.85  77.3155  422.005  0.39  40.1  52  4.4438  92.3999
199.617  160.878  2139.03  79.712  382.022  0.34  40.1  52  4.4438  92.3999
199.666  160.878  1820.82  77.0797  407.126  0.41  40.1  52  4.4438  92.3999
199.715  161.007  1844.38  71.8481  574.593  0.41  40.1  52  4.4438  92.3999
199.763  161.007  1757.21  75.6427  435.734  0.42  40.1  52  4.4438  92.3999
199.812  161.007  1715.96  70.9671  559.595  0.45  40.8  52  4.4438  92.3999
199.861  161.007  1797.1  68.0352  672.181  0.43  40.8  52  4.4438  92.3999
199.91  161.135  2033.66  68.9812  729.422  0.38  40.8  52  4.4438  92.3999
199.958  161.135  1837.56  69.0231  657.83  0.42  40.8  52  4.4438  92.3999
200.008  161.135  1833.19  68.7332  664.919  0.42  40.8  52  4.4438  92.3999
200.056  161.264  1838.48  68.4206  676.175  0.42  40.8  52  4.4438  92.3999
200.105  161.264  1794.14  71.7336  562.345  0.42  40.4  52  4.4438  92.3999
200.154  161.264  1751.9  71.1976  564.648  0.44  40.4  52  4.4438  92.3999
200.202  161.393  1748.74  71.536  553.842  0.44  40.4  52  4.4438  92.3999
200.251  161.393  1802.1  70.3989  604.552  0.43  40.4  52  4.4438  92.3999
200.3  161.393  1908.23  73.5755  539.557  0.4  40.4  52  4.4438  92.3999
200.349  161.522  1690.35  71.4755  537.04  0.45  40.4  52  4.4438  92.3999
200.398  161.522  1877.67  75.2822  477.039  0.4  39.8  52  4.4438  92.3999
200.446  161.522  1930.6  73.2915  555.051  0.39  39.8  52  4.4438  92.3999
200.495  161.651  1898.94  72.3352  576.229  0.4  39.8  52  4.4438  92.3999
200.544  161.651  1953.44  77.1337  434.986  0.38  39.8  52  4.4438  92.3999
200.593  161.651  1831.05  74.574  487.048  0.41  39.8  52  4.4438  92.3999
200.642  161.779  1888.82  73.3662  540.682  0.4  39.8  52  4.4438  92.3999
200.69  161.779  1964.19  78.4  394.957  0.38  41.2  52  4.4438  92.3999
200.739  161.779  1863.15  71.2434  599.095  0.41  41.2  52  4.4438  92.3999
200.788  161.908  2157.14  81.9988  300.262  0.34  41.2  52  4.4438  92.3999
200.837  161.908  1991.95  78.9992  380.109  0.37  41.2  52  4.4438  92.3999
200.886  161.908  1933.3  72.7364  573.742  0.39  41.2  52  4.4438  92.3999
200.935  162.037  2017.37  75.4901  505.448  0.37  41.2  52  4.4438  92.3999
200.984  162.037  2108.51  80.2421  357.363  0.35  38.5  52  4.4438  92.3999
201.032  162.037  2004.86  86.8608  109.788  0.36  38.5  52  4.4438  92.3999
201.081  162.166  2114.78  79.6196  381.046  0.35  38.5  52  4.4438  92.3999
201.13  162.166  1971.01  78.0939  406.636  0.38  38.5  52  4.4438  92.3999
201.179  162.166  2203.14  80.0432  380.935  0.33  38.5  52  4.4438  92.3999
201.227  162.295  2090.29  79.2401  390.245  0.35  38.5  52  4.4438  92.3999
201.276  162.295  2138.96  77.634  458.072  0.35  38.5  52  4.4438  92.3999
201.325  162.295  1939.23  78.5787  384.011  0.38  38.5  52  4.4438  92.3999
201.374  162.423  2000.84  81.4328  298.063  0.37  38.5  52  4.4438  92.3999
201.422  162.423  1953.87  74.8998  508.999  0.38  38.5  52  4.4438  92.3999
201.471  162.423  1883.82  73.4991  535.063  0.4  38.5  52  4.4438  92.3999
201.52  162.552  1890.26  75.9959  457.426  0.39  38.5  52  4.4438  92.3999
201.569  162.552  1911.91  75.5138  478.258  0.39  39.2  52  4.4438  92.3999
201.617  162.552  1847.74  78.0836  381.528  0.4  39.2  52  4.4438  92.3999
201.666  162.681  2164.68  79.7506  385.169  0.34  39.2  52  4.4438  92.3999
201.715  162.681  1898.79  75.937  461.384  0.39  39.2  52  4.4438  92.3999
201.763  162.681  2127.61  68.7099  772.511  0.36  39.2  52  4.4438  92.3999
201.812  162.81  2116.1  73.6081  597.173  0.36  39.2  52  4.4438  92.3999
201.861  162.81  2101.18  74.5537  559.618  0.36  40  52  4.4438  92.3999
201.91  162.81  2195.36  69.0189  786.069  0.35  40  52  4.4438  92.3999
201.958  162.939  1891.62  80.5901  309.274  0.39  40  52  4.4438  92.3999
202.007  162.939  1823.74  77.7526  386.876  0.41  40  52  4.4438  92.3999
202.056  162.939  1973.08  84.4652  190.305  0.37  40  52  4.4438  92.3999
202.105  163.068  1928.53  78.4758  385.285  0.38  40  52  4.4438  92.3999
202.154  163.068  2055.28  78.1826  420.909  0.36  41  52  4.4438  92.3999
202.203  163.068  1820.56  78.9219  349.814  0.4  41  52  4.4438  92.3999
202.251  163.196  2132.94  77.5613  459.425  0.35  41  52  4.4438  92.3999
202.3  163.196  2053.52  76.0576  494.787  0.36  41  52  4.4438  92.3999
202.349  163.196  1976.19  70.7218  652.45  0.39  41  52  4.4438  92.3999
202.398  163.196  1834.91  78.4735  366.654  0.4  41  52  4.4438  92.3999
202.446  163.325  2159.61  81.1318  332.93  0.34  41  52  4.4438  92.3999
202.495  163.325  1874.02  83.4274  214.506  0.39  39.5  52  4.4438  92.3999
202.544  163.325  2176.99  79.6441  391.338  0.34  39.5  52  4.4438  92.3999
202.593  163.454  2127.67  80.9582  334.374  0.34  39.5  52  4.4438  92.3999
202.641  163.454  1980.22  79.1791  371.764  0.37  39.5  52  4.4438  92.3999
202.69  163.454  2049.24  82.0896  282.027  0.36  39.5  52  4.4438  92.3999
202.739  163.583  1973.32  78.4183  396.172  0.37  39.5  52  4.4438  92.3999
202.788  163.583  1842.18  74.7663  484.043  0.41  40.1  52  4.4438  92.3999
202.836  163.583  2292.31  79.5202  416.946  0.32  40.1  52  4.4438  92.3999
202.885  163.712  1970.36  81.5514  289.489  0.37  40.1  52  4.4438  92.3999
202.934  163.712  1851  78.3024  375.284  0.4  40.1  52  4.4438  92.3999
202.983  163.712  2019.68  75.5777  503.035  0.37  40.1  52  4.4438  92.3999
203.032  163.84  1787.48  77.5778  384.511  0.41  40.1  52  4.4438  92.3999
203.08  163.84  1900.81  75.8149  465.801  0.39  40.5  52  4.4438  92.3999
203.129  163.84  2090.16  78.9893  399.206  0.35  40.5  52  4.4438  92.3999
203.178  163.969  2430.98  83.6035  270.832  0.3  40.5  52  4.4438  92.3999
203.227  163.969  1928.49  76.3905  453.779  0.39  40.5  52  4.4438  92.3999
203.275  163.969  1779.19  77.3951  388.267  0.42  40.5  52  4.4438  92.3999
203.324  164.098  1780.35  73.9598  491.934  0.42  40.5  52  4.4438  92.3999
203.373  164.098  2121.21  83.4149  243.258  0.34  40.6  52  4.4438  92.3999
203.422  164.098  2077.86  82.4256  273.89  0.35  40.6  52  4.4438  92.3999
203.47  164.227  2058.82  83.0889  247.737  0.35  40.6  52  4.4438  92.3999
203.519  164.227  2045.83  85.2472  169.51  0.35  40.6  52  4.4438  92.3999
203.568  164.227  1875  80.4559  310.887  0.39  40.6  52  4.4438  92.3999
203.617  164.356  2059.57  76.2883  488.194  0.36  40.6  52  4.4438  92.3999
203.665  164.356  2371.84  79.6904  424.48  0.31  39.1  52  4.4438  92.3999
203.714  164.356  1941.86  76.5143  452.847  0.38  39.1  52  4.4438  92.3999
203.763  164.484  1921.2  86.6407  112.575  0.38  39.1  52  4.4438  92.3999
203.812  164.484  1988.7  87.0128  103.635  0.36  39.1  52  4.4438  92.3999
203.86  164.484  2160.6  81.6699  313.02  0.34  39.1  52  4.4438  92.3999
203.91  164.613  1563.38  87.4001  70.918  0.46  39.1  52  4.4438  92.3999
203.958  164.613  1562.52  89.0729  25.281  0.46  39  52  4.4438  92.3999
204.007  164.613  1612.88  88.5368  41.184  0.45  39  52  4.4438  92.3999
204.056  164.742  1652.04  95.648  162.588  0.44  39  52  4.4438  92.3999
204.105  164.742  1868.78  89.6999  9.788  0.39  39  52  4.4438  92.3999
204.153  164.742  1991.49  90.0147  0.51  0.36  39  52  4.4438  92.3999
204.202  164.871  1953.13  89.8948  3.587  0.37  39  52  4.4438  92.3999
204.251  164.871  1949.51  88.9226  36.656  0.37  39  52  4.4438  92.3999
204.3  164.871  2033.86  90.0105  0.374  0.36  39  52  4.4438  92.3999
204.349  165  1847.17  95.5918  179.991  0.39  39  52  4.4438  92.3999
204.397  165  1863.81  94.2129  136.92  0.39  39  52  4.4438  92.3999
204.446  165  1797.29  95.8494  183.168  0.4  39  52  4.4438  92.3999
204.495  165.128  1822.82  89.9578  1.342  0.4  39  52  4.4438  92.3999
204.544  165.128  1952.91  89.2044  27.116  0.37  37.7  52  4.4438  92.3999
204.593  165.128  1880.15  95.3453  175.151  0.39  37.7  52  4.4438  92.3999
204.641  165.128  1943.73  88.0865  64.902  0.37  37.7  52  4.4438  92.3999
204.69  165.257  2015.98  89.8923  3.789  0.36  37.7  52  4.4438  92.3999
204.739  165.257  1989.53  89.9871  0.449  0.36  37.7  52  4.4438  92.3999
204.788  165.257  1876.21  94.0101  131.209  0.39  37.7  52  4.4438  92.3999
204.837  165.386  1995.53  89.9562  1.524  0.36  37.7  52  4.4438  92.3999
204.886  165.386  1768.41  96.0695  186.981  0.41  39.3  52  4.4438  92.3999
204.934  165.386  1894.83  88.4359  51.721  0.38  39.3  52  4.4438  92.3999
204.983  165.515  1978.22  89.9705  1.02  0.37  39.3  52  4.4438  92.3999
205.032  165.515  1925.21  89.2136  26.424  0.38  39.3  52  4.4438  92.3999
205.081  165.515  1971.06  88.8724  38.787  0.37  39.3  52  4.4438  92.3999
205.13  165.644  1871.25  96.3542  207.102  0.39  39.3  52  4.4438  92.3999
205.179  165.644  1996.23  90.0106  0.368  0.36  38.9  52  4.4438  92.3999
205.227  165.644  1937.16  94.9024  165.547  0.37  38.9  52  4.4438  92.3999
205.276  165.772  1997.96  90.0193  0.673  0.36  38.9  52  4.4438  92.3999
205.325  165.772  1983.78  88.9902  34.96  0.36  38.9  52  4.4438  92.3999
205.374  165.772  1953.37  94.9009  166.88  0.37  38.9  52  4.4438  92.3999
205.423  165.901  1936.27  89.9096  3.053  0.37  38.9  52  4.4438  92.3999
205.472  165.901  1984.1  89.8277  5.967  0.36  39.4  52  4.4438  92.3999
205.52  165.901  1808.7  95.3046  167.216  0.4  39.4  52  4.4438  92.3999
205.569  166.03  1744.65  89.5658  13.222  0.41  39.4  52  4.4438  92.3999
205.618  166.03  1871.93  89.3402  21.555  0.39  39.4  52  4.4438  92.3999
205.667  166.03  1860.45  95.6043  181.686  0.39  39.4  52  4.4438  92.3999
205.715  166.159  1809.92  90.0122  0.385  0.4  39.4  52  4.4438  92.3999
205.764  166.159  2005.21  89.5428  15.999  0.36  39.4  52  4.4438  92.3999
205.813  166.159  1811.31  89.9859  0.447  0.4  39.4  52  4.4438  92.3999
205.862  166.288  1991.83  88.9827  35.363  0.36  39.4  52  4.4438  92.3999
205.91  166.288  2004.95  89.6596  11.912  0.36  39.4  52  4.4438  92.3999
205.959  166.288  1854.86  94.2022  135.917  0.39  39.4  52  4.4438  92.3999
206.008  166.416  1906.24  89.1393  28.634  0.38  39.4  52  4.4438  92.3999
206.057  166.416  1647.51  94.6109  132.44  0.44  38.9  52  4.4438  92.3999
206.105  166.416  1550.91  86.7277  88.528  0.47  38.9  52  4.4438  92.3999
206.154  166.545  1938.04  81.6945  279.951  0.38  38.9  52  4.4438  92.3999
206.203  166.545  1801.93  77.3708  393.975  0.41  38.9  52  4.4438  92.3999
206.252  166.545  1647.91  75.6793  407.61  0.45  38.9  52  4.4438  92.3999
206.301  166.674  1748.44  82.547  226.796  0.42  38.9  52  4.4438  92.3999
206.349  166.674  1485.41  94.8095  124.54  0.49  39.2  52  4.4438  92.3999
206.398  166.674  1567  88.8142  32.429  0.46  39.2  52  4.4438  92.3999
206.447  166.803  1597.85  94.8227  134.334  0.45  39.2  52  4.4438  92.3999
206.496  166.803  1791.78  88.9481  32.892  0.4  39.2  52  4.4438  92.3999
206.544  166.803  1903.11  88.3832  53.694  0.38  39.2  52  4.4438  92.3999
206.594  166.932  1910.49  94.6583  155.158  0.38  39.2  52  4.4438  92.3999
206.643  166.932  1864.88  94.1341  134.44  0.39  39.5  52  4.4438  92.3999
206.691  166.932  2009.29  89.8881  3.925  0.36  39.5  52  4.4438  92.3999
206.74  167.06  1887.74  95.3463  175.89  0.38  39.5  52  4.4438  92.3999
206.789  167.06  1932.68  88.1951  60.874  0.37  39.5  52  4.4438  92.3999
206.838  167.06  1981.63  89.9902  0.338  0.37  39.5  52  4.4438  92.3999
206.887  167.189  1666.8  94.4668  129.814  0.44  39.5  52  4.4438  92.3999
206.935  167.189  1715.1  88.5278  44.065  0.42  38.5  52  4.4438  92.3999
206.984  167.189  1771.34  94.393  135.678  0.41  38.5  52  4.4438  92.3999
207.033  167.318  1802.28  94.2897  134.81  0.4  38.5  52  4.4438  92.3999
207.082  167.318  1969.88  89.8441  5.358  0.37  38.5  52  4.4438  92.3999
207.13  167.318  1899.8  96.2905  208.158  0.38  38.5  52  4.4438  92.3999
207.18  167.447  1801.33  90.0573  1.802  0.4  38.5  52  4.4438  92.3999
207.228  167.447  1943.41  94.8642  164.789  0.37  38.2  52  4.4438  92.3999
207.277  167.447  1879.85  96.2597  204.968  0.39  38.2  52  4.4438  92.3999
207.326  167.447  1960.76  87.9388  70.522  0.37  38.2  52  4.4438  92.3999
207.375  167.576  1921.34  94.9256  164.968  0.38  38.2  52  4.4438  92.3999
207.423  167.576  1876.98  95.0115  163.965  0.39  38.2  52  4.4438  92.3999
207.473  167.576  1981.06  89.8436  5.409  0.37  38.2  52  4.4438  92.3999
207.521  167.704  1908.24  96.1013  202.821  0.38  38.2  52  4.4438  92.3999
207.57  167.704  1850.67  93.9745  128.276  0.39  38.8  52  4.4438  92.3999
207.619  167.704  1904.4  95.2931  175.681  0.38  38.8  52  4.4438  92.3999
207.668  167.833  1863.24  94.9581  161.035  0.39  38.8  52  4.4438  92.3999
207.716  167.833  1836.02  93.9631  126.896  0.39  38.8  52  4.4438  92.3999
207.766  167.833  1977.67  89.6897  10.71  0.37  38.8  52  4.4438  92.3999
207.814  167.962  1961.2  89.7773  7.622  0.37  38.8  52  4.4438  92.3999
207.863  167.962  2008.82  89.9842  0.553  0.36  39.1  52  4.4438  92.3999
207.912  167.962  1922.14  94.7766  160.058  0.38  39.1  52  4.4438  92.3999
207.96  168.091  1985.11  89.9158  2.917  0.36  39.1  52  4.4438  92.3999
208.009  168.091  1989.29  88.65  46.867  0.36  39.1  52  4.4438  92.3999
208.058  168.091  1917.79  94.8516  162.197  0.38  39.1  52  4.4438  92.3999
208.107  168.22  1867.37  95.19  168.919  0.39  39.1  52  4.4438  92.3999
208.156  168.22  1937.72  94.7053  158.954  0.37  39  52  4.4438  92.3999
208.204  168.22  1895.97  96.1224  202.212  0.38  39  52  4.4438  92.3999
208.253  168.349  1836.05  95.3844  172.291  0.4  39  52  4.4438  92.3999
208.302  168.349  1807.09  90.0435  1.372  0.4  39  52  4.4438  92.3999
208.351  168.349  1706.98  94.9965  148.67  0.43  39  52  4.4438  92.3999
208.399  168.477  1788.39  94.5444  141.695  0.41  39  52  4.4438  92.3999
208.448  168.477  1901.93  94.8076  159.401  0.38  38.9  52  4.4438  92.3999
208.497  168.477  1951.26  89.8674  4.516  0.37  38.9  52  4.4438  92.3999
208.546  168.606  2002.65  89.8839  4.06  0.36  38.9  52  4.4438  92.3999
208.594  168.606  1911.76  94.6025  153.405  0.38  38.9  52  4.4438  92.3999
208.643  168.606  1880.5  95.1085  167.444  0.39  38.9  52  4.4438  92.3999
208.692  168.735  1996.42  88.9565  36.358  0.36  38.9  52  4.4438  92.3999
208.741  168.735  1880.6  95.1297  168.144  0.39  39.6  52  4.4438  92.3999
208.79  168.735  1817.95  89.8813  3.766  0.4  39.6  52  4.4438  92.3999
208.838  168.864  1802.27  89.9174  2.599  0.4  39.6  52  4.4438  92.3999
208.887  168.864  1662.03  94.461  129.272  0.44  39.6  52  4.4438  92.3999
208.936  168.864  1684.61  89.9167  2.45  0.43  39.6  52  4.4438  92.3999
208.985  168.993  1885.12  84.6944  174.313  0.39  39.6  52  4.4438  92.3999
209.034  168.993  1901.35  84.079  196.136  0.38  39.1  52  4.4438  92.3999
209.082  168.993  1969.09  83.8252  211.799  0.37  39.1  52  4.4438  92.3999
209.131  169.121  2073.98  84.7843  188.537  0.35  39.1  52  4.4438  92.3999
209.18  169.121  1983.03  84.4635  191.324  0.37  39.1  52  4.4438  92.3999
209.229  169.121  1859.27  82.4569  244.069  0.39  39.1  52  4.4438  92.3999
209.277  169.25  1964.5  86.0203  136.343  0.37  39.1  52  4.4438  92.3999
209.326  169.25  1964.8  79.6257  353.816  0.37  38.4  52  4.4438  92.3999
209.375  169.25  1899.11  83.5625  212.927  0.38  38.4  52  4.4438  92.3999
209.424  169.379  2063.5  74.526  550.546  0.36  38.4  52  4.4438  92.3999
209.472  169.379  2112.4  75.6252  524.431  0.35  38.4  52  4.4438  92.3999
209.521  169.379  1988.71  76.1092  477.436  0.37  38.4  52  4.4438  92.3999
209.57  169.508  1910.78  71.8712  594.545  0.4  38.4  52  4.4438  92.3999
209.619  169.508  2010.12  78.0098  417.591  0.37  39.5  52  4.4438  92.3999
209.667  169.508  2077.8  70.55  691.874  0.37  39.5  52  4.4438  92.3999
209.716  169.508  1918.08  73.5508  543.135  0.39  39.5  52  4.4438  92.3999
209.765  169.637  2042.04  70.7629  672.81  0.38  39.5  52  4.4438  92.3999
209.814  169.637  2012.84  74.3298  543.667  0.37  39.5  52  4.4438  92.3999
209.862  169.637  2089.93  69.9781  715.547  0.37  39.5  52  4.4438  92.3999
209.911  169.765  2195.38  78.8477  424.626  0.34  39.5  52  4.4438  92.3999
209.96  169.765  2087.27  69.8656  718.485  0.37  39.7  52  4.4438  92.3999
210.009  169.765  2018.98  73.7155  566.136  0.37  39.7  52  4.4438  92.3999
210.057  169.894  2125  75.0228  549.174  0.35  39.7  52  4.4438  92.3999
210.106  169.894  2079.73  74.3085  562.48  0.36  39.7  52  4.4438  92.3999
210.155  169.894  2126.87  72.5963  636.151  0.36  39.7  52  4.4438  92.3999
210.204  170.023  2154.94  75.5522  537.654  0.35  39.7  52  4.4438  92.3999
210.252  170.023  2084.93  74.1296  570.15  0.36  37.2  52  4.4438  92.3999
210.301  170.023  2028.83  78.878  391.36  0.36  37.2  52  4.4438  92.3999
210.35  170.152  1916.01  75.7463  471.752  0.39  37.2  52  4.4438  92.3999
210.399  170.152  1959.92  80.7436  315.258  0.37  37.2  52  4.4438  92.3999
210.448  170.152  1938.06  78.9754  370.617  0.38  37.2  52  4.4438  92.3999
210.497  170.281  2025.54  77.4301  440.819  0.37  37.2  52  4.4438  92.3999
210.545  170.281  2263.59  78.8175  438.987  0.33  38.4  52  4.4438  92.3999
210.594  170.281  1784.84  78.3277  361.098  0.41  38.4  52  4.4438  92.3999
210.643  170.409  2011.65  78.6119  397.207  0.37  38.4  52  4.4438  92.3999
210.692  170.409  2056.26  81.1336  316.935  0.36  38.4  52  4.4438  92.3999
210.74  170.409  1913.12  81.2254  291.842  0.38  38.4  52  4.4438  92.3999
210.789  170.538  1824.75  82.8428  227.351  0.4  38.4  52  4.4438  92.3999
210.838  170.538  1924.89  82.9502  236.247  0.38  38.5  52  4.4438  92.3999
210.887  170.538  2130.55  80.9054  336.765  0.34  38.5  52  4.4438  92.3999
210.936  170.667  1981.07  80.2546  335.337  0.37  38.5  52  4.4438  92.3999
210.984  170.667  1816.92  80.2468  307.793  0.4  38.5  52  4.4438  92.3999
211.033  170.667  1889.02  82.155  257.84  0.39  38.5  52  4.4438  92.3999
211.082  170.796  1828.91  80.0227  316.873  0.4  38.5  52  4.4438  92.3999
211.131  170.796  1814.25  83.8726  193.654  0.4  40.2  52  4.4438  92.3999
211.18  170.796  1626.44  84.8256  146.684  0.45  40.2  52  4.4438  92.3999
211.228  170.925  1630.12  87.9218  59.114  0.44  40.2  52  4.4438  92.3999
211.277  170.925  1572.32  89.9004  2.734  0.46  40.2  52  4.4438  92.3999
211.326  170.925  1565.2  89.1435  23.398  0.46  40.2  52  4.4438  92.3999
211.375  171.053  1724.01  89.7094  8.744  0.42  40.2  52  4.4438  92.3999
211.424  171.053  1793.64  95.648  176.524  0.41  38.3  52  4.4438  92.3999
211.473  171.053  1849.07  94.2201  136.069  0.39  38.3  52  4.4438  92.3999
211.522  171.182  1994.15  89.7165  9.866  0.36  38.3  52  4.4438  92.3999
211.57  171.182  1865.82  96.4774  210.486  0.39  38.3  52  4.4438  92.3999
211.619  171.182  1985.65  88.7487  43.362  0.36  38.3  52  4.4438  92.3999
211.668  171.311  1993.98  89.5645  15.155  0.36  38.3  52  4.4438  92.3999
211.717  171.311  1877.22  95.3631  175.459  0.39  39.8  52  4.4438  92.3999
211.766  171.311  1920.32  90.0236  0.789  0.38  39.8  52  4.4438  92.3999
211.814  171.44  1875.75  95.066  165.636  0.39  39.8  52  4.4438  92.3999
211.863  171.44  1896.7  89.3412  21.81  0.38  39.8  52  4.4438  92.3999
211.912  171.44  1845.15  94.0376  129.918  0.39  39.8  52  4.4438  92.3999
211.961  171.44  1850.67  93.9745  128.276  0.39  39.8  52  4.4438  92.3999
212.009  171.569  1952.49  89.1692  28.311  0.37  38.8  52  4.4438  92.3999
212.058  171.569  1994.99  89.7884  7.366  0.36  38.8  52  4.4438  92.3999
212.107  171.569  1969.19  89.9229  2.649  0.37  38.8  52  4.4438  92.3999
212.156  171.697  1890.06  94.0356  133.015  0.38  38.8  52  4.4438  92.3999
212.204  171.697  2007.08  89.8405  5.588  0.36  38.8  52  4.4438  92.3999
212.253  171.697  1879.48  95.2087  170.625  0.39  38.8  52  4.4438  92.3999
212.302  171.826  1977.66  88.7572  42.894  0.37  38.9  52  4.4438  92.3999
212.351  171.826  1799.4  95.7019  178.777  0.4  38.9  52  4.4438  92.3999
212.4  171.826  1752.09  88.4064  48.725  0.41  38.9  52  4.4438  92.3999
212.448  171.955  1754.42  89.4233  17.658  0.41  38.9  52  4.4438  92.3999
212.497  171.955  1541.72  90.0338  0.91  0.47  38.9  52  4.4438  92.3999
212.546  171.955  1616.47  89.6424  10.089  0.45  38.9  52  4.4438  92.3999
212.595  172.084  1608.83  89.4004  16.837  0.45  38.9  52  4.4438  92.3999
212.644  172.084  1563.29  89.5721  11.675  0.46  40.4  52  4.4438  92.3999
212.693  172.084  1682.43  89.9299  2.058  0.43  40.4  52  4.4438  92.3999
212.741  172.213  1784.15  95.9739  185.686  0.41  40.4  52  4.4438  92.3999
212.79  172.213  1894.33  89.3912  20.127  0.38  40.4  52  4.4438  92.3999
212.839  172.213  1889.66  93.9657  130.686  0.38  40.4  52  4.4438  92.3999
212.888  172.341  1891.41  96.478  213.392  0.38  40.4  52  4.4438  92.3999
212.936  172.341  1948.72  89.1156  30.08  0.37  40.2  52  4.4438  92.3999
212.985  172.341  1953.12  94.8536  165.253  0.37  40.2  52  4.4438  92.3999
213.034  172.47  1878.99  94.8112  157.597  0.39  40.2  52  4.4438  92.3999
213.083  172.47  1976.16  88.766  42.557  0.37  40.2  52  4.4438  92.3999
213.131  172.47  1833.25  95.4018  172.582  0.4  40.2  52  4.4438  92.3999
213.18  172.599  1675.15  94.2148  123.117  0.43  40.2  52  4.4438  92.3999
213.229  172.599  1712.97  88.7744  36.64  0.42  38.2  52  4.4438  92.3999
213.277  172.599  1684.02  89.8563  4.222  0.43  38.2  52  4.4438  92.3999
213.326  172.728  1581.05  84.5906  149.048  0.46  38.2  52  4.4438  92.3999
213.375  172.728  1917.17  81.9696  267.826  0.38  38.2  52  4.4438  92.3999
213.424  172.728  1733.21  82.01  240.918  0.42  38.2  52  4.4438  92.3999
213.473  172.857  2214.42  84.2084  223.46  0.33  38.2  52  4.4438  92.3999
213.522  172.857  2104.41  80.6029  343.598  0.35  40.2  52  4.4438  92.3999
213.57  172.857  2223.63  78.6689  436.895  0.33  40.2  52  4.4438  92.3999
213.619  172.986  2043.14  79.5192  371.659  0.36  40.2  52  4.4438  92.3999
213.668  172.986  1989.78  75.6504  493.141  0.38  40.2  52  4.4438  92.3999
213.717  172.986  1853.53  72.9895  542.243  0.41  40.2  52  4.4438  92.3999
213.765  173.114  1628.39  84.8886  145.076  0.45  40.2  52  4.4438  92.3999
213.814  173.114  1493.89  94.3474  113.242  0.49  38.6  52  4.4438  92.3999
213.863  173.114  1491.98  94.5695  118.864  0.49  38.6  52  4.4438  92.3999
213.912  173.243  1692.52  89.6582  10.096  0.43  38.6  52  4.4438  92.3999
213.96  173.243  1773.94  94.3747  135.313  0.41  38.6  52  4.4438  92.3999
214.009  173.243  1886.31  88.343  54.544  0.38  38.6  52  4.4438  92.3999
214.058  173.372  2000.73  89.7202  9.772  0.36  38.6  52  4.4438  92.3999
214.107  173.372  1866.25  95.2651  171.255  0.39  38.4  52  4.4438  92.3999
214.155  173.372  1959.79  88.8623  38.913  0.37  38.4  52  4.4438  92.3999
214.204  173.501  1918.59  94.7029  157.302  0.38  38.4  52  4.4438  92.3999
214.253  173.501  1951.93  89.7893  7.179  0.37  38.4  52  4.4438  92.3999
214.302  173.501  1979.69  89.0519  32.756  0.37  38.4  52  4.4438  92.3999
214.35  173.501  1906.93  94.8715  161.937  0.38  38.4  52  4.4438  92.3999
214.399  173.63  1820.84  94.3425  137.872  0.4  39.4  52  4.4438  92.3999
214.448  173.63  1873.92  89.9823  0.578  0.39  39.4  52  4.4438  92.3999
214.497  173.63  1673.33  94.3346  126.471  0.43  39.4  52  4.4438  92.3999
214.545  173.758  1696.97  88.6208  40.846  0.43  39.4  52  4.4438  92.3999
214.594  173.758  1744.1  88.2581  53.017  0.41  39.4  52  4.4438  92.3999
214.643  173.758  1662.21  89.0537  27.452  0.44  39.4  52  4.4438  92.3999
214.692  173.887  1649.48  89.4577  15.613  0.44  38.8  52  4.4438  92.3999
214.741  173.887  1678.82  89.6797  9.385  0.43  38.8  52  4.4438  92.3999
214.789  173.887  1773.5  89.0644  28.959  0.41  38.8  52  4.4438  92.3999
214.838  174.016  1914.37  88.1995  60.148  0.38  38.8  52  4.4438  92.3999
214.887  174.016  1892.19  95.0107  165.267  0.38  38.8  52  4.4438  92.3999
214.936  174.016  1809.92  90.0122  0.385  0.4  38.8  52  4.4438  92.3999
214.985  174.145  2009.29  89.8881  3.925  0.36  38.8  52  4.4438  92.3999
215.034  174.145  1969.06  89.7732  7.795  0.37  39.8  52  4.4438  92.3999
215.083  174.145  1948.3  89.0804  31.269  0.37  39.8  52  4.4438  92.3999
215.131  174.274  1931.76  94.7907  161.333  0.38  39.8  52  4.4438  92.3999
215.18  174.274  1787.62  94.3918  136.889  0.41  39.8  52  4.4438  92.3999
215.229  174.274  1754.75  89.3361  20.334  0.41  39.8  52  4.4438  92.3999
215.278  174.402  1711.18  88.7205  38.211  0.42  39.8  52  4.4438  92.3999
215.327  174.402  1660.04  88.845  33.461  0.44  38.8  52  4.4438  92.3999
215.375  174.402  1815.75  89.0594  29.806  0.4  38.8  52  4.4438  92.3999
215.424  174.531  1828.95  93.9882  127.204  0.4  38.8  52  4.4438  92.3999
215.473  174.531  1812.42  94.355  137.627  0.4  38.8  52  4.4438  92.3999
215.522  174.531  1870.27  95.172  168.596  0.39  38.8  52  4.4438  92.3999
215.571  174.66  2004  89.9884  0.405  0.36  38.8  52  4.4438  92.3999
215.62  174.66  1992.77  89.9906  0.327  0.36  39  52  4.4438  92.3999
215.668  174.66  2006.94  89.6876  10.942  0.36  39  52  4.4438  92.3999
215.717  174.789  1871.15  95.048  164.645  0.39  39  52  4.4438  92.3999
215.766  174.789  1902.54  94.9243  163.313  0.38  39  52  4.4438  92.3999
215.815  174.789  1916.99  95.0002  167.083  0.38  39  52  4.4438  92.3999
215.864  174.918  1967.97  89.8165  6.301  0.37  39  52  4.4438  92.3999
215.912  174.918  1842.63  90.021  0.676  0.39  37.1  52  4.4438  92.3999
215.961  174.918  1931.26  95.973  200.967  0.38  37.1  52  4.4438  92.3999
216.01  175.046  1860.38  95.2798  171.191  0.39  37.1  52  4.4438  92.3999
216.058  175.046  1921.46  94.9505  165.812  0.38  37.1  52  4.4438  92.3999
216.108  175.046  1880  90.0271  0.89  0.38  37.1  52  4.4438  92.3999
216.156  175.175  1991.27  89.9983  0.059  0.36  37.1  52  4.4438  92.3999
216.205  175.175  2000.14  89.5315  16.353  0.36  39.1  52  4.4438  92.3999
216.254  175.175  1876.06  94.8299  157.96  0.39  39.1  52  4.4438  92.3999
216.303  175.304  1830.68  90.0467  1.493  0.4  39.1  52  4.4438  92.3999
216.351  175.304  1919.08  94.7957  160.44  0.38  39.1  52  4.4438  92.3999
216.4  175.304  1882.87  95.2818  173.326  0.39  39.1  52  4.4438  92.3999
216.45  175.433  1928.34  95.0527  169.832  0.38  39.1  52  4.4438  92.3999
216.499  175.433  1978.91  89.7967  7.022  0.37  39.1  52  4.4438  92.3999
216.547  175.433  1886.49  95.401  177.566  0.39  39.1  52  4.4438  92.3999
216.596  175.562  1932.01  94.8374  162.924  0.38  39.1  52  4.4438  92.3999
216.645  175.562  1907.64  95.0099  166.591  0.38  39.1  52  4.4438  92.3999
216.694  175.562  1900.47  95.127  169.832  0.38  39.1  52  4.4438  92.3999
216.742  175.69  2016.04  89.7557  8.596  0.36  39.1  52  4.4438  92.3999
216.791  175.69  1887.05  94.9013  161.228  0.38  40.6  52  4.4438  92.3999
216.84  175.69  1989.86  88.9554  36.275  0.36  40.6  52  4.4438  92.3999
216.889  175.69  1904.15  94.9363  163.85  0.38  40.6  52  4.4438  92.3999
216.937  175.819  1804.19  90.0423  1.333  0.4  40.6  52  4.4438  92.3999
216.986  175.819  1987.82  89.9784  0.749  0.36  40.6  52  4.4438  92.3999
217.036  175.819  1945.48  89.9562  1.487  0.37  40.6  52  4.4438  92.3999
217.084  175.948  1850.6  94.2312  136.538  0.39  39  52  4.4438  92.3999
217.133  175.948  1929.06  95.1928  174.595  0.38  39  52  4.4438  92.3999
217.182  175.948  1873.73  95.2657  171.962  0.39  39  52  4.4438  92.3999
217.23  176.077  1956.05  89.0734  31.633  0.37  39  52  4.4438  92.3999
217.279  176.077  1937.27  95.8912  198.842  0.38  39  52  4.4438  92.3999
217.329  176.077  1879.45  94.9021  160.607  0.39  39  52  4.4438  92.3999
217.377  176.206  2008.82  89.9842  0.553  0.36  39  52  4.4438  92.3999
217.426  176.206  1886.95  95.1846  170.513  0.38  39  52  4.4438  92.3999
217.475  176.206  1854.08  95.5038  177.827  0.39  39  52  4.4438  92.3999
217.524  176.334  1879.7  95.2542  172.133  0.39  39  52  4.4438  92.3999
217.573  176.334  1871.92  94.903  159.992  0.39  39  52  4.4438  92.3999
217.622  176.334  1860.33  94.1185  133.608  0.39  39  52  4.4438  92.3999
217.671  176.463  1991.35  89.6168  13.317  0.36  39  52  4.4438  92.3999
217.719  176.463  1876.06  94.8299  157.96  0.39  37.9  52  4.4438  92.3999
217.768  176.463  1979.69  89.0519  32.756  0.37  37.9  52  4.4438  92.3999
217.817  176.592  1940.99  94.4165  149.468  0.37  37.9  52  4.4438  92.3999
217.866  176.592  1971.87  89.966  1.169  0.37  37.9  52  4.4438  92.3999
217.915  176.592  1998.01  89.9077  3.218  0.36  37.9  52  4.4438  92.3999
217.964  176.721  1927.94  95.9434  199.632  0.38  37.9  52  4.4438  92.3999
218.013  176.721  1864.13  95.4427  176.812  0.39  39.8  52  4.4438  92.3999
218.061  176.721  2020.96  90.037  1.306  0.36  39.8  52  4.4438  92.3999
218.11  176.85  1910.59  96.2787  208.952  0.38  39.8  52  4.4438  92.3999
218.159  176.85  1949.76  89.0719  31.58  0.37  39.8  52  4.4438  92.3999
218.208  176.85  2031.42  89.6369  12.872  0.36  39.8  52  4.4438  92.3999
218.256  176.978  1913.22  94.88  162.755  0.38  39.8  52  4.4438  92.3999
218.305  176.978  2008.35  89.9486  1.801  0.36  39.2  52  4.4438  92.3999
218.354  176.978  1989.53  89.9871  0.449  0.36  39.2  52  4.4438  92.3999
218.402  177.107  1750.87  89.208  24.201  0.41  39.2  52  4.4438  92.3999
218.451  177.107  1708.15  89.8058  5.79  0.42  39.2  52  4.4438  92.3999
218.501  177.107  1761.97  94.6584  143.098  0.41  39.2  52  4.4438  92.3999
218.549  177.236  1804.3  94.4109  138.766  0.4  39.2  52  4.4438  92.3999
218.598  177.236  1990.32  89.9472  1.834  0.36  38.5  52  4.4438  92.3999
218.647  177.236  1888.99  94.9834  164.091  0.38  38.5  52  4.4438  92.3999
218.696  177.365  1877.22  95.3631  175.459  0.39  38.5  52  4.4438  92.3999
218.744  177.365  1954.45  94.7967  163.43  0.37  38.5  52  4.4438  92.3999
218.793  177.365  1811.31  89.9859  0.447  0.4  38.5  52  4.4438  92.3999
218.842  177.494  1961.22  87.9743  69.325  0.37  38.5  52  4.4438  92.3999
218.891  177.494  2010.05  89.6713  11.532  0.36  38.9  52  4.4438  92.3999
218.939  177.494  1797.02  90.0611  1.917  0.4  38.9  52  4.4438  92.3999
218.988  177.623  2022.51  90.0292  1.032  0.36  38.9  52  4.4438  92.3999
219.037  177.623  1908.03  96.0549  201.262  0.38  38.9  52  4.4438  92.3999
219.086  177.623  1957.96  89.9067  3.188  0.37  38.9  52  4.4438  92.3999
219.134  177.751  2002.12  89.5594  15.396  0.36  38.9  52  4.4438  92.3999
219.183  177.751  1895.97  96.1224  202.212  0.38  39.5  52  4.4438  92.3999
219.232  177.751  1814.44  90.0596  1.888  0.4  39.5  52  4.4438  92.3999
219.281  177.88  2021.47  89.6501  12.346  0.36  39.5  52  4.4438  92.3999
219.329  177.88  1814.29  90.0057  0.182  0.4  39.5  52  4.4438  92.3999
219.378  177.88  1969.73  88.7656  42.432  0.37  39.5  52  4.4438  92.3999
219.427  177.88  1907.64  95.0099  166.591  0.38  39.5  52  4.4438  92.3999
219.476  178.009  1955.68  89.844  5.324  0.37  39.3  52  4.4438  92.3999
219.525  178.009  1914.07  95.0437  168.277  0.38  39.3  52  4.4438  92.3999
219.574  178.009  1896.1  96.4998  214.638  0.38  39.3  52  4.4438  92.3999
219.622  178.138  1854.62  94.1575  134.456  0.39  39.3  52  4.4438  92.3999
219.671  178.138  1903.94  95.2008  172.585  0.38  39.3  52  4.4438  92.3999
219.72  178.138  1871.83  95.184  169.127  0.39  39.3  52  4.4438  92.3999
219.769  178.267  1996.23  90.0106  0.368  0.36  38.6  52  4.4438  92.3999
219.818  178.267  1939.65  94.7643  161.101  0.37  38.6  52  4.4438  92.3999
219.866  178.267  1875.34  96.6119  215.934  0.39  38.6  52  4.4438  92.3999
219.915  178.395  2005.77  89.9997  0.009  0.36  38.6  52  4.4438  92.3999
219.964  178.395  1918.83  94.7493  158.87  0.38  38.6  52  4.4438  92.3999
220.013  178.395  1947.25  89.9257  2.525  0.37  38.6  52  4.4438  92.3999
220.062  178.524  2038.56  89.9869  0.465  0.35  39.4  52  4.4438  92.3999
220.11  178.524  1907.17  94.9176  163.488  0.38  39.4  52  4.4438  92.3999
220.159  178.524  1887.87  95.0628  166.6  0.38  39.4  52  4.4438  92.3999
220.208  178.653  1922.66  95.1832  173.693  0.38  39.4  52  4.4438  92.3999
220.257  178.653  1958.36  89.942  1.983  0.37  39.4  52  4.4438  92.3999
220.306  178.653  1872.1  94.085  133.361  0.39  39.4  52  4.4438  92.3999
220.355  178.782  2021.9  89.6865  11.062  0.36  39.4  52  4.4438  92.3999
220.403  178.782  1855.08  95.1025  164.988  0.39  40.9  52  4.4438  92.3999
220.452  178.782  2027.15  90.0058  0.207  0.36  40.9  52  4.4438  92.3999
220.501  178.911  1916.49  96.1987  206.936  0.38  40.9  52  4.4438  92.3999
220.55  178.911  1961.6  89.8127  6.414  0.37  40.9  52  4.4438  92.3999
220.599  178.911  2002.51  89.7314  9.388  0.36  40.9  52  4.4438  92.3999
220.647  179.039  1906.13  95.0192  166.767  0.38  40.9  52  4.4438  92.3999
220.696  179.039  1867.76  94.1145  134.011  0.39  40.1  52  4.4438  92.3999
220.745  179.039  1919.83  95.2481  175.605  0.38  40.1  52  4.4438  92.3999
220.794  179.168  1886.49  95.0932  167.475  0.39  40.1  52  4.4438  92.3999
220.842  179.168  1993.23  90.0259  0.902  0.36  40.1  52  4.4438  92.3999
220.891  179.168  2000.88  89.8725  4.453  0.36  40.1  52  4.4438  92.3999
220.94  179.297  1870.93  95.0028  163.152  0.39  40.1  52  4.4438  92.3999
220.989  179.297  1980.53  87.8503  74.292  0.37  39.9  52  4.4438  92.3999
221.038  179.297  1918.3  95.2573  175.771  0.38  39.9  52  4.4438  92.3999
221.086  179.426  1841.89  94.2443  136.317  0.39  39.9  52  4.4438  92.3999
221.135  179.426  1871.85  88.4724  49.901  0.39  39.9  52  4.4438  92.3999
221.184  179.426  1699.59  89.6615  10.041  0.43  39.9  52  4.4438  92.3999
221.233  179.555  1602.43  88.552  40.492  0.45  39.9  52  4.4438  92.3999
221.282  179.555  1635.13  89.0177  28.031  0.44  38.8  52  4.4438  92.3999
221.331  179.555  1705.35  89.5282  14.042  0.42  38.8  52  4.4438  92.3999
221.379  179.683  1859.17  89.8603  4.532  0.39  38.8  52  4.4438  92.3999
221.428  179.683  1884.12  95.2272  171.652  0.39  38.8  52  4.4438  92.3999
221.477  179.683  1853.03  90.0237  0.766  0.39  38.8  52  4.4438  92.3999
221.526  179.812  1981.47  89.8793  4.176  0.37  38.8  52  4.4438  92.3999
221.574  179.812  1931.48  96.02  202.564  0.38  38.2  52  4.4438  92.3999
221.623  179.812  1853.43  94.2118  136.125  0.39  38.2  52  4.4438  92.3999
221.672  179.941  1989.5  89.8755  4.323  0.36  38.2  52  4.4438  92.3999
221.721  179.941  1973.69  89.8995  3.463  0.37  38.2  52  4.4438  92.3999
221.769  179.941  1856.48  93.9591  128.178  0.39  38.2  52  4.4438  92.3999
221.818  179.941  1915.59  95.0344  168.101  0.38  38.2  52  4.4438  92.3999
221.867  180.07  1873.73  95.2657  171.962  0.39  38.2  52  4.4438  92.3999
221.916  180.07  1878.01  95.2177  170.787  0.39  38.2  52  4.4438  92.3999
221.964  180.07  2002  89.8284  5.995  0.36  38.2  52  4.4438  92.3999
222.013  180.199  1956.75  89.8009  6.798  0.37  38.2  52  4.4438  92.3999
222.062  180.199  2003.48  89.9561  1.537  0.36  38.2  52  4.4438  92.3999
222.111  180.199  1894.68  96.1769  203.865  0.38  38.2  52  4.4438  92.3999
222.159  180.327  1933.38  89.925  2.531  0.37  39.1  52  4.4438  92.3999
222.208  180.327  2005.77  89.9997  0.009  0.36  39.1  52  4.4438  92.3999
222.257  180.327  1892.98  96.1392  202.443  0.38  39.1  52  4.4438  92.3999
222.305  180.456  1971.1  90.0273  0.939  0.37  39.1  52  4.4438  92.3999
222.354  180.456  1924.19  95.1739  173.523  0.38  39.1  52  4.4438  92.3999
222.403  180.456  1892.97  94.864  160.507  0.38  39.1  52  4.4438  92.3999
222.452  180.585  1958.8  89.1709  28.343  0.37  38.1  52  4.4438  92.3999
222.5  180.585  1931.13  94.6723  157.302  0.38  38.1  52  4.4438  92.3999
222.549  180.585  1875.97  95.4175  177.115  0.39  38.1  52  4.4438  92.3999
222.598  180.714  1976.43  88.9177  37.333  0.37  38.1  52  4.4438  92.3999
222.647  180.714  1924.85  95.9607  199.889  0.38  38.1  52  4.4438  92.3999
222.696  180.714  1847.96  95.4488  175.475  0.39  38.1  52  4.4438  92.3999
222.745  180.843  1983.52  88.8381  40.22  0.36  38.1  52  4.4438  92.3999
222.793  180.843  1821.99  95.7444  182.365  0.4  40.5  52  4.4438  92.3999
222.842  180.843  1655.28  90.046  1.328  0.44  40.5  52  4.4438  92.3999
222.891  180.971  1681.82  95.4037  158.381  0.43  40.5  52  4.4438  92.3999
222.94  180.971  1591.09  90.022  0.611  0.45  40.5  52  4.4438  92.3999
222.989  180.971  1612.96  86.9765  85.077  0.45  40.5  52  4.4438  92.3999
223.037  181.1  1569.01  89.7576  6.638  0.46  40.5  52  4.4438  92.3999
223.086  181.1  1610.62  88.8351  32.743  0.45  38.9  52  4.4438  92.3999
223.135  181.1  1643.42  86.9453  87.578  0.44  38.9  52  4.4438  92.3999
223.184  181.229  1789.64  86.6858  103.462  0.4  38.9  52  4.4438  92.3999
223.232  181.229  1659.79  81.8646  234.88  0.44  38.9  52  4.4438  92.3999
223.282  181.229  1748.02  87.9443  62.703  0.41  38.9  52  4.4438  92.3999
223.331  181.358  1893.14  83.1113  227.064  0.38  38.9  52  4.4438  92.3999
223.379  181.358  1895.61  82.0879  260.936  0.39  40.7  52  4.4438  92.3999
223.428  181.358  2051.88  83.1072  246.25  0.36  40.7  52  4.4438  92.3999
223.477  181.487  1762.69  89.6081  12.056  0.41  40.7  52  4.4438  92.3999
223.526  181.487  1594.54  89.8762  3.446  0.45  40.7  52  4.4438  92.3999
223.574  181.487  1605.1  89.6698  9.249  0.45  40.7  52  4.4438  92.3999
223.623  181.615  1552.61  94.4127  119.456  0.47  40.7  52  4.4438  92.3999
223.672  181.615  1796.24  89.1113  27.859  0.4  37.7  52  4.4438  92.3999
223.721  181.615  1795.51  90.0339  1.061  0.4  37.7  52  4.4438  92.3999
223.769  181.744  1820.79  95.1823  164.464  0.4  37.7  52  4.4438  92.3999
223.818  181.744  1967.02  88.9341  36.593  0.37  37.7  52  4.4438  92.3999
223.867  181.744  1898.97  96.1056  201.978  0.38  37.7  52  4.4438  92.3999
223.916  181.873  1943.51  89.0705  31.526  0.37  37.7  52  4.4438  92.3999
223.965  181.873  2010.31  89.5542  15.641  0.36  39.3  52  4.4438  92.3999
224.013  181.873  1985.06  90.0101  0.349  0.36  39.3  52  4.4438  92.3999
224.062  182.002  1958.57  89.9609  1.338  0.37  39.3  52  4.4438  92.3999
224.111  182.002  1906.13  95.0192  166.767  0.38  39.3  52  4.4438  92.3999
224.16  182.002  1947.92  89.8478  5.173  0.37  39.3  52  4.4438  92.3999
224.209  182.131  1912.45  90.0266  0.887  0.38  39.3  52  4.4438  92.3999
224.258  182.131  1934.54  96.3407  213.649  0.38  39.3  52  4.4438  92.3999
224.307  182.131  1869.2  94.1047  133.795  0.39  39.3  52  4.4438  92.3999
224.355  182.131  1991.86  89.9393  2.109  0.36  39.3  52  4.4438  92.3999
224.404  182.259  1878.99  94.8112  157.597  0.39  39.3  52  4.4438  92.3999
224.453  182.259  1922.56  89.3768  20.912  0.38  39.3  52  4.4438  92.3999
224.502  182.259  1836.05  95.3844  172.291  0.4  39.3  52  4.4438  92.3999
224.551  182.388  1814.12  95.5659  175.954  0.4  38  52  4.4438  92.3999
224.599  182.388  1941.81  88.9303  36.253  0.37  38  52  4.4438  92.3999
224.648  182.388  1905.42  94.8809  162.121  0.38  38  52  4.4438  92.3999
224.697  182.517  1880.5  95.1085  167.444  0.39  38  52  4.4438  92.3999
224.746  182.517  1975.71  88.7303  43.778  0.37  38  52  4.4438  92.3999
224.795  182.517  1904.73  96.3583  210.94  0.38  38  52  4.4438  92.3999
224.844  182.646  1934.63  89.2338  25.869  0.37  38.8  52  4.4438  92.3999
224.892  182.646  1931.25  88.2042  60.522  0.37  38.8  52  4.4438  92.3999
224.941  182.646  1718.74  94.829  144.686  0.42  38.8  52  4.4438  92.3999
224.99  182.775  1712.56  89.5331  13.954  0.42  38.8  52  4.4438  92.3999
225.039  182.775  1703.38  88.7737  36.455  0.42  38.8  52  4.4438  92.3999
225.088  182.775  1640.57  89.9023  2.798  0.44  38.8  52  4.4438  92.3999
225.136  182.904  1639.79  88.3061  48.473  0.44  39.5  52  4.4438  92.3999
225.185  182.904  1651.86  88.1842  52.34  0.44  39.5  52  4.4438  92.3999
225.234  182.904  1577.07  89.1192  24.244  0.46  39.5  52  4.4438  92.3999
225.283  183.032  1614.25  87.6644  65.785  0.45  39.5  52  4.4438  92.3999
225.331  183.032  1602.98  88.8117  33.243  0.45  39.5  52  4.4438  92.3999
225.38  183.032  1558.77  87.4393  69.643  0.46  39.5  52  4.4438  92.3999
225.429  183.161  1648.67  88.5129  42.787  0.44  39.5  52  4.4438  92.3999
225.478  183.161  1649.35  86.7795  92.659  0.44  38.8  52  4.4438  92.3999
225.527  183.161  1846.29  82.7408  233.292  0.39  38.8  52  4.4438  92.3999
225.576  183.29  2014.41  87.057  103.426  0.36  38.8  52  4.4438  92.3999
225.625  183.29  1600.23  89.4888  14.277  0.45  38.8  52  4.4438  92.3999
225.673  183.29  1592.32  89.8603  3.882  0.45  38.8  52  4.4438  92.3999
225.722  183.419  1598.73  94.7761  133.113  0.45  38.8  52  4.4438  92.3999
225.771  183.419  1710.25  95.1673  154.032  0.42  40.1  52  4.4438  92.3999
225.82  183.419  1880.72  94.0046  131.342  0.39  40.1  52  4.4438  92.3999
225.868  183.548  1888.05  94.8007  158.01  0.38  40.1  52  4.4438  92.3999
225.917  183.548  1991.73  90.0336  1.167  0.36  40.1  52  4.4438  92.3999
225.966  183.548  1921.71  94.997  167.387  0.38  40.1  52  4.4438  92.3999
226.015  183.676  1958.64  89.8284  5.868  0.37  40.1  52  4.4438  92.3999
226.063  183.676  1949.35  89.4323  19.316  0.37  38.4  52  4.4438  92.3999
226.112  183.676  1928.58  95.0994  171.419  0.38  38.4  52  4.4438  92.3999
226.161  183.805  1738.53  94.6904  142.163  0.42  38.4  52  4.4438  92.3999
226.21  183.805  1767.52  89.3423  20.288  0.41  38.4  52  4.4438  92.3999
226.258  183.805  1702.48  89.5961  12.002  0.42  38.4  52  4.4438  92.3999
226.307  183.934  1621.02  88.8062  33.772  0.45  38.4  52  4.4438  92.3999
226.356  183.934  1598.59  87.7902  61.639  0.45  38.4  52  4.4438  92.3999
226.405  183.934  1560.02  89.2262  21.067  0.46  38.4  52  4.4438  92.3999
226.453  184.063  1510.45  87.2006  73.769  0.48  38.4  52  4.4438  92.3999
226.502  184.063  1674.35  88.4739  44.591  0.43  38.4  52  4.4438  92.3999
226.551  184.063  1549.9  87.729  61.415  0.47  38.4  52  4.4438  92.3999
226.6  184.192  1556.6  85.9153  110.878  0.47  38.4  52  4.4438  92.3999
226.648  184.192  1602.98  84.3046  159.079  0.45  40.6  52  4.4438  92.3999
226.697  184.192  1501.96  88.7616  32.46  0.48  40.6  52  4.4438  92.3999
226.746  184.32  1542.35  85.8993  110.293  0.47  40.6  52  4.4438  92.3999
226.795  184.32  1523.4  87.8008  58.46  0.48  40.6  52  4.4438  92.3999
226.843  184.32  1515.18  87.0228  78.695  0.48  40.6  52  4.4438  92.3999
226.892  184.32  1532.13  86.1228  103.601  0.47  40.6  52  4.4438  92.3999
226.941  184.449  1606.95  88.5806  39.806  0.45  39.6  52  4.4438  92.3999
226.99  184.449  1588.84  88.6527  37.357  0.46  39.6  52  4.4438  92.3999
227.038  184.449  1609.54  89.3648  17.842  0.45  39.6  52  4.4438  92.3999
227.087  184.578  1633.51  89.963  1.056  0.44  39.6  52  4.4438  92.3999
227.136  184.578  1658.87  90.0105  0.303  0.44  39.6  52  4.4438  92.3999
227.185  184.578  1854.29  95.5487  179.296  0.39  39.6  52  4.4438  92.3999
227.233  184.707  1832.44  94.1011  131.05  0.4  39  52  4.4438  92.3999
227.282  184.707  1884.54  90.0231  0.759  0.38  39  52  4.4438  92.3999
227.331  184.707  1902.89  94.9917  165.573  0.38  39  52  4.4438  92.3999
227.38  184.836  1964.12  89.9693  1.054  0.37  39  52  4.4438  92.3999
227.428  184.836  1987.16  88.7398  43.704  0.36  39  52  4.4438  92.3999
227.477  184.836  1911.22  94.7969  159.825  0.38  39  52  4.4438  92.3999
227.526  184.964  1870.9  94.1399  135.065  0.39  39.7  52  4.4438  92.3999
227.575  184.964  1989.55  89.7407  9.004  0.36  39.7  52  4.4438  92.3999
227.623  184.964  1879.58  95.2298  171.325  0.39  39.7  52  4.4438  92.3999
227.672  185.093  1896.44  95.2463  173.407  0.38  39.7  52  4.4438  92.3999
227.721  185.093  1942.81  94.4535  150.858  0.37  39.7  52  4.4438  92.3999
227.77  185.093  1878.99  94.8112  157.597  0.39  39.7  52  4.4438  92.3999
227.819  185.222  1917.92  94.8764  163.038  0.38  39.7  52  4.4438  92.3999
227.867  185.222  1917.6  96.097  203.671  0.38  38.1  52  4.4438  92.3999
227.916  185.222  1866.59  95.3346  173.539  0.39  38.1  52  4.4438  92.3999
227.965  185.351  1996.75  89.7997  6.98  0.36  38.1  52  4.4438  92.3999
228.014  185.351  1895.97  96.1224  202.212  0.38  38.1  52  4.4438  92.3999
228.063  185.351  1873.3  94.03  131.653  0.39  38.1  52  4.4438  92.3999
228.111  185.48  2018.04  89.7839  7.61  0.36  38.1  52  4.4438  92.3999
228.16  185.48  1963.76  89.7261  9.387  0.37  38.3  52  4.4438  92.3999
228.209  185.48  1969.19  89.1118  30.526  0.37  38.3  52  4.4438  92.3999
228.258  185.608  2009.62  89.635  12.802  0.36  38.3  52  4.4438  92.3999
228.306  185.608  1850.37  95.3417  172.259  0.39  38.3  52  4.4438  92.3999
228.355  185.608  1864.39  89.689  10.119  0.39  38.3  52  4.4438  92.3999
228.404  185.737  1754.84  94.2899  131.266  0.41  38.3  52  4.4438  92.3999
228.453  185.737  1724.86  89.5551  13.395  0.42  39.8  52  4.4438  92.3999
228.501  185.737  1737.51  89.594  12.311  0.42  39.8  52  4.4438  92.3999
228.55  185.866  1672.14  95.3863  156.965  0.43  39.8  52  4.4438  92.3999
228.599  185.866  1710.24  88.7446  37.471  0.42  39.8  52  4.4438  92.3999
228.648  185.866  1647.97  94.2151  121.129  0.44  39.8  52  4.4438  92.3999
228.697  185.995  1704.02  89.7487  7.472  0.42  39.8  52  4.4438  92.3999
228.745  185.995  1664.05  89.1222  25.493  0.43  39.2  52  4.4438  92.3999
228.794  185.995  1577.68  94.1703  114.732  0.46  39.2  52  4.4438  92.3999
228.843  186.124  1529.34  94.1992  111.986  0.47  39.2  52  4.4438  92.3999
228.892  186.124  1667.45  88.7936  35.108  0.43  39.2  52  4.4438  92.3999
228.94  186.124  1759.2  94.6337  142.116  0.41  39.2  52  4.4438  92.3999
228.989  186.252  1830.94  94.0903  130.597  0.4  39.2  52  4.4438  92.3999
229.038  186.252  1891.4  94.0012  131.976  0.38  38.5  52  4.4438  92.3999
229.087  186.252  1885.27  96.4643  212.252  0.39  38.5  52  4.4438  92.3999
229.135  186.381  1890.03  95.1909  171  0.38  38.5  52  4.4438  92.3999
229.184  186.381  2003.66  89.5511  15.697  0.36  38.5  52  4.4438  92.3999
229.233  186.381  1879.65  96.2139  203.455  0.39  38.5  52  4.4438  92.3999
229.282  186.51  2009.28  90.0198  0.696  0.36  38.5  52  4.4438  92.3999
229.331  186.51  1936.28  94.7367  159.894  0.37  38.1  52  4.4438  92.3999
229.38  186.51  1945.39  89.8984  3.45  0.37  38.1  52  4.4438  92.3999
229.429  186.51  1984.92  89.8992  3.492  0.36  38.1  52  4.4438  92.3999
229.477  186.639  1990.24  89.6609  11.78  0.36  38.1  52  4.4438  92.3999
229.526  186.639  1878.68  95.3542  175.305  0.39  38.1  52  4.4438  92.3999
229.575  186.639  1936.1  95.0056  168.931  0.38  38.1  52  4.4438  92.3999
229.624  186.768  1899.59  96.2442  206.612  0.38  38.8  52  4.4438  92.3999
229.673  186.768  1875.87  95.0904  166.441  0.39  38.8  52  4.4438  92.3999
229.722  186.768  1943.07  94.5004  152.465  0.37  38.8  52  4.4438  92.3999
229.77  186.896  1876.2  95.1569  168.639  0.39  38.8  52  4.4438  92.3999
229.819  186.896  1905.79  94.9517  164.499  0.38  38.8  52  4.4438  92.3999
229.868  186.896  1920.11  94.6933  157.107  0.38  38.8  52  4.4438  92.3999
229.916  187.025  1868.79  94.8762  158.854  0.39  38.4  52  4.4438  92.3999
229.965  187.025  2020.49  90.0012  0.042  0.36  38.4  52  4.4438  92.3999
230.014  187.025  1911.7  96.1774  205.711  0.38  38.4  52  4.4438  92.3999
230.063  187.154  1865.14  95.3434  173.692  0.39  38.4  52  4.4438  92.3999
230.112  187.154  1996.14  88.8033  41.688  0.36  38.4  52  4.4438  92.3999
230.161  187.154  1906.2  94.7331  157.29  0.38  38.4  52  4.4438  92.3999
230.209  187.283  1972.81  89.9619  1.312  0.37  38.4  52  4.4438  92.3999
230.258  187.283  2019.45  89.6219  13.327  0.36  38.3  52  4.4438  92.3999
230.307  187.283  1865.14  95.0392  163.829  0.39  38.3  52  4.4438  92.3999
230.356  187.412  1966.18  87.8652  73.242  0.37  38.3  52  4.4438  92.3999
230.404  187.412  1928.59  96.0841  204.407  0.38  38.3  52  4.4438  92.3999
230.453  187.412  1955  89.9222  2.654  0.37  38.3  52  4.4438  92.3999
230.502  187.541  2037.47  90.0309  1.1  0.36  38.3  52  4.4438  92.3999
230.551  187.541  1900.35  95.1023  169.006  0.38  40.2  52  4.4438  92.3999
230.6  187.541  1948.52  89.2294  26.205  0.37  40.2  52  4.4438  92.3999
230.648  187.669  1948.38  94.8825  165.83  0.37  40.2  52  4.4438  92.3999
230.697  187.669  1973.29  89.8639  4.686  0.37  40.2  52  4.4438  92.3999
230.746  187.669  1933.58  89.0161  33.202  0.37  40.2  52  4.4438  92.3999
230.795  187.798  1801.5  95.5542  174.363  0.4  40.2  52  4.4438  92.3999
230.844  187.798  1794.12  89.8955  3.273  0.4  39.4  52  4.4438  92.3999
230.892  187.798  1765.25  88.1094  58.237  0.41  39.4  52  4.4438  92.3999
230.941  187.927  1759.14  89.1556  25.925  0.41  39.4  52  4.4438  92.3999
230.99  187.927  1683.76  89.7128  8.44  0.43  39.4  52  4.4438  92.3999
231.039  187.927  1692.79  89.8026  5.832  0.43  39.4  52  4.4438  92.3999
231.088  188.056  1607.74  94.8278  135.31  0.45  39.4  52  4.4438  92.3999
231.137  188.056  1661.08  94.5095  130.602  0.44  38.9  52  4.4438  92.3999
231.185  188.056  1828.17  94.1095  131.013  0.4  38.9  52  4.4438  92.3999
231.234  188.185  1947.35  89.9831  0.573  0.37  38.9  52  4.4438  92.3999
231.283  188.185  1943.31  89.1841  27.671  0.37  38.9  52  4.4438  92.3999
231.332  188.185  1919.69  94.9134  164.422  0.38  38.9  52  4.4438  92.3999
231.381  188.313  1875.19  95.2568  171.803  0.39  38.9  52  4.4438  92.3999
231.429  188.313  1987.55  89.8476  5.287  0.36  40  52  4.4438  92.3999
231.478  188.313  1921.09  94.8791  163.395  0.38  40  52  4.4438  92.3999
231.527  188.442  1995.53  89.9562  1.524  0.36  40  52  4.4438  92.3999
231.576  188.442  1991.03  89.8676  4.602  0.36  40  52  4.4438  92.3999
231.624  188.442  1908.66  96.1941  205.94  0.38  40  52  4.4438  92.3999
231.674  188.571  1882.05  93.9703  130.312  0.39  40  52  4.4438  92.3999
231.722  188.571  2007.2  88.8948  38.714  0.36  39.3  52  4.4438  92.3999
231.771  188.571  1893.99  94.763  157.266  0.38  39.3  52  4.4438  92.3999
231.82  188.7  1912.25  89.3985  20.075  0.38  39.3  52  4.4438  92.3999
231.869  188.7  1764.9  95.8709  180.525  0.41  39.3  52  4.4438  92.3999
231.917  188.7  1677.28  96.6655  194.686  0.43  39.3  52  4.4438  92.3999
231.966  188.7  1694.91  88.9794  30.189  0.43  39.3  52  4.4438  92.3999
232.015  188.829  1664.78  95.3317  154.693  0.44  38.1  52  4.4438  92.3999
232.064  188.829  1636.76  89.2886  20.321  0.44  38.1  52  4.4438  92.3999
232.112  188.829  1694.01  89.2305  22.75  0.43  38.1  52  4.4438  92.3999
232.161  188.957  1590.38  88.7026  36.009  0.45  38.1  52  4.4438  92.3999
232.21  188.957  1571.1  87.6446  64.569  0.46  38.1  52  4.4438  92.3999
232.259  188.957  1729.79  84.7386  158.621  0.42  38.1  52  4.4438  92.3999
232.308  189.086  1764.35  86.8697  96.346  0.41  39.2  52  4.4438  92.3999
232.356  189.086  1752.67  83.4892  198.737  0.42  39.2  52  4.4438  92.3999
232.405  189.086  1959.65  84.7525  179.225  0.37  39.2  52  4.4438  92.3999
232.454  189.215  1873.81  87.5818  79.061  0.39  39.2  52  4.4438  92.3999
232.503  189.215  1661.94  88.3845  46.853  0.44  39.2  52  4.4438  92.3999
232.552  189.215  1545.35  94.3943  118.405  0.47  39.2  52  4.4438  92.3999
232.6  189.344  1515.11  94.5654  120.599  0.48  38.3  52  4.4438  92.3999
232.649  189.344  1712.85  89.6794  9.583  0.42  38.3  52  4.4438  92.3999
232.698  189.344  1780.91  94.4146  137.083  0.41  38.3  52  4.4438  92.3999
232.747  189.473  1893.94  89.3571  21.251  0.38  38.3  52  4.4438  92.3999
232.795  189.473  2000.96  89.7395  9.098  0.36  38.3  52  4.4438  92.3999
232.845  189.473  1881.92  94.7926  157.232  0.39  38.3  52  4.4438  92.3999
232.893  189.601  1948.07  88.0587  65.993  0.37  38.3  52  4.4438  92.3999
232.942  189.601  1905.91  95.284  175.52  0.38  39.3  52  4.4438  92.3999
232.991  189.601  1879.25  95.1631  169.118  0.39  39.3  52  4.4438  92.3999
233.04  189.73  1933.22  88.116  63.557  0.37  39.3  52  4.4438  92.3999
233.088  189.73  1786.61  95.9144  184.098  0.41  39.3  52  4.4438  92.3999
233.137  189.73  1681.37  95.3004  155.322  0.43  39.3  52  4.4438  92.3999
233.186  189.859  1695.19  88.8948  32.697  0.43  39.3  52  4.4438  92.3999
233.235  189.859  1516.73  90.0232  0.613  0.48  40.1  52  4.4438  92.3999
233.283  189.859  1603.32  88.6383  38.101  0.45  40.1  52  4.4438  92.3999
233.332  189.988  1755.08  89.2487  23.014  0.41  40.1  52  4.4438  92.3999
233.381  189.988  1778.5  94.2093  130.542  0.41  40.1  52  4.4438  92.3999
233.43  189.988  1839.45  94.3316  138.93  0.39  40.1  52  4.4438  92.3999
233.478  190.117  1899.95  94.7252  156.511  0.38  40.1  52  4.4438  92.3999
233.527  190.117  1870.47  94.9122  160.167  0.39  39.6  52  4.4438  92.3999
233.576  190.117  1977.31  88.9891  34.885  0.37  39.6  52  4.4438  92.3999
233.625  190.245  1913.22  96.1689  205.596  0.38  39.6  52  4.4438  92.3999
233.673  190.245  1857.57  95.6215  181.962  0.39  39.6  52  4.4438  92.3999
233.722  190.245  1997.95  88.9477  36.692  0.36  39.6  52  4.4438  92.3999
233.771  190.374  1895.86  95.1298  169.515  0.38  39.6  52  4.4438  92.3999
233.82  190.374  1876.46  94.0554  132.704  0.39  38.3  52  4.4438  92.3999
233.869  190.374  2010.31  89.5542  15.641  0.36  38.3  52  4.4438  92.3999
233.917  190.503  1871.92  94.903  159.992  0.39  38.3  52  4.4438  92.3999
233.966  190.503  1972.55  88.8637  39.117  0.37  38.3  52  4.4438  92.3999
234.015  190.503  1929.27  94.9249  165.626  0.38  38.3  52  4.4438  92.3999
234.064  190.632  1814.29  90.0057  0.182  0.4  38.3  52  4.4438  92.3999
234.112  190.632  1980.94  88.8915  38.323  0.37  38.4  52  4.4438  92.3999
234.161  190.632  1999.19  89.7283  9.482  0.36  38.4  52  4.4438  92.3999
234.21  190.632  1874.29  95.3809  175.764  0.39  38.4  52  4.4438  92.3999
234.259  190.761  2005.66  88.9037  38.374  0.36  38.4  52  4.4438  92.3999
234.307  190.761  1868.03  95.021  163.492  0.39  38.4  52  4.4438  92.3999
234.356  190.761  1783.22  94.3333  134.738  0.41  38.4  52  4.4438  92.3999
234.405  190.889  1858.7  89.5599  14.277  0.39  39  52  4.4438  92.3999
234.454  190.889  1779.4  89.1297  27.029  0.41  39  52  4.4438  92.3999
234.502  190.889  1758.14  89.18  25.16  0.41  39  52  4.4438  92.3999
234.551  191.018  1698.58  94.2722  126.536  0.43  39  52  4.4438  92.3999
234.6  191.018  1706.78  89.5518  13.351  0.42  39  52  4.4438  92.3999
234.649  191.018  1669.09  94.1997  122.233  0.43  39  52  4.4438  92.3999
234.697  191.147  1751.2  89.2395  23.244  0.41  38  52  4.4438  92.3999
234.746  191.147  1711.63  88.6512  40.289  0.42  38  52  4.4438  92.3999
234.795  191.147  1654.14  94.0436  116.644  0.44  38  52  4.4438  92.3999
234.844  191.276  1752.72  89.2635  22.529  0.41  38  52  4.4438  92.3999
234.892  191.276  1707.1  88.8976  32.842  0.42  38  52  4.4438  92.3999
234.941  191.276  1747.69  89.3801  18.909  0.41  38  52  4.4438  92.3999
234.99  191.405  1697.07  89.6448  10.52  0.43  38.3  52  4.4438  92.3999
235.039  191.405  1672.43  89.162  24.458  0.43  38.3  52  4.4438  92.3999
235.088  191.405  1660.99  89.9489  1.482  0.44  38.3  52  4.4438  92.3999
235.137  191.533  1561.59  95.0589  137.7  0.47  38.3  52  4.4438  92.3999
235.185  191.533  1750.04  89.3654  19.381  0.41  38.3  52  4.4438  92.3999
235.234  191.533  1805.04  94.0207  126.565  0.4  38.3  52  4.4438  92.3999
235.283  191.662  1848.17  95.4936  176.934  0.39  38.3  52  4.4438  92.3999
235.332  191.662  1979.25  89.0162  33.984  0.37  38.8  52  4.4438  92.3999
235.38  191.662  1884.47  96.2808  206.164  0.39  38.8  52  4.4438  92.3999
235.429  191.791  1866.32  94.1243  134.226  0.39  38.8  52  4.4438  92.3999
235.478  191.791  2013.87  89.5739  14.975  0.36  38.8  52  4.4438  92.3999
235.527  191.791  1884.09  94.9199  161.585  0.39  38.8  52  4.4438  92.3999
235.576  191.92  1956.24  88.9589  35.545  0.37  38.8  52  4.4438  92.3999
235.624  191.92  1976.3  89.8482  5.237  0.37  38.7  53  4.4438  92.3999
235.673  191.92  1940.23  89.8516  5.024  0.37  38.7  53  4.4438  92.3999
235.722  192.049  1976.43  88.9177  37.333  0.37  38.7  53  4.4438  92.3999
235.771  192.049  1997.37  89.8524  5.145  0.36  38.7  53  4.4438  92.3999
235.82  192.049  1811.46  90.0397  1.254  0.4  38.7  53  4.4438  92.3999
235.869  192.178  2012.84  89.9083  3.22  0.36  38.7  53  4.4438  92.3999
235.917  192.178  1883.39  94.7832  157.048  0.39  40.2  53  4.4438  92.3999
235.966  192.178  1992.31  89.9553  1.554  0.36  40.2  53  4.4438  92.3999
236.015  192.306  1832.28  95.4993  175.593  0.4  40.2  53  4.4438  92.3999
236.064  192.306  1657.04  95.4488  157.347  0.44  40.2  53  4.4438  92.3999
236.113  192.306  1786.22  89.3978  18.772  0.41  40.2  53  4.4438  92.3999
236.162  192.435  1836.88  95.5625  178.053  0.4  40.2  53  4.4438  92.3999
236.21  192.435  1826.3  95.445  173.298  0.4  39.1  53  4.4438  92.3999
236.259  192.435  1958.32  88.8709  38.587  0.37  39.1  53  4.4438  92.3999
236.308  192.564  1994.48  89.9993  0.024  0.36  39.1  53  4.4438  92.3999
236.357  192.564  1806.96  89.9924  0.241  0.4  39.1  53  4.4438  92.3999
236.406  192.564  2015.98  89.8923  3.789  0.36  39.1  53  4.4438  92.3999
236.454  192.693  1902.89  94.9917  165.573  0.38  39.1  53  4.4438  92.3999
236.503  192.693  1968.07  88.8899  38.13  0.37  39.2  53  4.4438  92.3999
236.552  192.693  2008.22  89.7962  7.142  0.36  39.2  53  4.4438  92.3999
236.601  192.822  1970.41  89.9737  0.905  0.37  39.2  53  4.4438  92.3999
236.649  192.822  1920.73  89.0913  30.46  0.38  39.2  53  4.4438  92.3999
236.698  192.822  1767.96  94.7935  147.74  0.41  39.2  53  4.4438  92.3999
236.747  192.95  1637.14  90.0216  0.617  0.44  39.2  53  4.4438  92.3999
236.796  192.95  1776.99  89.2655  22.78  0.41  39.8  53  4.4438  92.3999
236.844  192.95  1767.47  89.9472  1.628  0.41  39.8  53  4.4438  92.3999
236.893  193.079  1677.78  95.3058  155.145  0.43  39.8  53  4.4438  92.3999
236.942  193.079  1786.55  89.0687  29.038  0.4  39.8  53  4.4438  92.3999
236.991  193.079  1684.07  95.3658  157.485  0.43  39.8  53  4.4438  92.3999
237.039  193.208  1761.7  89.1575  25.905  0.41  39.8  53  4.4438  92.3999
237.088  193.208  1806.22  89.9134  2.731  0.4  38.1  53  4.4438  92.3999
237.137  193.208  1673.03  95.3161  155.008  0.43  38.1  53  4.4438  92.3999
237.186  193.337  1761.5  89.6153  11.826  0.41  38.1  53  4.4438  92.3999
237.234  193.337  1765.79  89.1813  25.231  0.41  38.1  53  4.4438  92.3999
237.283  193.337  1626.49  94.5244  128.303  0.45  38.1  53  4.4438  92.3999
237.332  193.466  1744.95  89.7149  8.683  0.41  38.1  53  4.4438  92.3999
237.381  193.466  1721.76  89.4908  15.3  0.42  38.9  53  4.4438  92.3999
237.43  193.466  1713.83  89.9695  0.912  0.42  38.9  53  4.4438  92.3999
237.478  193.594  1715.13  89.5498  13.477  0.42  38.9  53  4.4438  92.3999
237.527  193.594  1617.68  95.8818  165.775  0.45  38.9  53  4.4438  92.3999
237.576  193.594  1676.26  89.8868  3.312  0.43  38.9  53  4.4438  92.3999
237.625  193.723  1599.02  94.593  128.045  0.45  38.9  53  4.4438  92.3999
237.674  193.723  1586.16  94.8718  134.706  0.46  38.1  53  4.4438  92.3999
237.722  193.723  1715.45  88.8923  33.163  0.42  38.1  53  4.4438  92.3999
237.771  193.852  1697.07  89.6448  10.52  0.43  38.1  53  4.4438  92.3999
237.82  193.852  1782.36  89.5237  14.818  0.41  38.1  53  4.4438  92.3999
237.869  193.852  1966.01  89.1123  30.46  0.37  38.1  53  4.4438  92.3999
237.917  193.981  1904.94  94.7887  159.027  0.38  38.1  53  4.4438  92.3999
237.966  193.981  1871.73  95.1629  168.434  0.39  38.1  53  4.4438  92.3999
238.015  193.981  1925.02  95.0248  168.606  0.38  38.5  53  4.4438  92.3999
238.064  194.11  1886.56  96.4103  210.63  0.39  38.5  53  4.4438  92.3999
238.113  194.11  1946.17  88.0327  66.809  0.37  38.5  53  4.4438  92.3999
238.161  194.11  1930.61  95.1836  174.424  0.38  38.5  53  4.4438  92.3999
238.21  194.238  1966.88  89.8599  4.811  0.37  38.5  53  4.4438  92.3999
238.259  194.238  1979.54  89.8515  5.132  0.37  38.5  53  4.4438  92.3999
238.308  194.238  1885.76  96.2267  204.534  0.39  39.3  53  4.4438  92.3999
238.356  194.367  1821.95  95.4266  172.302  0.4  39.3  53  4.4438  92.3999
238.405  194.367  1914.81  88.2341  59.006  0.38  39.3  53  4.4438  92.3999
238.454  194.367  1868.79  94.8762  158.854  0.39  39.3  53  4.4438  92.3999
238.503  194.496  1938.34  89.2872  24.113  0.37  39.3  53  4.4438  92.3999
238.552  194.496  1919.36  95.1551  172.459  0.38  39.3  53  4.4438  92.3999
238.601  194.496  1884.79  95.0567  166.128  0.39  38.9  53  4.4438  92.3999
238.65  194.625  1983.36  90.0014  0.049  0.36  38.9  53  4.4438  92.3999
238.699  194.625  1999.88  89.648  12.286  0.36  38.9  53  4.4438  92.3999
238.747  194.625  1882.39  94.8836  160.251  0.39  38.9  53  4.4438  92.3999
238.796  194.754  1888.44  94.0212  132.428  0.38  38.9  53  4.4438  92.3999
238.845  194.754  1909.47  94.7602  158.459  0.38  38.9  53  4.4438  92.3999
238.894  194.754  1866.22  95.5696  181.127  0.39  39.5  53  4.4438  92.3999
238.942  194.882  2002.65  89.8839  4.06  0.36  39.5  53  4.4438  92.3999
238.991  194.882  1903.12  95.0378  167.118  0.38  39.5  53  4.4438  92.3999
239.04  194.882  1869.92  95.4075  176.217  0.39  39.5  53  4.4438  92.3999
239.089  195.011  2014.12  89.4566  19.103  0.36  39.5  53  4.4438  92.3999
239.137  195.011  1886.56  96.4103  210.63  0.39  39.5  53  4.4438  92.3999
239.186  195.011  1983.81  89.9428  1.98  0.36  39.5  53  4.4438  92.3999
239.235  195.14  2014.9  89.8002  7.028  0.36  39.5  53  4.4438  92.3999
239.284  195.14  1972.6  89.9428  1.968  0.37  39.5  53  4.4438  92.3999
239.332  195.14  1980.32  88.9718  35.537  0.37  39.5  53  4.4438  92.3999
239.381  195.269  1923.42  94.7205  158.289  0.38  39.5  53  4.4438  92.3999
239.43  195.269  1943.14  89.8361  5.558  0.37  39.5  53  4.4438  92.3999
239.479  195.269  1973.6  88.8193  40.666  0.37  39.7  53  4.4438  92.3999
239.528  195.398  1867.48  95.2109  169.609  0.39  39.7  53  4.4438  92.3999
239.577  195.398  1841.86  93.9683  127.465  0.39  39.7  53  4.4438  92.3999
239.625  195.398  1990.81  89.8483  5.27  0.36  39.7  53  4.4438  92.3999
239.674  195.526  1874.29  95.0751  165.804  0.39  39.7  53  4.4438  92.3999
239.723  195.526  1895.29  95.0168  165.738  0.38  39.7  53  4.4438  92.3999
239.772  195.526  1912.01  94.6487  154.962  0.38  39  53  4.4438  92.3999
239.82  195.655  1949.79  89.8752  4.248  0.37  39  53  4.4438  92.3999
239.869  195.655  1910.8  95.0161  167.07  0.38  39  53  4.4438  92.3999
239.918  195.655  1914.32  96.0674  202.341  0.38  39  53  4.4438  92.3999
239.967  195.784  1860.16  95.2347  169.714  0.39  39  53  4.4438  92.3999
240.015  195.784  1911.6  94.8679  162.216  0.38  39  53  4.4438  92.3999
240.064  195.784  1882.07  95.1206  167.978  0.39  39  53  4.4438  92.3999
240.113  195.913  1929.29  89.3015  23.521  0.38  39  53  4.4438  92.3999
240.162  195.913  1930.95  94.9404  166.293  0.38  39  53  4.4438  92.3999
240.21  196.042  1888.52  96.1642  202.786  0.39  39  53  4.4438  92.3999
240.259  196.042  1955.81  88.9235  36.743  0.37  39  53  4.4438  92.3999
240.308  196.042  1929.06  95.1928  174.595  0.38  39  53  4.4438  92.3999
240.357  196.17  1888.29  94.8463  159.529  0.38  39  53  4.4438  92.3999
240.406  196.17  1965.71  87.8296  74.445  0.37  39.7  53  4.4438  92.3999
240.455  196.17  1997.65  89.7363  9.193  0.36  39.7  53  4.4438  92.3999
240.503  196.299  1912.64  89.4329  18.929  0.38  39.7  53  4.4438  92.3999
240.552  196.299  1863.17  89.8381  5.265  0.39  39.7  53  4.4438  92.3999
240.601  196.299  1666.38  95.1544  149.708  0.44  39.7  53  4.4438  92.3999
240.65  196.428  1629.19  89.2939  20.077  0.44  39.7  53  4.4438  92.3999
240.699  196.428  1536.39  90.0065  0.175  0.47  38.4  53  4.4438  92.3999
240.747  196.428  1707.09  89.5824  12.442  0.42  38.4  53  4.4438  92.3999
240.796  196.557  1811.63  94.4752  141.356  0.4  38.4  53  4.4438  92.3999
240.845  196.557  1911.03  95.0623  168.628  0.38  38.4  53  4.4438  92.3999
240.894  196.557  1862.69  95.4514  176.959  0.39  38.4  53  4.4438  92.3999
240.942  196.686  1976.16  88.766  42.557  0.37  38.4  53  4.4438  92.3999
240.991  196.686  1931.13  94.6723  157.302  0.38  39.9  53  4.4438  92.3999
241.04  196.686  1890.6  94.9987  164.733  0.38  39.9  53  4.4438  92.3999
241.089  196.814  2024.05  90.0215  0.758  0.36  39.9  53  4.4438  92.3999
241.137  196.814  1843.34  95.707  183.304  0.39  39.9  53  4.4438  92.3999
241.186  196.814  1751.01  88.3118  51.586  0.41  39.9  53  4.4438  92.3999
241.235  196.943  1760.68  89.2991  21.539  0.41  39.9  53  4.4438  92.3999
241.284  196.943  1620.69  94.4878  126.813  0.45  39.5  53  4.4438  92.3999
241.333  196.943  1626.66  89.6995  8.532  0.44  39.5  53  4.4438  92.3999
241.381  197.072  1633.54  89.1853  23.227  0.44  39.5  53  4.4438  92.3999
241.43  197.072  1677.54  89.7834  6.342  0.43  39.5  53  4.4438  92.3999
241.479  197.072  1884.22  89.793  6.806  0.38  39.5  53  4.4438  92.3999
241.528  197.201  1817.19  89.9905  0.3  0.4  39.5  53  4.4438  92.3999
241.577  197.201  1861.51  94.0639  131.922  0.39  39.6  53  4.4438  92.3999
241.626  197.201  1982.99  89.8714  4.452  0.36  39.6  53  4.4438  92.3999
241.674  197.33  1863.92  95.0934  165.478  0.39  39.6  53  4.4438  92.3999
241.723  197.33  1932.57  89.32  22.936  0.37  39.6  53  4.4438  92.3999
241.772  197.33  1935.85  94.9588  167.333  0.38  39.6  53  4.4438  92.3999
241.821  197.459  1833.3  95.7216  182.77  0.4  39.6  53  4.4438  92.3999
241.869  197.459  1797.87  87.9849  63.217  0.4  39.7  53  4.4438  92.3999
241.918  197.459  1789.95  89.9502  1.555  0.4  39.7  53  4.4438  92.3999
241.967  197.587  1694.03  89.8099  5.62  0.43  39.7  53  4.4438  92.3999
242.016  197.587  1698.15  87.771  66.048  0.43  39.7  53  4.4438  92.3999
242.064  197.587  1618.5  94.7469  133.936  0.45  39.7  53  4.4438  92.3999
242.113  197.716  1641.13  88.5357  41.939  0.44  39.7  53  4.4438  92.3999
242.162  197.716  1573.82  89.0981  24.772  0.46  40.2  53  4.4438  92.3999
242.211  197.716  1633.67  87.8452  61.425  0.44  40.2  53  4.4438  92.3999
242.259  197.845  1666.5  86.6838  96.4  0.43  40.2  53  4.4438  92.3999
242.308  197.845  1708.29  85.6571  129.36  0.42  40.2  53  4.4438  92.3999
242.357  197.845  1717.22  85.4017  137.668  0.42  40.2  53  4.4438  92.3999
242.406  197.974  1862.32  84.6628  173.227  0.39  40.2  53  4.4438  92.3999
242.454  197.974  1633.69  89.5297  13.408  0.44  39.7  53  4.4438  92.3999
242.503  197.974  1572.36  89.7949  5.629  0.46  39.7  53  4.4438  92.3999
242.552  198.103  1629.92  88.411  45.199  0.44  39.7  53  4.4438  92.3999
242.601  198.103  1686.92  94.1482  122.026  0.43  39.7  53  4.4438  92.3999
242.649  198.103  1859.33  88.6247  44.625  0.39  39.7  53  4.4438  92.3999
242.698  198.231  1981.42  89.9739  0.901  0.37  39.7  53  4.4438  92.3999
242.747  198.231  1805.66  90.051  1.608  0.4  39.7  53  4.4438  92.3999
242.796  198.231  1868.96  94.0596  132.312  0.39  37.8  53  4.4438  92.3999
242.844  198.36  2011.88  89.5459  15.944  0.36  37.8  53  4.4438  92.3999
242.893  198.36  1881.38  94.9839  163.447  0.39  37.8  53  4.4438  92.3999
242.942  198.36  1984.92  89.8992  3.492  0.36  37.8  53  4.4438  92.3999
242.991  198.489  1916.57  94.6198  154.367  0.38  37.8  53  4.4438  92.3999
243.04  198.489  1804.04  89.9888  0.354  0.4  37.8  53  4.4438  92.3999
243.089  198.618  1982.9  88.9186  37.424  0.36  39  53  4.4438  92.3999
243.138  198.618  1905.9  94.9731  165.218  0.38  39  53  4.4438  92.3999
243.187  198.618  1864.13  93.9993  130.013  0.39  39  53  4.4438  92.3999
243.235  198.747  1935.36  94.8651  164.137  0.38  39  53  4.4438  92.3999
243.284  198.747  1883.31  95.0659  166.298  0.39  39  53  4.4438  92.3999
243.333  198.747  1878.01  95.2177  170.787  0.39  39  53  4.4438  92.3999
243.382  198.875  1999.19  89.7283  9.482  0.36  38  53  4.4438  92.3999
243.43  198.875  1875.07  94.9299  161.137  0.39  38  53  4.4438  92.3999
243.479  198.875  1973.24  89.0506  32.696  0.37  38  53  4.4438  92.3999
243.528  199.004  1990.81  89.8483  5.27  0.36  38  53  4.4438  92.3999
243.577  199.004  1879.48  95.2087  170.625  0.39  38  53  4.4438  92.3999
243.626  199.004  1991.56  88.8299  40.668  0.36  38  53  4.4438  92.3999
243.674  199.133  1920.45  96.0333  201.85  0.38  39  53  4.4438  92.3999
243.723  199.133  1888.1  95.1085  168.121  0.38  39  53  4.4438  92.3999
243.772  199.133  1947.12  94.6469  157.746  0.37  39  53  4.4438  92.3999
243.821  199.262  1885.25  94.5577  149.808  0.38  39  53  4.4438  92.3999
243.87  199.262  1882.56  94.061  133.32  0.39  39  53  4.4438  92.3999
243.919  199.262  1929.89  95.0433  169.654  0.38  39  53  4.4438  92.3999
243.967  199.391  1948.72  89.918  2.789  0.37  37.8  53  4.4438  92.3999
244.016  199.391  1908.81  94.933  164.139  0.38  37.8  53  4.4438  92.3999
244.065  199.391  1920.9  94.5444  152.195  0.38  37.8  53  4.4438  92.3999
244.114  199.519  1944.6  89.8283  5.826  0.37  37.8  53  4.4438  92.3999
244.162  199.519  2046.44  89.9474  1.88  0.35  37.8  53  4.4438  92.3999
244.211  199.519  1909.12  94.4029  146.563  0.38  37.8  53  4.4438  92.3999
244.26  199.648  1873.63  95.2447  171.266  0.39  37.9  53  4.4438  92.3999
244.309  199.648  2019.71  89.5042  17.477  0.36  37.9  53  4.4438  92.3999
244.358  199.648  1881.84  95.075  166.467  0.39  37.9  53  4.4438  92.3999
244.406  199.777  1883.66  95.1359  168.623  0.39  37.9  53  4.4438  92.3999
244.455  199.777  2000.73  89.7202  9.772  0.36  37.9  53  4.4438  92.3999
244.504  199.777  1867.34  94.8854  159.03  0.39  37.9  53  4.4438  92.3999
244.553  199.906  1996.75  89.7997  6.98  0.36  38.7  53  4.4438  92.3999
244.601  199.906  1994.29  89.8683  4.583  0.36  38.7  53  4.4438  92.3999
244.65  199.906  1877.99  94.9114  160.785  0.39  38.7  53  4.4438  92.3999
244.699  200.035  1856.24  89.9872  0.416  0.39  38.7  53  4.4438  92.3999
244.748  200.035  1898.6  94.4711  148.009  0.38  38.7  53  4.4438  92.3999
244.797  200.035  1982.9  89.9663  1.167  0.36  38.7  53  4.4438  92.3999
244.845  200.163  1928.1  95.006  168.246  0.38  38.8  53  4.4438  92.3999
244.894  200.163  1889.91  95.1664  170.183  0.38  38.8  53  4.4438  92.3999
244.943  200.163  1979.54  89.8515  5.132  0.37  38.8  53  4.4438  92.3999
244.992  200.292  1998.77  89.6922  10.737  0.36  38.8  53  4.4438  92.3999
245.04  200.292  1937.33  89.8671  4.494  0.37  38.8  53  4.4438  92.3999
245.089  200.292  1986.85  89.9271  2.527  0.36  38.8  53  4.4438  92.3999
245.138  200.421  1929.49  95.9348  199.502  0.38  38.2  53  4.4438  92.3999
245.187  200.421  1947.25  89.9257  2.525  0.37  38.2  53  4.4438  92.3999
245.235  200.421  1930.21  94.8003  161.526  0.38  38.2  53  4.4438  92.3999
245.284  200.55  1894.4  96.4618  213.196  0.38  38.2  53  4.4438  92.3999
245.333  200.55  1894.49  95.1636  170.504  0.38  38.2  53  4.4438  92.3999
245.382  200.55  1926.08  94.9221  165.261  0.38  38.2  53  4.4438  92.3999
245.431  200.679  1879.58  95.2298  171.325  0.39  38.2  53  4.4438  92.3999
245.48  200.679  1969  89.9065  3.214  0.37  39  53  4.4438  92.3999
245.529  200.679  1919.37  94.5541  152.398  0.38  39  53  4.4438  92.3999
245.577  200.807  1877.52  94.8206  157.779  0.39  39  53  4.4438  92.3999
245.626  200.807  2000.57  88.894  38.615  0.36  39  53  4.4438  92.3999
245.675  200.807  1919.32  94.8421  162.01  0.38  39  53  4.4438  92.3999
245.724  200.936  1951.26  89.8674  4.516  0.37  39  53  4.4438  92.3999
245.772  200.936  1927.13  94.8194  161.908  0.38  39.7  53  4.4438  92.3999
245.821  200.936  1903.22  96.3665  211.044  0.38  39.7  53  4.4438  92.3999
245.87  201.065  1989.32  89.9707  1.017  0.36  39.7  53  4.4438  92.3999
245.919  201.065  1934.54  95.0151  169.113  0.38  39.7  53  4.4438  92.3999
245.967  201.065  1879.85  96.2597  204.968  0.39  39.7  53  4.4438  92.3999
246.016  201.194  1886.97  94.0312  132.652  0.38  39.7  53  4.4438  92.3999
246.065  201.194  1922.14  94.7766  160.058  0.38  38.8  53  4.4438  92.3999
246.114  201.194  1873.15  94.8485  158.32  0.39  38.8  53  4.4438  92.3999
246.162  201.323  1998.01  89.9077  3.218  0.36  38.8  53  4.4438  92.3999
246.211  201.323  1918.04  94.898  163.765  0.38  38.8  53  4.4438  92.3999
246.26  201.323  1949.39  89.8401  5.442  0.37  38.8  53  4.4438  92.3999
246.309  201.451  2004.2  89.8759  4.342  0.36  38.8  53  4.4438  92.3999
246.357  201.451  1900.12  95.0563  167.466  0.38  40  53  4.4438  92.3999
246.406  201.451  1877.56  95.1267  167.777  0.39  40  53  4.4438  92.3999
246.455  201.58  1933.71  95.165  174.08  0.38  40  53  4.4438  92.3999
246.504  201.58  1878.97  96.405  209.611  0.39  40  53  4.4438  92.3999
246.552  201.58  1959.18  88.9417  36.185  0.37  40  53  4.4438  92.3999
246.601  201.709  1930.88  94.6256  155.714  0.38  40  53  4.4438  92.3999
246.65  201.709  1953.53  89.9299  2.388  0.37  39.7  53  4.4438  92.3999
246.699  201.838  1980.76  89.0075  34.308  0.37  39.7  53  4.4438  92.3999
246.747  201.838  1983.87  89.8085  6.63  0.36  39.7  53  4.4438  92.3999
246.796  201.838  1839.54  94.0765  130.768  0.39  39.7  53  4.4438  92.3999
246.845  201.967  1784.12  90.0428  1.334  0.41  39.7  53  4.4438  92.3999
246.894  201.967  1736.17  95.0102  151.625  0.42  39.7  53  4.4438  92.3999
246.943  201.967  1801.68  88.8851  35.057  0.4  38.6  53  4.4438  92.3999
246.992  202.096  1861.27  94.019  130.452  0.39  38.6  53  4.4438  92.3999
247.04  202.096  1855.64  95.2165  168.713  0.39  38.6  53  4.4438  92.3999
247.089  202.096  1976.52  89.8672  4.58  0.37  38.6  53  4.4438  92.3999
247.138  202.224  2006.08  89.6152  13.472  0.36  38.6  53  4.4438  92.3999
247.187  202.224  1866.59  95.3346  173.539  0.39  38.6  53  4.4438  92.3999
247.236  202.224  2005.04  89.9481  1.815  0.36  38.2  53  4.4438  92.3999
247.284  202.353  1907.96  94.7697  158.649  0.38  38.2  53  4.4438  92.3999
247.333  202.353  1782.12  94.3855  136.274  0.41  38.2  53  4.4438  92.3999
247.382  202.353  1852.85  88.5579  46.629  0.39  38.2  53  4.4438  92.3999
247.43  202.482  1732.77  95.9838  180.638  0.42  38.2  53  4.4438  92.3999
247.479  202.482  1735.88  89.3207  20.58  0.42  38.2  53  4.4438  92.3999
247.528  202.482  1640.06  95.5442  158.451  0.44  38.1  53  4.4438  92.3999
247.577  202.611  1658.78  89.8366  4.729  0.44  38.1  53  4.4438  92.3999
247.625  202.611  1604.55  89.6125  10.853  0.45  38.1  53  4.4438  92.3999
247.674  202.611  1594.02  94.6927  130.409  0.46  38.1  53  4.4438  92.3999
247.723  202.74  1675.31  94.0044  116.991  0.43  38.1  53  4.4438  92.3999
247.772  202.74  1842.58  94.1014  131.786  0.39  38.1  53  4.4438  92.3999
247.821  202.74  1901.51  96.3284  209.599  0.38  38.1  53  4.4438  92.3999
247.87  202.868  1928.27  89.3444  22.063  0.38  39.2  53  4.4438  92.3999
247.918  202.868  1989.08  89.8396  5.567  0.36  39.2  53  4.4438  92.3999
247.967  202.868  1991.49  90.0147  0.51  0.36  39.2  53  4.4438  92.3999
248.016  202.997  1805.62  90.0348  1.097  0.4  39.2  53  4.4438  92.3999
248.065  202.997  2001.16  89.7562  8.514  0.36  39.2  53  4.4438  92.3999
248.114  202.997  1863.24  94.9581  161.035  0.39  39.2  53  4.4438  92.3999
248.162  203.126  1959.43  89.0918  31.059  0.37  37.7  53  4.4438  92.3999
248.211  203.126  1894.46  94.8546  160.324  0.38  37.7  53  4.4438  92.3999
248.26  203.126  1792.68  90.0488  1.527  0.4  37.7  53  4.4438  92.3999
248.309  203.255  1845.62  90.0056  0.18  0.39  37.7  53  4.4438  92.3999
248.358  203.255  1901.51  96.3284  209.599  0.38  37.7  53  4.4438  92.3999
248.406  203.255  1871.16  95.3533  174.572  0.39  37.7  53  4.4438  92.3999
248.455  203.384  1997.91  89.6201  13.246  0.36  39.5  53  4.4438  92.3999
248.504  203.384  1908.98  94.6679  155.353  0.38  39.5  53  4.4438  92.3999
248.552  203.384  1942.47  89.114  30.036  0.37  39.5  53  4.4438  92.3999
248.601  203.512  2023.58  89.9856  0.51  0.36  39.5  53  4.4438  92.3999
248.65  203.512  1789.08  95.8548  182.5  0.41  39.5  53  4.4438  92.3999
248.699  203.512  1727.55  89.8193  5.448  0.42  39.5  53  4.4438  92.3999
248.748  203.641  1695.51  88.2718  51.134  0.43  38.5  53  4.4438  92.3999
248.797  203.641  1913.27  82.9203  235.81  0.38  38.5  53  4.4438  92.3999
248.845  203.641  1963.27  83.676  216.254  0.37  38.5  53  4.4438  92.3999
248.894  203.77  2042.95  79.2467  381.173  0.36  38.5  53  4.4438  92.3999
248.943  203.77  1841.15  75.5028  460.901  0.41  38.5  53  4.4438  92.3999
248.992  203.77  1846.81  73.1101  536.559  0.41  38.5  53  4.4438  92.3999
249.041  203.899  1875.79  72.7539  556.128  0.4  38.3  53  4.4438  92.3999
249.09  203.899  1744.18  81.9596  243.961  0.42  38.3  53  4.4438  92.3999
249.138  203.899  1495.81  94.5749  119.308  0.49  38.3  53  4.4438  92.3999
249.187  204.028  1472.16  94.9917  128.096  0.49  38.3  53  4.4438  92.3999
249.236  204.028  1645.61  89.4033  17.137  0.44  38.3  53  4.4438  92.3999
249.285  204.028  1784.14  95.6626  176.042  0.41  38.3  53  4.4438  92.3999
249.334  204.156  1898.27  89.4779  17.297  0.38  38.5  53  4.4438  92.3999
249.383  204.156  1998.72  89.8277  6.011  0.36  38.5  53  4.4438  92.3999
249.431  204.156  1986.22  89.8721  4.433  0.36  38.5  53  4.4438  92.3999
249.48  204.285  1958.57  89.021  33.463  0.37  38.5  53  4.4438  92.3999
249.529  204.285  2023.1  89.9497  1.776  0.36  38.5  53  4.4438  92.3999
249.578  204.285  1873.15  94.8485  158.32  0.39  38.5  53  4.4438  92.3999
249.626  204.414  1832.01  94.2905  137.059  0.4  38.8  53  4.4438  92.3999
249.675  204.414  1713.38  93.991  119.252  0.42  38.8  53  4.4438  92.3999
249.724  204.414  1697.95  89.8504  4.432  0.43  38.8  53  4.4438  92.3999
249.773  204.543  1791.21  85.4098  143.349  0.41  38.8  53  4.4438  92.3999
249.821  204.543  1962.24  84.7107  180.889  0.37  38.8  53  4.4438  92.3999
249.87  204.543  1911.98  80.9935  299.315  0.38  38.8  53  4.4438  92.3999
249.919  204.672  1964.22  78.0275  407.461  0.38  37.9  53  4.4438  92.3999
249.968  204.672  2105.61  77.5302  454.655  0.35  37.9  53  4.4438  92.3999
250.016  204.672  2039.11  73.2435  587.885  0.37  37.9  53  4.4438  92.3999
250.065  204.8  1902.14  77.7515  403.542  0.39  37.9  53  4.4438  92.3999
250.114  204.8  1559.29  89.5697  11.711  0.46  37.9  53  4.4438  92.3999
250.163  204.8  1564.77  89.9496  1.376  0.46  37.9  53  4.4438  92.3999
250.212  204.929  1644.26  89.0492  27.283  0.44  38.7  53  4.4438  92.3999
250.26  204.929  1817.94  89.9953  0.148  0.4  38.7  53  4.4438  92.3999
250.309  204.929  1903.11  88.3832  53.694  0.38  38.7  53  4.4438  92.3999
250.358  205.058  1997.96  90.0193  0.673  0.36  38.7  53  4.4438  92.3999
250.407  205.058  1862.45  93.9643  128.76  0.39  38.7  53  4.4438  92.3999
250.456  205.187  1991.56  88.8299  40.668  0.36  38.7  53  4.4438  92.3999
250.504  205.187  1981.79  89.6298  12.805  0.37  38.7  53  4.4438  92.3999
250.553  205.187  1846.32  93.9833  128.256  0.39  39.5  53  4.4438  92.3999
250.602  205.316  1984.84  89.9938  0.216  0.36  39.5  53  4.4438  92.3999
250.651  205.316  1732.7  94.8177  145.523  0.42  39.5  53  4.4438  92.3999
250.699  205.316  1748.91  88.6838  40.174  0.41  39.5  53  4.4438  92.3999
250.749  205.444  1725.36  89.4861  15.476  0.42  39.5  53  4.4438  92.3999
250.797  205.444  1627.2  94.6813  132.802  0.45  39.5  53  4.4438  92.3999
250.846  205.444  1713.64  88.5047  44.717  0.42  38  53  4.4438  92.3999
250.895  205.573  1741.98  89.5488  13.718  0.42  38  53  4.4438  92.3999
250.944  205.573  1668.3  89.0936  26.39  0.43  38  53  4.4438  92.3999
250.992  205.573  1699.1  88.0627  57.44  0.43  38  53  4.4438  92.3999
251.041  205.702  1699.14  89.6169  11.361  0.43  38  53  4.4438  92.3999
251.09  205.702  1667.12  88.2323  51.426  0.43  38  53  4.4438  92.3999
251.139  205.702  1719.32  88.9149  32.56  0.42  38  53  4.4438  92.3999
251.187  205.831  1551.36  90.0655  1.773  0.47  38  53  4.4438  92.3999
251.236  205.831  1679.7  88.2225  52.102  0.43  38  53  4.4438  92.3999
251.285  205.831  1683.11  88.7496  36.729  0.43  38  53  4.4438  92.3999
251.334  205.96  1714.94  89.9629  1.11  0.42  38  53  4.4438  92.3999
251.382  205.96  1703.26  87.7991  65.412  0.43  38  53  4.4438  92.3999
251.431  205.96  1699.07  88.7047  38.408  0.43  38.8  53  4.4438  92.3999
251.48  206.088  1686.79  89.0986  26.535  0.43  38.8  53  4.4438  92.3999
251.529  206.088  1708.44  87.7267  67.768  0.42  38.8  53  4.4438  92.3999
251.577  206.088  1727.1  89.9877  0.371  0.42  38.8  53  4.4438  92.3999
251.626  206.217  1677.17  87.9949  58.682  0.43  38.8  53  4.4438  92.3999
251.675  206.217  1708.79  88.7215  38.128  0.42  38.8  53  4.4438  92.3999
251.724  206.217  1571.7  94.0228  110.259  0.46  39  53  4.4438  92.3999
251.772  206.346  1622.22  89.5739  12.064  0.45  39  53  4.4438  92.3999
251.821  206.346  1675.24  88.7717  35.912  0.43  39  53  4.4438  92.3999
251.87  206.346  1716.22  94.0554  121.372  0.42  39  53  4.4438  92.3999
251.919  206.475  1844.59  94.2045  135.238  0.39  39  53  4.4438  92.3999
251.967  206.475  1900.67  94.863  161.127  0.38  39  53  4.4438  92.3999
252.016  206.475  1947.65  89.9608  1.333  0.37  38.4  53  4.4438  92.3999
252.065  206.604  1988.96  88.8835  38.755  0.36  38.4  53  4.4438  92.3999
252.114  206.604  2000.51  89.9684  1.102  0.36  38.4  53  4.4438  92.3999
252.162  206.604  1801.15  89.9877  0.387  0.4  38.4  53  4.4438  92.3999
252.211  206.733  1968.76  89.0762  31.741  0.37  38.4  53  4.4438  92.3999
252.26  206.733  1817.08  89.7985  6.39  0.4  38.4  53  4.4438  92.3999
252.309  206.733  1771.06  88.2757  53.291  0.41  38.1  53  4.4438  92.3999
252.358  206.861  1666.3  90.0331  0.963  0.43  38.1  53  4.4438  92.3999
252.406  206.861  1733.9  89.3664  19.174  0.42  38.1  53  4.4438  92.3999
252.455  206.861  1743  89.5271  14.386  0.42  38.1  53  4.4438  92.3999
252.504  206.99  1769.88  89.9333  2.061  0.41  38.1  53  4.4438  92.3999
252.553  206.99  1705.71  88.6589  39.921  0.42  38.1  53  4.4438  92.3999
252.602  206.99  1757.27  89.5737  13.074  0.41  37.9  53  4.4438  92.3999
252.651  207.119  1671.59  94.2224  123.077  0.43  37.9  53  4.4438  92.3999
252.699  207.119  1726.4  89.8262  5.236  0.42  37.9  53  4.4438  92.3999
252.748  207.119  1788.12  87.9482  64.021  0.4  37.9  53  4.4438  92.3999
252.797  207.248  1720.61  89.6141  11.587  0.42  37.9  53  4.4438  92.3999
252.846  207.248  1736.17  87.7897  66.96  0.42  37.9  53  4.4438  92.3999
252.895  207.248  1746.52  89.3874  18.674  0.41  37.9  53  4.4438  92.3999
252.943  207.377  1709  88.8519  34.242  0.42  39.8  53  4.4438  92.3999
252.992  207.377  1722.19  87.7579  67.375  0.42  39.8  53  4.4438  92.3999
253.041  207.377  1713.61  89.7551  7.324  0.42  39.8  53  4.4438  92.3999
253.09  207.505  1671.05  89.1392  25.104  0.43  39.8  53  4.4438  92.3999
253.139  207.505  1869.15  89.7335  8.693  0.39  39.8  53  4.4438  92.3999
253.187  207.505  1948.72  89.918  2.789  0.37  39.8  53  4.4438  92.3999
253.236  207.634  1792.55  89.9981  0.06  0.4  39  53  4.4438  92.3999
253.285  207.634  2050.1  89.9678  1.152  0.35  39  53  4.4438  92.3999
253.334  207.634  1876.76  94.9661  162.462  0.39  39  53  4.4438  92.3999
253.382  207.763  1972.81  89.9619  1.312  0.37  39  53  4.4438  92.3999
253.432  207.763  1966.48  89.8244  6.026  0.37  39  53  4.4438  92.3999
253.48  207.763  1819.47  94.3519  138.066  0.4  39  53  4.4438  92.3999
253.529  207.892  1866.45  94.1484  135.019  0.39  38.8  53  4.4438  92.3999
253.578  207.892  1883.79  96.4724  212.349  0.39  38.8  53  4.4438  92.3999
253.627  207.892  1972.57  90.0197  0.678  0.37  38.8  53  4.4438  92.3999
253.675  208.021  2015.12  89.8196  6.344  0.36  38.8  53  4.4438  92.3999
253.724  208.021  1877.89  96.5046  212.732  0.39  38.8  53  4.4438  92.3999
253.773  208.021  1995.77  89.9752  0.864  0.36  38.8  53  4.4438  92.3999
253.822  208.149  1932.5  94.9309  166.108  0.38  39.3  53  4.4438  92.3999
253.87  208.149  1988.49  90.03  1.041  0.36  39.3  53  4.4438  92.3999
253.919  208.278  1949.33  89.0368  32.77  0.37  39.3  53  4.4438  92.3999
253.968  208.278  1779.9  94.7566  147.596  0.41  39.3  53  4.4438  92.3999
254.017  208.278  1690.85  94.2029  123.921  0.43  39.3  53  4.4438  92.3999
254.065  208.407  1729.81  88.6445  40.919  0.42  39.3  53  4.4438  92.3999
254.114  208.407  1687.53  88.9466  31.023  0.43  38.1  53  4.4438  92.3999
254.163  208.407  1675.75  88.9295  31.307  0.43  38.1  53  4.4438  92.3999
254.212  208.536  1868.18  89.7747  7.348  0.39  38.1  53  4.4438  92.3999
254.26  208.536  1847.31  95.0132  161.427  0.39  38.1  53  4.4438  92.3999
254.309  208.536  1940.41  89.2008  27.067  0.37  38.1  53  4.4438  92.3999
254.358  208.665  1929.65  94.9966  168.065  0.38  38.1  53  4.4438  92.3999
254.407  208.665  1866.42  90.0254  0.827  0.39  39.8  53  4.4438  92.3999
254.455  208.665  1951.65  89.0987  30.699  0.37  39.8  53  4.4438  92.3999
254.504  208.793  1920.11  94.6933  157.107  0.38  39.8  53  4.4438  92.3999
254.553  208.793  1826.3  95.445  173.298  0.4  39.8  53  4.4438  92.3999
254.602  208.793  1801  88.9428  33.23  0.4  39.8  53  4.4438  92.3999
254.65  208.922  1645.18  94.3599  125.068  0.44  39.8  53  4.4438  92.3999
254.699  208.922  1654.85  89.8925  3.104  0.44  38.1  53  4.4438  92.3999
254.748  208.922  1623.55  89.2699  20.687  0.45  38.1  53  4.4438  92.3999
254.797  209.051  1527.42  94.2154  112.274  0.47  38.1  53  4.4438  92.3999
254.845  209.051  1565.12  94.1942  114.468  0.46  38.1  53  4.4438  92.3999
254.894  209.051  1835.06  89.6956  9.75  0.39  38.1  53  4.4438  92.3999
254.943  209.18  1823.22  95.3943  171.399  0.4  38.1  53  4.4438  92.3999
254.992  209.18  1941.02  89.1224  29.73  0.37  38.2  53  4.4438  92.3999
255.041  209.18  1887.97  95.084  167.306  0.38  38.2  53  4.4438  92.3999
255.089  209.309  1873.85  95.2901  172.765  0.39  38.2  53  4.4438  92.3999
255.138  209.309  2013.84  89.7106  10.17  0.36  38.2  53  4.4438  92.3999
255.187  209.309  1911.76  94.6025  153.405  0.38  38.2  53  4.4438  92.3999
255.236  209.437  1948.3  89.0804  31.269  0.37  38.2  53  4.4438  92.3999
255.285  209.437  1996.47  89.9156  2.94  0.36  38.9  53  4.4438  92.3999
255.333  209.437  1747.94  94.7554  144.91  0.42  38.9  53  4.4438  92.3999
255.382  209.566  1732.42  89.3425  19.879  0.42  38.9  53  4.4438  92.3999
255.431  209.566  1699.69  89.9581  1.242  0.43  38.9  53  4.4438  92.3999
255.48  209.566  1762.95  87.698  70.81  0.41  38.9  53  4.4438  92.3999
255.528  209.695  1928.94  81.9092  271.485  0.38  38.9  53  4.4438  92.3999
255.577  209.695  1990.69  82.5556  257.921  0.37  38.9  53  4.4438  92.3999
255.626  209.695  1916.58  80.0576  330.913  0.38  38.8  53  4.4438  92.3999
255.675  209.824  2006.75  82.4883  262.34  0.36  38.8  53  4.4438  92.3999
255.723  209.824  2054.67  78.2355  418.924  0.36  38.8  53  4.4438  92.3999
255.772  209.824  1981.34  75.467  497.193  0.38  38.8  53  4.4438  92.3999
255.822  209.953  2079.66  76.8326  473.741  0.36  38.8  53  4.4438  92.3999
255.87  209.953  2114.34  79.0929  400.069  0.35  38.8  53  4.4438  92.3999
255.919  209.953  2040.12  75.3341  516.523  0.37  38.2  53  4.4438  92.3999
255.968  210.081  2002.37  75.4214  504.011  0.37  38.2  53  4.4438  92.3999
256.017  210.081  2012.72  76.3988  473.316  0.37  38.2  53  4.4438  92.3999
256.065  210.081  2060.84  75.6679  510.146  0.36  38.2  53  4.4438  92.3999
256.114  210.21  2059.28  75.9791  498.914  0.36  38.2  53  4.4438  92.3999
256.163  210.21  2106.91  75.5011  527.488  0.35  38.2  53  4.4438  92.3999
256.212  210.21  2044.78  75.0728  526.719  0.37  38.1  53  4.4438  92.3999
256.26  210.339  2005.14  77.8025  423.651  0.37  38.1  53  4.4438  92.3999
256.309  210.339  2023.7  76.4615  473.746  0.37  38.1  53  4.4438  92.3999
256.358  210.339  2122.25  77.5455  457.692  0.35  38.1  53  4.4438  92.3999
256.407  210.468  2059.39  75.6137  511.674  0.36  38.1  53  4.4438  92.3999
256.456  210.468  2036.6  76.5948  472.156  0.37  38.1  53  4.4438  92.3999
256.505  210.468  2175.42  77.7368  462.065  0.34  38.6  53  4.4438  92.3999
256.554  210.597  2058.93  77.1698  457.21  0.36  38.6  53  4.4438  92.3999
256.603  210.597  2119.5  75.4286  533.236  0.35  38.6  53  4.4438  92.3999
256.651  210.597  2104.48  78.0414  436.059  0.35  38.6  53  4.4438  92.3999
256.7  210.725  2060.47  77.384  450.039  0.36  38.6  53  4.4438  92.3999
256.749  210.725  2136.06  77.2822  470.25  0.35  38.6  53  4.4438  92.3999
256.798  210.725  2125.65  78.8976  409.323  0.35  38.8  53  4.4438  92.3999
256.847  210.854  2074.76  75.8907  505.768  0.36  38.8  53  4.4438  92.3999
256.895  210.854  2112.92  75.5684  526.589  0.35  38.8  53  4.4438  92.3999
256.944  210.854  2058.85  75.8887  501.96  0.36  38.8  53  4.4438  92.3999
256.993  210.983  2001.76  76.9185  453.073  0.37  38.8  53  4.4438  92.3999
257.042  210.983  2104.85  75.7275  518.916  0.35  38.8  53  4.4438  92.3999
257.091  210.983  2074.22  76.9278  469.143  0.36  38.3  53  4.4438  92.3999
257.139  211.112  2033.11  75.2897  516.27  0.37  38.3  53  4.4438  92.3999
257.188  211.112  2007.79  75.4851  503.216  0.37  38.3  53  4.4438  92.3999
257.237  211.241  1995.71  76.6757  459.934  0.37  38.3  53  4.4438  92.3999
257.286  211.241  2161.34  77.1221  481.708  0.34  38.3  53  4.4438  92.3999
257.335  211.241  2059.65  76.9695  464.388  0.36  38.3  53  4.4438  92.3999
257.383  211.369  2008.85  76.6862  462.606  0.37  39.1  53  4.4438  92.3999
257.432  211.369  2228.76  77.6735  475.799  0.33  39.1  53  4.4438  92.3999
257.481  211.369  2036.73  74.9204  529.877  0.37  39.1  53  4.4438  92.3999
257.53  211.498  2020.65  76.269  479.629  0.37  39.1  53  4.4438  92.3999
257.578  211.498  2108.23  76.5394  490.747  0.35  39.1  53  4.4438  92.3999
257.628  211.498  2006.36  75.861  490.105  0.37  39.1  53  4.4438  92.3999
257.676  211.627  1984.32  73.4375  565.652  0.38  39.4  53  4.4438  92.3999
257.725  211.627  2131.2  75.167  545.594  0.35  39.4  53  4.4438  92.3999
257.774  211.627  2082.48  76.0293  502.763  0.36  39.4  53  4.4438  92.3999
257.823  211.756  2046.7  75.2884  519.767  0.37  39.4  53  4.4438  92.3999
257.871  211.756  1972.85  74.725  519.751  0.38  39.4  53  4.4438  92.3999
257.92  211.756  2023.84  72.7855  598.954  0.37  39.4  53  4.4438  92.3999
257.969  211.885  2009.69  76.2073  479.129  0.37  39.4  53  4.4438  92.3999
258.018  211.885  1540.96  89.1828  21.979  0.47  38.3  53  4.4438  92.3999
258.066  211.885  1544.09  89.2055  21.411  0.47  38.3  53  4.4438  92.3999
258.115  212.014  1613.08  89.2935  19.889  0.45  38.3  53  4.4438  92.3999
258.164  212.014  1749.53  89.3172  20.85  0.41  38.3  53  4.4438  92.3999
258.213  212.014  1905.89  88.3656  54.359  0.38  38.3  53  4.4438  92.3999
258.262  212.142  1817.19  89.9905  0.3  0.4  38.3  53  4.4438  92.3999
258.311  212.142  1851.43  95.566  179.576  0.39  38.3  53  4.4438  92.3999
258.36  212.142  2010.85  89.8801  4.209  0.36  38.3  53  4.4438  92.3999
258.408  212.271  1901.62  95.047  167.292  0.38  38.3  53  4.4438  92.3999
258.457  212.271  1967.51  89.9143  2.943  0.37  38.3  53  4.4438  92.3999
258.506  212.271  1851.72  90.0104  0.337  0.39  38.3  53  4.4438  92.3999
258.555  212.4  1764.9  95.8709  180.525  0.41  38.3  53  4.4438  92.3999
258.604  212.4  1725.17  88.5581  43.412  0.42  38.2  53  4.4438  92.3999
258.652  212.4  1667.33  88.8907  32.279  0.43  38.2  53  4.4438  92.3999
258.701  212.529  1758.75  84.3331  173.666  0.41  38.2  53  4.4438  92.3999
258.75  212.529  1966.7  82.8208  245.783  0.37  38.2  53  4.4438  92.3999
258.799  212.529  2010.93  83.2989  234.654  0.36  38.2  53  4.4438  92.3999
258.847  212.658  1925.46  77.3974  420.113  0.38  38.2  53  4.4438  92.3999
258.896  212.658  1996.01  75.8201  488.957  0.37  39.4  53  4.4438  92.3999
258.945  212.658  1941.97  75.1955  496.214  0.39  39.4  53  4.4438  92.3999
258.994  212.786  1942.1  73.981  535.932  0.39  39.4  53  4.4438  92.3999
259.042  212.786  2105.75  71.5652  665.89  0.36  39.4  53  4.4438  92.3999
259.091  212.786  2050.39  73.7766  572.846  0.37  39.4  53  4.4438  92.3999
259.14  212.915  2037.26  70.743  671.901  0.38  39.4  53  4.4438  92.3999
259.189  212.915  2022.58  71.463  643.013  0.38  38.4  53  4.4438  92.3999
259.238  212.915  1956.2  70.7637  644.498  0.39  38.4  53  4.4438  92.3999
259.287  213.044  1890.71  70.7982  621.847  0.41  38.4  53  4.4438  92.3999
259.335  213.044  1873.06  77.4685  406.411  0.4  38.4  53  4.4438  92.3999
259.384  213.044  1465.78  94.1138  105.15  0.49  38.4  53  4.4438  92.3999
259.433  213.173  1571.55  89.8162  5.041  0.46  38.4  53  4.4438  92.3999
259.482  213.173  1574.83  96.0172  165.084  0.46  37.8  53  4.4438  92.3999
259.53  213.173  1725.2  94.0745  122.581  0.42  37.8  53  4.4438  92.3999
259.579  213.302  1859.38  95.3788  174.297  0.39  37.8  53  4.4438  92.3999
259.628  213.302  1786.87  90.0095  0.295  0.4  37.8  53  4.4438  92.3999
259.677  213.302  1824.71  90.0418  1.332  0.4  37.8  53  4.4438  92.3999
259.726  213.43  1908.74  94.6218  153.802  0.38  37.8  53  4.4438  92.3999
259.774  213.43  1853.51  93.9548  127.837  0.39  38.1  53  4.4438  92.3999
259.823  213.43  2032.3  90.0184  0.651  0.36  38.1  53  4.4438  92.3999
259.872  213.559  2010.09  89.9574  1.496  0.36  38.1  53  4.4438  92.3999
259.921  213.559  1877.56  95.1267  167.777  0.39  38.1  53  4.4438  92.3999
259.969  213.559  2002.55  89.5955  14.137  0.36  38.1  53  4.4438  92.3999
260.018  213.688  1878.45  95.0023  163.793  0.39  38.1  53  4.4438  92.3999
260.067  213.688  1961.54  89.9454  1.87  0.37  39.3  53  4.4438  92.3999
260.116  213.688  1893.23  95.2186  172.2  0.38  39.3  53  4.4438  92.3999
260.165  213.817  1687.7  95.3636  157.759  0.43  39.3  53  4.4438  92.3999
260.213  213.817  1625.54  89.5831  11.828  0.45  39.3  53  4.4438  92.3999
260.262  213.817  1930.46  85.5584  149.499  0.38  39.3  53  4.4438  92.3999
260.311  213.946  1946.22  81.6926  281.198  0.38  39.3  53  4.4438  92.3999
260.36  213.946  1988.7  79.167  373.771  0.37  39  53  4.4438  92.3999
260.408  213.946  1890.65  74.7388  497.656  0.4  39  53  4.4438  92.3999
260.457  214.074  1843.89  71.9522  571.257  0.41  39  53  4.4438  92.3999
260.506  214.074  1932.35  71.6733  607.6  0.39  39  53  4.4438  92.3999
260.555  214.074  1821.07  69.3554  642.056  0.42  39  53  4.4438  92.3999
260.603  214.203  1851.87  67.8572  697.999  0.42  39  53  4.4438  92.3999
260.652  214.203  2011.75  63.9702  882.835  0.4  39  53  4.4438  92.3999
260.701  214.332  2072.66  67.2514  801.475  0.38  38.8  53  4.4438  92.3999
260.75  214.332  2134.01  65.6736  879.073  0.37  38.8  53  4.4438  92.3999
260.798  214.332  2308.89  68.799  834.988  0.34  38.8  53  4.4438  92.3999
260.847  214.461  2134.24  68.8038  771.663  0.36  38.8  53  4.4438  92.3999
260.897  214.461  2042.62  65.5041  846.93  0.39  38.8  53  4.4438  92.3999
260.945  214.461  2099.11  69.6755  729.098  0.37  38.8  53  4.4438  92.3999
260.994  214.59  1963.67  69.3291  693.176  0.39  39.1  53  4.4438  92.3999
261.043  214.59  1849.23  68.6462  673.352  0.42  39.1  53  4.4438  92.3999
261.092  214.59  1879.1  69.6275  654.154  0.41  39.1  53  4.4438  92.3999
261.141  214.718  1884.92  69.9592  645.94  0.41  39.1  53  4.4438  92.3999
261.19  214.718  1892.12  69.0811  675.573  0.41  39.1  53  4.4438  92.3999
261.238  214.718  1856.76  73.0489  541.349  0.41  39.1  53  4.4438  92.3999
261.287  214.847  1937.63  70.5875  644.002  0.4  38.4  53  4.4438  92.3999
261.336  214.847  1926.87  78.6238  380.074  0.38  38.4  53  4.4438  92.3999
261.385  214.847  1533.38  90.0112  0.299  0.47  38.4  53  4.4438  92.3999
261.433  214.976  1539.16  89.2996  18.815  0.47  38.4  53  4.4438  92.3999
261.482  214.976  1561.36  95.2552  143.007  0.47  38.4  53  4.4438  92.3999
261.531  214.976  1671.19  90.0053  0.155  0.43  38.4  53  4.4438  92.3999
261.58  215.105  1867.27  94.0245  131.05  0.39  37.8  53  4.4438  92.3999
261.629  215.105  1866.36  94.9849  162.175  0.39  37.8  53  4.4438  92.3999
261.677  215.105  1937.71  89.1041  30.297  0.37  37.8  53  4.4438  92.3999
261.726  215.234  1920.17  95.0064  167.566  0.38  37.8  53  4.4438  92.3999
261.775  215.234  1871.92  94.903  159.992  0.39  37.8  53  4.4438  92.3999
261.823  215.234  2007.76  90.0276  0.966  0.36  37.8  53  4.4438  92.3999
261.872  215.362  2013.33  89.8083  6.738  0.36  38.6  53  4.4438  92.3999
261.921  215.362  1862.82  95.1717  167.917  0.39  38.6  53  4.4438  92.3999
261.97  215.362  1833.72  90.0669  2.142  0.39  38.6  53  4.4438  92.3999
262.019  215.491  1879.45  94.9021  160.607  0.39  38.6  53  4.4438  92.3999
262.067  215.491  1850.6  94.2312  136.538  0.39  38.6  53  4.4438  92.3999
262.116  215.491  1940.78  94.9772  168.382  0.37  38.6  53  4.4438  92.3999
262.165  215.62  1955.68  89.844  5.324  0.37  38.4  53  4.4438  92.3999
262.214  215.62  1947.16  87.9882  68.357  0.37  38.4  53  4.4438  92.3999
262.263  215.62  2008.92  89.7157  9.969  0.36  38.4  53  4.4438  92.3999
262.311  215.749  1869.7  95.3621  174.724  0.39  38.4  53  4.4438  92.3999
262.36  215.749  2008.82  89.9842  0.553  0.36  38.4  53  4.4438  92.3999
262.409  215.749  1976.71  89.8838  4.01  0.37  38.4  53  4.4438  92.3999
262.458  215.878  1798.3  90.0028  0.087  0.4  38  53  4.4438  92.3999
262.507  215.878  1868.64  90.0111  0.363  0.39  38  53  4.4438  92.3999
262.555  215.878  1693.94  89.5675  12.788  0.43  38  53  4.4438  92.3999
262.604  216.006  1670.21  88.8387  33.849  0.43  38  53  4.4438  92.3999
262.653  216.006  1833.88  89.8422  5.051  0.39  38  53  4.4438  92.3999
262.702  216.006  1815.89  95.6456  178.636  0.4  38  53  4.4438  92.3999
262.751  216.135  1947.63  88.896  37.525  0.37  37.1  53  4.4438  92.3999
262.8  216.135  1913.52  94.6391  154.764  0.38  37.1  53  4.4438  92.3999
262.848  216.135  1957.15  89.8362  5.595  0.37  37.1  53  4.4438  92.3999
262.897  216.264  1833.62  90.0315  1.007  0.39  37.1  53  4.4438  92.3999
262.946  216.264  2014.47  89.7638  8.304  0.36  37.1  53  4.4438  92.3999
262.995  216.264  1941.24  89.2708  24.706  0.37  37.1  53  4.4438  92.3999
263.044  216.393  1984.41  88.9098  37.755  0.36  37.1  53  4.4438  92.3999
263.092  216.393  1825.14  95.2001  165.421  0.4  39.3  53  4.4438  92.3999
263.141  216.393  1707.34  94.0365  120.183  0.42  39.3  53  4.4438  92.3999
263.19  216.522  1697.36  94.0269  119.197  0.43  39.3  53  4.4438  92.3999
263.239  216.522  1651.63  94.4976  129.517  0.44  39.3  53  4.4438  92.3999
263.288  216.522  1706.93  87.8049  65.38  0.42  39.3  53  4.4438  92.3999
263.336  216.651  1729.94  89.4574  16.381  0.42  39.3  53  4.4438  92.3999
263.385  216.651  1687.66  88.8483  33.922  0.43  37.7  53  4.4438  92.3999
263.434  216.651  1733.2  89.6534  10.483  0.42  37.7  53  4.4438  92.3999
263.483  216.779  1722.76  89.4694  15.955  0.42  37.7  53  4.4438  92.3999
263.532  216.779  1693.81  88.9868  29.951  0.43  37.7  53  4.4438  92.3999
263.581  216.779  1714.39  88.6832  39.399  0.42  37.7  53  4.4438  92.3999
263.63  216.908  1691.37  88.7576  36.671  0.43  37.7  53  4.4438  92.3999
263.678  216.908  1688.02  88.9932  29.661  0.43  38.1  53  4.4438  92.3999
263.727  216.908  1714.7  89.8638  4.077  0.42  38.1  53  4.4438  92.3999
263.776  217.037  1542.89  94.2989  115.655  0.47  38.1  53  4.4438  92.3999
263.825  217.037  1638.29  88.4759  43.574  0.44  38.1  53  4.4438  92.3999
263.873  217.037  1804.54  88.9017  34.59  0.4  38.1  53  4.4438  92.3999
263.922  217.166  1792.47  94.5371  141.792  0.4  38.1  53  4.4438  92.3999
263.971  217.166  1953.54  89.1255  29.814  0.37  37.6  53  4.4438  92.3999
264.02  217.166  1877.67  95.1478  168.475  0.39  37.6  53  4.4438  92.3999
264.068  217.295  1855.93  95.5851  180.627  0.39  37.6  53  4.4438  92.3999
264.117  217.295  2022.03  89.9934  0.233  0.36  37.6  53  4.4438  92.3999
264.167  217.423  1877.44  95.1024  166.971  0.39  37.6  53  4.4438  92.3999
264.215  217.423  1865.57  93.9894  129.792  0.39  37.6  53  4.4438  92.3999
264.264  217.423  2003.23  89.515  16.958  0.36  38.7  53  4.4438  92.3999
264.313  217.552  1809.97  90.0284  0.898  0.4  38.7  53  4.4438  92.3999
264.362  217.552  1985.33  89.935  2.253  0.36  38.7  53  4.4438  92.3999
264.41  217.552  1910.98  94.7507  158.268  0.38  38.7  53  4.4438  92.3999
264.459  217.681  1996.45  90.027  0.94  0.36  38.7  53  4.4438  92.3999
264.509  217.681  1913.35  94.9048  163.592  0.38  38.7  53  4.4438  92.3999
264.557  217.681  1905.42  94.8809  162.121  0.38  38.5  53  4.4438  92.3999
264.606  217.81  1872.83  95.3898  175.916  0.39  38.5  53  4.4438  92.3999
264.655  217.81  1934.62  94.7247  159.35  0.38  38.5  53  4.4438  92.3999
264.703  217.81  1891.16  95.1115  168.491  0.38  38.5  53  4.4438  92.3999
264.752  217.939  1874.5  93.9749  129.94  0.39  38.5  53  4.4238  92.3999
264.801  217.939  2009.44  89.4817  18.178  0.36  38.5  53  4.4238  92.3999
264.85  217.939  1817.19  89.9905  0.3  0.4  38.2  53  4.4238  92.3999
264.899  218.067  1833.72  90.0669  2.142  0.39  38.2  53  4.4238  92.3999
264.947  218.067  1911.71  94.8894  162.939  0.38  38.2  53  4.4238  92.3999
264.996  218.067  1872.03  95.5348  180.557  0.39  38.2  53  4.4238  92.3999
265.045  218.196  1905.55  94.9056  162.951  0.38  38.2  53  4.4238  92.3999
265.095  218.196  1897.68  96.1602  203.637  0.38  38.2  53  4.4238  92.3999
265.143  218.196  1865.82  94.0344  131.269  0.39  38.7  53  4.4238  92.3999
265.192  218.325  2005.65  89.579  14.736  0.36  38.7  53  4.4238  92.3999
265.241  218.325  1893.21  94.9098  162.035  0.38  38.7  53  4.4238  92.3999
265.29  218.325  1884.79  95.3642  176.201  0.39  38.7  53  4.4238  92.3999
265.338  218.454  1997.49  89.5841  14.5  0.36  38.7  53  4.4238  92.3999
265.388  218.454  1877.67  95.1478  168.475  0.39  38.7  53  4.4238  92.3999
265.436  218.454  1970.44  88.9523  36.028  0.37  38.9  53  4.4238  92.3999
265.485  218.583  1925.21  94.7574  159.672  0.38  38.9  53  4.4238  92.3999
265.534  218.583  1977.19  90.0131  0.453  0.37  38.9  53  4.4238  92.3999
265.583  218.583  1912.31  95.0067  166.893  0.38  38.9  53  4.4238  92.3999
265.631  218.711  1900.6  96.4755  214.347  0.38  38.9  53  4.4238  92.3999
265.68  218.711  1942.69  89.2625  25.004  0.37  38.9  53  4.4238  92.3999
265.729  218.711  2006.33  89.4984  17.566  0.36  38.9  53  4.4238  92.3999
265.778  218.84  1883.39  94.7832  157.048  0.39  38.3  53  4.4238  92.3999
265.826  218.84  1894.36  93.9811  131.522  0.38  38.3  53  4.4238  92.3999
265.875  218.84  1931.66  94.4758  150.744  0.38  38.3  53  4.4238  92.3999
265.924  218.969  1880.92  94.8929  160.429  0.39  38.3  53  4.4238  92.3999
265.973  218.969  1978.18  89.0605  32.434  0.37  38.3  53  4.4238  92.3999
266.021  218.969  1909.39  95.0468  167.969  0.38  38.3  53  4.4238  92.3999
266.07  219.098  1974.79  89.856  4.962  0.37  38.4  53  4.4238  92.3999
266.119  219.098  2008.44  89.8156  6.463  0.36  38.4  53  4.4238  92.3999
266.168  219.098  1909.37  94.449  148.114  0.38  38.4  53  4.4238  92.3999
266.216  219.227  1883.54  95.4187  177.87  0.39  38.4  53  4.4238  92.3999
266.265  219.227  1934.76  94.4561  150.322  0.38  38.4  53  4.4238  92.3999
266.314  219.227  1903.68  94.8442  160.759  0.38  38.4  53  4.4238  92.3999
266.363  219.355  1886.97  94.0312  132.652  0.38  37.7  53  4.4238  92.3999
266.412  219.355  2003.97  89.8565  5.019  0.36  37.7  53  4.4238  92.3999
266.46  219.355  1880.37  95.0841  166.636  0.39  37.7  53  4.4238  92.3999
266.509  219.484  1982.62  88.7664  42.682  0.36  37.7  53  4.4238  92.3999
266.558  219.484  1920.05  94.9814  166.724  0.38  37.7  53  4.4238  92.3999
266.607  219.484  1865.36  95.3887  175.178  0.39  37.7  53  4.4238  92.3999
266.655  219.613  2024.72  89.925  2.649  0.36  37.7  53  4.4238  92.3999
266.704  219.613  1893.67  95.0014  165.092  0.38  37.7  53  4.4238  92.3999
266.753  219.613  1872.96  95.1085  166.774  0.39  37.7  53  4.4238  92.3999
266.802  219.742  1931.43  95.0339  169.474  0.38  37.7  53  4.4238  92.3999
266.851  219.742  1885.02  95.1023  167.643  0.39  37.7  53  4.4238  92.3999
266.9  219.742  1983.81  89.9428  1.98  0.36  37.7  53  4.4238  92.3999
266.949  219.871  2005.81  89.7319  9.384  0.36  38.2  53  4.4238  92.3999
266.997  219.871  1946.86  89.8907  3.715  0.37  38.2  53  4.4238  92.3999
267.046  219.871  1963.87  89.0663  32.003  0.37  38.2  53  4.4238  92.3999
267.095  219.999  2009.77  89.7882  7.431  0.36  38.2  53  4.4238  92.3999
267.144  219.999  1853.19  94.1672  134.665  0.39  38.2  53  4.4238  92.3999
267.192  220.128  1763.75  89.3476  20.084  0.41  38.2  53  4.4238  92.3999
267.241  220.128  1645.16  94.1136  118.014  0.44  37.3  53  4.4238  92.3999
267.29  220.128  1675.8  95.4029  157.793  0.43  37.3  53  4.4238  92.3999
267.339  220.257  1823.33  89.6235  11.981  0.4  37.3  53  4.4238  92.3999
267.387  220.257  1736.87  96.0447  182.9  0.42  37.3  53  4.4238  92.3999
267.436  220.257  1825.32  89.6817  10.141  0.4  37.3  53  4.4238  92.3999
267.485  220.386  1803.46  93.9869  125.391  0.4  37.3  53  4.4238  92.3999
267.534  220.386  1774.01  95.8144  179.718  0.41  39.3  53  4.4238  92.3999
267.582  220.386  1814.8  94.5442  143.784  0.4  39.3  53  4.4238  92.3999
267.631  220.515  1818.04  95.1999  164.769  0.4  39.3  53  4.4238  92.3999
267.68  220.515  1775.34  94.6546  144.067  0.41  39.3  53  4.4238  92.3999
267.729  220.515  1890.4  89.3049  22.935  0.38  39.3  53  4.4238  92.3999
267.778  220.643  1801.73  95.304  166.552  0.4  39.3  53  4.4238  92.3999
267.827  220.643  1865.21  89.3795  20.201  0.39  37.8  53  4.4238  92.3999
267.875  220.643  1841.18  94.1111  131.996  0.39  37.8  53  4.4238  92.3999
267.924  220.772  1788.7  95.7679  179.764  0.41  37.8  53  4.4238  92.3999
267.973  220.772  1775.46  94.6776  144.786  0.41  37.8  53  4.4238  92.3999
268.022  220.772  1815.69  95.6015  177.228  0.4  37.8  53  4.4238  92.3999
268.071  220.901  1729.56  94.969  149.809  0.42  37.8  53  4.4238  92.3999
268.119  220.901  1823.09  88.7485  39.819  0.4  37.8  53  4.4238  92.3999
268.168  220.901  1754.41  94.4682  136.678  0.41  39  53  4.4238  92.3999
268.217  221.03  1809.74  89.9732  0.848  0.4  39  53  4.4238  92.3999
268.266  221.03  1761.42  94.8177  147.934  0.41  39  53  4.4238  92.3999
268.314  221.03  1742.6  96.1828  187.68  0.42  39  53  4.4238  92.3999
268.363  221.159  1711.79  94.1741  124.596  0.42  39  53  4.4238  92.3999
268.412  221.159  1753.02  94.7203  144.26  0.41  39  53  4.4238  92.3999
268.461  221.159  1722.12  96.1792  185.366  0.42  37.2  53  4.4238  92.3999
268.51  221.288  1804.95  89.0569  29.708  0.4  37.2  53  4.4238  92.3999
268.558  221.288  1766.38  95.9057  181.746  0.41  37.2  53  4.4238  92.3999
268.607  221.288  1718.67  95.0867  152.383  0.42  37.2  53  4.4238  92.3999
268.656  221.416  1869.96  90.0039  0.129  0.39  37.2  53  4.4238  92.3999
268.705  221.416  1760.16  94.2957  131.843  0.41  37.2  53  4.4238  92.3999
268.754  221.416  1754.09  94.6692  142.786  0.41  38.7  53  4.4238  92.3999
268.803  221.545  1896.51  89.1964  26.599  0.38  38.7  53  4.4238  92.3999
268.851  221.545  1836.85  94.1164  131.854  0.39  38.7  53  4.4238  92.3999
268.9  221.545  1840.73  94.2983  137.959  0.39  38.7  53  4.4238  92.3999
268.949  221.674  1982.62  89.7013  10.337  0.36  38.7  53  4.4238  92.3999
268.998  221.674  1875.75  95.066  165.636  0.39  38.7  53  4.4238  92.3999
269.047  221.674  2000.76  89.9874  0.439  0.36  38.7  53  4.4238  92.3999
269.095  221.803  1912.19  94.9819  166.057  0.38  38.7  53  4.4238  92.3999
269.144  221.803  1855.72  95.5401  179.155  0.39  38.7  53  4.4238  92.3999
269.193  221.803  1909.04  94.9792  165.693  0.38  38.7  53  4.4238  92.3999
269.242  221.932  1904.46  94.6966  155.936  0.38  38.7  53  4.4238  92.3999
269.29  221.932  1863.04  95.2169  169.398  0.39  38.7  53  4.4238  92.3999
269.339  221.932  1925.02  95.0248  168.606  0.38  39.2  53  4.4238  92.3999
269.388  222.06  1905.42  96.1645  204.612  0.38  39.2  53  4.4238  92.3999
269.437  222.06  1871.35  93.9497  128.9  0.39  39.2  53  4.4238  92.3999
269.485  222.06  1924.43  95.2206  175.104  0.38  39.2  53  4.4238  92.3999
269.534  222.189  1882.06  95.4276  178.021  0.39  39.2  53  4.4238  92.3999
269.583  222.189  1973.06  87.8983  72.359  0.37  39.2  53  4.4238  92.3999
269.632  222.189  1982.62  89.7013  10.337  0.36  37.2  53  4.4238  92.3999
269.68  222.318  1786.06  94.6257  144.037  0.41  37.2  53  4.4238  92.3999
269.729  222.318  1798.91  89.233  24.08  0.4  37.2  53  4.4238  92.3999
269.778  222.318  1682.99  95.1214  150.235  0.43  37.2  53  4.4238  92.3999
269.827  222.447  1674.55  89.0343  28.223  0.43  37.2  53  4.4238  92.3999
269.875  222.447  1700.02  89.9881  0.354  0.43  37.2  53  4.4238  92.3999
269.924  222.447  1612.5  87.1249  80.881  0.45  38.7  53  4.4238  92.3999
269.973  222.576  1929.89  84.006  201.529  0.38  38.7  53  4.4238  92.3999
270.022  222.576  1661.49  89.9843  0.454  0.44  38.7  53  4.4238  92.3999
270.07  222.576  1502.01  95.4013  141.386  0.48  38.7  53  4.4238  92.3999
270.119  222.704  1575.81  94.2249  116.092  0.46  38.7  53  4.4238  92.3999
270.168  222.704  1765.82  95.7771  177.745  0.41  38.7  53  4.4238  92.3999
270.217  222.704  1790.46  94.685  146.24  0.41  38.8  53  4.4238  92.3999
270.265  222.833  1832.15  90.0391  1.25  0.39  38.8  53  4.4238  92.3999
270.314  222.833  1904.86  95.0746  168.491  0.38  38.8  53  4.4238  92.3999
270.363  222.833  1874.87  95.1903  169.606  0.39  38.8  53  4.4238  92.3999
270.412  222.962  2039.04  90.0231  0.822  0.35  38.8  53  4.4238  92.3999
270.461  222.962  1898.39  95.0196  166.101  0.38  38.8  53  4.4238  92.3999
270.51  222.962  1997.74  90.0029  0.1  0.36  37.8  53  4.4238  92.3999
270.558  223.091  2002.55  89.5955  14.137  0.36  37.8  53  4.4238  92.3999
270.607  223.091  1868.79  94.8762  158.854  0.39  37.8  53  4.4238  92.3999
270.656  223.091  1945.18  88.0772  65.265  0.37  37.8  53  4.4238  92.3999
270.705  223.22  1913.46  94.9263  164.316  0.38  37.8  53  4.4238  92.3999
270.753  223.22  1865.36  95.0844  165.313  0.39  37.8  53  4.4238  92.3999
270.802  223.348  1998.42  89.9437  1.963  0.36  37.8  53  4.4238  92.3999
270.851  223.348  1901.69  94.7616  157.86  0.38  38.3  53  4.4238  92.3999
270.9  223.348  1866.56  94.1693  135.706  0.39  38.3  53  4.4238  92.3999
270.948  223.477  2006.04  89.7513  8.707  0.36  38.3  53  4.4238  92.3999
270.997  223.477  2005.52  89.9807  0.676  0.36  38.3  53  4.4238  92.3999
271.046  223.477  1946.64  89.2026  27.091  0.37  38.3  53  4.4238  92.3999
271.095  223.606  1971.65  89.7218  9.575  0.37  38.3  53  4.4238  92.3999
271.144  223.606  1743.16  96.0057  182.382  0.42  37.9  53  4.4238  92.3999
271.192  223.606  1659.3  88.8821  32.372  0.44  37.9  53  4.4238  92.3999
271.241  223.735  1561.12  96.2676  170.43  0.47  37.9  53  4.4238  92.3999
271.29  223.735  1505.65  90.0629  1.653  0.48  37.9  53  4.4238  92.3999
271.339  223.735  1732.34  95.0163  151.474  0.42  37.9  53  4.4238  92.3999
271.387  223.864  1830.58  94.0225  128.412  0.4  37.9  53  4.4238  92.3999
271.436  223.864  1849.16  95.3953  173.869  0.39  38.6  53  4.4238  92.3999
271.485  223.864  1920.65  95.0994  170.713  0.38  38.6  53  4.4238  92.3999
271.534  223.992  1873.29  95.1749  168.965  0.39  38.6  53  4.4238  92.3999
271.582  223.992  1817.24  90.0094  0.297  0.4  38.6  53  4.4238  92.3999
271.631  223.992  1992.61  89.7246  9.578  0.36  38.6  53  4.4238  92.3999
271.68  224.121  1881.84  95.075  166.467  0.39  38.6  53  4.4238  92.3999
271.729  224.121  1988.79  89.9551  1.56  0.36  37.4  53  4.4238  92.3999
271.778  224.121  2003.55  89.8204  6.281  0.36  37.4  53  4.4238  92.3999
271.826  224.25  1879.25  95.1631  169.118  0.39  37.4  53  4.4238  92.3999
271.875  224.25  1989.08  89.8396  5.567  0.36  37.4  53  4.4238  92.3999
271.924  224.25  1884.09  94.9199  161.585  0.39  37.4  53  4.4238  92.3999
271.973  224.379  1902.06  89.1639  27.757  0.38  37.4  53  4.4238  92.3999
272.021  224.379  1725.96  95.0169  150.933  0.42  38.5  53  4.4238  92.3999
272.07  224.379  1609.82  95.8552  164.226  0.45  38.5  53  4.4238  92.3999
272.119  224.508  1753.14  83.5201  197.85  0.42  38.5  53  4.4238  92.3999
272.168  224.508  1890.8  82.6116  243.147  0.39  38.5  53  4.4238  92.3999
272.216  224.508  1828.47  76.5475  425.375  0.41  38.5  53  4.4238  92.3999
272.265  224.636  1748.13  76.1193  419.38  0.43  38.5  53  4.4238  92.3999
272.314  224.636  1980.28  73.6989  555.837  0.38  38.6  53  4.4238  92.3999
272.363  224.636  1844.05  70.6303  611.602  0.42  38.6  53  4.4238  92.3999
272.411  224.765  1957.72  74.9094  509.684  0.38  38.6  53  4.4238  92.3999
272.46  224.765  1492.66  94.5067  117.286  0.49  38.6  53  4.4238  92.3999
272.509  224.765  1548.42  89.9982  0.048  0.47  38.6  53  4.4238  92.3999
272.558  224.894  1658.71  90.0326  0.943  0.44  38.6  53  4.4238  92.3999
272.606  224.894  1709.96  95.1037  152.117  0.42  39.5  53  4.4238  92.3999
272.655  224.894  1884.32  89.4125  19.32  0.38  39.5  53  4.4238  92.3999
272.704  225.023  1960.92  89.8911  3.726  0.37  39.5  53  4.4238  92.3999
272.753  225.023  1863.47  95.0032  162.516  0.39  39.5  53  4.4238  92.3999
272.801  225.023  1838.16  90.044  1.412  0.39  39.5  53  4.4238  92.3999
272.851  225.152  1914.96  96.2071  207.05  0.38  39.5  53  4.4238  92.3999
272.899  225.152  1856.28  94.1925  135.708  0.39  38.3  53  4.4238  92.3999
272.948  225.152  1836.58  90.0162  0.518  0.39  38.3  53  4.4238  92.3999
272.997  225.28  1880.92  94.8929  160.429  0.39  38.3  53  4.4238  92.3999
273.045  225.28  1914.27  89.3134  22.939  0.38  38.3  53  4.4238  92.3999
273.094  225.28  1873.41  95.1993  169.768  0.39  38.3  53  4.4238  92.3999
273.143  225.409  1832.62  90.0249  0.796  0.39  38.3  53  4.4238  92.3999
273.192  225.409  1933.8  89.164  28.214  0.37  38.3  53  4.4238  92.3999
273.241  225.409  1897.92  94.9277  163.028  0.38  37.3  53  4.4238  92.3999
273.29  225.538  1980.6  90.033  1.14  0.37  37.3  53  4.4238  92.3999
273.338  225.538  2018.95  90.009  0.317  0.36  37.3  53  4.4238  92.3999
273.387  225.538  1918.28  94.9444  165.334  0.38  37.3  53  4.4238  92.3999
273.436  225.667  1855.29  95.4501  176.214  0.39  37.3  53  4.4238  92.3999
273.485  225.667  1996.33  89.7637  8.233  0.36  37.3  53  4.4238  92.3999
273.534  225.667  1892.51  96.3777  210.224  0.38  39.2  53  4.4238  92.3999
273.583  225.796  1859.59  93.9841  129.202  0.39  39.2  53  4.4238  92.3999
273.631  225.796  1922.42  95.1366  172.116  0.38  39.2  53  4.4238  92.3999
273.68  225.796  1865.14  95.0392  163.829  0.39  39.2  53  4.4238  92.3999
273.729  225.924  1948.52  89.2294  26.205  0.37  39.2  53  4.4238  92.3999
273.778  225.924  1997.65  89.7363  9.193  0.36  39.2  53  4.4238  92.3999
273.827  225.924  1792.68  90.0488  1.527  0.4  38.7  53  4.4238  92.3999
273.876  226.053  1875.96  93.965  129.716  0.39  38.7  53  4.4238  92.3999
273.924  226.053  1898.39  95.0196  166.101  0.38  38.7  53  4.4238  92.3999
273.973  226.053  1859.14  94.1731  135.289  0.39  38.7  53  4.4238  92.3999
274.022  226.182  2025.12  89.9777  0.787  0.36  38.7  53  4.4238  92.3999
274.071  226.182  1890.93  95.0657  166.965  0.38  38.7  53  4.4238  92.3999
274.119  226.311  1876.46  94.0554  132.704  0.39  38.1  53  4.4238  92.3999
274.168  226.311  2010.75  89.5905  14.371  0.36  38.1  53  4.4238  92.3999
274.217  226.311  1886.36  96.3644  209.105  0.39  38.1  53  4.4238  92.3999
274.266  226.44  1994.73  90.0183  0.636  0.36  38.1  53  4.4238  92.3999
274.314  226.44  1996.24  89.8964  3.611  0.36  38.1  53  4.4238  92.3999
274.363  226.44  1796.83  89.9917  0.262  0.4  38.1  53  4.4238  92.3999
274.412  226.569  1988.34  88.9642  35.945  0.36  38.2  53  4.4238  92.3999
274.461  226.569  1911.7  96.1774  205.711  0.38  38.2  53  4.4238  92.3999
274.509  226.569  1856.29  95.3514  173.124  0.39  38.2  53  4.4238  92.3999
274.558  226.697  1979.69  89.0519  32.756  0.37  38.2  53  4.4238  92.3999
274.607  226.697  1904.7  94.7426  157.481  0.38  38.2  53  4.4238  92.3999
274.656  226.697  1952.68  89.055  32.204  0.37  38.2  53  4.4238  92.3999
274.704  226.826  1919.36  95.1551  172.459  0.38  38.6  53  4.4238  92.3999
274.753  226.826  1833.35  94.0031  127.987  0.4  38.6  53  4.4238  92.3999
274.802  226.826  1783.57  88.1197  58.522  0.41  38.6  53  4.4238  92.3999
274.851  226.955  1700.42  95.1921  153.879  0.43  38.6  53  4.4238  92.3999
274.899  226.955  1675.12  88.8693  33.054  0.43  38.6  53  4.4238  92.3999
274.948  226.955  1717.99  88.7913  36.24  0.42  38.6  53  4.4238  92.3999
274.997  227.084  1632.15  94.5219  128.68  0.44  38.9  53  4.4238  92.3999
275.046  227.084  1676.87  89.0359  28.214  0.43  38.9  53  4.4238  92.3999
275.095  227.084  1718.82  89.6755  9.735  0.42  38.9  53  4.4238  92.3999
275.143  227.213  1676.95  89.7233  8.098  0.43  38.9  53  4.4238  92.3999
275.192  227.213  1667.2  88.9878  29.452  0.43  38.9  53  4.4238  92.3999
275.241  227.213  1619.78  94.5352  128.077  0.45  38.9  53  4.4238  92.3999
275.29  227.341  1610.58  95.7698  161.914  0.45  39.2  53  4.4238  92.3999
275.339  227.341  1694.42  87.9648  60.175  0.43  39.2  53  4.4238  92.3999
275.387  227.341  1707.68  89.7588  7.189  0.42  39.2  53  4.4238  92.3999
275.436  227.47  1669.67  89.9125  2.55  0.43  39.2  53  4.4238  92.3999
275.485  227.47  1700.29  89.0414  28.445  0.43  39.2  53  4.4238  92.3999
275.534  227.47  1657.04  95.4488  157.347  0.44  39.2  53  4.4238  92.3999
275.583  227.599  1675.44  88.8994  32.181  0.43  37.6  53  4.4238  92.3999
275.632  227.599  1688.39  89.8295  5.023  0.43  37.6  53  4.4238  92.3999
275.68  227.599  1602.97  94.7438  132.567  0.45  37.6  53  4.4238  92.3999
275.729  227.728  1678.43  89.1864  23.832  0.43  37.6  53  4.4238  92.3999
275.778  227.728  1712.52  88.5125  44.454  0.42  37.6  53  4.4238  92.3999
275.827  227.728  1617.97  94.6297  130.597  0.45  37.6  53  4.4238  92.3999
275.875  227.857  1683.39  89.3321  19.624  0.43  37.6  53  4.4238  92.3999
275.924  227.857  1702.71  88.7125  38.26  0.42  37.6  53  4.4238  92.3999
275.973  227.857  1524.95  90.0176  0.469  0.47  37.6  53  4.4238  92.3999
276.022  227.985  1703.16  89.9008  2.95  0.42  37.6  53  4.4238  92.3999
276.07  227.985  1596.57  95.0314  140.021  0.45  37.6  53  4.4238  92.3999
276.119  227.985  1592  94.0144  111.453  0.46  37.6  53  4.4238  92.3999
276.168  228.114  1688.62  88.2886  50.429  0.43  37.6  53  4.4238  92.3999
276.217  228.114  1680.38  88.9303  31.371  0.43  39.4  53  4.4238  92.3999
276.265  228.114  1658.11  88.1375  53.89  0.44  39.4  53  4.4238  92.3999
276.314  228.243  1711.74  88.5511  43.281  0.42  39.4  53  4.4238  92.3999
276.363  228.243  1517.81  90.0461  1.22  0.48  39.4  53  4.4238  92.3999
276.412  228.243  1672.13  88.3753  47.411  0.43  39.4  53  4.4238  92.3999
276.461  228.372  1708.49  88.8047  35.638  0.42  39.4  53  4.4238  92.3999
276.509  228.372  1616.77  88.6018  39.449  0.45  39  53  4.4238  92.3999
276.558  228.372  1673.24  88.057  56.732  0.43  39  53  4.4238  92.3999
276.607  228.501  1686.93  89.9174  2.433  0.43  39  53  4.4238  92.3999
276.655  228.501  1648.1  88.9912  29.016  0.44  39  53  4.4238  92.3999
276.704  228.501  1673.73  88.8466  33.69  0.43  39  53  4.4238  92.3999
276.753  228.629  1613.31  94.5847  128.957  0.45  39  53  4.4238  92.3999
276.802  228.629  1663.3  88.1958  52.366  0.44  37.2  53  4.4238  92.3999
276.851  228.629  1681.14  88.8927  32.487  0.43  37.2  53  4.4238  92.3999
276.9  228.758  1655.71  88.9706  29.746  0.44  37.2  53  4.4238  92.3999
276.948  228.758  1669.58  88.2467  51.082  0.43  37.2  53  4.4238  92.3999
276.997  228.758  1711.43  89.5402  13.735  0.42  37.2  53  4.4238  92.3999
277.046  228.887  1682.86  88.9458  30.962  0.43  37.2  53  4.4238  92.3999
277.095  228.887  1670.44  88.0128  57.925  0.43  37.4  53  4.4238  92.3999
277.143  228.887  1626.46  94.7681  135.195  0.45  37.4  53  4.4238  92.3999
277.192  229.016  1656.05  89.1125  25.651  0.44  37.4  53  4.4238  92.3999
277.241  229.016  1701.99  88.8664  33.673  0.43  37.4  53  4.4238  92.3999
277.29  229.016  1617.44  94.5127  127.261  0.45  37.4  53  4.4238  92.3999
277.338  229.145  1682.58  89.0297  28.492  0.43  37.4  53  4.4238  92.3999
277.387  229.145  1686.07  88.0598  57.083  0.43  37.6  53  4.4238  92.3999
277.436  229.273  1660.54  88.1517  53.558  0.44  37.6  53  4.4238  92.3999
277.485  229.273  1704.58  88.9977  29.817  0.42  37.6  53  4.4238  92.3999
277.533  229.273  1709.77  90.0259  0.773  0.42  37.6  53  4.4238  92.3999
277.582  229.402  1659.51  89.1209  25.461  0.44  37.6  53  4.4238  92.3999
277.631  229.402  1732.56  89.5913  12.36  0.42  37.6  53  4.4238  92.3999
277.68  229.402  1721.41  89.6924  9.241  0.42  40.3  53  4.4238  92.3999
277.728  229.531  1695.23  89.0099  29.294  0.43  40.3  53  4.4238  92.3999
277.777  229.531  1728.21  87.7468  67.946  0.42  40.3  53  4.4238  92.3999
277.826  229.531  1570.71  94.2661  116.844  0.46  40.3  53  4.4238  92.3999
277.875  229.66  1636.88  89.6335  10.471  0.44  40.3  53  4.4238  92.3999
277.924  229.66  1729.48  88.3942  48.466  0.42  40.3  53  4.4238  92.3999
277.972  229.66  1833.53  89.8092  6.105  0.39  37.4  53  4.3838  92.3999
278.021  229.789  1916.74  88.1468  61.986  0.38  37.4  53  4.3838  92.3999
278.07  229.789  1892.19  95.0107  165.267  0.38  37.4  53  4.3838  92.3999
278.119  229.789  1871.6  95.444  177.563  0.39  37.4  53  4.3838  92.3999
278.167  229.917  2040.13  89.979  0.746  0.35  37.4  53  4.3738  92.3999
278.217  229.917  1900.2  96.3829  211.251  0.38  37.4  53  4.3738  92.3999
278.265  229.917  1871.38  95.3986  176.067  0.39  37.4  53  4.3738  92.3999
278.314  230.046  1903.12  95.3483  177.389  0.38  39.8  53  4.3738  92.3999
278.363  230.046  1883.08  95.0203  164.785  0.39  39.8  53  4.3738  92.3999
278.412  230.046  1975.83  89.9463  1.852  0.37  39.8  53  4.3738  92.3999
278.46  230.175  2009.35  89.7519  8.7  0.36  39.8  53  4.3738  92.3999
278.509  230.175  1996.45  90.027  0.94  0.36  39.8  53  4.3738  92.3999
278.558  230.175  1909.52  95.0716  168.803  0.38  39.8  53  4.3738  92.3999
278.607  230.304  1989.69  89.8921  3.746  0.36  38  53  4.3738  92.3999
278.656  230.304  1871.6  95.444  177.563  0.39  38  53  4.3738  92.3999
278.704  230.304  2037.47  90.0309  1.1  0.36  38  53  4.3738  92.3999
278.753  230.433  1894.89  96.223  205.402  0.38  38  53  4.3738  92.3999
278.802  230.433  1985.88  89.9509  1.702  0.36  38  53  4.3538  92.3999
278.851  230.433  2008.32  89.5263  16.605  0.36  38  53  4.3538  92.3999
278.9  230.561  1883.2  96.3348  207.79  0.39  38  53  4.3538  92.3999
278.948  230.561  1970.5  89.8987  3.485  0.37  38  53  4.3538  92.3999
278.997  230.561  1929.83  94.7286  159.088  0.38  38  53  4.3538  92.3999
279.046  230.69  1802.62  89.9963  0.116  0.4  38  53  4.3538  92.3999
279.095  230.69  1977.31  88.9891  34.885  0.37  38  53  4.3538  92.3999
279.143  230.69  1915.78  94.7684  159.255  0.38  38  53  4.3538  92.3999
279.192  230.819  1872.96  95.1085  166.774  0.39  38.1  53  4.3538  92.3999
279.241  230.819  2012.41  89.8721  4.494  0.36  38.1  53  4.3538  92.3999
279.29  230.819  1903.62  96.4592  214.149  0.38  38.1  53  4.3538  92.3999
279.339  230.948  1880.5  95.1085  167.444  0.39  38.1  53  4.3538  92.3999
279.387  230.948  2017.44  89.5937  14.305  0.36  38.1  53  4.3538  92.3999
279.437  230.948  1807  90.0086  0.27  0.4  38.1  53  4.3338  92.3999
279.485  231.077  1885.24  93.9957  131.367  0.38  37.3  53  4.3338  92.3999
279.534  231.077  1907.22  94.6314  153.999  0.38  37.3  53  4.3338  92.3999
279.583  231.077  1853.03  90.0237  0.766  0.39  37.3  53  4.3338  92.3999
279.632  231.206  1841.23  90.0643  2.067  0.39  37.3  53  4.3338  92.3999
279.68  231.206  1916.51  94.9074  163.95  0.38  37.3  53  4.3338  92.3999
279.73  231.206  1869.27  95.2715  171.74  0.39  37.3  53  4.3338  92.3999
279.778  231.334  1842.63  90.021  0.676  0.39  38.2  53  4.3338  92.3999
279.827  231.334  1907.55  96.2954  209.17  0.38  38.2  53  4.3338  92.3999
279.876  231.334  1991.73  90.0336  1.167  0.36  38.2  53  4.3338  92.3999
279.925  231.463  2006.33  89.4984  17.566  0.36  38.2  53  4.3338  92.3999
279.973  231.463  1876.06  94.8299  157.96  0.39  38.2  53  4.3338  92.3999
280.022  231.463  1961.76  89.1541  28.962  0.37  38.2  53  4.3338  92.3999
280.071  231.592  1922.68  94.5811  153.563  0.38  38.4  53  4.3338  92.3999
280.12  231.592  1978.67  90.0055  0.19  0.37  38.4  53  4.3338  92.3999
280.168  231.592  2020.01  89.9654  1.221  0.36  38.4  53  4.3338  92.3999
280.217  231.721  1908.45  96.1477  204.38  0.38  38.4  53  4.3338  92.3999
280.266  231.721  1865.36  95.3887  175.178  0.39  38.4  53  4.3338  92.3999
280.315  231.721  1928.1  95.006  168.246  0.38  38.4  53  4.3338  92.3999
280.364  231.85  1900.35  95.1023  169.006  0.38  37.4  53  4.3338  92.3999
280.412  231.85  1986.33  89.9861  0.482  0.36  37.4  53  4.3338  92.3999
280.461  231.85  1929.89  95.0433  169.654  0.38  37.4  53  4.3338  92.3999
280.51  231.978  1897.47  96.114  202.095  0.38  37.4  53  4.3338  92.3999
280.559  231.978  1978.85  89.9307  2.395  0.37  37.4  53  4.3338  92.3999
280.608  231.978  1919.08  94.7957  160.44  0.38  37.4  53  4.3338  92.3999
280.657  232.107  1973.34  89.9584  1.433  0.37  38.4  53  4.3338  92.3999
280.706  232.107  1994.51  89.8876  3.913  0.36  38.4  53  4.3338  92.3999
280.754  232.107  1905.42  94.8809  162.121  0.38  38.4  53  4.3338  92.3999
280.803  232.236  1869.48  95.3168  173.232  0.39  38.4  53  4.3338  92.3999
280.852  232.236  1923.8  94.792  160.71  0.38  38.4  53  4.3338  92.3999
280.901  232.365  1883.99  95.2027  170.84  0.39  38.4  53  4.3338  92.3999
280.949  232.365  1854.86  94.2022  135.917  0.39  38.4  53  4.3338  92.3999
280.998  232.365  1986.08  89.721  9.672  0.36  37.7  53  4.3338  92.3999
281.047  232.494  1857.17  95.2284  169.238  0.39  37.7  53  4.3338  92.3999
281.096  232.494  1964.52  89.9299  2.405  0.37  37.7  53  4.3338  92.3999
281.144  232.494  1904.39  94.9824  165.396  0.38  37.7  53  4.3338  92.3999
281.193  232.622  1868.47  95.4163  176.367  0.39  37.7  53  4.3338  92.3999
281.242  232.622  1987.89  88.9282  37.183  0.36  37.7  53  4.3338  92.3999
281.291  232.622  1906.13  95.0192  166.767  0.38  38.6  53  4.3338  92.3999
281.34  232.751  1860.81  94.2082  136.548  0.39  38.6  53  4.3338  92.3999
281.388  232.751  1921.36  95.239  175.439  0.38  38.6  53  4.3338  92.3999
281.437  232.751  1877.89  95.1933  169.98  0.39  38.6  53  4.3338  92.3999
281.486  232.88  1807.05  90.0273  0.861  0.4  38.6  53  4.3338  92.3999
281.535  232.88  2003.97  89.8565  5.019  0.36  38.6  53  4.3338  92.3999
281.584  232.88  1811.41  90.0209  0.66  0.4  39.1  53  4.3338  92.3999
281.632  233.009  1989.5  89.8755  4.323  0.36  39.1  53  4.3338  92.3999
281.681  233.009  1925.46  94.804  161.252  0.38  39.1  53  4.3338  92.3999
281.73  233.009  1853.75  93.9995  129.294  0.39  39.1  53  4.3338  92.3999
281.779  233.138  1919.45  94.867  162.851  0.38  39.1  53  4.3338  92.3999
281.828  233.138  1914.32  96.0674  202.341  0.38  39.1  53  4.3338  92.3999
281.877  233.138  1870.65  94.0948  133.579  0.39  38.4  53  4.3338  92.3999
281.926  233.266  1915.35  94.988  166.536  0.38  38.4  53  4.3338  92.3999
281.974  233.266  1869.15  95.2472  170.94  0.39  38.4  53  4.3338  92.3999
282.023  233.266  1952.91  89.2044  27.116  0.37  38.4  53  4.3338  92.3999
282.072  233.395  2011.88  89.5459  15.944  0.36  38.4  53  4.3338  92.3999
282.121  233.395  1872.38  94.9936  162.98  0.39  38.4  53  4.3338  92.3999
282.169  233.395  1997.74  90.0029  0.1  0.36  39  53  4.3338  92.3999
282.218  233.524  1921.15  94.5908  153.766  0.38  39  53  4.3338  92.3999
282.266  233.524  1964.12  89.9693  1.054  0.37  39  53  4.3338  92.3999
282.315  233.524  1912.08  94.9604  165.333  0.38  39  53  4.3338  92.3999
282.364  233.653  1903.92  94.8903  162.304  0.38  39  53  4.3338  92.3999
282.413  233.653  1860.24  95.5592  180.207  0.39  39  53  4.3338  92.3999
282.462  233.653  2010.31  89.5542  15.641  0.36  37.8  53  4.3338  92.3999
282.511  233.782  1890.93  95.0657  166.965  0.38  37.8  53  4.3338  92.3999
282.559  233.782  1871.35  93.9497  128.9  0.39  37.8  53  4.3338  92.3999
282.608  233.782  1995.41  89.8244  6.115  0.36  37.8  53  4.3338  92.3999
282.657  233.91  1872.05  95.2293  170.623  0.39  37.8  53  4.3338  92.3999
282.706  233.91  2000.3  89.952  1.677  0.36  37.8  53  4.3338  92.3999
282.754  233.91  1916.75  94.9538  165.516  0.38  37.6  53  4.3338  92.3999
282.803  234.039  1941.41  89.9565  1.476  0.37  37.6  53  4.3338  92.3999
282.852  234.039  1995.63  89.8437  5.444  0.36  37.6  53  4.3338  92.3999
282.901  234.039  1891.49  96.1475  202.558  0.38  37.6  53  4.3338  92.3999
282.949  234.168  1824.62  90.0065  0.208  0.4  37.6  53  4.3338  92.3999
282.999  234.168  1995.52  89.5563  15.454  0.36  37.6  53  4.3338  92.3999
283.047  234.168  1890.78  94.7362  156.116  0.38  38.5  53  4.3338  92.3999
283.096  234.297  2000.3  89.952  1.677  0.36  38.5  53  4.3338  92.3999
283.145  234.297  1924.16  94.8601  163.02  0.38  38.5  53  4.3338  92.3999
283.194  234.297  1946.86  89.8907  3.715  0.37  38.5  53  4.3338  92.3999
283.242  234.426  1904.64  90.0296  0.983  0.38  38.5  53  4.3338  92.3999
283.292  234.426  1912.25  94.6949  156.519  0.38  38.5  53  4.3338  92.3999
283.34  234.426  1873.05  95.4352  177.414  0.39  38.5  53  4.3338  92.3999
283.389  234.554  2012.84  89.9083  3.22  0.36  37.7  53  4.3338  92.3999
283.438  234.554  1898.6  94.4711  148.009  0.38  37.7  53  4.3338  92.3999
283.487  234.554  1882.28  95.4733  179.534  0.39  37.7  53  4.3338  92.3999
283.535  234.683  1927.28  95.1554  173.179  0.38  37.7  53  4.3338  92.3999
283.584  234.683  1999.46  90.0116  0.405  0.36  37.7  53  4.3338  92.3999
283.633  234.683  1994.73  90.0183  0.636  0.36  37.7  53  4.3338  92.3999
283.682  234.812  1924.71  94.6643  156.514  0.38  37.9  53  4.3338  92.3999
283.73  234.812  1885.57  94.9106  161.407  0.39  37.9  53  4.3338  92.3999
283.779  234.812  1908.47  95.1733  172.084  0.38  37.9  53  4.3338  92.3999
283.828  234.941  1925.46  94.804  161.252  0.38  37.9  53  4.3338  92.3999
283.877  234.941  1950.18  89.9103  3.054  0.37  37.9  53  4.3338  92.3999
283.926  234.941  1933.06  94.7343  159.547  0.38  37.9  53  4.3338  92.3999
283.974  235.07  1905.66  94.927  163.669  0.38  38.2  53  4.3338  92.3999
284.023  235.07  1808.58  90.0547  1.727  0.4  38.2  53  4.3338  92.3999
284.072  235.07  2028.94  89.572  15.157  0.36  38.2  53  4.3338  92.3999
284.121  235.198  1886.95  95.1846  170.513  0.38  38.2  53  4.3338  92.3999
284.169  235.198  1961.33  89.1187  30.167  0.37  38.2  53  4.3338  92.3999
284.219  235.327  2011.34  89.7801  7.721  0.36  38.2  53  4.3338  92.3999
284.267  235.327  1970.28  89.8796  4.139  0.37  38  53  4.3338  92.3999
284.316  235.327  1984.51  89.8634  4.73  0.36  38  53  4.3338  92.3999
284.365  235.456  1930.79  96.2164  209.073  0.38  38  53  4.3338  92.3999
284.414  235.456  1966.48  89.8244  6.026  0.37  38  53  4.3338  92.3999
284.462  235.456  2017.97  89.9207  2.794  0.36  38  53  4.3338  92.3999
284.511  235.585  1911.49  96.1309  204.146  0.38  38  53  4.3338  92.3999
284.56  235.585  1884.12  95.2272  171.652  0.39  38.1  53  4.3338  92.3999
284.609  235.585  1941.35  94.7798  161.766  0.37  38.1  53  4.3338  92.3999
284.657  235.714  1892.42  95.0565  166.794  0.38  38.1  53  4.3338  92.3999
284.706  235.714  1835.2  90.0593  1.9  0.39  38.1  53  4.3338  92.3999
284.755  235.714  1936.32  94.4462  150.11  0.37  38.1  53  4.3338  92.3999
284.804  235.843  1961.33  89.9265  2.518  0.37  38.1  53  4.3338  92.3999
284.853  235.843  1979.88  88.936  36.765  0.37  38.4  53  4.3338  92.3999
284.901  235.843  1906.51  96.0634  201.383  0.38  38.4  53  4.3338  92.3999
284.95  235.971  1883.54  95.4187  177.87  0.39  38.4  53  4.3338  92.3999
284.999  235.971  1999.88  89.648  12.286  0.36  38.4  53  4.3338  92.3999
285.048  235.971  1913.01  96.1224  204.028  0.38  38.4  53  4.3338  92.3999
285.097  236.1  1859.59  93.9841  129.202  0.39  38.4  53  4.3338  92.3999
285.146  236.1  1940.78  94.9772  168.382  0.37  39.3  53  4.3338  92.3999
285.194  236.1  1890.7  95.0199  165.44  0.38  39.3  53  4.3338  92.3999
285.243  236.229  1964.23  88.8362  39.895  0.37  39.3  53  4.3338  92.3999
285.292  236.229  2002  89.8284  5.995  0.36  39.3  53  4.3338  92.3999
285.341  236.229  1991.03  89.9794  0.717  0.36  39.3  53  4.3338  92.3999
285.39  236.358  1976.24  89.0334  33.338  0.37  39.3  53  4.3338  92.3999
285.438  236.358  1931.26  95.973  200.967  0.38  37.2  53  4.3338  92.3999
285.487  236.358  1874.29  95.3809  175.764  0.39  37.2  53  4.3338  92.3999
285.536  236.487  2011.99  89.8358  5.767  0.36  37.2  53  4.3338  92.3999
285.585  236.487  1907.14  96.2025  206.054  0.38  37.2  53  4.3338  92.3999
285.633  236.487  1888.1  95.1085  168.121  0.38  37.2  53  4.3338  92.3999
285.683  236.615  1931.19  94.9872  167.883  0.38  37.2  53  4.3338  92.3999
285.731  236.615  1893.6  96.2773  207.049  0.38  37.9  53  4.3338  92.3999
285.78  236.615  1980.36  89.9228  2.668  0.37  37.9  53  4.3338  92.3999
285.829  236.744  1909.47  94.7602  158.459  0.38  37.9  53  4.3338  92.3999
285.878  236.744  1877.21  95.0569  165.467  0.39  37.9  53  4.3338  92.3999
285.926  236.744  1999.55  89.8998  3.498  0.36  37.9  53  4.3338  92.3999
285.976  236.873  1920.61  94.7861  160.249  0.38  37.9  53  4.3338  92.3999
286.025  236.873  1883.09  95.3274  174.84  0.39  37.9  53  4.3338  92.3999
286.073  236.873  2023.43  89.8156  6.514  0.36  36.8  53  4.3338  92.3999
286.122  237.002  1887.74  95.0383  165.785  0.38  36.8  53  4.3338  92.3999
286.171  237.002  1972.81  89.9619  1.312  0.37  36.8  53  4.3338  92.3999
286.22  237.002  2020.76  89.7312  9.48  0.36  36.8  53  4.3338  92.3999
286.268  237.131  1894.4  96.4618  213.196  0.38  36.8  53  4.3338  92.3999
286.317  237.131  1975.01  89.8751  4.305  0.37  36.8  53  4.3338  92.3999
286.366  237.131  1912.42  95.0282  167.617  0.38  38.8  53  4.3338  92.3999
286.415  237.259  1958.64  89.8284  5.868  0.37  38.8  53  4.3338  92.3999
286.463  237.259  2001.81  89.8117  6.58  0.36  38.8  53  4.3338  92.3999
286.512  237.259  1926.39  95.9521  199.761  0.38  38.8  53  4.3338  92.3999
286.561  237.388  1883.76  95.4644  179.385  0.39  38.8  53  4.3338  92.3999
286.61  237.388  1935.02  95.1088  172.308  0.38  38.8  53  4.3338  92.3999
286.659  237.388  1900.6  96.4755  214.347  0.38  37.3  53  4.3338  92.3999
286.707  237.517  1815.79  90.017  0.538  0.4  37.3  53  4.3338  92.3999
286.756  237.517  1997.22  89.7003  10.446  0.36  37.3  53  4.3338  92.3999
286.805  237.517  1875.3  94.9753  162.636  0.39  37.3  53  4.3338  92.3999
286.854  237.646  1991.03  89.8676  4.602  0.36  37.3  53  4.3338  92.3999
286.902  237.646  1910.43  94.945  164.679  0.38  37.3  53  4.3338  92.3999
286.951  237.646  1867.67  95.5609  180.985  0.39  38.3  53  4.3338  92.3999
287  237.775  1847.21  90.0336  1.083  0.39  38.3  53  4.3338  92.3999
287.049  237.775  1922.41  96.1182  204.89  0.38  38.3  53  4.3338  92.3999
287.097  237.775  1878.24  95.2632  172.292  0.39  38.3  53  4.3338  92.3999
287.146  237.903  2009.88  89.518  16.91  0.36  38.3  53  4.3338  92.3999
287.195  237.903  1900.91  94.909  162.668  0.38  38.3  53  4.3338  92.3999
287.244  237.903  1969.19  89.1118  30.526  0.37  38  53  4.3338  92.3999
287.293  238.032  2019.02  89.5854  14.608  0.36  38  53  4.3338  92.3999
287.342  238.032  1885.96  96.2726  206.057  0.39  38  53  4.3338  92.3999
287.39  238.032  1905.55  94.9056  162.951  0.38  38  53  4.3338  92.3999
287.439  238.161  1918.59  94.7029  157.302  0.38  38  53  4.3338  92.3999
287.488  238.161  1978.67  90.0055  0.19  0.37  38  53  4.3338  92.3999
287.537  238.161  1916.64  94.9323  164.789  0.38  38.6  53  4.3338  92.3999
287.585  238.29  1898.62  95.0655  167.638  0.38  38.6  53  4.3338  92.3999
287.634  238.29  1881.17  95.2452  171.973  0.39  38.6  53  4.3338  92.3999
287.683  238.419  1922.51  94.848  162.477  0.38  38.6  53  4.3338  92.3999
287.732  238.419  1900.35  95.1023  169.006  0.38  38.6  53  4.3338  92.3999
287.781  238.419  1892.08  94.9894  164.558  0.38  38.6  53  4.3338  92.3999
287.83  238.547  2001.85  89.6759  11.322  0.36  38.6  53  4.3338  92.3999
287.878  238.547  1879.92  94.9931  163.62  0.39  38.6  53  4.3338  92.3999
287.927  238.547  1972.41  89.9264  2.535  0.37  38.6  53  4.3338  92.3999
287.976  238.676  1908.98  94.6679  155.353  0.38  38.6  53  4.3338  92.3999
288.025  238.676  1960.12  89.8205  6.14  0.37  38.6  53  4.3338  92.3999
288.073  238.676  1924.54  94.9316  165.446  0.38  38.6  53  4.3338  92.3999
288.122  238.805  1918.44  96.2836  209.973  0.38  37.7  53  4.3338  92.3999
288.171  238.805  1883.89  95.1815  170.137  0.39  37.7  53  4.3338  92.3999
288.22  238.805  2001.58  89.7923  7.255  0.36  37.7  53  4.3338  92.3999
288.268  238.934  1882.07  95.1206  167.978  0.39  37.7  53  4.3338  92.3999
288.317  238.934  1884.54  90.0231  0.759  0.38  37.7  53  4.3338  92.3999
288.366  238.934  2010.05  89.6713  11.532  0.36  37.7  53  4.3338  92.3999
288.415  239.063  1867.57  94.9306  160.517  0.39  37.7  53  4.3338  92.3999
288.464  239.063  1968.33  89.0407  32.955  0.37  38.2  53  4.3338  92.3999
288.513  239.063  1931.48  96.02  202.564  0.38  38.2  53  4.3338  92.3999
288.561  239.191  1872.03  95.5348  180.557  0.39  38.2  53  4.3338  92.3999
288.61  239.191  1994.88  88.9652  36.025  0.36  38.2  53  4.3338  92.3999
288.659  239.191  1903.22  96.3665  211.044  0.38  38.2  53  4.3338  92.3999
288.708  239.32  1888.55  95.2  171.164  0.38  38.2  53  4.3338  92.3999
288.756  239.32  2025.6  90.0137  0.483  0.36  37.6  53  4.3338  92.3999
288.805  239.32  1882.07  95.1206  167.978  0.39  37.6  53  4.3338  92.3999
288.854  239.449  1994.73  90.0183  0.636  0.36  37.6  53  4.3338  92.3999
288.902  239.449  1938.13  94.4831  151.495  0.37  37.6  53  4.3338  92.3999
288.952  239.449  1873.38  94.8938  159.815  0.39  37.6  53  4.3338  92.3999
289.001  239.578  1907.77  95.0347  167.423  0.38  37.6  53  4.3338  92.3999
289.049  239.578  1909.71  94.8064  160.013  0.38  36.5  53  4.3338  92.3999
289.098  239.578  1873.85  95.2901  172.765  0.39  36.5  53  4.3338  92.3999
289.147  239.707  2023.58  89.9856  0.51  0.36  36.5  53  4.3338  92.3999
289.196  239.707  1900.48  96.0972  201.86  0.38  36.5  53  4.3338  92.3999
289.245  239.707  1814.25  89.9895  0.334  0.4  36.5  53  4.3338  92.3999
289.293  239.835  1921.12  95.1924  173.863  0.38  36.5  53  4.3338  92.3999
289.342  239.835  1873.61  94.9391  161.311  0.39  38.4  53  4.3338  92.3999
289.391  239.835  1964.23  88.8362  39.895  0.37  38.4  53  4.3338  92.3999
289.44  239.964  1916.57  94.6198  154.367  0.38  38.4  53  4.3338  92.3999
289.488  239.964  1879.36  95.1843  169.817  0.39  38.4  53  4.3338  92.3999
289.537  239.964  1979.95  89.8871  3.9  0.37  38.4  53  4.3338  92.3999
289.586  240.093  1916.07  96.1055  203.791  0.38  38.4  53  4.3338  92.3999
289.635  240.093  1863.44  94.1439  134.654  0.39  38.5  53  4.3338  92.3999
289.683  240.093  1994.79  89.7718  7.946  0.36  38.5  53  4.3338  92.3999
289.732  240.222  1916.49  96.1987  206.936  0.38  38.5  53  4.3338  92.3999
289.781  240.222  1878.8  95.0722  166.105  0.39  38.5  53  4.3338  92.3999
289.83  240.222  1939.79  94.7894  161.961  0.37  38.5  53  4.3338  92.3999
289.878  240.351  1884.07  96.1891  203.123  0.39  38.5  53  4.3338  92.3999
289.927  240.351  1993.23  90.0259  0.902  0.36  37.9  53  4.3338  92.3999
289.976  240.351  2008.22  89.7962  7.142  0.36  37.9  53  4.3338  92.3999
290.025  240.479  1955.28  89.8088  6.525  0.37  37.9  53  4.3338  92.3999
290.073  240.479  1838.16  90.044  1.412  0.39  37.9  53  4.3338  92.3999
290.122  240.479  1919.81  94.935  165.152  0.38  37.9  53  4.3338  92.3999
290.171  240.608  1864.92  95.2983  172.207  0.39  37.9  53  4.3338  92.3999
290.22  240.608  1927.13  94.8194  161.908  0.38  38.1  53  4.3338  92.3999
290.269  240.608  1883.99  95.2027  170.84  0.39  38.1  53  4.3338  92.3999
290.318  240.737  1937.52  89.2173  26.467  0.37  38.1  53  4.3338  92.3999
290.366  240.737  1928.58  95.0994  171.419  0.38  38.1  53  4.3338  92.3999
290.415  240.737  1883.86  94.8743  160.072  0.39  38.1  53  4.3338  92.3999
290.464  240.866  1970.25  89.0677  32.058  0.37  38.1  53  4.3338  92.3999
290.513  240.866  2020.76  89.7312  9.48  0.36  38.9  53  4.3338  92.3999
290.562  240.866  1966.47  90.0313  1.074  0.37  38.9  53  4.3338  92.3999
290.61  240.995  1906.02  94.9978  166.048  0.38  38.9  53  4.3338  92.3999
290.659  240.995  1902.89  94.9917  165.573  0.38  38.9  53  4.3338  92.3999
290.708  240.995  1860.08  94.0737  132.138  0.39  38.9  53  4.3338  92.3999
290.756  241.124  1942.1  94.9207  166.588  0.37  38.9  53  4.3338  92.3999
290.805  241.124  1895.95  94.8453  160.141  0.38  38.9  53  4.3338  92.3999
290.854  241.124  1862.45  93.9643  128.76  0.39  38.7  53  4.3338  92.3999
290.903  241.252  1927.86  94.9593  166.66  0.38  38.7  53  4.3338  92.3999
290.951  241.252  1850.59  95.0846  164.013  0.39  38.7  53  4.3338  92.3999
291  241.381  1942.47  89.114  30.036  0.37  38.7  53  4.3338  92.3999
291.049  241.381  1969.19  89.9229  2.649  0.37  38.7  53  4.3338  92.3999
291.098  241.381  1857.57  95.6215  181.962  0.39  38.7  53  4.3338  92.3999
291.147  241.51  1973.24  89.0506  32.696  0.37  38.2  53  4.3338  92.3999
291.196  241.51  1999.33  89.8804  4.172  0.36  38.2  53  4.3338  92.3999
291.244  241.51  1855.29  95.4501  176.214  0.39  38.2  53  4.3338  92.3999
291.293  241.639  1897.94  95.2372  173.244  0.38  38.2  53  4.3338  92.3999
291.342  241.639  1881.92  96.3888  209.41  0.39  38.2  53  4.3338  92.3999
291.391  241.639  1826.55  94.0751  129.803  0.4  38.2  53  4.3338  92.3999
291.44  241.768  1879.93  95.2998  173.642  0.39  39.1  53  4.3338  92.3999
291.489  241.768  1851.85  95.6559  182.507  0.39  39.1  53  4.3338  92.3999
291.537  241.768  1936.62  88.0183  66.97  0.37  39.1  53  4.3338  92.3999
291.586  241.896  2006.94  89.6876  10.942  0.36  39.1  53  4.3338  92.3999
291.635  241.896  1878.8  95.0722  166.105  0.39  39.1  53  4.3338  92.3999
291.684  241.896  1982.01  88.8469  39.885  0.37  39.1  53  4.3338  92.3999
291.732  242.025  1970.69  89.9151  2.919  0.37  37  53  4.3338  92.3999
291.781  242.025  1831.76  89.6445  11.364  0.39  37  53  4.3338  92.3999
291.83  242.025  1741.34  88.3452  50.286  0.42  37  53  4.3338  92.3999
291.879  242.154  1736.87  89.2967  21.321  0.42  37  53  4.3338  92.3999
291.927  242.154  1705.38  88.6282  40.826  0.42  37  53  4.3338  92.3999
291.976  242.154  1731.33  88.4485  46.876  0.42  37  53  4.3338  92.3999
292.025  242.283  1618.52  94.5044  127.112  0.45  38.3  53  4.3338  92.3999
292.074  242.283  1672.77  88.2233  51.864  0.43  38.3  53  4.3338  92.3999
292.122  242.283  1714.81  89.519  14.395  0.42  38.3  53  4.3338  92.3999
292.171  242.412  1668.3  89.0936  26.39  0.43  38.3  53  4.3338  92.3999
292.22  242.412  1697.43  88.1258  55.516  0.43  38.3  53  4.3338  92.3999
292.269  242.412  1687.01  88.7877  35.694  0.43  38.3  53  4.3338  92.3999
292.317  242.54  1684.3  88.0072  58.57  0.43  39  53  4.3338  92.3999
292.366  242.54  1701.14  88.0323  58.41  0.43  39  53  4.3338  92.3999
292.415  242.54  1673.16  89.0115  28.865  0.43  39  53  4.3338  92.3999
292.464  242.669  1665.01  88.2479  50.908  0.43  39  53  4.3338  92.3999
292.513  242.669  1708.87  88.9515  31.269  0.42  39  53  4.3338  92.3999
292.562  242.669  1703.29  89.9685  0.938  0.42  39  53  4.3338  92.3999
292.611  242.798  1655.79  87.525  71.504  0.44  38.3  53  4.3338  92.3999
292.659  242.798  1723  88.4728  45.92  0.42  38.3  53  4.3338  92.3999
292.708  242.798  1664.61  88.3155  48.932  0.43  38.3  53  4.3338  92.3999
292.757  242.927  1699.85  88.024  58.612  0.43  38.3  53  4.3338  92.3999
292.806  242.927  1703.71  88.8043  35.551  0.42  38.3  53  4.3338  92.3999
292.855  242.927  1675.05  89.1939  23.566  0.43  38.3  53  4.3338  92.3999
292.904  243.056  1697.02  88.1949  53.457  0.43  38.7  53  4.3338  92.3999
292.953  243.056  1670.53  88.8687  32.982  0.43  38.7  53  4.3338  92.3999
293.002  243.056  1680.14  89.3532  18.966  0.43  38.7  53  4.3338  92.3999
293.05  243.184  1715.06  88.7448  37.568  0.42  38.7  53  4.3338  92.3999
293.099  243.184  1641.29  88.9751  29.357  0.44  38.7  53  4.3338  92.3999
293.148  243.184  1635.94  87.554  69.818  0.44  38.7  53  4.3338  92.3999
293.197  243.313  1691.3  88.9711  30.37  0.43  38.3  53  4.3338  92.3999
293.245  243.313  1656.22  89.3503  18.78  0.44  38.3  53  4.3338  92.3999
293.294  243.313  1698.75  88.0321  58.334  0.43  38.3  53  4.3338  92.3999
293.343  243.442  1694.61  90.0206  0.608  0.43  38.3  53  4.3338  92.3999
293.392  243.442  1636.72  88.3289  47.732  0.44  38.3  53  4.3338  92.3999
293.441  243.442  1696.96  88.9505  31.082  0.43  38.3  53  4.3338  92.3999
293.489  243.571  1659.37  89.2173  22.669  0.44  38.3  53  4.3338  92.3999
293.538  243.571  1658.77  88.1972  52.186  0.44  38.2  53  4.3338  92.3999
293.587  243.571  1707.6  88.9448  31.447  0.42  38.2  53  4.3338  92.3999
293.635  243.7  1532.26  90.032  0.856  0.47  38.2  53  4.3338  92.3999
293.684  243.7  1688.29  88.4724  45.009  0.43  38.2  53  4.3338  92.3999
293.733  243.7  1685.39  89.0756  27.189  0.43  38.2  53  4.3338  92.3999
293.782  243.828  1664.82  89.4209  16.827  0.43  38.2  53  4.3338  92.3999
293.831  243.828  1672.6  89.1781  23.991  0.43  38.2  53  4.3338  92.3999
293.88  243.828  1688.99  89.89  3.242  0.43  38.2  53  4.3338  92.3999
293.928  243.957  1630.7  88.4852  43.108  0.44  38.2  53  4.3338  92.3999
293.977  243.957  1631.81  89.4488  15.699  0.44  38.2  53  4.3338  92.3999
294.026  243.957  1651.7  89.125  25.224  0.44  38.2  53  4.3338  92.3999
294.075  244.086  1822.4  88.807  37.942  0.4  38.2  53  4.3338  92.3999
294.123  244.086  1889.58  95.0994  167.952  0.38  37.5  53  4.3338  92.3999
294.172  244.086  1934.43  89.8825  3.967  0.37  37.5  53  4.3338  92.3999
294.221  244.215  1956.41  88.8442  39.461  0.37  37.5  53  4.3338  92.3999
294.27  244.215  1917.84  94.5638  152.601  0.38  37.5  53  4.3338  92.3999
294.318  244.344  1861.38  95.1807  168.077  0.39  37.5  53  4.3338  92.3999
294.367  244.344  1972.81  89.0149  33.916  0.37  37.5  53  4.3338  92.3999
294.416  244.344  1839.17  94.0084  128.563  0.39  38.7  53  4.3338  92.3999
294.465  244.472  1765.12  89.2375  23.489  0.41  38.7  53  4.3338  92.3999
294.514  244.472  1750.46  88.4856  46.262  0.41  38.7  53  4.3338  92.3999
294.562  244.472  1711.56  89.6699  9.86  0.42  38.7  53  4.3338  92.3999
294.611  244.601  1688.98  88.0053  58.788  0.43  38.7  53  4.3338  92.3999
294.66  244.601  1720.27  89.6994  9.026  0.42  38.7  53  4.3338  92.3999
294.709  244.601  1643.35  88.9608  29.805  0.44  38.4  53  4.3338  92.3999
294.758  244.73  1694.45  89.0476  28.164  0.43  38.4  53  4.3338  92.3999
294.806  244.73  1619.6  94.4961  126.963  0.45  38.4  53  4.3338  92.3999
294.855  244.73  1657.65  88.3021  49.116  0.44  38.4  53  4.3338  92.3999
294.904  244.859  1676.44  89.2168  22.914  0.43  38.4  53  4.3338  92.3999
294.953  244.859  1640.01  89.2837  20.503  0.44  38.4  53  4.3338  92.3999
295.001  244.859  1640.43  86.6927  94.64  0.44  39.7  53  4.3338  92.3999
295.05  244.988  1735.6  86.127  117.233  0.42  39.7  53  4.3338  92.3999
295.099  244.988  1884.5  85.873  135.624  0.38  39.7  53  4.3338  92.3999
295.148  244.988  1944.62  83.0659  234.768  0.37  39.7  53  4.3338  92.3999
295.196  245.116  1990.26  81.1566  305.97  0.37  39.7  53  4.3338  92.3999
295.246  245.116  1973.35  81.7099  284.526  0.37  39.7  53  4.3338  92.3999
295.294  245.116  1933.7  76.113  464.103  0.39  38.4  53  4.3338  92.3999
295.343  245.245  1930.21  75.3523  488.102  0.39  38.4  53  4.3338  92.3999
295.392  245.245  1863.82  74.9883  482.757  0.4  38.4  53  4.3338  92.3999
295.441  245.245  1919.29  71.6637  603.796  0.4  38.4  53  4.3338  92.3999
295.489  245.374  2021.62  72.4379  610.004  0.38  38.4  53  4.3338  92.3999
295.538  245.374  1989.19  70.1889  674.176  0.39  38.4  53  4.3338  92.3999
295.587  245.374  2083.09  71.3279  666.904  0.37  39.1  53  4.3338  92.3999
295.635  245.503  2018.5  72.8742  594.388  0.38  39.1  53  4.3338  92.3999
295.684  245.503  2017.42  71.426  642.607  0.38  39.1  53  4.3338  92.3999
295.733  245.503  1696.6  87.0321  87.843  0.43  39.1  53  4.3338  92.3999
295.782  245.632  1461.87  94.0558  103.396  0.5  39.1  53  4.3338  92.3999
295.831  245.632  1608.11  89.4358  15.834  0.45  39.1  53  4.3338  92.3999
295.88  245.632  1642.01  90.0576  1.651  0.44  39.1  53  4.3338  92.3999
295.928  245.761  1788.72  94.3394  135.343  0.41  39.1  53  4.3338  92.3999
295.977  245.761  1967.91  89.9497  1.727  0.37  39.1  53  4.3338  92.3999
296.026  245.761  1884.18  96.5642  215.392  0.39  39.1  53  4.3338  92.3999
296.075  245.889  1933.66  88.151  62.392  0.37  39.1  53  4.3338  92.3999
296.123  245.889  2010.31  89.5542  15.641  0.36  39.1  53  4.3338  92.3999
296.172  245.889  1994.94  90.0347  1.207  0.36  39.1  53  4.3338  92.3999
296.221  246.018  1974.49  88.8907  38.227  0.37  38  53  4.3338  92.3999
296.27  246.018  1921.94  95.0435  168.963  0.38  38  53  4.3338  92.3999
296.318  246.018  1835.18  89.8349  5.289  0.39  38  53  4.3338  92.3999
296.367  246.147  1683.22  89.8931  3.139  0.43  38  53  4.3338  92.3999
296.416  246.147  1611.13  94.8425  136.007  0.45  38  53  4.3338  92.3999
296.465  246.147  1704.02  95.1674  153.473  0.43  38  53  4.3338  92.3999
296.514  246.276  1936.48  89.2605  24.993  0.37  37.8  53  4.3338  92.3999
296.562  246.276  1855.74  95.2373  169.394  0.39  37.8  53  4.3338  92.3999
296.611  246.276  1843.08  95.3408  171.552  0.39  37.8  53  4.3338  92.3999
296.66  246.405  1923.96  95.1273  171.943  0.38  37.8  53  4.3338  92.3999
296.709  246.405  1873.84  94.9844  162.808  0.39  37.8  53  4.3338  92.3999
296.757  246.405  1965.1  88.9072  37.479  0.37  37.8  53  4.3338  92.3999
296.806  246.533  2006.94  89.6876  10.942  0.36  39.1  53  4.3338  92.3999
296.855  246.533  1938.11  89.9368  2.136  0.37  39.1  53  4.3338  92.3999
296.904  246.533  1979.88  88.936  36.765  0.37  39.1  53  4.3338  92.3999
296.952  246.662  1976.71  89.8838  4.01  0.37  39.1  53  4.3338  92.3999
297.001  246.662  1807.11  95.5643  175.221  0.4  39.1  53  4.2938  92.3999
297.051  246.662  1742.35  89.3466  19.868  0.42  39.1  53  4.2938  92.3999
297.099  246.791  1673.79  94.1833  122.099  0.43  38.4  53  4.2938  92.3999
297.148  246.791  1790.48  94.4165  137.88  0.41  38.4  53  4.2938  92.3999
297.197  246.791  1905.68  95.2378  173.969  0.38  38.4  53  4.2938  92.3999
297.246  246.92  1858.71  94.9405  160.074  0.39  38.4  53  4.2938  92.3999
297.294  246.92  1884.98  93.9503  129.859  0.38  38.4  53  4.2938  92.3999
297.343  247.049  1924.71  94.6643  156.514  0.38  38.4  53  4.2938  92.3999
297.392  247.049  1850.91  94.0191  129.729  0.39  38.4  53  4.2938  92.3999
297.441  247.049  1983.34  88.9544  36.192  0.36  38.4  53  4.2938  92.3999
297.49  247.177  1919.34  96.1352  205.128  0.38  38.4  53  4.2938  92.3999
297.538  247.177  1878.8  95.0722  166.105  0.39  38.4  53  4.2938  92.3999
297.587  247.177  1894.36  93.9811  131.522  0.38  38.4  53  4.2438  92.3999
297.636  247.306  1898.62  95.0655  167.638  0.38  38.4  53  4.2438  92.3999
297.685  247.306  1883.66  95.1359  168.623  0.39  39.1  53  4.2438  92.3999
297.733  247.306  2011.44  89.5096  17.215  0.36  39.1  53  4.2438  92.3999
297.782  247.435  1876.53  94.9207  160.961  0.39  39.1  53  4.2438  92.3999
297.831  247.435  2010.34  89.9765  0.826  0.36  39.1  53  4.2438  92.3999
297.88  247.435  1913.22  94.88  162.755  0.38  39.1  53  4.2438  92.3999
297.929  247.564  1944.33  89.9411  1.999  0.37  39.1  53  4.2438  92.3999
297.977  247.564  1921.22  94.904  164.238  0.38  36.7  53  4.2438  92.3999
298.026  247.564  1918.91  96.0418  201.974  0.38  36.7  53  4.2438  92.3999
298.075  247.693  1876.55  95.2267  170.947  0.39  36.7  53  4.2438  92.3999
298.124  247.693  1920.41  95.0528  169.14  0.38  36.7  53  4.2438  92.3999
298.172  247.693  1897.68  96.1602  203.637  0.38  36.7  53  4.2438  92.3999
298.222  247.821  1952.91  89.2044  27.116  0.37  36.7  53  4.2438  92.3999
298.27  247.821  2008.22  89.7962  7.142  0.36  37  53  4.2438  92.3999
298.319  247.821  1873.51  95.2203  170.463  0.39  37  53  4.2438  92.3999
298.368  247.95  1969.41  89.9419  1.996  0.37  37  53  4.2438  92.3999
298.417  247.95  1923.96  94.5249  151.784  0.38  37  53  4.2438  92.3999
298.465  247.95  1871.6  95.444  177.563  0.39  37  53  4.2438  92.3999
298.514  248.079  2022.03  89.9934  0.233  0.36  37  53  4.2438  92.3999
298.563  248.079  1895.63  95.0839  167.981  0.38  37  53  4.2438  92.3999
298.612  248.079  1869.2  94.1047  133.795  0.39  38.3  53  4.2438  92.3999
298.661  248.208  1928.82  95.1461  173.007  0.38  38.3  53  4.2438  92.3999
298.709  248.208  1890  94.8827  160.869  0.38  38.3  53  4.2438  92.3999
298.758  248.208  1883.52  93.9603  130.086  0.39  38.3  53  4.2438  92.3999
298.807  248.337  1994.41  89.6005  13.906  0.36  38.3  53  4.2438  92.3999
298.856  248.337  1870.24  94.867  158.676  0.39  38.3  53  4.2438  92.3999
298.904  248.337  1971.06  88.8724  38.787  0.37  39.2  53  4.2438  92.3999
298.953  248.465  1919.08  94.7957  160.44  0.38  39.2  53  4.2438  92.3999
299.002  248.465  1947.52  89.8128  6.364  0.37  39.2  53  4.2438  92.3999
299.051  248.465  1991.86  89.9393  2.109  0.36  39.2  53  4.2038  92.3999
299.1  248.594  1930.14  96.0755  204.284  0.38  39.2  53  4.2038  92.3999
299.149  248.594  1978.91  90.0243  0.839  0.37  39.2  53  4.2038  92.3999
299.197  248.594  1999.55  89.8998  3.498  0.36  38.6  53  4.2038  92.3999
299.246  248.723  1880.6  95.1297  168.144  0.39  38.6  53  4.2038  92.3999
299.295  248.723  1899.07  88.2979  56.409  0.38  38.6  53  4.2038  92.3999
299.344  248.723  1816.48  89.1248  27.745  0.4  38.6  53  4.2038  92.3999
299.392  248.852  1624.84  95.7117  161.708  0.45  38.6  53  4.2038  92.3999
299.441  248.852  1619.28  87.9259  58.606  0.45  38.6  53  4.2038  92.3999
299.49  248.852  1956.29  86.3408  124.854  0.37  37.9  53  4.2038  92.3999
299.539  248.981  1946.03  83.053  235.376  0.37  37.9  53  4.2038  92.3999
299.587  248.981  1950.28  80.5097  321.562  0.38  37.9  53  4.2038  92.3999
299.636  248.981  2026.38  81.1942  310.209  0.36  37.9  53  4.2038  92.3999
299.685  249.109  1984.63  80.5185  326.927  0.37  37.9  53  4.2038  92.3999
299.734  249.109  2042.05  77.034  458.18  0.36  37.9  53  4.2038  92.3999
299.783  249.109  1985.75  77.8201  418.957  0.37  38  53  4.2038  92.3999
299.831  249.238  1989.35  76.7859  454.745  0.37  38  53  4.2038  92.3999
299.88  249.238  2040.71  78.6746  400.756  0.36  38  53  4.2038  92.3999
299.929  249.238  1992.92  78.9644  381.482  0.37  38  53  4.2038  92.3999
299.978  249.367  2064.11  78.4681  412.644  0.36  38  53  4.2038  92.3999
300.027  249.367  2058.89  79.7282  367.137  0.36  38  53  4.2038  92.3999
300.076  249.367  2028.82  78.7207  396.823  0.36  39.5  53  4.2038  92.3999
300.125  249.496  2070.73  78.3449  418.328  0.36  39.5  53  4.2038  92.3999
300.173  249.496  2044.47  79.9311  357.441  0.36  39.5  53  4.2038  92.3999
300.222  249.496  1991.09  80.4054  331.866  0.37  39.5  53  4.2038  92.3999
300.27  249.625  2080.91  77.9687  433.757  0.36  39.5  53  4.2038  92.3999
300.319  249.625  2105.26  80.458  348.988  0.35  39.5  53  4.2038  92.3999
300.368  249.625  1945.14  77.2212  430.241  0.38  38.2  53  4.2038  92.3999
300.417  249.753  2037.61  79.6946  364.517  0.36  38.2  53  4.2038  92.3999
300.466  249.753  2015.08  78.8368  390.128  0.37  38.2  53  4.2038  92.3999
300.514  249.753  1991.38  77.9064  417.213  0.37  38.2  53  4.2038  92.3999
300.563  249.882  2105.26  80.458  348.988  0.35  38.2  53  4.2038  92.3999
300.613  249.882  2010.67  80.1482  344.025  0.37  38.2  53  4.2038  92.3999
300.661  249.882  2018.48  76.0389  486.986  0.37  38.6  53  4.2038  92.3999
300.71  250.011  1999.64  79.7875  354.533  0.37  38.6  53  4.2038  92.3999
300.759  250.011  1874.11  82.6205  240.712  0.39  38.6  53  4.2038  92.3999
300.808  250.011  1594.15  88.767  34.304  0.45  38.6  53  4.2038  92.3999
300.856  250.14  1549.78  89.6052  10.679  0.47  38.6  53  4.2038  92.3999
300.905  250.14  1509.67  90.0535  1.41  0.48  38.6  53  4.2038  92.3999
300.954  250.269  1756.43  94.609  141.14  0.41  38.6  53  4.2038  92.3999
301.003  250.269  1810.6  94.5484  143.583  0.4  38.2  53  4.2038  92.3999
301.051  250.269  1946.84  89.0888  30.959  0.37  38.2  53  4.2038  92.3999
301.1  250.398  1993.45  89.7965  7.082  0.36  38.2  53  4.2038  92.3999
301.149  250.398  1855.31  94.0136  129.859  0.39  38.2  53  4.2038  92.3999
301.198  250.398  1969.38  88.9965  34.489  0.37  38.2  53  4.2038  92.3999
301.247  250.526  1872.52  96.3006  205.498  0.39  38.2  53  4.2038  92.3999
301.295  250.526  1891.74  89.5512  14.818  0.38  37.7  53  4.2038  92.3999
301.344  250.526  1835.11  94.0613  129.968  0.4  37.7  53  4.2038  92.3999
301.393  250.655  1836.05  95.085  162.735  0.4  37.7  53  4.2038  92.3999
301.442  250.655  1874.5  93.9749  129.94  0.39  37.7  53  4.2038  92.3999
301.491  250.655  1994.57  89.7525  8.617  0.36  37.7  53  4.2038  92.3999
301.54  250.784  1871.81  95.4894  179.06  0.39  37.7  53  4.2038  92.3999
301.588  250.784  1972.37  88.9793  35.135  0.37  39.4  53  4.2038  92.3999
301.637  250.784  1905.72  94.641  154.196  0.38  39.4  53  4.2038  92.3999
301.686  250.913  1815.82  94.4677  141.446  0.4  39.4  53  4.2038  92.3999
301.735  250.913  1862.99  90.0068  0.222  0.39  39.4  53  4.2038  92.3999
301.783  250.913  1695.05  89.5605  13.001  0.43  39.4  53  4.2038  92.3999
301.832  251.042  1612.05  86.167  107.764  0.45  39.4  53  4.2038  92.3999
301.881  251.042  1980.65  82.1935  269.028  0.37  38.7  53  4.2038  92.3999
301.93  251.042  1954.13  81.4052  292.035  0.37  38.7  53  4.2038  92.3999
301.979  251.17  1982.06  81.5386  291.648  0.37  38.7  53  4.2038  92.3999
302.027  251.17  2051.63  81.18  314.58  0.36  38.7  53  4.2038  92.3999
302.076  251.17  1943.04  77.2053  430.302  0.38  38.7  53  4.2038  92.3999
302.125  251.299  1891.53  75.8445  462.581  0.39  38.7  53  4.2038  92.3999
302.174  251.299  1994.68  77.1486  443.663  0.37  39.8  53  4.2038  92.3999
302.222  251.299  1891.53  77.1516  420.624  0.39  39.8  53  4.2038  92.3999
302.271  251.428  1955.62  74.9666  507.253  0.38  39.8  53  4.2038  92.3999
302.32  251.428  2002.8  76.813  456.898  0.37  39.8  53  4.2038  92.3999
302.369  251.428  1942.15  76.6681  447.845  0.38  39.8  53  4.2038  92.3999
302.418  251.557  1933.51  75.1401  495.863  0.39  39.8  53  4.2038  92.3999
302.467  251.557  1878.33  77.141  418.027  0.4  38.3  53  4.2038  92.3999
302.515  251.557  1903.32  75.5091  476.259  0.39  38.3  53  4.2038  92.3999
302.564  251.686  1586.88  89.6086  10.84  0.46  38.3  53  4.2038  92.3999
302.613  251.686  1563.49  89.9576  1.158  0.46  38.3  53  4.2038  92.3999
302.662  251.686  1614.08  89.3957  17.024  0.45  38.3  53  4.2038  92.3999
302.71  251.814  1790.98  89.8454  4.834  0.4  38.3  53  4.2038  92.3999
302.759  251.814  1874.95  88.489  49.439  0.39  37.6  53  4.2038  92.3999
302.808  251.814  1836.68  90.0517  1.657  0.39  37.6  53  4.2038  92.3999
302.857  251.943  1966.07  89.789  7.24  0.37  37.6  53  4.2038  92.3999
302.905  251.943  1941.02  89.1224  29.73  0.37  37.6  53  4.2038  92.3999
302.954  251.943  2050.1  89.9678  1.152  0.35  37.6  53  4.2038  92.3999
303.003  252.072  1857.72  95.0395  163.188  0.39  37.6  53  4.2038  92.3999
303.052  252.072  1948.3  89.0804  31.269  0.37  38  53  4.2038  92.3999
303.1  252.072  1776.88  94.4222  137.006  0.41  38  53  4.2038  92.3999
303.149  252.201  1646.77  94.452  127.828  0.44  38  53  4.2038  92.3999
303.198  252.201  1690.34  88.127  55.248  0.43  38  53  4.2038  92.3999
303.247  252.201  1654.05  87.5712  70.094  0.44  38  53  4.2038  92.3999
303.296  252.33  1898.92  83.2721  222.468  0.38  38  53  4.2038  92.3999
303.345  252.33  1990.27  81.517  293.596  0.37  37.6  53  4.2038  92.3999
303.393  252.33  1934.12  81.5715  283.495  0.38  37.6  53  4.2038  92.3999
303.442  252.458  1969.27  79.1551  370.521  0.37  37.6  53  4.2038  92.3999
303.491  252.458  2014.76  76.6995  463.512  0.37  37.6  53  4.2038  92.3999
303.54  252.458  1908.55  77.1758  423.623  0.39  37.6  53  4.2038  92.3999
303.588  252.587  1836.64  73.4075  524.479  0.41  37.6  53  4.2038  92.3999
303.638  252.587  1790.93  72.6836  533.068  0.42  37.6  53  4.2038  92.3999
303.686  252.587  1792.65  71.8554  558.262  0.42  37.4  53  4.2038  92.3999
303.735  252.716  1924.53  71.5926  607.712  0.4  37.4  53  4.2038  92.3999
303.784  252.716  1978.33  72.4234  597.417  0.38  37.4  53  4.2038  92.3999
303.833  252.716  1942.28  69.3344  685.453  0.4  37.4  53  4.2038  92.3999
303.881  252.845  1977.94  68.0808  738.364  0.39  37.4  53  4.2038  92.3999
303.93  252.845  2054.18  70.8156  675.026  0.37  37.4  53  4.2038  92.3999
303.979  252.845  1974.83  69.2606  699.322  0.39  37.3  53  4.2038  92.3999
304.027  252.974  2024.37  69.2114  718.491  0.38  37.3  53  4.2038  92.3999
304.076  252.974  1984.78  70.4243  665.003  0.39  37.3  53  4.2038  92.3999
304.125  252.974  2013.38  69.8902  692.244  0.38  37.3  53  4.2038  92.3999
304.174  253.102  2096.2  71.263  673.351  0.36  37.3  53  4.2038  92.3999
304.222  253.102  2045.65  73.4704  582.008  0.37  37.3  53  4.2038  92.3999
304.271  253.102  2070.2  71.8729  644.093  0.37  38.1  53  4.2038  92.3999
304.32  253.231  2069.18  72.8089  611.568  0.37  38.1  53  4.2038  92.3999
304.369  253.231  2015.32  73.7238  564.83  0.37  38.1  53  4.2038  92.3999
304.417  253.36  2139.66  76.0829  514.626  0.35  38.1  53  4.2038  92.3999
304.467  253.36  2038.62  77.1246  454.27  0.36  38.1  53  4.2038  92.3999
304.515  253.36  2055.03  75.819  503.453  0.36  38.1  53  4.2038  92.3999
304.564  253.489  2118.75  74.7278  558.09  0.35  39.6  53  4.2038  92.3999
304.613  253.489  2079.4  77.9867  432.803  0.36  39.6  53  4.2038  92.3999
304.662  253.489  2012.95  76.1157  483.032  0.37  39.6  53  4.2038  92.3999
304.71  253.618  2050.37  78.0587  424.24  0.36  39.6  53  4.2038  92.3999
304.759  253.618  2005.93  77.6092  430.43  0.37  39.6  53  4.2038  92.3999
304.808  253.618  2056.03  78.6075  406.126  0.36  39.6  53  4.2038  92.3999
304.857  253.746  2027.38  78.7375  395.955  0.36  38.1  53  4.2038  92.3999
304.906  253.746  2004.96  78.8672  387.125  0.37  38.1  53  4.2038  92.3999
304.955  253.746  2056.49  79.5291  373.737  0.36  38.1  53  4.2038  92.3999
305.003  253.875  1975.41  80.146  338.069  0.37  38.1  53  4.2038  92.3999
305.052  253.875  1965.75  79.5053  358.052  0.37  38.1  53  4.2038  92.3999
305.101  253.875  2078.17  81.8601  294.249  0.35  38.1  53  4.2038  92.3999
305.15  254.004  1932.54  81.7508  277.279  0.38  38.4  53  4.2038  92.3999
305.198  254.004  1978.2  80.6307  322.046  0.37  38.4  53  4.2038  92.3999
305.247  254.004  1966.69  81.3583  295.506  0.37  38.4  53  4.2038  92.3999
305.296  254.133  1905.1  82.6287  244.421  0.38  38.4  53  4.2038  92.3999
305.345  254.133  1917.79  82.0036  266.786  0.38  38.4  53  4.2038  92.3999
305.393  254.133  1925.45  84.1222  197.178  0.38  38.4  53  4.2038  92.3999
305.442  254.262  1765.7  82.7104  224.042  0.41  37.1  53  4.2038  92.3999
305.491  254.262  1823.8  82.8724  226.298  0.4  37.1  53  4.2038  92.3999
305.54  254.262  1771.13  83.919  187.623  0.41  37.1  53  4.2038  92.3999
305.588  254.39  1673.44  81.7377  240.483  0.44  37.1  53  4.2038  92.3999
305.637  254.39  1671.38  83.8233  179.833  0.44  37.1  53  4.2038  92.3999
305.686  254.39  1578.5  86.6492  92.262  0.46  37.1  53  4.2038  92.3999
305.735  254.519  1591.8  84.196  160.971  0.46  39.3  53  4.2038  92.3999
305.784  254.519  1572.95  85.7409  116.819  0.46  39.3  53  4.2038  92.3999
305.833  254.519  1553.23  86.2304  102.117  0.47  39.3  53  4.2038  92.3999
305.881  254.648  1555.18  84.8368  139.954  0.47  39.3  53  4.2038  92.3999
305.93  254.648  1530.39  87.0979  77.483  0.47  39.3  53  4.2038  92.3999
305.979  254.648  1501.54  85.6403  114.143  0.48  39.3  53  4.2038  92.3999
306.028  254.777  1503.51  85.8921  107.704  0.48  39.3  53  4.2038  92.3999
306.077  254.777  1779.97  84.5121  170.228  0.41  38.5  53  4.2038  92.3999
306.126  254.777  1832.92  80.8788  290.562  0.4  38.5  53  4.2038  92.3999
306.175  254.906  1948.17  80.6587  316.216  0.38  38.5  53  4.2038  92.3999
306.224  254.906  1936.41  82.3225  258.698  0.38  38.5  53  4.2038  92.3999
306.273  254.906  1952.88  78.5821  386.599  0.38  38.5  53  4.2038  92.3999
306.321  255.034  2054.7  79.7084  367.086  0.36  38.5  53  4.2038  92.3999
306.37  255.034  1941.09  77.6291  415.859  0.38  38.7  53  4.2038  92.3999
306.419  255.034  1925.13  75.085  495.499  0.39  38.7  53  4.2038  92.3999
306.468  255.163  1895.17  75.7217  467.408  0.39  38.7  53  4.2038  92.3999
306.516  255.163  1898.48  74.3843  511.04  0.4  38.7  53  4.2038  92.3999
306.566  255.163  1959.92  73.8351  545.649  0.38  38.7  53  4.2038  92.3999
306.615  255.292  1958.7  75.0848  504.149  0.38  38.7  53  4.2038  92.3999
306.663  255.292  1915.28  72.1576  586.843  0.4  38  53  4.2038  92.3999
306.712  255.292  1983.48  74.7782  520.775  0.38  38  53  4.2038  92.3999
306.761  255.421  1958.6  74.8742  511.075  0.38  38  53  4.2038  92.3999
306.81  255.421  2031.33  72.4278  613.274  0.37  38  53  4.2038  92.3999
306.858  255.421  1993.62  74.1152  545.663  0.38  38  53  4.2038  92.3999
306.907  255.55  1988.01  75.5823  494.993  0.38  38  53  4.2038  92.3999
306.956  255.55  2035.83  75.0308  525.853  0.37  37.8  53  4.2038  92.3999
307.005  255.55  1999.16  75.1583  512.086  0.37  37.8  53  4.2038  92.3999
307.054  255.679  2046.11  73.4865  581.588  0.37  37.8  53  4.2038  92.3999
307.102  255.679  2042.97  73.5867  577.269  0.37  37.8  53  4.2038  92.3999
307.151  255.679  2085.93  76.9211  472.031  0.36  37.8  53  4.2038  92.3999
307.2  255.807  1988.85  75.7571  489.324  0.38  37.8  53  4.2038  92.3999
307.249  255.807  2039.92  75.8363  499.153  0.37  37.3  53  4.2038  92.3999
307.297  255.807  2073.1  78.363  418.165  0.36  37.3  53  4.2038  92.3999
307.346  255.936  2065.7  77.1307  460.088  0.36  37.3  53  4.2038  92.3999
307.395  255.936  2067.66  76.7497  473.919  0.36  37.3  53  4.2038  92.3999
307.444  255.936  1997.21  77.6989  425.501  0.37  37.3  53  4.2038  92.3999
307.493  256.065  2041.52  78.5512  405.225  0.36  37.3  53  4.2038  92.3999
307.542  256.065  2012.26  78.5604  399.101  0.37  38.2  53  4.2038  92.3999
307.591  256.065  2005.26  77.732  426.089  0.37  38.2  53  4.2038  92.3999
307.639  256.194  2047.69  78.1822  419.367  0.36  38.2  53  4.2038  92.3999
307.688  256.194  2007.66  79.9161  351.521  0.37  38.2  53  4.2038  92.3999
307.737  256.323  1980.44  76.7908  452.546  0.38  38.2  53  4.2038  92.3999
307.786  256.323  2074.64  79.2312  387.64  0.35  38.2  53  4.2038  92.3999
307.834  256.323  2000.47  80.3465  335.457  0.37  37.9  53  4.2038  92.3999
307.883  256.451  1978.08  76.9132  447.89  0.38  37.9  53  4.2038  92.3999
307.932  256.451  1998.25  80.0643  344.783  0.37  37.9  53  4.2038  92.3999
307.981  256.451  2027.29  81.4234  302.331  0.36  37.9  53  4.2038  92.3999
308.029  256.58  2066.55  80.7203  333.239  0.35  37.9  53  4.2038  92.3999
308.079  256.58  2015.54  82.4899  263.432  0.36  37.9  53  4.2038  92.3999
308.127  256.58  1953.99  79.5997  352.742  0.38  38.6  53  4.2038  92.3999
308.176  256.709  1948.9  80.5249  320.824  0.38  38.6  53  4.2038  92.3999
308.225  256.709  1978.93  81.4641  293.729  0.37  38.6  53  4.2038  92.3999
308.273  256.709  1951.72  82.172  265.823  0.37  38.6  53  4.2038  92.3999
308.322  256.838  1925.11  80.663  312.333  0.38  38.6  53  4.2038  92.3999
308.371  256.838  1895.17  82.6862  241.262  0.38  38.6  53  4.2038  92.3999
308.42  256.838  1909.05  81.3501  287.112  0.38  38  53  4.2038  92.3999
308.468  256.967  1866.76  83.5332  210.249  0.39  38  53  4.2038  92.3999
308.517  256.967  1815.65  82.1268  248.709  0.4  38  53  4.2038  92.3999
308.566  256.967  1828.03  82.8677  226.971  0.4  38  53  4.2038  92.3999
308.615  257.095  1821.44  84.1561  185.455  0.4  38  53  4.2038  92.3999
308.664  257.095  1748.77  83.0667  211.1  0.42  38  53  4.2038  92.3999
308.713  257.095  1828.89  84.2725  182.519  0.4  38  53  4.2038  92.3999
308.762  257.224  1729.03  85.2576  142.951  0.42  37.2  53  4.2038  92.3999
308.81  257.224  1658.92  82.7346  209.796  0.44  37.2  53  4.2038  92.3999
308.859  257.224  1645.97  84.8508  147.724  0.44  37.2  53  4.2038  92.3999
308.908  257.353  1622.16  84.0936  166.926  0.45  37.2  53  4.2038  92.3999
308.957  257.353  1578.25  84.6188  148.011  0.46  37.2  53  4.2038  92.3999
309.005  257.353  1604.71  86.3652  101.733  0.45  37.2  53  4.2038  92.3999
309.054  257.482  1558.96  84.8131  140.938  0.47  37.3  53  4.2038  92.3999
309.103  257.482  1521.36  86.4561  94.04  0.48  37.3  53  4.2038  92.3999
309.152  257.482  1530.3  86.0487  105.45  0.47  37.3  53  4.2038  92.3999
309.2  257.611  1569.27  87.4754  69.125  0.46  37.3  53  4.2038  92.3999
309.249  257.611  1565.24  87.4786  68.86  0.46  37.3  53  4.2038  92.3999
309.298  257.611  1538.44  87.8543  57.601  0.47  37.3  53  4.2038  92.3999
309.347  257.739  1558.11  86.8329  86.082  0.47  37.8  53  4.2038  92.3999
309.395  257.739  1594.67  87.2443  76.669  0.45  37.8  53  4.2038  92.3999
309.444  257.739  1608.58  87.1581  79.753  0.45  37.8  53  4.2038  92.3999
309.493  257.868  1606.75  86.087  109.648  0.45  37.8  53  4.2038  92.3999
309.542  257.868  1628.68  88.5001  42.632  0.44  37.8  53  4.2038  92.3999
309.591  257.868  1609.41  87.1364  80.403  0.45  37.8  53  4.2038  92.3999
309.639  257.997  1649.54  86.7954  92.211  0.44  39.3  53  4.2038  92.3999
309.688  257.997  1624.55  88.6245  38.997  0.45  39.3  53  4.2038  92.3999
309.737  257.997  1593.09  86.3733  100.771  0.46  39.3  53  4.2038  92.3999
309.785  258.126  1666.66  88.3998  46.542  0.43  39.3  53  4.2038  92.3999
309.834  258.126  1617.24  88.0363  55.416  0.45  39.3  53  4.2038  92.3999
309.883  258.126  1624.37  86.928  87.051  0.45  39.3  53  4.2038  92.3999
309.932  258.255  1665.37  87.5645  70.768  0.43  39.2  53  4.2038  92.3999
309.981  258.255  1627.93  87.9218  59.035  0.44  39.2  53  4.2038  92.3999
310.029  258.255  1674.44  88.3759  47.456  0.43  39.2  53  4.2038  92.3999
310.078  258.383  1650.28  87.439  73.739  0.44  39.2  53  4.2038  92.3999
310.127  258.383  1620.17  86.027  112.255  0.45  39.2  53  4.2038  92.3999
310.177  258.383  1662.9  87.6492  68.208  0.44  39.2  53  4.2038  92.3999
310.225  258.512  1640.35  87.5509  70.095  0.44  38.2  53  4.2038  92.3999
310.274  258.512  1617.93  86.1128  109.684  0.45  38.2  53  4.2038  92.3999
310.323  258.512  1660.32  87.4237  74.631  0.44  38.2  53  4.2038  92.3999
310.372  258.641  1638.06  88.3507  47.146  0.44  38.2  53  4.2038  92.3999
310.42  258.641  1671.76  86.639  98.01  0.43  38.2  53  4.2038  92.3999
310.469  258.641  1660.67  87.2573  79.465  0.44  38.2  53  4.2038  92.3999
310.518  258.77  1638.39  87.8724  60.826  0.44  36.4  53  4.2038  92.3999
310.567  258.77  1653.21  87.4979  72.173  0.44  36.4  53  4.2038  92.3999
310.615  258.77  1684.78  89.1293  25.601  0.43  36.4  53  4.2038  92.3999
310.664  258.899  1638.43  87.776  63.581  0.44  36.4  53  4.2038  92.3999
310.713  258.899  1703.76  87.329  79.396  0.43  36.4  53  4.2038  92.3999
310.762  258.899  1665.88  89.1908  23.525  0.43  36.4  53  4.2038  92.3999
310.81  259.027  1629.02  86.8559  89.348  0.44  38.8  53  4.2038  92.3999
310.859  259.027  1598.58  89.1053  24.962  0.45  38.8  53  4.2038  92.3999
310.908  259.027  1705.78  84.0219  177.653  0.43  38.8  53  4.2038  92.3999
310.957  259.156  1927.24  82.8088  241.254  0.38  38.8  53  4.2038  92.3999
311.005  259.156  1901.84  80.8793  301.47  0.39  38.8  53  4.2038  92.3999
311.054  259.156  1792.63  84.3618  176.12  0.41  38.8  53  4.2038  92.3999
311.103  259.285  1592.85  89.9172  2.302  0.45  38.8  53  4.2038  92.3999
311.152  259.285  1556.44  89.7958  5.548  0.46  37.7  53  4.2038  92.3999
311.2  259.414  1606.53  89.5994  11.233  0.45  37.7  53  4.2038  92.3999
311.249  259.414  1818  89.7586  7.661  0.4  37.7  53  4.2038  92.3999
311.298  259.414  1820.69  94.0462  128.468  0.4  37.7  53  4.2038  92.3999
311.347  259.543  1856.48  93.9591  128.178  0.39  37.7  53  4.2038  92.3999
311.395  259.543  1993.17  89.9122  3.055  0.36  37.7  53  4.2038  92.3999
311.444  259.543  1939.95  89.9641  1.215  0.37  38.3  53  4.2038  92.3999
311.493  259.671  1981.06  89.8436  5.409  0.37  38.3  53  4.2038  92.3999
311.542  259.671  1984.56  89.729  9.387  0.36  38.3  53  4.2038  92.3999
311.59  259.671  1860.6  95.3249  172.668  0.39  38.3  53  4.2038  92.3999
311.639  259.8  1917.18  88.1814  60.841  0.38  38.3  53  4.2038  92.3999
311.688  259.8  1817.94  89.9953  0.148  0.4  38.3  53  4.2038  92.3999
311.737  259.8  1705.85  89.0045  29.636  0.42  38.1  53  4.2038  92.3999
311.786  259.929  1653.35  89.0674  26.911  0.44  38.1  53  4.2038  92.3999
311.834  259.929  1875.96  85.6934  140.871  0.39  38.1  53  4.2038  92.3999
311.883  259.929  1904.5  83.1419  227.417  0.38  38.1  53  4.2038  92.3999
311.932  260.058  1996.72  82.2272  270.048  0.37  38.1  53  4.2038  92.3999
311.981  260.058  1950.93  82.8654  242.307  0.37  38.1  53  4.2038  92.3999
312.03  260.058  1964.25  82.9652  240.567  0.37  39  53  4.2038  92.3999
312.079  260.187  1974.28  81.4891  292.188  0.37  39  53  4.2038  92.3999
312.127  260.187  1892.62  81.0618  294.054  0.39  39  53  4.2038  92.3999
312.176  260.187  1958.28  81.7155  282.167  0.37  39  53  4.2038  92.3999
312.225  260.316  1879.29  82.2148  254.569  0.39  39  53  4.2038  92.3999
312.274  260.316  1887.26  81.6216  274.992  0.39  39  53  4.2038  92.3999
312.323  260.316  1971.22  81.4176  294.169  0.37  39  53  4.2038  92.3999
312.371  260.444  1927.7  81.8409  273.585  0.38  39  53  4.2038  92.3999
312.42  260.444  1907.35  82.3082  255.286  0.38  39  53  4.2038  92.3999
312.469  260.444  1932.51  82.0163  268.41  0.38  39  53  4.2038  92.3999
312.518  260.573  1910.59  84.173  193.973  0.38  39  53  4.2038  92.3999
312.567  260.573  1914.47  81.997  266.541  0.38  39  53  4.2038  92.3999
312.616  260.573  1944.1  82.8491  242.008  0.38  39  53  4.2038  92.3999
312.665  260.702  1910.36  83.3037  222.76  0.38  39  53  4.2038  92.3999
312.713  260.702  1926.05  81.8389  273.415  0.38  39  53  4.2038  92.3999
312.762  260.702  1927.67  84.0642  199.348  0.38  39  53  4.2038  92.3999
312.811  260.831  1893.99  83.5321  213.352  0.38  39  53  4.2038  92.3999
312.86  260.831  1952.72  83.9266  206.603  0.37  39  53  4.2038  92.3999
312.909  260.831  1850.62  82.7358  234.002  0.39  37.7  53  4.2038  92.3999
312.957  260.96  1849.68  81.6476  268.687  0.4  37.7  53  4.2038  92.3999
313.006  260.96  1882.67  85.8496  136.258  0.39  37.7  53  4.2038  92.3999
313.055  260.96  1849.06  83.8099  199.378  0.39  37.7  53  4.2038  92.3999
313.104  261.088  1866.1  83.8626  199.509  0.39  37.7  53  4.2038  92.3999
313.153  261.088  1838.08  83.6673  202.743  0.4  37.7  53  4.2038  92.3999
313.201  261.088  1820.18  84.0746  187.905  0.4  37.1  53  4.2038  92.3999
313.25  261.217  1794.73  83.1625  213.669  0.41  37.1  53  4.2038  92.3999
313.299  261.217  1807.64  84.2617  180.736  0.4  37.1  53  4.2038  92.3999
313.348  261.217  1754.3  84.6572  163.351  0.41  37.1  53  4.2038  92.3999
313.396  261.346  1699.17  85.7055  127.24  0.43  37.1  53  4.2038  92.3999
313.445  261.346  1628.42  84.8066  147.402  0.45  37.1  53  4.2038  92.3999
313.494  261.346  1637.17  84.2024  165.379  0.44  37.4  53  4.2038  92.3999
313.543  261.475  1617.62  87.1945  79.176  0.45  37.4  53  4.2038  92.3999
313.592  261.475  1535.66  86.0884  104.759  0.47  37.4  53  4.2038  92.3999
313.64  261.475  1534.53  86.1608  102.747  0.47  37.4  53  4.2038  92.3999
313.689  261.604  1569.04  88.317  46.083  0.46  37.4  53  4.2038  92.3999
313.738  261.604  1508.31  87.4429  67.293  0.48  37.4  53  4.2038  92.3999
313.787  261.604  1525.11  87.1451  75.959  0.47  37.4  53  4.2038  92.3999
313.836  261.732  1535.95  86.8943  83.215  0.47  38.5  53  4.2038  92.3999
313.885  261.732  1516.44  86.2753  98.511  0.48  38.5  53  4.2038  92.3999
313.933  261.732  1562.01  87.3668  71.76  0.46  38.5  53  4.2038  92.3999
313.982  261.861  1537.71  87.7843  59.45  0.47  38.5  54  4.2038  92.3999
314.031  261.861  1554.39  86.6816  89.976  0.47  38.5  54  4.2038  92.3999
314.08  261.861  1573.38  88.3443  45.461  0.46  38.5  54  4.2038  92.3999
314.128  261.99  1563.21  87.5712  66.247  0.46  38.5  54  4.2038  92.3999
314.177  261.99  1610.29  86.0218  111.718  0.45  38.5  54  4.2038  92.3999
314.226  261.99  1665.88  89.1908  23.525  0.43  38.5  54  4.2038  92.3999
314.275  262.119  1566.74  87.7113  62.567  0.46  38.5  54  4.2038  92.3999
314.323  262.119  1673.12  87.5364  71.917  0.43  38.5  54  4.2038  92.3999
314.372  262.248  1655.32  89.2613  21.342  0.44  38.5  54  4.2038  92.3999
314.421  262.248  1604.71  88.1643  51.404  0.45  38.1  54  4.2038  92.3999
314.47  262.248  1673.31  87.3527  77.285  0.43  38.1  54  4.2038  92.3999
314.518  262.376  1650.34  88.5646  41.34  0.44  38.1  54  4.2038  92.3999
314.567  262.376  1661.02  87.3854  75.771  0.44  38.1  54  4.2038  92.3999
314.616  262.376  1660.28  89.4187  16.844  0.44  38.1  54  4.2038  92.3999
314.665  262.505  1630.34  89.5206  13.64  0.44  38.1  54  4.2038  92.3999
314.713  262.505  1677.03  87.4728  73.947  0.43  39.2  54  4.2038  92.3999
314.762  262.505  1657.87  87.5084  72.072  0.44  39.2  54  4.2038  92.3999
314.811  262.634  1626.53  87.5975  68.182  0.45  39.2  54  4.2038  92.3999
314.86  262.634  1660.88  88.6024  40.51  0.44  39.2  54  4.2038  92.3999
314.909  262.634  1668.12  88.9666  30.084  0.43  39.2  54  4.2038  92.3999
314.957  262.763  1652.59  88.5655  41.37  0.44  39.2  54  4.2038  92.3999
315.006  262.763  1674.72  87.1762  82.504  0.43  38.7  54  4.2038  92.3999
315.055  262.763  1644.44  89.3965  17.321  0.44  38.7  54  4.2038  92.3999
315.103  262.892  1682.86  88.5108  43.734  0.43  38.7  54  4.2038  92.3999
315.152  262.892  1657.19  87.3508  76.596  0.44  38.7  54  4.2038  92.3999
315.201  262.892  1609.61  87.8276  61.015  0.45  38.7  54  4.2038  92.3999
315.25  263.02  1697.04  88.4102  47.082  0.43  38.7  54  4.2038  92.3999
315.298  263.02  1658.46  89.128  25.239  0.44  37.8  54  4.2038  92.3999
315.347  263.02  1631.03  86.8387  89.948  0.44  37.8  54  4.2038  92.3999
315.396  263.149  1677.29  88.1096  55.33  0.43  37.8  54  4.2038  92.3999
315.445  263.149  1659.02  88.3242  48.517  0.44  37.8  54  4.2038  92.3999
315.493  263.149  1645.89  87.8463  61.854  0.44  37.8  54  4.2038  92.3999
315.542  263.278  1695.46  88.0564  57.504  0.43  37.8  54  4.2038  92.3999
315.591  263.278  1628.84  87.7066  65.18  0.44  38.2  54  4.2038  92.3999
315.64  263.278  1646.19  86.6101  97.341  0.44  38.2  54  4.2038  92.3999
315.688  263.407  1683.55  89.2344  22.496  0.43  38.2  54  4.2038  92.3999
315.737  263.407  1545.39  87.676  62.665  0.47  38.2  54  4.2038  92.3999
315.786  263.407  1891.65  82.1282  259.073  0.39  38.2  54  4.2038  92.3999
315.835  263.536  1947.92  82.9739  238.271  0.37  38.2  54  4.2038  92.3999
315.883  263.536  1927.08  82.2534  259.756  0.38  38.4  54  4.2038  92.3999
315.932  263.536  1915.6  78.6371  377.417  0.39  38.4  54  4.2038  92.3999
315.981  263.664  1932.65  80.0395  334.289  0.38  38.4  54  4.2038  92.3999
316.03  263.664  1926.48  76.7293  442.226  0.39  38.4  54  4.2038  92.3999
316.078  263.664  1912.37  73.5997  539.951  0.39  38.4  54  4.2038  92.3999
316.128  263.793  1845.68  74.3293  498.534  0.41  38.4  54  4.2038  92.3999
316.177  263.793  1867.28  70.3758  627.124  0.41  38.4  54  4.2038  92.3999
316.225  263.793  1868.83  73.2521  538.524  0.4  38  54  4.2038  92.3999
316.274  263.922  1884.64  71.388  601.495  0.41  38  54  4.2038  92.3999
316.323  263.922  1951.79  71.7672  610.671  0.39  38  54  4.2038  92.3999
316.372  263.922  1995.86  69.9602  683.926  0.39  38  54  4.2038  92.3999
316.42  264.051  2027.79  69.589  707.196  0.38  38  54  4.2038  92.3999
316.469  264.051  1950.01  69.0472  697.322  0.4  38  54  4.2038  92.3999
316.518  264.051  1976.42  70.6651  654.37  0.39  38.4  54  4.2038  92.3999
316.567  264.18  1970.83  71.0587  639.73  0.39  38.4  54  4.2038  92.3999
316.615  264.18  2012.57  69.8214  694.229  0.38  38.4  54  4.2038  92.3999
316.664  264.18  1924.54  69.7004  667.679  0.4  38.4  54  4.2038  92.3999
316.713  264.308  1922.23  69.8777  661.295  0.4  38.4  54  4.2038  92.3999
316.762  264.308  2065.8  73.5365  585.458  0.37  38.4  54  4.2038  92.3999
316.811  264.437  1963.46  72.4326  592.625  0.39  38.7  54  4.2038  92.3999
316.86  264.437  2003.41  72.0884  616.149  0.38  38.7  54  4.2038  92.3999
316.908  264.437  2031.9  72.1077  624.258  0.37  38.7  54  4.2038  92.3999
316.957  264.566  2006.83  73.2174  579.454  0.38  38.7  54  4.2038  92.3999
317.006  264.566  2098.43  74.2379  570.026  0.36  38.7  54  4.2038  92.3999
317.055  264.566  2015.03  75.116  517.586  0.37  38.7  54  4.2038  92.3999
317.103  264.695  2021.09  73.5825  571.229  0.37  39.9  54  4.2038  92.3999
317.152  264.695  2108.38  75.6301  523.261  0.35  39.9  54  4.2038  92.3999
317.201  264.695  2080.3  77.0876  464.867  0.36  39.9  54  4.2038  92.3999
317.25  264.824  2016.4  75.0959  518.62  0.37  39.9  54  4.2038  92.3999
317.299  264.824  2098.32  78.1138  432.187  0.35  39.9  54  4.2038  92.3999
317.347  264.824  2018.06  77.7309  428.846  0.37  39.9  54  4.2038  92.3999
317.396  264.952  2056.82  76.1086  493.806  0.36  38.9  54  4.2038  92.3999
317.445  264.952  2054.92  76.9363  464.482  0.36  38.9  54  4.2038  92.3999
317.494  264.952  2033.44  77.6753  434.041  0.36  38.9  54  4.2038  92.3999
317.542  265.081  2064.42  78.1652  423.391  0.36  38.9  54  4.2038  92.3999
317.591  265.081  2022.24  78.4415  405.194  0.37  38.9  54  4.2038  92.3999
317.64  265.081  2020.35  79.0641  383.281  0.36  38.9  54  4.2038  92.3999
317.689  265.21  2028.2  78.4599  405.747  0.36  37.7  54  4.2038  92.3999
317.737  265.21  2039.61  81.9665  285.038  0.36  37.7  54  4.2038  92.3999
317.786  265.21  2024.92  78.6328  399.104  0.36  37.7  54  4.2038  92.3999
317.835  265.339  2027.38  81.3365  305.387  0.36  37.7  54  4.2038  92.3999
317.884  265.339  2010.85  81.5871  294.198  0.36  37.7  54  4.2038  92.3999
317.932  265.339  2056.43  79.4393  376.896  0.36  37.7  54  4.2038  92.3999
317.981  265.468  1971.88  81.4525  293.079  0.37  37.5  54  4.2038  92.3999
318.03  265.468  1954.09  80.5323  321.429  0.38  37.5  54  4.2038  92.3999
318.079  265.468  1957.2  80.4333  325.279  0.37  37.5  54  4.2038  92.3999
318.127  265.597  1982.26  81.6397  288.217  0.37  37.5  54  4.2038  92.3999
318.176  265.597  1937.79  82.3089  259.338  0.38  37.5  54  4.2038  92.3999
318.225  265.597  1968.94  82.7592  248.165  0.37  37.5  54  4.2038  92.3999
318.274  265.725  1909.71  82.0854  262.961  0.38  38.1  54  4.2038  92.3999
318.323  265.725  1894.68  78.9382  363.529  0.39  38.1  54  4.2038  92.3999
318.371  265.725  1904.48  80.8502  302.844  0.38  38.1  54  4.2038  92.3999
318.42  265.854  1852.67  82.9472  227.478  0.39  38.1  54  4.2038  92.3999
318.469  265.854  1934.41  82.3018  259.125  0.38  38.1  54  4.2038  92.3999
318.518  265.854  1885.09  82.195  255.999  0.39  38.1  54  4.2038  92.3999
318.567  265.983  1847.23  82.1027  253.807  0.4  37.1  54  4.2038  92.3999
318.615  265.983  1910.8  82.4145  252.237  0.38  37.1  54  4.2038  92.3999
318.664  265.983  1799.84  83.2222  212.416  0.4  37.1  54  4.2038  92.3999
318.713  266.112  1840.31  80.7152  296.921  0.4  37.1  54  4.2038  92.3999
318.762  266.112  1880.76  82.2992  252.024  0.39  37.1  54  4.2038  92.3999
318.811  266.112  1866  81.5501  274.198  0.39  37.1  54  4.2038  92.3999
318.86  266.241  1866.6  81.8397  264.952  0.39  37.1  54  4.2038  92.3999
318.908  266.241  1923.21  81.9486  269.366  0.38  38.6  54  4.2038  92.3999
318.957  266.241  1876.79  83.6895  206.289  0.39  38.6  54  4.2038  92.3999
319.006  266.369  1890.63  81.1239  291.723  0.39  38.6  54  4.2038  92.3999
319.055  266.369  1874.69  82.4774  245.431  0.39  38.6  54  4.2038  92.3999
319.104  266.369  1912.74  82.435  251.813  0.38  38.6  54  4.2038  92.3999
319.152  266.498  1967.32  82.8557  244.673  0.37  38.6  54  4.2038  92.3999
319.201  266.498  1924.22  83.0964  231.288  0.38  38  54  4.2038  92.3999
319.25  266.627  1899.79  81.0236  296.42  0.39  38  54  4.2038  92.3999
319.299  266.627  1950.28  80.5097  321.562  0.38  38  54  4.2038  92.3999
319.347  266.627  1884.75  81.2281  287.426  0.39  38  54  4.2038  92.3999
319.396  266.756  1903.36  81.4725  282.236  0.38  38  54  4.2038  92.3999
319.445  266.756  1911.82  81.7618  273.941  0.38  38  54  4.2038  92.3999
319.494  266.756  1884.89  80.3199  316.939  0.39  37.6  54  4.2038  92.3999
319.542  266.885  1875.69  77.0272  421.07  0.4  37.6  54  4.2038  92.3999
319.591  266.885  1824.98  74.5199  487.094  0.41  37.6  54  4.2038  92.3999
319.64  266.885  1826.41  73.6337  514.642  0.41  37.6  54  4.2038  92.3999
319.689  267.013  1828.25  72.5317  548.801  0.41  37.6  54  4.2038  92.3999
319.737  267.013  1748.27  73.6796  491.279  0.43  37.6  54  4.2038  92.3999
319.786  267.013  1846.29  71.9789  571.181  0.41  39.1  54  4.2038  92.3999
319.835  267.142  1885.63  69.7012  654.154  0.41  39.1  54  4.2038  92.3999
319.884  267.142  1758.35  71.3828  561.344  0.43  39.1  54  4.2038  92.3999
319.932  267.142  1821.78  69.4181  640.439  0.42  39.1  54  4.2038  92.3999
319.981  267.271  1867.45  69.8331  643.814  0.41  39.1  54  4.2038  92.3999
320.03  267.271  2005.97  68.0969  748.303  0.39  39.1  54  4.2038  92.3999
320.079  267.271  2009.42  67.1479  780.365  0.39  38.4  54  4.2038  92.3999
320.127  267.4  2092.68  69.8878  719.588  0.37  38.4  54  4.2038  92.3999
320.176  267.4  2008.81  67.232  777.408  0.39  38.4  54  4.2038  92.3999
320.225  267.4  2107.34  69.7084  730.823  0.37  38.4  54  4.2038  92.3999
320.274  267.529  2072.53  67.6527  788.014  0.38  38.4  54  4.2038  92.3999
320.322  267.529  2028.16  66.7771  799.721  0.39  38.4  54  4.2038  92.3999
320.371  267.529  2141.58  68.4411  786.94  0.36  37.3  54  4.2038  92.3999
320.42  267.657  1972.18  68.7641  714.34  0.39  37.3  54  4.2038  92.3999
320.469  267.657  2063.26  69.0105  739.054  0.38  37.3  54  4.2038  92.3999
320.517  267.657  2012.66  70.4822  672.429  0.38  37.3  54  4.2038  92.3999
320.566  267.786  1895.12  69.1556  674.34  0.41  37.3  54  4.2038  92.3999
320.616  267.786  1950.05  70.2867  657.777  0.39  37.3  54  4.2038  92.3999
320.664  267.786  1914.93  70.6988  632.951  0.4  38.7  54  4.2038  92.3999
320.713  267.915  1825.3  69.7766  630.974  0.42  38.7  54  4.2038  92.3999
320.762  267.915  1920.66  71.0185  624.722  0.4  38.7  54  4.2038  92.3999
320.811  267.915  1840.76  72.2034  562.606  0.41  38.7  54  4.2038  92.3999
320.859  268.044  1827.42  69.8319  630.049  0.42  38.7  54  4.2038  92.3999
320.908  268.044  1845.67  70.8669  604.944  0.41  38.7  54  4.2038  92.3999
320.957  268.044  1786.09  70.8515  585.869  0.43  36.6  54  4.2038  92.3999
321.006  268.173  1737.05  68.5283  635.833  0.45  36.6  54  4.2038  92.3999
321.054  268.173  1838.21  70.6041  610.46  0.42  36.6  54  4.2038  92.3999
321.103  268.173  1741.98  71.4503  554.172  0.44  36.6  54  4.2038  92.3999
321.152  268.301  1762.99  69.9061  605.691  0.44  36.6  54  4.2038  92.3999
321.201  268.301  1737.98  72.6183  519.198  0.44  36.6  54  4.2038  92.3999
321.25  268.301  1783.77  72.1705  546.164  0.43  36.6  54  4.2038  92.3999
321.299  268.43  1817.36  70.4592  607.868  0.42  37  54  4.2038  92.3999
321.347  268.43  1789.03  70.5532  595.624  0.43  37  54  4.2038  92.3999
321.396  268.43  1859.86  70.7035  614.605  0.41  37  54  4.2038  92.3999
321.445  268.559  1852.86  71.974  573.366  0.41  37  54  4.2038  92.3999
321.494  268.559  1818.13  71.3731  580.719  0.42  37  54  4.2038  92.3999
321.542  268.559  1768.97  68.8213  639.092  0.44  37  54  4.2038  92.3999
321.591  268.688  1947.43  71.7462  609.99  0.39  38.1  54  4.2038  92.3999
321.64  268.688  1836.61  70.9051  600.817  0.42  38.1  54  4.2038  92.3999
321.689  268.688  1858.05  69.0038  665.75  0.42  38.1  54  4.2038  92.3999
321.737  268.817  1847.08  70.6171  613.009  0.42  38.1  54  4.2038  92.3999
321.786  268.817  1862.05  70.6591  616.69  0.41  38.1  54  4.2038  92.3999
321.835  268.945  1816.19  67.3316  699.955  0.43  38.1  54  4.2038  92.3999
321.884  268.945  1793.52  70.2116  607.189  0.43  38.2  54  4.2038  92.3999
321.932  268.945  1890.38  68.6696  687.616  0.41  38.2  54  4.2038  92.3999
321.981  269.074  1849.37  68.8297  667.884  0.42  38.2  54  4.2038  92.3999
322.03  269.074  1888.62  69.6388  657.122  0.41  38.2  54  4.2038  92.3999
322.079  269.074  1819.35  67.1891  705.344  0.43  38.2  54  4.2038  92.3999
322.128  269.203  1931.41  70.6303  640.576  0.4  38.2  54  4.2038  92.3999
322.177  269.203  1790.68  68.2629  663.176  0.43  39  54  4.2038  92.3999
322.225  269.203  1863.17  67.7737  704.775  0.42  39  54  4.2038  92.3999
322.274  269.332  1958.08  69.4809  686.344  0.39  39  54  4.2038  92.3999
322.323  269.332  1896.71  69.3341  669.383  0.41  39  54  4.2038  92.3999
322.372  269.332  1951.6  70.3253  657.064  0.39  39  54  4.2038  92.3999
322.421  269.461  1858.67  71.6942  583.787  0.41  39  54  4.2038  92.3999
322.469  269.461  1877.64  69.7737  649.152  0.41  38.7  54  4.2038  92.3999
322.518  269.461  1889.42  71.2466  607.441  0.4  38.7  54  4.2038  92.3999
322.567  269.589  1776.27  69.0568  634.914  0.44  38.7  54  4.2038  92.3999
322.616  269.589  1894.58  69.5581  661.695  0.41  38.7  54  4.2038  92.3999
322.665  269.589  1860.99  69.8944  639.717  0.41  38.7  54  4.2038  92.3999
322.713  269.718  1767.03  68.813  638.628  0.44  38.7  54  4.2038  92.3999
322.762  269.718  1915.27  71.0219  622.861  0.4  37.6  54  4.2038  92.3999
322.811  269.718  1839.41  71.8492  573.012  0.41  37.6  54  4.2038  92.3999
322.86  269.847  1879.62  70.4208  629.877  0.41  37.6  54  4.2038  92.3999
322.908  269.847  1857.61  68.4956  680.951  0.42  37.6  54  4.2038  92.3999
322.957  269.847  1848.24  71.9891  571.473  0.41  37.6  54  4.2038  92.3999
323.006  269.976  1789.94  68.2005  664.713  0.44  37.6  54  4.2038  92.3999
323.055  269.976  1927.2  71.9402  597.45  0.39  38.2  54  4.2038  92.3999
323.104  269.976  1820.64  71.1074  589.515  0.42  38.2  54  4.2038  92.3999
323.152  270.105  1885.57  72.8622  555.622  0.4  38.2  54  4.2038  92.3999
323.201  270.105  1910.4  72.175  584.796  0.4  38.2  54  4.2038  92.3999
323.25  270.105  1887.03  72.7889  558.358  0.4  38.2  54  4.2038  92.3999
323.299  270.234  1926.46  71.2796  618.297  0.4  38.2  54  4.2038  92.3999
323.347  270.234  1950.36  73.485  554.422  0.39  38.6  54  4.2038  92.3999
323.396  270.234  1932.48  73.1635  559.727  0.39  38.6  54  4.2038  92.3999
323.445  270.362  2033.11  75.2897  516.27  0.37  38.6  54  4.2038  92.3999
323.493  270.362  1988.32  76.022  480.276  0.37  38.6  54  4.2038  92.3999
323.542  270.362  1949.04  72.3846  589.829  0.39  38.6  54  4.2038  92.3999
323.591  270.491  1981.5  74.4967  529.646  0.38  38.6  54  4.2038  92.3999
323.64  270.491  1966.72  76.0269  474.896  0.38  38.6  54  4.2038  92.3999
323.689  270.491  2037  73.3786  582.678  0.37  36.8  54  4.2038  92.3999
323.737  270.62  2068.54  75.2902  525.251  0.36  36.8  54  4.2038  92.3999
323.786  270.62  1949.92  75.9239  474.24  0.38  36.8  54  4.2038  92.3999
323.835  270.62  2127.88  77.7653  450.935  0.35  36.8  54  4.2038  92.3999
323.884  270.749  2052.04  77.2787  451.876  0.36  36.8  54  4.2038  92.3999
323.932  270.749  2071.15  76.6567  477.989  0.36  36.8  54  4.2038  92.3999
323.981  270.749  2090.76  77.9695  435.783  0.35  38.2  54  4.2038  92.3999
324.03  270.878  2054.73  79.798  363.932  0.36  38.2  54  4.2038  92.3999
324.079  270.878  2050.71  78.307  415.611  0.36  38.2  54  4.2038  92.3999
324.128  271.006  2060.94  78.0231  427.681  0.36  38.2  54  4.2038  92.3999
324.176  271.006  2041.23  78.3047  413.772  0.36  38.2  54  4.2038  92.3999
324.225  271.006  2061.71  77.2031  456.658  0.36  38.2  54  4.2038  92.3999
324.274  271.135  2058.79  78.4847  410.995  0.36  37.4  54  4.2038  92.3999
324.322  271.135  1988.04  78.3696  400.783  0.37  37.4  54  4.2038  92.3999
324.371  271.135  2048.87  75.8817  499.772  0.36  37.4  54  4.2038  92.3999
324.42  271.264  1996.26  76.9914  449.352  0.37  37.4  54  4.2038  92.3999
324.469  271.264  1965.93  75.7839  482.794  0.38  37.4  54  4.2038  92.3999
324.518  271.264  2005.51  75.6125  498.324  0.37  37.4  54  4.2038  92.3999
324.567  271.393  1932.53  76.556  449.303  0.38  37.9  54  4.2038  92.3999
324.615  271.393  2034.77  74.7769  534.285  0.37  37.9  54  4.2038  92.3999
324.664  271.393  2010.56  77.8005  424.866  0.37  37.9  54  4.2038  92.3999
324.713  271.522  1942.03  77.3069  426.719  0.38  37.9  54  4.2038  92.3999
324.762  271.522  1995.12  76.3617  470.435  0.37  37.9  54  4.2038  92.3999
324.81  271.522  2077.05  79.5981  375.016  0.35  37.9  54  4.2038  92.3999
324.86  271.65  1987.2  76.6994  457.175  0.37  37.7  54  4.2038  92.3999
324.908  271.65  2045.66  77.4056  446.051  0.36  37.7  54  4.2038  92.3999
324.957  271.65  1976.75  77.8896  414.715  0.37  37.7  54  4.2038  92.3999
325.006  271.779  1976.57  76.7071  454.471  0.38  37.7  54  4.2038  92.3999
325.055  271.779  2096.8  78.9399  402.249  0.35  37.7  54  4.2038  92.3999
325.103  271.779  1983.26  77.9402  414.37  0.37  37.7  54  4.2038  92.3999
325.152  271.908  2059.56  78.2018  421.11  0.36  38.3  54  4.2038  92.3999
325.201  271.908  2063.44  79.5876  372.929  0.36  38.3  54  4.2038  92.3999
325.25  271.908  1957.49  79.1652  367.964  0.38  38.3  54  4.2038  92.3999
325.298  272.037  1988.57  78.9286  381.87  0.37  38.3  54  4.2038  92.3999
325.347  272.037  2033.71  82.3206  271.765  0.36  38.3  54  4.2038  92.3999
325.396  272.037  1948.08  78.4463  390.174  0.38  38.3  54  4.2038  92.3999
325.445  272.166  1984.99  80.3631  332.297  0.37  38.6  54  4.2038  92.3999
325.494  272.166  1966.63  81.984  274.244  0.37  38.6  54  4.2038  92.3999
325.542  272.166  1963.12  80.4752  324.847  0.37  38.6  54  4.2038  92.3999
325.591  272.294  1994.32  80.1312  341.812  0.37  38.6  54  4.2038  92.3999
325.64  272.294  1955.58  81.9293  274.552  0.37  38.6  54  4.2038  92.3999
325.689  272.294  1915.23  78.7678  373.059  0.39  38.6  54  4.2038  92.3999
325.737  272.423  1917.32  80.9352  302.076  0.38  38.3  54  4.2038  92.3999
325.786  272.423  1925.79  81.2123  294.209  0.38  38.3  54  4.2038  92.3999
325.835  272.423  1945.02  80.8405  309.613  0.38  38.3  54  4.2038  92.3999
325.884  272.552  1939.39  79.8775  340.856  0.38  38.3  54  4.2038  92.3999
325.932  272.552  1903.16  80.8648  302.156  0.39  38.3  54  4.2038  92.3999
325.981  272.552  1961.04  80.4558  325.155  0.37  38.3  54  4.2038  92.3999
326.03  272.681  1923.64  80.9264  303.362  0.38  39  54  4.2038  92.3999
326.079  272.681  1914.64  81.3934  286.526  0.38  39  54  4.2038  92.3999
326.128  272.681  1933.19  80.6566  313.857  0.38  39  54  4.2038  92.3999
326.176  272.81  1870.88  80.3205  314.563  0.39  39  54  4.2038  92.3999
326.225  272.81  1884.2  81.114  291.052  0.39  39  54  4.2038  92.3999
326.274  272.81  1915.59  81.014  299.201  0.38  39  54  4.2038  92.3999
326.323  272.938  1896.84  82.5128  247.166  0.38  39  54  4.2038  92.3999
326.371  272.938  1867.06  80.5259  307.32  0.39  38.7  54  4.2038  92.3999
326.42  272.938  1905.13  81.8309  270.711  0.38  38.7  54  4.2038  92.3999
326.469  273.067  1882.23  81.1756  288.746  0.39  38.7  54  4.2038  92.3999
326.518  273.067  1929.4  81.8452  273.68  0.38  38.7  54  4.2038  92.3999
326.567  273.196  1882.51  83.4839  213.631  0.39  38.7  54  4.2038  92.3999
326.615  273.196  1934.84  79.5694  350.291  0.38  38.7  54  4.2038  92.3999
326.664  273.196  1938.63  80.5965  316.745  0.38  37.8  54  4.2038  92.3999
326.713  273.325  1840.56  81.5519  270.402  0.4  37.8  54  4.2038  92.3999
326.762  273.325  1942.17  81.9192  273.011  0.38  37.8  54  4.2038  92.3999
326.81  273.325  1957.93  82.9831  239.187  0.37  37.8  54  4.2038  92.3999
326.86  273.454  1933.88  83.0063  235.47  0.38  37.8  54  4.2038  92.3999
326.908  273.454  1928.78  79.5988  348.222  0.38  37.8  54  4.2038  92.3999
326.957  273.454  1966.2  80.7178  317.142  0.37  38.3  54  4.2038  92.3999
327.006  273.582  1909.03  77.1258  425.354  0.39  38.3  54  4.2038  92.3999
327.055  273.582  1923.88  74.2974  520.689  0.39  38.3  54  4.2038  92.3999
327.103  273.582  1846.81  74.3103  499.43  0.41  38.3  54  4.2038  92.3999
327.152  273.711  1893.07  73.7847  528.635  0.4  38.3  54  4.2038  92.3999
327.201  273.711  1887.66  73.6442  531.567  0.4  38.3  54  4.2038  92.3999
327.25  273.711  1798.79  72.8061  531.731  0.42  38.9  54  4.2038  92.3999
327.299  273.84  1886.21  71.1346  609.899  0.41  38.9  54  4.2038  92.3999
327.347  273.84  1823.95  72.0066  563.432  0.42  38.9  54  4.2038  92.3999
327.396  273.84  1806.71  73.1129  524.825  0.42  38.9  54  4.2038  92.3999
327.445  273.969  1845.86  72.2696  562.136  0.41  38.9  54  4.2038  92.3999
327.494  273.969  1820.31  73.8303  506.924  0.41  38.9  54  4.2038  92.3999
327.542  273.969  1813.48  71.5601  573.62  0.42  38.3  54  4.2038  92.3999
327.591  274.098  1918.5  72.2719  584.182  0.4  38.3  54  4.2038  92.3999
327.64  274.098  1860.53  71.9456  576.615  0.41  38.3  54  4.2038  92.3999
327.689  274.098  1774.56  70.7193  585.953  0.43  38.3  54  4.2038  92.3999
327.737  274.226  1811.38  71.6018  571.704  0.42  38.3  54  4.2038  92.3999
327.786  274.226  1830.16  72.7265  543.436  0.41  38.3  54  4.2038  92.3999
327.835  274.226  1934.68  68.2533  716.805  0.4  37.8  54  4.2038  92.3999
327.884  274.355  1870.03  71.3033  599.452  0.41  37.8  54  4.2038  92.3999
327.932  274.355  1839.62  70.8924  602.187  0.42  37.8  54  4.2038  92.3999
327.981  274.355  1839.12  69.287  650.475  0.42  37.8  54  4.2038  92.3999
328.03  274.484  1876.08  70.0546  639.978  0.41  37.8  54  4.2038  92.3999
328.079  274.484  1897.63  66.0804  769.401  0.42  37.8  54  4.2038  92.3999
328.128  274.484  1897.23  66.2095  765.333  0.42  38.6  54  4.2038  92.3999
328.176  274.613  1871.01  70.0615  638.036  0.41  38.6  54  4.2038  92.3999
328.225  274.613  1838.65  68.6038  670.768  0.42  38.6  54  4.2038  92.3999
328.274  274.613  1962.61  68.8245  708.945  0.4  38.6  54  4.2038  92.3999
328.323  274.742  1976.3  68.91  711.14  0.39  38.6  54  4.2038  92.3999
328.372  274.742  1982.96  68.1491  738.042  0.39  38.6  54  4.2038  92.3999
328.421  274.742  1927.04  71.8707  599.621  0.4  39.4  54  4.2038  92.3999
328.469  274.871  1959.99  71.21  631.315  0.39  39.4  54  4.2038  92.3999
328.518  274.871  1918.26  67.5354  732.991  0.41  39.4  54  4.2038  92.3999
328.567  274.871  2035.54  69.3729  717.087  0.38  39.4  54  4.2038  92.3999
328.616  274.999  2008.36  67.9558  753.779  0.39  39.4  54  4.2038  92.3999
328.665  274.999  1986.19  68.1758  738.386  0.39  39.4  54  4.2038  92.3999
328.713  274.999  1907.6  68.7688  690.804  0.41  39.4  54  4.2038  92.3999
328.762  275.128  1965.29  69.464  689.414  0.39  37.6  54  4.2038  92.3999
328.811  275.128  2010.03  70.0562  685.619  0.38  37.6  54  4.2038  92.3999
328.86  275.128  1928.21  68.0522  720.692  0.4  37.6  54  4.2038  92.3999
328.909  275.257  1962.07  69.8657  675.39  0.39  37.6  54  4.2038  92.3999
328.958  275.257  1938.34  70.1853  657.054  0.4  37.6  54  4.2038  92.3999
329.006  275.386  1899.1  67.3137  732.457  0.41  37.6  54  4.2038  92.3999
329.055  275.386  1917.02  68.299  708.844  0.41  39.6  54  4.2038  92.3999
329.104  275.386  1980.58  70.4805  661.768  0.39  39.6  54  4.2038  92.3999
329.153  275.515  1930.76  68.2069  716.806  0.4  39.6  54  4.2038  92.3999
329.201  275.515  1892.53  68.5843  691.022  0.41  39.6  54  4.2038  92.3999
329.25  275.515  1947.7  71.6911  611.852  0.39  39.6  54  4.2038  92.3999
329.299  275.643  1863.11  68.2701  689.779  0.42  39.6  54  4.2038  92.3999
329.348  275.643  1932.1  70.1715  655.378  0.4  38.8  54  4.2038  92.3999
329.397  275.643  1893.33  71.1973  610.241  0.4  38.8  54  4.2038  92.3999
329.445  275.772  1952.56  69.9194  670.396  0.39  38.8  54  4.2038  92.3999
329.494  275.772  1849.24  71.6593  581.896  0.41  38.8  54  4.2038  92.3999
329.543  275.772  1938.06  70.4762  647.694  0.4  38.8  54  4.2038  92.3999
329.592  275.901  1917.31  68.5394  701.471  0.41  38.8  54  4.2038  92.3999
329.641  275.901  1921.4  70.5441  639.984  0.4  37.3  54  4.2038  92.3999
329.69  275.901  1871.67  70.3527  629.31  0.41  37.3  54  4.2038  92.3999
329.738  276.03  1907.42  72.1321  585.241  0.4  37.3  54  4.2038  92.3999
329.787  276.03  1897.68  71.1626  612.73  0.4  37.3  54  4.2038  92.3999
329.836  276.03  1952.5  70.1087  664.31  0.39  37.3  54  4.2038  92.3999
329.885  276.159  1995.02  70.6276  661.76  0.38  37.3  54  4.2038  92.3999
329.934  276.159  1866.61  73.1054  542.46  0.41  37.8  54  4.2038  92.3999
329.982  276.159  1887.85  69.3892  664.559  0.41  37.8  54  4.2038  92.3999
330.031  276.287  1800.57  71.5589  569.573  0.42  37.8  54  4.2038  92.3999
330.08  276.287  1878.3  70.1115  638.98  0.41  37.8  54  4.2038  92.3999
330.129  276.287  1936.79  70.2889  653.237  0.4  37.8  54  4.2038  92.3999
330.178  276.416  1922.72  73.3298  551.557  0.39  37.8  54  4.2038  92.3999
330.227  276.416  1784  70.66  590.814  0.43  37.2  54  4.2038  92.3999
330.275  276.416  1904.24  72.3356  577.825  0.4  37.2  54  4.2038  92.3999
330.324  276.545  1877.53  70.2293  635.087  0.41  37.2  54  4.2038  92.3999
330.373  276.545  1880.35  69.0634  671.913  0.41  37.2  54  4.2038  92.3999
330.422  276.545  1923.52  71.6843  604.471  0.4  37.2  54  4.2038  92.3999
330.47  276.674  1870.03  71.3033  599.452  0.41  37.2  54  4.1938  92.3999
330.519  276.674  1889.65  71.1928  609.194  0.4  37.6  54  4.1938  92.3999
330.568  276.674  1983.24  73.6021  559.881  0.38  37.6  54  4.1938  92.3999
330.617  276.803  2017.9  71.5746  637.797  0.38  37.6  54  4.1938  92.3999
330.665  276.803  1939.49  71.6646  610.122  0.39  37.6  54  4.1938  92.3999
330.714  276.803  1902.65  73.1737  550.764  0.4  37.6  54  4.1938  92.3999
330.763  276.931  1942.16  73.7166  544.561  0.39  37.6  54  4.1938  92.3999
330.812  276.931  2027.54  75.2256  517.048  0.37  39.8  54  4.1938  92.3999
330.86  276.931  2034.04  75.469  510.348  0.37  39.8  54  4.1938  92.3999
330.909  277.06  2007.45  74.4125  539.421  0.37  39.8  54  4.1938  92.3999
330.958  277.06  1985.76  75.7082  490.203  0.38  39.8  54  4.1938  92.3999
331.007  277.06  1929.72  75.0603  497.486  0.39  39.8  54  4.1938  92.3999
331.056  277.189  2095.95  75.5522  522.935  0.36  39.8  54  4.1938  92.3999
331.105  277.189  2054.1  75.7838  504.448  0.36  38.2  54  4.1938  92.3999
331.153  277.318  2066.01  75.9355  502.07  0.36  38.2  54  4.1938  92.3999
331.202  277.318  2094.08  76.6955  481.903  0.35  38.2  54  4.1938  92.3999
331.251  277.318  2060.83  78.2537  419.539  0.36  38.2  54  4.1938  92.3999
331.3  277.447  2068.31  77.0034  465.149  0.36  38.2  54  4.1738  92.3999
331.349  277.447  2122.25  77.5455  457.692  0.35  38.2  54  4.1738  92.3999
331.398  277.447  2004.16  78.8327  388.156  0.37  38.2  54  4.1738  92.3999
331.446  277.575  2009.74  77.5399  433.62  0.37  38.4  54  4.1738  92.3999
331.495  277.575  2065.7  76.7497  473.471  0.36  38.4  54  4.1738  92.3999
331.544  277.575  2032.75  78.4956  405.416  0.36  38.4  54  4.1738  92.3999
331.593  277.704  2113.64  77.528  456.467  0.35  38.4  54  4.1738  92.3999
331.641  277.704  2042.6  81.0964  316.138  0.36  38.4  54  4.1738  92.3999
331.69  277.704  1961.73  77.0429  439.864  0.38  38.4  54  4.1738  92.3999
331.739  277.833  2029.42  78.3557  409.609  0.36  38.7  54  4.1038  92.3999
331.788  277.833  2014.03  80.933  317.389  0.36  38.7  54  4.1038  92.3999
331.836  277.833  1989.6  80.5931  325.19  0.37  38.7  54  4.1038  92.3999
331.885  277.962  2035.61  79.5144  370.457  0.36  38.7  54  4.1038  92.3999
331.934  277.962  1961.72  80.4906  324.097  0.37  38.7  54  4.1038  92.3999
331.983  277.962  1982.14  80.3943  330.754  0.37  38.7  54  4.1038  92.3999
332.032  278.091  1991.82  81.417  297.263  0.37  37.6  54  4.1038  92.3999
332.081  278.091  1921.28  78.6703  377.444  0.38  37.6  54  4.1038  92.3999
332.13  278.091  1946.48  80.6578  315.972  0.38  37.6  54  4.1038  92.3999
332.178  278.219  1947.91  81.4285  290.325  0.38  37.6  54  4.0138  92.3999
332.227  278.219  1929.98  81.0031  301.813  0.38  37.6  54  4.0138  92.3999
332.276  278.219  1991.4  80.5079  328.405  0.37  37.6  54  4.0138  92.3999
332.325  278.348  1936.92  79.672  347.255  0.38  38.2  54  4.0138  92.3999
332.374  278.348  1900.13  77.7355  403.635  0.39  38.2  54  4.0138  92.3999
332.422  278.348  1996.09  80.2182  339.128  0.37  38.2  54  4.0138  92.3999
332.471  278.477  1907.76  80.8547  303.215  0.38  38.2  54  4.0138  92.3999
332.52  278.477  1945.79  79.6956  348.058  0.38  38.2  54  4.0038  92.3999
332.569  278.477  1974.41  81.9484  276.546  0.37  38.2  54  4.0038  92.3999
332.617  278.606  1880.38  81.7551  269.654  0.39  36.2  54  4.0038  92.3999
332.666  278.606  1952.55  80.8844  309.335  0.38  36.2  54  4.0038  92.3999
332.715  278.606  1954.18  81.6746  282.955  0.37  36.2  54  4.0038  92.3999
332.764  278.735  1928.63  81.0177  301.115  0.38  36.2  54  4.0038  92.3999
332.812  278.735  1989.07  81.6357  289.344  0.37  36.2  54  4.0038  92.3999
332.862  278.735  1861.01  81.5253  274.263  0.39  36.2  54  4.0038  92.3999
332.91  278.863  1913.26  81.0612  297.281  0.38  37.6  54  4.0038  92.3999
332.959  278.863  1936.62  80.4936  319.847  0.38  37.6  54  4.0038  92.3999
333.008  278.863  1881.32  81.4647  279.222  0.39  37.6  54  4.0038  92.3999
333.057  278.992  1899.23  81.334  286.166  0.39  37.6  54  4.0038  92.3999
333.106  278.992  1903.82  83.2863  222.572  0.38  37.6  54  4.0038  92.3999
333.154  278.992  1848.32  80.6623  299.896  0.4  37.6  54  4.0038  92.3999
333.203  279.121  1932.22  82.0004  268.9  0.38  37.3  54  4.0038  92.3999
333.252  279.121  1901.01  83.5839  212.434  0.38  37.3  54  4.0038  92.3999
333.301  279.121  1873.31  81.5323  275.849  0.39  37.3  54  4.0038  92.3999
333.349  279.25  1898  82.58  245.111  0.38  37.3  54  4.0038  92.3999
333.398  279.25  1851.92  83.9911  193.865  0.39  37.3  54  3.8538  92.3999
333.447  279.25  1889.87  81.594  276.274  0.39  37.3  54  3.8538  92.3999
333.495  279.379  1909.88  82.3625  253.833  0.38  39.2  54  3.8538  92.3999
333.544  279.379  1857.77  82.8973  229.711  0.39  39.2  54  3.8538  92.3999
333.593  279.507  1918.4  82.0375  265.744  0.38  39.2  54  3.8538  92.3999
333.642  279.507  1916.85  83.2226  226.212  0.38  39.2  54  3.8538  92.3999
333.69  279.507  1887.58  82.6041  242.977  0.39  39.2  54  3.8538  92.3999
333.74  279.636  1836.19  81.6383  267.023  0.4  39.2  54  3.8538  92.3999
333.788  279.636  1842.09  82.841  229.567  0.4  39.2  54  3.8538  92.3999
333.837  279.636  1844.55  82.033  255.659  0.4  38.2  54  3.8538  92.3999
333.886  279.765  1896.38  82.22  256.711  0.39  38.2  54  3.8538  92.3999
333.935  279.765  1857.3  83.8673  198.419  0.39  38.2  54  3.8538  92.3999
333.983  279.765  1853.77  82.5715  239.671  0.39  38.2  54  3.8538  92.3999
334.033  279.894  1835.02  82.8532  228.297  0.4  38.2  54  3.8538  92.3999
334.082  279.894  1762.99  83.3865  203.046  0.41  38.2  54  3.8538  92.3999
334.13  279.894  1769.88  83.6611  195.412  0.41  39.2  54  3.8538  92.3999
334.179  280.023  1818.93  84.3615  178.713  0.4  39.2  54  3.8538  92.3999
334.228  280.023  1722.53  83.125  206.192  0.42  39.2  54  3.8538  92.3999
334.277  280.023  1770.58  84.5097  169.405  0.41  39.2  54  3.8538  92.3999
334.326  280.152  1727.51  83.8783  184.222  0.42  39.2  54  3.8538  92.3999
334.374  280.152  1780.63  82.4603  233.642  0.41  39.2  54  3.8538  92.3999
334.423  280.152  1775.86  83.4391  202.907  0.41  38.4  54  3.8538  92.3999
334.472  280.28  1737.13  82.9895  212.02  0.42  38.4  54  3.8538  92.3999
334.521  280.28  1887.88  82.2664  254.047  0.39  38.4  54  3.8538  92.3999
334.569  280.28  1946.41  83.1694  231.496  0.37  38.4  54  3.8538  92.3999
334.618  280.409  1897.37  81.2332  289.185  0.39  38.4  54  3.8538  92.3999
334.667  280.409  1959.87  80.8281  312.397  0.37  38.4  54  3.8538  92.3999
334.715  280.409  1932.8  79.5511  350.528  0.38  39.3  54  3.8538  92.3999
334.764  280.538  1877.92  77.4017  409.602  0.39  39.3  54  3.8538  92.3999
334.813  280.538  1886.18  76.1676  450.952  0.39  39.3  54  3.8538  92.3999
334.861  280.538  1822.01  76.9987  409.904  0.41  39.3  54  3.8538  92.3999
334.91  280.667  1812.92  75.8794  442.287  0.41  39.3  54  3.8538  92.3999
334.959  280.667  1893.37  73.2152  546.764  0.4  39.3  54  3.8538  92.3999
335.008  280.667  1889.29  74.4879  505.274  0.4  37.2  54  3.8538  92.3999
335.056  280.796  1875.72  73.1307  544.314  0.4  37.2  54  3.8538  92.3999
335.105  280.796  1856.45  72.9119  545.502  0.41  37.2  54  3.8538  92.3999
335.154  280.796  1853.21  76.6085  429.21  0.4  37.2  54  3.8538  92.3999
335.203  280.924  1879.35  72.7591  557.019  0.4  37.2  54  3.8538  92.3999
335.252  280.924  1808.71  73.4975  513.779  0.42  37.2  54  3.8538  92.3999
335.301  280.924  1769.85  72.4628  533.299  0.43  37.8  54  3.8538  92.3999
335.35  281.053  1823.18  71.199  587.58  0.42  37.8  54  3.8538  92.3999
335.399  281.053  1810.31  74.181  493.491  0.42  37.8  54  3.8538  92.3999
335.447  281.053  1738.8  71.7855  543.507  0.44  37.8  54  3.8538  92.3999
335.497  281.182  1836.53  73.5907  518.814  0.41  37.8  54  3.8538  92.3999
335.545  281.182  1825.68  73.6674  513.405  0.41  37.8  54  3.8538  92.3999
335.594  281.182  1869.57  71.5324  592.219  0.41  38.2  54  3.8538  92.3999
335.643  281.311  1839.84  73.2807  529.29  0.41  38.2  54  3.8538  92.3999
335.692  281.311  1815.16  73.8759  504.106  0.41  38.2  54  3.8538  92.3999
335.74  281.311  1850.64  73.5707  523.423  0.41  38.2  54  3.8538  92.3999
335.789  281.44  1845.87  72.8255  545.054  0.41  38.2  54  3.8538  92.3999
335.838  281.44  1896.96  72.2007  579.87  0.4  38.2  54  3.8538  92.3999
335.887  281.44  1928.08  73.0687  561.504  0.39  37  54  3.8538  92.3999
335.936  281.568  1855.43  74.459  497.122  0.4  37  54  3.8538  92.3999
335.985  281.568  1853.23  74.6294  491.22  0.4  37  54  3.8538  92.3999
336.034  281.697  1907.6  74.6047  506.425  0.39  37  54  3.8538  92.3999
336.082  281.697  1945.02  75.3832  490.832  0.38  37  54  3.8538  92.3999
336.131  281.697  1896.45  72.4988  570.312  0.4  37  54  3.8538  92.3999
336.18  281.826  1874.47  73.9141  519.374  0.4  37.3  54  3.8538  92.3999
336.229  281.826  1818.45  73.571  514.309  0.41  37.3  54  3.8538  92.3999
336.277  281.826  1857.72  71.7825  580.771  0.41  37.3  54  3.8538  92.3999
336.326  281.955  1919.79  75.6239  476.656  0.39  37.3  54  3.8538  92.3999
336.375  281.955  1866.85  73.2406  538.312  0.4  37.3  54  3.8538  92.3999
336.423  281.955  1851.7  72.8585  545.758  0.41  37.3  54  3.8538  92.3999
336.472  282.084  1825.6  75.7665  448.867  0.41  37.3  54  3.8538  92.3999
336.521  282.084  1869.04  72.9439  548.202  0.4  38.4  54  3.8538  92.3999
336.57  282.084  1938.12  71.1086  627.516  0.39  38.4  54  3.8538  92.3999
336.618  282.212  1930.53  74.2154  525.144  0.39  38.4  54  3.8538  92.3999
336.667  282.212  1919.18  73.1995  554.72  0.39  38.4  54  3.8538  92.3999
336.716  282.212  1923.91  75.2409  490.125  0.39  38.4  54  3.8538  92.3999
336.765  282.341  1867.55  74.0974  511.715  0.4  38.4  54  3.8538  92.3999
336.814  282.341  1976.91  74.8086  518.036  0.38  37.9  54  3.8538  92.3999
336.863  282.341  1959.97  75.1338  502.857  0.38  37.9  54  3.8538  92.3999
336.911  282.47  1848.35  72.9192  542.9  0.41  37.9  54  3.8538  92.3999
336.96  282.47  1970.11  76.2324  468.855  0.38  37.9  54  3.8538  92.3999
337.009  282.47  1925.29  77.0334  432.002  0.39  37.9  54  3.8538  92.3999
337.058  282.599  1989.67  74.7318  523.956  0.38  37.9  54  3.8538  92.3999
337.107  282.599  1961.27  75.1143  503.834  0.38  38.8  54  3.8538  92.3999
337.155  282.599  1923.94  75.4469  483.443  0.39  38.8  54  3.8538  92.3999
337.204  282.728  1973.61  76.2289  469.804  0.38  38.8  54  3.8538  92.3999
337.253  282.728  1987.14  76.7701  454.774  0.37  38.8  54  3.8538  92.3999
337.302  282.728  1947.52  75.1362  499.584  0.38  38.8  54  3.8538  92.3999
337.351  282.856  1989.49  74.447  533.439  0.38  38.8  54  3.8538  92.3999
337.4  282.856  1950.03  75.0268  503.823  0.38  37.5  54  3.8538  92.3999
337.448  282.856  1922.62  76.4297  451.12  0.39  37.5  54  3.8538  92.3999
337.497  282.985  1974.07  74.5639  525.425  0.38  37.5  54  3.8538  92.3999
337.546  282.985  1973.57  74.4764  528.196  0.38  37.5  54  3.8538  92.3999
337.595  282.985  1995.39  74.5264  532.358  0.38  37.5  54  3.8538  92.3999
337.644  283.114  1990.06  76.0902  478.398  0.37  37.5  54  3.8538  92.3999
337.692  283.114  1883.54  74.9871  487.906  0.4  38.5  54  3.8538  92.3999
337.741  283.114  1908.35  73.3848  545.678  0.4  38.5  54  3.8538  92.3999
337.79  283.243  1855.06  72.6108  554.407  0.41  38.5  54  3.8538  92.3999
337.839  283.243  1926.68  74.1369  526.638  0.39  38.5  54  3.8538  92.3999
337.888  283.243  1905.75  73.0945  554.18  0.4  38.5  54  3.8538  92.3999
337.937  283.372  1807.52  73.6968  507.406  0.42  38.5  54  3.8538  92.3999
337.985  283.372  1822.39  73.4768  518.294  0.41  38.9  54  3.8538  92.3999
338.034  283.372  1929.3  73.0478  562.534  0.39  38.9  54  3.8538  92.3999
338.083  283.5  1872.19  74.0195  515.433  0.4  38.9  54  3.8538  92.3999
338.132  283.5  1868.48  72.8603  550.646  0.41  38.9  54  3.8538  92.3999
338.181  283.5  1880.84  73.643  529.683  0.4  38.9  54  3.8538  92.3999
338.23  283.629  1895.27  73.9333  524.526  0.4  38.9  54  3.8538  92.3999
338.278  283.629  1911.24  73.1675  553.447  0.4  37.2  54  3.8538  92.3999
338.327  283.629  1911.09  73.0971  555.651  0.4  37.2  54  3.8538  92.3999
338.376  283.758  1820.49  72.4222  549.787  0.42  37.2  54  3.8538  92.3999
338.425  283.758  1811.76  72.5166  544.306  0.42  37.2  54  3.8538  92.3999
338.473  283.887  1781.08  73.3813  509.392  0.42  37.2  54  3.8538  92.3999
338.522  283.887  1778.93  73.3563  509.521  0.42  37.2  54  3.8538  92.3999
338.571  283.887  1864.09  71.9514  577.539  0.41  37.6  54  3.8538  92.3999
338.62  284.016  1868.64  72.9293  548.544  0.4  37.6  54  3.8538  92.3999
338.668  284.016  1760.52  71.0623  571.36  0.43  37.6  54  3.8538  92.3999
338.717  284.016  1838.56  73.4189  524.673  0.41  37.6  54  3.8538  92.3999
338.766  284.144  1811.6  71.5506  573.313  0.42  37.6  54  3.8538  92.3999
338.815  284.144  1907.85  69.1003  680.593  0.41  37.6  54  3.8538  92.3999
338.864  284.144  1993.41  70.4463  667.176  0.39  38.8  54  3.8538  92.3999
338.912  284.273  1835.13  71.0315  596.505  0.42  38.8  54  3.8538  92.3999
338.961  284.273  1889.35  69.5189  661.081  0.41  38.8  54  3.8538  92.3999
339.01  284.273  1866.73  69.7693  645.519  0.41  38.8  54  3.8538  92.3999
339.059  284.402  1879.55  67.5802  716.839  0.42  38.8  54  3.8538  92.3999
339.108  284.402  1919.43  67.7965  725.347  0.41  38.8  54  3.8538  92.3999
339.156  284.402  1913.56  68.5883  698.576  0.41  38.8  54  3.8538  92.3999
339.205  284.531  1954.81  70.2138  661.725  0.39  38.3  54  3.8538  92.3999
339.254  284.531  1890.07  69.3986  665.045  0.41  38.3  54  3.8538  92.3999
339.303  284.531  1764.05  80.9938  276.148  0.42  38.3  54  3.8538  92.3999
339.351  284.66  1592.71  89.991  0.249  0.45  38.3  54  3.8538  92.3999
339.401  284.66  1556.86  89.734  7.228  0.46  38.3  54  3.8538  92.3999
339.449  284.66  1579.39  94.0777  112.308  0.46  38.3  54  3.8538  92.3999
339.498  284.789  1881.41  89.2848  23.485  0.38  37.2  54  3.8538  92.3999
339.547  284.789  1952.1  89.9951  0.168  0.37  37.2  54  3.8538  92.3999
339.596  284.789  1948.72  89.1156  30.08  0.37  37.2  54  3.8538  92.3999
339.644  284.917  1993.72  89.6806  11.115  0.36  37.2  54  3.8538  92.3999
339.693  284.917  1877.34  95.0813  166.273  0.39  37.2  54  3.8538  92.3999
339.742  284.917  1979.88  88.936  36.765  0.37  37.2  54  3.8538  92.3999
339.791  285.046  1916.32  94.5735  152.803  0.38  38  54  3.8538  92.3999
339.84  285.046  1805.55  95.5289  173.962  0.4  38  54  3.8538  92.3999
339.888  285.046  1678.82  90.0605  1.772  0.43  38  54  3.8538  92.3999
339.937  285.175  1660.65  95.1948  150.358  0.44  38  54  3.8538  92.3999
339.986  285.175  1683.81  89.9534  1.369  0.43  38  54  3.8538  92.3999
340.035  285.175  1549.96  86.644  90.733  0.47  38  54  3.8538  92.3999
340.084  285.304  1746.12  87.8897  64.297  0.41  37.8  54  3.8538  92.3999
340.132  285.304  1927.67  84.0642  199.348  0.38  37.8  54  3.8538  92.3999
340.181  285.304  2009.88  82.1851  273.288  0.36  37.8  54  3.8538  92.3999
340.23  285.433  1934.95  82.9749  236.651  0.38  37.8  54  3.8538  92.3999
340.279  285.433  1927.27  80.1848  328.543  0.38  37.8  54  3.8538  92.3999
340.327  285.433  1895.88  80.1516  324.274  0.39  37.8  54  3.8538  92.3999
340.376  285.561  1901.32  81.1905  291.186  0.39  39.5  54  3.8538  92.3999
340.425  285.561  1955.71  78.4812  390.536  0.38  39.5  54  3.8538  92.3999
340.474  285.561  1850.89  79.9158  324.081  0.4  39.5  54  3.8538  92.3999
340.522  285.69  1666.14  76.1744  398.153  0.45  39.5  54  3.8538  92.3999
340.571  285.69  1735.08  75.2961  440.404  0.43  39.5  54  3.8538  92.3999
340.62  285.69  1721.29  75.2416  438.489  0.43  39.5  54  3.8538  92.3999
340.669  285.819  1783.3  74.3869  479.955  0.42  38.9  54  3.8538  92.3999
340.717  285.819  1908.35  73.3848  545.678  0.4  38.9  54  3.8538  92.3999
340.766  285.819  1836.38  74.5971  487.751  0.41  38.9  54  3.8538  92.3999
340.815  285.948  1848.7  73.5589  523.237  0.41  38.9  54  3.8538  92.3999
340.864  285.948  1846.7  72.8567  544.337  0.41  38.9  54  3.8538  92.3999
340.913  286.077  1746.6  72.4932  525.41  0.43  38.9  54  3.8538  92.3999
340.962  286.077  1757.55  71.2378  565.3  0.43  38.7  54  3.8538  92.3999
341.01  286.077  1855.43  71.3948  591.966  0.41  38.7  54  3.8538  92.3999
341.059  286.205  1798.08  70.3344  605.106  0.43  38.7  54  3.8538  92.3999
341.108  286.205  1825.3  71.1563  589.55  0.42  38.7  54  3.8538  92.3999
341.156  286.205  1842.65  71.9068  572.261  0.41  38.7  54  3.8538  92.3999
341.206  286.334  1730.63  71.6415  545.083  0.44  38.7  54  3.8538  92.3999
341.254  286.334  1897.59  70.9119  620.552  0.4  37.9  54  3.8538  92.3999
341.303  286.334  1886.7  71.1515  609.528  0.41  37.9  54  3.8538  92.3999
341.352  286.463  1808.23  69.9464  620.04  0.43  37.9  54  3.8538  92.3999
341.401  286.463  1866.37  72.97  546.607  0.41  37.9  54  3.8538  92.3999
341.449  286.463  1771.2  70.8837  580.047  0.43  37.9  54  3.8538  92.3999
341.498  286.592  1940.69  70.2442  655.979  0.4  37.9  54  3.8538  92.3999
341.547  286.592  1929.14  69.7204  668.643  0.4  37.9  54  3.8538  92.3999
341.596  286.592  1874.39  70.4812  626.265  0.41  38.3  54  3.8538  92.3999
341.644  286.721  1894.43  71.0501  615.2  0.4  38.3  54  3.8538  92.3999
341.693  286.721  1851.64  72.1137  568.694  0.41  38.3  54  3.8538  92.3999
341.742  286.721  1908.91  68.5219  698.939  0.41  38.3  54  3.8538  92.3999
341.791  286.849  1959.49  71.3215  627.539  0.39  38.3  54  3.8538  92.3999
341.84  286.849  1875.37  69.9906  641.703  0.41  38.3  54  3.8538  92.3999
341.888  286.849  1810.91  70.2383  612.285  0.42  38  54  3.8538  92.3999
341.937  286.978  1825.3  72.2384  556.82  0.42  38  54  3.8538  92.3999
341.986  286.978  1905.9  70.8258  625.977  0.4  38  54  3.8538  92.3999
342.035  286.978  1903.99  69.0052  682.169  0.41  38  54  3.8538  92.3999
342.083  287.107  1925.37  70.9278  629.132  0.4  38  54  3.8538  92.3999
342.132  287.107  1876.85  71.8543  584.514  0.41  38  54  3.8538  92.3999
342.181  287.107  1818.08  71.6097  573.582  0.42  38.2  54  3.8538  92.3999
342.23  287.236  1862.58  70.4967  621.844  0.41  38.2  54  3.8538  92.3999
342.278  287.236  1868.67  70.6469  619.256  0.41  38.2  54  3.8538  92.3999
342.327  287.236  1860.42  71.6347  586.17  0.41  38.2  54  3.8538  92.3999
342.376  287.365  1814.07  73.8949  503.224  0.42  38.2  54  3.8538  92.3999
342.425  287.365  1829.36  72.2076  558.996  0.42  38.2  54  3.8538  92.3999
342.474  287.365  1898.02  70.8034  624.09  0.4  38.6  54  3.8538  92.3999
342.522  287.493  1852.37  70.2148  627.019  0.42  38.6  54  3.8538  92.3999
342.571  287.493  1864.44  70.3021  628.429  0.41  38.6  54  3.8538  92.3999
342.62  287.493  1863.42  73.3008  535.448  0.41  38.6  54  3.8538  92.3999
342.669  287.622  1757.19  69.7488  608.229  0.44  38.6  54  3.8538  92.3999
342.717  287.622  1880.35  69.0634  671.913  0.41  38.6  54  3.8538  92.3999
342.766  287.622  1928.76  71.7397  604.349  0.39  38.4  54  3.8538  92.3999
342.815  287.751  1830.17  69.904  628.836  0.42  38.4  54  3.8538  92.3999
342.864  287.751  1874.69  71.6536  590.08  0.41  38.4  54  3.8538  92.3999
342.912  287.751  1824.22  72.2589  555.87  0.42  38.4  54  3.8538  92.3999
342.961  287.88  1844.71  68.3981  679.142  0.42  38.4  54  3.8538  92.3999
343.01  287.88  1910.75  70.198  647.305  0.4  38.4  54  3.8538  92.3999
343.059  287.88  1827.21  71.1655  589.888  0.42  38.3  54  3.8538  92.3999
343.108  288.009  1910.08  70.8444  626.763  0.4  38.3  54  3.8538  92.3999
343.156  288.009  1830.76  72.3206  555.984  0.41  38.3  54  3.8538  92.3999
343.205  288.137  1870.68  71.6337  589.435  0.41  38.3  54  3.8538  92.3999
343.254  288.137  1922.81  73.1371  557.772  0.39  38.3  54  3.8538  92.3999
343.303  288.137  1835.19  73.227  529.601  0.41  38.3  54  3.8538  92.3999
343.351  288.266  1834.2  72.3271  556.833  0.41  36.3  54  3.8538  92.3999
343.4  288.266  1889.56  73.5869  533.914  0.4  36.3  54  3.8538  92.3999
343.449  288.266  1850.61  70.7407  610.412  0.41  36.3  54  3.8538  92.3999
343.498  288.395  1930.61  70.1815  654.558  0.4  36.3  54  3.8538  92.3999
343.547  288.395  1828.09  72.1603  560.045  0.42  36.3  54  3.8538  92.3999
343.596  288.395  1834.31  73.6297  516.991  0.41  36.3  54  3.8538  92.3999
343.644  288.524  1833.5  72.057  564.847  0.41  37.9  54  3.8538  92.3999
343.693  288.524  1951.71  72.4135  589.701  0.39  37.9  54  3.8538  92.3999
343.742  288.524  1876.29  71.2789  602.215  0.41  37.9  54  3.8538  92.3999
343.791  288.653  1838.95  70.9284  600.876  0.42  37.9  54  3.8538  92.3999
343.84  288.653  1728.96  72.8383  510.162  0.44  37.9  54  3.8538  92.3999
343.889  288.653  1741.78  71.4996  552.685  0.44  37.9  54  3.8538  92.3999
343.937  288.781  1811.16  71.5343  573.661  0.42  37.9  54  3.8538  92.3999
343.986  288.781  1888.47  71.5853  596.555  0.4  37.7  54  3.8538  92.3999
344.035  288.781  1875.38  70.2656  633.241  0.41  37.7  54  3.8538  92.3999
344.084  288.91  1801.83  71.4871  572.113  0.42  37.7  54  3.8538  92.3999
344.132  288.91  1718.7  70.6813  568.584  0.45  37.7  54  3.8538  92.3999
344.181  288.91  1826.4  68.9161  657.022  0.42  37.7  54  3.8538  92.3999
344.23  289.039  1933.53  70.5136  644.994  0.4  37.7  54  3.8538  92.3999
344.279  289.039  1877.35  71.7483  587.97  0.41  38.7  54  3.8538  92.3999
344.328  289.039  1801.38  71.5891  568.93  0.42  38.7  54  3.8538  92.3999
344.377  289.168  1777.51  72.1087  546.07  0.43  38.7  54  3.8538  92.3999
344.425  289.168  1759.76  69.6046  613.272  0.44  38.7  54  3.8538  92.3999
344.474  289.168  1889.3  69.5638  659.677  0.41  38.7  54  3.8538  92.3999
344.523  289.297  1816.65  71.1409  587.217  0.42  38.7  54  3.8538  92.3999
344.571  289.297  1793.39  70.4268  600.804  0.43  39.1  54  3.8538  92.3999
344.62  289.297  1824.01  72.4941  548.668  0.42  39.1  54  3.8538  92.3999
344.669  289.426  1760.95  69.4225  618.928  0.44  39.1  54  3.8538  92.3999
344.718  289.426  1929.13  70.05  658.219  0.4  39.1  54  3.8538  92.3999
344.767  289.426  1849.86  71.7426  579.536  0.41  39.1  54  3.8538  92.3999
344.816  289.554  1782.71  71.1339  576.452  0.43  39.1  54  3.8538  92.3999
344.865  289.554  1802.41  71.6865  566.346  0.42  38.5  54  3.8538  92.3999
344.913  289.554  1781.06  72.2445  543.143  0.43  38.5  54  3.8538  92.3999
344.962  289.683  1830.77  69.3843  644.609  0.42  38.5  54  3.8538  92.3999
345.011  289.683  1932.61  72.0659  595.094  0.39  38.5  54  3.8538  92.3999
345.06  289.683  1805.82  72.6531  538.414  0.42  38.5  54  3.8538  92.3999
345.108  289.812  1812.06  73.0147  529.351  0.42  38.5  54  3.8538  92.3999
345.157  289.812  1854.5  71.6052  585.213  0.41  39.3  54  3.8538  92.3999
345.206  289.812  1854.95  70.6524  614.542  0.41  39.3  54  3.8538  92.3999
345.255  289.941  1953.57  71.122  632.086  0.39  39.3  54  3.8538  92.3999
345.303  289.941  1828.81  73.0442  533.341  0.41  39.3  54  3.8538  92.3999
345.352  289.941  1770.57  72.3141  537.898  0.43  39.3  54  3.8538  92.3999
345.401  290.07  1853.54  71.8149  578.468  0.41  39.3  54  3.8538  92.3999
345.45  290.07  1998.46  74.4311  536.382  0.38  39.2  54  3.8538  92.3999
345.498  290.07  1872.04  71.4361  595.986  0.41  39.2  54  3.8538  92.3999
345.547  290.198  1982.97  73.1871  573.57  0.38  39.2  54  3.8538  92.3999
345.596  290.198  1855.67  74.2756  502.907  0.41  39.2  54  3.8538  92.3999
345.645  290.327  1883.84  72.6088  563.07  0.4  39.2  54  3.8538  92.3999
345.694  290.327  1931.49  73.3243  554.251  0.39  39.2  54  3.8538  92.3999
345.743  290.327  1859.66  71.9143  577.313  0.41  39  54  3.8538  92.3999
345.791  290.456  1790.47  71.7145  561.764  0.43  39  54  3.8538  92.3999
345.84  290.456  1737.01  74.2888  470.361  0.43  39  54  3.8538  92.3999
345.889  290.456  1797.5  70.6846  594.557  0.43  39  54  3.8538  92.3999
345.938  290.585  1958.83  70.0737  667.591  0.39  39  54  3.8538  92.3999
345.987  290.585  1874.66  69.9266  643.427  0.41  39  54  3.8538  92.3999
346.036  290.585  1776.15  68.8812  639.953  0.44  37.5  54  3.8538  92.3999
346.084  290.714  1850.26  70.9688  603.338  0.41  37.5  54  3.8538  92.3999
346.133  290.714  1747.97  71.6213  551.127  0.44  37.5  54  3.8538  92.3999
346.182  290.714  1793.83  68.1262  668.316  0.43  37.5  54  3.8538  92.3999
346.231  290.842  1961.44  71.3875  626.025  0.39  37.5  54  3.8538  92.3999
346.279  290.842  1807.55  70.1928  612.5  0.43  37.5  54  3.8538  92.3999
346.328  290.842  1844.73  70.7139  609.286  0.42  36.7  54  3.8538  92.3999
346.377  290.971  1823.11  72.7653  540.162  0.42  36.7  54  3.8538  92.3999
346.426  290.971  1795.6  67.9536  673.993  0.43  36.7  54  3.8538  92.3999
346.474  290.971  1916.14  69.0714  684.453  0.4  36.7  54  3.8538  92.3999
346.523  291.1  1866.59  70.3123  628.841  0.41  36.7  54  3.8538  92.3999
346.572  291.1  1815  70.1703  615.694  0.42  36.7  54  3.8538  92.3999
346.621  291.1  1845.54  72.1348  566.17  0.41  36.7  54  3.8538  92.3999
346.67  291.229  1882.61  71.3783  601.151  0.41  37.5  54  3.8538  92.3999
346.718  291.229  1861.53  70.4082  624.201  0.41  37.5  54  3.8538  92.3999
346.767  291.229  1832.86  72.0942  563.517  0.41  37.5  54  3.8538  92.3999
346.816  291.358  1838.31  72.2963  559.019  0.41  37.5  54  3.8538  92.3999
346.865  291.358  1909.57  72.3359  579.431  0.4  37.5  54  3.8538  92.3999
346.914  291.358  1887.33  71.607  595.514  0.4  37.5  54  3.8538  92.3999
346.962  291.486  1858.19  70.4648  621.351  0.41  38.1  54  3.8538  92.3999
347.011  291.486  1867.23  71.8182  582.639  0.41  38.1  54  3.8538  92.3999
347.06  291.486  1777.08  71.7988  555.08  0.43  38.1  54  3.8538  92.3999
347.109  291.615  1858.73  71.3301  595.009  0.41  38.1  54  3.8538  92.3999
347.158  291.615  1918.51  71.8265  598.373  0.4  38.1  54  3.8538  92.3999
347.207  291.615  1922.56  71.778  601.184  0.4  38.1  54  3.8538  92.3999
347.255  291.744  1926.4  71.6574  606.234  0.4  37.7  54  3.8538  92.3999
347.304  291.744  1901.23  73.8337  529.352  0.4  37.7  54  3.8538  92.3999
347.353  291.744  1869.34  72.7039  555.774  0.41  37.7  54  3.8538  92.3999
347.401  291.873  2046.07  71.9687  633.33  0.37  37.7  54  3.8538  92.3999
347.451  291.873  1955.38  73.6686  549.838  0.39  37.7  54  3.8538  92.3999
347.499  291.873  1899.34  73.6322  535.24  0.4  37.7  54  3.8538  92.3999
347.548  292.002  1948.42  73.9481  538.753  0.39  39  54  3.8538  92.3999
347.597  292.002  1875.68  73.9607  518.243  0.4  39  54  3.8538  92.3999
347.645  292.002  1910.43  70.6085  634.305  0.4  39  54  3.8538  92.3999
347.694  292.13  1926.93  72.7022  572.95  0.39  39  54  3.8538  92.3999
347.743  292.13  1894.92  73.4015  541.307  0.4  39  54  3.8338  92.3999
347.792  292.13  1876.65  72.7857  555.39  0.4  39  54  3.8338  92.3999
347.841  292.259  1885.87  73.8349  525.04  0.4  37.9  54  3.8338  92.3999
347.889  292.259  1920.47  71.6417  604.87  0.4  37.9  54  3.8338  92.3999
347.938  292.259  2029.19  72.4914  610.48  0.37  37.9  54  3.8338  92.3999
347.987  292.388  1848.87  74.0721  507.379  0.41  37.9  54  3.8338  92.3999
348.035  292.388  1888.03  72.1943  577.343  0.4  37.9  54  3.8338  92.3999
348.084  292.517  1954.69  73.5096  554.846  0.39  37.9  54  3.8338  92.3999
348.133  292.517  1960.99  74.0096  540.207  0.38  37.2  54  3.8338  92.3999
348.182  292.517  1954.83  72.4577  589.203  0.39  37.2  54  3.8338  92.3999
348.231  292.646  1916.19  72.9605  561.502  0.39  37.2  54  3.8338  92.3999
348.279  292.646  1890.71  74.8074  495.488  0.4  37.2  54  3.8338  92.3999
348.328  292.646  1994.16  74.2038  542.841  0.38  37.2  54  3.8138  92.3999
348.377  292.774  2024.31  75.3204  512.988  0.37  37.2  54  3.8138  92.3999
348.426  292.774  1875.44  72.6152  560.359  0.4  39.4  54  3.8138  92.3999
348.475  292.774  1883.66  72.539  565.204  0.4  39.4  54  3.8138  92.3999
348.523  292.903  1828.67  73.6597  514.482  0.41  39.4  54  3.8138  92.3999
348.572  292.903  1822.29  72.5511  546.424  0.42  39.4  54  3.8138  92.3999
348.621  292.903  1945.1  71.4096  620.098  0.39  39.4  54  3.8138  92.3999
348.67  293.032  1794.21  71.5005  569.297  0.43  39.4  54  3.8138  92.3999
348.719  293.032  1730.83  70.2963  583.559  0.44  38.4  54  3.8138  92.3999
348.767  293.032  1793.13  73.0703  522.159  0.42  38.4  54  3.8138  92.3999
348.816  293.161  1734.93  70.5075  578.918  0.44  38.4  54  3.8138  92.3999
348.865  293.161  1845.18  68.1406  687.015  0.42  38.4  54  3.8138  92.3999
348.914  293.161  1855.82  72.0821  570.95  0.41  38.4  54  3.8138  92.3999
348.962  293.29  1785.71  70.8376  586.152  0.43  38.4  54  3.8138  92.3999
349.011  293.29  1829.36  71.0042  595.455  0.42  38.4  54  3.8138  92.3999
349.06  293.29  1859.02  73.0085  543.262  0.41  39  54  3.8138  92.3999
349.109  293.418  1843.76  68.8674  664.725  0.42  39  54  3.8138  92.3999
349.157  293.418  1859.15  71.589  587.178  0.41  39  54  3.8138  92.3999
349.206  293.418  1810.6  72.6543  539.806  0.42  39  54  3.8138  92.3999
349.255  293.547  1788.21  70.5234  596.227  0.43  39  54  3.8138  92.3999
349.304  293.547  1826.08  72.5722  546.917  0.42  39  54  3.8138  92.3999
349.353  293.547  1853.59  68.0799  691.971  0.42  39.5  54  3.8138  92.3999
349.402  293.676  1914.06  70.9179  625.749  0.4  39.5  54  3.8138  92.3999
349.45  293.676  1838.75  70.9809  599.216  0.42  39.5  54  3.8138  92.3999
349.499  293.676  1816.72  72.4014  549.277  0.42  39.5  54  3.8138  92.3999
349.548  293.805  1815.81  71.1105  587.857  0.42  39.5  54  3.8138  92.3999
349.597  293.805  1821.75  72.8361  537.611  0.42  39.5  54  3.8138  92.3999
349.647  293.805  1905.97  71.2012  614.192  0.4  38.3  54  3.8138  92.3999
349.695  293.934  1946.87  70.2554  657.707  0.39  38.3  54  3.8138  92.3999
349.744  293.934  1838.09  72.5333  551.704  0.41  38.3  54  3.8138  92.3999
349.793  293.934  1834.89  72.4752  552.522  0.41  38.3  54  3.8138  92.3999
349.842  294.062  1903.9  73.4138  543.484  0.4  38.3  54  3.8138  92.3999
349.891  294.062  1862.47  71.5246  590.213  0.41  38.3  54  3.8138  92.3999
349.94  294.062  1836.24  69.1681  653.015  0.42  38  54  3.8138  92.3999
349.989  294.191  1862.64  71.5919  588.193  0.41  38  54  3.8138  92.3999
350.037  294.191  1788.41  70.5885  594.379  0.43  38  54  3.8138  92.3999
350.086  294.191  1789.88  71.6338  563.973  0.43  38  54  3.8138  92.3999
350.135  294.32  1897.29  72.0234  585.557  0.4  38  54  3.8138  92.3999
350.183  294.32  1957.03  71.3671  625.28  0.39  38  54  3.8138  92.3999
350.232  294.32  1855.19  73.0522  540.787  0.41  38.3  54  3.8138  92.3999
350.281  294.449  1901.19  73.507  539.743  0.4  38.3  54  3.8138  92.3999
350.33  294.449  1875.47  72.9947  548.502  0.4  38.3  54  3.8138  92.3999
350.379  294.578  2034.04  75.3245  515.312  0.37  38.3  54  3.8138  92.3999
350.428  294.578  1909.7  70.5217  636.788  0.4  38.3  54  3.8138  92.3999
350.476  294.578  1943.87  72.9199  570.932  0.39  38.3  54  3.8138  92.3999
350.525  294.707  1871.72  74.3246  505.717  0.4  38.1  54  3.8138  92.3999
350.574  294.707  1909.22  73.4172  544.893  0.4  38.1  54  3.8138  92.3999
350.623  294.707  1917.02  72.3472  581.332  0.4  38.1  54  3.8138  92.3999
350.671  294.835  1894.92  73.6603  533.101  0.4  38.1  54  3.8138  92.3999
350.72  294.835  1869.72  71.7227  586.376  0.41  38.1  54  3.8138  92.3999
350.769  294.835  1817.05  73.3925  519.339  0.42  38.1  54  3.8138  92.3999
350.818  294.964  1815.47  72.3544  550.32  0.42  37  54  3.8138  92.3999
350.866  294.964  1934.76  71.6288  609.781  0.39  37  54  3.8138  92.3999
350.915  294.964  1925.48  73.235  555.4  0.39  37  54  3.8138  92.3999
350.964  295.093  1862.06  73.1861  538.627  0.41  37  54  3.8138  92.3999
351.013  295.093  1828.59  72.0575  563.32  0.42  37  54  3.8138  92.3999
351.061  295.093  1944.17  75.3499  491.709  0.38  37  54  3.8138  92.3999
351.11  295.222  1897.81  70.8577  622.321  0.4  38.2  54  3.8138  92.3999
351.159  295.222  1958.82  73.6604  551.074  0.38  38.2  54  3.8138  92.3999
351.208  295.222  1856.12  73.973  512.455  0.41  38.2  54  3.8138  92.3999
351.256  295.351  1875.57  74.2153  510.199  0.4  38.2  54  3.8138  92.3999
351.305  295.351  1953.76  73.7432  546.941  0.39  38.2  54  3.8138  92.3999
351.354  295.351  1841.42  68.629  671.024  0.42  38.2  54  3.8138  92.3999
351.403  295.479  1884.88  71.4585  599.377  0.4  39  54  3.8138  92.3999
351.451  295.479  1819.59  71.1288  588.533  0.42  39  54  3.8138  92.3999
351.5  295.479  1802.19  71.7375  564.754  0.42  39  54  3.8138  92.3999
351.549  295.608  1884.87  71.3345  603.239  0.41  39  54  3.8138  92.3999
351.598  295.608  1906.2  68.9202  685.598  0.41  39  54  3.8138  92.3999
351.647  295.608  1839.42  66.2563  740.634  0.43  39  54  3.8138  92.3999
351.695  295.737  1928.27  70.2642  651.144  0.4  39  54  3.8138  92.3999
351.744  295.737  1921.05  70.6566  636.305  0.4  40.2  54  3.8138  92.3999
351.793  295.737  1891.65  66.6314  750.312  0.42  40.2  54  3.8138  92.3999
351.842  295.866  1969.99  69.2411  698.238  0.39  40.2  54  3.8138  92.3999
351.89  295.866  1947.29  67.748  737.401  0.4  40.2  54  3.8138  92.3999
351.94  295.866  1990.73  68.5724  727.264  0.39  40.2  54  3.8138  92.3999
351.988  295.995  2009.87  70.3475  675.947  0.38  40.2  54  3.8138  92.3999
352.037  295.995  1923.59  67.5209  735.476  0.41  38.3  54  3.8138  92.3999
352.085  295.995  2046.68  69.0824  730.717  0.38  38.3  54  3.8138  92.3999
352.134  296.123  1958.28  68.4347  719.786  0.4  38.3  54  3.8138  92.3999
352.183  296.123  1918.9  65.8254  785.826  0.41  38.3  54  3.8138  92.3999
352.232  296.123  1981.21  67.5294  757.236  0.4  38.3  54  3.8138  92.3999
352.281  296.252  1920.71  69.8398  661.966  0.4  38.3  54  3.8138  92.3999
352.33  296.252  1993.04  68.3347  735.797  0.39  37.4  54  3.8138  92.3999
352.379  296.252  2040.63  69.342  719.913  0.38  37.4  54  3.8138  92.3999
352.427  296.381  1873.97  67.309  722.903  0.42  37.4  54  3.8138  92.3999
352.476  296.381  1937.23  67.3712  745.367  0.4  37.4  54  3.8138  92.3999
352.525  296.381  1973.07  68.0638  737.09  0.4  37.4  54  3.8138  92.3999
352.574  296.51  1940.79  69.8194  669.534  0.4  37.4  54  3.8138  92.3999
352.622  296.51  1931.65  67.288  745.807  0.41  38.1  54  3.8138  92.3999
352.671  296.51  1923.75  69.9156  660.622  0.4  38.1  54  3.8138  92.3999
352.72  296.639  1918.33  68.8913  690.865  0.4  38.1  54  3.8138  92.3999
352.769  296.639  2031.26  69.3227  717.245  0.38  38.1  54  3.8138  92.3999
352.817  296.767  1901.79  69.0898  678.756  0.41  38.1  54  3.8138  92.3999
352.866  296.767  1941.48  68.0847  724.632  0.4  38.1  54  3.8138  92.3999
352.915  296.767  1957.29  69.5095  685.153  0.39  38.4  54  3.8138  92.3999
352.964  296.896  1936.76  70.2407  654.759  0.4  38.4  54  3.8138  92.3999
353.012  296.896  1973.2  69.2217  699.999  0.39  38.4  54  3.8138  92.3999
353.061  296.896  1968.84  71.2502  632.858  0.39  38.4  54  3.8138  92.3999
353.11  297.025  1862.2  68.1119  694.219  0.42  38.4  54  3.8138  92.3999
353.159  297.025  1919.41  68.4033  706.479  0.41  38.4  54  3.8138  92.3999
353.207  297.025  1900.32  69.1462  676.486  0.41  37.8  54  3.8138  92.3999
353.256  297.154  1828.56  66.6624  724.383  0.43  37.8  54  3.8138  92.3999
353.305  297.154  1959.29  68.6975  711.793  0.4  37.8  54  3.8138  92.3999
353.354  297.154  1832.74  69.1231  653.118  0.42  37.8  54  3.8138  92.3999
353.402  297.283  1872.27  67.5866  713.87  0.42  37.8  54  3.8138  92.3999
353.452  297.283  1898.81  69.1088  677.107  0.41  37.8  54  3.8138  92.3999
353.501  297.283  1828.05  69.6704  635.103  0.42  37.9  54  3.8138  92.3999
353.549  297.411  1825.64  66.9015  716.223  0.43  37.9  54  3.8138  92.3999
353.598  297.411  1961.18  71.4432  624.135  0.39  37.9  54  3.8138  92.3999
353.647  297.411  1849.15  68.5542  676.087  0.42  37.9  54  3.8138  92.3999
353.696  297.54  1923.9  67.7155  729.554  0.41  37.9  54  3.8138  92.3999
353.745  297.54  1975.02  70.8761  647.04  0.39  37.9  54  3.8138  92.3999
353.793  297.54  1907.28  68.3894  702.445  0.41  38.8  54  3.8138  92.3999
353.842  297.669  1942.29  69.4297  682.439  0.4  38.8  54  3.8138  92.3999
353.891  297.669  1950.19  69.6703  677.536  0.4  38.8  54  3.8138  92.3999
353.94  297.669  1915.1  68.6259  697.971  0.41  38.8  54  3.8138  92.3999
353.988  297.798  2033.76  69.3813  716.185  0.38  38.8  54  3.8138  92.3999
354.037  297.798  1970.09  69.484  690.456  0.39  38.8  54  3.8138  92.3999
354.086  297.798  1907.55  67.9782  715.254  0.41  38.8  54  3.8138  92.3999
354.135  297.927  1926.75  70.2261  651.837  0.4  37.2  54  3.8138  92.3999
354.183  297.927  1932.55  68.4378  710.232  0.4  37.2  54  3.8138  92.3999
354.232  297.927  2018.31  70.255  681.856  0.38  37.2  54  3.8138  92.3999
354.281  298.055  1979.79  71.0985  641.336  0.39  37.2  54  3.8138  92.3999
354.33  298.055  1935.06  67.9327  726.993  0.4  37.2  54  3.8138  92.3999
354.379  298.055  1966.04  68.2353  729.001  0.4  37.2  54  3.8138  92.3999
354.428  298.184  1919.49  71.0411  623.624  0.4  36.9  54  3.8138  92.3999
354.476  298.184  1903.58  65.8017  780.269  0.42  36.9  54  3.8138  92.3999
354.525  298.184  1963.36  68.8424  708.644  0.4  36.9  54  3.8138  92.3999
354.574  298.313  1902.13  68.4959  697.258  0.41  36.9  54  3.8138  92.3999
354.623  298.313  1975.3  68.6935  717.739  0.39  36.9  54  3.8138  92.3999
354.671  298.313  2026.9  69.8161  699.352  0.38  36.9  54  3.8138  92.3999
354.72  298.442  1927.59  68.1313  717.992  0.4  38.1  54  3.8138  92.3999
354.769  298.442  2032.97  69.3627  716.522  0.38  38.1  54  3.8138  92.3999
354.818  298.442  1982.29  71.0519  643.671  0.39  38.1  54  3.8138  92.3999
354.866  298.571  1930.55  67.1217  750.55  0.41  38.1  54  3.8138  92.3999
354.915  298.571  1894.18  68.8095  684.691  0.41  38.1  54  3.8138  92.3999
354.964  298.571  1895.19  69.2036  672.882  0.41  38.1  54  3.8138  92.3999
355.013  298.699  1924.2  68.5657  703.167  0.4  38.4  54  3.8138  92.3999
355.061  298.699  1881.2  69.4057  661.71  0.41  38.4  54  3.8138  92.3999
355.11  298.699  1879.81  69.875  646.785  0.41  38.4  54  3.8138  92.3999
355.159  298.828  1911.82  68.4065  703.588  0.41  38.4  54  3.8138  92.3999
355.208  298.828  1958.04  69.2888  692.476  0.39  38.4  54  3.8138  92.3999
355.256  298.957  1951.71  69.231  692.077  0.4  38.4  54  3.8138  92.3999
355.305  298.957  1898.98  69.5297  664.116  0.41  37.6  54  3.8138  92.3999
355.354  298.957  1909.14  70.8124  627.462  0.4  37.6  54  3.8138  92.3999
355.402  299.086  1850.53  67.9142  695.789  0.42  37.6  54  3.8138  92.3999
355.451  299.086  1973.3  71.2705  633.63  0.39  37.6  54  3.8138  92.3999
355.501  299.086  1916.17  70.8029  630.071  0.4  37.6  54  3.8138  92.3999
355.549  299.215  1856.53  68.1526  690.881  0.42  37.6  54  3.8138  92.3999
355.598  299.215  1916.21  71.054  622.15  0.4  38.6  54  3.8138  92.3999
355.647  299.215  1871.27  70.4949  624.8  0.41  38.6  54  3.8138  92.3999
355.696  299.344  1968.47  69.8295  678.755  0.39  38.6  54  3.8138  92.3999
355.744  299.344  1901.24  70.7901  625.565  0.4  38.6  54  3.8138  92.3999
355.793  299.344  1879.04  70.2223  635.814  0.41  38.6  54  3.8138  92.3999
355.842  299.472  1942.6  70.4387  650.409  0.4  38.6  54  3.8138  92.3999
355.891  299.472  1876.12  69.8724  645.595  0.41  40.4  54  3.8138  92.3999
355.939  299.472  1877.63  69.8651  646.339  0.41  40.4  54  3.8138  92.3999
355.988  299.601  1854.41  70.4038  621.949  0.41  40.4  54  3.8138  92.3999
356.037  299.601  1834.68  70.8961  600.459  0.42  40.4  54  3.8138  92.3999
356.086  299.601  1832.69  69.0327  655.802  0.42  40.4  54  3.8138  92.3999
356.135  299.73  1862.36  71.8887  578.94  0.41  40.4  54  3.8138  92.3999
356.183  299.73  1837.27  70.9883  598.513  0.42  37.4  54  3.8138  92.3999
356.232  299.73  1904.94  69.4001  670.235  0.41  37.4  54  3.8138  92.3999
356.281  299.859  1910.73  70.6804  632.14  0.4  37.4  54  3.8138  92.3999
356.33  299.859  1809.73  67.5225  691.897  0.43  37.4  54  3.8138  92.3999
356.378  299.859  1899.55  69.0806  678.24  0.41  37.4  54  3.8138  92.3999
356.427  299.988  1913.64  71.1535  618.171  0.4  37.4  54  3.8138  92.3999
356.476  299.988  1912.01  68.5507  699.178  0.41  37.6  54  3.8138  92.3999
356.525  299.988  2040.69  69.3935  718.22  0.38  37.6  54  3.8138  92.3999
356.573  300.116  1856.84  68.4311  682.611  0.42  37.6  54  3.8138  92.3999
356.622  300.116  1871.2  67.8335  706.001  0.42  37.6  54  3.8138  92.3999
356.671  300.116  1950.9  69.402  686.346  0.4  37.6  54  3.8138  92.3999
356.72  300.245  1889.27  69.3787  665.381  0.41  37.6  54  3.8138  92.3999
356.769  300.245  1968.49  69.6377  684.946  0.39  37.6  54  3.8138  92.3999
356.818  300.245  1882.7  70.0406  642.669  0.41  38.1  54  3.8138  92.3999
356.866  300.374  1906.2  71.1469  615.977  0.4  38.1  54  3.8138  92.3999
356.915  300.374  2010.34  70.4727  671.966  0.38  38.1  54  3.8138  92.3999
356.964  300.374  1874.64  69.3774  660.268  0.41  38.1  54  3.8138  92.3999
357.013  300.503  1912  68.5969  697.738  0.41  38.1  54  3.8138  92.3999
357.062  300.503  1912.46  70.9256  624.983  0.4  38.1  54  3.8138  92.3999
357.11  300.503  1864.26  70.7358  615.064  0.41  38.2  54  3.8138  92.3999
357.159  300.632  1907.8  69.0061  683.505  0.41  38.2  54  3.8138  92.3999
357.208  300.632  1930.66  69.8524  664.996  0.4  38.2  54  3.8138  92.3999
357.257  300.632  1821.11  69.312  643.359  0.42  38.2  54  3.8138  92.3999
357.305  300.76  1887.1  69.3243  666.294  0.41  38.2  54  3.8138  92.3999
357.354  300.76  1867.08  71.7509  584.674  0.41  38.2  54  3.8138  92.3999
357.403  300.76  1875.38  69.4419  658.553  0.41  38.4  54  3.8138  92.3999
357.452  300.889  1892.02  68.8942  681.298  0.41  38.4  54  3.8138  92.3999
357.5  300.889  1829.4  69.438  642.521  0.42  38.4  54  3.8138  92.3999
357.549  300.889  1824.78  66.5264  726.857  0.43  38.4  54  3.8138  92.3999
357.598  301.018  1969.83  68.8524  710.657  0.39  38.4  54  3.8138  92.3999
357.647  301.018  1958.06  70.0069  669.475  0.39  38.4  54  3.8138  92.3999
357.695  301.147  2037.2  69.1129  726.319  0.38  38.4  54  3.8138  92.3999
357.744  301.147  1987.06  67.6151  756.728  0.39  38.4  54  3.8138  92.3999
357.793  301.147  1944.53  66.7375  767.979  0.4  38.4  54  3.8138  92.3999
357.842  301.276  1968.06  68.6185  717.509  0.39  38.4  54  3.8138  92.3999
357.891  301.276  1970.02  69.3378  695.136  0.39  38.4  54  3.8138  92.3999
357.939  301.276  1912.29  68.9301  687.481  0.41  38.4  54  3.8138  92.3999
357.988  301.404  2057.93  68.8889  741.221  0.38  38.6  54  3.8138  92.3999
358.037  301.404  1878.54  67.419  721.339  0.42  38.6  54  3.8138  92.3999
358.085  301.404  1901.72  68.8563  685.964  0.41  38.6  54  3.8138  92.3999
358.134  301.533  1991.6  68.6414  725.35  0.39  38.6  54  3.8138  92.3999
358.183  301.533  1930  70.583  641.61  0.4  38.6  54  3.8138  92.3999
358.232  301.533  1924.35  68.7568  697.243  0.4  38.6  54  3.8138  92.3999
358.28  301.662  1906.2  68.9202  685.598  0.41  38.6  54  3.8138  92.3999
358.329  301.662  1855.74  68.0879  692.532  0.42  38.6  54  3.8138  92.3999
358.378  301.662  1872.07  67.0816  729.02  0.42  38.6  54  3.8138  92.3999
358.427  301.791  1914.51  68.0988  714.127  0.41  38.6  54  3.8138  92.3999
358.475  301.791  1886.45  69.8603  649.528  0.41  38.6  54  3.8138  92.3999
358.524  301.791  1925.63  70.4368  644.79  0.4  38.6  54  3.8138  92.3999
358.573  301.92  1805.59  69.8325  622.508  0.43  37.7  54  3.8138  92.3999
358.622  301.92  1863.63  68.7818  674.486  0.42  37.7  54  3.8138  92.3999
358.67  301.92  1960.45  69.3948  689.934  0.39  37.7  54  3.8138  92.3999
358.719  302.048  1898.44  68.5446  694.406  0.41  37.7  54  3.8138  92.3999
358.768  302.048  1872.51  70.0544  638.766  0.41  37.7  54  3.8138  92.3999
358.817  302.048  1883.91  71.6721  592.404  0.4  37.7  54  3.8138  92.3999
358.865  302.177  1780.01  68.8098  643.413  0.44  39.7  54  3.8138  92.3999
358.914  302.177  1858.19  67.8325  701.126  0.42  39.7  54  3.8138  92.3999
358.963  302.177  1908.05  70.9613  622.418  0.4  39.7  54  3.8138  92.3999
359.012  302.306  1786.43  68.6307  650.935  0.43  39.7  54  3.8138  92.3999
359.06  302.306  1832.85  69.3935  645.068  0.42  39.7  54  3.8138  92.3999
359.109  302.306  1844.12  70.7524  607.916  0.42  39.7  54  3.8138  92.3999
359.158  302.435  1803.13  67.6202  686.532  0.43  39.7  54  3.8138  92.3999
359.207  302.435  1922.9  70.2706  649.131  0.4  39.6  54  3.8138  92.3999
359.256  302.435  1775.94  68.6167  647.516  0.44  39.6  54  3.8138  92.3999
359.304  302.564  1782.92  68.4098  656.055  0.44  39.6  54  3.8138  92.3999
359.353  302.564  1848.84  70.6788  611.714  0.41  39.6  54  3.8138  92.3999
359.402  302.564  1799.54  70.0666  613.512  0.43  39.6  54  3.8138  92.3999
359.451  302.692  1890.04  70.0437  645.076  0.41  39.6  54  3.8138  92.3999
359.5  302.692  1817.27  70.9856  592.074  0.42  37.7  54  3.8138  92.3999
359.548  302.692  1753.41  70.1155  596.38  0.44  37.7  54  3.8138  92.3999
359.597  302.821  1892.28  69.9621  648.374  0.41  37.7  54  3.8138  92.3999
359.646  302.821  1882.67  70.1318  639.84  0.41  37.7  54  3.8138  92.3999
359.695  302.821  1900.51  68.3638  700.74  0.41  37.7  54  3.8138  92.3999
359.744  302.95  1957.67  68.659  712.431  0.4  37.7  54  3.8138  92.3999
359.792  302.95  1916.89  70.8898  627.562  0.4  37.9  54  3.8138  92.3999
359.841  302.95  1931.61  68.2742  715.014  0.4  37.9  54  3.8138  92.3999
359.89  303.079  1969.59  71.0818  638.575  0.39  37.9  54  3.8138  92.3999
359.939  303.079  1900.31  69.0069  680.795  0.41  37.9  54  3.8138  92.3999
359.987  303.079  1947.05  69.4983  681.924  0.4  37.9  54  3.8138  92.3999
360.036  303.208  1926.67  70.2713  650.38  0.4  37.9  54  3.8138  92.3999
360.085  303.208  1866.84  67.8179  704.828  0.42  38.1  54  3.8138  92.3999
360.134  303.336  1887.06  69.3693  664.893  0.41  38.1  54  3.8138  92.3999
360.182  303.336  1933.98  70.5286  644.667  0.4  38.1  54  3.8138  92.3999
360.231  303.336  1884.65  68.8955  678.606  0.41  38.1  54  3.8138  92.3999
360.28  303.465  1919.1  68.1154  715.322  0.41  38.1  54  3.8138  92.3999
360.329  303.465  1849.54  70.2312  625.562  0.42  38.1  54  3.8138  92.3999
360.377  303.465  1885.67  69.5644  658.391  0.41  38.1  54  3.8138  92.3999
360.426  303.594  1868.75  70.3226  629.252  0.41  38.1  54  3.8138  92.3999
360.475  303.594  1832.69  69.0327  655.802  0.42  38.1  54  3.8138  92.3999
360.524  303.594  1916.17  70.8029  630.071  0.4  38.1  54  3.8138  92.3999
360.572  303.723  1866.01  69.6143  650.004  0.41  38.1  54  3.8138  92.3999
360.621  303.723  1794.46  68.0988  669.348  0.43  38.1  54  3.8138  92.3999
360.67  303.723  1834.82  70.7224  605.759  0.42  39.1  54  3.8138  92.3999
360.719  303.852  1778.55  70.7501  586.37  0.43  39.1  54  3.8138  92.3999
360.767  303.852  1875.3  70.5125  625.604  0.41  39.1  54  3.8138  92.3999
360.816  303.852  1865.34  71.5657  589.851  0.41  39.1  54  3.8138  92.3999
360.865  303.981  1755.88  69.5425  613.704  0.44  39.1  54  3.8138  92.3999
360.914  303.981  1842.02  68.465  676.15  0.42  39.1  54  3.8138  92.3999
360.963  303.981  1863.16  70.758  614.021  0.41  37.1  54  3.8138  92.3999
361.012  304.109  1770.78  68.6538  644.567  0.44  37.1  54  3.8138  92.3999
361.061  304.109  1923.5  70.4278  644.36  0.4  37.1  54  3.8138  92.3999
361.109  304.109  1911.65  72.3468  579.716  0.4  37.1  54  3.8138  92.3999
361.158  304.238  1839.7  69.1227  655.612  0.42  37.1  54  3.8138  92.3999
361.207  304.238  1917.83  70.9219  626.855  0.4  37.1  54  3.8138  92.3999
361.256  304.238  1819.81  69.9874  622.786  0.42  38.2  54  3.8138  92.3999
361.304  304.367  1843.08  68.8949  663.653  0.42  38.2  54  3.8138  92.3999
361.353  304.367  1887.03  69.2766  667.739  0.41  38.2  54  3.8138  92.3999
361.402  304.367  1846.79  71.0867  598.612  0.41  38.2  54  3.8138  92.3999
361.451  304.496  1820.84  66.6076  722.918  0.43  38.2  54  3.8138  92.3999
361.499  304.496  1845.93  71.8438  575.21  0.41  38.2  54  3.8138  92.3999
361.548  304.496  1879.67  69.1839  667.978  0.41  38.2  54  3.8138  92.3999
361.597  304.625  1884.03  69.1096  671.811  0.41  36.6  54  3.8138  92.3999
361.646  304.625  1841.31  71.9796  569.619  0.41  36.6  54  3.8138  92.3999
361.694  304.625  1859.18  70.74  613.26  0.41  36.6  54  3.8138  92.3999
361.743  304.753  1927.51  72.2073  588.998  0.39  36.6  54  3.8138  92.3999
361.792  304.753  1878.37  72.8492  553.908  0.4  36.6  54  3.8138  92.3999
361.841  304.753  1851.68  70.1517  628.706  0.42  36.6  54  3.8138  92.3999
361.89  304.882  1879.36  71.7584  588.287  0.41  38.8  54  3.8138  92.3999
361.938  304.882  1900.46  72.6443  566.912  0.4  38.8  54  3.8138  92.3999
361.987  304.882  1884.87  71.3345  603.239  0.41  38.8  54  3.8138  92.3999
362.036  305.011  1848.36  78.7467  360.702  0.4  38.8  54  3.8138  92.3999
362.085  305.011  1548.68  88.2789  46.513  0.47  38.8  54  3.8138  92.3999
362.134  305.011  1518.27  94.388  116.164  0.48  38.8  54  3.8138  92.3999
362.182  305.14  1604.57  89.5044  13.879  0.45  38  54  3.8138  92.3999
362.231  305.14  1797.72  88.1966  56.573  0.4  38  54  3.8138  92.3999
362.28  305.14  1867.67  95.5609  180.985  0.39  38  54  3.8138  92.3999
362.329  305.269  1857.07  95.2075  168.555  0.39  38  54  3.8138  92.3999
362.377  305.269  1987.89  88.9282  37.183  0.36  38  54  3.8138  92.3999
362.426  305.269  1910.25  94.6122  153.604  0.38  38  54  3.8138  92.3999
362.475  305.397  1950.18  89.1071  30.389  0.37  38.6  54  3.8138  92.3999
362.524  305.397  2033.38  89.9745  0.906  0.36  38.6  54  3.8138  92.3999
362.572  305.526  1867.82  95.2804  171.896  0.39  38.6  54  3.8138  92.3999
362.621  305.526  1788.65  89.021  30.56  0.4  38.6  54  3.8138  92.3999
362.67  305.526  1702.64  95.1344  152.373  0.43  38.6  54  3.8138  92.3999
362.719  305.655  1695.13  89.8032  5.823  0.43  38.6  54  3.8138  92.3999
362.767  305.655  1605.69  89.6213  10.612  0.45  39.3  54  3.8138  92.3999
362.816  305.655  1959.31  84.8334  176.438  0.37  39.3  54  3.8138  92.3999
362.865  305.784  1940.85  80.9687  304.663  0.38  39.3  54  3.8138  92.3999
362.914  305.784  1896.78  79.1822  355.999  0.39  39.3  54  3.8138  92.3999
362.962  305.784  1767.34  79.7956  313.103  0.42  39.3  54  3.8138  92.3999
363.011  305.913  1708.69  78.6725  335.617  0.43  39.3  54  3.8138  92.3999
363.06  305.913  1729.92  75.0115  447.401  0.43  36.8  54  3.8138  92.3999
363.109  305.913  1747.84  75.9806  423.415  0.43  36.8  54  3.8138  92.3999
363.157  306.041  1776.17  75.5215  444.071  0.42  36.8  54  3.8138  92.3999
363.206  306.041  1737.97  74.8726  453.551  0.43  36.8  54  3.8138  92.3999
363.255  306.041  1751.59  77.1669  389.047  0.42  36.8  54  3.8138  92.3999
363.304  306.17  1735.98  73.9473  480.034  0.43  36.8  54  3.8138  92.3999
363.352  306.17  1845.36  76.7428  423.184  0.4  39.3  54  3.8138  92.3999
363.401  306.17  1801.68  73.712  505.31  0.42  39.3  54  3.8138  92.3999
363.45  306.299  1862.8  72.9623  545.803  0.41  39.3  54  3.8138  92.3999
363.499  306.299  1855.31  73.9415  513.213  0.41  39.3  54  3.8138  92.3999
363.547  306.299  1795.78  72.9315  527.09  0.42  39.3  54  3.8138  92.3999
363.596  306.428  1866.01  73.209  539.056  0.4  39.3  54  3.8138  92.3999
363.645  306.428  1861.13  71.4766  591.267  0.41  37.9  54  3.8138  92.3999
363.694  306.428  1866.2  71.7195  585.371  0.41  37.9  54  3.8138  92.3999
363.742  306.557  1846.69  70.7228  609.662  0.42  37.9  54  3.8138  92.3999
363.791  306.557  1850.76  74.4024  497.63  0.41  37.9  54  3.8138  92.3999
363.84  306.557  1768.83  72.4825  532.414  0.43  37.9  54  3.8138  92.3999
363.888  306.685  1874.66  69.9266  643.427  0.41  37.9  54  3.8138  92.3999
363.937  306.685  1869.62  69.7519  647.048  0.41  37.9  54  3.8138  92.3999
363.986  306.685  1865.9  70.2489  630.555  0.41  36.1  54  3.8138  92.3999
364.035  306.814  1846.22  73.2126  533.229  0.41  36.1  54  3.8138  92.3999
364.084  306.814  1745.82  69.8648  600.975  0.44  36.1  54  3.8138  92.3999
364.132  306.814  1875.41  69.7169  650.125  0.41  36.1  54  3.8138  92.3999
364.181  306.943  1927.48  70.2917  650.008  0.4  36.1  54  3.8138  92.3999
364.23  306.943  1853.86  69.1688  659.261  0.42  36.1  54  3.8138  92.3999
364.279  306.943  1901.63  72.6233  567.928  0.4  37.6  54  3.8138  92.3999
364.328  307.072  1773.82  71.9095  550.802  0.43  37.6  54  3.8138  92.3999
364.376  307.072  1797.43  70.2732  606.697  0.43  37.6  54  3.8138  92.3999
364.425  307.072  1994.97  70.2317  674.731  0.39  37.6  54  3.8138  92.3999
364.474  307.201  1868.87  70.5933  620.97  0.41  37.6  54  3.8138  92.3999
364.523  307.201  1933.8  69.883  665.106  0.4  37.6  54  3.8138  92.3999
364.572  307.201  1892.05  70.7216  624.676  0.41  35.9  54  3.8138  92.3999
364.62  307.329  1850.11  68.1735  687.865  0.42  35.9  54  3.8138  92.3999
364.669  307.329  1600.14  87.9339  57.689  0.45  35.9  54  3.8138  92.3999
364.718  307.329  1552.9  89.7311  7.287  0.47  35.9  54  3.8138  92.3999
364.767  307.458  1587.3  89.5454  12.595  0.46  35.9  54  3.8138  92.3999
364.816  307.458  1748.02  89.2931  21.565  0.41  35.9  54  3.8138  92.3999
364.865  307.587  1792.03  94.4506  139.06  0.4  36.5  54  3.8138  92.3999
364.913  307.587  1880.97  94.0499  132.844  0.39  36.5  54  3.8138  92.3999
364.962  307.587  1991.5  89.7686  8.045  0.36  36.5  54  3.8138  92.3999
365.011  307.716  1812.81  89.9971  0.093  0.4  36.5  54  3.8138  92.3999
365.06  307.716  1908.57  94.8868  162.585  0.38  36.5  54  3.8138  92.3999
365.109  307.716  1882.8  96.2432  204.752  0.39  36.5  54  3.8138  92.3999
365.157  307.845  1833.72  94.071  130.179  0.4  37.6  54  3.8138  92.3999
365.206  307.845  1835.35  94.1055  131.398  0.4  37.6  54  3.8138  92.3999
365.255  307.845  1826.34  95.7636  183.408  0.4  37.6  54  3.8138  92.3999
365.304  307.973  1969.63  90.0349  1.198  0.37  37.6  54  3.8138  92.3999
365.352  307.973  1884.86  94.7738  156.863  0.39  37.6  54  3.8138  92.3999
365.401  307.973  1804.04  89.9888  0.354  0.4  37.6  54  3.8138  92.3999
365.45  308.102  2013.4  89.9609  1.375  0.36  37.1  54  3.8138  92.3999
365.499  308.102  1999.19  89.7283  9.482  0.36  37.1  54  3.8138  92.3999
365.547  308.102  1874.42  95.0995  166.607  0.39  37.1  54  3.8138  92.3999
365.596  308.231  2012.41  89.8721  4.494  0.36  37.1  54  3.8138  92.3999
365.645  308.231  1890.41  96.2478  205.732  0.38  37.1  54  3.8138  92.3999
365.694  308.231  1872.1  94.085  133.361  0.39  37.1  54  3.8138  92.3999
365.742  308.36  2013  89.5013  17.522  0.36  39.4  54  3.8138  92.3999
365.791  308.36  1866.13  94.9398  160.69  0.39  39.4  54  3.8138  92.3999
365.84  308.36  1967.2  88.8187  40.554  0.37  39.4  54  3.8138  92.3999
365.889  308.489  1912.01  94.6487  154.962  0.38  39.4  54  3.8138  92.3999
365.937  308.489  1870.15  94.0047  130.608  0.39  39.4  54  3.8138  92.3999
365.986  308.489  1987.77  88.659  46.52  0.36  39.4  54  3.8138  92.3999
366.035  308.617  1877.52  94.8206  157.779  0.39  38.5  54  3.8138  92.3999
366.084  308.617  1715.22  94.1058  122.806  0.42  38.5  54  3.8138  92.3999
366.132  308.617  1741.6  88.4786  46.239  0.42  38.5  54  3.8138  92.3999
366.181  308.746  1694.01  88.6741  39.198  0.43  38.5  54  3.8138  92.3999
366.23  308.746  1696.9  89.7451  7.549  0.43  38.5  54  3.8138  92.3999
366.279  308.746  1723.37  89.6476  10.6  0.42  38.5  54  3.8138  92.3999
366.327  308.875  1675.62  89.027  28.453  0.43  37.2  54  3.8138  92.3999
366.376  308.875  1662.39  89.4049  17.266  0.44  37.2  54  3.8138  92.3999
366.425  308.875  1680.46  89.8462  4.51  0.43  37.2  54  3.8138  92.3999
366.474  309.004  1630.31  88.3449  47.089  0.44  37.2  54  3.8138  92.3999
366.522  309.004  1594.88  88.8395  32.302  0.45  37.2  54  3.8138  92.3999
366.571  309.004  1541  88.4884  40.652  0.47  37.2  54  3.8138  92.3999
366.62  309.133  1557.75  94.1767  113.455  0.47  37.2  54  3.8138  92.3999
366.669  309.133  1632.83  89.3318  19.042  0.44  37.3  54  3.8138  92.3999
366.717  309.133  1566.33  94.9447  135.009  0.46  37.3  54  3.8138  92.3999
366.766  309.262  1669.48  94.2801  124.598  0.43  37.3  54  3.8138  92.3999
366.815  309.262  1842.72  95.5729  178.949  0.39  37.3  54  3.8138  92.3999
366.864  309.262  1833.59  94.0473  129.414  0.4  37.3  54  3.8138  92.3999
366.912  309.39  1958.57  89.9609  1.338  0.37  37.3  54  3.8138  92.3999
366.961  309.39  1909.95  94.8526  161.568  0.38  36.3  54  3.8138  92.3999
367.01  309.39  1858.98  90.0283  0.919  0.39  36.3  54  3.8138  92.3999
367.059  309.519  2003.48  89.9561  1.537  0.36  36.3  54  3.8138  92.3999
367.107  309.519  1921.64  94.6837  156.91  0.38  36.3  54  3.8138  92.3999
367.156  309.519  1860.08  94.0737  132.138  0.39  36.3  54  3.8138  92.3999
367.205  309.648  1901.51  95.0257  166.577  0.38  36.3  54  3.8138  92.3999
367.254  309.648  1861.8  94.9673  161.207  0.39  36.2  54  3.8138  92.3999
367.303  309.648  1863.31  88.5994  45.543  0.39  36.2  54  3.8138  92.3999
367.351  309.777  1872.39  95.299  172.921  0.39  36.2  54  3.8138  92.3999
367.4  309.777  1852.09  93.9647  128.056  0.39  36.2  54  3.8138  92.3999
367.449  309.777  1969.82  89.0321  33.274  0.37  36.2  54  3.8138  92.3999
367.498  309.906  1912.74  94.7874  159.636  0.38  36.2  54  3.8138  92.3999
367.546  309.906  1973.8  89.9934  0.229  0.37  36.8  54  3.8138  92.3999
367.595  310.034  2010.13  89.9605  1.385  0.36  36.8  54  3.8138  92.3999
367.644  310.034  1996.24  89.8964  3.611  0.36  36.8  54  3.8138  92.3999
367.693  310.034  1993.81  89.9476  1.825  0.36  36.8  54  3.8138  92.3999
367.741  310.163  1997.59  89.8717  4.473  0.36  36.8  54  3.8138  92.3999
367.79  310.163  1791.14  94.2777  133.603  0.41  36.8  54  3.8138  92.3999
367.839  310.163  1756.09  89.4622  16.483  0.41  38  54  3.8138  92.3999
367.888  310.292  1739.52  89.431  17.275  0.42  38  54  3.8138  92.3999
367.937  310.292  1630.69  94.4517  126.571  0.44  38  54  3.8138  92.3999
367.985  310.292  1686.47  87.9911  59.12  0.43  38  54  3.8138  92.3999
368.034  310.421  1649.12  95.5035  158.162  0.44  38  54  3.8138  92.3999
368.083  310.421  1682.63  89.8329  4.908  0.43  38  54  3.8138  92.3999
368.131  310.421  1707.75  88.959  31.026  0.42  38.3  54  3.8138  92.3999
368.18  310.55  1698.15  89.7524  7.338  0.43  38.3  54  3.8138  92.3999
368.229  310.55  1653.35  89.1772  23.744  0.44  38.3  54  3.8138  92.3999
368.278  310.55  1710.32  88.9748  30.601  0.42  38.3  54  3.8138  92.3999
368.327  310.678  1678.13  89.8435  4.585  0.43  38.3  54  3.8138  92.3999
368.375  310.678  1656.35  89.1422  24.797  0.44  38.3  54  3.8138  92.3999
368.424  310.678  1679.11  88.8096  34.883  0.43  37.2  54  3.8138  92.3999
368.473  310.807  1644.26  89.0492  27.283  0.44  37.2  54  3.8138  92.3999
368.522  310.807  1647.85  89.4054  17.1  0.44  37.2  54  3.8138  92.3999
368.57  310.807  1574.09  87.4491  70.058  0.46  37.2  54  3.8138  92.3999
368.619  310.936  1822.5  86.3881  114.813  0.4  37.2  54  3.8138  92.3999
368.668  310.936  1948.31  82.8095  243.867  0.37  37.2  54  3.8138  92.3999
368.717  310.936  2002.64  84.5266  191.021  0.36  37.5  54  3.8138  92.3999
368.765  311.065  1895.33  82.249  255.621  0.39  37.5  54  3.8138  92.3999
368.814  311.065  1979.87  82.4295  260.839  0.37  37.5  54  3.8138  92.3999
368.863  311.065  1972.66  82.9688  241.471  0.37  37.5  54  3.8138  92.3999
368.912  311.194  1952.13  81.9228  274.29  0.37  37.5  54  3.8138  92.3999
368.96  311.194  1881.74  79.2203  351.947  0.39  37.5  54  3.8138  92.3999
369.009  311.194  1779.35  78.541  353.497  0.41  37.5  54  3.8138  92.3999
369.058  311.322  1787.22  76.3203  422.666  0.42  37.5  54  3.8138  92.3999
369.107  311.322  1842.3  76.7452  422.407  0.4  37.5  54  3.8138  92.3999
369.155  311.322  1823.69  75.8815  444.849  0.41  37.5  54  3.8138  92.3999
369.204  311.451  1891.7  73.41  540.121  0.4  37.5  54  3.8138  92.3999
369.253  311.451  1889.95  74.9099  492.026  0.4  37.5  54  3.8138  92.3999
369.302  311.451  1789.75  75.28  454.767  0.42  37.5  54  3.8138  92.3999
369.351  311.58  1863.03  74.2428  505.926  0.4  37.4  54  3.8138  92.3999
369.4  311.58  1865.57  76.1886  445.363  0.4  37.4  54  3.8138  92.3999
369.448  311.58  1919.05  74.4464  514.574  0.39  37.4  54  3.8138  92.3999
369.497  311.709  1879.66  71.2132  605.341  0.41  37.4  54  3.8138  92.3999
369.546  311.709  1861.75  74.1285  509.153  0.4  37.4  54  3.8138  92.3999
369.595  311.709  1859.7  73.4123  530.913  0.41  37.4  54  3.8138  92.3999
369.644  311.838  1839.24  73.3825  525.986  0.41  37.1  54  3.8138  92.3999
369.692  311.838  1815.8  73.5287  514.842  0.42  37.1  54  3.8138  92.3999
369.741  311.838  1887.9  72.6308  563.59  0.4  37.1  54  3.8138  92.3999
369.79  311.966  1913.7  73.3882  547.1  0.39  37.1  54  3.8138  92.3999
369.839  311.966  1840.48  73.4304  524.867  0.41  37.1  54  3.8138  92.3999
369.888  311.966  1824.91  72.4062  551.609  0.42  37.1  54  3.8138  92.3999
369.937  312.095  1777.15  73.1655  514.679  0.43  38.5  54  3.8138  92.3999
369.985  312.095  1615.96  87.049  83.193  0.45  38.5  54  3.8138  92.3999
370.034  312.224  1521.12  94.5919  121.778  0.48  38.5  54  3.8138  92.3999
370.083  312.224  1553.72  89.6077  10.638  0.47  38.5  54  3.8138  92.3999
370.131  312.224  1722.66  89.8159  5.535  0.42  38.5  54  3.8138  92.3999
370.181  312.353  1823.74  95.5064  175  0.4  38.5  54  3.8138  92.3999
370.229  312.353  1920.33  89.3156  22.938  0.38  37.5  54  3.8138  92.3999
370.278  312.353  1999.84  89.7836  7.552  0.36  37.5  54  3.8138  92.3999
370.327  312.482  1895.71  94.7994  158.61  0.38  37.5  54  3.8138  92.3999
370.376  312.482  1827.64  90.0266  0.849  0.4  37.5  54  3.8138  92.3999
370.424  312.482  1933.56  94.8279  162.733  0.38  37.5  54  3.8138  92.3999
370.473  312.61  1994.02  89.964  1.254  0.36  37.5  54  3.8138  92.3999
370.522  312.61  1874.13  88.4213  51.631  0.39  37.5  54  3.8138  92.3999
370.571  312.61  1710.16  94.1007  122.293  0.42  37.5  54  3.8138  92.3999
370.619  312.739  1688.23  89.8133  5.5  0.43  37.5  54  3.8138  92.3999
370.668  312.739  1571.13  88.4223  43.256  0.46  37.5  54  3.8138  92.3999
370.717  312.739  1544.35  88.4325  42.244  0.47  37.5  54  3.8138  92.3999
370.766  312.868  1577.22  87.4537  70.07  0.46  37.5  54  3.8138  92.3999
370.814  312.868  1783.77  86.6446  104.402  0.41  37.5  54  3.8138  92.3999
370.863  312.868  1728.67  84.7488  158.212  0.42  37.5  54  3.8138  92.3999
370.912  312.997  1896.81  83.3306  220.297  0.38  37.5  54  3.8138  92.3999
370.961  312.997  1951.2  83.6412  216.103  0.37  37.5  54  3.8138  92.3999
371.01  312.997  1882.08  84.2094  189.889  0.39  37.5  54  3.8138  92.3999
371.058  313.126  1916.11  82.9935  233.731  0.38  37.5  54  3.8138  92.3999
371.107  313.126  1975.83  82.487  258.343  0.37  36.8  54  3.8138  92.3999
371.156  313.126  1975.17  83.6926  216.998  0.37  36.8  54  3.8138  92.3999
371.204  313.254  1952.34  80.5291  321.252  0.38  36.8  54  3.8138  92.3999
371.253  313.254  1952.74  81.4197  291.339  0.37  36.8  54  3.8138  92.3999
371.302  313.254  1901.68  81.1245  293.406  0.39  36.8  54  3.8138  92.3999
371.351  313.383  1948.13  80.7428  313.39  0.38  36.8  54  3.8138  92.3999
371.399  313.383  1933.39  81.6199  281.77  0.38  36.8  54  3.8138  92.3999
371.448  313.383  1918.73  82.2346  259.252  0.38  37.9  54  3.8138  92.3999
371.497  313.512  1950.04  81.365  292.776  0.38  37.9  54  3.8138  92.3999
371.546  313.512  1969.09  83.8252  211.799  0.37  37.9  54  3.8138  92.3999
371.595  313.512  1919.75  81.2359  292.507  0.38  37.9  54  3.8138  92.3999
371.644  313.641  1960.21  81.5497  288.055  0.37  37.9  54  3.8138  92.3999
371.693  313.641  1957.12  83.0309  237.466  0.37  37.9  54  3.8138  92.3999
371.741  313.641  1919.55  81.0529  298.534  0.38  36.1  54  3.8138  92.3999
371.79  313.77  1971.22  82.5118  256.894  0.37  36.1  54  3.8138  92.3999
371.839  313.77  1947.22  83.122  233.192  0.37  36.1  54  3.8138  92.3999
371.888  313.77  2015.54  82.4899  263.432  0.36  36.1  54  3.8138  92.3999
371.936  313.899  1944.4  81.5061  287.197  0.38  36.1  54  3.8138  92.3999
371.985  313.899  1906.54  81.2151  291.178  0.38  36.1  54  3.8138  92.3999
372.034  313.899  1973.77  81.6418  286.908  0.37  37.2  54  3.8138  92.3999
372.082  314.027  1917.19  81.7062  276.553  0.38  37.2  54  3.8138  92.3999
372.131  314.027  1922.07  82.423  253.443  0.38  37.2  54  3.8138  92.3999
372.18  314.027  1937.39  81.0472  301.499  0.38  37.2  54  3.8138  92.3999
372.229  314.156  1884.6  80.3045  317.39  0.39  37.2  54  3.8138  92.3999
372.277  314.156  1877.92  78.1774  384.752  0.39  37.2  54  3.8138  92.3999
372.326  314.285  1942.36  80.7029  313.795  0.38  35.8  54  3.8138  92.3999
372.375  314.285  1907.34  80.2471  323.102  0.38  35.8  54  3.8138  92.3999
372.424  314.285  1887.62  78.1118  388.855  0.39  35.8  54  3.8138  92.3999
372.472  314.414  1875.92  80.5045  309.472  0.39  35.8  54  3.8138  92.3999
372.521  314.414  1900.71  81.5006  280.924  0.38  35.8  54  3.8138  92.3999
372.57  314.414  1987.39  81.82  282.771  0.37  35.8  54  3.8138  92.3999
372.619  314.543  1957.15  80.6024  319.573  0.37  37.2  54  3.8138  92.3999
372.667  314.543  1897.83  80.17  324.006  0.39  37.2  54  3.8138  92.3999
372.716  314.543  1955.7  81.8459  277.388  0.37  37.2  54  3.8138  92.3999
372.765  314.671  1907.12  80.821  304.223  0.38  37.2  54  3.8138  92.3999
372.814  314.671  1923.04  80.8096  307.138  0.38  37.2  54  3.8138  92.3999
372.862  314.671  1987.19  82.8353  247.847  0.37  37.2  54  3.8138  92.3999
372.911  314.8  1887.74  82.5243  245.607  0.39  38.2  54  3.8138  92.3999
372.96  314.8  1919.49  79.7925  340.158  0.38  38.2  54  3.8138  92.3999
373.009  314.8  1925.31  81.8869  271.714  0.38  38.2  54  3.8138  92.3999
373.057  314.929  1920.49  81.9762  268.072  0.38  38.2  54  3.8138  92.3999
373.106  314.929  1964.46  81.777  280.969  0.37  38.2  54  3.8138  92.3999
373.155  314.929  1920.47  83.2495  225.744  0.38  38.2  54  3.8138  92.3999
373.204  315.058  1931.22  81.1544  296.968  0.38  38.2  54  3.8138  92.3999
373.252  315.058  2006.1  82.4527  263.49  0.36  38.2  54  3.8138  92.3999
373.301  315.058  1894.03  82.4408  249.159  0.39  38.2  54  3.8138  92.3999
373.35  315.187  1921.04  80.7904  307.458  0.38  38.2  54  3.8138  92.3999
373.399  315.187  1959.56  82.8872  242.637  0.37  38.2  54  3.8138  92.3999
373.447  315.187  1878.73  81.4924  277.94  0.39  38.2  54  3.8138  92.3999
373.496  315.315  1611.4  88.7032  36.468  0.45  37.9  54  3.8138  92.3999
373.545  315.315  1592.42  89.434  15.73  0.45  37.9  54  3.8138  92.3999
373.594  315.315  1605.87  88.6815  36.952  0.45  37.9  54  3.8138  92.3999
373.642  315.444  1790.91  88.9882  31.624  0.4  37.9  54  3.8138  92.3999
373.692  315.444  1798.33  94.0684  127.586  0.4  37.9  54  3.8138  92.3999
373.74  315.444  1932.37  89.1723  27.913  0.37  37.9  54  3.8138  92.3999
373.789  315.573  1909.15  95.0006  166.414  0.38  38.1  54  3.8138  92.3999
373.838  315.573  1868.91  95.5069  179.35  0.39  38.1  54  3.8138  92.3999
373.887  315.573  1921.22  94.904  164.238  0.38  38.1  54  3.8138  92.3999
373.935  315.702  1917.38  96.0503  202.097  0.38  38.1  54  3.8138  92.3999
373.984  315.702  1868.71  94.0146  130.829  0.39  38.1  54  3.8138  92.3999
374.033  315.702  2008.3  88.8497  40.318  0.36  38.1  54  3.8138  92.3999
374.082  315.831  1895.95  94.8453  160.141  0.38  38.1  54  3.8138  92.3999
374.131  315.831  1926.83  89.0928  30.507  0.38  37.6  54  3.8138  92.3999
374.18  315.831  1860.25  88.5827  46.01  0.39  37.6  54  3.8138  92.3999
374.228  315.959  1681.43  94.0217  117.926  0.43  37.6  54  3.8138  92.3999
374.277  315.959  1701.34  88.8052  35.476  0.43  37.6  54  3.8138  92.3999
374.326  315.959  1690.61  88.7955  35.537  0.43  37.6  54  3.8138  92.3999
374.375  316.088  1628.57  87.9803  57.396  0.44  37.6  54  3.8138  92.3999
374.423  316.088  1862.39  82.4641  244.249  0.39  37.6  54  3.8138  92.3999
374.472  316.088  1942.15  82.6452  248.619  0.38  37.6  54  3.8138  92.3999
374.521  316.217  1916.02  82.2616  257.993  0.38  37.6  54  3.8138  92.3999
374.57  316.217  1933.49  79.5853  349.52  0.38  37.6  54  3.8138  92.3999
374.618  316.217  1853.59  78.3503  374.29  0.4  37.6  54  3.8138  92.3999
374.667  316.346  1795.08  77.3261  393.841  0.41  37.6  54  3.8138  92.3999
374.716  316.346  1825.59  77.768  386.789  0.41  38.7  54  3.8138  92.3999
374.765  316.475  1873.95  79.5949  338.45  0.39  38.7  54  3.8138  92.3999
374.813  316.475  1887.57  78.3247  381.98  0.39  38.7  54  3.8138  92.3999
374.862  316.475  1885.66  78.5987  372.754  0.39  38.7  54  3.8138  92.3999
374.911  316.603  1826.8  79.2206  341.663  0.4  38.7  54  3.8138  92.3999
374.96  316.603  1881.1  78.1776  385.399  0.39  38.7  54  3.8138  92.3999
375.009  316.603  1892.37  77.9654  394.565  0.39  36.8  54  3.8138  92.3999
375.057  316.732  1869.07  78.0637  386.57  0.4  36.8  54  3.8138  92.3999
375.106  316.732  1895.46  78.3905  381.442  0.39  36.8  54  3.8138  92.3999
375.155  316.732  1846.57  79.9279  322.941  0.4  36.8  54  3.8138  92.3999
375.204  316.861  1813.86  76.9713  408.913  0.41  36.8  54  3.8138  92.3999
375.253  316.861  1950.01  78.8313  377.714  0.38  36.8  54  3.8138  92.3999
375.302  316.861  1916.51  78.7519  373.831  0.38  37.2  54  3.8138  92.3999
375.351  316.99  1914.3  76.436  448.964  0.39  37.2  54  3.8138  92.3999
375.399  316.99  1909.35  78.2125  390.046  0.39  37.2  54  3.8138  92.3999
375.448  316.99  1801.67  77.0264  404.48  0.41  37.2  54  3.8138  92.3999
375.497  317.119  1883.59  75.0553  485.753  0.4  37.2  54  3.8138  92.3999
375.546  317.119  1674.02  87.5141  72.608  0.43  37.2  54  3.8138  92.3999
375.595  317.119  1552.42  88.9514  28.41  0.47  37.1  54  3.8138  92.3999
375.644  317.247  1546.34  94.3863  118.265  0.47  37.1  54  3.8138  92.3999
375.692  317.247  1689.66  89.7231  8.166  0.43  37.1  54  3.8138  92.3999
375.741  317.247  1848.56  89.9192  2.608  0.39  37.1  54  3.8138  92.3999
375.79  317.376  1999  89.9762  0.832  0.36  37.1  54  3.8138  92.3999
375.839  317.376  1854.08  95.5038  177.827  0.39  37.1  54  3.8138  92.3999
375.887  317.376  1988.38  89.9192  2.803  0.36  37.1  54  3.8138  92.3999
375.936  317.505  1929.83  94.7286  159.088  0.38  37.1  54  3.8138  92.3999
375.985  317.505  1875.87  95.0904  166.441  0.39  37.1  54  3.8138  92.3999
376.034  317.505  2012.96  88.8229  41.353  0.36  37.1  54  3.8138  92.3999
376.082  317.634  1898.7  94.7806  158.237  0.38  37.1  54  3.8138  92.3999
376.131  317.634  1923.38  89.1871  27.287  0.38  37.1  54  3.8138  92.3999
376.18  317.634  1840.87  88.9743  32.953  0.39  37.9  54  3.8138  92.3999
376.229  317.763  1711.74  89.5709  12.82  0.42  37.9  54  3.8138  92.3999
376.277  317.763  1668.18  88.2245  51.685  0.43  37.9  54  3.8138  92.3999
376.326  317.763  1636.33  88.3952  45.826  0.44  37.9  54  3.8138  92.3999
376.375  317.891  1552.91  88.5019  40.6  0.47  37.9  54  3.8138  92.3999
376.423  317.891  1505.87  87.1233  75.573  0.48  37.9  54  3.8138  92.3999
376.472  317.891  1537.98  86.7236  87.899  0.47  37.9  54  3.8138  92.3999
376.521  318.02  1579.01  86.4246  98.47  0.46  36.8  54  3.8138  92.3999
376.57  318.02  1692.43  84.2883  168.436  0.43  36.8  54  3.8138  92.3999
376.618  318.02  1830.92  85.2829  150.567  0.4  36.8  54  3.8138  92.3999
376.667  318.149  1916.79  83.1263  229.405  0.38  36.8  54  3.8138  92.3999
376.716  318.149  1986.89  79.1648  373.507  0.37  36.8  54  3.8138  92.3999
376.765  318.149  1731.57  87.9277  62.613  0.42  36.8  54  3.8138  92.3999
376.813  318.278  1566.89  88.9052  29.938  0.46  37.3  54  3.8138  92.3999
376.862  318.278  1528.85  94.0889  109.014  0.47  37.3  54  3.8138  92.3999
376.911  318.278  1594.02  94.6927  130.409  0.46  37.3  54  3.8138  92.3999
376.96  318.407  1862.08  89.7376  8.528  0.39  37.3  54  3.8138  92.3999
377.008  318.407  1871.92  94.903  159.992  0.39  37.3  54  3.8138  92.3999
377.057  318.407  1855.08  95.4051  174.744  0.39  37.3  54  3.8138  92.3999
377.106  318.536  1984.92  89.8992  3.492  0.36  37.5  54  3.8138  92.3999
377.155  318.536  1887.97  95.084  167.306  0.38  37.5  54  3.8138  92.3999
377.203  318.664  1804.09  90.0075  0.235  0.4  37.5  54  3.8138  92.3999
377.252  318.664  2006.08  89.6152  13.472  0.36  37.5  54  3.8138  92.3999
377.301  318.664  1871.83  95.184  169.127  0.39  37.5  54  3.8138  92.3999
377.35  318.793  1818.79  90.037  1.173  0.4  37.5  54  3.8138  92.3999
377.398  318.793  1983.46  89.7728  7.866  0.36  38  54  3.8138  92.3999
377.447  318.793  1973.34  89.9584  1.433  0.37  38  54  3.8138  92.3999
377.496  318.922  1986.03  89.8555  5.008  0.36  38  54  3.8138  92.3999
377.545  318.922  1912.42  95.0282  167.617  0.38  38  54  3.8138  92.3999
377.593  318.922  1960.2  90.0267  0.914  0.37  38  54  3.8138  92.3999
377.642  319.051  1895.52  95.0626  167.27  0.38  38  54  3.8138  92.3999
377.691  319.051  1892.91  96.4699  213.294  0.38  37.6  54  3.8138  92.3999
377.74  319.051  1855.8  94.103  132.782  0.39  37.6  54  3.8138  92.3999
377.789  319.18  1929.65  94.9966  168.065  0.38  37.6  54  3.8138  92.3999
377.837  319.18  1877.44  95.1024  166.971  0.39  37.6  54  3.8138  92.3999
377.886  319.18  1830.68  90.0467  1.493  0.4  37.6  54  3.8138  92.3999
377.935  319.308  2002.55  89.5955  14.137  0.36  37.6  54  3.8138  92.3999
377.984  319.308  1855.86  95.2614  170.182  0.39  38  54  3.8138  92.3999
378.032  319.308  1911.27  95.1086  170.187  0.38  38  54  3.8138  92.3999
378.081  319.437  1909.39  95.0468  167.969  0.38  38  54  3.8138  92.3999
378.13  319.437  1867.45  95.5156  179.495  0.39  38  54  3.8138  92.3999
378.179  319.437  1910.45  95.2567  175.031  0.38  38  54  3.8138  92.3999
378.227  319.566  1924.85  95.9607  199.889  0.38  38  54  3.8138  92.3999
378.276  319.566  1981.88  90.009  0.313  0.37  37.2  54  3.8138  92.3999
378.325  319.566  1930.12  94.4857  150.954  0.38  37.2  54  3.8138  92.3999
378.374  319.695  1874.07  95.0298  164.306  0.39  37.2  54  3.8138  92.3999
378.422  319.695  1963  88.9954  34.418  0.37  37.2  54  3.8138  92.3999
378.471  319.695  2000.73  89.7202  9.772  0.36  37.2  54  3.8138  92.3999
378.52  319.824  1808.53  90.036  1.135  0.4  37.2  54  3.8138  92.3999
378.569  319.824  2033.38  89.9745  0.906  0.36  37.9  54  3.8138  92.3999
378.618  319.824  1898.39  95.0196  166.101  0.38  37.9  54  3.8138  92.3999
378.666  319.952  1950.46  89.7971  6.907  0.37  37.9  54  3.8138  92.3999
378.715  319.952  1922.51  94.848  162.477  0.38  37.9  54  3.8138  92.3999
378.764  319.952  1997.96  90.0193  0.673  0.36  37.9  54  3.8138  92.3999
378.813  320.081  1876.96  90.026  0.853  0.39  37.9  54  3.8138  92.3999
378.862  320.081  2000.57  89.5676  15.096  0.36  37.9  54  3.8138  92.3999
378.91  320.081  1882.62  94.9291  161.762  0.39  36.8  54  3.8138  92.3999
378.959  320.21  1888.44  94.0212  132.428  0.38  36.8  54  3.8138  92.3999
379.008  320.21  1917.84  94.5638  152.601  0.38  36.8  54  3.8138  92.3999
379.057  320.21  1883.39  94.7832  157.048  0.39  36.8  54  3.8138  92.3999
379.106  320.339  1994.51  89.8876  3.913  0.36  36.8  54  3.8138  92.3999
379.154  320.339  1907.64  95.0099  166.591  0.38  36.8  54  3.8138  92.3999
379.203  320.339  1860.16  95.2347  169.714  0.39  37.3  54  3.8138  92.3999
379.252  320.468  2033.86  90.0105  0.374  0.36  37.3  54  3.8138  92.3999
379.301  320.468  1891.95  94.9649  163.74  0.38  37.3  54  3.8138  92.3999
379.349  320.468  1873.8  94.1203  134.634  0.39  37.3  54  3.8138  92.3999
379.398  320.596  2021.73  89.5323  16.503  0.36  37.3  54  3.8138  92.3999
379.447  320.596  1882.15  94.8381  158.741  0.39  37.3  54  3.8138  92.3999
379.496  320.596  1956.05  89.0734  31.633  0.37  36.8  54  3.8138  92.3999
379.544  320.725  1918.34  94.6565  155.734  0.38  36.8  54  3.8138  92.3999
379.593  320.725  1953.13  89.8948  3.587  0.37  36.8  54  3.8138  92.3999
379.642  320.725  1987.27  89.9629  1.286  0.36  36.8  54  3.8138  92.3999
379.691  320.854  1906.51  96.0634  201.383  0.38  36.8  54  3.8138  92.3999
379.74  320.854  1855.31  94.0136  129.859  0.39  36.8  54  3.8138  92.3999
379.789  320.983  1918.16  94.9229  164.606  0.38  36.7  54  3.8138  92.3999
379.837  320.983  1879.65  96.2139  203.455  0.39  36.7  54  3.8138  92.3999
379.886  320.983  1933.39  89.1292  29.385  0.37  36.7  54  3.8138  92.3999
379.935  321.112  2009.44  89.4817  18.178  0.36  36.7  54  3.8138  92.3999
379.984  321.112  2000.97  90.0039  0.136  0.36  36.7  54  3.8138  92.3999
380.033  321.112  1990.2  89.7958  7.093  0.36  36.7  54  3.8138  92.3999
380.081  321.24  1921.89  94.7301  158.483  0.38  37.2  54  3.8138  92.3999
380.13  321.24  1797.02  90.0611  1.917  0.4  37.2  54  3.8138  92.3999
380.179  321.24  1917.35  95.0715  169.492  0.38  37.2  54  3.8138  92.3999
380.228  321.369  1914.32  96.0674  202.341  0.38  37.2  54  3.8138  92.3999
380.276  321.369  1887.63  95.0171  165.08  0.38  37.2  54  3.8138  92.3999
380.325  321.369  1912.55  95.053  168.453  0.38  37.2  54  3.8138  92.3999
380.374  321.498  1899.65  94.9643  164.387  0.38  37.3  54  3.8138  92.3999
380.423  321.498  1805.52  89.9999  0.003  0.4  37.3  54  3.8138  92.3999
380.471  321.498  1996.8  89.6643  11.699  0.36  37.3  54  3.8138  92.3999
380.52  321.627  1866.88  96.3785  207.404  0.39  37.3  54  3.8138  92.3999
380.569  321.627  1960.06  89.9531  1.603  0.37  37.3  54  3.8138  92.3999
380.618  321.627  1907.47  94.6775  155.549  0.38  37.3  54  3.8138  92.3999
380.666  321.756  1859.81  95.4689  177.251  0.39  37.6  54  3.8138  92.3999
380.715  321.756  1986.44  89.8913  3.768  0.36  37.6  54  3.8138  92.3999
380.764  321.756  1899.65  94.9643  164.387  0.38  37.6  54  3.8138  92.3999
380.812  321.884  1867.51  94.0695  132.53  0.39  37.6  54  3.8138  92.3999
380.861  321.884  1938.97  94.9398  166.962  0.37  37.6  54  3.8138  92.3999
380.91  321.884  1879.65  96.2139  203.455  0.39  37.6  54  3.8138  92.3999
380.958  322.013  1987.82  89.9784  0.749  0.36  38.7  54  3.8138  92.3999
381.007  322.013  1929.65  94.9966  168.065  0.38  38.7  54  3.8138  92.3999
381.056  322.013  1870.47  94.9122  160.167  0.39  38.7  54  3.8138  92.3999
381.105  322.142  1972.11  88.8281  40.334  0.37  38.7  54  3.8138  92.3999
381.154  322.142  1932.43  94.6159  155.511  0.38  38.7  54  3.8138  92.3999
381.202  322.142  1944.6  89.8283  5.826  0.37  38.7  54  3.8138  92.3999
381.251  322.271  1984.1  89.8277  5.967  0.36  37.9  54  3.8138  92.3999
381.3  322.271  1902.65  94.9457  164.029  0.38  37.9  54  3.8138  92.3999
381.348  322.271  1854.86  94.2022  135.917  0.39  37.9  54  3.8138  92.3999
381.397  322.4  1991.03  89.8676  4.602  0.36  37.9  54  3.8138  92.3999
381.446  322.4  1885.57  94.9106  161.407  0.39  37.9  54  3.8138  92.3999
381.495  322.4  1943.93  89.1056  30.343  0.37  37.9  54  3.8138  92.3999
381.544  322.528  1995.83  89.8604  4.863  0.36  37.9  54  3.8138  92.3999
381.592  322.528  1869.02  94.9214  160.342  0.39  38  54  3.8138  92.3999
381.641  322.528  1970.56  87.9531  70.384  0.37  38  54  3.8138  92.3999
381.69  322.657  2014.04  89.7275  9.579  0.36  38  54  3.8138  92.3999
381.739  322.657  1949.11  89.9531  1.596  0.37  38  54  3.8138  92.3999
381.788  322.657  1920.32  90.0236  0.789  0.38  38  54  3.8138  92.3999
381.837  322.786  1896.18  96.1685  203.751  0.38  38  54  3.8138  92.3999
381.885  322.786  1866.56  94.1693  135.706  0.39  37  54  3.8138  92.3999
381.934  322.786  1917.59  95.1179  171.061  0.38  37  54  3.8138  92.3999
381.983  322.915  1883.2  96.3348  207.79  0.39  37  54  3.8138  92.3999
382.032  322.915  1951.65  89.0987  30.699  0.37  37  54  3.8138  92.3999
382.08  322.915  2008.06  89.6432  12.504  0.36  37  54  3.8138  92.3999
382.129  323.044  1992.98  90.007  0.243  0.36  37  54  3.8138  92.3999
382.178  323.044  2020.49  90.0012  0.042  0.36  38  54  3.8138  92.3999
382.227  323.172  1938.64  94.5768  154.694  0.37  38  54  3.8138  92.3999
382.275  323.172  1881.74  95.0539  165.766  0.39  38  54  3.8138  92.3999
382.324  323.172  1985.3  88.9816  35.287  0.36  38  54  3.8138  92.3999
382.373  323.301  1886.34  94.7644  156.677  0.38  38  54  3.8138  92.3999
382.422  323.301  1811.18  88.8945  34.944  0.4  38  54  3.8138  92.3999
382.47  323.301  1699.51  88.636  40.456  0.43  38.2  54  3.8138  92.3999
382.519  323.43  1555.66  94.1731  113.204  0.47  38.2  54  3.8138  92.3999
382.568  323.43  1687.83  90.0296  0.871  0.43  38.2  54  3.8138  92.3999
382.617  323.43  1835.78  88.774  39.28  0.39  38.2  54  3.8138  92.3999
382.666  323.559  1828.71  95.6581  180.295  0.4  38.2  54  3.8138  92.3999
382.715  323.559  1963  88.9954  34.418  0.37  38.2  54  3.8138  92.3999
382.763  323.559  1993.03  89.7605  8.33  0.36  37.7  54  3.8138  92.3999
382.812  323.688  1876.1  95.1358  167.942  0.39  37.7  54  3.8138  92.3999
382.861  323.688  1988.96  88.8835  38.755  0.36  37.7  54  3.8138  92.3999
382.909  323.688  1908.68  94.9082  163.306  0.38  37.7  54  3.8138  92.3999
382.958  323.817  1923.17  89.2993  23.518  0.38  37.7  54  3.8138  92.3999
383.007  323.817  1846.89  89.8933  3.44  0.39  37.7  54  3.8138  92.3999
383.056  323.817  1741.67  89.3997  18.247  0.42  38.5  54  3.8138  92.3999
383.104  323.945  1700.94  89.9142  2.547  0.43  38.5  54  3.8138  92.3999
383.153  323.945  1712.68  89.663  10.074  0.42  38.5  54  3.8138  92.3999
383.202  323.945  1692.82  89.6886  9.202  0.43  38.5  54  3.8138  92.3999
383.251  324.074  1699.45  88.8508  34.085  0.43  38.5  54  3.8138  92.3999
383.3  324.074  1641.56  94.3275  123.869  0.44  38.5  54  3.8138  92.3999
383.348  324.074  1706.14  90.0154  0.459  0.42  35.4  54  3.8138  92.3999
383.397  324.203  1707.71  88.513  44.317  0.42  35.4  54  3.8138  92.3999
383.446  324.203  1628.68  94.5077  128.003  0.45  35.4  54  3.8138  92.3999
383.495  324.203  1654.7  89.0899  26.282  0.44  35.4  54  3.8138  92.3999
383.543  324.332  1580.94  94.1833  115.327  0.46  35.4  54  3.8138  92.3999
383.592  324.332  1566.49  94.9825  136.053  0.46  35.4  54  3.8138  92.3999
383.641  324.332  1700.17  88.6971  38.658  0.43  36.8  54  3.8138  92.3999
383.69  324.461  1808.67  95.5997  176.485  0.4  36.8  54  3.8138  92.3999
383.738  324.461  1816.88  95.866  185.689  0.4  36.8  54  3.8138  92.3999
383.787  324.461  1949.33  89.0368  32.77  0.37  36.8  54  3.8138  92.3999
383.836  324.589  1909.71  94.8064  160.013  0.38  36.8  54  3.8138  92.3999
383.885  324.589  1867.24  95.4703  178.005  0.39  36.8  54  3.8138  92.3999
383.933  324.589  2043.28  89.9632  1.311  0.35  36.8  54  3.8138  92.3999
383.982  324.718  1899.88  95.0103  165.926  0.38  37.3  54  3.8138  92.3999
384.031  324.718  1869.9  93.9597  129.124  0.39  37.3  54  3.8138  92.3999
384.08  324.718  1994.43  88.9292  37.272  0.36  37.3  54  3.8138  92.3999
384.128  324.847  1963.21  89.954  1.575  0.37  37.3  54  3.8138  92.3999
384.177  324.847  1920.32  89.0567  31.614  0.38  37.3  54  3.8138  92.3999
384.226  324.847  1744.6  94.6044  140.048  0.42  37.3  54  3.8138  92.3999
384.275  324.976  1630.51  94.4124  125.442  0.45  38  54  3.8138  92.3999
384.323  324.976  1605.53  88.8551  32.08  0.45  38  54  3.8138  92.3999
384.372  324.976  1866.35  87.12  93.774  0.39  38  54  3.8138  92.3999
384.421  325.105  1916.23  81.9175  269.421  0.38  38  54  3.8138  92.3999
384.47  325.105  1996.87  81.408  298.325  0.37  38  54  3.8138  92.3999
384.519  325.105  1952.15  82.9346  240.119  0.37  38  54  3.8138  92.3999
384.567  325.233  1922.33  82.0782  264.937  0.38  37.8  54  3.8138  92.3999
384.616  325.233  1977.4  81.5634  290.114  0.37  37.8  54  3.8138  92.3999
384.665  325.362  1962.08  82.8421  244.483  0.37  37.8  54  3.8138  92.3999
384.714  325.362  1965.85  82.0329  272.473  0.37  37.8  54  3.8138  92.3999
384.762  325.362  1993.63  82.5281  259.251  0.37  37.8  54  3.8138  92.3999
384.811  325.491  1907.53  81.1827  292.395  0.38  37.8  54  3.8138  92.3999
384.86  325.491  1938.63  80.5965  316.745  0.38  37.4  54  3.8138  92.3999
384.909  325.491  1923.68  80.8437  306.114  0.38  37.4  54  3.8138  92.3999
384.957  325.62  1934.7  82.1374  264.663  0.38  37.4  54  3.8138  92.3999
385.006  325.62  1982.65  81.3  299.898  0.37  37.4  54  3.8138  92.3999
385.055  325.62  1947.7  82.775  244.956  0.37  37.4  54  3.8138  92.3999
385.104  325.749  1845.19  79.6199  332.461  0.4  37.4  54  3.8138  92.3999
385.153  325.749  1844.93  77.5412  398.021  0.4  37.8  54  3.8138  92.3999
385.201  325.749  1938.12  76.8572  440.687  0.38  37.8  54  3.8138  92.3999
385.25  325.877  1882.74  74.8891  490.808  0.4  37.8  54  3.8138  92.3999
385.299  325.877  1870.27  73.7528  523.267  0.4  37.8  54  3.8138  92.3999
385.348  325.877  1864.99  74.2552  506.071  0.4  37.8  54  3.8138  92.3999
385.396  326.006  1631.53  88.6682  37.919  0.44  37.8  54  3.8138  92.3999
385.445  326.006  1573.5  89.5923  11.197  0.46  38.8  54  3.8138  92.3999
385.494  326.006  1514.32  94.3831  115.731  0.48  38.8  54  3.8138  92.3999
385.543  326.135  1686.32  94.0264  118.407  0.43  38.8  54  3.8138  92.3999
385.591  326.135  1808.9  94.2194  133.091  0.4  38.8  54  3.8138  92.3999
385.64  326.135  1919.52  89.2464  25.248  0.38  38.8  54  3.8138  92.3999
385.689  326.264  2041.7  89.9711  1.028  0.35  38.8  54  3.8138  92.3999
385.738  326.264  1997.49  89.9839  0.562  0.36  37.5  54  3.8138  92.3999
385.786  326.264  1963  88.9954  34.418  0.37  37.5  54  3.8138  92.3999
385.835  326.393  1998.34  89.6562  11.992  0.36  37.5  54  3.8138  92.3999
385.884  326.393  1863.7  95.3523  173.845  0.39  37.5  54  3.8138  92.3999
385.933  326.393  1895.86  89.6562  11.374  0.38  37.5  54  3.8138  92.3999
385.981  326.521  1712.86  95.1921  155.007  0.42  37.5  54  3.8138  92.3999
386.03  326.521  1687.78  88.7498  36.823  0.43  37.4  54  3.8138  92.3999
386.079  326.521  1658.92  89.2838  20.737  0.44  37.4  54  3.8138  92.3999
386.128  326.65  1531.57  94.0277  107.575  0.47  37.4  54  3.8138  92.3999
386.176  326.65  1606.13  89.4491  15.442  0.45  37.4  54  3.8138  92.3999
386.226  326.65  1737.14  94.9402  149.595  0.42  37.4  54  3.8138  92.3999
386.274  326.779  1825.94  95.6749  180.557  0.4  37.4  54  3.8138  92.3999
386.323  326.779  1867.89  94.1386  134.805  0.39  37.4  54  3.8138  92.3999
386.372  326.779  2004.95  89.6596  11.912  0.36  36.6  54  3.8138  92.3999
386.421  326.908  1970.41  89.9737  0.905  0.37  36.6  54  3.8138  92.3999
386.469  326.908  1895.85  93.9711  131.293  0.38  36.6  54  3.8138  92.3999
386.518  326.908  1883.77  95.1571  169.325  0.39  36.6  54  3.8138  92.3999
386.568  327.037  1855.86  95.2614  170.182  0.39  36.6  54  3.8138  92.3999
386.617  327.037  1989.32  89.9707  1.017  0.36  36.6  54  3.8138  92.3999
386.666  327.037  1881.61  95.0294  164.957  0.39  37.1  54  3.8138  92.3999
386.714  327.165  1799.72  89.9952  0.15  0.4  37.1  54  3.8138  92.3999
386.763  327.165  1997.06  89.5481  15.753  0.36  37.1  54  3.8138  92.3999
386.812  327.165  1877.21  95.0569  165.467  0.39  37.1  54  3.8138  92.3999
386.861  327.294  1952.07  89.1339  29.505  0.37  37.1  54  3.8138  92.3999
386.91  327.294  1917.79  94.8516  162.197  0.38  37.1  54  3.8138  92.3999
386.959  327.423  1927.23  89.9208  2.664  0.38  36.8  54  3.8138  92.3999
387.008  327.423  2006.83  89.9564  1.527  0.36  36.8  54  3.8138  92.3999
387.056  327.423  1904.11  96.2193  206.279  0.38  36.8  54  3.8138  92.3999
387.105  327.552  1873.8  94.1203  134.634  0.39  36.8  54  3.8138  92.3999
387.154  327.552  1914.07  95.0437  168.277  0.38  36.8  54  3.8138  92.3999
387.203  327.552  1879.92  94.9931  163.62  0.39  36.8  54  3.8138  92.3999
387.252  327.681  1809.92  90.0122  0.385  0.4  36.9  54  3.8138  92.3999
387.301  327.681  1997.65  89.7363  9.193  0.36  36.9  54  3.8138  92.3999
387.349  327.681  1952.73  89.8596  4.785  0.37  36.9  54  3.8138  92.3999
387.398  327.809  1824.62  90.0065  0.208  0.4  36.9  54  3.8138  92.3999
387.447  327.809  1923.92  94.8135  161.442  0.38  36.9  54  3.8138  92.3999
387.496  327.809  1973.34  89.9584  1.433  0.37  36.9  54  3.8138  92.3999
387.545  327.938  1991.03  89.8676  4.602  0.36  36.6  54  3.8138  92.3999
387.594  327.938  1887.82  94.755  156.491  0.38  36.6  54  3.8138  92.3999
387.642  327.938  1845.88  94.171  134.256  0.39  36.6  54  3.8138  92.3999
387.691  328.067  2007.76  90.0276  0.966  0.36  36.6  54  3.8138  92.3999
387.74  328.067  1856.07  95.0037  161.885  0.39  36.6  54  3.8138  92.3999
387.789  328.067  1983.81  90.0365  1.265  0.36  36.6  54  3.8138  92.3999
387.837  328.196  1909.75  95.1178  170.359  0.38  36.9  54  3.8138  92.3999
387.886  328.196  1873.15  94.8485  158.32  0.39  36.9  54  3.8138  92.3999
387.935  328.196  1832.06  90.0037  0.117  0.39  36.9  54  3.8138  92.3999
387.984  328.325  1918.28  94.9444  165.334  0.38  36.9  54  3.8138  92.3999
388.033  328.325  1935.21  89.9522  1.616  0.37  36.9  54  3.8138  92.3999
388.081  328.325  2042.19  90.0074  0.263  0.35  36.9  54  3.8138  92.3999
388.13  328.454  1895.5  96.3613  210.018  0.38  38.6  54  3.8138  92.3999
388.179  328.454  1956.08  89.8792  4.123  0.37  38.6  54  3.8138  92.3999
388.228  328.454  1934.05  94.9214  165.922  0.38  38.6  54  3.8138  92.3999
388.276  328.582  1893.21  94.9098  162.035  0.38  38.6  54  3.8138  92.3999
388.325  328.582  1832.06  90.0037  0.117  0.39  38.6  54  3.8138  92.3999
388.374  328.582  2015.17  89.683  11.15  0.36  38.6  54  3.8138  92.3999
388.423  328.711  1891.95  94.9649  163.74  0.38  37.9  54  3.8138  92.3999
388.471  328.711  1987.27  89.9629  1.286  0.36  37.9  54  3.8138  92.3999
388.52  328.711  1925.21  94.7574  159.672  0.38  37.9  54  3.8138  92.3999
388.569  328.84  1858.94  95.2887  171.345  0.39  37.9  54  3.8138  92.3999
388.618  328.84  2003.78  89.8398  5.604  0.36  37.9  54  3.8138  92.3999
388.666  328.84  1903.91  96.1729  204.726  0.38  37.9  54  3.8138  92.3999
388.715  328.969  1875.31  95.2811  172.608  0.39  38.8  54  3.8138  92.3999
388.764  328.969  1990.92  89.5809  14.562  0.36  38.8  54  3.8138  92.3999
388.813  328.969  1882.59  96.1974  203.234  0.39  38.8  54  3.8138  92.3999
388.861  329.098  1959.85  89.1271  29.856  0.37  38.8  54  3.8138  92.3999
388.91  329.098  2002.28  89.712  10.063  0.36  38.8  54  3.8138  92.3999
388.959  329.098  1967.29  89.8953  3.595  0.37  38.8  54  3.8138  92.3999
389.008  329.226  1983.07  88.8023  41.451  0.36  38.8  54  3.8138  92.3999
389.056  329.226  1995.41  89.8244  6.115  0.36  37.7  54  3.8138  92.3999
389.105  329.226  1870.36  95.4981  179.206  0.39  37.7  54  3.8138  92.3999
389.154  329.355  1922.27  94.8015  160.902  0.38  37.7  54  3.8138  92.3999
389.203  329.355  1893.91  95.0473  166.622  0.38  37.7  54  3.8138  92.3999
389.251  329.355  1970.9  89.9342  2.265  0.37  37.7  54  3.8138  92.3999
389.3  329.484  1927.86  94.9593  166.66  0.38  37.7  54  3.8138  92.3999
389.349  329.484  1881.15  94.9384  161.938  0.39  37.3  54  3.8138  92.3999
389.398  329.613  1970.25  89.0677  32.058  0.37  37.3  54  3.8138  92.3999
389.446  329.613  2008.92  89.7157  9.969  0.36  37.3  54  3.8138  92.3999
389.495  329.613  1877.44  95.4086  176.964  0.39  37.3  54  3.8138  92.3999
389.545  329.742  2014.34  90.0323  1.135  0.36  37.3  54  3.8138  92.3999
389.593  329.742  1902.95  94.7061  156.128  0.38  37.3  54  3.8138  92.3999
389.642  329.742  1871.51  89.558  14.437  0.39  38.3  54  3.8138  92.3999
389.691  329.87  1785.69  87.9654  63.399  0.41  38.3  54  3.8138  92.3999
389.74  329.87  1663.09  95.49  159.11  0.44  38.3  54  3.8138  92.3999
389.788  329.87  1679.65  89.0817  26.92  0.43  38.3  54  3.8138  92.3999
389.837  329.999  1723.18  89.7472  7.602  0.42  38.3  54  3.8138  92.3999
389.886  329.999  1679.62  88.9678  30.258  0.43  38.3  54  3.8138  92.3999
389.935  329.999  1670.1  87.9827  58.789  0.43  36.9  54  3.8138  92.3999
389.983  330.128  1705.7  89.9179  2.446  0.42  36.9  54  3.8138  92.3999
390.032  330.128  1643.98  89.1311  24.931  0.44  36.9  54  3.8138  92.3999
390.081  330.128  1648.74  88.2075  51.573  0.44  36.9  54  3.8138  92.3999
390.13  330.257  1634.37  88.3146  48.068  0.44  36.9  54  3.8138  92.3999
390.178  330.257  1617.49  89.5269  13.355  0.45  36.9  54  3.8138  92.3999
390.227  330.257  1565.62  94.0729  111.2  0.46  36.9  54  3.8138  92.3999
390.276  330.386  1565.48  94.9903  136.175  0.46  36.9  54  3.8138  92.3999
390.325  330.386  1735.06  89.3591  19.407  0.42  36.9  54  3.8138  92.3999
390.373  330.386  1921.13  89.3848  20.626  0.38  36.9  54  3.8138  92.3999
390.422  330.514  1794.09  90.0413  1.294  0.4  36.9  54  3.8138  92.3999
390.471  330.514  1958.8  89.1709  28.343  0.37  36.9  54  3.8138  92.3999
390.52  330.514  1902.71  94.6601  154.586  0.38  36.7  54  3.8138  92.3999
390.568  330.643  1872.03  95.5348  180.557  0.39  36.7  54  3.8138  92.3999
390.617  330.643  1995.63  89.8437  5.444  0.36  36.7  54  3.8138  92.3999
390.666  330.643  1904.46  94.6966  155.936  0.38  36.7  54  3.8138  92.3999
390.714  330.772  1814.44  90.0596  1.888  0.4  36.7  54  3.8138  92.3999
390.763  330.772  1919.21  94.8205  161.281  0.38  36.7  54  3.8138  92.3999
390.812  330.772  1900.89  96.1897  204.954  0.38  36.6  54  3.8138  92.3999
390.86  330.901  1827.55  89.9913  0.279  0.4  36.6  54  3.8138  92.3999
390.909  330.901  2001.85  89.6759  11.322  0.36  36.6  54  3.8138  92.3999
390.958  330.901  1886.49  95.0932  167.475  0.39  36.6  54  3.8138  92.3999
391.007  331.03  1879.38  94.0355  132.262  0.39  36.6  54  3.8138  92.3999
391.056  331.03  1910.68  95.303  176.589  0.38  36.6  54  3.8138  92.3999
391.105  331.03  1873.05  95.4352  177.414  0.39  36.7  54  3.8138  92.3999
391.153  331.158  1854.73  89.9949  0.164  0.39  36.7  54  3.8138  92.3999
391.202  331.158  1905.42  94.8809  162.121  0.38  36.7  54  3.8138  92.3999
391.251  331.158  1875.97  95.4175  177.115  0.39  36.7  54  3.8138  92.3999
391.3  331.287  1914.63  94.849  161.845  0.38  36.7  54  3.8138  92.3999
391.348  331.287  1892.65  95.1023  168.322  0.38  36.7  54  3.8138  92.3999
391.397  331.287  1935.85  89.0775  31.166  0.37  36.7  54  3.8138  92.3999
391.446  331.416  1943.08  95.1089  173.028  0.37  38.3  54  3.8138  92.3999
391.495  331.416  1879.58  95.2298  171.325  0.39  38.3  54  3.8138  92.3999
391.543  331.416  1960.9  89.0833  31.372  0.37  38.3  54  3.8138  92.3999
391.592  331.545  1988.02  89.7487  8.718  0.36  38.3  54  3.8138  92.3999
391.641  331.545  1872.03  95.5348  180.557  0.39  38.3  54  3.8138  92.3999
391.69  331.545  1991.44  89.9034  3.356  0.36  38.3  54  3.8138  92.3999
391.738  331.674  1919.76  96.2285  208.284  0.38  36.9  54  3.8138  92.3999
391.787  331.674  1944.33  89.9411  1.999  0.37  36.9  54  3.8138  92.3999
391.836  331.802  1936.17  94.715  159.153  0.37  36.9  54  3.8138  92.3999
391.885  331.802  1894.14  95.0931  168.152  0.38  36.9  54  3.8138  92.3999
391.934  331.802  1877.41  93.955  129.49  0.39  36.9  54  3.8138  92.3999
391.982  331.931  2007.63  89.607  13.77  0.36  36.9  54  3.8138  92.3999
392.031  331.931  1873.29  95.1749  168.965  0.39  36.7  54  3.8138  92.3999
392.08  331.931  1998.79  89.9597  1.405  0.36  36.7  54  3.8138  92.3999
392.129  332.06  1936.53  94.7836  161.492  0.37  36.7  54  3.8138  92.3999
392.177  332.06  1953.8  89.8166  6.253  0.37  36.7  54  3.8138  92.3999
392.227  332.06  2000.26  89.8197  6.295  0.36  36.7  54  3.8138  92.3999
392.276  332.189  1924.17  96.1565  206.355  0.38  36.7  54  3.8138  92.3999
392.324  332.189  1869.2  94.1047  133.795  0.39  37.8  54  3.8138  92.3999
392.373  332.189  1850.21  90.0182  0.587  0.39  37.8  54  3.8138  92.3999
392.422  332.318  1889.91  95.1664  170.183  0.38  37.8  54  3.8138  92.3999
392.471  332.318  1811.46  90.0397  1.254  0.4  37.8  54  3.8138  92.3999
392.52  332.318  2000.57  89.5676  15.096  0.36  37.8  54  3.8138  92.3999
392.568  332.446  1870.24  94.867  158.676  0.39  37.8  54  3.8138  92.3999
392.617  332.446  1981.06  89.8436  5.409  0.37  39.3  54  3.8138  92.3999
392.666  332.446  1924.71  94.6643  156.514  0.38  39.3  54  3.8138  92.3999
392.715  332.575  1980.6  90.033  1.14  0.37  39.3  54  3.8138  92.3999
392.763  332.575  2010.34  89.9765  0.826  0.36  39.3  54  3.8138  92.3999
392.812  332.575  1915.54  94.7221  157.691  0.38  39.3  54  3.8138  92.3999
392.861  332.704  1862.26  95.3611  173.996  0.39  39.3  54  3.8138  92.3999
392.91  332.704  1931.43  95.0339  169.474  0.38  37.3  54  3.8138  92.3999
392.959  332.704  1893.19  96.1852  203.978  0.38  37.3  54  3.8138  92.3999
393.007  332.833  1873.05  93.9849  130.164  0.39  37.3  54  3.8138  92.3999
393.056  332.833  2010.91  89.7438  8.992  0.36  37.3  54  3.8138  92.3999
393.105  332.833  1811.31  89.9859  0.447  0.4  37.3  54  3.8138  92.3999
393.154  332.962  1961.52  89.0039  34.098  0.37  37.3  54  3.8138  92.3999
393.202  332.962  1910.91  95.0375  167.793  0.38  37.7  54  3.8138  92.3999
393.251  332.962  1972.77  90.0359  1.237  0.37  37.7  54  3.8138  92.3999
393.3  333.091  1856.24  89.9872  0.416  0.39  37.7  54  3.8138  92.3999
393.349  333.091  1912.42  95.0282  167.617  0.38  37.7  54  3.8138  92.3999
393.397  333.091  1874.76  94.0201  131.431  0.39  37.7  54  3.8138  92.3999
393.446  333.219  1934.62  94.7247  159.35  0.38  37.7  54  3.8138  92.3999
393.495  333.219  1884.09  94.9199  161.585  0.39  37.6  54  3.8138  92.3999
393.544  333.219  1975.01  89.8751  4.305  0.37  37.6  54  3.8138  92.3999
393.592  333.348  1998.49  89.8084  6.684  0.36  37.6  54  3.8138  92.3999
393.641  333.348  1877.76  94.866  159.282  0.39  37.6  54  3.8138  92.3999
393.69  333.348  1973.68  89.0862  31.476  0.37  37.6  54  3.8138  92.3999
393.739  333.477  1915.16  96.2537  208.621  0.38  37.6  54  3.8138  92.3999
393.787  333.477  1942.08  89.8788  4.107  0.37  37.9  54  3.8138  92.3999
393.836  333.477  1923.8  94.792  160.71  0.38  37.9  54  3.8138  92.3999
393.885  333.606  1907.14  96.2025  206.054  0.38  37.9  54  3.8138  92.3999
393.934  333.606  1867.51  94.0695  132.53  0.39  37.9  54  3.8138  92.3999
393.982  333.606  1940.03  94.8364  163.565  0.37  37.9  54  3.8138  92.3999
394.031  333.735  1887.97  95.084  167.306  0.38  37.9  54  3.8138  92.3999
394.08  333.735  1872.96  95.1085  166.774  0.39  37.9  54  3.8138  92.3999
394.129  333.735  1931.66  94.4758  150.744  0.38  37.9  54  3.8138  92.3999
394.177  333.863  1886.58  94.81  158.194  0.38  37.9  54  3.8138  92.3999
394.226  333.863  1972  89.8908  3.757  0.37  37.9  54  3.8138  92.3999
394.275  333.992  1917.06  94.7125  157.497  0.38  37.9  54  3.8138  92.3999
394.324  333.992  1962.41  89.8833  3.996  0.37  37.9  54  3.8138  92.3999
394.372  333.992  2010.13  89.9605  1.385  0.36  37.9  54  3.8138  92.3999
394.421  334.121  1908.87  96.2406  207.5  0.38  36.9  54  3.8138  92.3999
394.47  334.121  1870.72  95.2626  171.583  0.39  36.9  54  3.8138  92.3999
394.519  334.121  2007.2  89.5708  15.036  0.36  36.9  54  3.8138  92.3999
394.567  334.25  1899.18  96.1518  203.522  0.38  36.9  54  3.8138  92.3999
394.617  334.25  2001.22  90.0229  0.8  0.36  36.9  54  3.8138  92.3999
394.666  334.25  1942.78  94.745  160.708  0.37  36.9  54  3.8138  92.3999
394.714  334.379  1881.61  95.0294  164.957  0.39  36.3  54  3.8138  92.3999
394.763  334.379  2023.58  89.9856  0.51  0.36  36.3  54  3.8138  92.3999
394.812  334.379  1935.93  95.947  200.579  0.38  36.3  54  3.8138  92.3999
394.861  334.507  1945.39  89.8984  3.45  0.37  36.3  54  3.8138  92.3999
394.91  334.507  2036.51  89.9587  1.468  0.36  36.3  54  3.8138  92.3999
394.958  334.507  1911.49  96.1309  204.146  0.38  36.3  54  3.8138  92.3999
395.007  334.636  1996.23  90.0106  0.368  0.36  37.5  54  3.8138  92.3999
395.056  334.636  1935.26  95.1556  173.906  0.38  37.5  54  3.8138  92.3999
395.105  334.636  1876.2  95.1569  168.639  0.39  37.5  54  3.8138  92.3999
395.153  334.765  1951.4  88.9493  35.783  0.37  37.5  54  3.8138  92.3999
395.202  334.765  1918.09  94.6101  154.167  0.38  37.5  54  3.8138  92.3999
395.251  334.765  1870.38  95.193  169.289  0.39  37.5  54  3.8138  92.3999
395.3  334.894  2018.95  90.009  0.317  0.36  38  54  3.8138  92.3999
395.349  334.894  1904.15  94.9363  163.85  0.38  38  54  3.8138  92.3999
395.397  334.894  1795.42  89.9992  0.026  0.4  38  54  3.8138  92.3999
395.446  335.023  1920.17  95.0064  167.566  0.38  38  54  3.8138  92.3999
395.495  335.023  1895.17  94.9922  164.917  0.38  38  54  3.8138  92.3999
395.544  335.023  1947.06  89.2377  25.904  0.37  38  54  3.8138  92.3999
395.592  335.151  1921.94  95.0435  168.963  0.38  36.7  54  3.8138  92.3999
395.641  335.151  1986.09  89.9672  1.136  0.36  36.7  54  3.8138  92.3999
395.69  335.151  1799.72  89.9952  0.15  0.4  36.7  54  3.8138  92.3999
395.739  335.28  1924.46  94.6178  154.937  0.38  36.7  54  3.8138  92.3999
395.787  335.28  1814.29  90.0057  0.182  0.4  36.7  54  3.8138  92.3999
395.836  335.28  2014.34  90.0323  1.135  0.36  36.7  54  3.8138  92.3999
395.885  335.409  1908.74  94.6218  153.802  0.38  37.4  54  3.8138  92.3999
395.934  335.409  1871.16  95.3533  174.572  0.39  37.4  54  3.8138  92.3999
395.982  335.409  2015.55  89.856  5.067  0.36  37.4  54  3.8138  92.3999
396.031  335.538  1903.49  96.0803  201.623  0.38  37.4  54  3.8138  92.3999
396.08  335.538  1858.16  93.9939  129.422  0.39  37.4  54  3.8138  92.3999
396.129  335.538  1995.26  89.6724  11.407  0.36  37.4  54  3.8138  92.3999
396.177  335.667  1869.7  95.0571  164.813  0.39  37.5  54  3.8138  92.3999
396.226  335.667  1886.71  93.9857  131.141  0.38  37.5  54  3.8138  92.3999
396.275  335.667  1926.99  94.7944  161.06  0.38  37.5  54  3.8138  92.3999
396.324  335.795  1876.76  94.9661  162.462  0.39  37.5  54  3.8138  92.3999
396.373  335.795  1990.32  89.9472  1.834  0.36  37.5  54  3.8138  92.3999
396.421  335.795  1911.47  94.8431  161.382  0.38  37.5  54  3.8138  92.3999
396.47  335.924  1876.77  95.2722  172.451  0.39  37.5  54  3.8138  92.3999
396.519  335.924  1912.55  95.053  168.453  0.38  37.2  54  3.8138  92.3999
396.568  335.924  1901.62  95.047  167.292  0.38  37.2  54  3.8138  92.3999
396.617  336.053  1949.76  89.0719  31.58  0.37  37.2  54  3.8138  92.3999
396.665  336.053  1928.34  95.0527  169.832  0.38  37.2  54  3.8138  92.3999
396.714  336.182  1880.37  95.0841  166.636  0.39  37.2  54  3.8138  92.3999
396.763  336.182  1954.38  89.1961  27.421  0.37  37.2  54  3.8138  92.3999
396.812  336.182  1935.27  94.5496  153.51  0.37  38.1  54  3.8138  92.3999
396.861  336.311  1874.95  95.5173  180.268  0.39  38.1  54  3.8138  92.3999
396.909  336.311  2007.73  89.8961  3.642  0.36  38.1  54  3.8138  92.3999
396.958  336.311  1903.68  94.8442  160.759  0.38  38.1  54  3.8138  92.3999
397.007  336.439  1867.15  95.1447  167.431  0.39  38.1  54  3.8138  92.3999
397.055  336.439  2028.7  89.998  0.07  0.36  38.1  54  3.8138  92.3999
397.104  336.439  1907.47  94.6775  155.549  0.38  38.2  54  3.8138  92.3999
397.153  336.568  1887.87  95.0628  166.6  0.38  38.2  54  3.8138  92.3999
397.201  336.568  2003.66  89.5511  15.697  0.36  38.2  54  3.8138  92.3999
397.25  336.568  1874.76  96.4749  211.413  0.39  38.2  54  3.8138  92.3999
397.299  336.697  1829.2  90.0543  1.735  0.4  38.2  54  3.8138  92.3999
397.348  336.697  1927.29  94.5518  152.952  0.38  38.2  54  3.8138  92.3999
397.397  336.697  1959.84  89.9342  2.25  0.37  37.9  54  3.8138  92.3999
397.445  336.826  1999.13  89.8637  4.755  0.36  37.9  54  3.8138  92.3999
397.494  336.826  1903.92  94.8903  162.304  0.38  37.9  54  3.8138  92.3999
397.543  336.826  1874.95  95.5173  180.268  0.39  37.9  54  3.8138  92.3999
397.592  336.955  1927.62  94.9127  165.076  0.38  37.9  54  3.8138  92.3999
397.641  336.955  1894.93  94.9463  163.385  0.38  37.9  54  3.8138  92.3999
397.69  336.955  1988.28  90.0136  0.473  0.36  38.3  54  3.8138  92.3999
397.738  337.083  1921.36  95.239  175.439  0.38  38.3  54  3.8138  92.3999
397.787  337.083  1888.05  94.8007  158.01  0.38  38.3  54  3.8138  92.3999
397.836  337.083  1970.44  88.9523  36.028  0.37  38.3  54  3.8138  92.3999
397.885  337.212  1925.75  94.5616  153.156  0.38  38.3  54  3.8138  92.3999
397.934  337.212  1955  89.9222  2.654  0.37  38.3  54  3.8138  92.3999
397.982  337.212  1853.22  90.0027  0.087  0.39  36.8  54  3.8138  92.3999
398.031  337.341  1902.89  94.9917  165.573  0.38  36.8  54  3.8138  92.3999
398.08  337.341  1946.06  89.8206  6.095  0.37  36.8  54  3.8138  92.3999
398.129  337.341  2040.61  90.0152  0.542  0.35  36.8  54  3.8138  92.3999
398.177  337.47  1889.77  94.837  159.347  0.38  36.8  54  3.8138  92.3999
398.227  337.47  1878.17  94.0907  133.981  0.39  36.8  54  3.8138  92.3999
398.276  337.47  1939.79  94.7894  161.961  0.37  37.1  54  3.8138  92.3999
398.324  337.599  1883.31  95.0659  166.298  0.39  37.1  54  3.8138  92.3999
398.373  337.599  1976.52  89.8672  4.58  0.37  37.1  54  3.8138  92.3999
398.422  337.599  1925.29  96.0543  203.062  0.38  37.1  54  3.8138  92.3999
398.471  337.727  1877.76  94.866  159.282  0.39  37.1  54  3.8138  92.3999
398.52  337.727  1842.63  90.021  0.676  0.39  37.1  54  3.8138  92.3999
398.568  337.727  1895.63  95.0839  167.981  0.38  36.9  54  3.8138  92.3999
398.617  337.856  1988.28  90.0136  0.473  0.36  36.9  54  3.8138  92.3999
398.666  337.856  1914.87  94.8954  163.408  0.38  36.9  54  3.8138  92.3999
398.715  337.856  1895.17  94.9922  164.917  0.38  36.9  54  3.8138  92.3999
398.763  337.985  1955.85  89.1877  27.727  0.37  36.9  54  3.8138  92.3999
398.812  337.985  2012.9  89.772  8.012  0.36  36.9  54  3.8138  92.3999
398.861  337.985  1875.52  95.0206  164.136  0.39  37.9  54  3.8138  92.3999
398.91  338.114  1954.36  88.0567  66.274  0.37  37.9  54  3.8138  92.3999
398.959  338.114  2002.42  89.8645  4.735  0.36  37.9  54  3.8138  92.3999
399.008  338.114  1827.89  95.4807  174.583  0.4  37.9  54  3.8138  92.3999
399.056  338.243  1858.13  88.5241  47.859  0.39  37.9  54  3.8138  92.3999
399.106  338.243  1742.5  94.7062  142.964  0.42  37.9  54  3.8138  92.3999
399.154  338.372  1871.72  89.4492  17.994  0.39  37.9  54  3.8138  92.3999
399.203  338.372  1969.41  89.9419  1.996  0.37  36.9  54  3.8138  92.3999
399.252  338.372  1807.09  90.0435  1.372  0.4  36.9  54  3.8138  92.3999
399.301  338.5  1827.55  89.9913  0.279  0.4  36.9  54  3.8138  92.3999
399.35  338.5  2007.2  89.5708  15.036  0.36  36.9  54  3.8138  92.3999
399.399  338.5  1882.59  96.1974  203.234  0.39  36.9  54  3.8138  92.3999
399.448  338.629  1987.97  89.8834  4.045  0.36  36.9  54  3.8138  92.3999
399.496  338.629  1919.08  94.7957  160.44  0.38  37.7  54  3.8138  92.3999
399.545  338.629  1944.6  89.8283  5.826  0.37  37.7  54  3.8138  92.3999
399.594  338.758  2029.18  90.034  1.204  0.36  37.7  54  3.8138  92.3999
399.643  338.758  1886.81  94.8557  159.711  0.38  37.7  54  3.8138  92.3999
399.691  338.758  1877.34  95.0813  166.273  0.39  37.7  54  3.8138  92.3999
399.74  338.887  1924.19  95.1739  173.523  0.38  37.7  54  3.8138  92.3999
399.789  338.887  1878.18  96.2222  203.564  0.39  38.3  54  3.8138  92.3999
399.838  338.887  1994.73  90.0183  0.636  0.36  38.3  54  3.8138  92.3999
399.886  339.016  1938.38  95.137  173.557  0.37  38.3  54  3.8138  92.3999
399.935  339.016  1981.63  89.9902  0.338  0.37  38.3  54  3.8138  92.3999
399.984  339.016  1991.27  89.9983  0.059  0.36  38.3  54  3.8138  92.3999
400.033  339.144  1908.74  94.6218  153.802  0.38  38.3  54  3.8138  92.3999
400.082  339.144  1871.6  95.444  177.563  0.39  37.1  54  3.8138  92.3999
400.13  339.144  2008.63  88.6137  48.595  0.36  37.1  54  3.8138  92.3999
400.179  339.273  1902.71  94.6601  154.586  0.38  37.1  54  3.8138  92.3999
400.228  339.273  1813.32  94.2582  134.64  0.4  37.1  54  3.8138  92.3999
400.277  339.273  1701.34  94.0817  121.099  0.43  37.1  54  3.8138  92.3999
400.325  339.402  1639.87  94.7088  134.619  0.44  37.1  54  3.8138  92.3999
400.374  339.402  1795.72  89.1837  25.584  0.4  38.6  54  3.8138  92.3999
400.423  339.402  1851.36  95.2431  169.182  0.39  38.6  54  3.8138  92.3999
400.472  339.531  1841.66  95.0492  162.086  0.39  38.6  54  3.8138  92.3999
400.52  339.531  1958.8  89.1709  28.343  0.37  38.6  54  3.8138  92.3999
400.569  339.531  1978.63  89.9115  3.055  0.37  38.6  54  3.8138  92.3999
400.618  339.66  1867.45  95.5156  179.495  0.39  38.6  54  3.8138  92.3999
400.667  339.66  1914.54  95.1364  171.405  0.38  37.4  54  3.8138  92.3999
400.715  339.66  1903.42  96.4128  212.596  0.38  37.4  54  3.8138  92.3999
400.764  339.788  1870.9  94.1399  135.065  0.39  37.4  54  3.8138  92.3999
400.813  339.788  1986.08  89.721  9.672  0.36  37.4  54  3.8138  92.3999
400.862  339.788  1883.39  94.7832  157.048  0.39  37.4  54  3.8138  92.3999
400.91  339.917  1993.23  90.0259  0.902  0.36  37.4  54  3.8138  92.3999
400.959  339.917  1907.47  94.6775  155.549  0.38  37.2  54  3.8138  92.3999
401.008  339.917  1961.73  89.9618  1.309  0.37  37.2  54  3.8138  92.3999
401.057  340.046  1982.71  89.0347  33.402  0.36  37.2  54  3.8138  92.3999
401.105  340.046  1928.78  94.8315  162.453  0.38  37.2  54  3.8138  92.3999
401.154  340.046  1877.87  95.4997  179.977  0.39  37.2  54  3.8138  92.3999
401.203  340.175  1926.08  94.9221  165.261  0.38  37.2  54  3.8138  92.3999
401.252  340.175  1900.4  96.4292  212.799  0.38  38.1  54  3.8138  92.3999
401.3  340.175  1952.49  89.1692  28.311  0.37  38.1  54  3.8138  92.3999
401.349  340.304  1935.26  95.1556  173.906  0.38  38.1  54  3.8138  92.3999
401.398  340.304  1883.99  95.2027  170.84  0.39  38.1  54  3.8138  92.3999
401.447  340.304  1972  89.8908  3.757  0.37  38.1  54  3.8138  92.3999
401.495  340.432  1926.75  94.7478  159.478  0.38  38.1  54  3.8138  92.3999
401.544  340.432  1876.06  94.8299  157.96  0.39  38.1  54  3.8138  92.3999
401.593  340.561  1979.25  89.0162  33.984  0.37  37.8  54  3.8138  92.3999
401.642  340.561  1927.89  96.2802  210.893  0.38  37.8  54  3.8138  92.3999
401.69  340.561  1880.81  95.4821  179.682  0.39  37.8  54  3.8138  92.3999
401.739  340.69  2006.04  89.7513  8.707  0.36  37.8  54  3.8138  92.3999
401.789  340.69  1911.7  96.1774  205.711  0.38  37.8  54  3.8138  92.3999
401.837  340.69  1952.49  89.1692  28.311  0.37  37.8  54  3.8138  92.3999
401.886  340.819  1939.7  95.0806  171.776  0.37  37.8  54  3.8138  92.3999
401.935  340.819  1874.97  95.2113  170.303  0.39  37.8  54  3.8138  92.3999
401.984  340.819  1967.91  89.9497  1.727  0.37  37.8  54  3.8138  92.3999
402.032  340.948  2012.74  89.6185  13.4  0.36  37.8  54  3.8138  92.3999
402.081  340.948  1989.53  89.9871  0.449  0.36  37.8  54  3.8138  92.3999
402.13  340.948  1995.34  89.9595  1.41  0.36  37.8  54  3.8138  92.3999
402.179  341.076  1992.75  89.8763  4.303  0.36  36.8  54  3.8138  92.3999
402.227  341.076  1877.44  95.4086  176.964  0.39  36.8  54  3.8138  92.3999
402.276  341.076  1923.8  94.792  160.71  0.38  36.8  54  3.8138  92.3999
402.325  341.205  1897.6  96.4917  214.542  0.38  36.8  54  3.8138  92.3999
402.374  341.205  1820.14  89.9942  0.185  0.4  36.8  54  3.8138  92.3999
402.422  341.205  2021.73  89.5323  16.503  0.36  36.8  54  3.8138  92.3999
402.471  341.334  1884.09  94.9199  161.585  0.39  38.6  54  3.8138  92.3999
402.52  341.334  1886.71  93.9857  131.141  0.38  38.6  54  3.8138  92.3999
402.569  341.334  2017.61  89.7476  8.89  0.36  38.6  54  3.8138  92.3999
402.617  341.463  1864.68  94.949  160.863  0.39  38.6  54  3.8138  92.3999
402.666  341.463  2014.93  89.9531  1.651  0.36  38.6  54  3.8138  92.3999
402.715  341.463  1912.25  94.6949  156.519  0.38  38.6  54  3.8138  92.3999
402.764  341.592  1862.45  93.9643  128.76  0.39  38  54  3.8138  92.3999
402.812  341.592  1988.78  89.0001  34.706  0.36  38  54  3.8138  92.3999
402.861  341.592  1905.18  94.8348  160.574  0.38  38  54  3.8138  92.3999
402.91  341.72  1841.04  89.9931  0.222  0.39  38  54  3.8138  92.3999
402.959  341.72  2025.58  89.434  20.009  0.36  38  54  3.8138  92.3999
403.007  341.72  2002.02  89.9607  1.374  0.36  38  54  3.8138  92.3999
403.056  341.849  1968.61  87.9269  71.213  0.37  36.4  54  3.8138  92.3999
403.105  341.849  2016.57  89.5209  16.861  0.36  36.4  54  3.8138  92.3999
403.154  341.849  1890.03  95.1909  171  0.38  36.4  54  3.8138  92.3999
403.202  341.978  1986.1  88.7846  42.128  0.36  36.4  54  3.8138  92.3999
403.251  341.978  2008.22  89.7962  7.142  0.36  36.4  54  3.8138  92.3999
403.3  341.978  1863.89  93.9544  128.538  0.39  36.4  54  3.8138  92.3999
403.349  342.107  2045.34  89.9916  0.3  0.35  38.8  54  3.8138  92.3999
403.398  342.107  1912.25  94.6949  156.519  0.38  38.8  54  3.8138  92.3999
403.446  342.107  1974.32  89.9541  1.582  0.37  38.8  54  3.8138  92.3999
403.495  342.236  1936.17  94.715  159.153  0.37  38.8  54  3.8138  92.3999
403.544  342.236  1887.97  95.084  167.306  0.38  38.8  54  3.8138  92.3999
403.593  342.236  1982.58  89.8356  5.688  0.36  38.8  54  3.8138  92.3999
403.641  342.364  2004.26  89.7401  9.093  0.36  37.8  54  3.8138  92.3999
403.69  342.364  1874.74  95.1659  168.802  0.39  37.8  54  3.8138  92.3999
403.739  342.364  2025.6  90.0137  0.483  0.36  37.8  54  3.8138  92.3999
403.788  342.493  1905.83  96.2573  207.722  0.38  37.8  54  3.8138  92.3999
403.836  342.493  1862.25  94.1985  136.339  0.39  37.8  54  3.8138  92.3999
403.885  342.493  2033.38  89.9745  0.906  0.36  37.8  54  3.8138  92.3999
403.934  342.622  1891.02  96.3859  210.327  0.38  37.8  54  3.8138  92.3999
403.983  342.622  1880.84  94.0256  132.039  0.39  37.8  54  3.8138  92.3999
404.032  342.751  2030.7  89.7185  9.977  0.36  37.8  54  3.8138  92.3999
404.08  342.751  1877.5  96.4131  209.71  0.39  37.8  54  3.8138  92.3999
404.129  342.751  1964.92  89.0223  33.529  0.37  37.8  54  3.8138  92.3999
404.179  342.88  1937.45  96.2767  211.822  0.38  37.8  54  3.8138  92.3999
404.227  342.88  1980.6  90.033  1.14  0.37  37.8  54  3.8138  92.3999
404.276  342.88  1903.01  95.0164  166.401  0.38  38.1  54  3.8138  92.3999
404.325  343.009  1906.13  95.0192  166.767  0.38  38.1  54  3.8138  92.3999
404.374  343.009  1942.27  89.2275  26.187  0.37  38.1  54  3.8138  92.3999
404.422  343.009  1932.99  95.0245  169.294  0.38  38.1  54  3.8138  92.3999
404.471  343.137  1891.16  95.1115  168.491  0.38  38.1  54  3.8138  92.3999
404.52  343.137  1875.96  93.965  129.716  0.39  38.1  54  3.8138  92.3999
404.569  343.137  2014.74  89.6466  12.426  0.36  37.8  54  3.8138  92.3999
404.617  343.266  1884.07  96.1891  203.123  0.39  37.8  54  3.8138  92.3999
404.666  343.266  1971.75  89.0591  32.377  0.37  37.8  54  3.8138  92.3999
404.715  343.266  1925.94  94.8972  164.413  0.38  37.8  54  3.8138  92.3999
404.764  343.395  1950.58  89.9454  1.859  0.37  37.8  54  3.8138  92.3999
404.812  343.395  1934.62  94.7247  159.35  0.38  37.8  54  3.8138  92.3999
404.861  343.395  1906.51  96.0634  201.383  0.38  37.6  54  3.8138  92.3999
404.91  343.524  1868.91  95.5069  179.35  0.39  37.6  54  3.8138  92.3999
404.959  343.524  1928.67  94.8099  161.718  0.38  37.6  54  3.8138  92.3999
405.007  343.524  1889.45  95.0749  167.136  0.38  37.6  54  3.8138  92.3999
405.057  343.653  1956.67  88.9942  34.346  0.37  37.6  54  3.8138  92.3999
405.106  343.653  2015.17  89.683  11.15  0.36  37.6  54  3.8138  92.3999
405.154  343.653  1981.18  89.9551  1.552  0.37  37.8  54  3.8138  92.3999
405.203  343.781  1981.06  89.8436  5.409  0.37  37.8  54  3.8138  92.3999
405.252  343.781  2004.68  89.7762  7.83  0.36  37.8  54  3.8138  92.3999
405.301  343.781  1953.53  89.9299  2.388  0.37  37.8  54  3.8138  92.3999
405.35  343.91  2030.26  89.9902  0.348  0.36  37.8  54  3.8138  92.3999
405.399  343.91  1900.89  96.1897  204.954  0.38  37.8  54  3.8138  92.3999
405.447  343.91  1871.35  93.9497  128.9  0.39  37.5  54  3.8138  92.3999
405.496  344.039  2017.55  89.8843  4.075  0.36  37.5  54  3.8138  92.3999
405.545  344.039  1893.44  94.9556  163.563  0.38  37.5  54  3.8138  92.3999
405.594  344.039  1886.97  94.0312  132.652  0.38  37.5  54  3.8138  92.3999
405.642  344.168  2015.44  89.5656  15.279  0.36  37.5  54  3.8138  92.3999
405.691  344.168  1961.21  89.9844  0.533  0.37  37.5  54  3.8138  92.3999
405.74  344.168  1850.21  90.0182  0.587  0.39  38.3  54  3.8138  92.3999
405.789  344.297  1934.73  94.7464  160.09  0.38  38.3  54  3.8138  92.3999
405.837  344.297  1804.14  90.0236  0.745  0.4  38.3  54  3.8138  92.3999
405.886  344.297  1841.23  90.0643  2.067  0.39  38.3  54  3.8138  92.3999
405.935  344.425  1893.21  94.9098  162.035  0.38  38.3  54  3.8138  92.3999
405.984  344.425  1991.73  90.0336  1.167  0.36  38.3  54  3.8138  92.3999
406.033  344.425  1930.21  94.8003  161.526  0.38  38.1  54  3.8138  92.3999
406.082  344.554  1882.3  95.1661  169.49  0.39  38.1  54  3.8138  92.3999
406.13  344.554  1974.32  89.9541  1.582  0.37  38.1  54  3.8138  92.3999
406.179  344.554  1935.53  94.5964  155.105  0.37  38.1  54  3.8138  92.3999
406.228  344.683  1871.61  95.1386  167.633  0.39  38.1  54  3.8138  92.3999
406.277  344.683  1987.27  89.9629  1.286  0.36  38.1  54  3.8138  92.3999
406.326  344.812  1920.36  94.7397  158.677  0.38  37.9  54  3.8138  92.3999
406.374  344.812  1796.83  89.9917  0.262  0.4  37.9  54  3.8138  92.3999
406.423  344.812  1989.5  89.8755  4.323  0.36  37.9  54  3.8138  92.3999
406.472  344.941  1920.66  96.08  203.429  0.38  37.9  54  3.8138  92.3999
406.521  344.941  1874.42  95.0995  166.607  0.39  37.9  54  3.8138  92.3999
406.569  344.941  2012.84  89.9083  3.22  0.36  37.9  54  3.8138  92.3999
406.618  345.069  1905.21  96.1182  203.057  0.38  37.9  54  3.8138  92.3999
406.667  345.069  1817.24  90.0094  0.297  0.4  38.3  54  3.8138  92.3999
406.716  345.069  1996.95  89.8164  6.399  0.36  38.3  54  3.8138  92.3999
406.764  345.198  1981.18  89.9551  1.552  0.37  38.3  54  3.8138  92.3999
406.813  345.198  1982.27  88.9989  34.634  0.37  38.3  54  3.8138  92.3999
406.862  345.198  1921.99  96.0247  201.726  0.38  38.3  54  3.8138  92.3999
406.911  345.327  1952.05  89.9377  2.123  0.37  38.3  54  3.8138  92.3999
406.959  345.327  2001.81  89.8117  6.58  0.36  37.2  54  3.8138  92.3999
407.008  345.327  1904.63  95.0285  166.943  0.38  37.2  54  3.8138  92.3999
407.057  345.456  1886.61  95.1177  168.289  0.38  37.2  54  3.8138  92.3999
407.106  345.456  1919.93  94.9599  165.994  0.38  37.2  54  3.8138  92.3999
407.154  345.456  1879.68  94.9476  162.113  0.39  37.2  54  3.8138  92.3999
407.203  345.585  1963.87  89.0663  32.003  0.37  37.2  54  3.8138  92.3999
407.252  345.585  1937.49  95.9383  200.448  0.38  38.1  54  3.8138  92.3999
407.301  345.585  1868.79  94.8762  158.854  0.39  38.1  54  3.8138  92.3999
407.349  345.713  1827.55  89.9913  0.279  0.4  38.1  54  3.8138  92.3999
407.398  345.713  1922.38  94.8231  161.632  0.38  38.1  54  3.8138  92.3999
407.447  345.713  1879.7  95.2542  172.133  0.39  38.1  54  3.8138  92.3999
407.496  345.842  2010  89.8076  6.75  0.36  38.1  54  3.8138  92.3999
407.545  345.842  1910.18  96.1858  205.826  0.38  37.3  54  3.8138  92.3999
407.593  345.842  1879.25  95.1631  169.118  0.39  37.3  54  3.8138  92.3999
407.642  345.971  2008.75  89.5625  15.338  0.36  37.3  54  3.8138  92.3999
407.691  345.971  1883  96.289  206.271  0.39  37.3  54  3.8138  92.3999
407.74  345.971  2002.27  89.9797  0.709  0.36  37.3  54  3.8138  92.3999
407.788  346.1  2013.61  89.6912  10.853  0.36  37.3  54  3.8138  92.3999
407.837  346.1  1870.47  94.9122  160.167  0.39  38.3  54  3.8138  92.3999
407.886  346.1  1990.2  89.7958  7.093  0.36  38.3  54  3.8138  92.3999
407.935  346.229  1918.04  94.898  163.765  0.38  38.3  54  3.8138  92.3999
407.983  346.229  1880.81  95.4821  179.682  0.39  38.3  54  3.8138  92.3999
408.032  346.229  1919.93  94.9599  165.994  0.38  38.3  54  3.8138  92.3999
408.081  346.357  1892.98  96.1392  202.443  0.38  38.3  54  3.8138  92.3999
408.13  346.357  1812.81  89.9971  0.093  0.4  38.5  54  3.8138  92.3999
408.178  346.357  2001.85  89.6759  11.322  0.36  38.5  54  3.8138  92.3999
408.227  346.486  1882.07  95.1206  167.978  0.39  38.5  54  3.8138  92.3999
408.276  346.486  1997.74  90.0029  0.1  0.36  38.5  54  3.8138  92.3999
408.325  346.486  1928.58  94.4955  151.163  0.38  38.5  54  3.8138  92.3999
408.374  346.615  1950.46  89.7971  6.907  0.37  38.5  54  3.8138  92.3999
408.422  346.615  1995.34  89.9595  1.41  0.36  37.8  54  3.8138  92.3999
408.471  346.615  1922.38  94.8231  161.632  0.38  37.8  54  3.8138  92.3999
408.52  346.744  1869.7  95.3621  174.724  0.39  37.8  54  3.8138  92.3999
408.569  346.744  1919.12  95.1086  170.887  0.38  37.8  54  3.8138  92.3999
408.617  346.744  1905.13  96.451  214.05  0.38  37.8  54  3.8138  92.3999
408.666  346.873  1952.91  89.2044  27.116  0.37  37.8  54  3.8138  92.3999
408.715  346.873  2002.97  89.6316  12.877  0.36  38.7  54  3.8138  92.3999
408.763  347.001  1889.22  95.0291  165.613  0.38  38.7  54  3.8138  92.3999
408.812  347.001  1999.25  89.9952  0.169  0.36  38.7  54  3.8138  92.3999
408.861  347.001  1903.44  94.7982  159.215  0.38  38.7  54  3.8138  92.3999
408.91  347.13  1873.15  94.8485  158.32  0.39  38.7  54  3.8138  92.3999
408.959  347.13  1981.2  89.0433  33.079  0.37  38.7  54  3.8138  92.3999
409.008  347.13  1916.07  96.1055  203.791  0.38  38.7  54  3.8138  92.3999
409.056  347.259  1874.51  95.4263  177.265  0.39  36.6  54  3.8138  92.3999
409.105  347.259  1917.92  94.8764  163.038  0.38  36.6  54  3.8138  92.3999
409.154  347.259  1908.24  96.1013  202.821  0.38  36.6  54  3.8138  92.3999
409.203  347.388  1865.82  94.0344  131.269  0.39  36.6  54  3.8138  92.3999
409.251  347.388  2014.56  89.4929  17.829  0.36  36.6  54  3.8138  92.3999
409.3  347.388  1887.24  96.2184  204.424  0.39  36.6  54  3.8138  92.3999
409.349  347.517  1827.55  89.9913  0.279  0.4  37.2  54  3.8138  92.3999
409.398  347.517  1996.24  89.8964  3.611  0.36  37.2  54  3.8138  92.3999
409.446  347.517  1866.81  95.3798  175.027  0.39  37.2  54  3.8138  92.3999
409.495  347.646  2020.49  90.0012  0.042  0.36  37.2  54  3.8138  92.3999
409.544  347.646  1906.93  94.8715  161.937  0.38  37.2  54  3.8138  92.3999
409.593  347.646  1974.82  89.9507  1.698  0.37  37.2  54  3.8138  92.3999
409.642  347.774  1924.05  94.8385  162.288  0.38  37.7  54  3.8138  92.3999
409.691  347.774  1895.63  95.0839  167.981  0.38  37.7  54  3.8138  92.3999
409.74  347.774  1876.21  94.0101  131.209  0.39  37.7  54  3.8138  92.3999
409.788  347.903  2011.88  89.5459  15.944  0.36  37.7  54  3.8138  92.3999
409.837  347.903  1879.36  96.4965  212.637  0.39  37.7  54  3.8138  92.3999
409.886  347.903  1898.04  94.9523  163.851  0.38  37.7  54  3.8138  92.3999
409.935  348.032  1919.87  94.6469  155.536  0.38  36.1  54  3.8138  92.3999
409.983  348.032  1947.65  89.9608  1.333  0.37  36.1  54  3.8138  92.3999
410.032  348.032  1980.76  89.0075  34.308  0.37  36.1  54  3.8138  92.3999
410.081  348.161  1915.85  96.0589  202.219  0.38  36.1  54  3.8138  92.3999
410.13  348.161  1950.46  89.7971  6.907  0.37  36.1  54  3.8138  92.3999
410.178  348.161  1900.7  95.173  171.374  0.38  36.1  54  3.8138  92.3999
410.227  348.29  1892.65  95.1023  168.322  0.38  36.9  54  3.8138  92.3999
410.276  348.29  1820.14  89.9942  0.185  0.4  36.9  54  3.8138  92.3999
410.325  348.29  2001  89.6037  13.839  0.36  36.9  54  3.8138  92.3999
410.373  348.418  1882.07  95.1206  167.978  0.39  36.9  54  3.8138  92.3999
410.422  348.418  2005.31  89.9642  1.254  0.36  36.9  54  3.8138  92.3999
410.471  348.418  1920.36  94.7397  158.677  0.38  36.9  54  3.8138  92.3999
410.52  348.547  1939.17  89.8943  3.578  0.37  37.6  54  3.8138  92.3999
410.569  348.547  1915.11  94.9417  164.971  0.38  37.6  54  3.8138  92.3999
410.617  348.547  1908.98  94.6679  155.353  0.38  37.6  54  3.8138  92.3999
410.666  348.676  1877.65  95.4542  178.47  0.39  37.6  54  3.8138  92.3999
410.715  348.676  2029.78  89.9542  1.624  0.36  37.6  54  3.8138  92.3999
410.764  348.676  1901.62  95.047  167.292  0.38  37.6  54  3.8138  92.3999
410.812  348.805  1873.05  93.9849  130.164  0.39  37.6  54  3.8138  92.3999
410.861  348.805  2004.1  89.5873  14.436  0.36  37.6  54  3.8138  92.3999
410.91  348.805  1870.24  94.867  158.676  0.39  37.6  54  3.8138  92.3999
410.959  348.934  2000.3  89.952  1.677  0.36  37.6  54  3.8138  92.3999
411.007  348.934  1928.04  94.6916  157.699  0.38  37.6  54  3.8138  92.3999
411.056  348.934  1862.47  95.4063  175.477  0.39  37.6  54  3.8138  92.3999
411.105  349.062  2001.68  89.5233  16.655  0.36  38.3  54  3.8138  92.3999
411.154  349.062  1905.66  94.927  163.669  0.38  38.3  54  3.8138  92.3999
411.203  349.191  1884.03  94.0511  133.098  0.38  38.3  54  3.8138  92.3999
411.252  349.191  1943.66  94.9112  166.4  0.37  38.3  54  3.8138  92.3999
411.301  349.191  1895.09  96.2691  206.94  0.38  38.3  54  3.8138  92.3999
411.35  349.32  1894.03  95.0719  167.442  0.38  38.3  54  3.8138  92.3999
411.398  349.32  2011.18  89.6268  13.1  0.36  38.3  54  3.8138  92.3999
411.447  349.32  1872.05  95.2293  170.623  0.39  38.6  54  3.8138  92.3999
411.496  349.449  2013.87  89.9966  0.121  0.36  38.6  54  3.8138  92.3999
411.545  349.449  1909.95  94.8526  161.568  0.38  38.6  54  3.8138  92.3999
411.593  349.449  1983.57  90.0177  0.613  0.36  38.6  54  3.8138  92.3999
411.643  349.578  2020.49  90.0012  0.042  0.36  38.6  54  3.8138  92.3999
411.692  349.578  1895.63  95.0839  167.981  0.38  38.6  54  3.8138  92.3999
411.741  349.578  1809.92  90.0122  0.385  0.4  37.7  54  3.8138  92.3999
411.789  349.706  1930.7  94.8937  164.703  0.38  37.7  54  3.8138  92.3999
411.838  349.706  1902.31  96.5137  215.799  0.38  37.7  54  3.8138  92.3999
