[Connect DataFile][2.1]
Date:	11/11/2024
Time:	12:34:51
Unit:	°C
Resolution:	0.050/0.100
Values:	12
SnapshotTrigger:	0	0.0
MeasurementTrigger:	0	0.0
Time	TProc	TInt	TBox	TAvg	T_2C	T_1C	Attenuation	Eps.	Value	Vcc	TAmb	TAct	CompressionIdx	Time absolute	ImageIdx	ImageValue
000:00:00.000	800.0	22.8	22.5	800.0	0.0	0.0	0.0	0.000	0.000	0.000	0.0	0.0		12:34:51:859		
000:00:00.050	800.0	22.8	22.5	800.0	0.0	0.0	0.0	0.000	0.000	0.000	0.0	0.0		12:34:51:909		
000:00:00.100	800.0	22.8	22.5	800.0	0.0	0.0	0.0	0.000	0.000	0.000	0.0	0.0		12:34:51:959		
000:00:00.150	800.0	22.8	22.5	800.0	0.0	0.0	0.0	0.000	0.000	0.000	0.0	0.0		12:34:52:009		
000:00:00.200	800.0	22.8	22.5	800.0	0.0	0.0	0.0	0.000	0.000	0.000	0.0	0.0		12:34:52:059		
000:00:00.250	800.0	22.8	22.5	800.0	0.0	0.0	0.0	0.000	0.000	0.000	0.0	0.0		12:34:52:109		
000:00:00.300	800.0	22.8	22.5	800.0	0.0	0.0	0.0	0.000	0.000	0.000	0.0	0.0		12:34:52:159		
000:00:00.350	800.0	22.8	22.5	800.0	0.0	0.0	0.0	0.000	0.000	0.000	0.0	0.0		12:34:52:209		
000:00:00.400	800.0	22.8	22.5	800.0	0.0	0.0	0.0	0.000	0.000	0.000	0.0	0.0		12:34:52:259		
000:00:00.450	800.0	22.8	22.5	800.0	0.0	0.0	0.0	0.000	0.000	0.000	0.0	0.0		12:34:52:309		
000:00:00.500	800.0	22.8	22.5	800.0	0.0	0.0	0.0	0.000	0.000	0.000	0.0	0.0		12:34:52:359		
000:00:00.550	800.0	22.8	22.5	800.0	0.0	0.0	0.0	0.000	0.000	0.000	0.0	0.0		12:34:52:409		
000:00:00.600	800.0	22.8	22.5	800.0	0.0	0.0	0.0	0.000	0.000	0.000	0.0	0.0		12:34:52:459		
000:00:00.650	800.0	22.8	22.5	800.0	0.0	0.0	0.0	0.000	0.000	0.000	0.0	0.0		12:34:52:509		
000:00:00.700	800.0	22.8	22.5	800.0	0.0	0.0	0.0	0.000	0.000	0.000	0.0	0.0		12:34:52:559		
000:00:00.750	800.0	22.8	22.5	800.0	0.0	0.0	0.0	0.000	0.000	0.000	0.0	0.0		12:34:52:609		
000:00:00.800	800.0	22.8	22.5	800.0	0.0	0.0	0.0	0.000	0.000	0.000	0.0	0.0		12:34:52:659		
000:00:00.850	800.0	22.8	22.5	800.0	0.0	0.0	0.0	0.000	0.000	0.000	0.0	0.0		12:34:52:709		
000:00:00.900	800.0	22.8	22.5	800.0	0.0	0.0	0.0	0.000	0.000	0.000	0.0	0.0		12:34:52:759		
000:00:00.950	800.0	22.8	22.5	800.0	0.0	0.0	0.0	0.000	0.000	0.000	0.0	0.0		12:34:52:809		
000:00:01.000	800.0	22.8	22.5	800.0	0.0	0.0	0.0	0.000	0.000	0.000	0.0	0.0		12:34:52:859		
000:00:01.050	800.0	22.8	22.5	800.0	0.0	0.0	0.0	0.000	0.000	0.000	0.0	0.0		12:34:52:909		
000:00:01.100	800.0	22.8	22.5	800.0	0.0	0.0	0.0	0.000	0.000	0.000	0.0	0.0		12:34:52:959		
000:00:01.150	800.0	22.8	22.5	800.0	0.0	0.0	0.0	0.000	0.000	0.000	0.0	0.0		12:34:53:009		
000:00:01.200	800.0	22.8	22.5	800.0	0.0	0.0	0.0	0.000	0.000	0.000	0.0	0.0		12:34:53:059		
000:00:01.250	800.0	22.8	22.5	800.0	0.0	0.0	0.0	0.000	0.000	0.000	0.0	0.0		12:34:53:109		
000:00:01.300	800.0	22.8	22.5	800.0	0.0	0.0	0.0	0.000	0.000	0.000	0.0	0.0		12:34:53:159		
000:00:01.350	800.0	22.8	22.5	800.0	0.0	0.0	0.0	0.000	0.000	0.000	0.0	0.0		12:34:53:209		
000:00:01.400	800.0	22.8	22.5	800.0	0.0	0.0	0.0	0.000	0.000	0.000	0.0	0.0		12:34:53:259		
000:00:01.450	800.0	22.8	22.5	800.0	0.0	0.0	0.0	0.000	0.000	0.000	0.0	0.0		12:34:53:309		
000:00:01.500	800.0	22.8	22.5	800.0	0.0	0.0	0.0	0.000	0.000	0.000	0.0	0.0		12:34:53:359		
000:00:01.550	800.0	22.8	22.5	800.0	0.0	0.0	0.0	0.000	0.000	0.000	0.0	0.0		12:34:53:409		
000:00:01.600	800.0	22.8	22.5	800.0	0.0	0.0	0.0	0.000	0.000	0.000	0.0	0.0		12:34:53:459		
000:00:01.650	800.0	22.8	22.5	800.0	0.0	0.0	0.0	0.000	0.000	0.000	0.0	0.0		12:34:53:509		
000:00:01.700	800.0	22.8	22.5	800.0	0.0	0.0	0.0	0.000	0.000	0.000	0.0	0.0		12:34:53:559		
000:00:01.750	800.0	22.8	22.5	800.0	0.0	0.0	0.0	0.000	0.000	0.000	0.0	0.0		12:34:53:609		
000:00:01.800	800.0	22.8	22.5	800.0	0.0	0.0	0.0	0.000	0.000	0.000	0.0	0.0		12:34:53:659		
000:00:01.850	800.0	22.8	22.5	800.0	0.0	0.0	0.0	0.000	0.000	0.000	0.0	0.0		12:34:53:709		
000:00:01.900	800.0	22.8	22.5	800.0	0.0	0.0	0.0	0.000	0.000	0.000	0.0	0.0		12:34:53:759		
000:00:01.950	800.0	22.8	22.5	800.0	0.0	0.0	0.0	0.000	0.000	0.000	0.0	0.0		12:34:53:809		
000:00:02.000	800.0	22.8	22.5	800.0	0.0	0.0	0.0	0.000	0.000	0.000	0.0	0.0		12:34:53:859		
000:00:02.050	800.0	22.8	22.5	800.0	0.0	0.0	0.0	0.000	0.000	0.000	0.0	0.0		12:34:53:909		
000:00:02.100	800.0	22.8	22.5	800.0	0.0	0.0	0.0	0.000	0.000	0.000	0.0	0.0		12:34:53:959		
000:00:02.150	800.0	22.8	22.5	800.0	0.0	0.0	0.0	0.000	0.000	0.000	0.0	0.0		12:34:54:009		
000:00:02.200	800.0	22.8	22.5	800.0	0.0	0.0	0.0	0.000	0.000	0.000	0.0	0.0		12:34:54:059		
000:00:02.250	800.0	22.8	22.5	800.0	0.0	0.0	0.0	0.000	0.000	0.000	0.0	0.0		12:34:54:109		
000:00:02.300	800.0	22.8	22.5	800.0	0.0	0.0	0.0	0.000	0.000	0.000	0.0	0.0		12:34:54:159		
000:00:02.350	800.0	22.8	22.5	800.0	0.0	0.0	0.0	0.000	0.000	0.000	0.0	0.0		12:34:54:209		
000:00:02.400	800.0	22.8	22.5	800.0	0.0	0.0	0.0	0.000	0.000	0.000	0.0	0.0		12:34:54:259		
000:00:02.450	800.0	22.8	22.5	800.0	0.0	0.0	0.0	0.000	0.000	0.000	0.0	0.0		12:34:54:309		
000:00:02.500	800.0	22.8	22.5	800.0	0.0	0.0	0.0	0.000	0.000	0.000	0.0	0.0		12:34:54:359		
000:00:02.550	800.0	22.8	22.5	800.0	0.0	0.0	0.0	0.000	0.000	0.000	0.0	0.0		12:34:54:409		
000:00:02.600	800.0	22.8	22.5	800.0	0.0	0.0	0.0	0.000	0.000	0.000	0.0	0.0		12:34:54:459		
000:00:02.650	800.0	22.8	22.5	800.0	0.0	0.0	0.0	0.000	0.000	0.000	0.0	0.0		12:34:54:509		
000:00:02.700	800.0	22.8	22.5	800.0	0.0	0.0	0.0	0.000	0.000	0.000	0.0	0.0		12:34:54:559		
000:00:02.750	800.0	22.8	22.5	800.0	0.0	0.0	0.0	0.000	0.000	0.000	0.0	0.0		12:34:54:609		
000:00:02.800	800.0	22.8	22.5	800.0	0.0	0.0	0.0	0.000	0.000	0.000	0.0	0.0		12:34:54:659		
000:00:02.850	800.0	22.8	22.5	800.0	0.0	0.0	0.0	0.000	0.000	0.000	0.0	0.0		12:34:54:709		
000:00:02.900	800.0	22.8	22.5	800.0	0.0	0.0	0.0	0.000	0.000	0.000	0.0	0.0		12:34:54:759		
000:00:02.950	800.0	22.8	22.5	800.0	0.0	0.0	0.0	0.000	0.000	0.000	0.0	0.0		12:34:54:809		
000:00:03.000	800.0	22.8	22.5	800.0	0.0	0.0	0.0	0.000	0.000	0.000	0.0	0.0		12:34:54:859		
000:00:03.050	800.0	22.8	22.5	800.0	0.0	0.0	0.0	0.000	0.000	0.000	0.0	0.0		12:34:54:909		
000:00:03.100	800.0	22.8	22.5	800.0	0.0	0.0	0.0	0.000	0.000	0.000	0.0	0.0		12:34:54:959		
000:00:03.150	800.0	22.8	22.5	800.0	0.0	0.0	0.0	0.000	0.000	0.000	0.0	0.0		12:34:55:009		
000:00:03.200	800.0	22.8	22.5	800.0	0.0	0.0	0.0	0.000	0.000	0.000	0.0	0.0		12:34:55:059		
000:00:03.250	800.0	22.8	22.5	800.0	0.0	0.0	0.0	0.000	0.000	0.000	0.0	0.0		12:34:55:109		
000:00:03.300	800.0	22.8	22.5	800.0	0.0	0.0	0.0	0.000	0.000	0.000	0.0	0.0		12:34:55:159		
000:00:03.350	800.0	22.9	22.5	800.0	0.0	0.0	0.0	0.000	0.000	0.000	0.0	0.0		12:34:55:209		
000:00:03.400	800.0	22.9	22.5	800.0	0.0	0.0	0.0	0.000	0.000	0.000	0.0	0.0		12:34:55:259		
000:00:03.450	800.0	22.9	22.5	800.0	0.0	0.0	0.0	0.000	0.000	0.000	0.0	0.0		12:34:55:309		
000:00:03.500	800.0	22.9	22.5	800.0	0.0	0.0	0.0	0.000	0.000	0.000	0.0	0.0		12:34:55:359		
000:00:03.550	800.0	22.9	22.5	800.0	0.0	0.0	0.0	0.000	0.000	0.000	0.0	0.0		12:34:55:409		
000:00:03.600	800.0	22.9	22.5	800.0	0.0	0.0	0.0	0.000	0.000	0.000	0.0	0.0		12:34:55:459		
000:00:03.650	800.0	22.9	22.5	800.0	0.0	0.0	0.0	0.000	0.000	0.000	0.0	0.0		12:34:55:509		
000:00:03.700	800.0	22.9	22.5	800.0	0.0	0.0	0.0	0.000	0.000	0.000	0.0	0.0		12:34:55:559		
000:00:03.750	800.0	22.9	22.5	800.0	0.0	0.0	0.0	0.000	0.000	0.000	0.0	0.0		12:34:55:609		
000:00:03.800	800.0	22.9	22.5	800.0	0.0	0.0	0.0	0.000	0.000	0.000	0.0	0.0		12:34:55:659		
000:00:03.850	800.0	22.9	22.5	800.0	0.0	0.0	0.0	0.000	0.000	0.000	0.0	0.0		12:34:55:709		
000:00:03.900	800.0	22.9	22.5	800.0	0.0	0.0	0.0	0.000	0.000	0.000	0.0	0.0		12:34:55:759		
000:00:03.950	800.0	22.9	22.5	800.0	0.0	0.0	0.0	0.000	0.000	0.000	0.0	0.0		12:34:55:809		
000:00:04.000	800.0	22.9	22.5	800.0	0.0	0.0	0.0	0.000	0.000	0.000	0.0	0.0		12:34:55:859		
000:00:04.050	800.0	22.9	22.5	800.0	0.0	0.0	0.0	0.000	0.000	0.000	0.0	0.0		12:34:55:909		
000:00:04.100	800.0	22.9	22.5	800.0	0.0	0.0	0.0	0.000	0.000	0.000	0.0	0.0		12:34:55:959		
000:00:04.150	800.0	22.9	22.5	800.0	0.0	0.0	0.0	0.000	0.000	0.000	0.0	0.0		12:34:56:009		
000:00:04.200	800.0	22.9	22.5	800.0	0.0	0.0	0.0	0.000	0.000	0.000	0.0	0.0		12:34:56:059		
000:00:04.250	800.0	22.9	22.5	800.0	0.0	0.0	0.0	0.000	0.000	0.000	0.0	0.0		12:34:56:109		
000:00:04.300	800.0	22.9	22.5	800.0	0.0	0.0	0.0	0.000	0.000	0.000	0.0	0.0		12:34:56:159		
000:00:04.350	800.0	22.9	22.5	800.0	0.0	0.0	0.0	0.000	0.000	0.000	0.0	0.0		12:34:56:209		
000:00:04.400	800.0	22.9	22.5	800.0	0.0	0.0	0.0	0.000	0.000	0.000	0.0	0.0		12:34:56:259		
000:00:04.450	800.0	22.9	22.5	800.0	0.0	0.0	0.0	0.000	0.000	0.000	0.0	0.0		12:34:56:309		
000:00:04.500	800.0	22.9	22.5	800.0	0.0	0.0	0.0	0.000	0.000	0.000	0.0	0.0		12:34:56:359		
000:00:04.550	800.0	22.9	22.5	800.0	0.0	0.0	0.0	0.000	0.000	0.000	0.0	0.0		12:34:56:409		
000:00:04.600	800.0	22.9	22.5	800.0	0.0	0.0	0.0	0.000	0.000	0.000	0.0	0.0		12:34:56:459		
000:00:04.650	800.0	22.9	22.5	800.0	0.0	0.0	0.0	0.000	0.000	0.000	0.0	0.0		12:34:56:509		
000:00:04.700	800.0	22.9	22.5	800.0	0.0	0.0	0.0	0.000	0.000	0.000	0.0	0.0		12:34:56:559		
000:00:04.750	800.0	22.9	22.5	800.0	0.0	0.0	0.0	0.000	0.000	0.000	0.0	0.0		12:34:56:609		
000:00:04.800	800.0	22.9	22.5	800.0	0.0	0.0	0.0	0.000	0.000	0.000	0.0	0.0		12:34:56:659		
000:00:04.850	800.0	22.9	22.5	800.0	0.0	0.0	0.0	0.000	0.000	0.000	0.0	0.0		12:34:56:709		
000:00:04.900	800.0	22.9	22.5	800.0	0.0	0.0	0.0	0.000	0.000	0.000	0.0	0.0		12:34:56:759		
000:00:04.950	800.0	22.9	22.5	800.0	0.0	0.0	0.0	0.000	0.000	0.000	0.0	0.0		12:34:56:809		
000:00:05.000	800.0	22.9	22.5	800.0	0.0	0.0	0.0	0.000	0.000	0.000	0.0	0.0		12:34:56:859		
000:00:05.050	800.0	22.9	22.5	800.0	0.0	0.0	0.0	0.000	0.000	0.000	0.0	0.0		12:34:56:909		
000:00:05.100	800.0	22.9	22.5	800.0	0.0	0.0	0.0	0.000	0.000	0.000	0.0	0.0		12:34:56:959		
000:00:05.150	800.0	22.9	22.5	800.0	0.0	0.0	0.0	0.000	0.000	0.000	0.0	0.0		12:34:57:009		
000:00:05.200	800.0	22.9	22.5	800.0	0.0	0.0	0.0	0.000	0.000	0.000	0.0	0.0		12:34:57:059		
000:00:05.250	800.0	22.9	22.5	800.0	0.0	0.0	0.0	0.000	0.000	0.000	0.0	0.0		12:34:57:109		
000:00:05.300	800.0	22.9	22.5	800.0	0.0	0.0	0.0	0.000	0.000	0.000	0.0	0.0		12:34:57:159		
000:00:05.350	800.0	22.9	22.5	800.0	0.0	0.0	0.0	0.000	0.000	0.000	0.0	0.0		12:34:57:209		
000:00:05.400	800.0	22.9	22.5	800.0	0.0	0.0	0.0	0.000	0.000	0.000	0.0	0.0		12:34:57:259		
000:00:05.450	800.0	22.9	22.5	800.0	0.0	0.0	0.0	0.000	0.000	0.000	0.0	0.0		12:34:57:309		
000:00:05.500	800.0	22.9	22.5	800.0	0.0	0.0	0.0	0.000	0.000	0.000	0.0	0.0		12:34:57:359		
000:00:05.550	800.0	22.9	22.5	800.0	0.0	0.0	0.0	0.000	0.000	0.000	0.0	0.0		12:34:57:409		
000:00:05.600	800.0	22.9	22.5	800.0	0.0	0.0	0.0	0.000	0.000	0.000	0.0	0.0		12:34:57:459		
000:00:05.650	800.0	22.9	22.5	800.0	0.0	0.0	0.0	0.000	0.000	0.000	0.0	0.0		12:34:57:509		
000:00:05.700	800.0	22.9	22.5	800.0	0.0	0.0	0.0	0.000	0.000	0.000	0.0	0.0		12:34:57:559		
000:00:05.750	800.0	22.9	22.5	800.0	0.0	0.0	0.0	0.000	0.000	0.000	0.0	0.0		12:34:57:609		
000:00:05.800	800.0	22.9	22.5	800.0	0.0	0.0	0.0	0.000	0.000	0.000	0.0	0.0		12:34:57:659		
000:00:05.850	800.0	22.9	22.5	800.0	0.0	0.0	0.0	0.000	0.000	0.000	0.0	0.0		12:34:57:709		
000:00:05.900	800.0	22.9	22.5	800.0	0.0	0.0	0.0	0.000	0.000	0.000	0.0	0.0		12:34:57:759		
000:00:05.950	800.0	22.9	22.5	800.0	0.0	0.0	0.0	0.000	0.000	0.000	0.0	0.0		12:34:57:809		
000:00:06.000	800.0	22.9	22.5	800.0	0.0	0.0	0.0	0.000	0.000	0.000	0.0	0.0		12:34:57:859		
000:00:06.050	800.0	22.9	22.5	800.0	0.0	0.0	0.0	0.000	0.000	0.000	0.0	0.0		12:34:57:909		
000:00:06.100	800.0	22.9	22.5	800.0	0.0	0.0	0.0	0.000	0.000	0.000	0.0	0.0		12:34:57:959		
000:00:06.150	800.0	22.9	22.5	800.0	0.0	0.0	0.0	0.000	0.000	0.000	0.0	0.0		12:34:58:009		
000:00:06.200	800.0	22.9	22.5	800.0	0.0	0.0	0.0	0.000	0.000	0.000	0.0	0.0		12:34:58:059		
000:00:06.250	800.0	22.9	22.5	800.0	0.0	0.0	0.0	0.000	0.000	0.000	0.0	0.0		12:34:58:109		
000:00:06.300	800.0	22.9	22.5	800.0	0.0	0.0	0.0	0.000	0.000	0.000	0.0	0.0		12:34:58:159		
000:00:06.350	800.0	22.9	22.5	800.0	0.0	0.0	0.0	0.000	0.000	0.000	0.0	0.0		12:34:58:209		
000:00:06.400	800.0	22.9	22.5	800.0	0.0	0.0	0.0	0.000	0.000	0.000	0.0	0.0		12:34:58:259		
000:00:06.450	800.0	22.9	22.5	800.0	0.0	0.0	0.0	0.000	0.000	0.000	0.0	0.0		12:34:58:309		
000:00:06.500	800.0	22.9	22.5	800.0	0.0	0.0	0.0	0.000	0.000	0.000	0.0	0.0		12:34:58:359		
000:00:06.550	800.0	22.9	22.5	800.0	0.0	0.0	0.0	0.000	0.000	0.000	0.0	0.0		12:34:58:409		
000:00:06.600	800.0	22.9	22.5	800.0	0.0	0.0	0.0	0.000	0.000	0.000	0.0	0.0		12:34:58:459		
000:00:06.650	800.0	22.9	22.5	800.0	0.0	0.0	0.0	0.000	0.000	0.000	0.0	0.0		12:34:58:509		
000:00:06.700	800.0	22.9	22.5	800.0	0.0	0.0	0.0	0.000	0.000	0.000	0.0	0.0		12:34:58:559		
000:00:06.750	800.0	22.9	22.5	800.0	0.0	0.0	0.0	0.000	0.000	0.000	0.0	0.0		12:34:58:609		
000:00:06.800	800.0	22.9	22.5	800.0	0.0	0.0	0.0	0.000	0.000	0.000	0.0	0.0		12:34:58:659		
000:00:06.850	800.0	22.9	22.5	800.0	0.0	0.0	0.0	0.000	0.000	0.000	0.0	0.0		12:34:58:709		
000:00:06.900	800.0	22.9	22.5	800.0	0.0	0.0	0.0	0.000	0.000	0.000	0.0	0.0		12:34:58:759		
000:00:06.950	800.0	22.9	22.5	800.0	0.0	0.0	0.0	0.000	0.000	0.000	0.0	0.0		12:34:58:809		
000:00:07.000	800.0	22.9	22.5	800.0	0.0	0.0	0.0	0.000	0.000	0.000	0.0	0.0		12:34:58:859		
000:00:07.050	800.0	22.9	22.5	800.0	0.0	0.0	0.0	0.000	0.000	0.000	0.0	0.0		12:34:58:909		
000:00:07.100	800.0	22.9	22.5	800.0	0.0	0.0	0.0	0.000	0.000	0.000	0.0	0.0		12:34:58:959		
000:00:07.150	800.0	22.9	22.5	800.0	0.0	0.0	0.0	0.000	0.000	0.000	0.0	0.0		12:34:59:009		
000:00:07.200	800.0	22.9	22.5	800.0	0.0	0.0	0.0	0.000	0.000	0.000	0.0	0.0		12:34:59:059		
000:00:07.250	800.0	22.9	22.5	800.0	0.0	0.0	0.0	0.000	0.000	0.000	0.0	0.0		12:34:59:109		
000:00:07.300	800.0	22.9	22.5	800.0	0.0	0.0	0.0	0.000	0.000	0.000	0.0	0.0		12:34:59:159		
000:00:07.350	800.0	22.9	22.5	800.0	0.0	0.0	0.0	0.000	0.000	0.000	0.0	0.0		12:34:59:209		
000:00:07.400	800.0	22.9	22.5	800.0	0.0	0.0	0.0	0.000	0.000	0.000	0.0	0.0		12:34:59:259		
000:00:07.450	800.0	22.9	22.5	800.0	0.0	0.0	0.0	0.000	0.000	0.000	0.0	0.0		12:34:59:309		
000:00:07.500	800.0	22.9	22.5	800.0	0.0	0.0	0.0	0.000	0.000	0.000	0.0	0.0		12:34:59:359		
000:00:07.550	800.0	22.9	22.5	800.0	0.0	0.0	0.0	0.000	0.000	0.000	0.0	0.0		12:34:59:409		
000:00:07.600	800.0	22.9	22.5	800.0	0.0	0.0	0.0	0.000	0.000	0.000	0.0	0.0		12:34:59:459		
000:00:07.650	800.0	22.9	22.5	800.0	0.0	0.0	0.0	0.000	0.000	0.000	0.0	0.0		12:34:59:509		
000:00:07.700	800.0	22.9	22.5	800.0	0.0	0.0	0.0	0.000	0.000	0.000	0.0	0.0		12:34:59:559		
000:00:07.750	800.0	22.9	22.5	800.0	0.0	0.0	0.0	0.000	0.000	0.000	0.0	0.0		12:34:59:609		
000:00:07.800	800.0	22.9	22.5	800.0	0.0	0.0	0.0	0.000	0.000	0.000	0.0	0.0		12:34:59:659		
000:00:07.850	800.0	22.9	22.5	800.0	0.0	0.0	0.0	0.000	0.000	0.000	0.0	0.0		12:34:59:709		
000:00:07.900	800.0	22.9	22.5	800.0	0.0	0.0	0.0	0.000	0.000	0.000	0.0	0.0		12:34:59:759		
000:00:07.950	800.0	22.9	22.5	800.0	0.0	0.0	0.0	0.000	0.000	0.000	0.0	0.0		12:34:59:809		
000:00:08.000	800.0	22.9	22.5	800.0	0.0	0.0	0.0	0.000	0.000	0.000	0.0	0.0		12:34:59:859		
000:00:08.050	800.0	22.9	22.5	800.0	0.0	0.0	0.0	0.000	0.000	0.000	0.0	0.0		12:34:59:909		
000:00:08.100	800.0	22.9	22.5	800.0	0.0	0.0	0.0	0.000	0.000	0.000	0.0	0.0		12:34:59:959		
000:00:08.150	800.0	22.9	22.5	800.0	0.0	0.0	0.0	0.000	0.000	0.000	0.0	0.0		12:35:00:009		
000:00:08.200	800.0	22.9	22.5	800.0	0.0	0.0	0.0	0.000	0.000	0.000	0.0	0.0		12:35:00:059		
000:00:08.250	800.0	22.9	22.5	800.0	0.0	0.0	0.0	0.000	0.000	0.000	0.0	0.0		12:35:00:109		
000:00:08.300	800.0	22.9	22.5	800.0	0.0	0.0	0.0	0.000	0.000	0.000	0.0	0.0		12:35:00:159		
000:00:08.350	800.0	22.9	22.5	800.0	0.0	0.0	0.0	0.000	0.000	0.000	0.0	0.0		12:35:00:209		
000:00:08.400	800.0	22.9	22.5	800.0	0.0	0.0	0.0	0.000	0.000	0.000	0.0	0.0		12:35:00:259		
000:00:08.450	800.0	22.9	22.5	800.0	0.0	0.0	0.0	0.000	0.000	0.000	0.0	0.0		12:35:00:309		
000:00:08.500	800.0	22.9	22.5	800.0	0.0	0.0	0.0	0.000	0.000	0.000	0.0	0.0		12:35:00:359		
000:00:08.550	800.0	22.9	22.5	800.0	0.0	0.0	0.0	0.000	0.000	0.000	0.0	0.0		12:35:00:409		
000:00:08.600	800.0	22.9	22.5	800.0	0.0	0.0	0.0	0.000	0.000	0.000	0.0	0.0		12:35:00:459		
000:00:08.650	800.0	22.9	22.5	800.0	0.0	0.0	0.0	0.000	0.000	0.000	0.0	0.0		12:35:00:509		
000:00:08.700	800.0	22.9	22.5	800.0	0.0	0.0	0.0	0.000	0.000	0.000	0.0	0.0		12:35:00:559		
000:00:08.750	800.0	22.9	22.5	800.0	0.0	0.0	0.0	0.000	0.000	0.000	0.0	0.0		12:35:00:609		
000:00:08.800	800.0	22.9	22.5	800.0	0.0	0.0	0.0	0.000	0.000	0.000	0.0	0.0		12:35:00:659		
000:00:08.850	800.0	22.9	22.5	800.0	0.0	0.0	0.0	0.000	0.000	0.000	0.0	0.0		12:35:00:709		
000:00:08.900	800.0	22.9	22.5	800.0	0.0	0.0	0.0	0.000	0.000	0.000	0.0	0.0		12:35:00:759		
000:00:08.950	800.0	22.9	22.5	800.0	0.0	0.0	0.0	0.000	0.000	0.000	0.0	0.0		12:35:00:809		
000:00:09.000	800.0	22.9	22.5	800.0	0.0	0.0	0.0	0.000	0.000	0.000	0.0	0.0		12:35:00:859		
000:00:09.050	800.0	22.9	22.5	800.0	0.0	0.0	0.0	0.000	0.000	0.000	0.0	0.0		12:35:00:909		
000:00:09.100	800.0	22.9	22.5	800.0	0.0	0.0	0.0	0.000	0.000	0.000	0.0	0.0		12:35:00:959		
000:00:09.150	800.0	22.9	22.5	800.0	0.0	0.0	0.0	0.000	0.000	0.000	0.0	0.0		12:35:01:009		
000:00:09.200	800.0	22.9	22.5	800.0	0.0	0.0	0.0	0.000	0.000	0.000	0.0	0.0		12:35:01:059		
000:00:09.250	800.0	22.9	22.5	800.0	0.0	0.0	0.0	0.000	0.000	0.000	0.0	0.0		12:35:01:109		
000:00:09.300	800.0	22.9	22.5	800.0	0.0	0.0	0.0	0.000	0.000	0.000	0.0	0.0		12:35:01:159		
000:00:09.350	800.0	22.9	22.5	800.0	0.0	0.0	0.0	0.000	0.000	0.000	0.0	0.0		12:35:01:209		
000:00:09.400	800.0	22.9	22.5	800.0	0.0	0.0	0.0	0.000	0.000	0.000	0.0	0.0		12:35:01:259		
000:00:09.450	800.0	22.9	22.5	800.0	0.0	0.0	0.0	0.000	0.000	0.000	0.0	0.0		12:35:01:309		
000:00:09.500	800.0	22.9	22.5	800.0	0.0	0.0	0.0	0.000	0.000	0.000	0.0	0.0		12:35:01:359		
000:00:09.550	800.0	22.9	22.5	800.0	0.0	0.0	0.0	0.000	0.000	0.000	0.0	0.0		12:35:01:409		
000:00:09.600	800.0	22.9	22.5	800.0	0.0	0.0	0.0	0.000	0.000	0.000	0.0	0.0		12:35:01:459		
000:00:09.650	800.0	22.9	22.5	800.0	0.0	0.0	0.0	0.000	0.000	0.000	0.0	0.0		12:35:01:509		
000:00:09.700	800.0	22.9	22.5	800.0	0.0	0.0	0.0	0.000	0.000	0.000	0.0	0.0		12:35:01:559		
000:00:09.750	800.0	22.9	22.5	800.0	0.0	0.0	0.0	0.000	0.000	0.000	0.0	0.0		12:35:01:609		
000:00:09.800	800.0	22.9	22.5	800.0	0.0	0.0	0.0	0.000	0.000	0.000	0.0	0.0		12:35:01:659		
000:00:09.850	800.0	22.9	22.5	800.0	0.0	0.0	0.0	0.000	0.000	0.000	0.0	0.0		12:35:01:709		
000:00:09.900	800.0	22.9	22.5	800.0	0.0	0.0	0.0	0.000	0.000	0.000	0.0	0.0		12:35:01:759		
000:00:09.950	800.0	22.9	22.5	800.0	0.0	0.0	0.0	0.000	0.000	0.000	0.0	0.0		12:35:01:809		
000:00:10.000	800.0	22.9	22.5	800.0	0.0	0.0	0.0	0.000	0.000	0.000	0.0	0.0		12:35:01:859		
000:00:10.050	800.0	22.9	22.5	800.0	0.0	0.0	0.0	0.000	0.000	0.000	0.0	0.0		12:35:01:909		
000:00:10.100	800.0	22.9	22.5	800.0	0.0	0.0	0.0	0.000	0.000	0.000	0.0	0.0		12:35:01:959		
000:00:10.150	800.0	22.9	22.5	800.0	0.0	0.0	0.0	0.000	0.000	0.000	0.0	0.0		12:35:02:009		
000:00:10.200	800.0	22.9	22.5	800.0	0.0	0.0	0.0	0.000	0.000	0.000	0.0	0.0		12:35:02:059		
000:00:10.250	800.0	22.9	22.5	800.0	0.0	0.0	0.0	0.000	0.000	0.000	0.0	0.0		12:35:02:109		
000:00:10.300	800.0	22.9	22.5	800.0	0.0	0.0	0.0	0.000	0.000	0.000	0.0	0.0		12:35:02:159		
000:00:10.350	800.0	22.9	22.5	800.0	0.0	0.0	0.0	0.000	0.000	0.000	0.0	0.0		12:35:02:209		
000:00:10.400	800.0	22.9	22.5	800.0	0.0	0.0	0.0	0.000	0.000	0.000	0.0	0.0		12:35:02:259		
000:00:10.450	800.0	22.9	22.5	800.0	0.0	0.0	0.0	0.000	0.000	0.000	0.0	0.0		12:35:02:309		
000:00:10.500	800.0	22.9	22.5	800.0	0.0	0.0	0.0	0.000	0.000	0.000	0.0	0.0		12:35:02:359		
000:00:10.550	800.0	22.9	22.5	800.0	0.0	0.0	0.0	0.000	0.000	0.000	0.0	0.0		12:35:02:409		
000:00:10.600	800.0	22.9	22.5	800.0	0.0	0.0	0.0	0.000	0.000	0.000	0.0	0.0		12:35:02:459		
000:00:10.650	800.0	22.9	22.5	800.0	0.0	0.0	0.0	0.000	0.000	0.000	0.0	0.0		12:35:02:509		
000:00:10.700	800.0	22.9	22.5	800.0	0.0	0.0	0.0	0.000	0.000	0.000	0.0	0.0		12:35:02:559		
000:00:10.750	800.0	22.9	22.5	800.0	0.0	0.0	0.0	0.000	0.000	0.000	0.0	0.0		12:35:02:609		
000:00:10.800	800.0	22.9	22.5	800.0	0.0	0.0	0.0	0.000	0.000	0.000	0.0	0.0		12:35:02:659		
000:00:10.850	800.0	22.9	22.5	800.0	0.0	0.0	0.0	0.000	0.000	0.000	0.0	0.0		12:35:02:709		
000:00:10.900	800.0	22.9	22.5	800.0	0.0	0.0	0.0	0.000	0.000	0.000	0.0	0.0		12:35:02:759		
000:00:10.950	800.0	22.9	22.5	800.0	0.0	0.0	0.0	0.000	0.000	0.000	0.0	0.0		12:35:02:809		
000:00:11.000	800.0	22.9	22.5	800.0	0.0	0.0	0.0	0.000	0.000	0.000	0.0	0.0		12:35:02:859		
000:00:11.050	800.0	22.9	22.5	800.0	0.0	0.0	0.0	0.000	0.000	0.000	0.0	0.0		12:35:02:909		
000:00:11.100	800.0	22.9	22.5	800.0	0.0	0.0	0.0	0.000	0.000	0.000	0.0	0.0		12:35:02:959		
000:00:11.150	800.0	22.9	22.5	800.0	0.0	0.0	0.0	0.000	0.000	0.000	0.0	0.0		12:35:03:009		
000:00:11.200	800.0	22.9	22.5	800.0	0.0	0.0	0.0	0.000	0.000	0.000	0.0	0.0		12:35:03:059		
000:00:11.250	800.0	22.9	22.5	800.0	0.0	0.0	0.0	0.000	0.000	0.000	0.0	0.0		12:35:03:109		
000:00:11.300	800.0	22.9	22.5	800.0	0.0	0.0	0.0	0.000	0.000	0.000	0.0	0.0		12:35:03:159		
000:00:11.350	800.0	22.9	22.5	800.0	0.0	0.0	0.0	0.000	0.000	0.000	0.0	0.0		12:35:03:209		
000:00:11.400	800.0	22.9	22.5	800.0	0.0	0.0	0.0	0.000	0.000	0.000	0.0	0.0		12:35:03:259		
000:00:11.450	800.0	22.9	22.5	800.0	0.0	0.0	0.0	0.000	0.000	0.000	0.0	0.0		12:35:03:309		
000:00:11.500	800.0	22.9	22.5	800.0	0.0	0.0	0.0	0.000	0.000	0.000	0.0	0.0		12:35:03:359		
000:00:11.550	800.0	22.9	22.5	800.0	0.0	0.0	0.0	0.000	0.000	0.000	0.0	0.0		12:35:03:409		
000:00:11.600	800.0	22.9	22.5	800.0	0.0	0.0	0.0	0.000	0.000	0.000	0.0	0.0		12:35:03:459		
000:00:11.650	800.0	22.9	22.5	800.0	0.0	0.0	0.0	0.000	0.000	0.000	0.0	0.0		12:35:03:509		
000:00:11.700	800.0	22.9	22.5	800.0	0.0	0.0	0.0	0.000	0.000	0.000	0.0	0.0		12:35:03:559		
000:00:11.750	800.0	22.9	22.5	800.0	0.0	0.0	0.0	0.000	0.000	0.000	0.0	0.0		12:35:03:609		
000:00:11.800	800.0	22.9	22.5	800.0	0.0	0.0	0.0	0.000	0.000	0.000	0.0	0.0		12:35:03:659		
000:00:11.850	800.0	22.9	22.5	800.0	0.0	0.0	0.0	0.000	0.000	0.000	0.0	0.0		12:35:03:709		
000:00:11.900	800.0	22.9	22.5	800.0	0.0	0.0	0.0	0.000	0.000	0.000	0.0	0.0		12:35:03:759		
000:00:11.950	800.0	22.9	22.5	800.0	0.0	0.0	0.0	0.000	0.000	0.000	0.0	0.0		12:35:03:809		
000:00:12.000	800.0	22.9	22.5	800.0	0.0	0.0	0.0	0.000	0.000	0.000	0.0	0.0		12:35:03:859		
000:00:12.050	800.0	22.9	22.5	800.0	0.0	0.0	0.0	0.000	0.000	0.000	0.0	0.0		12:35:03:909		
000:00:12.100	800.0	22.9	22.5	800.0	0.0	0.0	0.0	0.000	0.000	0.000	0.0	0.0		12:35:03:959		
000:00:12.150	800.0	22.9	22.5	800.0	0.0	0.0	0.0	0.000	0.000	0.000	0.0	0.0		12:35:04:009		
000:00:12.200	800.0	22.9	22.5	800.0	0.0	0.0	0.0	0.000	0.000	0.000	0.0	0.0		12:35:04:059		
000:00:12.250	800.0	22.9	22.5	800.0	0.0	0.0	0.0	0.000	0.000	0.000	0.0	0.0		12:35:04:109		
000:00:12.300	800.0	22.9	22.5	800.0	0.0	0.0	0.0	0.000	0.000	0.000	0.0	0.0		12:35:04:159		
000:00:12.350	800.0	22.9	22.5	800.0	0.0	0.0	0.0	0.000	0.000	0.000	0.0	0.0		12:35:04:209		
000:00:12.400	800.0	22.9	22.5	800.0	0.0	0.0	0.0	0.000	0.000	0.000	0.0	0.0		12:35:04:259		
000:00:12.450	800.0	22.9	22.5	800.0	0.0	0.0	0.0	0.000	0.000	0.000	0.0	0.0		12:35:04:309		
000:00:12.500	800.0	22.9	22.5	800.0	0.0	0.0	0.0	0.000	0.000	0.000	0.0	0.0		12:35:04:359		
000:00:12.550	800.0	22.9	22.5	800.0	0.0	0.0	0.0	0.000	0.000	0.000	0.0	0.0		12:35:04:409		
000:00:12.600	800.0	22.9	22.5	800.0	0.0	0.0	0.0	0.000	0.000	0.000	0.0	0.0		12:35:04:459		
000:00:12.650	800.0	22.9	22.5	800.0	0.0	0.0	0.0	0.000	0.000	0.000	0.0	0.0		12:35:04:509		
000:00:12.700	800.0	22.9	22.5	800.0	0.0	0.0	0.0	0.000	0.000	0.000	0.0	0.0		12:35:04:559		
000:00:12.750	800.0	22.9	22.5	800.0	0.0	0.0	0.0	0.000	0.000	0.000	0.0	0.0		12:35:04:609		
000:00:12.800	800.0	22.9	22.5	800.0	0.0	0.0	0.0	0.000	0.000	0.000	0.0	0.0		12:35:04:659		
000:00:12.850	800.0	22.9	22.5	800.0	0.0	0.0	0.0	0.000	0.000	0.000	0.0	0.0		12:35:04:709		
000:00:12.900	800.0	22.9	22.5	800.0	0.0	0.0	0.0	0.000	0.000	0.000	0.0	0.0		12:35:04:759		
000:00:12.950	800.0	22.9	22.5	800.0	0.0	0.0	0.0	0.000	0.000	0.000	0.0	0.0		12:35:04:809		
000:00:13.000	800.0	22.9	22.5	800.0	0.0	0.0	0.0	0.000	0.000	0.000	0.0	0.0		12:35:04:859		
000:00:13.050	800.0	22.9	22.5	800.0	0.0	0.0	0.0	0.000	0.000	0.000	0.0	0.0		12:35:04:909		
000:00:13.100	800.0	22.9	22.5	800.0	0.0	0.0	0.0	0.000	0.000	0.000	0.0	0.0		12:35:04:959		
000:00:13.150	800.0	22.9	22.5	800.0	0.0	0.0	0.0	0.000	0.000	0.000	0.0	0.0		12:35:05:009		
000:00:13.200	800.0	22.9	22.5	800.0	0.0	0.0	0.0	0.000	0.000	0.000	0.0	0.0		12:35:05:059		
000:00:13.250	800.0	22.9	22.5	800.0	0.0	0.0	0.0	0.000	0.000	0.000	0.0	0.0		12:35:05:109		
000:00:13.300	800.0	22.9	22.5	800.0	0.0	0.0	0.0	0.000	0.000	0.000	0.0	0.0		12:35:05:159		
000:00:13.350	800.0	22.9	22.5	800.0	0.0	0.0	0.0	0.000	0.000	0.000	0.0	0.0		12:35:05:209		
000:00:13.400	800.0	22.9	22.5	800.0	0.0	0.0	0.0	0.000	0.000	0.000	0.0	0.0		12:35:05:259		
000:00:13.450	800.0	22.9	22.5	800.0	0.0	0.0	0.0	0.000	0.000	0.000	0.0	0.0		12:35:05:309		
000:00:13.500	800.0	22.9	22.5	800.0	0.0	0.0	0.0	0.000	0.000	0.000	0.0	0.0		12:35:05:359		
000:00:13.550	800.0	22.9	22.5	800.0	0.0	0.0	0.0	0.000	0.000	0.000	0.0	0.0		12:35:05:409		
000:00:13.600	800.0	22.9	22.5	800.0	0.0	0.0	0.0	0.000	0.000	0.000	0.0	0.0		12:35:05:459		
000:00:13.650	800.0	22.9	22.5	800.0	0.0	0.0	0.0	0.000	0.000	0.000	0.0	0.0		12:35:05:509		
000:00:13.700	800.0	22.9	22.5	800.0	0.0	0.0	0.0	0.000	0.000	0.000	0.0	0.0		12:35:05:559		
000:00:13.750	800.0	22.9	22.5	800.0	0.0	0.0	0.0	0.000	0.000	0.000	0.0	0.0		12:35:05:609		
000:00:13.800	800.0	22.9	22.5	800.0	0.0	0.0	0.0	0.000	0.000	0.000	0.0	0.0		12:35:05:659		
000:00:13.850	800.0	22.9	22.5	800.0	0.0	0.0	0.0	0.000	0.000	0.000	0.0	0.0		12:35:05:709		
000:00:13.900	800.0	22.9	22.5	800.0	0.0	0.0	0.0	0.000	0.000	0.000	0.0	0.0		12:35:05:759		
000:00:13.950	800.0	22.9	22.5	800.0	0.0	0.0	0.0	0.000	0.000	0.000	0.0	0.0		12:35:05:809		
000:00:14.000	800.0	22.9	22.5	800.0	0.0	0.0	0.0	0.000	0.000	0.000	0.0	0.0		12:35:05:859		
000:00:14.050	800.0	22.9	22.5	800.0	0.0	0.0	0.0	0.000	0.000	0.000	0.0	0.0		12:35:05:909		
000:00:14.100	800.0	22.9	22.5	800.0	0.0	0.0	0.0	0.000	0.000	0.000	0.0	0.0		12:35:05:959		
000:00:14.150	800.0	22.9	22.5	800.0	0.0	0.0	0.0	0.000	0.000	0.000	0.0	0.0		12:35:06:009		
000:00:14.200	800.0	22.9	22.5	800.0	0.0	0.0	0.0	0.000	0.000	0.000	0.0	0.0		12:35:06:059		
000:00:14.250	800.0	22.9	22.5	800.0	0.0	0.0	0.0	0.000	0.000	0.000	0.0	0.0		12:35:06:109		
000:00:14.300	800.0	22.9	22.5	800.0	0.0	0.0	0.0	0.000	0.000	0.000	0.0	0.0		12:35:06:159		
000:00:14.350	800.0	22.9	22.5	800.0	0.0	0.0	0.0	0.000	0.000	0.000	0.0	0.0		12:35:06:209		
000:00:14.400	800.0	22.9	22.5	800.0	0.0	0.0	0.0	0.000	0.000	0.000	0.0	0.0		12:35:06:259		
000:00:14.450	800.0	22.9	22.5	800.0	0.0	0.0	0.0	0.000	0.000	0.000	0.0	0.0		12:35:06:309		
000:00:14.500	800.0	22.9	22.5	800.0	0.0	0.0	0.0	0.000	0.000	0.000	0.0	0.0		12:35:06:359		
000:00:14.550	800.0	22.9	22.5	800.0	0.0	0.0	0.0	0.000	0.000	0.000	0.0	0.0		12:35:06:409		
000:00:14.600	800.0	22.9	22.5	800.0	0.0	0.0	0.0	0.000	0.000	0.000	0.0	0.0		12:35:06:459		
000:00:14.650	800.0	22.9	22.5	800.0	0.0	0.0	0.0	0.000	0.000	0.000	0.0	0.0		12:35:06:509		
000:00:14.700	800.0	22.9	22.5	800.0	0.0	0.0	0.0	0.000	0.000	0.000	0.0	0.0		12:35:06:559		
000:00:14.750	800.0	22.9	22.5	800.0	0.0	0.0	0.0	0.000	0.000	0.000	0.0	0.0		12:35:06:609		
000:00:14.800	800.0	22.9	22.5	800.0	0.0	0.0	0.0	0.000	0.000	0.000	0.0	0.0		12:35:06:659		
000:00:14.850	800.0	22.9	22.5	800.0	0.0	0.0	0.0	0.000	0.000	0.000	0.0	0.0		12:35:06:709		
000:00:14.900	800.0	22.9	22.5	800.0	0.0	0.0	0.0	0.000	0.000	0.000	0.0	0.0		12:35:06:759		
000:00:14.950	800.0	22.9	22.5	800.0	0.0	0.0	0.0	0.000	0.000	0.000	0.0	0.0		12:35:06:809		
000:00:15.000	800.0	22.9	22.5	800.0	0.0	0.0	0.0	0.000	0.000	0.000	0.0	0.0		12:35:06:859		
000:00:15.050	800.0	22.9	22.5	800.0	0.0	0.0	0.0	0.000	0.000	0.000	0.0	0.0		12:35:06:909		
000:00:15.100	800.0	22.9	22.5	800.0	0.0	0.0	0.0	0.000	0.000	0.000	0.0	0.0		12:35:06:959		
000:00:15.150	800.0	22.9	22.5	800.0	0.0	0.0	0.0	0.000	0.000	0.000	0.0	0.0		12:35:07:009		
000:00:15.200	800.0	22.9	22.5	800.0	0.0	0.0	0.0	0.000	0.000	0.000	0.0	0.0		12:35:07:059		
000:00:15.250	800.0	22.9	22.5	800.0	0.0	0.0	0.0	0.000	0.000	0.000	0.0	0.0		12:35:07:109		
000:00:15.300	800.0	22.9	22.5	800.0	0.0	0.0	0.0	0.000	0.000	0.000	0.0	0.0		12:35:07:159		
000:00:15.350	800.0	22.9	22.5	800.0	0.0	0.0	0.0	0.000	0.000	0.000	0.0	0.0		12:35:07:209		
000:00:15.400	800.0	22.9	22.5	800.0	0.0	0.0	0.0	0.000	0.000	0.000	0.0	0.0		12:35:07:259		
000:00:15.450	800.0	22.9	22.5	800.0	0.0	0.0	0.0	0.000	0.000	0.000	0.0	0.0		12:35:07:309		
000:00:15.500	800.0	22.9	22.5	800.0	0.0	0.0	0.0	0.000	0.000	0.000	0.0	0.0		12:35:07:359		
000:00:15.550	800.0	22.9	22.5	800.0	0.0	0.0	0.0	0.000	0.000	0.000	0.0	0.0		12:35:07:409		
000:00:15.600	800.0	22.9	22.5	800.0	0.0	0.0	0.0	0.000	0.000	0.000	0.0	0.0		12:35:07:459		
000:00:15.650	800.0	22.9	22.5	800.0	0.0	0.0	0.0	0.000	0.000	0.000	0.0	0.0		12:35:07:509		
000:00:15.700	800.0	22.9	22.5	800.0	0.0	0.0	0.0	0.000	0.000	0.000	0.0	0.0		12:35:07:559		
000:00:15.750	800.0	22.9	22.5	800.0	0.0	0.0	0.0	0.000	0.000	0.000	0.0	0.0		12:35:07:609		
000:00:15.800	800.0	22.9	22.5	800.0	0.0	0.0	0.0	0.000	0.000	0.000	0.0	0.0		12:35:07:659		
000:00:15.850	800.0	22.9	22.5	800.0	0.0	0.0	0.0	0.000	0.000	0.000	0.0	0.0		12:35:07:709		
000:00:15.900	800.0	22.9	22.5	800.0	0.0	0.0	0.0	0.000	0.000	0.000	0.0	0.0		12:35:07:759		
000:00:15.950	800.0	22.9	22.5	800.0	0.0	0.0	0.0	0.000	0.000	0.000	0.0	0.0		12:35:07:809		
000:00:16.000	800.0	22.9	22.5	800.0	0.0	0.0	0.0	0.000	0.000	0.000	0.0	0.0		12:35:07:859		
000:00:16.050	800.0	22.9	22.5	800.0	0.0	0.0	0.0	0.000	0.000	0.000	0.0	0.0		12:35:07:909		
000:00:16.100	800.0	22.9	22.5	800.0	0.0	0.0	0.0	0.000	0.000	0.000	0.0	0.0		12:35:07:959		
000:00:16.150	800.0	22.9	22.5	800.0	0.0	0.0	0.0	0.000	0.000	0.000	0.0	0.0		12:35:08:009		
000:00:16.200	800.0	22.9	22.5	800.0	0.0	0.0	0.0	0.000	0.000	0.000	0.0	0.0		12:35:08:059		
000:00:16.250	800.0	22.9	22.5	800.0	0.0	0.0	0.0	0.000	0.000	0.000	0.0	0.0		12:35:08:109		
000:00:16.300	800.0	22.9	22.5	800.0	0.0	0.0	0.0	0.000	0.000	0.000	0.0	0.0		12:35:08:159		
000:00:16.350	800.0	22.9	22.5	800.0	0.0	0.0	0.0	0.000	0.000	0.000	0.0	0.0		12:35:08:209		
000:00:16.400	800.0	22.9	22.5	800.0	0.0	0.0	0.0	0.000	0.000	0.000	0.0	0.0		12:35:08:259		
000:00:16.450	800.0	22.9	22.5	800.0	0.0	0.0	0.0	0.000	0.000	0.000	0.0	0.0		12:35:08:309		
000:00:16.500	800.0	22.9	22.5	800.0	0.0	0.0	0.0	0.000	0.000	0.000	0.0	0.0		12:35:08:359		
000:00:16.550	800.0	22.9	22.5	800.0	0.0	0.0	0.0	0.000	0.000	0.000	0.0	0.0		12:35:08:409		
000:00:16.600	800.0	22.9	22.5	800.0	0.0	0.0	0.0	0.000	0.000	0.000	0.0	0.0		12:35:08:459		
000:00:16.650	800.0	22.9	22.5	800.0	0.0	0.0	0.0	0.000	0.000	0.000	0.0	0.0		12:35:08:509		
000:00:16.700	800.0	22.9	22.5	800.0	0.0	0.0	0.0	0.000	0.000	0.000	0.0	0.0		12:35:08:559		
000:00:16.750	800.0	22.9	22.5	800.0	0.0	0.0	0.0	0.000	0.000	0.000	0.0	0.0		12:35:08:609		
000:00:16.800	800.0	22.9	22.5	800.0	0.0	0.0	0.0	0.000	0.000	0.000	0.0	0.0		12:35:08:659		
000:00:16.850	800.0	22.9	22.5	800.0	0.0	0.0	0.0	0.000	0.000	0.000	0.0	0.0		12:35:08:709		
000:00:16.900	800.0	22.9	22.5	800.0	0.0	0.0	0.0	0.000	0.000	0.000	0.0	0.0		12:35:08:759		
000:00:16.950	800.0	22.9	22.5	800.0	0.0	0.0	0.0	0.000	0.000	0.000	0.0	0.0		12:35:08:809		
000:00:17.000	800.0	22.9	22.5	800.0	0.0	0.0	0.0	0.000	0.000	0.000	0.0	0.0		12:35:08:859		
000:00:17.050	800.0	22.9	22.5	800.0	0.0	0.0	0.0	0.000	0.000	0.000	0.0	0.0		12:35:08:909		
000:00:17.100	800.0	22.9	22.5	800.0	0.0	0.0	0.0	0.000	0.000	0.000	0.0	0.0		12:35:08:959		
000:00:17.150	800.0	22.9	22.5	800.0	0.0	0.0	0.0	0.000	0.000	0.000	0.0	0.0		12:35:09:009		
000:00:17.200	800.0	22.9	22.5	800.0	0.0	0.0	0.0	0.000	0.000	0.000	0.0	0.0		12:35:09:059		
000:00:17.250	800.0	22.9	22.5	800.0	0.0	0.0	0.0	0.000	0.000	0.000	0.0	0.0		12:35:09:109		
000:00:17.300	800.0	22.9	22.5	800.0	0.0	0.0	0.0	0.000	0.000	0.000	0.0	0.0		12:35:09:159		
000:00:17.350	800.0	22.9	22.5	800.0	0.0	0.0	0.0	0.000	0.000	0.000	0.0	0.0		12:35:09:209		
000:00:17.400	800.0	22.9	22.5	800.0	0.0	0.0	0.0	0.000	0.000	0.000	0.0	0.0		12:35:09:259		
000:00:17.450	800.0	22.9	22.5	800.0	0.0	0.0	0.0	0.000	0.000	0.000	0.0	0.0		12:35:09:309		
000:00:17.500	800.0	22.9	22.5	800.0	0.0	0.0	0.0	0.000	0.000	0.000	0.0	0.0		12:35:09:359		
000:00:17.550	800.0	22.9	22.5	800.0	0.0	0.0	0.0	0.000	0.000	0.000	0.0	0.0		12:35:09:409		
000:00:17.600	800.0	22.9	22.5	800.0	0.0	0.0	0.0	0.000	0.000	0.000	0.0	0.0		12:35:09:459		
000:00:17.650	800.0	22.9	22.5	800.0	0.0	0.0	0.0	0.000	0.000	0.000	0.0	0.0		12:35:09:509		
000:00:17.700	800.0	22.9	22.5	800.0	0.0	0.0	0.0	0.000	0.000	0.000	0.0	0.0		12:35:09:559		
000:00:17.750	800.0	22.9	22.5	800.0	0.0	0.0	0.0	0.000	0.000	0.000	0.0	0.0		12:35:09:609		
000:00:17.800	800.0	22.9	22.5	800.0	0.0	0.0	0.0	0.000	0.000	0.000	0.0	0.0		12:35:09:659		
000:00:17.850	800.0	22.9	22.5	800.0	0.0	0.0	0.0	0.000	0.000	0.000	0.0	0.0		12:35:09:709		
000:00:17.900	800.0	22.9	22.5	800.0	0.0	0.0	0.0	0.000	0.000	0.000	0.0	0.0		12:35:09:759		
000:00:17.950	800.0	22.9	22.5	800.0	0.0	0.0	0.0	0.000	0.000	0.000	0.0	0.0		12:35:09:809		
000:00:18.000	800.0	22.9	22.5	800.0	0.0	0.0	0.0	0.000	0.000	0.000	0.0	0.0		12:35:09:859		
000:00:18.050	800.0	22.9	22.5	800.0	0.0	0.0	0.0	0.000	0.000	0.000	0.0	0.0		12:35:09:909		
000:00:18.100	800.0	22.9	22.5	800.0	0.0	0.0	0.0	0.000	0.000	0.000	0.0	0.0		12:35:09:959		
000:00:18.150	800.0	22.9	22.5	800.0	0.0	0.0	0.0	0.000	0.000	0.000	0.0	0.0		12:35:10:009		
000:00:18.200	800.0	22.9	22.5	800.0	0.0	0.0	0.0	0.000	0.000	0.000	0.0	0.0		12:35:10:059		
000:00:18.250	800.0	22.9	22.5	800.0	0.0	0.0	0.0	0.000	0.000	0.000	0.0	0.0		12:35:10:109		
000:00:18.300	800.0	22.9	22.5	800.0	0.0	0.0	0.0	0.000	0.000	0.000	0.0	0.0		12:35:10:159		
000:00:18.350	800.0	22.9	22.5	800.0	0.0	0.0	0.0	0.000	0.000	0.000	0.0	0.0		12:35:10:209		
000:00:18.400	800.0	22.9	22.5	800.0	0.0	0.0	0.0	0.000	0.000	0.000	0.0	0.0		12:35:10:259		
000:00:18.450	800.0	22.9	22.6	800.0	0.0	0.0	0.0	0.000	0.000	0.000	0.0	0.0		12:35:10:309		
000:00:18.500	800.0	22.9	22.6	800.0	0.0	0.0	0.0	0.000	0.000	0.000	0.0	0.0		12:35:10:359		
000:00:18.550	800.0	22.9	22.6	800.0	0.0	0.0	0.0	0.000	0.000	0.000	0.0	0.0		12:35:10:409		
000:00:18.600	800.0	22.9	22.6	800.0	0.0	0.0	0.0	0.000	0.000	0.000	0.0	0.0		12:35:10:459		
000:00:18.650	800.0	22.9	22.6	800.0	0.0	0.0	0.0	0.000	0.000	0.000	0.0	0.0		12:35:10:509		
000:00:18.700	800.0	22.9	22.6	800.0	0.0	0.0	0.0	0.000	0.000	0.000	0.0	0.0		12:35:10:559		
000:00:18.750	800.0	22.9	22.6	800.0	0.0	0.0	0.0	0.000	0.000	0.000	0.0	0.0		12:35:10:609		
000:00:18.800	800.0	22.9	22.6	800.0	0.0	0.0	0.0	0.000	0.000	0.000	0.0	0.0		12:35:10:659		
000:00:18.850	800.0	22.9	22.6	800.0	0.0	0.0	0.0	0.000	0.000	0.000	0.0	0.0		12:35:10:709		
000:00:18.900	800.0	22.9	22.6	800.0	0.0	0.0	0.0	0.000	0.000	0.000	0.0	0.0		12:35:10:759		
000:00:18.950	800.0	22.9	22.6	800.0	0.0	0.0	0.0	0.000	0.000	0.000	0.0	0.0		12:35:10:809		
000:00:19.000	800.0	22.9	22.6	800.0	0.0	0.0	0.0	0.000	0.000	0.000	0.0	0.0		12:35:10:859		
000:00:19.050	800.0	22.9	22.6	800.0	0.0	0.0	0.0	0.000	0.000	0.000	0.0	0.0		12:35:10:909		
000:00:19.100	800.0	22.9	22.6	800.0	0.0	0.0	0.0	0.000	0.000	0.000	0.0	0.0		12:35:10:959		
000:00:19.150	800.0	22.9	22.6	800.0	0.0	0.0	0.0	0.000	0.000	0.000	0.0	0.0		12:35:11:009		
000:00:19.200	800.0	22.9	22.6	800.0	0.0	0.0	0.0	0.000	0.000	0.000	0.0	0.0		12:35:11:059		
000:00:19.250	800.0	22.9	22.6	800.0	0.0	0.0	0.0	0.000	0.000	0.000	0.0	0.0		12:35:11:109		
000:00:19.300	800.0	22.9	22.6	800.0	0.0	0.0	0.0	0.000	0.000	0.000	0.0	0.0		12:35:11:159		
000:00:19.350	800.0	22.9	22.6	800.0	0.0	0.0	0.0	0.000	0.000	0.000	0.0	0.0		12:35:11:209		
000:00:19.400	800.0	22.9	22.6	800.0	0.0	0.0	0.0	0.000	0.000	0.000	0.0	0.0		12:35:11:259		
000:00:19.450	800.0	22.9	22.6	800.0	0.0	0.0	0.0	0.000	0.000	0.000	0.0	0.0		12:35:11:309		
000:00:19.500	800.0	22.9	22.6	800.0	0.0	0.0	0.0	0.000	0.000	0.000	0.0	0.0		12:35:11:359		
000:00:19.550	800.0	22.9	22.6	800.0	0.0	0.0	0.0	0.000	0.000	0.000	0.0	0.0		12:35:11:409		
000:00:19.600	800.0	22.9	22.6	800.0	0.0	0.0	0.0	0.000	0.000	0.000	0.0	0.0		12:35:11:459		
000:00:19.650	800.0	22.9	22.6	800.0	0.0	0.0	0.0	0.000	0.000	0.000	0.0	0.0		12:35:11:509		
000:00:19.700	800.0	22.9	22.6	800.0	0.0	0.0	0.0	0.000	0.000	0.000	0.0	0.0		12:35:11:559		
000:00:19.750	800.0	22.9	22.6	800.0	0.0	0.0	0.0	0.000	0.000	0.000	0.0	0.0		12:35:11:609		
000:00:19.800	800.0	22.9	22.6	800.0	0.0	0.0	0.0	0.000	0.000	0.000	0.0	0.0		12:35:11:659		
000:00:19.850	800.0	22.9	22.6	800.0	0.0	0.0	0.0	0.000	0.000	0.000	0.0	0.0		12:35:11:709		
000:00:19.900	800.0	22.9	22.6	800.0	0.0	0.0	0.0	0.000	0.000	0.000	0.0	0.0		12:35:11:759		
000:00:19.950	800.0	22.9	22.6	800.0	0.0	0.0	0.0	0.000	0.000	0.000	0.0	0.0		12:35:11:809		
000:00:20.000	800.0	22.9	22.6	800.0	0.0	0.0	0.0	0.000	0.000	0.000	0.0	0.0		12:35:11:859		
000:00:20.050	800.0	22.9	22.6	800.0	0.0	0.0	0.0	0.000	0.000	0.000	0.0	0.0		12:35:11:909		
000:00:20.100	800.0	22.9	22.6	800.0	0.0	0.0	0.0	0.000	0.000	0.000	0.0	0.0		12:35:11:959		
000:00:20.150	800.0	22.9	22.6	800.0	0.0	0.0	0.0	0.000	0.000	0.000	0.0	0.0		12:35:12:009		
000:00:20.200	800.0	22.9	22.6	800.0	0.0	0.0	0.0	0.000	0.000	0.000	0.0	0.0		12:35:12:059		
000:00:20.250	800.0	22.9	22.6	800.0	0.0	0.0	0.0	0.000	0.000	0.000	0.0	0.0		12:35:12:109		
000:00:20.300	800.0	22.9	22.6	800.0	0.0	0.0	0.0	0.000	0.000	0.000	0.0	0.0		12:35:12:159		
000:00:20.350	800.0	22.9	22.6	800.0	0.0	0.0	0.0	0.000	0.000	0.000	0.0	0.0		12:35:12:209		
000:00:20.400	800.0	22.9	22.6	800.0	0.0	0.0	0.0	0.000	0.000	0.000	0.0	0.0		12:35:12:259		
000:00:20.450	800.0	22.9	22.6	800.0	0.0	0.0	0.0	0.000	0.000	0.000	0.0	0.0		12:35:12:309		
000:00:20.500	800.0	22.9	22.6	800.0	0.0	0.0	0.0	0.000	0.000	0.000	0.0	0.0		12:35:12:359		
000:00:20.550	800.0	22.9	22.6	800.0	0.0	0.0	0.0	0.000	0.000	0.000	0.0	0.0		12:35:12:409		
000:00:20.600	800.0	22.9	22.6	800.0	0.0	0.0	0.0	0.000	0.000	0.000	0.0	0.0		12:35:12:459		
000:00:20.650	800.0	22.9	22.6	800.0	0.0	0.0	0.0	0.000	0.000	0.000	0.0	0.0		12:35:12:509		
000:00:20.700	800.0	22.9	22.6	800.0	0.0	0.0	0.0	0.000	0.000	0.000	0.0	0.0		12:35:12:559		
000:00:20.750	800.0	22.9	22.6	800.0	0.0	0.0	0.0	0.000	0.000	0.000	0.0	0.0		12:35:12:609		
000:00:20.800	800.0	22.9	22.6	800.0	0.0	0.0	0.0	0.000	0.000	0.000	0.0	0.0		12:35:12:659		
000:00:20.850	800.0	22.9	22.6	800.0	0.0	0.0	0.0	0.000	0.000	0.000	0.0	0.0		12:35:12:709		
000:00:20.900	800.0	22.9	22.6	800.0	0.0	0.0	0.0	0.000	0.000	0.000	0.0	0.0		12:35:12:759		
000:00:20.950	800.0	22.9	22.6	800.0	0.0	0.0	0.0	0.000	0.000	0.000	0.0	0.0		12:35:12:809		
000:00:21.000	800.0	22.9	22.6	800.0	0.0	0.0	0.0	0.000	0.000	0.000	0.0	0.0		12:35:12:859		
000:00:21.050	800.0	22.9	22.6	800.0	0.0	0.0	0.0	0.000	0.000	0.000	0.0	0.0		12:35:12:909		
000:00:21.100	800.0	22.9	22.6	800.0	0.0	0.0	0.0	0.000	0.000	0.000	0.0	0.0		12:35:12:959		
000:00:21.150	800.0	22.9	22.6	800.0	0.0	0.0	0.0	0.000	0.000	0.000	0.0	0.0		12:35:13:009		
000:00:21.200	800.0	22.9	22.6	800.0	0.0	0.0	0.0	0.000	0.000	0.000	0.0	0.0		12:35:13:059		
000:00:21.250	800.0	22.9	22.6	800.0	0.0	0.0	0.0	0.000	0.000	0.000	0.0	0.0		12:35:13:109		
000:00:21.300	800.0	22.9	22.6	800.0	0.0	0.0	0.0	0.000	0.000	0.000	0.0	0.0		12:35:13:159		
000:00:21.350	800.0	22.9	22.6	800.0	0.0	0.0	0.0	0.000	0.000	0.000	0.0	0.0		12:35:13:209		
000:00:21.400	800.0	22.9	22.6	800.0	0.0	0.0	0.0	0.000	0.000	0.000	0.0	0.0		12:35:13:259		
000:00:21.450	800.0	22.9	22.6	800.0	0.0	0.0	0.0	0.000	0.000	0.000	0.0	0.0		12:35:13:309		
000:00:21.500	800.0	22.9	22.6	800.0	0.0	0.0	0.0	0.000	0.000	0.000	0.0	0.0		12:35:13:359		
000:00:21.550	800.0	22.9	22.6	800.0	0.0	0.0	0.0	0.000	0.000	0.000	0.0	0.0		12:35:13:409		
000:00:21.600	800.0	22.9	22.6	800.0	0.0	0.0	0.0	0.000	0.000	0.000	0.0	0.0		12:35:13:459		
000:00:21.650	800.0	22.9	22.6	800.0	0.0	0.0	0.0	0.000	0.000	0.000	0.0	0.0		12:35:13:509		
000:00:21.700	800.0	22.9	22.6	800.0	0.0	0.0	0.0	0.000	0.000	0.000	0.0	0.0		12:35:13:559		
000:00:21.750	800.0	22.9	22.6	800.0	0.0	0.0	0.0	0.000	0.000	0.000	0.0	0.0		12:35:13:609		
000:00:21.800	800.0	22.9	22.6	800.0	0.0	0.0	0.0	0.000	0.000	0.000	0.0	0.0		12:35:13:659		
000:00:21.850	800.0	22.9	22.6	800.0	0.0	0.0	0.0	0.000	0.000	0.000	0.0	0.0		12:35:13:709		
000:00:21.900	800.0	22.9	22.6	800.0	0.0	0.0	0.0	0.000	0.000	0.000	0.0	0.0		12:35:13:759		
000:00:21.950	800.0	22.9	22.6	800.0	0.0	0.0	0.0	0.000	0.000	0.000	0.0	0.0		12:35:13:809		
000:00:22.000	800.0	22.9	22.6	800.0	0.0	0.0	0.0	0.000	0.000	0.000	0.0	0.0		12:35:13:859		
000:00:22.050	800.0	22.9	22.6	800.0	0.0	0.0	0.0	0.000	0.000	0.000	0.0	0.0		12:35:13:909		
000:00:22.100	800.0	22.9	22.6	800.0	0.0	0.0	0.0	0.000	0.000	0.000	0.0	0.0		12:35:13:959		
000:00:22.150	800.0	22.9	22.6	800.0	0.0	0.0	0.0	0.000	0.000	0.000	0.0	0.0		12:35:14:009		
000:00:22.200	800.0	22.9	22.6	800.0	0.0	0.0	0.0	0.000	0.000	0.000	0.0	0.0		12:35:14:059		
000:00:22.250	800.0	22.9	22.6	800.0	0.0	0.0	0.0	0.000	0.000	0.000	0.0	0.0		12:35:14:109		
000:00:22.300	800.0	22.9	22.6	800.0	0.0	0.0	0.0	0.000	0.000	0.000	0.0	0.0		12:35:14:159		
000:00:22.350	800.0	22.9	22.6	800.0	0.0	0.0	0.0	0.000	0.000	0.000	0.0	0.0		12:35:14:209		
000:00:22.400	800.0	22.9	22.6	800.0	0.0	0.0	0.0	0.000	0.000	0.000	0.0	0.0		12:35:14:259		
000:00:22.450	800.0	22.9	22.6	800.0	0.0	0.0	0.0	0.000	0.000	0.000	0.0	0.0		12:35:14:309		
000:00:22.500	800.0	22.9	22.6	800.0	0.0	0.0	0.0	0.000	0.000	0.000	0.0	0.0		12:35:14:359		
000:00:22.550	800.0	22.9	22.6	800.0	0.0	0.0	0.0	0.000	0.000	0.000	0.0	0.0		12:35:14:409		
000:00:22.600	800.0	22.9	22.6	800.0	0.0	0.0	0.0	0.000	0.000	0.000	0.0	0.0		12:35:14:459		
000:00:22.650	800.0	22.9	22.6	800.0	0.0	0.0	0.0	0.000	0.000	0.000	0.0	0.0		12:35:14:509		
000:00:22.700	800.0	22.9	22.6	800.0	0.0	0.0	0.0	0.000	0.000	0.000	0.0	0.0		12:35:14:559		
000:00:22.750	800.0	22.9	22.6	800.0	0.0	0.0	0.0	0.000	0.000	0.000	0.0	0.0		12:35:14:609		
000:00:22.800	800.0	22.9	22.6	800.0	0.0	0.0	0.0	0.000	0.000	0.000	0.0	0.0		12:35:14:659		
000:00:22.850	800.0	22.9	22.6	800.0	0.0	0.0	0.0	0.000	0.000	0.000	0.0	0.0		12:35:14:709		
000:00:22.900	800.0	22.9	22.6	800.0	0.0	0.0	0.0	0.000	0.000	0.000	0.0	0.0		12:35:14:759		
000:00:22.950	800.0	22.9	22.6	800.0	0.0	0.0	0.0	0.000	0.000	0.000	0.0	0.0		12:35:14:809		
000:00:23.000	800.0	22.9	22.6	800.0	0.0	0.0	0.0	0.000	0.000	0.000	0.0	0.0		12:35:14:859		
000:00:23.050	800.0	22.9	22.6	800.0	0.0	0.0	0.0	0.000	0.000	0.000	0.0	0.0		12:35:14:909		
000:00:23.100	800.0	22.9	22.6	800.0	0.0	0.0	0.0	0.000	0.000	0.000	0.0	0.0		12:35:14:959		
000:00:23.150	800.0	22.9	22.6	800.0	0.0	0.0	0.0	0.000	0.000	0.000	0.0	0.0		12:35:15:009		
000:00:23.200	800.0	22.9	22.6	800.0	0.0	0.0	0.0	0.000	0.000	0.000	0.0	0.0		12:35:15:059		
000:00:23.250	800.0	22.9	22.6	800.0	0.0	0.0	0.0	0.000	0.000	0.000	0.0	0.0		12:35:15:109		
000:00:23.300	800.0	22.9	22.6	800.0	0.0	0.0	0.0	0.000	0.000	0.000	0.0	0.0		12:35:15:159		
000:00:23.350	800.0	22.9	22.6	800.0	0.0	0.0	0.0	0.000	0.000	0.000	0.0	0.0		12:35:15:209		
000:00:23.400	800.0	22.9	22.6	800.0	0.0	0.0	0.0	0.000	0.000	0.000	0.0	0.0		12:35:15:259		
000:00:23.450	800.0	22.9	22.6	800.0	0.0	0.0	0.0	0.000	0.000	0.000	0.0	0.0		12:35:15:309		
000:00:23.500	800.0	22.9	22.6	800.0	0.0	0.0	0.0	0.000	0.000	0.000	0.0	0.0		12:35:15:359		
000:00:23.550	800.0	22.9	22.6	800.0	0.0	0.0	0.0	0.000	0.000	0.000	0.0	0.0		12:35:15:409		
000:00:23.600	800.0	22.9	22.6	800.0	0.0	0.0	0.0	0.000	0.000	0.000	0.0	0.0		12:35:15:459		
000:00:23.650	800.0	22.9	22.6	800.0	0.0	0.0	0.0	0.000	0.000	0.000	0.0	0.0		12:35:15:509		
000:00:23.700	800.0	22.9	22.6	800.0	0.0	0.0	0.0	0.000	0.000	0.000	0.0	0.0		12:35:15:559		
000:00:23.750	800.0	22.9	22.6	800.0	0.0	0.0	0.0	0.000	0.000	0.000	0.0	0.0		12:35:15:609		
000:00:23.800	800.0	22.9	22.6	800.0	0.0	0.0	0.0	0.000	0.000	0.000	0.0	0.0		12:35:15:659		
000:00:23.850	800.0	22.9	22.6	800.0	0.0	0.0	0.0	0.000	0.000	0.000	0.0	0.0		12:35:15:709		
000:00:23.900	800.0	22.9	22.6	800.0	0.0	0.0	0.0	0.000	0.000	0.000	0.0	0.0		12:35:15:759		
000:00:23.950	800.0	22.9	22.6	800.0	0.0	0.0	0.0	0.000	0.000	0.000	0.0	0.0		12:35:15:809		
000:00:24.000	800.0	22.9	22.6	800.0	0.0	0.0	0.0	0.000	0.000	0.000	0.0	0.0		12:35:15:859		
000:00:24.050	800.0	22.9	22.6	800.0	0.0	0.0	0.0	0.000	0.000	0.000	0.0	0.0		12:35:15:909		
000:00:24.100	800.0	22.9	22.6	800.0	0.0	0.0	0.0	0.000	0.000	0.000	0.0	0.0		12:35:15:959		
000:00:24.150	800.0	22.9	22.6	800.0	0.0	0.0	0.0	0.000	0.000	0.000	0.0	0.0		12:35:16:009		
000:00:24.200	800.0	22.9	22.6	800.0	0.0	0.0	0.0	0.000	0.000	0.000	0.0	0.0		12:35:16:059		
000:00:24.250	800.0	22.9	22.6	800.0	0.0	0.0	0.0	0.000	0.000	0.000	0.0	0.0		12:35:16:109		
000:00:24.300	800.0	22.9	22.6	800.0	0.0	0.0	0.0	0.000	0.000	0.000	0.0	0.0		12:35:16:159		
000:00:24.350	800.0	22.9	22.6	800.0	0.0	0.0	0.0	0.000	0.000	0.000	0.0	0.0		12:35:16:209		
000:00:24.400	800.0	22.9	22.6	800.0	0.0	0.0	0.0	0.000	0.000	0.000	0.0	0.0		12:35:16:259		
000:00:24.450	800.0	22.9	22.6	800.0	0.0	0.0	0.0	0.000	0.000	0.000	0.0	0.0		12:35:16:309		
000:00:24.500	800.0	22.9	22.6	800.0	0.0	0.0	0.0	0.000	0.000	0.000	0.0	0.0		12:35:16:359		
000:00:24.550	800.0	22.9	22.6	800.0	0.0	0.0	0.0	0.000	0.000	0.000	0.0	0.0		12:35:16:409		
000:00:24.600	800.0	22.9	22.6	800.0	0.0	0.0	0.0	0.000	0.000	0.000	0.0	0.0		12:35:16:459		
000:00:24.650	800.0	22.9	22.6	800.0	0.0	0.0	0.0	0.000	0.000	0.000	0.0	0.0		12:35:16:509		
000:00:24.700	800.0	22.9	22.6	800.0	0.0	0.0	0.0	0.000	0.000	0.000	0.0	0.0		12:35:16:559		
000:00:24.750	800.0	22.9	22.6	800.0	0.0	0.0	0.0	0.000	0.000	0.000	0.0	0.0		12:35:16:609		
000:00:24.800	800.0	22.9	22.6	800.0	0.0	0.0	0.0	0.000	0.000	0.000	0.0	0.0		12:35:16:659		
000:00:24.850	800.0	22.9	22.6	800.0	0.0	0.0	0.0	0.000	0.000	0.000	0.0	0.0		12:35:16:709		
000:00:24.900	800.0	22.9	22.6	800.0	0.0	0.0	0.0	0.000	0.000	0.000	0.0	0.0		12:35:16:759		
000:00:24.950	800.0	22.9	22.6	800.0	0.0	0.0	0.0	0.000	0.000	0.000	0.0	0.0		12:35:16:809		
000:00:25.000	800.0	22.9	22.6	800.0	0.0	0.0	0.0	0.000	0.000	0.000	0.0	0.0		12:35:16:859		
000:00:25.050	800.0	22.9	22.6	800.0	0.0	0.0	0.0	0.000	0.000	0.000	0.0	0.0		12:35:16:909		
000:00:25.100	800.0	22.9	22.6	800.0	0.0	0.0	0.0	0.000	0.000	0.000	0.0	0.0		12:35:16:959		
000:00:25.150	800.0	22.9	22.6	800.0	0.0	0.0	0.0	0.000	0.000	0.000	0.0	0.0		12:35:17:009		
000:00:25.200	800.0	22.9	22.6	800.0	0.0	0.0	0.0	0.000	0.000	0.000	0.0	0.0		12:35:17:059		
000:00:25.250	800.0	22.9	22.6	800.0	0.0	0.0	0.0	0.000	0.000	0.000	0.0	0.0		12:35:17:109		
000:00:25.300	800.0	22.9	22.6	800.0	0.0	0.0	0.0	0.000	0.000	0.000	0.0	0.0		12:35:17:159		
000:00:25.350	800.0	22.9	22.6	800.0	0.0	0.0	0.0	0.000	0.000	0.000	0.0	0.0		12:35:17:209		
000:00:25.400	800.0	22.9	22.6	800.0	0.0	0.0	0.0	0.000	0.000	0.000	0.0	0.0		12:35:17:259		
000:00:25.450	800.0	22.9	22.6	800.0	0.0	0.0	0.0	0.000	0.000	0.000	0.0	0.0		12:35:17:309		
000:00:25.500	800.0	22.9	22.6	800.0	0.0	0.0	0.0	0.000	0.000	0.000	0.0	0.0		12:35:17:359		
000:00:25.550	800.0	22.9	22.6	800.0	0.0	0.0	0.0	0.000	0.000	0.000	0.0	0.0		12:35:17:409		
000:00:25.600	800.0	22.9	22.6	800.0	0.0	0.0	0.0	0.000	0.000	0.000	0.0	0.0		12:35:17:459		
000:00:25.650	800.0	22.9	22.6	800.0	0.0	0.0	0.0	0.000	0.000	0.000	0.0	0.0		12:35:17:509		
000:00:25.700	800.0	22.9	22.6	800.0	0.0	0.0	0.0	0.000	0.000	0.000	0.0	0.0		12:35:17:559		
000:00:25.750	800.0	22.9	22.6	800.0	0.0	0.0	0.0	0.000	0.000	0.000	0.0	0.0		12:35:17:609		
000:00:25.800	800.0	23.0	22.6	800.0	0.0	0.0	0.0	0.000	0.000	0.000	0.0	0.0		12:35:17:659		
000:00:25.850	800.0	23.0	22.6	800.0	0.0	0.0	0.0	0.000	0.000	0.000	0.0	0.0		12:35:17:709		
000:00:25.900	800.0	23.0	22.6	800.0	0.0	0.0	0.0	0.000	0.000	0.000	0.0	0.0		12:35:17:759		
000:00:25.950	800.0	23.0	22.6	800.0	0.0	0.0	0.0	0.000	0.000	0.000	0.0	0.0		12:35:17:809		
000:00:26.000	800.0	23.0	22.6	800.0	0.0	0.0	0.0	0.000	0.000	0.000	0.0	0.0		12:35:17:859		
000:00:26.050	800.0	23.0	22.6	800.0	0.0	0.0	0.0	0.000	0.000	0.000	0.0	0.0		12:35:17:909		
000:00:26.100	800.0	23.0	22.6	800.0	0.0	0.0	0.0	0.000	0.000	0.000	0.0	0.0		12:35:17:959		
000:00:26.150	800.0	23.0	22.6	800.0	0.0	0.0	0.0	0.000	0.000	0.000	0.0	0.0		12:35:18:009		
000:00:26.200	800.0	23.0	22.6	800.0	0.0	0.0	0.0	0.000	0.000	0.000	0.0	0.0		12:35:18:059		
000:00:26.250	800.0	23.0	22.6	800.0	0.0	0.0	0.0	0.000	0.000	0.000	0.0	0.0		12:35:18:109		
000:00:26.300	800.0	23.0	22.6	800.0	0.0	0.0	0.0	0.000	0.000	0.000	0.0	0.0		12:35:18:159		
000:00:26.350	800.0	23.0	22.6	800.0	0.0	0.0	0.0	0.000	0.000	0.000	0.0	0.0		12:35:18:209		
000:00:26.400	800.0	23.0	22.6	800.0	0.0	0.0	0.0	0.000	0.000	0.000	0.0	0.0		12:35:18:259		
000:00:26.450	800.0	23.0	22.6	800.0	0.0	0.0	0.0	0.000	0.000	0.000	0.0	0.0		12:35:18:309		
000:00:26.500	800.0	23.0	22.6	800.0	0.0	0.0	0.0	0.000	0.000	0.000	0.0	0.0		12:35:18:359		
000:00:26.550	800.0	23.0	22.6	800.0	0.0	0.0	0.0	0.000	0.000	0.000	0.0	0.0		12:35:18:409		
000:00:26.600	800.0	23.0	22.6	800.0	0.0	0.0	0.0	0.000	0.000	0.000	0.0	0.0		12:35:18:459		
000:00:26.650	800.0	23.0	22.6	800.0	0.0	0.0	0.0	0.000	0.000	0.000	0.0	0.0		12:35:18:509		
000:00:26.700	800.0	23.0	22.6	800.0	0.0	0.0	0.0	0.000	0.000	0.000	0.0	0.0		12:35:18:559		
000:00:26.750	800.0	23.0	22.6	800.0	0.0	0.0	0.0	0.000	0.000	0.000	0.0	0.0		12:35:18:609		
000:00:26.800	800.0	23.0	22.6	800.0	0.0	0.0	0.0	0.000	0.000	0.000	0.0	0.0		12:35:18:659		
000:00:26.850	800.0	23.0	22.6	800.0	0.0	0.0	0.0	0.000	0.000	0.000	0.0	0.0		12:35:18:709		
000:00:26.900	800.0	23.0	22.6	800.0	0.0	0.0	0.0	0.000	0.000	0.000	0.0	0.0		12:35:18:759		
000:00:26.950	800.0	23.0	22.6	800.0	0.0	0.0	0.0	0.000	0.000	0.000	0.0	0.0		12:35:18:809		
000:00:27.000	800.0	23.0	22.6	800.0	0.0	0.0	0.0	0.000	0.000	0.000	0.0	0.0		12:35:18:859		
000:00:27.050	800.0	23.0	22.6	800.0	0.0	0.0	0.0	0.000	0.000	0.000	0.0	0.0		12:35:18:909		
000:00:27.100	800.0	23.0	22.6	800.0	0.0	0.0	0.0	0.000	0.000	0.000	0.0	0.0		12:35:18:959		
000:00:27.150	800.0	23.0	22.6	800.0	0.0	0.0	0.0	0.000	0.000	0.000	0.0	0.0		12:35:19:009		
000:00:27.200	800.0	23.0	22.6	800.0	0.0	0.0	0.0	0.000	0.000	0.000	0.0	0.0		12:35:19:059		
000:00:27.250	800.0	23.0	22.6	800.0	0.0	0.0	0.0	0.000	0.000	0.000	0.0	0.0		12:35:19:109		
000:00:27.300	800.0	23.0	22.6	800.0	0.0	0.0	0.0	0.000	0.000	0.000	0.0	0.0		12:35:19:159		
000:00:27.350	800.0	23.0	22.6	800.0	0.0	0.0	0.0	0.000	0.000	0.000	0.0	0.0		12:35:19:209		
000:00:27.400	800.0	23.0	22.6	800.0	0.0	0.0	0.0	0.000	0.000	0.000	0.0	0.0		12:35:19:259		
000:00:27.450	800.0	23.0	22.6	800.0	0.0	0.0	0.0	0.000	0.000	0.000	0.0	0.0		12:35:19:309		
000:00:27.500	800.0	23.0	22.6	800.0	0.0	0.0	0.0	0.000	0.000	0.000	0.0	0.0		12:35:19:359		
000:00:27.550	800.0	23.0	22.6	800.0	0.0	0.0	0.0	0.000	0.000	0.000	0.0	0.0		12:35:19:409		
000:00:27.600	800.0	23.0	22.6	800.0	0.0	0.0	0.0	0.000	0.000	0.000	0.0	0.0		12:35:19:459		
000:00:27.650	800.0	23.0	22.6	800.0	0.0	0.0	0.0	0.000	0.000	0.000	0.0	0.0		12:35:19:509		
000:00:27.700	800.0	23.0	22.6	800.0	0.0	0.0	0.0	0.000	0.000	0.000	0.0	0.0		12:35:19:559		
000:00:27.750	800.0	23.0	22.6	800.0	0.0	0.0	0.0	0.000	0.000	0.000	0.0	0.0		12:35:19:609		
000:00:27.800	800.0	23.0	22.6	800.0	0.0	0.0	0.0	0.000	0.000	0.000	0.0	0.0		12:35:19:659		
000:00:27.850	800.0	23.0	22.6	800.0	0.0	0.0	0.0	0.000	0.000	0.000	0.0	0.0		12:35:19:709		
000:00:27.900	800.0	23.0	22.6	800.0	0.0	0.0	0.0	0.000	0.000	0.000	0.0	0.0		12:35:19:759		
000:00:27.950	800.0	23.0	22.6	800.0	0.0	0.0	0.0	0.000	0.000	0.000	0.0	0.0		12:35:19:809		
000:00:28.000	800.0	23.0	22.6	800.0	0.0	0.0	0.0	0.000	0.000	0.000	0.0	0.0		12:35:19:859		
000:00:28.050	800.0	23.0	22.6	800.0	0.0	0.0	0.0	0.000	0.000	0.000	0.0	0.0		12:35:19:909		
000:00:28.100	800.0	23.0	22.6	800.0	0.0	0.0	0.0	0.000	0.000	0.000	0.0	0.0		12:35:19:959		
000:00:28.150	800.0	23.0	22.6	800.0	0.0	0.0	0.0	0.000	0.000	0.000	0.0	0.0		12:35:20:009		
000:00:28.200	800.0	23.0	22.6	800.0	0.0	0.0	0.0	0.000	0.000	0.000	0.0	0.0		12:35:20:059		
000:00:28.250	800.0	23.0	22.6	800.0	0.0	0.0	0.0	0.000	0.000	0.000	0.0	0.0		12:35:20:109		
000:00:28.300	800.0	23.0	22.6	800.0	0.0	0.0	0.0	0.000	0.000	0.000	0.0	0.0		12:35:20:159		
000:00:28.350	800.0	23.0	22.6	800.0	0.0	0.0	0.0	0.000	0.000	0.000	0.0	0.0		12:35:20:209		
000:00:28.400	800.0	23.0	22.6	800.0	0.0	0.0	0.0	0.000	0.000	0.000	0.0	0.0		12:35:20:259		
000:00:28.450	800.0	23.0	22.6	800.0	0.0	0.0	0.0	0.000	0.000	0.000	0.0	0.0		12:35:20:309		
000:00:28.500	800.0	23.0	22.6	800.0	0.0	0.0	0.0	0.000	0.000	0.000	0.0	0.0		12:35:20:359		
000:00:28.550	800.0	23.0	22.6	800.0	0.0	0.0	0.0	0.000	0.000	0.000	0.0	0.0		12:35:20:409		
000:00:28.600	800.0	23.0	22.6	800.0	0.0	0.0	0.0	0.000	0.000	0.000	0.0	0.0		12:35:20:459		
000:00:28.650	800.0	23.0	22.6	800.0	0.0	0.0	0.0	0.000	0.000	0.000	0.0	0.0		12:35:20:509		
000:00:28.700	800.0	23.0	22.6	800.0	0.0	0.0	0.0	0.000	0.000	0.000	0.0	0.0		12:35:20:559		
000:00:28.750	800.0	23.0	22.6	800.0	0.0	0.0	0.0	0.000	0.000	0.000	0.0	0.0		12:35:20:609		
000:00:28.800	800.0	23.0	22.6	800.0	0.0	0.0	0.0	0.000	0.000	0.000	0.0	0.0		12:35:20:659		
000:00:28.850	800.0	23.0	22.6	800.0	0.0	0.0	0.0	0.000	0.000	0.000	0.0	0.0		12:35:20:709		
000:00:28.900	800.0	23.0	22.6	800.0	0.0	0.0	0.0	0.000	0.000	0.000	0.0	0.0		12:35:20:759		
000:00:28.950	800.0	23.0	22.6	800.0	0.0	0.0	0.0	0.000	0.000	0.000	0.0	0.0		12:35:20:809		
000:00:29.000	800.0	23.0	22.6	800.0	0.0	0.0	0.0	0.000	0.000	0.000	0.0	0.0		12:35:20:859		
000:00:29.050	800.0	23.0	22.6	800.0	0.0	0.0	0.0	0.000	0.000	0.000	0.0	0.0		12:35:20:909		
000:00:29.100	800.0	23.0	22.6	800.0	0.0	0.0	0.0	0.000	0.000	0.000	0.0	0.0		12:35:20:959		
000:00:29.150	800.0	23.0	22.6	800.0	0.0	0.0	0.0	0.000	0.000	0.000	0.0	0.0		12:35:21:009		
000:00:29.200	800.0	23.0	22.6	800.0	0.0	0.0	0.0	0.000	0.000	0.000	0.0	0.0		12:35:21:059		
000:00:29.250	800.0	23.0	22.6	800.0	0.0	0.0	0.0	0.000	0.000	0.000	0.0	0.0		12:35:21:109		
000:00:29.300	800.0	23.0	22.6	800.0	0.0	0.0	0.0	0.000	0.000	0.000	0.0	0.0		12:35:21:159		
000:00:29.350	800.0	23.0	22.6	800.0	0.0	0.0	0.0	0.000	0.000	0.000	0.0	0.0		12:35:21:209		
000:00:29.400	800.0	23.0	22.6	800.0	0.0	0.0	0.0	0.000	0.000	0.000	0.0	0.0		12:35:21:259		
000:00:29.450	800.0	23.0	22.6	800.0	0.0	0.0	0.0	0.000	0.000	0.000	0.0	0.0		12:35:21:309		
000:00:29.500	800.0	23.0	22.6	800.0	0.0	0.0	0.0	0.000	0.000	0.000	0.0	0.0		12:35:21:359		
000:00:29.550	800.0	23.0	22.6	800.0	0.0	0.0	0.0	0.000	0.000	0.000	0.0	0.0		12:35:21:409		
000:00:29.600	800.0	23.0	22.6	800.0	0.0	0.0	0.0	0.000	0.000	0.000	0.0	0.0		12:35:21:459		
000:00:29.650	800.0	23.0	22.6	800.0	0.0	0.0	0.0	0.000	0.000	0.000	0.0	0.0		12:35:21:509		
000:00:29.700	800.0	23.0	22.6	800.0	0.0	0.0	0.0	0.000	0.000	0.000	0.0	0.0		12:35:21:559		
000:00:29.750	800.0	23.0	22.6	800.0	0.0	0.0	0.0	0.000	0.000	0.000	0.0	0.0		12:35:21:609		
000:00:29.800	800.0	23.0	22.6	800.0	0.0	0.0	0.0	0.000	0.000	0.000	0.0	0.0		12:35:21:659		
000:00:29.850	800.0	23.0	22.6	800.0	0.0	0.0	0.0	0.000	0.000	0.000	0.0	0.0		12:35:21:709		
000:00:29.900	800.0	23.0	22.6	800.0	0.0	0.0	0.0	0.000	0.000	0.000	0.0	0.0		12:35:21:759		
000:00:29.950	800.0	23.0	22.6	800.0	0.0	0.0	0.0	0.000	0.000	0.000	0.0	0.0		12:35:21:809		
000:00:30.000	800.0	23.0	22.6	800.0	0.0	0.0	0.0	0.000	0.000	0.000	0.0	0.0		12:35:21:859		
000:00:30.050	800.0	23.0	22.6	800.0	0.0	0.0	0.0	0.000	0.000	0.000	0.0	0.0		12:35:21:909		
000:00:30.100	800.0	23.0	22.6	800.0	0.0	0.0	0.0	0.000	0.000	0.000	0.0	0.0		12:35:21:959		
000:00:30.150	800.0	23.0	22.6	800.0	0.0	0.0	0.0	0.000	0.000	0.000	0.0	0.0		12:35:22:009		
000:00:30.200	800.0	23.0	22.6	800.0	0.0	0.0	0.0	0.000	0.000	0.000	0.0	0.0		12:35:22:059		
000:00:30.250	800.0	23.0	22.6	800.0	0.0	0.0	0.0	0.000	0.000	0.000	0.0	0.0		12:35:22:109		
000:00:30.300	800.0	23.0	22.6	800.0	0.0	0.0	0.0	0.000	0.000	0.000	0.0	0.0		12:35:22:159		
000:00:30.350	800.0	23.0	22.6	800.0	0.0	0.0	0.0	0.000	0.000	0.000	0.0	0.0		12:35:22:209		
000:00:30.400	800.0	23.0	22.6	800.0	0.0	0.0	0.0	0.000	0.000	0.000	0.0	0.0		12:35:22:259		
000:00:30.450	800.0	23.0	22.6	800.0	0.0	0.0	0.0	0.000	0.000	0.000	0.0	0.0		12:35:22:309		
000:00:30.500	800.0	23.0	22.6	800.0	0.0	0.0	0.0	0.000	0.000	0.000	0.0	0.0		12:35:22:359		
000:00:30.550	800.0	23.0	22.6	800.0	0.0	0.0	0.0	0.000	0.000	0.000	0.0	0.0		12:35:22:409		
000:00:30.600	800.0	23.0	22.6	800.0	0.0	0.0	0.0	0.000	0.000	0.000	0.0	0.0		12:35:22:459		
000:00:30.650	800.0	23.0	22.6	800.0	0.0	0.0	0.0	0.000	0.000	0.000	0.0	0.0		12:35:22:509		
000:00:30.700	800.0	23.0	22.6	800.0	0.0	0.0	0.0	0.000	0.000	0.000	0.0	0.0		12:35:22:559		
000:00:30.750	800.0	23.0	22.6	800.0	0.0	0.0	0.0	0.000	0.000	0.000	0.0	0.0		12:35:22:609		
000:00:30.800	800.0	23.0	22.6	800.0	0.0	0.0	0.0	0.000	0.000	0.000	0.0	0.0		12:35:22:659		
000:00:30.850	800.0	23.0	22.6	800.0	0.0	0.0	0.0	0.000	0.000	0.000	0.0	0.0		12:35:22:709		
000:00:30.900	800.0	23.0	22.6	800.0	0.0	0.0	0.0	0.000	0.000	0.000	0.0	0.0		12:35:22:759		
000:00:30.950	800.0	23.0	22.6	800.0	0.0	0.0	0.0	0.000	0.000	0.000	0.0	0.0		12:35:22:809		
000:00:31.000	800.0	23.0	22.6	800.0	0.0	0.0	0.0	0.000	0.000	0.000	0.0	0.0		12:35:22:859		
000:00:31.050	800.0	23.0	22.6	800.0	0.0	0.0	0.0	0.000	0.000	0.000	0.0	0.0		12:35:22:909		
000:00:31.100	800.0	23.0	22.6	800.0	0.0	0.0	0.0	0.000	0.000	0.000	0.0	0.0		12:35:22:959		
000:00:31.150	800.0	23.0	22.6	800.0	0.0	0.0	0.0	0.000	0.000	0.000	0.0	0.0		12:35:23:009		
000:00:31.200	800.0	23.0	22.6	800.0	0.0	0.0	0.0	0.000	0.000	0.000	0.0	0.0		12:35:23:059		
000:00:31.250	800.0	23.0	22.6	800.0	0.0	0.0	0.0	0.000	0.000	0.000	0.0	0.0		12:35:23:109		
000:00:31.300	800.0	23.0	22.6	800.0	0.0	0.0	0.0	0.000	0.000	0.000	0.0	0.0		12:35:23:159		
000:00:31.350	800.0	23.0	22.6	800.0	0.0	0.0	0.0	0.000	0.000	0.000	0.0	0.0		12:35:23:209		
000:00:31.400	800.0	23.0	22.6	800.0	0.0	0.0	0.0	0.000	0.000	0.000	0.0	0.0		12:35:23:259		
000:00:31.450	800.0	23.0	22.6	800.0	0.0	0.0	0.0	0.000	0.000	0.000	0.0	0.0		12:35:23:309		
000:00:31.500	800.0	23.0	22.6	800.0	0.0	0.0	0.0	0.000	0.000	0.000	0.0	0.0		12:35:23:359		
000:00:31.550	800.0	23.0	22.6	800.0	0.0	0.0	0.0	0.000	0.000	0.000	0.0	0.0		12:35:23:409		
000:00:31.600	800.0	23.0	22.6	800.0	0.0	0.0	0.0	0.000	0.000	0.000	0.0	0.0		12:35:23:459		
000:00:31.650	800.0	23.0	22.6	800.0	0.0	0.0	0.0	0.000	0.000	0.000	0.0	0.0		12:35:23:509		
000:00:31.700	800.0	23.0	22.6	800.0	0.0	0.0	0.0	0.000	0.000	0.000	0.0	0.0		12:35:23:559		
000:00:31.750	800.0	23.0	22.6	800.0	0.0	0.0	0.0	0.000	0.000	0.000	0.0	0.0		12:35:23:609		
000:00:31.800	800.0	23.0	22.6	800.0	0.0	0.0	0.0	0.000	0.000	0.000	0.0	0.0		12:35:23:659		
000:00:31.850	800.0	23.0	22.6	800.0	0.0	0.0	0.0	0.000	0.000	0.000	0.0	0.0		12:35:23:709		
000:00:31.900	800.0	23.0	22.6	800.0	0.0	0.0	0.0	0.000	0.000	0.000	0.0	0.0		12:35:23:759		
000:00:31.950	800.0	23.0	22.6	800.0	0.0	0.0	0.0	0.000	0.000	0.000	0.0	0.0		12:35:23:809		
000:00:32.000	800.0	23.0	22.6	800.0	0.0	0.0	0.0	0.000	0.000	0.000	0.0	0.0		12:35:23:859		
000:00:32.050	800.0	23.0	22.6	800.0	0.0	0.0	0.0	0.000	0.000	0.000	0.0	0.0		12:35:23:909		
000:00:32.100	800.0	23.0	22.6	800.0	0.0	0.0	0.0	0.000	0.000	0.000	0.0	0.0		12:35:23:959		
000:00:32.150	800.0	23.0	22.6	800.0	0.0	0.0	0.0	0.000	0.000	0.000	0.0	0.0		12:35:24:009		
000:00:32.200	800.0	23.0	22.6	800.0	0.0	0.0	0.0	0.000	0.000	0.000	0.0	0.0		12:35:24:059		
000:00:32.250	800.0	23.0	22.6	800.0	0.0	0.0	0.0	0.000	0.000	0.000	0.0	0.0		12:35:24:109		
000:00:32.300	800.0	23.0	22.6	800.0	0.0	0.0	0.0	0.000	0.000	0.000	0.0	0.0		12:35:24:159		
000:00:32.350	800.0	23.0	22.6	800.0	0.0	0.0	0.0	0.000	0.000	0.000	0.0	0.0		12:35:24:209		
000:00:32.400	800.0	23.0	22.6	800.0	0.0	0.0	0.0	0.000	0.000	0.000	0.0	0.0		12:35:24:259		
000:00:32.450	800.0	23.0	22.6	800.0	0.0	0.0	0.0	0.000	0.000	0.000	0.0	0.0		12:35:24:309		
000:00:32.500	800.0	23.0	22.6	800.0	0.0	0.0	0.0	0.000	0.000	0.000	0.0	0.0		12:35:24:359		
000:00:32.550	800.0	23.0	22.6	800.0	0.0	0.0	0.0	0.000	0.000	0.000	0.0	0.0		12:35:24:409		
000:00:32.600	800.0	23.0	22.6	800.0	0.0	0.0	0.0	0.000	0.000	0.000	0.0	0.0		12:35:24:459		
000:00:32.650	800.0	23.0	22.6	800.0	0.0	0.0	0.0	0.000	0.000	0.000	0.0	0.0		12:35:24:509		
000:00:32.700	800.0	23.0	22.6	800.0	0.0	0.0	0.0	0.000	0.000	0.000	0.0	0.0		12:35:24:559		
000:00:32.750	800.0	23.0	22.6	800.0	0.0	0.0	0.0	0.000	0.000	0.000	0.0	0.0		12:35:24:609		
000:00:32.800	800.0	23.0	22.6	800.0	0.0	0.0	0.0	0.000	0.000	0.000	0.0	0.0		12:35:24:659		
000:00:32.850	800.0	23.0	22.6	800.0	0.0	0.0	0.0	0.000	0.000	0.000	0.0	0.0		12:35:24:709		
000:00:32.900	800.0	23.0	22.6	800.0	0.0	0.0	0.0	0.000	0.000	0.000	0.0	0.0		12:35:24:759		
000:00:32.950	800.0	23.0	22.6	800.0	0.0	0.0	0.0	0.000	0.000	0.000	0.0	0.0		12:35:24:809		
000:00:33.000	800.0	23.0	22.6	800.0	0.0	0.0	0.0	0.000	0.000	0.000	0.0	0.0		12:35:24:859		
000:00:33.050	800.0	23.0	22.6	800.0	0.0	0.0	0.0	0.000	0.000	0.000	0.0	0.0		12:35:24:909		
000:00:33.100	800.0	23.0	22.6	800.0	0.0	0.0	0.0	0.000	0.000	0.000	0.0	0.0		12:35:24:959		
000:00:33.150	800.0	23.0	22.6	800.0	0.0	0.0	0.0	0.000	0.000	0.000	0.0	0.0		12:35:25:009		
000:00:33.200	800.0	23.0	22.6	800.0	0.0	0.0	0.0	0.000	0.000	0.000	0.0	0.0		12:35:25:059		
000:00:33.250	800.0	23.0	22.6	800.0	0.0	0.0	0.0	0.000	0.000	0.000	0.0	0.0		12:35:25:109		
000:00:33.300	800.0	23.0	22.6	800.0	0.0	0.0	0.0	0.000	0.000	0.000	0.0	0.0		12:35:25:159		
000:00:33.350	800.0	23.0	22.6	800.0	0.0	0.0	0.0	0.000	0.000	0.000	0.0	0.0		12:35:25:209		
000:00:33.400	800.0	23.0	22.6	800.0	0.0	0.0	0.0	0.000	0.000	0.000	0.0	0.0		12:35:25:259		
000:00:33.450	800.0	23.0	22.6	800.0	0.0	0.0	0.0	0.000	0.000	0.000	0.0	0.0		12:35:25:309		
000:00:33.500	800.0	23.0	22.6	800.0	0.0	0.0	0.0	0.000	0.000	0.000	0.0	0.0		12:35:25:359		
000:00:33.550	800.0	23.0	22.6	800.0	0.0	0.0	0.0	0.000	0.000	0.000	0.0	0.0		12:35:25:409		
000:00:33.600	800.0	23.0	22.6	800.0	0.0	0.0	0.0	0.000	0.000	0.000	0.0	0.0		12:35:25:459		
000:00:33.650	800.0	23.0	22.6	800.0	0.0	0.0	0.0	0.000	0.000	0.000	0.0	0.0		12:35:25:509		
000:00:33.700	800.0	23.0	22.6	800.0	0.0	0.0	0.0	0.000	0.000	0.000	0.0	0.0		12:35:25:559		
000:00:33.750	800.0	23.0	22.6	800.0	0.0	0.0	0.0	0.000	0.000	0.000	0.0	0.0		12:35:25:609		
000:00:33.800	800.0	23.0	22.6	800.0	0.0	0.0	0.0	0.000	0.000	0.000	0.0	0.0		12:35:25:659		
000:00:33.850	800.0	23.0	22.6	800.0	0.0	0.0	0.0	0.000	0.000	0.000	0.0	0.0		12:35:25:709		
000:00:33.900	800.0	23.0	22.6	800.0	0.0	0.0	0.0	0.000	0.000	0.000	0.0	0.0		12:35:25:759		
000:00:33.950	800.0	23.0	22.6	800.0	0.0	0.0	0.0	0.000	0.000	0.000	0.0	0.0		12:35:25:809		
000:00:34.000	800.0	23.0	22.6	800.0	0.0	0.0	0.0	0.000	0.000	0.000	0.0	0.0		12:35:25:859		
000:00:34.050	800.0	23.0	22.6	800.0	0.0	0.0	0.0	0.000	0.000	0.000	0.0	0.0		12:35:25:909		
000:00:34.100	800.0	23.0	22.6	800.0	0.0	0.0	0.0	0.000	0.000	0.000	0.0	0.0		12:35:25:959		
000:00:34.150	800.0	23.0	22.6	800.0	0.0	0.0	0.0	0.000	0.000	0.000	0.0	0.0		12:35:26:009		
000:00:34.200	800.0	23.0	22.6	800.0	0.0	0.0	0.0	0.000	0.000	0.000	0.0	0.0		12:35:26:059		
000:00:34.250	800.0	23.0	22.6	800.0	0.0	0.0	0.0	0.000	0.000	0.000	0.0	0.0		12:35:26:109		
000:00:34.300	800.0	23.0	22.6	800.0	0.0	0.0	0.0	0.000	0.000	0.000	0.0	0.0		12:35:26:159		
000:00:34.350	800.0	23.0	22.6	800.0	0.0	0.0	0.0	0.000	0.000	0.000	0.0	0.0		12:35:26:209		
000:00:34.400	800.0	23.0	22.6	800.0	0.0	0.0	0.0	0.000	0.000	0.000	0.0	0.0		12:35:26:259		
000:00:34.450	800.0	23.0	22.6	800.0	0.0	0.0	0.0	0.000	0.000	0.000	0.0	0.0		12:35:26:309		
000:00:34.500	800.0	23.0	22.6	800.0	0.0	0.0	0.0	0.000	0.000	0.000	0.0	0.0		12:35:26:359		
000:00:34.550	800.0	23.0	22.6	800.0	0.0	0.0	0.0	0.000	0.000	0.000	0.0	0.0		12:35:26:409		
000:00:34.600	800.0	23.0	22.6	800.0	0.0	0.0	0.0	0.000	0.000	0.000	0.0	0.0		12:35:26:459		
000:00:34.650	800.0	23.0	22.6	800.0	0.0	0.0	0.0	0.000	0.000	0.000	0.0	0.0		12:35:26:509		
000:00:34.700	800.0	23.0	22.6	800.0	0.0	0.0	0.0	0.000	0.000	0.000	0.0	0.0		12:35:26:559		
000:00:34.750	800.0	23.0	22.6	800.0	0.0	0.0	0.0	0.000	0.000	0.000	0.0	0.0		12:35:26:609		
000:00:34.800	800.0	23.0	22.6	800.0	0.0	0.0	0.0	0.000	0.000	0.000	0.0	0.0		12:35:26:659		
000:00:34.850	800.0	23.0	22.6	800.0	0.0	0.0	0.0	0.000	0.000	0.000	0.0	0.0		12:35:26:709		
000:00:34.900	800.0	23.0	22.6	800.0	0.0	0.0	0.0	0.000	0.000	0.000	0.0	0.0		12:35:26:759		
000:00:34.950	800.0	23.0	22.6	800.0	0.0	0.0	0.0	0.000	0.000	0.000	0.0	0.0		12:35:26:809		
000:00:35.000	800.0	23.0	22.6	800.0	0.0	0.0	0.0	0.000	0.000	0.000	0.0	0.0		12:35:26:859		
000:00:35.050	800.0	23.0	22.6	800.0	0.0	0.0	0.0	0.000	0.000	0.000	0.0	0.0		12:35:26:909		
000:00:35.100	800.0	23.0	22.6	800.0	0.0	0.0	0.0	0.000	0.000	0.000	0.0	0.0		12:35:26:959		
000:00:35.150	800.0	23.0	22.6	800.0	0.0	0.0	0.0	0.000	0.000	0.000	0.0	0.0		12:35:27:009		
000:00:35.200	800.0	23.0	22.6	800.0	0.0	0.0	0.0	0.000	0.000	0.000	0.0	0.0		12:35:27:059		
000:00:35.250	800.0	23.0	22.6	800.0	0.0	0.0	0.0	0.000	0.000	0.000	0.0	0.0		12:35:27:109		
000:00:35.300	800.0	23.0	22.6	800.0	0.0	0.0	0.0	0.000	0.000	0.000	0.0	0.0		12:35:27:159		
000:00:35.350	800.0	23.0	22.6	800.0	0.0	0.0	0.0	0.000	0.000	0.000	0.0	0.0		12:35:27:209		
000:00:35.400	800.0	23.0	22.6	800.0	0.0	0.0	0.0	0.000	0.000	0.000	0.0	0.0		12:35:27:259		
000:00:35.450	800.0	23.0	22.6	800.0	0.0	0.0	0.0	0.000	0.000	0.000	0.0	0.0		12:35:27:309		
000:00:35.500	800.0	23.0	22.6	800.0	0.0	0.0	0.0	0.000	0.000	0.000	0.0	0.0		12:35:27:359		
000:00:35.550	800.0	23.0	22.6	800.0	0.0	0.0	0.0	0.000	0.000	0.000	0.0	0.0		12:35:27:409		
000:00:35.600	800.0	23.0	22.6	800.0	0.0	0.0	0.0	0.000	0.000	0.000	0.0	0.0		12:35:27:459		
000:00:35.650	800.0	23.0	22.6	800.0	0.0	0.0	0.0	0.000	0.000	0.000	0.0	0.0		12:35:27:509		
000:00:35.700	800.0	23.0	22.6	800.0	0.0	0.0	0.0	0.000	0.000	0.000	0.0	0.0		12:35:27:559		
000:00:35.750	800.0	23.0	22.6	800.0	0.0	0.0	0.0	0.000	0.000	0.000	0.0	0.0		12:35:27:609		
000:00:35.800	800.0	23.0	22.7	800.0	0.0	0.0	0.0	0.000	0.000	0.000	0.0	0.0		12:35:27:659		
000:00:35.850	800.0	23.0	22.7	800.0	0.0	0.0	0.0	0.000	0.000	0.000	0.0	0.0		12:35:27:709		
000:00:35.900	800.0	23.0	22.7	800.0	0.0	0.0	0.0	0.000	0.000	0.000	0.0	0.0		12:35:27:759		
000:00:35.950	800.0	23.0	22.7	800.0	0.0	0.0	0.0	0.000	0.000	0.000	0.0	0.0		12:35:27:809		
000:00:36.000	800.0	23.0	22.7	800.0	0.0	0.0	0.0	0.000	0.000	0.000	0.0	0.0		12:35:27:859		
000:00:36.050	800.0	23.0	22.7	800.0	0.0	0.0	0.0	0.000	0.000	0.000	0.0	0.0		12:35:27:909		
000:00:36.100	800.0	23.0	22.7	800.0	0.0	0.0	0.0	0.000	0.000	0.000	0.0	0.0		12:35:27:959		
000:00:36.150	800.0	23.0	22.7	800.0	0.0	0.0	0.0	0.000	0.000	0.000	0.0	0.0		12:35:28:009		
000:00:36.200	800.0	23.0	22.7	800.0	0.0	0.0	0.0	0.000	0.000	0.000	0.0	0.0		12:35:28:059		
000:00:36.250	800.0	23.0	22.7	800.0	0.0	0.0	0.0	0.000	0.000	0.000	0.0	0.0		12:35:28:109		
000:00:36.300	800.0	23.0	22.7	800.0	0.0	0.0	0.0	0.000	0.000	0.000	0.0	0.0		12:35:28:159		
000:00:36.350	800.0	23.0	22.7	800.0	0.0	0.0	0.0	0.000	0.000	0.000	0.0	0.0		12:35:28:209		
000:00:36.400	800.0	23.0	22.7	800.0	0.0	0.0	0.0	0.000	0.000	0.000	0.0	0.0		12:35:28:259		
000:00:36.450	800.0	23.0	22.7	800.0	0.0	0.0	0.0	0.000	0.000	0.000	0.0	0.0		12:35:28:309		
000:00:36.500	800.0	23.0	22.7	800.0	0.0	0.0	0.0	0.000	0.000	0.000	0.0	0.0		12:35:28:359		
000:00:36.550	800.0	23.0	22.7	800.0	0.0	0.0	0.0	0.000	0.000	0.000	0.0	0.0		12:35:28:409		
000:00:36.600	800.0	23.0	22.7	800.0	0.0	0.0	0.0	0.000	0.000	0.000	0.0	0.0		12:35:28:459		
000:00:36.650	800.0	23.0	22.7	800.0	0.0	0.0	0.0	0.000	0.000	0.000	0.0	0.0		12:35:28:509		
000:00:36.700	800.0	23.0	22.7	800.0	0.0	0.0	0.0	0.000	0.000	0.000	0.0	0.0		12:35:28:559		
000:00:36.750	800.0	23.0	22.7	800.0	0.0	0.0	0.0	0.000	0.000	0.000	0.0	0.0		12:35:28:609		
000:00:36.800	800.0	23.0	22.7	800.0	0.0	0.0	0.0	0.000	0.000	0.000	0.0	0.0		12:35:28:659		
000:00:36.850	800.0	23.0	22.7	800.0	0.0	0.0	0.0	0.000	0.000	0.000	0.0	0.0		12:35:28:709		
000:00:36.900	800.0	23.0	22.7	800.0	0.0	0.0	0.0	0.000	0.000	0.000	0.0	0.0		12:35:28:759		
000:00:36.950	800.0	23.0	22.7	800.0	0.0	0.0	0.0	0.000	0.000	0.000	0.0	0.0		12:35:28:809		
000:00:37.000	800.0	23.0	22.7	800.0	0.0	0.0	0.0	0.000	0.000	0.000	0.0	0.0		12:35:28:859		
000:00:37.050	800.0	23.0	22.7	800.0	0.0	0.0	0.0	0.000	0.000	0.000	0.0	0.0		12:35:28:909		
000:00:37.100	800.0	23.0	22.7	800.0	0.0	0.0	0.0	0.000	0.000	0.000	0.0	0.0		12:35:28:959		
000:00:37.150	800.0	23.0	22.7	800.0	0.0	0.0	0.0	0.000	0.000	0.000	0.0	0.0		12:35:29:009		
000:00:37.200	800.0	23.0	22.7	800.0	0.0	0.0	0.0	0.000	0.000	0.000	0.0	0.0		12:35:29:059		
000:00:37.250	800.0	23.0	22.7	800.0	0.0	0.0	0.0	0.000	0.000	0.000	0.0	0.0		12:35:29:109		
000:00:37.300	800.0	23.0	22.7	800.0	0.0	0.0	0.0	0.000	0.000	0.000	0.0	0.0		12:35:29:159		
000:00:37.350	800.0	23.0	22.7	800.0	0.0	0.0	0.0	0.000	0.000	0.000	0.0	0.0		12:35:29:209		
000:00:37.400	800.0	23.0	22.7	800.0	0.0	0.0	0.0	0.000	0.000	0.000	0.0	0.0		12:35:29:259		
000:00:37.450	800.0	23.0	22.7	800.0	0.0	0.0	0.0	0.000	0.000	0.000	0.0	0.0		12:35:29:309		
000:00:37.500	800.0	23.0	22.7	800.0	0.0	0.0	0.0	0.000	0.000	0.000	0.0	0.0		12:35:29:359		
000:00:37.550	800.0	23.0	22.7	800.0	0.0	0.0	0.0	0.000	0.000	0.000	0.0	0.0		12:35:29:409		
000:00:37.600	800.0	23.0	22.7	800.0	0.0	0.0	0.0	0.000	0.000	0.000	0.0	0.0		12:35:29:459		
000:00:37.650	800.0	23.0	22.7	800.0	0.0	0.0	0.0	0.000	0.000	0.000	0.0	0.0		12:35:29:509		
000:00:37.700	800.0	23.0	22.7	800.0	0.0	0.0	0.0	0.000	0.000	0.000	0.0	0.0		12:35:29:559		
000:00:37.750	800.0	23.0	22.7	800.0	0.0	0.0	0.0	0.000	0.000	0.000	0.0	0.0		12:35:29:609		
000:00:37.800	800.0	23.0	22.7	800.0	0.0	0.0	0.0	0.000	0.000	0.000	0.0	0.0		12:35:29:659		
000:00:37.850	800.0	23.0	22.7	800.0	0.0	0.0	0.0	0.000	0.000	0.000	0.0	0.0		12:35:29:709		
000:00:37.900	800.0	23.0	22.7	800.0	0.0	0.0	0.0	0.000	0.000	0.000	0.0	0.0		12:35:29:759		
000:00:37.950	800.0	23.0	22.7	800.0	0.0	0.0	0.0	0.000	0.000	0.000	0.0	0.0		12:35:29:809		
000:00:38.000	800.0	23.0	22.7	800.0	0.0	0.0	0.0	0.000	0.000	0.000	0.0	0.0		12:35:29:859		
000:00:38.050	800.0	23.0	22.7	800.0	0.0	0.0	0.0	0.000	0.000	0.000	0.0	0.0		12:35:29:909		
000:00:38.100	800.0	23.0	22.7	800.0	0.0	0.0	0.0	0.000	0.000	0.000	0.0	0.0		12:35:29:959		
000:00:38.150	800.0	23.0	22.7	800.0	0.0	0.0	0.0	0.000	0.000	0.000	0.0	0.0		12:35:30:009		
000:00:38.200	800.0	23.0	22.7	800.0	0.0	0.0	0.0	0.000	0.000	0.000	0.0	0.0		12:35:30:059		
000:00:38.250	800.0	23.0	22.7	800.0	0.0	0.0	0.0	0.000	0.000	0.000	0.0	0.0		12:35:30:109		
000:00:38.300	800.0	23.0	22.7	800.0	0.0	0.0	0.0	0.000	0.000	0.000	0.0	0.0		12:35:30:159		
000:00:38.350	800.0	23.0	22.7	800.0	0.0	0.0	0.0	0.000	0.000	0.000	0.0	0.0		12:35:30:209		
000:00:38.400	800.0	23.0	22.7	800.0	0.0	0.0	0.0	0.000	0.000	0.000	0.0	0.0		12:35:30:259		
000:00:38.450	800.0	23.0	22.7	800.0	0.0	0.0	0.0	0.000	0.000	0.000	0.0	0.0		12:35:30:309		
000:00:38.500	800.0	23.0	22.7	800.0	0.0	0.0	0.0	0.000	0.000	0.000	0.0	0.0		12:35:30:359		
000:00:38.550	800.0	23.0	22.7	800.0	0.0	0.0	0.0	0.000	0.000	0.000	0.0	0.0		12:35:30:409		
000:00:38.600	800.0	23.0	22.7	800.0	0.0	0.0	0.0	0.000	0.000	0.000	0.0	0.0		12:35:30:459		
000:00:38.650	800.0	23.0	22.7	800.0	0.0	0.0	0.0	0.000	0.000	0.000	0.0	0.0		12:35:30:509		
000:00:38.700	800.0	23.0	22.7	800.0	0.0	0.0	0.0	0.000	0.000	0.000	0.0	0.0		12:35:30:559		
000:00:38.750	800.0	23.0	22.7	800.0	0.0	0.0	0.0	0.000	0.000	0.000	0.0	0.0		12:35:30:609		
000:00:38.800	800.0	23.0	22.7	800.0	0.0	0.0	0.0	0.000	0.000	0.000	0.0	0.0		12:35:30:659		
000:00:38.850	800.0	23.0	22.7	800.0	0.0	0.0	0.0	0.000	0.000	0.000	0.0	0.0		12:35:30:709		
000:00:38.900	800.0	23.0	22.7	800.0	0.0	0.0	0.0	0.000	0.000	0.000	0.0	0.0		12:35:30:759		
000:00:38.950	800.0	23.0	22.7	800.0	0.0	0.0	0.0	0.000	0.000	0.000	0.0	0.0		12:35:30:809		
000:00:39.000	800.0	23.0	22.7	800.0	0.0	0.0	0.0	0.000	0.000	0.000	0.0	0.0		12:35:30:859		
000:00:39.050	800.0	23.0	22.7	800.0	0.0	0.0	0.0	0.000	0.000	0.000	0.0	0.0		12:35:30:909		
000:00:39.100	800.0	23.0	22.7	800.0	0.0	0.0	0.0	0.000	0.000	0.000	0.0	0.0		12:35:30:959		
000:00:39.150	800.0	23.0	22.7	800.0	0.0	0.0	0.0	0.000	0.000	0.000	0.0	0.0		12:35:31:009		
000:00:39.200	800.0	23.0	22.7	800.0	0.0	0.0	0.0	0.000	0.000	0.000	0.0	0.0		12:35:31:059		
000:00:39.250	800.0	23.0	22.7	800.0	0.0	0.0	0.0	0.000	0.000	0.000	0.0	0.0		12:35:31:109		
000:00:39.300	800.0	23.0	22.7	800.0	0.0	0.0	0.0	0.000	0.000	0.000	0.0	0.0		12:35:31:159		
000:00:39.350	800.0	23.0	22.7	800.0	0.0	0.0	0.0	0.000	0.000	0.000	0.0	0.0		12:35:31:209		
000:00:39.400	800.0	23.0	22.7	800.0	0.0	0.0	0.0	0.000	0.000	0.000	0.0	0.0		12:35:31:259		
000:00:39.450	800.0	23.0	22.7	800.0	0.0	0.0	0.0	0.000	0.000	0.000	0.0	0.0		12:35:31:309		
000:00:39.500	800.0	23.0	22.7	800.0	0.0	0.0	0.0	0.000	0.000	0.000	0.0	0.0		12:35:31:359		
000:00:39.550	800.0	23.0	22.7	800.0	0.0	0.0	0.0	0.000	0.000	0.000	0.0	0.0		12:35:31:409		
000:00:39.600	800.0	23.0	22.7	800.0	0.0	0.0	0.0	0.000	0.000	0.000	0.0	0.0		12:35:31:459		
000:00:39.650	800.0	23.0	22.7	800.0	0.0	0.0	0.0	0.000	0.000	0.000	0.0	0.0		12:35:31:509		
000:00:39.700	800.0	23.0	22.7	800.0	0.0	0.0	0.0	0.000	0.000	0.000	0.0	0.0		12:35:31:559		
000:00:39.750	800.0	23.0	22.7	800.0	0.0	0.0	0.0	0.000	0.000	0.000	0.0	0.0		12:35:31:609		
000:00:39.800	800.0	23.0	22.7	800.0	0.0	0.0	0.0	0.000	0.000	0.000	0.0	0.0		12:35:31:659		
000:00:39.850	800.0	23.0	22.7	800.0	0.0	0.0	0.0	0.000	0.000	0.000	0.0	0.0		12:35:31:709		
000:00:39.900	800.0	23.0	22.7	800.0	0.0	0.0	0.0	0.000	0.000	0.000	0.0	0.0		12:35:31:759		
000:00:39.950	800.0	23.0	22.7	800.0	0.0	0.0	0.0	0.000	0.000	0.000	0.0	0.0		12:35:31:809		
000:00:40.000	800.0	23.0	22.7	800.0	0.0	0.0	0.0	0.000	0.000	0.000	0.0	0.0		12:35:31:859		
000:00:40.050	800.0	23.0	22.7	800.0	0.0	0.0	0.0	0.000	0.000	0.000	0.0	0.0		12:35:31:909		
000:00:40.100	800.0	23.0	22.7	800.0	0.0	0.0	0.0	0.000	0.000	0.000	0.0	0.0		12:35:31:959		
000:00:40.150	800.0	23.0	22.7	800.0	0.0	0.0	0.0	0.000	0.000	0.000	0.0	0.0		12:35:32:009		
000:00:40.200	800.0	23.0	22.7	800.0	0.0	0.0	0.0	0.000	0.000	0.000	0.0	0.0		12:35:32:059		
000:00:40.250	800.0	23.0	22.7	800.0	0.0	0.0	0.0	0.000	0.000	0.000	0.0	0.0		12:35:32:109		
000:00:40.300	800.0	23.0	22.7	800.0	0.0	0.0	0.0	0.000	0.000	0.000	0.0	0.0		12:35:32:159		
000:00:40.350	800.0	23.0	22.7	800.0	0.0	0.0	0.0	0.000	0.000	0.000	0.0	0.0		12:35:32:209		
000:00:40.400	800.0	23.0	22.7	800.0	0.0	0.0	0.0	0.000	0.000	0.000	0.0	0.0		12:35:32:259		
000:00:40.450	800.0	23.0	22.7	800.0	0.0	0.0	0.0	0.000	0.000	0.000	0.0	0.0		12:35:32:309		
000:00:40.500	800.0	23.0	22.7	800.0	0.0	0.0	0.0	0.000	0.000	0.000	0.0	0.0		12:35:32:359		
000:00:40.550	800.0	23.0	22.7	800.0	0.0	0.0	0.0	0.000	0.000	0.000	0.0	0.0		12:35:32:409		
000:00:40.600	800.0	23.0	22.7	800.0	0.0	0.0	0.0	0.000	0.000	0.000	0.0	0.0		12:35:32:459		
000:00:40.650	800.0	23.0	22.7	800.0	0.0	0.0	0.0	0.000	0.000	0.000	0.0	0.0		12:35:32:509		
000:00:40.700	800.0	23.0	22.7	800.0	0.0	0.0	0.0	0.000	0.000	0.000	0.0	0.0		12:35:32:559		
000:00:40.750	800.0	23.0	22.7	800.0	0.0	0.0	0.0	0.000	0.000	0.000	0.0	0.0		12:35:32:609		
000:00:40.800	800.0	23.0	22.7	800.0	0.0	0.0	0.0	0.000	0.000	0.000	0.0	0.0		12:35:32:659		
000:00:40.850	800.0	23.0	22.7	800.0	0.0	0.0	0.0	0.000	0.000	0.000	0.0	0.0		12:35:32:709		
000:00:40.900	800.0	23.0	22.7	800.0	0.0	0.0	0.0	0.000	0.000	0.000	0.0	0.0		12:35:32:759		
000:00:40.950	800.0	23.0	22.7	800.0	0.0	0.0	0.0	0.000	0.000	0.000	0.0	0.0		12:35:32:809		
000:00:41.000	800.0	23.0	22.7	800.0	0.0	0.0	0.0	0.000	0.000	0.000	0.0	0.0		12:35:32:859		
000:00:41.050	800.0	23.0	22.7	800.0	0.0	0.0	0.0	0.000	0.000	0.000	0.0	0.0		12:35:32:909		
000:00:41.100	800.0	23.0	22.7	800.0	0.0	0.0	0.0	0.000	0.000	0.000	0.0	0.0		12:35:32:959		
000:00:41.150	800.0	23.0	22.7	800.0	0.0	0.0	0.0	0.000	0.000	0.000	0.0	0.0		12:35:33:009		
000:00:41.200	800.0	23.0	22.7	800.0	0.0	0.0	0.0	0.000	0.000	0.000	0.0	0.0		12:35:33:059		
000:00:41.250	800.0	23.0	22.7	800.0	0.0	0.0	0.0	0.000	0.000	0.000	0.0	0.0		12:35:33:109		
000:00:41.300	800.0	23.0	22.7	800.0	0.0	0.0	0.0	0.000	0.000	0.000	0.0	0.0		12:35:33:159		
000:00:41.350	800.0	23.0	22.7	800.0	0.0	0.0	0.0	0.000	0.000	0.000	0.0	0.0		12:35:33:209		
000:00:41.400	800.0	23.0	22.7	800.0	0.0	0.0	0.0	0.000	0.000	0.000	0.0	0.0		12:35:33:259		
000:00:41.450	800.0	23.0	22.7	800.0	0.0	0.0	0.0	0.000	0.000	0.000	0.0	0.0		12:35:33:309		
000:00:41.500	800.0	23.0	22.7	800.0	0.0	0.0	0.0	0.000	0.000	0.000	0.0	0.0		12:35:33:359		
000:00:41.550	800.0	23.0	22.7	800.0	0.0	0.0	0.0	0.000	0.000	0.000	0.0	0.0		12:35:33:409		
000:00:41.600	800.0	23.0	22.7	800.0	0.0	0.0	0.0	0.000	0.000	0.000	0.0	0.0		12:35:33:459		
000:00:41.650	800.0	23.0	22.7	800.0	0.0	0.0	0.0	0.000	0.000	0.000	0.0	0.0		12:35:33:509		
000:00:41.700	800.0	23.0	22.7	800.0	0.0	0.0	0.0	0.000	0.000	0.000	0.0	0.0		12:35:33:559		
000:00:41.750	800.0	23.0	22.7	800.0	0.0	0.0	0.0	0.000	0.000	0.000	0.0	0.0		12:35:33:609		
000:00:41.800	800.0	23.0	22.7	800.0	0.0	0.0	0.0	0.000	0.000	0.000	0.0	0.0		12:35:33:659		
000:00:41.850	800.0	23.0	22.7	800.0	0.0	0.0	0.0	0.000	0.000	0.000	0.0	0.0		12:35:33:709		
000:00:41.900	800.0	23.0	22.7	800.0	0.0	0.0	0.0	0.000	0.000	0.000	0.0	0.0		12:35:33:759		
000:00:41.950	800.0	23.0	22.7	800.0	0.0	0.0	0.0	0.000	0.000	0.000	0.0	0.0		12:35:33:809		
000:00:42.000	800.0	23.0	22.7	800.0	0.0	0.0	0.0	0.000	0.000	0.000	0.0	0.0		12:35:33:859		
000:00:42.050	800.0	23.0	22.7	800.0	0.0	0.0	0.0	0.000	0.000	0.000	0.0	0.0		12:35:33:909		
000:00:42.100	800.0	23.0	22.7	800.0	0.0	0.0	0.0	0.000	0.000	0.000	0.0	0.0		12:35:33:959		
000:00:42.150	800.0	23.0	22.7	800.0	0.0	0.0	0.0	0.000	0.000	0.000	0.0	0.0		12:35:34:009		
000:00:42.200	800.0	23.0	22.7	800.0	0.0	0.0	0.0	0.000	0.000	0.000	0.0	0.0		12:35:34:059		
000:00:42.250	800.0	23.0	22.7	800.0	0.0	0.0	0.0	0.000	0.000	0.000	0.0	0.0		12:35:34:109		
000:00:42.300	800.0	23.0	22.7	800.0	0.0	0.0	0.0	0.000	0.000	0.000	0.0	0.0		12:35:34:159		
000:00:42.350	800.0	23.0	22.7	800.0	0.0	0.0	0.0	0.000	0.000	0.000	0.0	0.0		12:35:34:209		
000:00:42.400	800.0	23.0	22.7	800.0	0.0	0.0	0.0	0.000	0.000	0.000	0.0	0.0		12:35:34:259		
000:00:42.450	800.0	23.0	22.7	800.0	0.0	0.0	0.0	0.000	0.000	0.000	0.0	0.0		12:35:34:309		
000:00:42.500	800.0	23.0	22.7	800.0	0.0	0.0	0.0	0.000	0.000	0.000	0.0	0.0		12:35:34:359		
000:00:42.550	800.0	23.0	22.7	800.0	0.0	0.0	0.0	0.000	0.000	0.000	0.0	0.0		12:35:34:409		
000:00:42.600	800.0	23.0	22.7	800.0	0.0	0.0	0.0	0.000	0.000	0.000	0.0	0.0		12:35:34:459		
000:00:42.650	800.0	23.0	22.7	800.0	0.0	0.0	0.0	0.000	0.000	0.000	0.0	0.0		12:35:34:509		
000:00:42.700	800.0	23.0	22.7	800.0	0.0	0.0	0.0	0.000	0.000	0.000	0.0	0.0		12:35:34:559		
000:00:42.750	800.0	23.0	22.7	800.0	0.0	0.0	0.0	0.000	0.000	0.000	0.0	0.0		12:35:34:609		
000:00:42.800	800.0	23.0	22.7	800.0	0.0	0.0	0.0	0.000	0.000	0.000	0.0	0.0		12:35:34:659		
000:00:42.850	800.0	23.0	22.7	800.0	0.0	0.0	0.0	0.000	0.000	0.000	0.0	0.0		12:35:34:709		
000:00:42.900	800.0	23.0	22.7	800.0	0.0	0.0	0.0	0.000	0.000	0.000	0.0	0.0		12:35:34:759		
000:00:42.950	800.0	23.0	22.7	800.0	0.0	0.0	0.0	0.000	0.000	0.000	0.0	0.0		12:35:34:809		
000:00:43.000	800.0	23.0	22.7	800.0	0.0	0.0	0.0	0.000	0.000	0.000	0.0	0.0		12:35:34:859		
000:00:43.050	800.0	23.0	22.7	800.0	0.0	0.0	0.0	0.000	0.000	0.000	0.0	0.0		12:35:34:909		
000:00:43.100	800.0	23.0	22.7	800.0	0.0	0.0	0.0	0.000	0.000	0.000	0.0	0.0		12:35:34:959		
000:00:43.150	800.0	23.0	22.7	800.0	0.0	0.0	0.0	0.000	0.000	0.000	0.0	0.0		12:35:35:009		
000:00:43.200	800.0	23.0	22.7	800.0	0.0	0.0	0.0	0.000	0.000	0.000	0.0	0.0		12:35:35:059		
000:00:43.250	800.0	23.0	22.7	800.0	0.0	0.0	0.0	0.000	0.000	0.000	0.0	0.0		12:35:35:109		
000:00:43.300	800.0	23.0	22.7	800.0	0.0	0.0	0.0	0.000	0.000	0.000	0.0	0.0		12:35:35:159		
000:00:43.350	800.0	23.0	22.7	800.0	0.0	0.0	0.0	0.000	0.000	0.000	0.0	0.0		12:35:35:209		
000:00:43.400	800.0	23.0	22.7	800.0	0.0	0.0	0.0	0.000	0.000	0.000	0.0	0.0		12:35:35:259		
000:00:43.450	800.0	23.0	22.7	800.0	0.0	0.0	0.0	0.000	0.000	0.000	0.0	0.0		12:35:35:309		
000:00:43.500	800.0	23.0	22.7	800.0	0.0	0.0	0.0	0.000	0.000	0.000	0.0	0.0		12:35:35:359		
000:00:43.550	800.0	23.0	22.7	800.0	0.0	0.0	0.0	0.000	0.000	0.000	0.0	0.0		12:35:35:409		
000:00:43.600	800.0	23.0	22.7	800.0	0.0	0.0	0.0	0.000	0.000	0.000	0.0	0.0		12:35:35:459		
000:00:43.650	800.0	23.0	22.7	800.0	0.0	0.0	0.0	0.000	0.000	0.000	0.0	0.0		12:35:35:509		
000:00:43.700	800.0	23.0	22.7	800.0	0.0	0.0	0.0	0.000	0.000	0.000	0.0	0.0		12:35:35:559		
000:00:43.750	800.0	23.0	22.7	800.0	0.0	0.0	0.0	0.000	0.000	0.000	0.0	0.0		12:35:35:609		
000:00:43.800	800.0	23.0	22.7	800.0	0.0	0.0	0.0	0.000	0.000	0.000	0.0	0.0		12:35:35:659		
000:00:43.850	800.0	23.0	22.7	800.0	0.0	0.0	0.0	0.000	0.000	0.000	0.0	0.0		12:35:35:709		
000:00:43.900	800.0	23.0	22.7	800.0	0.0	0.0	0.0	0.000	0.000	0.000	0.0	0.0		12:35:35:759		
000:00:43.950	800.0	23.0	22.7	800.0	0.0	0.0	0.0	0.000	0.000	0.000	0.0	0.0		12:35:35:809		
000:00:44.000	800.0	23.0	22.7	800.0	0.0	0.0	0.0	0.000	0.000	0.000	0.0	0.0		12:35:35:859		
000:00:44.050	800.0	23.0	22.7	800.0	0.0	0.0	0.0	0.000	0.000	0.000	0.0	0.0		12:35:35:909		
000:00:44.100	800.0	23.0	22.7	800.0	0.0	0.0	0.0	0.000	0.000	0.000	0.0	0.0		12:35:35:959		
000:00:44.150	800.0	23.0	22.7	800.0	0.0	0.0	0.0	0.000	0.000	0.000	0.0	0.0		12:35:36:009		
000:00:44.200	800.0	23.0	22.7	800.0	0.0	0.0	0.0	0.000	0.000	0.000	0.0	0.0		12:35:36:059		
000:00:44.250	800.0	23.0	22.7	800.0	0.0	0.0	0.0	0.000	0.000	0.000	0.0	0.0		12:35:36:109		
000:00:44.300	800.0	23.0	22.7	800.0	0.0	0.0	0.0	0.000	0.000	0.000	0.0	0.0		12:35:36:159		
000:00:44.350	800.0	23.0	22.7	800.0	0.0	0.0	0.0	0.000	0.000	0.000	0.0	0.0		12:35:36:209		
000:00:44.400	800.0	23.0	22.7	800.0	0.0	0.0	0.0	0.000	0.000	0.000	0.0	0.0		12:35:36:259		
000:00:44.450	800.0	23.0	22.7	800.0	0.0	0.0	0.0	0.000	0.000	0.000	0.0	0.0		12:35:36:309		
000:00:44.500	800.0	23.0	22.7	800.0	0.0	0.0	0.0	0.000	0.000	0.000	0.0	0.0		12:35:36:359		
000:00:44.550	800.0	23.0	22.7	800.0	0.0	0.0	0.0	0.000	0.000	0.000	0.0	0.0		12:35:36:409		
000:00:44.600	800.0	23.0	22.7	800.0	0.0	0.0	0.0	0.000	0.000	0.000	0.0	0.0		12:35:36:459		
000:00:44.650	800.0	23.0	22.7	800.0	0.0	0.0	0.0	0.000	0.000	0.000	0.0	0.0		12:35:36:509		
000:00:44.700	800.0	23.0	22.7	800.0	0.0	0.0	0.0	0.000	0.000	0.000	0.0	0.0		12:35:36:559		
000:00:44.750	800.0	23.0	22.7	800.0	0.0	0.0	0.0	0.000	0.000	0.000	0.0	0.0		12:35:36:609		
000:00:44.800	800.0	23.0	22.7	800.0	0.0	0.0	0.0	0.000	0.000	0.000	0.0	0.0		12:35:36:659		
000:00:44.850	800.0	23.0	22.7	800.0	0.0	0.0	0.0	0.000	0.000	0.000	0.0	0.0		12:35:36:709		
000:00:44.900	800.0	23.0	22.7	800.0	0.0	0.0	0.0	0.000	0.000	0.000	0.0	0.0		12:35:36:759		
000:00:44.950	800.0	23.0	22.7	800.0	0.0	0.0	0.0	0.000	0.000	0.000	0.0	0.0		12:35:36:809		
000:00:45.000	800.0	23.0	22.7	800.0	0.0	0.0	0.0	0.000	0.000	0.000	0.0	0.0		12:35:36:859		
000:00:45.050	800.0	23.0	22.7	800.0	0.0	0.0	0.0	0.000	0.000	0.000	0.0	0.0		12:35:36:909		
000:00:45.100	800.0	23.0	22.7	800.0	0.0	0.0	0.0	0.000	0.000	0.000	0.0	0.0		12:35:36:959		
000:00:45.150	800.0	23.0	22.7	800.0	0.0	0.0	0.0	0.000	0.000	0.000	0.0	0.0		12:35:37:009		
000:00:45.200	800.0	23.0	22.7	800.0	0.0	0.0	0.0	0.000	0.000	0.000	0.0	0.0		12:35:37:059		
000:00:45.250	800.0	23.0	22.7	800.0	0.0	0.0	0.0	0.000	0.000	0.000	0.0	0.0		12:35:37:109		
000:00:45.300	800.0	23.0	22.7	800.0	0.0	0.0	0.0	0.000	0.000	0.000	0.0	0.0		12:35:37:159		
000:00:45.350	800.0	23.0	22.7	800.0	0.0	0.0	0.0	0.000	0.000	0.000	0.0	0.0		12:35:37:209		
000:00:45.400	800.0	23.0	22.7	800.0	0.0	0.0	0.0	0.000	0.000	0.000	0.0	0.0		12:35:37:259		
000:00:45.450	800.0	23.0	22.7	800.0	0.0	0.0	0.0	0.000	0.000	0.000	0.0	0.0		12:35:37:309		
000:00:45.500	800.0	23.0	22.7	800.0	0.0	0.0	0.0	0.000	0.000	0.000	0.0	0.0		12:35:37:359		
000:00:45.550	800.0	23.0	22.7	800.0	0.0	0.0	0.0	0.000	0.000	0.000	0.0	0.0		12:35:37:409		
000:00:45.600	800.0	23.0	22.7	800.0	0.0	0.0	0.0	0.000	0.000	0.000	0.0	0.0		12:35:37:459		
000:00:45.650	800.0	23.0	22.7	800.0	0.0	0.0	0.0	0.000	0.000	0.000	0.0	0.0		12:35:37:509		
000:00:45.700	800.0	23.0	22.7	800.0	0.0	0.0	0.0	0.000	0.000	0.000	0.0	0.0		12:35:37:559		
000:00:45.750	800.0	23.0	22.7	800.0	0.0	0.0	0.0	0.000	0.000	0.000	0.0	0.0		12:35:37:609		
000:00:45.800	800.0	23.0	22.7	800.0	0.0	0.0	0.0	0.000	0.000	0.000	0.0	0.0		12:35:37:659		
000:00:45.850	800.0	23.0	22.7	800.0	0.0	0.0	0.0	0.000	0.000	0.000	0.0	0.0		12:35:37:709		
000:00:45.900	800.0	23.0	22.7	800.0	0.0	0.0	0.0	0.000	0.000	0.000	0.0	0.0		12:35:37:759		
000:00:45.950	800.0	23.0	22.7	800.0	0.0	0.0	0.0	0.000	0.000	0.000	0.0	0.0		12:35:37:809		
000:00:46.000	800.0	23.0	22.7	800.0	0.0	0.0	0.0	0.000	0.000	0.000	0.0	0.0		12:35:37:859		
000:00:46.050	800.0	23.0	22.7	800.0	0.0	0.0	0.0	0.000	0.000	0.000	0.0	0.0		12:35:37:909		
000:00:46.100	800.0	23.0	22.7	800.0	0.0	0.0	0.0	0.000	0.000	0.000	0.0	0.0		12:35:37:959		
000:00:46.150	800.0	23.0	22.7	800.0	0.0	0.0	0.0	0.000	0.000	0.000	0.0	0.0		12:35:38:009		
000:00:46.200	800.0	23.0	22.7	800.0	0.0	0.0	0.0	0.000	0.000	0.000	0.0	0.0		12:35:38:059		
000:00:46.250	800.0	23.0	22.7	800.0	0.0	0.0	0.0	0.000	0.000	0.000	0.0	0.0		12:35:38:109		
000:00:46.300	800.0	23.0	22.7	800.0	0.0	0.0	0.0	0.000	0.000	0.000	0.0	0.0		12:35:38:159		
000:00:46.350	800.0	23.0	22.7	800.0	0.0	0.0	0.0	0.000	0.000	0.000	0.0	0.0		12:35:38:209		
000:00:46.400	800.0	23.0	22.7	800.0	0.0	0.0	0.0	0.000	0.000	0.000	0.0	0.0		12:35:38:259		
000:00:46.450	800.0	23.0	22.7	800.0	0.0	0.0	0.0	0.000	0.000	0.000	0.0	0.0		12:35:38:309		
000:00:46.500	800.0	23.0	22.7	800.0	0.0	0.0	0.0	0.000	0.000	0.000	0.0	0.0		12:35:38:359		
000:00:46.550	800.0	23.0	22.7	800.0	0.0	0.0	0.0	0.000	0.000	0.000	0.0	0.0		12:35:38:409		
000:00:46.600	800.0	23.0	22.7	800.0	0.0	0.0	0.0	0.000	0.000	0.000	0.0	0.0		12:35:38:459		
000:00:46.650	800.0	23.0	22.7	800.0	0.0	0.0	0.0	0.000	0.000	0.000	0.0	0.0		12:35:38:509		
000:00:46.700	800.0	23.0	22.7	800.0	0.0	0.0	0.0	0.000	0.000	0.000	0.0	0.0		12:35:38:559		
000:00:46.750	800.0	23.0	22.7	800.0	0.0	0.0	0.0	0.000	0.000	0.000	0.0	0.0		12:35:38:609		
000:00:46.800	800.0	23.0	22.7	800.0	0.0	0.0	0.0	0.000	0.000	0.000	0.0	0.0		12:35:38:659		
000:00:46.850	800.0	23.0	22.7	800.0	0.0	0.0	0.0	0.000	0.000	0.000	0.0	0.0		12:35:38:709		
000:00:46.900	800.0	23.0	22.7	800.0	0.0	0.0	0.0	0.000	0.000	0.000	0.0	0.0		12:35:38:759		
000:00:46.950	800.0	23.0	22.7	800.0	0.0	0.0	0.0	0.000	0.000	0.000	0.0	0.0		12:35:38:809		
000:00:47.000	800.0	23.0	22.7	800.0	0.0	0.0	0.0	0.000	0.000	0.000	0.0	0.0		12:35:38:859		
000:00:47.050	800.0	23.0	22.7	800.0	0.0	0.0	0.0	0.000	0.000	0.000	0.0	0.0		12:35:38:909		
000:00:47.100	800.0	23.0	22.7	800.0	0.0	0.0	0.0	0.000	0.000	0.000	0.0	0.0		12:35:38:959		
000:00:47.150	800.0	23.0	22.7	800.0	0.0	0.0	0.0	0.000	0.000	0.000	0.0	0.0		12:35:39:009		
000:00:47.200	800.0	23.0	22.7	800.0	0.0	0.0	0.0	0.000	0.000	0.000	0.0	0.0		12:35:39:059		
000:00:47.250	800.0	23.0	22.7	800.0	0.0	0.0	0.0	0.000	0.000	0.000	0.0	0.0		12:35:39:109		
000:00:47.300	800.0	23.0	22.7	800.0	0.0	0.0	0.0	0.000	0.000	0.000	0.0	0.0		12:35:39:159		
000:00:47.350	800.0	23.0	22.7	800.0	0.0	0.0	0.0	0.000	0.000	0.000	0.0	0.0		12:35:39:209		
000:00:47.400	800.0	23.0	22.7	800.0	0.0	0.0	0.0	0.000	0.000	0.000	0.0	0.0		12:35:39:259		
000:00:47.450	800.0	23.0	22.7	800.0	0.0	0.0	0.0	0.000	0.000	0.000	0.0	0.0		12:35:39:309		
000:00:47.500	800.0	23.0	22.7	800.0	0.0	0.0	0.0	0.000	0.000	0.000	0.0	0.0		12:35:39:359		
000:00:47.550	800.0	23.0	22.7	800.0	0.0	0.0	0.0	0.000	0.000	0.000	0.0	0.0		12:35:39:409		
000:00:47.600	800.0	23.0	22.7	800.0	0.0	0.0	0.0	0.000	0.000	0.000	0.0	0.0		12:35:39:459		
000:00:47.650	800.0	23.0	22.7	800.0	0.0	0.0	0.0	0.000	0.000	0.000	0.0	0.0		12:35:39:509		
000:00:47.700	800.0	23.0	22.7	800.0	0.0	0.0	0.0	0.000	0.000	0.000	0.0	0.0		12:35:39:559		
000:00:47.750	800.0	23.0	22.7	800.0	0.0	0.0	0.0	0.000	0.000	0.000	0.0	0.0		12:35:39:609		
000:00:47.800	800.0	23.0	22.7	800.0	0.0	0.0	0.0	0.000	0.000	0.000	0.0	0.0		12:35:39:659		
000:00:47.850	800.0	23.0	22.7	800.0	0.0	0.0	0.0	0.000	0.000	0.000	0.0	0.0		12:35:39:709		
000:00:47.900	800.0	23.0	22.7	800.0	0.0	0.0	0.0	0.000	0.000	0.000	0.0	0.0		12:35:39:759		
000:00:47.950	800.0	23.0	22.7	800.0	0.0	0.0	0.0	0.000	0.000	0.000	0.0	0.0		12:35:39:809		
000:00:48.000	800.0	23.0	22.7	800.0	0.0	0.0	0.0	0.000	0.000	0.000	0.0	0.0		12:35:39:859		
000:00:48.050	800.0	23.0	22.7	800.0	0.0	0.0	0.0	0.000	0.000	0.000	0.0	0.0		12:35:39:909		
000:00:48.100	800.0	23.0	22.7	800.0	0.0	0.0	0.0	0.000	0.000	0.000	0.0	0.0		12:35:39:959		
000:00:48.150	800.0	23.0	22.7	800.0	0.0	0.0	0.0	0.000	0.000	0.000	0.0	0.0		12:35:40:009		
000:00:48.200	800.0	23.0	22.7	800.0	0.0	0.0	0.0	0.000	0.000	0.000	0.0	0.0		12:35:40:059		
000:00:48.250	800.0	23.0	22.7	800.0	0.0	0.0	0.0	0.000	0.000	0.000	0.0	0.0		12:35:40:109		
000:00:48.300	800.0	23.0	22.7	800.0	0.0	0.0	0.0	0.000	0.000	0.000	0.0	0.0		12:35:40:159		
000:00:48.350	800.0	23.0	22.7	800.0	0.0	0.0	0.0	0.000	0.000	0.000	0.0	0.0		12:35:40:209		
000:00:48.400	800.0	23.0	22.7	800.0	0.0	0.0	0.0	0.000	0.000	0.000	0.0	0.0		12:35:40:259		
000:00:48.450	800.0	23.0	22.7	800.0	0.0	0.0	0.0	0.000	0.000	0.000	0.0	0.0		12:35:40:309		
000:00:48.500	800.0	23.0	22.7	800.0	0.0	0.0	0.0	0.000	0.000	0.000	0.0	0.0		12:35:40:359		
000:00:48.550	800.0	23.0	22.7	800.0	0.0	0.0	0.0	0.000	0.000	0.000	0.0	0.0		12:35:40:409		
000:00:48.600	800.0	23.0	22.7	800.0	0.0	0.0	0.0	0.000	0.000	0.000	0.0	0.0		12:35:40:459		
000:00:48.650	800.0	23.0	22.7	800.0	0.0	0.0	0.0	0.000	0.000	0.000	0.0	0.0		12:35:40:509		
000:00:48.700	800.0	23.0	22.7	800.0	0.0	0.0	0.0	0.000	0.000	0.000	0.0	0.0		12:35:40:559		
000:00:48.750	800.0	23.0	22.7	800.0	0.0	0.0	0.0	0.000	0.000	0.000	0.0	0.0		12:35:40:609		
000:00:48.800	800.0	23.0	22.7	800.0	0.0	0.0	0.0	0.000	0.000	0.000	0.0	0.0		12:35:40:659		
000:00:48.850	800.0	23.0	22.7	800.0	0.0	0.0	0.0	0.000	0.000	0.000	0.0	0.0		12:35:40:709		
000:00:48.900	800.0	23.0	22.7	800.0	0.0	0.0	0.0	0.000	0.000	0.000	0.0	0.0		12:35:40:759		
000:00:48.950	800.0	23.0	22.7	800.0	0.0	0.0	0.0	0.000	0.000	0.000	0.0	0.0		12:35:40:809		
000:00:49.000	800.0	23.0	22.7	800.0	0.0	0.0	0.0	0.000	0.000	0.000	0.0	0.0		12:35:40:859		
000:00:49.050	800.0	23.0	22.7	800.0	0.0	0.0	0.0	0.000	0.000	0.000	0.0	0.0		12:35:40:909		
000:00:49.100	800.0	23.0	22.7	800.0	0.0	0.0	0.0	0.000	0.000	0.000	0.0	0.0		12:35:40:959		
000:00:49.150	800.0	23.0	22.7	800.0	0.0	0.0	0.0	0.000	0.000	0.000	0.0	0.0		12:35:41:009		
000:00:49.200	800.0	23.0	22.7	800.0	0.0	0.0	0.0	0.000	0.000	0.000	0.0	0.0		12:35:41:059		
000:00:49.250	800.0	23.0	22.7	800.0	0.0	0.0	0.0	0.000	0.000	0.000	0.0	0.0		12:35:41:109		
000:00:49.300	800.0	23.0	22.7	800.0	0.0	0.0	0.0	0.000	0.000	0.000	0.0	0.0		12:35:41:159		
000:00:49.350	800.0	23.0	22.7	800.0	0.0	0.0	0.0	0.000	0.000	0.000	0.0	0.0		12:35:41:209		
000:00:49.400	800.0	23.0	22.7	800.0	0.0	0.0	0.0	0.000	0.000	0.000	0.0	0.0		12:35:41:259		
000:00:49.450	800.0	23.0	22.7	800.0	0.0	0.0	0.0	0.000	0.000	0.000	0.0	0.0		12:35:41:309		
000:00:49.500	800.0	23.0	22.7	800.0	0.0	0.0	0.0	0.000	0.000	0.000	0.0	0.0		12:35:41:359		
000:00:49.550	800.0	23.0	22.7	800.0	0.0	0.0	0.0	0.000	0.000	0.000	0.0	0.0		12:35:41:409		
000:00:49.600	800.0	23.0	22.7	800.0	0.0	0.0	0.0	0.000	0.000	0.000	0.0	0.0		12:35:41:459		
000:00:49.650	800.0	23.0	22.7	800.0	0.0	0.0	0.0	0.000	0.000	0.000	0.0	0.0		12:35:41:509		
000:00:49.700	800.0	23.0	22.7	800.0	0.0	0.0	0.0	0.000	0.000	0.000	0.0	0.0		12:35:41:559		
000:00:49.750	800.0	23.0	22.7	800.0	0.0	0.0	0.0	0.000	0.000	0.000	0.0	0.0		12:35:41:609		
000:00:49.800	800.0	23.0	22.7	800.0	0.0	0.0	0.0	0.000	0.000	0.000	0.0	0.0		12:35:41:659		
000:00:49.850	800.0	23.0	22.7	800.0	0.0	0.0	0.0	0.000	0.000	0.000	0.0	0.0		12:35:41:709		
000:00:49.900	800.0	23.0	22.7	800.0	0.0	0.0	0.0	0.000	0.000	0.000	0.0	0.0		12:35:41:759		
000:00:49.950	800.0	23.0	22.7	800.0	0.0	0.0	0.0	0.000	0.000	0.000	0.0	0.0		12:35:41:809		
000:00:50.000	800.0	23.0	22.7	800.0	0.0	0.0	0.0	0.000	0.000	0.000	0.0	0.0		12:35:41:859		
000:00:50.050	800.0	23.0	22.7	800.0	0.0	0.0	0.0	0.000	0.000	0.000	0.0	0.0		12:35:41:909		
000:00:50.100	800.0	23.0	22.7	800.0	0.0	0.0	0.0	0.000	0.000	0.000	0.0	0.0		12:35:41:959		
000:00:50.150	800.0	23.0	22.7	800.0	0.0	0.0	0.0	0.000	0.000	0.000	0.0	0.0		12:35:42:009		
000:00:50.200	800.0	23.0	22.7	800.0	0.0	0.0	0.0	0.000	0.000	0.000	0.0	0.0		12:35:42:059		
000:00:50.250	800.0	23.0	22.7	800.0	0.0	0.0	0.0	0.000	0.000	0.000	0.0	0.0		12:35:42:109		
000:00:50.300	800.0	23.0	22.7	800.0	0.0	0.0	0.0	0.000	0.000	0.000	0.0	0.0		12:35:42:159		
000:00:50.350	800.0	23.0	22.7	800.0	0.0	0.0	0.0	0.000	0.000	0.000	0.0	0.0		12:35:42:209		
000:00:50.400	800.0	23.0	22.7	800.0	0.0	0.0	0.0	0.000	0.000	0.000	0.0	0.0		12:35:42:259		
000:00:50.450	800.0	23.0	22.7	800.0	0.0	0.0	0.0	0.000	0.000	0.000	0.0	0.0		12:35:42:309		
000:00:50.500	800.0	23.0	22.7	800.0	0.0	0.0	0.0	0.000	0.000	0.000	0.0	0.0		12:35:42:359		
000:00:50.550	800.0	23.0	22.7	800.0	0.0	0.0	0.0	0.000	0.000	0.000	0.0	0.0		12:35:42:409		
000:00:50.600	800.0	23.0	22.7	800.0	0.0	0.0	0.0	0.000	0.000	0.000	0.0	0.0		12:35:42:459		
000:00:50.650	800.0	23.0	22.7	800.0	0.0	0.0	0.0	0.000	0.000	0.000	0.0	0.0		12:35:42:509		
000:00:50.700	800.0	23.0	22.7	800.0	0.0	0.0	0.0	0.000	0.000	0.000	0.0	0.0		12:35:42:559		
000:00:50.750	800.0	23.0	22.7	800.0	0.0	0.0	0.0	0.000	0.000	0.000	0.0	0.0		12:35:42:609		
000:00:50.800	800.0	23.0	22.7	800.0	0.0	0.0	0.0	0.000	0.000	0.000	0.0	0.0		12:35:42:659		
000:00:50.850	800.0	23.0	22.7	800.0	0.0	0.0	0.0	0.000	0.000	0.000	0.0	0.0		12:35:42:709		
000:00:50.900	800.0	23.0	22.7	800.0	0.0	0.0	0.0	0.000	0.000	0.000	0.0	0.0		12:35:42:759		
000:00:50.950	800.0	23.0	22.7	800.0	0.0	0.0	0.0	0.000	0.000	0.000	0.0	0.0		12:35:42:809		
000:00:51.000	800.0	23.0	22.7	800.0	0.0	0.0	0.0	0.000	0.000	0.000	0.0	0.0		12:35:42:859		
000:00:51.050	800.0	23.0	22.7	800.0	0.0	0.0	0.0	0.000	0.000	0.000	0.0	0.0		12:35:42:909		
000:00:51.100	800.0	23.0	22.7	800.0	0.0	0.0	0.0	0.000	0.000	0.000	0.0	0.0		12:35:42:959		
000:00:51.150	800.0	23.0	22.7	800.0	0.0	0.0	0.0	0.000	0.000	0.000	0.0	0.0		12:35:43:009		
000:00:51.200	800.0	23.0	22.7	800.0	0.0	0.0	0.0	0.000	0.000	0.000	0.0	0.0		12:35:43:059		
000:00:51.250	800.0	23.0	22.7	800.0	0.0	0.0	0.0	0.000	0.000	0.000	0.0	0.0		12:35:43:109		
000:00:51.300	800.0	23.0	22.7	800.0	0.0	0.0	0.0	0.000	0.000	0.000	0.0	0.0		12:35:43:159		
000:00:51.350	800.0	23.0	22.7	800.0	0.0	0.0	0.0	0.000	0.000	0.000	0.0	0.0		12:35:43:209		
000:00:51.400	800.0	23.0	22.7	800.0	0.0	0.0	0.0	0.000	0.000	0.000	0.0	0.0		12:35:43:259		
000:00:51.450	800.0	23.0	22.7	800.0	0.0	0.0	0.0	0.000	0.000	0.000	0.0	0.0		12:35:43:309		
000:00:51.500	800.0	23.0	22.7	800.0	0.0	0.0	0.0	0.000	0.000	0.000	0.0	0.0		12:35:43:359		
000:00:51.550	800.0	23.0	22.7	800.0	0.0	0.0	0.0	0.000	0.000	0.000	0.0	0.0		12:35:43:409		
000:00:51.600	800.0	23.0	22.7	800.0	0.0	0.0	0.0	0.000	0.000	0.000	0.0	0.0		12:35:43:459		
000:00:51.650	800.0	23.0	22.7	800.0	0.0	0.0	0.0	0.000	0.000	0.000	0.0	0.0		12:35:43:509		
000:00:51.700	800.0	23.0	22.7	800.0	0.0	0.0	0.0	0.000	0.000	0.000	0.0	0.0		12:35:43:559		
000:00:51.750	800.0	23.0	22.7	800.0	0.0	0.0	0.0	0.000	0.000	0.000	0.0	0.0		12:35:43:609		
000:00:51.800	800.0	23.0	22.7	800.0	0.0	0.0	0.0	0.000	0.000	0.000	0.0	0.0		12:35:43:659		
000:00:51.850	800.0	23.0	22.7	800.0	0.0	0.0	0.0	0.000	0.000	0.000	0.0	0.0		12:35:43:709		
000:00:51.900	800.0	23.0	22.7	800.0	0.0	0.0	0.0	0.000	0.000	0.000	0.0	0.0		12:35:43:759		
000:00:51.950	800.0	23.0	22.7	800.0	0.0	0.0	0.0	0.000	0.000	0.000	0.0	0.0		12:35:43:809		
000:00:52.000	800.0	23.0	22.7	800.0	0.0	0.0	0.0	0.000	0.000	0.000	0.0	0.0		12:35:43:859		
000:00:52.050	800.0	23.0	22.7	800.0	0.0	0.0	0.0	0.000	0.000	0.000	0.0	0.0		12:35:43:909		
000:00:52.100	800.0	23.0	22.7	800.0	0.0	0.0	0.0	0.000	0.000	0.000	0.0	0.0		12:35:43:959		
000:00:52.150	800.0	23.0	22.7	800.0	0.0	0.0	0.0	0.000	0.000	0.000	0.0	0.0		12:35:44:009		
000:00:52.200	800.0	23.0	22.7	800.0	0.0	0.0	0.0	0.000	0.000	0.000	0.0	0.0		12:35:44:059		
000:00:52.250	800.0	23.0	22.7	800.0	0.0	0.0	0.0	0.000	0.000	0.000	0.0	0.0		12:35:44:109		
000:00:52.300	800.0	23.0	22.7	800.0	0.0	0.0	0.0	0.000	0.000	0.000	0.0	0.0		12:35:44:159		
000:00:52.350	800.0	23.0	22.7	800.0	0.0	0.0	0.0	0.000	0.000	0.000	0.0	0.0		12:35:44:209		
000:00:52.400	800.0	23.0	22.7	800.0	0.0	0.0	0.0	0.000	0.000	0.000	0.0	0.0		12:35:44:259		
000:00:52.450	800.0	23.0	22.7	800.0	0.0	0.0	0.0	0.000	0.000	0.000	0.0	0.0		12:35:44:309		
000:00:52.500	800.0	23.0	22.7	800.0	0.0	0.0	0.0	0.000	0.000	0.000	0.0	0.0		12:35:44:359		
000:00:52.550	800.0	23.0	22.7	800.0	0.0	0.0	0.0	0.000	0.000	0.000	0.0	0.0		12:35:44:409		
000:00:52.600	800.0	23.0	22.7	800.0	0.0	0.0	0.0	0.000	0.000	0.000	0.0	0.0		12:35:44:459		
000:00:52.650	800.0	23.0	22.7	800.0	0.0	0.0	0.0	0.000	0.000	0.000	0.0	0.0		12:35:44:509		
000:00:52.700	800.0	23.0	22.7	800.0	0.0	0.0	0.0	0.000	0.000	0.000	0.0	0.0		12:35:44:559		
000:00:52.750	800.0	23.0	22.7	800.0	0.0	0.0	0.0	0.000	0.000	0.000	0.0	0.0		12:35:44:609		
000:00:52.800	800.0	23.0	22.7	800.0	0.0	0.0	0.0	0.000	0.000	0.000	0.0	0.0		12:35:44:659		
000:00:52.850	800.0	23.0	22.7	800.0	0.0	0.0	0.0	0.000	0.000	0.000	0.0	0.0		12:35:44:709		
000:00:52.900	800.0	23.0	22.7	800.0	0.0	0.0	0.0	0.000	0.000	0.000	0.0	0.0		12:35:44:759		
000:00:52.950	800.0	23.0	22.7	800.0	0.0	0.0	0.0	0.000	0.000	0.000	0.0	0.0		12:35:44:809		
000:00:53.000	800.0	23.0	22.7	800.0	0.0	0.0	0.0	0.000	0.000	0.000	0.0	0.0		12:35:44:859		
000:00:53.050	800.0	23.0	22.7	800.0	0.0	0.0	0.0	0.000	0.000	0.000	0.0	0.0		12:35:44:909		
000:00:53.100	800.0	23.0	22.7	800.0	0.0	0.0	0.0	0.000	0.000	0.000	0.0	0.0		12:35:44:959		
000:00:53.150	800.0	23.0	22.7	800.0	0.0	0.0	0.0	0.000	0.000	0.000	0.0	0.0		12:35:45:009		
000:00:53.200	800.0	23.0	22.8	800.0	0.0	0.0	0.0	0.000	0.000	0.000	0.0	0.0		12:35:45:059		
000:00:53.250	800.0	23.0	22.8	800.0	0.0	0.0	0.0	0.000	0.000	0.000	0.0	0.0		12:35:45:109		
000:00:53.300	800.0	23.0	22.8	800.0	0.0	0.0	0.0	0.000	0.000	0.000	0.0	0.0		12:35:45:159		
000:00:53.350	800.0	23.0	22.8	800.0	0.0	0.0	0.0	0.000	0.000	0.000	0.0	0.0		12:35:45:209		
000:00:53.400	800.0	23.0	22.8	800.0	0.0	0.0	0.0	0.000	0.000	0.000	0.0	0.0		12:35:45:259		
000:00:53.450	800.0	23.0	22.8	800.0	0.0	0.0	0.0	0.000	0.000	0.000	0.0	0.0		12:35:45:309		
000:00:53.500	800.0	23.0	22.8	800.0	0.0	0.0	0.0	0.000	0.000	0.000	0.0	0.0		12:35:45:359		
000:00:53.550	800.0	23.0	22.8	800.0	0.0	0.0	0.0	0.000	0.000	0.000	0.0	0.0		12:35:45:409		
000:00:53.600	800.0	23.0	22.8	800.0	0.0	0.0	0.0	0.000	0.000	0.000	0.0	0.0		12:35:45:459		
000:00:53.650	800.0	23.0	22.8	800.0	0.0	0.0	0.0	0.000	0.000	0.000	0.0	0.0		12:35:45:509		
000:00:53.700	800.0	23.0	22.8	800.0	0.0	0.0	0.0	0.000	0.000	0.000	0.0	0.0		12:35:45:559		
000:00:53.750	800.0	23.0	22.8	800.0	0.0	0.0	0.0	0.000	0.000	0.000	0.0	0.0		12:35:45:609		
000:00:53.800	800.0	23.0	22.8	800.0	0.0	0.0	0.0	0.000	0.000	0.000	0.0	0.0		12:35:45:659		
000:00:53.850	800.0	23.0	22.8	800.0	0.0	0.0	0.0	0.000	0.000	0.000	0.0	0.0		12:35:45:709		
000:00:53.900	800.0	23.0	22.8	800.0	0.0	0.0	0.0	0.000	0.000	0.000	0.0	0.0		12:35:45:759		
000:00:53.950	800.0	23.0	22.8	800.0	0.0	0.0	0.0	0.000	0.000	0.000	0.0	0.0		12:35:45:809		
000:00:54.000	800.0	23.0	22.8	800.0	0.0	0.0	0.0	0.000	0.000	0.000	0.0	0.0		12:35:45:859		
000:00:54.050	800.0	23.0	22.8	800.0	0.0	0.0	0.0	0.000	0.000	0.000	0.0	0.0		12:35:45:909		
000:00:54.100	800.0	23.0	22.8	800.0	0.0	0.0	0.0	0.000	0.000	0.000	0.0	0.0		12:35:45:959		
000:00:54.150	800.0	23.0	22.8	800.0	0.0	0.0	0.0	0.000	0.000	0.000	0.0	0.0		12:35:46:009		
000:00:54.200	800.0	23.0	22.8	800.0	0.0	0.0	0.0	0.000	0.000	0.000	0.0	0.0		12:35:46:059		
000:00:54.250	800.0	23.0	22.8	800.0	0.0	0.0	0.0	0.000	0.000	0.000	0.0	0.0		12:35:46:109		
000:00:54.300	800.0	23.0	22.8	800.0	0.0	0.0	0.0	0.000	0.000	0.000	0.0	0.0		12:35:46:159		
000:00:54.350	800.0	23.0	22.8	800.0	0.0	0.0	0.0	0.000	0.000	0.000	0.0	0.0		12:35:46:209		
000:00:54.400	800.0	23.0	22.8	800.0	0.0	0.0	0.0	0.000	0.000	0.000	0.0	0.0		12:35:46:259		
000:00:54.450	800.0	23.0	22.8	800.0	0.0	0.0	0.0	0.000	0.000	0.000	0.0	0.0		12:35:46:309		
000:00:54.500	800.0	23.0	22.8	800.0	0.0	0.0	0.0	0.000	0.000	0.000	0.0	0.0		12:35:46:359		
000:00:54.550	800.0	23.0	22.8	800.0	0.0	0.0	0.0	0.000	0.000	0.000	0.0	0.0		12:35:46:409		
000:00:54.600	800.0	23.0	22.8	800.0	0.0	0.0	0.0	0.000	0.000	0.000	0.0	0.0		12:35:46:459		
000:00:54.650	800.0	23.0	22.8	800.0	0.0	0.0	0.0	0.000	0.000	0.000	0.0	0.0		12:35:46:509		
000:00:54.700	800.0	23.0	22.8	800.0	0.0	0.0	0.0	0.000	0.000	0.000	0.0	0.0		12:35:46:559		
000:00:54.750	800.0	23.0	22.8	800.0	0.0	0.0	0.0	0.000	0.000	0.000	0.0	0.0		12:35:46:609		
000:00:54.800	800.0	23.0	22.8	800.0	0.0	0.0	0.0	0.000	0.000	0.000	0.0	0.0		12:35:46:659		
000:00:54.850	800.0	23.0	22.8	800.0	0.0	0.0	0.0	0.000	0.000	0.000	0.0	0.0		12:35:46:709		
000:00:54.900	800.0	23.0	22.8	800.0	0.0	0.0	0.0	0.000	0.000	0.000	0.0	0.0		12:35:46:759		
000:00:54.950	800.0	23.0	22.8	800.0	0.0	0.0	0.0	0.000	0.000	0.000	0.0	0.0		12:35:46:809		
000:00:55.000	800.0	23.0	22.8	800.0	0.0	0.0	0.0	0.000	0.000	0.000	0.0	0.0		12:35:46:859		
000:00:55.050	800.0	23.0	22.8	800.0	0.0	0.0	0.0	0.000	0.000	0.000	0.0	0.0		12:35:46:909		
000:00:55.100	800.0	23.0	22.8	800.0	0.0	0.0	0.0	0.000	0.000	0.000	0.0	0.0		12:35:46:959		
000:00:55.150	800.0	23.0	22.8	800.0	0.0	0.0	0.0	0.000	0.000	0.000	0.0	0.0		12:35:47:009		
000:00:55.200	800.0	23.0	22.8	800.0	0.0	0.0	0.0	0.000	0.000	0.000	0.0	0.0		12:35:47:059		
000:00:55.250	800.0	23.0	22.8	800.0	0.0	0.0	0.0	0.000	0.000	0.000	0.0	0.0		12:35:47:109		
000:00:55.300	800.0	23.0	22.8	800.0	0.0	0.0	0.0	0.000	0.000	0.000	0.0	0.0		12:35:47:159		
000:00:55.350	800.0	23.0	22.8	800.0	0.0	0.0	0.0	0.000	0.000	0.000	0.0	0.0		12:35:47:209		
000:00:55.400	800.0	23.0	22.8	800.0	0.0	0.0	0.0	0.000	0.000	0.000	0.0	0.0		12:35:47:259		
000:00:55.450	800.0	23.0	22.8	800.0	0.0	0.0	0.0	0.000	0.000	0.000	0.0	0.0		12:35:47:309		
000:00:55.500	800.0	23.0	22.8	800.0	0.0	0.0	0.0	0.000	0.000	0.000	0.0	0.0		12:35:47:359		
000:00:55.550	800.0	23.0	22.8	800.0	0.0	0.0	0.0	0.000	0.000	0.000	0.0	0.0		12:35:47:409		
000:00:55.600	800.0	23.0	22.8	800.0	0.0	0.0	0.0	0.000	0.000	0.000	0.0	0.0		12:35:47:459		
000:00:55.650	800.0	23.0	22.8	800.0	0.0	0.0	0.0	0.000	0.000	0.000	0.0	0.0		12:35:47:509		
000:00:55.700	800.0	23.0	22.8	800.0	0.0	0.0	0.0	0.000	0.000	0.000	0.0	0.0		12:35:47:559		
000:00:55.750	800.0	23.0	22.8	800.0	0.0	0.0	0.0	0.000	0.000	0.000	0.0	0.0		12:35:47:609		
000:00:55.800	800.0	23.0	22.8	800.0	0.0	0.0	0.0	0.000	0.000	0.000	0.0	0.0		12:35:47:659		
000:00:55.850	800.0	23.0	22.8	800.0	0.0	0.0	0.0	0.000	0.000	0.000	0.0	0.0		12:35:47:709		
000:00:55.900	800.0	23.0	22.8	800.0	0.0	0.0	0.0	0.000	0.000	0.000	0.0	0.0		12:35:47:759		
000:00:55.950	800.0	23.0	22.8	800.0	0.0	0.0	0.0	0.000	0.000	0.000	0.0	0.0		12:35:47:809		
000:00:56.000	800.0	23.0	22.8	800.0	0.0	0.0	0.0	0.000	0.000	0.000	0.0	0.0		12:35:47:859		
000:00:56.050	800.0	23.0	22.8	800.0	0.0	0.0	0.0	0.000	0.000	0.000	0.0	0.0		12:35:47:909		
000:00:56.100	800.0	23.0	22.8	800.0	0.0	0.0	0.0	0.000	0.000	0.000	0.0	0.0		12:35:47:959		
000:00:56.150	800.0	23.0	22.8	800.0	0.0	0.0	0.0	0.000	0.000	0.000	0.0	0.0		12:35:48:009		
000:00:56.200	800.0	23.0	22.8	800.0	0.0	0.0	0.0	0.000	0.000	0.000	0.0	0.0		12:35:48:059		
000:00:56.250	800.0	23.0	22.8	800.0	0.0	0.0	0.0	0.000	0.000	0.000	0.0	0.0		12:35:48:109		
000:00:56.300	800.0	23.0	22.8	800.0	0.0	0.0	0.0	0.000	0.000	0.000	0.0	0.0		12:35:48:159		
000:00:56.350	800.0	23.0	22.8	800.0	0.0	0.0	0.0	0.000	0.000	0.000	0.0	0.0		12:35:48:209		
000:00:56.400	800.0	23.0	22.8	800.0	0.0	0.0	0.0	0.000	0.000	0.000	0.0	0.0		12:35:48:259		
000:00:56.450	800.0	23.0	22.8	800.0	0.0	0.0	0.0	0.000	0.000	0.000	0.0	0.0		12:35:48:309		
000:00:56.500	800.0	23.0	22.8	800.0	0.0	0.0	0.0	0.000	0.000	0.000	0.0	0.0		12:35:48:359		
000:00:56.550	800.0	23.0	22.8	800.0	0.0	0.0	0.0	0.000	0.000	0.000	0.0	0.0		12:35:48:409		
000:00:56.600	800.0	23.0	22.8	800.0	0.0	0.0	0.0	0.000	0.000	0.000	0.0	0.0		12:35:48:459		
000:00:56.650	800.0	23.0	22.8	800.0	0.0	0.0	0.0	0.000	0.000	0.000	0.0	0.0		12:35:48:509		
000:00:56.700	800.0	23.0	22.8	800.0	0.0	0.0	0.0	0.000	0.000	0.000	0.0	0.0		12:35:48:559		
000:00:56.750	800.0	23.0	22.8	800.0	0.0	0.0	0.0	0.000	0.000	0.000	0.0	0.0		12:35:48:609		
000:00:56.800	800.0	23.0	22.8	800.0	0.0	0.0	0.0	0.000	0.000	0.000	0.0	0.0		12:35:48:659		
000:00:56.850	800.0	23.0	22.8	800.0	0.0	0.0	0.0	0.000	0.000	0.000	0.0	0.0		12:35:48:709		
000:00:56.900	800.0	23.0	22.8	800.0	0.0	0.0	0.0	0.000	0.000	0.000	0.0	0.0		12:35:48:759		
000:00:56.950	800.0	23.0	22.8	800.0	0.0	0.0	0.0	0.000	0.000	0.000	0.0	0.0		12:35:48:809		
000:00:57.000	800.0	23.0	22.8	800.0	0.0	0.0	0.0	0.000	0.000	0.000	0.0	0.0		12:35:48:859		
000:00:57.050	800.0	23.0	22.8	800.0	0.0	0.0	0.0	0.000	0.000	0.000	0.0	0.0		12:35:48:909		
000:00:57.100	800.0	23.0	22.8	800.0	0.0	0.0	0.0	0.000	0.000	0.000	0.0	0.0		12:35:48:959		
000:00:57.150	800.0	23.0	22.8	800.0	0.0	0.0	0.0	0.000	0.000	0.000	0.0	0.0		12:35:49:009		
000:00:57.200	800.0	23.0	22.8	800.0	0.0	0.0	0.0	0.000	0.000	0.000	0.0	0.0		12:35:49:059		
000:00:57.250	800.0	23.0	22.8	800.0	0.0	0.0	0.0	0.000	0.000	0.000	0.0	0.0		12:35:49:109		
000:00:57.300	800.0	23.0	22.8	800.0	0.0	0.0	0.0	0.000	0.000	0.000	0.0	0.0		12:35:49:159		
000:00:57.350	800.0	23.0	22.8	800.0	0.0	0.0	0.0	0.000	0.000	0.000	0.0	0.0		12:35:49:209		
000:00:57.400	800.0	23.0	22.8	800.0	0.0	0.0	0.0	0.000	0.000	0.000	0.0	0.0		12:35:49:259		
000:00:57.450	800.0	23.0	22.8	800.0	0.0	0.0	0.0	0.000	0.000	0.000	0.0	0.0		12:35:49:309		
000:00:57.500	800.0	23.0	22.8	800.0	0.0	0.0	0.0	0.000	0.000	0.000	0.0	0.0		12:35:49:359		
000:00:57.550	800.0	23.0	22.8	800.0	0.0	0.0	0.0	0.000	0.000	0.000	0.0	0.0		12:35:49:409		
000:00:57.600	800.0	23.0	22.8	800.0	0.0	0.0	0.0	0.000	0.000	0.000	0.0	0.0		12:35:49:459		
000:00:57.650	800.0	23.0	22.8	800.0	0.0	0.0	0.0	0.000	0.000	0.000	0.0	0.0		12:35:49:509		
000:00:57.700	800.0	23.0	22.8	800.0	0.0	0.0	0.0	0.000	0.000	0.000	0.0	0.0		12:35:49:559		
000:00:57.750	800.0	23.0	22.8	800.0	0.0	0.0	0.0	0.000	0.000	0.000	0.0	0.0		12:35:49:609		
000:00:57.800	800.0	23.0	22.8	800.0	0.0	0.0	0.0	0.000	0.000	0.000	0.0	0.0		12:35:49:659		
000:00:57.850	800.0	23.0	22.8	800.0	0.0	0.0	0.0	0.000	0.000	0.000	0.0	0.0		12:35:49:709		
000:00:57.900	800.0	23.0	22.8	800.0	0.0	0.0	0.0	0.000	0.000	0.000	0.0	0.0		12:35:49:759		
000:00:57.950	800.0	23.0	22.8	800.0	0.0	0.0	0.0	0.000	0.000	0.000	0.0	0.0		12:35:49:809		
000:00:58.000	800.0	23.0	22.8	800.0	0.0	0.0	0.0	0.000	0.000	0.000	0.0	0.0		12:35:49:859		
000:00:58.050	800.0	23.0	22.8	800.0	0.0	0.0	0.0	0.000	0.000	0.000	0.0	0.0		12:35:49:909		
000:00:58.100	800.0	23.0	22.8	800.0	0.0	0.0	0.0	0.000	0.000	0.000	0.0	0.0		12:35:49:959		
000:00:58.150	800.0	23.0	22.8	800.0	0.0	0.0	0.0	0.000	0.000	0.000	0.0	0.0		12:35:50:009		
000:00:58.200	800.0	23.0	22.8	800.0	0.0	0.0	0.0	0.000	0.000	0.000	0.0	0.0		12:35:50:059		
000:00:58.250	800.0	23.0	22.8	800.0	0.0	0.0	0.0	0.000	0.000	0.000	0.0	0.0		12:35:50:109		
000:00:58.300	800.0	23.0	22.8	800.0	0.0	0.0	0.0	0.000	0.000	0.000	0.0	0.0		12:35:50:159		
000:00:58.350	800.0	23.0	22.8	800.0	0.0	0.0	0.0	0.000	0.000	0.000	0.0	0.0		12:35:50:209		
000:00:58.400	800.0	23.0	22.8	800.0	0.0	0.0	0.0	0.000	0.000	0.000	0.0	0.0		12:35:50:259		
000:00:58.450	800.0	23.0	22.8	800.0	0.0	0.0	0.0	0.000	0.000	0.000	0.0	0.0		12:35:50:309		
000:00:58.500	800.0	23.0	22.8	800.0	0.0	0.0	0.0	0.000	0.000	0.000	0.0	0.0		12:35:50:359		
000:00:58.550	800.0	23.0	22.8	800.0	0.0	0.0	0.0	0.000	0.000	0.000	0.0	0.0		12:35:50:409		
000:00:58.600	800.0	23.0	22.8	800.0	0.0	0.0	0.0	0.000	0.000	0.000	0.0	0.0		12:35:50:459		
000:00:58.650	800.0	23.0	22.8	800.0	0.0	0.0	0.0	0.000	0.000	0.000	0.0	0.0		12:35:50:509		
000:00:58.700	800.0	23.0	22.8	800.0	0.0	0.0	0.0	0.000	0.000	0.000	0.0	0.0		12:35:50:559		
000:00:58.750	800.0	23.0	22.8	800.0	0.0	0.0	0.0	0.000	0.000	0.000	0.0	0.0		12:35:50:609		
000:00:58.800	800.0	23.0	22.8	800.0	0.0	0.0	0.0	0.000	0.000	0.000	0.0	0.0		12:35:50:659		
000:00:58.850	800.0	23.0	22.8	800.0	0.0	0.0	0.0	0.000	0.000	0.000	0.0	0.0		12:35:50:709		
000:00:58.900	800.0	23.0	22.8	800.0	0.0	0.0	0.0	0.000	0.000	0.000	0.0	0.0		12:35:50:759		
000:00:58.950	800.0	23.0	22.8	800.0	0.0	0.0	0.0	0.000	0.000	0.000	0.0	0.0		12:35:50:809		
000:00:59.000	800.0	23.0	22.8	800.0	0.0	0.0	0.0	0.000	0.000	0.000	0.0	0.0		12:35:50:859		
000:00:59.050	800.0	23.0	22.8	800.0	0.0	0.0	0.0	0.000	0.000	0.000	0.0	0.0		12:35:50:909		
000:00:59.100	800.0	23.0	22.8	800.0	0.0	0.0	0.0	0.000	0.000	0.000	0.0	0.0		12:35:50:959		
000:00:59.150	800.0	23.0	22.8	800.0	0.0	0.0	0.0	0.000	0.000	0.000	0.0	0.0		12:35:51:009		
000:00:59.200	800.0	23.0	22.8	800.0	0.0	0.0	0.0	0.000	0.000	0.000	0.0	0.0		12:35:51:059		
000:00:59.250	800.0	23.0	22.8	800.0	0.0	0.0	0.0	0.000	0.000	0.000	0.0	0.0		12:35:51:109		
000:00:59.300	800.0	23.0	22.8	800.0	0.0	0.0	0.0	0.000	0.000	0.000	0.0	0.0		12:35:51:159		
000:00:59.350	800.0	23.0	22.8	800.0	0.0	0.0	0.0	0.000	0.000	0.000	0.0	0.0		12:35:51:209		
000:00:59.400	800.0	23.0	22.8	800.0	0.0	0.0	0.0	0.000	0.000	0.000	0.0	0.0		12:35:51:259		
000:00:59.450	800.0	23.0	22.8	800.0	0.0	0.0	0.0	0.000	0.000	0.000	0.0	0.0		12:35:51:309		
000:00:59.500	800.0	23.0	22.8	800.0	0.0	0.0	0.0	0.000	0.000	0.000	0.0	0.0		12:35:51:359		
000:00:59.550	800.0	23.0	22.8	800.0	0.0	0.0	0.0	0.000	0.000	0.000	0.0	0.0		12:35:51:409		
000:00:59.600	800.0	23.0	22.8	800.0	0.0	0.0	0.0	0.000	0.000	0.000	0.0	0.0		12:35:51:459		
000:00:59.650	800.0	23.0	22.8	800.0	0.0	0.0	0.0	0.000	0.000	0.000	0.0	0.0		12:35:51:509		
000:00:59.700	800.0	23.0	22.8	800.0	0.0	0.0	0.0	0.000	0.000	0.000	0.0	0.0		12:35:51:559		
000:00:59.750	800.0	23.0	22.8	800.0	0.0	0.0	0.0	0.000	0.000	0.000	0.0	0.0		12:35:51:609		
000:00:59.800	800.0	23.0	22.8	800.0	0.0	0.0	0.0	0.000	0.000	0.000	0.0	0.0		12:35:51:659		
000:00:59.850	800.0	23.0	22.8	800.0	0.0	0.0	0.0	0.000	0.000	0.000	0.0	0.0		12:35:51:709		
000:00:59.900	800.0	23.0	22.8	800.0	0.0	0.0	0.0	0.000	0.000	0.000	0.0	0.0		12:35:51:759		
000:00:59.950	800.0	23.0	22.8	800.0	0.0	0.0	0.0	0.000	0.000	0.000	0.0	0.0		12:35:51:809		
000:01:00.000	800.0	23.0	22.8	800.0	0.0	0.0	0.0	0.000	0.000	0.000	0.0	0.0		12:35:51:859		
000:01:00.050	800.0	23.0	22.8	800.0	0.0	0.0	0.0	0.000	0.000	0.000	0.0	0.0		12:35:51:909		
000:01:00.100	800.0	23.0	22.8	800.0	0.0	0.0	0.0	0.000	0.000	0.000	0.0	0.0		12:35:51:959		
000:01:00.150	800.0	23.0	22.8	800.0	0.0	0.0	0.0	0.000	0.000	0.000	0.0	0.0		12:35:52:009		
000:01:00.200	800.0	23.0	22.8	800.0	0.0	0.0	0.0	0.000	0.000	0.000	0.0	0.0		12:35:52:059		
000:01:00.250	800.0	23.0	22.8	800.0	0.0	0.0	0.0	0.000	0.000	0.000	0.0	0.0		12:35:52:109		
000:01:00.300	800.0	23.0	22.8	800.0	0.0	0.0	0.0	0.000	0.000	0.000	0.0	0.0		12:35:52:159		
000:01:00.350	800.0	23.0	22.8	800.0	0.0	0.0	0.0	0.000	0.000	0.000	0.0	0.0		12:35:52:209		
000:01:00.400	800.0	23.0	22.8	800.0	0.0	0.0	0.0	0.000	0.000	0.000	0.0	0.0		12:35:52:259		
000:01:00.450	800.0	23.0	22.8	800.0	0.0	0.0	0.0	0.000	0.000	0.000	0.0	0.0		12:35:52:309		
000:01:00.500	800.0	23.0	22.8	800.0	0.0	0.0	0.0	0.000	0.000	0.000	0.0	0.0		12:35:52:359		
000:01:00.550	800.0	23.0	22.8	800.0	0.0	0.0	0.0	0.000	0.000	0.000	0.0	0.0		12:35:52:409		
000:01:00.600	800.0	23.0	22.8	800.0	0.0	0.0	0.0	0.000	0.000	0.000	0.0	0.0		12:35:52:459		
000:01:00.650	800.0	23.0	22.8	800.0	0.0	0.0	0.0	0.000	0.000	0.000	0.0	0.0		12:35:52:509		
000:01:00.700	800.0	23.0	22.8	800.0	0.0	0.0	0.0	0.000	0.000	0.000	0.0	0.0		12:35:52:559		
000:01:00.750	800.0	23.0	22.8	800.0	0.0	0.0	0.0	0.000	0.000	0.000	0.0	0.0		12:35:52:609		
000:01:00.800	800.1	23.0	22.8	800.1	0.0	0.0	0.0	0.000	0.000	0.000	0.0	0.0		12:35:52:659		
000:01:00.850	802.5	23.0	22.8	802.5	0.0	0.0	0.0	0.000	0.000	0.000	0.0	0.0		12:35:52:709		
000:01:00.900	806.0	23.0	22.8	806.0	0.0	0.0	0.0	0.000	0.000	0.000	0.0	0.0		12:35:52:759		
000:01:00.950	809.6	23.0	22.8	809.6	0.0	0.0	0.0	0.000	0.000	0.000	0.0	0.0		12:35:52:809		
000:01:01.000	813.3	23.0	22.8	813.3	0.0	0.0	0.0	0.000	0.000	0.000	0.0	0.0		12:35:52:859		
000:01:01.050	816.7	23.0	22.8	816.7	0.0	0.0	0.0	0.000	0.000	0.000	0.0	0.0		12:35:52:909		
000:01:01.100	820.0	23.0	22.8	820.0	0.0	0.0	0.0	0.000	0.000	0.000	0.0	0.0		12:35:52:959		
000:01:01.150	823.4	23.0	22.8	823.4	0.0	0.0	0.0	0.000	0.000	0.000	0.0	0.0		12:35:53:009		
000:01:01.200	826.9	23.0	22.8	826.9	0.0	0.0	0.0	0.000	0.000	0.000	0.0	0.0		12:35:53:059		
000:01:01.250	829.8	23.0	22.8	829.8	0.0	0.0	0.0	0.000	0.000	0.000	0.0	0.0		12:35:53:109		
000:01:01.300	832.0	23.0	22.8	832.0	0.0	0.0	0.0	0.000	0.000	0.000	0.0	0.0		12:35:53:159		
000:01:01.350	834.4	23.0	22.8	834.4	0.0	0.0	0.0	0.000	0.000	0.000	0.0	0.0		12:35:53:209		
000:01:01.400	836.8	23.0	22.8	836.8	0.0	0.0	0.0	0.000	0.000	0.000	0.0	0.0		12:35:53:259		
000:01:01.450	839.2	23.0	22.8	839.2	0.0	0.0	0.0	0.000	0.000	0.000	0.0	0.0		12:35:53:309		
000:01:01.500	841.8	23.0	22.8	841.8	0.0	0.0	0.0	0.000	0.000	0.000	0.0	0.0		12:35:53:359		
000:01:01.550	844.7	23.0	22.8	844.7	0.0	0.0	0.0	0.000	0.000	0.000	0.0	0.0		12:35:53:409		
000:01:01.600	847.4	23.0	22.8	847.4	0.0	0.0	0.0	0.000	0.000	0.000	0.0	0.0		12:35:53:459		
000:01:01.650	849.6	23.0	22.8	849.6	0.0	0.0	0.0	0.000	0.000	0.000	0.0	0.0		12:35:53:509		
000:01:01.700	852.0	23.0	22.8	852.0	0.0	0.0	0.0	0.000	0.000	0.000	0.0	0.0		12:35:53:559		
000:01:01.750	854.4	23.0	22.8	854.4	0.0	0.0	0.0	0.000	0.000	0.000	0.0	0.0		12:35:53:609		
000:01:01.800	856.7	23.0	22.8	856.7	0.0	0.0	0.0	0.000	0.000	0.000	0.0	0.0		12:35:53:659		
000:01:01.850	859.2	23.0	22.8	859.2	0.0	0.0	0.0	0.000	0.000	0.000	0.0	0.0		12:35:53:709		
000:01:01.900	861.3	23.0	22.8	861.3	0.0	0.0	0.0	0.000	0.000	0.000	0.0	0.0		12:35:53:759		
000:01:01.950	863.6	23.0	22.8	863.6	0.0	0.0	0.0	0.000	0.000	0.000	0.0	0.0		12:35:53:809		
000:01:02.000	865.5	23.0	22.8	865.5	0.0	0.0	0.0	0.000	0.000	0.000	0.0	0.0		12:35:53:859		
000:01:02.050	867.4	23.0	22.8	867.4	0.0	0.0	0.0	0.000	0.000	0.000	0.0	0.0		12:35:53:909		
000:01:02.100	868.9	23.0	22.8	868.9	0.0	0.0	0.0	0.000	0.000	0.000	0.0	0.0		12:35:53:959		
000:01:02.150	870.5	23.0	22.8	870.5	0.0	0.0	0.0	0.000	0.000	0.000	0.0	0.0		12:35:54:009		
000:01:02.200	872.1	23.0	22.8	872.1	0.0	0.0	0.0	0.000	0.000	0.000	0.0	0.0		12:35:54:059		
000:01:02.250	873.7	23.0	22.8	873.7	0.0	0.0	0.0	0.000	0.000	0.000	0.0	0.0		12:35:54:109		
000:01:02.300	875.3	23.0	22.8	875.3	0.0	0.0	0.0	0.000	0.000	0.000	0.0	0.0		12:35:54:159		
000:01:02.350	877.2	23.0	22.8	877.2	0.0	0.0	0.0	0.000	0.000	0.000	0.0	0.0		12:35:54:209		
000:01:02.400	879.4	23.0	22.8	879.4	0.0	0.0	0.0	0.000	0.000	0.000	0.0	0.0		12:35:54:259		
000:01:02.450	881.4	23.0	22.8	881.4	0.0	0.0	0.0	0.000	0.000	0.000	0.0	0.0		12:35:54:309		
000:01:02.500	883.1	23.0	22.8	883.1	0.0	0.0	0.0	0.000	0.000	0.000	0.0	0.0		12:35:54:359		
000:01:02.550	884.9	23.0	22.8	884.9	0.0	0.0	0.0	0.000	0.000	0.000	0.0	0.0		12:35:54:409		
000:01:02.600	886.8	23.0	22.8	886.8	0.0	0.0	0.0	0.000	0.000	0.000	0.0	0.0		12:35:54:459		
000:01:02.650	888.6	23.0	22.8	888.6	0.0	0.0	0.0	0.000	0.000	0.000	0.0	0.0		12:35:54:509		
000:01:02.700	890.4	23.0	22.8	890.4	0.0	0.0	0.0	0.000	0.000	0.000	0.0	0.0		12:35:54:559		
000:01:02.750	892.1	23.0	22.8	892.1	0.0	0.0	0.0	0.000	0.000	0.000	0.0	0.0		12:35:54:609		
000:01:02.800	894.1	23.0	22.8	894.1	0.0	0.0	0.0	0.000	0.000	0.000	0.0	0.0		12:35:54:659		
000:01:02.850	895.8	23.0	22.8	895.8	0.0	0.0	0.0	0.000	0.000	0.000	0.0	0.0		12:35:54:709		
000:01:02.900	897.3	23.0	22.8	897.3	0.0	0.0	0.0	0.000	0.000	0.000	0.0	0.0		12:35:54:759		
000:01:02.950	898.7	23.0	22.8	898.7	0.0	0.0	0.0	0.000	0.000	0.000	0.0	0.0		12:35:54:809		
000:01:03.000	900.1	23.0	22.8	900.1	0.0	0.0	0.0	0.000	0.000	0.000	0.0	0.0		12:35:54:859		
000:01:03.050	901.5	23.0	22.8	901.5	0.0	0.0	0.0	0.000	0.000	0.000	0.0	0.0		12:35:54:909		
000:01:03.100	903.0	23.0	22.8	903.0	0.0	0.0	0.0	0.000	0.000	0.000	0.0	0.0		12:35:54:959		
000:01:03.150	904.7	23.0	22.8	904.7	0.0	0.0	0.0	0.000	0.000	0.000	0.0	0.0		12:35:55:009		
000:01:03.200	906.4	23.0	22.8	906.4	0.0	0.0	0.0	0.000	0.000	0.000	0.0	0.0		12:35:55:059		
000:01:03.250	908.2	23.0	22.8	908.2	0.0	0.0	0.0	0.000	0.000	0.000	0.0	0.0		12:35:55:109		
000:01:03.300	910.0	23.0	22.8	910.0	0.0	0.0	0.0	0.000	0.000	0.000	0.0	0.0		12:35:55:159		
000:01:03.350	911.8	23.0	22.8	911.8	0.0	0.0	0.0	0.000	0.000	0.000	0.0	0.0		12:35:55:209		
000:01:03.400	913.7	23.0	22.8	913.7	0.0	0.0	0.0	0.000	0.000	0.000	0.0	0.0		12:35:55:259		
000:01:03.450	915.6	23.0	22.8	915.6	0.0	0.0	0.0	0.000	0.000	0.000	0.0	0.0		12:35:55:309		
000:01:03.500	917.5	23.0	22.8	917.5	0.0	0.0	0.0	0.000	0.000	0.000	0.0	0.0		12:35:55:359		
000:01:03.550	919.0	23.0	22.8	919.0	0.0	0.0	0.0	0.000	0.000	0.000	0.0	0.0		12:35:55:409		
000:01:03.600	920.3	23.0	22.8	920.3	0.0	0.0	0.0	0.000	0.000	0.000	0.0	0.0		12:35:55:459		
000:01:03.650	921.6	23.0	22.8	921.6	0.0	0.0	0.0	0.000	0.000	0.000	0.0	0.0		12:35:55:509		
000:01:03.700	923.0	23.0	22.8	923.0	0.0	0.0	0.0	0.000	0.000	0.000	0.0	0.0		12:35:55:559		
000:01:03.750	924.6	23.0	22.8	924.6	0.0	0.0	0.0	0.000	0.000	0.000	0.0	0.0		12:35:55:609		
000:01:03.800	926.4	23.0	22.8	926.4	0.0	0.0	0.0	0.000	0.000	0.000	0.0	0.0		12:35:55:659		
000:01:03.850	928.3	23.0	22.8	928.3	0.0	0.0	0.0	0.000	0.000	0.000	0.0	0.0		12:35:55:709		
000:01:03.900	930.1	23.0	22.8	930.1	0.0	0.0	0.0	0.000	0.000	0.000	0.0	0.0		12:35:55:759		
000:01:03.950	932.0	23.0	22.8	932.0	0.0	0.0	0.0	0.000	0.000	0.000	0.0	0.0		12:35:55:809		
000:01:04.000	934.0	23.0	22.8	934.0	0.0	0.0	0.0	0.000	0.000	0.000	0.0	0.0		12:35:55:859		
000:01:04.050	936.0	23.0	22.8	936.0	0.0	0.0	0.0	0.000	0.000	0.000	0.0	0.0		12:35:55:909		
000:01:04.100	937.7	23.0	22.8	937.7	0.0	0.0	0.0	0.000	0.000	0.000	0.0	0.0		12:35:55:959		
000:01:04.150	939.0	23.0	22.8	939.0	0.0	0.0	0.0	0.000	0.000	0.000	0.0	0.0		12:35:56:009		
000:01:04.200	940.3	23.0	22.8	940.3	0.0	0.0	0.0	0.000	0.000	0.000	0.0	0.0		12:35:56:059		
000:01:04.250	941.9	23.0	22.8	941.9	0.0	0.0	0.0	0.000	0.000	0.000	0.0	0.0		12:35:56:109		
000:01:04.300	943.7	23.0	22.8	943.7	0.0	0.0	0.0	0.000	0.000	0.000	0.0	0.0		12:35:56:159		
000:01:04.350	945.5	23.0	22.8	945.5	0.0	0.0	0.0	0.000	0.000	0.000	0.0	0.0		12:35:56:209		
000:01:04.400	947.4	23.0	22.8	947.4	0.0	0.0	0.0	0.000	0.000	0.000	0.0	0.0		12:35:56:259		
000:01:04.450	949.3	23.0	22.8	949.3	0.0	0.0	0.0	0.000	0.000	0.000	0.0	0.0		12:35:56:309		
000:01:04.500	951.2	23.0	22.8	951.2	0.0	0.0	0.0	0.000	0.000	0.000	0.0	0.0		12:35:56:359		
000:01:04.550	953.0	23.0	22.8	953.0	0.0	0.0	0.0	0.000	0.000	0.000	0.0	0.0		12:35:56:409		
000:01:04.600	954.3	23.0	22.8	954.3	0.0	0.0	0.0	0.000	0.000	0.000	0.0	0.0		12:35:56:459		
000:01:04.650	955.5	23.0	22.8	955.5	0.0	0.0	0.0	0.000	0.000	0.000	0.0	0.0		12:35:56:509		
000:01:04.700	956.9	23.0	22.8	956.9	0.0	0.0	0.0	0.000	0.000	0.000	0.0	0.0		12:35:56:559		
000:01:04.750	958.4	23.0	22.8	958.4	0.0	0.0	0.0	0.000	0.000	0.000	0.0	0.0		12:35:56:609		
000:01:04.800	959.9	23.0	22.8	959.9	0.0	0.0	0.0	0.000	0.000	0.000	0.0	0.0		12:35:56:659		
000:01:04.850	961.3	23.0	22.8	961.3	0.0	0.0	0.0	0.000	0.000	0.000	0.0	0.0		12:35:56:709		
000:01:04.900	962.8	23.0	22.8	962.8	0.0	0.0	0.0	0.000	0.000	0.000	0.0	0.0		12:35:56:759		
000:01:04.950	964.1	23.0	22.8	964.1	0.0	0.0	0.0	0.000	0.000	0.000	0.0	0.0		12:35:56:809		
000:01:05.000	965.4	23.0	22.8	965.4	0.0	0.0	0.0	0.000	0.000	0.000	0.0	0.0		12:35:56:859		
000:01:05.050	966.7	23.0	22.8	966.7	0.0	0.0	0.0	0.000	0.000	0.000	0.0	0.0		12:35:56:909		
000:01:05.100	967.7	23.0	22.8	967.7	0.0	0.0	0.0	0.000	0.000	0.000	0.0	0.0		12:35:56:959		
000:01:05.150	968.5	23.0	22.8	968.5	0.0	0.0	0.0	0.000	0.000	0.000	0.0	0.0		12:35:57:009		
000:01:05.200	969.3	23.0	22.8	969.3	0.0	0.0	0.0	0.000	0.000	0.000	0.0	0.0		12:35:57:059		
000:01:05.250	970.3	23.0	22.8	970.3	0.0	0.0	0.0	0.000	0.000	0.000	0.0	0.0		12:35:57:109		
000:01:05.300	971.5	23.0	22.8	971.5	0.0	0.0	0.0	0.000	0.000	0.000	0.0	0.0		12:35:57:159		
000:01:05.350	972.7	23.0	22.8	972.7	0.0	0.0	0.0	0.000	0.000	0.000	0.0	0.0		12:35:57:209		
000:01:05.400	973.9	23.0	22.8	973.9	0.0	0.0	0.0	0.000	0.000	0.000	0.0	0.0		12:35:57:259		
000:01:05.450	975.1	23.0	22.8	975.1	0.0	0.0	0.0	0.000	0.000	0.000	0.0	0.0		12:35:57:309		
000:01:05.500	976.3	23.0	22.8	976.3	0.0	0.0	0.0	0.000	0.000	0.000	0.0	0.0		12:35:57:359		
000:01:05.550	977.4	23.0	22.8	977.4	0.0	0.0	0.0	0.000	0.000	0.000	0.0	0.0		12:35:57:409		
000:01:05.600	978.4	23.0	22.8	978.4	0.0	0.0	0.0	0.000	0.000	0.000	0.0	0.0		12:35:57:459		
000:01:05.650	979.4	23.0	22.8	979.4	0.0	0.0	0.0	0.000	0.000	0.000	0.0	0.0		12:35:57:509		
000:01:05.700	980.3	23.0	22.8	980.3	0.0	0.0	0.0	0.000	0.000	0.000	0.0	0.0		12:35:57:559		
000:01:05.750	981.0	23.0	22.8	981.0	0.0	0.0	0.0	0.000	0.000	0.000	0.0	0.0		12:35:57:609		
000:01:05.800	981.6	23.0	22.8	981.6	0.0	0.0	0.0	0.000	0.000	0.000	0.0	0.0		12:35:57:659		
000:01:05.850	982.2	23.0	22.8	982.2	0.0	0.0	0.0	0.000	0.000	0.000	0.0	0.0		12:35:57:709		
000:01:05.900	983.1	23.0	22.8	983.1	0.0	0.0	0.0	0.000	0.000	0.000	0.0	0.0		12:35:57:759		
000:01:05.950	984.1	23.0	22.8	984.1	0.0	0.0	0.0	0.000	0.000	0.000	0.0	0.0		12:35:57:809		
000:01:06.000	985.0	23.0	22.8	985.0	0.0	0.0	0.0	0.000	0.000	0.000	0.0	0.0		12:35:57:859		
000:01:06.050	985.9	23.0	22.8	985.9	0.0	0.0	0.0	0.000	0.000	0.000	0.0	0.0		12:35:57:909		
000:01:06.100	986.8	23.0	22.8	986.8	0.0	0.0	0.0	0.000	0.000	0.000	0.0	0.0		12:35:57:959		
000:01:06.150	987.8	23.0	22.8	987.8	0.0	0.0	0.0	0.000	0.000	0.000	0.0	0.0		12:35:58:009		
000:01:06.200	988.7	23.0	22.8	988.7	0.0	0.0	0.0	0.000	0.000	0.000	0.0	0.0		12:35:58:059		
000:01:06.250	989.6	23.0	22.8	989.6	0.0	0.0	0.0	0.000	0.000	0.000	0.0	0.0		12:35:58:109		
000:01:06.300	990.5	23.0	22.8	990.5	0.0	0.0	0.0	0.000	0.000	0.000	0.0	0.0		12:35:58:159		
000:01:06.350	991.3	23.0	22.8	991.3	0.0	0.0	0.0	0.000	0.000	0.000	0.0	0.0		12:35:58:209		
000:01:06.400	992.0	23.0	22.8	992.0	0.0	0.0	0.0	0.000	0.000	0.000	0.0	0.0		12:35:58:259		
000:01:06.450	992.5	23.0	22.8	992.5	0.0	0.0	0.0	0.000	0.000	0.000	0.0	0.0		12:35:58:309		
000:01:06.500	993.0	23.0	22.8	993.0	0.0	0.0	0.0	0.000	0.000	0.000	0.0	0.0		12:35:58:359		
000:01:06.550	993.6	23.0	22.8	993.6	0.0	0.0	0.0	0.000	0.000	0.000	0.0	0.0		12:35:58:409		
000:01:06.600	994.3	23.0	22.8	994.3	0.0	0.0	0.0	0.000	0.000	0.000	0.0	0.0		12:35:58:459		
000:01:06.650	995.1	23.0	22.8	995.1	0.0	0.0	0.0	0.000	0.000	0.000	0.0	0.0		12:35:58:509		
000:01:06.700	995.8	23.0	22.8	995.8	0.0	0.0	0.0	0.000	0.000	0.000	0.0	0.0		12:35:58:559		
000:01:06.750	996.6	23.0	22.8	996.6	0.0	0.0	0.0	0.000	0.000	0.000	0.0	0.0		12:35:58:609		
000:01:06.800	997.4	23.0	22.8	997.4	0.0	0.0	0.0	0.000	0.000	0.000	0.0	0.0		12:35:58:659		
000:01:06.850	998.1	23.0	22.8	998.1	0.0	0.0	0.0	0.000	0.000	0.000	0.0	0.0		12:35:58:709		
000:01:06.900	998.7	23.0	22.8	998.7	0.0	0.0	0.0	0.000	0.000	0.000	0.0	0.0		12:35:58:759		
000:01:06.950	999.4	23.0	22.8	999.4	0.0	0.0	0.0	0.000	0.000	0.000	0.0	0.0		12:35:58:809		
000:01:07.000	1000.0	23.0	22.8	1000.0	0.0	0.0	0.0	0.000	0.000	0.000	0.0	0.0		12:35:58:859		
000:01:07.050	1000.6	23.0	22.8	1000.6	0.0	0.0	0.0	0.000	0.000	0.000	0.0	0.0		12:35:58:909		
000:01:07.100	1001.3	23.0	22.8	1001.3	0.0	0.0	0.0	0.000	0.000	0.000	0.0	0.0		12:35:58:959		
000:01:07.150	1001.9	23.0	22.8	1001.9	0.0	0.0	0.0	0.000	0.000	0.000	0.0	0.0		12:35:59:009		
000:01:07.200	1002.5	23.0	22.8	1002.5	0.0	0.0	0.0	0.000	0.000	0.000	0.0	0.0		12:35:59:059		
000:01:07.250	1002.9	23.0	22.8	1002.9	0.0	0.0	0.0	0.000	0.000	0.000	0.0	0.0		12:35:59:109		
000:01:07.300	1003.2	23.0	22.8	1003.2	0.0	0.0	0.0	0.000	0.000	0.000	0.0	0.0		12:35:59:159		
000:01:07.350	1003.6	23.0	22.8	1003.6	0.0	0.0	0.0	0.000	0.000	0.000	0.0	0.0		12:35:59:209		
000:01:07.400	1004.1	23.0	22.8	1004.1	0.0	0.0	0.0	0.000	0.000	0.000	0.0	0.0		12:35:59:259		
000:01:07.450	1004.7	23.0	22.8	1004.7	0.0	0.0	0.0	0.000	0.000	0.000	0.0	0.0		12:35:59:309		
000:01:07.500	1005.3	23.0	22.8	1005.3	0.0	0.0	0.0	0.000	0.000	0.000	0.0	0.0		12:35:59:359		
000:01:07.550	1005.8	23.0	22.8	1005.8	0.0	0.0	0.0	0.000	0.000	0.000	0.0	0.0		12:35:59:409		
000:01:07.600	1006.4	23.0	22.8	1006.4	0.0	0.0	0.0	0.000	0.000	0.000	0.0	0.0		12:35:59:459		
000:01:07.650	1007.0	23.0	22.8	1007.0	0.0	0.0	0.0	0.000	0.000	0.000	0.0	0.0		12:35:59:509		
000:01:07.700	1007.6	23.0	22.8	1007.6	0.0	0.0	0.0	0.000	0.000	0.000	0.0	0.0		12:35:59:559		
000:01:07.750	1008.1	23.0	22.8	1008.1	0.0	0.0	0.0	0.000	0.000	0.000	0.0	0.0		12:35:59:609		
000:01:07.800	1008.6	23.0	22.8	1008.6	0.0	0.0	0.0	0.000	0.000	0.000	0.0	0.0		12:35:59:659		
000:01:07.850	1009.2	23.0	22.8	1009.2	0.0	0.0	0.0	0.000	0.000	0.000	0.0	0.0		12:35:59:709		
000:01:07.900	1009.7	23.0	22.8	1009.7	0.0	0.0	0.0	0.000	0.000	0.000	0.0	0.0		12:35:59:759		
000:01:07.950	1010.2	23.0	22.8	1010.2	0.0	0.0	0.0	0.000	0.000	0.000	0.0	0.0		12:35:59:809		
000:01:08.000	1010.7	23.0	22.8	1010.7	0.0	0.0	0.0	0.000	0.000	0.000	0.0	0.0		12:35:59:859		
000:01:08.050	1011.2	23.0	22.8	1011.2	0.0	0.0	0.0	0.000	0.000	0.000	0.0	0.0		12:35:59:909		
000:01:08.100	1011.7	23.0	22.8	1011.7	0.0	0.0	0.0	0.000	0.000	0.000	0.0	0.0		12:35:59:959		
000:01:08.150	1012.1	23.0	22.8	1012.1	0.0	0.0	0.0	0.000	0.000	0.000	0.0	0.0		12:36:00:009		
000:01:08.200	1012.5	23.0	22.8	1012.5	0.0	0.0	0.0	0.000	0.000	0.000	0.0	0.0		12:36:00:059		
000:01:08.250	1012.7	23.0	22.8	1012.7	0.0	0.0	0.0	0.000	0.000	0.000	0.0	0.0		12:36:00:109		
000:01:08.300	1013.0	23.0	22.8	1013.0	0.0	0.0	0.0	0.000	0.000	0.000	0.0	0.0		12:36:00:159		
000:01:08.350	1013.2	23.0	22.8	1013.2	0.0	0.0	0.0	0.000	0.000	0.000	0.0	0.0		12:36:00:209		
000:01:08.400	1013.4	23.0	22.8	1013.4	0.0	0.0	0.0	0.000	0.000	0.000	0.0	0.0		12:36:00:259		
000:01:08.450	1013.9	23.0	22.8	1013.9	0.0	0.0	0.0	0.000	0.000	0.000	0.0	0.0		12:36:00:309		
000:01:08.500	1014.2	23.0	22.8	1014.2	0.0	0.0	0.0	0.000	0.000	0.000	0.0	0.0		12:36:00:359		
000:01:08.550	1014.7	23.0	22.8	1014.7	0.0	0.0	0.0	0.000	0.000	0.000	0.0	0.0		12:36:00:409		
000:01:08.600	1015.0	23.0	22.8	1015.0	0.0	0.0	0.0	0.000	0.000	0.000	0.0	0.0		12:36:00:459		
000:01:08.650	1015.3	23.0	22.8	1015.3	0.0	0.0	0.0	0.000	0.000	0.000	0.0	0.0		12:36:00:509		
000:01:08.700	1015.6	23.0	22.8	1015.6	0.0	0.0	0.0	0.000	0.000	0.000	0.0	0.0		12:36:00:559		
000:01:08.750	1015.9	23.0	22.8	1015.9	0.0	0.0	0.0	0.000	0.000	0.000	0.0	0.0		12:36:00:609		
000:01:08.800	1016.3	23.0	22.8	1016.3	0.0	0.0	0.0	0.000	0.000	0.000	0.0	0.0		12:36:00:659		
000:01:08.850	1016.5	23.0	22.8	1016.5	0.0	0.0	0.0	0.000	0.000	0.000	0.0	0.0		12:36:00:709		
000:01:08.900	1016.8	23.0	22.8	1016.8	0.0	0.0	0.0	0.000	0.000	0.000	0.0	0.0		12:36:00:759		
000:01:08.950	1017.1	23.0	22.8	1017.1	0.0	0.0	0.0	0.000	0.000	0.000	0.0	0.0		12:36:00:809		
000:01:09.000	1017.3	23.0	22.8	1017.3	0.0	0.0	0.0	0.000	0.000	0.000	0.0	0.0		12:36:00:859		
000:01:09.050	1017.5	23.0	22.8	1017.5	0.0	0.0	0.0	0.000	0.000	0.000	0.0	0.0		12:36:00:909		
000:01:09.100	1017.7	23.0	22.8	1017.7	0.0	0.0	0.0	0.000	0.000	0.000	0.0	0.0		12:36:00:959		
000:01:09.150	1018.0	23.0	22.8	1018.0	0.0	0.0	0.0	0.000	0.000	0.000	0.0	0.0		12:36:01:009		
000:01:09.200	1018.2	23.0	22.8	1018.2	0.0	0.0	0.0	0.000	0.000	0.000	0.0	0.0		12:36:01:059		
000:01:09.250	1018.4	23.0	22.8	1018.4	0.0	0.0	0.0	0.000	0.000	0.000	0.0	0.0		12:36:01:109		
000:01:09.300	1018.6	23.0	22.8	1018.6	0.0	0.0	0.0	0.000	0.000	0.000	0.0	0.0		12:36:01:159		
000:01:09.350	1018.7	23.0	22.8	1018.7	0.0	0.0	0.0	0.000	0.000	0.000	0.0	0.0		12:36:01:209		
000:01:09.400	1018.9	23.0	22.8	1018.9	0.0	0.0	0.0	0.000	0.000	0.000	0.0	0.0		12:36:01:259		
000:01:09.450	1019.1	23.0	22.8	1019.1	0.0	0.0	0.0	0.000	0.000	0.000	0.0	0.0		12:36:01:309		
000:01:09.500	1019.3	23.0	22.8	1019.3	0.0	0.0	0.0	0.000	0.000	0.000	0.0	0.0		12:36:01:359		
000:01:09.550	1019.4	23.0	22.8	1019.4	0.0	0.0	0.0	0.000	0.000	0.000	0.0	0.0		12:36:01:409		
000:01:09.600	1019.5	23.0	22.8	1019.5	0.0	0.0	0.0	0.000	0.000	0.000	0.0	0.0		12:36:01:459		
000:01:09.650	1019.6	23.0	22.8	1019.6	0.0	0.0	0.0	0.000	0.000	0.000	0.0	0.0		12:36:01:509		
000:01:09.700	1019.7	23.0	22.8	1019.7	0.0	0.0	0.0	0.000	0.000	0.000	0.0	0.0		12:36:01:559		
000:01:09.750	1019.8	23.0	22.8	1019.8	0.0	0.0	0.0	0.000	0.000	0.000	0.0	0.0		12:36:01:609		
000:01:09.800	1019.8	23.0	22.8	1019.8	0.0	0.0	0.0	0.000	0.000	0.000	0.0	0.0		12:36:01:659		
000:01:09.850	1019.8	23.0	22.8	1019.8	0.0	0.0	0.0	0.000	0.000	0.000	0.0	0.0		12:36:01:709		
000:01:09.900	1019.8	23.0	22.8	1019.8	0.0	0.0	0.0	0.000	0.000	0.000	0.0	0.0		12:36:01:759		
000:01:09.950	1019.8	23.0	22.8	1019.8	0.0	0.0	0.0	0.000	0.000	0.000	0.0	0.0		12:36:01:809		
000:01:10.000	1019.9	23.0	22.8	1019.9	0.0	0.0	0.0	0.000	0.000	0.000	0.0	0.0		12:36:01:859		
000:01:10.050	1019.9	23.0	22.8	1019.9	0.0	0.0	0.0	0.000	0.000	0.000	0.0	0.0		12:36:01:909		
000:01:10.100	1019.9	23.0	22.8	1019.9	0.0	0.0	0.0	0.000	0.000	0.000	0.0	0.0		12:36:01:959		
000:01:10.150	1019.9	23.0	22.8	1019.9	0.0	0.0	0.0	0.000	0.000	0.000	0.0	0.0		12:36:02:009		
000:01:10.200	1019.9	23.0	22.8	1019.9	0.0	0.0	0.0	0.000	0.000	0.000	0.0	0.0		12:36:02:059		
000:01:10.250	1019.9	23.0	22.8	1019.9	0.0	0.0	0.0	0.000	0.000	0.000	0.0	0.0		12:36:02:109		
000:01:10.300	1020.0	23.0	22.8	1020.0	0.0	0.0	0.0	0.000	0.000	0.000	0.0	0.0		12:36:02:159		
000:01:10.350	1020.0	23.0	22.8	1020.0	0.0	0.0	0.0	0.000	0.000	0.000	0.0	0.0		12:36:02:209		
000:01:10.400	1020.1	23.0	22.8	1020.1	0.0	0.0	0.0	0.000	0.000	0.000	0.0	0.0		12:36:02:259		
000:01:10.450	1020.1	23.0	22.8	1020.1	0.0	0.0	0.0	0.000	0.000	0.000	0.0	0.0		12:36:02:309		
000:01:10.500	1020.2	23.0	22.8	1020.2	0.0	0.0	0.0	0.000	0.000	0.000	0.0	0.0		12:36:02:359		
000:01:10.550	1020.2	23.0	22.8	1020.2	0.0	0.0	0.0	0.000	0.000	0.000	0.0	0.0		12:36:02:409		
000:01:10.600	1020.2	23.0	22.8	1020.2	0.0	0.0	0.0	0.000	0.000	0.000	0.0	0.0		12:36:02:459		
000:01:10.650	1020.2	23.0	22.8	1020.2	0.0	0.0	0.0	0.000	0.000	0.000	0.0	0.0		12:36:02:509		
000:01:10.700	1020.3	23.0	22.8	1020.3	0.0	0.0	0.0	0.000	0.000	0.000	0.0	0.0		12:36:02:559		
000:01:10.750	1020.3	23.0	22.8	1020.3	0.0	0.0	0.0	0.000	0.000	0.000	0.0	0.0		12:36:02:609		
000:01:10.800	1020.4	23.0	22.8	1020.4	0.0	0.0	0.0	0.000	0.000	0.000	0.0	0.0		12:36:02:659		
000:01:10.850	1020.4	23.0	22.8	1020.4	0.0	0.0	0.0	0.000	0.000	0.000	0.0	0.0		12:36:02:709		
000:01:10.900	1020.4	23.0	22.8	1020.4	0.0	0.0	0.0	0.000	0.000	0.000	0.0	0.0		12:36:02:759		
000:01:10.950	1020.4	23.0	22.8	1020.4	0.0	0.0	0.0	0.000	0.000	0.000	0.0	0.0		12:36:02:809		
000:01:11.000	1020.5	23.0	22.8	1020.5	0.0	0.0	0.0	0.000	0.000	0.000	0.0	0.0		12:36:02:859		
000:01:11.050	1020.6	23.0	22.8	1020.6	0.0	0.0	0.0	0.000	0.000	0.000	0.0	0.0		12:36:02:909		
000:01:11.100	1020.7	23.0	22.8	1020.7	0.0	0.0	0.0	0.000	0.000	0.000	0.0	0.0		12:36:02:959		
000:01:11.150	1020.7	23.0	22.8	1020.7	0.0	0.0	0.0	0.000	0.000	0.000	0.0	0.0		12:36:03:009		
000:01:11.200	1020.8	23.0	22.8	1020.8	0.0	0.0	0.0	0.000	0.000	0.000	0.0	0.0		12:36:03:059		
000:01:11.250	1020.8	23.0	22.8	1020.8	0.0	0.0	0.0	0.000	0.000	0.000	0.0	0.0		12:36:03:109		
000:01:11.300	1020.8	23.0	22.8	1020.8	0.0	0.0	0.0	0.000	0.000	0.000	0.0	0.0		12:36:03:159		
000:01:11.350	1020.9	23.0	22.8	1020.9	0.0	0.0	0.0	0.000	0.000	0.000	0.0	0.0		12:36:03:209		
000:01:11.400	1020.9	23.0	22.8	1020.9	0.0	0.0	0.0	0.000	0.000	0.000	0.0	0.0		12:36:03:259		
000:01:11.450	1020.9	23.0	22.8	1020.9	0.0	0.0	0.0	0.000	0.000	0.000	0.0	0.0		12:36:03:309		
000:01:11.500	1021.0	23.0	22.8	1021.0	0.0	0.0	0.0	0.000	0.000	0.000	0.0	0.0		12:36:03:359		
000:01:11.550	1021.1	23.0	22.8	1021.1	0.0	0.0	0.0	0.000	0.000	0.000	0.0	0.0		12:36:03:409		
000:01:11.600	1021.2	23.0	22.8	1021.2	0.0	0.0	0.0	0.000	0.000	0.000	0.0	0.0		12:36:03:459		
000:01:11.650	1021.3	23.0	22.8	1021.3	0.0	0.0	0.0	0.000	0.000	0.000	0.0	0.0		12:36:03:509		
000:01:11.700	1021.4	23.0	22.8	1021.4	0.0	0.0	0.0	0.000	0.000	0.000	0.0	0.0		12:36:03:559		
000:01:11.750	1021.4	23.0	22.8	1021.4	0.0	0.0	0.0	0.000	0.000	0.000	0.0	0.0		12:36:03:609		
000:01:11.800	1021.5	23.0	22.8	1021.5	0.0	0.0	0.0	0.000	0.000	0.000	0.0	0.0		12:36:03:659		
000:01:11.850	1021.7	23.0	22.8	1021.7	0.0	0.0	0.0	0.000	0.000	0.000	0.0	0.0		12:36:03:709		
000:01:11.900	1021.8	23.0	22.8	1021.8	0.0	0.0	0.0	0.000	0.000	0.000	0.0	0.0		12:36:03:759		
000:01:11.950	1022.0	23.0	22.8	1022.0	0.0	0.0	0.0	0.000	0.000	0.000	0.0	0.0		12:36:03:809		
000:01:12.000	1022.0	23.0	22.8	1022.0	0.0	0.0	0.0	0.000	0.000	0.000	0.0	0.0		12:36:03:859		
000:01:12.050	1022.1	23.0	22.8	1022.1	0.0	0.0	0.0	0.000	0.000	0.000	0.0	0.0		12:36:03:909		
000:01:12.100	1022.4	23.0	22.8	1022.4	0.0	0.0	0.0	0.000	0.000	0.000	0.0	0.0		12:36:03:959		
000:01:12.150	1022.4	23.0	22.8	1022.4	0.0	0.0	0.0	0.000	0.000	0.000	0.0	0.0		12:36:04:009		
000:01:12.200	1022.6	23.0	22.8	1022.6	0.0	0.0	0.0	0.000	0.000	0.000	0.0	0.0		12:36:04:059		
000:01:12.250	1022.6	23.0	22.8	1022.6	0.0	0.0	0.0	0.000	0.000	0.000	0.0	0.0		12:36:04:109		
000:01:12.300	1022.7	23.0	22.8	1022.7	0.0	0.0	0.0	0.000	0.000	0.000	0.0	0.0		12:36:04:159		
000:01:12.350	1022.8	23.0	22.8	1022.8	0.0	0.0	0.0	0.000	0.000	0.000	0.0	0.0		12:36:04:209		
000:01:12.400	1022.8	23.0	22.8	1022.8	0.0	0.0	0.0	0.000	0.000	0.000	0.0	0.0		12:36:04:259		
000:01:12.450	1022.9	23.0	22.8	1022.9	0.0	0.0	0.0	0.000	0.000	0.000	0.0	0.0		12:36:04:309		
000:01:12.500	1022.9	23.0	22.8	1022.9	0.0	0.0	0.0	0.000	0.000	0.000	0.0	0.0		12:36:04:359		
000:01:12.550	1022.9	23.0	22.8	1022.9	0.0	0.0	0.0	0.000	0.000	0.000	0.0	0.0		12:36:04:409		
000:01:12.600	1023.0	23.0	22.8	1023.0	0.0	0.0	0.0	0.000	0.000	0.000	0.0	0.0		12:36:04:459		
000:01:12.650	1023.1	23.0	22.8	1023.1	0.0	0.0	0.0	0.000	0.000	0.000	0.0	0.0		12:36:04:509		
000:01:12.700	1023.1	23.0	22.8	1023.1	0.0	0.0	0.0	0.000	0.000	0.000	0.0	0.0		12:36:04:559		
000:01:12.750	1023.3	23.0	22.8	1023.3	0.0	0.0	0.0	0.000	0.000	0.000	0.0	0.0		12:36:04:609		
000:01:12.800	1023.4	23.0	22.8	1023.4	0.0	0.0	0.0	0.000	0.000	0.000	0.0	0.0		12:36:04:659		
000:01:12.850	1023.4	23.0	22.8	1023.4	0.0	0.0	0.0	0.000	0.000	0.000	0.0	0.0		12:36:04:709		
000:01:12.900	1023.5	23.0	22.8	1023.5	0.0	0.0	0.0	0.000	0.000	0.000	0.0	0.0		12:36:04:759		
000:01:12.950	1023.7	23.0	22.8	1023.7	0.0	0.0	0.0	0.000	0.000	0.000	0.0	0.0		12:36:04:809		
000:01:13.000	1023.8	23.0	22.8	1023.8	0.0	0.0	0.0	0.000	0.000	0.000	0.0	0.0		12:36:04:859		
000:01:13.050	1024.0	23.0	22.8	1024.0	0.0	0.0	0.0	0.000	0.000	0.000	0.0	0.0		12:36:04:909		
000:01:13.100	1024.1	23.0	22.8	1024.1	0.0	0.0	0.0	0.000	0.000	0.000	0.0	0.0		12:36:04:959		
000:01:13.150	1024.2	23.0	22.8	1024.2	0.0	0.0	0.0	0.000	0.000	0.000	0.0	0.0		12:36:05:009		
000:01:13.200	1024.4	23.0	22.8	1024.4	0.0	0.0	0.0	0.000	0.000	0.000	0.0	0.0		12:36:05:059		
000:01:13.250	1024.5	23.0	22.8	1024.5	0.0	0.0	0.0	0.000	0.000	0.000	0.0	0.0		12:36:05:109		
000:01:13.300	1024.6	23.0	22.8	1024.6	0.0	0.0	0.0	0.000	0.000	0.000	0.0	0.0		12:36:05:159		
000:01:13.350	1024.7	23.0	22.8	1024.7	0.0	0.0	0.0	0.000	0.000	0.000	0.0	0.0		12:36:05:209		
000:01:13.400	1024.7	23.0	22.8	1024.7	0.0	0.0	0.0	0.000	0.000	0.000	0.0	0.0		12:36:05:259		
000:01:13.450	1024.8	23.0	22.8	1024.8	0.0	0.0	0.0	0.000	0.000	0.000	0.0	0.0		12:36:05:309		
000:01:13.500	1024.9	23.0	22.8	1024.9	0.0	0.0	0.0	0.000	0.000	0.000	0.0	0.0		12:36:05:359		
000:01:13.550	1025.0	23.0	22.8	1025.0	0.0	0.0	0.0	0.000	0.000	0.000	0.0	0.0		12:36:05:409		
000:01:13.600	1025.3	23.0	22.8	1025.3	0.0	0.0	0.0	0.000	0.000	0.000	0.0	0.0		12:36:05:459		
000:01:13.650	1025.6	23.0	22.8	1025.6	0.0	0.0	0.0	0.000	0.000	0.000	0.0	0.0		12:36:05:509		
000:01:13.700	1025.9	23.0	22.8	1025.9	0.0	0.0	0.0	0.000	0.000	0.000	0.0	0.0		12:36:05:559		
000:01:13.750	1026.2	23.0	22.8	1026.2	0.0	0.0	0.0	0.000	0.000	0.000	0.0	0.0		12:36:05:609		
000:01:13.800	1026.5	23.0	22.8	1026.5	0.0	0.0	0.0	0.000	0.000	0.000	0.0	0.0		12:36:05:659		
000:01:13.850	1026.8	23.0	22.8	1026.8	0.0	0.0	0.0	0.000	0.000	0.000	0.0	0.0		12:36:05:709		
000:01:13.900	1027.0	23.0	22.8	1027.0	0.0	0.0	0.0	0.000	0.000	0.000	0.0	0.0		12:36:05:759		
000:01:13.950	1027.3	23.0	22.8	1027.3	0.0	0.0	0.0	0.000	0.000	0.000	0.0	0.0		12:36:05:809		
000:01:14.000	1027.5	23.0	22.8	1027.5	0.0	0.0	0.0	0.000	0.000	0.000	0.0	0.0		12:36:05:859		
000:01:14.050	1027.7	23.0	22.8	1027.7	0.0	0.0	0.0	0.000	0.000	0.000	0.0	0.0		12:36:05:909		
000:01:14.100	1028.1	23.0	22.8	1028.1	0.0	0.0	0.0	0.000	0.000	0.000	0.0	0.0		12:36:05:959		
000:01:14.150	1028.3	23.0	22.8	1028.3	0.0	0.0	0.0	0.000	0.000	0.000	0.0	0.0		12:36:06:009		
000:01:14.200	1028.5	23.0	22.8	1028.5	0.0	0.0	0.0	0.000	0.000	0.000	0.0	0.0		12:36:06:059		
000:01:14.250	1028.7	23.0	22.8	1028.7	0.0	0.0	0.0	0.000	0.000	0.000	0.0	0.0		12:36:06:109		
000:01:14.300	1028.9	23.0	22.8	1028.9	0.0	0.0	0.0	0.000	0.000	0.000	0.0	0.0		12:36:06:159		
000:01:14.350	1029.2	23.0	22.8	1029.2	0.0	0.0	0.0	0.000	0.000	0.000	0.0	0.0		12:36:06:209		
000:01:14.400	1029.5	23.1	22.8	1029.5	0.0	0.0	0.0	0.000	0.000	0.000	0.0	0.0		12:36:06:259		
000:01:14.450	1029.7	23.1	22.8	1029.7	0.0	0.0	0.0	0.000	0.000	0.000	0.0	0.0		12:36:06:309		
000:01:14.500	1029.9	23.1	22.8	1029.9	0.0	0.0	0.0	0.000	0.000	0.000	0.0	0.0		12:36:06:359		
000:01:14.550	1030.2	23.1	22.8	1030.2	0.0	0.0	0.0	0.000	0.000	0.000	0.0	0.0		12:36:06:409		
000:01:14.600	1030.4	23.1	22.8	1030.4	0.0	0.0	0.0	0.000	0.000	0.000	0.0	0.0		12:36:06:459		
000:01:14.650	1030.8	23.1	22.8	1030.8	0.0	0.0	0.0	0.000	0.000	0.000	0.0	0.0		12:36:06:509		
000:01:14.700	1031.3	23.1	22.8	1031.3	0.0	0.0	0.0	0.000	0.000	0.000	0.0	0.0		12:36:06:559		
000:01:14.750	1031.4	23.1	22.8	1031.4	0.0	0.0	0.0	0.000	0.000	0.000	0.0	0.0		12:36:06:609		
000:01:14.800	1031.8	23.1	22.8	1031.8	0.0	0.0	0.0	0.000	0.000	0.000	0.0	0.0		12:36:06:659		
000:01:14.850	1032.1	23.1	22.8	1032.1	0.0	0.0	0.0	0.000	0.000	0.000	0.0	0.0		12:36:06:709		
000:01:14.900	1032.4	23.1	22.8	1032.4	0.0	0.0	0.0	0.000	0.000	0.000	0.0	0.0		12:36:06:759		
000:01:14.950	1032.8	23.1	22.8	1032.8	0.0	0.0	0.0	0.000	0.000	0.000	0.0	0.0		12:36:06:809		
000:01:15.000	1033.1	23.1	22.8	1033.1	0.0	0.0	0.0	0.000	0.000	0.000	0.0	0.0		12:36:06:859		
000:01:15.050	1033.3	23.1	22.8	1033.3	0.0	0.0	0.0	0.000	0.000	0.000	0.0	0.0		12:36:06:909		
000:01:15.100	1033.5	23.1	22.8	1033.5	0.0	0.0	0.0	0.000	0.000	0.000	0.0	0.0		12:36:06:959		
000:01:15.150	1034.1	23.1	22.8	1034.1	0.0	0.0	0.0	0.000	0.000	0.000	0.0	0.0		12:36:07:009		
000:01:15.200	1034.2	23.1	22.8	1034.2	0.0	0.0	0.0	0.000	0.000	0.000	0.0	0.0		12:36:07:059		
000:01:15.250	1034.6	23.1	22.8	1034.6	0.0	0.0	0.0	0.000	0.000	0.000	0.0	0.0		12:36:07:109		
000:01:15.300	1035.9	23.1	22.8	1035.9	0.0	0.0	0.0	0.000	0.000	0.000	0.0	0.0		12:36:07:159		
000:01:15.350	1036.9	23.1	22.8	1036.9	0.0	0.0	0.0	0.000	0.000	0.000	0.0	0.0		12:36:07:209		
000:01:15.400	1037.3	23.1	22.8	1037.3	0.0	0.0	0.0	0.000	0.000	0.000	0.0	0.0		12:36:07:259		
000:01:15.450	1037.7	23.1	22.8	1037.7	0.0	0.0	0.0	0.000	0.000	0.000	0.0	0.0		12:36:07:309		
000:01:15.500	1039.0	23.1	22.8	1039.0	0.0	0.0	0.0	0.000	0.000	0.000	0.0	0.0		12:36:07:359		
000:01:15.550	1039.0	23.1	22.8	1039.0	0.0	0.0	0.0	0.000	0.000	0.000	0.0	0.0		12:36:07:409		
000:01:15.600	1039.5	23.1	22.8	1039.5	0.0	0.0	0.0	0.000	0.000	0.000	0.0	0.0		12:36:07:459		
000:01:15.650	1039.7	23.1	22.8	1039.7	0.0	0.0	0.0	0.000	0.000	0.000	0.0	0.0		12:36:07:509		
000:01:15.700	1040.2	23.1	22.8	1040.2	0.0	0.0	0.0	0.000	0.000	0.000	0.0	0.0		12:36:07:559		
000:01:15.750	1041.1	23.1	22.8	1041.1	0.0	0.0	0.0	0.000	0.000	0.000	0.0	0.0		12:36:07:609		
000:01:15.800	1041.7	23.1	22.8	1041.7	0.0	0.0	0.0	0.000	0.000	0.000	0.0	0.0		12:36:07:659		
000:01:15.850	1042.3	23.1	22.8	1042.3	0.0	0.0	0.0	0.000	0.000	0.000	0.0	0.0		12:36:07:709		
000:01:15.900	1042.8	23.1	22.8	1042.8	0.0	0.0	0.0	0.000	0.000	0.000	0.0	0.0		12:36:07:759		
000:01:15.950	1044.0	23.1	22.8	1044.0	0.0	0.0	0.0	0.000	0.000	0.000	0.0	0.0		12:36:07:809		
000:01:16.000	1044.6	23.1	22.8	1044.6	0.0	0.0	0.0	0.000	0.000	0.000	0.0	0.0		12:36:07:859		
000:01:16.050	1045.0	23.1	22.8	1045.0	0.0	0.0	0.0	0.000	0.000	0.000	0.0	0.0		12:36:07:909		
000:01:16.100	1045.8	23.1	22.8	1045.8	0.0	0.0	0.0	0.000	0.000	0.000	0.0	0.0		12:36:07:959		
000:01:16.150	1046.8	23.1	22.8	1046.8	0.0	0.0	0.0	0.000	0.000	0.000	0.0	0.0		12:36:08:009		
000:01:16.200	1048.1	23.1	22.8	1048.1	0.0	0.0	0.0	0.000	0.000	0.000	0.0	0.0		12:36:08:059		
000:01:16.250	1049.0	23.1	22.8	1049.0	0.0	0.0	0.0	0.000	0.000	0.000	0.0	0.0		12:36:08:109		
000:01:16.300	1049.8	23.1	22.8	1049.8	0.0	0.0	0.0	0.000	0.000	0.000	0.0	0.0		12:36:08:159		
000:01:16.350	1051.5	23.1	22.8	1051.5	0.0	0.0	0.0	0.000	0.000	0.000	0.0	0.0		12:36:08:209		
000:01:16.400	1052.3	23.1	22.8	1052.3	0.0	0.0	0.0	0.000	0.000	0.000	0.0	0.0		12:36:08:259		
000:01:16.450	1053.5	23.1	22.8	1053.5	0.0	0.0	0.0	0.000	0.000	0.000	0.0	0.0		12:36:08:309		
000:01:16.500	1055.9	23.1	22.8	1055.9	0.0	0.0	0.0	0.000	0.000	0.000	0.0	0.0		12:36:08:359		
000:01:16.550	1057.3	23.1	22.8	1057.3	0.0	0.0	0.0	0.000	0.000	0.000	0.0	0.0		12:36:08:409		
000:01:16.600	1058.8	23.1	22.8	1058.8	0.0	0.0	0.0	0.000	0.000	0.000	0.0	0.0		12:36:08:459		
000:01:16.650	1061.2	23.1	22.8	1061.2	0.0	0.0	0.0	0.000	0.000	0.000	0.0	0.0		12:36:08:509		
000:01:16.700	1062.7	23.1	22.8	1062.7	0.0	0.0	0.0	0.000	0.000	0.000	0.0	0.0		12:36:08:559		
000:01:16.750	1063.2	23.1	22.8	1063.2	0.0	0.0	0.0	0.000	0.000	0.000	0.0	0.0		12:36:08:609		
000:01:16.800	1065.2	23.1	22.8	1065.2	0.0	0.0	0.0	0.000	0.000	0.000	0.0	0.0		12:36:08:659		
000:01:16.850	1064.6	23.1	22.8	1064.6	0.0	0.0	0.0	0.000	0.000	0.000	0.0	0.0		12:36:08:709		
000:01:16.900	1061.2	23.1	22.8	1061.2	0.0	0.0	0.0	0.000	0.000	0.000	0.0	0.0		12:36:08:759		
000:01:16.950	1057.2	23.1	22.8	1057.2	0.0	0.0	0.0	0.000	0.000	0.000	0.0	0.0		12:36:08:809		
000:01:17.000	1057.1	23.1	22.8	1057.1	0.0	0.0	0.0	0.000	0.000	0.000	0.0	0.0		12:36:08:859		
000:01:17.050	1059.5	23.1	22.8	1059.5	0.0	0.0	0.0	0.000	0.000	0.000	0.0	0.0		12:36:08:909		
000:01:17.100	1059.5	23.1	22.8	1059.5	0.0	0.0	0.0	0.000	0.000	0.000	0.0	0.0		12:36:08:959		
000:01:17.150	1058.7	23.1	22.8	1058.7	0.0	0.0	0.0	0.000	0.000	0.000	0.0	0.0		12:36:09:009		
000:01:17.200	1057.9	23.1	22.8	1057.9	0.0	0.0	0.0	0.000	0.000	0.000	0.0	0.0		12:36:09:059		
000:01:17.250	1058.5	23.1	22.8	1058.5	0.0	0.0	0.0	0.000	0.000	0.000	0.0	0.0		12:36:09:109		
000:01:17.300	1058.3	23.1	22.8	1058.3	0.0	0.0	0.0	0.000	0.000	0.000	0.0	0.0		12:36:09:159		
000:01:17.350	1058.0	23.1	22.8	1058.0	0.0	0.0	0.0	0.000	0.000	0.000	0.0	0.0		12:36:09:209		
000:01:17.400	1058.8	23.1	22.8	1058.8	0.0	0.0	0.0	0.000	0.000	0.000	0.0	0.0		12:36:09:259		
000:01:17.450	1060.0	23.1	22.8	1060.0	0.0	0.0	0.0	0.000	0.000	0.000	0.0	0.0		12:36:09:309		
000:01:17.500	1060.3	23.1	22.8	1060.3	0.0	0.0	0.0	0.000	0.000	0.000	0.0	0.0		12:36:09:359		
000:01:17.550	1061.1	23.1	22.8	1061.1	0.0	0.0	0.0	0.000	0.000	0.000	0.0	0.0		12:36:09:409		
000:01:17.600	1062.3	23.1	22.8	1062.3	0.0	0.0	0.0	0.000	0.000	0.000	0.0	0.0		12:36:09:459		
000:01:17.650	1068.0	23.1	22.8	1068.0	0.0	0.0	0.0	0.000	0.000	0.000	0.0	0.0		12:36:09:509		
000:01:17.700	1067.6	23.1	22.8	1067.6	0.0	0.0	0.0	0.000	0.000	0.000	0.0	0.0		12:36:09:559		
000:01:17.750	1068.0	23.1	22.8	1068.0	0.0	0.0	0.0	0.000	0.000	0.000	0.0	0.0		12:36:09:609		
000:01:17.800	1069.7	23.1	22.8	1069.7	0.0	0.0	0.0	0.000	0.000	0.000	0.0	0.0		12:36:09:659		
000:01:17.850	1071.3	23.1	22.8	1071.3	0.0	0.0	0.0	0.000	0.000	0.000	0.0	0.0		12:36:09:709		
000:01:17.900	1072.3	23.1	22.8	1072.3	0.0	0.0	0.0	0.000	0.000	0.000	0.0	0.0		12:36:09:759		
000:01:17.950	1073.2	23.1	22.8	1073.2	0.0	0.0	0.0	0.000	0.000	0.000	0.0	0.0		12:36:09:809		
000:01:18.000	1075.5	23.1	22.8	1075.5	0.0	0.0	0.0	0.000	0.000	0.000	0.0	0.0		12:36:09:859		
000:01:18.050	1076.6	23.1	22.8	1076.6	0.0	0.0	0.0	0.000	0.000	0.000	0.0	0.0		12:36:09:909		
000:01:18.100	1078.0	23.1	22.8	1078.0	0.0	0.0	0.0	0.000	0.000	0.000	0.0	0.0		12:36:09:959		
000:01:18.150	1078.9	23.1	22.8	1078.9	0.0	0.0	0.0	0.000	0.000	0.000	0.0	0.0		12:36:10:009		
000:01:18.200	1079.7	23.1	22.8	1079.7	0.0	0.0	0.0	0.000	0.000	0.000	0.0	0.0		12:36:10:059		
000:01:18.250	1081.7	23.1	22.8	1081.7	0.0	0.0	0.0	0.000	0.000	0.000	0.0	0.0		12:36:10:109		
000:01:18.300	1083.7	23.1	22.8	1083.7	0.0	0.0	0.0	0.000	0.000	0.000	0.0	0.0		12:36:10:159		
000:01:18.350	1085.3	23.1	22.8	1085.3	0.0	0.0	0.0	0.000	0.000	0.000	0.0	0.0		12:36:10:209		
000:01:18.400	1086.2	23.1	22.8	1086.2	0.0	0.0	0.0	0.000	0.000	0.000	0.0	0.0		12:36:10:259		
000:01:18.450	1087.0	23.1	22.8	1087.0	0.0	0.0	0.0	0.000	0.000	0.000	0.0	0.0		12:36:10:309		
000:01:18.500	1088.5	23.1	22.8	1088.5	0.0	0.0	0.0	0.000	0.000	0.000	0.0	0.0		12:36:10:359		
000:01:18.550	1090.2	23.1	22.8	1090.2	0.0	0.0	0.0	0.000	0.000	0.000	0.0	0.0		12:36:10:409		
000:01:18.600	1091.8	23.1	22.8	1091.8	0.0	0.0	0.0	0.000	0.000	0.000	0.0	0.0		12:36:10:459		
000:01:18.650	1095.0	23.1	22.8	1095.0	0.0	0.0	0.0	0.000	0.000	0.000	0.0	0.0		12:36:10:509		
000:01:18.700	1096.2	23.1	22.8	1096.2	0.0	0.0	0.0	0.000	0.000	0.000	0.0	0.0		12:36:10:559		
000:01:18.750	1098.3	23.1	22.8	1098.3	0.0	0.0	0.0	0.000	0.000	0.000	0.0	0.0		12:36:10:609		
000:01:18.800	1099.6	23.1	22.8	1099.6	0.0	0.0	0.0	0.000	0.000	0.000	0.0	0.0		12:36:10:659		
000:01:18.850	1099.5	23.1	22.8	1099.5	0.0	0.0	0.0	0.000	0.000	0.000	0.0	0.0		12:36:10:709		
000:01:18.900	1099.3	23.1	22.8	1099.3	0.0	0.0	0.0	0.000	0.000	0.000	0.0	0.0		12:36:10:759		
000:01:18.950	1101.1	23.1	22.8	1101.1	0.0	0.0	0.0	0.000	0.000	0.000	0.0	0.0		12:36:10:809		
000:01:19.000	1101.5	23.1	22.8	1101.5	0.0	0.0	0.0	0.000	0.000	0.000	0.0	0.0		12:36:10:859		
000:01:19.050	1103.7	23.1	22.8	1103.7	0.0	0.0	0.0	0.000	0.000	0.000	0.0	0.0		12:36:10:909		
000:01:19.100	1105.6	23.1	22.8	1105.6	0.0	0.0	0.0	0.000	0.000	0.000	0.0	0.0		12:36:10:959		
000:01:19.150	1106.9	23.1	22.8	1106.9	0.0	0.0	0.0	0.000	0.000	0.000	0.0	0.0		12:36:11:009		
000:01:19.200	1108.2	23.1	22.8	1108.2	0.0	0.0	0.0	0.000	0.000	0.000	0.0	0.0		12:36:11:059		
000:01:19.250	1109.8	23.1	22.8	1109.8	0.0	0.0	0.0	0.000	0.000	0.000	0.0	0.0		12:36:11:109		
000:01:19.300	1113.6	23.1	22.8	1113.6	0.0	0.0	0.0	0.000	0.000	0.000	0.0	0.0		12:36:11:159		
000:01:19.350	1114.7	23.1	22.8	1114.7	0.0	0.0	0.0	0.000	0.000	0.000	0.0	0.0		12:36:11:209		
000:01:19.400	1115.7	23.1	22.8	1115.7	0.0	0.0	0.0	0.000	0.000	0.000	0.0	0.0		12:36:11:259		
000:01:19.450	1116.1	23.1	22.8	1116.1	0.0	0.0	0.0	0.000	0.000	0.000	0.0	0.0		12:36:11:309		
000:01:19.500	1118.7	23.0	22.8	1118.7	0.0	0.0	0.0	0.000	0.000	0.000	0.0	0.0		12:36:11:359		
000:01:19.550	1106.2	23.0	22.8	1106.2	0.0	0.0	0.0	0.000	0.000	0.000	0.0	0.0		12:36:11:409		
000:01:19.600	1101.6	23.0	22.8	1101.6	0.0	0.0	0.0	0.000	0.000	0.000	0.0	0.0		12:36:11:459		
000:01:19.650	1104.6	23.0	22.8	1104.6	0.0	0.0	0.0	0.000	0.000	0.000	0.0	0.0		12:36:11:509		
000:01:19.700	1106.2	23.0	22.8	1106.2	0.0	0.0	0.0	0.000	0.000	0.000	0.0	0.0		12:36:11:559		
000:01:19.750	1106.1	23.0	22.8	1106.1	0.0	0.0	0.0	0.000	0.000	0.000	0.0	0.0		12:36:11:609		
000:01:19.800	1106.0	23.0	22.8	1106.0	0.0	0.0	0.0	0.000	0.000	0.000	0.0	0.0		12:36:11:659		
000:01:19.850	1106.5	23.0	22.8	1106.5	0.0	0.0	0.0	0.000	0.000	0.000	0.0	0.0		12:36:11:709		
000:01:19.900	1109.5	23.0	22.8	1109.5	0.0	0.0	0.0	0.000	0.000	0.000	0.0	0.0		12:36:11:759		
000:01:19.950	1110.6	23.0	22.8	1110.6	0.0	0.0	0.0	0.000	0.000	0.000	0.0	0.0		12:36:11:809		
000:01:20.000	1112.5	23.0	22.8	1112.5	0.0	0.0	0.0	0.000	0.000	0.000	0.0	0.0		12:36:11:859		
000:01:20.050	1114.4	23.0	22.8	1114.4	0.0	0.0	0.0	0.000	0.000	0.000	0.0	0.0		12:36:11:909		
000:01:20.100	1117.4	23.0	22.8	1117.4	0.0	0.0	0.0	0.000	0.000	0.000	0.0	0.0		12:36:11:959		
000:01:20.150	1117.9	23.0	22.8	1117.9	0.0	0.0	0.0	0.000	0.000	0.000	0.0	0.0		12:36:12:009		
000:01:20.200	1117.2	23.0	22.8	1117.2	0.0	0.0	0.0	0.000	0.000	0.000	0.0	0.0		12:36:12:059		
000:01:20.250	1118.2	23.0	22.8	1118.2	0.0	0.0	0.0	0.000	0.000	0.000	0.0	0.0		12:36:12:109		
000:01:20.300	1116.4	23.0	22.8	1116.4	0.0	0.0	0.0	0.000	0.000	0.000	0.0	0.0		12:36:12:159		
000:01:20.350	1115.3	23.0	22.8	1115.3	0.0	0.0	0.0	0.000	0.000	0.000	0.0	0.0		12:36:12:209		
000:01:20.400	1114.7	23.0	22.8	1114.7	0.0	0.0	0.0	0.000	0.000	0.000	0.0	0.0		12:36:12:259		
000:01:20.450	1115.7	23.0	22.8	1115.7	0.0	0.0	0.0	0.000	0.000	0.000	0.0	0.0		12:36:12:309		
000:01:20.500	1115.9	23.0	22.8	1115.9	0.0	0.0	0.0	0.000	0.000	0.000	0.0	0.0		12:36:12:359		
000:01:20.550	1117.2	23.0	22.8	1117.2	0.0	0.0	0.0	0.000	0.000	0.000	0.0	0.0		12:36:12:409		
000:01:20.600	1117.1	23.0	22.8	1117.1	0.0	0.0	0.0	0.000	0.000	0.000	0.0	0.0		12:36:12:459		
000:01:20.650	1120.2	23.0	22.8	1120.2	0.0	0.0	0.0	0.000	0.000	0.000	0.0	0.0		12:36:12:509		
000:01:20.700	1121.6	23.0	22.8	1121.6	0.0	0.0	0.0	0.000	0.000	0.000	0.0	0.0		12:36:12:559		
000:01:20.750	1122.3	23.0	22.8	1122.3	0.0	0.0	0.0	0.000	0.000	0.000	0.0	0.0		12:36:12:609		
000:01:20.800	1125.1	23.0	22.8	1125.1	0.0	0.0	0.0	0.000	0.000	0.000	0.0	0.0		12:36:12:659		
000:01:20.850	1124.2	23.0	22.8	1124.2	0.0	0.0	0.0	0.000	0.000	0.000	0.0	0.0		12:36:12:709		
000:01:20.900	1122.4	23.0	22.8	1122.4	0.0	0.0	0.0	0.000	0.000	0.000	0.0	0.0		12:36:12:759		
000:01:20.950	1122.1	23.0	22.8	1122.1	0.0	0.0	0.0	0.000	0.000	0.000	0.0	0.0		12:36:12:809		
000:01:21.000	1123.0	23.0	22.8	1123.0	0.0	0.0	0.0	0.000	0.000	0.000	0.0	0.0		12:36:12:859		
000:01:21.050	1122.5	23.0	22.8	1122.5	0.0	0.0	0.0	0.000	0.000	0.000	0.0	0.0		12:36:12:909		
000:01:21.100	1120.5	23.0	22.8	1120.5	0.0	0.0	0.0	0.000	0.000	0.000	0.0	0.0		12:36:12:959		
000:01:21.150	1114.3	23.0	22.8	1114.3	0.0	0.0	0.0	0.000	0.000	0.000	0.0	0.0		12:36:13:009		
000:01:21.200	1099.8	23.0	22.8	1099.8	0.0	0.0	0.0	0.000	0.000	0.000	0.0	0.0		12:36:13:059		
000:01:21.250	1096.1	23.0	22.8	1096.1	0.0	0.0	0.0	0.000	0.000	0.000	0.0	0.0		12:36:13:109		
000:01:21.300	1095.5	23.0	22.8	1095.5	0.0	0.0	0.0	0.000	0.000	0.000	0.0	0.0		12:36:13:159		
000:01:21.350	1101.2	23.0	22.8	1101.2	0.0	0.0	0.0	0.000	0.000	0.000	0.0	0.0		12:36:13:209		
000:01:21.400	1103.0	23.0	22.8	1103.0	0.0	0.0	0.0	0.000	0.000	0.000	0.0	0.0		12:36:13:259		
000:01:21.450	1103.7	23.0	22.8	1103.7	0.0	0.0	0.0	0.000	0.000	0.000	0.0	0.0		12:36:13:309		
000:01:21.500	1101.6	23.0	22.8	1101.6	0.0	0.0	0.0	0.000	0.000	0.000	0.0	0.0		12:36:13:359		
000:01:21.550	1093.1	23.0	22.8	1093.1	0.0	0.0	0.0	0.000	0.000	0.000	0.0	0.0		12:36:13:409		
000:01:21.600	1094.1	23.0	22.8	1094.1	0.0	0.0	0.0	0.000	0.000	0.000	0.0	0.0		12:36:13:459		
000:01:21.650	1096.3	23.0	22.8	1096.3	0.0	0.0	0.0	0.000	0.000	0.000	0.0	0.0		12:36:13:509		
000:01:21.700	1097.5	23.0	22.8	1097.5	0.0	0.0	0.0	0.000	0.000	0.000	0.0	0.0		12:36:13:559		
000:01:21.750	1099.5	23.0	22.8	1099.5	0.0	0.0	0.0	0.000	0.000	0.000	0.0	0.0		12:36:13:609		
000:01:21.800	1102.3	23.0	22.8	1102.3	0.0	0.0	0.0	0.000	0.000	0.000	0.0	0.0		12:36:13:659		
000:01:21.850	1106.2	23.0	22.8	1106.2	0.0	0.0	0.0	0.000	0.000	0.000	0.0	0.0		12:36:13:709		
000:01:21.900	1111.3	23.0	22.8	1111.3	0.0	0.0	0.0	0.000	0.000	0.000	0.0	0.0		12:36:13:759		
000:01:21.950	1112.4	23.0	22.8	1112.4	0.0	0.0	0.0	0.000	0.000	0.000	0.0	0.0		12:36:13:809		
000:01:22.000	1119.2	23.0	22.8	1119.2	0.0	0.0	0.0	0.000	0.000	0.000	0.0	0.0		12:36:13:859		
000:01:22.050	1119.5	23.0	22.8	1119.5	0.0	0.0	0.0	0.000	0.000	0.000	0.0	0.0		12:36:13:909		
000:01:22.100	1122.9	23.0	22.8	1122.9	0.0	0.0	0.0	0.000	0.000	0.000	0.0	0.0		12:36:13:959		
000:01:22.150	1118.2	23.0	22.8	1118.2	0.0	0.0	0.0	0.000	0.000	0.000	0.0	0.0		12:36:14:009		
000:01:22.200	1119.4	23.0	22.8	1119.4	0.0	0.0	0.0	0.000	0.000	0.000	0.0	0.0		12:36:14:059		
000:01:22.250	1119.3	23.0	22.8	1119.3	0.0	0.0	0.0	0.000	0.000	0.000	0.0	0.0		12:36:14:109		
000:01:22.300	1113.8	23.0	22.8	1113.8	0.0	0.0	0.0	0.000	0.000	0.000	0.0	0.0		12:36:14:159		
000:01:22.350	1112.3	23.0	22.8	1112.3	0.0	0.0	0.0	0.000	0.000	0.000	0.0	0.0		12:36:14:209		
000:01:22.400	1108.8	23.0	22.8	1108.8	0.0	0.0	0.0	0.000	0.000	0.000	0.0	0.0		12:36:14:259		
000:01:22.450	1104.8	23.0	22.8	1104.8	0.0	0.0	0.0	0.000	0.000	0.000	0.0	0.0		12:36:14:309		
000:01:22.500	1103.1	23.0	22.8	1103.1	0.0	0.0	0.0	0.000	0.000	0.000	0.0	0.0		12:36:14:359		
000:01:22.550	1101.9	23.0	22.8	1101.9	0.0	0.0	0.0	0.000	0.000	0.000	0.0	0.0		12:36:14:409		
000:01:22.600	1101.6	23.0	22.8	1101.6	0.0	0.0	0.0	0.000	0.000	0.000	0.0	0.0		12:36:14:459		
000:01:22.650	1101.9	23.0	22.8	1101.9	0.0	0.0	0.0	0.000	0.000	0.000	0.0	0.0		12:36:14:509		
000:01:22.700	1099.1	23.0	22.8	1099.1	0.0	0.0	0.0	0.000	0.000	0.000	0.0	0.0		12:36:14:559		
000:01:22.750	1099.8	23.0	22.8	1099.8	0.0	0.0	0.0	0.000	0.000	0.000	0.0	0.0		12:36:14:609		
000:01:22.800	1101.0	23.0	22.8	1101.0	0.0	0.0	0.0	0.000	0.000	0.000	0.0	0.0		12:36:14:659		
000:01:22.850	1100.1	23.0	22.8	1100.1	0.0	0.0	0.0	0.000	0.000	0.000	0.0	0.0		12:36:14:709		
000:01:22.900	1100.7	23.0	22.8	1100.7	0.0	0.0	0.0	0.000	0.000	0.000	0.0	0.0		12:36:14:759		
000:01:22.950	1099.7	23.0	22.8	1099.7	0.0	0.0	0.0	0.000	0.000	0.000	0.0	0.0		12:36:14:809		
000:01:23.000	1098.5	23.0	22.8	1098.5	0.0	0.0	0.0	0.000	0.000	0.000	0.0	0.0		12:36:14:859		
000:01:23.050	1097.3	23.0	22.8	1097.3	0.0	0.0	0.0	0.000	0.000	0.000	0.0	0.0		12:36:14:909		
000:01:23.100	1096.2	23.0	22.8	1096.2	0.0	0.0	0.0	0.000	0.000	0.000	0.0	0.0		12:36:14:959		
000:01:23.150	1096.3	23.0	22.8	1096.3	0.0	0.0	0.0	0.000	0.000	0.000	0.0	0.0		12:36:15:009		
000:01:23.200	1097.6	23.0	22.8	1097.6	0.0	0.0	0.0	0.000	0.000	0.000	0.0	0.0		12:36:15:059		
000:01:23.250	1095.4	23.0	22.8	1095.4	0.0	0.0	0.0	0.000	0.000	0.000	0.0	0.0		12:36:15:109		
000:01:23.300	1095.2	23.0	22.8	1095.2	0.0	0.0	0.0	0.000	0.000	0.000	0.0	0.0		12:36:15:159		
000:01:23.350	1094.7	23.0	22.8	1094.7	0.0	0.0	0.0	0.000	0.000	0.000	0.0	0.0		12:36:15:209		
000:01:23.400	1093.9	23.0	22.8	1093.9	0.0	0.0	0.0	0.000	0.000	0.000	0.0	0.0		12:36:15:259		
000:01:23.450	1092.7	23.0	22.8	1092.7	0.0	0.0	0.0	0.000	0.000	0.000	0.0	0.0		12:36:15:309		
000:01:23.500	1092.6	23.0	22.8	1092.6	0.0	0.0	0.0	0.000	0.000	0.000	0.0	0.0		12:36:15:359		
000:01:23.550	1092.5	23.0	22.8	1092.5	0.0	0.0	0.0	0.000	0.000	0.000	0.0	0.0		12:36:15:409		
000:01:23.600	1094.0	23.0	22.8	1094.0	0.0	0.0	0.0	0.000	0.000	0.000	0.0	0.0		12:36:15:459		
000:01:23.650	1090.9	23.0	22.8	1090.9	0.0	0.0	0.0	0.000	0.000	0.000	0.0	0.0		12:36:15:509		
000:01:23.700	1090.8	23.0	22.8	1090.8	0.0	0.0	0.0	0.000	0.000	0.000	0.0	0.0		12:36:15:559		
000:01:23.750	1095.6	23.0	22.8	1095.6	0.0	0.0	0.0	0.000	0.000	0.000	0.0	0.0		12:36:15:609		
000:01:23.800	1093.5	23.0	22.8	1093.5	0.0	0.0	0.0	0.000	0.000	0.000	0.0	0.0		12:36:15:659		
000:01:23.850	1091.0	23.0	22.8	1091.0	0.0	0.0	0.0	0.000	0.000	0.000	0.0	0.0		12:36:15:709		
000:01:23.900	1089.0	23.0	22.8	1089.0	0.0	0.0	0.0	0.000	0.000	0.000	0.0	0.0		12:36:15:759		
000:01:23.950	1087.7	23.0	22.8	1087.7	0.0	0.0	0.0	0.000	0.000	0.000	0.0	0.0		12:36:15:809		
000:01:24.000	1088.5	23.0	22.8	1088.5	0.0	0.0	0.0	0.000	0.000	0.000	0.0	0.0		12:36:15:859		
000:01:24.050	1084.5	23.0	22.8	1084.5	0.0	0.0	0.0	0.000	0.000	0.000	0.0	0.0		12:36:15:909		
000:01:24.100	1085.1	23.0	22.8	1085.1	0.0	0.0	0.0	0.000	0.000	0.000	0.0	0.0		12:36:15:959		
000:01:24.150	1082.9	23.0	22.8	1082.9	0.0	0.0	0.0	0.000	0.000	0.000	0.0	0.0		12:36:16:009		
000:01:24.200	1082.1	23.0	22.8	1082.1	0.0	0.0	0.0	0.000	0.000	0.000	0.0	0.0		12:36:16:059		
000:01:24.250	1080.2	23.0	22.8	1080.2	0.0	0.0	0.0	0.000	0.000	0.000	0.0	0.0		12:36:16:109		
000:01:24.300	1080.8	23.0	22.8	1080.8	0.0	0.0	0.0	0.000	0.000	0.000	0.0	0.0		12:36:16:159		
000:01:24.350	1078.9	23.0	22.8	1078.9	0.0	0.0	0.0	0.000	0.000	0.000	0.0	0.0		12:36:16:209		
000:01:24.400	1077.1	23.0	22.8	1077.1	0.0	0.0	0.0	0.000	0.000	0.000	0.0	0.0		12:36:16:259		
000:01:24.450	1074.1	23.0	22.8	1074.1	0.0	0.0	0.0	0.000	0.000	0.000	0.0	0.0		12:36:16:309		
000:01:24.500	1074.4	23.0	22.8	1074.4	0.0	0.0	0.0	0.000	0.000	0.000	0.0	0.0		12:36:16:359		
000:01:24.550	1074.7	23.0	22.8	1074.7	0.0	0.0	0.0	0.000	0.000	0.000	0.0	0.0		12:36:16:409		
000:01:24.600	1073.5	23.1	22.8	1073.5	0.0	0.0	0.0	0.000	0.000	0.000	0.0	0.0		12:36:16:459		
000:01:24.650	1072.2	23.1	22.8	1072.2	0.0	0.0	0.0	0.000	0.000	0.000	0.0	0.0		12:36:16:509		
000:01:24.700	1072.9	23.1	22.8	1072.9	0.0	0.0	0.0	0.000	0.000	0.000	0.0	0.0		12:36:16:559		
000:01:24.750	1072.0	23.1	22.8	1072.0	0.0	0.0	0.0	0.000	0.000	0.000	0.0	0.0		12:36:16:609		
000:01:24.800	1070.8	23.1	22.8	1070.8	0.0	0.0	0.0	0.000	0.000	0.000	0.0	0.0		12:36:16:659		
000:01:24.850	1070.0	23.1	22.8	1070.0	0.0	0.0	0.0	0.000	0.000	0.000	0.0	0.0		12:36:16:709		
000:01:24.900	1067.2	23.1	22.8	1067.2	0.0	0.0	0.0	0.000	0.000	0.000	0.0	0.0		12:36:16:759		
000:01:24.950	1068.7	23.1	22.8	1068.7	0.0	0.0	0.0	0.000	0.000	0.000	0.0	0.0		12:36:16:809		
000:01:25.000	1066.8	23.1	22.8	1066.8	0.0	0.0	0.0	0.000	0.000	0.000	0.0	0.0		12:36:16:859		
000:01:25.050	1066.4	23.1	22.8	1066.4	0.0	0.0	0.0	0.000	0.000	0.000	0.0	0.0		12:36:16:909		
000:01:25.100	1065.0	23.1	22.8	1065.0	0.0	0.0	0.0	0.000	0.000	0.000	0.0	0.0		12:36:16:959		
000:01:25.150	1064.7	23.1	22.8	1064.7	0.0	0.0	0.0	0.000	0.000	0.000	0.0	0.0		12:36:17:009		
000:01:25.200	1064.5	23.1	22.8	1064.5	0.0	0.0	0.0	0.000	0.000	0.000	0.0	0.0		12:36:17:059		
000:01:25.250	1063.6	23.1	22.8	1063.6	0.0	0.0	0.0	0.000	0.000	0.000	0.0	0.0		12:36:17:109		
000:01:25.300	1062.8	23.1	22.8	1062.8	0.0	0.0	0.0	0.000	0.000	0.000	0.0	0.0		12:36:17:159		
000:01:25.350	1062.9	23.1	22.8	1062.9	0.0	0.0	0.0	0.000	0.000	0.000	0.0	0.0		12:36:17:209		
000:01:25.400	1062.0	23.1	22.8	1062.0	0.0	0.0	0.0	0.000	0.000	0.000	0.0	0.0		12:36:17:259		
000:01:25.450	1061.7	23.1	22.8	1061.7	0.0	0.0	0.0	0.000	0.000	0.000	0.0	0.0		12:36:17:309		
000:01:25.500	1061.3	23.1	22.8	1061.3	0.0	0.0	0.0	0.000	0.000	0.000	0.0	0.0		12:36:17:359		
000:01:25.550	1062.5	23.1	22.8	1062.5	0.0	0.0	0.0	0.000	0.000	0.000	0.0	0.0		12:36:17:409		
000:01:25.600	1061.3	23.1	22.8	1061.3	0.0	0.0	0.0	0.000	0.000	0.000	0.0	0.0		12:36:17:459		
000:01:25.650	1062.2	23.1	22.8	1062.2	0.0	0.0	0.0	0.000	0.000	0.000	0.0	0.0		12:36:17:509		
000:01:25.700	1061.2	23.1	22.8	1061.2	0.0	0.0	0.0	0.000	0.000	0.000	0.0	0.0		12:36:17:559		
000:01:25.750	1065.6	23.1	22.8	1065.6	0.0	0.0	0.0	0.000	0.000	0.000	0.0	0.0		12:36:17:609		
000:01:25.800	1066.8	23.1	22.8	1066.8	0.0	0.0	0.0	0.000	0.000	0.000	0.0	0.0		12:36:17:659		
000:01:25.850	1067.0	23.1	22.8	1067.0	0.0	0.0	0.0	0.000	0.000	0.000	0.0	0.0		12:36:17:709		
000:01:25.900	1067.6	23.1	22.9	1067.6	0.0	0.0	0.0	0.000	0.000	0.000	0.0	0.0		12:36:17:759		
000:01:25.950	1066.4	23.1	22.9	1066.4	0.0	0.0	0.0	0.000	0.000	0.000	0.0	0.0		12:36:17:809		
000:01:26.000	1065.0	23.1	22.9	1065.0	0.0	0.0	0.0	0.000	0.000	0.000	0.0	0.0		12:36:17:859		
000:01:26.050	1063.3	23.1	22.9	1063.3	0.0	0.0	0.0	0.000	0.000	0.000	0.0	0.0		12:36:17:909		
000:01:26.100	1064.6	23.1	22.9	1064.6	0.0	0.0	0.0	0.000	0.000	0.000	0.0	0.0		12:36:17:959		
000:01:26.150	1066.3	23.1	22.9	1066.3	0.0	0.0	0.0	0.000	0.000	0.000	0.0	0.0		12:36:18:009		
000:01:26.200	1067.7	23.1	22.9	1067.7	0.0	0.0	0.0	0.000	0.000	0.000	0.0	0.0		12:36:18:059		
000:01:26.250	1066.0	23.1	22.9	1066.0	0.0	0.0	0.0	0.000	0.000	0.000	0.0	0.0		12:36:18:109		
000:01:26.300	1063.5	23.1	22.9	1063.5	0.0	0.0	0.0	0.000	0.000	0.000	0.0	0.0		12:36:18:159		
000:01:26.350	1064.0	23.1	22.9	1064.0	0.0	0.0	0.0	0.000	0.000	0.000	0.0	0.0		12:36:18:209		
000:01:26.400	1064.2	23.1	22.9	1064.2	0.0	0.0	0.0	0.000	0.000	0.000	0.0	0.0		12:36:18:259		
000:01:26.450	1067.0	23.1	22.9	1067.0	0.0	0.0	0.0	0.000	0.000	0.000	0.0	0.0		12:36:18:309		
000:01:26.500	1067.8	23.1	22.9	1067.8	0.0	0.0	0.0	0.000	0.000	0.000	0.0	0.0		12:36:18:359		
000:01:26.550	1065.8	23.1	22.9	1065.8	0.0	0.0	0.0	0.000	0.000	0.000	0.0	0.0		12:36:18:409		
000:01:26.600	1065.2	23.1	22.9	1065.2	0.0	0.0	0.0	0.000	0.000	0.000	0.0	0.0		12:36:18:459		
000:01:26.650	1064.7	23.1	22.9	1064.7	0.0	0.0	0.0	0.000	0.000	0.000	0.0	0.0		12:36:18:509		
000:01:26.700	1065.4	23.1	22.9	1065.4	0.0	0.0	0.0	0.000	0.000	0.000	0.0	0.0		12:36:18:559		
000:01:26.750	1066.5	23.1	22.9	1066.5	0.0	0.0	0.0	0.000	0.000	0.000	0.0	0.0		12:36:18:609		
000:01:26.800	1066.4	23.1	22.9	1066.4	0.0	0.0	0.0	0.000	0.000	0.000	0.0	0.0		12:36:18:659		
000:01:26.850	1068.4	23.1	22.9	1068.4	0.0	0.0	0.0	0.000	0.000	0.000	0.0	0.0		12:36:18:709		
000:01:26.900	1068.1	23.1	22.9	1068.1	0.0	0.0	0.0	0.000	0.000	0.000	0.0	0.0		12:36:18:759		
000:01:26.950	1068.2	23.1	22.9	1068.2	0.0	0.0	0.0	0.000	0.000	0.000	0.0	0.0		12:36:18:809		
000:01:27.000	1069.0	23.1	22.9	1069.0	0.0	0.0	0.0	0.000	0.000	0.000	0.0	0.0		12:36:18:859		
000:01:27.050	1068.9	23.1	22.9	1068.9	0.0	0.0	0.0	0.000	0.000	0.000	0.0	0.0		12:36:18:909		
000:01:27.100	1068.3	23.1	22.9	1068.3	0.0	0.0	0.0	0.000	0.000	0.000	0.0	0.0		12:36:18:959		
000:01:27.150	1068.2	23.1	22.9	1068.2	0.0	0.0	0.0	0.000	0.000	0.000	0.0	0.0		12:36:19:009		
000:01:27.200	1068.5	23.1	22.9	1068.5	0.0	0.0	0.0	0.000	0.000	0.000	0.0	0.0		12:36:19:059		
000:01:27.250	1067.6	23.1	22.9	1067.6	0.0	0.0	0.0	0.000	0.000	0.000	0.0	0.0		12:36:19:109		
000:01:27.300	1066.0	23.1	22.9	1066.0	0.0	0.0	0.0	0.000	0.000	0.000	0.0	0.0		12:36:19:159		
000:01:27.350	1066.6	23.1	22.9	1066.6	0.0	0.0	0.0	0.000	0.000	0.000	0.0	0.0		12:36:19:209		
000:01:27.400	1066.2	23.1	22.9	1066.2	0.0	0.0	0.0	0.000	0.000	0.000	0.0	0.0		12:36:19:259		
000:01:27.450	1066.3	23.1	22.9	1066.3	0.0	0.0	0.0	0.000	0.000	0.000	0.0	0.0		12:36:19:309		
000:01:27.500	1067.2	23.1	22.9	1067.2	0.0	0.0	0.0	0.000	0.000	0.000	0.0	0.0		12:36:19:359		
000:01:27.550	1066.0	23.1	22.9	1066.0	0.0	0.0	0.0	0.000	0.000	0.000	0.0	0.0		12:36:19:409		
000:01:27.600	1066.4	23.1	22.9	1066.4	0.0	0.0	0.0	0.000	0.000	0.000	0.0	0.0		12:36:19:459		
000:01:27.650	1067.3	23.1	22.9	1067.3	0.0	0.0	0.0	0.000	0.000	0.000	0.0	0.0		12:36:19:509		
000:01:27.700	1067.9	23.1	22.9	1067.9	0.0	0.0	0.0	0.000	0.000	0.000	0.0	0.0		12:36:19:559		
000:01:27.750	1067.8	23.1	22.9	1067.8	0.0	0.0	0.0	0.000	0.000	0.000	0.0	0.0		12:36:19:609		
000:01:27.800	1068.1	23.1	22.9	1068.1	0.0	0.0	0.0	0.000	0.000	0.000	0.0	0.0		12:36:19:659		
000:01:27.850	1069.6	23.1	22.9	1069.6	0.0	0.0	0.0	0.000	0.000	0.000	0.0	0.0		12:36:19:709		
000:01:27.900	1069.6	23.1	22.9	1069.6	0.0	0.0	0.0	0.000	0.000	0.000	0.0	0.0		12:36:19:759		
000:01:27.950	1069.6	23.1	22.9	1069.6	0.0	0.0	0.0	0.000	0.000	0.000	0.0	0.0		12:36:19:809		
000:01:28.000	1069.0	23.1	22.9	1069.0	0.0	0.0	0.0	0.000	0.000	0.000	0.0	0.0		12:36:19:859		
000:01:28.050	1069.9	23.1	22.9	1069.9	0.0	0.0	0.0	0.000	0.000	0.000	0.0	0.0		12:36:19:909		
000:01:28.100	1070.2	23.1	22.9	1070.2	0.0	0.0	0.0	0.000	0.000	0.000	0.0	0.0		12:36:19:959		
000:01:28.150	1070.4	23.1	22.9	1070.4	0.0	0.0	0.0	0.000	0.000	0.000	0.0	0.0		12:36:20:009		
000:01:28.200	1071.2	23.1	22.9	1071.2	0.0	0.0	0.0	0.000	0.000	0.000	0.0	0.0		12:36:20:059		
000:01:28.250	1071.8	23.1	22.9	1071.8	0.0	0.0	0.0	0.000	0.000	0.000	0.0	0.0		12:36:20:109		
000:01:28.300	1072.1	23.1	22.9	1072.1	0.0	0.0	0.0	0.000	0.000	0.000	0.0	0.0		12:36:20:159		
000:01:28.350	1072.4	23.1	22.9	1072.4	0.0	0.0	0.0	0.000	0.000	0.000	0.0	0.0		12:36:20:209		
000:01:28.400	1072.5	23.1	22.9	1072.5	0.0	0.0	0.0	0.000	0.000	0.000	0.0	0.0		12:36:20:259		
000:01:28.450	1073.3	23.1	22.9	1073.3	0.0	0.0	0.0	0.000	0.000	0.000	0.0	0.0		12:36:20:309		
000:01:28.500	1074.0	23.1	22.9	1074.0	0.0	0.0	0.0	0.000	0.000	0.000	0.0	0.0		12:36:20:359		
000:01:28.550	1074.5	23.1	22.9	1074.5	0.0	0.0	0.0	0.000	0.000	0.000	0.0	0.0		12:36:20:409		
000:01:28.600	1074.3	23.1	22.9	1074.3	0.0	0.0	0.0	0.000	0.000	0.000	0.0	0.0		12:36:20:459		
000:01:28.650	1074.7	23.1	22.9	1074.7	0.0	0.0	0.0	0.000	0.000	0.000	0.0	0.0		12:36:20:509		
000:01:28.700	1074.7	23.1	22.9	1074.7	0.0	0.0	0.0	0.000	0.000	0.000	0.0	0.0		12:36:20:559		
000:01:28.750	1075.0	23.1	22.9	1075.0	0.0	0.0	0.0	0.000	0.000	0.000	0.0	0.0		12:36:20:609		
000:01:28.800	1075.5	23.1	22.9	1075.5	0.0	0.0	0.0	0.000	0.000	0.000	0.0	0.0		12:36:20:659		
000:01:28.850	1075.6	23.1	22.9	1075.6	0.0	0.0	0.0	0.000	0.000	0.000	0.0	0.0		12:36:20:709		
000:01:28.900	1076.0	23.1	22.9	1076.0	0.0	0.0	0.0	0.000	0.000	0.000	0.0	0.0		12:36:20:759		
000:01:28.950	1076.6	23.1	22.9	1076.6	0.0	0.0	0.0	0.000	0.000	0.000	0.0	0.0		12:36:20:809		
000:01:29.000	1076.6	23.1	22.9	1076.6	0.0	0.0	0.0	0.000	0.000	0.000	0.0	0.0		12:36:20:859		
000:01:29.050	1076.3	23.1	22.9	1076.3	0.0	0.0	0.0	0.000	0.000	0.000	0.0	0.0		12:36:20:909		
000:01:29.100	1076.5	23.1	22.9	1076.5	0.0	0.0	0.0	0.000	0.000	0.000	0.0	0.0		12:36:20:959		
000:01:29.150	1076.6	23.1	22.9	1076.6	0.0	0.0	0.0	0.000	0.000	0.000	0.0	0.0		12:36:21:009		
000:01:29.200	1077.6	23.1	22.9	1077.6	0.0	0.0	0.0	0.000	0.000	0.000	0.0	0.0		12:36:21:059		
000:01:29.250	1077.6	23.1	22.9	1077.6	0.0	0.0	0.0	0.000	0.000	0.000	0.0	0.0		12:36:21:109		
000:01:29.300	1078.7	23.1	22.9	1078.7	0.0	0.0	0.0	0.000	0.000	0.000	0.0	0.0		12:36:21:159		
000:01:29.350	1078.6	23.1	22.9	1078.6	0.0	0.0	0.0	0.000	0.000	0.000	0.0	0.0		12:36:21:209		
000:01:29.400	1078.2	23.1	22.9	1078.2	0.0	0.0	0.0	0.000	0.000	0.000	0.0	0.0		12:36:21:259		
000:01:29.450	1078.5	23.1	22.9	1078.5	0.0	0.0	0.0	0.000	0.000	0.000	0.0	0.0		12:36:21:309		
000:01:29.500	1079.2	23.1	22.9	1079.2	0.0	0.0	0.0	0.000	0.000	0.000	0.0	0.0		12:36:21:359		
000:01:29.550	1079.4	23.1	22.9	1079.4	0.0	0.0	0.0	0.000	0.000	0.000	0.0	0.0		12:36:21:409		
000:01:29.600	1079.8	23.1	22.9	1079.8	0.0	0.0	0.0	0.000	0.000	0.000	0.0	0.0		12:36:21:459		
000:01:29.650	1079.9	23.1	22.9	1079.9	0.0	0.0	0.0	0.000	0.000	0.000	0.0	0.0		12:36:21:509		
000:01:29.700	1079.9	23.1	22.9	1079.9	0.0	0.0	0.0	0.000	0.000	0.000	0.0	0.0		12:36:21:559		
000:01:29.750	1080.2	23.1	22.9	1080.2	0.0	0.0	0.0	0.000	0.000	0.000	0.0	0.0		12:36:21:609		
000:01:29.800	1080.0	23.1	22.9	1080.0	0.0	0.0	0.0	0.000	0.000	0.000	0.0	0.0		12:36:21:659		
000:01:29.850	1079.5	23.1	22.9	1079.5	0.0	0.0	0.0	0.000	0.000	0.000	0.0	0.0		12:36:21:709		
000:01:29.900	1079.4	23.1	22.9	1079.4	0.0	0.0	0.0	0.000	0.000	0.000	0.0	0.0		12:36:21:759		
000:01:29.950	1079.3	23.1	22.9	1079.3	0.0	0.0	0.0	0.000	0.000	0.000	0.0	0.0		12:36:21:809		
000:01:30.000	1079.5	23.1	22.9	1079.5	0.0	0.0	0.0	0.000	0.000	0.000	0.0	0.0		12:36:21:859		
000:01:30.050	1080.0	23.1	22.9	1080.0	0.0	0.0	0.0	0.000	0.000	0.000	0.0	0.0		12:36:21:909		
000:01:30.100	1080.3	23.1	22.9	1080.3	0.0	0.0	0.0	0.000	0.000	0.000	0.0	0.0		12:36:21:959		
000:01:30.150	1080.9	23.1	22.9	1080.9	0.0	0.0	0.0	0.000	0.000	0.000	0.0	0.0		12:36:22:009		
000:01:30.200	1080.9	23.1	22.9	1080.9	0.0	0.0	0.0	0.000	0.000	0.000	0.0	0.0		12:36:22:059		
000:01:30.250	1080.6	23.1	22.9	1080.6	0.0	0.0	0.0	0.000	0.000	0.000	0.0	0.0		12:36:22:109		
000:01:30.300	1080.5	23.1	22.9	1080.5	0.0	0.0	0.0	0.000	0.000	0.000	0.0	0.0		12:36:22:159		
000:01:30.350	1080.8	23.1	22.9	1080.8	0.0	0.0	0.0	0.000	0.000	0.000	0.0	0.0		12:36:22:209		
000:01:30.400	1080.8	23.1	22.9	1080.8	0.0	0.0	0.0	0.000	0.000	0.000	0.0	0.0		12:36:22:259		
000:01:30.450	1081.2	23.1	22.9	1081.2	0.0	0.0	0.0	0.000	0.000	0.000	0.0	0.0		12:36:22:309		
000:01:30.500	1081.5	23.1	22.9	1081.5	0.0	0.0	0.0	0.000	0.000	0.000	0.0	0.0		12:36:22:359		
000:01:30.550	1081.4	23.1	22.9	1081.4	0.0	0.0	0.0	0.000	0.000	0.000	0.0	0.0		12:36:22:409		
000:01:30.600	1081.6	23.1	22.9	1081.6	0.0	0.0	0.0	0.000	0.000	0.000	0.0	0.0		12:36:22:459		
000:01:30.650	1081.4	23.1	22.9	1081.4	0.0	0.0	0.0	0.000	0.000	0.000	0.0	0.0		12:36:22:509		
000:01:30.700	1081.8	23.1	22.9	1081.8	0.0	0.0	0.0	0.000	0.000	0.000	0.0	0.0		12:36:22:559		
000:01:30.750	1082.6	23.1	22.9	1082.6	0.0	0.0	0.0	0.000	0.000	0.000	0.0	0.0		12:36:22:609		
000:01:30.800	1082.6	23.1	22.9	1082.6	0.0	0.0	0.0	0.000	0.000	0.000	0.0	0.0		12:36:22:659		
000:01:30.850	1082.7	23.1	22.9	1082.7	0.0	0.0	0.0	0.000	0.000	0.000	0.0	0.0		12:36:22:709		
000:01:30.900	1082.7	23.1	22.9	1082.7	0.0	0.0	0.0	0.000	0.000	0.000	0.0	0.0		12:36:22:759		
000:01:30.950	1082.9	23.1	22.9	1082.9	0.0	0.0	0.0	0.000	0.000	0.000	0.0	0.0		12:36:22:809		
000:01:31.000	1083.2	23.1	22.9	1083.2	0.0	0.0	0.0	0.000	0.000	0.000	0.0	0.0		12:36:22:859		
000:01:31.050	1083.4	23.1	22.9	1083.4	0.0	0.0	0.0	0.000	0.000	0.000	0.0	0.0		12:36:22:909		
000:01:31.100	1083.6	23.1	22.9	1083.6	0.0	0.0	0.0	0.000	0.000	0.000	0.0	0.0		12:36:22:959		
000:01:31.150	1084.0	23.1	22.9	1084.0	0.0	0.0	0.0	0.000	0.000	0.000	0.0	0.0		12:36:23:009		
000:01:31.200	1084.1	23.1	22.9	1084.1	0.0	0.0	0.0	0.000	0.000	0.000	0.0	0.0		12:36:23:059		
000:01:31.250	1084.4	23.1	22.9	1084.4	0.0	0.0	0.0	0.000	0.000	0.000	0.0	0.0		12:36:23:109		
000:01:31.300	1084.2	23.1	22.9	1084.2	0.0	0.0	0.0	0.000	0.000	0.000	0.0	0.0		12:36:23:159		
000:01:31.350	1084.4	23.1	22.9	1084.4	0.0	0.0	0.0	0.000	0.000	0.000	0.0	0.0		12:36:23:209		
000:01:31.400	1084.9	23.1	22.9	1084.9	0.0	0.0	0.0	0.000	0.000	0.000	0.0	0.0		12:36:23:259		
000:01:31.450	1085.6	23.1	22.9	1085.6	0.0	0.0	0.0	0.000	0.000	0.000	0.0	0.0		12:36:23:309		
000:01:31.500	1086.4	23.1	22.9	1086.4	0.0	0.0	0.0	0.000	0.000	0.000	0.0	0.0		12:36:23:359		
000:01:31.550	1086.2	23.1	22.9	1086.2	0.0	0.0	0.0	0.000	0.000	0.000	0.0	0.0		12:36:23:409		
000:01:31.600	1086.5	23.1	22.9	1086.5	0.0	0.0	0.0	0.000	0.000	0.000	0.0	0.0		12:36:23:459		
000:01:31.650	1086.8	23.1	22.9	1086.8	0.0	0.0	0.0	0.000	0.000	0.000	0.0	0.0		12:36:23:509		
000:01:31.700	1087.1	23.1	22.9	1087.1	0.0	0.0	0.0	0.000	0.000	0.000	0.0	0.0		12:36:23:559		
000:01:31.750	1088.0	23.1	22.9	1088.0	0.0	0.0	0.0	0.000	0.000	0.000	0.0	0.0		12:36:23:609		
000:01:31.800	1088.2	23.1	22.9	1088.2	0.0	0.0	0.0	0.000	0.000	0.000	0.0	0.0		12:36:23:659		
000:01:31.850	1088.5	23.1	22.9	1088.5	0.0	0.0	0.0	0.000	0.000	0.000	0.0	0.0		12:36:23:709		
000:01:31.900	1088.8	23.1	22.9	1088.8	0.0	0.0	0.0	0.000	0.000	0.000	0.0	0.0		12:36:23:759		
000:01:31.950	1089.7	23.1	22.9	1089.7	0.0	0.0	0.0	0.000	0.000	0.000	0.0	0.0		12:36:23:809		
000:01:32.000	1089.6	23.1	22.9	1089.6	0.0	0.0	0.0	0.000	0.000	0.000	0.0	0.0		12:36:23:859		
000:01:32.050	1089.7	23.1	22.9	1089.7	0.0	0.0	0.0	0.000	0.000	0.000	0.0	0.0		12:36:23:909		
000:01:32.100	1090.3	23.1	22.9	1090.3	0.0	0.0	0.0	0.000	0.000	0.000	0.0	0.0		12:36:23:959		
000:01:32.150	1090.5	23.1	22.9	1090.5	0.0	0.0	0.0	0.000	0.000	0.000	0.0	0.0		12:36:24:009		
000:01:32.200	1090.7	23.1	22.9	1090.7	0.0	0.0	0.0	0.000	0.000	0.000	0.0	0.0		12:36:24:059		
000:01:32.250	1091.4	23.1	22.9	1091.4	0.0	0.0	0.0	0.000	0.000	0.000	0.0	0.0		12:36:24:109		
000:01:32.300	1092.0	23.1	22.9	1092.0	0.0	0.0	0.0	0.000	0.000	0.000	0.0	0.0		12:36:24:159		
000:01:32.350	1091.9	23.1	22.9	1091.9	0.0	0.0	0.0	0.000	0.000	0.000	0.0	0.0		12:36:24:209		
000:01:32.400	1092.2	23.1	22.9	1092.2	0.0	0.0	0.0	0.000	0.000	0.000	0.0	0.0		12:36:24:259		
000:01:32.450	1092.6	23.1	22.9	1092.6	0.0	0.0	0.0	0.000	0.000	0.000	0.0	0.0		12:36:24:309		
000:01:32.500	1093.1	23.1	22.9	1093.1	0.0	0.0	0.0	0.000	0.000	0.000	0.0	0.0		12:36:24:359		
000:01:32.550	1093.3	23.1	22.9	1093.3	0.0	0.0	0.0	0.000	0.000	0.000	0.0	0.0		12:36:24:409		
000:01:32.600	1094.1	23.1	22.9	1094.1	0.0	0.0	0.0	0.000	0.000	0.000	0.0	0.0		12:36:24:459		
000:01:32.650	1094.5	23.1	22.9	1094.5	0.0	0.0	0.0	0.000	0.000	0.000	0.0	0.0		12:36:24:509		
000:01:32.700	1095.3	23.1	22.9	1095.3	0.0	0.0	0.0	0.000	0.000	0.000	0.0	0.0		12:36:24:559		
000:01:32.750	1095.6	23.1	22.9	1095.6	0.0	0.0	0.0	0.000	0.000	0.000	0.0	0.0		12:36:24:609		
000:01:32.800	1096.2	23.1	22.9	1096.2	0.0	0.0	0.0	0.000	0.000	0.000	0.0	0.0		12:36:24:659		
000:01:32.850	1096.4	23.1	22.9	1096.4	0.0	0.0	0.0	0.000	0.000	0.000	0.0	0.0		12:36:24:709		
000:01:32.900	1096.8	23.1	22.9	1096.8	0.0	0.0	0.0	0.000	0.000	0.000	0.0	0.0		12:36:24:759		
000:01:32.950	1097.4	23.1	22.9	1097.4	0.0	0.0	0.0	0.000	0.000	0.000	0.0	0.0		12:36:24:809		
000:01:33.000	1098.6	23.1	22.9	1098.6	0.0	0.0	0.0	0.000	0.000	0.000	0.0	0.0		12:36:24:859		
000:01:33.050	1098.9	23.1	22.9	1098.9	0.0	0.0	0.0	0.000	0.000	0.000	0.0	0.0		12:36:24:909		
000:01:33.100	1099.5	23.1	22.9	1099.5	0.0	0.0	0.0	0.000	0.000	0.000	0.0	0.0		12:36:24:959		
000:01:33.150	1099.8	23.1	22.9	1099.8	0.0	0.0	0.0	0.000	0.000	0.000	0.0	0.0		12:36:25:009		
000:01:33.200	1100.2	23.1	22.9	1100.2	0.0	0.0	0.0	0.000	0.000	0.000	0.0	0.0		12:36:25:059		
000:01:33.250	1100.0	23.1	22.9	1100.0	0.0	0.0	0.0	0.000	0.000	0.000	0.0	0.0		12:36:25:109		
000:01:33.300	1100.0	23.1	22.9	1100.0	0.0	0.0	0.0	0.000	0.000	0.000	0.0	0.0		12:36:25:159		
000:01:33.350	1100.8	23.1	22.9	1100.8	0.0	0.0	0.0	0.000	0.000	0.000	0.0	0.0		12:36:25:209		
000:01:33.400	1101.4	23.1	22.9	1101.4	0.0	0.0	0.0	0.000	0.000	0.000	0.0	0.0		12:36:25:259		
000:01:33.450	1101.7	23.1	22.9	1101.7	0.0	0.0	0.0	0.000	0.000	0.000	0.0	0.0		12:36:25:309		
000:01:33.500	1101.6	23.1	22.9	1101.6	0.0	0.0	0.0	0.000	0.000	0.000	0.0	0.0		12:36:25:359		
000:01:33.550	1101.2	23.1	22.9	1101.2	0.0	0.0	0.0	0.000	0.000	0.000	0.0	0.0		12:36:25:409		
000:01:33.600	1101.9	23.1	22.9	1101.9	0.0	0.0	0.0	0.000	0.000	0.000	0.0	0.0		12:36:25:459		
000:01:33.650	1102.2	23.1	22.9	1102.2	0.0	0.0	0.0	0.000	0.000	0.000	0.0	0.0		12:36:25:509		
000:01:33.700	1102.9	23.1	22.9	1102.9	0.0	0.0	0.0	0.000	0.000	0.000	0.0	0.0		12:36:25:559		
000:01:33.750	1103.2	23.1	22.9	1103.2	0.0	0.0	0.0	0.000	0.000	0.000	0.0	0.0		12:36:25:609		
000:01:33.800	1103.6	23.1	22.9	1103.6	0.0	0.0	0.0	0.000	0.000	0.000	0.0	0.0		12:36:25:659		
000:01:33.850	1103.8	23.1	22.9	1103.8	0.0	0.0	0.0	0.000	0.000	0.000	0.0	0.0		12:36:25:709		
000:01:33.900	1104.2	23.1	22.9	1104.2	0.0	0.0	0.0	0.000	0.000	0.000	0.0	0.0		12:36:25:759		
000:01:33.950	1104.4	23.1	22.9	1104.4	0.0	0.0	0.0	0.000	0.000	0.000	0.0	0.0		12:36:25:809		
000:01:34.000	1104.8	23.1	22.9	1104.8	0.0	0.0	0.0	0.000	0.000	0.000	0.0	0.0		12:36:25:859		
000:01:34.050	1104.8	23.1	22.9	1104.8	0.0	0.0	0.0	0.000	0.000	0.000	0.0	0.0		12:36:25:909		
000:01:34.100	1104.9	23.1	22.9	1104.9	0.0	0.0	0.0	0.000	0.000	0.000	0.0	0.0		12:36:25:959		
000:01:34.150	1104.9	23.1	22.9	1104.9	0.0	0.0	0.0	0.000	0.000	0.000	0.0	0.0		12:36:26:009		
000:01:34.200	1105.1	23.1	22.9	1105.1	0.0	0.0	0.0	0.000	0.000	0.000	0.0	0.0		12:36:26:059		
000:01:34.250	1105.7	23.1	22.9	1105.7	0.0	0.0	0.0	0.000	0.000	0.000	0.0	0.0		12:36:26:109		
000:01:34.300	1106.6	23.1	22.9	1106.6	0.0	0.0	0.0	0.000	0.000	0.000	0.0	0.0		12:36:26:159		
000:01:34.350	1107.1	23.1	22.9	1107.1	0.0	0.0	0.0	0.000	0.000	0.000	0.0	0.0		12:36:26:209		
000:01:34.400	1107.7	23.1	22.9	1107.7	0.0	0.0	0.0	0.000	0.000	0.000	0.0	0.0		12:36:26:259		
000:01:34.450	1107.5	23.1	22.9	1107.5	0.0	0.0	0.0	0.000	0.000	0.000	0.0	0.0		12:36:26:309		
000:01:34.500	1107.7	23.1	22.9	1107.7	0.0	0.0	0.0	0.000	0.000	0.000	0.0	0.0		12:36:26:359		
000:01:34.550	1108.1	23.1	22.9	1108.1	0.0	0.0	0.0	0.000	0.000	0.000	0.0	0.0		12:36:26:409		
000:01:34.600	1108.4	23.1	22.9	1108.4	0.0	0.0	0.0	0.000	0.000	0.000	0.0	0.0		12:36:26:459		
000:01:34.650	1108.6	23.1	22.9	1108.6	0.0	0.0	0.0	0.000	0.000	0.000	0.0	0.0		12:36:26:509		
000:01:34.700	1109.0	23.1	22.9	1109.0	0.0	0.0	0.0	0.000	0.000	0.000	0.0	0.0		12:36:26:559		
000:01:34.750	1108.7	23.1	22.9	1108.7	0.0	0.0	0.0	0.000	0.000	0.000	0.0	0.0		12:36:26:609		
000:01:34.800	1108.9	23.1	22.9	1108.9	0.0	0.0	0.0	0.000	0.000	0.000	0.0	0.0		12:36:26:659		
000:01:34.850	1109.1	23.1	22.9	1109.1	0.0	0.0	0.0	0.000	0.000	0.000	0.0	0.0		12:36:26:709		
000:01:34.900	1109.0	23.1	22.9	1109.0	0.0	0.0	0.0	0.000	0.000	0.000	0.0	0.0		12:36:26:759		
000:01:34.950	1109.7	23.1	22.9	1109.7	0.0	0.0	0.0	0.000	0.000	0.000	0.0	0.0		12:36:26:809		
000:01:35.000	1110.6	23.1	22.9	1110.6	0.0	0.0	0.0	0.000	0.000	0.000	0.0	0.0		12:36:26:859		
000:01:35.050	1110.9	23.1	22.9	1110.9	0.0	0.0	0.0	0.000	0.000	0.000	0.0	0.0		12:36:26:909		
000:01:35.100	1111.0	23.1	22.9	1111.0	0.0	0.0	0.0	0.000	0.000	0.000	0.0	0.0		12:36:26:959		
000:01:35.150	1110.7	23.1	22.9	1110.7	0.0	0.0	0.0	0.000	0.000	0.000	0.0	0.0		12:36:27:009		
000:01:35.200	1110.6	23.1	22.9	1110.6	0.0	0.0	0.0	0.000	0.000	0.000	0.0	0.0		12:36:27:059		
000:01:35.250	1110.9	23.1	22.9	1110.9	0.0	0.0	0.0	0.000	0.000	0.000	0.0	0.0		12:36:27:109		
000:01:35.300	1111.6	23.1	22.9	1111.6	0.0	0.0	0.0	0.000	0.000	0.000	0.0	0.0		12:36:27:159		
000:01:35.350	1111.6	23.1	22.9	1111.6	0.0	0.0	0.0	0.000	0.000	0.000	0.0	0.0		12:36:27:209		
000:01:35.400	1111.4	23.1	22.9	1111.4	0.0	0.0	0.0	0.000	0.000	0.000	0.0	0.0		12:36:27:259		
000:01:35.450	1110.9	23.1	22.9	1110.9	0.0	0.0	0.0	0.000	0.000	0.000	0.0	0.0		12:36:27:309		
000:01:35.500	1110.7	23.1	22.9	1110.7	0.0	0.0	0.0	0.000	0.000	0.000	0.0	0.0		12:36:27:359		
000:01:35.550	1110.4	23.1	22.9	1110.4	0.0	0.0	0.0	0.000	0.000	0.000	0.0	0.0		12:36:27:409		
000:01:35.600	1110.7	23.1	22.9	1110.7	0.0	0.0	0.0	0.000	0.000	0.000	0.0	0.0		12:36:27:459		
000:01:35.650	1112.3	23.1	22.9	1112.3	0.0	0.0	0.0	0.000	0.000	0.000	0.0	0.0		12:36:27:509		
000:01:35.700	1112.9	23.1	22.9	1112.9	0.0	0.0	0.0	0.000	0.000	0.000	0.0	0.0		12:36:27:559		
000:01:35.750	1112.2	23.1	22.9	1112.2	0.0	0.0	0.0	0.000	0.000	0.000	0.0	0.0		12:36:27:609		
000:01:35.800	1112.0	23.1	22.9	1112.0	0.0	0.0	0.0	0.000	0.000	0.000	0.0	0.0		12:36:27:659		
000:01:35.850	1111.8	23.1	22.9	1111.8	0.0	0.0	0.0	0.000	0.000	0.000	0.0	0.0		12:36:27:709		
000:01:35.900	1111.9	23.1	22.9	1111.9	0.0	0.0	0.0	0.000	0.000	0.000	0.0	0.0		12:36:27:759		
000:01:35.950	1112.7	23.1	22.9	1112.7	0.0	0.0	0.0	0.000	0.000	0.000	0.0	0.0		12:36:27:809		
000:01:36.000	1112.5	23.1	22.9	1112.5	0.0	0.0	0.0	0.000	0.000	0.000	0.0	0.0		12:36:27:859		
000:01:36.050	1112.1	23.1	22.9	1112.1	0.0	0.0	0.0	0.000	0.000	0.000	0.0	0.0		12:36:27:909		
000:01:36.100	1112.3	23.1	22.9	1112.3	0.0	0.0	0.0	0.000	0.000	0.000	0.0	0.0		12:36:27:959		
000:01:36.150	1112.3	23.1	22.9	1112.3	0.0	0.0	0.0	0.000	0.000	0.000	0.0	0.0		12:36:28:009		
000:01:36.200	1111.9	23.1	22.9	1111.9	0.0	0.0	0.0	0.000	0.000	0.000	0.0	0.0		12:36:28:059		
000:01:36.250	1113.0	23.1	22.9	1113.0	0.0	0.0	0.0	0.000	0.000	0.000	0.0	0.0		12:36:28:109		
000:01:36.300	1113.2	23.1	22.9	1113.2	0.0	0.0	0.0	0.000	0.000	0.000	0.0	0.0		12:36:28:159		
000:01:36.350	1113.8	23.1	22.9	1113.8	0.0	0.0	0.0	0.000	0.000	0.000	0.0	0.0		12:36:28:209		
000:01:36.400	1113.5	23.1	22.9	1113.5	0.0	0.0	0.0	0.000	0.000	0.000	0.0	0.0		12:36:28:259		
000:01:36.450	1113.2	23.1	22.9	1113.2	0.0	0.0	0.0	0.000	0.000	0.000	0.0	0.0		12:36:28:309		
000:01:36.500	1112.6	23.1	22.9	1112.6	0.0	0.0	0.0	0.000	0.000	0.000	0.0	0.0		12:36:28:359		
000:01:36.550	1112.9	23.1	22.9	1112.9	0.0	0.0	0.0	0.000	0.000	0.000	0.0	0.0		12:36:28:409		
000:01:36.600	1113.6	23.1	22.9	1113.6	0.0	0.0	0.0	0.000	0.000	0.000	0.0	0.0		12:36:28:459		
000:01:36.650	1113.3	23.1	22.9	1113.3	0.0	0.0	0.0	0.000	0.000	0.000	0.0	0.0		12:36:28:509		
000:01:36.700	1113.4	23.1	22.9	1113.4	0.0	0.0	0.0	0.000	0.000	0.000	0.0	0.0		12:36:28:559		
000:01:36.750	1113.8	23.1	22.9	1113.8	0.0	0.0	0.0	0.000	0.000	0.000	0.0	0.0		12:36:28:609		
000:01:36.800	1113.3	23.1	22.9	1113.3	0.0	0.0	0.0	0.000	0.000	0.000	0.0	0.0		12:36:28:659		
000:01:36.850	1113.5	23.1	22.9	1113.5	0.0	0.0	0.0	0.000	0.000	0.000	0.0	0.0		12:36:28:709		
000:01:36.900	1113.9	23.1	22.9	1113.9	0.0	0.0	0.0	0.000	0.000	0.000	0.0	0.0		12:36:28:759		
000:01:36.950	1114.2	23.1	22.9	1114.2	0.0	0.0	0.0	0.000	0.000	0.000	0.0	0.0		12:36:28:809		
000:01:37.000	1114.3	23.1	22.9	1114.3	0.0	0.0	0.0	0.000	0.000	0.000	0.0	0.0		12:36:28:859		
000:01:37.050	1114.1	23.1	22.9	1114.1	0.0	0.0	0.0	0.000	0.000	0.000	0.0	0.0		12:36:28:909		
000:01:37.100	1114.1	23.1	22.9	1114.1	0.0	0.0	0.0	0.000	0.000	0.000	0.0	0.0		12:36:28:959		
000:01:37.150	1114.2	23.1	22.9	1114.2	0.0	0.0	0.0	0.000	0.000	0.000	0.0	0.0		12:36:29:009		
000:01:37.200	1113.5	23.1	22.9	1113.5	0.0	0.0	0.0	0.000	0.000	0.000	0.0	0.0		12:36:29:059		
000:01:37.250	1113.7	23.1	22.9	1113.7	0.0	0.0	0.0	0.000	0.000	0.000	0.0	0.0		12:36:29:109		
000:01:37.300	1114.1	23.1	22.9	1114.1	0.0	0.0	0.0	0.000	0.000	0.000	0.0	0.0		12:36:29:159		
000:01:37.350	1114.4	23.1	22.9	1114.4	0.0	0.0	0.0	0.000	0.000	0.000	0.0	0.0		12:36:29:209		
000:01:37.400	1114.2	23.1	22.9	1114.2	0.0	0.0	0.0	0.000	0.000	0.000	0.0	0.0		12:36:29:259		
000:01:37.450	1114.6	23.1	22.9	1114.6	0.0	0.0	0.0	0.000	0.000	0.000	0.0	0.0		12:36:29:309		
000:01:37.500	1114.9	23.1	22.9	1114.9	0.0	0.0	0.0	0.000	0.000	0.000	0.0	0.0		12:36:29:359		
000:01:37.550	1114.8	23.1	22.9	1114.8	0.0	0.0	0.0	0.000	0.000	0.000	0.0	0.0		12:36:29:409		
000:01:37.600	1114.3	23.1	22.9	1114.3	0.0	0.0	0.0	0.000	0.000	0.000	0.0	0.0		12:36:29:459		
000:01:37.650	1114.8	23.1	22.9	1114.8	0.0	0.0	0.0	0.000	0.000	0.000	0.0	0.0		12:36:29:509		
000:01:37.700	1114.6	23.1	22.9	1114.6	0.0	0.0	0.0	0.000	0.000	0.000	0.0	0.0		12:36:29:559		
000:01:37.750	1114.5	23.1	22.9	1114.5	0.0	0.0	0.0	0.000	0.000	0.000	0.0	0.0		12:36:29:609		
000:01:37.800	1115.3	23.1	22.9	1115.3	0.0	0.0	0.0	0.000	0.000	0.000	0.0	0.0		12:36:29:659		
000:01:37.850	1115.3	23.1	22.9	1115.3	0.0	0.0	0.0	0.000	0.000	0.000	0.0	0.0		12:36:29:709		
000:01:37.900	1115.4	23.1	22.9	1115.4	0.0	0.0	0.0	0.000	0.000	0.000	0.0	0.0		12:36:29:759		
000:01:37.950	1115.6	23.1	22.9	1115.6	0.0	0.0	0.0	0.000	0.000	0.000	0.0	0.0		12:36:29:809		
000:01:38.000	1115.5	23.1	22.9	1115.5	0.0	0.0	0.0	0.000	0.000	0.000	0.0	0.0		12:36:29:859		
000:01:38.050	1115.1	23.1	22.9	1115.1	0.0	0.0	0.0	0.000	0.000	0.000	0.0	0.0		12:36:29:909		
000:01:38.100	1114.8	23.1	22.9	1114.8	0.0	0.0	0.0	0.000	0.000	0.000	0.0	0.0		12:36:29:959		
000:01:38.150	1115.5	23.1	22.9	1115.5	0.0	0.0	0.0	0.000	0.000	0.000	0.0	0.0		12:36:30:009		
000:01:38.200	1115.6	23.1	22.9	1115.6	0.0	0.0	0.0	0.000	0.000	0.000	0.0	0.0		12:36:30:059		
000:01:38.250	1115.6	23.1	22.9	1115.6	0.0	0.0	0.0	0.000	0.000	0.000	0.0	0.0		12:36:30:109		
000:01:38.300	1115.5	23.1	22.9	1115.5	0.0	0.0	0.0	0.000	0.000	0.000	0.0	0.0		12:36:30:159		
000:01:38.350	1115.8	23.1	22.9	1115.8	0.0	0.0	0.0	0.000	0.000	0.000	0.0	0.0		12:36:30:209		
000:01:38.400	1115.1	23.1	22.9	1115.1	0.0	0.0	0.0	0.000	0.000	0.000	0.0	0.0		12:36:30:259		
000:01:38.450	1115.2	23.1	22.9	1115.2	0.0	0.0	0.0	0.000	0.000	0.000	0.0	0.0		12:36:30:309		
000:01:38.500	1116.1	23.1	22.9	1116.1	0.0	0.0	0.0	0.000	0.000	0.000	0.0	0.0		12:36:30:359		
000:01:38.550	1116.2	23.1	22.9	1116.2	0.0	0.0	0.0	0.000	0.000	0.000	0.0	0.0		12:36:30:409		
000:01:38.600	1115.6	23.1	22.9	1115.6	0.0	0.0	0.0	0.000	0.000	0.000	0.0	0.0		12:36:30:459		
000:01:38.650	1115.2	23.1	22.9	1115.2	0.0	0.0	0.0	0.000	0.000	0.000	0.0	0.0		12:36:30:509		
000:01:38.700	1115.0	23.1	22.9	1115.0	0.0	0.0	0.0	0.000	0.000	0.000	0.0	0.0		12:36:30:559		
000:01:38.750	1115.6	23.1	22.9	1115.6	0.0	0.0	0.0	0.000	0.000	0.000	0.0	0.0		12:36:30:609		
000:01:38.800	1115.5	23.1	22.9	1115.5	0.0	0.0	0.0	0.000	0.000	0.000	0.0	0.0		12:36:30:659		
000:01:38.850	1115.4	23.1	22.9	1115.4	0.0	0.0	0.0	0.000	0.000	0.000	0.0	0.0		12:36:30:709		
000:01:38.900	1115.5	23.1	22.9	1115.5	0.0	0.0	0.0	0.000	0.000	0.000	0.0	0.0		12:36:30:759		
000:01:38.950	1115.5	23.1	22.9	1115.5	0.0	0.0	0.0	0.000	0.000	0.000	0.0	0.0		12:36:30:809		
000:01:39.000	1115.3	23.1	22.9	1115.3	0.0	0.0	0.0	0.000	0.000	0.000	0.0	0.0		12:36:30:859		
000:01:39.050	1115.9	23.1	22.9	1115.9	0.0	0.0	0.0	0.000	0.000	0.000	0.0	0.0		12:36:30:909		
000:01:39.100	1116.1	23.1	22.9	1116.1	0.0	0.0	0.0	0.000	0.000	0.000	0.0	0.0		12:36:30:959		
000:01:39.150	1116.0	23.1	22.9	1116.0	0.0	0.0	0.0	0.000	0.000	0.000	0.0	0.0		12:36:31:009		
000:01:39.200	1115.6	23.1	22.9	1115.6	0.0	0.0	0.0	0.000	0.000	0.000	0.0	0.0		12:36:31:059		
000:01:39.250	1115.5	23.1	22.9	1115.5	0.0	0.0	0.0	0.000	0.000	0.000	0.0	0.0		12:36:31:109		
000:01:39.300	1116.4	23.1	22.9	1116.4	0.0	0.0	0.0	0.000	0.000	0.000	0.0	0.0		12:36:31:159		
000:01:39.350	1116.6	23.1	22.9	1116.6	0.0	0.0	0.0	0.000	0.000	0.000	0.0	0.0		12:36:31:209		
000:01:39.400	1116.3	23.1	22.9	1116.3	0.0	0.0	0.0	0.000	0.000	0.000	0.0	0.0		12:36:31:259		
000:01:39.450	1116.2	23.1	22.9	1116.2	0.0	0.0	0.0	0.000	0.000	0.000	0.0	0.0		12:36:31:309		
000:01:39.500	1116.3	23.1	22.9	1116.3	0.0	0.0	0.0	0.000	0.000	0.000	0.0	0.0		12:36:31:359		
000:01:39.550	1116.8	23.1	22.9	1116.8	0.0	0.0	0.0	0.000	0.000	0.000	0.0	0.0		12:36:31:409		
000:01:39.600	1117.1	23.1	22.9	1117.1	0.0	0.0	0.0	0.000	0.000	0.000	0.0	0.0		12:36:31:459		
000:01:39.650	1117.4	23.1	22.9	1117.4	0.0	0.0	0.0	0.000	0.000	0.000	0.0	0.0		12:36:31:509		
000:01:39.700	1118.4	23.1	22.9	1118.4	0.0	0.0	0.0	0.000	0.000	0.000	0.0	0.0		12:36:31:559		
000:01:39.750	1118.4	23.1	22.9	1118.4	0.0	0.0	0.0	0.000	0.000	0.000	0.0	0.0		12:36:31:609		
000:01:39.800	1118.1	23.1	22.9	1118.1	0.0	0.0	0.0	0.000	0.000	0.000	0.0	0.0		12:36:31:659		
000:01:39.850	1117.9	23.1	22.9	1117.9	0.0	0.0	0.0	0.000	0.000	0.000	0.0	0.0		12:36:31:709		
000:01:39.900	1117.9	23.1	22.9	1117.9	0.0	0.0	0.0	0.000	0.000	0.000	0.0	0.0		12:36:31:759		
000:01:39.950	1117.8	23.1	22.9	1117.8	0.0	0.0	0.0	0.000	0.000	0.000	0.0	0.0		12:36:31:809		
000:01:40.000	1118.2	23.1	22.9	1118.2	0.0	0.0	0.0	0.000	0.000	0.000	0.0	0.0		12:36:31:859		
000:01:40.050	1118.5	23.1	22.9	1118.5	0.0	0.0	0.0	0.000	0.000	0.000	0.0	0.0		12:36:31:909		
000:01:40.100	1117.9	23.1	22.9	1117.9	0.0	0.0	0.0	0.000	0.000	0.000	0.0	0.0		12:36:31:959		
000:01:40.150	1118.0	23.1	22.9	1118.0	0.0	0.0	0.0	0.000	0.000	0.000	0.0	0.0		12:36:32:009		
000:01:40.200	1119.0	23.1	22.9	1119.0	0.0	0.0	0.0	0.000	0.000	0.000	0.0	0.0		12:36:32:059		
000:01:40.250	1118.7	23.1	22.9	1118.7	0.0	0.0	0.0	0.000	0.000	0.000	0.0	0.0		12:36:32:109		
000:01:40.300	1118.4	23.1	22.9	1118.4	0.0	0.0	0.0	0.000	0.000	0.000	0.0	0.0		12:36:32:159		
000:01:40.350	1118.6	23.1	22.9	1118.6	0.0	0.0	0.0	0.000	0.000	0.000	0.0	0.0		12:36:32:209		
000:01:40.400	1118.7	23.1	22.9	1118.7	0.0	0.0	0.0	0.000	0.000	0.000	0.0	0.0		12:36:32:259		
000:01:40.450	1119.2	23.1	22.9	1119.2	0.0	0.0	0.0	0.000	0.000	0.000	0.0	0.0		12:36:32:309		
000:01:40.500	1119.0	23.1	22.9	1119.0	0.0	0.0	0.0	0.000	0.000	0.000	0.0	0.0		12:36:32:359		
000:01:40.550	1118.9	23.1	22.9	1118.9	0.0	0.0	0.0	0.000	0.000	0.000	0.0	0.0		12:36:32:409		
000:01:40.600	1118.9	23.1	22.9	1118.9	0.0	0.0	0.0	0.000	0.000	0.000	0.0	0.0		12:36:32:459		
000:01:40.650	1118.8	23.1	22.9	1118.8	0.0	0.0	0.0	0.000	0.000	0.000	0.0	0.0		12:36:32:509		
000:01:40.700	1119.1	23.1	22.9	1119.1	0.0	0.0	0.0	0.000	0.000	0.000	0.0	0.0		12:36:32:559		
000:01:40.750	1119.3	23.1	22.9	1119.3	0.0	0.0	0.0	0.000	0.000	0.000	0.0	0.0		12:36:32:609		
000:01:40.800	1119.3	23.1	22.9	1119.3	0.0	0.0	0.0	0.000	0.000	0.000	0.0	0.0		12:36:32:659		
000:01:40.850	1119.0	23.1	22.9	1119.0	0.0	0.0	0.0	0.000	0.000	0.000	0.0	0.0		12:36:32:709		
000:01:40.900	1119.6	23.1	22.9	1119.6	0.0	0.0	0.0	0.000	0.000	0.000	0.0	0.0		12:36:32:759		
000:01:40.950	1119.2	23.1	22.9	1119.2	0.0	0.0	0.0	0.000	0.000	0.000	0.0	0.0		12:36:32:809		
000:01:41.000	1119.5	23.1	22.9	1119.5	0.0	0.0	0.0	0.000	0.000	0.000	0.0	0.0		12:36:32:859		
000:01:41.050	1119.4	23.1	22.9	1119.4	0.0	0.0	0.0	0.000	0.000	0.000	0.0	0.0		12:36:32:909		
000:01:41.100	1119.4	23.1	22.9	1119.4	0.0	0.0	0.0	0.000	0.000	0.000	0.0	0.0		12:36:32:959		
000:01:41.150	1119.6	23.1	22.9	1119.6	0.0	0.0	0.0	0.000	0.000	0.000	0.0	0.0		12:36:33:009		
000:01:41.200	1119.6	23.1	22.9	1119.6	0.0	0.0	0.0	0.000	0.000	0.000	0.0	0.0		12:36:33:059		
000:01:41.250	1119.6	23.1	22.9	1119.6	0.0	0.0	0.0	0.000	0.000	0.000	0.0	0.0		12:36:33:109		
000:01:41.300	1120.1	23.1	22.9	1120.1	0.0	0.0	0.0	0.000	0.000	0.000	0.0	0.0		12:36:33:159		
000:01:41.350	1120.2	23.1	22.9	1120.2	0.0	0.0	0.0	0.000	0.000	0.000	0.0	0.0		12:36:33:209		
000:01:41.400	1120.1	23.1	22.9	1120.1	0.0	0.0	0.0	0.000	0.000	0.000	0.0	0.0		12:36:33:259		
000:01:41.450	1119.8	23.1	22.9	1119.8	0.0	0.0	0.0	0.000	0.000	0.000	0.0	0.0		12:36:33:309		
000:01:41.500	1119.3	23.1	22.9	1119.3	0.0	0.0	0.0	0.000	0.000	0.000	0.0	0.0		12:36:33:359		
000:01:41.550	1119.5	23.1	22.9	1119.5	0.0	0.0	0.0	0.000	0.000	0.000	0.0	0.0		12:36:33:409		
000:01:41.600	1120.3	23.1	22.9	1120.3	0.0	0.0	0.0	0.000	0.000	0.000	0.0	0.0		12:36:33:459		
000:01:41.650	1120.4	23.1	22.9	1120.4	0.0	0.0	0.0	0.000	0.000	0.000	0.0	0.0		12:36:33:509		
000:01:41.700	1120.3	23.1	22.9	1120.3	0.0	0.0	0.0	0.000	0.000	0.000	0.0	0.0		12:36:33:559		
000:01:41.750	1120.3	23.1	22.9	1120.3	0.0	0.0	0.0	0.000	0.000	0.000	0.0	0.0		12:36:33:609		
000:01:41.800	1120.3	23.1	22.9	1120.3	0.0	0.0	0.0	0.000	0.000	0.000	0.0	0.0		12:36:33:659		
000:01:41.850	1120.3	23.1	22.9	1120.3	0.0	0.0	0.0	0.000	0.000	0.000	0.0	0.0		12:36:33:709		
000:01:41.900	1120.1	23.1	22.9	1120.1	0.0	0.0	0.0	0.000	0.000	0.000	0.0	0.0		12:36:33:759		
000:01:41.950	1120.2	23.1	22.9	1120.2	0.0	0.0	0.0	0.000	0.000	0.000	0.0	0.0		12:36:33:809		
000:01:42.000	1120.0	23.1	22.9	1120.0	0.0	0.0	0.0	0.000	0.000	0.000	0.0	0.0		12:36:33:859		
000:01:42.050	1120.0	23.1	22.9	1120.0	0.0	0.0	0.0	0.000	0.000	0.000	0.0	0.0		12:36:33:909		
000:01:42.100	1119.5	23.1	22.9	1119.5	0.0	0.0	0.0	0.000	0.000	0.000	0.0	0.0		12:36:33:959		
000:01:42.150	1119.5	23.1	22.9	1119.5	0.0	0.0	0.0	0.000	0.000	0.000	0.0	0.0		12:36:34:009		
000:01:42.200	1120.0	23.1	22.9	1120.0	0.0	0.0	0.0	0.000	0.000	0.000	0.0	0.0		12:36:34:059		
000:01:42.250	1120.3	23.1	22.9	1120.3	0.0	0.0	0.0	0.000	0.000	0.000	0.0	0.0		12:36:34:109		
000:01:42.300	1120.2	23.1	22.9	1120.2	0.0	0.0	0.0	0.000	0.000	0.000	0.0	0.0		12:36:34:159		
000:01:42.350	1120.0	23.1	22.9	1120.0	0.0	0.0	0.0	0.000	0.000	0.000	0.0	0.0		12:36:34:209		
000:01:42.400	1119.8	23.1	22.9	1119.8	0.0	0.0	0.0	0.000	0.000	0.000	0.0	0.0		12:36:34:259		
000:01:42.450	1119.5	23.1	22.9	1119.5	0.0	0.0	0.0	0.000	0.000	0.000	0.0	0.0		12:36:34:309		
000:01:42.500	1119.3	23.1	22.9	1119.3	0.0	0.0	0.0	0.000	0.000	0.000	0.0	0.0		12:36:34:359		
000:01:42.550	1119.3	23.1	22.9	1119.3	0.0	0.0	0.0	0.000	0.000	0.000	0.0	0.0		12:36:34:409		
000:01:42.600	1119.5	23.1	22.9	1119.5	0.0	0.0	0.0	0.000	0.000	0.000	0.0	0.0		12:36:34:459		
000:01:42.650	1119.5	23.1	22.9	1119.5	0.0	0.0	0.0	0.000	0.000	0.000	0.0	0.0		12:36:34:509		
000:01:42.700	1118.9	23.1	22.9	1118.9	0.0	0.0	0.0	0.000	0.000	0.000	0.0	0.0		12:36:34:559		
000:01:42.750	1118.6	23.1	22.9	1118.6	0.0	0.0	0.0	0.000	0.000	0.000	0.0	0.0		12:36:34:609		
000:01:42.800	1118.4	23.1	22.9	1118.4	0.0	0.0	0.0	0.000	0.000	0.000	0.0	0.0		12:36:34:659		
000:01:42.850	1118.3	23.1	22.9	1118.3	0.0	0.0	0.0	0.000	0.000	0.000	0.0	0.0		12:36:34:709		
000:01:42.900	1118.4	23.1	22.9	1118.4	0.0	0.0	0.0	0.000	0.000	0.000	0.0	0.0		12:36:34:759		
000:01:42.950	1118.0	23.1	22.9	1118.0	0.0	0.0	0.0	0.000	0.000	0.000	0.0	0.0		12:36:34:809		
000:01:43.000	1118.0	23.1	22.9	1118.0	0.0	0.0	0.0	0.000	0.000	0.000	0.0	0.0		12:36:34:859		
000:01:43.050	1117.8	23.1	22.9	1117.8	0.0	0.0	0.0	0.000	0.000	0.000	0.0	0.0		12:36:34:909		
000:01:43.100	1117.0	23.1	22.9	1117.0	0.0	0.0	0.0	0.000	0.000	0.000	0.0	0.0		12:36:34:959		
000:01:43.150	1116.4	23.1	22.9	1116.4	0.0	0.0	0.0	0.000	0.000	0.000	0.0	0.0		12:36:35:009		
000:01:43.200	1116.2	23.1	22.9	1116.2	0.0	0.0	0.0	0.000	0.000	0.000	0.0	0.0		12:36:35:059		
000:01:43.250	1116.2	23.1	22.9	1116.2	0.0	0.0	0.0	0.000	0.000	0.000	0.0	0.0		12:36:35:109		
000:01:43.300	1116.2	23.1	22.9	1116.2	0.0	0.0	0.0	0.000	0.000	0.000	0.0	0.0		12:36:35:159		
000:01:43.350	1116.4	23.1	22.9	1116.4	0.0	0.0	0.0	0.000	0.000	0.000	0.0	0.0		12:36:35:209		
000:01:43.400	1116.2	23.1	22.9	1116.2	0.0	0.0	0.0	0.000	0.000	0.000	0.0	0.0		12:36:35:259		
000:01:43.450	1115.9	23.1	22.9	1115.9	0.0	0.0	0.0	0.000	0.000	0.000	0.0	0.0		12:36:35:309		
000:01:43.500	1116.0	23.1	22.9	1116.0	0.0	0.0	0.0	0.000	0.000	0.000	0.0	0.0		12:36:35:359		
000:01:43.550	1115.8	23.1	22.9	1115.8	0.0	0.0	0.0	0.000	0.000	0.000	0.0	0.0		12:36:35:409		
000:01:43.600	1116.4	23.1	22.9	1116.4	0.0	0.0	0.0	0.000	0.000	0.000	0.0	0.0		12:36:35:459		
000:01:43.650	1116.9	23.1	22.9	1116.9	0.0	0.0	0.0	0.000	0.000	0.000	0.0	0.0		12:36:35:509		
000:01:43.700	1117.0	23.1	22.9	1117.0	0.0	0.0	0.0	0.000	0.000	0.000	0.0	0.0		12:36:35:559		
000:01:43.750	1118.1	23.1	22.9	1118.1	0.0	0.0	0.0	0.000	0.000	0.000	0.0	0.0		12:36:35:609		
000:01:43.800	1119.0	23.1	22.9	1119.0	0.0	0.0	0.0	0.000	0.000	0.000	0.0	0.0		12:36:35:659		
000:01:43.850	1119.2	23.1	22.9	1119.2	0.0	0.0	0.0	0.000	0.000	0.000	0.0	0.0		12:36:35:709		
000:01:43.900	1119.6	23.1	22.9	1119.6	0.0	0.0	0.0	0.000	0.000	0.000	0.0	0.0		12:36:35:759		
000:01:43.950	1120.3	23.1	22.9	1120.3	0.0	0.0	0.0	0.000	0.000	0.000	0.0	0.0		12:36:35:809		
000:01:44.000	1120.7	23.1	22.9	1120.7	0.0	0.0	0.0	0.000	0.000	0.000	0.0	0.0		12:36:35:859		
000:01:44.050	1121.4	23.1	22.9	1121.4	0.0	0.0	0.0	0.000	0.000	0.000	0.0	0.0		12:36:35:909		
000:01:44.100	1122.2	23.1	22.9	1122.2	0.0	0.0	0.0	0.000	0.000	0.000	0.0	0.0		12:36:35:959		
000:01:44.150	1127.6	23.1	22.9	1127.6	0.0	0.0	0.0	0.000	0.000	0.000	0.0	0.0		12:36:36:009		
000:01:44.200	1132.4	23.1	22.9	1132.4	0.0	0.0	0.0	0.000	0.000	0.000	0.0	0.0		12:36:36:059		
000:01:44.250	1133.9	23.1	22.9	1133.9	0.0	0.0	0.0	0.000	0.000	0.000	0.0	0.0		12:36:36:109		
000:01:44.300	1135.3	23.1	22.9	1135.3	0.0	0.0	0.0	0.000	0.000	0.000	0.0	0.0		12:36:36:159		
000:01:44.350	1136.2	23.1	22.9	1136.2	0.0	0.0	0.0	0.000	0.000	0.000	0.0	0.0		12:36:36:209		
000:01:44.400	1136.8	23.1	22.9	1136.8	0.0	0.0	0.0	0.000	0.000	0.000	0.0	0.0		12:36:36:259		
000:01:44.450	1137.2	23.1	22.9	1137.2	0.0	0.0	0.0	0.000	0.000	0.000	0.0	0.0		12:36:36:309		
000:01:44.500	1138.7	23.1	22.9	1138.7	0.0	0.0	0.0	0.000	0.000	0.000	0.0	0.0		12:36:36:359		
000:01:44.550	1139.1	23.1	22.9	1139.1	0.0	0.0	0.0	0.000	0.000	0.000	0.0	0.0		12:36:36:409		
000:01:44.600	1139.0	23.1	22.9	1139.0	0.0	0.0	0.0	0.000	0.000	0.000	0.0	0.0		12:36:36:459		
000:01:44.650	1139.3	23.1	22.9	1139.3	0.0	0.0	0.0	0.000	0.000	0.000	0.0	0.0		12:36:36:509		
000:01:44.700	1139.1	23.1	22.9	1139.1	0.0	0.0	0.0	0.000	0.000	0.000	0.0	0.0		12:36:36:559		
000:01:44.750	1139.3	23.1	22.9	1139.3	0.0	0.0	0.0	0.000	0.000	0.000	0.0	0.0		12:36:36:609		
000:01:44.800	1140.1	23.1	22.9	1140.1	0.0	0.0	0.0	0.000	0.000	0.000	0.0	0.0		12:36:36:659		
000:01:44.850	1140.2	23.1	22.9	1140.2	0.0	0.0	0.0	0.000	0.000	0.000	0.0	0.0		12:36:36:709		
000:01:44.900	1140.9	23.1	22.9	1140.9	0.0	0.0	0.0	0.000	0.000	0.000	0.0	0.0		12:36:36:759		
000:01:44.950	1139.9	23.1	22.9	1139.9	0.0	0.0	0.0	0.000	0.000	0.000	0.0	0.0		12:36:36:809		
000:01:45.000	1139.1	23.1	22.9	1139.1	0.0	0.0	0.0	0.000	0.000	0.000	0.0	0.0		12:36:36:859		
000:01:45.050	1139.9	23.1	22.9	1139.9	0.0	0.0	0.0	0.000	0.000	0.000	0.0	0.0		12:36:36:909		
000:01:45.100	1139.4	23.1	22.9	1139.4	0.0	0.0	0.0	0.000	0.000	0.000	0.0	0.0		12:36:36:959		
000:01:45.150	1140.2	23.1	22.9	1140.2	0.0	0.0	0.0	0.000	0.000	0.000	0.0	0.0		12:36:37:009		
000:01:45.200	1139.6	23.1	22.9	1139.6	0.0	0.0	0.0	0.000	0.000	0.000	0.0	0.0		12:36:37:059		
000:01:45.250	1140.9	23.1	22.9	1140.9	0.0	0.0	0.0	0.000	0.000	0.000	0.0	0.0		12:36:37:109		
000:01:45.300	1140.4	23.1	22.9	1140.4	0.0	0.0	0.0	0.000	0.000	0.000	0.0	0.0		12:36:37:159		
000:01:45.350	1135.9	23.1	22.9	1135.9	0.0	0.0	0.0	0.000	0.000	0.000	0.0	0.0		12:36:37:209		
000:01:45.400	1131.7	23.1	22.9	1131.7	0.0	0.0	0.0	0.000	0.000	0.000	0.0	0.0		12:36:37:259		
000:01:45.450	1130.1	23.1	22.9	1130.1	0.0	0.0	0.0	0.000	0.000	0.000	0.0	0.0		12:36:37:309		
000:01:45.500	1128.7	23.1	22.9	1128.7	0.0	0.0	0.0	0.000	0.000	0.000	0.0	0.0		12:36:37:359		
000:01:45.550	1125.1	23.1	22.9	1125.1	0.0	0.0	0.0	0.000	0.000	0.000	0.0	0.0		12:36:37:409		
000:01:45.600	1124.4	23.1	22.9	1124.4	0.0	0.0	0.0	0.000	0.000	0.000	0.0	0.0		12:36:37:459		
000:01:45.650	1125.0	23.1	22.9	1125.0	0.0	0.0	0.0	0.000	0.000	0.000	0.0	0.0		12:36:37:509		
000:01:45.700	1121.5	23.1	22.9	1121.5	0.0	0.0	0.0	0.000	0.000	0.000	0.0	0.0		12:36:37:559		
000:01:45.750	1119.2	23.1	22.9	1119.2	0.0	0.0	0.0	0.000	0.000	0.000	0.0	0.0		12:36:37:609		
000:01:45.800	1118.7	23.1	22.9	1118.7	0.0	0.0	0.0	0.000	0.000	0.000	0.0	0.0		12:36:37:659		
000:01:45.850	1123.1	23.1	22.9	1123.1	0.0	0.0	0.0	0.000	0.000	0.000	0.0	0.0		12:36:37:709		
000:01:45.900	1128.0	23.1	22.9	1128.0	0.0	0.0	0.0	0.000	0.000	0.000	0.0	0.0		12:36:37:759		
000:01:45.950	1128.5	23.1	22.9	1128.5	0.0	0.0	0.0	0.000	0.000	0.000	0.0	0.0		12:36:37:809		
000:01:46.000	1126.8	23.1	22.9	1126.8	0.0	0.0	0.0	0.000	0.000	0.000	0.0	0.0		12:36:37:859		
000:01:46.050	1125.0	23.1	22.9	1125.0	0.0	0.0	0.0	0.000	0.000	0.000	0.0	0.0		12:36:37:909		
000:01:46.100	1124.4	23.1	22.9	1124.4	0.0	0.0	0.0	0.000	0.000	0.000	0.0	0.0		12:36:37:959		
000:01:46.150	1126.8	23.1	22.9	1126.8	0.0	0.0	0.0	0.000	0.000	0.000	0.0	0.0		12:36:38:009		
000:01:46.200	1129.3	23.1	22.9	1129.3	0.0	0.0	0.0	0.000	0.000	0.000	0.0	0.0		12:36:38:059		
000:01:46.250	1131.8	23.1	22.9	1131.8	0.0	0.0	0.0	0.000	0.000	0.000	0.0	0.0		12:36:38:109		
000:01:46.300	1131.9	23.1	22.9	1131.9	0.0	0.0	0.0	0.000	0.000	0.000	0.0	0.0		12:36:38:159		
000:01:46.350	1128.1	23.1	22.9	1128.1	0.0	0.0	0.0	0.000	0.000	0.000	0.0	0.0		12:36:38:209		
000:01:46.400	1126.2	23.1	22.9	1126.2	0.0	0.0	0.0	0.000	0.000	0.000	0.0	0.0		12:36:38:259		
000:01:46.450	1125.4	23.1	22.9	1125.4	0.0	0.0	0.0	0.000	0.000	0.000	0.0	0.0		12:36:38:309		
000:01:46.500	1125.9	23.1	22.9	1125.9	0.0	0.0	0.0	0.000	0.000	0.000	0.0	0.0		12:36:38:359		
000:01:46.550	1126.8	23.1	22.9	1126.8	0.0	0.0	0.0	0.000	0.000	0.000	0.0	0.0		12:36:38:409		
000:01:46.600	1127.8	23.1	22.9	1127.8	0.0	0.0	0.0	0.000	0.000	0.000	0.0	0.0		12:36:38:459		
000:01:46.650	1127.9	23.1	22.9	1127.9	0.0	0.0	0.0	0.000	0.000	0.000	0.0	0.0		12:36:38:509		
000:01:46.700	1126.5	23.1	22.9	1126.5	0.0	0.0	0.0	0.000	0.000	0.000	0.0	0.0		12:36:38:559		
000:01:46.750	1124.4	23.1	22.9	1124.4	0.0	0.0	0.0	0.000	0.000	0.000	0.0	0.0		12:36:38:609		
000:01:46.800	1122.8	23.1	22.9	1122.8	0.0	0.0	0.0	0.000	0.000	0.000	0.0	0.0		12:36:38:659		
000:01:46.850	1122.4	23.1	22.9	1122.4	0.0	0.0	0.0	0.000	0.000	0.000	0.0	0.0		12:36:38:709		
000:01:46.900	1123.2	23.1	22.9	1123.2	0.0	0.0	0.0	0.000	0.000	0.000	0.0	0.0		12:36:38:759		
000:01:46.950	1123.2	23.1	22.9	1123.2	0.0	0.0	0.0	0.000	0.000	0.000	0.0	0.0		12:36:38:809		
000:01:47.000	1122.8	23.1	22.9	1122.8	0.0	0.0	0.0	0.000	0.000	0.000	0.0	0.0		12:36:38:859		
000:01:47.050	1121.4	23.1	22.9	1121.4	0.0	0.0	0.0	0.000	0.000	0.000	0.0	0.0		12:36:38:909		
000:01:47.100	1120.5	23.1	22.9	1120.5	0.0	0.0	0.0	0.000	0.000	0.000	0.0	0.0		12:36:38:959		
000:01:47.150	1120.8	23.1	22.9	1120.8	0.0	0.0	0.0	0.000	0.000	0.000	0.0	0.0		12:36:39:009		
000:01:47.200	1120.3	23.1	22.9	1120.3	0.0	0.0	0.0	0.000	0.000	0.000	0.0	0.0		12:36:39:059		
000:01:47.250	1119.1	23.1	22.9	1119.1	0.0	0.0	0.0	0.000	0.000	0.000	0.0	0.0		12:36:39:109		
000:01:47.300	1118.5	23.1	22.9	1118.5	0.0	0.0	0.0	0.000	0.000	0.000	0.0	0.0		12:36:39:159		
000:01:47.350	1119.4	23.1	22.9	1119.4	0.0	0.0	0.0	0.000	0.000	0.000	0.0	0.0		12:36:39:209		
000:01:47.400	1118.6	23.1	23.0	1118.6	0.0	0.0	0.0	0.000	0.000	0.000	0.0	0.0		12:36:39:259		
000:01:47.450	1118.1	23.1	23.0	1118.1	0.0	0.0	0.0	0.000	0.000	0.000	0.0	0.0		12:36:39:309		
000:01:47.500	1117.7	23.1	23.0	1117.7	0.0	0.0	0.0	0.000	0.000	0.000	0.0	0.0		12:36:39:359		
000:01:47.550	1117.6	23.1	23.0	1117.6	0.0	0.0	0.0	0.000	0.000	0.000	0.0	0.0		12:36:39:409		
000:01:47.600	1116.1	23.1	23.0	1116.1	0.0	0.0	0.0	0.000	0.000	0.000	0.0	0.0		12:36:39:459		
000:01:47.650	1115.8	23.1	23.0	1115.8	0.0	0.0	0.0	0.000	0.000	0.000	0.0	0.0		12:36:39:509		
000:01:47.700	1116.2	23.1	23.0	1116.2	0.0	0.0	0.0	0.000	0.000	0.000	0.0	0.0		12:36:39:559		
000:01:47.750	1117.1	23.1	23.0	1117.1	0.0	0.0	0.0	0.000	0.000	0.000	0.0	0.0		12:36:39:609		
000:01:47.800	1116.2	23.1	23.0	1116.2	0.0	0.0	0.0	0.000	0.000	0.000	0.0	0.0		12:36:39:659		
000:01:47.850	1114.0	23.1	23.0	1114.0	0.0	0.0	0.0	0.000	0.000	0.000	0.0	0.0		12:36:39:709		
000:01:47.900	1113.3	23.1	23.0	1113.3	0.0	0.0	0.0	0.000	0.000	0.000	0.0	0.0		12:36:39:759		
000:01:47.950	1113.5	23.1	23.0	1113.5	0.0	0.0	0.0	0.000	0.000	0.000	0.0	0.0		12:36:39:809		
000:01:48.000	1113.2	23.1	23.0	1113.2	0.0	0.0	0.0	0.000	0.000	0.000	0.0	0.0		12:36:39:859		
000:01:48.050	1111.1	23.1	23.0	1111.1	0.0	0.0	0.0	0.000	0.000	0.000	0.0	0.0		12:36:39:909		
000:01:48.100	1109.6	23.1	23.0	1109.6	0.0	0.0	0.0	0.000	0.000	0.000	0.0	0.0		12:36:39:959		
000:01:48.150	1109.4	23.1	23.0	1109.4	0.0	0.0	0.0	0.000	0.000	0.000	0.0	0.0		12:36:40:009		
000:01:48.200	1109.8	23.1	23.0	1109.8	0.0	0.0	0.0	0.000	0.000	0.000	0.0	0.0		12:36:40:059		
000:01:48.250	1109.8	23.1	23.0	1109.8	0.0	0.0	0.0	0.000	0.000	0.000	0.0	0.0		12:36:40:109		
000:01:48.300	1109.2	23.1	23.0	1109.2	0.0	0.0	0.0	0.000	0.000	0.000	0.0	0.0		12:36:40:159		
000:01:48.350	1108.3	23.1	23.0	1108.3	0.0	0.0	0.0	0.000	0.000	0.000	0.0	0.0		12:36:40:209		
000:01:48.400	1106.2	23.1	23.0	1106.2	0.0	0.0	0.0	0.000	0.000	0.000	0.0	0.0		12:36:40:259		
000:01:48.450	1105.5	23.1	23.0	1105.5	0.0	0.0	0.0	0.000	0.000	0.000	0.0	0.0		12:36:40:309		
000:01:48.500	1106.6	23.1	23.0	1106.6	0.0	0.0	0.0	0.000	0.000	0.000	0.0	0.0		12:36:40:359		
000:01:48.550	1106.4	23.1	23.0	1106.4	0.0	0.0	0.0	0.000	0.000	0.000	0.0	0.0		12:36:40:409		
000:01:48.600	1104.8	23.1	23.0	1104.8	0.0	0.0	0.0	0.000	0.000	0.000	0.0	0.0		12:36:40:459		
000:01:48.650	1104.8	23.1	23.0	1104.8	0.0	0.0	0.0	0.000	0.000	0.000	0.0	0.0		12:36:40:509		
000:01:48.700	1105.7	23.1	23.0	1105.7	0.0	0.0	0.0	0.000	0.000	0.000	0.0	0.0		12:36:40:559		
000:01:48.750	1105.5	23.1	23.0	1105.5	0.0	0.0	0.0	0.000	0.000	0.000	0.0	0.0		12:36:40:609		
000:01:48.800	1104.9	23.1	23.0	1104.9	0.0	0.0	0.0	0.000	0.000	0.000	0.0	0.0		12:36:40:659		
000:01:48.850	1103.1	23.1	23.0	1103.1	0.0	0.0	0.0	0.000	0.000	0.000	0.0	0.0		12:36:40:709		
000:01:48.900	1103.2	23.1	23.0	1103.2	0.0	0.0	0.0	0.000	0.000	0.000	0.0	0.0		12:36:40:759		
000:01:48.950	1102.8	23.1	23.0	1102.8	0.0	0.0	0.0	0.000	0.000	0.000	0.0	0.0		12:36:40:809		
000:01:49.000	1102.0	23.1	23.0	1102.0	0.0	0.0	0.0	0.000	0.000	0.000	0.0	0.0		12:36:40:859		
000:01:49.050	1102.3	23.1	23.0	1102.3	0.0	0.0	0.0	0.000	0.000	0.000	0.0	0.0		12:36:40:909		
000:01:49.100	1102.0	23.1	23.0	1102.0	0.0	0.0	0.0	0.000	0.000	0.000	0.0	0.0		12:36:40:959		
000:01:49.150	1100.8	23.1	23.0	1100.8	0.0	0.0	0.0	0.000	0.000	0.000	0.0	0.0		12:36:41:009		
000:01:49.200	1100.4	23.1	23.0	1100.4	0.0	0.0	0.0	0.000	0.000	0.000	0.0	0.0		12:36:41:059		
000:01:49.250	1100.0	23.1	23.0	1100.0	0.0	0.0	0.0	0.000	0.000	0.000	0.0	0.0		12:36:41:109		
000:01:49.300	1099.7	23.1	23.0	1099.7	0.0	0.0	0.0	0.000	0.000	0.000	0.0	0.0		12:36:41:159		
000:01:49.350	1099.4	23.1	23.0	1099.4	0.0	0.0	0.0	0.000	0.000	0.000	0.0	0.0		12:36:41:209		
000:01:49.400	1099.3	23.1	23.0	1099.3	0.0	0.0	0.0	0.000	0.000	0.000	0.0	0.0		12:36:41:259		
000:01:49.450	1098.3	23.1	23.0	1098.3	0.0	0.0	0.0	0.000	0.000	0.000	0.0	0.0		12:36:41:309		
000:01:49.500	1097.7	23.1	23.0	1097.7	0.0	0.0	0.0	0.000	0.000	0.000	0.0	0.0		12:36:41:359		
000:01:49.550	1098.0	23.1	23.0	1098.0	0.0	0.0	0.0	0.000	0.000	0.000	0.0	0.0		12:36:41:409		
000:01:49.600	1097.5	23.1	23.0	1097.5	0.0	0.0	0.0	0.000	0.000	0.000	0.0	0.0		12:36:41:459		
000:01:49.650	1097.5	23.1	23.0	1097.5	0.0	0.0	0.0	0.000	0.000	0.000	0.0	0.0		12:36:41:509		
000:01:49.700	1096.9	23.1	23.0	1096.9	0.0	0.0	0.0	0.000	0.000	0.000	0.0	0.0		12:36:41:559		
000:01:49.750	1096.7	23.1	23.0	1096.7	0.0	0.0	0.0	0.000	0.000	0.000	0.0	0.0		12:36:41:609		
000:01:49.800	1096.8	23.1	23.0	1096.8	0.0	0.0	0.0	0.000	0.000	0.000	0.0	0.0		12:36:41:659		
000:01:49.850	1096.2	23.1	23.0	1096.2	0.0	0.0	0.0	0.000	0.000	0.000	0.0	0.0		12:36:41:709		
000:01:49.900	1096.0	23.1	23.0	1096.0	0.0	0.0	0.0	0.000	0.000	0.000	0.0	0.0		12:36:41:759		
000:01:49.950	1095.5	23.1	23.0	1095.5	0.0	0.0	0.0	0.000	0.000	0.000	0.0	0.0		12:36:41:809		
000:01:50.000	1095.4	23.1	23.0	1095.4	0.0	0.0	0.0	0.000	0.000	0.000	0.0	0.0		12:36:41:859		
000:01:50.050	1095.2	23.1	23.0	1095.2	0.0	0.0	0.0	0.000	0.000	0.000	0.0	0.0		12:36:41:909		
000:01:50.100	1094.7	23.1	23.0	1094.7	0.0	0.0	0.0	0.000	0.000	0.000	0.0	0.0		12:36:41:959		
000:01:50.150	1094.2	23.1	23.0	1094.2	0.0	0.0	0.0	0.000	0.000	0.000	0.0	0.0		12:36:42:009		
000:01:50.200	1094.4	23.1	23.0	1094.4	0.0	0.0	0.0	0.000	0.000	0.000	0.0	0.0		12:36:42:059		
000:01:50.250	1094.5	23.1	23.0	1094.5	0.0	0.0	0.0	0.000	0.000	0.000	0.0	0.0		12:36:42:109		
000:01:50.300	1093.7	23.1	23.0	1093.7	0.0	0.0	0.0	0.000	0.000	0.000	0.0	0.0		12:36:42:159		
000:01:50.350	1093.5	23.1	23.0	1093.5	0.0	0.0	0.0	0.000	0.000	0.000	0.0	0.0		12:36:42:209		
000:01:50.400	1093.2	23.1	23.0	1093.2	0.0	0.0	0.0	0.000	0.000	0.000	0.0	0.0		12:36:42:259		
000:01:50.450	1093.1	23.1	23.0	1093.1	0.0	0.0	0.0	0.000	0.000	0.000	0.0	0.0		12:36:42:309		
000:01:50.500	1093.1	23.1	23.0	1093.1	0.0	0.0	0.0	0.000	0.000	0.000	0.0	0.0		12:36:42:359		
000:01:50.550	1092.8	23.1	23.0	1092.8	0.0	0.0	0.0	0.000	0.000	0.000	0.0	0.0		12:36:42:409		
000:01:50.600	1092.3	23.1	23.0	1092.3	0.0	0.0	0.0	0.000	0.000	0.000	0.0	0.0		12:36:42:459		
000:01:50.650	1092.3	23.1	23.0	1092.3	0.0	0.0	0.0	0.000	0.000	0.000	0.0	0.0		12:36:42:509		
000:01:50.700	1092.5	23.1	23.0	1092.5	0.0	0.0	0.0	0.000	0.000	0.000	0.0	0.0		12:36:42:559		
000:01:50.750	1091.8	23.1	23.0	1091.8	0.0	0.0	0.0	0.000	0.000	0.000	0.0	0.0		12:36:42:609		
000:01:50.800	1091.7	23.1	23.0	1091.7	0.0	0.0	0.0	0.000	0.000	0.000	0.0	0.0		12:36:42:659		
000:01:50.850	1091.5	23.1	23.0	1091.5	0.0	0.0	0.0	0.000	0.000	0.000	0.0	0.0		12:36:42:709		
000:01:50.900	1091.2	23.1	23.0	1091.2	0.0	0.0	0.0	0.000	0.000	0.000	0.0	0.0		12:36:42:759		
000:01:50.950	1090.7	23.1	23.0	1090.7	0.0	0.0	0.0	0.000	0.000	0.000	0.0	0.0		12:36:42:809		
000:01:51.000	1091.0	23.1	23.0	1091.0	0.0	0.0	0.0	0.000	0.000	0.000	0.0	0.0		12:36:42:859		
000:01:51.050	1090.9	23.1	23.0	1090.9	0.0	0.0	0.0	0.000	0.000	0.000	0.0	0.0		12:36:42:909		
000:01:51.100	1090.9	23.1	23.0	1090.9	0.0	0.0	0.0	0.000	0.000	0.000	0.0	0.0		12:36:42:959		
000:01:51.150	1090.5	23.1	23.0	1090.5	0.0	0.0	0.0	0.000	0.000	0.000	0.0	0.0		12:36:43:009		
000:01:51.200	1090.3	23.1	23.0	1090.3	0.0	0.0	0.0	0.000	0.000	0.000	0.0	0.0		12:36:43:059		
000:01:51.250	1089.6	23.1	23.0	1089.6	0.0	0.0	0.0	0.000	0.000	0.000	0.0	0.0		12:36:43:109		
000:01:51.300	1089.4	23.1	23.0	1089.4	0.0	0.0	0.0	0.000	0.000	0.000	0.0	0.0		12:36:43:159		
000:01:51.350	1089.7	23.1	23.0	1089.7	0.0	0.0	0.0	0.000	0.000	0.000	0.0	0.0		12:36:43:209		
000:01:51.400	1089.2	23.1	23.0	1089.2	0.0	0.0	0.0	0.000	0.000	0.000	0.0	0.0		12:36:43:259		
000:01:51.450	1089.1	23.1	23.0	1089.1	0.0	0.0	0.0	0.000	0.000	0.000	0.0	0.0		12:36:43:309		
000:01:51.500	1088.4	23.1	23.0	1088.4	0.0	0.0	0.0	0.000	0.000	0.000	0.0	0.0		12:36:43:359		
000:01:51.550	1088.4	23.1	23.0	1088.4	0.0	0.0	0.0	0.000	0.000	0.000	0.0	0.0		12:36:43:409		
000:01:51.600	1088.6	23.1	23.0	1088.6	0.0	0.0	0.0	0.000	0.000	0.000	0.0	0.0		12:36:43:459		
000:01:51.650	1088.2	23.1	23.0	1088.2	0.0	0.0	0.0	0.000	0.000	0.000	0.0	0.0		12:36:43:509		
000:01:51.700	1087.8	23.1	23.0	1087.8	0.0	0.0	0.0	0.000	0.000	0.000	0.0	0.0		12:36:43:559		
000:01:51.750	1087.7	23.1	23.0	1087.7	0.0	0.0	0.0	0.000	0.000	0.000	0.0	0.0		12:36:43:609		
000:01:51.800	1088.0	23.1	23.0	1088.0	0.0	0.0	0.0	0.000	0.000	0.000	0.0	0.0		12:36:43:659		
000:01:51.850	1087.9	23.1	23.0	1087.9	0.0	0.0	0.0	0.000	0.000	0.000	0.0	0.0		12:36:43:709		
000:01:51.900	1087.4	23.1	23.0	1087.4	0.0	0.0	0.0	0.000	0.000	0.000	0.0	0.0		12:36:43:759		
000:01:51.950	1087.7	23.1	23.0	1087.7	0.0	0.0	0.0	0.000	0.000	0.000	0.0	0.0		12:36:43:809		
000:01:52.000	1087.8	23.1	23.0	1087.8	0.0	0.0	0.0	0.000	0.000	0.000	0.0	0.0		12:36:43:859		
000:01:52.050	1087.5	23.1	23.0	1087.5	0.0	0.0	0.0	0.000	0.000	0.000	0.0	0.0		12:36:43:909		
000:01:52.100	1087.2	23.1	23.0	1087.2	0.0	0.0	0.0	0.000	0.000	0.000	0.0	0.0		12:36:43:959		
000:01:52.150	1087.3	23.1	23.0	1087.3	0.0	0.0	0.0	0.000	0.000	0.000	0.0	0.0		12:36:44:009		
000:01:52.200	1086.9	23.1	23.0	1086.9	0.0	0.0	0.0	0.000	0.000	0.000	0.0	0.0		12:36:44:059		
000:01:52.250	1086.8	23.1	23.0	1086.8	0.0	0.0	0.0	0.000	0.000	0.000	0.0	0.0		12:36:44:109		
000:01:52.300	1086.6	23.1	23.0	1086.6	0.0	0.0	0.0	0.000	0.000	0.000	0.0	0.0		12:36:44:159		
000:01:52.350	1086.5	23.1	23.0	1086.5	0.0	0.0	0.0	0.000	0.000	0.000	0.0	0.0		12:36:44:209		
000:01:52.400	1086.4	23.1	23.0	1086.4	0.0	0.0	0.0	0.000	0.000	0.000	0.0	0.0		12:36:44:259		
000:01:52.450	1086.3	23.1	23.0	1086.3	0.0	0.0	0.0	0.000	0.000	0.000	0.0	0.0		12:36:44:309		
000:01:52.500	1086.1	23.1	23.0	1086.1	0.0	0.0	0.0	0.000	0.000	0.000	0.0	0.0		12:36:44:359		
000:01:52.550	1085.7	23.1	23.0	1085.7	0.0	0.0	0.0	0.000	0.000	0.000	0.0	0.0		12:36:44:409		
000:01:52.600	1085.7	23.1	23.0	1085.7	0.0	0.0	0.0	0.000	0.000	0.000	0.0	0.0		12:36:44:459		
000:01:52.650	1085.7	23.1	23.0	1085.7	0.0	0.0	0.0	0.000	0.000	0.000	0.0	0.0		12:36:44:509		
000:01:52.700	1085.8	23.1	23.0	1085.8	0.0	0.0	0.0	0.000	0.000	0.000	0.0	0.0		12:36:44:559		
000:01:52.750	1085.9	23.1	23.0	1085.9	0.0	0.0	0.0	0.000	0.000	0.000	0.0	0.0		12:36:44:609		
000:01:52.800	1085.9	23.1	23.0	1085.9	0.0	0.0	0.0	0.000	0.000	0.000	0.0	0.0		12:36:44:659		
000:01:52.850	1085.3	23.1	23.0	1085.3	0.0	0.0	0.0	0.000	0.000	0.000	0.0	0.0		12:36:44:709		
000:01:52.900	1085.4	23.1	23.0	1085.4	0.0	0.0	0.0	0.000	0.000	0.000	0.0	0.0		12:36:44:759		
000:01:52.950	1085.7	23.1	23.0	1085.7	0.0	0.0	0.0	0.000	0.000	0.000	0.0	0.0		12:36:44:809		
000:01:53.000	1085.8	23.1	23.0	1085.8	0.0	0.0	0.0	0.000	0.000	0.000	0.0	0.0		12:36:44:859		
000:01:53.050	1085.4	23.1	23.0	1085.4	0.0	0.0	0.0	0.000	0.000	0.000	0.0	0.0		12:36:44:909		
000:01:53.100	1085.0	23.1	23.0	1085.0	0.0	0.0	0.0	0.000	0.000	0.000	0.0	0.0		12:36:44:959		
000:01:53.150	1084.6	23.1	23.0	1084.6	0.0	0.0	0.0	0.000	0.000	0.000	0.0	0.0		12:36:45:009		
000:01:53.200	1084.4	23.1	23.0	1084.4	0.0	0.0	0.0	0.000	0.000	0.000	0.0	0.0		12:36:45:059		
000:01:53.250	1085.0	23.1	23.0	1085.0	0.0	0.0	0.0	0.000	0.000	0.000	0.0	0.0		12:36:45:109		
000:01:53.300	1085.3	23.1	23.0	1085.3	0.0	0.0	0.0	0.000	0.000	0.000	0.0	0.0		12:36:45:159		
000:01:53.350	1085.3	23.1	23.0	1085.3	0.0	0.0	0.0	0.000	0.000	0.000	0.0	0.0		12:36:45:209		
000:01:53.400	1085.3	23.1	23.0	1085.3	0.0	0.0	0.0	0.000	0.000	0.000	0.0	0.0		12:36:45:259		
000:01:53.450	1085.4	23.1	23.0	1085.4	0.0	0.0	0.0	0.000	0.000	0.000	0.0	0.0		12:36:45:309		
000:01:53.500	1085.3	23.1	23.0	1085.3	0.0	0.0	0.0	0.000	0.000	0.000	0.0	0.0		12:36:45:359		
000:01:53.550	1084.9	23.1	23.0	1084.9	0.0	0.0	0.0	0.000	0.000	0.000	0.0	0.0		12:36:45:409		
000:01:53.600	1084.7	23.1	23.0	1084.7	0.0	0.0	0.0	0.000	0.000	0.000	0.0	0.0		12:36:45:459		
000:01:53.650	1085.6	23.1	23.0	1085.6	0.0	0.0	0.0	0.000	0.000	0.000	0.0	0.0		12:36:45:509		
000:01:53.700	1085.4	23.1	23.0	1085.4	0.0	0.0	0.0	0.000	0.000	0.000	0.0	0.0		12:36:45:559		
000:01:53.750	1085.2	23.1	23.0	1085.2	0.0	0.0	0.0	0.000	0.000	0.000	0.0	0.0		12:36:45:609		
000:01:53.800	1084.5	23.1	23.0	1084.5	0.0	0.0	0.0	0.000	0.000	0.000	0.0	0.0		12:36:45:659		
000:01:53.850	1084.6	23.1	23.0	1084.6	0.0	0.0	0.0	0.000	0.000	0.000	0.0	0.0		12:36:45:709		
000:01:53.900	1085.2	23.1	23.0	1085.2	0.0	0.0	0.0	0.000	0.000	0.000	0.0	0.0		12:36:45:759		
000:01:53.950	1085.3	23.1	23.0	1085.3	0.0	0.0	0.0	0.000	0.000	0.000	0.0	0.0		12:36:45:809		
000:01:54.000	1085.4	23.1	23.0	1085.4	0.0	0.0	0.0	0.000	0.000	0.000	0.0	0.0		12:36:45:859		
000:01:54.050	1085.8	23.1	23.0	1085.8	0.0	0.0	0.0	0.000	0.000	0.000	0.0	0.0		12:36:45:909		
000:01:54.100	1085.8	23.1	23.0	1085.8	0.0	0.0	0.0	0.000	0.000	0.000	0.0	0.0		12:36:45:959		
000:01:54.150	1085.9	23.1	23.0	1085.9	0.0	0.0	0.0	0.000	0.000	0.000	0.0	0.0		12:36:46:009		
000:01:54.200	1085.9	23.1	23.0	1085.9	0.0	0.0	0.0	0.000	0.000	0.000	0.0	0.0		12:36:46:059		
000:01:54.250	1086.5	23.1	23.0	1086.5	0.0	0.0	0.0	0.000	0.000	0.000	0.0	0.0		12:36:46:109		
000:01:54.300	1086.6	23.1	23.0	1086.6	0.0	0.0	0.0	0.000	0.000	0.000	0.0	0.0		12:36:46:159		
000:01:54.350	1086.3	23.1	23.0	1086.3	0.0	0.0	0.0	0.000	0.000	0.000	0.0	0.0		12:36:46:209		
000:01:54.400	1086.8	23.1	23.0	1086.8	0.0	0.0	0.0	0.000	0.000	0.000	0.0	0.0		12:36:46:259		
000:01:54.450	1087.1	23.1	23.0	1087.1	0.0	0.0	0.0	0.000	0.000	0.000	0.0	0.0		12:36:46:309		
000:01:54.500	1087.3	23.1	23.0	1087.3	0.0	0.0	0.0	0.000	0.000	0.000	0.0	0.0		12:36:46:359		
000:01:54.550	1087.1	23.1	23.0	1087.1	0.0	0.0	0.0	0.000	0.000	0.000	0.0	0.0		12:36:46:409		
000:01:54.600	1087.4	23.1	23.0	1087.4	0.0	0.0	0.0	0.000	0.000	0.000	0.0	0.0		12:36:46:459		
000:01:54.650	1087.4	23.1	23.0	1087.4	0.0	0.0	0.0	0.000	0.000	0.000	0.0	0.0		12:36:46:509		
000:01:54.700	1087.9	23.1	23.0	1087.9	0.0	0.0	0.0	0.000	0.000	0.000	0.0	0.0		12:36:46:559		
000:01:54.750	1087.9	23.1	23.0	1087.9	0.0	0.0	0.0	0.000	0.000	0.000	0.0	0.0		12:36:46:609		
000:01:54.800	1088.1	23.1	23.0	1088.1	0.0	0.0	0.0	0.000	0.000	0.000	0.0	0.0		12:36:46:659		
000:01:54.850	1088.0	23.1	23.0	1088.0	0.0	0.0	0.0	0.000	0.000	0.000	0.0	0.0		12:36:46:709		
000:01:54.900	1087.7	23.1	23.0	1087.7	0.0	0.0	0.0	0.000	0.000	0.000	0.0	0.0		12:36:46:759		
000:01:54.950	1087.8	23.1	23.0	1087.8	0.0	0.0	0.0	0.000	0.000	0.000	0.0	0.0		12:36:46:809		
000:01:55.000	1087.2	23.1	23.0	1087.2	0.0	0.0	0.0	0.000	0.000	0.000	0.0	0.0		12:36:46:859		
000:01:55.050	1086.5	23.1	23.0	1086.5	0.0	0.0	0.0	0.000	0.000	0.000	0.0	0.0		12:36:46:909		
000:01:55.100	1087.0	23.1	23.0	1087.0	0.0	0.0	0.0	0.000	0.000	0.000	0.0	0.0		12:36:46:959		
000:01:55.150	1087.4	23.1	23.0	1087.4	0.0	0.0	0.0	0.000	0.000	0.000	0.0	0.0		12:36:47:009		
000:01:55.200	1087.0	23.1	23.0	1087.0	0.0	0.0	0.0	0.000	0.000	0.000	0.0	0.0		12:36:47:059		
000:01:55.250	1086.7	23.1	23.0	1086.7	0.0	0.0	0.0	0.000	0.000	0.000	0.0	0.0		12:36:47:109		
000:01:55.300	1087.5	23.1	23.0	1087.5	0.0	0.0	0.0	0.000	0.000	0.000	0.0	0.0		12:36:47:159		
000:01:55.350	1087.4	23.1	23.0	1087.4	0.0	0.0	0.0	0.000	0.000	0.000	0.0	0.0		12:36:47:209		
000:01:55.400	1087.7	23.1	23.0	1087.7	0.0	0.0	0.0	0.000	0.000	0.000	0.0	0.0		12:36:47:259		
000:01:55.450	1087.6	23.1	23.0	1087.6	0.0	0.0	0.0	0.000	0.000	0.000	0.0	0.0		12:36:47:309		
000:01:55.500	1088.2	23.1	23.0	1088.2	0.0	0.0	0.0	0.000	0.000	0.000	0.0	0.0		12:36:47:359		
000:01:55.550	1088.3	23.1	23.0	1088.3	0.0	0.0	0.0	0.000	0.000	0.000	0.0	0.0		12:36:47:409		
000:01:55.600	1087.9	23.1	23.0	1087.9	0.0	0.0	0.0	0.000	0.000	0.000	0.0	0.0		12:36:47:459		
000:01:55.650	1087.6	23.1	23.0	1087.6	0.0	0.0	0.0	0.000	0.000	0.000	0.0	0.0		12:36:47:509		
000:01:55.700	1087.7	23.1	23.0	1087.7	0.0	0.0	0.0	0.000	0.000	0.000	0.0	0.0		12:36:47:559		
000:01:55.750	1087.6	23.1	23.0	1087.6	0.0	0.0	0.0	0.000	0.000	0.000	0.0	0.0		12:36:47:609		
000:01:55.800	1087.9	23.1	23.0	1087.9	0.0	0.0	0.0	0.000	0.000	0.000	0.0	0.0		12:36:47:659		
000:01:55.850	1087.9	23.1	23.0	1087.9	0.0	0.0	0.0	0.000	0.000	0.000	0.0	0.0		12:36:47:709		
000:01:55.900	1088.1	23.1	23.0	1088.1	0.0	0.0	0.0	0.000	0.000	0.000	0.0	0.0		12:36:47:759		
000:01:55.950	1087.8	23.1	23.0	1087.8	0.0	0.0	0.0	0.000	0.000	0.000	0.0	0.0		12:36:47:809		
000:01:56.000	1087.4	23.1	23.0	1087.4	0.0	0.0	0.0	0.000	0.000	0.000	0.0	0.0		12:36:47:859		
000:01:56.050	1087.5	23.1	23.0	1087.5	0.0	0.0	0.0	0.000	0.000	0.000	0.0	0.0		12:36:47:909		
000:01:56.100	1087.4	23.1	23.0	1087.4	0.0	0.0	0.0	0.000	0.000	0.000	0.0	0.0		12:36:47:959		
000:01:56.150	1087.3	23.1	23.0	1087.3	0.0	0.0	0.0	0.000	0.000	0.000	0.0	0.0		12:36:48:009		
000:01:56.200	1087.2	23.1	23.0	1087.2	0.0	0.0	0.0	0.000	0.000	0.000	0.0	0.0		12:36:48:059		
000:01:56.250	1087.6	23.1	23.0	1087.6	0.0	0.0	0.0	0.000	0.000	0.000	0.0	0.0		12:36:48:109		
000:01:56.300	1088.1	23.1	23.0	1088.1	0.0	0.0	0.0	0.000	0.000	0.000	0.0	0.0		12:36:48:159		
000:01:56.350	1087.4	23.1	23.0	1087.4	0.0	0.0	0.0	0.000	0.000	0.000	0.0	0.0		12:36:48:209		
000:01:56.400	1088.2	23.1	23.0	1088.2	0.0	0.0	0.0	0.000	0.000	0.000	0.0	0.0		12:36:48:259		
000:01:56.450	1088.3	23.1	23.0	1088.3	0.0	0.0	0.0	0.000	0.000	0.000	0.0	0.0		12:36:48:309		
000:01:56.500	1088.6	23.1	23.0	1088.6	0.0	0.0	0.0	0.000	0.000	0.000	0.0	0.0		12:36:48:359		
000:01:56.550	1088.3	23.1	23.0	1088.3	0.0	0.0	0.0	0.000	0.000	0.000	0.0	0.0		12:36:48:409		
000:01:56.600	1088.3	23.1	23.0	1088.3	0.0	0.0	0.0	0.000	0.000	0.000	0.0	0.0		12:36:48:459		
000:01:56.650	1087.6	23.1	23.0	1087.6	0.0	0.0	0.0	0.000	0.000	0.000	0.0	0.0		12:36:48:509		
000:01:56.700	1087.5	23.1	23.0	1087.5	0.0	0.0	0.0	0.000	0.000	0.000	0.0	0.0		12:36:48:559		
000:01:56.750	1087.5	23.1	23.0	1087.5	0.0	0.0	0.0	0.000	0.000	0.000	0.0	0.0		12:36:48:609		
000:01:56.800	1087.2	23.1	23.0	1087.2	0.0	0.0	0.0	0.000	0.000	0.000	0.0	0.0		12:36:48:659		
000:01:56.850	1087.5	23.1	23.0	1087.5	0.0	0.0	0.0	0.000	0.000	0.000	0.0	0.0		12:36:48:709		
000:01:56.900	1087.7	23.1	23.0	1087.7	0.0	0.0	0.0	0.000	0.000	0.000	0.0	0.0		12:36:48:759		
000:01:56.950	1087.7	23.1	23.0	1087.7	0.0	0.0	0.0	0.000	0.000	0.000	0.0	0.0		12:36:48:809		
000:01:57.000	1087.2	23.1	23.0	1087.2	0.0	0.0	0.0	0.000	0.000	0.000	0.0	0.0		12:36:48:859		
000:01:57.050	1087.5	23.1	23.0	1087.5	0.0	0.0	0.0	0.000	0.000	0.000	0.0	0.0		12:36:48:909		
000:01:57.100	1087.2	23.1	23.0	1087.2	0.0	0.0	0.0	0.000	0.000	0.000	0.0	0.0		12:36:48:959		
000:01:57.150	1086.8	23.1	23.0	1086.8	0.0	0.0	0.0	0.000	0.000	0.000	0.0	0.0		12:36:49:009		
000:01:57.200	1087.1	23.1	23.0	1087.1	0.0	0.0	0.0	0.000	0.000	0.000	0.0	0.0		12:36:49:059		
000:01:57.250	1087.3	23.1	23.0	1087.3	0.0	0.0	0.0	0.000	0.000	0.000	0.0	0.0		12:36:49:109		
000:01:57.300	1086.9	23.1	23.0	1086.9	0.0	0.0	0.0	0.000	0.000	0.000	0.0	0.0		12:36:49:159		
000:01:57.350	1087.1	23.1	23.0	1087.1	0.0	0.0	0.0	0.000	0.000	0.000	0.0	0.0		12:36:49:209		
000:01:57.400	1087.0	23.1	23.0	1087.0	0.0	0.0	0.0	0.000	0.000	0.000	0.0	0.0		12:36:49:259		
000:01:57.450	1087.0	23.1	23.0	1087.0	0.0	0.0	0.0	0.000	0.000	0.000	0.0	0.0		12:36:49:309		
000:01:57.500	1087.7	23.1	23.0	1087.7	0.0	0.0	0.0	0.000	0.000	0.000	0.0	0.0		12:36:49:359		
000:01:57.550	1087.1	23.1	23.0	1087.1	0.0	0.0	0.0	0.000	0.000	0.000	0.0	0.0		12:36:49:409		
000:01:57.600	1087.0	23.1	23.0	1087.0	0.0	0.0	0.0	0.000	0.000	0.000	0.0	0.0		12:36:49:459		
000:01:57.650	1086.8	23.1	23.0	1086.8	0.0	0.0	0.0	0.000	0.000	0.000	0.0	0.0		12:36:49:509		
000:01:57.700	1086.6	23.1	23.0	1086.6	0.0	0.0	0.0	0.000	0.000	0.000	0.0	0.0		12:36:49:559		
000:01:57.750	1086.2	23.1	23.0	1086.2	0.0	0.0	0.0	0.000	0.000	0.000	0.0	0.0		12:36:49:609		
000:01:57.800	1086.5	23.1	23.0	1086.5	0.0	0.0	0.0	0.000	0.000	0.000	0.0	0.0		12:36:49:659		
000:01:57.850	1086.1	23.1	23.0	1086.1	0.0	0.0	0.0	0.000	0.000	0.000	0.0	0.0		12:36:49:709		
000:01:57.900	1085.9	23.1	23.0	1085.9	0.0	0.0	0.0	0.000	0.000	0.000	0.0	0.0		12:36:49:759		
000:01:57.950	1085.5	23.1	23.0	1085.5	0.0	0.0	0.0	0.000	0.000	0.000	0.0	0.0		12:36:49:809		
000:01:58.000	1085.6	23.1	23.0	1085.6	0.0	0.0	0.0	0.000	0.000	0.000	0.0	0.0		12:36:49:859		
000:01:58.050	1085.3	23.1	23.0	1085.3	0.0	0.0	0.0	0.000	0.000	0.000	0.0	0.0		12:36:49:909		
000:01:58.100	1085.1	23.1	23.0	1085.1	0.0	0.0	0.0	0.000	0.000	0.000	0.0	0.0		12:36:49:959		
000:01:58.150	1085.2	23.1	23.0	1085.2	0.0	0.0	0.0	0.000	0.000	0.000	0.0	0.0		12:36:50:009		
000:01:58.200	1084.9	23.1	23.0	1084.9	0.0	0.0	0.0	0.000	0.000	0.000	0.0	0.0		12:36:50:059		
000:01:58.250	1084.5	23.1	23.0	1084.5	0.0	0.0	0.0	0.000	0.000	0.000	0.0	0.0		12:36:50:109		
000:01:58.300	1084.3	23.1	23.0	1084.3	0.0	0.0	0.0	0.000	0.000	0.000	0.0	0.0		12:36:50:159		
000:01:58.350	1084.4	23.1	23.0	1084.4	0.0	0.0	0.0	0.000	0.000	0.000	0.0	0.0		12:36:50:209		
000:01:58.400	1085.1	23.1	23.0	1085.1	0.0	0.0	0.0	0.000	0.000	0.000	0.0	0.0		12:36:50:259		
000:01:58.450	1084.7	23.1	23.0	1084.7	0.0	0.0	0.0	0.000	0.000	0.000	0.0	0.0		12:36:50:309		
000:01:58.500	1084.8	23.1	23.0	1084.8	0.0	0.0	0.0	0.000	0.000	0.000	0.0	0.0		12:36:50:359		
000:01:58.550	1084.6	23.1	23.0	1084.6	0.0	0.0	0.0	0.000	0.000	0.000	0.0	0.0		12:36:50:409		
000:01:58.600	1084.2	23.1	23.0	1084.2	0.0	0.0	0.0	0.000	0.000	0.000	0.0	0.0		12:36:50:459		
000:01:58.650	1084.1	23.1	23.0	1084.1	0.0	0.0	0.0	0.000	0.000	0.000	0.0	0.0		12:36:50:509		
000:01:58.700	1084.2	23.1	23.0	1084.2	0.0	0.0	0.0	0.000	0.000	0.000	0.0	0.0		12:36:50:559		
000:01:58.750	1083.5	23.1	23.0	1083.5	0.0	0.0	0.0	0.000	0.000	0.000	0.0	0.0		12:36:50:609		
000:01:58.800	1083.5	23.1	23.0	1083.5	0.0	0.0	0.0	0.000	0.000	0.000	0.0	0.0		12:36:50:659		
000:01:58.850	1083.6	23.1	23.0	1083.6	0.0	0.0	0.0	0.000	0.000	0.000	0.0	0.0		12:36:50:709		
000:01:58.900	1083.4	23.1	23.0	1083.4	0.0	0.0	0.0	0.000	0.000	0.000	0.0	0.0		12:36:50:759		
000:01:58.950	1084.2	23.1	23.0	1084.2	0.0	0.0	0.0	0.000	0.000	0.000	0.0	0.0		12:36:50:809		
000:01:59.000	1084.7	23.1	23.0	1084.7	0.0	0.0	0.0	0.000	0.000	0.000	0.0	0.0		12:36:50:859		
000:01:59.050	1084.7	23.1	23.0	1084.7	0.0	0.0	0.0	0.000	0.000	0.000	0.0	0.0		12:36:50:909		
000:01:59.100	1085.2	23.1	23.0	1085.2	0.0	0.0	0.0	0.000	0.000	0.000	0.0	0.0		12:36:50:959		
000:01:59.150	1085.5	23.1	23.0	1085.5	0.0	0.0	0.0	0.000	0.000	0.000	0.0	0.0		12:36:51:009		
000:01:59.200	1085.6	23.1	23.0	1085.6	0.0	0.0	0.0	0.000	0.000	0.000	0.0	0.0		12:36:51:059		
000:01:59.250	1085.9	23.1	23.0	1085.9	0.0	0.0	0.0	0.000	0.000	0.000	0.0	0.0		12:36:51:109		
000:01:59.300	1085.6	23.1	23.0	1085.6	0.0	0.0	0.0	0.000	0.000	0.000	0.0	0.0		12:36:51:159		
000:01:59.350	1085.6	23.1	23.0	1085.6	0.0	0.0	0.0	0.000	0.000	0.000	0.0	0.0		12:36:51:209		
000:01:59.400	1086.1	23.1	23.0	1086.1	0.0	0.0	0.0	0.000	0.000	0.000	0.0	0.0		12:36:51:259		
000:01:59.450	1086.2	23.1	23.0	1086.2	0.0	0.0	0.0	0.000	0.000	0.000	0.0	0.0		12:36:51:309		
000:01:59.500	1085.9	23.1	23.0	1085.9	0.0	0.0	0.0	0.000	0.000	0.000	0.0	0.0		12:36:51:359		
000:01:59.550	1086.4	23.1	23.0	1086.4	0.0	0.0	0.0	0.000	0.000	0.000	0.0	0.0		12:36:51:409		
000:01:59.600	1086.9	23.1	23.0	1086.9	0.0	0.0	0.0	0.000	0.000	0.000	0.0	0.0		12:36:51:459		
000:01:59.650	1087.5	23.1	23.0	1087.5	0.0	0.0	0.0	0.000	0.000	0.000	0.0	0.0		12:36:51:509		
000:01:59.700	1087.8	23.1	23.0	1087.8	0.0	0.0	0.0	0.000	0.000	0.000	0.0	0.0		12:36:51:559		
000:01:59.750	1088.9	23.1	23.0	1088.9	0.0	0.0	0.0	0.000	0.000	0.000	0.0	0.0		12:36:51:609		
000:01:59.800	1088.9	23.1	23.0	1088.9	0.0	0.0	0.0	0.000	0.000	0.000	0.0	0.0		12:36:51:659		
000:01:59.850	1088.5	23.1	23.0	1088.5	0.0	0.0	0.0	0.000	0.000	0.000	0.0	0.0		12:36:51:709		
000:01:59.900	1088.3	23.1	23.0	1088.3	0.0	0.0	0.0	0.000	0.000	0.000	0.0	0.0		12:36:51:759		
000:01:59.950	1087.8	23.1	23.0	1087.8	0.0	0.0	0.0	0.000	0.000	0.000	0.0	0.0		12:36:51:809		
000:02:00.000	1088.0	23.1	23.0	1088.0	0.0	0.0	0.0	0.000	0.000	0.000	0.0	0.0		12:36:51:859		
000:02:00.050	1087.8	23.1	23.0	1087.8	0.0	0.0	0.0	0.000	0.000	0.000	0.0	0.0		12:36:51:909		
000:02:00.100	1087.3	23.1	23.0	1087.3	0.0	0.0	0.0	0.000	0.000	0.000	0.0	0.0		12:36:51:959		
000:02:00.150	1088.0	23.1	23.0	1088.0	0.0	0.0	0.0	0.000	0.000	0.000	0.0	0.0		12:36:52:009		
000:02:00.200	1089.1	23.1	23.0	1089.1	0.0	0.0	0.0	0.000	0.000	0.000	0.0	0.0		12:36:52:059		
000:02:00.250	1090.3	23.1	23.0	1090.3	0.0	0.0	0.0	0.000	0.000	0.000	0.0	0.0		12:36:52:109		
000:02:00.300	1090.2	23.1	23.0	1090.2	0.0	0.0	0.0	0.000	0.000	0.000	0.0	0.0		12:36:52:159		
000:02:00.350	1090.3	23.1	23.0	1090.3	0.0	0.0	0.0	0.000	0.000	0.000	0.0	0.0		12:36:52:209		
000:02:00.400	1091.2	23.1	23.0	1091.2	0.0	0.0	0.0	0.000	0.000	0.000	0.0	0.0		12:36:52:259		
000:02:00.450	1091.1	23.1	23.0	1091.1	0.0	0.0	0.0	0.000	0.000	0.000	0.0	0.0		12:36:52:309		
000:02:00.500	1091.7	23.1	23.0	1091.7	0.0	0.0	0.0	0.000	0.000	0.000	0.0	0.0		12:36:52:359		
000:02:00.550	1091.4	23.1	23.0	1091.4	0.0	0.0	0.0	0.000	0.000	0.000	0.0	0.0		12:36:52:409		
000:02:00.600	1091.4	23.1	23.0	1091.4	0.0	0.0	0.0	0.000	0.000	0.000	0.0	0.0		12:36:52:459		
000:02:00.650	1091.4	23.1	23.0	1091.4	0.0	0.0	0.0	0.000	0.000	0.000	0.0	0.0		12:36:52:509		
000:02:00.700	1091.5	23.1	23.0	1091.5	0.0	0.0	0.0	0.000	0.000	0.000	0.0	0.0		12:36:52:559		
000:02:00.750	1092.1	23.1	23.0	1092.1	0.0	0.0	0.0	0.000	0.000	0.000	0.0	0.0		12:36:52:609		
000:02:00.800	1092.6	23.1	23.0	1092.6	0.0	0.0	0.0	0.000	0.000	0.000	0.0	0.0		12:36:52:659		
000:02:00.850	1091.7	23.1	23.0	1091.7	0.0	0.0	0.0	0.000	0.000	0.000	0.0	0.0		12:36:52:709		
000:02:00.900	1091.6	23.1	23.0	1091.6	0.0	0.0	0.0	0.000	0.000	0.000	0.0	0.0		12:36:52:759		
000:02:00.950	1092.5	23.1	23.0	1092.5	0.0	0.0	0.0	0.000	0.000	0.000	0.0	0.0		12:36:52:809		
000:02:01.000	1092.7	23.1	23.0	1092.7	0.0	0.0	0.0	0.000	0.000	0.000	0.0	0.0		12:36:52:859		
000:02:01.050	1093.1	23.1	23.0	1093.1	0.0	0.0	0.0	0.000	0.000	0.000	0.0	0.0		12:36:52:909		
000:02:01.100	1094.1	23.1	23.0	1094.1	0.0	0.0	0.0	0.000	0.000	0.000	0.0	0.0		12:36:52:959		
000:02:01.150	1094.7	23.1	23.0	1094.7	0.0	0.0	0.0	0.000	0.000	0.000	0.0	0.0		12:36:53:009		
000:02:01.200	1094.3	23.1	23.0	1094.3	0.0	0.0	0.0	0.000	0.000	0.000	0.0	0.0		12:36:53:059		
000:02:01.250	1094.6	23.1	23.0	1094.6	0.0	0.0	0.0	0.000	0.000	0.000	0.0	0.0		12:36:53:109		
000:02:01.300	1095.5	23.1	23.0	1095.5	0.0	0.0	0.0	0.000	0.000	0.000	0.0	0.0		12:36:53:159		
000:02:01.350	1095.3	23.1	23.0	1095.3	0.0	0.0	0.0	0.000	0.000	0.000	0.0	0.0		12:36:53:209		
000:02:01.400	1095.7	23.1	23.0	1095.7	0.0	0.0	0.0	0.000	0.000	0.000	0.0	0.0		12:36:53:259		
000:02:01.450	1096.6	23.1	23.0	1096.6	0.0	0.0	0.0	0.000	0.000	0.000	0.0	0.0		12:36:53:309		
000:02:01.500	1097.0	23.1	23.0	1097.0	0.0	0.0	0.0	0.000	0.000	0.000	0.0	0.0		12:36:53:359		
000:02:01.550	1097.7	23.1	23.0	1097.7	0.0	0.0	0.0	0.000	0.000	0.000	0.0	0.0		12:36:53:409		
000:02:01.600	1098.4	23.1	23.0	1098.4	0.0	0.0	0.0	0.000	0.000	0.000	0.0	0.0		12:36:53:459		
000:02:01.650	1097.4	23.1	23.0	1097.4	0.0	0.0	0.0	0.000	0.000	0.000	0.0	0.0		12:36:53:509		
000:02:01.700	1096.9	23.1	23.0	1096.9	0.0	0.0	0.0	0.000	0.000	0.000	0.0	0.0		12:36:53:559		
000:02:01.750	1096.8	23.1	23.0	1096.8	0.0	0.0	0.0	0.000	0.000	0.000	0.0	0.0		12:36:53:609		
000:02:01.800	1096.7	23.1	23.0	1096.7	0.0	0.0	0.0	0.000	0.000	0.000	0.0	0.0		12:36:53:659		
000:02:01.850	1097.1	23.1	23.0	1097.1	0.0	0.0	0.0	0.000	0.000	0.000	0.0	0.0		12:36:53:709		
000:02:01.900	1097.9	23.1	23.0	1097.9	0.0	0.0	0.0	0.000	0.000	0.000	0.0	0.0		12:36:53:759		
000:02:01.950	1097.6	23.1	23.0	1097.6	0.0	0.0	0.0	0.000	0.000	0.000	0.0	0.0		12:36:53:809		
000:02:02.000	1097.1	23.1	23.0	1097.1	0.0	0.0	0.0	0.000	0.000	0.000	0.0	0.0		12:36:53:859		
000:02:02.050	1096.8	23.1	23.0	1096.8	0.0	0.0	0.0	0.000	0.000	0.000	0.0	0.0		12:36:53:909		
000:02:02.100	1096.8	23.1	23.0	1096.8	0.0	0.0	0.0	0.000	0.000	0.000	0.0	0.0		12:36:53:959		
000:02:02.150	1098.0	23.1	23.0	1098.0	0.0	0.0	0.0	0.000	0.000	0.000	0.0	0.0		12:36:54:009		
000:02:02.200	1098.5	23.1	23.0	1098.5	0.0	0.0	0.0	0.000	0.000	0.000	0.0	0.0		12:36:54:059		
000:02:02.250	1098.3	23.1	23.0	1098.3	0.0	0.0	0.0	0.000	0.000	0.000	0.0	0.0		12:36:54:109		
000:02:02.300	1097.9	23.1	23.0	1097.9	0.0	0.0	0.0	0.000	0.000	0.000	0.0	0.0		12:36:54:159		
000:02:02.350	1098.0	23.1	23.0	1098.0	0.0	0.0	0.0	0.000	0.000	0.000	0.0	0.0		12:36:54:209		
000:02:02.400	1098.9	23.1	23.0	1098.9	0.0	0.0	0.0	0.000	0.000	0.000	0.0	0.0		12:36:54:259		
000:02:02.450	1098.2	23.1	23.0	1098.2	0.0	0.0	0.0	0.000	0.000	0.000	0.0	0.0		12:36:54:309		
000:02:02.500	1097.5	23.1	23.0	1097.5	0.0	0.0	0.0	0.000	0.000	0.000	0.0	0.0		12:36:54:359		
000:02:02.550	1097.8	23.1	23.0	1097.8	0.0	0.0	0.0	0.000	0.000	0.000	0.0	0.0		12:36:54:409		
000:02:02.600	1098.5	23.1	23.0	1098.5	0.0	0.0	0.0	0.000	0.000	0.000	0.0	0.0		12:36:54:459		
000:02:02.650	1098.3	23.1	23.0	1098.3	0.0	0.0	0.0	0.000	0.000	0.000	0.0	0.0		12:36:54:509		
000:02:02.700	1098.6	23.1	23.0	1098.6	0.0	0.0	0.0	0.000	0.000	0.000	0.0	0.0		12:36:54:559		
000:02:02.750	1098.6	23.1	23.0	1098.6	0.0	0.0	0.0	0.000	0.000	0.000	0.0	0.0		12:36:54:609		
000:02:02.800	1098.1	23.1	23.0	1098.1	0.0	0.0	0.0	0.000	0.000	0.000	0.0	0.0		12:36:54:659		
000:02:02.850	1098.0	23.1	23.0	1098.0	0.0	0.0	0.0	0.000	0.000	0.000	0.0	0.0		12:36:54:709		
000:02:02.900	1098.0	23.1	23.0	1098.0	0.0	0.0	0.0	0.000	0.000	0.000	0.0	0.0		12:36:54:759		
000:02:02.950	1097.7	23.1	23.0	1097.7	0.0	0.0	0.0	0.000	0.000	0.000	0.0	0.0		12:36:54:809		
000:02:03.000	1097.3	23.1	23.0	1097.3	0.0	0.0	0.0	0.000	0.000	0.000	0.0	0.0		12:36:54:859		
000:02:03.050	1096.4	23.1	23.0	1096.4	0.0	0.0	0.0	0.000	0.000	0.000	0.0	0.0		12:36:54:909		
000:02:03.100	1096.9	23.1	23.0	1096.9	0.0	0.0	0.0	0.000	0.000	0.000	0.0	0.0		12:36:54:959		
000:02:03.150	1098.1	23.1	23.0	1098.1	0.0	0.0	0.0	0.000	0.000	0.000	0.0	0.0		12:36:55:009		
000:02:03.200	1097.7	23.1	23.0	1097.7	0.0	0.0	0.0	0.000	0.000	0.000	0.0	0.0		12:36:55:059		
000:02:03.250	1098.3	23.1	23.0	1098.3	0.0	0.0	0.0	0.000	0.000	0.000	0.0	0.0		12:36:55:109		
000:02:03.300	1098.4	23.1	23.0	1098.4	0.0	0.0	0.0	0.000	0.000	0.000	0.0	0.0		12:36:55:159		
000:02:03.350	1097.7	23.1	23.0	1097.7	0.0	0.0	0.0	0.000	0.000	0.000	0.0	0.0		12:36:55:209		
000:02:03.400	1097.7	23.1	23.0	1097.7	0.0	0.0	0.0	0.000	0.000	0.000	0.0	0.0		12:36:55:259		
000:02:03.450	1097.8	23.1	23.0	1097.8	0.0	0.0	0.0	0.000	0.000	0.000	0.0	0.0		12:36:55:309		
000:02:03.500	1097.7	23.1	23.0	1097.7	0.0	0.0	0.0	0.000	0.000	0.000	0.0	0.0		12:36:55:359		
000:02:03.550	1097.9	23.1	23.0	1097.9	0.0	0.0	0.0	0.000	0.000	0.000	0.0	0.0		12:36:55:409		
000:02:03.600	1097.8	23.1	23.0	1097.8	0.0	0.0	0.0	0.000	0.000	0.000	0.0	0.0		12:36:55:459		
000:02:03.650	1097.3	23.1	23.0	1097.3	0.0	0.0	0.0	0.000	0.000	0.000	0.0	0.0		12:36:55:509		
000:02:03.700	1096.4	23.1	23.0	1096.4	0.0	0.0	0.0	0.000	0.000	0.000	0.0	0.0		12:36:55:559		
000:02:03.750	1096.6	23.1	23.0	1096.6	0.0	0.0	0.0	0.000	0.000	0.000	0.0	0.0		12:36:55:609		
000:02:03.800	1096.5	23.1	23.0	1096.5	0.0	0.0	0.0	0.000	0.000	0.000	0.0	0.0		12:36:55:659		
000:02:03.850	1095.7	23.1	23.0	1095.7	0.0	0.0	0.0	0.000	0.000	0.000	0.0	0.0		12:36:55:709		
000:02:03.900	1095.2	23.1	23.0	1095.2	0.0	0.0	0.0	0.000	0.000	0.000	0.0	0.0		12:36:55:759		
000:02:03.950	1094.4	23.1	23.0	1094.4	0.0	0.0	0.0	0.000	0.000	0.000	0.0	0.0		12:36:55:809		
000:02:04.000	1093.6	23.1	23.0	1093.6	0.0	0.0	0.0	0.000	0.000	0.000	0.0	0.0		12:36:55:859		
000:02:04.050	1093.3	23.1	23.0	1093.3	0.0	0.0	0.0	0.000	0.000	0.000	0.0	0.0		12:36:55:909		
000:02:04.100	1092.2	23.1	23.0	1092.2	0.0	0.0	0.0	0.000	0.000	0.000	0.0	0.0		12:36:55:959		
000:02:04.150	1092.0	23.1	23.0	1092.0	0.0	0.0	0.0	0.000	0.000	0.000	0.0	0.0		12:36:56:009		
000:02:04.200	1091.0	23.1	23.0	1091.0	0.0	0.0	0.0	0.000	0.000	0.000	0.0	0.0		12:36:56:059		
000:02:04.250	1088.9	23.1	23.0	1088.9	0.0	0.0	0.0	0.000	0.000	0.000	0.0	0.0		12:36:56:109		
000:02:04.300	1087.6	23.1	23.0	1087.6	0.0	0.0	0.0	0.000	0.000	0.000	0.0	0.0		12:36:56:159		
000:02:04.350	1086.8	23.1	23.0	1086.8	0.0	0.0	0.0	0.000	0.000	0.000	0.0	0.0		12:36:56:209		
000:02:04.400	1086.4	23.1	23.0	1086.4	0.0	0.0	0.0	0.000	0.000	0.000	0.0	0.0		12:36:56:259		
000:02:04.450	1086.3	23.1	23.0	1086.3	0.0	0.0	0.0	0.000	0.000	0.000	0.0	0.0		12:36:56:309		
000:02:04.500	1085.2	23.1	23.0	1085.2	0.0	0.0	0.0	0.000	0.000	0.000	0.0	0.0		12:36:56:359		
000:02:04.550	1085.2	23.1	23.0	1085.2	0.0	0.0	0.0	0.000	0.000	0.000	0.0	0.0		12:36:56:409		
000:02:04.600	1085.1	23.1	23.0	1085.1	0.0	0.0	0.0	0.000	0.000	0.000	0.0	0.0		12:36:56:459		
000:02:04.650	1084.3	23.1	23.0	1084.3	0.0	0.0	0.0	0.000	0.000	0.000	0.0	0.0		12:36:56:509		
000:02:04.700	1083.6	23.1	23.0	1083.6	0.0	0.0	0.0	0.000	0.000	0.000	0.0	0.0		12:36:56:559		
000:02:04.750	1083.0	23.1	23.0	1083.0	0.0	0.0	0.0	0.000	0.000	0.000	0.0	0.0		12:36:56:609		
000:02:04.800	1081.7	23.1	23.0	1081.7	0.0	0.0	0.0	0.000	0.000	0.000	0.0	0.0		12:36:56:659		
000:02:04.850	1080.6	23.1	23.0	1080.6	0.0	0.0	0.0	0.000	0.000	0.000	0.0	0.0		12:36:56:709		
000:02:04.900	1080.6	23.1	23.0	1080.6	0.0	0.0	0.0	0.000	0.000	0.000	0.0	0.0		12:36:56:759		
000:02:04.950	1080.5	23.1	23.0	1080.5	0.0	0.0	0.0	0.000	0.000	0.000	0.0	0.0		12:36:56:809		
000:02:05.000	1080.2	23.1	23.0	1080.2	0.0	0.0	0.0	0.000	0.000	0.000	0.0	0.0		12:36:56:859		
000:02:05.050	1080.0	23.1	23.0	1080.0	0.0	0.0	0.0	0.000	0.000	0.000	0.0	0.0		12:36:56:909		
000:02:05.100	1079.3	23.1	23.0	1079.3	0.0	0.0	0.0	0.000	0.000	0.000	0.0	0.0		12:36:56:959		
000:02:05.150	1078.9	23.1	23.0	1078.9	0.0	0.0	0.0	0.000	0.000	0.000	0.0	0.0		12:36:57:009		
000:02:05.200	1078.5	23.1	23.0	1078.5	0.0	0.0	0.0	0.000	0.000	0.000	0.0	0.0		12:36:57:059		
000:02:05.250	1077.9	23.1	23.0	1077.9	0.0	0.0	0.0	0.000	0.000	0.000	0.0	0.0		12:36:57:109		
000:02:05.300	1077.4	23.1	23.0	1077.4	0.0	0.0	0.0	0.000	0.000	0.000	0.0	0.0		12:36:57:159		
000:02:05.350	1077.1	23.1	23.0	1077.1	0.0	0.0	0.0	0.000	0.000	0.000	0.0	0.0		12:36:57:209		
000:02:05.400	1076.3	23.1	23.0	1076.3	0.0	0.0	0.0	0.000	0.000	0.000	0.0	0.0		12:36:57:259		
000:02:05.450	1076.2	23.1	23.0	1076.2	0.0	0.0	0.0	0.000	0.000	0.000	0.0	0.0		12:36:57:309		
000:02:05.500	1076.3	23.1	23.0	1076.3	0.0	0.0	0.0	0.000	0.000	0.000	0.0	0.0		12:36:57:359		
000:02:05.550	1076.2	23.1	23.0	1076.2	0.0	0.0	0.0	0.000	0.000	0.000	0.0	0.0		12:36:57:409		
000:02:05.600	1076.7	23.1	23.0	1076.7	0.0	0.0	0.0	0.000	0.000	0.000	0.0	0.0		12:36:57:459		
000:02:05.650	1077.0	23.1	23.0	1077.0	0.0	0.0	0.0	0.000	0.000	0.000	0.0	0.0		12:36:57:509		
000:02:05.700	1076.2	23.1	23.0	1076.2	0.0	0.0	0.0	0.000	0.000	0.000	0.0	0.0		12:36:57:559		
000:02:05.750	1076.0	23.1	23.0	1076.0	0.0	0.0	0.0	0.000	0.000	0.000	0.0	0.0		12:36:57:609		
000:02:05.800	1076.8	23.1	23.0	1076.8	0.0	0.0	0.0	0.000	0.000	0.000	0.0	0.0		12:36:57:659		
000:02:05.850	1076.9	23.1	23.0	1076.9	0.0	0.0	0.0	0.000	0.000	0.000	0.0	0.0		12:36:57:709		
000:02:05.900	1076.8	23.1	23.0	1076.8	0.0	0.0	0.0	0.000	0.000	0.000	0.0	0.0		12:36:57:759		
000:02:05.950	1077.0	23.1	23.0	1077.0	0.0	0.0	0.0	0.000	0.000	0.000	0.0	0.0		12:36:57:809		
000:02:06.000	1076.3	23.1	23.0	1076.3	0.0	0.0	0.0	0.000	0.000	0.000	0.0	0.0		12:36:57:859		
000:02:06.050	1076.7	23.1	23.0	1076.7	0.0	0.0	0.0	0.000	0.000	0.000	0.0	0.0		12:36:57:909		
000:02:06.100	1080.5	23.1	23.0	1080.5	0.0	0.0	0.0	0.000	0.000	0.000	0.0	0.0		12:36:57:959		
000:02:06.150	1081.5	23.1	23.0	1081.5	0.0	0.0	0.0	0.000	0.000	0.000	0.0	0.0		12:36:58:009		
000:02:06.200	1082.7	23.1	23.0	1082.7	0.0	0.0	0.0	0.000	0.000	0.000	0.0	0.0		12:36:58:059		
000:02:06.250	1083.3	23.1	23.0	1083.3	0.0	0.0	0.0	0.000	0.000	0.000	0.0	0.0		12:36:58:109		
000:02:06.300	1083.3	23.1	23.0	1083.3	0.0	0.0	0.0	0.000	0.000	0.000	0.0	0.0		12:36:58:159		
000:02:06.350	1084.6	23.1	23.0	1084.6	0.0	0.0	0.0	0.000	0.000	0.000	0.0	0.0		12:36:58:209		
000:02:06.400	1085.4	23.1	23.0	1085.4	0.0	0.0	0.0	0.000	0.000	0.000	0.0	0.0		12:36:58:259		
000:02:06.450	1084.6	23.1	23.0	1084.6	0.0	0.0	0.0	0.000	0.000	0.000	0.0	0.0		12:36:58:309		
000:02:06.500	1083.7	23.1	23.0	1083.7	0.0	0.0	0.0	0.000	0.000	0.000	0.0	0.0		12:36:58:359		
000:02:06.550	1084.8	23.1	23.0	1084.8	0.0	0.0	0.0	0.000	0.000	0.000	0.0	0.0		12:36:58:409		
000:02:06.600	1085.6	23.1	23.0	1085.6	0.0	0.0	0.0	0.000	0.000	0.000	0.0	0.0		12:36:58:459		
000:02:06.650	1084.9	23.1	23.0	1084.9	0.0	0.0	0.0	0.000	0.000	0.000	0.0	0.0		12:36:58:509		
000:02:06.700	1085.0	23.1	23.0	1085.0	0.0	0.0	0.0	0.000	0.000	0.000	0.0	0.0		12:36:58:559		
000:02:06.750	1085.3	23.1	23.0	1085.3	0.0	0.0	0.0	0.000	0.000	0.000	0.0	0.0		12:36:58:609		
000:02:06.800	1086.0	23.1	23.0	1086.0	0.0	0.0	0.0	0.000	0.000	0.000	0.0	0.0		12:36:58:659		
000:02:06.850	1086.1	23.1	23.0	1086.1	0.0	0.0	0.0	0.000	0.000	0.000	0.0	0.0		12:36:58:709		
000:02:06.900	1085.8	23.1	23.0	1085.8	0.0	0.0	0.0	0.000	0.000	0.000	0.0	0.0		12:36:58:759		
000:02:06.950	1085.5	23.1	23.0	1085.5	0.0	0.0	0.0	0.000	0.000	0.000	0.0	0.0		12:36:58:809		
000:02:07.000	1085.5	23.1	23.0	1085.5	0.0	0.0	0.0	0.000	0.000	0.000	0.0	0.0		12:36:58:859		
000:02:07.050	1084.2	23.1	23.0	1084.2	0.0	0.0	0.0	0.000	0.000	0.000	0.0	0.0		12:36:58:909		
000:02:07.100	1084.3	23.1	23.0	1084.3	0.0	0.0	0.0	0.000	0.000	0.000	0.0	0.0		12:36:58:959		
000:02:07.150	1085.0	23.1	23.0	1085.0	0.0	0.0	0.0	0.000	0.000	0.000	0.0	0.0		12:36:59:009		
000:02:07.200	1085.3	23.1	23.0	1085.3	0.0	0.0	0.0	0.000	0.000	0.000	0.0	0.0		12:36:59:059		
000:02:07.250	1084.3	23.1	23.0	1084.3	0.0	0.0	0.0	0.000	0.000	0.000	0.0	0.0		12:36:59:109		
000:02:07.300	1084.3	23.1	23.0	1084.3	0.0	0.0	0.0	0.000	0.000	0.000	0.0	0.0		12:36:59:159		
000:02:07.350	1084.7	23.1	23.0	1084.7	0.0	0.0	0.0	0.000	0.000	0.000	0.0	0.0		12:36:59:209		
000:02:07.400	1084.6	23.1	23.0	1084.6	0.0	0.0	0.0	0.000	0.000	0.000	0.0	0.0		12:36:59:259		
000:02:07.450	1084.9	23.1	23.0	1084.9	0.0	0.0	0.0	0.000	0.000	0.000	0.0	0.0		12:36:59:309		
000:02:07.500	1085.1	23.1	23.0	1085.1	0.0	0.0	0.0	0.000	0.000	0.000	0.0	0.0		12:36:59:359		
000:02:07.550	1085.1	23.1	23.0	1085.1	0.0	0.0	0.0	0.000	0.000	0.000	0.0	0.0		12:36:59:409		
000:02:07.600	1085.0	23.1	23.0	1085.0	0.0	0.0	0.0	0.000	0.000	0.000	0.0	0.0		12:36:59:459		
000:02:07.650	1084.2	23.1	23.0	1084.2	0.0	0.0	0.0	0.000	0.000	0.000	0.0	0.0		12:36:59:509		
000:02:07.700	1083.1	23.1	23.0	1083.1	0.0	0.0	0.0	0.000	0.000	0.000	0.0	0.0		12:36:59:559		
000:02:07.750	1082.9	23.1	23.0	1082.9	0.0	0.0	0.0	0.000	0.000	0.000	0.0	0.0		12:36:59:609		
000:02:07.800	1082.8	23.1	23.0	1082.8	0.0	0.0	0.0	0.000	0.000	0.000	0.0	0.0		12:36:59:659		
000:02:07.850	1082.3	23.1	23.0	1082.3	0.0	0.0	0.0	0.000	0.000	0.000	0.0	0.0		12:36:59:709		
000:02:07.900	1082.1	23.1	23.0	1082.1	0.0	0.0	0.0	0.000	0.000	0.000	0.0	0.0		12:36:59:759		
000:02:07.950	1081.9	23.1	23.0	1081.9	0.0	0.0	0.0	0.000	0.000	0.000	0.0	0.0		12:36:59:809		
000:02:08.000	1082.2	23.1	23.0	1082.2	0.0	0.0	0.0	0.000	0.000	0.000	0.0	0.0		12:36:59:859		
000:02:08.050	1081.5	23.1	23.0	1081.5	0.0	0.0	0.0	0.000	0.000	0.000	0.0	0.0		12:36:59:909		
000:02:08.100	1081.5	23.1	23.0	1081.5	0.0	0.0	0.0	0.000	0.000	0.000	0.0	0.0		12:36:59:959		
000:02:08.150	1081.6	23.1	23.0	1081.6	0.0	0.0	0.0	0.000	0.000	0.000	0.0	0.0		12:37:00:009		
000:02:08.200	1081.2	23.1	23.0	1081.2	0.0	0.0	0.0	0.000	0.000	0.000	0.0	0.0		12:37:00:059		
000:02:08.250	1081.2	23.1	23.0	1081.2	0.0	0.0	0.0	0.000	0.000	0.000	0.0	0.0		12:37:00:109		
000:02:08.300	1081.8	23.1	23.0	1081.8	0.0	0.0	0.0	0.000	0.000	0.000	0.0	0.0		12:37:00:159		
000:02:08.350	1081.6	23.1	23.0	1081.6	0.0	0.0	0.0	0.000	0.000	0.000	0.0	0.0		12:37:00:209		
000:02:08.400	1081.4	23.1	23.0	1081.4	0.0	0.0	0.0	0.000	0.000	0.000	0.0	0.0		12:37:00:259		
000:02:08.450	1081.5	23.1	23.0	1081.5	0.0	0.0	0.0	0.000	0.000	0.000	0.0	0.0		12:37:00:309		
000:02:08.500	1083.2	23.1	23.0	1083.2	0.0	0.0	0.0	0.000	0.000	0.000	0.0	0.0		12:37:00:359		
000:02:08.550	1083.9	23.1	23.0	1083.9	0.0	0.0	0.0	0.000	0.000	0.000	0.0	0.0		12:37:00:409		
000:02:08.600	1084.3	23.1	23.0	1084.3	0.0	0.0	0.0	0.000	0.000	0.000	0.0	0.0		12:37:00:459		
000:02:08.650	1084.5	23.1	23.0	1084.5	0.0	0.0	0.0	0.000	0.000	0.000	0.0	0.0		12:37:00:509		
000:02:08.700	1084.9	23.1	23.0	1084.9	0.0	0.0	0.0	0.000	0.000	0.000	0.0	0.0		12:37:00:559		
000:02:08.750	1083.6	23.1	23.0	1083.6	0.0	0.0	0.0	0.000	0.000	0.000	0.0	0.0		12:37:00:609		
000:02:08.800	1082.8	23.1	23.0	1082.8	0.0	0.0	0.0	0.000	0.000	0.000	0.0	0.0		12:37:00:659		
000:02:08.850	1081.9	23.1	23.0	1081.9	0.0	0.0	0.0	0.000	0.000	0.000	0.0	0.0		12:37:00:709		
000:02:08.900	1080.7	23.1	23.0	1080.7	0.0	0.0	0.0	0.000	0.000	0.000	0.0	0.0		12:37:00:759		
000:02:08.950	1080.4	23.1	23.0	1080.4	0.0	0.0	0.0	0.000	0.000	0.000	0.0	0.0		12:37:00:809		
000:02:09.000	1079.8	23.1	23.0	1079.8	0.0	0.0	0.0	0.000	0.000	0.000	0.0	0.0		12:37:00:859		
000:02:09.050	1079.2	23.1	23.0	1079.2	0.0	0.0	0.0	0.000	0.000	0.000	0.0	0.0		12:37:00:909		
000:02:09.100	1078.3	23.1	23.0	1078.3	0.0	0.0	0.0	0.000	0.000	0.000	0.0	0.0		12:37:00:959		
000:02:09.150	1077.6	23.1	23.0	1077.6	0.0	0.0	0.0	0.000	0.000	0.000	0.0	0.0		12:37:01:009		
000:02:09.200	1077.1	23.1	23.0	1077.1	0.0	0.0	0.0	0.000	0.000	0.000	0.0	0.0		12:37:01:059		
000:02:09.250	1076.9	23.1	23.0	1076.9	0.0	0.0	0.0	0.000	0.000	0.000	0.0	0.0		12:37:01:109		
000:02:09.300	1075.6	23.1	23.0	1075.6	0.0	0.0	0.0	0.000	0.000	0.000	0.0	0.0		12:37:01:159		
000:02:09.350	1075.6	23.1	23.0	1075.6	0.0	0.0	0.0	0.000	0.000	0.000	0.0	0.0		12:37:01:209		
000:02:09.400	1076.5	23.1	23.0	1076.5	0.0	0.0	0.0	0.000	0.000	0.000	0.0	0.0		12:37:01:259		
000:02:09.450	1078.0	23.1	23.0	1078.0	0.0	0.0	0.0	0.000	0.000	0.000	0.0	0.0		12:37:01:309		
000:02:09.500	1077.9	23.1	23.0	1077.9	0.0	0.0	0.0	0.000	0.000	0.000	0.0	0.0		12:37:01:359		
000:02:09.550	1077.6	23.1	23.0	1077.6	0.0	0.0	0.0	0.000	0.000	0.000	0.0	0.0		12:37:01:409		
000:02:09.600	1076.5	23.1	23.0	1076.5	0.0	0.0	0.0	0.000	0.000	0.000	0.0	0.0		12:37:01:459		
000:02:09.650	1076.0	23.1	23.0	1076.0	0.0	0.0	0.0	0.000	0.000	0.000	0.0	0.0		12:37:01:509		
000:02:09.700	1076.9	23.1	23.0	1076.9	0.0	0.0	0.0	0.000	0.000	0.000	0.0	0.0		12:37:01:559		
000:02:09.750	1077.1	23.1	23.0	1077.1	0.0	0.0	0.0	0.000	0.000	0.000	0.0	0.0		12:37:01:609		
000:02:09.800	1077.0	23.1	23.0	1077.0	0.0	0.0	0.0	0.000	0.000	0.000	0.0	0.0		12:37:01:659		
000:02:09.850	1075.9	23.1	23.0	1075.9	0.0	0.0	0.0	0.000	0.000	0.000	0.0	0.0		12:37:01:709		
000:02:09.900	1075.3	23.1	23.0	1075.3	0.0	0.0	0.0	0.000	0.000	0.000	0.0	0.0		12:37:01:759		
000:02:09.950	1075.5	23.1	23.0	1075.5	0.0	0.0	0.0	0.000	0.000	0.000	0.0	0.0		12:37:01:809		
000:02:10.000	1075.8	23.1	23.0	1075.8	0.0	0.0	0.0	0.000	0.000	0.000	0.0	0.0		12:37:01:859		
000:02:10.050	1076.4	23.1	23.0	1076.4	0.0	0.0	0.0	0.000	0.000	0.000	0.0	0.0		12:37:01:909		
000:02:10.100	1078.0	23.1	23.0	1078.0	0.0	0.0	0.0	0.000	0.000	0.000	0.0	0.0		12:37:01:959		
000:02:10.150	1079.6	23.1	23.0	1079.6	0.0	0.0	0.0	0.000	0.000	0.000	0.0	0.0		12:37:02:009		
000:02:10.200	1081.1	23.1	23.0	1081.1	0.0	0.0	0.0	0.000	0.000	0.000	0.0	0.0		12:37:02:059		
000:02:10.250	1081.7	23.1	23.0	1081.7	0.0	0.0	0.0	0.000	0.000	0.000	0.0	0.0		12:37:02:109		
000:02:10.300	1083.1	23.1	23.0	1083.1	0.0	0.0	0.0	0.000	0.000	0.000	0.0	0.0		12:37:02:159		
000:02:10.350	1086.1	23.1	23.0	1086.1	0.0	0.0	0.0	0.000	0.000	0.000	0.0	0.0		12:37:02:209		
000:02:10.400	1088.9	23.1	23.0	1088.9	0.0	0.0	0.0	0.000	0.000	0.000	0.0	0.0		12:37:02:259		
000:02:10.450	1092.6	23.1	23.0	1092.6	0.0	0.0	0.0	0.000	0.000	0.000	0.0	0.0		12:37:02:309		
000:02:10.500	1094.2	23.1	23.0	1094.2	0.0	0.0	0.0	0.000	0.000	0.000	0.0	0.0		12:37:02:359		
000:02:10.550	1093.4	23.1	23.0	1093.4	0.0	0.0	0.0	0.000	0.000	0.000	0.0	0.0		12:37:02:409		
000:02:10.600	1092.3	23.1	23.0	1092.3	0.0	0.0	0.0	0.000	0.000	0.000	0.0	0.0		12:37:02:459		
000:02:10.650	1094.5	23.1	23.0	1094.5	0.0	0.0	0.0	0.000	0.000	0.000	0.0	0.0		12:37:02:509		
000:02:10.700	1095.9	23.1	23.0	1095.9	0.0	0.0	0.0	0.000	0.000	0.000	0.0	0.0		12:37:02:559		
000:02:10.750	1095.6	23.1	23.0	1095.6	0.0	0.0	0.0	0.000	0.000	0.000	0.0	0.0		12:37:02:609		
000:02:10.800	1096.7	23.1	23.0	1096.7	0.0	0.0	0.0	0.000	0.000	0.000	0.0	0.0		12:37:02:659		
000:02:10.850	1099.0	23.1	23.0	1099.0	0.0	0.0	0.0	0.000	0.000	0.000	0.0	0.0		12:37:02:709		
000:02:10.900	1100.7	23.1	23.0	1100.7	0.0	0.0	0.0	0.000	0.000	0.000	0.0	0.0		12:37:02:759		
000:02:10.950	1100.2	23.1	23.0	1100.2	0.0	0.0	0.0	0.000	0.000	0.000	0.0	0.0		12:37:02:809		
000:02:11.000	1099.6	23.1	23.0	1099.6	0.0	0.0	0.0	0.000	0.000	0.000	0.0	0.0		12:37:02:859		
000:02:11.050	1102.0	23.1	23.0	1102.0	0.0	0.0	0.0	0.000	0.000	0.000	0.0	0.0		12:37:02:909		
000:02:11.100	1108.0	23.1	23.0	1108.0	0.0	0.0	0.0	0.000	0.000	0.000	0.0	0.0		12:37:02:959		
000:02:11.150	1113.4	23.1	23.0	1113.4	0.0	0.0	0.0	0.000	0.000	0.000	0.0	0.0		12:37:03:009		
000:02:11.200	1115.0	23.1	23.0	1115.0	0.0	0.0	0.0	0.000	0.000	0.000	0.0	0.0		12:37:03:059		
000:02:11.250	1117.8	23.1	23.0	1117.8	0.0	0.0	0.0	0.000	0.000	0.000	0.0	0.0		12:37:03:109		
000:02:11.300	1122.7	23.1	23.0	1122.7	0.0	0.0	0.0	0.000	0.000	0.000	0.0	0.0		12:37:03:159		
000:02:11.350	1127.7	23.1	23.0	1127.7	0.0	0.0	0.0	0.000	0.000	0.000	0.0	0.0		12:37:03:209		
000:02:11.400	1131.0	23.1	23.0	1131.0	0.0	0.0	0.0	0.000	0.000	0.000	0.0	0.0		12:37:03:259		
000:02:11.450	1131.6	23.1	23.0	1131.6	0.0	0.0	0.0	0.000	0.000	0.000	0.0	0.0		12:37:03:309		
000:02:11.500	1132.8	23.1	23.0	1132.8	0.0	0.0	0.0	0.000	0.000	0.000	0.0	0.0		12:37:03:359		
000:02:11.550	1136.0	23.1	23.0	1136.0	0.0	0.0	0.0	0.000	0.000	0.000	0.0	0.0		12:37:03:409		
000:02:11.600	1139.0	23.1	23.0	1139.0	0.0	0.0	0.0	0.000	0.000	0.000	0.0	0.0		12:37:03:459		
000:02:11.650	1140.8	23.1	23.0	1140.8	0.0	0.0	0.0	0.000	0.000	0.000	0.0	0.0		12:37:03:509		
000:02:11.700	1141.9	23.1	23.0	1141.9	0.0	0.0	0.0	0.000	0.000	0.000	0.0	0.0		12:37:03:559		
000:02:11.750	1143.6	23.1	23.0	1143.6	0.0	0.0	0.0	0.000	0.000	0.000	0.0	0.0		12:37:03:609		
000:02:11.800	1145.0	23.1	23.0	1145.0	0.0	0.0	0.0	0.000	0.000	0.000	0.0	0.0		12:37:03:659		
000:02:11.850	1145.4	23.1	23.0	1145.4	0.0	0.0	0.0	0.000	0.000	0.000	0.0	0.0		12:37:03:709		
000:02:11.900	1147.9	23.1	23.0	1147.9	0.0	0.0	0.0	0.000	0.000	0.000	0.0	0.0		12:37:03:759		
000:02:11.950	1149.5	23.1	23.0	1149.5	0.0	0.0	0.0	0.000	0.000	0.000	0.0	0.0		12:37:03:809		
000:02:12.000	1149.2	23.1	23.0	1149.2	0.0	0.0	0.0	0.000	0.000	0.000	0.0	0.0		12:37:03:859		
000:02:12.050	1147.5	23.1	23.0	1147.5	0.0	0.0	0.0	0.000	0.000	0.000	0.0	0.0		12:37:03:909		
000:02:12.100	1149.5	23.1	23.0	1149.5	0.0	0.0	0.0	0.000	0.000	0.000	0.0	0.0		12:37:03:959		
000:02:12.150	1153.8	23.1	23.0	1153.8	0.0	0.0	0.0	0.000	0.000	0.000	0.0	0.0		12:37:04:009		
000:02:12.200	1154.6	23.1	23.0	1154.6	0.0	0.0	0.0	0.000	0.000	0.000	0.0	0.0		12:37:04:059		
000:02:12.250	1155.6	23.1	23.0	1155.6	0.0	0.0	0.0	0.000	0.000	0.000	0.0	0.0		12:37:04:109		
000:02:12.300	1159.8	23.1	23.0	1159.8	0.0	0.0	0.0	0.000	0.000	0.000	0.0	0.0		12:37:04:159		
000:02:12.350	1161.9	23.1	23.0	1161.9	0.0	0.0	0.0	0.000	0.000	0.000	0.0	0.0		12:37:04:209		
000:02:12.400	1162.4	23.1	23.0	1162.4	0.0	0.0	0.0	0.000	0.000	0.000	0.0	0.0		12:37:04:259		
000:02:12.450	1164.3	23.1	23.0	1164.3	0.0	0.0	0.0	0.000	0.000	0.000	0.0	0.0		12:37:04:309		
000:02:12.500	1166.2	23.1	23.0	1166.2	0.0	0.0	0.0	0.000	0.000	0.000	0.0	0.0		12:37:04:359		
000:02:12.550	1167.4	23.1	23.0	1167.4	0.0	0.0	0.0	0.000	0.000	0.000	0.0	0.0		12:37:04:409		
000:02:12.600	1167.0	23.1	23.0	1167.0	0.0	0.0	0.0	0.000	0.000	0.000	0.0	0.0		12:37:04:459		
000:02:12.650	1166.5	23.1	23.0	1166.5	0.0	0.0	0.0	0.000	0.000	0.000	0.0	0.0		12:37:04:509		
000:02:12.700	1168.1	23.1	23.0	1168.1	0.0	0.0	0.0	0.000	0.000	0.000	0.0	0.0		12:37:04:559		
000:02:12.750	1168.4	23.1	23.0	1168.4	0.0	0.0	0.0	0.000	0.000	0.000	0.0	0.0		12:37:04:609		
000:02:12.800	1166.6	23.1	23.0	1166.6	0.0	0.0	0.0	0.000	0.000	0.000	0.0	0.0		12:37:04:659		
000:02:12.850	1164.1	23.1	23.0	1164.1	0.0	0.0	0.0	0.000	0.000	0.000	0.0	0.0		12:37:04:709		
000:02:12.900	1161.4	23.1	23.0	1161.4	0.0	0.0	0.0	0.000	0.000	0.000	0.0	0.0		12:37:04:759		
000:02:12.950	1158.9	23.1	23.0	1158.9	0.0	0.0	0.0	0.000	0.000	0.000	0.0	0.0		12:37:04:809		
000:02:13.000	1156.4	23.1	23.0	1156.4	0.0	0.0	0.0	0.000	0.000	0.000	0.0	0.0		12:37:04:859		
000:02:13.050	1155.7	23.1	23.0	1155.7	0.0	0.0	0.0	0.000	0.000	0.000	0.0	0.0		12:37:04:909		
000:02:13.100	1156.8	23.1	23.0	1156.8	0.0	0.0	0.0	0.000	0.000	0.000	0.0	0.0		12:37:04:959		
000:02:13.150	1159.1	23.1	23.0	1159.1	0.0	0.0	0.0	0.000	0.000	0.000	0.0	0.0		12:37:05:009		
000:02:13.200	1160.7	23.1	23.0	1160.7	0.0	0.0	0.0	0.000	0.000	0.000	0.0	0.0		12:37:05:059		
000:02:13.250	1164.0	23.1	23.0	1164.0	0.0	0.0	0.0	0.000	0.000	0.000	0.0	0.0		12:37:05:109		
000:02:13.300	1170.8	23.1	23.0	1170.8	0.0	0.0	0.0	0.000	0.000	0.000	0.0	0.0		12:37:05:159		
000:02:13.350	1175.6	23.1	23.0	1175.6	0.0	0.0	0.0	0.000	0.000	0.000	0.0	0.0		12:37:05:209		
000:02:13.400	1172.7	23.1	23.0	1172.7	0.0	0.0	0.0	0.000	0.000	0.000	0.0	0.0		12:37:05:259		
000:02:13.450	1170.2	23.1	23.0	1170.2	0.0	0.0	0.0	0.000	0.000	0.000	0.0	0.0		12:37:05:309		
000:02:13.500	1172.5	23.1	23.0	1172.5	0.0	0.0	0.0	0.000	0.000	0.000	0.0	0.0		12:37:05:359		
000:02:13.550	1175.3	23.1	23.0	1175.3	0.0	0.0	0.0	0.000	0.000	0.000	0.0	0.0		12:37:05:409		
000:02:13.600	1175.1	23.1	23.0	1175.1	0.0	0.0	0.0	0.000	0.000	0.000	0.0	0.0		12:37:05:459		
000:02:13.650	1174.3	23.1	23.0	1174.3	0.0	0.0	0.0	0.000	0.000	0.000	0.0	0.0		12:37:05:509		
000:02:13.700	1177.8	23.1	23.0	1177.8	0.0	0.0	0.0	0.000	0.000	0.000	0.0	0.0		12:37:05:559		
000:02:13.750	1180.5	23.1	23.0	1180.5	0.0	0.0	0.0	0.000	0.000	0.000	0.0	0.0		12:37:05:609		
000:02:13.800	1180.4	23.1	23.0	1180.4	0.0	0.0	0.0	0.000	0.000	0.000	0.0	0.0		12:37:05:659		
000:02:13.850	1183.2	23.1	23.0	1183.2	0.0	0.0	0.0	0.000	0.000	0.000	0.0	0.0		12:37:05:709		
000:02:13.900	1185.3	23.1	23.0	1185.3	0.0	0.0	0.0	0.000	0.000	0.000	0.0	0.0		12:37:05:759		
000:02:13.950	1187.9	23.1	23.0	1187.9	0.0	0.0	0.0	0.000	0.000	0.000	0.0	0.0		12:37:05:809		
000:02:14.000	1189.7	23.1	23.0	1189.7	0.0	0.0	0.0	0.000	0.000	0.000	0.0	0.0		12:37:05:859		
000:02:14.050	1192.6	23.1	23.0	1192.6	0.0	0.0	0.0	0.000	0.000	0.000	0.0	0.0		12:37:05:909		
000:02:14.100	1195.0	23.1	23.0	1195.0	0.0	0.0	0.0	0.000	0.000	0.000	0.0	0.0		12:37:05:959		
000:02:14.150	1195.7	23.1	23.0	1195.7	0.0	0.0	0.0	0.000	0.000	0.000	0.0	0.0		12:37:06:009		
000:02:14.200	1194.8	23.1	23.0	1194.8	0.0	0.0	0.0	0.000	0.000	0.000	0.0	0.0		12:37:06:059		
000:02:14.250	1195.2	23.1	23.0	1195.2	0.0	0.0	0.0	0.000	0.000	0.000	0.0	0.0		12:37:06:109		
000:02:14.300	1197.5	23.1	23.0	1197.5	0.0	0.0	0.0	0.000	0.000	0.000	0.0	0.0		12:37:06:159		
000:02:14.350	1199.2	23.1	23.0	1199.2	0.0	0.0	0.0	0.000	0.000	0.000	0.0	0.0		12:37:06:209		
000:02:14.400	1199.2	23.1	23.0	1199.2	0.0	0.0	0.0	0.000	0.000	0.000	0.0	0.0		12:37:06:259		
000:02:14.450	1199.5	23.1	23.0	1199.5	0.0	0.0	0.0	0.000	0.000	0.000	0.0	0.0		12:37:06:309		
000:02:14.500	1199.3	23.1	23.0	1199.3	0.0	0.0	0.0	0.000	0.000	0.000	0.0	0.0		12:37:06:359		
000:02:14.550	1198.7	23.1	23.0	1198.7	0.0	0.0	0.0	0.000	0.000	0.000	0.0	0.0		12:37:06:409		
000:02:14.600	1197.4	23.1	23.0	1197.4	0.0	0.0	0.0	0.000	0.000	0.000	0.0	0.0		12:37:06:459		
000:02:14.650	1193.6	23.1	23.0	1193.6	0.0	0.0	0.0	0.000	0.000	0.000	0.0	0.0		12:37:06:509		
000:02:14.700	1184.8	23.1	23.0	1184.8	0.0	0.0	0.0	0.000	0.000	0.000	0.0	0.0		12:37:06:559		
000:02:14.750	1182.6	23.1	23.0	1182.6	0.0	0.0	0.0	0.000	0.000	0.000	0.0	0.0		12:37:06:609		
000:02:14.800	1185.9	23.1	23.0	1185.9	0.0	0.0	0.0	0.000	0.000	0.000	0.0	0.0		12:37:06:659		
000:02:14.850	1188.4	23.1	23.0	1188.4	0.0	0.0	0.0	0.000	0.000	0.000	0.0	0.0		12:37:06:709		
000:02:14.900	1190.0	23.1	23.0	1190.0	0.0	0.0	0.0	0.000	0.000	0.000	0.0	0.0		12:37:06:759		
000:02:14.950	1191.3	23.1	23.0	1191.3	0.0	0.0	0.0	0.000	0.000	0.000	0.0	0.0		12:37:06:809		
000:02:15.000	1190.2	23.1	23.0	1190.2	0.0	0.0	0.0	0.000	0.000	0.000	0.0	0.0		12:37:06:859		
000:02:15.050	1189.2	23.1	23.0	1189.2	0.0	0.0	0.0	0.000	0.000	0.000	0.0	0.0		12:37:06:909		
000:02:15.100	1189.9	23.1	23.0	1189.9	0.0	0.0	0.0	0.000	0.000	0.000	0.0	0.0		12:37:06:959		
000:02:15.150	1192.5	23.1	23.0	1192.5	0.0	0.0	0.0	0.000	0.000	0.000	0.0	0.0		12:37:07:009		
000:02:15.200	1191.4	23.1	23.0	1191.4	0.0	0.0	0.0	0.000	0.000	0.000	0.0	0.0		12:37:07:059		
000:02:15.250	1189.6	23.1	23.0	1189.6	0.0	0.0	0.0	0.000	0.000	0.000	0.0	0.0		12:37:07:109		
000:02:15.300	1187.7	23.1	23.0	1187.7	0.0	0.0	0.0	0.000	0.000	0.000	0.0	0.0		12:37:07:159		
000:02:15.350	1185.2	23.1	23.0	1185.2	0.0	0.0	0.0	0.000	0.000	0.000	0.0	0.0		12:37:07:209		
000:02:15.400	1183.1	23.1	23.0	1183.1	0.0	0.0	0.0	0.000	0.000	0.000	0.0	0.0		12:37:07:259		
000:02:15.450	1181.8	23.1	23.0	1181.8	0.0	0.0	0.0	0.000	0.000	0.000	0.0	0.0		12:37:07:309		
000:02:15.500	1179.6	23.1	23.0	1179.6	0.0	0.0	0.0	0.000	0.000	0.000	0.0	0.0		12:37:07:359		
000:02:15.550	1179.8	23.1	23.0	1179.8	0.0	0.0	0.0	0.000	0.000	0.000	0.0	0.0		12:37:07:409		
000:02:15.600	1180.9	23.1	23.0	1180.9	0.0	0.0	0.0	0.000	0.000	0.000	0.0	0.0		12:37:07:459		
000:02:15.650	1182.0	23.1	23.0	1182.0	0.0	0.0	0.0	0.000	0.000	0.000	0.0	0.0		12:37:07:509		
000:02:15.700	1182.3	23.1	23.0	1182.3	0.0	0.0	0.0	0.000	0.000	0.000	0.0	0.0		12:37:07:559		
000:02:15.750	1182.4	23.1	23.0	1182.4	0.0	0.0	0.0	0.000	0.000	0.000	0.0	0.0		12:37:07:609		
000:02:15.800	1181.8	23.1	23.0	1181.8	0.0	0.0	0.0	0.000	0.000	0.000	0.0	0.0		12:37:07:659		
000:02:15.850	1181.7	23.1	23.0	1181.7	0.0	0.0	0.0	0.000	0.000	0.000	0.0	0.0		12:37:07:709		
000:02:15.900	1184.6	23.1	23.0	1184.6	0.0	0.0	0.0	0.000	0.000	0.000	0.0	0.0		12:37:07:759		
000:02:15.950	1185.2	23.1	23.0	1185.2	0.0	0.0	0.0	0.000	0.000	0.000	0.0	0.0		12:37:07:809		
000:02:16.000	1184.0	23.1	23.0	1184.0	0.0	0.0	0.0	0.000	0.000	0.000	0.0	0.0		12:37:07:859		
000:02:16.050	1182.6	23.1	23.0	1182.6	0.0	0.0	0.0	0.000	0.000	0.000	0.0	0.0		12:37:07:909		
000:02:16.100	1179.4	23.1	23.0	1179.4	0.0	0.0	0.0	0.000	0.000	0.000	0.0	0.0		12:37:07:959		
000:02:16.150	1176.7	23.1	23.0	1176.7	0.0	0.0	0.0	0.000	0.000	0.000	0.0	0.0		12:37:08:009		
000:02:16.200	1175.7	23.1	23.0	1175.7	0.0	0.0	0.0	0.000	0.000	0.000	0.0	0.0		12:37:08:059		
000:02:16.250	1176.0	23.1	23.0	1176.0	0.0	0.0	0.0	0.000	0.000	0.000	0.0	0.0		12:37:08:109		
000:02:16.300	1176.6	23.1	23.0	1176.6	0.0	0.0	0.0	0.000	0.000	0.000	0.0	0.0		12:37:08:159		
000:02:16.350	1177.3	23.1	23.0	1177.3	0.0	0.0	0.0	0.000	0.000	0.000	0.0	0.0		12:37:08:209		
000:02:16.400	1179.6	23.1	23.0	1179.6	0.0	0.0	0.0	0.000	0.000	0.000	0.0	0.0		12:37:08:259		
000:02:16.450	1181.5	23.1	23.0	1181.5	0.0	0.0	0.0	0.000	0.000	0.000	0.0	0.0		12:37:08:309		
000:02:16.500	1181.7	23.1	23.0	1181.7	0.0	0.0	0.0	0.000	0.000	0.000	0.0	0.0		12:37:08:359		
000:02:16.550	1179.3	23.1	23.0	1179.3	0.0	0.0	0.0	0.000	0.000	0.000	0.0	0.0		12:37:08:409		
000:02:16.600	1176.7	23.1	23.0	1176.7	0.0	0.0	0.0	0.000	0.000	0.000	0.0	0.0		12:37:08:459		
000:02:16.650	1178.0	23.1	23.0	1178.0	0.0	0.0	0.0	0.000	0.000	0.000	0.0	0.0		12:37:08:509		
000:02:16.700	1179.1	23.1	23.0	1179.1	0.0	0.0	0.0	0.000	0.000	0.000	0.0	0.0		12:37:08:559		
000:02:16.750	1182.5	23.1	23.0	1182.5	0.0	0.0	0.0	0.000	0.000	0.000	0.0	0.0		12:37:08:609		
000:02:16.800	1185.1	23.1	23.0	1185.1	0.0	0.0	0.0	0.000	0.000	0.000	0.0	0.0		12:37:08:659		
000:02:16.850	1186.6	23.1	23.0	1186.6	0.0	0.0	0.0	0.000	0.000	0.000	0.0	0.0		12:37:08:709		
000:02:16.900	1189.4	23.1	23.0	1189.4	0.0	0.0	0.0	0.000	0.000	0.000	0.0	0.0		12:37:08:759		
000:02:16.950	1193.6	23.1	23.0	1193.6	0.0	0.0	0.0	0.000	0.000	0.000	0.0	0.0		12:37:08:809		
000:02:17.000	1195.4	23.1	23.0	1195.4	0.0	0.0	0.0	0.000	0.000	0.000	0.0	0.0		12:37:08:859		
000:02:17.050	1196.1	23.1	23.0	1196.1	0.0	0.0	0.0	0.000	0.000	0.000	0.0	0.0		12:37:08:909		
000:02:17.100	1197.0	23.1	23.0	1197.0	0.0	0.0	0.0	0.000	0.000	0.000	0.0	0.0		12:37:08:959		
000:02:17.150	1198.9	23.1	23.0	1198.9	0.0	0.0	0.0	0.000	0.000	0.000	0.0	0.0		12:37:09:009		
000:02:17.200	1199.0	23.1	23.0	1199.0	0.0	0.0	0.0	0.000	0.000	0.000	0.0	0.0		12:37:09:059		
000:02:17.250	1199.3	23.1	23.0	1199.3	0.0	0.0	0.0	0.000	0.000	0.000	0.0	0.0		12:37:09:109		
000:02:17.300	1199.9	23.1	23.0	1199.9	0.0	0.0	0.0	0.000	0.000	0.000	0.0	0.0		12:37:09:159		
000:02:17.350	1200.4	23.1	23.0	1200.4	0.0	0.0	0.0	0.000	0.000	0.000	0.0	0.0		12:37:09:209		
000:02:17.400	1201.3	23.1	23.0	1201.3	0.0	0.0	0.0	0.000	0.000	0.000	0.0	0.0		12:37:09:259		
000:02:17.450	1200.9	23.1	23.0	1200.9	0.0	0.0	0.0	0.000	0.000	0.000	0.0	0.0		12:37:09:309		
000:02:17.500	1200.6	23.1	23.0	1200.6	0.0	0.0	0.0	0.000	0.000	0.000	0.0	0.0		12:37:09:359		
000:02:17.550	1200.9	23.1	23.0	1200.9	0.0	0.0	0.0	0.000	0.000	0.000	0.0	0.0		12:37:09:409		
000:02:17.600	1201.4	23.1	23.0	1201.4	0.0	0.0	0.0	0.000	0.000	0.000	0.0	0.0		12:37:09:459		
000:02:17.650	1202.2	23.1	23.0	1202.2	0.0	0.0	0.0	0.000	0.000	0.000	0.0	0.0		12:37:09:509		
000:02:17.700	1202.2	23.1	23.0	1202.2	0.0	0.0	0.0	0.000	0.000	0.000	0.0	0.0		12:37:09:559		
000:02:17.750	1202.1	23.1	23.0	1202.1	0.0	0.0	0.0	0.000	0.000	0.000	0.0	0.0		12:37:09:609		
000:02:17.800	1202.2	23.1	23.0	1202.2	0.0	0.0	0.0	0.000	0.000	0.000	0.0	0.0		12:37:09:659		
000:02:17.850	1202.4	23.1	23.0	1202.4	0.0	0.0	0.0	0.000	0.000	0.000	0.0	0.0		12:37:09:709		
000:02:17.900	1201.8	23.1	23.0	1201.8	0.0	0.0	0.0	0.000	0.000	0.000	0.0	0.0		12:37:09:759		
000:02:17.950	1200.9	23.1	23.0	1200.9	0.0	0.0	0.0	0.000	0.000	0.000	0.0	0.0		12:37:09:809		
000:02:18.000	1200.0	23.1	23.0	1200.0	0.0	0.0	0.0	0.000	0.000	0.000	0.0	0.0		12:37:09:859		
000:02:18.050	1199.6	23.1	23.0	1199.6	0.0	0.0	0.0	0.000	0.000	0.000	0.0	0.0		12:37:09:909		
000:02:18.100	1198.9	23.1	23.0	1198.9	0.0	0.0	0.0	0.000	0.000	0.000	0.0	0.0		12:37:09:959		
000:02:18.150	1197.8	23.1	23.0	1197.8	0.0	0.0	0.0	0.000	0.000	0.000	0.0	0.0		12:37:10:009		
000:02:18.200	1196.4	23.1	23.0	1196.4	0.0	0.0	0.0	0.000	0.000	0.000	0.0	0.0		12:37:10:059		
000:02:18.250	1195.5	23.1	23.0	1195.5	0.0	0.0	0.0	0.000	0.000	0.000	0.0	0.0		12:37:10:109		
000:02:18.300	1194.1	23.1	23.0	1194.1	0.0	0.0	0.0	0.000	0.000	0.000	0.0	0.0		12:37:10:159		
000:02:18.350	1194.3	23.1	23.0	1194.3	0.0	0.0	0.0	0.000	0.000	0.000	0.0	0.0		12:37:10:209		
000:02:18.400	1192.8	23.1	23.0	1192.8	0.0	0.0	0.0	0.000	0.000	0.000	0.0	0.0		12:37:10:259		
000:02:18.450	1191.0	23.1	23.0	1191.0	0.0	0.0	0.0	0.000	0.000	0.000	0.0	0.0		12:37:10:309		
000:02:18.500	1189.1	23.1	23.0	1189.1	0.0	0.0	0.0	0.000	0.000	0.000	0.0	0.0		12:37:10:359		
000:02:18.550	1185.9	23.1	23.0	1185.9	0.0	0.0	0.0	0.000	0.000	0.000	0.0	0.0		12:37:10:409		
000:02:18.600	1183.2	23.1	23.0	1183.2	0.0	0.0	0.0	0.000	0.000	0.000	0.0	0.0		12:37:10:459		
000:02:18.650	1180.2	23.1	23.0	1180.2	0.0	0.0	0.0	0.000	0.000	0.000	0.0	0.0		12:37:10:509		
000:02:18.700	1177.2	23.1	23.0	1177.2	0.0	0.0	0.0	0.000	0.000	0.000	0.0	0.0		12:37:10:559		
000:02:18.750	1174.7	23.1	23.0	1174.7	0.0	0.0	0.0	0.000	0.000	0.000	0.0	0.0		12:37:10:609		
000:02:18.800	1173.7	23.1	23.0	1173.7	0.0	0.0	0.0	0.000	0.000	0.000	0.0	0.0		12:37:10:659		
000:02:18.850	1175.6	23.1	23.0	1175.6	0.0	0.0	0.0	0.000	0.000	0.000	0.0	0.0		12:37:10:709		
000:02:18.900	1177.4	23.1	23.0	1177.4	0.0	0.0	0.0	0.000	0.000	0.000	0.0	0.0		12:37:10:759		
000:02:18.950	1179.0	23.1	23.0	1179.0	0.0	0.0	0.0	0.000	0.000	0.000	0.0	0.0		12:37:10:809		
000:02:19.000	1179.7	23.1	23.0	1179.7	0.0	0.0	0.0	0.000	0.000	0.000	0.0	0.0		12:37:10:859		
000:02:19.050	1178.3	23.1	23.0	1178.3	0.0	0.0	0.0	0.000	0.000	0.000	0.0	0.0		12:37:10:909		
000:02:19.100	1175.0	23.1	23.1	1175.0	0.0	0.0	0.0	0.000	0.000	0.000	0.0	0.0		12:37:10:959		
000:02:19.150	1174.2	23.1	23.1	1174.2	0.0	0.0	0.0	0.000	0.000	0.000	0.0	0.0		12:37:11:009		
000:02:19.200	1175.2	23.1	23.1	1175.2	0.0	0.0	0.0	0.000	0.000	0.000	0.0	0.0		12:37:11:059		
000:02:19.250	1175.4	23.1	23.1	1175.4	0.0	0.0	0.0	0.000	0.000	0.000	0.0	0.0		12:37:11:109		
000:02:19.300	1175.6	23.1	23.1	1175.6	0.0	0.0	0.0	0.000	0.000	0.000	0.0	0.0		12:37:11:159		
000:02:19.350	1174.8	23.1	23.1	1174.8	0.0	0.0	0.0	0.000	0.000	0.000	0.0	0.0		12:37:11:209		
000:02:19.400	1173.5	23.1	23.1	1173.5	0.0	0.0	0.0	0.000	0.000	0.000	0.0	0.0		12:37:11:259		
000:02:19.450	1172.0	23.1	23.1	1172.0	0.0	0.0	0.0	0.000	0.000	0.000	0.0	0.0		12:37:11:309		
000:02:19.500	1171.3	23.1	23.1	1171.3	0.0	0.0	0.0	0.000	0.000	0.000	0.0	0.0		12:37:11:359		
000:02:19.550	1169.9	23.1	23.1	1169.9	0.0	0.0	0.0	0.000	0.000	0.000	0.0	0.0		12:37:11:409		
000:02:19.600	1168.8	23.1	23.1	1168.8	0.0	0.0	0.0	0.000	0.000	0.000	0.0	0.0		12:37:11:459		
000:02:19.650	1168.1	23.1	23.1	1168.1	0.0	0.0	0.0	0.000	0.000	0.000	0.0	0.0		12:37:11:509		
000:02:19.700	1167.7	23.1	23.1	1167.7	0.0	0.0	0.0	0.000	0.000	0.000	0.0	0.0		12:37:11:559		
000:02:19.750	1168.3	23.1	23.1	1168.3	0.0	0.0	0.0	0.000	0.000	0.000	0.0	0.0		12:37:11:609		
000:02:19.800	1169.8	23.1	23.1	1169.8	0.0	0.0	0.0	0.000	0.000	0.000	0.0	0.0		12:37:11:659		
000:02:19.850	1170.1	23.1	23.1	1170.1	0.0	0.0	0.0	0.000	0.000	0.000	0.0	0.0		12:37:11:709		
000:02:19.900	1170.3	23.1	23.1	1170.3	0.0	0.0	0.0	0.000	0.000	0.000	0.0	0.0		12:37:11:759		
000:02:19.950	1169.1	23.1	23.1	1169.1	0.0	0.0	0.0	0.000	0.000	0.000	0.0	0.0		12:37:11:809		
000:02:20.000	1168.4	23.1	23.1	1168.4	0.0	0.0	0.0	0.000	0.000	0.000	0.0	0.0		12:37:11:859		
000:02:20.050	1167.2	23.1	23.1	1167.2	0.0	0.0	0.0	0.000	0.000	0.000	0.0	0.0		12:37:11:909		
000:02:20.100	1165.7	23.1	23.1	1165.7	0.0	0.0	0.0	0.000	0.000	0.000	0.0	0.0		12:37:11:959		
000:02:20.150	1164.2	23.1	23.1	1164.2	0.0	0.0	0.0	0.000	0.000	0.000	0.0	0.0		12:37:12:009		
000:02:20.200	1162.4	23.1	23.1	1162.4	0.0	0.0	0.0	0.000	0.000	0.000	0.0	0.0		12:37:12:059		
000:02:20.250	1160.6	23.1	23.1	1160.6	0.0	0.0	0.0	0.000	0.000	0.000	0.0	0.0		12:37:12:109		
000:02:20.300	1158.2	23.1	23.1	1158.2	0.0	0.0	0.0	0.000	0.000	0.000	0.0	0.0		12:37:12:159		
000:02:20.350	1156.5	23.1	23.1	1156.5	0.0	0.0	0.0	0.000	0.000	0.000	0.0	0.0		12:37:12:209		
000:02:20.400	1154.8	23.1	23.1	1154.8	0.0	0.0	0.0	0.000	0.000	0.000	0.0	0.0		12:37:12:259		
000:02:20.450	1152.6	23.1	23.1	1152.6	0.0	0.0	0.0	0.000	0.000	0.000	0.0	0.0		12:37:12:309		
000:02:20.500	1150.6	23.1	23.1	1150.6	0.0	0.0	0.0	0.000	0.000	0.000	0.0	0.0		12:37:12:359		
000:02:20.550	1148.8	23.1	23.1	1148.8	0.0	0.0	0.0	0.000	0.000	0.000	0.0	0.0		12:37:12:409		
000:02:20.600	1147.3	23.1	23.1	1147.3	0.0	0.0	0.0	0.000	0.000	0.000	0.0	0.0		12:37:12:459		
000:02:20.650	1145.7	23.1	23.1	1145.7	0.0	0.0	0.0	0.000	0.000	0.000	0.0	0.0		12:37:12:509		
000:02:20.700	1144.0	23.1	23.1	1144.0	0.0	0.0	0.0	0.000	0.000	0.000	0.0	0.0		12:37:12:559		
000:02:20.750	1142.6	23.1	23.1	1142.6	0.0	0.0	0.0	0.000	0.000	0.000	0.0	0.0		12:37:12:609		
000:02:20.800	1141.3	23.1	23.1	1141.3	0.0	0.0	0.0	0.000	0.000	0.000	0.0	0.0		12:37:12:659		
000:02:20.850	1139.7	23.1	23.1	1139.7	0.0	0.0	0.0	0.000	0.000	0.000	0.0	0.0		12:37:12:709		
000:02:20.900	1138.5	23.1	23.1	1138.5	0.0	0.0	0.0	0.000	0.000	0.000	0.0	0.0		12:37:12:759		
000:02:20.950	1137.3	23.1	23.1	1137.3	0.0	0.0	0.0	0.000	0.000	0.000	0.0	0.0		12:37:12:809		
000:02:21.000	1135.7	23.1	23.1	1135.7	0.0	0.0	0.0	0.000	0.000	0.000	0.0	0.0		12:37:12:859		
000:02:21.050	1134.6	23.1	23.1	1134.6	0.0	0.0	0.0	0.000	0.000	0.000	0.0	0.0		12:37:12:909		
000:02:21.100	1133.4	23.1	23.1	1133.4	0.0	0.0	0.0	0.000	0.000	0.000	0.0	0.0		12:37:12:959		
000:02:21.150	1132.3	23.1	23.1	1132.3	0.0	0.0	0.0	0.000	0.000	0.000	0.0	0.0		12:37:13:009		
000:02:21.200	1130.8	23.1	23.1	1130.8	0.0	0.0	0.0	0.000	0.000	0.000	0.0	0.0		12:37:13:059		
000:02:21.250	1129.6	23.1	23.1	1129.6	0.0	0.0	0.0	0.000	0.000	0.000	0.0	0.0		12:37:13:109		
000:02:21.300	1128.7	23.1	23.1	1128.7	0.0	0.0	0.0	0.000	0.000	0.000	0.0	0.0		12:37:13:159		
000:02:21.350	1127.1	23.1	23.1	1127.1	0.0	0.0	0.0	0.000	0.000	0.000	0.0	0.0		12:37:13:209		
000:02:21.400	1126.5	23.1	23.1	1126.5	0.0	0.0	0.0	0.000	0.000	0.000	0.0	0.0		12:37:13:259		
000:02:21.450	1124.7	23.1	23.1	1124.7	0.0	0.0	0.0	0.000	0.000	0.000	0.0	0.0		12:37:13:309		
000:02:21.500	1123.9	23.1	23.1	1123.9	0.0	0.0	0.0	0.000	0.000	0.000	0.0	0.0		12:37:13:359		
000:02:21.550	1123.0	23.1	23.1	1123.0	0.0	0.0	0.0	0.000	0.000	0.000	0.0	0.0		12:37:13:409		
000:02:21.600	1122.6	23.1	23.1	1122.6	0.0	0.0	0.0	0.000	0.000	0.000	0.0	0.0		12:37:13:459		
000:02:21.650	1121.6	23.1	23.1	1121.6	0.0	0.0	0.0	0.000	0.000	0.000	0.0	0.0		12:37:13:509		
000:02:21.700	1120.9	23.1	23.1	1120.9	0.0	0.0	0.0	0.000	0.000	0.000	0.0	0.0		12:37:13:559		
000:02:21.750	1120.2	23.1	23.1	1120.2	0.0	0.0	0.0	0.000	0.000	0.000	0.0	0.0		12:37:13:609		
000:02:21.800	1119.0	23.1	23.1	1119.0	0.0	0.0	0.0	0.000	0.000	0.000	0.0	0.0		12:37:13:659		
000:02:21.850	1116.8	23.1	23.1	1116.8	0.0	0.0	0.0	0.000	0.000	0.000	0.0	0.0		12:37:13:709		
000:02:21.900	1113.0	23.1	23.1	1113.0	0.0	0.0	0.0	0.000	0.000	0.000	0.0	0.0		12:37:13:759		
000:02:21.950	1111.6	23.1	23.1	1111.6	0.0	0.0	0.0	0.000	0.000	0.000	0.0	0.0		12:37:13:809		
000:02:22.000	1109.0	23.1	23.1	1109.0	0.0	0.0	0.0	0.000	0.000	0.000	0.0	0.0		12:37:13:859		
000:02:22.050	1105.4	23.1	23.1	1105.4	0.0	0.0	0.0	0.000	0.000	0.000	0.0	0.0		12:37:13:909		
000:02:22.100	1104.4	23.1	23.1	1104.4	0.0	0.0	0.0	0.000	0.000	0.000	0.0	0.0		12:37:13:959		
000:02:22.150	1102.3	23.1	23.1	1102.3	0.0	0.0	0.0	0.000	0.000	0.000	0.0	0.0		12:37:14:009		
000:02:22.200	1100.2	23.1	23.1	1100.2	0.0	0.0	0.0	0.000	0.000	0.000	0.0	0.0		12:37:14:059		
000:02:22.250	1098.1	23.1	23.1	1098.1	0.0	0.0	0.0	0.000	0.000	0.000	0.0	0.0		12:37:14:109		
000:02:22.300	1095.8	23.1	23.1	1095.8	0.0	0.0	0.0	0.000	0.000	0.000	0.0	0.0		12:37:14:159		
000:02:22.350	1094.2	23.1	23.1	1094.2	0.0	0.0	0.0	0.000	0.000	0.000	0.0	0.0		12:37:14:209		
000:02:22.400	1092.4	23.1	23.1	1092.4	0.0	0.0	0.0	0.000	0.000	0.000	0.0	0.0		12:37:14:259		
000:02:22.450	1090.7	23.1	23.1	1090.7	0.0	0.0	0.0	0.000	0.000	0.000	0.0	0.0		12:37:14:309		
000:02:22.500	1088.7	23.1	23.1	1088.7	0.0	0.0	0.0	0.000	0.000	0.000	0.0	0.0		12:37:14:359		
000:02:22.550	1086.5	23.1	23.1	1086.5	0.0	0.0	0.0	0.000	0.000	0.000	0.0	0.0		12:37:14:409		
000:02:22.600	1084.4	23.1	23.1	1084.4	0.0	0.0	0.0	0.000	0.000	0.000	0.0	0.0		12:37:14:459		
000:02:22.650	1082.4	23.1	23.1	1082.4	0.0	0.0	0.0	0.000	0.000	0.000	0.0	0.0		12:37:14:509		
000:02:22.700	1080.3	23.1	23.1	1080.3	0.0	0.0	0.0	0.000	0.000	0.000	0.0	0.0		12:37:14:559		
000:02:22.750	1078.1	23.1	23.1	1078.1	0.0	0.0	0.0	0.000	0.000	0.000	0.0	0.0		12:37:14:609		
000:02:22.800	1075.9	23.1	23.1	1075.9	0.0	0.0	0.0	0.000	0.000	0.000	0.0	0.0		12:37:14:659		
000:02:22.850	1073.8	23.1	23.1	1073.8	0.0	0.0	0.0	0.000	0.000	0.000	0.0	0.0		12:37:14:709		
000:02:22.900	1071.5	23.1	23.1	1071.5	0.0	0.0	0.0	0.000	0.000	0.000	0.0	0.0		12:37:14:759		
000:02:22.950	1069.8	23.1	23.1	1069.8	0.0	0.0	0.0	0.000	0.000	0.000	0.0	0.0		12:37:14:809		
000:02:23.000	1067.8	23.1	23.1	1067.8	0.0	0.0	0.0	0.000	0.000	0.000	0.0	0.0		12:37:14:859		
000:02:23.050	1066.2	23.1	23.1	1066.2	0.0	0.0	0.0	0.000	0.000	0.000	0.0	0.0		12:37:14:909		
000:02:23.100	1064.6	23.1	23.1	1064.6	0.0	0.0	0.0	0.000	0.000	0.000	0.0	0.0		12:37:14:959		
000:02:23.150	1063.0	23.1	23.1	1063.0	0.0	0.0	0.0	0.000	0.000	0.000	0.0	0.0		12:37:15:009		
000:02:23.200	1061.4	23.1	23.1	1061.4	0.0	0.0	0.0	0.000	0.000	0.000	0.0	0.0		12:37:15:059		
000:02:23.250	1059.7	23.1	23.1	1059.7	0.0	0.0	0.0	0.000	0.000	0.000	0.0	0.0		12:37:15:109		
000:02:23.300	1058.4	23.1	23.1	1058.4	0.0	0.0	0.0	0.000	0.000	0.000	0.0	0.0		12:37:15:159		
000:02:23.350	1057.4	23.1	23.1	1057.4	0.0	0.0	0.0	0.000	0.000	0.000	0.0	0.0		12:37:15:209		
000:02:23.400	1056.3	23.1	23.1	1056.3	0.0	0.0	0.0	0.000	0.000	0.000	0.0	0.0		12:37:15:259		
000:02:23.450	1055.4	23.1	23.1	1055.4	0.0	0.0	0.0	0.000	0.000	0.000	0.0	0.0		12:37:15:309		
000:02:23.500	1054.9	23.1	23.1	1054.9	0.0	0.0	0.0	0.000	0.000	0.000	0.0	0.0		12:37:15:359		
000:02:23.550	1054.4	23.1	23.1	1054.4	0.0	0.0	0.0	0.000	0.000	0.000	0.0	0.0		12:37:15:409		
000:02:23.600	1054.2	23.1	23.1	1054.2	0.0	0.0	0.0	0.000	0.000	0.000	0.0	0.0		12:37:15:459		
000:02:23.650	1053.5	23.1	23.1	1053.5	0.0	0.0	0.0	0.000	0.000	0.000	0.0	0.0		12:37:15:509		
000:02:23.700	1053.0	23.1	23.1	1053.0	0.0	0.0	0.0	0.000	0.000	0.000	0.0	0.0		12:37:15:559		
000:02:23.750	1052.9	23.1	23.1	1052.9	0.0	0.0	0.0	0.000	0.000	0.000	0.0	0.0		12:37:15:609		
000:02:23.800	1052.4	23.1	23.1	1052.4	0.0	0.0	0.0	0.000	0.000	0.000	0.0	0.0		12:37:15:659		
000:02:23.850	1052.0	23.1	23.1	1052.0	0.0	0.0	0.0	0.000	0.000	0.000	0.0	0.0		12:37:15:709		
000:02:23.900	1051.6	23.1	23.1	1051.6	0.0	0.0	0.0	0.000	0.000	0.000	0.0	0.0		12:37:15:759		
000:02:23.950	1051.0	23.1	23.1	1051.0	0.0	0.0	0.0	0.000	0.000	0.000	0.0	0.0		12:37:15:809		
000:02:24.000	1050.7	23.1	23.1	1050.7	0.0	0.0	0.0	0.000	0.000	0.000	0.0	0.0		12:37:15:859		
000:02:24.050	1050.5	23.1	23.1	1050.5	0.0	0.0	0.0	0.000	0.000	0.000	0.0	0.0		12:37:15:909		
000:02:24.100	1050.2	23.1	23.1	1050.2	0.0	0.0	0.0	0.000	0.000	0.000	0.0	0.0		12:37:15:959		
000:02:24.150	1049.8	23.1	23.1	1049.8	0.0	0.0	0.0	0.000	0.000	0.000	0.0	0.0		12:37:16:009		
000:02:24.200	1049.1	23.1	23.1	1049.1	0.0	0.0	0.0	0.000	0.000	0.000	0.0	0.0		12:37:16:059		
000:02:24.250	1048.3	23.1	23.1	1048.3	0.0	0.0	0.0	0.000	0.000	0.000	0.0	0.0		12:37:16:109		
000:02:24.300	1047.6	23.1	23.1	1047.6	0.0	0.0	0.0	0.000	0.000	0.000	0.0	0.0		12:37:16:159		
000:02:24.350	1047.3	23.1	23.1	1047.3	0.0	0.0	0.0	0.000	0.000	0.000	0.0	0.0		12:37:16:209		
000:02:24.400	1046.7	23.1	23.1	1046.7	0.0	0.0	0.0	0.000	0.000	0.000	0.0	0.0		12:37:16:259		
000:02:24.450	1045.9	23.1	23.1	1045.9	0.0	0.0	0.0	0.000	0.000	0.000	0.0	0.0		12:37:16:309		
000:02:24.500	1045.7	23.1	23.1	1045.7	0.0	0.0	0.0	0.000	0.000	0.000	0.0	0.0		12:37:16:359		
000:02:24.550	1045.2	23.1	23.1	1045.2	0.0	0.0	0.0	0.000	0.000	0.000	0.0	0.0		12:37:16:409		
000:02:24.600	1044.2	23.1	23.1	1044.2	0.0	0.0	0.0	0.000	0.000	0.000	0.0	0.0		12:37:16:459		
000:02:24.650	1043.4	23.1	23.1	1043.4	0.0	0.0	0.0	0.000	0.000	0.000	0.0	0.0		12:37:16:509		
000:02:24.700	1042.6	23.1	23.1	1042.6	0.0	0.0	0.0	0.000	0.000	0.000	0.0	0.0		12:37:16:559		
000:02:24.750	1041.9	23.1	23.1	1041.9	0.0	0.0	0.0	0.000	0.000	0.000	0.0	0.0		12:37:16:609		
000:02:24.800	1041.0	23.1	23.1	1041.0	0.0	0.0	0.0	0.000	0.000	0.000	0.0	0.0		12:37:16:659		
000:02:24.850	1040.4	23.1	23.1	1040.4	0.0	0.0	0.0	0.000	0.000	0.000	0.0	0.0		12:37:16:709		
000:02:24.900	1039.7	23.1	23.1	1039.7	0.0	0.0	0.0	0.000	0.000	0.000	0.0	0.0		12:37:16:759		
000:02:24.950	1039.4	23.1	23.1	1039.4	0.0	0.0	0.0	0.000	0.000	0.000	0.0	0.0		12:37:16:809		
000:02:25.000	1038.8	23.1	23.1	1038.8	0.0	0.0	0.0	0.000	0.000	0.000	0.0	0.0		12:37:16:859		
000:02:25.050	1038.2	23.1	23.1	1038.2	0.0	0.0	0.0	0.000	0.000	0.000	0.0	0.0		12:37:16:909		
000:02:25.100	1037.3	23.1	23.1	1037.3	0.0	0.0	0.0	0.000	0.000	0.000	0.0	0.0		12:37:16:959		
000:02:25.150	1036.5	23.1	23.1	1036.5	0.0	0.0	0.0	0.000	0.000	0.000	0.0	0.0		12:37:17:009		
000:02:25.200	1035.5	23.1	23.1	1035.5	0.0	0.0	0.0	0.000	0.000	0.000	0.0	0.0		12:37:17:059		
000:02:25.250	1034.8	23.1	23.1	1034.8	0.0	0.0	0.0	0.000	0.000	0.000	0.0	0.0		12:37:17:109		
000:02:25.300	1034.1	23.1	23.1	1034.1	0.0	0.0	0.0	0.000	0.000	0.000	0.0	0.0		12:37:17:159		
000:02:25.350	1033.3	23.1	23.1	1033.3	0.0	0.0	0.0	0.000	0.000	0.000	0.0	0.0		12:37:17:209		
000:02:25.400	1032.6	23.1	23.1	1032.6	0.0	0.0	0.0	0.000	0.000	0.000	0.0	0.0		12:37:17:259		
000:02:25.450	1032.0	23.1	23.1	1032.0	0.0	0.0	0.0	0.000	0.000	0.000	0.0	0.0		12:37:17:309		
000:02:25.500	1032.0	23.1	23.1	1032.0	0.0	0.0	0.0	0.000	0.000	0.000	0.0	0.0		12:37:17:359		
000:02:25.550	1031.8	23.1	23.1	1031.8	0.0	0.0	0.0	0.000	0.000	0.000	0.0	0.0		12:37:17:409		
000:02:25.600	1031.7	23.1	23.1	1031.7	0.0	0.0	0.0	0.000	0.000	0.000	0.0	0.0		12:37:17:459		
000:02:25.650	1031.6	23.1	23.1	1031.6	0.0	0.0	0.0	0.000	0.000	0.000	0.0	0.0		12:37:17:509		
000:02:25.700	1031.6	23.1	23.1	1031.6	0.0	0.0	0.0	0.000	0.000	0.000	0.0	0.0		12:37:17:559		
000:02:25.750	1031.6	23.1	23.1	1031.6	0.0	0.0	0.0	0.000	0.000	0.000	0.0	0.0		12:37:17:609		
000:02:25.800	1031.7	23.1	23.1	1031.7	0.0	0.0	0.0	0.000	0.000	0.000	0.0	0.0		12:37:17:659		
000:02:25.850	1032.0	23.1	23.1	1032.0	0.0	0.0	0.0	0.000	0.000	0.000	0.0	0.0		12:37:17:709		
000:02:25.900	1032.2	23.1	23.1	1032.2	0.0	0.0	0.0	0.000	0.000	0.000	0.0	0.0		12:37:17:759		
000:02:25.950	1032.8	23.1	23.1	1032.8	0.0	0.0	0.0	0.000	0.000	0.000	0.0	0.0		12:37:17:809		
000:02:26.000	1033.6	23.1	23.1	1033.6	0.0	0.0	0.0	0.000	0.000	0.000	0.0	0.0		12:37:17:859		
000:02:26.050	1034.3	23.1	23.1	1034.3	0.0	0.0	0.0	0.000	0.000	0.000	0.0	0.0		12:37:17:909		
000:02:26.100	1035.3	23.1	23.1	1035.3	0.0	0.0	0.0	0.000	0.000	0.000	0.0	0.0		12:37:17:959		
000:02:26.150	1036.6	23.1	23.1	1036.6	0.0	0.0	0.0	0.000	0.000	0.000	0.0	0.0		12:37:18:009		
000:02:26.200	1038.1	23.1	23.1	1038.1	0.0	0.0	0.0	0.000	0.000	0.000	0.0	0.0		12:37:18:059		
000:02:26.250	1039.5	23.1	23.1	1039.5	0.0	0.0	0.0	0.000	0.000	0.000	0.0	0.0		12:37:18:109		
000:02:26.300	1041.2	23.1	23.1	1041.2	0.0	0.0	0.0	0.000	0.000	0.000	0.0	0.0		12:37:18:159		
000:02:26.350	1042.6	23.1	23.1	1042.6	0.0	0.0	0.0	0.000	0.000	0.000	0.0	0.0		12:37:18:209		
000:02:26.400	1044.1	23.1	23.1	1044.1	0.0	0.0	0.0	0.000	0.000	0.000	0.0	0.0		12:37:18:259		
000:02:26.450	1045.8	23.1	23.1	1045.8	0.0	0.0	0.0	0.000	0.000	0.000	0.0	0.0		12:37:18:309		
000:02:26.500	1047.3	23.1	23.1	1047.3	0.0	0.0	0.0	0.000	0.000	0.000	0.0	0.0		12:37:18:359		
000:02:26.550	1049.1	23.1	23.1	1049.1	0.0	0.0	0.0	0.000	0.000	0.000	0.0	0.0		12:37:18:409		
000:02:26.600	1050.1	23.1	23.1	1050.1	0.0	0.0	0.0	0.000	0.000	0.000	0.0	0.0		12:37:18:459		
000:02:26.650	1050.7	23.1	23.1	1050.7	0.0	0.0	0.0	0.000	0.000	0.000	0.0	0.0		12:37:18:509		
000:02:26.700	1050.7	23.1	23.1	1050.7	0.0	0.0	0.0	0.000	0.000	0.000	0.0	0.0		12:37:18:559		
000:02:26.750	1050.9	23.1	23.1	1050.9	0.0	0.0	0.0	0.000	0.000	0.000	0.0	0.0		12:37:18:609		
000:02:26.800	1050.9	23.1	23.1	1050.9	0.0	0.0	0.0	0.000	0.000	0.000	0.0	0.0		12:37:18:659		
000:02:26.850	1051.3	23.1	23.1	1051.3	0.0	0.0	0.0	0.000	0.000	0.000	0.0	0.0		12:37:18:709		
000:02:26.900	1051.3	23.1	23.1	1051.3	0.0	0.0	0.0	0.000	0.000	0.000	0.0	0.0		12:37:18:759		
000:02:26.950	1051.3	23.1	23.1	1051.3	0.0	0.0	0.0	0.000	0.000	0.000	0.0	0.0		12:37:18:809		
000:02:27.000	1051.5	23.1	23.1	1051.5	0.0	0.0	0.0	0.000	0.000	0.000	0.0	0.0		12:37:18:859		
000:02:27.050	1051.8	23.1	23.1	1051.8	0.0	0.0	0.0	0.000	0.000	0.000	0.0	0.0		12:37:18:909		
000:02:27.100	1051.9	23.1	23.1	1051.9	0.0	0.0	0.0	0.000	0.000	0.000	0.0	0.0		12:37:18:959		
000:02:27.150	1051.9	23.1	23.1	1051.9	0.0	0.0	0.0	0.000	0.000	0.000	0.0	0.0		12:37:19:009		
000:02:27.200	1052.0	23.1	23.1	1052.0	0.0	0.0	0.0	0.000	0.000	0.000	0.0	0.0		12:37:19:059		
000:02:27.250	1051.9	23.1	23.1	1051.9	0.0	0.0	0.0	0.000	0.000	0.000	0.0	0.0		12:37:19:109		
000:02:27.300	1052.0	23.1	23.1	1052.0	0.0	0.0	0.0	0.000	0.000	0.000	0.0	0.0		12:37:19:159		
000:02:27.350	1052.1	23.1	23.1	1052.1	0.0	0.0	0.0	0.000	0.000	0.000	0.0	0.0		12:37:19:209		
000:02:27.400	1052.0	23.1	23.1	1052.0	0.0	0.0	0.0	0.000	0.000	0.000	0.0	0.0		12:37:19:259		
000:02:27.450	1052.1	23.1	23.1	1052.1	0.0	0.0	0.0	0.000	0.000	0.000	0.0	0.0		12:37:19:309		
000:02:27.500	1052.1	23.1	23.1	1052.1	0.0	0.0	0.0	0.000	0.000	0.000	0.0	0.0		12:37:19:359		
000:02:27.550	1052.1	23.1	23.1	1052.1	0.0	0.0	0.0	0.000	0.000	0.000	0.0	0.0		12:37:19:409		
000:02:27.600	1052.4	23.1	23.1	1052.4	0.0	0.0	0.0	0.000	0.000	0.000	0.0	0.0		12:37:19:459		
000:02:27.650	1052.2	23.1	23.1	1052.2	0.0	0.0	0.0	0.000	0.000	0.000	0.0	0.0		12:37:19:509		
000:02:27.700	1052.2	23.1	23.1	1052.2	0.0	0.0	0.0	0.000	0.000	0.000	0.0	0.0		12:37:19:559		
000:02:27.750	1052.3	23.1	23.1	1052.3	0.0	0.0	0.0	0.000	0.000	0.000	0.0	0.0		12:37:19:609		
000:02:27.800	1052.6	23.1	23.1	1052.6	0.0	0.0	0.0	0.000	0.000	0.000	0.0	0.0		12:37:19:659		
000:02:27.850	1052.7	23.1	23.1	1052.7	0.0	0.0	0.0	0.000	0.000	0.000	0.0	0.0		12:37:19:709		
000:02:27.900	1053.0	23.1	23.1	1053.0	0.0	0.0	0.0	0.000	0.000	0.000	0.0	0.0		12:37:19:759		
000:02:27.950	1053.4	23.1	23.1	1053.4	0.0	0.0	0.0	0.000	0.000	0.000	0.0	0.0		12:37:19:809		
000:02:28.000	1053.2	23.1	23.1	1053.2	0.0	0.0	0.0	0.000	0.000	0.000	0.0	0.0		12:37:19:859		
000:02:28.050	1053.4	23.1	23.1	1053.4	0.0	0.0	0.0	0.000	0.000	0.000	0.0	0.0		12:37:19:909		
000:02:28.100	1053.5	23.1	23.1	1053.5	0.0	0.0	0.0	0.000	0.000	0.000	0.0	0.0		12:37:19:959		
000:02:28.150	1053.8	23.1	23.1	1053.8	0.0	0.0	0.0	0.000	0.000	0.000	0.0	0.0		12:37:20:009		
000:02:28.200	1053.8	23.1	23.1	1053.8	0.0	0.0	0.0	0.000	0.000	0.000	0.0	0.0		12:37:20:059		
000:02:28.250	1054.0	23.1	23.1	1054.0	0.0	0.0	0.0	0.000	0.000	0.000	0.0	0.0		12:37:20:109		
000:02:28.300	1053.8	23.1	23.1	1053.8	0.0	0.0	0.0	0.000	0.000	0.000	0.0	0.0		12:37:20:159		
000:02:28.350	1053.8	23.1	23.1	1053.8	0.0	0.0	0.0	0.000	0.000	0.000	0.0	0.0		12:37:20:209		
000:02:28.400	1054.3	23.1	23.1	1054.3	0.0	0.0	0.0	0.000	0.000	0.000	0.0	0.0		12:37:20:259		
000:02:28.450	1054.6	23.1	23.1	1054.6	0.0	0.0	0.0	0.000	0.000	0.000	0.0	0.0		12:37:20:309		
000:02:28.500	1054.3	23.1	23.1	1054.3	0.0	0.0	0.0	0.000	0.000	0.000	0.0	0.0		12:37:20:359		
000:02:28.550	1054.3	23.1	23.1	1054.3	0.0	0.0	0.0	0.000	0.000	0.000	0.0	0.0		12:37:20:409		
000:02:28.600	1054.3	23.1	23.1	1054.3	0.0	0.0	0.0	0.000	0.000	0.000	0.0	0.0		12:37:20:459		
000:02:28.650	1054.5	23.1	23.1	1054.5	0.0	0.0	0.0	0.000	0.000	0.000	0.0	0.0		12:37:20:509		
000:02:28.700	1054.9	23.1	23.1	1054.9	0.0	0.0	0.0	0.000	0.000	0.000	0.0	0.0		12:37:20:559		
000:02:28.750	1055.3	23.1	23.1	1055.3	0.0	0.0	0.0	0.000	0.000	0.000	0.0	0.0		12:37:20:609		
000:02:28.800	1055.0	23.1	23.1	1055.0	0.0	0.0	0.0	0.000	0.000	0.000	0.0	0.0		12:37:20:659		
000:02:28.850	1055.4	23.1	23.1	1055.4	0.0	0.0	0.0	0.000	0.000	0.000	0.0	0.0		12:37:20:709		
000:02:28.900	1055.7	23.1	23.1	1055.7	0.0	0.0	0.0	0.000	0.000	0.000	0.0	0.0		12:37:20:759		
000:02:28.950	1055.8	23.1	23.1	1055.8	0.0	0.0	0.0	0.000	0.000	0.000	0.0	0.0		12:37:20:809		
000:02:29.000	1055.9	23.1	23.1	1055.9	0.0	0.0	0.0	0.000	0.000	0.000	0.0	0.0		12:37:20:859		
000:02:29.050	1056.3	23.1	23.1	1056.3	0.0	0.0	0.0	0.000	0.000	0.000	0.0	0.0		12:37:20:909		
000:02:29.100	1057.0	23.1	23.1	1057.0	0.0	0.0	0.0	0.000	0.000	0.000	0.0	0.0		12:37:20:959		
000:02:29.150	1057.5	23.1	23.1	1057.5	0.0	0.0	0.0	0.000	0.000	0.000	0.0	0.0		12:37:21:009		
000:02:29.200	1058.1	23.1	23.1	1058.1	0.0	0.0	0.0	0.000	0.000	0.000	0.0	0.0		12:37:21:059		
000:02:29.250	1059.0	23.1	23.1	1059.0	0.0	0.0	0.0	0.000	0.000	0.000	0.0	0.0		12:37:21:109		
000:02:29.300	1059.3	23.1	23.1	1059.3	0.0	0.0	0.0	0.000	0.000	0.000	0.0	0.0		12:37:21:159		
000:02:29.350	1059.9	23.1	23.1	1059.9	0.0	0.0	0.0	0.000	0.000	0.000	0.0	0.0		12:37:21:209		
000:02:29.400	1060.4	23.1	23.1	1060.4	0.0	0.0	0.0	0.000	0.000	0.000	0.0	0.0		12:37:21:259		
000:02:29.450	1061.4	23.1	23.1	1061.4	0.0	0.0	0.0	0.000	0.000	0.000	0.0	0.0		12:37:21:309		
000:02:29.500	1061.9	23.1	23.1	1061.9	0.0	0.0	0.0	0.000	0.000	0.000	0.0	0.0		12:37:21:359		
000:02:29.550	1062.3	23.1	23.1	1062.3	0.0	0.0	0.0	0.000	0.000	0.000	0.0	0.0		12:37:21:409		
000:02:29.600	1063.2	23.1	23.1	1063.2	0.0	0.0	0.0	0.000	0.000	0.000	0.0	0.0		12:37:21:459		
000:02:29.650	1063.9	23.1	23.1	1063.9	0.0	0.0	0.0	0.000	0.000	0.000	0.0	0.0		12:37:21:509		
000:02:29.700	1064.8	23.1	23.1	1064.8	0.0	0.0	0.0	0.000	0.000	0.000	0.0	0.0		12:37:21:559		
000:02:29.750	1065.6	23.1	23.1	1065.6	0.0	0.0	0.0	0.000	0.000	0.000	0.0	0.0		12:37:21:609		
000:02:29.800	1066.1	23.1	23.1	1066.1	0.0	0.0	0.0	0.000	0.000	0.000	0.0	0.0		12:37:21:659		
000:02:29.850	1066.8	23.1	23.1	1066.8	0.0	0.0	0.0	0.000	0.000	0.000	0.0	0.0		12:37:21:709		
000:02:29.900	1067.4	23.1	23.1	1067.4	0.0	0.0	0.0	0.000	0.000	0.000	0.0	0.0		12:37:21:759		
000:02:29.950	1068.7	23.1	23.1	1068.7	0.0	0.0	0.0	0.000	0.000	0.000	0.0	0.0		12:37:21:809		
000:02:30.000	1070.0	23.1	23.1	1070.0	0.0	0.0	0.0	0.000	0.000	0.000	0.0	0.0		12:37:21:859		
000:02:30.050	1071.3	23.1	23.1	1071.3	0.0	0.0	0.0	0.000	0.000	0.000	0.0	0.0		12:37:21:909		
000:02:30.100	1073.0	23.1	23.1	1073.0	0.0	0.0	0.0	0.000	0.000	0.000	0.0	0.0		12:37:21:959		
000:02:30.150	1074.8	23.1	23.1	1074.8	0.0	0.0	0.0	0.000	0.000	0.000	0.0	0.0		12:37:22:009		
000:02:30.200	1076.4	23.1	23.1	1076.4	0.0	0.0	0.0	0.000	0.000	0.000	0.0	0.0		12:37:22:059		
000:02:30.250	1078.3	23.1	23.1	1078.3	0.0	0.0	0.0	0.000	0.000	0.000	0.0	0.0		12:37:22:109		
000:02:30.300	1080.1	23.1	23.1	1080.1	0.0	0.0	0.0	0.000	0.000	0.000	0.0	0.0		12:37:22:159		
000:02:30.350	1081.0	23.1	23.1	1081.0	0.0	0.0	0.0	0.000	0.000	0.000	0.0	0.0		12:37:22:209		
000:02:30.400	1081.9	23.1	23.1	1081.9	0.0	0.0	0.0	0.000	0.000	0.000	0.0	0.0		12:37:22:259		
000:02:30.450	1083.1	23.1	23.1	1083.1	0.0	0.0	0.0	0.000	0.000	0.000	0.0	0.0		12:37:22:309		
000:02:30.500	1084.9	23.1	23.1	1084.9	0.0	0.0	0.0	0.000	0.000	0.000	0.0	0.0		12:37:22:359		
000:02:30.550	1085.7	23.1	23.1	1085.7	0.0	0.0	0.0	0.000	0.000	0.000	0.0	0.0		12:37:22:409		
000:02:30.600	1086.0	23.1	23.1	1086.0	0.0	0.0	0.0	0.000	0.000	0.000	0.0	0.0		12:37:22:459		
000:02:30.650	1087.8	23.1	23.1	1087.8	0.0	0.0	0.0	0.000	0.000	0.000	0.0	0.0		12:37:22:509		
000:02:30.700	1088.4	23.1	23.1	1088.4	0.0	0.0	0.0	0.000	0.000	0.000	0.0	0.0		12:37:22:559		
000:02:30.750	1089.0	23.1	23.1	1089.0	0.0	0.0	0.0	0.000	0.000	0.000	0.0	0.0		12:37:22:609		
000:02:30.800	1090.0	23.1	23.1	1090.0	0.0	0.0	0.0	0.000	0.000	0.000	0.0	0.0		12:37:22:659		
000:02:30.850	1091.0	23.1	23.1	1091.0	0.0	0.0	0.0	0.000	0.000	0.000	0.0	0.0		12:37:22:709		
000:02:30.900	1091.7	23.1	23.1	1091.7	0.0	0.0	0.0	0.000	0.000	0.000	0.0	0.0		12:37:22:759		
000:02:30.950	1092.3	23.1	23.1	1092.3	0.0	0.0	0.0	0.000	0.000	0.000	0.0	0.0		12:37:22:809		
000:02:31.000	1093.2	23.1	23.1	1093.2	0.0	0.0	0.0	0.000	0.000	0.000	0.0	0.0		12:37:22:859		
000:02:31.050	1094.3	23.1	23.1	1094.3	0.0	0.0	0.0	0.000	0.000	0.000	0.0	0.0		12:37:22:909		
000:02:31.100	1095.9	23.1	23.1	1095.9	0.0	0.0	0.0	0.000	0.000	0.000	0.0	0.0		12:37:22:959		
000:02:31.150	1097.1	23.1	23.1	1097.1	0.0	0.0	0.0	0.000	0.000	0.000	0.0	0.0		12:37:23:009		
000:02:31.200	1097.7	23.1	23.1	1097.7	0.0	0.0	0.0	0.000	0.000	0.000	0.0	0.0		12:37:23:059		
000:02:31.250	1098.1	23.1	23.1	1098.1	0.0	0.0	0.0	0.000	0.000	0.000	0.0	0.0		12:37:23:109		
000:02:31.300	1098.9	23.1	23.1	1098.9	0.0	0.0	0.0	0.000	0.000	0.000	0.0	0.0		12:37:23:159		
000:02:31.350	1099.5	23.1	23.1	1099.5	0.0	0.0	0.0	0.000	0.000	0.000	0.0	0.0		12:37:23:209		
000:02:31.400	1099.8	23.1	23.1	1099.8	0.0	0.0	0.0	0.000	0.000	0.000	0.0	0.0		12:37:23:259		
000:02:31.450	1100.1	23.1	23.1	1100.1	0.0	0.0	0.0	0.000	0.000	0.000	0.0	0.0		12:37:23:309		
000:02:31.500	1100.9	23.1	23.1	1100.9	0.0	0.0	0.0	0.000	0.000	0.000	0.0	0.0		12:37:23:359		
000:02:31.550	1101.1	23.1	23.1	1101.1	0.0	0.0	0.0	0.000	0.000	0.000	0.0	0.0		12:37:23:409		
000:02:31.600	1102.0	23.1	23.1	1102.0	0.0	0.0	0.0	0.000	0.000	0.000	0.0	0.0		12:37:23:459		
000:02:31.650	1102.7	23.1	23.1	1102.7	0.0	0.0	0.0	0.000	0.000	0.000	0.0	0.0		12:37:23:509		
000:02:31.700	1102.8	23.1	23.1	1102.8	0.0	0.0	0.0	0.000	0.000	0.000	0.0	0.0		12:37:23:559		
000:02:31.750	1103.1	23.1	23.1	1103.1	0.0	0.0	0.0	0.000	0.000	0.000	0.0	0.0		12:37:23:609		
000:02:31.800	1103.8	23.1	23.1	1103.8	0.0	0.0	0.0	0.000	0.000	0.000	0.0	0.0		12:37:23:659		
000:02:31.850	1104.2	23.1	23.1	1104.2	0.0	0.0	0.0	0.000	0.000	0.000	0.0	0.0		12:37:23:709		
000:02:31.900	1104.8	23.1	23.1	1104.8	0.0	0.0	0.0	0.000	0.000	0.000	0.0	0.0		12:37:23:759		
000:02:31.950	1105.0	23.1	23.1	1105.0	0.0	0.0	0.0	0.000	0.000	0.000	0.0	0.0		12:37:23:809		
000:02:32.000	1105.6	23.1	23.1	1105.6	0.0	0.0	0.0	0.000	0.000	0.000	0.0	0.0		12:37:23:859		
000:02:32.050	1105.6	23.1	23.1	1105.6	0.0	0.0	0.0	0.000	0.000	0.000	0.0	0.0		12:37:23:909		
000:02:32.100	1105.9	23.1	23.1	1105.9	0.0	0.0	0.0	0.000	0.000	0.000	0.0	0.0		12:37:23:959		
000:02:32.150	1106.6	23.1	23.1	1106.6	0.0	0.0	0.0	0.000	0.000	0.000	0.0	0.0		12:37:24:009		
000:02:32.200	1106.7	23.1	23.1	1106.7	0.0	0.0	0.0	0.000	0.000	0.000	0.0	0.0		12:37:24:059		
000:02:32.250	1107.0	23.1	23.1	1107.0	0.0	0.0	0.0	0.000	0.000	0.000	0.0	0.0		12:37:24:109		
000:02:32.300	1107.5	23.1	23.1	1107.5	0.0	0.0	0.0	0.000	0.000	0.000	0.0	0.0		12:37:24:159		
000:02:32.350	1107.4	23.1	23.1	1107.4	0.0	0.0	0.0	0.000	0.000	0.000	0.0	0.0		12:37:24:209		
000:02:32.400	1107.7	23.1	23.1	1107.7	0.0	0.0	0.0	0.000	0.000	0.000	0.0	0.0		12:37:24:259		
000:02:32.450	1108.1	23.1	23.1	1108.1	0.0	0.0	0.0	0.000	0.000	0.000	0.0	0.0		12:37:24:309		
000:02:32.500	1108.4	23.1	23.1	1108.4	0.0	0.0	0.0	0.000	0.000	0.000	0.0	0.0		12:37:24:359		
000:02:32.550	1108.9	23.1	23.1	1108.9	0.0	0.0	0.0	0.000	0.000	0.000	0.0	0.0		12:37:24:409		
000:02:32.600	1109.5	23.1	23.1	1109.5	0.0	0.0	0.0	0.000	0.000	0.000	0.0	0.0		12:37:24:459		
000:02:32.650	1109.9	23.1	23.1	1109.9	0.0	0.0	0.0	0.000	0.000	0.000	0.0	0.0		12:37:24:509		
000:02:32.700	1110.5	23.1	23.1	1110.5	0.0	0.0	0.0	0.000	0.000	0.000	0.0	0.0		12:37:24:559		
000:02:32.750	1111.0	23.1	23.1	1111.0	0.0	0.0	0.0	0.000	0.000	0.000	0.0	0.0		12:37:24:609		
000:02:32.800	1112.2	23.1	23.1	1112.2	0.0	0.0	0.0	0.000	0.000	0.000	0.0	0.0		12:37:24:659		
000:02:32.850	1112.7	23.1	23.1	1112.7	0.0	0.0	0.0	0.000	0.000	0.000	0.0	0.0		12:37:24:709		
000:02:32.900	1113.2	23.1	23.1	1113.2	0.0	0.0	0.0	0.000	0.000	0.000	0.0	0.0		12:37:24:759		
000:02:32.950	1113.8	23.1	23.1	1113.8	0.0	0.0	0.0	0.000	0.000	0.000	0.0	0.0		12:37:24:809		
000:02:33.000	1114.3	23.1	23.1	1114.3	0.0	0.0	0.0	0.000	0.000	0.000	0.0	0.0		12:37:24:859		
000:02:33.050	1114.6	23.1	23.1	1114.6	0.0	0.0	0.0	0.000	0.000	0.000	0.0	0.0		12:37:24:909		
000:02:33.100	1115.5	23.1	23.1	1115.5	0.0	0.0	0.0	0.000	0.000	0.000	0.0	0.0		12:37:24:959		
000:02:33.150	1116.2	23.1	23.1	1116.2	0.0	0.0	0.0	0.000	0.000	0.000	0.0	0.0		12:37:25:009		
000:02:33.200	1117.3	23.1	23.1	1117.3	0.0	0.0	0.0	0.000	0.000	0.000	0.0	0.0		12:37:25:059		
000:02:33.250	1117.7	23.1	23.1	1117.7	0.0	0.0	0.0	0.000	0.000	0.000	0.0	0.0		12:37:25:109		
000:02:33.300	1118.5	23.1	23.1	1118.5	0.0	0.0	0.0	0.000	0.000	0.000	0.0	0.0		12:37:25:159		
000:02:33.350	1119.1	23.1	23.1	1119.1	0.0	0.0	0.0	0.000	0.000	0.000	0.0	0.0		12:37:25:209		
000:02:33.400	1120.0	23.1	23.1	1120.0	0.0	0.0	0.0	0.000	0.000	0.000	0.0	0.0		12:37:25:259		
000:02:33.450	1120.7	23.1	23.1	1120.7	0.0	0.0	0.0	0.000	0.000	0.000	0.0	0.0		12:37:25:309		
000:02:33.500	1121.4	23.1	23.1	1121.4	0.0	0.0	0.0	0.000	0.000	0.000	0.0	0.0		12:37:25:359		
000:02:33.550	1121.9	23.1	23.1	1121.9	0.0	0.0	0.0	0.000	0.000	0.000	0.0	0.0		12:37:25:409		
000:02:33.600	1122.6	23.1	23.1	1122.6	0.0	0.0	0.0	0.000	0.000	0.000	0.0	0.0		12:37:25:459		
000:02:33.650	1123.7	23.1	23.1	1123.7	0.0	0.0	0.0	0.000	0.000	0.000	0.0	0.0		12:37:25:509		
000:02:33.700	1124.1	23.1	23.1	1124.1	0.0	0.0	0.0	0.000	0.000	0.000	0.0	0.0		12:37:25:559		
000:02:33.750	1124.6	23.1	23.1	1124.6	0.0	0.0	0.0	0.000	0.000	0.000	0.0	0.0		12:37:25:609		
000:02:33.800	1125.4	23.1	23.1	1125.4	0.0	0.0	0.0	0.000	0.000	0.000	0.0	0.0		12:37:25:659		
000:02:33.850	1125.8	23.1	23.1	1125.8	0.0	0.0	0.0	0.000	0.000	0.000	0.0	0.0		12:37:25:709		
000:02:33.900	1126.3	23.1	23.1	1126.3	0.0	0.0	0.0	0.000	0.000	0.000	0.0	0.0		12:37:25:759		
000:02:33.950	1126.7	23.1	23.1	1126.7	0.0	0.0	0.0	0.000	0.000	0.000	0.0	0.0		12:37:25:809		
000:02:34.000	1127.0	23.1	23.1	1127.0	0.0	0.0	0.0	0.000	0.000	0.000	0.0	0.0		12:37:25:859		
000:02:34.050	1127.0	23.1	23.1	1127.0	0.0	0.0	0.0	0.000	0.000	0.000	0.0	0.0		12:37:25:909		
000:02:34.100	1127.1	23.1	23.1	1127.1	0.0	0.0	0.0	0.000	0.000	0.000	0.0	0.0		12:37:25:959		
000:02:34.150	1126.6	23.1	23.1	1126.6	0.0	0.0	0.0	0.000	0.000	0.000	0.0	0.0		12:37:26:009		
000:02:34.200	1126.6	23.1	23.1	1126.6	0.0	0.0	0.0	0.000	0.000	0.000	0.0	0.0		12:37:26:059		
000:02:34.250	1126.7	23.1	23.1	1126.7	0.0	0.0	0.0	0.000	0.000	0.000	0.0	0.0		12:37:26:109		
000:02:34.300	1126.3	23.1	23.1	1126.3	0.0	0.0	0.0	0.000	0.000	0.000	0.0	0.0		12:37:26:159		
000:02:34.350	1126.7	23.1	23.1	1126.7	0.0	0.0	0.0	0.000	0.000	0.000	0.0	0.0		12:37:26:209		
000:02:34.400	1127.3	23.1	23.1	1127.3	0.0	0.0	0.0	0.000	0.000	0.000	0.0	0.0		12:37:26:259		
000:02:34.450	1128.0	23.1	23.1	1128.0	0.0	0.0	0.0	0.000	0.000	0.000	0.0	0.0		12:37:26:309		
000:02:34.500	1128.8	23.1	23.1	1128.8	0.0	0.0	0.0	0.000	0.000	0.000	0.0	0.0		12:37:26:359		
000:02:34.550	1129.8	23.1	23.1	1129.8	0.0	0.0	0.0	0.000	0.000	0.000	0.0	0.0		12:37:26:409		
000:02:34.600	1130.0	23.1	23.1	1130.0	0.0	0.0	0.0	0.000	0.000	0.000	0.0	0.0		12:37:26:459		
000:02:34.650	1130.7	23.1	23.1	1130.7	0.0	0.0	0.0	0.000	0.000	0.000	0.0	0.0		12:37:26:509		
000:02:34.700	1131.6	23.1	23.1	1131.6	0.0	0.0	0.0	0.000	0.000	0.000	0.0	0.0		12:37:26:559		
000:02:34.750	1132.3	23.1	23.1	1132.3	0.0	0.0	0.0	0.000	0.000	0.000	0.0	0.0		12:37:26:609		
000:02:34.800	1131.7	23.1	23.1	1131.7	0.0	0.0	0.0	0.000	0.000	0.000	0.0	0.0		12:37:26:659		
000:02:34.850	1131.8	23.1	23.1	1131.8	0.0	0.0	0.0	0.000	0.000	0.000	0.0	0.0		12:37:26:709		
000:02:34.900	1131.9	23.1	23.1	1131.9	0.0	0.0	0.0	0.000	0.000	0.000	0.0	0.0		12:37:26:759		
000:02:34.950	1131.9	23.1	23.1	1131.9	0.0	0.0	0.0	0.000	0.000	0.000	0.0	0.0		12:37:26:809		
000:02:35.000	1131.9	23.1	23.1	1131.9	0.0	0.0	0.0	0.000	0.000	0.000	0.0	0.0		12:37:26:859		
000:02:35.050	1132.3	23.1	23.1	1132.3	0.0	0.0	0.0	0.000	0.000	0.000	0.0	0.0		12:37:26:909		
000:02:35.100	1132.4	23.1	23.1	1132.4	0.0	0.0	0.0	0.000	0.000	0.000	0.0	0.0		12:37:26:959		
000:02:35.150	1132.9	23.1	23.1	1132.9	0.0	0.0	0.0	0.000	0.000	0.000	0.0	0.0		12:37:27:009		
000:02:35.200	1133.6	23.1	23.1	1133.6	0.0	0.0	0.0	0.000	0.000	0.000	0.0	0.0		12:37:27:059		
000:02:35.250	1133.7	23.1	23.1	1133.7	0.0	0.0	0.0	0.000	0.000	0.000	0.0	0.0		12:37:27:109		
000:02:35.300	1133.0	23.1	23.1	1133.0	0.0	0.0	0.0	0.000	0.000	0.000	0.0	0.0		12:37:27:159		
000:02:35.350	1132.7	23.1	23.1	1132.7	0.0	0.0	0.0	0.000	0.000	0.000	0.0	0.0		12:37:27:209		
000:02:35.400	1133.1	23.1	23.1	1133.1	0.0	0.0	0.0	0.000	0.000	0.000	0.0	0.0		12:37:27:259		
000:02:35.450	1133.7	23.1	23.1	1133.7	0.0	0.0	0.0	0.000	0.000	0.000	0.0	0.0		12:37:27:309		
000:02:35.500	1134.2	23.1	23.1	1134.2	0.0	0.0	0.0	0.000	0.000	0.000	0.0	0.0		12:37:27:359		
000:02:35.550	1135.0	23.1	23.1	1135.0	0.0	0.0	0.0	0.000	0.000	0.000	0.0	0.0		12:37:27:409		
000:02:35.600	1135.6	23.1	23.1	1135.6	0.0	0.0	0.0	0.000	0.000	0.000	0.0	0.0		12:37:27:459		
000:02:35.650	1136.3	23.1	23.1	1136.3	0.0	0.0	0.0	0.000	0.000	0.000	0.0	0.0		12:37:27:509		
000:02:35.700	1136.6	23.1	23.1	1136.6	0.0	0.0	0.0	0.000	0.000	0.000	0.0	0.0		12:37:27:559		
000:02:35.750	1136.0	23.1	23.1	1136.0	0.0	0.0	0.0	0.000	0.000	0.000	0.0	0.0		12:37:27:609		
000:02:35.800	1135.8	23.1	23.1	1135.8	0.0	0.0	0.0	0.000	0.000	0.000	0.0	0.0		12:37:27:659		
000:02:35.850	1136.4	23.1	23.1	1136.4	0.0	0.0	0.0	0.000	0.000	0.000	0.0	0.0		12:37:27:709		
000:02:35.900	1137.2	23.1	23.1	1137.2	0.0	0.0	0.0	0.000	0.000	0.000	0.0	0.0		12:37:27:759		
000:02:35.950	1137.2	23.1	23.1	1137.2	0.0	0.0	0.0	0.000	0.000	0.000	0.0	0.0		12:37:27:809		
000:02:36.000	1137.1	23.1	23.1	1137.1	0.0	0.0	0.0	0.000	0.000	0.000	0.0	0.0		12:37:27:859		
000:02:36.050	1137.9	23.1	23.1	1137.9	0.0	0.0	0.0	0.000	0.000	0.000	0.0	0.0		12:37:27:909		
000:02:36.100	1138.3	23.1	23.1	1138.3	0.0	0.0	0.0	0.000	0.000	0.000	0.0	0.0		12:37:27:959		
000:02:36.150	1139.0	23.1	23.1	1139.0	0.0	0.0	0.0	0.000	0.000	0.000	0.0	0.0		12:37:28:009		
000:02:36.200	1139.1	23.1	23.1	1139.1	0.0	0.0	0.0	0.000	0.000	0.000	0.0	0.0		12:37:28:059		
000:02:36.250	1139.4	23.1	23.1	1139.4	0.0	0.0	0.0	0.000	0.000	0.000	0.0	0.0		12:37:28:109		
000:02:36.300	1140.2	23.1	23.1	1140.2	0.0	0.0	0.0	0.000	0.000	0.000	0.0	0.0		12:37:28:159		
000:02:36.350	1139.6	23.1	23.1	1139.6	0.0	0.0	0.0	0.000	0.000	0.000	0.0	0.0		12:37:28:209		
000:02:36.400	1138.2	23.1	23.1	1138.2	0.0	0.0	0.0	0.000	0.000	0.000	0.0	0.0		12:37:28:259		
000:02:36.450	1137.9	23.1	23.1	1137.9	0.0	0.0	0.0	0.000	0.000	0.000	0.0	0.0		12:37:28:309		
000:02:36.500	1138.4	23.1	23.1	1138.4	0.0	0.0	0.0	0.000	0.000	0.000	0.0	0.0		12:37:28:359		
000:02:36.550	1138.9	23.1	23.1	1138.9	0.0	0.0	0.0	0.000	0.000	0.000	0.0	0.0		12:37:28:409		
000:02:36.600	1139.6	23.1	23.1	1139.6	0.0	0.0	0.0	0.000	0.000	0.000	0.0	0.0		12:37:28:459		
000:02:36.650	1140.1	23.1	23.1	1140.1	0.0	0.0	0.0	0.000	0.000	0.000	0.0	0.0		12:37:28:509		
000:02:36.700	1140.7	23.1	23.1	1140.7	0.0	0.0	0.0	0.000	0.000	0.000	0.0	0.0		12:37:28:559		
000:02:36.750	1141.5	23.1	23.1	1141.5	0.0	0.0	0.0	0.000	0.000	0.000	0.0	0.0		12:37:28:609		
000:02:36.800	1141.6	23.1	23.1	1141.6	0.0	0.0	0.0	0.000	0.000	0.000	0.0	0.0		12:37:28:659		
000:02:36.850	1141.9	23.1	23.1	1141.9	0.0	0.0	0.0	0.000	0.000	0.000	0.0	0.0		12:37:28:709		
000:02:36.900	1142.4	23.1	23.1	1142.4	0.0	0.0	0.0	0.000	0.000	0.000	0.0	0.0		12:37:28:759		
000:02:36.950	1142.8	23.1	23.1	1142.8	0.0	0.0	0.0	0.000	0.000	0.000	0.0	0.0		12:37:28:809		
000:02:37.000	1143.3	23.1	23.1	1143.3	0.0	0.0	0.0	0.000	0.000	0.000	0.0	0.0		12:37:28:859		
000:02:37.050	1143.7	23.1	23.1	1143.7	0.0	0.0	0.0	0.000	0.000	0.000	0.0	0.0		12:37:28:909		
000:02:37.100	1143.7	23.1	23.1	1143.7	0.0	0.0	0.0	0.000	0.000	0.000	0.0	0.0		12:37:28:959		
000:02:37.150	1144.1	23.1	23.1	1144.1	0.0	0.0	0.0	0.000	0.000	0.000	0.0	0.0		12:37:29:009		
000:02:37.200	1144.5	23.1	23.1	1144.5	0.0	0.0	0.0	0.000	0.000	0.000	0.0	0.0		12:37:29:059		
000:02:37.250	1144.6	23.1	23.1	1144.6	0.0	0.0	0.0	0.000	0.000	0.000	0.0	0.0		12:37:29:109		
000:02:37.300	1144.7	23.1	23.1	1144.7	0.0	0.0	0.0	0.000	0.000	0.000	0.0	0.0		12:37:29:159		
000:02:37.350	1145.0	23.1	23.1	1145.0	0.0	0.0	0.0	0.000	0.000	0.000	0.0	0.0		12:37:29:209		
000:02:37.400	1145.3	23.1	23.1	1145.3	0.0	0.0	0.0	0.000	0.000	0.000	0.0	0.0		12:37:29:259		
000:02:37.450	1145.5	23.1	23.1	1145.5	0.0	0.0	0.0	0.000	0.000	0.000	0.0	0.0		12:37:29:309		
000:02:37.500	1145.8	23.1	23.2	1145.8	0.0	0.0	0.0	0.000	0.000	0.000	0.0	0.0		12:37:29:359		
000:02:37.550	1146.0	23.1	23.2	1146.0	0.0	0.0	0.0	0.000	0.000	0.000	0.0	0.0		12:37:29:409		
000:02:37.600	1146.4	23.1	23.2	1146.4	0.0	0.0	0.0	0.000	0.000	0.000	0.0	0.0		12:37:29:459		
000:02:37.650	1146.4	23.1	23.2	1146.4	0.0	0.0	0.0	0.000	0.000	0.000	0.0	0.0		12:37:29:509		
000:02:37.700	1146.3	23.1	23.2	1146.3	0.0	0.0	0.0	0.000	0.000	0.000	0.0	0.0		12:37:29:559		
000:02:37.750	1146.7	23.1	23.2	1146.7	0.0	0.0	0.0	0.000	0.000	0.000	0.0	0.0		12:37:29:609		
000:02:37.800	1147.0	23.1	23.2	1147.0	0.0	0.0	0.0	0.000	0.000	0.000	0.0	0.0		12:37:29:659		
000:02:37.850	1147.5	23.1	23.2	1147.5	0.0	0.0	0.0	0.000	0.000	0.000	0.0	0.0		12:37:29:709		
000:02:37.900	1147.6	23.1	23.2	1147.6	0.0	0.0	0.0	0.000	0.000	0.000	0.0	0.0		12:37:29:759		
000:02:37.950	1148.4	23.1	23.2	1148.4	0.0	0.0	0.0	0.000	0.000	0.000	0.0	0.0		12:37:29:809		
000:02:38.000	1148.2	23.1	23.2	1148.2	0.0	0.0	0.0	0.000	0.000	0.000	0.0	0.0		12:37:29:859		
000:02:38.050	1147.3	23.1	23.2	1147.3	0.0	0.0	0.0	0.000	0.000	0.000	0.0	0.0		12:37:29:909		
000:02:38.100	1147.2	23.1	23.2	1147.2	0.0	0.0	0.0	0.000	0.000	0.000	0.0	0.0		12:37:29:959		
000:02:38.150	1147.5	23.1	23.2	1147.5	0.0	0.0	0.0	0.000	0.000	0.000	0.0	0.0		12:37:30:009		
000:02:38.200	1147.9	23.1	23.2	1147.9	0.0	0.0	0.0	0.000	0.000	0.000	0.0	0.0		12:37:30:059		
000:02:38.250	1148.1	23.1	23.2	1148.1	0.0	0.0	0.0	0.000	0.000	0.000	0.0	0.0		12:37:30:109		
000:02:38.300	1148.6	23.1	23.2	1148.6	0.0	0.0	0.0	0.000	0.000	0.000	0.0	0.0		12:37:30:159		
000:02:38.350	1149.0	23.1	23.2	1149.0	0.0	0.0	0.0	0.000	0.000	0.000	0.0	0.0		12:37:30:209		
000:02:38.400	1149.6	23.1	23.2	1149.6	0.0	0.0	0.0	0.000	0.000	0.000	0.0	0.0		12:37:30:259		
000:02:38.450	1149.9	23.1	23.2	1149.9	0.0	0.0	0.0	0.000	0.000	0.000	0.0	0.0		12:37:30:309		
000:02:38.500	1150.2	23.1	23.2	1150.2	0.0	0.0	0.0	0.000	0.000	0.000	0.0	0.0		12:37:30:359		
000:02:38.550	1150.7	23.1	23.2	1150.7	0.0	0.0	0.0	0.000	0.000	0.000	0.0	0.0		12:37:30:409		
000:02:38.600	1151.1	23.1	23.2	1151.1	0.0	0.0	0.0	0.000	0.000	0.000	0.0	0.0		12:37:30:459		
000:02:38.650	1151.3	23.1	23.2	1151.3	0.0	0.0	0.0	0.000	0.000	0.000	0.0	0.0		12:37:30:509		
000:02:38.700	1151.6	23.1	23.2	1151.6	0.0	0.0	0.0	0.000	0.000	0.000	0.0	0.0		12:37:30:559		
000:02:38.750	1152.0	23.1	23.2	1152.0	0.0	0.0	0.0	0.000	0.000	0.000	0.0	0.0		12:37:30:609		
000:02:38.800	1152.1	23.1	23.2	1152.1	0.0	0.0	0.0	0.000	0.000	0.000	0.0	0.0		12:37:30:659		
000:02:38.850	1152.5	23.1	23.2	1152.5	0.0	0.0	0.0	0.000	0.000	0.000	0.0	0.0		12:37:30:709		
000:02:38.900	1152.5	23.1	23.2	1152.5	0.0	0.0	0.0	0.000	0.000	0.000	0.0	0.0		12:37:30:759		
000:02:38.950	1153.1	23.1	23.2	1153.1	0.0	0.0	0.0	0.000	0.000	0.000	0.0	0.0		12:37:30:809		
000:02:39.000	1153.5	23.1	23.2	1153.5	0.0	0.0	0.0	0.000	0.000	0.000	0.0	0.0		12:37:30:859		
000:02:39.050	1153.8	23.1	23.2	1153.8	0.0	0.0	0.0	0.000	0.000	0.000	0.0	0.0		12:37:30:909		
000:02:39.100	1153.9	23.1	23.2	1153.9	0.0	0.0	0.0	0.000	0.000	0.000	0.0	0.0		12:37:30:959		
000:02:39.150	1154.3	23.1	23.2	1154.3	0.0	0.0	0.0	0.000	0.000	0.000	0.0	0.0		12:37:31:009		
000:02:39.200	1154.5	23.1	23.2	1154.5	0.0	0.0	0.0	0.000	0.000	0.000	0.0	0.0		12:37:31:059		
000:02:39.250	1154.6	23.1	23.2	1154.6	0.0	0.0	0.0	0.000	0.000	0.000	0.0	0.0		12:37:31:109		
000:02:39.300	1154.8	23.1	23.2	1154.8	0.0	0.0	0.0	0.000	0.000	0.000	0.0	0.0		12:37:31:159		
000:02:39.350	1155.1	23.1	23.2	1155.1	0.0	0.0	0.0	0.000	0.000	0.000	0.0	0.0		12:37:31:209		
000:02:39.400	1155.4	23.1	23.2	1155.4	0.0	0.0	0.0	0.000	0.000	0.000	0.0	0.0		12:37:31:259		
000:02:39.450	1155.5	23.1	23.2	1155.5	0.0	0.0	0.0	0.000	0.000	0.000	0.0	0.0		12:37:31:309		
000:02:39.500	1155.8	23.1	23.2	1155.8	0.0	0.0	0.0	0.000	0.000	0.000	0.0	0.0		12:37:31:359		
000:02:39.550	1156.1	23.1	23.2	1156.1	0.0	0.0	0.0	0.000	0.000	0.000	0.0	0.0		12:37:31:409		
000:02:39.600	1156.3	23.1	23.2	1156.3	0.0	0.0	0.0	0.000	0.000	0.000	0.0	0.0		12:37:31:459		
000:02:39.650	1156.6	23.1	23.2	1156.6	0.0	0.0	0.0	0.000	0.000	0.000	0.0	0.0		12:37:31:509		
000:02:39.700	1156.9	23.1	23.2	1156.9	0.0	0.0	0.0	0.000	0.000	0.000	0.0	0.0		12:37:31:559		
000:02:39.750	1157.2	23.1	23.2	1157.2	0.0	0.0	0.0	0.000	0.000	0.000	0.0	0.0		12:37:31:609		
000:02:39.800	1157.5	23.1	23.2	1157.5	0.0	0.0	0.0	0.000	0.000	0.000	0.0	0.0		12:37:31:659		
000:02:39.850	1157.6	23.1	23.2	1157.6	0.0	0.0	0.0	0.000	0.000	0.000	0.0	0.0		12:37:31:709		
000:02:39.900	1157.8	23.1	23.2	1157.8	0.0	0.0	0.0	0.000	0.000	0.000	0.0	0.0		12:37:31:759		
000:02:39.950	1157.9	23.1	23.2	1157.9	0.0	0.0	0.0	0.000	0.000	0.000	0.0	0.0		12:37:31:809		
000:02:40.000	1158.1	23.1	23.2	1158.1	0.0	0.0	0.0	0.000	0.000	0.000	0.0	0.0		12:37:31:859		
000:02:40.050	1158.4	23.1	23.2	1158.4	0.0	0.0	0.0	0.000	0.000	0.000	0.0	0.0		12:37:31:909		
000:02:40.100	1158.5	23.1	23.2	1158.5	0.0	0.0	0.0	0.000	0.000	0.000	0.0	0.0		12:37:31:959		
000:02:40.150	1158.7	23.1	23.2	1158.7	0.0	0.0	0.0	0.000	0.000	0.000	0.0	0.0		12:37:32:009		
000:02:40.200	1158.8	23.1	23.2	1158.8	0.0	0.0	0.0	0.000	0.000	0.000	0.0	0.0		12:37:32:059		
000:02:40.250	1159.1	23.1	23.2	1159.1	0.0	0.0	0.0	0.000	0.000	0.000	0.0	0.0		12:37:32:109		
000:02:40.300	1159.5	23.1	23.2	1159.5	0.0	0.0	0.0	0.000	0.000	0.000	0.0	0.0		12:37:32:159		
000:02:40.350	1159.6	23.1	23.2	1159.6	0.0	0.0	0.0	0.000	0.000	0.000	0.0	0.0		12:37:32:209		
000:02:40.400	1159.7	23.1	23.2	1159.7	0.0	0.0	0.0	0.000	0.000	0.000	0.0	0.0		12:37:32:259		
000:02:40.450	1159.7	23.1	23.2	1159.7	0.0	0.0	0.0	0.000	0.000	0.000	0.0	0.0		12:37:32:309		
000:02:40.500	1159.7	23.1	23.2	1159.7	0.0	0.0	0.0	0.000	0.000	0.000	0.0	0.0		12:37:32:359		
000:02:40.550	1159.8	23.1	23.2	1159.8	0.0	0.0	0.0	0.000	0.000	0.000	0.0	0.0		12:37:32:409		
000:02:40.600	1159.7	23.1	23.2	1159.7	0.0	0.0	0.0	0.000	0.000	0.000	0.0	0.0		12:37:32:459		
000:02:40.650	1158.7	23.1	23.2	1158.7	0.0	0.0	0.0	0.000	0.000	0.000	0.0	0.0		12:37:32:509		
000:02:40.700	1157.8	23.1	23.2	1157.8	0.0	0.0	0.0	0.000	0.000	0.000	0.0	0.0		12:37:32:559		
000:02:40.750	1157.5	23.1	23.2	1157.5	0.0	0.0	0.0	0.000	0.000	0.000	0.0	0.0		12:37:32:609		
000:02:40.800	1157.5	23.1	23.2	1157.5	0.0	0.0	0.0	0.000	0.000	0.000	0.0	0.0		12:37:32:659		
000:02:40.850	1157.7	23.1	23.2	1157.7	0.0	0.0	0.0	0.000	0.000	0.000	0.0	0.0		12:37:32:709		
000:02:40.900	1157.8	23.1	23.2	1157.8	0.0	0.0	0.0	0.000	0.000	0.000	0.0	0.0		12:37:32:759		
000:02:40.950	1157.8	23.1	23.2	1157.8	0.0	0.0	0.0	0.000	0.000	0.000	0.0	0.0		12:37:32:809		
000:02:41.000	1158.0	23.1	23.2	1158.0	0.0	0.0	0.0	0.000	0.000	0.000	0.0	0.0		12:37:32:859		
000:02:41.050	1158.0	23.1	23.2	1158.0	0.0	0.0	0.0	0.000	0.000	0.000	0.0	0.0		12:37:32:909		
000:02:41.100	1158.0	23.1	23.2	1158.0	0.0	0.0	0.0	0.000	0.000	0.000	0.0	0.0		12:37:32:959		
000:02:41.150	1158.1	23.1	23.2	1158.1	0.0	0.0	0.0	0.000	0.000	0.000	0.0	0.0		12:37:33:009		
000:02:41.200	1157.8	23.1	23.2	1157.8	0.0	0.0	0.0	0.000	0.000	0.000	0.0	0.0		12:37:33:059		
000:02:41.250	1157.6	23.1	23.2	1157.6	0.0	0.0	0.0	0.000	0.000	0.000	0.0	0.0		12:37:33:109		
000:02:41.300	1157.6	23.1	23.2	1157.6	0.0	0.0	0.0	0.000	0.000	0.000	0.0	0.0		12:37:33:159		
000:02:41.350	1157.7	23.1	23.2	1157.7	0.0	0.0	0.0	0.000	0.000	0.000	0.0	0.0		12:37:33:209		
000:02:41.400	1157.8	23.1	23.2	1157.8	0.0	0.0	0.0	0.000	0.000	0.000	0.0	0.0		12:37:33:259		
000:02:41.450	1157.4	23.1	23.2	1157.4	0.0	0.0	0.0	0.000	0.000	0.000	0.0	0.0		12:37:33:309		
000:02:41.500	1157.2	23.1	23.2	1157.2	0.0	0.0	0.0	0.000	0.000	0.000	0.0	0.0		12:37:33:359		
000:02:41.550	1157.6	23.1	23.2	1157.6	0.0	0.0	0.0	0.000	0.000	0.000	0.0	0.0		12:37:33:409		
000:02:41.600	1157.8	23.1	23.2	1157.8	0.0	0.0	0.0	0.000	0.000	0.000	0.0	0.0		12:37:33:459		
000:02:41.650	1158.0	23.1	23.2	1158.0	0.0	0.0	0.0	0.000	0.000	0.000	0.0	0.0		12:37:33:509		
000:02:41.700	1158.2	23.1	23.2	1158.2	0.0	0.0	0.0	0.000	0.000	0.000	0.0	0.0		12:37:33:559		
000:02:41.750	1158.1	23.1	23.2	1158.1	0.0	0.0	0.0	0.000	0.000	0.000	0.0	0.0		12:37:33:609		
000:02:41.800	1158.2	23.1	23.2	1158.2	0.0	0.0	0.0	0.000	0.000	0.000	0.0	0.0		12:37:33:659		
000:02:41.850	1158.2	23.1	23.2	1158.2	0.0	0.0	0.0	0.000	0.000	0.000	0.0	0.0		12:37:33:709		
000:02:41.900	1158.6	23.1	23.2	1158.6	0.0	0.0	0.0	0.000	0.000	0.000	0.0	0.0		12:37:33:759		
000:02:41.950	1158.6	23.1	23.2	1158.6	0.0	0.0	0.0	0.000	0.000	0.000	0.0	0.0		12:37:33:809		
000:02:42.000	1158.2	23.1	23.2	1158.2	0.0	0.0	0.0	0.000	0.000	0.000	0.0	0.0		12:37:33:859		
000:02:42.050	1158.4	23.1	23.2	1158.4	0.0	0.0	0.0	0.000	0.000	0.000	0.0	0.0		12:37:33:909		
000:02:42.100	1158.5	23.1	23.2	1158.5	0.0	0.0	0.0	0.000	0.000	0.000	0.0	0.0		12:37:33:959		
000:02:42.150	1158.6	23.1	23.2	1158.6	0.0	0.0	0.0	0.000	0.000	0.000	0.0	0.0		12:37:34:009		
000:02:42.200	1158.3	23.1	23.2	1158.3	0.0	0.0	0.0	0.000	0.000	0.000	0.0	0.0		12:37:34:059		
000:02:42.250	1158.1	23.1	23.2	1158.1	0.0	0.0	0.0	0.000	0.000	0.000	0.0	0.0		12:37:34:109		
000:02:42.300	1157.7	23.1	23.2	1157.7	0.0	0.0	0.0	0.000	0.000	0.000	0.0	0.0		12:37:34:159		
000:02:42.350	1158.0	23.1	23.2	1158.0	0.0	0.0	0.0	0.000	0.000	0.000	0.0	0.0		12:37:34:209		
000:02:42.400	1158.2	23.1	23.2	1158.2	0.0	0.0	0.0	0.000	0.000	0.000	0.0	0.0		12:37:34:259		
000:02:42.450	1159.4	23.1	23.2	1159.4	0.0	0.0	0.0	0.000	0.000	0.000	0.0	0.0		12:37:34:309		
000:02:42.500	1159.9	23.1	23.2	1159.9	0.0	0.0	0.0	0.000	0.000	0.000	0.0	0.0		12:37:34:359		
000:02:42.550	1159.9	23.1	23.2	1159.9	0.0	0.0	0.0	0.000	0.000	0.000	0.0	0.0		12:37:34:409		
000:02:42.600	1160.3	23.1	23.2	1160.3	0.0	0.0	0.0	0.000	0.000	0.000	0.0	0.0		12:37:34:459		
000:02:42.650	1160.8	23.1	23.2	1160.8	0.0	0.0	0.0	0.000	0.000	0.000	0.0	0.0		12:37:34:509		
000:02:42.700	1160.8	23.1	23.2	1160.8	0.0	0.0	0.0	0.000	0.000	0.000	0.0	0.0		12:37:34:559		
000:02:42.750	1160.7	23.1	23.2	1160.7	0.0	0.0	0.0	0.000	0.000	0.000	0.0	0.0		12:37:34:609		
000:02:42.800	1161.4	23.1	23.2	1161.4	0.0	0.0	0.0	0.000	0.000	0.000	0.0	0.0		12:37:34:659		
000:02:42.850	1161.7	23.1	23.2	1161.7	0.0	0.0	0.0	0.000	0.000	0.000	0.0	0.0		12:37:34:709		
000:02:42.900	1161.9	23.1	23.2	1161.9	0.0	0.0	0.0	0.000	0.000	0.000	0.0	0.0		12:37:34:759		
000:02:42.950	1162.4	23.1	23.2	1162.4	0.0	0.0	0.0	0.000	0.000	0.000	0.0	0.0		12:37:34:809		
000:02:43.000	1162.5	23.1	23.2	1162.5	0.0	0.0	0.0	0.000	0.000	0.000	0.0	0.0		12:37:34:859		
000:02:43.050	1163.0	23.1	23.2	1163.0	0.0	0.0	0.0	0.000	0.000	0.000	0.0	0.0		12:37:34:909		
000:02:43.100	1163.4	23.1	23.2	1163.4	0.0	0.0	0.0	0.000	0.000	0.000	0.0	0.0		12:37:34:959		
000:02:43.150	1163.3	23.1	23.2	1163.3	0.0	0.0	0.0	0.000	0.000	0.000	0.0	0.0		12:37:35:009		
000:02:43.200	1163.7	23.1	23.2	1163.7	0.0	0.0	0.0	0.000	0.000	0.000	0.0	0.0		12:37:35:059		
000:02:43.250	1164.2	23.1	23.2	1164.2	0.0	0.0	0.0	0.000	0.000	0.000	0.0	0.0		12:37:35:109		
000:02:43.300	1164.4	23.1	23.2	1164.4	0.0	0.0	0.0	0.000	0.000	0.000	0.0	0.0		12:37:35:159		
000:02:43.350	1164.6	23.1	23.2	1164.6	0.0	0.0	0.0	0.000	0.000	0.000	0.0	0.0		12:37:35:209		
000:02:43.400	1164.9	23.1	23.2	1164.9	0.0	0.0	0.0	0.000	0.000	0.000	0.0	0.0		12:37:35:259		
000:02:43.450	1165.3	23.1	23.2	1165.3	0.0	0.0	0.0	0.000	0.000	0.000	0.0	0.0		12:37:35:309		
000:02:43.500	1165.4	23.1	23.2	1165.4	0.0	0.0	0.0	0.000	0.000	0.000	0.0	0.0		12:37:35:359		
000:02:43.550	1165.1	23.1	23.2	1165.1	0.0	0.0	0.0	0.000	0.000	0.000	0.0	0.0		12:37:35:409		
000:02:43.600	1165.2	23.1	23.2	1165.2	0.0	0.0	0.0	0.000	0.000	0.000	0.0	0.0		12:37:35:459		
000:02:43.650	1165.3	23.1	23.2	1165.3	0.0	0.0	0.0	0.000	0.000	0.000	0.0	0.0		12:37:35:509		
000:02:43.700	1165.4	23.1	23.2	1165.4	0.0	0.0	0.0	0.000	0.000	0.000	0.0	0.0		12:37:35:559		
000:02:43.750	1165.6	23.1	23.2	1165.6	0.0	0.0	0.0	0.000	0.000	0.000	0.0	0.0		12:37:35:609		
000:02:43.800	1165.8	23.1	23.2	1165.8	0.0	0.0	0.0	0.000	0.000	0.000	0.0	0.0		12:37:35:659		
000:02:43.850	1166.2	23.1	23.2	1166.2	0.0	0.0	0.0	0.000	0.000	0.000	0.0	0.0		12:37:35:709		
000:02:43.900	1166.2	23.1	23.2	1166.2	0.0	0.0	0.0	0.000	0.000	0.000	0.0	0.0		12:37:35:759		
000:02:43.950	1166.3	23.1	23.2	1166.3	0.0	0.0	0.0	0.000	0.000	0.000	0.0	0.0		12:37:35:809		
000:02:44.000	1165.9	23.1	23.2	1165.9	0.0	0.0	0.0	0.000	0.000	0.000	0.0	0.0		12:37:35:859		
000:02:44.050	1165.1	23.1	23.2	1165.1	0.0	0.0	0.0	0.000	0.000	0.000	0.0	0.0		12:37:35:909		
000:02:44.100	1165.4	23.1	23.2	1165.4	0.0	0.0	0.0	0.000	0.000	0.000	0.0	0.0		12:37:35:959		
000:02:44.150	1165.3	23.1	23.2	1165.3	0.0	0.0	0.0	0.000	0.000	0.000	0.0	0.0		12:37:36:009		
000:02:44.200	1165.3	23.1	23.2	1165.3	0.0	0.0	0.0	0.000	0.000	0.000	0.0	0.0		12:37:36:059		
000:02:44.250	1165.7	23.1	23.2	1165.7	0.0	0.0	0.0	0.000	0.000	0.000	0.0	0.0		12:37:36:109		
000:02:44.300	1165.4	23.1	23.2	1165.4	0.0	0.0	0.0	0.000	0.000	0.000	0.0	0.0		12:37:36:159		
000:02:44.350	1165.4	23.1	23.2	1165.4	0.0	0.0	0.0	0.000	0.000	0.000	0.0	0.0		12:37:36:209		
000:02:44.400	1165.7	23.1	23.2	1165.7	0.0	0.0	0.0	0.000	0.000	0.000	0.0	0.0		12:37:36:259		
000:02:44.450	1166.4	23.1	23.2	1166.4	0.0	0.0	0.0	0.000	0.000	0.000	0.0	0.0		12:37:36:309		
000:02:44.500	1166.4	23.1	23.2	1166.4	0.0	0.0	0.0	0.000	0.000	0.000	0.0	0.0		12:37:36:359		
000:02:44.550	1165.9	23.1	23.2	1165.9	0.0	0.0	0.0	0.000	0.000	0.000	0.0	0.0		12:37:36:409		
000:02:44.600	1164.9	23.1	23.2	1164.9	0.0	0.0	0.0	0.000	0.000	0.000	0.0	0.0		12:37:36:459		
000:02:44.650	1164.0	23.1	23.2	1164.0	0.0	0.0	0.0	0.000	0.000	0.000	0.0	0.0		12:37:36:509		
000:02:44.700	1162.5	23.1	23.2	1162.5	0.0	0.0	0.0	0.000	0.000	0.000	0.0	0.0		12:37:36:559		
000:02:44.750	1162.4	23.1	23.2	1162.4	0.0	0.0	0.0	0.000	0.000	0.000	0.0	0.0		12:37:36:609		
000:02:44.800	1163.4	23.1	23.2	1163.4	0.0	0.0	0.0	0.000	0.000	0.000	0.0	0.0		12:37:36:659		
000:02:44.850	1163.9	23.1	23.2	1163.9	0.0	0.0	0.0	0.000	0.000	0.000	0.0	0.0		12:37:36:709		
000:02:44.900	1164.4	23.1	23.2	1164.4	0.0	0.0	0.0	0.000	0.000	0.000	0.0	0.0		12:37:36:759		
000:02:44.950	1165.1	23.1	23.2	1165.1	0.0	0.0	0.0	0.000	0.000	0.000	0.0	0.0		12:37:36:809		
000:02:45.000	1166.4	23.1	23.2	1166.4	0.0	0.0	0.0	0.000	0.000	0.000	0.0	0.0		12:37:36:859		
000:02:45.050	1166.6	23.1	23.2	1166.6	0.0	0.0	0.0	0.000	0.000	0.000	0.0	0.0		12:37:36:909		
000:02:45.100	1167.2	23.1	23.2	1167.2	0.0	0.0	0.0	0.000	0.000	0.000	0.0	0.0		12:37:36:959		
000:02:45.150	1168.1	23.1	23.2	1168.1	0.0	0.0	0.0	0.000	0.000	0.000	0.0	0.0		12:37:37:009		
000:02:45.200	1168.6	23.1	23.2	1168.6	0.0	0.0	0.0	0.000	0.000	0.000	0.0	0.0		12:37:37:059		
000:02:45.250	1169.2	23.1	23.2	1169.2	0.0	0.0	0.0	0.000	0.000	0.000	0.0	0.0		12:37:37:109		
000:02:45.300	1170.5	23.1	23.2	1170.5	0.0	0.0	0.0	0.000	0.000	0.000	0.0	0.0		12:37:37:159		
000:02:45.350	1170.9	23.1	23.2	1170.9	0.0	0.0	0.0	0.000	0.000	0.000	0.0	0.0		12:37:37:209		
000:02:45.400	1171.2	23.1	23.2	1171.2	0.0	0.0	0.0	0.000	0.000	0.000	0.0	0.0		12:37:37:259		
000:02:45.450	1172.0	23.1	23.2	1172.0	0.0	0.0	0.0	0.000	0.000	0.000	0.0	0.0		12:37:37:309		
000:02:45.500	1171.8	23.1	23.2	1171.8	0.0	0.0	0.0	0.000	0.000	0.000	0.0	0.0		12:37:37:359		
000:02:45.550	1171.4	23.1	23.2	1171.4	0.0	0.0	0.0	0.000	0.000	0.000	0.0	0.0		12:37:37:409		
000:02:45.600	1170.7	23.1	23.2	1170.7	0.0	0.0	0.0	0.000	0.000	0.000	0.0	0.0		12:37:37:459		
000:02:45.650	1171.4	23.1	23.2	1171.4	0.0	0.0	0.0	0.000	0.000	0.000	0.0	0.0		12:37:37:509		
000:02:45.700	1171.8	23.1	23.2	1171.8	0.0	0.0	0.0	0.000	0.000	0.000	0.0	0.0		12:37:37:559		
000:02:45.750	1172.7	23.1	23.2	1172.7	0.0	0.0	0.0	0.000	0.000	0.000	0.0	0.0		12:37:37:609		
000:02:45.800	1173.6	23.1	23.2	1173.6	0.0	0.0	0.0	0.000	0.000	0.000	0.0	0.0		12:37:37:659		
000:02:45.850	1174.1	23.1	23.2	1174.1	0.0	0.0	0.0	0.000	0.000	0.000	0.0	0.0		12:37:37:709		
000:02:45.900	1174.7	23.1	23.2	1174.7	0.0	0.0	0.0	0.000	0.000	0.000	0.0	0.0		12:37:37:759		
000:02:45.950	1175.1	23.1	23.2	1175.1	0.0	0.0	0.0	0.000	0.000	0.000	0.0	0.0		12:37:37:809		
000:02:46.000	1175.5	23.1	23.2	1175.5	0.0	0.0	0.0	0.000	0.000	0.000	0.0	0.0		12:37:37:859		
000:02:46.050	1176.1	23.1	23.2	1176.1	0.0	0.0	0.0	0.000	0.000	0.000	0.0	0.0		12:37:37:909		
000:02:46.100	1176.9	23.1	23.2	1176.9	0.0	0.0	0.0	0.000	0.000	0.000	0.0	0.0		12:37:37:959		
000:02:46.150	1177.1	23.1	23.2	1177.1	0.0	0.0	0.0	0.000	0.000	0.000	0.0	0.0		12:37:38:009		
000:02:46.200	1177.2	23.1	23.2	1177.2	0.0	0.0	0.0	0.000	0.000	0.000	0.0	0.0		12:37:38:059		
000:02:46.250	1177.8	23.1	23.2	1177.8	0.0	0.0	0.0	0.000	0.000	0.000	0.0	0.0		12:37:38:109		
000:02:46.300	1178.3	23.1	23.2	1178.3	0.0	0.0	0.0	0.000	0.000	0.000	0.0	0.0		12:37:38:159		
000:02:46.350	1178.2	23.1	23.2	1178.2	0.0	0.0	0.0	0.000	0.000	0.000	0.0	0.0		12:37:38:209		
000:02:46.400	1178.1	23.1	23.2	1178.1	0.0	0.0	0.0	0.000	0.000	0.000	0.0	0.0		12:37:38:259		
000:02:46.450	1178.3	23.1	23.2	1178.3	0.0	0.0	0.0	0.000	0.000	0.000	0.0	0.0		12:37:38:309		
000:02:46.500	1178.6	23.1	23.2	1178.6	0.0	0.0	0.0	0.000	0.000	0.000	0.0	0.0		12:37:38:359		
000:02:46.550	1179.6	23.1	23.2	1179.6	0.0	0.0	0.0	0.000	0.000	0.000	0.0	0.0		12:37:38:409		
000:02:46.600	1178.8	23.1	23.2	1178.8	0.0	0.0	0.0	0.000	0.000	0.000	0.0	0.0		12:37:38:459		
000:02:46.650	1178.8	23.1	23.2	1178.8	0.0	0.0	0.0	0.000	0.000	0.000	0.0	0.0		12:37:38:509		
000:02:46.700	1179.2	23.1	23.2	1179.2	0.0	0.0	0.0	0.000	0.000	0.000	0.0	0.0		12:37:38:559		
000:02:46.750	1178.5	23.1	23.2	1178.5	0.0	0.0	0.0	0.000	0.000	0.000	0.0	0.0		12:37:38:609		
000:02:46.800	1179.0	23.1	23.2	1179.0	0.0	0.0	0.0	0.000	0.000	0.000	0.0	0.0		12:37:38:659		
000:02:46.850	1178.7	23.1	23.2	1178.7	0.0	0.0	0.0	0.000	0.000	0.000	0.0	0.0		12:37:38:709		
000:02:46.900	1178.9	23.1	23.2	1178.9	0.0	0.0	0.0	0.000	0.000	0.000	0.0	0.0		12:37:38:759		
000:02:46.950	1179.5	23.1	23.2	1179.5	0.0	0.0	0.0	0.000	0.000	0.000	0.0	0.0		12:37:38:809		
000:02:47.000	1180.1	23.1	23.2	1180.1	0.0	0.0	0.0	0.000	0.000	0.000	0.0	0.0		12:37:38:859		
000:02:47.050	1180.4	23.1	23.2	1180.4	0.0	0.0	0.0	0.000	0.000	0.000	0.0	0.0		12:37:38:909		
000:02:47.100	1180.8	23.1	23.2	1180.8	0.0	0.0	0.0	0.000	0.000	0.000	0.0	0.0		12:37:38:959		
000:02:47.150	1181.5	23.1	23.2	1181.5	0.0	0.0	0.0	0.000	0.000	0.000	0.0	0.0		12:37:39:009		
000:02:47.200	1182.0	23.1	23.2	1182.0	0.0	0.0	0.0	0.000	0.000	0.000	0.0	0.0		12:37:39:059		
000:02:47.250	1182.3	23.1	23.2	1182.3	0.0	0.0	0.0	0.000	0.000	0.000	0.0	0.0		12:37:39:109		
000:02:47.300	1182.3	23.1	23.2	1182.3	0.0	0.0	0.0	0.000	0.000	0.000	0.0	0.0		12:37:39:159		
000:02:47.350	1182.6	23.1	23.2	1182.6	0.0	0.0	0.0	0.000	0.000	0.000	0.0	0.0		12:37:39:209		
000:02:47.400	1183.2	23.1	23.2	1183.2	0.0	0.0	0.0	0.000	0.000	0.000	0.0	0.0		12:37:39:259		
000:02:47.450	1182.2	23.1	23.2	1182.2	0.0	0.0	0.0	0.000	0.000	0.000	0.0	0.0		12:37:39:309		
000:02:47.500	1183.0	23.1	23.2	1183.0	0.0	0.0	0.0	0.000	0.000	0.000	0.0	0.0		12:37:39:359		
000:02:47.550	1183.7	23.1	23.2	1183.7	0.0	0.0	0.0	0.000	0.000	0.000	0.0	0.0		12:37:39:409		
000:02:47.600	1183.2	23.1	23.2	1183.2	0.0	0.0	0.0	0.000	0.000	0.000	0.0	0.0		12:37:39:459		
000:02:47.650	1184.0	23.1	23.2	1184.0	0.0	0.0	0.0	0.000	0.000	0.000	0.0	0.0		12:37:39:509		
000:02:47.700	1184.7	23.1	23.2	1184.7	0.0	0.0	0.0	0.000	0.000	0.000	0.0	0.0		12:37:39:559		
000:02:47.750	1185.4	23.1	23.2	1185.4	0.0	0.0	0.0	0.000	0.000	0.000	0.0	0.0		12:37:39:609		
000:02:47.800	1186.3	23.1	23.2	1186.3	0.0	0.0	0.0	0.000	0.000	0.000	0.0	0.0		12:37:39:659		
000:02:47.850	1186.9	23.1	23.2	1186.9	0.0	0.0	0.0	0.000	0.000	0.000	0.0	0.0		12:37:39:709		
000:02:47.900	1187.4	23.1	23.2	1187.4	0.0	0.0	0.0	0.000	0.000	0.000	0.0	0.0		12:37:39:759		
000:02:47.950	1187.8	23.1	23.2	1187.8	0.0	0.0	0.0	0.000	0.000	0.000	0.0	0.0		12:37:39:809		
000:02:48.000	1187.6	23.1	23.2	1187.6	0.0	0.0	0.0	0.000	0.000	0.000	0.0	0.0		12:37:39:859		
000:02:48.050	1185.6	23.1	23.2	1185.6	0.0	0.0	0.0	0.000	0.000	0.000	0.0	0.0		12:37:39:909		
000:02:48.100	1186.2	23.1	23.2	1186.2	0.0	0.0	0.0	0.000	0.000	0.000	0.0	0.0		12:37:39:959		
000:02:48.150	1189.1	23.1	23.2	1189.1	0.0	0.0	0.0	0.000	0.000	0.000	0.0	0.0		12:37:40:009		
000:02:48.200	1190.7	23.1	23.2	1190.7	0.0	0.0	0.0	0.000	0.000	0.000	0.0	0.0		12:37:40:059		
000:02:48.250	1191.3	23.1	23.2	1191.3	0.0	0.0	0.0	0.000	0.000	0.000	0.0	0.0		12:37:40:109		
000:02:48.300	1192.4	23.1	23.2	1192.4	0.0	0.0	0.0	0.000	0.000	0.000	0.0	0.0		12:37:40:159		
000:02:48.350	1193.9	23.1	23.2	1193.9	0.0	0.0	0.0	0.000	0.000	0.000	0.0	0.0		12:37:40:209		
000:02:48.400	1194.5	23.1	23.2	1194.5	0.0	0.0	0.0	0.000	0.000	0.000	0.0	0.0		12:37:40:259		
000:02:48.450	1194.6	23.1	23.2	1194.6	0.0	0.0	0.0	0.000	0.000	0.000	0.0	0.0		12:37:40:309		
000:02:48.500	1194.5	23.1	23.2	1194.5	0.0	0.0	0.0	0.000	0.000	0.000	0.0	0.0		12:37:40:359		
000:02:48.550	1195.1	23.1	23.2	1195.1	0.0	0.0	0.0	0.000	0.000	0.000	0.0	0.0		12:37:40:409		
000:02:48.600	1196.4	23.1	23.2	1196.4	0.0	0.0	0.0	0.000	0.000	0.000	0.0	0.0		12:37:40:459		
000:02:48.650	1196.5	23.1	23.2	1196.5	0.0	0.0	0.0	0.000	0.000	0.000	0.0	0.0		12:37:40:509		
000:02:48.700	1196.5	23.1	23.2	1196.5	0.0	0.0	0.0	0.000	0.000	0.000	0.0	0.0		12:37:40:559		
000:02:48.750	1197.6	23.1	23.2	1197.6	0.0	0.0	0.0	0.000	0.000	0.000	0.0	0.0		12:37:40:609		
000:02:48.800	1198.0	23.1	23.2	1198.0	0.0	0.0	0.0	0.000	0.000	0.000	0.0	0.0		12:37:40:659		
000:02:48.850	1199.4	23.1	23.2	1199.4	0.0	0.0	0.0	0.000	0.000	0.000	0.0	0.0		12:37:40:709		
000:02:48.900	1200.0	23.1	23.2	1200.0	0.0	0.0	0.0	0.000	0.000	0.000	0.0	0.0		12:37:40:759		
000:02:48.950	1200.9	23.1	23.2	1200.9	0.0	0.0	0.0	0.000	0.000	0.000	0.0	0.0		12:37:40:809		
000:02:49.000	1201.0	23.1	23.2	1201.0	0.0	0.0	0.0	0.000	0.000	0.000	0.0	0.0		12:37:40:859		
000:02:49.050	1200.0	23.1	23.2	1200.0	0.0	0.0	0.0	0.000	0.000	0.000	0.0	0.0		12:37:40:909		
000:02:49.100	1199.9	23.1	23.2	1199.9	0.0	0.0	0.0	0.000	0.000	0.000	0.0	0.0		12:37:40:959		
000:02:49.150	1200.5	23.1	23.2	1200.5	0.0	0.0	0.0	0.000	0.000	0.000	0.0	0.0		12:37:41:009		
000:02:49.200	1201.0	23.1	23.2	1201.0	0.0	0.0	0.0	0.000	0.000	0.000	0.0	0.0		12:37:41:059		
000:02:49.250	1202.4	23.1	23.2	1202.4	0.0	0.0	0.0	0.000	0.000	0.000	0.0	0.0		12:37:41:109		
000:02:49.300	1203.4	23.1	23.2	1203.4	0.0	0.0	0.0	0.000	0.000	0.000	0.0	0.0		12:37:41:159		
000:02:49.350	1203.7	23.1	23.2	1203.7	0.0	0.0	0.0	0.000	0.000	0.000	0.0	0.0		12:37:41:209		
000:02:49.400	1204.3	23.1	23.2	1204.3	0.0	0.0	0.0	0.000	0.000	0.000	0.0	0.0		12:37:41:259		
000:02:49.450	1204.4	23.1	23.2	1204.4	0.0	0.0	0.0	0.000	0.000	0.000	0.0	0.0		12:37:41:309		
000:02:49.500	1204.5	23.1	23.2	1204.5	0.0	0.0	0.0	0.000	0.000	0.000	0.0	0.0		12:37:41:359		
000:02:49.550	1205.2	23.1	23.2	1205.2	0.0	0.0	0.0	0.000	0.000	0.000	0.0	0.0		12:37:41:409		
000:02:49.600	1205.1	23.1	23.2	1205.1	0.0	0.0	0.0	0.000	0.000	0.000	0.0	0.0		12:37:41:459		
000:02:49.650	1205.2	23.1	23.2	1205.2	0.0	0.0	0.0	0.000	0.000	0.000	0.0	0.0		12:37:41:509		
000:02:49.700	1205.0	23.1	23.2	1205.0	0.0	0.0	0.0	0.000	0.000	0.000	0.0	0.0		12:37:41:559		
000:02:49.750	1205.6	23.1	23.2	1205.6	0.0	0.0	0.0	0.000	0.000	0.000	0.0	0.0		12:37:41:609		
000:02:49.800	1206.1	23.1	23.2	1206.1	0.0	0.0	0.0	0.000	0.000	0.000	0.0	0.0		12:37:41:659		
000:02:49.850	1205.2	23.1	23.2	1205.2	0.0	0.0	0.0	0.000	0.000	0.000	0.0	0.0		12:37:41:709		
000:02:49.900	1204.5	23.1	23.2	1204.5	0.0	0.0	0.0	0.000	0.000	0.000	0.0	0.0		12:37:41:759		
000:02:49.950	1205.5	23.1	23.2	1205.5	0.0	0.0	0.0	0.000	0.000	0.000	0.0	0.0		12:37:41:809		
000:02:50.000	1206.4	23.1	23.2	1206.4	0.0	0.0	0.0	0.000	0.000	0.000	0.0	0.0		12:37:41:859		
000:02:50.050	1207.0	23.1	23.2	1207.0	0.0	0.0	0.0	0.000	0.000	0.000	0.0	0.0		12:37:41:909		
000:02:50.100	1207.6	23.1	23.2	1207.6	0.0	0.0	0.0	0.000	0.000	0.000	0.0	0.0		12:37:41:959		
000:02:50.150	1208.1	23.1	23.2	1208.1	0.0	0.0	0.0	0.000	0.000	0.000	0.0	0.0		12:37:42:009		
000:02:50.200	1208.4	23.1	23.2	1208.4	0.0	0.0	0.0	0.000	0.000	0.000	0.0	0.0		12:37:42:059		
000:02:50.250	1208.0	23.1	23.2	1208.0	0.0	0.0	0.0	0.000	0.000	0.000	0.0	0.0		12:37:42:109		
000:02:50.300	1206.2	23.1	23.2	1206.2	0.0	0.0	0.0	0.000	0.000	0.000	0.0	0.0		12:37:42:159		
000:02:50.350	1206.2	23.1	23.2	1206.2	0.0	0.0	0.0	0.000	0.000	0.000	0.0	0.0		12:37:42:209		
000:02:50.400	1206.9	23.1	23.2	1206.9	0.0	0.0	0.0	0.000	0.000	0.000	0.0	0.0		12:37:42:259		
000:02:50.450	1206.7	23.1	23.2	1206.7	0.0	0.0	0.0	0.000	0.000	0.000	0.0	0.0		12:37:42:309		
000:02:50.500	1206.7	23.1	23.2	1206.7	0.0	0.0	0.0	0.000	0.000	0.000	0.0	0.0		12:37:42:359		
000:02:50.550	1207.0	23.1	23.2	1207.0	0.0	0.0	0.0	0.000	0.000	0.000	0.0	0.0		12:37:42:409		
000:02:50.600	1207.1	23.1	23.2	1207.1	0.0	0.0	0.0	0.000	0.000	0.000	0.0	0.0		12:37:42:459		
000:02:50.650	1205.7	23.1	23.2	1205.7	0.0	0.0	0.0	0.000	0.000	0.000	0.0	0.0		12:37:42:509		
000:02:50.700	1205.7	23.1	23.2	1205.7	0.0	0.0	0.0	0.000	0.000	0.000	0.0	0.0		12:37:42:559		
000:02:50.750	1206.9	23.1	23.2	1206.9	0.0	0.0	0.0	0.000	0.000	0.000	0.0	0.0		12:37:42:609		
000:02:50.800	1208.0	23.1	23.2	1208.0	0.0	0.0	0.0	0.000	0.000	0.000	0.0	0.0		12:37:42:659		
000:02:50.850	1208.5	23.1	23.2	1208.5	0.0	0.0	0.0	0.000	0.000	0.000	0.0	0.0		12:37:42:709		
000:02:50.900	1209.5	23.1	23.2	1209.5	0.0	0.0	0.0	0.000	0.000	0.000	0.0	0.0		12:37:42:759		
000:02:50.950	1210.0	23.1	23.2	1210.0	0.0	0.0	0.0	0.000	0.000	0.000	0.0	0.0		12:37:42:809		
000:02:51.000	1211.6	23.1	23.2	1211.6	0.0	0.0	0.0	0.000	0.000	0.000	0.0	0.0		12:37:42:859		
000:02:51.050	1212.1	23.1	23.2	1212.1	0.0	0.0	0.0	0.000	0.000	0.000	0.0	0.0		12:37:42:909		
000:02:51.100	1212.3	23.1	23.2	1212.3	0.0	0.0	0.0	0.000	0.000	0.000	0.0	0.0		12:37:42:959		
000:02:51.150	1213.5	23.1	23.2	1213.5	0.0	0.0	0.0	0.000	0.000	0.000	0.0	0.0		12:37:43:009		
000:02:51.200	1214.0	23.1	23.2	1214.0	0.0	0.0	0.0	0.000	0.000	0.000	0.0	0.0		12:37:43:059		
000:02:51.250	1212.6	23.1	23.2	1212.6	0.0	0.0	0.0	0.000	0.000	0.000	0.0	0.0		12:37:43:109		
000:02:51.300	1211.7	23.1	23.2	1211.7	0.0	0.0	0.0	0.000	0.000	0.000	0.0	0.0		12:37:43:159		
000:02:51.350	1211.6	23.1	23.2	1211.6	0.0	0.0	0.0	0.000	0.000	0.000	0.0	0.0		12:37:43:209		
000:02:51.400	1211.1	23.1	23.2	1211.1	0.0	0.0	0.0	0.000	0.000	0.000	0.0	0.0		12:37:43:259		
000:02:51.450	1211.2	23.1	23.2	1211.2	0.0	0.0	0.0	0.000	0.000	0.000	0.0	0.0		12:37:43:309		
000:02:51.500	1211.7	23.1	23.2	1211.7	0.0	0.0	0.0	0.000	0.000	0.000	0.0	0.0		12:37:43:359		
000:02:51.550	1211.9	23.1	23.2	1211.9	0.0	0.0	0.0	0.000	0.000	0.000	0.0	0.0		12:37:43:409		
000:02:51.600	1212.7	23.1	23.2	1212.7	0.0	0.0	0.0	0.000	0.000	0.000	0.0	0.0		12:37:43:459		
000:02:51.650	1213.7	23.1	23.2	1213.7	0.0	0.0	0.0	0.000	0.000	0.000	0.0	0.0		12:37:43:509		
000:02:51.700	1213.7	23.1	23.2	1213.7	0.0	0.0	0.0	0.000	0.000	0.000	0.0	0.0		12:37:43:559		
000:02:51.750	1214.0	23.1	23.2	1214.0	0.0	0.0	0.0	0.000	0.000	0.000	0.0	0.0		12:37:43:609		
000:02:51.800	1213.7	23.1	23.2	1213.7	0.0	0.0	0.0	0.000	0.000	0.000	0.0	0.0		12:37:43:659		
000:02:51.850	1213.1	23.1	23.2	1213.1	0.0	0.0	0.0	0.000	0.000	0.000	0.0	0.0		12:37:43:709		
000:02:51.900	1212.7	23.1	23.2	1212.7	0.0	0.0	0.0	0.000	0.000	0.000	0.0	0.0		12:37:43:759		
000:02:51.950	1212.7	23.1	23.2	1212.7	0.0	0.0	0.0	0.000	0.000	0.000	0.0	0.0		12:37:43:809		
000:02:52.000	1212.2	23.1	23.2	1212.2	0.0	0.0	0.0	0.000	0.000	0.000	0.0	0.0		12:37:43:859		
000:02:52.050	1212.5	23.1	23.2	1212.5	0.0	0.0	0.0	0.000	0.000	0.000	0.0	0.0		12:37:43:909		
000:02:52.100	1212.5	23.1	23.2	1212.5	0.0	0.0	0.0	0.000	0.000	0.000	0.0	0.0		12:37:43:959		
000:02:52.150	1212.4	23.1	23.2	1212.4	0.0	0.0	0.0	0.000	0.000	0.000	0.0	0.0		12:37:44:009		
000:02:52.200	1212.3	23.1	23.2	1212.3	0.0	0.0	0.0	0.000	0.000	0.000	0.0	0.0		12:37:44:059		
000:02:52.250	1211.9	23.1	23.2	1211.9	0.0	0.0	0.0	0.000	0.000	0.000	0.0	0.0		12:37:44:109		
000:02:52.300	1211.5	23.1	23.2	1211.5	0.0	0.0	0.0	0.000	0.000	0.000	0.0	0.0		12:37:44:159		
000:02:52.350	1210.8	23.1	23.2	1210.8	0.0	0.0	0.0	0.000	0.000	0.000	0.0	0.0		12:37:44:209		
000:02:52.400	1210.3	23.1	23.2	1210.3	0.0	0.0	0.0	0.000	0.000	0.000	0.0	0.0		12:37:44:259		
000:02:52.450	1209.6	23.1	23.2	1209.6	0.0	0.0	0.0	0.000	0.000	0.000	0.0	0.0		12:37:44:309		
000:02:52.500	1208.9	23.1	23.2	1208.9	0.0	0.0	0.0	0.000	0.000	0.000	0.0	0.0		12:37:44:359		
000:02:52.550	1207.9	23.1	23.2	1207.9	0.0	0.0	0.0	0.000	0.000	0.000	0.0	0.0		12:37:44:409		
000:02:52.600	1207.1	23.1	23.2	1207.1	0.0	0.0	0.0	0.000	0.000	0.000	0.0	0.0		12:37:44:459		
000:02:52.650	1205.8	23.1	23.2	1205.8	0.0	0.0	0.0	0.000	0.000	0.000	0.0	0.0		12:37:44:509		
000:02:52.700	1205.0	23.1	23.2	1205.0	0.0	0.0	0.0	0.000	0.000	0.000	0.0	0.0		12:37:44:559		
000:02:52.750	1204.1	23.1	23.2	1204.1	0.0	0.0	0.0	0.000	0.000	0.000	0.0	0.0		12:37:44:609		
000:02:52.800	1203.3	23.1	23.2	1203.3	0.0	0.0	0.0	0.000	0.000	0.000	0.0	0.0		12:37:44:659		
000:02:52.850	1202.1	23.1	23.2	1202.1	0.0	0.0	0.0	0.000	0.000	0.000	0.0	0.0		12:37:44:709		
000:02:52.900	1201.5	23.1	23.2	1201.5	0.0	0.0	0.0	0.000	0.000	0.000	0.0	0.0		12:37:44:759		
000:02:52.950	1200.3	23.1	23.2	1200.3	0.0	0.0	0.0	0.000	0.000	0.000	0.0	0.0		12:37:44:809		
000:02:53.000	1199.3	23.1	23.2	1199.3	0.0	0.0	0.0	0.000	0.000	0.000	0.0	0.0		12:37:44:859		
000:02:53.050	1198.3	23.1	23.2	1198.3	0.0	0.0	0.0	0.000	0.000	0.000	0.0	0.0		12:37:44:909		
000:02:53.100	1197.5	23.1	23.2	1197.5	0.0	0.0	0.0	0.000	0.000	0.000	0.0	0.0		12:37:44:959		
000:02:53.150	1196.7	23.1	23.2	1196.7	0.0	0.0	0.0	0.000	0.000	0.000	0.0	0.0		12:37:45:009		
000:02:53.200	1195.5	23.1	23.2	1195.5	0.0	0.0	0.0	0.000	0.000	0.000	0.0	0.0		12:37:45:059		
000:02:53.250	1195.1	23.1	23.2	1195.1	0.0	0.0	0.0	0.000	0.000	0.000	0.0	0.0		12:37:45:109		
000:02:53.300	1194.1	23.1	23.2	1194.1	0.0	0.0	0.0	0.000	0.000	0.000	0.0	0.0		12:37:45:159		
000:02:53.350	1193.7	23.1	23.2	1193.7	0.0	0.0	0.0	0.000	0.000	0.000	0.0	0.0		12:37:45:209		
000:02:53.400	1193.0	23.1	23.2	1193.0	0.0	0.0	0.0	0.000	0.000	0.000	0.0	0.0		12:37:45:259		
000:02:53.450	1192.3	23.1	23.2	1192.3	0.0	0.0	0.0	0.000	0.000	0.000	0.0	0.0		12:37:45:309		
000:02:53.500	1191.6	23.1	23.2	1191.6	0.0	0.0	0.0	0.000	0.000	0.000	0.0	0.0		12:37:45:359		
000:02:53.550	1190.2	23.1	23.2	1190.2	0.0	0.0	0.0	0.000	0.000	0.000	0.0	0.0		12:37:45:409		
000:02:53.600	1189.6	23.1	23.2	1189.6	0.0	0.0	0.0	0.000	0.000	0.000	0.0	0.0		12:37:45:459		
000:02:53.650	1189.0	23.1	23.2	1189.0	0.0	0.0	0.0	0.000	0.000	0.000	0.0	0.0		12:37:45:509		
000:02:53.700	1187.7	23.1	23.2	1187.7	0.0	0.0	0.0	0.000	0.000	0.000	0.0	0.0		12:37:45:559		
000:02:53.750	1186.9	23.1	23.2	1186.9	0.0	0.0	0.0	0.000	0.000	0.000	0.0	0.0		12:37:45:609		
000:02:53.800	1186.5	23.1	23.2	1186.5	0.0	0.0	0.0	0.000	0.000	0.000	0.0	0.0		12:37:45:659		
000:02:53.850	1185.8	23.1	23.2	1185.8	0.0	0.0	0.0	0.000	0.000	0.000	0.0	0.0		12:37:45:709		
000:02:53.900	1184.5	23.1	23.2	1184.5	0.0	0.0	0.0	0.000	0.000	0.000	0.0	0.0		12:37:45:759		
000:02:53.950	1183.8	23.1	23.2	1183.8	0.0	0.0	0.0	0.000	0.000	0.000	0.0	0.0		12:37:45:809		
000:02:54.000	1182.8	23.1	23.2	1182.8	0.0	0.0	0.0	0.000	0.000	0.000	0.0	0.0		12:37:45:859		
000:02:54.050	1181.7	23.1	23.2	1181.7	0.0	0.0	0.0	0.000	0.000	0.000	0.0	0.0		12:37:45:909		
000:02:54.100	1180.6	23.1	23.2	1180.6	0.0	0.0	0.0	0.000	0.000	0.000	0.0	0.0		12:37:45:959		
000:02:54.150	1180.2	23.1	23.2	1180.2	0.0	0.0	0.0	0.000	0.000	0.000	0.0	0.0		12:37:46:009		
000:02:54.200	1179.0	23.1	23.2	1179.0	0.0	0.0	0.0	0.000	0.000	0.000	0.0	0.0		12:37:46:059		
000:02:54.250	1178.1	23.1	23.2	1178.1	0.0	0.0	0.0	0.000	0.000	0.000	0.0	0.0		12:37:46:109		
000:02:54.300	1177.0	23.1	23.2	1177.0	0.0	0.0	0.0	0.000	0.000	0.000	0.0	0.0		12:37:46:159		
000:02:54.350	1176.5	23.1	23.2	1176.5	0.0	0.0	0.0	0.000	0.000	0.000	0.0	0.0		12:37:46:209		
000:02:54.400	1175.9	23.1	23.2	1175.9	0.0	0.0	0.0	0.000	0.000	0.000	0.0	0.0		12:37:46:259		
000:02:54.450	1175.0	23.1	23.2	1175.0	0.0	0.0	0.0	0.000	0.000	0.000	0.0	0.0		12:37:46:309		
000:02:54.500	1173.9	23.1	23.2	1173.9	0.0	0.0	0.0	0.000	0.000	0.000	0.0	0.0		12:37:46:359		
000:02:54.550	1173.1	23.1	23.2	1173.1	0.0	0.0	0.0	0.000	0.000	0.000	0.0	0.0		12:37:46:409		
000:02:54.600	1172.3	23.1	23.2	1172.3	0.0	0.0	0.0	0.000	0.000	0.000	0.0	0.0		12:37:46:459		
000:02:54.650	1171.8	23.1	23.2	1171.8	0.0	0.0	0.0	0.000	0.000	0.000	0.0	0.0		12:37:46:509		
000:02:54.700	1170.7	23.1	23.2	1170.7	0.0	0.0	0.0	0.000	0.000	0.000	0.0	0.0		12:37:46:559		
000:02:54.750	1169.9	23.1	23.2	1169.9	0.0	0.0	0.0	0.000	0.000	0.000	0.0	0.0		12:37:46:609		
000:02:54.800	1169.1	23.1	23.2	1169.1	0.0	0.0	0.0	0.000	0.000	0.000	0.0	0.0		12:37:46:659		
000:02:54.850	1168.5	23.1	23.2	1168.5	0.0	0.0	0.0	0.000	0.000	0.000	0.0	0.0		12:37:46:709		
000:02:54.900	1167.8	23.1	23.2	1167.8	0.0	0.0	0.0	0.000	0.000	0.000	0.0	0.0		12:37:46:759		
000:02:54.950	1166.9	23.1	23.2	1166.9	0.0	0.0	0.0	0.000	0.000	0.000	0.0	0.0		12:37:46:809		
000:02:55.000	1166.3	23.1	23.2	1166.3	0.0	0.0	0.0	0.000	0.000	0.000	0.0	0.0		12:37:46:859		
000:02:55.050	1165.3	23.1	23.2	1165.3	0.0	0.0	0.0	0.000	0.000	0.000	0.0	0.0		12:37:46:909		
000:02:55.100	1165.4	23.1	23.2	1165.4	0.0	0.0	0.0	0.000	0.000	0.000	0.0	0.0		12:37:46:959		
000:02:55.150	1165.0	23.1	23.2	1165.0	0.0	0.0	0.0	0.000	0.000	0.000	0.0	0.0		12:37:47:009		
000:02:55.200	1164.0	23.1	23.2	1164.0	0.0	0.0	0.0	0.000	0.000	0.000	0.0	0.0		12:37:47:059		
000:02:55.250	1163.6	23.1	23.2	1163.6	0.0	0.0	0.0	0.000	0.000	0.000	0.0	0.0		12:37:47:109		
000:02:55.300	1163.5	23.1	23.2	1163.5	0.0	0.0	0.0	0.000	0.000	0.000	0.0	0.0		12:37:47:159		
000:02:55.350	1162.4	23.1	23.2	1162.4	0.0	0.0	0.0	0.000	0.000	0.000	0.0	0.0		12:37:47:209		
000:02:55.400	1161.7	23.1	23.2	1161.7	0.0	0.0	0.0	0.000	0.000	0.000	0.0	0.0		12:37:47:259		
000:02:55.450	1161.3	23.1	23.2	1161.3	0.0	0.0	0.0	0.000	0.000	0.000	0.0	0.0		12:37:47:309		
000:02:55.500	1160.3	23.1	23.2	1160.3	0.0	0.0	0.0	0.000	0.000	0.000	0.0	0.0		12:37:47:359		
000:02:55.550	1159.5	23.1	23.2	1159.5	0.0	0.0	0.0	0.000	0.000	0.000	0.0	0.0		12:37:47:409		
000:02:55.600	1159.0	23.1	23.2	1159.0	0.0	0.0	0.0	0.000	0.000	0.000	0.0	0.0		12:37:47:459		
000:02:55.650	1158.8	23.1	23.2	1158.8	0.0	0.0	0.0	0.000	0.000	0.000	0.0	0.0		12:37:47:509		
000:02:55.700	1158.0	23.1	23.2	1158.0	0.0	0.0	0.0	0.000	0.000	0.000	0.0	0.0		12:37:47:559		
000:02:55.750	1157.3	23.1	23.2	1157.3	0.0	0.0	0.0	0.000	0.000	0.000	0.0	0.0		12:37:47:609		
000:02:55.800	1157.2	23.1	23.2	1157.2	0.0	0.0	0.0	0.000	0.000	0.000	0.0	0.0		12:37:47:659		
000:02:55.850	1156.4	23.1	23.2	1156.4	0.0	0.0	0.0	0.000	0.000	0.000	0.0	0.0		12:37:47:709		
000:02:55.900	1156.1	23.1	23.2	1156.1	0.0	0.0	0.0	0.000	0.000	0.000	0.0	0.0		12:37:47:759		
000:02:55.950	1155.6	23.1	23.2	1155.6	0.0	0.0	0.0	0.000	0.000	0.000	0.0	0.0		12:37:47:809		
000:02:56.000	1154.9	23.1	23.2	1154.9	0.0	0.0	0.0	0.000	0.000	0.000	0.0	0.0		12:37:47:859		
000:02:56.050	1154.4	23.1	23.2	1154.4	0.0	0.0	0.0	0.000	0.000	0.000	0.0	0.0		12:37:47:909		
000:02:56.100	1154.1	23.1	23.2	1154.1	0.0	0.0	0.0	0.000	0.000	0.000	0.0	0.0		12:37:47:959		
000:02:56.150	1153.3	23.1	23.2	1153.3	0.0	0.0	0.0	0.000	0.000	0.000	0.0	0.0		12:37:48:009		
000:02:56.200	1153.0	23.1	23.2	1153.0	0.0	0.0	0.0	0.000	0.000	0.000	0.0	0.0		12:37:48:059		
000:02:56.250	1152.1	23.1	23.2	1152.1	0.0	0.0	0.0	0.000	0.000	0.000	0.0	0.0		12:37:48:109		
000:02:56.300	1151.3	23.1	23.2	1151.3	0.0	0.0	0.0	0.000	0.000	0.000	0.0	0.0		12:37:48:159		
000:02:56.350	1151.0	23.1	23.2	1151.0	0.0	0.0	0.0	0.000	0.000	0.000	0.0	0.0		12:37:48:209		
000:02:56.400	1150.6	23.1	23.2	1150.6	0.0	0.0	0.0	0.000	0.000	0.000	0.0	0.0		12:37:48:259		
000:02:56.450	1150.2	23.1	23.2	1150.2	0.0	0.0	0.0	0.000	0.000	0.000	0.0	0.0		12:37:48:309		
000:02:56.500	1149.3	23.1	23.2	1149.3	0.0	0.0	0.0	0.000	0.000	0.000	0.0	0.0		12:37:48:359		
000:02:56.550	1149.0	23.1	23.2	1149.0	0.0	0.0	0.0	0.000	0.000	0.000	0.0	0.0		12:37:48:409		
000:02:56.600	1148.8	23.1	23.2	1148.8	0.0	0.0	0.0	0.000	0.000	0.000	0.0	0.0		12:37:48:459		
000:02:56.650	1148.2	23.1	23.2	1148.2	0.0	0.0	0.0	0.000	0.000	0.000	0.0	0.0		12:37:48:509		
000:02:56.700	1147.5	23.1	23.2	1147.5	0.0	0.0	0.0	0.000	0.000	0.000	0.0	0.0		12:37:48:559		
000:02:56.750	1147.0	23.1	23.2	1147.0	0.0	0.0	0.0	0.000	0.000	0.000	0.0	0.0		12:37:48:609		
000:02:56.800	1146.8	23.1	23.2	1146.8	0.0	0.0	0.0	0.000	0.000	0.000	0.0	0.0		12:37:48:659		
000:02:56.850	1146.4	23.1	23.2	1146.4	0.0	0.0	0.0	0.000	0.000	0.000	0.0	0.0		12:37:48:709		
000:02:56.900	1145.8	23.1	23.2	1145.8	0.0	0.0	0.0	0.000	0.000	0.000	0.0	0.0		12:37:48:759		
000:02:56.950	1145.3	23.1	23.2	1145.3	0.0	0.0	0.0	0.000	0.000	0.000	0.0	0.0		12:37:48:809		
000:02:57.000	1144.8	23.1	23.2	1144.8	0.0	0.0	0.0	0.000	0.000	0.000	0.0	0.0		12:37:48:859		
000:02:57.050	1144.4	23.1	23.2	1144.4	0.0	0.0	0.0	0.000	0.000	0.000	0.0	0.0		12:37:48:909		
000:02:57.100	1143.7	23.1	23.2	1143.7	0.0	0.0	0.0	0.000	0.000	0.000	0.0	0.0		12:37:48:959		
000:02:57.150	1143.4	23.1	23.2	1143.4	0.0	0.0	0.0	0.000	0.000	0.000	0.0	0.0		12:37:49:009		
000:02:57.200	1143.0	23.1	23.2	1143.0	0.0	0.0	0.0	0.000	0.000	0.000	0.0	0.0		12:37:49:059		
000:02:57.250	1142.4	23.1	23.2	1142.4	0.0	0.0	0.0	0.000	0.000	0.000	0.0	0.0		12:37:49:109		
000:02:57.300	1141.5	23.1	23.2	1141.5	0.0	0.0	0.0	0.000	0.000	0.000	0.0	0.0		12:37:49:159		
000:02:57.350	1141.3	23.1	23.2	1141.3	0.0	0.0	0.0	0.000	0.000	0.000	0.0	0.0		12:37:49:209		
000:02:57.400	1141.1	23.1	23.2	1141.1	0.0	0.0	0.0	0.000	0.000	0.000	0.0	0.0		12:37:49:259		
000:02:57.450	1140.8	23.1	23.2	1140.8	0.0	0.0	0.0	0.000	0.000	0.000	0.0	0.0		12:37:49:309		
000:02:57.500	1140.4	23.1	23.2	1140.4	0.0	0.0	0.0	0.000	0.000	0.000	0.0	0.0		12:37:49:359		
000:02:57.550	1139.8	23.1	23.2	1139.8	0.0	0.0	0.0	0.000	0.000	0.000	0.0	0.0		12:37:49:409		
000:02:57.600	1139.4	23.1	23.2	1139.4	0.0	0.0	0.0	0.000	0.000	0.000	0.0	0.0		12:37:49:459		
000:02:57.650	1138.8	23.1	23.2	1138.8	0.0	0.0	0.0	0.000	0.000	0.000	0.0	0.0		12:37:49:509		
000:02:57.700	1138.8	23.1	23.2	1138.8	0.0	0.0	0.0	0.000	0.000	0.000	0.0	0.0		12:37:49:559		
000:02:57.750	1138.6	23.1	23.2	1138.6	0.0	0.0	0.0	0.000	0.000	0.000	0.0	0.0		12:37:49:609		
000:02:57.800	1137.9	23.1	23.2	1137.9	0.0	0.0	0.0	0.000	0.000	0.000	0.0	0.0		12:37:49:659		
000:02:57.850	1137.1	23.1	23.2	1137.1	0.0	0.0	0.0	0.000	0.000	0.000	0.0	0.0		12:37:49:709		
000:02:57.900	1137.3	23.1	23.2	1137.3	0.0	0.0	0.0	0.000	0.000	0.000	0.0	0.0		12:37:49:759		
000:02:57.950	1137.1	23.1	23.3	1137.1	0.0	0.0	0.0	0.000	0.000	0.000	0.0	0.0		12:37:49:809		
000:02:58.000	1136.7	23.1	23.3	1136.7	0.0	0.0	0.0	0.000	0.000	0.000	0.0	0.0		12:37:49:859		
000:02:58.050	1136.5	23.1	23.3	1136.5	0.0	0.0	0.0	0.000	0.000	0.000	0.0	0.0		12:37:49:909		
000:02:58.100	1136.0	23.1	23.3	1136.0	0.0	0.0	0.0	0.000	0.000	0.000	0.0	0.0		12:37:49:959		
000:02:58.150	1135.9	23.1	23.3	1135.9	0.0	0.0	0.0	0.000	0.000	0.000	0.0	0.0		12:37:50:009		
000:02:58.200	1135.3	23.1	23.3	1135.3	0.0	0.0	0.0	0.000	0.000	0.000	0.0	0.0		12:37:50:059		
000:02:58.250	1134.7	23.1	23.3	1134.7	0.0	0.0	0.0	0.000	0.000	0.000	0.0	0.0		12:37:50:109		
000:02:58.300	1134.2	23.1	23.3	1134.2	0.0	0.0	0.0	0.000	0.000	0.000	0.0	0.0		12:37:50:159		
000:02:58.350	1134.4	23.1	23.3	1134.4	0.0	0.0	0.0	0.000	0.000	0.000	0.0	0.0		12:37:50:209		
000:02:58.400	1134.0	23.1	23.3	1134.0	0.0	0.0	0.0	0.000	0.000	0.000	0.0	0.0		12:37:50:259		
000:02:58.450	1133.8	23.1	23.3	1133.8	0.0	0.0	0.0	0.000	0.000	0.000	0.0	0.0		12:37:50:309		
000:02:58.500	1133.2	23.1	23.3	1133.2	0.0	0.0	0.0	0.000	0.000	0.000	0.0	0.0		12:37:50:359		
000:02:58.550	1133.3	23.1	23.3	1133.3	0.0	0.0	0.0	0.000	0.000	0.000	0.0	0.0		12:37:50:409		
000:02:58.600	1132.8	23.1	23.3	1132.8	0.0	0.0	0.0	0.000	0.000	0.000	0.0	0.0		12:37:50:459		
000:02:58.650	1132.0	23.1	23.3	1132.0	0.0	0.0	0.0	0.000	0.000	0.000	0.0	0.0		12:37:50:509		
000:02:58.700	1132.4	23.1	23.3	1132.4	0.0	0.0	0.0	0.000	0.000	0.000	0.0	0.0		12:37:50:559		
000:02:58.750	1132.1	23.1	23.3	1132.1	0.0	0.0	0.0	0.000	0.000	0.000	0.0	0.0		12:37:50:609		
000:02:58.800	1132.0	23.1	23.3	1132.0	0.0	0.0	0.0	0.000	0.000	0.000	0.0	0.0		12:37:50:659		
000:02:58.850	1131.4	23.1	23.3	1131.4	0.0	0.0	0.0	0.000	0.000	0.000	0.0	0.0		12:37:50:709		
000:02:58.900	1131.2	23.1	23.3	1131.2	0.0	0.0	0.0	0.000	0.000	0.000	0.0	0.0		12:37:50:759		
000:02:58.950	1131.1	23.1	23.3	1131.1	0.0	0.0	0.0	0.000	0.000	0.000	0.0	0.0		12:37:50:809		
000:02:59.000	1131.0	23.1	23.3	1131.0	0.0	0.0	0.0	0.000	0.000	0.000	0.0	0.0		12:37:50:859		
000:02:59.050	1130.5	23.1	23.3	1130.5	0.0	0.0	0.0	0.000	0.000	0.000	0.0	0.0		12:37:50:909		
000:02:59.100	1130.3	23.1	23.3	1130.3	0.0	0.0	0.0	0.000	0.000	0.000	0.0	0.0		12:37:50:959		
000:02:59.150	1129.8	23.1	23.3	1129.8	0.0	0.0	0.0	0.000	0.000	0.000	0.0	0.0		12:37:51:009		
000:02:59.200	1129.7	23.1	23.3	1129.7	0.0	0.0	0.0	0.000	0.000	0.000	0.0	0.0		12:37:51:059		
000:02:59.250	1129.2	23.1	23.3	1129.2	0.0	0.0	0.0	0.000	0.000	0.000	0.0	0.0		12:37:51:109		
000:02:59.300	1129.2	23.1	23.3	1129.2	0.0	0.0	0.0	0.000	0.000	0.000	0.0	0.0		12:37:51:159		
000:02:59.350	1128.6	23.1	23.3	1128.6	0.0	0.0	0.0	0.000	0.000	0.000	0.0	0.0		12:37:51:209		
000:02:59.400	1128.1	23.2	23.3	1128.1	0.0	0.0	0.0	0.000	0.000	0.000	0.0	0.0		12:37:51:259		
000:02:59.450	1128.5	23.2	23.3	1128.5	0.0	0.0	0.0	0.000	0.000	0.000	0.0	0.0		12:37:51:309		
000:02:59.500	1127.6	23.2	23.3	1127.6	0.0	0.0	0.0	0.000	0.000	0.000	0.0	0.0		12:37:51:359		
000:02:59.550	1127.3	23.2	23.3	1127.3	0.0	0.0	0.0	0.000	0.000	0.000	0.0	0.0		12:37:51:409		
000:02:59.600	1127.0	23.2	23.3	1127.0	0.0	0.0	0.0	0.000	0.000	0.000	0.0	0.0		12:37:51:459		
000:02:59.650	1126.4	23.2	23.3	1126.4	0.0	0.0	0.0	0.000	0.000	0.000	0.0	0.0		12:37:51:509		
000:02:59.700	1126.4	23.2	23.3	1126.4	0.0	0.0	0.0	0.000	0.000	0.000	0.0	0.0		12:37:51:559		
000:02:59.750	1125.9	23.2	23.3	1125.9	0.0	0.0	0.0	0.000	0.000	0.000	0.0	0.0		12:37:51:609		
000:02:59.800	1125.6	23.2	23.3	1125.6	0.0	0.0	0.0	0.000	0.000	0.000	0.0	0.0		12:37:51:659		
000:02:59.850	1125.0	23.2	23.3	1125.0	0.0	0.0	0.0	0.000	0.000	0.000	0.0	0.0		12:37:51:709		
000:02:59.900	1124.6	23.2	23.3	1124.6	0.0	0.0	0.0	0.000	0.000	0.000	0.0	0.0		12:37:51:759		
000:02:59.950	1124.6	23.2	23.3	1124.6	0.0	0.0	0.0	0.000	0.000	0.000	0.0	0.0		12:37:51:809		
000:03:00.000	1124.0	23.2	23.3	1124.0	0.0	0.0	0.0	0.000	0.000	0.000	0.0	0.0		12:37:51:859		
000:03:00.050	1123.7	23.2	23.3	1123.7	0.0	0.0	0.0	0.000	0.000	0.000	0.0	0.0		12:37:51:909		
000:03:00.100	1123.2	23.2	23.3	1123.2	0.0	0.0	0.0	0.000	0.000	0.000	0.0	0.0		12:37:51:959		
000:03:00.150	1123.1	23.2	23.3	1123.1	0.0	0.0	0.0	0.000	0.000	0.000	0.0	0.0		12:37:52:009		
000:03:00.200	1122.8	23.2	23.3	1122.8	0.0	0.0	0.0	0.000	0.000	0.000	0.0	0.0		12:37:52:059		
000:03:00.250	1122.3	23.2	23.3	1122.3	0.0	0.0	0.0	0.000	0.000	0.000	0.0	0.0		12:37:52:109		
000:03:00.300	1122.0	23.2	23.3	1122.0	0.0	0.0	0.0	0.000	0.000	0.000	0.0	0.0		12:37:52:159		
000:03:00.350	1121.8	23.2	23.3	1121.8	0.0	0.0	0.0	0.000	0.000	0.000	0.0	0.0		12:37:52:209		
000:03:00.400	1121.2	23.2	23.3	1121.2	0.0	0.0	0.0	0.000	0.000	0.000	0.0	0.0		12:37:52:259		
000:03:00.450	1121.3	23.2	23.3	1121.3	0.0	0.0	0.0	0.000	0.000	0.000	0.0	0.0		12:37:52:309		
000:03:00.500	1121.0	23.2	23.3	1121.0	0.0	0.0	0.0	0.000	0.000	0.000	0.0	0.0		12:37:52:359		
000:03:00.550	1120.8	23.2	23.3	1120.8	0.0	0.0	0.0	0.000	0.000	0.000	0.0	0.0		12:37:52:409		
000:03:00.600	1120.6	23.2	23.3	1120.6	0.0	0.0	0.0	0.000	0.000	0.000	0.0	0.0		12:37:52:459		
000:03:00.650	1120.4	23.2	23.3	1120.4	0.0	0.0	0.0	0.000	0.000	0.000	0.0	0.0		12:37:52:509		
000:03:00.700	1119.8	23.2	23.3	1119.8	0.0	0.0	0.0	0.000	0.000	0.000	0.0	0.0		12:37:52:559		
000:03:00.750	1119.7	23.2	23.3	1119.7	0.0	0.0	0.0	0.000	0.000	0.000	0.0	0.0		12:37:52:609		
000:03:00.800	1119.5	23.2	23.3	1119.5	0.0	0.0	0.0	0.000	0.000	0.000	0.0	0.0		12:37:52:659		
000:03:00.850	1119.2	23.2	23.3	1119.2	0.0	0.0	0.0	0.000	0.000	0.000	0.0	0.0		12:37:52:709		
000:03:00.900	1119.0	23.2	23.3	1119.0	0.0	0.0	0.0	0.000	0.000	0.000	0.0	0.0		12:37:52:759		
000:03:00.950	1119.0	23.2	23.3	1119.0	0.0	0.0	0.0	0.000	0.000	0.000	0.0	0.0		12:37:52:809		
000:03:01.000	1118.7	23.2	23.3	1118.7	0.0	0.0	0.0	0.000	0.000	0.000	0.0	0.0		12:37:52:859		
000:03:01.050	1118.6	23.2	23.3	1118.6	0.0	0.0	0.0	0.000	0.000	0.000	0.0	0.0		12:37:52:909		
000:03:01.100	1118.0	23.2	23.3	1118.0	0.0	0.0	0.0	0.000	0.000	0.000	0.0	0.0		12:37:52:959		
000:03:01.150	1117.5	23.2	23.3	1117.5	0.0	0.0	0.0	0.000	0.000	0.000	0.0	0.0		12:37:53:009		
000:03:01.200	1117.1	23.2	23.3	1117.1	0.0	0.0	0.0	0.000	0.000	0.000	0.0	0.0		12:37:53:059		
000:03:01.250	1116.5	23.2	23.3	1116.5	0.0	0.0	0.0	0.000	0.000	0.000	0.0	0.0		12:37:53:109		
000:03:01.300	1116.0	23.2	23.3	1116.0	0.0	0.0	0.0	0.000	0.000	0.000	0.0	0.0		12:37:53:159		
000:03:01.350	1115.1	23.2	23.3	1115.1	0.0	0.0	0.0	0.000	0.000	0.000	0.0	0.0		12:37:53:209		
000:03:01.400	1115.1	23.2	23.3	1115.1	0.0	0.0	0.0	0.000	0.000	0.000	0.0	0.0		12:37:53:259		
000:03:01.450	1114.8	23.2	23.3	1114.8	0.0	0.0	0.0	0.000	0.000	0.000	0.0	0.0		12:37:53:309		
000:03:01.500	1113.9	23.2	23.3	1113.9	0.0	0.0	0.0	0.000	0.000	0.000	0.0	0.0		12:37:53:359		
000:03:01.550	1114.5	23.2	23.3	1114.5	0.0	0.0	0.0	0.000	0.000	0.000	0.0	0.0		12:37:53:409		
000:03:01.600	1114.1	23.2	23.3	1114.1	0.0	0.0	0.0	0.000	0.000	0.000	0.0	0.0		12:37:53:459		
000:03:01.650	1113.9	23.2	23.3	1113.9	0.0	0.0	0.0	0.000	0.000	0.000	0.0	0.0		12:37:53:509		
000:03:01.700	1113.7	23.2	23.3	1113.7	0.0	0.0	0.0	0.000	0.000	0.000	0.0	0.0		12:37:53:559		
000:03:01.750	1113.6	23.2	23.3	1113.6	0.0	0.0	0.0	0.000	0.000	0.000	0.0	0.0		12:37:53:609		
000:03:01.800	1113.3	23.2	23.3	1113.3	0.0	0.0	0.0	0.000	0.000	0.000	0.0	0.0		12:37:53:659		
000:03:01.850	1113.0	23.2	23.3	1113.0	0.0	0.0	0.0	0.000	0.000	0.000	0.0	0.0		12:37:53:709		
000:03:01.900	1112.8	23.2	23.3	1112.8	0.0	0.0	0.0	0.000	0.000	0.000	0.0	0.0		12:37:53:759		
000:03:01.950	1112.6	23.2	23.3	1112.6	0.0	0.0	0.0	0.000	0.000	0.000	0.0	0.0		12:37:53:809		
000:03:02.000	1112.1	23.2	23.3	1112.1	0.0	0.0	0.0	0.000	0.000	0.000	0.0	0.0		12:37:53:859		
000:03:02.050	1112.4	23.2	23.3	1112.4	0.0	0.0	0.0	0.000	0.000	0.000	0.0	0.0		12:37:53:909		
000:03:02.100	1111.9	23.2	23.3	1111.9	0.0	0.0	0.0	0.000	0.000	0.000	0.0	0.0		12:37:53:959		
000:03:02.150	1111.8	23.2	23.3	1111.8	0.0	0.0	0.0	0.000	0.000	0.000	0.0	0.0		12:37:54:009		
000:03:02.200	1111.5	23.2	23.3	1111.5	0.0	0.0	0.0	0.000	0.000	0.000	0.0	0.0		12:37:54:059		
000:03:02.250	1111.0	23.2	23.3	1111.0	0.0	0.0	0.0	0.000	0.000	0.000	0.0	0.0		12:37:54:109		
000:03:02.300	1111.1	23.2	23.3	1111.1	0.0	0.0	0.0	0.000	0.000	0.000	0.0	0.0		12:37:54:159		
000:03:02.350	1110.5	23.2	23.3	1110.5	0.0	0.0	0.0	0.000	0.000	0.000	0.0	0.0		12:37:54:209		
000:03:02.400	1110.5	23.2	23.3	1110.5	0.0	0.0	0.0	0.000	0.000	0.000	0.0	0.0		12:37:54:259		
000:03:02.450	1109.9	23.2	23.3	1109.9	0.0	0.0	0.0	0.000	0.000	0.000	0.0	0.0		12:37:54:309		
000:03:02.500	1110.2	23.2	23.3	1110.2	0.0	0.0	0.0	0.000	0.000	0.000	0.0	0.0		12:37:54:359		
000:03:02.550	1109.4	23.2	23.3	1109.4	0.0	0.0	0.0	0.000	0.000	0.000	0.0	0.0		12:37:54:409		
000:03:02.600	1109.6	23.2	23.3	1109.6	0.0	0.0	0.0	0.000	0.000	0.000	0.0	0.0		12:37:54:459		
000:03:02.650	1109.1	23.2	23.3	1109.1	0.0	0.0	0.0	0.000	0.000	0.000	0.0	0.0		12:37:54:509		
000:03:02.700	1108.7	23.2	23.3	1108.7	0.0	0.0	0.0	0.000	0.000	0.000	0.0	0.0		12:37:54:559		
000:03:02.750	1108.6	23.2	23.3	1108.6	0.0	0.0	0.0	0.000	0.000	0.000	0.0	0.0		12:37:54:609		
000:03:02.800	1107.8	23.2	23.3	1107.8	0.0	0.0	0.0	0.000	0.000	0.000	0.0	0.0		12:37:54:659		
000:03:02.850	1108.6	23.2	23.3	1108.6	0.0	0.0	0.0	0.000	0.000	0.000	0.0	0.0		12:37:54:709		
000:03:02.900	1108.0	23.2	23.3	1108.0	0.0	0.0	0.0	0.000	0.000	0.000	0.0	0.0		12:37:54:759		
000:03:02.950	1108.3	23.2	23.3	1108.3	0.0	0.0	0.0	0.000	0.000	0.000	0.0	0.0		12:37:54:809		
000:03:03.000	1107.2	23.2	23.3	1107.2	0.0	0.0	0.0	0.000	0.000	0.000	0.0	0.0		12:37:54:859		
000:03:03.050	1107.2	23.2	23.3	1107.2	0.0	0.0	0.0	0.000	0.000	0.000	0.0	0.0		12:37:54:909		
000:03:03.100	1107.1	23.2	23.3	1107.1	0.0	0.0	0.0	0.000	0.000	0.000	0.0	0.0		12:37:54:959		
000:03:03.150	1107.0	23.2	23.3	1107.0	0.0	0.0	0.0	0.000	0.000	0.000	0.0	0.0		12:37:55:009		
000:03:03.200	1107.1	23.2	23.3	1107.1	0.0	0.0	0.0	0.000	0.000	0.000	0.0	0.0		12:37:55:059		
000:03:03.250	1106.7	23.2	23.3	1106.7	0.0	0.0	0.0	0.000	0.000	0.000	0.0	0.0		12:37:55:109		
000:03:03.300	1105.7	23.2	23.3	1105.7	0.0	0.0	0.0	0.000	0.000	0.000	0.0	0.0		12:37:55:159		
000:03:03.350	1106.4	23.2	23.3	1106.4	0.0	0.0	0.0	0.000	0.000	0.000	0.0	0.0		12:37:55:209		
000:03:03.400	1105.8	23.2	23.3	1105.8	0.0	0.0	0.0	0.000	0.000	0.000	0.0	0.0		12:37:55:259		
000:03:03.450	1105.5	23.2	23.3	1105.5	0.0	0.0	0.0	0.000	0.000	0.000	0.0	0.0		12:37:55:309		
000:03:03.500	1105.4	23.2	23.3	1105.4	0.0	0.0	0.0	0.000	0.000	0.000	0.0	0.0		12:37:55:359		
000:03:03.550	1105.4	23.2	23.3	1105.4	0.0	0.0	0.0	0.000	0.000	0.000	0.0	0.0		12:37:55:409		
000:03:03.600	1105.7	23.2	23.3	1105.7	0.0	0.0	0.0	0.000	0.000	0.000	0.0	0.0		12:37:55:459		
000:03:03.650	1105.0	23.2	23.3	1105.0	0.0	0.0	0.0	0.000	0.000	0.000	0.0	0.0		12:37:55:509		
000:03:03.700	1104.8	23.2	23.3	1104.8	0.0	0.0	0.0	0.000	0.000	0.000	0.0	0.0		12:37:55:559		
000:03:03.750	1104.3	23.2	23.3	1104.3	0.0	0.0	0.0	0.000	0.000	0.000	0.0	0.0		12:37:55:609		
000:03:03.800	1104.5	23.2	23.3	1104.5	0.0	0.0	0.0	0.000	0.000	0.000	0.0	0.0		12:37:55:659		
000:03:03.850	1104.1	23.2	23.3	1104.1	0.0	0.0	0.0	0.000	0.000	0.000	0.0	0.0		12:37:55:709		
000:03:03.900	1104.4	23.2	23.3	1104.4	0.0	0.0	0.0	0.000	0.000	0.000	0.0	0.0		12:37:55:759		
000:03:03.950	1104.0	23.2	23.3	1104.0	0.0	0.0	0.0	0.000	0.000	0.000	0.0	0.0		12:37:55:809		
000:03:04.000	1104.1	23.2	23.3	1104.1	0.0	0.0	0.0	0.000	0.000	0.000	0.0	0.0		12:37:55:859		
000:03:04.050	1103.5	23.2	23.3	1103.5	0.0	0.0	0.0	0.000	0.000	0.000	0.0	0.0		12:37:55:909		
000:03:04.100	1103.3	23.2	23.3	1103.3	0.0	0.0	0.0	0.000	0.000	0.000	0.0	0.0		12:37:55:959		
000:03:04.150	1103.5	23.2	23.3	1103.5	0.0	0.0	0.0	0.000	0.000	0.000	0.0	0.0		12:37:56:009		
000:03:04.200	1103.1	23.2	23.3	1103.1	0.0	0.0	0.0	0.000	0.000	0.000	0.0	0.0		12:37:56:059		
000:03:04.250	1102.9	23.2	23.3	1102.9	0.0	0.0	0.0	0.000	0.000	0.000	0.0	0.0		12:37:56:109		
000:03:04.300	1102.7	23.2	23.3	1102.7	0.0	0.0	0.0	0.000	0.000	0.000	0.0	0.0		12:37:56:159		
000:03:04.350	1102.5	23.2	23.3	1102.5	0.0	0.0	0.0	0.000	0.000	0.000	0.0	0.0		12:37:56:209		
000:03:04.400	1102.4	23.2	23.3	1102.4	0.0	0.0	0.0	0.000	0.000	0.000	0.0	0.0		12:37:56:259		
000:03:04.450	1101.8	23.2	23.3	1101.8	0.0	0.0	0.0	0.000	0.000	0.000	0.0	0.0		12:37:56:309		
000:03:04.500	1101.4	23.2	23.3	1101.4	0.0	0.0	0.0	0.000	0.000	0.000	0.0	0.0		12:37:56:359		
000:03:04.550	1101.4	23.2	23.3	1101.4	0.0	0.0	0.0	0.000	0.000	0.000	0.0	0.0		12:37:56:409		
000:03:04.600	1101.1	23.2	23.3	1101.1	0.0	0.0	0.0	0.000	0.000	0.000	0.0	0.0		12:37:56:459		
000:03:04.650	1101.0	23.2	23.3	1101.0	0.0	0.0	0.0	0.000	0.000	0.000	0.0	0.0		12:37:56:509		
000:03:04.700	1100.6	23.2	23.3	1100.6	0.0	0.0	0.0	0.000	0.000	0.000	0.0	0.0		12:37:56:559		
000:03:04.750	1100.7	23.2	23.3	1100.7	0.0	0.0	0.0	0.000	0.000	0.000	0.0	0.0		12:37:56:609		
000:03:04.800	1100.7	23.2	23.3	1100.7	0.0	0.0	0.0	0.000	0.000	0.000	0.0	0.0		12:37:56:659		
000:03:04.850	1100.5	23.2	23.3	1100.5	0.0	0.0	0.0	0.000	0.000	0.000	0.0	0.0		12:37:56:709		
000:03:04.900	1100.2	23.2	23.3	1100.2	0.0	0.0	0.0	0.000	0.000	0.000	0.0	0.0		12:37:56:759		
000:03:04.950	1099.9	23.2	23.3	1099.9	0.0	0.0	0.0	0.000	0.000	0.000	0.0	0.0		12:37:56:809		
000:03:05.000	1100.1	23.2	23.3	1100.1	0.0	0.0	0.0	0.000	0.000	0.000	0.0	0.0		12:37:56:859		
000:03:05.050	1099.5	23.2	23.3	1099.5	0.0	0.0	0.0	0.000	0.000	0.000	0.0	0.0		12:37:56:909		
000:03:05.100	1099.4	23.2	23.3	1099.4	0.0	0.0	0.0	0.000	0.000	0.000	0.0	0.0		12:37:56:959		
000:03:05.150	1099.5	23.2	23.3	1099.5	0.0	0.0	0.0	0.000	0.000	0.000	0.0	0.0		12:37:57:009		
000:03:05.200	1099.6	23.2	23.3	1099.6	0.0	0.0	0.0	0.000	0.000	0.000	0.0	0.0		12:37:57:059		
000:03:05.250	1099.0	23.2	23.3	1099.0	0.0	0.0	0.0	0.000	0.000	0.000	0.0	0.0		12:37:57:109		
000:03:05.300	1098.4	23.2	23.3	1098.4	0.0	0.0	0.0	0.000	0.000	0.000	0.0	0.0		12:37:57:159		
000:03:05.350	1098.7	23.2	23.3	1098.7	0.0	0.0	0.0	0.000	0.000	0.000	0.0	0.0		12:37:57:209		
000:03:05.400	1098.5	23.2	23.3	1098.5	0.0	0.0	0.0	0.000	0.000	0.000	0.0	0.0		12:37:57:259		
000:03:05.450	1098.4	23.2	23.3	1098.4	0.0	0.0	0.0	0.000	0.000	0.000	0.0	0.0		12:37:57:309		
000:03:05.500	1097.9	23.2	23.3	1097.9	0.0	0.0	0.0	0.000	0.000	0.000	0.0	0.0		12:37:57:359		
000:03:05.550	1098.4	23.2	23.3	1098.4	0.0	0.0	0.0	0.000	0.000	0.000	0.0	0.0		12:37:57:409		
000:03:05.600	1097.9	23.2	23.3	1097.9	0.0	0.0	0.0	0.000	0.000	0.000	0.0	0.0		12:37:57:459		
000:03:05.650	1097.9	23.2	23.3	1097.9	0.0	0.0	0.0	0.000	0.000	0.000	0.0	0.0		12:37:57:509		
000:03:05.700	1097.1	23.2	23.3	1097.1	0.0	0.0	0.0	0.000	0.000	0.000	0.0	0.0		12:37:57:559		
000:03:05.750	1097.4	23.2	23.3	1097.4	0.0	0.0	0.0	0.000	0.000	0.000	0.0	0.0		12:37:57:609		
000:03:05.800	1097.4	23.2	23.3	1097.4	0.0	0.0	0.0	0.000	0.000	0.000	0.0	0.0		12:37:57:659		
000:03:05.850	1097.2	23.2	23.3	1097.2	0.0	0.0	0.0	0.000	0.000	0.000	0.0	0.0		12:37:57:709		
000:03:05.900	1097.3	23.2	23.3	1097.3	0.0	0.0	0.0	0.000	0.000	0.000	0.0	0.0		12:37:57:759		
000:03:05.950	1096.7	23.2	23.3	1096.7	0.0	0.0	0.0	0.000	0.000	0.000	0.0	0.0		12:37:57:809		
000:03:06.000	1096.4	23.2	23.3	1096.4	0.0	0.0	0.0	0.000	0.000	0.000	0.0	0.0		12:37:57:859		
000:03:06.050	1096.5	23.2	23.3	1096.5	0.0	0.0	0.0	0.000	0.000	0.000	0.0	0.0		12:37:57:909		
000:03:06.100	1096.5	23.2	23.3	1096.5	0.0	0.0	0.0	0.000	0.000	0.000	0.0	0.0		12:37:57:959		
000:03:06.150	1096.4	23.2	23.3	1096.4	0.0	0.0	0.0	0.000	0.000	0.000	0.0	0.0		12:37:58:009		
000:03:06.200	1096.0	23.2	23.3	1096.0	0.0	0.0	0.0	0.000	0.000	0.000	0.0	0.0		12:37:58:059		
000:03:06.250	1096.0	23.2	23.3	1096.0	0.0	0.0	0.0	0.000	0.000	0.000	0.0	0.0		12:37:58:109		
000:03:06.300	1096.0	23.2	23.3	1096.0	0.0	0.0	0.0	0.000	0.000	0.000	0.0	0.0		12:37:58:159		
000:03:06.350	1095.9	23.2	23.3	1095.9	0.0	0.0	0.0	0.000	0.000	0.000	0.0	0.0		12:37:58:209		
000:03:06.400	1096.0	23.2	23.3	1096.0	0.0	0.0	0.0	0.000	0.000	0.000	0.0	0.0		12:37:58:259		
000:03:06.450	1096.0	23.2	23.3	1096.0	0.0	0.0	0.0	0.000	0.000	0.000	0.0	0.0		12:37:58:309		
000:03:06.500	1095.4	23.2	23.3	1095.4	0.0	0.0	0.0	0.000	0.000	0.000	0.0	0.0		12:37:58:359		
000:03:06.550	1095.5	23.2	23.3	1095.5	0.0	0.0	0.0	0.000	0.000	0.000	0.0	0.0		12:37:58:409		
000:03:06.600	1095.6	23.2	23.3	1095.6	0.0	0.0	0.0	0.000	0.000	0.000	0.0	0.0		12:37:58:459		
000:03:06.650	1095.5	23.2	23.3	1095.5	0.0	0.0	0.0	0.000	0.000	0.000	0.0	0.0		12:37:58:509		
000:03:06.700	1095.7	23.2	23.3	1095.7	0.0	0.0	0.0	0.000	0.000	0.000	0.0	0.0		12:37:58:559		
000:03:06.750	1095.6	23.2	23.3	1095.6	0.0	0.0	0.0	0.000	0.000	0.000	0.0	0.0		12:37:58:609		
000:03:06.800	1095.3	23.2	23.3	1095.3	0.0	0.0	0.0	0.000	0.000	0.000	0.0	0.0		12:37:58:659		
000:03:06.850	1095.3	23.2	23.3	1095.3	0.0	0.0	0.0	0.000	0.000	0.000	0.0	0.0		12:37:58:709		
000:03:06.900	1094.8	23.2	23.3	1094.8	0.0	0.0	0.0	0.000	0.000	0.000	0.0	0.0		12:37:58:759		
000:03:06.950	1094.8	23.2	23.3	1094.8	0.0	0.0	0.0	0.000	0.000	0.000	0.0	0.0		12:37:58:809		
000:03:07.000	1094.9	23.2	23.3	1094.9	0.0	0.0	0.0	0.000	0.000	0.000	0.0	0.0		12:37:58:859		
000:03:07.050	1094.7	23.2	23.3	1094.7	0.0	0.0	0.0	0.000	0.000	0.000	0.0	0.0		12:37:58:909		
000:03:07.100	1094.8	23.2	23.3	1094.8	0.0	0.0	0.0	0.000	0.000	0.000	0.0	0.0		12:37:58:959		
000:03:07.150	1094.9	23.2	23.3	1094.9	0.0	0.0	0.0	0.000	0.000	0.000	0.0	0.0		12:37:59:009		
000:03:07.200	1094.2	23.2	23.3	1094.2	0.0	0.0	0.0	0.000	0.000	0.000	0.0	0.0		12:37:59:059		
000:03:07.250	1094.2	23.2	23.3	1094.2	0.0	0.0	0.0	0.000	0.000	0.000	0.0	0.0		12:37:59:109		
000:03:07.300	1094.1	23.2	23.3	1094.1	0.0	0.0	0.0	0.000	0.000	0.000	0.0	0.0		12:37:59:159		
000:03:07.350	1094.0	23.2	23.3	1094.0	0.0	0.0	0.0	0.000	0.000	0.000	0.0	0.0		12:37:59:209		
000:03:07.400	1093.7	23.2	23.3	1093.7	0.0	0.0	0.0	0.000	0.000	0.000	0.0	0.0		12:37:59:259		
000:03:07.450	1093.4	23.2	23.3	1093.4	0.0	0.0	0.0	0.000	0.000	0.000	0.0	0.0		12:37:59:309		
000:03:07.500	1093.1	23.2	23.3	1093.1	0.0	0.0	0.0	0.000	0.000	0.000	0.0	0.0		12:37:59:359		
000:03:07.550	1093.5	23.2	23.3	1093.5	0.0	0.0	0.0	0.000	0.000	0.000	0.0	0.0		12:37:59:409		
000:03:07.600	1093.3	23.2	23.3	1093.3	0.0	0.0	0.0	0.000	0.000	0.000	0.0	0.0		12:37:59:459		
000:03:07.650	1093.6	23.2	23.3	1093.6	0.0	0.0	0.0	0.000	0.000	0.000	0.0	0.0		12:37:59:509		
000:03:07.700	1093.4	23.2	23.3	1093.4	0.0	0.0	0.0	0.000	0.000	0.000	0.0	0.0		12:37:59:559		
000:03:07.750	1093.1	23.2	23.3	1093.1	0.0	0.0	0.0	0.000	0.000	0.000	0.0	0.0		12:37:59:609		
000:03:07.800	1092.8	23.2	23.3	1092.8	0.0	0.0	0.0	0.000	0.000	0.000	0.0	0.0		12:37:59:659		
000:03:07.850	1092.5	23.2	23.3	1092.5	0.0	0.0	0.0	0.000	0.000	0.000	0.0	0.0		12:37:59:709		
000:03:07.900	1092.4	23.2	23.3	1092.4	0.0	0.0	0.0	0.000	0.000	0.000	0.0	0.0		12:37:59:759		
000:03:07.950	1092.1	23.2	23.3	1092.1	0.0	0.0	0.0	0.000	0.000	0.000	0.0	0.0		12:37:59:809		
000:03:08.000	1092.5	23.2	23.3	1092.5	0.0	0.0	0.0	0.000	0.000	0.000	0.0	0.0		12:37:59:859		
000:03:08.050	1092.1	23.2	23.3	1092.1	0.0	0.0	0.0	0.000	0.000	0.000	0.0	0.0		12:37:59:909		
000:03:08.100	1092.4	23.2	23.3	1092.4	0.0	0.0	0.0	0.000	0.000	0.000	0.0	0.0		12:37:59:959		
000:03:08.150	1092.4	23.2	23.3	1092.4	0.0	0.0	0.0	0.000	0.000	0.000	0.0	0.0		12:38:00:009		
000:03:08.200	1091.9	23.2	23.3	1091.9	0.0	0.0	0.0	0.000	0.000	0.000	0.0	0.0		12:38:00:059		
000:03:08.250	1092.2	23.2	23.3	1092.2	0.0	0.0	0.0	0.000	0.000	0.000	0.0	0.0		12:38:00:109		
000:03:08.300	1091.7	23.2	23.3	1091.7	0.0	0.0	0.0	0.000	0.000	0.000	0.0	0.0		12:38:00:159		
000:03:08.350	1091.6	23.2	23.3	1091.6	0.0	0.0	0.0	0.000	0.000	0.000	0.0	0.0		12:38:00:209		
000:03:08.400	1091.7	23.2	23.3	1091.7	0.0	0.0	0.0	0.000	0.000	0.000	0.0	0.0		12:38:00:259		
000:03:08.450	1091.7	23.2	23.3	1091.7	0.0	0.0	0.0	0.000	0.000	0.000	0.0	0.0		12:38:00:309		
000:03:08.500	1091.7	23.2	23.3	1091.7	0.0	0.0	0.0	0.000	0.000	0.000	0.0	0.0		12:38:00:359		
000:03:08.550	1091.5	23.2	23.3	1091.5	0.0	0.0	0.0	0.000	0.000	0.000	0.0	0.0		12:38:00:409		
000:03:08.600	1091.5	23.2	23.3	1091.5	0.0	0.0	0.0	0.000	0.000	0.000	0.0	0.0		12:38:00:459		
000:03:08.650	1091.6	23.2	23.3	1091.6	0.0	0.0	0.0	0.000	0.000	0.000	0.0	0.0		12:38:00:509		
000:03:08.700	1091.7	23.2	23.3	1091.7	0.0	0.0	0.0	0.000	0.000	0.000	0.0	0.0		12:38:00:559		
000:03:08.750	1091.4	23.2	23.3	1091.4	0.0	0.0	0.0	0.000	0.000	0.000	0.0	0.0		12:38:00:609		
000:03:08.800	1091.3	23.2	23.3	1091.3	0.0	0.0	0.0	0.000	0.000	0.000	0.0	0.0		12:38:00:659		
000:03:08.850	1091.2	23.2	23.3	1091.2	0.0	0.0	0.0	0.000	0.000	0.000	0.0	0.0		12:38:00:709		
000:03:08.900	1091.5	23.2	23.3	1091.5	0.0	0.0	0.0	0.000	0.000	0.000	0.0	0.0		12:38:00:759		
000:03:08.950	1091.4	23.2	23.3	1091.4	0.0	0.0	0.0	0.000	0.000	0.000	0.0	0.0		12:38:00:809		
000:03:09.000	1091.0	23.2	23.3	1091.0	0.0	0.0	0.0	0.000	0.000	0.000	0.0	0.0		12:38:00:859		
000:03:09.050	1091.1	23.2	23.3	1091.1	0.0	0.0	0.0	0.000	0.000	0.000	0.0	0.0		12:38:00:909		
000:03:09.100	1091.2	23.2	23.3	1091.2	0.0	0.0	0.0	0.000	0.000	0.000	0.0	0.0		12:38:00:959		
000:03:09.150	1091.3	23.2	23.3	1091.3	0.0	0.0	0.0	0.000	0.000	0.000	0.0	0.0		12:38:01:009		
000:03:09.200	1091.0	23.2	23.3	1091.0	0.0	0.0	0.0	0.000	0.000	0.000	0.0	0.0		12:38:01:059		
000:03:09.250	1091.0	23.2	23.3	1091.0	0.0	0.0	0.0	0.000	0.000	0.000	0.0	0.0		12:38:01:109		
000:03:09.300	1091.1	23.2	23.3	1091.1	0.0	0.0	0.0	0.000	0.000	0.000	0.0	0.0		12:38:01:159		
000:03:09.350	1091.1	23.2	23.3	1091.1	0.0	0.0	0.0	0.000	0.000	0.000	0.0	0.0		12:38:01:209		
000:03:09.400	1090.6	23.2	23.3	1090.6	0.0	0.0	0.0	0.000	0.000	0.000	0.0	0.0		12:38:01:259		
000:03:09.450	1091.2	23.2	23.3	1091.2	0.0	0.0	0.0	0.000	0.000	0.000	0.0	0.0		12:38:01:309		
000:03:09.500	1090.4	23.2	23.3	1090.4	0.0	0.0	0.0	0.000	0.000	0.000	0.0	0.0		12:38:01:359		
000:03:09.550	1090.4	23.2	23.3	1090.4	0.0	0.0	0.0	0.000	0.000	0.000	0.0	0.0		12:38:01:409		
000:03:09.600	1090.5	23.2	23.3	1090.5	0.0	0.0	0.0	0.000	0.000	0.000	0.0	0.0		12:38:01:459		
000:03:09.650	1090.6	23.2	23.3	1090.6	0.0	0.0	0.0	0.000	0.000	0.000	0.0	0.0		12:38:01:509		
000:03:09.700	1090.3	23.2	23.3	1090.3	0.0	0.0	0.0	0.000	0.000	0.000	0.0	0.0		12:38:01:559		
000:03:09.750	1090.8	23.2	23.3	1090.8	0.0	0.0	0.0	0.000	0.000	0.000	0.0	0.0		12:38:01:609		
000:03:09.800	1090.9	23.2	23.3	1090.9	0.0	0.0	0.0	0.000	0.000	0.000	0.0	0.0		12:38:01:659		
000:03:09.850	1090.6	23.2	23.3	1090.6	0.0	0.0	0.0	0.000	0.000	0.000	0.0	0.0		12:38:01:709		
000:03:09.900	1090.3	23.2	23.3	1090.3	0.0	0.0	0.0	0.000	0.000	0.000	0.0	0.0		12:38:01:759		
000:03:09.950	1090.6	23.2	23.3	1090.6	0.0	0.0	0.0	0.000	0.000	0.000	0.0	0.0		12:38:01:809		
000:03:10.000	1090.8	23.2	23.3	1090.8	0.0	0.0	0.0	0.000	0.000	0.000	0.0	0.0		12:38:01:859		
000:03:10.050	1090.2	23.2	23.3	1090.2	0.0	0.0	0.0	0.000	0.000	0.000	0.0	0.0		12:38:01:909		
000:03:10.100	1090.3	23.2	23.3	1090.3	0.0	0.0	0.0	0.000	0.000	0.000	0.0	0.0		12:38:01:959		
000:03:10.150	1090.3	23.2	23.3	1090.3	0.0	0.0	0.0	0.000	0.000	0.000	0.0	0.0		12:38:02:009		
000:03:10.200	1090.2	23.2	23.3	1090.2	0.0	0.0	0.0	0.000	0.000	0.000	0.0	0.0		12:38:02:059		
000:03:10.250	1090.5	23.2	23.3	1090.5	0.0	0.0	0.0	0.000	0.000	0.000	0.0	0.0		12:38:02:109		
000:03:10.300	1090.4	23.2	23.3	1090.4	0.0	0.0	0.0	0.000	0.000	0.000	0.0	0.0		12:38:02:159		
000:03:10.350	1090.2	23.2	23.3	1090.2	0.0	0.0	0.0	0.000	0.000	0.000	0.0	0.0		12:38:02:209		
000:03:10.400	1090.3	23.2	23.3	1090.3	0.0	0.0	0.0	0.000	0.000	0.000	0.0	0.0		12:38:02:259		
000:03:10.450	1090.1	23.2	23.3	1090.1	0.0	0.0	0.0	0.000	0.000	0.000	0.0	0.0		12:38:02:309		
000:03:10.500	1090.1	23.2	23.3	1090.1	0.0	0.0	0.0	0.000	0.000	0.000	0.0	0.0		12:38:02:359		
000:03:10.550	1090.1	23.2	23.3	1090.1	0.0	0.0	0.0	0.000	0.000	0.000	0.0	0.0		12:38:02:409		
000:03:10.600	1090.3	23.2	23.3	1090.3	0.0	0.0	0.0	0.000	0.000	0.000	0.0	0.0		12:38:02:459		
000:03:10.650	1090.2	23.2	23.3	1090.2	0.0	0.0	0.0	0.000	0.000	0.000	0.0	0.0		12:38:02:509		
000:03:10.700	1090.2	23.2	23.3	1090.2	0.0	0.0	0.0	0.000	0.000	0.000	0.0	0.0		12:38:02:559		
000:03:10.750	1090.4	23.2	23.3	1090.4	0.0	0.0	0.0	0.000	0.000	0.000	0.0	0.0		12:38:02:609		
000:03:10.800	1090.7	23.2	23.3	1090.7	0.0	0.0	0.0	0.000	0.000	0.000	0.0	0.0		12:38:02:659		
000:03:10.850	1090.4	23.2	23.3	1090.4	0.0	0.0	0.0	0.000	0.000	0.000	0.0	0.0		12:38:02:709		
000:03:10.900	1090.3	23.2	23.3	1090.3	0.0	0.0	0.0	0.000	0.000	0.000	0.0	0.0		12:38:02:759		
000:03:10.950	1090.7	23.2	23.3	1090.7	0.0	0.0	0.0	0.000	0.000	0.000	0.0	0.0		12:38:02:809		
000:03:11.000	1089.7	23.2	23.3	1089.7	0.0	0.0	0.0	0.000	0.000	0.000	0.0	0.0		12:38:02:859		
000:03:11.050	1089.9	23.2	23.3	1089.9	0.0	0.0	0.0	0.000	0.000	0.000	0.0	0.0		12:38:02:909		
000:03:11.100	1089.8	23.2	23.3	1089.8	0.0	0.0	0.0	0.000	0.000	0.000	0.0	0.0		12:38:02:959		
000:03:11.150	1090.0	23.2	23.3	1090.0	0.0	0.0	0.0	0.000	0.000	0.000	0.0	0.0		12:38:03:009		
000:03:11.200	1089.9	23.2	23.3	1089.9	0.0	0.0	0.0	0.000	0.000	0.000	0.0	0.0		12:38:03:059		
000:03:11.250	1089.8	23.2	23.3	1089.8	0.0	0.0	0.0	0.000	0.000	0.000	0.0	0.0		12:38:03:109		
000:03:11.300	1090.0	23.2	23.3	1090.0	0.0	0.0	0.0	0.000	0.000	0.000	0.0	0.0		12:38:03:159		
000:03:11.350	1090.3	23.2	23.3	1090.3	0.0	0.0	0.0	0.000	0.000	0.000	0.0	0.0		12:38:03:209		
000:03:11.400	1090.2	23.2	23.3	1090.2	0.0	0.0	0.0	0.000	0.000	0.000	0.0	0.0		12:38:03:259		
000:03:11.450	1089.8	23.2	23.3	1089.8	0.0	0.0	0.0	0.000	0.000	0.000	0.0	0.0		12:38:03:309		
000:03:11.500	1089.8	23.2	23.3	1089.8	0.0	0.0	0.0	0.000	0.000	0.000	0.0	0.0		12:38:03:359		
000:03:11.550	1089.9	23.2	23.3	1089.9	0.0	0.0	0.0	0.000	0.000	0.000	0.0	0.0		12:38:03:409		
000:03:11.600	1090.1	23.2	23.3	1090.1	0.0	0.0	0.0	0.000	0.000	0.000	0.0	0.0		12:38:03:459		
000:03:11.650	1090.0	23.2	23.3	1090.0	0.0	0.0	0.0	0.000	0.000	0.000	0.0	0.0		12:38:03:509		
000:03:11.700	1090.2	23.2	23.3	1090.2	0.0	0.0	0.0	0.000	0.000	0.000	0.0	0.0		12:38:03:559		
000:03:11.750	1089.9	23.2	23.3	1089.9	0.0	0.0	0.0	0.000	0.000	0.000	0.0	0.0		12:38:03:609		
000:03:11.800	1090.3	23.2	23.3	1090.3	0.0	0.0	0.0	0.000	0.000	0.000	0.0	0.0		12:38:03:659		
000:03:11.850	1089.9	23.2	23.3	1089.9	0.0	0.0	0.0	0.000	0.000	0.000	0.0	0.0		12:38:03:709		
000:03:11.900	1090.2	23.2	23.3	1090.2	0.0	0.0	0.0	0.000	0.000	0.000	0.0	0.0		12:38:03:759		
000:03:11.950	1089.6	23.2	23.3	1089.6	0.0	0.0	0.0	0.000	0.000	0.000	0.0	0.0		12:38:03:809		
000:03:12.000	1089.5	23.2	23.3	1089.5	0.0	0.0	0.0	0.000	0.000	0.000	0.0	0.0		12:38:03:859		
000:03:12.050	1090.2	23.2	23.3	1090.2	0.0	0.0	0.0	0.000	0.000	0.000	0.0	0.0		12:38:03:909		
000:03:12.100	1090.0	23.2	23.3	1090.0	0.0	0.0	0.0	0.000	0.000	0.000	0.0	0.0		12:38:03:959		
000:03:12.150	1089.9	23.2	23.3	1089.9	0.0	0.0	0.0	0.000	0.000	0.000	0.0	0.0		12:38:04:009		
000:03:12.200	1089.8	23.2	23.3	1089.8	0.0	0.0	0.0	0.000	0.000	0.000	0.0	0.0		12:38:04:059		
000:03:12.250	1090.0	23.2	23.3	1090.0	0.0	0.0	0.0	0.000	0.000	0.000	0.0	0.0		12:38:04:109		
000:03:12.300	1090.1	23.2	23.3	1090.1	0.0	0.0	0.0	0.000	0.000	0.000	0.0	0.0		12:38:04:159		
000:03:12.350	1089.8	23.2	23.3	1089.8	0.0	0.0	0.0	0.000	0.000	0.000	0.0	0.0		12:38:04:209		
000:03:12.400	1089.6	23.2	23.3	1089.6	0.0	0.0	0.0	0.000	0.000	0.000	0.0	0.0		12:38:04:259		
000:03:12.450	1090.2	23.2	23.3	1090.2	0.0	0.0	0.0	0.000	0.000	0.000	0.0	0.0		12:38:04:309		
000:03:12.500	1090.4	23.2	23.3	1090.4	0.0	0.0	0.0	0.000	0.000	0.000	0.0	0.0		12:38:04:359		
000:03:12.550	1090.1	23.2	23.3	1090.1	0.0	0.0	0.0	0.000	0.000	0.000	0.0	0.0		12:38:04:409		
000:03:12.600	1090.3	23.2	23.3	1090.3	0.0	0.0	0.0	0.000	0.000	0.000	0.0	0.0		12:38:04:459		
000:03:12.650	1089.8	23.2	23.3	1089.8	0.0	0.0	0.0	0.000	0.000	0.000	0.0	0.0		12:38:04:509		
000:03:12.700	1089.7	23.2	23.3	1089.7	0.0	0.0	0.0	0.000	0.000	0.000	0.0	0.0		12:38:04:559		
000:03:12.750	1090.3	23.2	23.3	1090.3	0.0	0.0	0.0	0.000	0.000	0.000	0.0	0.0		12:38:04:609		
000:03:12.800	1090.1	23.2	23.3	1090.1	0.0	0.0	0.0	0.000	0.000	0.000	0.0	0.0		12:38:04:659		
000:03:12.850	1090.4	23.2	23.3	1090.4	0.0	0.0	0.0	0.000	0.000	0.000	0.0	0.0		12:38:04:709		
000:03:12.900	1090.3	23.2	23.3	1090.3	0.0	0.0	0.0	0.000	0.000	0.000	0.0	0.0		12:38:04:759		
000:03:12.950	1090.8	23.2	23.3	1090.8	0.0	0.0	0.0	0.000	0.000	0.000	0.0	0.0		12:38:04:809		
000:03:13.000	1090.7	23.2	23.3	1090.7	0.0	0.0	0.0	0.000	0.000	0.000	0.0	0.0		12:38:04:859		
000:03:13.050	1090.4	23.2	23.3	1090.4	0.0	0.0	0.0	0.000	0.000	0.000	0.0	0.0		12:38:04:909		
000:03:13.100	1090.7	23.2	23.3	1090.7	0.0	0.0	0.0	0.000	0.000	0.000	0.0	0.0		12:38:04:959		
000:03:13.150	1090.4	23.2	23.3	1090.4	0.0	0.0	0.0	0.000	0.000	0.000	0.0	0.0		12:38:05:009		
000:03:13.200	1090.6	23.2	23.3	1090.6	0.0	0.0	0.0	0.000	0.000	0.000	0.0	0.0		12:38:05:059		
000:03:13.250	1091.0	23.2	23.3	1091.0	0.0	0.0	0.0	0.000	0.000	0.000	0.0	0.0		12:38:05:109		
000:03:13.300	1090.5	23.2	23.3	1090.5	0.0	0.0	0.0	0.000	0.000	0.000	0.0	0.0		12:38:05:159		
000:03:13.350	1090.7	23.2	23.3	1090.7	0.0	0.0	0.0	0.000	0.000	0.000	0.0	0.0		12:38:05:209		
000:03:13.400	1090.9	23.2	23.3	1090.9	0.0	0.0	0.0	0.000	0.000	0.000	0.0	0.0		12:38:05:259		
000:03:13.450	1090.3	23.2	23.3	1090.3	0.0	0.0	0.0	0.000	0.000	0.000	0.0	0.0		12:38:05:309		
000:03:13.500	1090.1	23.2	23.3	1090.1	0.0	0.0	0.0	0.000	0.000	0.000	0.0	0.0		12:38:05:359		
000:03:13.550	1090.6	23.2	23.3	1090.6	0.0	0.0	0.0	0.000	0.000	0.000	0.0	0.0		12:38:05:409		
000:03:13.600	1090.5	23.2	23.3	1090.5	0.0	0.0	0.0	0.000	0.000	0.000	0.0	0.0		12:38:05:459		
000:03:13.650	1090.6	23.2	23.3	1090.6	0.0	0.0	0.0	0.000	0.000	0.000	0.0	0.0		12:38:05:509		
000:03:13.700	1090.9	23.2	23.3	1090.9	0.0	0.0	0.0	0.000	0.000	0.000	0.0	0.0		12:38:05:559		
000:03:13.750	1090.8	23.2	23.3	1090.8	0.0	0.0	0.0	0.000	0.000	0.000	0.0	0.0		12:38:05:609		
000:03:13.800	1091.0	23.2	23.3	1091.0	0.0	0.0	0.0	0.000	0.000	0.000	0.0	0.0		12:38:05:659		
000:03:13.850	1091.0	23.2	23.3	1091.0	0.0	0.0	0.0	0.000	0.000	0.000	0.0	0.0		12:38:05:709		
000:03:13.900	1090.8	23.2	23.3	1090.8	0.0	0.0	0.0	0.000	0.000	0.000	0.0	0.0		12:38:05:759		
000:03:13.950	1090.8	23.2	23.3	1090.8	0.0	0.0	0.0	0.000	0.000	0.000	0.0	0.0		12:38:05:809		
000:03:14.000	1090.8	23.2	23.3	1090.8	0.0	0.0	0.0	0.000	0.000	0.000	0.0	0.0		12:38:05:859		
000:03:14.050	1090.7	23.2	23.3	1090.7	0.0	0.0	0.0	0.000	0.000	0.000	0.0	0.0		12:38:05:909		
000:03:14.100	1090.4	23.2	23.3	1090.4	0.0	0.0	0.0	0.000	0.000	0.000	0.0	0.0		12:38:05:959		
000:03:14.150	1090.9	23.2	23.3	1090.9	0.0	0.0	0.0	0.000	0.000	0.000	0.0	0.0		12:38:06:009		
000:03:14.200	1090.8	23.2	23.3	1090.8	0.0	0.0	0.0	0.000	0.000	0.000	0.0	0.0		12:38:06:059		
000:03:14.250	1090.9	23.2	23.3	1090.9	0.0	0.0	0.0	0.000	0.000	0.000	0.0	0.0		12:38:06:109		
000:03:14.300	1091.1	23.2	23.3	1091.1	0.0	0.0	0.0	0.000	0.000	0.000	0.0	0.0		12:38:06:159		
000:03:14.350	1090.8	23.2	23.3	1090.8	0.0	0.0	0.0	0.000	0.000	0.000	0.0	0.0		12:38:06:209		
000:03:14.400	1091.4	23.2	23.3	1091.4	0.0	0.0	0.0	0.000	0.000	0.000	0.0	0.0		12:38:06:259		
000:03:14.450	1091.5	23.2	23.3	1091.5	0.0	0.0	0.0	0.000	0.000	0.000	0.0	0.0		12:38:06:309		
000:03:14.500	1091.0	23.2	23.3	1091.0	0.0	0.0	0.0	0.000	0.000	0.000	0.0	0.0		12:38:06:359		
000:03:14.550	1090.9	23.2	23.3	1090.9	0.0	0.0	0.0	0.000	0.000	0.000	0.0	0.0		12:38:06:409		
000:03:14.600	1091.3	23.2	23.3	1091.3	0.0	0.0	0.0	0.000	0.000	0.000	0.0	0.0		12:38:06:459		
000:03:14.650	1091.3	23.2	23.3	1091.3	0.0	0.0	0.0	0.000	0.000	0.000	0.0	0.0		12:38:06:509		
000:03:14.700	1091.4	23.2	23.3	1091.4	0.0	0.0	0.0	0.000	0.000	0.000	0.0	0.0		12:38:06:559		
000:03:14.750	1091.3	23.2	23.3	1091.3	0.0	0.0	0.0	0.000	0.000	0.000	0.0	0.0		12:38:06:609		
000:03:14.800	1091.5	23.2	23.3	1091.5	0.0	0.0	0.0	0.000	0.000	0.000	0.0	0.0		12:38:06:659		
000:03:14.850	1091.1	23.2	23.3	1091.1	0.0	0.0	0.0	0.000	0.000	0.000	0.0	0.0		12:38:06:709		
000:03:14.900	1090.8	23.2	23.3	1090.8	0.0	0.0	0.0	0.000	0.000	0.000	0.0	0.0		12:38:06:759		
000:03:14.950	1091.4	23.2	23.3	1091.4	0.0	0.0	0.0	0.000	0.000	0.000	0.0	0.0		12:38:06:809		
000:03:15.000	1091.4	23.2	23.3	1091.4	0.0	0.0	0.0	0.000	0.000	0.000	0.0	0.0		12:38:06:859		
000:03:15.050	1091.3	23.2	23.3	1091.3	0.0	0.0	0.0	0.000	0.000	0.000	0.0	0.0		12:38:06:909		
000:03:15.100	1091.3	23.2	23.3	1091.3	0.0	0.0	0.0	0.000	0.000	0.000	0.0	0.0		12:38:06:959		
000:03:15.150	1091.3	23.2	23.3	1091.3	0.0	0.0	0.0	0.000	0.000	0.000	0.0	0.0		12:38:07:009		
000:03:15.200	1091.4	23.2	23.3	1091.4	0.0	0.0	0.0	0.000	0.000	0.000	0.0	0.0		12:38:07:059		
000:03:15.250	1091.4	23.2	23.3	1091.4	0.0	0.0	0.0	0.000	0.000	0.000	0.0	0.0		12:38:07:109		
000:03:15.300	1091.6	23.2	23.3	1091.6	0.0	0.0	0.0	0.000	0.000	0.000	0.0	0.0		12:38:07:159		
000:03:15.350	1091.9	23.2	23.3	1091.9	0.0	0.0	0.0	0.000	0.000	0.000	0.0	0.0		12:38:07:209		
000:03:15.400	1091.3	23.2	23.3	1091.3	0.0	0.0	0.0	0.000	0.000	0.000	0.0	0.0		12:38:07:259		
000:03:15.450	1091.5	23.2	23.3	1091.5	0.0	0.0	0.0	0.000	0.000	0.000	0.0	0.0		12:38:07:309		
000:03:15.500	1091.5	23.2	23.3	1091.5	0.0	0.0	0.0	0.000	0.000	0.000	0.0	0.0		12:38:07:359		
000:03:15.550	1091.7	23.2	23.3	1091.7	0.0	0.0	0.0	0.000	0.000	0.000	0.0	0.0		12:38:07:409		
000:03:15.600	1091.8	23.2	23.3	1091.8	0.0	0.0	0.0	0.000	0.000	0.000	0.0	0.0		12:38:07:459		
000:03:15.650	1092.1	23.2	23.3	1092.1	0.0	0.0	0.0	0.000	0.000	0.000	0.0	0.0		12:38:07:509		
000:03:15.700	1092.0	23.2	23.3	1092.0	0.0	0.0	0.0	0.000	0.000	0.000	0.0	0.0		12:38:07:559		
000:03:15.750	1092.0	23.2	23.3	1092.0	0.0	0.0	0.0	0.000	0.000	0.000	0.0	0.0		12:38:07:609		
000:03:15.800	1091.9	23.2	23.3	1091.9	0.0	0.0	0.0	0.000	0.000	0.000	0.0	0.0		12:38:07:659		
000:03:15.850	1091.7	23.2	23.3	1091.7	0.0	0.0	0.0	0.000	0.000	0.000	0.0	0.0		12:38:07:709		
000:03:15.900	1092.1	23.2	23.3	1092.1	0.0	0.0	0.0	0.000	0.000	0.000	0.0	0.0		12:38:07:759		
000:03:15.950	1092.0	23.2	23.3	1092.0	0.0	0.0	0.0	0.000	0.000	0.000	0.0	0.0		12:38:07:809		
000:03:16.000	1092.3	23.2	23.3	1092.3	0.0	0.0	0.0	0.000	0.000	0.000	0.0	0.0		12:38:07:859		
000:03:16.050	1091.8	23.2	23.3	1091.8	0.0	0.0	0.0	0.000	0.000	0.000	0.0	0.0		12:38:07:909		
000:03:16.100	1092.2	23.2	23.3	1092.2	0.0	0.0	0.0	0.000	0.000	0.000	0.0	0.0		12:38:07:959		
000:03:16.150	1091.9	23.2	23.3	1091.9	0.0	0.0	0.0	0.000	0.000	0.000	0.0	0.0		12:38:08:009		
000:03:16.200	1091.8	23.2	23.3	1091.8	0.0	0.0	0.0	0.000	0.000	0.000	0.0	0.0		12:38:08:059		
000:03:16.250	1091.9	23.2	23.3	1091.9	0.0	0.0	0.0	0.000	0.000	0.000	0.0	0.0		12:38:08:109		
000:03:16.300	1092.2	23.2	23.3	1092.2	0.0	0.0	0.0	0.000	0.000	0.000	0.0	0.0		12:38:08:159		
000:03:16.350	1092.2	23.2	23.3	1092.2	0.0	0.0	0.0	0.000	0.000	0.000	0.0	0.0		12:38:08:209		
000:03:16.400	1092.1	23.2	23.3	1092.1	0.0	0.0	0.0	0.000	0.000	0.000	0.0	0.0		12:38:08:259		
000:03:16.450	1092.5	23.2	23.3	1092.5	0.0	0.0	0.0	0.000	0.000	0.000	0.0	0.0		12:38:08:309		
000:03:16.500	1092.2	23.2	23.3	1092.2	0.0	0.0	0.0	0.000	0.000	0.000	0.0	0.0		12:38:08:359		
000:03:16.550	1092.0	23.2	23.3	1092.0	0.0	0.0	0.0	0.000	0.000	0.000	0.0	0.0		12:38:08:409		
000:03:16.600	1092.4	23.2	23.3	1092.4	0.0	0.0	0.0	0.000	0.000	0.000	0.0	0.0		12:38:08:459		
000:03:16.650	1092.4	23.2	23.3	1092.4	0.0	0.0	0.0	0.000	0.000	0.000	0.0	0.0		12:38:08:509		
000:03:16.700	1092.0	23.2	23.3	1092.0	0.0	0.0	0.0	0.000	0.000	0.000	0.0	0.0		12:38:08:559		
000:03:16.750	1092.4	23.2	23.3	1092.4	0.0	0.0	0.0	0.000	0.000	0.000	0.0	0.0		12:38:08:609		
000:03:16.800	1092.5	23.2	23.3	1092.5	0.0	0.0	0.0	0.000	0.000	0.000	0.0	0.0		12:38:08:659		
000:03:16.850	1092.7	23.2	23.3	1092.7	0.0	0.0	0.0	0.000	0.000	0.000	0.0	0.0		12:38:08:709		
000:03:16.900	1092.5	23.2	23.3	1092.5	0.0	0.0	0.0	0.000	0.000	0.000	0.0	0.0		12:38:08:759		
000:03:16.950	1092.6	23.2	23.3	1092.6	0.0	0.0	0.0	0.000	0.000	0.000	0.0	0.0		12:38:08:809		
000:03:17.000	1092.8	23.2	23.3	1092.8	0.0	0.0	0.0	0.000	0.000	0.000	0.0	0.0		12:38:08:859		
000:03:17.050	1093.1	23.2	23.3	1093.1	0.0	0.0	0.0	0.000	0.000	0.000	0.0	0.0		12:38:08:909		
000:03:17.100	1092.9	23.2	23.3	1092.9	0.0	0.0	0.0	0.000	0.000	0.000	0.0	0.0		12:38:08:959		
000:03:17.150	1092.6	23.2	23.3	1092.6	0.0	0.0	0.0	0.000	0.000	0.000	0.0	0.0		12:38:09:009		
000:03:17.200	1093.4	23.2	23.3	1093.4	0.0	0.0	0.0	0.000	0.000	0.000	0.0	0.0		12:38:09:059		
000:03:17.250	1092.9	23.2	23.3	1092.9	0.0	0.0	0.0	0.000	0.000	0.000	0.0	0.0		12:38:09:109		
000:03:17.300	1092.6	23.2	23.3	1092.6	0.0	0.0	0.0	0.000	0.000	0.000	0.0	0.0		12:38:09:159		
000:03:17.350	1092.9	23.2	23.3	1092.9	0.0	0.0	0.0	0.000	0.000	0.000	0.0	0.0		12:38:09:209		
000:03:17.400	1092.8	23.2	23.3	1092.8	0.0	0.0	0.0	0.000	0.000	0.000	0.0	0.0		12:38:09:259		
000:03:17.450	1093.3	23.2	23.3	1093.3	0.0	0.0	0.0	0.000	0.000	0.000	0.0	0.0		12:38:09:309		
000:03:17.500	1093.4	23.2	23.3	1093.4	0.0	0.0	0.0	0.000	0.000	0.000	0.0	0.0		12:38:09:359		
000:03:17.550	1093.5	23.2	23.3	1093.5	0.0	0.0	0.0	0.000	0.000	0.000	0.0	0.0		12:38:09:409		
000:03:17.600	1093.6	23.2	23.3	1093.6	0.0	0.0	0.0	0.000	0.000	0.000	0.0	0.0		12:38:09:459		
000:03:17.650	1093.1	23.2	23.3	1093.1	0.0	0.0	0.0	0.000	0.000	0.000	0.0	0.0		12:38:09:509		
000:03:17.700	1093.2	23.2	23.3	1093.2	0.0	0.0	0.0	0.000	0.000	0.000	0.0	0.0		12:38:09:559		
000:03:17.750	1093.6	23.2	23.3	1093.6	0.0	0.0	0.0	0.000	0.000	0.000	0.0	0.0		12:38:09:609		
000:03:17.800	1093.5	23.2	23.3	1093.5	0.0	0.0	0.0	0.000	0.000	0.000	0.0	0.0		12:38:09:659		
000:03:17.850	1093.5	23.2	23.3	1093.5	0.0	0.0	0.0	0.000	0.000	0.000	0.0	0.0		12:38:09:709		
000:03:17.900	1094.0	23.2	23.3	1094.0	0.0	0.0	0.0	0.000	0.000	0.000	0.0	0.0		12:38:09:759		
000:03:17.950	1094.1	23.2	23.3	1094.1	0.0	0.0	0.0	0.000	0.000	0.000	0.0	0.0		12:38:09:809		
000:03:18.000	1094.0	23.2	23.3	1094.0	0.0	0.0	0.0	0.000	0.000	0.000	0.0	0.0		12:38:09:859		
000:03:18.050	1094.0	23.2	23.3	1094.0	0.0	0.0	0.0	0.000	0.000	0.000	0.0	0.0		12:38:09:909		
000:03:18.100	1093.8	23.2	23.3	1093.8	0.0	0.0	0.0	0.000	0.000	0.000	0.0	0.0		12:38:09:959		
000:03:18.150	1093.9	23.2	23.3	1093.9	0.0	0.0	0.0	0.000	0.000	0.000	0.0	0.0		12:38:10:009		
000:03:18.200	1094.0	23.2	23.3	1094.0	0.0	0.0	0.0	0.000	0.000	0.000	0.0	0.0		12:38:10:059		
000:03:18.250	1093.8	23.2	23.3	1093.8	0.0	0.0	0.0	0.000	0.000	0.000	0.0	0.0		12:38:10:109		
000:03:18.300	1094.2	23.2	23.3	1094.2	0.0	0.0	0.0	0.000	0.000	0.000	0.0	0.0		12:38:10:159		
000:03:18.350	1094.3	23.2	23.3	1094.3	0.0	0.0	0.0	0.000	0.000	0.000	0.0	0.0		12:38:10:209		
000:03:18.400	1094.7	23.2	23.3	1094.7	0.0	0.0	0.0	0.000	0.000	0.000	0.0	0.0		12:38:10:259		
000:03:18.450	1094.4	23.2	23.3	1094.4	0.0	0.0	0.0	0.000	0.000	0.000	0.0	0.0		12:38:10:309		
000:03:18.500	1095.0	23.2	23.3	1095.0	0.0	0.0	0.0	0.000	0.000	0.000	0.0	0.0		12:38:10:359		
000:03:18.550	1094.6	23.2	23.3	1094.6	0.0	0.0	0.0	0.000	0.000	0.000	0.0	0.0		12:38:10:409		
000:03:18.600	1094.2	23.2	23.3	1094.2	0.0	0.0	0.0	0.000	0.000	0.000	0.0	0.0		12:38:10:459		
000:03:18.650	1094.5	23.2	23.3	1094.5	0.0	0.0	0.0	0.000	0.000	0.000	0.0	0.0		12:38:10:509		
000:03:18.700	1094.6	23.2	23.3	1094.6	0.0	0.0	0.0	0.000	0.000	0.000	0.0	0.0		12:38:10:559		
000:03:18.750	1094.6	23.2	23.3	1094.6	0.0	0.0	0.0	0.000	0.000	0.000	0.0	0.0		12:38:10:609		
000:03:18.800	1095.1	23.2	23.3	1095.1	0.0	0.0	0.0	0.000	0.000	0.000	0.0	0.0		12:38:10:659		
000:03:18.850	1094.9	23.2	23.3	1094.9	0.0	0.0	0.0	0.000	0.000	0.000	0.0	0.0		12:38:10:709		
000:03:18.900	1095.0	23.2	23.3	1095.0	0.0	0.0	0.0	0.000	0.000	0.000	0.0	0.0		12:38:10:759		
000:03:18.950	1095.1	23.2	23.3	1095.1	0.0	0.0	0.0	0.000	0.000	0.000	0.0	0.0		12:38:10:809		
000:03:19.000	1094.9	23.2	23.3	1094.9	0.0	0.0	0.0	0.000	0.000	0.000	0.0	0.0		12:38:10:859		
000:03:19.050	1095.0	23.2	23.3	1095.0	0.0	0.0	0.0	0.000	0.000	0.000	0.0	0.0		12:38:10:909		
000:03:19.100	1094.8	23.2	23.3	1094.8	0.0	0.0	0.0	0.000	0.000	0.000	0.0	0.0		12:38:10:959		
000:03:19.150	1095.4	23.2	23.3	1095.4	0.0	0.0	0.0	0.000	0.000	0.000	0.0	0.0		12:38:11:009		
000:03:19.200	1095.5	23.2	23.3	1095.5	0.0	0.0	0.0	0.000	0.000	0.000	0.0	0.0		12:38:11:059		
000:03:19.250	1095.3	23.2	23.3	1095.3	0.0	0.0	0.0	0.000	0.000	0.000	0.0	0.0		12:38:11:109		
000:03:19.300	1095.7	23.2	23.3	1095.7	0.0	0.0	0.0	0.000	0.000	0.000	0.0	0.0		12:38:11:159		
000:03:19.350	1095.2	23.2	23.3	1095.2	0.0	0.0	0.0	0.000	0.000	0.000	0.0	0.0		12:38:11:209		
000:03:19.400	1095.3	23.2	23.3	1095.3	0.0	0.0	0.0	0.000	0.000	0.000	0.0	0.0		12:38:11:259		
000:03:19.450	1095.7	23.2	23.3	1095.7	0.0	0.0	0.0	0.000	0.000	0.000	0.0	0.0		12:38:11:309		
000:03:19.500	1096.0	23.2	23.3	1096.0	0.0	0.0	0.0	0.000	0.000	0.000	0.0	0.0		12:38:11:359		
000:03:19.550	1095.5	23.2	23.3	1095.5	0.0	0.0	0.0	0.000	0.000	0.000	0.0	0.0		12:38:11:409		
000:03:19.600	1095.5	23.2	23.3	1095.5	0.0	0.0	0.0	0.000	0.000	0.000	0.0	0.0		12:38:11:459		
000:03:19.650	1095.1	23.2	23.3	1095.1	0.0	0.0	0.0	0.000	0.000	0.000	0.0	0.0		12:38:11:509		
000:03:19.700	1095.7	23.2	23.3	1095.7	0.0	0.0	0.0	0.000	0.000	0.000	0.0	0.0		12:38:11:559		
000:03:19.750	1095.7	23.2	23.3	1095.7	0.0	0.0	0.0	0.000	0.000	0.000	0.0	0.0		12:38:11:609		
000:03:19.800	1095.8	23.2	23.3	1095.8	0.0	0.0	0.0	0.000	0.000	0.000	0.0	0.0		12:38:11:659		
000:03:19.850	1096.0	23.2	23.3	1096.0	0.0	0.0	0.0	0.000	0.000	0.000	0.0	0.0		12:38:11:709		
000:03:19.900	1096.0	23.2	23.3	1096.0	0.0	0.0	0.0	0.000	0.000	0.000	0.0	0.0		12:38:11:759		
000:03:19.950	1096.0	23.2	23.3	1096.0	0.0	0.0	0.0	0.000	0.000	0.000	0.0	0.0		12:38:11:809		
000:03:20.000	1095.9	23.2	23.3	1095.9	0.0	0.0	0.0	0.000	0.000	0.000	0.0	0.0		12:38:11:859		
000:03:20.050	1096.0	23.2	23.3	1096.0	0.0	0.0	0.0	0.000	0.000	0.000	0.0	0.0		12:38:11:909		
000:03:20.100	1095.7	23.2	23.3	1095.7	0.0	0.0	0.0	0.000	0.000	0.000	0.0	0.0		12:38:11:959		
000:03:20.150	1096.3	23.2	23.3	1096.3	0.0	0.0	0.0	0.000	0.000	0.000	0.0	0.0		12:38:12:009		
000:03:20.200	1096.1	23.2	23.3	1096.1	0.0	0.0	0.0	0.000	0.000	0.000	0.0	0.0		12:38:12:059		
000:03:20.250	1095.9	23.2	23.3	1095.9	0.0	0.0	0.0	0.000	0.000	0.000	0.0	0.0		12:38:12:109		
000:03:20.300	1096.2	23.2	23.3	1096.2	0.0	0.0	0.0	0.000	0.000	0.000	0.0	0.0		12:38:12:159		
000:03:20.350	1096.2	23.2	23.3	1096.2	0.0	0.0	0.0	0.000	0.000	0.000	0.0	0.0		12:38:12:209		
000:03:20.400	1096.4	23.2	23.3	1096.4	0.0	0.0	0.0	0.000	0.000	0.000	0.0	0.0		12:38:12:259		
000:03:20.450	1096.8	23.2	23.3	1096.8	0.0	0.0	0.0	0.000	0.000	0.000	0.0	0.0		12:38:12:309		
000:03:20.500	1097.3	23.2	23.3	1097.3	0.0	0.0	0.0	0.000	0.000	0.000	0.0	0.0		12:38:12:359		
000:03:20.550	1096.8	23.2	23.3	1096.8	0.0	0.0	0.0	0.000	0.000	0.000	0.0	0.0		12:38:12:409		
000:03:20.600	1096.8	23.2	23.3	1096.8	0.0	0.0	0.0	0.000	0.000	0.000	0.0	0.0		12:38:12:459		
000:03:20.650	1097.2	23.2	23.3	1097.2	0.0	0.0	0.0	0.000	0.000	0.000	0.0	0.0		12:38:12:509		
000:03:20.700	1097.1	23.2	23.3	1097.1	0.0	0.0	0.0	0.000	0.000	0.000	0.0	0.0		12:38:12:559		
000:03:20.750	1097.3	23.2	23.3	1097.3	0.0	0.0	0.0	0.000	0.000	0.000	0.0	0.0		12:38:12:609		
000:03:20.800	1097.2	23.2	23.3	1097.2	0.0	0.0	0.0	0.000	0.000	0.000	0.0	0.0		12:38:12:659		
000:03:20.850	1097.3	23.2	23.3	1097.3	0.0	0.0	0.0	0.000	0.000	0.000	0.0	0.0		12:38:12:709		
000:03:20.900	1097.0	23.2	23.3	1097.0	0.0	0.0	0.0	0.000	0.000	0.000	0.0	0.0		12:38:12:759		
000:03:20.950	1097.7	23.2	23.3	1097.7	0.0	0.0	0.0	0.000	0.000	0.000	0.0	0.0		12:38:12:809		
000:03:21.000	1097.3	23.2	23.3	1097.3	0.0	0.0	0.0	0.000	0.000	0.000	0.0	0.0		12:38:12:859		
000:03:21.050	1097.9	23.2	23.3	1097.9	0.0	0.0	0.0	0.000	0.000	0.000	0.0	0.0		12:38:12:909		
000:03:21.100	1098.0	23.2	23.3	1098.0	0.0	0.0	0.0	0.000	0.000	0.000	0.0	0.0		12:38:12:959		
000:03:21.150	1098.3	23.2	23.3	1098.3	0.0	0.0	0.0	0.000	0.000	0.000	0.0	0.0		12:38:13:009		
000:03:21.200	1097.5	23.2	23.3	1097.5	0.0	0.0	0.0	0.000	0.000	0.000	0.0	0.0		12:38:13:059		
000:03:21.250	1097.8	23.2	23.3	1097.8	0.0	0.0	0.0	0.000	0.000	0.000	0.0	0.0		12:38:13:109		
000:03:21.300	1097.5	23.2	23.3	1097.5	0.0	0.0	0.0	0.000	0.000	0.000	0.0	0.0		12:38:13:159		
000:03:21.350	1097.8	23.2	23.3	1097.8	0.0	0.0	0.0	0.000	0.000	0.000	0.0	0.0		12:38:13:209		
000:03:21.400	1098.2	23.2	23.3	1098.2	0.0	0.0	0.0	0.000	0.000	0.000	0.0	0.0		12:38:13:259		
000:03:21.450	1097.9	23.2	23.3	1097.9	0.0	0.0	0.0	0.000	0.000	0.000	0.0	0.0		12:38:13:309		
000:03:21.500	1098.0	23.2	23.3	1098.0	0.0	0.0	0.0	0.000	0.000	0.000	0.0	0.0		12:38:13:359		
000:03:21.550	1097.5	23.2	23.3	1097.5	0.0	0.0	0.0	0.000	0.000	0.000	0.0	0.0		12:38:13:409		
000:03:21.600	1097.9	23.2	23.3	1097.9	0.0	0.0	0.0	0.000	0.000	0.000	0.0	0.0		12:38:13:459		
000:03:21.650	1098.2	23.2	23.3	1098.2	0.0	0.0	0.0	0.000	0.000	0.000	0.0	0.0		12:38:13:509		
000:03:21.700	1097.9	23.2	23.3	1097.9	0.0	0.0	0.0	0.000	0.000	0.000	0.0	0.0		12:38:13:559		
000:03:21.750	1098.4	23.2	23.3	1098.4	0.0	0.0	0.0	0.000	0.000	0.000	0.0	0.0		12:38:13:609		
000:03:21.800	1098.6	23.2	23.3	1098.6	0.0	0.0	0.0	0.000	0.000	0.000	0.0	0.0		12:38:13:659		
000:03:21.850	1098.7	23.2	23.3	1098.7	0.0	0.0	0.0	0.000	0.000	0.000	0.0	0.0		12:38:13:709		
000:03:21.900	1098.9	23.2	23.3	1098.9	0.0	0.0	0.0	0.000	0.000	0.000	0.0	0.0		12:38:13:759		
000:03:21.950	1098.8	23.2	23.3	1098.8	0.0	0.0	0.0	0.000	0.000	0.000	0.0	0.0		12:38:13:809		
000:03:22.000	1099.1	23.2	23.3	1099.1	0.0	0.0	0.0	0.000	0.000	0.000	0.0	0.0		12:38:13:859		
000:03:22.050	1098.7	23.2	23.3	1098.7	0.0	0.0	0.0	0.000	0.000	0.000	0.0	0.0		12:38:13:909		
000:03:22.100	1098.8	23.2	23.3	1098.8	0.0	0.0	0.0	0.000	0.000	0.000	0.0	0.0		12:38:13:959		
000:03:22.150	1099.0	23.2	23.3	1099.0	0.0	0.0	0.0	0.000	0.000	0.000	0.0	0.0		12:38:14:009		
000:03:22.200	1098.6	23.2	23.3	1098.6	0.0	0.0	0.0	0.000	0.000	0.000	0.0	0.0		12:38:14:059		
000:03:22.250	1098.5	23.2	23.3	1098.5	0.0	0.0	0.0	0.000	0.000	0.000	0.0	0.0		12:38:14:109		
000:03:22.300	1099.0	23.2	23.3	1099.0	0.0	0.0	0.0	0.000	0.000	0.000	0.0	0.0		12:38:14:159		
000:03:22.350	1099.4	23.2	23.3	1099.4	0.0	0.0	0.0	0.000	0.000	0.000	0.0	0.0		12:38:14:209		
000:03:22.400	1099.3	23.2	23.3	1099.3	0.0	0.0	0.0	0.000	0.000	0.000	0.0	0.0		12:38:14:259		
000:03:22.450	1099.8	23.2	23.3	1099.8	0.0	0.0	0.0	0.000	0.000	0.000	0.0	0.0		12:38:14:309		
000:03:22.500	1099.5	23.2	23.3	1099.5	0.0	0.0	0.0	0.000	0.000	0.000	0.0	0.0		12:38:14:359		
000:03:22.550	1099.6	23.2	23.3	1099.6	0.0	0.0	0.0	0.000	0.000	0.000	0.0	0.0		12:38:14:409		
000:03:22.600	1099.5	23.2	23.3	1099.5	0.0	0.0	0.0	0.000	0.000	0.000	0.0	0.0		12:38:14:459		
000:03:22.650	1099.9	23.2	23.3	1099.9	0.0	0.0	0.0	0.000	0.000	0.000	0.0	0.0		12:38:14:509		
000:03:22.700	1100.3	23.2	23.3	1100.3	0.0	0.0	0.0	0.000	0.000	0.000	0.0	0.0		12:38:14:559		
000:03:22.750	1100.0	23.2	23.3	1100.0	0.0	0.0	0.0	0.000	0.000	0.000	0.0	0.0		12:38:14:609		
000:03:22.800	1100.2	23.2	23.3	1100.2	0.0	0.0	0.0	0.000	0.000	0.000	0.0	0.0		12:38:14:659		
000:03:22.850	1100.2	23.2	23.3	1100.2	0.0	0.0	0.0	0.000	0.000	0.000	0.0	0.0		12:38:14:709		
000:03:22.900	1100.5	23.2	23.3	1100.5	0.0	0.0	0.0	0.000	0.000	0.000	0.0	0.0		12:38:14:759		
000:03:22.950	1100.1	23.2	23.3	1100.1	0.0	0.0	0.0	0.000	0.000	0.000	0.0	0.0		12:38:14:809		
000:03:23.000	1100.4	23.2	23.3	1100.4	0.0	0.0	0.0	0.000	0.000	0.000	0.0	0.0		12:38:14:859		
000:03:23.050	1100.6	23.2	23.3	1100.6	0.0	0.0	0.0	0.000	0.000	0.000	0.0	0.0		12:38:14:909		
000:03:23.100	1100.7	23.2	23.3	1100.7	0.0	0.0	0.0	0.000	0.000	0.000	0.0	0.0		12:38:14:959		
000:03:23.150	1100.6	23.2	23.3	1100.6	0.0	0.0	0.0	0.000	0.000	0.000	0.0	0.0		12:38:15:009		
000:03:23.200	1100.3	23.2	23.3	1100.3	0.0	0.0	0.0	0.000	0.000	0.000	0.0	0.0		12:38:15:059		
000:03:23.250	1100.2	23.2	23.3	1100.2	0.0	0.0	0.0	0.000	0.000	0.000	0.0	0.0		12:38:15:109		
000:03:23.300	1100.5	23.2	23.3	1100.5	0.0	0.0	0.0	0.000	0.000	0.000	0.0	0.0		12:38:15:159		
000:03:23.350	1100.6	23.2	23.3	1100.6	0.0	0.0	0.0	0.000	0.000	0.000	0.0	0.0		12:38:15:209		
000:03:23.400	1100.6	23.2	23.3	1100.6	0.0	0.0	0.0	0.000	0.000	0.000	0.0	0.0		12:38:15:259		
000:03:23.450	1100.6	23.2	23.3	1100.6	0.0	0.0	0.0	0.000	0.000	0.000	0.0	0.0		12:38:15:309		
000:03:23.500	1100.8	23.2	23.3	1100.8	0.0	0.0	0.0	0.000	0.000	0.000	0.0	0.0		12:38:15:359		
000:03:23.550	1100.7	23.2	23.3	1100.7	0.0	0.0	0.0	0.000	0.000	0.000	0.0	0.0		12:38:15:409		
000:03:23.600	1101.3	23.2	23.3	1101.3	0.0	0.0	0.0	0.000	0.000	0.000	0.0	0.0		12:38:15:459		
000:03:23.650	1100.9	23.2	23.3	1100.9	0.0	0.0	0.0	0.000	0.000	0.000	0.0	0.0		12:38:15:509		
000:03:23.700	1101.0	23.2	23.3	1101.0	0.0	0.0	0.0	0.000	0.000	0.000	0.0	0.0		12:38:15:559		
000:03:23.750	1101.5	23.2	23.3	1101.5	0.0	0.0	0.0	0.000	0.000	0.000	0.0	0.0		12:38:15:609		
000:03:23.800	1101.4	23.2	23.3	1101.4	0.0	0.0	0.0	0.000	0.000	0.000	0.0	0.0		12:38:15:659		
000:03:23.850	1101.5	23.2	23.3	1101.5	0.0	0.0	0.0	0.000	0.000	0.000	0.0	0.0		12:38:15:709		
000:03:23.900	1101.7	23.2	23.3	1101.7	0.0	0.0	0.0	0.000	0.000	0.000	0.0	0.0		12:38:15:759		
000:03:23.950	1102.0	23.2	23.3	1102.0	0.0	0.0	0.0	0.000	0.000	0.000	0.0	0.0		12:38:15:809		
000:03:24.000	1101.6	23.2	23.3	1101.6	0.0	0.0	0.0	0.000	0.000	0.000	0.0	0.0		12:38:15:859		
000:03:24.050	1101.7	23.2	23.3	1101.7	0.0	0.0	0.0	0.000	0.000	0.000	0.0	0.0		12:38:15:909		
000:03:24.100	1102.4	23.2	23.3	1102.4	0.0	0.0	0.0	0.000	0.000	0.000	0.0	0.0		12:38:15:959		
000:03:24.150	1101.9	23.2	23.3	1101.9	0.0	0.0	0.0	0.000	0.000	0.000	0.0	0.0		12:38:16:009		
000:03:24.200	1102.1	23.2	23.3	1102.1	0.0	0.0	0.0	0.000	0.000	0.000	0.0	0.0		12:38:16:059		
000:03:24.250	1102.0	23.2	23.3	1102.0	0.0	0.0	0.0	0.000	0.000	0.000	0.0	0.0		12:38:16:109		
000:03:24.300	1101.9	23.2	23.3	1101.9	0.0	0.0	0.0	0.000	0.000	0.000	0.0	0.0		12:38:16:159		
000:03:24.350	1102.3	23.2	23.3	1102.3	0.0	0.0	0.0	0.000	0.000	0.000	0.0	0.0		12:38:16:209		
000:03:24.400	1102.6	23.2	23.3	1102.6	0.0	0.0	0.0	0.000	0.000	0.000	0.0	0.0		12:38:16:259		
000:03:24.450	1102.5	23.2	23.3	1102.5	0.0	0.0	0.0	0.000	0.000	0.000	0.0	0.0		12:38:16:309		
000:03:24.500	1102.2	23.2	23.3	1102.2	0.0	0.0	0.0	0.000	0.000	0.000	0.0	0.0		12:38:16:359		
000:03:24.550	1103.0	23.2	23.3	1103.0	0.0	0.0	0.0	0.000	0.000	0.000	0.0	0.0		12:38:16:409		
000:03:24.600	1102.4	23.2	23.3	1102.4	0.0	0.0	0.0	0.000	0.000	0.000	0.0	0.0		12:38:16:459		
000:03:24.650	1102.8	23.2	23.3	1102.8	0.0	0.0	0.0	0.000	0.000	0.000	0.0	0.0		12:38:16:509		
000:03:24.700	1102.6	23.2	23.3	1102.6	0.0	0.0	0.0	0.000	0.000	0.000	0.0	0.0		12:38:16:559		
000:03:24.750	1102.2	23.2	23.3	1102.2	0.0	0.0	0.0	0.000	0.000	0.000	0.0	0.0		12:38:16:609		
000:03:24.800	1102.4	23.2	23.3	1102.4	0.0	0.0	0.0	0.000	0.000	0.000	0.0	0.0		12:38:16:659		
000:03:24.850	1103.1	23.2	23.3	1103.1	0.0	0.0	0.0	0.000	0.000	0.000	0.0	0.0		12:38:16:709		
000:03:24.900	1102.9	23.2	23.3	1102.9	0.0	0.0	0.0	0.000	0.000	0.000	0.0	0.0		12:38:16:759		
000:03:24.950	1103.5	23.2	23.3	1103.5	0.0	0.0	0.0	0.000	0.000	0.000	0.0	0.0		12:38:16:809		
000:03:25.000	1103.3	23.2	23.3	1103.3	0.0	0.0	0.0	0.000	0.000	0.000	0.0	0.0		12:38:16:859		
000:03:25.050	1103.9	23.2	23.3	1103.9	0.0	0.0	0.0	0.000	0.000	0.000	0.0	0.0		12:38:16:909		
000:03:25.100	1103.7	23.2	23.3	1103.7	0.0	0.0	0.0	0.000	0.000	0.000	0.0	0.0		12:38:16:959		
000:03:25.150	1103.2	23.2	23.3	1103.2	0.0	0.0	0.0	0.000	0.000	0.000	0.0	0.0		12:38:17:009		
000:03:25.200	1102.8	23.2	23.3	1102.8	0.0	0.0	0.0	0.000	0.000	0.000	0.0	0.0		12:38:17:059		
000:03:25.250	1103.3	23.2	23.3	1103.3	0.0	0.0	0.0	0.000	0.000	0.000	0.0	0.0		12:38:17:109		
000:03:25.300	1103.4	23.2	23.3	1103.4	0.0	0.0	0.0	0.000	0.000	0.000	0.0	0.0		12:38:17:159		
000:03:25.350	1104.0	23.2	23.3	1104.0	0.0	0.0	0.0	0.000	0.000	0.000	0.0	0.0		12:38:17:209		
000:03:25.400	1103.8	23.2	23.3	1103.8	0.0	0.0	0.0	0.000	0.000	0.000	0.0	0.0		12:38:17:259		
000:03:25.450	1104.6	23.2	23.3	1104.6	0.0	0.0	0.0	0.000	0.000	0.000	0.0	0.0		12:38:17:309		
000:03:25.500	1104.4	23.2	23.3	1104.4	0.0	0.0	0.0	0.000	0.000	0.000	0.0	0.0		12:38:17:359		
000:03:25.550	1104.5	23.2	23.3	1104.5	0.0	0.0	0.0	0.000	0.000	0.000	0.0	0.0		12:38:17:409		
000:03:25.600	1104.1	23.2	23.3	1104.1	0.0	0.0	0.0	0.000	0.000	0.000	0.0	0.0		12:38:17:459		
000:03:25.650	1104.9	23.2	23.3	1104.9	0.0	0.0	0.0	0.000	0.000	0.000	0.0	0.0		12:38:17:509		
000:03:25.700	1104.4	23.2	23.3	1104.4	0.0	0.0	0.0	0.000	0.000	0.000	0.0	0.0		12:38:17:559		
000:03:25.750	1104.5	23.2	23.3	1104.5	0.0	0.0	0.0	0.000	0.000	0.000	0.0	0.0		12:38:17:609		
000:03:25.800	1104.6	23.2	23.3	1104.6	0.0	0.0	0.0	0.000	0.000	0.000	0.0	0.0		12:38:17:659		
000:03:25.850	1104.5	23.2	23.3	1104.5	0.0	0.0	0.0	0.000	0.000	0.000	0.0	0.0		12:38:17:709		
000:03:25.900	1104.5	23.2	23.3	1104.5	0.0	0.0	0.0	0.000	0.000	0.000	0.0	0.0		12:38:17:759		
000:03:25.950	1104.6	23.2	23.3	1104.6	0.0	0.0	0.0	0.000	0.000	0.000	0.0	0.0		12:38:17:809		
000:03:26.000	1104.6	23.2	23.3	1104.6	0.0	0.0	0.0	0.000	0.000	0.000	0.0	0.0		12:38:17:859		
000:03:26.050	1105.1	23.2	23.3	1105.1	0.0	0.0	0.0	0.000	0.000	0.000	0.0	0.0		12:38:17:909		
000:03:26.100	1105.0	23.2	23.3	1105.0	0.0	0.0	0.0	0.000	0.000	0.000	0.0	0.0		12:38:17:959		
000:03:26.150	1105.0	23.2	23.3	1105.0	0.0	0.0	0.0	0.000	0.000	0.000	0.0	0.0		12:38:18:009		
000:03:26.200	1105.2	23.2	23.3	1105.2	0.0	0.0	0.0	0.000	0.000	0.000	0.0	0.0		12:38:18:059		
000:03:26.250	1105.5	23.2	23.3	1105.5	0.0	0.0	0.0	0.000	0.000	0.000	0.0	0.0		12:38:18:109		
000:03:26.300	1105.2	23.2	23.3	1105.2	0.0	0.0	0.0	0.000	0.000	0.000	0.0	0.0		12:38:18:159		
000:03:26.350	1105.6	23.2	23.3	1105.6	0.0	0.0	0.0	0.000	0.000	0.000	0.0	0.0		12:38:18:209		
000:03:26.400	1105.9	23.2	23.3	1105.9	0.0	0.0	0.0	0.000	0.000	0.000	0.0	0.0		12:38:18:259		
000:03:26.450	1105.7	23.2	23.3	1105.7	0.0	0.0	0.0	0.000	0.000	0.000	0.0	0.0		12:38:18:309		
000:03:26.500	1105.9	23.2	23.3	1105.9	0.0	0.0	0.0	0.000	0.000	0.000	0.0	0.0		12:38:18:359		
000:03:26.550	1105.8	23.2	23.3	1105.8	0.0	0.0	0.0	0.000	0.000	0.000	0.0	0.0		12:38:18:409		
000:03:26.600	1105.9	23.2	23.3	1105.9	0.0	0.0	0.0	0.000	0.000	0.000	0.0	0.0		12:38:18:459		
000:03:26.650	1106.2	23.2	23.3	1106.2	0.0	0.0	0.0	0.000	0.000	0.000	0.0	0.0		12:38:18:509		
000:03:26.700	1105.8	23.2	23.3	1105.8	0.0	0.0	0.0	0.000	0.000	0.000	0.0	0.0		12:38:18:559		
000:03:26.750	1106.1	23.2	23.3	1106.1	0.0	0.0	0.0	0.000	0.000	0.000	0.0	0.0		12:38:18:609		
000:03:26.800	1105.8	23.2	23.3	1105.8	0.0	0.0	0.0	0.000	0.000	0.000	0.0	0.0		12:38:18:659		
000:03:26.850	1105.7	23.2	23.3	1105.7	0.0	0.0	0.0	0.000	0.000	0.000	0.0	0.0		12:38:18:709		
000:03:26.900	1106.1	23.2	23.3	1106.1	0.0	0.0	0.0	0.000	0.000	0.000	0.0	0.0		12:38:18:759		
000:03:26.950	1106.2	23.2	23.3	1106.2	0.0	0.0	0.0	0.000	0.000	0.000	0.0	0.0		12:38:18:809		
000:03:27.000	1106.6	23.2	23.3	1106.6	0.0	0.0	0.0	0.000	0.000	0.000	0.0	0.0		12:38:18:859		
000:03:27.050	1106.6	23.2	23.3	1106.6	0.0	0.0	0.0	0.000	0.000	0.000	0.0	0.0		12:38:18:909		
000:03:27.100	1106.5	23.2	23.3	1106.5	0.0	0.0	0.0	0.000	0.000	0.000	0.0	0.0		12:38:18:959		
000:03:27.150	1106.8	23.2	23.3	1106.8	0.0	0.0	0.0	0.000	0.000	0.000	0.0	0.0		12:38:19:009		
000:03:27.200	1106.8	23.2	23.3	1106.8	0.0	0.0	0.0	0.000	0.000	0.000	0.0	0.0		12:38:19:059		
000:03:27.250	1106.4	23.2	23.3	1106.4	0.0	0.0	0.0	0.000	0.000	0.000	0.0	0.0		12:38:19:109		
000:03:27.300	1107.0	23.2	23.3	1107.0	0.0	0.0	0.0	0.000	0.000	0.000	0.0	0.0		12:38:19:159		
000:03:27.350	1107.2	23.2	23.3	1107.2	0.0	0.0	0.0	0.000	0.000	0.000	0.0	0.0		12:38:19:209		
000:03:27.400	1106.6	23.2	23.3	1106.6	0.0	0.0	0.0	0.000	0.000	0.000	0.0	0.0		12:38:19:259		
000:03:27.450	1106.8	23.2	23.3	1106.8	0.0	0.0	0.0	0.000	0.000	0.000	0.0	0.0		12:38:19:309		
000:03:27.500	1106.8	23.2	23.3	1106.8	0.0	0.0	0.0	0.000	0.000	0.000	0.0	0.0		12:38:19:359		
000:03:27.550	1107.6	23.2	23.3	1107.6	0.0	0.0	0.0	0.000	0.000	0.000	0.0	0.0		12:38:19:409		
000:03:27.600	1107.3	23.2	23.3	1107.3	0.0	0.0	0.0	0.000	0.000	0.000	0.0	0.0		12:38:19:459		
000:03:27.650	1107.5	23.2	23.3	1107.5	0.0	0.0	0.0	0.000	0.000	0.000	0.0	0.0		12:38:19:509		
000:03:27.700	1107.5	23.2	23.3	1107.5	0.0	0.0	0.0	0.000	0.000	0.000	0.0	0.0		12:38:19:559		
000:03:27.750	1107.3	23.2	23.3	1107.3	0.0	0.0	0.0	0.000	0.000	0.000	0.0	0.0		12:38:19:609		
000:03:27.800	1106.9	23.2	23.3	1106.9	0.0	0.0	0.0	0.000	0.000	0.000	0.0	0.0		12:38:19:659		
000:03:27.850	1107.2	23.2	23.3	1107.2	0.0	0.0	0.0	0.000	0.000	0.000	0.0	0.0		12:38:19:709		
000:03:27.900	1107.6	23.2	23.3	1107.6	0.0	0.0	0.0	0.000	0.000	0.000	0.0	0.0		12:38:19:759		
000:03:27.950	1107.6	23.2	23.3	1107.6	0.0	0.0	0.0	0.000	0.000	0.000	0.0	0.0		12:38:19:809		
000:03:28.000	1107.7	23.2	23.3	1107.7	0.0	0.0	0.0	0.000	0.000	0.000	0.0	0.0		12:38:19:859		
000:03:28.050	1107.6	23.2	23.3	1107.6	0.0	0.0	0.0	0.000	0.000	0.000	0.0	0.0		12:38:19:909		
000:03:28.100	1108.4	23.2	23.3	1108.4	0.0	0.0	0.0	0.000	0.000	0.000	0.0	0.0		12:38:19:959		
000:03:28.150	1108.2	23.2	23.3	1108.2	0.0	0.0	0.0	0.000	0.000	0.000	0.0	0.0		12:38:20:009		
000:03:28.200	1109.1	23.2	23.3	1109.1	0.0	0.0	0.0	0.000	0.000	0.000	0.0	0.0		12:38:20:059		
000:03:28.250	1108.5	23.2	23.3	1108.5	0.0	0.0	0.0	0.000	0.000	0.000	0.0	0.0		12:38:20:109		
000:03:28.300	1108.6	23.2	23.3	1108.6	0.0	0.0	0.0	0.000	0.000	0.000	0.0	0.0		12:38:20:159		
000:03:28.350	1108.3	23.2	23.3	1108.3	0.0	0.0	0.0	0.000	0.000	0.000	0.0	0.0		12:38:20:209		
000:03:28.400	1108.4	23.2	23.3	1108.4	0.0	0.0	0.0	0.000	0.000	0.000	0.0	0.0		12:38:20:259		
000:03:28.450	1108.1	23.2	23.3	1108.1	0.0	0.0	0.0	0.000	0.000	0.000	0.0	0.0		12:38:20:309		
000:03:28.500	1108.9	23.2	23.3	1108.9	0.0	0.0	0.0	0.000	0.000	0.000	0.0	0.0		12:38:20:359		
000:03:28.550	1108.9	23.2	23.3	1108.9	0.0	0.0	0.0	0.000	0.000	0.000	0.0	0.0		12:38:20:409		
000:03:28.600	1108.9	23.2	23.3	1108.9	0.0	0.0	0.0	0.000	0.000	0.000	0.0	0.0		12:38:20:459		
000:03:28.650	1108.8	23.2	23.3	1108.8	0.0	0.0	0.0	0.000	0.000	0.000	0.0	0.0		12:38:20:509		
000:03:28.700	1108.0	23.2	23.3	1108.0	0.0	0.0	0.0	0.000	0.000	0.000	0.0	0.0		12:38:20:559		
000:03:28.750	1108.8	23.2	23.3	1108.8	0.0	0.0	0.0	0.000	0.000	0.000	0.0	0.0		12:38:20:609		
000:03:28.800	1109.0	23.2	23.3	1109.0	0.0	0.0	0.0	0.000	0.000	0.000	0.0	0.0		12:38:20:659		
000:03:28.850	1108.6	23.2	23.3	1108.6	0.0	0.0	0.0	0.000	0.000	0.000	0.0	0.0		12:38:20:709		
000:03:28.900	1108.3	23.2	23.3	1108.3	0.0	0.0	0.0	0.000	0.000	0.000	0.0	0.0		12:38:20:759		
000:03:28.950	1108.9	23.2	23.3	1108.9	0.0	0.0	0.0	0.000	0.000	0.000	0.0	0.0		12:38:20:809		
000:03:29.000	1109.0	23.2	23.3	1109.0	0.0	0.0	0.0	0.000	0.000	0.000	0.0	0.0		12:38:20:859		
000:03:29.050	1108.8	23.2	23.3	1108.8	0.0	0.0	0.0	0.000	0.000	0.000	0.0	0.0		12:38:20:909		
000:03:29.100	1108.8	23.2	23.3	1108.8	0.0	0.0	0.0	0.000	0.000	0.000	0.0	0.0		12:38:20:959		
000:03:29.150	1109.4	23.2	23.3	1109.4	0.0	0.0	0.0	0.000	0.000	0.000	0.0	0.0		12:38:21:009		
000:03:29.200	1109.3	23.2	23.3	1109.3	0.0	0.0	0.0	0.000	0.000	0.000	0.0	0.0		12:38:21:059		
000:03:29.250	1109.4	23.2	23.3	1109.4	0.0	0.0	0.0	0.000	0.000	0.000	0.0	0.0		12:38:21:109		
000:03:29.300	1109.2	23.2	23.3	1109.2	0.0	0.0	0.0	0.000	0.000	0.000	0.0	0.0		12:38:21:159		
000:03:29.350	1109.3	23.2	23.3	1109.3	0.0	0.0	0.0	0.000	0.000	0.000	0.0	0.0		12:38:21:209		
000:03:29.400	1109.5	23.2	23.3	1109.5	0.0	0.0	0.0	0.000	0.000	0.000	0.0	0.0		12:38:21:259		
000:03:29.450	1109.9	23.2	23.3	1109.9	0.0	0.0	0.0	0.000	0.000	0.000	0.0	0.0		12:38:21:309		
000:03:29.500	1110.1	23.2	23.3	1110.1	0.0	0.0	0.0	0.000	0.000	0.000	0.0	0.0		12:38:21:359		
000:03:29.550	1109.9	23.2	23.3	1109.9	0.0	0.0	0.0	0.000	0.000	0.000	0.0	0.0		12:38:21:409		
000:03:29.600	1109.8	23.2	23.3	1109.8	0.0	0.0	0.0	0.000	0.000	0.000	0.0	0.0		12:38:21:459		
000:03:29.650	1109.3	23.2	23.3	1109.3	0.0	0.0	0.0	0.000	0.000	0.000	0.0	0.0		12:38:21:509		
000:03:29.700	1109.4	23.2	23.3	1109.4	0.0	0.0	0.0	0.000	0.000	0.000	0.0	0.0		12:38:21:559		
000:03:29.750	1110.1	23.2	23.3	1110.1	0.0	0.0	0.0	0.000	0.000	0.000	0.0	0.0		12:38:21:609		
000:03:29.800	1110.4	23.2	23.3	1110.4	0.0	0.0	0.0	0.000	0.000	0.000	0.0	0.0		12:38:21:659		
000:03:29.850	1110.5	23.2	23.3	1110.5	0.0	0.0	0.0	0.000	0.000	0.000	0.0	0.0		12:38:21:709		
000:03:29.900	1109.8	23.2	23.3	1109.8	0.0	0.0	0.0	0.000	0.000	0.000	0.0	0.0		12:38:21:759		
000:03:29.950	1110.1	23.2	23.3	1110.1	0.0	0.0	0.0	0.000	0.000	0.000	0.0	0.0		12:38:21:809		
000:03:30.000	1110.7	23.2	23.3	1110.7	0.0	0.0	0.0	0.000	0.000	0.000	0.0	0.0		12:38:21:859		
000:03:30.050	1110.3	23.2	23.3	1110.3	0.0	0.0	0.0	0.000	0.000	0.000	0.0	0.0		12:38:21:909		
000:03:30.100	1111.3	23.2	23.3	1111.3	0.0	0.0	0.0	0.000	0.000	0.000	0.0	0.0		12:38:21:959		
000:03:30.150	1110.4	23.2	23.3	1110.4	0.0	0.0	0.0	0.000	0.000	0.000	0.0	0.0		12:38:22:009		
000:03:30.200	1110.6	23.2	23.3	1110.6	0.0	0.0	0.0	0.000	0.000	0.000	0.0	0.0		12:38:22:059		
000:03:30.250	1110.5	23.2	23.3	1110.5	0.0	0.0	0.0	0.000	0.000	0.000	0.0	0.0		12:38:22:109		
000:03:30.300	1110.3	23.2	23.3	1110.3	0.0	0.0	0.0	0.000	0.000	0.000	0.0	0.0		12:38:22:159		
000:03:30.350	1111.1	23.2	23.3	1111.1	0.0	0.0	0.0	0.000	0.000	0.000	0.0	0.0		12:38:22:209		
000:03:30.400	1111.4	23.2	23.3	1111.4	0.0	0.0	0.0	0.000	0.000	0.000	0.0	0.0		12:38:22:259		
000:03:30.450	1111.2	23.2	23.3	1111.2	0.0	0.0	0.0	0.000	0.000	0.000	0.0	0.0		12:38:22:309		
000:03:30.500	1110.8	23.2	23.3	1110.8	0.0	0.0	0.0	0.000	0.000	0.000	0.0	0.0		12:38:22:359		
000:03:30.550	1111.2	23.2	23.3	1111.2	0.0	0.0	0.0	0.000	0.000	0.000	0.0	0.0		12:38:22:409		
000:03:30.600	1111.5	23.2	23.3	1111.5	0.0	0.0	0.0	0.000	0.000	0.000	0.0	0.0		12:38:22:459		
000:03:30.650	1111.5	23.2	23.4	1111.5	0.0	0.0	0.0	0.000	0.000	0.000	0.0	0.0		12:38:22:509		
000:03:30.700	1111.8	23.2	23.4	1111.8	0.0	0.0	0.0	0.000	0.000	0.000	0.0	0.0		12:38:22:559		
000:03:30.750	1111.6	23.2	23.4	1111.6	0.0	0.0	0.0	0.000	0.000	0.000	0.0	0.0		12:38:22:609		
000:03:30.800	1111.5	23.2	23.4	1111.5	0.0	0.0	0.0	0.000	0.000	0.000	0.0	0.0		12:38:22:659		
000:03:30.850	1111.7	23.2	23.4	1111.7	0.0	0.0	0.0	0.000	0.000	0.000	0.0	0.0		12:38:22:709		
000:03:30.900	1111.7	23.2	23.4	1111.7	0.0	0.0	0.0	0.000	0.000	0.000	0.0	0.0		12:38:22:759		
000:03:30.950	1112.2	23.2	23.4	1112.2	0.0	0.0	0.0	0.000	0.000	0.000	0.0	0.0		12:38:22:809		
000:03:31.000	1112.3	23.2	23.4	1112.3	0.0	0.0	0.0	0.000	0.000	0.000	0.0	0.0		12:38:22:859		
000:03:31.050	1112.1	23.2	23.4	1112.1	0.0	0.0	0.0	0.000	0.000	0.000	0.0	0.0		12:38:22:909		
000:03:31.100	1112.0	23.2	23.4	1112.0	0.0	0.0	0.0	0.000	0.000	0.000	0.0	0.0		12:38:22:959		
000:03:31.150	1112.4	23.2	23.4	1112.4	0.0	0.0	0.0	0.000	0.000	0.000	0.0	0.0		12:38:23:009		
000:03:31.200	1112.2	23.2	23.4	1112.2	0.0	0.0	0.0	0.000	0.000	0.000	0.0	0.0		12:38:23:059		
000:03:31.250	1112.1	23.2	23.4	1112.1	0.0	0.0	0.0	0.000	0.000	0.000	0.0	0.0		12:38:23:109		
000:03:31.300	1112.2	23.2	23.4	1112.2	0.0	0.0	0.0	0.000	0.000	0.000	0.0	0.0		12:38:23:159		
000:03:31.350	1112.2	23.2	23.4	1112.2	0.0	0.0	0.0	0.000	0.000	0.000	0.0	0.0		12:38:23:209		
000:03:31.400	1112.9	23.2	23.4	1112.9	0.0	0.0	0.0	0.000	0.000	0.000	0.0	0.0		12:38:23:259		
000:03:31.450	1113.2	23.2	23.4	1113.2	0.0	0.0	0.0	0.000	0.000	0.000	0.0	0.0		12:38:23:309		
000:03:31.500	1112.8	23.2	23.4	1112.8	0.0	0.0	0.0	0.000	0.000	0.000	0.0	0.0		12:38:23:359		
000:03:31.550	1112.9	23.2	23.4	1112.9	0.0	0.0	0.0	0.000	0.000	0.000	0.0	0.0		12:38:23:409		
000:03:31.600	1113.1	23.2	23.4	1113.1	0.0	0.0	0.0	0.000	0.000	0.000	0.0	0.0		12:38:23:459		
000:03:31.650	1112.5	23.2	23.4	1112.5	0.0	0.0	0.0	0.000	0.000	0.000	0.0	0.0		12:38:23:509		
000:03:31.700	1112.9	23.2	23.4	1112.9	0.0	0.0	0.0	0.000	0.000	0.000	0.0	0.0		12:38:23:559		
000:03:31.750	1113.4	23.2	23.4	1113.4	0.0	0.0	0.0	0.000	0.000	0.000	0.0	0.0		12:38:23:609		
000:03:31.800	1112.8	23.2	23.4	1112.8	0.0	0.0	0.0	0.000	0.000	0.000	0.0	0.0		12:38:23:659		
000:03:31.850	1112.8	23.2	23.4	1112.8	0.0	0.0	0.0	0.000	0.000	0.000	0.0	0.0		12:38:23:709		
000:03:31.900	1112.5	23.2	23.4	1112.5	0.0	0.0	0.0	0.000	0.000	0.000	0.0	0.0		12:38:23:759		
000:03:31.950	1112.9	23.2	23.4	1112.9	0.0	0.0	0.0	0.000	0.000	0.000	0.0	0.0		12:38:23:809		
000:03:32.000	1113.1	23.2	23.4	1113.1	0.0	0.0	0.0	0.000	0.000	0.000	0.0	0.0		12:38:23:859		
000:03:32.050	1113.3	23.2	23.4	1113.3	0.0	0.0	0.0	0.000	0.000	0.000	0.0	0.0		12:38:23:909		
000:03:32.100	1113.4	23.2	23.4	1113.4	0.0	0.0	0.0	0.000	0.000	0.000	0.0	0.0		12:38:23:959		
000:03:32.150	1113.7	23.2	23.4	1113.7	0.0	0.0	0.0	0.000	0.000	0.000	0.0	0.0		12:38:24:009		
000:03:32.200	1113.2	23.2	23.4	1113.2	0.0	0.0	0.0	0.000	0.000	0.000	0.0	0.0		12:38:24:059		
000:03:32.250	1113.3	23.2	23.4	1113.3	0.0	0.0	0.0	0.000	0.000	0.000	0.0	0.0		12:38:24:109		
000:03:32.300	1113.9	23.2	23.4	1113.9	0.0	0.0	0.0	0.000	0.000	0.000	0.0	0.0		12:38:24:159		
000:03:32.350	1113.7	23.2	23.4	1113.7	0.0	0.0	0.0	0.000	0.000	0.000	0.0	0.0		12:38:24:209		
000:03:32.400	1113.5	23.2	23.4	1113.5	0.0	0.0	0.0	0.000	0.000	0.000	0.0	0.0		12:38:24:259		
000:03:32.450	1113.8	23.2	23.4	1113.8	0.0	0.0	0.0	0.000	0.000	0.000	0.0	0.0		12:38:24:309		
000:03:32.500	1113.9	23.2	23.4	1113.9	0.0	0.0	0.0	0.000	0.000	0.000	0.0	0.0		12:38:24:359		
000:03:32.550	1113.3	23.2	23.4	1113.3	0.0	0.0	0.0	0.000	0.000	0.000	0.0	0.0		12:38:24:409		
000:03:32.600	1114.1	23.2	23.4	1114.1	0.0	0.0	0.0	0.000	0.000	0.000	0.0	0.0		12:38:24:459		
000:03:32.650	1114.2	23.2	23.4	1114.2	0.0	0.0	0.0	0.000	0.000	0.000	0.0	0.0		12:38:24:509		
000:03:32.700	1113.9	23.2	23.4	1113.9	0.0	0.0	0.0	0.000	0.000	0.000	0.0	0.0		12:38:24:559		
000:03:32.750	1114.5	23.2	23.4	1114.5	0.0	0.0	0.0	0.000	0.000	0.000	0.0	0.0		12:38:24:609		
000:03:32.800	1114.4	23.2	23.4	1114.4	0.0	0.0	0.0	0.000	0.000	0.000	0.0	0.0		12:38:24:659		
000:03:32.850	1114.3	23.2	23.4	1114.3	0.0	0.0	0.0	0.000	0.000	0.000	0.0	0.0		12:38:24:709		
000:03:32.900	1114.6	23.2	23.4	1114.6	0.0	0.0	0.0	0.000	0.000	0.000	0.0	0.0		12:38:24:759		
000:03:32.950	1114.8	23.2	23.4	1114.8	0.0	0.0	0.0	0.000	0.000	0.000	0.0	0.0		12:38:24:809		
000:03:33.000	1114.8	23.2	23.4	1114.8	0.0	0.0	0.0	0.000	0.000	0.000	0.0	0.0		12:38:24:859		
000:03:33.050	1114.3	23.2	23.4	1114.3	0.0	0.0	0.0	0.000	0.000	0.000	0.0	0.0		12:38:24:909		
000:03:33.100	1114.1	23.2	23.4	1114.1	0.0	0.0	0.0	0.000	0.000	0.000	0.0	0.0		12:38:24:959		
000:03:33.150	1114.4	23.2	23.4	1114.4	0.0	0.0	0.0	0.000	0.000	0.000	0.0	0.0		12:38:25:009		
000:03:33.200	1114.7	23.2	23.4	1114.7	0.0	0.0	0.0	0.000	0.000	0.000	0.0	0.0		12:38:25:059		
000:03:33.250	1114.8	23.2	23.4	1114.8	0.0	0.0	0.0	0.000	0.000	0.000	0.0	0.0		12:38:25:109		
000:03:33.300	1114.5	23.2	23.4	1114.5	0.0	0.0	0.0	0.000	0.000	0.000	0.0	0.0		12:38:25:159		
000:03:33.350	1114.9	23.2	23.4	1114.9	0.0	0.0	0.0	0.000	0.000	0.000	0.0	0.0		12:38:25:209		
000:03:33.400	1115.0	23.2	23.4	1115.0	0.0	0.0	0.0	0.000	0.000	0.000	0.0	0.0		12:38:25:259		
000:03:33.450	1115.1	23.2	23.4	1115.1	0.0	0.0	0.0	0.000	0.000	0.000	0.0	0.0		12:38:25:309		
000:03:33.500	1115.3	23.2	23.4	1115.3	0.0	0.0	0.0	0.000	0.000	0.000	0.0	0.0		12:38:25:359		
000:03:33.550	1115.4	23.2	23.4	1115.4	0.0	0.0	0.0	0.000	0.000	0.000	0.0	0.0		12:38:25:409		
000:03:33.600	1115.6	23.2	23.4	1115.6	0.0	0.0	0.0	0.000	0.000	0.000	0.0	0.0		12:38:25:459		
000:03:33.650	1115.5	23.2	23.4	1115.5	0.0	0.0	0.0	0.000	0.000	0.000	0.0	0.0		12:38:25:509		
000:03:33.700	1115.5	23.2	23.4	1115.5	0.0	0.0	0.0	0.000	0.000	0.000	0.0	0.0		12:38:25:559		
000:03:33.750	1115.2	23.2	23.4	1115.2	0.0	0.0	0.0	0.000	0.000	0.000	0.0	0.0		12:38:25:609		
000:03:33.800	1115.4	23.2	23.4	1115.4	0.0	0.0	0.0	0.000	0.000	0.000	0.0	0.0		12:38:25:659		
000:03:33.850	1115.3	23.2	23.4	1115.3	0.0	0.0	0.0	0.000	0.000	0.000	0.0	0.0		12:38:25:709		
000:03:33.900	1115.7	23.2	23.4	1115.7	0.0	0.0	0.0	0.000	0.000	0.000	0.0	0.0		12:38:25:759		
000:03:33.950	1115.5	23.2	23.4	1115.5	0.0	0.0	0.0	0.000	0.000	0.000	0.0	0.0		12:38:25:809		
000:03:34.000	1115.4	23.2	23.4	1115.4	0.0	0.0	0.0	0.000	0.000	0.000	0.0	0.0		12:38:25:859		
000:03:34.050	1115.4	23.2	23.4	1115.4	0.0	0.0	0.0	0.000	0.000	0.000	0.0	0.0		12:38:25:909		
000:03:34.100	1116.1	23.2	23.4	1116.1	0.0	0.0	0.0	0.000	0.000	0.000	0.0	0.0		12:38:25:959		
000:03:34.150	1115.3	23.2	23.4	1115.3	0.0	0.0	0.0	0.000	0.000	0.000	0.0	0.0		12:38:26:009		
000:03:34.200	1115.8	23.2	23.4	1115.8	0.0	0.0	0.0	0.000	0.000	0.000	0.0	0.0		12:38:26:059		
000:03:34.250	1115.8	23.2	23.4	1115.8	0.0	0.0	0.0	0.000	0.000	0.000	0.0	0.0		12:38:26:109		
000:03:34.300	1116.1	23.2	23.4	1116.1	0.0	0.0	0.0	0.000	0.000	0.000	0.0	0.0		12:38:26:159		
000:03:34.350	1115.5	23.2	23.4	1115.5	0.0	0.0	0.0	0.000	0.000	0.000	0.0	0.0		12:38:26:209		
000:03:34.400	1116.1	23.2	23.4	1116.1	0.0	0.0	0.0	0.000	0.000	0.000	0.0	0.0		12:38:26:259		
000:03:34.450	1115.9	23.2	23.4	1115.9	0.0	0.0	0.0	0.000	0.000	0.000	0.0	0.0		12:38:26:309		
000:03:34.500	1116.0	23.2	23.4	1116.0	0.0	0.0	0.0	0.000	0.000	0.000	0.0	0.0		12:38:26:359		
000:03:34.550	1116.0	23.2	23.4	1116.0	0.0	0.0	0.0	0.000	0.000	0.000	0.0	0.0		12:38:26:409		
000:03:34.600	1116.0	23.2	23.4	1116.0	0.0	0.0	0.0	0.000	0.000	0.000	0.0	0.0		12:38:26:459		
000:03:34.650	1116.2	23.2	23.4	1116.2	0.0	0.0	0.0	0.000	0.000	0.000	0.0	0.0		12:38:26:509		
000:03:34.700	1116.1	23.2	23.4	1116.1	0.0	0.0	0.0	0.000	0.000	0.000	0.0	0.0		12:38:26:559		
000:03:34.750	1116.2	23.2	23.4	1116.2	0.0	0.0	0.0	0.000	0.000	0.000	0.0	0.0		12:38:26:609		
000:03:34.800	1116.5	23.2	23.4	1116.5	0.0	0.0	0.0	0.000	0.000	0.000	0.0	0.0		12:38:26:659		
000:03:34.850	1116.8	23.2	23.4	1116.8	0.0	0.0	0.0	0.000	0.000	0.000	0.0	0.0		12:38:26:709		
000:03:34.900	1116.8	23.2	23.4	1116.8	0.0	0.0	0.0	0.000	0.000	0.000	0.0	0.0		12:38:26:759		
000:03:34.950	1117.1	23.2	23.4	1117.1	0.0	0.0	0.0	0.000	0.000	0.000	0.0	0.0		12:38:26:809		
000:03:35.000	1116.4	23.2	23.4	1116.4	0.0	0.0	0.0	0.000	0.000	0.000	0.0	0.0		12:38:26:859		
000:03:35.050	1117.0	23.2	23.4	1117.0	0.0	0.0	0.0	0.000	0.000	0.000	0.0	0.0		12:38:26:909		
000:03:35.100	1116.7	23.2	23.4	1116.7	0.0	0.0	0.0	0.000	0.000	0.000	0.0	0.0		12:38:26:959		
000:03:35.150	1116.8	23.2	23.4	1116.8	0.0	0.0	0.0	0.000	0.000	0.000	0.0	0.0		12:38:27:009		
000:03:35.200	1117.4	23.2	23.4	1117.4	0.0	0.0	0.0	0.000	0.000	0.000	0.0	0.0		12:38:27:059		
000:03:35.250	1117.7	23.2	23.4	1117.7	0.0	0.0	0.0	0.000	0.000	0.000	0.0	0.0		12:38:27:109		
000:03:35.300	1117.7	23.2	23.4	1117.7	0.0	0.0	0.0	0.000	0.000	0.000	0.0	0.0		12:38:27:159		
000:03:35.350	1118.0	23.2	23.4	1118.0	0.0	0.0	0.0	0.000	0.000	0.000	0.0	0.0		12:38:27:209		
000:03:35.400	1117.3	23.2	23.4	1117.3	0.0	0.0	0.0	0.000	0.000	0.000	0.0	0.0		12:38:27:259		
000:03:35.450	1117.2	23.2	23.4	1117.2	0.0	0.0	0.0	0.000	0.000	0.000	0.0	0.0		12:38:27:309		
000:03:35.500	1117.2	23.2	23.4	1117.2	0.0	0.0	0.0	0.000	0.000	0.000	0.0	0.0		12:38:27:359		
000:03:35.550	1117.5	23.2	23.4	1117.5	0.0	0.0	0.0	0.000	0.000	0.000	0.0	0.0		12:38:27:409		
000:03:35.600	1117.1	23.2	23.4	1117.1	0.0	0.0	0.0	0.000	0.000	0.000	0.0	0.0		12:38:27:459		
000:03:35.650	1117.6	23.2	23.4	1117.6	0.0	0.0	0.0	0.000	0.000	0.000	0.0	0.0		12:38:27:509		
000:03:35.700	1117.3	23.2	23.4	1117.3	0.0	0.0	0.0	0.000	0.000	0.000	0.0	0.0		12:38:27:559		
000:03:35.750	1117.9	23.2	23.4	1117.9	0.0	0.0	0.0	0.000	0.000	0.000	0.0	0.0		12:38:27:609		
000:03:35.800	1117.6	23.2	23.4	1117.6	0.0	0.0	0.0	0.000	0.000	0.000	0.0	0.0		12:38:27:659		
000:03:35.850	1117.9	23.2	23.4	1117.9	0.0	0.0	0.0	0.000	0.000	0.000	0.0	0.0		12:38:27:709		
000:03:35.900	1117.9	23.2	23.4	1117.9	0.0	0.0	0.0	0.000	0.000	0.000	0.0	0.0		12:38:27:759		
000:03:35.950	1118.2	23.2	23.4	1118.2	0.0	0.0	0.0	0.000	0.000	0.000	0.0	0.0		12:38:27:809		
000:03:36.000	1117.9	23.2	23.4	1117.9	0.0	0.0	0.0	0.000	0.000	0.000	0.0	0.0		12:38:27:859		
000:03:36.050	1117.9	23.2	23.4	1117.9	0.0	0.0	0.0	0.000	0.000	0.000	0.0	0.0		12:38:27:909		
000:03:36.100	1117.7	23.2	23.4	1117.7	0.0	0.0	0.0	0.000	0.000	0.000	0.0	0.0		12:38:27:959		
000:03:36.150	1117.9	23.2	23.4	1117.9	0.0	0.0	0.0	0.000	0.000	0.000	0.0	0.0		12:38:28:009		
000:03:36.200	1118.3	23.2	23.4	1118.3	0.0	0.0	0.0	0.000	0.000	0.000	0.0	0.0		12:38:28:059		
000:03:36.250	1117.7	23.2	23.4	1117.7	0.0	0.0	0.0	0.000	0.000	0.000	0.0	0.0		12:38:28:109		
000:03:36.300	1118.0	23.2	23.4	1118.0	0.0	0.0	0.0	0.000	0.000	0.000	0.0	0.0		12:38:28:159		
000:03:36.350	1117.5	23.2	23.4	1117.5	0.0	0.0	0.0	0.000	0.000	0.000	0.0	0.0		12:38:28:209		
000:03:36.400	1118.0	23.2	23.4	1118.0	0.0	0.0	0.0	0.000	0.000	0.000	0.0	0.0		12:38:28:259		
000:03:36.450	1117.8	23.2	23.4	1117.8	0.0	0.0	0.0	0.000	0.000	0.000	0.0	0.0		12:38:28:309		
000:03:36.500	1117.4	23.2	23.4	1117.4	0.0	0.0	0.0	0.000	0.000	0.000	0.0	0.0		12:38:28:359		
000:03:36.550	1117.3	23.2	23.4	1117.3	0.0	0.0	0.0	0.000	0.000	0.000	0.0	0.0		12:38:28:409		
000:03:36.600	1117.5	23.2	23.4	1117.5	0.0	0.0	0.0	0.000	0.000	0.000	0.0	0.0		12:38:28:459		
000:03:36.650	1117.5	23.2	23.4	1117.5	0.0	0.0	0.0	0.000	0.000	0.000	0.0	0.0		12:38:28:509		
000:03:36.700	1117.1	23.2	23.4	1117.1	0.0	0.0	0.0	0.000	0.000	0.000	0.0	0.0		12:38:28:559		
000:03:36.750	1117.0	23.2	23.4	1117.0	0.0	0.0	0.0	0.000	0.000	0.000	0.0	0.0		12:38:28:609		
000:03:36.800	1117.7	23.2	23.4	1117.7	0.0	0.0	0.0	0.000	0.000	0.000	0.0	0.0		12:38:28:659		
000:03:36.850	1118.0	23.2	23.4	1118.0	0.0	0.0	0.0	0.000	0.000	0.000	0.0	0.0		12:38:28:709		
000:03:36.900	1117.7	23.2	23.4	1117.7	0.0	0.0	0.0	0.000	0.000	0.000	0.0	0.0		12:38:28:759		
000:03:36.950	1117.5	23.2	23.4	1117.5	0.0	0.0	0.0	0.000	0.000	0.000	0.0	0.0		12:38:28:809		
000:03:37.000	1118.0	23.2	23.4	1118.0	0.0	0.0	0.0	0.000	0.000	0.000	0.0	0.0		12:38:28:859		
000:03:37.050	1117.8	23.2	23.4	1117.8	0.0	0.0	0.0	0.000	0.000	0.000	0.0	0.0		12:38:28:909		
000:03:37.100	1118.0	23.2	23.4	1118.0	0.0	0.0	0.0	0.000	0.000	0.000	0.0	0.0		12:38:28:959		
000:03:37.150	1117.7	23.2	23.4	1117.7	0.0	0.0	0.0	0.000	0.000	0.000	0.0	0.0		12:38:29:009		
000:03:37.200	1118.0	23.2	23.4	1118.0	0.0	0.0	0.0	0.000	0.000	0.000	0.0	0.0		12:38:29:059		
000:03:37.250	1117.7	23.2	23.4	1117.7	0.0	0.0	0.0	0.000	0.000	0.000	0.0	0.0		12:38:29:109		
000:03:37.300	1117.8	23.2	23.4	1117.8	0.0	0.0	0.0	0.000	0.000	0.000	0.0	0.0		12:38:29:159		
000:03:37.350	1117.0	23.2	23.4	1117.0	0.0	0.0	0.0	0.000	0.000	0.000	0.0	0.0		12:38:29:209		
000:03:37.400	1117.9	23.2	23.4	1117.9	0.0	0.0	0.0	0.000	0.000	0.000	0.0	0.0		12:38:29:259		
000:03:37.450	1117.3	23.2	23.4	1117.3	0.0	0.0	0.0	0.000	0.000	0.000	0.0	0.0		12:38:29:309		
000:03:37.500	1117.4	23.2	23.4	1117.4	0.0	0.0	0.0	0.000	0.000	0.000	0.0	0.0		12:38:29:359		
000:03:37.550	1117.7	23.2	23.4	1117.7	0.0	0.0	0.0	0.000	0.000	0.000	0.0	0.0		12:38:29:409		
000:03:37.600	1117.7	23.2	23.4	1117.7	0.0	0.0	0.0	0.000	0.000	0.000	0.0	0.0		12:38:29:459		
000:03:37.650	1118.1	23.2	23.4	1118.1	0.0	0.0	0.0	0.000	0.000	0.000	0.0	0.0		12:38:29:509		
000:03:37.700	1118.2	23.2	23.4	1118.2	0.0	0.0	0.0	0.000	0.000	0.000	0.0	0.0		12:38:29:559		
000:03:37.750	1117.2	23.2	23.4	1117.2	0.0	0.0	0.0	0.000	0.000	0.000	0.0	0.0		12:38:29:609		
000:03:37.800	1117.2	23.2	23.4	1117.2	0.0	0.0	0.0	0.000	0.000	0.000	0.0	0.0		12:38:29:659		
000:03:37.850	1116.8	23.2	23.4	1116.8	0.0	0.0	0.0	0.000	0.000	0.000	0.0	0.0		12:38:29:709		
000:03:37.900	1117.2	23.2	23.4	1117.2	0.0	0.0	0.0	0.000	0.000	0.000	0.0	0.0		12:38:29:759		
000:03:37.950	1117.6	23.2	23.4	1117.6	0.0	0.0	0.0	0.000	0.000	0.000	0.0	0.0		12:38:29:809		
000:03:38.000	1116.7	23.2	23.4	1116.7	0.0	0.0	0.0	0.000	0.000	0.000	0.0	0.0		12:38:29:859		
000:03:38.050	1117.4	23.2	23.4	1117.4	0.0	0.0	0.0	0.000	0.000	0.000	0.0	0.0		12:38:29:909		
000:03:38.100	1117.0	23.2	23.4	1117.0	0.0	0.0	0.0	0.000	0.000	0.000	0.0	0.0		12:38:29:959		
000:03:38.150	1117.3	23.2	23.4	1117.3	0.0	0.0	0.0	0.000	0.000	0.000	0.0	0.0		12:38:30:009		
000:03:38.200	1117.2	23.2	23.4	1117.2	0.0	0.0	0.0	0.000	0.000	0.000	0.0	0.0		12:38:30:059		
000:03:38.250	1117.5	23.2	23.4	1117.5	0.0	0.0	0.0	0.000	0.000	0.000	0.0	0.0		12:38:30:109		
000:03:38.300	1116.8	23.2	23.4	1116.8	0.0	0.0	0.0	0.000	0.000	0.000	0.0	0.0		12:38:30:159		
000:03:38.350	1116.8	23.2	23.4	1116.8	0.0	0.0	0.0	0.000	0.000	0.000	0.0	0.0		12:38:30:209		
000:03:38.400	1117.5	23.2	23.4	1117.5	0.0	0.0	0.0	0.000	0.000	0.000	0.0	0.0		12:38:30:259		
000:03:38.450	1116.8	23.2	23.4	1116.8	0.0	0.0	0.0	0.000	0.000	0.000	0.0	0.0		12:38:30:309		
000:03:38.500	1117.4	23.2	23.4	1117.4	0.0	0.0	0.0	0.000	0.000	0.000	0.0	0.0		12:38:30:359		
000:03:38.550	1117.4	23.2	23.4	1117.4	0.0	0.0	0.0	0.000	0.000	0.000	0.0	0.0		12:38:30:409		
000:03:38.600	1117.2	23.2	23.4	1117.2	0.0	0.0	0.0	0.000	0.000	0.000	0.0	0.0		12:38:30:459		
000:03:38.650	1117.1	23.2	23.4	1117.1	0.0	0.0	0.0	0.000	0.000	0.000	0.0	0.0		12:38:30:509		
000:03:38.700	1116.6	23.2	23.4	1116.6	0.0	0.0	0.0	0.000	0.000	0.000	0.0	0.0		12:38:30:559		
000:03:38.750	1116.9	23.2	23.4	1116.9	0.0	0.0	0.0	0.000	0.000	0.000	0.0	0.0		12:38:30:609		
000:03:38.800	1116.9	23.2	23.4	1116.9	0.0	0.0	0.0	0.000	0.000	0.000	0.0	0.0		12:38:30:659		
000:03:38.850	1115.9	23.2	23.4	1115.9	0.0	0.0	0.0	0.000	0.000	0.000	0.0	0.0		12:38:30:709		
000:03:38.900	1116.4	23.2	23.4	1116.4	0.0	0.0	0.0	0.000	0.000	0.000	0.0	0.0		12:38:30:759		
000:03:38.950	1116.3	23.2	23.4	1116.3	0.0	0.0	0.0	0.000	0.000	0.000	0.0	0.0		12:38:30:809		
000:03:39.000	1116.2	23.2	23.4	1116.2	0.0	0.0	0.0	0.000	0.000	0.000	0.0	0.0		12:38:30:859		
000:03:39.050	1116.5	23.2	23.4	1116.5	0.0	0.0	0.0	0.000	0.000	0.000	0.0	0.0		12:38:30:909		
000:03:39.100	1115.9	23.2	23.4	1115.9	0.0	0.0	0.0	0.000	0.000	0.000	0.0	0.0		12:38:30:959		
000:03:39.150	1116.1	23.2	23.4	1116.1	0.0	0.0	0.0	0.000	0.000	0.000	0.0	0.0		12:38:31:009		
000:03:39.200	1116.0	23.2	23.4	1116.0	0.0	0.0	0.0	0.000	0.000	0.000	0.0	0.0		12:38:31:059		
000:03:39.250	1116.3	23.2	23.4	1116.3	0.0	0.0	0.0	0.000	0.000	0.000	0.0	0.0		12:38:31:109		
000:03:39.300	1116.4	23.2	23.4	1116.4	0.0	0.0	0.0	0.000	0.000	0.000	0.0	0.0		12:38:31:159		
000:03:39.350	1115.9	23.2	23.4	1115.9	0.0	0.0	0.0	0.000	0.000	0.000	0.0	0.0		12:38:31:209		
000:03:39.400	1115.9	23.2	23.4	1115.9	0.0	0.0	0.0	0.000	0.000	0.000	0.0	0.0		12:38:31:259		
000:03:39.450	1115.8	23.2	23.4	1115.8	0.0	0.0	0.0	0.000	0.000	0.000	0.0	0.0		12:38:31:309		
000:03:39.500	1115.8	23.2	23.4	1115.8	0.0	0.0	0.0	0.000	0.000	0.000	0.0	0.0		12:38:31:359		
000:03:39.550	1115.6	23.2	23.4	1115.6	0.0	0.0	0.0	0.000	0.000	0.000	0.0	0.0		12:38:31:409		
000:03:39.600	1115.2	23.2	23.4	1115.2	0.0	0.0	0.0	0.000	0.000	0.000	0.0	0.0		12:38:31:459		
000:03:39.650	1115.6	23.2	23.4	1115.6	0.0	0.0	0.0	0.000	0.000	0.000	0.0	0.0		12:38:31:509		
000:03:39.700	1115.5	23.2	23.4	1115.5	0.0	0.0	0.0	0.000	0.000	0.000	0.0	0.0		12:38:31:559		
000:03:39.750	1116.1	23.2	23.4	1116.1	0.0	0.0	0.0	0.000	0.000	0.000	0.0	0.0		12:38:31:609		
000:03:39.800	1115.8	23.2	23.4	1115.8	0.0	0.0	0.0	0.000	0.000	0.000	0.0	0.0		12:38:31:659		
000:03:39.850	1115.7	23.2	23.4	1115.7	0.0	0.0	0.0	0.000	0.000	0.000	0.0	0.0		12:38:31:709		
000:03:39.900	1115.5	23.2	23.4	1115.5	0.0	0.0	0.0	0.000	0.000	0.000	0.0	0.0		12:38:31:759		
000:03:39.950	1115.4	23.2	23.4	1115.4	0.0	0.0	0.0	0.000	0.000	0.000	0.0	0.0		12:38:31:809		
000:03:40.000	1115.4	23.2	23.4	1115.4	0.0	0.0	0.0	0.000	0.000	0.000	0.0	0.0		12:38:31:859		
000:03:40.050	1115.0	23.2	23.4	1115.0	0.0	0.0	0.0	0.000	0.000	0.000	0.0	0.0		12:38:31:909		
000:03:40.100	1115.2	23.2	23.4	1115.2	0.0	0.0	0.0	0.000	0.000	0.000	0.0	0.0		12:38:31:959		
000:03:40.150	1114.9	23.2	23.4	1114.9	0.0	0.0	0.0	0.000	0.000	0.000	0.0	0.0		12:38:32:009		
000:03:40.200	1114.8	23.2	23.4	1114.8	0.0	0.0	0.0	0.000	0.000	0.000	0.0	0.0		12:38:32:059		
000:03:40.250	1115.1	23.2	23.4	1115.1	0.0	0.0	0.0	0.000	0.000	0.000	0.0	0.0		12:38:32:109		
000:03:40.300	1115.0	23.2	23.4	1115.0	0.0	0.0	0.0	0.000	0.000	0.000	0.0	0.0		12:38:32:159		
000:03:40.350	1115.0	23.2	23.4	1115.0	0.0	0.0	0.0	0.000	0.000	0.000	0.0	0.0		12:38:32:209		
000:03:40.400	1115.7	23.2	23.4	1115.7	0.0	0.0	0.0	0.000	0.000	0.000	0.0	0.0		12:38:32:259		
000:03:40.450	1115.6	23.2	23.4	1115.6	0.0	0.0	0.0	0.000	0.000	0.000	0.0	0.0		12:38:32:309		
000:03:40.500	1114.2	23.2	23.4	1114.2	0.0	0.0	0.0	0.000	0.000	0.000	0.0	0.0		12:38:32:359		
000:03:40.550	1114.4	23.2	23.4	1114.4	0.0	0.0	0.0	0.000	0.000	0.000	0.0	0.0		12:38:32:409		
000:03:40.600	1114.0	23.2	23.4	1114.0	0.0	0.0	0.0	0.000	0.000	0.000	0.0	0.0		12:38:32:459		
000:03:40.650	1114.5	23.2	23.4	1114.5	0.0	0.0	0.0	0.000	0.000	0.000	0.0	0.0		12:38:32:509		
000:03:40.700	1114.8	23.2	23.4	1114.8	0.0	0.0	0.0	0.000	0.000	0.000	0.0	0.0		12:38:32:559		
000:03:40.750	1114.6	23.2	23.4	1114.6	0.0	0.0	0.0	0.000	0.000	0.000	0.0	0.0		12:38:32:609		
000:03:40.800	1114.5	23.2	23.4	1114.5	0.0	0.0	0.0	0.000	0.000	0.000	0.0	0.0		12:38:32:659		
000:03:40.850	1114.1	23.2	23.4	1114.1	0.0	0.0	0.0	0.000	0.000	0.000	0.0	0.0		12:38:32:709		
000:03:40.900	1113.8	23.2	23.4	1113.8	0.0	0.0	0.0	0.000	0.000	0.000	0.0	0.0		12:38:32:759		
000:03:40.950	1113.4	23.2	23.4	1113.4	0.0	0.0	0.0	0.000	0.000	0.000	0.0	0.0		12:38:32:809		
000:03:41.000	1113.5	23.2	23.4	1113.5	0.0	0.0	0.0	0.000	0.000	0.000	0.0	0.0		12:38:32:859		
000:03:41.050	1113.6	23.2	23.4	1113.6	0.0	0.0	0.0	0.000	0.000	0.000	0.0	0.0		12:38:32:909		
000:03:41.100	1113.6	23.2	23.4	1113.6	0.0	0.0	0.0	0.000	0.000	0.000	0.0	0.0		12:38:32:959		
000:03:41.150	1113.0	23.2	23.4	1113.0	0.0	0.0	0.0	0.000	0.000	0.000	0.0	0.0		12:38:33:009		
000:03:41.200	1113.1	23.2	23.4	1113.1	0.0	0.0	0.0	0.000	0.000	0.000	0.0	0.0		12:38:33:059		
000:03:41.250	1113.5	23.2	23.4	1113.5	0.0	0.0	0.0	0.000	0.000	0.000	0.0	0.0		12:38:33:109		
000:03:41.300	1113.4	23.2	23.4	1113.4	0.0	0.0	0.0	0.000	0.000	0.000	0.0	0.0		12:38:33:159		
000:03:41.350	1112.9	23.2	23.4	1112.9	0.0	0.0	0.0	0.000	0.000	0.000	0.0	0.0		12:38:33:209		
000:03:41.400	1113.2	23.2	23.4	1113.2	0.0	0.0	0.0	0.000	0.000	0.000	0.0	0.0		12:38:33:259		
000:03:41.450	1113.3	23.2	23.4	1113.3	0.0	0.0	0.0	0.000	0.000	0.000	0.0	0.0		12:38:33:309		
000:03:41.500	1112.8	23.2	23.4	1112.8	0.0	0.0	0.0	0.000	0.000	0.000	0.0	0.0		12:38:33:359		
000:03:41.550	1112.9	23.2	23.4	1112.9	0.0	0.0	0.0	0.000	0.000	0.000	0.0	0.0		12:38:33:409		
000:03:41.600	1113.0	23.2	23.4	1113.0	0.0	0.0	0.0	0.000	0.000	0.000	0.0	0.0		12:38:33:459		
000:03:41.650	1113.1	23.2	23.4	1113.1	0.0	0.0	0.0	0.000	0.000	0.000	0.0	0.0		12:38:33:509		
000:03:41.700	1112.8	23.2	23.4	1112.8	0.0	0.0	0.0	0.000	0.000	0.000	0.0	0.0		12:38:33:559		
000:03:41.750	1111.9	23.2	23.4	1111.9	0.0	0.0	0.0	0.000	0.000	0.000	0.0	0.0		12:38:33:609		
000:03:41.800	1111.6	23.2	23.4	1111.6	0.0	0.0	0.0	0.000	0.000	0.000	0.0	0.0		12:38:33:659		
000:03:41.850	1111.7	23.2	23.4	1111.7	0.0	0.0	0.0	0.000	0.000	0.000	0.0	0.0		12:38:33:709		
000:03:41.900	1111.5	23.2	23.4	1111.5	0.0	0.0	0.0	0.000	0.000	0.000	0.0	0.0		12:38:33:759		
000:03:41.950	1111.2	23.2	23.4	1111.2	0.0	0.0	0.0	0.000	0.000	0.000	0.0	0.0		12:38:33:809		
000:03:42.000	1111.3	23.2	23.4	1111.3	0.0	0.0	0.0	0.000	0.000	0.000	0.0	0.0		12:38:33:859		
000:03:42.050	1111.3	23.2	23.4	1111.3	0.0	0.0	0.0	0.000	0.000	0.000	0.0	0.0		12:38:33:909		
000:03:42.100	1111.3	23.2	23.4	1111.3	0.0	0.0	0.0	0.000	0.000	0.000	0.0	0.0		12:38:33:959		
000:03:42.150	1111.8	23.2	23.4	1111.8	0.0	0.0	0.0	0.000	0.000	0.000	0.0	0.0		12:38:34:009		
000:03:42.200	1111.7	23.2	23.4	1111.7	0.0	0.0	0.0	0.000	0.000	0.000	0.0	0.0		12:38:34:059		
000:03:42.250	1111.2	23.2	23.4	1111.2	0.0	0.0	0.0	0.000	0.000	0.000	0.0	0.0		12:38:34:109		
000:03:42.300	1111.0	23.2	23.4	1111.0	0.0	0.0	0.0	0.000	0.000	0.000	0.0	0.0		12:38:34:159		
000:03:42.350	1110.5	23.2	23.4	1110.5	0.0	0.0	0.0	0.000	0.000	0.000	0.0	0.0		12:38:34:209		
000:03:42.400	1110.9	23.2	23.4	1110.9	0.0	0.0	0.0	0.000	0.000	0.000	0.0	0.0		12:38:34:259		
000:03:42.450	1110.6	23.2	23.4	1110.6	0.0	0.0	0.0	0.000	0.000	0.000	0.0	0.0		12:38:34:309		
000:03:42.500	1110.4	23.2	23.4	1110.4	0.0	0.0	0.0	0.000	0.000	0.000	0.0	0.0		12:38:34:359		
000:03:42.550	1110.6	23.2	23.4	1110.6	0.0	0.0	0.0	0.000	0.000	0.000	0.0	0.0		12:38:34:409		
000:03:42.600	1110.1	23.2	23.4	1110.1	0.0	0.0	0.0	0.000	0.000	0.000	0.0	0.0		12:38:34:459		
000:03:42.650	1110.4	23.2	23.4	1110.4	0.0	0.0	0.0	0.000	0.000	0.000	0.0	0.0		12:38:34:509		
000:03:42.700	1110.6	23.2	23.4	1110.6	0.0	0.0	0.0	0.000	0.000	0.000	0.0	0.0		12:38:34:559		
000:03:42.750	1110.5	23.2	23.4	1110.5	0.0	0.0	0.0	0.000	0.000	0.000	0.0	0.0		12:38:34:609		
000:03:42.800	1110.5	23.2	23.4	1110.5	0.0	0.0	0.0	0.000	0.000	0.000	0.0	0.0		12:38:34:659		
000:03:42.850	1109.9	23.2	23.4	1109.9	0.0	0.0	0.0	0.000	0.000	0.000	0.0	0.0		12:38:34:709		
000:03:42.900	1110.6	23.2	23.4	1110.6	0.0	0.0	0.0	0.000	0.000	0.000	0.0	0.0		12:38:34:759		
000:03:42.950	1109.7	23.2	23.4	1109.7	0.0	0.0	0.0	0.000	0.000	0.000	0.0	0.0		12:38:34:809		
000:03:43.000	1109.5	23.2	23.4	1109.5	0.0	0.0	0.0	0.000	0.000	0.000	0.0	0.0		12:38:34:859		
000:03:43.050	1109.8	23.2	23.4	1109.8	0.0	0.0	0.0	0.000	0.000	0.000	0.0	0.0		12:38:34:909		
000:03:43.100	1109.7	23.2	23.4	1109.7	0.0	0.0	0.0	0.000	0.000	0.000	0.0	0.0		12:38:34:959		
000:03:43.150	1110.5	23.2	23.4	1110.5	0.0	0.0	0.0	0.000	0.000	0.000	0.0	0.0		12:38:35:009		
000:03:43.200	1109.9	23.2	23.4	1109.9	0.0	0.0	0.0	0.000	0.000	0.000	0.0	0.0		12:38:35:059		
000:03:43.250	1109.6	23.2	23.4	1109.6	0.0	0.0	0.0	0.000	0.000	0.000	0.0	0.0		12:38:35:109		
000:03:43.300	1109.5	23.2	23.4	1109.5	0.0	0.0	0.0	0.000	0.000	0.000	0.0	0.0		12:38:35:159		
000:03:43.350	1109.3	23.2	23.4	1109.3	0.0	0.0	0.0	0.000	0.000	0.000	0.0	0.0		12:38:35:209		
000:03:43.400	1109.4	23.2	23.4	1109.4	0.0	0.0	0.0	0.000	0.000	0.000	0.0	0.0		12:38:35:259		
000:03:43.450	1108.9	23.2	23.4	1108.9	0.0	0.0	0.0	0.000	0.000	0.000	0.0	0.0		12:38:35:309		
000:03:43.500	1109.0	23.2	23.4	1109.0	0.0	0.0	0.0	0.000	0.000	0.000	0.0	0.0		12:38:35:359		
000:03:43.550	1109.2	23.2	23.4	1109.2	0.0	0.0	0.0	0.000	0.000	0.000	0.0	0.0		12:38:35:409		
000:03:43.600	1109.4	23.2	23.4	1109.4	0.0	0.0	0.0	0.000	0.000	0.000	0.0	0.0		12:38:35:459		
000:03:43.650	1108.7	23.2	23.4	1108.7	0.0	0.0	0.0	0.000	0.000	0.000	0.0	0.0		12:38:35:509		
000:03:43.700	1108.8	23.2	23.4	1108.8	0.0	0.0	0.0	0.000	0.000	0.000	0.0	0.0		12:38:35:559		
000:03:43.750	1108.3	23.2	23.4	1108.3	0.0	0.0	0.0	0.000	0.000	0.000	0.0	0.0		12:38:35:609		
000:03:43.800	1108.5	23.2	23.4	1108.5	0.0	0.0	0.0	0.000	0.000	0.000	0.0	0.0		12:38:35:659		
000:03:43.850	1108.7	23.2	23.4	1108.7	0.0	0.0	0.0	0.000	0.000	0.000	0.0	0.0		12:38:35:709		
000:03:43.900	1108.5	23.2	23.4	1108.5	0.0	0.0	0.0	0.000	0.000	0.000	0.0	0.0		12:38:35:759		
000:03:43.950	1108.3	23.2	23.4	1108.3	0.0	0.0	0.0	0.000	0.000	0.000	0.0	0.0		12:38:35:809		
000:03:44.000	1108.5	23.2	23.4	1108.5	0.0	0.0	0.0	0.000	0.000	0.000	0.0	0.0		12:38:35:859		
000:03:44.050	1108.4	23.2	23.4	1108.4	0.0	0.0	0.0	0.000	0.000	0.000	0.0	0.0		12:38:35:909		
000:03:44.100	1108.0	23.2	23.4	1108.0	0.0	0.0	0.0	0.000	0.000	0.000	0.0	0.0		12:38:35:959		
000:03:44.150	1107.8	23.2	23.4	1107.8	0.0	0.0	0.0	0.000	0.000	0.000	0.0	0.0		12:38:36:009		
000:03:44.200	1108.5	23.2	23.4	1108.5	0.0	0.0	0.0	0.000	0.000	0.000	0.0	0.0		12:38:36:059		
000:03:44.250	1108.1	23.2	23.4	1108.1	0.0	0.0	0.0	0.000	0.000	0.000	0.0	0.0		12:38:36:109		
000:03:44.300	1108.7	23.2	23.4	1108.7	0.0	0.0	0.0	0.000	0.000	0.000	0.0	0.0		12:38:36:159		
000:03:44.350	1107.9	23.2	23.4	1107.9	0.0	0.0	0.0	0.000	0.000	0.000	0.0	0.0		12:38:36:209		
000:03:44.400	1108.3	23.2	23.4	1108.3	0.0	0.0	0.0	0.000	0.000	0.000	0.0	0.0		12:38:36:259		
000:03:44.450	1107.7	23.2	23.4	1107.7	0.0	0.0	0.0	0.000	0.000	0.000	0.0	0.0		12:38:36:309		
000:03:44.500	1107.5	23.2	23.4	1107.5	0.0	0.0	0.0	0.000	0.000	0.000	0.0	0.0		12:38:36:359		
000:03:44.550	1107.8	23.2	23.4	1107.8	0.0	0.0	0.0	0.000	0.000	0.000	0.0	0.0		12:38:36:409		
000:03:44.600	1107.6	23.2	23.4	1107.6	0.0	0.0	0.0	0.000	0.000	0.000	0.0	0.0		12:38:36:459		
000:03:44.650	1108.1	23.2	23.4	1108.1	0.0	0.0	0.0	0.000	0.000	0.000	0.0	0.0		12:38:36:509		
000:03:44.700	1108.0	23.2	23.4	1108.0	0.0	0.0	0.0	0.000	0.000	0.000	0.0	0.0		12:38:36:559		
000:03:44.750	1108.2	23.2	23.4	1108.2	0.0	0.0	0.0	0.000	0.000	0.000	0.0	0.0		12:38:36:609		
000:03:44.800	1107.9	23.2	23.4	1107.9	0.0	0.0	0.0	0.000	0.000	0.000	0.0	0.0		12:38:36:659		
000:03:44.850	1107.9	23.2	23.4	1107.9	0.0	0.0	0.0	0.000	0.000	0.000	0.0	0.0		12:38:36:709		
000:03:44.900	1107.3	23.2	23.4	1107.3	0.0	0.0	0.0	0.000	0.000	0.000	0.0	0.0		12:38:36:759		
000:03:44.950	1107.3	23.2	23.4	1107.3	0.0	0.0	0.0	0.000	0.000	0.000	0.0	0.0		12:38:36:809		
000:03:45.000	1107.0	23.2	23.4	1107.0	0.0	0.0	0.0	0.000	0.000	0.000	0.0	0.0		12:38:36:859		
000:03:45.050	1107.3	23.2	23.4	1107.3	0.0	0.0	0.0	0.000	0.000	0.000	0.0	0.0		12:38:36:909		
000:03:45.100	1107.3	23.2	23.4	1107.3	0.0	0.0	0.0	0.000	0.000	0.000	0.0	0.0		12:38:36:959		
000:03:45.150	1107.6	23.2	23.4	1107.6	0.0	0.0	0.0	0.000	0.000	0.000	0.0	0.0		12:38:37:009		
000:03:45.200	1107.8	23.2	23.4	1107.8	0.0	0.0	0.0	0.000	0.000	0.000	0.0	0.0		12:38:37:059		
000:03:45.250	1107.4	23.2	23.4	1107.4	0.0	0.0	0.0	0.000	0.000	0.000	0.0	0.0		12:38:37:109		
000:03:45.300	1107.7	23.2	23.4	1107.7	0.0	0.0	0.0	0.000	0.000	0.000	0.0	0.0		12:38:37:159		
000:03:45.350	1107.2	23.2	23.4	1107.2	0.0	0.0	0.0	0.000	0.000	0.000	0.0	0.0		12:38:37:209		
000:03:45.400	1107.3	23.2	23.4	1107.3	0.0	0.0	0.0	0.000	0.000	0.000	0.0	0.0		12:38:37:259		
000:03:45.450	1107.1	23.2	23.4	1107.1	0.0	0.0	0.0	0.000	0.000	0.000	0.0	0.0		12:38:37:309		
000:03:45.500	1107.1	23.2	23.4	1107.1	0.0	0.0	0.0	0.000	0.000	0.000	0.0	0.0		12:38:37:359		
000:03:45.550	1107.0	23.2	23.4	1107.0	0.0	0.0	0.0	0.000	0.000	0.000	0.0	0.0		12:38:37:409		
000:03:45.600	1106.9	23.2	23.4	1106.9	0.0	0.0	0.0	0.000	0.000	0.000	0.0	0.0		12:38:37:459		
000:03:45.650	1106.1	23.2	23.4	1106.1	0.0	0.0	0.0	0.000	0.000	0.000	0.0	0.0		12:38:37:509		
000:03:45.700	1106.4	23.2	23.4	1106.4	0.0	0.0	0.0	0.000	0.000	0.000	0.0	0.0		12:38:37:559		
000:03:45.750	1107.1	23.2	23.4	1107.1	0.0	0.0	0.0	0.000	0.000	0.000	0.0	0.0		12:38:37:609		
000:03:45.800	1106.6	23.2	23.4	1106.6	0.0	0.0	0.0	0.000	0.000	0.000	0.0	0.0		12:38:37:659		
000:03:45.850	1106.6	23.2	23.4	1106.6	0.0	0.0	0.0	0.000	0.000	0.000	0.0	0.0		12:38:37:709		
000:03:45.900	1106.5	23.2	23.4	1106.5	0.0	0.0	0.0	0.000	0.000	0.000	0.0	0.0		12:38:37:759		
000:03:45.950	1106.7	23.2	23.4	1106.7	0.0	0.0	0.0	0.000	0.000	0.000	0.0	0.0		12:38:37:809		
000:03:46.000	1107.0	23.2	23.4	1107.0	0.0	0.0	0.0	0.000	0.000	0.000	0.0	0.0		12:38:37:859		
000:03:46.050	1107.1	23.2	23.4	1107.1	0.0	0.0	0.0	0.000	0.000	0.000	0.0	0.0		12:38:37:909		
000:03:46.100	1106.8	23.2	23.4	1106.8	0.0	0.0	0.0	0.000	0.000	0.000	0.0	0.0		12:38:37:959		
000:03:46.150	1106.7	23.2	23.4	1106.7	0.0	0.0	0.0	0.000	0.000	0.000	0.0	0.0		12:38:38:009		
000:03:46.200	1106.4	23.2	23.4	1106.4	0.0	0.0	0.0	0.000	0.000	0.000	0.0	0.0		12:38:38:059		
000:03:46.250	1106.1	23.2	23.4	1106.1	0.0	0.0	0.0	0.000	0.000	0.000	0.0	0.0		12:38:38:109		
000:03:46.300	1106.3	23.2	23.4	1106.3	0.0	0.0	0.0	0.000	0.000	0.000	0.0	0.0		12:38:38:159		
000:03:46.350	1106.4	23.2	23.4	1106.4	0.0	0.0	0.0	0.000	0.000	0.000	0.0	0.0		12:38:38:209		
000:03:46.400	1106.8	23.2	23.4	1106.8	0.0	0.0	0.0	0.000	0.000	0.000	0.0	0.0		12:38:38:259		
000:03:46.450	1106.4	23.2	23.4	1106.4	0.0	0.0	0.0	0.000	0.000	0.000	0.0	0.0		12:38:38:309		
000:03:46.500	1107.1	23.2	23.4	1107.1	0.0	0.0	0.0	0.000	0.000	0.000	0.0	0.0		12:38:38:359		
000:03:46.550	1107.1	23.2	23.4	1107.1	0.0	0.0	0.0	0.000	0.000	0.000	0.0	0.0		12:38:38:409		
000:03:46.600	1106.6	23.2	23.4	1106.6	0.0	0.0	0.0	0.000	0.000	0.000	0.0	0.0		12:38:38:459		
000:03:46.650	1106.6	23.2	23.4	1106.6	0.0	0.0	0.0	0.000	0.000	0.000	0.0	0.0		12:38:38:509		
000:03:46.700	1106.1	23.2	23.4	1106.1	0.0	0.0	0.0	0.000	0.000	0.000	0.0	0.0		12:38:38:559		
000:03:46.750	1105.4	23.2	23.4	1105.4	0.0	0.0	0.0	0.000	0.000	0.000	0.0	0.0		12:38:38:609		
000:03:46.800	1105.6	23.2	23.4	1105.6	0.0	0.0	0.0	0.000	0.000	0.000	0.0	0.0		12:38:38:659		
000:03:46.850	1105.6	23.2	23.4	1105.6	0.0	0.0	0.0	0.000	0.000	0.000	0.0	0.0		12:38:38:709		
000:03:46.900	1105.3	23.2	23.4	1105.3	0.0	0.0	0.0	0.000	0.000	0.000	0.0	0.0		12:38:38:759		
000:03:46.950	1105.1	23.2	23.4	1105.1	0.0	0.0	0.0	0.000	0.000	0.000	0.0	0.0		12:38:38:809		
000:03:47.000	1105.2	23.2	23.4	1105.2	0.0	0.0	0.0	0.000	0.000	0.000	0.0	0.0		12:38:38:859		
000:03:47.050	1105.6	23.2	23.4	1105.6	0.0	0.0	0.0	0.000	0.000	0.000	0.0	0.0		12:38:38:909		
000:03:47.100	1104.9	23.2	23.4	1104.9	0.0	0.0	0.0	0.000	0.000	0.000	0.0	0.0		12:38:38:959		
000:03:47.150	1105.0	23.2	23.4	1105.0	0.0	0.0	0.0	0.000	0.000	0.000	0.0	0.0		12:38:39:009		
000:03:47.200	1105.4	23.2	23.4	1105.4	0.0	0.0	0.0	0.000	0.000	0.000	0.0	0.0		12:38:39:059		
000:03:47.250	1105.1	23.2	23.4	1105.1	0.0	0.0	0.0	0.000	0.000	0.000	0.0	0.0		12:38:39:109		
000:03:47.300	1105.2	23.2	23.4	1105.2	0.0	0.0	0.0	0.000	0.000	0.000	0.0	0.0		12:38:39:159		
000:03:47.350	1105.1	23.2	23.4	1105.1	0.0	0.0	0.0	0.000	0.000	0.000	0.0	0.0		12:38:39:209		
000:03:47.400	1104.8	23.2	23.4	1104.8	0.0	0.0	0.0	0.000	0.000	0.000	0.0	0.0		12:38:39:259		
000:03:47.450	1104.2	23.2	23.4	1104.2	0.0	0.0	0.0	0.000	0.000	0.000	0.0	0.0		12:38:39:309		
000:03:47.500	1104.1	23.2	23.4	1104.1	0.0	0.0	0.0	0.000	0.000	0.000	0.0	0.0		12:38:39:359		
000:03:47.550	1104.4	23.2	23.4	1104.4	0.0	0.0	0.0	0.000	0.000	0.000	0.0	0.0		12:38:39:409		
000:03:47.600	1104.4	23.2	23.4	1104.4	0.0	0.0	0.0	0.000	0.000	0.000	0.0	0.0		12:38:39:459		
000:03:47.650	1104.3	23.2	23.4	1104.3	0.0	0.0	0.0	0.000	0.000	0.000	0.0	0.0		12:38:39:509		
000:03:47.700	1103.8	23.2	23.4	1103.8	0.0	0.0	0.0	0.000	0.000	0.000	0.0	0.0		12:38:39:559		
000:03:47.750	1104.1	23.2	23.4	1104.1	0.0	0.0	0.0	0.000	0.000	0.000	0.0	0.0		12:38:39:609		
000:03:47.800	1104.2	23.2	23.4	1104.2	0.0	0.0	0.0	0.000	0.000	0.000	0.0	0.0		12:38:39:659		
000:03:47.850	1103.4	23.2	23.4	1103.4	0.0	0.0	0.0	0.000	0.000	0.000	0.0	0.0		12:38:39:709		
000:03:47.900	1104.2	23.2	23.4	1104.2	0.0	0.0	0.0	0.000	0.000	0.000	0.0	0.0		12:38:39:759		
000:03:47.950	1103.7	23.2	23.4	1103.7	0.0	0.0	0.0	0.000	0.000	0.000	0.0	0.0		12:38:39:809		
000:03:48.000	1103.6	23.2	23.4	1103.6	0.0	0.0	0.0	0.000	0.000	0.000	0.0	0.0		12:38:39:859		
000:03:48.050	1103.6	23.2	23.4	1103.6	0.0	0.0	0.0	0.000	0.000	0.000	0.0	0.0		12:38:39:909		
000:03:48.100	1104.0	23.2	23.4	1104.0	0.0	0.0	0.0	0.000	0.000	0.000	0.0	0.0		12:38:39:959		
000:03:48.150	1103.3	23.2	23.4	1103.3	0.0	0.0	0.0	0.000	0.000	0.000	0.0	0.0		12:38:40:009		
000:03:48.200	1103.8	23.2	23.4	1103.8	0.0	0.0	0.0	0.000	0.000	0.000	0.0	0.0		12:38:40:059		
000:03:48.250	1103.5	23.2	23.4	1103.5	0.0	0.0	0.0	0.000	0.000	0.000	0.0	0.0		12:38:40:109		
000:03:48.300	1103.7	23.2	23.4	1103.7	0.0	0.0	0.0	0.000	0.000	0.000	0.0	0.0		12:38:40:159		
000:03:48.350	1103.1	23.2	23.4	1103.1	0.0	0.0	0.0	0.000	0.000	0.000	0.0	0.0		12:38:40:209		
000:03:48.400	1103.2	23.2	23.4	1103.2	0.0	0.0	0.0	0.000	0.000	0.000	0.0	0.0		12:38:40:259		
000:03:48.450	1103.0	23.2	23.4	1103.0	0.0	0.0	0.0	0.000	0.000	0.000	0.0	0.0		12:38:40:309		
000:03:48.500	1103.1	23.2	23.4	1103.1	0.0	0.0	0.0	0.000	0.000	0.000	0.0	0.0		12:38:40:359		
000:03:48.550	1102.7	23.2	23.4	1102.7	0.0	0.0	0.0	0.000	0.000	0.000	0.0	0.0		12:38:40:409		
000:03:48.600	1102.3	23.2	23.4	1102.3	0.0	0.0	0.0	0.000	0.000	0.000	0.0	0.0		12:38:40:459		
000:03:48.650	1102.7	23.2	23.4	1102.7	0.0	0.0	0.0	0.000	0.000	0.000	0.0	0.0		12:38:40:509		
000:03:48.700	1101.9	23.2	23.4	1101.9	0.0	0.0	0.0	0.000	0.000	0.000	0.0	0.0		12:38:40:559		
000:03:48.750	1101.8	23.2	23.4	1101.8	0.0	0.0	0.0	0.000	0.000	0.000	0.0	0.0		12:38:40:609		
000:03:48.800	1101.8	23.2	23.4	1101.8	0.0	0.0	0.0	0.000	0.000	0.000	0.0	0.0		12:38:40:659		
000:03:48.850	1101.6	23.2	23.4	1101.6	0.0	0.0	0.0	0.000	0.000	0.000	0.0	0.0		12:38:40:709		
000:03:48.900	1101.6	23.2	23.4	1101.6	0.0	0.0	0.0	0.000	0.000	0.000	0.0	0.0		12:38:40:759		
000:03:48.950	1102.0	23.2	23.4	1102.0	0.0	0.0	0.0	0.000	0.000	0.000	0.0	0.0		12:38:40:809		
000:03:49.000	1102.0	23.2	23.4	1102.0	0.0	0.0	0.0	0.000	0.000	0.000	0.0	0.0		12:38:40:859		
000:03:49.050	1101.8	23.2	23.5	1101.8	0.0	0.0	0.0	0.000	0.000	0.000	0.0	0.0		12:38:40:909		
000:03:49.100	1101.1	23.2	23.5	1101.1	0.0	0.0	0.0	0.000	0.000	0.000	0.0	0.0		12:38:40:959		
000:03:49.150	1101.3	23.2	23.5	1101.3	0.0	0.0	0.0	0.000	0.000	0.000	0.0	0.0		12:38:41:009		
000:03:49.200	1100.6	23.2	23.5	1100.6	0.0	0.0	0.0	0.000	0.000	0.000	0.0	0.0		12:38:41:059		
000:03:49.250	1100.9	23.2	23.5	1100.9	0.0	0.0	0.0	0.000	0.000	0.000	0.0	0.0		12:38:41:109		
000:03:49.300	1100.9	23.2	23.5	1100.9	0.0	0.0	0.0	0.000	0.000	0.000	0.0	0.0		12:38:41:159		
000:03:49.350	1100.7	23.2	23.5	1100.7	0.0	0.0	0.0	0.000	0.000	0.000	0.0	0.0		12:38:41:209		
000:03:49.400	1100.3	23.2	23.5	1100.3	0.0	0.0	0.0	0.000	0.000	0.000	0.0	0.0		12:38:41:259		
000:03:49.450	1100.7	23.2	23.5	1100.7	0.0	0.0	0.0	0.000	0.000	0.000	0.0	0.0		12:38:41:309		
000:03:49.500	1100.7	23.2	23.5	1100.7	0.0	0.0	0.0	0.000	0.000	0.000	0.0	0.0		12:38:41:359		
000:03:49.550	1100.4	23.2	23.5	1100.4	0.0	0.0	0.0	0.000	0.000	0.000	0.0	0.0		12:38:41:409		
000:03:49.600	1100.5	23.2	23.5	1100.5	0.0	0.0	0.0	0.000	0.000	0.000	0.0	0.0		12:38:41:459		
000:03:49.650	1100.0	23.2	23.5	1100.0	0.0	0.0	0.0	0.000	0.000	0.000	0.0	0.0		12:38:41:509		
000:03:49.700	1100.3	23.2	23.5	1100.3	0.0	0.0	0.0	0.000	0.000	0.000	0.0	0.0		12:38:41:559		
000:03:49.750	1100.0	23.2	23.5	1100.0	0.0	0.0	0.0	0.000	0.000	0.000	0.0	0.0		12:38:41:609		
000:03:49.800	1099.9	23.2	23.5	1099.9	0.0	0.0	0.0	0.000	0.000	0.000	0.0	0.0		12:38:41:659		
000:03:49.850	1100.0	23.2	23.5	1100.0	0.0	0.0	0.0	0.000	0.000	0.000	0.0	0.0		12:38:41:709		
000:03:49.900	1099.8	23.2	23.5	1099.8	0.0	0.0	0.0	0.000	0.000	0.000	0.0	0.0		12:38:41:759		
000:03:49.950	1099.8	23.2	23.5	1099.8	0.0	0.0	0.0	0.000	0.000	0.000	0.0	0.0		12:38:41:809		
000:03:50.000	1099.5	23.2	23.5	1099.5	0.0	0.0	0.0	0.000	0.000	0.000	0.0	0.0		12:38:41:859		
000:03:50.050	1099.4	23.2	23.5	1099.4	0.0	0.0	0.0	0.000	0.000	0.000	0.0	0.0		12:38:41:909		
000:03:50.100	1099.3	23.2	23.5	1099.3	0.0	0.0	0.0	0.000	0.000	0.000	0.0	0.0		12:38:41:959		
000:03:50.150	1099.5	23.2	23.5	1099.5	0.0	0.0	0.0	0.000	0.000	0.000	0.0	0.0		12:38:42:009		
000:03:50.200	1099.1	23.2	23.5	1099.1	0.0	0.0	0.0	0.000	0.000	0.000	0.0	0.0		12:38:42:059		
000:03:50.250	1099.1	23.2	23.5	1099.1	0.0	0.0	0.0	0.000	0.000	0.000	0.0	0.0		12:38:42:109		
000:03:50.300	1099.6	23.2	23.5	1099.6	0.0	0.0	0.0	0.000	0.000	0.000	0.0	0.0		12:38:42:159		
000:03:50.350	1099.3	23.2	23.5	1099.3	0.0	0.0	0.0	0.000	0.000	0.000	0.0	0.0		12:38:42:209		
000:03:50.400	1098.5	23.2	23.5	1098.5	0.0	0.0	0.0	0.000	0.000	0.000	0.0	0.0		12:38:42:259		
000:03:50.450	1098.7	23.2	23.5	1098.7	0.0	0.0	0.0	0.000	0.000	0.000	0.0	0.0		12:38:42:309		
000:03:50.500	1098.6	23.2	23.5	1098.6	0.0	0.0	0.0	0.000	0.000	0.000	0.0	0.0		12:38:42:359		
000:03:50.550	1098.4	23.2	23.5	1098.4	0.0	0.0	0.0	0.000	0.000	0.000	0.0	0.0		12:38:42:409		
000:03:50.600	1098.0	23.2	23.5	1098.0	0.0	0.0	0.0	0.000	0.000	0.000	0.0	0.0		12:38:42:459		
000:03:50.650	1098.0	23.2	23.5	1098.0	0.0	0.0	0.0	0.000	0.000	0.000	0.0	0.0		12:38:42:509		
000:03:50.700	1098.1	23.2	23.5	1098.1	0.0	0.0	0.0	0.000	0.000	0.000	0.0	0.0		12:38:42:559		
000:03:50.750	1097.8	23.2	23.5	1097.8	0.0	0.0	0.0	0.000	0.000	0.000	0.0	0.0		12:38:42:609		
000:03:50.800	1097.5	23.2	23.5	1097.5	0.0	0.0	0.0	0.000	0.000	0.000	0.0	0.0		12:38:42:659		
000:03:50.850	1097.5	23.2	23.5	1097.5	0.0	0.0	0.0	0.000	0.000	0.000	0.0	0.0		12:38:42:709		
000:03:50.900	1097.8	23.2	23.5	1097.8	0.0	0.0	0.0	0.000	0.000	0.000	0.0	0.0		12:38:42:759		
000:03:50.950	1098.0	23.2	23.5	1098.0	0.0	0.0	0.0	0.000	0.000	0.000	0.0	0.0		12:38:42:809		
000:03:51.000	1097.6	23.2	23.5	1097.6	0.0	0.0	0.0	0.000	0.000	0.000	0.0	0.0		12:38:42:859		
000:03:51.050	1097.9	23.2	23.5	1097.9	0.0	0.0	0.0	0.000	0.000	0.000	0.0	0.0		12:38:42:909		
000:03:51.100	1098.0	23.2	23.5	1098.0	0.0	0.0	0.0	0.000	0.000	0.000	0.0	0.0		12:38:42:959		
000:03:51.150	1097.6	23.2	23.5	1097.6	0.0	0.0	0.0	0.000	0.000	0.000	0.0	0.0		12:38:43:009		
000:03:51.200	1097.3	23.2	23.5	1097.3	0.0	0.0	0.0	0.000	0.000	0.000	0.0	0.0		12:38:43:059		
000:03:51.250	1097.1	23.2	23.5	1097.1	0.0	0.0	0.0	0.000	0.000	0.000	0.0	0.0		12:38:43:109		
000:03:51.300	1097.1	23.2	23.5	1097.1	0.0	0.0	0.0	0.000	0.000	0.000	0.0	0.0		12:38:43:159		
000:03:51.350	1097.0	23.2	23.5	1097.0	0.0	0.0	0.0	0.000	0.000	0.000	0.0	0.0		12:38:43:209		
000:03:51.400	1096.8	23.2	23.5	1096.8	0.0	0.0	0.0	0.000	0.000	0.000	0.0	0.0		12:38:43:259		
000:03:51.450	1096.9	23.2	23.5	1096.9	0.0	0.0	0.0	0.000	0.000	0.000	0.0	0.0		12:38:43:309		
000:03:51.500	1097.0	23.2	23.5	1097.0	0.0	0.0	0.0	0.000	0.000	0.000	0.0	0.0		12:38:43:359		
000:03:51.550	1096.6	23.2	23.5	1096.6	0.0	0.0	0.0	0.000	0.000	0.000	0.0	0.0		12:38:43:409		
000:03:51.600	1096.2	23.2	23.5	1096.2	0.0	0.0	0.0	0.000	0.000	0.000	0.0	0.0		12:38:43:459		
000:03:51.650	1095.8	23.2	23.5	1095.8	0.0	0.0	0.0	0.000	0.000	0.000	0.0	0.0		12:38:43:509		
000:03:51.700	1096.1	23.2	23.5	1096.1	0.0	0.0	0.0	0.000	0.000	0.000	0.0	0.0		12:38:43:559		
000:03:51.750	1096.0	23.2	23.5	1096.0	0.0	0.0	0.0	0.000	0.000	0.000	0.0	0.0		12:38:43:609		
000:03:51.800	1095.8	23.2	23.5	1095.8	0.0	0.0	0.0	0.000	0.000	0.000	0.0	0.0		12:38:43:659		
000:03:51.850	1095.4	23.2	23.5	1095.4	0.0	0.0	0.0	0.000	0.000	0.000	0.0	0.0		12:38:43:709		
000:03:51.900	1095.5	23.2	23.5	1095.5	0.0	0.0	0.0	0.000	0.000	0.000	0.0	0.0		12:38:43:759		
000:03:51.950	1095.6	23.2	23.5	1095.6	0.0	0.0	0.0	0.000	0.000	0.000	0.0	0.0		12:38:43:809		
000:03:52.000	1095.1	23.2	23.5	1095.1	0.0	0.0	0.0	0.000	0.000	0.000	0.0	0.0		12:38:43:859		
000:03:52.050	1095.2	23.2	23.5	1095.2	0.0	0.0	0.0	0.000	0.000	0.000	0.0	0.0		12:38:43:909		
000:03:52.100	1095.2	23.2	23.5	1095.2	0.0	0.0	0.0	0.000	0.000	0.000	0.0	0.0		12:38:43:959		
000:03:52.150	1095.1	23.2	23.5	1095.1	0.0	0.0	0.0	0.000	0.000	0.000	0.0	0.0		12:38:44:009		
000:03:52.200	1094.8	23.2	23.5	1094.8	0.0	0.0	0.0	0.000	0.000	0.000	0.0	0.0		12:38:44:059		
000:03:52.250	1094.6	23.2	23.5	1094.6	0.0	0.0	0.0	0.000	0.000	0.000	0.0	0.0		12:38:44:109		
000:03:52.300	1094.9	23.2	23.5	1094.9	0.0	0.0	0.0	0.000	0.000	0.000	0.0	0.0		12:38:44:159		
000:03:52.350	1094.7	23.2	23.5	1094.7	0.0	0.0	0.0	0.000	0.000	0.000	0.0	0.0		12:38:44:209		
000:03:52.400	1094.2	23.2	23.5	1094.2	0.0	0.0	0.0	0.000	0.000	0.000	0.0	0.0		12:38:44:259		
000:03:52.450	1094.2	23.2	23.5	1094.2	0.0	0.0	0.0	0.000	0.000	0.000	0.0	0.0		12:38:44:309		
000:03:52.500	1094.2	23.2	23.5	1094.2	0.0	0.0	0.0	0.000	0.000	0.000	0.0	0.0		12:38:44:359		
000:03:52.550	1094.1	23.2	23.5	1094.1	0.0	0.0	0.0	0.000	0.000	0.000	0.0	0.0		12:38:44:409		
000:03:52.600	1093.9	23.2	23.5	1093.9	0.0	0.0	0.0	0.000	0.000	0.000	0.0	0.0		12:38:44:459		
000:03:52.650	1094.2	23.2	23.5	1094.2	0.0	0.0	0.0	0.000	0.000	0.000	0.0	0.0		12:38:44:509		
000:03:52.700	1093.3	23.2	23.5	1093.3	0.0	0.0	0.0	0.000	0.000	0.000	0.0	0.0		12:38:44:559		
000:03:52.750	1093.0	23.2	23.5	1093.0	0.0	0.0	0.0	0.000	0.000	0.000	0.0	0.0		12:38:44:609		
000:03:52.800	1093.7	23.2	23.5	1093.7	0.0	0.0	0.0	0.000	0.000	0.000	0.0	0.0		12:38:44:659		
000:03:52.850	1093.5	23.2	23.5	1093.5	0.0	0.0	0.0	0.000	0.000	0.000	0.0	0.0		12:38:44:709		
000:03:52.900	1093.4	23.2	23.5	1093.4	0.0	0.0	0.0	0.000	0.000	0.000	0.0	0.0		12:38:44:759		
000:03:52.950	1093.3	23.2	23.5	1093.3	0.0	0.0	0.0	0.000	0.000	0.000	0.0	0.0		12:38:44:809		
000:03:53.000	1093.1	23.2	23.5	1093.1	0.0	0.0	0.0	0.000	0.000	0.000	0.0	0.0		12:38:44:859		
000:03:53.050	1092.6	23.2	23.5	1092.6	0.0	0.0	0.0	0.000	0.000	0.000	0.0	0.0		12:38:44:909		
000:03:53.100	1092.7	23.2	23.5	1092.7	0.0	0.0	0.0	0.000	0.000	0.000	0.0	0.0		12:38:44:959		
000:03:53.150	1092.3	23.2	23.5	1092.3	0.0	0.0	0.0	0.000	0.000	0.000	0.0	0.0		12:38:45:009		
000:03:53.200	1092.2	23.2	23.5	1092.2	0.0	0.0	0.0	0.000	0.000	0.000	0.0	0.0		12:38:45:059		
000:03:53.250	1092.0	23.2	23.5	1092.0	0.0	0.0	0.0	0.000	0.000	0.000	0.0	0.0		12:38:45:109		
000:03:53.300	1092.4	23.2	23.5	1092.4	0.0	0.0	0.0	0.000	0.000	0.000	0.0	0.0		12:38:45:159		
000:03:53.350	1092.2	23.2	23.5	1092.2	0.0	0.0	0.0	0.000	0.000	0.000	0.0	0.0		12:38:45:209		
000:03:53.400	1091.9	23.2	23.5	1091.9	0.0	0.0	0.0	0.000	0.000	0.000	0.0	0.0		12:38:45:259		
000:03:53.450	1091.4	23.2	23.5	1091.4	0.0	0.0	0.0	0.000	0.000	0.000	0.0	0.0		12:38:45:309		
000:03:53.500	1091.8	23.2	23.5	1091.8	0.0	0.0	0.0	0.000	0.000	0.000	0.0	0.0		12:38:45:359		
000:03:53.550	1091.7	23.2	23.5	1091.7	0.0	0.0	0.0	0.000	0.000	0.000	0.0	0.0		12:38:45:409		
000:03:53.600	1091.8	23.2	23.5	1091.8	0.0	0.0	0.0	0.000	0.000	0.000	0.0	0.0		12:38:45:459		
000:03:53.650	1091.2	23.2	23.5	1091.2	0.0	0.0	0.0	0.000	0.000	0.000	0.0	0.0		12:38:45:509		
000:03:53.700	1091.4	23.2	23.5	1091.4	0.0	0.0	0.0	0.000	0.000	0.000	0.0	0.0		12:38:45:559		
000:03:53.750	1091.4	23.2	23.5	1091.4	0.0	0.0	0.0	0.000	0.000	0.000	0.0	0.0		12:38:45:609		
000:03:53.800	1090.8	23.2	23.5	1090.8	0.0	0.0	0.0	0.000	0.000	0.000	0.0	0.0		12:38:45:659		
000:03:53.850	1091.1	23.2	23.5	1091.1	0.0	0.0	0.0	0.000	0.000	0.000	0.0	0.0		12:38:45:709		
000:03:53.900	1091.0	23.2	23.5	1091.0	0.0	0.0	0.0	0.000	0.000	0.000	0.0	0.0		12:38:45:759		
000:03:53.950	1090.9	23.2	23.5	1090.9	0.0	0.0	0.0	0.000	0.000	0.000	0.0	0.0		12:38:45:809		
000:03:54.000	1090.6	23.2	23.5	1090.6	0.0	0.0	0.0	0.000	0.000	0.000	0.0	0.0		12:38:45:859		
000:03:54.050	1090.7	23.2	23.5	1090.7	0.0	0.0	0.0	0.000	0.000	0.000	0.0	0.0		12:38:45:909		
000:03:54.100	1090.7	23.2	23.5	1090.7	0.0	0.0	0.0	0.000	0.000	0.000	0.0	0.0		12:38:45:959		
000:03:54.150	1090.9	23.2	23.5	1090.9	0.0	0.0	0.0	0.000	0.000	0.000	0.0	0.0		12:38:46:009		
000:03:54.200	1090.3	23.2	23.5	1090.3	0.0	0.0	0.0	0.000	0.000	0.000	0.0	0.0		12:38:46:059		
000:03:54.250	1090.7	23.2	23.5	1090.7	0.0	0.0	0.0	0.000	0.000	0.000	0.0	0.0		12:38:46:109		
000:03:54.300	1090.2	23.2	23.5	1090.2	0.0	0.0	0.0	0.000	0.000	0.000	0.0	0.0		12:38:46:159		
000:03:54.350	1090.1	23.2	23.5	1090.1	0.0	0.0	0.0	0.000	0.000	0.000	0.0	0.0		12:38:46:209		
000:03:54.400	1090.1	23.2	23.5	1090.1	0.0	0.0	0.0	0.000	0.000	0.000	0.0	0.0		12:38:46:259		
000:03:54.450	1089.6	23.2	23.5	1089.6	0.0	0.0	0.0	0.000	0.000	0.000	0.0	0.0		12:38:46:309		
000:03:54.500	1089.2	23.2	23.5	1089.2	0.0	0.0	0.0	0.000	0.000	0.000	0.0	0.0		12:38:46:359		
000:03:54.550	1089.1	23.2	23.5	1089.1	0.0	0.0	0.0	0.000	0.000	0.000	0.0	0.0		12:38:46:409		
000:03:54.600	1089.2	23.2	23.5	1089.2	0.0	0.0	0.0	0.000	0.000	0.000	0.0	0.0		12:38:46:459		
000:03:54.650	1088.8	23.2	23.5	1088.8	0.0	0.0	0.0	0.000	0.000	0.000	0.0	0.0		12:38:46:509		
000:03:54.700	1088.9	23.2	23.5	1088.9	0.0	0.0	0.0	0.000	0.000	0.000	0.0	0.0		12:38:46:559		
000:03:54.750	1088.6	23.2	23.5	1088.6	0.0	0.0	0.0	0.000	0.000	0.000	0.0	0.0		12:38:46:609		
000:03:54.800	1088.7	23.2	23.5	1088.7	0.0	0.0	0.0	0.000	0.000	0.000	0.0	0.0		12:38:46:659		
000:03:54.850	1088.6	23.2	23.5	1088.6	0.0	0.0	0.0	0.000	0.000	0.000	0.0	0.0		12:38:46:709		
000:03:54.900	1088.7	23.2	23.5	1088.7	0.0	0.0	0.0	0.000	0.000	0.000	0.0	0.0		12:38:46:759		
000:03:54.950	1088.6	23.2	23.5	1088.6	0.0	0.0	0.0	0.000	0.000	0.000	0.0	0.0		12:38:46:809		
000:03:55.000	1088.6	23.2	23.5	1088.6	0.0	0.0	0.0	0.000	0.000	0.000	0.0	0.0		12:38:46:859		
000:03:55.050	1087.8	23.2	23.5	1087.8	0.0	0.0	0.0	0.000	0.000	0.000	0.0	0.0		12:38:46:909		
000:03:55.100	1087.7	23.2	23.5	1087.7	0.0	0.0	0.0	0.000	0.000	0.000	0.0	0.0		12:38:46:959		
000:03:55.150	1087.8	23.2	23.5	1087.8	0.0	0.0	0.0	0.000	0.000	0.000	0.0	0.0		12:38:47:009		
000:03:55.200	1087.9	23.2	23.5	1087.9	0.0	0.0	0.0	0.000	0.000	0.000	0.0	0.0		12:38:47:059		
000:03:55.250	1087.1	23.2	23.5	1087.1	0.0	0.0	0.0	0.000	0.000	0.000	0.0	0.0		12:38:47:109		
000:03:55.300	1087.6	23.2	23.5	1087.6	0.0	0.0	0.0	0.000	0.000	0.000	0.0	0.0		12:38:47:159		
000:03:55.350	1087.3	23.2	23.5	1087.3	0.0	0.0	0.0	0.000	0.000	0.000	0.0	0.0		12:38:47:209		
000:03:55.400	1087.5	23.2	23.5	1087.5	0.0	0.0	0.0	0.000	0.000	0.000	0.0	0.0		12:38:47:259		
000:03:55.450	1087.2	23.2	23.5	1087.2	0.0	0.0	0.0	0.000	0.000	0.000	0.0	0.0		12:38:47:309		
000:03:55.500	1086.9	23.2	23.5	1086.9	0.0	0.0	0.0	0.000	0.000	0.000	0.0	0.0		12:38:47:359		
000:03:55.550	1086.6	23.2	23.5	1086.6	0.0	0.0	0.0	0.000	0.000	0.000	0.0	0.0		12:38:47:409		
000:03:55.600	1087.1	23.2	23.5	1087.1	0.0	0.0	0.0	0.000	0.000	0.000	0.0	0.0		12:38:47:459		
000:03:55.650	1086.9	23.2	23.5	1086.9	0.0	0.0	0.0	0.000	0.000	0.000	0.0	0.0		12:38:47:509		
000:03:55.700	1086.6	23.2	23.5	1086.6	0.0	0.0	0.0	0.000	0.000	0.000	0.0	0.0		12:38:47:559		
000:03:55.750	1086.4	23.2	23.5	1086.4	0.0	0.0	0.0	0.000	0.000	0.000	0.0	0.0		12:38:47:609		
000:03:55.800	1086.5	23.2	23.5	1086.5	0.0	0.0	0.0	0.000	0.000	0.000	0.0	0.0		12:38:47:659		
000:03:55.850	1086.2	23.2	23.5	1086.2	0.0	0.0	0.0	0.000	0.000	0.000	0.0	0.0		12:38:47:709		
000:03:55.900	1086.1	23.2	23.5	1086.1	0.0	0.0	0.0	0.000	0.000	0.000	0.0	0.0		12:38:47:759		
000:03:55.950	1086.4	23.2	23.5	1086.4	0.0	0.0	0.0	0.000	0.000	0.000	0.0	0.0		12:38:47:809		
000:03:56.000	1086.1	23.2	23.5	1086.1	0.0	0.0	0.0	0.000	0.000	0.000	0.0	0.0		12:38:47:859		
000:03:56.050	1086.3	23.2	23.5	1086.3	0.0	0.0	0.0	0.000	0.000	0.000	0.0	0.0		12:38:47:909		
000:03:56.100	1085.7	23.2	23.5	1085.7	0.0	0.0	0.0	0.000	0.000	0.000	0.0	0.0		12:38:47:959		
000:03:56.150	1085.8	23.2	23.5	1085.8	0.0	0.0	0.0	0.000	0.000	0.000	0.0	0.0		12:38:48:009		
000:03:56.200	1085.8	23.2	23.5	1085.8	0.0	0.0	0.0	0.000	0.000	0.000	0.0	0.0		12:38:48:059		
000:03:56.250	1085.8	23.2	23.5	1085.8	0.0	0.0	0.0	0.000	0.000	0.000	0.0	0.0		12:38:48:109		
000:03:56.300	1085.0	23.2	23.5	1085.0	0.0	0.0	0.0	0.000	0.000	0.000	0.0	0.0		12:38:48:159		
000:03:56.350	1085.0	23.2	23.5	1085.0	0.0	0.0	0.0	0.000	0.000	0.000	0.0	0.0		12:38:48:209		
000:03:56.400	1085.4	23.2	23.5	1085.4	0.0	0.0	0.0	0.000	0.000	0.000	0.0	0.0		12:38:48:259		
000:03:56.450	1084.8	23.2	23.5	1084.8	0.0	0.0	0.0	0.000	0.000	0.000	0.0	0.0		12:38:48:309		
000:03:56.500	1084.7	23.2	23.5	1084.7	0.0	0.0	0.0	0.000	0.000	0.000	0.0	0.0		12:38:48:359		
000:03:56.550	1084.9	23.2	23.5	1084.9	0.0	0.0	0.0	0.000	0.000	0.000	0.0	0.0		12:38:48:409		
000:03:56.600	1084.4	23.2	23.5	1084.4	0.0	0.0	0.0	0.000	0.000	0.000	0.0	0.0		12:38:48:459		
000:03:56.650	1084.3	23.2	23.5	1084.3	0.0	0.0	0.0	0.000	0.000	0.000	0.0	0.0		12:38:48:509		
000:03:56.700	1084.7	23.2	23.5	1084.7	0.0	0.0	0.0	0.000	0.000	0.000	0.0	0.0		12:38:48:559		
000:03:56.750	1084.2	23.2	23.5	1084.2	0.0	0.0	0.0	0.000	0.000	0.000	0.0	0.0		12:38:48:609		
000:03:56.800	1084.5	23.2	23.5	1084.5	0.0	0.0	0.0	0.000	0.000	0.000	0.0	0.0		12:38:48:659		
000:03:56.850	1084.6	23.2	23.5	1084.6	0.0	0.0	0.0	0.000	0.000	0.000	0.0	0.0		12:38:48:709		
000:03:56.900	1084.6	23.2	23.5	1084.6	0.0	0.0	0.0	0.000	0.000	0.000	0.0	0.0		12:38:48:759		
000:03:56.950	1084.4	23.2	23.5	1084.4	0.0	0.0	0.0	0.000	0.000	0.000	0.0	0.0		12:38:48:809		
000:03:57.000	1083.8	23.2	23.5	1083.8	0.0	0.0	0.0	0.000	0.000	0.000	0.0	0.0		12:38:48:859		
000:03:57.050	1083.8	23.2	23.5	1083.8	0.0	0.0	0.0	0.000	0.000	0.000	0.0	0.0		12:38:48:909		
000:03:57.100	1083.6	23.2	23.5	1083.6	0.0	0.0	0.0	0.000	0.000	0.000	0.0	0.0		12:38:48:959		
000:03:57.150	1082.9	23.2	23.5	1082.9	0.0	0.0	0.0	0.000	0.000	0.000	0.0	0.0		12:38:49:009		
000:03:57.200	1083.4	23.2	23.5	1083.4	0.0	0.0	0.0	0.000	0.000	0.000	0.0	0.0		12:38:49:059		
000:03:57.250	1083.4	23.2	23.5	1083.4	0.0	0.0	0.0	0.000	0.000	0.000	0.0	0.0		12:38:49:109		
000:03:57.300	1083.3	23.2	23.5	1083.3	0.0	0.0	0.0	0.000	0.000	0.000	0.0	0.0		12:38:49:159		
000:03:57.350	1083.7	23.2	23.5	1083.7	0.0	0.0	0.0	0.000	0.000	0.000	0.0	0.0		12:38:49:209		
000:03:57.400	1083.7	23.2	23.5	1083.7	0.0	0.0	0.0	0.000	0.000	0.000	0.0	0.0		12:38:49:259		
000:03:57.450	1083.0	23.2	23.5	1083.0	0.0	0.0	0.0	0.000	0.000	0.000	0.0	0.0		12:38:49:309		
000:03:57.500	1082.3	23.2	23.5	1082.3	0.0	0.0	0.0	0.000	0.000	0.000	0.0	0.0		12:38:49:359		
000:03:57.550	1082.4	23.2	23.5	1082.4	0.0	0.0	0.0	0.000	0.000	0.000	0.0	0.0		12:38:49:409		
000:03:57.600	1082.9	23.2	23.5	1082.9	0.0	0.0	0.0	0.000	0.000	0.000	0.0	0.0		12:38:49:459		
000:03:57.650	1083.2	23.2	23.5	1083.2	0.0	0.0	0.0	0.000	0.000	0.000	0.0	0.0		12:38:49:509		
000:03:57.700	1082.5	23.2	23.5	1082.5	0.0	0.0	0.0	0.000	0.000	0.000	0.0	0.0		12:38:49:559		
000:03:57.750	1082.5	23.2	23.5	1082.5	0.0	0.0	0.0	0.000	0.000	0.000	0.0	0.0		12:38:49:609		
000:03:57.800	1082.7	23.2	23.5	1082.7	0.0	0.0	0.0	0.000	0.000	0.000	0.0	0.0		12:38:49:659		
000:03:57.850	1082.6	23.2	23.5	1082.6	0.0	0.0	0.0	0.000	0.000	0.000	0.0	0.0		12:38:49:709		
000:03:57.900	1082.9	23.2	23.5	1082.9	0.0	0.0	0.0	0.000	0.000	0.000	0.0	0.0		12:38:49:759		
000:03:57.950	1082.5	23.2	23.5	1082.5	0.0	0.0	0.0	0.000	0.000	0.000	0.0	0.0		12:38:49:809		
000:03:58.000	1082.6	23.2	23.5	1082.6	0.0	0.0	0.0	0.000	0.000	0.000	0.0	0.0		12:38:49:859		
000:03:58.050	1082.4	23.2	23.5	1082.4	0.0	0.0	0.0	0.000	0.000	0.000	0.0	0.0		12:38:49:909		
000:03:58.100	1082.4	23.2	23.5	1082.4	0.0	0.0	0.0	0.000	0.000	0.000	0.0	0.0		12:38:49:959		
000:03:58.150	1082.4	23.2	23.5	1082.4	0.0	0.0	0.0	0.000	0.000	0.000	0.0	0.0		12:38:50:009		
000:03:58.200	1081.9	23.2	23.5	1081.9	0.0	0.0	0.0	0.000	0.000	0.000	0.0	0.0		12:38:50:059		
000:03:58.250	1081.8	23.2	23.5	1081.8	0.0	0.0	0.0	0.000	0.000	0.000	0.0	0.0		12:38:50:109		
000:03:58.300	1082.4	23.2	23.5	1082.4	0.0	0.0	0.0	0.000	0.000	0.000	0.0	0.0		12:38:50:159		
000:03:58.350	1081.9	23.2	23.5	1081.9	0.0	0.0	0.0	0.000	0.000	0.000	0.0	0.0		12:38:50:209		
000:03:58.400	1081.5	23.2	23.5	1081.5	0.0	0.0	0.0	0.000	0.000	0.000	0.0	0.0		12:38:50:259		
000:03:58.450	1081.8	23.2	23.5	1081.8	0.0	0.0	0.0	0.000	0.000	0.000	0.0	0.0		12:38:50:309		
000:03:58.500	1081.8	23.2	23.5	1081.8	0.0	0.0	0.0	0.000	0.000	0.000	0.0	0.0		12:38:50:359		
000:03:58.550	1081.4	23.2	23.5	1081.4	0.0	0.0	0.0	0.000	0.000	0.000	0.0	0.0		12:38:50:409		
000:03:58.600	1081.7	23.2	23.5	1081.7	0.0	0.0	0.0	0.000	0.000	0.000	0.0	0.0		12:38:50:459		
000:03:58.650	1081.2	23.2	23.5	1081.2	0.0	0.0	0.0	0.000	0.000	0.000	0.0	0.0		12:38:50:509		
000:03:58.700	1081.1	23.2	23.5	1081.1	0.0	0.0	0.0	0.000	0.000	0.000	0.0	0.0		12:38:50:559		
000:03:58.750	1081.0	23.2	23.5	1081.0	0.0	0.0	0.0	0.000	0.000	0.000	0.0	0.0		12:38:50:609		
000:03:58.800	1081.0	23.2	23.5	1081.0	0.0	0.0	0.0	0.000	0.000	0.000	0.0	0.0		12:38:50:659		
000:03:58.850	1081.2	23.2	23.5	1081.2	0.0	0.0	0.0	0.000	0.000	0.000	0.0	0.0		12:38:50:709		
000:03:58.900	1081.5	23.2	23.5	1081.5	0.0	0.0	0.0	0.000	0.000	0.000	0.0	0.0		12:38:50:759		
000:03:58.950	1081.5	23.2	23.5	1081.5	0.0	0.0	0.0	0.000	0.000	0.000	0.0	0.0		12:38:50:809		
000:03:59.000	1081.0	23.2	23.5	1081.0	0.0	0.0	0.0	0.000	0.000	0.000	0.0	0.0		12:38:50:859		
000:03:59.050	1081.0	23.2	23.5	1081.0	0.0	0.0	0.0	0.000	0.000	0.000	0.0	0.0		12:38:50:909		
000:03:59.100	1081.0	23.2	23.5	1081.0	0.0	0.0	0.0	0.000	0.000	0.000	0.0	0.0		12:38:50:959		
000:03:59.150	1081.0	23.2	23.5	1081.0	0.0	0.0	0.0	0.000	0.000	0.000	0.0	0.0		12:38:51:009		
000:03:59.200	1080.7	23.2	23.5	1080.7	0.0	0.0	0.0	0.000	0.000	0.000	0.0	0.0		12:38:51:059		
000:03:59.250	1080.7	23.2	23.5	1080.7	0.0	0.0	0.0	0.000	0.000	0.000	0.0	0.0		12:38:51:109		
000:03:59.300	1080.8	23.2	23.5	1080.8	0.0	0.0	0.0	0.000	0.000	0.000	0.0	0.0		12:38:51:159		
000:03:59.350	1080.7	23.2	23.5	1080.7	0.0	0.0	0.0	0.000	0.000	0.000	0.0	0.0		12:38:51:209		
000:03:59.400	1080.8	23.2	23.5	1080.8	0.0	0.0	0.0	0.000	0.000	0.000	0.0	0.0		12:38:51:259		
000:03:59.450	1080.3	23.2	23.5	1080.3	0.0	0.0	0.0	0.000	0.000	0.000	0.0	0.0		12:38:51:309		
000:03:59.500	1080.5	23.2	23.5	1080.5	0.0	0.0	0.0	0.000	0.000	0.000	0.0	0.0		12:38:51:359		
000:03:59.550	1080.7	23.2	23.5	1080.7	0.0	0.0	0.0	0.000	0.000	0.000	0.0	0.0		12:38:51:409		
000:03:59.600	1080.3	23.2	23.5	1080.3	0.0	0.0	0.0	0.000	0.000	0.000	0.0	0.0		12:38:51:459		
000:03:59.650	1080.3	23.2	23.5	1080.3	0.0	0.0	0.0	0.000	0.000	0.000	0.0	0.0		12:38:51:509		
000:03:59.700	1080.7	23.2	23.5	1080.7	0.0	0.0	0.0	0.000	0.000	0.000	0.0	0.0		12:38:51:559		
000:03:59.750	1080.2	23.2	23.5	1080.2	0.0	0.0	0.0	0.000	0.000	0.000	0.0	0.0		12:38:51:609		
000:03:59.800	1080.1	23.2	23.5	1080.1	0.0	0.0	0.0	0.000	0.000	0.000	0.0	0.0		12:38:51:659		
000:03:59.850	1079.9	23.2	23.5	1079.9	0.0	0.0	0.0	0.000	0.000	0.000	0.0	0.0		12:38:51:709		
000:03:59.900	1080.2	23.2	23.5	1080.2	0.0	0.0	0.0	0.000	0.000	0.000	0.0	0.0		12:38:51:759		
000:03:59.950	1079.4	23.2	23.5	1079.4	0.0	0.0	0.0	0.000	0.000	0.000	0.0	0.0		12:38:51:809		
000:04:00.000	1079.9	23.2	23.5	1079.9	0.0	0.0	0.0	0.000	0.000	0.000	0.0	0.0		12:38:51:859		
000:04:00.050	1079.7	23.2	23.5	1079.7	0.0	0.0	0.0	0.000	0.000	0.000	0.0	0.0		12:38:51:909		
000:04:00.100	1079.5	23.2	23.5	1079.5	0.0	0.0	0.0	0.000	0.000	0.000	0.0	0.0		12:38:51:959		
000:04:00.150	1079.6	23.2	23.5	1079.6	0.0	0.0	0.0	0.000	0.000	0.000	0.0	0.0		12:38:52:009		
000:04:00.200	1079.3	23.2	23.5	1079.3	0.0	0.0	0.0	0.000	0.000	0.000	0.0	0.0		12:38:52:059		
000:04:00.250	1079.8	23.2	23.5	1079.8	0.0	0.0	0.0	0.000	0.000	0.000	0.0	0.0		12:38:52:109		
000:04:00.300	1078.9	23.2	23.5	1078.9	0.0	0.0	0.0	0.000	0.000	0.000	0.0	0.0		12:38:52:159		
000:04:00.350	1079.6	23.2	23.5	1079.6	0.0	0.0	0.0	0.000	0.000	0.000	0.0	0.0		12:38:52:209		
000:04:00.400	1079.1	23.2	23.5	1079.1	0.0	0.0	0.0	0.000	0.000	0.000	0.0	0.0		12:38:52:259		
000:04:00.450	1079.0	23.2	23.5	1079.0	0.0	0.0	0.0	0.000	0.000	0.000	0.0	0.0		12:38:52:309		
000:04:00.500	1079.2	23.2	23.5	1079.2	0.0	0.0	0.0	0.000	0.000	0.000	0.0	0.0		12:38:52:359		
000:04:00.550	1079.5	23.2	23.5	1079.5	0.0	0.0	0.0	0.000	0.000	0.000	0.0	0.0		12:38:52:409		
000:04:00.600	1079.3	23.2	23.5	1079.3	0.0	0.0	0.0	0.000	0.000	0.000	0.0	0.0		12:38:52:459		
000:04:00.650	1079.1	23.2	23.5	1079.1	0.0	0.0	0.0	0.000	0.000	0.000	0.0	0.0		12:38:52:509		
000:04:00.700	1079.1	23.2	23.5	1079.1	0.0	0.0	0.0	0.000	0.000	0.000	0.0	0.0		12:38:52:559		
000:04:00.750	1079.4	23.2	23.5	1079.4	0.0	0.0	0.0	0.000	0.000	0.000	0.0	0.0		12:38:52:609		
000:04:00.800	1079.0	23.2	23.5	1079.0	0.0	0.0	0.0	0.000	0.000	0.000	0.0	0.0		12:38:52:659		
000:04:00.850	1078.5	23.2	23.5	1078.5	0.0	0.0	0.0	0.000	0.000	0.000	0.0	0.0		12:38:52:709		
000:04:00.900	1078.5	23.2	23.5	1078.5	0.0	0.0	0.0	0.000	0.000	0.000	0.0	0.0		12:38:52:759		
000:04:00.950	1079.3	23.2	23.5	1079.3	0.0	0.0	0.0	0.000	0.000	0.000	0.0	0.0		12:38:52:809		
000:04:01.000	1079.4	23.2	23.5	1079.4	0.0	0.0	0.0	0.000	0.000	0.000	0.0	0.0		12:38:52:859		
000:04:01.050	1079.0	23.2	23.5	1079.0	0.0	0.0	0.0	0.000	0.000	0.000	0.0	0.0		12:38:52:909		
000:04:01.100	1079.0	23.2	23.5	1079.0	0.0	0.0	0.0	0.000	0.000	0.000	0.0	0.0		12:38:52:959		
000:04:01.150	1078.8	23.2	23.5	1078.8	0.0	0.0	0.0	0.000	0.000	0.000	0.0	0.0		12:38:53:009		
000:04:01.200	1078.6	23.2	23.5	1078.6	0.0	0.0	0.0	0.000	0.000	0.000	0.0	0.0		12:38:53:059		
000:04:01.250	1078.7	23.2	23.5	1078.7	0.0	0.0	0.0	0.000	0.000	0.000	0.0	0.0		12:38:53:109		
000:04:01.300	1078.5	23.2	23.5	1078.5	0.0	0.0	0.0	0.000	0.000	0.000	0.0	0.0		12:38:53:159		
000:04:01.350	1078.2	23.2	23.5	1078.2	0.0	0.0	0.0	0.000	0.000	0.000	0.0	0.0		12:38:53:209		
000:04:01.400	1078.5	23.2	23.5	1078.5	0.0	0.0	0.0	0.000	0.000	0.000	0.0	0.0		12:38:53:259		
000:04:01.450	1078.6	23.2	23.5	1078.6	0.0	0.0	0.0	0.000	0.000	0.000	0.0	0.0		12:38:53:309		
000:04:01.500	1079.2	23.2	23.5	1079.2	0.0	0.0	0.0	0.000	0.000	0.000	0.0	0.0		12:38:53:359		
000:04:01.550	1078.6	23.2	23.5	1078.6	0.0	0.0	0.0	0.000	0.000	0.000	0.0	0.0		12:38:53:409		
000:04:01.600	1078.8	23.2	23.5	1078.8	0.0	0.0	0.0	0.000	0.000	0.000	0.0	0.0		12:38:53:459		
000:04:01.650	1078.4	23.2	23.5	1078.4	0.0	0.0	0.0	0.000	0.000	0.000	0.0	0.0		12:38:53:509		
000:04:01.700	1078.5	23.2	23.5	1078.5	0.0	0.0	0.0	0.000	0.000	0.000	0.0	0.0		12:38:53:559		
000:04:01.750	1078.9	23.2	23.5	1078.9	0.0	0.0	0.0	0.000	0.000	0.000	0.0	0.0		12:38:53:609		
000:04:01.800	1078.4	23.2	23.5	1078.4	0.0	0.0	0.0	0.000	0.000	0.000	0.0	0.0		12:38:53:659		
000:04:01.850	1078.3	23.2	23.5	1078.3	0.0	0.0	0.0	0.000	0.000	0.000	0.0	0.0		12:38:53:709		
000:04:01.900	1078.0	23.2	23.5	1078.0	0.0	0.0	0.0	0.000	0.000	0.000	0.0	0.0		12:38:53:759		
000:04:01.950	1078.1	23.2	23.5	1078.1	0.0	0.0	0.0	0.000	0.000	0.000	0.0	0.0		12:38:53:809		
000:04:02.000	1077.9	23.2	23.5	1077.9	0.0	0.0	0.0	0.000	0.000	0.000	0.0	0.0		12:38:53:859		
000:04:02.050	1078.2	23.2	23.5	1078.2	0.0	0.0	0.0	0.000	0.000	0.000	0.0	0.0		12:38:53:909		
000:04:02.100	1078.3	23.2	23.5	1078.3	0.0	0.0	0.0	0.000	0.000	0.000	0.0	0.0		12:38:53:959		
000:04:02.150	1078.8	23.2	23.5	1078.8	0.0	0.0	0.0	0.000	0.000	0.000	0.0	0.0		12:38:54:009		
000:04:02.200	1078.2	23.2	23.5	1078.2	0.0	0.0	0.0	0.000	0.000	0.000	0.0	0.0		12:38:54:059		
000:04:02.250	1078.7	23.2	23.5	1078.7	0.0	0.0	0.0	0.000	0.000	0.000	0.0	0.0		12:38:54:109		
000:04:02.300	1078.1	23.2	23.5	1078.1	0.0	0.0	0.0	0.000	0.000	0.000	0.0	0.0		12:38:54:159		
000:04:02.350	1078.1	23.2	23.5	1078.1	0.0	0.0	0.0	0.000	0.000	0.000	0.0	0.0		12:38:54:209		
000:04:02.400	1078.4	23.2	23.5	1078.4	0.0	0.0	0.0	0.000	0.000	0.000	0.0	0.0		12:38:54:259		
000:04:02.450	1077.6	23.2	23.5	1077.6	0.0	0.0	0.0	0.000	0.000	0.000	0.0	0.0		12:38:54:309		
000:04:02.500	1077.9	23.2	23.5	1077.9	0.0	0.0	0.0	0.000	0.000	0.000	0.0	0.0		12:38:54:359		
000:04:02.550	1078.2	23.2	23.5	1078.2	0.0	0.0	0.0	0.000	0.000	0.000	0.0	0.0		12:38:54:409		
000:04:02.600	1078.0	23.2	23.5	1078.0	0.0	0.0	0.0	0.000	0.000	0.000	0.0	0.0		12:38:54:459		
000:04:02.650	1078.2	23.2	23.5	1078.2	0.0	0.0	0.0	0.000	0.000	0.000	0.0	0.0		12:38:54:509		
000:04:02.700	1078.2	23.2	23.5	1078.2	0.0	0.0	0.0	0.000	0.000	0.000	0.0	0.0		12:38:54:559		
000:04:02.750	1078.0	23.2	23.5	1078.0	0.0	0.0	0.0	0.000	0.000	0.000	0.0	0.0		12:38:54:609		
000:04:02.800	1078.1	23.2	23.5	1078.1	0.0	0.0	0.0	0.000	0.000	0.000	0.0	0.0		12:38:54:659		
000:04:02.850	1077.8	23.2	23.5	1077.8	0.0	0.0	0.0	0.000	0.000	0.000	0.0	0.0		12:38:54:709		
000:04:02.900	1077.8	23.2	23.5	1077.8	0.0	0.0	0.0	0.000	0.000	0.000	0.0	0.0		12:38:54:759		
000:04:02.950	1078.4	23.2	23.5	1078.4	0.0	0.0	0.0	0.000	0.000	0.000	0.0	0.0		12:38:54:809		
000:04:03.000	1078.6	23.2	23.5	1078.6	0.0	0.0	0.0	0.000	0.000	0.000	0.0	0.0		12:38:54:859		
000:04:03.050	1078.0	23.2	23.5	1078.0	0.0	0.0	0.0	0.000	0.000	0.000	0.0	0.0		12:38:54:909		
000:04:03.100	1078.2	23.2	23.5	1078.2	0.0	0.0	0.0	0.000	0.000	0.000	0.0	0.0		12:38:54:959		
000:04:03.150	1078.1	23.2	23.5	1078.1	0.0	0.0	0.0	0.000	0.000	0.000	0.0	0.0		12:38:55:009		
000:04:03.200	1078.0	23.2	23.5	1078.0	0.0	0.0	0.0	0.000	0.000	0.000	0.0	0.0		12:38:55:059		
000:04:03.250	1077.8	23.2	23.5	1077.8	0.0	0.0	0.0	0.000	0.000	0.000	0.0	0.0		12:38:55:109		
000:04:03.300	1077.8	23.2	23.5	1077.8	0.0	0.0	0.0	0.000	0.000	0.000	0.0	0.0		12:38:55:159		
000:04:03.350	1078.0	23.2	23.5	1078.0	0.0	0.0	0.0	0.000	0.000	0.000	0.0	0.0		12:38:55:209		
000:04:03.400	1077.6	23.2	23.5	1077.6	0.0	0.0	0.0	0.000	0.000	0.000	0.0	0.0		12:38:55:259		
000:04:03.450	1078.3	23.2	23.5	1078.3	0.0	0.0	0.0	0.000	0.000	0.000	0.0	0.0		12:38:55:309		
000:04:03.500	1078.1	23.2	23.5	1078.1	0.0	0.0	0.0	0.000	0.000	0.000	0.0	0.0		12:38:55:359		
000:04:03.550	1077.9	23.2	23.5	1077.9	0.0	0.0	0.0	0.000	0.000	0.000	0.0	0.0		12:38:55:409		
000:04:03.600	1077.8	23.2	23.5	1077.8	0.0	0.0	0.0	0.000	0.000	0.000	0.0	0.0		12:38:55:459		
000:04:03.650	1077.9	23.2	23.5	1077.9	0.0	0.0	0.0	0.000	0.000	0.000	0.0	0.0		12:38:55:509		
000:04:03.700	1078.2	23.2	23.5	1078.2	0.0	0.0	0.0	0.000	0.000	0.000	0.0	0.0		12:38:55:559		
000:04:03.750	1078.1	23.2	23.5	1078.1	0.0	0.0	0.0	0.000	0.000	0.000	0.0	0.0		12:38:55:609		
000:04:03.800	1077.7	23.2	23.5	1077.7	0.0	0.0	0.0	0.000	0.000	0.000	0.0	0.0		12:38:55:659		
000:04:03.850	1077.3	23.2	23.5	1077.3	0.0	0.0	0.0	0.000	0.000	0.000	0.0	0.0		12:38:55:709		
000:04:03.900	1077.3	23.2	23.5	1077.3	0.0	0.0	0.0	0.000	0.000	0.000	0.0	0.0		12:38:55:759		
000:04:03.950	1077.9	23.2	23.5	1077.9	0.0	0.0	0.0	0.000	0.000	0.000	0.0	0.0		12:38:55:809		
000:04:04.000	1078.2	23.2	23.5	1078.2	0.0	0.0	0.0	0.000	0.000	0.000	0.0	0.0		12:38:55:859		
000:04:04.050	1077.2	23.2	23.5	1077.2	0.0	0.0	0.0	0.000	0.000	0.000	0.0	0.0		12:38:55:909		
000:04:04.100	1077.3	23.2	23.5	1077.3	0.0	0.0	0.0	0.000	0.000	0.000	0.0	0.0		12:38:55:959		
000:04:04.150	1077.7	23.2	23.5	1077.7	0.0	0.0	0.0	0.000	0.000	0.000	0.0	0.0		12:38:56:009		
000:04:04.200	1077.3	23.2	23.5	1077.3	0.0	0.0	0.0	0.000	0.000	0.000	0.0	0.0		12:38:56:059		
000:04:04.250	1077.9	23.2	23.5	1077.9	0.0	0.0	0.0	0.000	0.000	0.000	0.0	0.0		12:38:56:109		
000:04:04.300	1077.7	23.2	23.5	1077.7	0.0	0.0	0.0	0.000	0.000	0.000	0.0	0.0		12:38:56:159		
000:04:04.350	1077.8	23.2	23.5	1077.8	0.0	0.0	0.0	0.000	0.000	0.000	0.0	0.0		12:38:56:209		
000:04:04.400	1077.6	23.2	23.5	1077.6	0.0	0.0	0.0	0.000	0.000	0.000	0.0	0.0		12:38:56:259		
000:04:04.450	1077.5	23.2	23.5	1077.5	0.0	0.0	0.0	0.000	0.000	0.000	0.0	0.0		12:38:56:309		
000:04:04.500	1077.6	23.2	23.5	1077.6	0.0	0.0	0.0	0.000	0.000	0.000	0.0	0.0		12:38:56:359		
000:04:04.550	1077.5	23.2	23.5	1077.5	0.0	0.0	0.0	0.000	0.000	0.000	0.0	0.0		12:38:56:409		
000:04:04.600	1077.9	23.2	23.5	1077.9	0.0	0.0	0.0	0.000	0.000	0.000	0.0	0.0		12:38:56:459		
000:04:04.650	1078.0	23.2	23.5	1078.0	0.0	0.0	0.0	0.000	0.000	0.000	0.0	0.0		12:38:56:509		
000:04:04.700	1077.6	23.2	23.5	1077.6	0.0	0.0	0.0	0.000	0.000	0.000	0.0	0.0		12:38:56:559		
000:04:04.750	1077.5	23.2	23.5	1077.5	0.0	0.0	0.0	0.000	0.000	0.000	0.0	0.0		12:38:56:609		
000:04:04.800	1077.6	23.2	23.5	1077.6	0.0	0.0	0.0	0.000	0.000	0.000	0.0	0.0		12:38:56:659		
000:04:04.850	1077.1	23.2	23.5	1077.1	0.0	0.0	0.0	0.000	0.000	0.000	0.0	0.0		12:38:56:709		
000:04:04.900	1077.6	23.2	23.5	1077.6	0.0	0.0	0.0	0.000	0.000	0.000	0.0	0.0		12:38:56:759		
000:04:04.950	1077.4	23.2	23.5	1077.4	0.0	0.0	0.0	0.000	0.000	0.000	0.0	0.0		12:38:56:809		
000:04:05.000	1077.5	23.2	23.5	1077.5	0.0	0.0	0.0	0.000	0.000	0.000	0.0	0.0		12:38:56:859		
000:04:05.050	1077.3	23.2	23.5	1077.3	0.0	0.0	0.0	0.000	0.000	0.000	0.0	0.0		12:38:56:909		
000:04:05.100	1077.6	23.2	23.5	1077.6	0.0	0.0	0.0	0.000	0.000	0.000	0.0	0.0		12:38:56:959		
000:04:05.150	1077.5	23.2	23.5	1077.5	0.0	0.0	0.0	0.000	0.000	0.000	0.0	0.0		12:38:57:009		
000:04:05.200	1077.4	23.2	23.5	1077.4	0.0	0.0	0.0	0.000	0.000	0.000	0.0	0.0		12:38:57:059		
000:04:05.250	1077.6	23.2	23.5	1077.6	0.0	0.0	0.0	0.000	0.000	0.000	0.0	0.0		12:38:57:109		
000:04:05.300	1077.5	23.2	23.5	1077.5	0.0	0.0	0.0	0.000	0.000	0.000	0.0	0.0		12:38:57:159		
000:04:05.350	1077.8	23.2	23.5	1077.8	0.0	0.0	0.0	0.000	0.000	0.000	0.0	0.0		12:38:57:209		
000:04:05.400	1077.8	23.2	23.5	1077.8	0.0	0.0	0.0	0.000	0.000	0.000	0.0	0.0		12:38:57:259		
000:04:05.450	1077.6	23.2	23.5	1077.6	0.0	0.0	0.0	0.000	0.000	0.000	0.0	0.0		12:38:57:309		
000:04:05.500	1077.5	23.2	23.5	1077.5	0.0	0.0	0.0	0.000	0.000	0.000	0.0	0.0		12:38:57:359		
000:04:05.550	1077.7	23.2	23.5	1077.7	0.0	0.0	0.0	0.000	0.000	0.000	0.0	0.0		12:38:57:409		
000:04:05.600	1077.6	23.2	23.5	1077.6	0.0	0.0	0.0	0.000	0.000	0.000	0.0	0.0		12:38:57:459		
000:04:05.650	1077.7	23.2	23.5	1077.7	0.0	0.0	0.0	0.000	0.000	0.000	0.0	0.0		12:38:57:509		
000:04:05.700	1078.1	23.2	23.5	1078.1	0.0	0.0	0.0	0.000	0.000	0.000	0.0	0.0		12:38:57:559		
000:04:05.750	1077.9	23.2	23.5	1077.9	0.0	0.0	0.0	0.000	0.000	0.000	0.0	0.0		12:38:57:609		
000:04:05.800	1077.7	23.2	23.5	1077.7	0.0	0.0	0.0	0.000	0.000	0.000	0.0	0.0		12:38:57:659		
000:04:05.850	1078.0	23.2	23.5	1078.0	0.0	0.0	0.0	0.000	0.000	0.000	0.0	0.0		12:38:57:709		
000:04:05.900	1078.1	23.2	23.5	1078.1	0.0	0.0	0.0	0.000	0.000	0.000	0.0	0.0		12:38:57:759		
000:04:05.950	1077.9	23.2	23.5	1077.9	0.0	0.0	0.0	0.000	0.000	0.000	0.0	0.0		12:38:57:809		
000:04:06.000	1078.0	23.2	23.5	1078.0	0.0	0.0	0.0	0.000	0.000	0.000	0.0	0.0		12:38:57:859		
000:04:06.050	1078.1	23.2	23.5	1078.1	0.0	0.0	0.0	0.000	0.000	0.000	0.0	0.0		12:38:57:909		
000:04:06.100	1078.0	23.2	23.5	1078.0	0.0	0.0	0.0	0.000	0.000	0.000	0.0	0.0		12:38:57:959		
000:04:06.150	1077.7	23.2	23.5	1077.7	0.0	0.0	0.0	0.000	0.000	0.000	0.0	0.0		12:38:58:009		
000:04:06.200	1078.2	23.2	23.5	1078.2	0.0	0.0	0.0	0.000	0.000	0.000	0.0	0.0		12:38:58:059		
000:04:06.250	1077.8	23.2	23.5	1077.8	0.0	0.0	0.0	0.000	0.000	0.000	0.0	0.0		12:38:58:109		
000:04:06.300	1078.2	23.2	23.5	1078.2	0.0	0.0	0.0	0.000	0.000	0.000	0.0	0.0		12:38:58:159		
000:04:06.350	1078.2	23.2	23.5	1078.2	0.0	0.0	0.0	0.000	0.000	0.000	0.0	0.0		12:38:58:209		
000:04:06.400	1078.2	23.2	23.5	1078.2	0.0	0.0	0.0	0.000	0.000	0.000	0.0	0.0		12:38:58:259		
000:04:06.450	1078.8	23.2	23.5	1078.8	0.0	0.0	0.0	0.000	0.000	0.000	0.0	0.0		12:38:58:309		
000:04:06.500	1078.4	23.2	23.5	1078.4	0.0	0.0	0.0	0.000	0.000	0.000	0.0	0.0		12:38:58:359		
000:04:06.550	1078.3	23.2	23.5	1078.3	0.0	0.0	0.0	0.000	0.000	0.000	0.0	0.0		12:38:58:409		
000:04:06.600	1078.3	23.2	23.5	1078.3	0.0	0.0	0.0	0.000	0.000	0.000	0.0	0.0		12:38:58:459		
000:04:06.650	1077.9	23.2	23.5	1077.9	0.0	0.0	0.0	0.000	0.000	0.000	0.0	0.0		12:38:58:509		
000:04:06.700	1077.7	23.2	23.5	1077.7	0.0	0.0	0.0	0.000	0.000	0.000	0.0	0.0		12:38:58:559		
000:04:06.750	1078.5	23.2	23.5	1078.5	0.0	0.0	0.0	0.000	0.000	0.000	0.0	0.0		12:38:58:609		
000:04:06.800	1078.4	23.2	23.5	1078.4	0.0	0.0	0.0	0.000	0.000	0.000	0.0	0.0		12:38:58:659		
000:04:06.850	1078.6	23.2	23.5	1078.6	0.0	0.0	0.0	0.000	0.000	0.000	0.0	0.0		12:38:58:709		
000:04:06.900	1078.3	23.2	23.5	1078.3	0.0	0.0	0.0	0.000	0.000	0.000	0.0	0.0		12:38:58:759		
000:04:06.950	1078.8	23.2	23.5	1078.8	0.0	0.0	0.0	0.000	0.000	0.000	0.0	0.0		12:38:58:809		
000:04:07.000	1078.3	23.2	23.5	1078.3	0.0	0.0	0.0	0.000	0.000	0.000	0.0	0.0		12:38:58:859		
000:04:07.050	1078.3	23.2	23.5	1078.3	0.0	0.0	0.0	0.000	0.000	0.000	0.0	0.0		12:38:58:909		
000:04:07.100	1077.8	23.2	23.5	1077.8	0.0	0.0	0.0	0.000	0.000	0.000	0.0	0.0		12:38:58:959		
000:04:07.150	1077.8	23.2	23.5	1077.8	0.0	0.0	0.0	0.000	0.000	0.000	0.0	0.0		12:38:59:009		
000:04:07.200	1077.7	23.2	23.5	1077.7	0.0	0.0	0.0	0.000	0.000	0.000	0.0	0.0		12:38:59:059		
000:04:07.250	1077.8	23.2	23.5	1077.8	0.0	0.0	0.0	0.000	0.000	0.000	0.0	0.0		12:38:59:109		
000:04:07.300	1077.9	23.2	23.5	1077.9	0.0	0.0	0.0	0.000	0.000	0.000	0.0	0.0		12:38:59:159		
000:04:07.350	1078.5	23.2	23.5	1078.5	0.0	0.0	0.0	0.000	0.000	0.000	0.0	0.0		12:38:59:209		
000:04:07.400	1079.1	23.2	23.5	1079.1	0.0	0.0	0.0	0.000	0.000	0.000	0.0	0.0		12:38:59:259		
000:04:07.450	1079.1	23.2	23.5	1079.1	0.0	0.0	0.0	0.000	0.000	0.000	0.0	0.0		12:38:59:309		
000:04:07.500	1078.6	23.2	23.5	1078.6	0.0	0.0	0.0	0.000	0.000	0.000	0.0	0.0		12:38:59:359		
000:04:07.550	1078.8	23.2	23.5	1078.8	0.0	0.0	0.0	0.000	0.000	0.000	0.0	0.0		12:38:59:409		
000:04:07.600	1077.9	23.2	23.5	1077.9	0.0	0.0	0.0	0.000	0.000	0.000	0.0	0.0		12:38:59:459		
000:04:07.650	1078.5	23.2	23.5	1078.5	0.0	0.0	0.0	0.000	0.000	0.000	0.0	0.0		12:38:59:509		
000:04:07.700	1078.3	23.2	23.5	1078.3	0.0	0.0	0.0	0.000	0.000	0.000	0.0	0.0		12:38:59:559		
000:04:07.750	1078.6	23.2	23.5	1078.6	0.0	0.0	0.0	0.000	0.000	0.000	0.0	0.0		12:38:59:609		
000:04:07.800	1078.4	23.2	23.5	1078.4	0.0	0.0	0.0	0.000	0.000	0.000	0.0	0.0		12:38:59:659		
000:04:07.850	1078.5	23.2	23.5	1078.5	0.0	0.0	0.0	0.000	0.000	0.000	0.0	0.0		12:38:59:709		
000:04:07.900	1078.3	23.2	23.5	1078.3	0.0	0.0	0.0	0.000	0.000	0.000	0.0	0.0		12:38:59:759		
000:04:07.950	1078.5	23.2	23.5	1078.5	0.0	0.0	0.0	0.000	0.000	0.000	0.0	0.0		12:38:59:809		
000:04:08.000	1078.6	23.2	23.5	1078.6	0.0	0.0	0.0	0.000	0.000	0.000	0.0	0.0		12:38:59:859		
000:04:08.050	1078.7	23.2	23.5	1078.7	0.0	0.0	0.0	0.000	0.000	0.000	0.0	0.0		12:38:59:909		
000:04:08.100	1078.6	23.2	23.5	1078.6	0.0	0.0	0.0	0.000	0.000	0.000	0.0	0.0		12:38:59:959		
000:04:08.150	1078.5	23.2	23.5	1078.5	0.0	0.0	0.0	0.000	0.000	0.000	0.0	0.0		12:39:00:009		
000:04:08.200	1078.6	23.2	23.5	1078.6	0.0	0.0	0.0	0.000	0.000	0.000	0.0	0.0		12:39:00:059		
000:04:08.250	1078.8	23.2	23.5	1078.8	0.0	0.0	0.0	0.000	0.000	0.000	0.0	0.0		12:39:00:109		
000:04:08.300	1079.1	23.2	23.5	1079.1	0.0	0.0	0.0	0.000	0.000	0.000	0.0	0.0		12:39:00:159		
000:04:08.350	1079.1	23.2	23.5	1079.1	0.0	0.0	0.0	0.000	0.000	0.000	0.0	0.0		12:39:00:209		
000:04:08.400	1078.7	23.2	23.5	1078.7	0.0	0.0	0.0	0.000	0.000	0.000	0.0	0.0		12:39:00:259		
000:04:08.450	1078.9	23.2	23.5	1078.9	0.0	0.0	0.0	0.000	0.000	0.000	0.0	0.0		12:39:00:309		
000:04:08.500	1079.0	23.2	23.5	1079.0	0.0	0.0	0.0	0.000	0.000	0.000	0.0	0.0		12:39:00:359		
000:04:08.550	1079.1	23.2	23.5	1079.1	0.0	0.0	0.0	0.000	0.000	0.000	0.0	0.0		12:39:00:409		
000:04:08.600	1078.7	23.2	23.5	1078.7	0.0	0.0	0.0	0.000	0.000	0.000	0.0	0.0		12:39:00:459		
000:04:08.650	1078.8	23.2	23.5	1078.8	0.0	0.0	0.0	0.000	0.000	0.000	0.0	0.0		12:39:00:509		
000:04:08.700	1078.7	23.2	23.5	1078.7	0.0	0.0	0.0	0.000	0.000	0.000	0.0	0.0		12:39:00:559		
000:04:08.750	1079.2	23.2	23.5	1079.2	0.0	0.0	0.0	0.000	0.000	0.000	0.0	0.0		12:39:00:609		
000:04:08.800	1078.8	23.2	23.5	1078.8	0.0	0.0	0.0	0.000	0.000	0.000	0.0	0.0		12:39:00:659		
000:04:08.850	1079.2	23.2	23.5	1079.2	0.0	0.0	0.0	0.000	0.000	0.000	0.0	0.0		12:39:00:709		
000:04:08.900	1079.0	23.2	23.5	1079.0	0.0	0.0	0.0	0.000	0.000	0.000	0.0	0.0		12:39:00:759		
000:04:08.950	1080.0	23.2	23.5	1080.0	0.0	0.0	0.0	0.000	0.000	0.000	0.0	0.0		12:39:00:809		
000:04:09.000	1079.0	23.2	23.5	1079.0	0.0	0.0	0.0	0.000	0.000	0.000	0.0	0.0		12:39:00:859		
000:04:09.050	1079.1	23.2	23.5	1079.1	0.0	0.0	0.0	0.000	0.000	0.000	0.0	0.0		12:39:00:909		
000:04:09.100	1079.0	23.2	23.5	1079.0	0.0	0.0	0.0	0.000	0.000	0.000	0.0	0.0		12:39:00:959		
000:04:09.150	1079.3	23.2	23.5	1079.3	0.0	0.0	0.0	0.000	0.000	0.000	0.0	0.0		12:39:01:009		
000:04:09.200	1079.1	23.2	23.5	1079.1	0.0	0.0	0.0	0.000	0.000	0.000	0.0	0.0		12:39:01:059		
000:04:09.250	1079.6	23.2	23.5	1079.6	0.0	0.0	0.0	0.000	0.000	0.000	0.0	0.0		12:39:01:109		
000:04:09.300	1079.6	23.2	23.5	1079.6	0.0	0.0	0.0	0.000	0.000	0.000	0.0	0.0		12:39:01:159		
000:04:09.350	1079.5	23.2	23.5	1079.5	0.0	0.0	0.0	0.000	0.000	0.000	0.0	0.0		12:39:01:209		
000:04:09.400	1079.5	23.2	23.5	1079.5	0.0	0.0	0.0	0.000	0.000	0.000	0.0	0.0		12:39:01:259		
000:04:09.450	1079.7	23.2	23.5	1079.7	0.0	0.0	0.0	0.000	0.000	0.000	0.0	0.0		12:39:01:309		
000:04:09.500	1079.2	23.2	23.5	1079.2	0.0	0.0	0.0	0.000	0.000	0.000	0.0	0.0		12:39:01:359		
000:04:09.550	1079.9	23.2	23.5	1079.9	0.0	0.0	0.0	0.000	0.000	0.000	0.0	0.0		12:39:01:409		
000:04:09.600	1080.2	23.2	23.5	1080.2	0.0	0.0	0.0	0.000	0.000	0.000	0.0	0.0		12:39:01:459		
000:04:09.650	1080.0	23.2	23.5	1080.0	0.0	0.0	0.0	0.000	0.000	0.000	0.0	0.0		12:39:01:509		
000:04:09.700	1079.7	23.2	23.5	1079.7	0.0	0.0	0.0	0.000	0.000	0.000	0.0	0.0		12:39:01:559		
000:04:09.750	1080.0	23.2	23.5	1080.0	0.0	0.0	0.0	0.000	0.000	0.000	0.0	0.0		12:39:01:609		
000:04:09.800	1079.6	23.2	23.5	1079.6	0.0	0.0	0.0	0.000	0.000	0.000	0.0	0.0		12:39:01:659		
000:04:09.850	1079.8	23.2	23.5	1079.8	0.0	0.0	0.0	0.000	0.000	0.000	0.0	0.0		12:39:01:709		
000:04:09.900	1079.9	23.2	23.5	1079.9	0.0	0.0	0.0	0.000	0.000	0.000	0.0	0.0		12:39:01:759		
000:04:09.950	1079.9	23.2	23.5	1079.9	0.0	0.0	0.0	0.000	0.000	0.000	0.0	0.0		12:39:01:809		
000:04:10.000	1080.4	23.2	23.5	1080.4	0.0	0.0	0.0	0.000	0.000	0.000	0.0	0.0		12:39:01:859		
000:04:10.050	1080.4	23.2	23.5	1080.4	0.0	0.0	0.0	0.000	0.000	0.000	0.0	0.0		12:39:01:909		
000:04:10.100	1080.7	23.2	23.5	1080.7	0.0	0.0	0.0	0.000	0.000	0.000	0.0	0.0		12:39:01:959		
000:04:10.150	1080.1	23.2	23.5	1080.1	0.0	0.0	0.0	0.000	0.000	0.000	0.0	0.0		12:39:02:009		
000:04:10.200	1080.4	23.2	23.5	1080.4	0.0	0.0	0.0	0.000	0.000	0.000	0.0	0.0		12:39:02:059		
000:04:10.250	1080.3	23.2	23.5	1080.3	0.0	0.0	0.0	0.000	0.000	0.000	0.0	0.0		12:39:02:109		
000:04:10.300	1080.5	23.2	23.5	1080.5	0.0	0.0	0.0	0.000	0.000	0.000	0.0	0.0		12:39:02:159		
000:04:10.350	1080.3	23.2	23.5	1080.3	0.0	0.0	0.0	0.000	0.000	0.000	0.0	0.0		12:39:02:209		
000:04:10.400	1080.9	23.2	23.5	1080.9	0.0	0.0	0.0	0.000	0.000	0.000	0.0	0.0		12:39:02:259		
000:04:10.450	1080.5	23.2	23.5	1080.5	0.0	0.0	0.0	0.000	0.000	0.000	0.0	0.0		12:39:02:309		
000:04:10.500	1080.1	23.2	23.5	1080.1	0.0	0.0	0.0	0.000	0.000	0.000	0.0	0.0		12:39:02:359		
000:04:10.550	1080.4	23.2	23.6	1080.4	0.0	0.0	0.0	0.000	0.000	0.000	0.0	0.0		12:39:02:409		
000:04:10.600	1080.1	23.2	23.6	1080.1	0.0	0.0	0.0	0.000	0.000	0.000	0.0	0.0		12:39:02:459		
000:04:10.650	1080.2	23.2	23.6	1080.2	0.0	0.0	0.0	0.000	0.000	0.000	0.0	0.0		12:39:02:509		
000:04:10.700	1080.6	23.2	23.6	1080.6	0.0	0.0	0.0	0.000	0.000	0.000	0.0	0.0		12:39:02:559		
000:04:10.750	1080.3	23.2	23.6	1080.3	0.0	0.0	0.0	0.000	0.000	0.000	0.0	0.0		12:39:02:609		
000:04:10.800	1080.8	23.2	23.6	1080.8	0.0	0.0	0.0	0.000	0.000	0.000	0.0	0.0		12:39:02:659		
000:04:10.850	1080.4	23.3	23.6	1080.4	0.0	0.0	0.0	0.000	0.000	0.000	0.0	0.0		12:39:02:709		
000:04:10.900	1080.6	23.3	23.6	1080.6	0.0	0.0	0.0	0.000	0.000	0.000	0.0	0.0		12:39:02:759		
000:04:10.950	1080.9	23.3	23.6	1080.9	0.0	0.0	0.0	0.000	0.000	0.000	0.0	0.0		12:39:02:809		
000:04:11.000	1080.4	23.3	23.6	1080.4	0.0	0.0	0.0	0.000	0.000	0.000	0.0	0.0		12:39:02:859		
000:04:11.050	1080.7	23.3	23.6	1080.7	0.0	0.0	0.0	0.000	0.000	0.000	0.0	0.0		12:39:02:909		
000:04:11.100	1080.7	23.3	23.6	1080.7	0.0	0.0	0.0	0.000	0.000	0.000	0.0	0.0		12:39:02:959		
000:04:11.150	1080.7	23.3	23.6	1080.7	0.0	0.0	0.0	0.000	0.000	0.000	0.0	0.0		12:39:03:009		
000:04:11.200	1080.8	23.3	23.6	1080.8	0.0	0.0	0.0	0.000	0.000	0.000	0.0	0.0		12:39:03:059		
000:04:11.250	1080.7	23.3	23.6	1080.7	0.0	0.0	0.0	0.000	0.000	0.000	0.0	0.0		12:39:03:109		
000:04:11.300	1081.6	23.3	23.6	1081.6	0.0	0.0	0.0	0.000	0.000	0.000	0.0	0.0		12:39:03:159		
000:04:11.350	1081.1	23.3	23.6	1081.1	0.0	0.0	0.0	0.000	0.000	0.000	0.0	0.0		12:39:03:209		
000:04:11.400	1081.1	23.3	23.6	1081.1	0.0	0.0	0.0	0.000	0.000	0.000	0.0	0.0		12:39:03:259		
000:04:11.450	1080.8	23.3	23.6	1080.8	0.0	0.0	0.0	0.000	0.000	0.000	0.0	0.0		12:39:03:309		
000:04:11.500	1081.0	23.3	23.6	1081.0	0.0	0.0	0.0	0.000	0.000	0.000	0.0	0.0		12:39:03:359		
000:04:11.550	1080.9	23.3	23.6	1080.9	0.0	0.0	0.0	0.000	0.000	0.000	0.0	0.0		12:39:03:409		
000:04:11.600	1081.0	23.3	23.6	1081.0	0.0	0.0	0.0	0.000	0.000	0.000	0.0	0.0		12:39:03:459		
000:04:11.650	1081.3	23.3	23.6	1081.3	0.0	0.0	0.0	0.000	0.000	0.000	0.0	0.0		12:39:03:509		
000:04:11.700	1081.3	23.3	23.6	1081.3	0.0	0.0	0.0	0.000	0.000	0.000	0.0	0.0		12:39:03:559		
000:04:11.750	1081.2	23.3	23.6	1081.2	0.0	0.0	0.0	0.000	0.000	0.000	0.0	0.0		12:39:03:609		
000:04:11.800	1081.5	23.3	23.6	1081.5	0.0	0.0	0.0	0.000	0.000	0.000	0.0	0.0		12:39:03:659		
000:04:11.850	1081.7	23.3	23.6	1081.7	0.0	0.0	0.0	0.000	0.000	0.000	0.0	0.0		12:39:03:709		
000:04:11.900	1081.6	23.3	23.6	1081.6	0.0	0.0	0.0	0.000	0.000	0.000	0.0	0.0		12:39:03:759		
000:04:11.950	1081.5	23.3	23.6	1081.5	0.0	0.0	0.0	0.000	0.000	0.000	0.0	0.0		12:39:03:809		
000:04:12.000	1081.6	23.3	23.6	1081.6	0.0	0.0	0.0	0.000	0.000	0.000	0.0	0.0		12:39:03:859		
000:04:12.050	1081.1	23.3	23.6	1081.1	0.0	0.0	0.0	0.000	0.000	0.000	0.0	0.0		12:39:03:909		
000:04:12.100	1081.1	23.3	23.6	1081.1	0.0	0.0	0.0	0.000	0.000	0.000	0.0	0.0		12:39:03:959		
000:04:12.150	1081.5	23.3	23.6	1081.5	0.0	0.0	0.0	0.000	0.000	0.000	0.0	0.0		12:39:04:009		
000:04:12.200	1081.3	23.3	23.6	1081.3	0.0	0.0	0.0	0.000	0.000	0.000	0.0	0.0		12:39:04:059		
000:04:12.250	1081.5	23.3	23.6	1081.5	0.0	0.0	0.0	0.000	0.000	0.000	0.0	0.0		12:39:04:109		
000:04:12.300	1082.3	23.3	23.6	1082.3	0.0	0.0	0.0	0.000	0.000	0.000	0.0	0.0		12:39:04:159		
000:04:12.350	1081.4	23.3	23.6	1081.4	0.0	0.0	0.0	0.000	0.000	0.000	0.0	0.0		12:39:04:209		
000:04:12.400	1081.6	23.3	23.6	1081.6	0.0	0.0	0.0	0.000	0.000	0.000	0.0	0.0		12:39:04:259		
000:04:12.450	1082.0	23.3	23.6	1082.0	0.0	0.0	0.0	0.000	0.000	0.000	0.0	0.0		12:39:04:309		
000:04:12.500	1082.6	23.3	23.6	1082.6	0.0	0.0	0.0	0.000	0.000	0.000	0.0	0.0		12:39:04:359		
000:04:12.550	1082.3	23.3	23.6	1082.3	0.0	0.0	0.0	0.000	0.000	0.000	0.0	0.0		12:39:04:409		
000:04:12.600	1082.5	23.3	23.6	1082.5	0.0	0.0	0.0	0.000	0.000	0.000	0.0	0.0		12:39:04:459		
000:04:12.650	1082.3	23.3	23.6	1082.3	0.0	0.0	0.0	0.000	0.000	0.000	0.0	0.0		12:39:04:509		
000:04:12.700	1081.6	23.3	23.6	1081.6	0.0	0.0	0.0	0.000	0.000	0.000	0.0	0.0		12:39:04:559		
000:04:12.750	1082.5	23.3	23.6	1082.5	0.0	0.0	0.0	0.000	0.000	0.000	0.0	0.0		12:39:04:609		
000:04:12.800	1082.2	23.3	23.6	1082.2	0.0	0.0	0.0	0.000	0.000	0.000	0.0	0.0		12:39:04:659		
000:04:12.850	1082.7	23.3	23.6	1082.7	0.0	0.0	0.0	0.000	0.000	0.000	0.0	0.0		12:39:04:709		
000:04:12.900	1082.5	23.3	23.6	1082.5	0.0	0.0	0.0	0.000	0.000	0.000	0.0	0.0		12:39:04:759		
000:04:12.950	1082.1	23.3	23.6	1082.1	0.0	0.0	0.0	0.000	0.000	0.000	0.0	0.0		12:39:04:809		
000:04:13.000	1082.2	23.3	23.6	1082.2	0.0	0.0	0.0	0.000	0.000	0.000	0.0	0.0		12:39:04:859		
000:04:13.050	1082.3	23.3	23.6	1082.3	0.0	0.0	0.0	0.000	0.000	0.000	0.0	0.0		12:39:04:909		
000:04:13.100	1082.5	23.3	23.6	1082.5	0.0	0.0	0.0	0.000	0.000	0.000	0.0	0.0		12:39:04:959		
000:04:13.150	1082.6	23.3	23.6	1082.6	0.0	0.0	0.0	0.000	0.000	0.000	0.0	0.0		12:39:05:009		
000:04:13.200	1083.0	23.3	23.6	1083.0	0.0	0.0	0.0	0.000	0.000	0.000	0.0	0.0		12:39:05:059		
000:04:13.250	1083.1	23.3	23.6	1083.1	0.0	0.0	0.0	0.000	0.000	0.000	0.0	0.0		12:39:05:109		
000:04:13.300	1082.6	23.3	23.6	1082.6	0.0	0.0	0.0	0.000	0.000	0.000	0.0	0.0		12:39:05:159		
000:04:13.350	1083.0	23.3	23.6	1083.0	0.0	0.0	0.0	0.000	0.000	0.000	0.0	0.0		12:39:05:209		
000:04:13.400	1082.9	23.3	23.6	1082.9	0.0	0.0	0.0	0.000	0.000	0.000	0.0	0.0		12:39:05:259		
000:04:13.450	1083.5	23.3	23.6	1083.5	0.0	0.0	0.0	0.000	0.000	0.000	0.0	0.0		12:39:05:309		
000:04:13.500	1083.4	23.3	23.6	1083.4	0.0	0.0	0.0	0.000	0.000	0.000	0.0	0.0		12:39:05:359		
000:04:13.550	1083.2	23.3	23.6	1083.2	0.0	0.0	0.0	0.000	0.000	0.000	0.0	0.0		12:39:05:409		
000:04:13.600	1083.2	23.3	23.6	1083.2	0.0	0.0	0.0	0.000	0.000	0.000	0.0	0.0		12:39:05:459		
000:04:13.650	1083.2	23.3	23.6	1083.2	0.0	0.0	0.0	0.000	0.000	0.000	0.0	0.0		12:39:05:509		
000:04:13.700	1083.6	23.3	23.6	1083.6	0.0	0.0	0.0	0.000	0.000	0.000	0.0	0.0		12:39:05:559		
000:04:13.750	1083.5	23.3	23.6	1083.5	0.0	0.0	0.0	0.000	0.000	0.000	0.0	0.0		12:39:05:609		
000:04:13.800	1083.6	23.3	23.6	1083.6	0.0	0.0	0.0	0.000	0.000	0.000	0.0	0.0		12:39:05:659		
000:04:13.850	1083.8	23.3	23.6	1083.8	0.0	0.0	0.0	0.000	0.000	0.000	0.0	0.0		12:39:05:709		
000:04:13.900	1083.5	23.3	23.6	1083.5	0.0	0.0	0.0	0.000	0.000	0.000	0.0	0.0		12:39:05:759		
000:04:13.950	1083.4	23.3	23.6	1083.4	0.0	0.0	0.0	0.000	0.000	0.000	0.0	0.0		12:39:05:809		
000:04:14.000	1083.7	23.3	23.6	1083.7	0.0	0.0	0.0	0.000	0.000	0.000	0.0	0.0		12:39:05:859		
000:04:14.050	1083.8	23.3	23.6	1083.8	0.0	0.0	0.0	0.000	0.000	0.000	0.0	0.0		12:39:05:909		
000:04:14.100	1084.1	23.3	23.6	1084.1	0.0	0.0	0.0	0.000	0.000	0.000	0.0	0.0		12:39:05:959		
000:04:14.150	1083.9	23.3	23.6	1083.9	0.0	0.0	0.0	0.000	0.000	0.000	0.0	0.0		12:39:06:009		
000:04:14.200	1084.0	23.3	23.6	1084.0	0.0	0.0	0.0	0.000	0.000	0.000	0.0	0.0		12:39:06:059		
000:04:14.250	1083.8	23.3	23.6	1083.8	0.0	0.0	0.0	0.000	0.000	0.000	0.0	0.0		12:39:06:109		
000:04:14.300	1084.2	23.3	23.6	1084.2	0.0	0.0	0.0	0.000	0.000	0.000	0.0	0.0		12:39:06:159		
000:04:14.350	1084.2	23.3	23.6	1084.2	0.0	0.0	0.0	0.000	0.000	0.000	0.0	0.0		12:39:06:209		
000:04:14.400	1084.4	23.3	23.6	1084.4	0.0	0.0	0.0	0.000	0.000	0.000	0.0	0.0		12:39:06:259		
000:04:14.450	1084.1	23.3	23.6	1084.1	0.0	0.0	0.0	0.000	0.000	0.000	0.0	0.0		12:39:06:309		
000:04:14.500	1084.1	23.3	23.6	1084.1	0.0	0.0	0.0	0.000	0.000	0.000	0.0	0.0		12:39:06:359		
000:04:14.550	1085.1	23.3	23.6	1085.1	0.0	0.0	0.0	0.000	0.000	0.000	0.0	0.0		12:39:06:409		
000:04:14.600	1084.8	23.3	23.6	1084.8	0.0	0.0	0.0	0.000	0.000	0.000	0.0	0.0		12:39:06:459		
000:04:14.650	1084.7	23.3	23.6	1084.7	0.0	0.0	0.0	0.000	0.000	0.000	0.0	0.0		12:39:06:509		
000:04:14.700	1084.0	23.3	23.6	1084.0	0.0	0.0	0.0	0.000	0.000	0.000	0.0	0.0		12:39:06:559		
000:04:14.750	1085.1	23.3	23.6	1085.1	0.0	0.0	0.0	0.000	0.000	0.000	0.0	0.0		12:39:06:609		
000:04:14.800	1085.0	23.3	23.6	1085.0	0.0	0.0	0.0	0.000	0.000	0.000	0.0	0.0		12:39:06:659		
000:04:14.850	1085.3	23.3	23.6	1085.3	0.0	0.0	0.0	0.000	0.000	0.000	0.0	0.0		12:39:06:709		
000:04:14.900	1084.8	23.3	23.6	1084.8	0.0	0.0	0.0	0.000	0.000	0.000	0.0	0.0		12:39:06:759		
000:04:14.950	1084.6	23.3	23.6	1084.6	0.0	0.0	0.0	0.000	0.000	0.000	0.0	0.0		12:39:06:809		
000:04:15.000	1084.8	23.3	23.6	1084.8	0.0	0.0	0.0	0.000	0.000	0.000	0.0	0.0		12:39:06:859		
000:04:15.050	1084.7	23.3	23.6	1084.7	0.0	0.0	0.0	0.000	0.000	0.000	0.0	0.0		12:39:06:909		
000:04:15.100	1085.1	23.3	23.6	1085.1	0.0	0.0	0.0	0.000	0.000	0.000	0.0	0.0		12:39:06:959		
000:04:15.150	1085.2	23.3	23.6	1085.2	0.0	0.0	0.0	0.000	0.000	0.000	0.0	0.0		12:39:07:009		
000:04:15.200	1085.0	23.3	23.6	1085.0	0.0	0.0	0.0	0.000	0.000	0.000	0.0	0.0		12:39:07:059		
000:04:15.250	1085.2	23.3	23.6	1085.2	0.0	0.0	0.0	0.000	0.000	0.000	0.0	0.0		12:39:07:109		
000:04:15.300	1085.7	23.3	23.6	1085.7	0.0	0.0	0.0	0.000	0.000	0.000	0.0	0.0		12:39:07:159		
000:04:15.350	1085.8	23.3	23.6	1085.8	0.0	0.0	0.0	0.000	0.000	0.000	0.0	0.0		12:39:07:209		
000:04:15.400	1085.9	23.3	23.6	1085.9	0.0	0.0	0.0	0.000	0.000	0.000	0.0	0.0		12:39:07:259		
000:04:15.450	1086.3	23.3	23.6	1086.3	0.0	0.0	0.0	0.000	0.000	0.000	0.0	0.0		12:39:07:309		
000:04:15.500	1085.9	23.3	23.6	1085.9	0.0	0.0	0.0	0.000	0.000	0.000	0.0	0.0		12:39:07:359		
000:04:15.550	1086.3	23.3	23.6	1086.3	0.0	0.0	0.0	0.000	0.000	0.000	0.0	0.0		12:39:07:409		
000:04:15.600	1086.2	23.3	23.6	1086.2	0.0	0.0	0.0	0.000	0.000	0.000	0.0	0.0		12:39:07:459		
000:04:15.650	1086.5	23.3	23.6	1086.5	0.0	0.0	0.0	0.000	0.000	0.000	0.0	0.0		12:39:07:509		
000:04:15.700	1086.2	23.3	23.6	1086.2	0.0	0.0	0.0	0.000	0.000	0.000	0.0	0.0		12:39:07:559		
000:04:15.750	1086.2	23.3	23.6	1086.2	0.0	0.0	0.0	0.000	0.000	0.000	0.0	0.0		12:39:07:609		
000:04:15.800	1086.3	23.3	23.6	1086.3	0.0	0.0	0.0	0.000	0.000	0.000	0.0	0.0		12:39:07:659		
000:04:15.850	1086.1	23.3	23.6	1086.1	0.0	0.0	0.0	0.000	0.000	0.000	0.0	0.0		12:39:07:709		
000:04:15.900	1086.3	23.3	23.6	1086.3	0.0	0.0	0.0	0.000	0.000	0.000	0.0	0.0		12:39:07:759		
000:04:15.950	1086.0	23.3	23.6	1086.0	0.0	0.0	0.0	0.000	0.000	0.000	0.0	0.0		12:39:07:809		
000:04:16.000	1086.8	23.3	23.6	1086.8	0.0	0.0	0.0	0.000	0.000	0.000	0.0	0.0		12:39:07:859		
000:04:16.050	1086.5	23.3	23.6	1086.5	0.0	0.0	0.0	0.000	0.000	0.000	0.0	0.0		12:39:07:909		
000:04:16.100	1086.9	23.3	23.6	1086.9	0.0	0.0	0.0	0.000	0.000	0.000	0.0	0.0		12:39:07:959		
000:04:16.150	1086.9	23.3	23.6	1086.9	0.0	0.0	0.0	0.000	0.000	0.000	0.0	0.0		12:39:08:009		
000:04:16.200	1087.1	23.3	23.6	1087.1	0.0	0.0	0.0	0.000	0.000	0.000	0.0	0.0		12:39:08:059		
000:04:16.250	1086.9	23.3	23.6	1086.9	0.0	0.0	0.0	0.000	0.000	0.000	0.0	0.0		12:39:08:109		
000:04:16.300	1086.7	23.3	23.6	1086.7	0.0	0.0	0.0	0.000	0.000	0.000	0.0	0.0		12:39:08:159		
000:04:16.350	1087.0	23.3	23.6	1087.0	0.0	0.0	0.0	0.000	0.000	0.000	0.0	0.0		12:39:08:209		
000:04:16.400	1087.1	23.3	23.6	1087.1	0.0	0.0	0.0	0.000	0.000	0.000	0.0	0.0		12:39:08:259		
000:04:16.450	1086.8	23.3	23.6	1086.8	0.0	0.0	0.0	0.000	0.000	0.000	0.0	0.0		12:39:08:309		
000:04:16.500	1087.2	23.3	23.6	1087.2	0.0	0.0	0.0	0.000	0.000	0.000	0.0	0.0		12:39:08:359		
000:04:16.550	1087.1	23.3	23.6	1087.1	0.0	0.0	0.0	0.000	0.000	0.000	0.0	0.0		12:39:08:409		
000:04:16.600	1087.3	23.3	23.6	1087.3	0.0	0.0	0.0	0.000	0.000	0.000	0.0	0.0		12:39:08:459		
000:04:16.650	1087.3	23.3	23.6	1087.3	0.0	0.0	0.0	0.000	0.000	0.000	0.0	0.0		12:39:08:509		
000:04:16.700	1087.2	23.3	23.6	1087.2	0.0	0.0	0.0	0.000	0.000	0.000	0.0	0.0		12:39:08:559		
000:04:16.750	1087.4	23.3	23.6	1087.4	0.0	0.0	0.0	0.000	0.000	0.000	0.0	0.0		12:39:08:609		
000:04:16.800	1087.5	23.3	23.6	1087.5	0.0	0.0	0.0	0.000	0.000	0.000	0.0	0.0		12:39:08:659		
000:04:16.850	1087.8	23.3	23.6	1087.8	0.0	0.0	0.0	0.000	0.000	0.000	0.0	0.0		12:39:08:709		
000:04:16.900	1088.1	23.3	23.6	1088.1	0.0	0.0	0.0	0.000	0.000	0.000	0.0	0.0		12:39:08:759		
000:04:16.950	1088.2	23.3	23.6	1088.2	0.0	0.0	0.0	0.000	0.000	0.000	0.0	0.0		12:39:08:809		
000:04:17.000	1087.9	23.3	23.6	1087.9	0.0	0.0	0.0	0.000	0.000	0.000	0.0	0.0		12:39:08:859		
000:04:17.050	1088.5	23.3	23.6	1088.5	0.0	0.0	0.0	0.000	0.000	0.000	0.0	0.0		12:39:08:909		
000:04:17.100	1088.4	23.3	23.6	1088.4	0.0	0.0	0.0	0.000	0.000	0.000	0.0	0.0		12:39:08:959		
000:04:17.150	1088.3	23.3	23.6	1088.3	0.0	0.0	0.0	0.000	0.000	0.000	0.0	0.0		12:39:09:009		
000:04:17.200	1088.5	23.3	23.6	1088.5	0.0	0.0	0.0	0.000	0.000	0.000	0.0	0.0		12:39:09:059		
000:04:17.250	1088.9	23.3	23.6	1088.9	0.0	0.0	0.0	0.000	0.000	0.000	0.0	0.0		12:39:09:109		
000:04:17.300	1088.7	23.3	23.6	1088.7	0.0	0.0	0.0	0.000	0.000	0.000	0.0	0.0		12:39:09:159		
000:04:17.350	1089.1	23.3	23.6	1089.1	0.0	0.0	0.0	0.000	0.000	0.000	0.0	0.0		12:39:09:209		
000:04:17.400	1089.2	23.3	23.6	1089.2	0.0	0.0	0.0	0.000	0.000	0.000	0.0	0.0		12:39:09:259		
000:04:17.450	1088.9	23.3	23.6	1088.9	0.0	0.0	0.0	0.000	0.000	0.000	0.0	0.0		12:39:09:309		
000:04:17.500	1088.8	23.3	23.6	1088.8	0.0	0.0	0.0	0.000	0.000	0.000	0.0	0.0		12:39:09:359		
000:04:17.550	1088.7	23.3	23.6	1088.7	0.0	0.0	0.0	0.000	0.000	0.000	0.0	0.0		12:39:09:409		
000:04:17.600	1089.0	23.3	23.6	1089.0	0.0	0.0	0.0	0.000	0.000	0.000	0.0	0.0		12:39:09:459		
000:04:17.650	1088.7	23.3	23.6	1088.7	0.0	0.0	0.0	0.000	0.000	0.000	0.0	0.0		12:39:09:509		
000:04:17.700	1089.1	23.3	23.6	1089.1	0.0	0.0	0.0	0.000	0.000	0.000	0.0	0.0		12:39:09:559		
000:04:17.750	1088.8	23.3	23.6	1088.8	0.0	0.0	0.0	0.000	0.000	0.000	0.0	0.0		12:39:09:609		
000:04:17.800	1088.5	23.3	23.6	1088.5	0.0	0.0	0.0	0.000	0.000	0.000	0.0	0.0		12:39:09:659		
000:04:17.850	1089.1	23.3	23.6	1089.1	0.0	0.0	0.0	0.000	0.000	0.000	0.0	0.0		12:39:09:709		
000:04:17.900	1089.2	23.3	23.6	1089.2	0.0	0.0	0.0	0.000	0.000	0.000	0.0	0.0		12:39:09:759		
000:04:17.950	1089.3	23.3	23.6	1089.3	0.0	0.0	0.0	0.000	0.000	0.000	0.0	0.0		12:39:09:809		
000:04:18.000	1089.4	23.3	23.6	1089.4	0.0	0.0	0.0	0.000	0.000	0.000	0.0	0.0		12:39:09:859		
000:04:18.050	1090.5	23.3	23.6	1090.5	0.0	0.0	0.0	0.000	0.000	0.000	0.0	0.0		12:39:09:909		
000:04:18.100	1089.6	23.3	23.6	1089.6	0.0	0.0	0.0	0.000	0.000	0.000	0.0	0.0		12:39:09:959		
000:04:18.150	1089.2	23.3	23.6	1089.2	0.0	0.0	0.0	0.000	0.000	0.000	0.0	0.0		12:39:10:009		
000:04:18.200	1089.9	23.3	23.6	1089.9	0.0	0.0	0.0	0.000	0.000	0.000	0.0	0.0		12:39:10:059		
000:04:18.250	1089.8	23.3	23.6	1089.8	0.0	0.0	0.0	0.000	0.000	0.000	0.0	0.0		12:39:10:109		
000:04:18.300	1089.5	23.3	23.6	1089.5	0.0	0.0	0.0	0.000	0.000	0.000	0.0	0.0		12:39:10:159		
000:04:18.350	1089.8	23.3	23.6	1089.8	0.0	0.0	0.0	0.000	0.000	0.000	0.0	0.0		12:39:10:209		
000:04:18.400	1090.3	23.3	23.6	1090.3	0.0	0.0	0.0	0.000	0.000	0.000	0.0	0.0		12:39:10:259		
000:04:18.450	1090.6	23.3	23.6	1090.6	0.0	0.0	0.0	0.000	0.000	0.000	0.0	0.0		12:39:10:309		
000:04:18.500	1091.3	23.3	23.6	1091.3	0.0	0.0	0.0	0.000	0.000	0.000	0.0	0.0		12:39:10:359		
000:04:18.550	1090.6	23.3	23.6	1090.6	0.0	0.0	0.0	0.000	0.000	0.000	0.0	0.0		12:39:10:409		
000:04:18.600	1091.1	23.3	23.6	1091.1	0.0	0.0	0.0	0.000	0.000	0.000	0.0	0.0		12:39:10:459		
000:04:18.650	1091.1	23.3	23.6	1091.1	0.0	0.0	0.0	0.000	0.000	0.000	0.0	0.0		12:39:10:509		
000:04:18.700	1090.8	23.3	23.6	1090.8	0.0	0.0	0.0	0.000	0.000	0.000	0.0	0.0		12:39:10:559		
000:04:18.750	1090.8	23.3	23.6	1090.8	0.0	0.0	0.0	0.000	0.000	0.000	0.0	0.0		12:39:10:609		
000:04:18.800	1090.5	23.3	23.6	1090.5	0.0	0.0	0.0	0.000	0.000	0.000	0.0	0.0		12:39:10:659		
000:04:18.850	1090.9	23.3	23.6	1090.9	0.0	0.0	0.0	0.000	0.000	0.000	0.0	0.0		12:39:10:709		
000:04:18.900	1091.0	23.3	23.6	1091.0	0.0	0.0	0.0	0.000	0.000	0.000	0.0	0.0		12:39:10:759		
000:04:18.950	1090.8	23.3	23.6	1090.8	0.0	0.0	0.0	0.000	0.000	0.000	0.0	0.0		12:39:10:809		
000:04:19.000	1090.6	23.3	23.6	1090.6	0.0	0.0	0.0	0.000	0.000	0.000	0.0	0.0		12:39:10:859		
000:04:19.050	1091.1	23.3	23.6	1091.1	0.0	0.0	0.0	0.000	0.000	0.000	0.0	0.0		12:39:10:909		
000:04:19.100	1090.9	23.3	23.6	1090.9	0.0	0.0	0.0	0.000	0.000	0.000	0.0	0.0		12:39:10:959		
000:04:19.150	1091.2	23.3	23.6	1091.2	0.0	0.0	0.0	0.000	0.000	0.000	0.0	0.0		12:39:11:009		
000:04:19.200	1091.2	23.3	23.6	1091.2	0.0	0.0	0.0	0.000	0.000	0.000	0.0	0.0		12:39:11:059		
000:04:19.250	1091.7	23.3	23.6	1091.7	0.0	0.0	0.0	0.000	0.000	0.000	0.0	0.0		12:39:11:109		
000:04:19.300	1091.2	23.3	23.6	1091.2	0.0	0.0	0.0	0.000	0.000	0.000	0.0	0.0		12:39:11:159		
000:04:19.350	1091.3	23.3	23.6	1091.3	0.0	0.0	0.0	0.000	0.000	0.000	0.0	0.0		12:39:11:209		
000:04:19.400	1092.1	23.3	23.6	1092.1	0.0	0.0	0.0	0.000	0.000	0.000	0.0	0.0		12:39:11:259		
000:04:19.450	1091.6	23.3	23.6	1091.6	0.0	0.0	0.0	0.000	0.000	0.000	0.0	0.0		12:39:11:309		
000:04:19.500	1091.7	23.3	23.6	1091.7	0.0	0.0	0.0	0.000	0.000	0.000	0.0	0.0		12:39:11:359		
000:04:19.550	1092.2	23.3	23.6	1092.2	0.0	0.0	0.0	0.000	0.000	0.000	0.0	0.0		12:39:11:409		
000:04:19.600	1092.3	23.3	23.6	1092.3	0.0	0.0	0.0	0.000	0.000	0.000	0.0	0.0		12:39:11:459		
000:04:19.650	1092.2	23.3	23.6	1092.2	0.0	0.0	0.0	0.000	0.000	0.000	0.0	0.0		12:39:11:509		
000:04:19.700	1092.4	23.3	23.6	1092.4	0.0	0.0	0.0	0.000	0.000	0.000	0.0	0.0		12:39:11:559		
000:04:19.750	1092.1	23.3	23.6	1092.1	0.0	0.0	0.0	0.000	0.000	0.000	0.0	0.0		12:39:11:609		
000:04:19.800	1093.1	23.3	23.6	1093.1	0.0	0.0	0.0	0.000	0.000	0.000	0.0	0.0		12:39:11:659		
000:04:19.850	1092.7	23.3	23.6	1092.7	0.0	0.0	0.0	0.000	0.000	0.000	0.0	0.0		12:39:11:709		
000:04:19.900	1092.2	23.3	23.6	1092.2	0.0	0.0	0.0	0.000	0.000	0.000	0.0	0.0		12:39:11:759		
000:04:19.950	1092.7	23.3	23.6	1092.7	0.0	0.0	0.0	0.000	0.000	0.000	0.0	0.0		12:39:11:809		
000:04:20.000	1092.8	23.3	23.6	1092.8	0.0	0.0	0.0	0.000	0.000	0.000	0.0	0.0		12:39:11:859		
000:04:20.050	1092.5	23.3	23.6	1092.5	0.0	0.0	0.0	0.000	0.000	0.000	0.0	0.0		12:39:11:909		
000:04:20.100	1092.8	23.3	23.6	1092.8	0.0	0.0	0.0	0.000	0.000	0.000	0.0	0.0		12:39:11:959		
000:04:20.150	1092.7	23.3	23.6	1092.7	0.0	0.0	0.0	0.000	0.000	0.000	0.0	0.0		12:39:12:009		
000:04:20.200	1092.5	23.3	23.6	1092.5	0.0	0.0	0.0	0.000	0.000	0.000	0.0	0.0		12:39:12:059		
000:04:20.250	1093.0	23.3	23.6	1093.0	0.0	0.0	0.0	0.000	0.000	0.000	0.0	0.0		12:39:12:109		
000:04:20.300	1093.2	23.3	23.6	1093.2	0.0	0.0	0.0	0.000	0.000	0.000	0.0	0.0		12:39:12:159		
000:04:20.350	1093.0	23.3	23.6	1093.0	0.0	0.0	0.0	0.000	0.000	0.000	0.0	0.0		12:39:12:209		
000:04:20.400	1092.8	23.3	23.6	1092.8	0.0	0.0	0.0	0.000	0.000	0.000	0.0	0.0		12:39:12:259		
000:04:20.450	1093.4	23.3	23.6	1093.4	0.0	0.0	0.0	0.000	0.000	0.000	0.0	0.0		12:39:12:309		
000:04:20.500	1093.7	23.3	23.6	1093.7	0.0	0.0	0.0	0.000	0.000	0.000	0.0	0.0		12:39:12:359		
000:04:20.550	1094.0	23.3	23.6	1094.0	0.0	0.0	0.0	0.000	0.000	0.000	0.0	0.0		12:39:12:409		
000:04:20.600	1093.9	23.3	23.6	1093.9	0.0	0.0	0.0	0.000	0.000	0.000	0.0	0.0		12:39:12:459		
000:04:20.650	1093.4	23.3	23.6	1093.4	0.0	0.0	0.0	0.000	0.000	0.000	0.0	0.0		12:39:12:509		
000:04:20.700	1094.0	23.3	23.6	1094.0	0.0	0.0	0.0	0.000	0.000	0.000	0.0	0.0		12:39:12:559		
000:04:20.750	1093.9	23.3	23.6	1093.9	0.0	0.0	0.0	0.000	0.000	0.000	0.0	0.0		12:39:12:609		
000:04:20.800	1093.6	23.3	23.6	1093.6	0.0	0.0	0.0	0.000	0.000	0.000	0.0	0.0		12:39:12:659		
000:04:20.850	1094.5	23.3	23.6	1094.5	0.0	0.0	0.0	0.000	0.000	0.000	0.0	0.0		12:39:12:709		
000:04:20.900	1094.4	23.3	23.6	1094.4	0.0	0.0	0.0	0.000	0.000	0.000	0.0	0.0		12:39:12:759		
000:04:20.950	1094.7	23.3	23.6	1094.7	0.0	0.0	0.0	0.000	0.000	0.000	0.0	0.0		12:39:12:809		
000:04:21.000	1094.9	23.3	23.6	1094.9	0.0	0.0	0.0	0.000	0.000	0.000	0.0	0.0		12:39:12:859		
000:04:21.050	1094.7	23.3	23.6	1094.7	0.0	0.0	0.0	0.000	0.000	0.000	0.0	0.0		12:39:12:909		
000:04:21.100	1094.7	23.3	23.6	1094.7	0.0	0.0	0.0	0.000	0.000	0.000	0.0	0.0		12:39:12:959		
000:04:21.150	1094.8	23.3	23.6	1094.8	0.0	0.0	0.0	0.000	0.000	0.000	0.0	0.0		12:39:13:009		
000:04:21.200	1094.9	23.3	23.6	1094.9	0.0	0.0	0.0	0.000	0.000	0.000	0.0	0.0		12:39:13:059		
000:04:21.250	1094.7	23.3	23.6	1094.7	0.0	0.0	0.0	0.000	0.000	0.000	0.0	0.0		12:39:13:109		
000:04:21.300	1094.9	23.3	23.6	1094.9	0.0	0.0	0.0	0.000	0.000	0.000	0.0	0.0		12:39:13:159		
000:04:21.350	1095.0	23.3	23.6	1095.0	0.0	0.0	0.0	0.000	0.000	0.000	0.0	0.0		12:39:13:209		
000:04:21.400	1094.9	23.3	23.6	1094.9	0.0	0.0	0.0	0.000	0.000	0.000	0.0	0.0		12:39:13:259		
000:04:21.450	1094.7	23.3	23.6	1094.7	0.0	0.0	0.0	0.000	0.000	0.000	0.0	0.0		12:39:13:309		
000:04:21.500	1095.3	23.3	23.6	1095.3	0.0	0.0	0.0	0.000	0.000	0.000	0.0	0.0		12:39:13:359		
000:04:21.550	1095.0	23.3	23.6	1095.0	0.0	0.0	0.0	0.000	0.000	0.000	0.0	0.0		12:39:13:409		
000:04:21.600	1095.3	23.3	23.6	1095.3	0.0	0.0	0.0	0.000	0.000	0.000	0.0	0.0		12:39:13:459		
000:04:21.650	1095.4	23.3	23.6	1095.4	0.0	0.0	0.0	0.000	0.000	0.000	0.0	0.0		12:39:13:509		
000:04:21.700	1095.3	23.3	23.6	1095.3	0.0	0.0	0.0	0.000	0.000	0.000	0.0	0.0		12:39:13:559		
000:04:21.750	1095.9	23.3	23.6	1095.9	0.0	0.0	0.0	0.000	0.000	0.000	0.0	0.0		12:39:13:609		
000:04:21.800	1095.5	23.3	23.6	1095.5	0.0	0.0	0.0	0.000	0.000	0.000	0.0	0.0		12:39:13:659		
000:04:21.850	1095.7	23.3	23.6	1095.7	0.0	0.0	0.0	0.000	0.000	0.000	0.0	0.0		12:39:13:709		
000:04:21.900	1096.0	23.3	23.6	1096.0	0.0	0.0	0.0	0.000	0.000	0.000	0.0	0.0		12:39:13:759		
000:04:21.950	1096.2	23.3	23.6	1096.2	0.0	0.0	0.0	0.000	0.000	0.000	0.0	0.0		12:39:13:809		
000:04:22.000	1096.0	23.3	23.6	1096.0	0.0	0.0	0.0	0.000	0.000	0.000	0.0	0.0		12:39:13:859		
000:04:22.050	1096.1	23.3	23.6	1096.1	0.0	0.0	0.0	0.000	0.000	0.000	0.0	0.0		12:39:13:909		
000:04:22.100	1096.0	23.3	23.6	1096.0	0.0	0.0	0.0	0.000	0.000	0.000	0.0	0.0		12:39:13:959		
000:04:22.150	1096.1	23.3	23.6	1096.1	0.0	0.0	0.0	0.000	0.000	0.000	0.0	0.0		12:39:14:009		
000:04:22.200	1096.3	23.3	23.6	1096.3	0.0	0.0	0.0	0.000	0.000	0.000	0.0	0.0		12:39:14:059		
000:04:22.250	1096.3	23.3	23.6	1096.3	0.0	0.0	0.0	0.000	0.000	0.000	0.0	0.0		12:39:14:109		
000:04:22.300	1096.9	23.3	23.6	1096.9	0.0	0.0	0.0	0.000	0.000	0.000	0.0	0.0		12:39:14:159		
000:04:22.350	1096.1	23.3	23.6	1096.1	0.0	0.0	0.0	0.000	0.000	0.000	0.0	0.0		12:39:14:209		
000:04:22.400	1096.7	23.3	23.6	1096.7	0.0	0.0	0.0	0.000	0.000	0.000	0.0	0.0		12:39:14:259		
000:04:22.450	1096.4	23.3	23.6	1096.4	0.0	0.0	0.0	0.000	0.000	0.000	0.0	0.0		12:39:14:309		
000:04:22.500	1095.9	23.3	23.6	1095.9	0.0	0.0	0.0	0.000	0.000	0.000	0.0	0.0		12:39:14:359		
000:04:22.550	1096.6	23.3	23.6	1096.6	0.0	0.0	0.0	0.000	0.000	0.000	0.0	0.0		12:39:14:409		
000:04:22.600	1096.3	23.3	23.6	1096.3	0.0	0.0	0.0	0.000	0.000	0.000	0.0	0.0		12:39:14:459		
000:04:22.650	1096.5	23.3	23.6	1096.5	0.0	0.0	0.0	0.000	0.000	0.000	0.0	0.0		12:39:14:509		
000:04:22.700	1096.8	23.3	23.6	1096.8	0.0	0.0	0.0	0.000	0.000	0.000	0.0	0.0		12:39:14:559		
000:04:22.750	1097.2	23.3	23.6	1097.2	0.0	0.0	0.0	0.000	0.000	0.000	0.0	0.0		12:39:14:609		
000:04:22.800	1096.9	23.3	23.6	1096.9	0.0	0.0	0.0	0.000	0.000	0.000	0.0	0.0		12:39:14:659		
000:04:22.850	1097.1	23.3	23.6	1097.1	0.0	0.0	0.0	0.000	0.000	0.000	0.0	0.0		12:39:14:709		
000:04:22.900	1097.8	23.3	23.6	1097.8	0.0	0.0	0.0	0.000	0.000	0.000	0.0	0.0		12:39:14:759		
000:04:22.950	1097.2	23.3	23.6	1097.2	0.0	0.0	0.0	0.000	0.000	0.000	0.0	0.0		12:39:14:809		
000:04:23.000	1097.4	23.3	23.6	1097.4	0.0	0.0	0.0	0.000	0.000	0.000	0.0	0.0		12:39:14:859		
000:04:23.050	1097.3	23.3	23.6	1097.3	0.0	0.0	0.0	0.000	0.000	0.000	0.0	0.0		12:39:14:909		
000:04:23.100	1097.5	23.3	23.6	1097.5	0.0	0.0	0.0	0.000	0.000	0.000	0.0	0.0		12:39:14:959		
000:04:23.150	1097.6	23.3	23.6	1097.6	0.0	0.0	0.0	0.000	0.000	0.000	0.0	0.0		12:39:15:009		
000:04:23.200	1098.6	23.3	23.6	1098.6	0.0	0.0	0.0	0.000	0.000	0.000	0.0	0.0		12:39:15:059		
000:04:23.250	1098.2	23.3	23.6	1098.2	0.0	0.0	0.0	0.000	0.000	0.000	0.0	0.0		12:39:15:109		
000:04:23.300	1098.5	23.3	23.6	1098.5	0.0	0.0	0.0	0.000	0.000	0.000	0.0	0.0		12:39:15:159		
000:04:23.350	1098.4	23.3	23.6	1098.4	0.0	0.0	0.0	0.000	0.000	0.000	0.0	0.0		12:39:15:209		
000:04:23.400	1098.3	23.3	23.6	1098.3	0.0	0.0	0.0	0.000	0.000	0.000	0.0	0.0		12:39:15:259		
000:04:23.450	1097.8	23.3	23.6	1097.8	0.0	0.0	0.0	0.000	0.000	0.000	0.0	0.0		12:39:15:309		
000:04:23.500	1098.0	23.3	23.6	1098.0	0.0	0.0	0.0	0.000	0.000	0.000	0.0	0.0		12:39:15:359		
000:04:23.550	1098.3	23.3	23.6	1098.3	0.0	0.0	0.0	0.000	0.000	0.000	0.0	0.0		12:39:15:409		
000:04:23.600	1098.4	23.3	23.6	1098.4	0.0	0.0	0.0	0.000	0.000	0.000	0.0	0.0		12:39:15:459		
000:04:23.650	1098.6	23.3	23.6	1098.6	0.0	0.0	0.0	0.000	0.000	0.000	0.0	0.0		12:39:15:509		
000:04:23.700	1098.5	23.3	23.6	1098.5	0.0	0.0	0.0	0.000	0.000	0.000	0.0	0.0		12:39:15:559		
000:04:23.750	1099.2	23.3	23.6	1099.2	0.0	0.0	0.0	0.000	0.000	0.000	0.0	0.0		12:39:15:609		
000:04:23.800	1098.6	23.3	23.6	1098.6	0.0	0.0	0.0	0.000	0.000	0.000	0.0	0.0		12:39:15:659		
000:04:23.850	1098.7	23.3	23.6	1098.7	0.0	0.0	0.0	0.000	0.000	0.000	0.0	0.0		12:39:15:709		
000:04:23.900	1099.1	23.3	23.6	1099.1	0.0	0.0	0.0	0.000	0.000	0.000	0.0	0.0		12:39:15:759		
000:04:23.950	1098.5	23.3	23.6	1098.5	0.0	0.0	0.0	0.000	0.000	0.000	0.0	0.0		12:39:15:809		
000:04:24.000	1098.8	23.3	23.6	1098.8	0.0	0.0	0.0	0.000	0.000	0.000	0.0	0.0		12:39:15:859		
000:04:24.050	1099.1	23.3	23.6	1099.1	0.0	0.0	0.0	0.000	0.000	0.000	0.0	0.0		12:39:15:909		
000:04:24.100	1099.5	23.3	23.6	1099.5	0.0	0.0	0.0	0.000	0.000	0.000	0.0	0.0		12:39:15:959		
000:04:24.150	1100.1	23.3	23.6	1100.1	0.0	0.0	0.0	0.000	0.000	0.000	0.0	0.0		12:39:16:009		
000:04:24.200	1099.6	23.3	23.6	1099.6	0.0	0.0	0.0	0.000	0.000	0.000	0.0	0.0		12:39:16:059		
000:04:24.250	1098.9	23.3	23.6	1098.9	0.0	0.0	0.0	0.000	0.000	0.000	0.0	0.0		12:39:16:109		
000:04:24.300	1099.7	23.3	23.6	1099.7	0.0	0.0	0.0	0.000	0.000	0.000	0.0	0.0		12:39:16:159		
000:04:24.350	1099.9	23.3	23.6	1099.9	0.0	0.0	0.0	0.000	0.000	0.000	0.0	0.0		12:39:16:209		
000:04:24.400	1099.7	23.3	23.6	1099.7	0.0	0.0	0.0	0.000	0.000	0.000	0.0	0.0		12:39:16:259		
000:04:24.450	1099.1	23.3	23.6	1099.1	0.0	0.0	0.0	0.000	0.000	0.000	0.0	0.0		12:39:16:309		
000:04:24.500	1099.0	23.3	23.6	1099.0	0.0	0.0	0.0	0.000	0.000	0.000	0.0	0.0		12:39:16:359		
000:04:24.550	1100.2	23.3	23.6	1100.2	0.0	0.0	0.0	0.000	0.000	0.000	0.0	0.0		12:39:16:409		
000:04:24.600	1099.9	23.3	23.6	1099.9	0.0	0.0	0.0	0.000	0.000	0.000	0.0	0.0		12:39:16:459		
000:04:24.650	1100.3	23.3	23.6	1100.3	0.0	0.0	0.0	0.000	0.000	0.000	0.0	0.0		12:39:16:509		
000:04:24.700	1099.6	23.3	23.6	1099.6	0.0	0.0	0.0	0.000	0.000	0.000	0.0	0.0		12:39:16:559		
000:04:24.750	1100.1	23.3	23.6	1100.1	0.0	0.0	0.0	0.000	0.000	0.000	0.0	0.0		12:39:16:609		
000:04:24.800	1100.2	23.3	23.6	1100.2	0.0	0.0	0.0	0.000	0.000	0.000	0.0	0.0		12:39:16:659		
000:04:24.850	1100.1	23.3	23.6	1100.1	0.0	0.0	0.0	0.000	0.000	0.000	0.0	0.0		12:39:16:709		
000:04:24.900	1100.0	23.3	23.6	1100.0	0.0	0.0	0.0	0.000	0.000	0.000	0.0	0.0		12:39:16:759		
000:04:24.950	1100.2	23.3	23.6	1100.2	0.0	0.0	0.0	0.000	0.000	0.000	0.0	0.0		12:39:16:809		
000:04:25.000	1100.2	23.3	23.6	1100.2	0.0	0.0	0.0	0.000	0.000	0.000	0.0	0.0		12:39:16:859		
000:04:25.050	1100.2	23.3	23.6	1100.2	0.0	0.0	0.0	0.000	0.000	0.000	0.0	0.0		12:39:16:909		
000:04:25.100	1100.0	23.3	23.6	1100.0	0.0	0.0	0.0	0.000	0.000	0.000	0.0	0.0		12:39:16:959		
000:04:25.150	1100.4	23.3	23.6	1100.4	0.0	0.0	0.0	0.000	0.000	0.000	0.0	0.0		12:39:17:009		
000:04:25.200	1100.8	23.3	23.6	1100.8	0.0	0.0	0.0	0.000	0.000	0.000	0.0	0.0		12:39:17:059		
000:04:25.250	1100.6	23.3	23.6	1100.6	0.0	0.0	0.0	0.000	0.000	0.000	0.0	0.0		12:39:17:109		
000:04:25.300	1101.0	23.3	23.6	1101.0	0.0	0.0	0.0	0.000	0.000	0.000	0.0	0.0		12:39:17:159		
000:04:25.350	1101.0	23.3	23.6	1101.0	0.0	0.0	0.0	0.000	0.000	0.000	0.0	0.0		12:39:17:209		
000:04:25.400	1100.6	23.3	23.6	1100.6	0.0	0.0	0.0	0.000	0.000	0.000	0.0	0.0		12:39:17:259		
000:04:25.450	1101.1	23.3	23.6	1101.1	0.0	0.0	0.0	0.000	0.000	0.000	0.0	0.0		12:39:17:309		
000:04:25.500	1100.9	23.3	23.6	1100.9	0.0	0.0	0.0	0.000	0.000	0.000	0.0	0.0		12:39:17:359		
000:04:25.550	1100.8	23.3	23.6	1100.8	0.0	0.0	0.0	0.000	0.000	0.000	0.0	0.0		12:39:17:409		
000:04:25.600	1100.3	23.3	23.6	1100.3	0.0	0.0	0.0	0.000	0.000	0.000	0.0	0.0		12:39:17:459		
000:04:25.650	1099.9	23.3	23.6	1099.9	0.0	0.0	0.0	0.000	0.000	0.000	0.0	0.0		12:39:17:509		
000:04:25.700	1098.8	23.3	23.6	1098.8	0.0	0.0	0.0	0.000	0.000	0.000	0.0	0.0		12:39:17:559		
000:04:25.750	1097.6	23.3	23.6	1097.6	0.0	0.0	0.0	0.000	0.000	0.000	0.0	0.0		12:39:17:609		
000:04:25.800	1097.2	23.3	23.6	1097.2	0.0	0.0	0.0	0.000	0.000	0.000	0.0	0.0		12:39:17:659		
000:04:25.850	1096.7	23.3	23.6	1096.7	0.0	0.0	0.0	0.000	0.000	0.000	0.0	0.0		12:39:17:709		
000:04:25.900	1096.5	23.3	23.6	1096.5	0.0	0.0	0.0	0.000	0.000	0.000	0.0	0.0		12:39:17:759		
000:04:25.950	1096.3	23.3	23.6	1096.3	0.0	0.0	0.0	0.000	0.000	0.000	0.0	0.0		12:39:17:809		
000:04:26.000	1096.4	23.3	23.6	1096.4	0.0	0.0	0.0	0.000	0.000	0.000	0.0	0.0		12:39:17:859		
000:04:26.050	1096.3	23.3	23.6	1096.3	0.0	0.0	0.0	0.000	0.000	0.000	0.0	0.0		12:39:17:909		
000:04:26.100	1096.2	23.3	23.6	1096.2	0.0	0.0	0.0	0.000	0.000	0.000	0.0	0.0		12:39:17:959		
000:04:26.150	1096.0	23.3	23.6	1096.0	0.0	0.0	0.0	0.000	0.000	0.000	0.0	0.0		12:39:18:009		
000:04:26.200	1095.9	23.3	23.6	1095.9	0.0	0.0	0.0	0.000	0.000	0.000	0.0	0.0		12:39:18:059		
000:04:26.250	1096.0	23.3	23.6	1096.0	0.0	0.0	0.0	0.000	0.000	0.000	0.0	0.0		12:39:18:109		
000:04:26.300	1095.3	23.3	23.6	1095.3	0.0	0.0	0.0	0.000	0.000	0.000	0.0	0.0		12:39:18:159		
000:04:26.350	1095.6	23.3	23.6	1095.6	0.0	0.0	0.0	0.000	0.000	0.000	0.0	0.0		12:39:18:209		
000:04:26.400	1095.7	23.3	23.6	1095.7	0.0	0.0	0.0	0.000	0.000	0.000	0.0	0.0		12:39:18:259		
000:04:26.450	1096.0	23.3	23.6	1096.0	0.0	0.0	0.0	0.000	0.000	0.000	0.0	0.0		12:39:18:309		
000:04:26.500	1095.4	23.3	23.6	1095.4	0.0	0.0	0.0	0.000	0.000	0.000	0.0	0.0		12:39:18:359		
000:04:26.550	1095.7	23.3	23.6	1095.7	0.0	0.0	0.0	0.000	0.000	0.000	0.0	0.0		12:39:18:409		
000:04:26.600	1095.5	23.3	23.6	1095.5	0.0	0.0	0.0	0.000	0.000	0.000	0.0	0.0		12:39:18:459		
000:04:26.650	1095.4	23.3	23.6	1095.4	0.0	0.0	0.0	0.000	0.000	0.000	0.0	0.0		12:39:18:509		
000:04:26.700	1095.0	23.3	23.6	1095.0	0.0	0.0	0.0	0.000	0.000	0.000	0.0	0.0		12:39:18:559		
000:04:26.750	1095.0	23.3	23.6	1095.0	0.0	0.0	0.0	0.000	0.000	0.000	0.0	0.0		12:39:18:609		
000:04:26.800	1094.2	23.3	23.6	1094.2	0.0	0.0	0.0	0.000	0.000	0.000	0.0	0.0		12:39:18:659		
000:04:26.850	1094.3	23.3	23.6	1094.3	0.0	0.0	0.0	0.000	0.000	0.000	0.0	0.0		12:39:18:709		
000:04:26.900	1094.0	23.3	23.6	1094.0	0.0	0.0	0.0	0.000	0.000	0.000	0.0	0.0		12:39:18:759		
000:04:26.950	1093.8	23.3	23.6	1093.8	0.0	0.0	0.0	0.000	0.000	0.000	0.0	0.0		12:39:18:809		
000:04:27.000	1094.0	23.3	23.6	1094.0	0.0	0.0	0.0	0.000	0.000	0.000	0.0	0.0		12:39:18:859		
000:04:27.050	1093.9	23.3	23.6	1093.9	0.0	0.0	0.0	0.000	0.000	0.000	0.0	0.0		12:39:18:909		
000:04:27.100	1093.5	23.3	23.6	1093.5	0.0	0.0	0.0	0.000	0.000	0.000	0.0	0.0		12:39:18:959		
000:04:27.150	1093.0	23.3	23.6	1093.0	0.0	0.0	0.0	0.000	0.000	0.000	0.0	0.0		12:39:19:009		
000:04:27.200	1093.2	23.3	23.6	1093.2	0.0	0.0	0.0	0.000	0.000	0.000	0.0	0.0		12:39:19:059		
000:04:27.250	1092.6	23.3	23.6	1092.6	0.0	0.0	0.0	0.000	0.000	0.000	0.0	0.0		12:39:19:109		
000:04:27.300	1092.5	23.3	23.6	1092.5	0.0	0.0	0.0	0.000	0.000	0.000	0.0	0.0		12:39:19:159		
000:04:27.350	1092.6	23.3	23.6	1092.6	0.0	0.0	0.0	0.000	0.000	0.000	0.0	0.0		12:39:19:209		
000:04:27.400	1092.4	23.3	23.6	1092.4	0.0	0.0	0.0	0.000	0.000	0.000	0.0	0.0		12:39:19:259		
000:04:27.450	1092.6	23.3	23.6	1092.6	0.0	0.0	0.0	0.000	0.000	0.000	0.0	0.0		12:39:19:309		
000:04:27.500	1091.6	23.3	23.6	1091.6	0.0	0.0	0.0	0.000	0.000	0.000	0.0	0.0		12:39:19:359		
000:04:27.550	1092.1	23.3	23.6	1092.1	0.0	0.0	0.0	0.000	0.000	0.000	0.0	0.0		12:39:19:409		
000:04:27.600	1091.8	23.3	23.6	1091.8	0.0	0.0	0.0	0.000	0.000	0.000	0.0	0.0		12:39:19:459		
000:04:27.650	1091.5	23.3	23.6	1091.5	0.0	0.0	0.0	0.000	0.000	0.000	0.0	0.0		12:39:19:509		
000:04:27.700	1091.7	23.3	23.6	1091.7	0.0	0.0	0.0	0.000	0.000	0.000	0.0	0.0		12:39:19:559		
000:04:27.750	1091.4	23.3	23.6	1091.4	0.0	0.0	0.0	0.000	0.000	0.000	0.0	0.0		12:39:19:609		
000:04:27.800	1091.6	23.3	23.6	1091.6	0.0	0.0	0.0	0.000	0.000	0.000	0.0	0.0		12:39:19:659		
000:04:27.850	1091.1	23.3	23.6	1091.1	0.0	0.0	0.0	0.000	0.000	0.000	0.0	0.0		12:39:19:709		
000:04:27.900	1091.4	23.3	23.6	1091.4	0.0	0.0	0.0	0.000	0.000	0.000	0.0	0.0		12:39:19:759		
000:04:27.950	1091.3	23.3	23.6	1091.3	0.0	0.0	0.0	0.000	0.000	0.000	0.0	0.0		12:39:19:809		
000:04:28.000	1091.2	23.3	23.6	1091.2	0.0	0.0	0.0	0.000	0.000	0.000	0.0	0.0		12:39:19:859		
000:04:28.050	1091.0	23.3	23.6	1091.0	0.0	0.0	0.0	0.000	0.000	0.000	0.0	0.0		12:39:19:909		
000:04:28.100	1090.5	23.3	23.6	1090.5	0.0	0.0	0.0	0.000	0.000	0.000	0.0	0.0		12:39:19:959		
000:04:28.150	1090.4	23.3	23.6	1090.4	0.0	0.0	0.0	0.000	0.000	0.000	0.0	0.0		12:39:20:009		
000:04:28.200	1090.5	23.3	23.6	1090.5	0.0	0.0	0.0	0.000	0.000	0.000	0.0	0.0		12:39:20:059		
000:04:28.250	1090.3	23.3	23.6	1090.3	0.0	0.0	0.0	0.000	0.000	0.000	0.0	0.0		12:39:20:109		
000:04:28.300	1090.5	23.3	23.6	1090.5	0.0	0.0	0.0	0.000	0.000	0.000	0.0	0.0		12:39:20:159		
000:04:28.350	1090.2	23.3	23.6	1090.2	0.0	0.0	0.0	0.000	0.000	0.000	0.0	0.0		12:39:20:209		
000:04:28.400	1090.1	23.3	23.6	1090.1	0.0	0.0	0.0	0.000	0.000	0.000	0.0	0.0		12:39:20:259		
000:04:28.450	1090.4	23.3	23.6	1090.4	0.0	0.0	0.0	0.000	0.000	0.000	0.0	0.0		12:39:20:309		
000:04:28.500	1089.9	23.3	23.6	1089.9	0.0	0.0	0.0	0.000	0.000	0.000	0.0	0.0		12:39:20:359		
000:04:28.550	1089.5	23.3	23.6	1089.5	0.0	0.0	0.0	0.000	0.000	0.000	0.0	0.0		12:39:20:409		
000:04:28.600	1089.7	23.3	23.6	1089.7	0.0	0.0	0.0	0.000	0.000	0.000	0.0	0.0		12:39:20:459		
000:04:28.650	1089.1	23.3	23.6	1089.1	0.0	0.0	0.0	0.000	0.000	0.000	0.0	0.0		12:39:20:509		
000:04:28.700	1089.3	23.3	23.6	1089.3	0.0	0.0	0.0	0.000	0.000	0.000	0.0	0.0		12:39:20:559		
000:04:28.750	1089.0	23.3	23.6	1089.0	0.0	0.0	0.0	0.000	0.000	0.000	0.0	0.0		12:39:20:609		
000:04:28.800	1088.3	23.3	23.6	1088.3	0.0	0.0	0.0	0.000	0.000	0.000	0.0	0.0		12:39:20:659		
000:04:28.850	1088.8	23.3	23.6	1088.8	0.0	0.0	0.0	0.000	0.000	0.000	0.0	0.0		12:39:20:709		
000:04:28.900	1088.0	23.3	23.6	1088.0	0.0	0.0	0.0	0.000	0.000	0.000	0.0	0.0		12:39:20:759		
000:04:28.950	1088.0	23.3	23.6	1088.0	0.0	0.0	0.0	0.000	0.000	0.000	0.0	0.0		12:39:20:809		
000:04:29.000	1087.7	23.3	23.6	1087.7	0.0	0.0	0.0	0.000	0.000	0.000	0.0	0.0		12:39:20:859		
000:04:29.050	1088.0	23.3	23.6	1088.0	0.0	0.0	0.0	0.000	0.000	0.000	0.0	0.0		12:39:20:909		
000:04:29.100	1087.3	23.3	23.6	1087.3	0.0	0.0	0.0	0.000	0.000	0.000	0.0	0.0		12:39:20:959		
000:04:29.150	1087.3	23.3	23.6	1087.3	0.0	0.0	0.0	0.000	0.000	0.000	0.0	0.0		12:39:21:009		
000:04:29.200	1087.3	23.3	23.6	1087.3	0.0	0.0	0.0	0.000	0.000	0.000	0.0	0.0		12:39:21:059		
000:04:29.250	1087.3	23.3	23.6	1087.3	0.0	0.0	0.0	0.000	0.000	0.000	0.0	0.0		12:39:21:109		
000:04:29.300	1087.6	23.3	23.6	1087.6	0.0	0.0	0.0	0.000	0.000	0.000	0.0	0.0		12:39:21:159		
000:04:29.350	1086.8	23.3	23.6	1086.8	0.0	0.0	0.0	0.000	0.000	0.000	0.0	0.0		12:39:21:209		
000:04:29.400	1086.9	23.3	23.6	1086.9	0.0	0.0	0.0	0.000	0.000	0.000	0.0	0.0		12:39:21:259		
000:04:29.450	1086.6	23.3	23.6	1086.6	0.0	0.0	0.0	0.000	0.000	0.000	0.0	0.0		12:39:21:309		
000:04:29.500	1086.4	23.3	23.6	1086.4	0.0	0.0	0.0	0.000	0.000	0.000	0.0	0.0		12:39:21:359		
000:04:29.550	1086.7	23.3	23.6	1086.7	0.0	0.0	0.0	0.000	0.000	0.000	0.0	0.0		12:39:21:409		
000:04:29.600	1086.3	23.3	23.6	1086.3	0.0	0.0	0.0	0.000	0.000	0.000	0.0	0.0		12:39:21:459		
000:04:29.650	1086.4	23.3	23.6	1086.4	0.0	0.0	0.0	0.000	0.000	0.000	0.0	0.0		12:39:21:509		
000:04:29.700	1086.3	23.3	23.6	1086.3	0.0	0.0	0.0	0.000	0.000	0.000	0.0	0.0		12:39:21:559		
000:04:29.750	1086.3	23.3	23.6	1086.3	0.0	0.0	0.0	0.000	0.000	0.000	0.0	0.0		12:39:21:609		
000:04:29.800	1085.6	23.3	23.6	1085.6	0.0	0.0	0.0	0.000	0.000	0.000	0.0	0.0		12:39:21:659		
000:04:29.850	1085.7	23.3	23.6	1085.7	0.0	0.0	0.0	0.000	0.000	0.000	0.0	0.0		12:39:21:709		
000:04:29.900	1086.3	23.3	23.6	1086.3	0.0	0.0	0.0	0.000	0.000	0.000	0.0	0.0		12:39:21:759		
000:04:29.950	1085.5	23.3	23.6	1085.5	0.0	0.0	0.0	0.000	0.000	0.000	0.0	0.0		12:39:21:809		
000:04:30.000	1085.6	23.3	23.6	1085.6	0.0	0.0	0.0	0.000	0.000	0.000	0.0	0.0		12:39:21:859		
000:04:30.050	1085.4	23.3	23.6	1085.4	0.0	0.0	0.0	0.000	0.000	0.000	0.0	0.0		12:39:21:909		
000:04:30.100	1084.7	23.3	23.6	1084.7	0.0	0.0	0.0	0.000	0.000	0.000	0.0	0.0		12:39:21:959		
000:04:30.150	1085.0	23.3	23.6	1085.0	0.0	0.0	0.0	0.000	0.000	0.000	0.0	0.0		12:39:22:009		
000:04:30.200	1084.8	23.3	23.6	1084.8	0.0	0.0	0.0	0.000	0.000	0.000	0.0	0.0		12:39:22:059		
000:04:30.250	1084.6	23.3	23.6	1084.6	0.0	0.0	0.0	0.000	0.000	0.000	0.0	0.0		12:39:22:109		
000:04:30.300	1084.5	23.3	23.6	1084.5	0.0	0.0	0.0	0.000	0.000	0.000	0.0	0.0		12:39:22:159		
000:04:30.350	1084.2	23.3	23.6	1084.2	0.0	0.0	0.0	0.000	0.000	0.000	0.0	0.0		12:39:22:209		
000:04:30.400	1084.0	23.3	23.6	1084.0	0.0	0.0	0.0	0.000	0.000	0.000	0.0	0.0		12:39:22:259		
000:04:30.450	1083.8	23.3	23.6	1083.8	0.0	0.0	0.0	0.000	0.000	0.000	0.0	0.0		12:39:22:309		
000:04:30.500	1083.8	23.3	23.6	1083.8	0.0	0.0	0.0	0.000	0.000	0.000	0.0	0.0		12:39:22:359		
000:04:30.550	1083.6	23.3	23.6	1083.6	0.0	0.0	0.0	0.000	0.000	0.000	0.0	0.0		12:39:22:409		
000:04:30.600	1083.2	23.3	23.6	1083.2	0.0	0.0	0.0	0.000	0.000	0.000	0.0	0.0		12:39:22:459		
000:04:30.650	1083.6	23.3	23.6	1083.6	0.0	0.0	0.0	0.000	0.000	0.000	0.0	0.0		12:39:22:509		
000:04:30.700	1083.1	23.3	23.6	1083.1	0.0	0.0	0.0	0.000	0.000	0.000	0.0	0.0		12:39:22:559		
000:04:30.750	1082.4	23.3	23.6	1082.4	0.0	0.0	0.0	0.000	0.000	0.000	0.0	0.0		12:39:22:609		
000:04:30.800	1082.6	23.3	23.6	1082.6	0.0	0.0	0.0	0.000	0.000	0.000	0.0	0.0		12:39:22:659		
000:04:30.850	1082.8	23.3	23.6	1082.8	0.0	0.0	0.0	0.000	0.000	0.000	0.0	0.0		12:39:22:709		
000:04:30.900	1082.2	23.3	23.6	1082.2	0.0	0.0	0.0	0.000	0.000	0.000	0.0	0.0		12:39:22:759		
000:04:30.950	1082.6	23.3	23.6	1082.6	0.0	0.0	0.0	0.000	0.000	0.000	0.0	0.0		12:39:22:809		
000:04:31.000	1082.7	23.3	23.6	1082.7	0.0	0.0	0.0	0.000	0.000	0.000	0.0	0.0		12:39:22:859		
000:04:31.050	1082.0	23.3	23.6	1082.0	0.0	0.0	0.0	0.000	0.000	0.000	0.0	0.0		12:39:22:909		
000:04:31.100	1082.8	23.3	23.6	1082.8	0.0	0.0	0.0	0.000	0.000	0.000	0.0	0.0		12:39:22:959		
000:04:31.150	1082.0	23.3	23.6	1082.0	0.0	0.0	0.0	0.000	0.000	0.000	0.0	0.0		12:39:23:009		
000:04:31.200	1081.3	23.3	23.6	1081.3	0.0	0.0	0.0	0.000	0.000	0.000	0.0	0.0		12:39:23:059		
000:04:31.250	1081.5	23.3	23.6	1081.5	0.0	0.0	0.0	0.000	0.000	0.000	0.0	0.0		12:39:23:109		
000:04:31.300	1081.2	23.3	23.6	1081.2	0.0	0.0	0.0	0.000	0.000	0.000	0.0	0.0		12:39:23:159		
000:04:31.350	1081.4	23.3	23.6	1081.4	0.0	0.0	0.0	0.000	0.000	0.000	0.0	0.0		12:39:23:209		
000:04:31.400	1081.2	23.3	23.6	1081.2	0.0	0.0	0.0	0.000	0.000	0.000	0.0	0.0		12:39:23:259		
000:04:31.450	1081.2	23.3	23.6	1081.2	0.0	0.0	0.0	0.000	0.000	0.000	0.0	0.0		12:39:23:309		
000:04:31.500	1081.0	23.3	23.6	1081.0	0.0	0.0	0.0	0.000	0.000	0.000	0.0	0.0		12:39:23:359		
000:04:31.550	1080.9	23.3	23.6	1080.9	0.0	0.0	0.0	0.000	0.000	0.000	0.0	0.0		12:39:23:409		
000:04:31.600	1080.9	23.3	23.6	1080.9	0.0	0.0	0.0	0.000	0.000	0.000	0.0	0.0		12:39:23:459		
000:04:31.650	1080.8	23.3	23.6	1080.8	0.0	0.0	0.0	0.000	0.000	0.000	0.0	0.0		12:39:23:509		
000:04:31.700	1080.1	23.3	23.6	1080.1	0.0	0.0	0.0	0.000	0.000	0.000	0.0	0.0		12:39:23:559		
000:04:31.750	1079.9	23.3	23.6	1079.9	0.0	0.0	0.0	0.000	0.000	0.000	0.0	0.0		12:39:23:609		
000:04:31.800	1079.7	23.3	23.6	1079.7	0.0	0.0	0.0	0.000	0.000	0.000	0.0	0.0		12:39:23:659		
000:04:31.850	1079.4	23.3	23.6	1079.4	0.0	0.0	0.0	0.000	0.000	0.000	0.0	0.0		12:39:23:709		
000:04:31.900	1080.1	23.3	23.6	1080.1	0.0	0.0	0.0	0.000	0.000	0.000	0.0	0.0		12:39:23:759		
000:04:31.950	1079.3	23.3	23.6	1079.3	0.0	0.0	0.0	0.000	0.000	0.000	0.0	0.0		12:39:23:809		
000:04:32.000	1079.9	23.3	23.6	1079.9	0.0	0.0	0.0	0.000	0.000	0.000	0.0	0.0		12:39:23:859		
000:04:32.050	1079.5	23.3	23.6	1079.5	0.0	0.0	0.0	0.000	0.000	0.000	0.0	0.0		12:39:23:909		
000:04:32.100	1079.5	23.3	23.6	1079.5	0.0	0.0	0.0	0.000	0.000	0.000	0.0	0.0		12:39:23:959		
000:04:32.150	1079.4	23.3	23.6	1079.4	0.0	0.0	0.0	0.000	0.000	0.000	0.0	0.0		12:39:24:009		
000:04:32.200	1079.2	23.3	23.6	1079.2	0.0	0.0	0.0	0.000	0.000	0.000	0.0	0.0		12:39:24:059		
000:04:32.250	1078.8	23.3	23.6	1078.8	0.0	0.0	0.0	0.000	0.000	0.000	0.0	0.0		12:39:24:109		
000:04:32.300	1078.6	23.3	23.6	1078.6	0.0	0.0	0.0	0.000	0.000	0.000	0.0	0.0		12:39:24:159		
000:04:32.350	1078.8	23.3	23.6	1078.8	0.0	0.0	0.0	0.000	0.000	0.000	0.0	0.0		12:39:24:209		
000:04:32.400	1078.7	23.3	23.6	1078.7	0.0	0.0	0.0	0.000	0.000	0.000	0.0	0.0		12:39:24:259		
000:04:32.450	1078.6	23.3	23.6	1078.6	0.0	0.0	0.0	0.000	0.000	0.000	0.0	0.0		12:39:24:309		
000:04:32.500	1078.4	23.3	23.6	1078.4	0.0	0.0	0.0	0.000	0.000	0.000	0.0	0.0		12:39:24:359		
000:04:32.550	1078.2	23.3	23.6	1078.2	0.0	0.0	0.0	0.000	0.000	0.000	0.0	0.0		12:39:24:409		
000:04:32.600	1077.9	23.3	23.6	1077.9	0.0	0.0	0.0	0.000	0.000	0.000	0.0	0.0		12:39:24:459		
000:04:32.650	1077.8	23.3	23.6	1077.8	0.0	0.0	0.0	0.000	0.000	0.000	0.0	0.0		12:39:24:509		
000:04:32.700	1077.8	23.3	23.6	1077.8	0.0	0.0	0.0	0.000	0.000	0.000	0.0	0.0		12:39:24:559		
000:04:32.750	1077.8	23.3	23.6	1077.8	0.0	0.0	0.0	0.000	0.000	0.000	0.0	0.0		12:39:24:609		
000:04:32.800	1077.1	23.3	23.6	1077.1	0.0	0.0	0.0	0.000	0.000	0.000	0.0	0.0		12:39:24:659		
000:04:32.850	1077.3	23.3	23.6	1077.3	0.0	0.0	0.0	0.000	0.000	0.000	0.0	0.0		12:39:24:709		
000:04:32.900	1076.7	23.3	23.6	1076.7	0.0	0.0	0.0	0.000	0.000	0.000	0.0	0.0		12:39:24:759		
000:04:32.950	1077.2	23.3	23.6	1077.2	0.0	0.0	0.0	0.000	0.000	0.000	0.0	0.0		12:39:24:809		
000:04:33.000	1076.8	23.3	23.6	1076.8	0.0	0.0	0.0	0.000	0.000	0.000	0.0	0.0		12:39:24:859		
000:04:33.050	1076.5	23.3	23.6	1076.5	0.0	0.0	0.0	0.000	0.000	0.000	0.0	0.0		12:39:24:909		
000:04:33.100	1076.5	23.3	23.6	1076.5	0.0	0.0	0.0	0.000	0.000	0.000	0.0	0.0		12:39:24:959		
000:04:33.150	1076.1	23.3	23.6	1076.1	0.0	0.0	0.0	0.000	0.000	0.000	0.0	0.0		12:39:25:009		
000:04:33.200	1076.4	23.3	23.6	1076.4	0.0	0.0	0.0	0.000	0.000	0.000	0.0	0.0		12:39:25:059		
000:04:33.250	1076.1	23.3	23.6	1076.1	0.0	0.0	0.0	0.000	0.000	0.000	0.0	0.0		12:39:25:109		
000:04:33.300	1076.3	23.3	23.6	1076.3	0.0	0.0	0.0	0.000	0.000	0.000	0.0	0.0		12:39:25:159		
000:04:33.350	1075.8	23.3	23.6	1075.8	0.0	0.0	0.0	0.000	0.000	0.000	0.0	0.0		12:39:25:209		
000:04:33.400	1075.4	23.3	23.6	1075.4	0.0	0.0	0.0	0.000	0.000	0.000	0.0	0.0		12:39:25:259		
000:04:33.450	1075.8	23.3	23.6	1075.8	0.0	0.0	0.0	0.000	0.000	0.000	0.0	0.0		12:39:25:309		
000:04:33.500	1075.8	23.3	23.6	1075.8	0.0	0.0	0.0	0.000	0.000	0.000	0.0	0.0		12:39:25:359		
000:04:33.550	1075.4	23.3	23.6	1075.4	0.0	0.0	0.0	0.000	0.000	0.000	0.0	0.0		12:39:25:409		
000:04:33.600	1075.6	23.3	23.6	1075.6	0.0	0.0	0.0	0.000	0.000	0.000	0.0	0.0		12:39:25:459		
000:04:33.650	1075.4	23.3	23.6	1075.4	0.0	0.0	0.0	0.000	0.000	0.000	0.0	0.0		12:39:25:509		
000:04:33.700	1074.9	23.3	23.6	1074.9	0.0	0.0	0.0	0.000	0.000	0.000	0.0	0.0		12:39:25:559		
000:04:33.750	1075.1	23.3	23.6	1075.1	0.0	0.0	0.0	0.000	0.000	0.000	0.0	0.0		12:39:25:609		
000:04:33.800	1075.0	23.3	23.6	1075.0	0.0	0.0	0.0	0.000	0.000	0.000	0.0	0.0		12:39:25:659		
000:04:33.850	1075.0	23.3	23.6	1075.0	0.0	0.0	0.0	0.000	0.000	0.000	0.0	0.0		12:39:25:709		
000:04:33.900	1074.9	23.3	23.6	1074.9	0.0	0.0	0.0	0.000	0.000	0.000	0.0	0.0		12:39:25:759		
000:04:33.950	1074.7	23.3	23.6	1074.7	0.0	0.0	0.0	0.000	0.000	0.000	0.0	0.0		12:39:25:809		
000:04:34.000	1074.0	23.3	23.6	1074.0	0.0	0.0	0.0	0.000	0.000	0.000	0.0	0.0		12:39:25:859		
000:04:34.050	1074.0	23.3	23.6	1074.0	0.0	0.0	0.0	0.000	0.000	0.000	0.0	0.0		12:39:25:909		
000:04:34.100	1074.1	23.3	23.6	1074.1	0.0	0.0	0.0	0.000	0.000	0.000	0.0	0.0		12:39:25:959		
000:04:34.150	1074.2	23.3	23.6	1074.2	0.0	0.0	0.0	0.000	0.000	0.000	0.0	0.0		12:39:26:009		
000:04:34.200	1073.8	23.3	23.6	1073.8	0.0	0.0	0.0	0.000	0.000	0.000	0.0	0.0		12:39:26:059		
000:04:34.250	1073.5	23.3	23.6	1073.5	0.0	0.0	0.0	0.000	0.000	0.000	0.0	0.0		12:39:26:109		
000:04:34.300	1073.6	23.3	23.6	1073.6	0.0	0.0	0.0	0.000	0.000	0.000	0.0	0.0		12:39:26:159		
000:04:34.350	1073.9	23.3	23.6	1073.9	0.0	0.0	0.0	0.000	0.000	0.000	0.0	0.0		12:39:26:209		
000:04:34.400	1073.6	23.3	23.6	1073.6	0.0	0.0	0.0	0.000	0.000	0.000	0.0	0.0		12:39:26:259		
000:04:34.450	1073.1	23.3	23.6	1073.1	0.0	0.0	0.0	0.000	0.000	0.000	0.0	0.0		12:39:26:309		
000:04:34.500	1073.2	23.3	23.6	1073.2	0.0	0.0	0.0	0.000	0.000	0.000	0.0	0.0		12:39:26:359		
000:04:34.550	1073.4	23.3	23.6	1073.4	0.0	0.0	0.0	0.000	0.000	0.000	0.0	0.0		12:39:26:409		
000:04:34.600	1073.3	23.3	23.6	1073.3	0.0	0.0	0.0	0.000	0.000	0.000	0.0	0.0		12:39:26:459		
000:04:34.650	1072.8	23.3	23.6	1072.8	0.0	0.0	0.0	0.000	0.000	0.000	0.0	0.0		12:39:26:509		
000:04:34.700	1072.2	23.3	23.6	1072.2	0.0	0.0	0.0	0.000	0.000	0.000	0.0	0.0		12:39:26:559		
000:04:34.750	1072.4	23.3	23.6	1072.4	0.0	0.0	0.0	0.000	0.000	0.000	0.0	0.0		12:39:26:609		
000:04:34.800	1072.3	23.3	23.6	1072.3	0.0	0.0	0.0	0.000	0.000	0.000	0.0	0.0		12:39:26:659		
000:04:34.850	1072.3	23.3	23.6	1072.3	0.0	0.0	0.0	0.000	0.000	0.000	0.0	0.0		12:39:26:709		
000:04:34.900	1072.0	23.3	23.6	1072.0	0.0	0.0	0.0	0.000	0.000	0.000	0.0	0.0		12:39:26:759		
000:04:34.950	1071.5	23.3	23.6	1071.5	0.0	0.0	0.0	0.000	0.000	0.000	0.0	0.0		12:39:26:809		
000:04:35.000	1071.6	23.3	23.6	1071.6	0.0	0.0	0.0	0.000	0.000	0.000	0.0	0.0		12:39:26:859		
000:04:35.050	1071.4	23.3	23.6	1071.4	0.0	0.0	0.0	0.000	0.000	0.000	0.0	0.0		12:39:26:909		
000:04:35.100	1071.8	23.3	23.6	1071.8	0.0	0.0	0.0	0.000	0.000	0.000	0.0	0.0		12:39:26:959		
000:04:35.150	1071.4	23.3	23.6	1071.4	0.0	0.0	0.0	0.000	0.000	0.000	0.0	0.0		12:39:27:009		
000:04:35.200	1071.7	23.3	23.6	1071.7	0.0	0.0	0.0	0.000	0.000	0.000	0.0	0.0		12:39:27:059		
000:04:35.250	1071.2	23.3	23.6	1071.2	0.0	0.0	0.0	0.000	0.000	0.000	0.0	0.0		12:39:27:109		
000:04:35.300	1071.3	23.3	23.6	1071.3	0.0	0.0	0.0	0.000	0.000	0.000	0.0	0.0		12:39:27:159		
000:04:35.350	1070.9	23.3	23.6	1070.9	0.0	0.0	0.0	0.000	0.000	0.000	0.0	0.0		12:39:27:209		
000:04:35.400	1070.6	23.3	23.6	1070.6	0.0	0.0	0.0	0.000	0.000	0.000	0.0	0.0		12:39:27:259		
000:04:35.450	1071.2	23.3	23.6	1071.2	0.0	0.0	0.0	0.000	0.000	0.000	0.0	0.0		12:39:27:309		
000:04:35.500	1070.6	23.3	23.6	1070.6	0.0	0.0	0.0	0.000	0.000	0.000	0.0	0.0		12:39:27:359		
000:04:35.550	1070.3	23.3	23.6	1070.3	0.0	0.0	0.0	0.000	0.000	0.000	0.0	0.0		12:39:27:409		
000:04:35.600	1070.5	23.3	23.6	1070.5	0.0	0.0	0.0	0.000	0.000	0.000	0.0	0.0		12:39:27:459		
000:04:35.650	1070.4	23.3	23.6	1070.4	0.0	0.0	0.0	0.000	0.000	0.000	0.0	0.0		12:39:27:509		
000:04:35.700	1070.0	23.3	23.6	1070.0	0.0	0.0	0.0	0.000	0.000	0.000	0.0	0.0		12:39:27:559		
000:04:35.750	1069.8	23.3	23.6	1069.8	0.0	0.0	0.0	0.000	0.000	0.000	0.0	0.0		12:39:27:609		
000:04:35.800	1070.0	23.3	23.6	1070.0	0.0	0.0	0.0	0.000	0.000	0.000	0.0	0.0		12:39:27:659		
000:04:35.850	1069.8	23.3	23.6	1069.8	0.0	0.0	0.0	0.000	0.000	0.000	0.0	0.0		12:39:27:709		
000:04:35.900	1069.7	23.3	23.6	1069.7	0.0	0.0	0.0	0.000	0.000	0.000	0.0	0.0		12:39:27:759		
000:04:35.950	1069.5	23.3	23.6	1069.5	0.0	0.0	0.0	0.000	0.000	0.000	0.0	0.0		12:39:27:809		
000:04:36.000	1069.7	23.3	23.6	1069.7	0.0	0.0	0.0	0.000	0.000	0.000	0.0	0.0		12:39:27:859		
000:04:36.050	1069.5	23.3	23.6	1069.5	0.0	0.0	0.0	0.000	0.000	0.000	0.0	0.0		12:39:27:909		
000:04:36.100	1069.0	23.3	23.6	1069.0	0.0	0.0	0.0	0.000	0.000	0.000	0.0	0.0		12:39:27:959		
000:04:36.150	1068.7	23.3	23.6	1068.7	0.0	0.0	0.0	0.000	0.000	0.000	0.0	0.0		12:39:28:009		
000:04:36.200	1068.6	23.3	23.6	1068.6	0.0	0.0	0.0	0.000	0.000	0.000	0.0	0.0		12:39:28:059		
000:04:36.250	1068.7	23.3	23.6	1068.7	0.0	0.0	0.0	0.000	0.000	0.000	0.0	0.0		12:39:28:109		
000:04:36.300	1068.7	23.3	23.6	1068.7	0.0	0.0	0.0	0.000	0.000	0.000	0.0	0.0		12:39:28:159		
000:04:36.350	1069.1	23.3	23.6	1069.1	0.0	0.0	0.0	0.000	0.000	0.000	0.0	0.0		12:39:28:209		
000:04:36.400	1068.5	23.3	23.6	1068.5	0.0	0.0	0.0	0.000	0.000	0.000	0.0	0.0		12:39:28:259		
000:04:36.450	1068.1	23.3	23.6	1068.1	0.0	0.0	0.0	0.000	0.000	0.000	0.0	0.0		12:39:28:309		
000:04:36.500	1068.0	23.3	23.6	1068.0	0.0	0.0	0.0	0.000	0.000	0.000	0.0	0.0		12:39:28:359		
000:04:36.550	1067.9	23.3	23.6	1067.9	0.0	0.0	0.0	0.000	0.000	0.000	0.0	0.0		12:39:28:409		
000:04:36.600	1067.9	23.3	23.6	1067.9	0.0	0.0	0.0	0.000	0.000	0.000	0.0	0.0		12:39:28:459		
000:04:36.650	1067.8	23.3	23.6	1067.8	0.0	0.0	0.0	0.000	0.000	0.000	0.0	0.0		12:39:28:509		
000:04:36.700	1067.7	23.3	23.6	1067.7	0.0	0.0	0.0	0.000	0.000	0.000	0.0	0.0		12:39:28:559		
000:04:36.750	1067.9	23.3	23.6	1067.9	0.0	0.0	0.0	0.000	0.000	0.000	0.0	0.0		12:39:28:609		
000:04:36.800	1067.5	23.3	23.6	1067.5	0.0	0.0	0.0	0.000	0.000	0.000	0.0	0.0		12:39:28:659		
000:04:36.850	1067.0	23.3	23.6	1067.0	0.0	0.0	0.0	0.000	0.000	0.000	0.0	0.0		12:39:28:709		
000:04:36.900	1066.9	23.3	23.6	1066.9	0.0	0.0	0.0	0.000	0.000	0.000	0.0	0.0		12:39:28:759		
000:04:36.950	1066.5	23.3	23.6	1066.5	0.0	0.0	0.0	0.000	0.000	0.000	0.0	0.0		12:39:28:809		
000:04:37.000	1066.9	23.3	23.6	1066.9	0.0	0.0	0.0	0.000	0.000	0.000	0.0	0.0		12:39:28:859		
000:04:37.050	1066.9	23.3	23.6	1066.9	0.0	0.0	0.0	0.000	0.000	0.000	0.0	0.0		12:39:28:909		
000:04:37.100	1066.8	23.3	23.6	1066.8	0.0	0.0	0.0	0.000	0.000	0.000	0.0	0.0		12:39:28:959		
000:04:37.150	1066.4	23.3	23.6	1066.4	0.0	0.0	0.0	0.000	0.000	0.000	0.0	0.0		12:39:29:009		
000:04:37.200	1066.4	23.3	23.6	1066.4	0.0	0.0	0.0	0.000	0.000	0.000	0.0	0.0		12:39:29:059		
000:04:37.250	1066.5	23.3	23.6	1066.5	0.0	0.0	0.0	0.000	0.000	0.000	0.0	0.0		12:39:29:109		
000:04:37.300	1066.6	23.3	23.6	1066.6	0.0	0.0	0.0	0.000	0.000	0.000	0.0	0.0		12:39:29:159		
000:04:37.350	1066.4	23.3	23.6	1066.4	0.0	0.0	0.0	0.000	0.000	0.000	0.0	0.0		12:39:29:209		
000:04:37.400	1066.5	23.3	23.6	1066.5	0.0	0.0	0.0	0.000	0.000	0.000	0.0	0.0		12:39:29:259		
000:04:37.450	1066.4	23.3	23.6	1066.4	0.0	0.0	0.0	0.000	0.000	0.000	0.0	0.0		12:39:29:309		
000:04:37.500	1066.6	23.3	23.6	1066.6	0.0	0.0	0.0	0.000	0.000	0.000	0.0	0.0		12:39:29:359		
000:04:37.550	1066.2	23.3	23.6	1066.2	0.0	0.0	0.0	0.000	0.000	0.000	0.0	0.0		12:39:29:409		
000:04:37.600	1065.8	23.3	23.6	1065.8	0.0	0.0	0.0	0.000	0.000	0.000	0.0	0.0		12:39:29:459		
000:04:37.650	1065.6	23.3	23.6	1065.6	0.0	0.0	0.0	0.000	0.000	0.000	0.0	0.0		12:39:29:509		
000:04:37.700	1065.5	23.3	23.6	1065.5	0.0	0.0	0.0	0.000	0.000	0.000	0.0	0.0		12:39:29:559		
000:04:37.750	1065.7	23.3	23.6	1065.7	0.0	0.0	0.0	0.000	0.000	0.000	0.0	0.0		12:39:29:609		
000:04:37.800	1066.0	23.3	23.6	1066.0	0.0	0.0	0.0	0.000	0.000	0.000	0.0	0.0		12:39:29:659		
000:04:37.850	1065.6	23.3	23.6	1065.6	0.0	0.0	0.0	0.000	0.000	0.000	0.0	0.0		12:39:29:709		
000:04:37.900	1065.7	23.3	23.6	1065.7	0.0	0.0	0.0	0.000	0.000	0.000	0.0	0.0		12:39:29:759		
000:04:37.950	1065.3	23.3	23.6	1065.3	0.0	0.0	0.0	0.000	0.000	0.000	0.0	0.0		12:39:29:809		
000:04:38.000	1065.2	23.3	23.6	1065.2	0.0	0.0	0.0	0.000	0.000	0.000	0.0	0.0		12:39:29:859		
000:04:38.050	1065.2	23.3	23.6	1065.2	0.0	0.0	0.0	0.000	0.000	0.000	0.0	0.0		12:39:29:909		
000:04:38.100	1064.9	23.3	23.6	1064.9	0.0	0.0	0.0	0.000	0.000	0.000	0.0	0.0		12:39:29:959		
000:04:38.150	1065.2	23.3	23.6	1065.2	0.0	0.0	0.0	0.000	0.000	0.000	0.0	0.0		12:39:30:009		
000:04:38.200	1065.1	23.3	23.6	1065.1	0.0	0.0	0.0	0.000	0.000	0.000	0.0	0.0		12:39:30:059		
000:04:38.250	1064.6	23.3	23.6	1064.6	0.0	0.0	0.0	0.000	0.000	0.000	0.0	0.0		12:39:30:109		
000:04:38.300	1064.8	23.3	23.6	1064.8	0.0	0.0	0.0	0.000	0.000	0.000	0.0	0.0		12:39:30:159		
000:04:38.350	1065.0	23.3	23.6	1065.0	0.0	0.0	0.0	0.000	0.000	0.000	0.0	0.0		12:39:30:209		
000:04:38.400	1064.4	23.3	23.6	1064.4	0.0	0.0	0.0	0.000	0.000	0.000	0.0	0.0		12:39:30:259		
000:04:38.450	1064.4	23.3	23.6	1064.4	0.0	0.0	0.0	0.000	0.000	0.000	0.0	0.0		12:39:30:309		
000:04:38.500	1064.4	23.3	23.6	1064.4	0.0	0.0	0.0	0.000	0.000	0.000	0.0	0.0		12:39:30:359		
000:04:38.550	1064.2	23.3	23.6	1064.2	0.0	0.0	0.0	0.000	0.000	0.000	0.0	0.0		12:39:30:409		
000:04:38.600	1064.1	23.3	23.6	1064.1	0.0	0.0	0.0	0.000	0.000	0.000	0.0	0.0		12:39:30:459		
000:04:38.650	1064.1	23.3	23.6	1064.1	0.0	0.0	0.0	0.000	0.000	0.000	0.0	0.0		12:39:30:509		
000:04:38.700	1063.8	23.3	23.6	1063.8	0.0	0.0	0.0	0.000	0.000	0.000	0.0	0.0		12:39:30:559		
000:04:38.750	1063.2	23.3	23.6	1063.2	0.0	0.0	0.0	0.000	0.000	0.000	0.0	0.0		12:39:30:609		
000:04:38.800	1063.8	23.3	23.6	1063.8	0.0	0.0	0.0	0.000	0.000	0.000	0.0	0.0		12:39:30:659		
000:04:38.850	1063.6	23.3	23.6	1063.6	0.0	0.0	0.0	0.000	0.000	0.000	0.0	0.0		12:39:30:709		
000:04:38.900	1063.7	23.3	23.6	1063.7	0.0	0.0	0.0	0.000	0.000	0.000	0.0	0.0		12:39:30:759		
000:04:38.950	1063.7	23.3	23.6	1063.7	0.0	0.0	0.0	0.000	0.000	0.000	0.0	0.0		12:39:30:809		
000:04:39.000	1063.5	23.3	23.6	1063.5	0.0	0.0	0.0	0.000	0.000	0.000	0.0	0.0		12:39:30:859		
000:04:39.050	1063.5	23.3	23.6	1063.5	0.0	0.0	0.0	0.000	0.000	0.000	0.0	0.0		12:39:30:909		
000:04:39.100	1063.5	23.3	23.6	1063.5	0.0	0.0	0.0	0.000	0.000	0.000	0.0	0.0		12:39:30:959		
000:04:39.150	1063.4	23.3	23.6	1063.4	0.0	0.0	0.0	0.000	0.000	0.000	0.0	0.0		12:39:31:009		
000:04:39.200	1063.1	23.3	23.6	1063.1	0.0	0.0	0.0	0.000	0.000	0.000	0.0	0.0		12:39:31:059		
000:04:39.250	1062.9	23.3	23.6	1062.9	0.0	0.0	0.0	0.000	0.000	0.000	0.0	0.0		12:39:31:109		
000:04:39.300	1062.7	23.3	23.6	1062.7	0.0	0.0	0.0	0.000	0.000	0.000	0.0	0.0		12:39:31:159		
000:04:39.350	1063.1	23.3	23.6	1063.1	0.0	0.0	0.0	0.000	0.000	0.000	0.0	0.0		12:39:31:209		
000:04:39.400	1063.2	23.3	23.6	1063.2	0.0	0.0	0.0	0.000	0.000	0.000	0.0	0.0		12:39:31:259		
000:04:39.450	1062.9	23.3	23.6	1062.9	0.0	0.0	0.0	0.000	0.000	0.000	0.0	0.0		12:39:31:309		
000:04:39.500	1062.7	23.3	23.6	1062.7	0.0	0.0	0.0	0.000	0.000	0.000	0.0	0.0		12:39:31:359		
000:04:39.550	1062.7	23.3	23.6	1062.7	0.0	0.0	0.0	0.000	0.000	0.000	0.0	0.0		12:39:31:409		
000:04:39.600	1062.8	23.3	23.6	1062.8	0.0	0.0	0.0	0.000	0.000	0.000	0.0	0.0		12:39:31:459		
000:04:39.650	1062.5	23.3	23.6	1062.5	0.0	0.0	0.0	0.000	0.000	0.000	0.0	0.0		12:39:31:509		
000:04:39.700	1062.1	23.3	23.6	1062.1	0.0	0.0	0.0	0.000	0.000	0.000	0.0	0.0		12:39:31:559		
000:04:39.750	1062.4	23.3	23.6	1062.4	0.0	0.0	0.0	0.000	0.000	0.000	0.0	0.0		12:39:31:609		
000:04:39.800	1062.7	23.3	23.6	1062.7	0.0	0.0	0.0	0.000	0.000	0.000	0.0	0.0		12:39:31:659		
000:04:39.850	1062.2	23.3	23.6	1062.2	0.0	0.0	0.0	0.000	0.000	0.000	0.0	0.0		12:39:31:709		
000:04:39.900	1062.5	23.3	23.6	1062.5	0.0	0.0	0.0	0.000	0.000	0.000	0.0	0.0		12:39:31:759		
000:04:39.950	1062.0	23.3	23.6	1062.0	0.0	0.0	0.0	0.000	0.000	0.000	0.0	0.0		12:39:31:809		
000:04:40.000	1062.4	23.3	23.6	1062.4	0.0	0.0	0.0	0.000	0.000	0.000	0.0	0.0		12:39:31:859		
000:04:40.050	1062.3	23.3	23.6	1062.3	0.0	0.0	0.0	0.000	0.000	0.000	0.0	0.0		12:39:31:909		
000:04:40.100	1062.0	23.3	23.6	1062.0	0.0	0.0	0.0	0.000	0.000	0.000	0.0	0.0		12:39:31:959		
000:04:40.150	1062.2	23.3	23.6	1062.2	0.0	0.0	0.0	0.000	0.000	0.000	0.0	0.0		12:39:32:009		
000:04:40.200	1062.4	23.3	23.6	1062.4	0.0	0.0	0.0	0.000	0.000	0.000	0.0	0.0		12:39:32:059		
000:04:40.250	1062.0	23.3	23.6	1062.0	0.0	0.0	0.0	0.000	0.000	0.000	0.0	0.0		12:39:32:109		
000:04:40.300	1062.4	23.3	23.6	1062.4	0.0	0.0	0.0	0.000	0.000	0.000	0.0	0.0		12:39:32:159		
000:04:40.350	1062.2	23.3	23.6	1062.2	0.0	0.0	0.0	0.000	0.000	0.000	0.0	0.0		12:39:32:209		
000:04:40.400	1061.7	23.3	23.6	1061.7	0.0	0.0	0.0	0.000	0.000	0.000	0.0	0.0		12:39:32:259		
000:04:40.450	1061.8	23.3	23.6	1061.8	0.0	0.0	0.0	0.000	0.000	0.000	0.0	0.0		12:39:32:309		
000:04:40.500	1061.6	23.3	23.6	1061.6	0.0	0.0	0.0	0.000	0.000	0.000	0.0	0.0		12:39:32:359		
000:04:40.550	1061.4	23.3	23.6	1061.4	0.0	0.0	0.0	0.000	0.000	0.000	0.0	0.0		12:39:32:409		
000:04:40.600	1061.8	23.3	23.6	1061.8	0.0	0.0	0.0	0.000	0.000	0.000	0.0	0.0		12:39:32:459		
000:04:40.650	1061.8	23.3	23.6	1061.8	0.0	0.0	0.0	0.000	0.000	0.000	0.0	0.0		12:39:32:509		
000:04:40.700	1061.7	23.3	23.6	1061.7	0.0	0.0	0.0	0.000	0.000	0.000	0.0	0.0		12:39:32:559		
000:04:40.750	1061.6	23.3	23.6	1061.6	0.0	0.0	0.0	0.000	0.000	0.000	0.0	0.0		12:39:32:609		
000:04:40.800	1060.9	23.3	23.6	1060.9	0.0	0.0	0.0	0.000	0.000	0.000	0.0	0.0		12:39:32:659		
000:04:40.850	1061.2	23.3	23.6	1061.2	0.0	0.0	0.0	0.000	0.000	0.000	0.0	0.0		12:39:32:709		
000:04:40.900	1061.4	23.3	23.6	1061.4	0.0	0.0	0.0	0.000	0.000	0.000	0.0	0.0		12:39:32:759		
000:04:40.950	1061.3	23.3	23.6	1061.3	0.0	0.0	0.0	0.000	0.000	0.000	0.0	0.0		12:39:32:809		
000:04:41.000	1060.9	23.3	23.6	1060.9	0.0	0.0	0.0	0.000	0.000	0.000	0.0	0.0		12:39:32:859		
000:04:41.050	1061.2	23.3	23.6	1061.2	0.0	0.0	0.0	0.000	0.000	0.000	0.0	0.0		12:39:32:909		
000:04:41.100	1061.4	23.3	23.6	1061.4	0.0	0.0	0.0	0.000	0.000	0.000	0.0	0.0		12:39:32:959		
000:04:41.150	1061.6	23.3	23.6	1061.6	0.0	0.0	0.0	0.000	0.000	0.000	0.0	0.0		12:39:33:009		
000:04:41.200	1061.5	23.3	23.6	1061.5	0.0	0.0	0.0	0.000	0.000	0.000	0.0	0.0		12:39:33:059		
000:04:41.250	1061.2	23.3	23.6	1061.2	0.0	0.0	0.0	0.000	0.000	0.000	0.0	0.0		12:39:33:109		
000:04:41.300	1061.1	23.3	23.6	1061.1	0.0	0.0	0.0	0.000	0.000	0.000	0.0	0.0		12:39:33:159		
000:04:41.350	1061.3	23.3	23.6	1061.3	0.0	0.0	0.0	0.000	0.000	0.000	0.0	0.0		12:39:33:209		
000:04:41.400	1060.9	23.3	23.6	1060.9	0.0	0.0	0.0	0.000	0.000	0.000	0.0	0.0		12:39:33:259		
000:04:41.450	1060.8	23.3	23.6	1060.8	0.0	0.0	0.0	0.000	0.000	0.000	0.0	0.0		12:39:33:309		
000:04:41.500	1061.0	23.3	23.6	1061.0	0.0	0.0	0.0	0.000	0.000	0.000	0.0	0.0		12:39:33:359		
000:04:41.550	1060.9	23.3	23.6	1060.9	0.0	0.0	0.0	0.000	0.000	0.000	0.0	0.0		12:39:33:409		
000:04:41.600	1060.6	23.3	23.6	1060.6	0.0	0.0	0.0	0.000	0.000	0.000	0.0	0.0		12:39:33:459		
000:04:41.650	1060.3	23.3	23.6	1060.3	0.0	0.0	0.0	0.000	0.000	0.000	0.0	0.0		12:39:33:509		
000:04:41.700	1060.8	23.3	23.6	1060.8	0.0	0.0	0.0	0.000	0.000	0.000	0.0	0.0		12:39:33:559		
000:04:41.750	1061.0	23.3	23.6	1061.0	0.0	0.0	0.0	0.000	0.000	0.000	0.0	0.0		12:39:33:609		
000:04:41.800	1060.5	23.3	23.6	1060.5	0.0	0.0	0.0	0.000	0.000	0.000	0.0	0.0		12:39:33:659		
000:04:41.850	1061.0	23.3	23.6	1061.0	0.0	0.0	0.0	0.000	0.000	0.000	0.0	0.0		12:39:33:709		
000:04:41.900	1061.0	23.3	23.6	1061.0	0.0	0.0	0.0	0.000	0.000	0.000	0.0	0.0		12:39:33:759		
000:04:41.950	1060.3	23.3	23.6	1060.3	0.0	0.0	0.0	0.000	0.000	0.000	0.0	0.0		12:39:33:809		
000:04:42.000	1060.0	23.3	23.6	1060.0	0.0	0.0	0.0	0.000	0.000	0.000	0.0	0.0		12:39:33:859		
000:04:42.050	1060.0	23.3	23.6	1060.0	0.0	0.0	0.0	0.000	0.000	0.000	0.0	0.0		12:39:33:909		
000:04:42.100	1059.7	23.3	23.6	1059.7	0.0	0.0	0.0	0.000	0.000	0.000	0.0	0.0		12:39:33:959		
000:04:42.150	1060.1	23.3	23.6	1060.1	0.0	0.0	0.0	0.000	0.000	0.000	0.0	0.0		12:39:34:009		
000:04:42.200	1060.3	23.3	23.6	1060.3	0.0	0.0	0.0	0.000	0.000	0.000	0.0	0.0		12:39:34:059		
000:04:42.250	1060.1	23.3	23.6	1060.1	0.0	0.0	0.0	0.000	0.000	0.000	0.0	0.0		12:39:34:109		
000:04:42.300	1060.7	23.3	23.6	1060.7	0.0	0.0	0.0	0.000	0.000	0.000	0.0	0.0		12:39:34:159		
000:04:42.350	1060.2	23.3	23.6	1060.2	0.0	0.0	0.0	0.000	0.000	0.000	0.0	0.0		12:39:34:209		
000:04:42.400	1060.9	23.3	23.6	1060.9	0.0	0.0	0.0	0.000	0.000	0.000	0.0	0.0		12:39:34:259		
000:04:42.450	1060.7	23.3	23.6	1060.7	0.0	0.0	0.0	0.000	0.000	0.000	0.0	0.0		12:39:34:309		
000:04:42.500	1060.6	23.3	23.6	1060.6	0.0	0.0	0.0	0.000	0.000	0.000	0.0	0.0		12:39:34:359		
000:04:42.550	1060.8	23.3	23.6	1060.8	0.0	0.0	0.0	0.000	0.000	0.000	0.0	0.0		12:39:34:409		
000:04:42.600	1059.8	23.3	23.6	1059.8	0.0	0.0	0.0	0.000	0.000	0.000	0.0	0.0		12:39:34:459		
000:04:42.650	1061.0	23.3	23.6	1061.0	0.0	0.0	0.0	0.000	0.000	0.000	0.0	0.0		12:39:34:509		
000:04:42.700	1060.4	23.3	23.6	1060.4	0.0	0.0	0.0	0.000	0.000	0.000	0.0	0.0		12:39:34:559		
000:04:42.750	1060.8	23.3	23.6	1060.8	0.0	0.0	0.0	0.000	0.000	0.000	0.0	0.0		12:39:34:609		
000:04:42.800	1060.4	23.3	23.6	1060.4	0.0	0.0	0.0	0.000	0.000	0.000	0.0	0.0		12:39:34:659		
000:04:42.850	1060.3	23.3	23.6	1060.3	0.0	0.0	0.0	0.000	0.000	0.000	0.0	0.0		12:39:34:709		
000:04:42.900	1060.5	23.3	23.6	1060.5	0.0	0.0	0.0	0.000	0.000	0.000	0.0	0.0		12:39:34:759		
000:04:42.950	1060.4	23.3	23.6	1060.4	0.0	0.0	0.0	0.000	0.000	0.000	0.0	0.0		12:39:34:809		
000:04:43.000	1060.1	23.3	23.6	1060.1	0.0	0.0	0.0	0.000	0.000	0.000	0.0	0.0		12:39:34:859		
000:04:43.050	1060.2	23.3	23.6	1060.2	0.0	0.0	0.0	0.000	0.000	0.000	0.0	0.0		12:39:34:909		
000:04:43.100	1060.4	23.3	23.6	1060.4	0.0	0.0	0.0	0.000	0.000	0.000	0.0	0.0		12:39:34:959		
000:04:43.150	1059.8	23.3	23.6	1059.8	0.0	0.0	0.0	0.000	0.000	0.000	0.0	0.0		12:39:35:009		
000:04:43.200	1060.3	23.3	23.6	1060.3	0.0	0.0	0.0	0.000	0.000	0.000	0.0	0.0		12:39:35:059		
000:04:43.250	1060.2	23.3	23.6	1060.2	0.0	0.0	0.0	0.000	0.000	0.000	0.0	0.0		12:39:35:109		
000:04:43.300	1060.3	23.3	23.6	1060.3	0.0	0.0	0.0	0.000	0.000	0.000	0.0	0.0		12:39:35:159		
000:04:43.350	1060.8	23.3	23.6	1060.8	0.0	0.0	0.0	0.000	0.000	0.000	0.0	0.0		12:39:35:209		
000:04:43.400	1060.0	23.3	23.6	1060.0	0.0	0.0	0.0	0.000	0.000	0.000	0.0	0.0		12:39:35:259		
000:04:43.450	1059.9	23.3	23.6	1059.9	0.0	0.0	0.0	0.000	0.000	0.000	0.0	0.0		12:39:35:309		
000:04:43.500	1059.7	23.3	23.6	1059.7	0.0	0.0	0.0	0.000	0.000	0.000	0.0	0.0		12:39:35:359		
000:04:43.550	1059.8	23.3	23.6	1059.8	0.0	0.0	0.0	0.000	0.000	0.000	0.0	0.0		12:39:35:409		
000:04:43.600	1059.5	23.3	23.6	1059.5	0.0	0.0	0.0	0.000	0.000	0.000	0.0	0.0		12:39:35:459		
000:04:43.650	1060.0	23.3	23.6	1060.0	0.0	0.0	0.0	0.000	0.000	0.000	0.0	0.0		12:39:35:509		
000:04:43.700	1060.3	23.3	23.6	1060.3	0.0	0.0	0.0	0.000	0.000	0.000	0.0	0.0		12:39:35:559		
000:04:43.750	1060.2	23.3	23.6	1060.2	0.0	0.0	0.0	0.000	0.000	0.000	0.0	0.0		12:39:35:609		
000:04:43.800	1060.4	23.3	23.6	1060.4	0.0	0.0	0.0	0.000	0.000	0.000	0.0	0.0		12:39:35:659		
000:04:43.850	1060.7	23.3	23.6	1060.7	0.0	0.0	0.0	0.000	0.000	0.000	0.0	0.0		12:39:35:709		
000:04:43.900	1060.4	23.3	23.6	1060.4	0.0	0.0	0.0	0.000	0.000	0.000	0.0	0.0		12:39:35:759		
000:04:43.950	1060.7	23.3	23.6	1060.7	0.0	0.0	0.0	0.000	0.000	0.000	0.0	0.0		12:39:35:809		
000:04:44.000	1060.1	23.3	23.6	1060.1	0.0	0.0	0.0	0.000	0.000	0.000	0.0	0.0		12:39:35:859		
000:04:44.050	1060.8	23.3	23.6	1060.8	0.0	0.0	0.0	0.000	0.000	0.000	0.0	0.0		12:39:35:909		
000:04:44.100	1060.6	23.3	23.6	1060.6	0.0	0.0	0.0	0.000	0.000	0.000	0.0	0.0		12:39:35:959		
000:04:44.150	1060.3	23.3	23.6	1060.3	0.0	0.0	0.0	0.000	0.000	0.000	0.0	0.0		12:39:36:009		
000:04:44.200	1060.1	23.3	23.6	1060.1	0.0	0.0	0.0	0.000	0.000	0.000	0.0	0.0		12:39:36:059		
000:04:44.250	1060.0	23.3	23.6	1060.0	0.0	0.0	0.0	0.000	0.000	0.000	0.0	0.0		12:39:36:109		
000:04:44.300	1059.9	23.3	23.6	1059.9	0.0	0.0	0.0	0.000	0.000	0.000	0.0	0.0		12:39:36:159		
000:04:44.350	1060.6	23.3	23.6	1060.6	0.0	0.0	0.0	0.000	0.000	0.000	0.0	0.0		12:39:36:209		
000:04:44.400	1059.6	23.3	23.6	1059.6	0.0	0.0	0.0	0.000	0.000	0.000	0.0	0.0		12:39:36:259		
000:04:44.450	1060.0	23.3	23.6	1060.0	0.0	0.0	0.0	0.000	0.000	0.000	0.0	0.0		12:39:36:309		
000:04:44.500	1059.9	23.3	23.6	1059.9	0.0	0.0	0.0	0.000	0.000	0.000	0.0	0.0		12:39:36:359		
000:04:44.550	1060.5	23.3	23.6	1060.5	0.0	0.0	0.0	0.000	0.000	0.000	0.0	0.0		12:39:36:409		
000:04:44.600	1060.2	23.3	23.6	1060.2	0.0	0.0	0.0	0.000	0.000	0.000	0.0	0.0		12:39:36:459		
000:04:44.650	1060.4	23.3	23.6	1060.4	0.0	0.0	0.0	0.000	0.000	0.000	0.0	0.0		12:39:36:509		
000:04:44.700	1060.6	23.3	23.6	1060.6	0.0	0.0	0.0	0.000	0.000	0.000	0.0	0.0		12:39:36:559		
000:04:44.750	1060.8	23.3	23.6	1060.8	0.0	0.0	0.0	0.000	0.000	0.000	0.0	0.0		12:39:36:609		
000:04:44.800	1060.4	23.3	23.6	1060.4	0.0	0.0	0.0	0.000	0.000	0.000	0.0	0.0		12:39:36:659		
000:04:44.850	1060.8	23.3	23.6	1060.8	0.0	0.0	0.0	0.000	0.000	0.000	0.0	0.0		12:39:36:709		
000:04:44.900	1060.8	23.3	23.6	1060.8	0.0	0.0	0.0	0.000	0.000	0.000	0.0	0.0		12:39:36:759		
000:04:44.950	1060.6	23.3	23.6	1060.6	0.0	0.0	0.0	0.000	0.000	0.000	0.0	0.0		12:39:36:809		
000:04:45.000	1060.6	23.3	23.6	1060.6	0.0	0.0	0.0	0.000	0.000	0.000	0.0	0.0		12:39:36:859		
000:04:45.050	1060.9	23.3	23.6	1060.9	0.0	0.0	0.0	0.000	0.000	0.000	0.0	0.0		12:39:36:909		
000:04:45.100	1060.6	23.3	23.6	1060.6	0.0	0.0	0.0	0.000	0.000	0.000	0.0	0.0		12:39:36:959		
000:04:45.150	1060.7	23.3	23.6	1060.7	0.0	0.0	0.0	0.000	0.000	0.000	0.0	0.0		12:39:37:009		
000:04:45.200	1060.6	23.3	23.6	1060.6	0.0	0.0	0.0	0.000	0.000	0.000	0.0	0.0		12:39:37:059		
000:04:45.250	1060.7	23.3	23.6	1060.7	0.0	0.0	0.0	0.000	0.000	0.000	0.0	0.0		12:39:37:109		
000:04:45.300	1060.6	23.3	23.6	1060.6	0.0	0.0	0.0	0.000	0.000	0.000	0.0	0.0		12:39:37:159		
000:04:45.350	1060.7	23.3	23.6	1060.7	0.0	0.0	0.0	0.000	0.000	0.000	0.0	0.0		12:39:37:209		
000:04:45.400	1060.4	23.3	23.6	1060.4	0.0	0.0	0.0	0.000	0.000	0.000	0.0	0.0		12:39:37:259		
000:04:45.450	1060.4	23.3	23.6	1060.4	0.0	0.0	0.0	0.000	0.000	0.000	0.0	0.0		12:39:37:309		
000:04:45.500	1060.6	23.3	23.6	1060.6	0.0	0.0	0.0	0.000	0.000	0.000	0.0	0.0		12:39:37:359		
000:04:45.550	1060.4	23.3	23.6	1060.4	0.0	0.0	0.0	0.000	0.000	0.000	0.0	0.0		12:39:37:409		
000:04:45.600	1060.3	23.3	23.6	1060.3	0.0	0.0	0.0	0.000	0.000	0.000	0.0	0.0		12:39:37:459		
000:04:45.650	1060.3	23.3	23.6	1060.3	0.0	0.0	0.0	0.000	0.000	0.000	0.0	0.0		12:39:37:509		
000:04:45.700	1060.7	23.3	23.6	1060.7	0.0	0.0	0.0	0.000	0.000	0.000	0.0	0.0		12:39:37:559		
000:04:45.750	1060.7	23.3	23.6	1060.7	0.0	0.0	0.0	0.000	0.000	0.000	0.0	0.0		12:39:37:609		
000:04:45.800	1061.1	23.3	23.6	1061.1	0.0	0.0	0.0	0.000	0.000	0.000	0.0	0.0		12:39:37:659		
000:04:45.850	1060.3	23.3	23.6	1060.3	0.0	0.0	0.0	0.000	0.000	0.000	0.0	0.0		12:39:37:709		
000:04:45.900	1060.4	23.3	23.6	1060.4	0.0	0.0	0.0	0.000	0.000	0.000	0.0	0.0		12:39:37:759		
000:04:45.950	1060.8	23.3	23.6	1060.8	0.0	0.0	0.0	0.000	0.000	0.000	0.0	0.0		12:39:37:809		
000:04:46.000	1060.6	23.3	23.6	1060.6	0.0	0.0	0.0	0.000	0.000	0.000	0.0	0.0		12:39:37:859		
000:04:46.050	1060.9	23.3	23.6	1060.9	0.0	0.0	0.0	0.000	0.000	0.000	0.0	0.0		12:39:37:909		
000:04:46.100	1061.2	23.3	23.6	1061.2	0.0	0.0	0.0	0.000	0.000	0.000	0.0	0.0		12:39:37:959		
000:04:46.150	1061.0	23.3	23.6	1061.0	0.0	0.0	0.0	0.000	0.000	0.000	0.0	0.0		12:39:38:009		
000:04:46.200	1060.4	23.3	23.6	1060.4	0.0	0.0	0.0	0.000	0.000	0.000	0.0	0.0		12:39:38:059		
000:04:46.250	1060.8	23.3	23.6	1060.8	0.0	0.0	0.0	0.000	0.000	0.000	0.0	0.0		12:39:38:109		
000:04:46.300	1060.1	23.3	23.6	1060.1	0.0	0.0	0.0	0.000	0.000	0.000	0.0	0.0		12:39:38:159		
000:04:46.350	1060.9	23.3	23.6	1060.9	0.0	0.0	0.0	0.000	0.000	0.000	0.0	0.0		12:39:38:209		
000:04:46.400	1061.2	23.3	23.6	1061.2	0.0	0.0	0.0	0.000	0.000	0.000	0.0	0.0		12:39:38:259		
000:04:46.450	1061.3	23.3	23.6	1061.3	0.0	0.0	0.0	0.000	0.000	0.000	0.0	0.0		12:39:38:309		
000:04:46.500	1061.3	23.3	23.6	1061.3	0.0	0.0	0.0	0.000	0.000	0.000	0.0	0.0		12:39:38:359		
000:04:46.550	1061.5	23.3	23.6	1061.5	0.0	0.0	0.0	0.000	0.000	0.000	0.0	0.0		12:39:38:409		
000:04:46.600	1061.3	23.3	23.6	1061.3	0.0	0.0	0.0	0.000	0.000	0.000	0.0	0.0		12:39:38:459		
000:04:46.650	1061.5	23.3	23.6	1061.5	0.0	0.0	0.0	0.000	0.000	0.000	0.0	0.0		12:39:38:509		
000:04:46.700	1061.4	23.3	23.6	1061.4	0.0	0.0	0.0	0.000	0.000	0.000	0.0	0.0		12:39:38:559		
000:04:46.750	1061.3	23.3	23.6	1061.3	0.0	0.0	0.0	0.000	0.000	0.000	0.0	0.0		12:39:38:609		
000:04:46.800	1061.1	23.3	23.6	1061.1	0.0	0.0	0.0	0.000	0.000	0.000	0.0	0.0		12:39:38:659		
000:04:46.850	1061.2	23.3	23.6	1061.2	0.0	0.0	0.0	0.000	0.000	0.000	0.0	0.0		12:39:38:709		
000:04:46.900	1061.0	23.3	23.6	1061.0	0.0	0.0	0.0	0.000	0.000	0.000	0.0	0.0		12:39:38:759		
000:04:46.950	1061.7	23.3	23.6	1061.7	0.0	0.0	0.0	0.000	0.000	0.000	0.0	0.0		12:39:38:809		
000:04:47.000	1061.5	23.3	23.6	1061.5	0.0	0.0	0.0	0.000	0.000	0.000	0.0	0.0		12:39:38:859		
000:04:47.050	1061.4	23.3	23.6	1061.4	0.0	0.0	0.0	0.000	0.000	0.000	0.0	0.0		12:39:38:909		
000:04:47.100	1061.5	23.3	23.6	1061.5	0.0	0.0	0.0	0.000	0.000	0.000	0.0	0.0		12:39:38:959		
000:04:47.150	1061.6	23.3	23.6	1061.6	0.0	0.0	0.0	0.000	0.000	0.000	0.0	0.0		12:39:39:009		
000:04:47.200	1061.3	23.3	23.6	1061.3	0.0	0.0	0.0	0.000	0.000	0.000	0.0	0.0		12:39:39:059		
000:04:47.250	1061.1	23.3	23.6	1061.1	0.0	0.0	0.0	0.000	0.000	0.000	0.0	0.0		12:39:39:109		
000:04:47.300	1062.1	23.3	23.6	1062.1	0.0	0.0	0.0	0.000	0.000	0.000	0.0	0.0		12:39:39:159		
000:04:47.350	1062.1	23.3	23.7	1062.1	0.0	0.0	0.0	0.000	0.000	0.000	0.0	0.0		12:39:39:209		
000:04:47.400	1062.2	23.3	23.7	1062.2	0.0	0.0	0.0	0.000	0.000	0.000	0.0	0.0		12:39:39:259		
000:04:47.450	1061.7	23.3	23.7	1061.7	0.0	0.0	0.0	0.000	0.000	0.000	0.0	0.0		12:39:39:309		
000:04:47.500	1061.8	23.3	23.7	1061.8	0.0	0.0	0.0	0.000	0.000	0.000	0.0	0.0		12:39:39:359		
000:04:47.550	1061.9	23.3	23.7	1061.9	0.0	0.0	0.0	0.000	0.000	0.000	0.0	0.0		12:39:39:409		
000:04:47.600	1062.2	23.3	23.7	1062.2	0.0	0.0	0.0	0.000	0.000	0.000	0.0	0.0		12:39:39:459		
000:04:47.650	1061.5	23.3	23.7	1061.5	0.0	0.0	0.0	0.000	0.000	0.000	0.0	0.0		12:39:39:509		
000:04:47.700	1062.1	23.3	23.7	1062.1	0.0	0.0	0.0	0.000	0.000	0.000	0.0	0.0		12:39:39:559		
000:04:47.750	1062.1	23.3	23.7	1062.1	0.0	0.0	0.0	0.000	0.000	0.000	0.0	0.0		12:39:39:609		
000:04:47.800	1062.1	23.3	23.7	1062.1	0.0	0.0	0.0	0.000	0.000	0.000	0.0	0.0		12:39:39:659		
000:04:47.850	1062.2	23.3	23.7	1062.2	0.0	0.0	0.0	0.000	0.000	0.000	0.0	0.0		12:39:39:709		
000:04:47.900	1061.9	23.3	23.7	1061.9	0.0	0.0	0.0	0.000	0.000	0.000	0.0	0.0		12:39:39:759		
000:04:47.950	1062.1	23.3	23.7	1062.1	0.0	0.0	0.0	0.000	0.000	0.000	0.0	0.0		12:39:39:809		
000:04:48.000	1062.2	23.3	23.7	1062.2	0.0	0.0	0.0	0.000	0.000	0.000	0.0	0.0		12:39:39:859		
000:04:48.050	1062.1	23.3	23.7	1062.1	0.0	0.0	0.0	0.000	0.000	0.000	0.0	0.0		12:39:39:909		
000:04:48.100	1062.2	23.3	23.7	1062.2	0.0	0.0	0.0	0.000	0.000	0.000	0.0	0.0		12:39:39:959		
000:04:48.150	1062.8	23.3	23.7	1062.8	0.0	0.0	0.0	0.000	0.000	0.000	0.0	0.0		12:39:40:009		
000:04:48.200	1062.6	23.3	23.7	1062.6	0.0	0.0	0.0	0.000	0.000	0.000	0.0	0.0		12:39:40:059		
000:04:48.250	1062.1	23.3	23.7	1062.1	0.0	0.0	0.0	0.000	0.000	0.000	0.0	0.0		12:39:40:109		
000:04:48.300	1061.9	23.3	23.7	1061.9	0.0	0.0	0.0	0.000	0.000	0.000	0.0	0.0		12:39:40:159		
000:04:48.350	1062.3	23.3	23.7	1062.3	0.0	0.0	0.0	0.000	0.000	0.000	0.0	0.0		12:39:40:209		
000:04:48.400	1062.5	23.3	23.7	1062.5	0.0	0.0	0.0	0.000	0.000	0.000	0.0	0.0		12:39:40:259		
000:04:48.450	1062.1	23.3	23.7	1062.1	0.0	0.0	0.0	0.000	0.000	0.000	0.0	0.0		12:39:40:309		
000:04:48.500	1062.5	23.3	23.7	1062.5	0.0	0.0	0.0	0.000	0.000	0.000	0.0	0.0		12:39:40:359		
000:04:48.550	1062.5	23.3	23.7	1062.5	0.0	0.0	0.0	0.000	0.000	0.000	0.0	0.0		12:39:40:409		
000:04:48.600	1062.6	23.3	23.7	1062.6	0.0	0.0	0.0	0.000	0.000	0.000	0.0	0.0		12:39:40:459		
000:04:48.650	1062.6	23.3	23.7	1062.6	0.0	0.0	0.0	0.000	0.000	0.000	0.0	0.0		12:39:40:509		
000:04:48.700	1062.9	23.3	23.7	1062.9	0.0	0.0	0.0	0.000	0.000	0.000	0.0	0.0		12:39:40:559		
000:04:48.750	1062.4	23.3	23.7	1062.4	0.0	0.0	0.0	0.000	0.000	0.000	0.0	0.0		12:39:40:609		
000:04:48.800	1062.2	23.3	23.7	1062.2	0.0	0.0	0.0	0.000	0.000	0.000	0.0	0.0		12:39:40:659		
000:04:48.850	1062.8	23.3	23.7	1062.8	0.0	0.0	0.0	0.000	0.000	0.000	0.0	0.0		12:39:40:709		
000:04:48.900	1062.9	23.3	23.7	1062.9	0.0	0.0	0.0	0.000	0.000	0.000	0.0	0.0		12:39:40:759		
000:04:48.950	1063.0	23.3	23.7	1063.0	0.0	0.0	0.0	0.000	0.000	0.000	0.0	0.0		12:39:40:809		
000:04:49.000	1062.9	23.3	23.7	1062.9	0.0	0.0	0.0	0.000	0.000	0.000	0.0	0.0		12:39:40:859		
000:04:49.050	1062.7	23.3	23.7	1062.7	0.0	0.0	0.0	0.000	0.000	0.000	0.0	0.0		12:39:40:909		
000:04:49.100	1062.8	23.3	23.7	1062.8	0.0	0.0	0.0	0.000	0.000	0.000	0.0	0.0		12:39:40:959		
000:04:49.150	1063.4	23.3	23.7	1063.4	0.0	0.0	0.0	0.000	0.000	0.000	0.0	0.0		12:39:41:009		
000:04:49.200	1063.5	23.3	23.7	1063.5	0.0	0.0	0.0	0.000	0.000	0.000	0.0	0.0		12:39:41:059		
000:04:49.250	1063.5	23.3	23.7	1063.5	0.0	0.0	0.0	0.000	0.000	0.000	0.0	0.0		12:39:41:109		
000:04:49.300	1062.7	23.3	23.7	1062.7	0.0	0.0	0.0	0.000	0.000	0.000	0.0	0.0		12:39:41:159		
000:04:49.350	1063.2	23.3	23.7	1063.2	0.0	0.0	0.0	0.000	0.000	0.000	0.0	0.0		12:39:41:209		
000:04:49.400	1063.3	23.3	23.7	1063.3	0.0	0.0	0.0	0.000	0.000	0.000	0.0	0.0		12:39:41:259		
000:04:49.450	1063.7	23.3	23.7	1063.7	0.0	0.0	0.0	0.000	0.000	0.000	0.0	0.0		12:39:41:309		
000:04:49.500	1063.5	23.3	23.7	1063.5	0.0	0.0	0.0	0.000	0.000	0.000	0.0	0.0		12:39:41:359		
000:04:49.550	1063.4	23.3	23.7	1063.4	0.0	0.0	0.0	0.000	0.000	0.000	0.0	0.0		12:39:41:409		
000:04:49.600	1063.4	23.3	23.7	1063.4	0.0	0.0	0.0	0.000	0.000	0.000	0.0	0.0		12:39:41:459		
000:04:49.650	1063.8	23.3	23.7	1063.8	0.0	0.0	0.0	0.000	0.000	0.000	0.0	0.0		12:39:41:509		
000:04:49.700	1063.7	23.3	23.7	1063.7	0.0	0.0	0.0	0.000	0.000	0.000	0.0	0.0		12:39:41:559		
000:04:49.750	1064.2	23.3	23.7	1064.2	0.0	0.0	0.0	0.000	0.000	0.000	0.0	0.0		12:39:41:609		
000:04:49.800	1063.7	23.3	23.7	1063.7	0.0	0.0	0.0	0.000	0.000	0.000	0.0	0.0		12:39:41:659		
000:04:49.850	1064.1	23.3	23.7	1064.1	0.0	0.0	0.0	0.000	0.000	0.000	0.0	0.0		12:39:41:709		
000:04:49.900	1064.0	23.3	23.7	1064.0	0.0	0.0	0.0	0.000	0.000	0.000	0.0	0.0		12:39:41:759		
000:04:49.950	1063.9	23.3	23.7	1063.9	0.0	0.0	0.0	0.000	0.000	0.000	0.0	0.0		12:39:41:809		
000:04:50.000	1064.2	23.3	23.7	1064.2	0.0	0.0	0.0	0.000	0.000	0.000	0.0	0.0		12:39:41:859		
000:04:50.050	1064.1	23.3	23.7	1064.1	0.0	0.0	0.0	0.000	0.000	0.000	0.0	0.0		12:39:41:909		
000:04:50.100	1064.3	23.3	23.7	1064.3	0.0	0.0	0.0	0.000	0.000	0.000	0.0	0.0		12:39:41:959		
000:04:50.150	1064.2	23.3	23.7	1064.2	0.0	0.0	0.0	0.000	0.000	0.000	0.0	0.0		12:39:42:009		
000:04:50.200	1064.2	23.3	23.7	1064.2	0.0	0.0	0.0	0.000	0.000	0.000	0.0	0.0		12:39:42:059		
000:04:50.250	1064.1	23.3	23.7	1064.1	0.0	0.0	0.0	0.000	0.000	0.000	0.0	0.0		12:39:42:109		
000:04:50.300	1064.4	23.3	23.7	1064.4	0.0	0.0	0.0	0.000	0.000	0.000	0.0	0.0		12:39:42:159		
000:04:50.350	1064.6	23.3	23.7	1064.6	0.0	0.0	0.0	0.000	0.000	0.000	0.0	0.0		12:39:42:209		
000:04:50.400	1064.4	23.3	23.7	1064.4	0.0	0.0	0.0	0.000	0.000	0.000	0.0	0.0		12:39:42:259		
000:04:50.450	1064.3	23.3	23.7	1064.3	0.0	0.0	0.0	0.000	0.000	0.000	0.0	0.0		12:39:42:309		
000:04:50.500	1064.3	23.3	23.7	1064.3	0.0	0.0	0.0	0.000	0.000	0.000	0.0	0.0		12:39:42:359		
000:04:50.550	1064.6	23.3	23.7	1064.6	0.0	0.0	0.0	0.000	0.000	0.000	0.0	0.0		12:39:42:409		
000:04:50.600	1064.5	23.3	23.7	1064.5	0.0	0.0	0.0	0.000	0.000	0.000	0.0	0.0		12:39:42:459		
000:04:50.650	1064.4	23.3	23.7	1064.4	0.0	0.0	0.0	0.000	0.000	0.000	0.0	0.0		12:39:42:509		
000:04:50.700	1064.5	23.3	23.7	1064.5	0.0	0.0	0.0	0.000	0.000	0.000	0.0	0.0		12:39:42:559		
000:04:50.750	1064.8	23.3	23.7	1064.8	0.0	0.0	0.0	0.000	0.000	0.000	0.0	0.0		12:39:42:609		
000:04:50.800	1064.5	23.3	23.7	1064.5	0.0	0.0	0.0	0.000	0.000	0.000	0.0	0.0		12:39:42:659		
000:04:50.850	1064.6	23.3	23.7	1064.6	0.0	0.0	0.0	0.000	0.000	0.000	0.0	0.0		12:39:42:709		
000:04:50.900	1064.6	23.3	23.7	1064.6	0.0	0.0	0.0	0.000	0.000	0.000	0.0	0.0		12:39:42:759		
000:04:50.950	1064.7	23.3	23.7	1064.7	0.0	0.0	0.0	0.000	0.000	0.000	0.0	0.0		12:39:42:809		
000:04:51.000	1064.7	23.3	23.7	1064.7	0.0	0.0	0.0	0.000	0.000	0.000	0.0	0.0		12:39:42:859		
000:04:51.050	1064.9	23.3	23.7	1064.9	0.0	0.0	0.0	0.000	0.000	0.000	0.0	0.0		12:39:42:909		
000:04:51.100	1064.7	23.3	23.7	1064.7	0.0	0.0	0.0	0.000	0.000	0.000	0.0	0.0		12:39:42:959		
000:04:51.150	1064.7	23.3	23.7	1064.7	0.0	0.0	0.0	0.000	0.000	0.000	0.0	0.0		12:39:43:009		
000:04:51.200	1065.2	23.3	23.7	1065.2	0.0	0.0	0.0	0.000	0.000	0.000	0.0	0.0		12:39:43:059		
000:04:51.250	1065.1	23.3	23.7	1065.1	0.0	0.0	0.0	0.000	0.000	0.000	0.0	0.0		12:39:43:109		
000:04:51.300	1065.1	23.3	23.7	1065.1	0.0	0.0	0.0	0.000	0.000	0.000	0.0	0.0		12:39:43:159		
000:04:51.350	1065.1	23.3	23.7	1065.1	0.0	0.0	0.0	0.000	0.000	0.000	0.0	0.0		12:39:43:209		
000:04:51.400	1064.9	23.3	23.7	1064.9	0.0	0.0	0.0	0.000	0.000	0.000	0.0	0.0		12:39:43:259		
000:04:51.450	1065.6	23.3	23.7	1065.6	0.0	0.0	0.0	0.000	0.000	0.000	0.0	0.0		12:39:43:309		
000:04:51.500	1065.3	23.3	23.7	1065.3	0.0	0.0	0.0	0.000	0.000	0.000	0.0	0.0		12:39:43:359		
000:04:51.550	1065.6	23.3	23.7	1065.6	0.0	0.0	0.0	0.000	0.000	0.000	0.0	0.0		12:39:43:409		
000:04:51.600	1065.4	23.3	23.7	1065.4	0.0	0.0	0.0	0.000	0.000	0.000	0.0	0.0		12:39:43:459		
000:04:51.650	1065.1	23.3	23.7	1065.1	0.0	0.0	0.0	0.000	0.000	0.000	0.0	0.0		12:39:43:509		
000:04:51.700	1065.7	23.3	23.7	1065.7	0.0	0.0	0.0	0.000	0.000	0.000	0.0	0.0		12:39:43:559		
000:04:51.750	1065.6	23.3	23.7	1065.6	0.0	0.0	0.0	0.000	0.000	0.000	0.0	0.0		12:39:43:609		
000:04:51.800	1065.3	23.3	23.7	1065.3	0.0	0.0	0.0	0.000	0.000	0.000	0.0	0.0		12:39:43:659		
000:04:51.850	1065.6	23.3	23.7	1065.6	0.0	0.0	0.0	0.000	0.000	0.000	0.0	0.0		12:39:43:709		
000:04:51.900	1065.7	23.3	23.7	1065.7	0.0	0.0	0.0	0.000	0.000	0.000	0.0	0.0		12:39:43:759		
000:04:51.950	1065.9	23.3	23.7	1065.9	0.0	0.0	0.0	0.000	0.000	0.000	0.0	0.0		12:39:43:809		
000:04:52.000	1065.6	23.3	23.7	1065.6	0.0	0.0	0.0	0.000	0.000	0.000	0.0	0.0		12:39:43:859		
000:04:52.050	1065.6	23.3	23.7	1065.6	0.0	0.0	0.0	0.000	0.000	0.000	0.0	0.0		12:39:43:909		
000:04:52.100	1065.6	23.3	23.7	1065.6	0.0	0.0	0.0	0.000	0.000	0.000	0.0	0.0		12:39:43:959		
000:04:52.150	1065.7	23.3	23.7	1065.7	0.0	0.0	0.0	0.000	0.000	0.000	0.0	0.0		12:39:44:009		
000:04:52.200	1065.9	23.3	23.7	1065.9	0.0	0.0	0.0	0.000	0.000	0.000	0.0	0.0		12:39:44:059		
000:04:52.250	1066.1	23.3	23.7	1066.1	0.0	0.0	0.0	0.000	0.000	0.000	0.0	0.0		12:39:44:109		
000:04:52.300	1065.8	23.3	23.7	1065.8	0.0	0.0	0.0	0.000	0.000	0.000	0.0	0.0		12:39:44:159		
000:04:52.350	1066.0	23.3	23.7	1066.0	0.0	0.0	0.0	0.000	0.000	0.000	0.0	0.0		12:39:44:209		
000:04:52.400	1066.1	23.3	23.7	1066.1	0.0	0.0	0.0	0.000	0.000	0.000	0.0	0.0		12:39:44:259		
000:04:52.450	1066.2	23.3	23.7	1066.2	0.0	0.0	0.0	0.000	0.000	0.000	0.0	0.0		12:39:44:309		
000:04:52.500	1066.1	23.3	23.7	1066.1	0.0	0.0	0.0	0.000	0.000	0.000	0.0	0.0		12:39:44:359		
000:04:52.550	1066.6	23.3	23.7	1066.6	0.0	0.0	0.0	0.000	0.000	0.000	0.0	0.0		12:39:44:409		
000:04:52.600	1066.4	23.3	23.7	1066.4	0.0	0.0	0.0	0.000	0.000	0.000	0.0	0.0		12:39:44:459		
000:04:52.650	1066.9	23.3	23.7	1066.9	0.0	0.0	0.0	0.000	0.000	0.000	0.0	0.0		12:39:44:509		
000:04:52.700	1066.7	23.3	23.7	1066.7	0.0	0.0	0.0	0.000	0.000	0.000	0.0	0.0		12:39:44:559		
000:04:52.750	1066.8	23.3	23.7	1066.8	0.0	0.0	0.0	0.000	0.000	0.000	0.0	0.0		12:39:44:609		
000:04:52.800	1066.8	23.3	23.7	1066.8	0.0	0.0	0.0	0.000	0.000	0.000	0.0	0.0		12:39:44:659		
000:04:52.850	1066.9	23.3	23.7	1066.9	0.0	0.0	0.0	0.000	0.000	0.000	0.0	0.0		12:39:44:709		
000:04:52.900	1066.9	23.3	23.7	1066.9	0.0	0.0	0.0	0.000	0.000	0.000	0.0	0.0		12:39:44:759		
000:04:52.950	1066.7	23.3	23.7	1066.7	0.0	0.0	0.0	0.000	0.000	0.000	0.0	0.0		12:39:44:809		
000:04:53.000	1066.8	23.3	23.7	1066.8	0.0	0.0	0.0	0.000	0.000	0.000	0.0	0.0		12:39:44:859		
000:04:53.050	1066.9	23.3	23.7	1066.9	0.0	0.0	0.0	0.000	0.000	0.000	0.0	0.0		12:39:44:909		
000:04:53.100	1066.8	23.3	23.7	1066.8	0.0	0.0	0.0	0.000	0.000	0.000	0.0	0.0		12:39:44:959		
000:04:53.150	1067.0	23.3	23.7	1067.0	0.0	0.0	0.0	0.000	0.000	0.000	0.0	0.0		12:39:45:009		
000:04:53.200	1067.4	23.3	23.7	1067.4	0.0	0.0	0.0	0.000	0.000	0.000	0.0	0.0		12:39:45:059		
000:04:53.250	1067.3	23.3	23.7	1067.3	0.0	0.0	0.0	0.000	0.000	0.000	0.0	0.0		12:39:45:109		
000:04:53.300	1067.3	23.3	23.7	1067.3	0.0	0.0	0.0	0.000	0.000	0.000	0.0	0.0		12:39:45:159		
000:04:53.350	1067.0	23.3	23.7	1067.0	0.0	0.0	0.0	0.000	0.000	0.000	0.0	0.0		12:39:45:209		
000:04:53.400	1067.3	23.3	23.7	1067.3	0.0	0.0	0.0	0.000	0.000	0.000	0.0	0.0		12:39:45:259		
000:04:53.450	1067.1	23.3	23.7	1067.1	0.0	0.0	0.0	0.000	0.000	0.000	0.0	0.0		12:39:45:309		
000:04:53.500	1067.6	23.3	23.7	1067.6	0.0	0.0	0.0	0.000	0.000	0.000	0.0	0.0		12:39:45:359		
000:04:53.550	1067.3	23.3	23.7	1067.3	0.0	0.0	0.0	0.000	0.000	0.000	0.0	0.0		12:39:45:409		
000:04:53.600	1067.4	23.3	23.7	1067.4	0.0	0.0	0.0	0.000	0.000	0.000	0.0	0.0		12:39:45:459		
000:04:53.650	1067.4	23.3	23.7	1067.4	0.0	0.0	0.0	0.000	0.000	0.000	0.0	0.0		12:39:45:509		
000:04:53.700	1067.4	23.3	23.7	1067.4	0.0	0.0	0.0	0.000	0.000	0.000	0.0	0.0		12:39:45:559		
000:04:53.750	1067.3	23.3	23.7	1067.3	0.0	0.0	0.0	0.000	0.000	0.000	0.0	0.0		12:39:45:609		
000:04:53.800	1067.3	23.3	23.7	1067.3	0.0	0.0	0.0	0.000	0.000	0.000	0.0	0.0		12:39:45:659		
000:04:53.850	1067.4	23.3	23.7	1067.4	0.0	0.0	0.0	0.000	0.000	0.000	0.0	0.0		12:39:45:709		
000:04:53.900	1067.8	23.3	23.7	1067.8	0.0	0.0	0.0	0.000	0.000	0.000	0.0	0.0		12:39:45:759		
000:04:53.950	1068.2	23.3	23.7	1068.2	0.0	0.0	0.0	0.000	0.000	0.000	0.0	0.0		12:39:45:809		
000:04:54.000	1068.1	23.3	23.7	1068.1	0.0	0.0	0.0	0.000	0.000	0.000	0.0	0.0		12:39:45:859		
000:04:54.050	1068.4	23.3	23.7	1068.4	0.0	0.0	0.0	0.000	0.000	0.000	0.0	0.0		12:39:45:909		
000:04:54.100	1068.5	23.3	23.7	1068.5	0.0	0.0	0.0	0.000	0.000	0.000	0.0	0.0		12:39:45:959		
000:04:54.150	1068.0	23.3	23.7	1068.0	0.0	0.0	0.0	0.000	0.000	0.000	0.0	0.0		12:39:46:009		
000:04:54.200	1068.7	23.3	23.7	1068.7	0.0	0.0	0.0	0.000	0.000	0.000	0.0	0.0		12:39:46:059		
000:04:54.250	1068.4	23.3	23.7	1068.4	0.0	0.0	0.0	0.000	0.000	0.000	0.0	0.0		12:39:46:109		
000:04:54.300	1068.5	23.3	23.7	1068.5	0.0	0.0	0.0	0.000	0.000	0.000	0.0	0.0		12:39:46:159		
000:04:54.350	1068.4	23.3	23.7	1068.4	0.0	0.0	0.0	0.000	0.000	0.000	0.0	0.0		12:39:46:209		
000:04:54.400	1068.6	23.3	23.7	1068.6	0.0	0.0	0.0	0.000	0.000	0.000	0.0	0.0		12:39:46:259		
000:04:54.450	1068.6	23.3	23.7	1068.6	0.0	0.0	0.0	0.000	0.000	0.000	0.0	0.0		12:39:46:309		
000:04:54.500	1069.0	23.3	23.7	1069.0	0.0	0.0	0.0	0.000	0.000	0.000	0.0	0.0		12:39:46:359		
000:04:54.550	1069.2	23.3	23.7	1069.2	0.0	0.0	0.0	0.000	0.000	0.000	0.0	0.0		12:39:46:409		
000:04:54.600	1068.7	23.3	23.7	1068.7	0.0	0.0	0.0	0.000	0.000	0.000	0.0	0.0		12:39:46:459		
000:04:54.650	1068.4	23.3	23.7	1068.4	0.0	0.0	0.0	0.000	0.000	0.000	0.0	0.0		12:39:46:509		
000:04:54.700	1068.5	23.3	23.7	1068.5	0.0	0.0	0.0	0.000	0.000	0.000	0.0	0.0		12:39:46:559		
000:04:54.750	1068.9	23.3	23.7	1068.9	0.0	0.0	0.0	0.000	0.000	0.000	0.0	0.0		12:39:46:609		
000:04:54.800	1068.9	23.3	23.7	1068.9	0.0	0.0	0.0	0.000	0.000	0.000	0.0	0.0		12:39:46:659		
000:04:54.850	1069.5	23.3	23.7	1069.5	0.0	0.0	0.0	0.000	0.000	0.000	0.0	0.0		12:39:46:709		
000:04:54.900	1069.1	23.3	23.7	1069.1	0.0	0.0	0.0	0.000	0.000	0.000	0.0	0.0		12:39:46:759		
000:04:54.950	1069.0	23.3	23.7	1069.0	0.0	0.0	0.0	0.000	0.000	0.000	0.0	0.0		12:39:46:809		
000:04:55.000	1069.4	23.3	23.7	1069.4	0.0	0.0	0.0	0.000	0.000	0.000	0.0	0.0		12:39:46:859		
000:04:55.050	1069.6	23.3	23.7	1069.6	0.0	0.0	0.0	0.000	0.000	0.000	0.0	0.0		12:39:46:909		
000:04:55.100	1069.6	23.3	23.7	1069.6	0.0	0.0	0.0	0.000	0.000	0.000	0.0	0.0		12:39:46:959		
000:04:55.150	1069.3	23.3	23.7	1069.3	0.0	0.0	0.0	0.000	0.000	0.000	0.0	0.0		12:39:47:009		
000:04:55.200	1069.6	23.3	23.7	1069.6	0.0	0.0	0.0	0.000	0.000	0.000	0.0	0.0		12:39:47:059		
000:04:55.250	1069.6	23.3	23.7	1069.6	0.0	0.0	0.0	0.000	0.000	0.000	0.0	0.0		12:39:47:109		
000:04:55.300	1070.0	23.3	23.7	1070.0	0.0	0.0	0.0	0.000	0.000	0.000	0.0	0.0		12:39:47:159		
000:04:55.350	1070.2	23.3	23.7	1070.2	0.0	0.0	0.0	0.000	0.000	0.000	0.0	0.0		12:39:47:209		
000:04:55.400	1069.9	23.3	23.7	1069.9	0.0	0.0	0.0	0.000	0.000	0.000	0.0	0.0		12:39:47:259		
000:04:55.450	1070.0	23.3	23.7	1070.0	0.0	0.0	0.0	0.000	0.000	0.000	0.0	0.0		12:39:47:309		
000:04:55.500	1069.9	23.3	23.7	1069.9	0.0	0.0	0.0	0.000	0.000	0.000	0.0	0.0		12:39:47:359		
000:04:55.550	1069.9	23.3	23.7	1069.9	0.0	0.0	0.0	0.000	0.000	0.000	0.0	0.0		12:39:47:409		
000:04:55.600	1070.1	23.3	23.7	1070.1	0.0	0.0	0.0	0.000	0.000	0.000	0.0	0.0		12:39:47:459		
000:04:55.650	1070.0	23.3	23.7	1070.0	0.0	0.0	0.0	0.000	0.000	0.000	0.0	0.0		12:39:47:509		
000:04:55.700	1070.3	23.3	23.7	1070.3	0.0	0.0	0.0	0.000	0.000	0.000	0.0	0.0		12:39:47:559		
000:04:55.750	1070.1	23.3	23.7	1070.1	0.0	0.0	0.0	0.000	0.000	0.000	0.0	0.0		12:39:47:609		
000:04:55.800	1070.2	23.3	23.7	1070.2	0.0	0.0	0.0	0.000	0.000	0.000	0.0	0.0		12:39:47:659		
000:04:55.850	1070.2	23.3	23.7	1070.2	0.0	0.0	0.0	0.000	0.000	0.000	0.0	0.0		12:39:47:709		
000:04:55.900	1070.2	23.3	23.7	1070.2	0.0	0.0	0.0	0.000	0.000	0.000	0.0	0.0		12:39:47:759		
000:04:55.950	1070.2	23.3	23.7	1070.2	0.0	0.0	0.0	0.000	0.000	0.000	0.0	0.0		12:39:47:809		
000:04:56.000	1070.5	23.3	23.7	1070.5	0.0	0.0	0.0	0.000	0.000	0.000	0.0	0.0		12:39:47:859		
000:04:56.050	1070.5	23.3	23.7	1070.5	0.0	0.0	0.0	0.000	0.000	0.000	0.0	0.0		12:39:47:909		
000:04:56.100	1070.2	23.3	23.7	1070.2	0.0	0.0	0.0	0.000	0.000	0.000	0.0	0.0		12:39:47:959		
000:04:56.150	1070.3	23.3	23.7	1070.3	0.0	0.0	0.0	0.000	0.000	0.000	0.0	0.0		12:39:48:009		
000:04:56.200	1070.6	23.3	23.7	1070.6	0.0	0.0	0.0	0.000	0.000	0.000	0.0	0.0		12:39:48:059		
000:04:56.250	1070.8	23.3	23.7	1070.8	0.0	0.0	0.0	0.000	0.000	0.000	0.0	0.0		12:39:48:109		
000:04:56.300	1071.2	23.3	23.7	1071.2	0.0	0.0	0.0	0.000	0.000	0.000	0.0	0.0		12:39:48:159		
000:04:56.350	1071.1	23.3	23.7	1071.1	0.0	0.0	0.0	0.000	0.000	0.000	0.0	0.0		12:39:48:209		
000:04:56.400	1070.7	23.3	23.7	1070.7	0.0	0.0	0.0	0.000	0.000	0.000	0.0	0.0		12:39:48:259		
000:04:56.450	1071.0	23.3	23.7	1071.0	0.0	0.0	0.0	0.000	0.000	0.000	0.0	0.0		12:39:48:309		
000:04:56.500	1070.8	23.3	23.7	1070.8	0.0	0.0	0.0	0.000	0.000	0.000	0.0	0.0		12:39:48:359		
000:04:56.550	1070.7	23.3	23.7	1070.7	0.0	0.0	0.0	0.000	0.000	0.000	0.0	0.0		12:39:48:409		
000:04:56.600	1071.1	23.3	23.7	1071.1	0.0	0.0	0.0	0.000	0.000	0.000	0.0	0.0		12:39:48:459		
000:04:56.650	1070.9	23.3	23.7	1070.9	0.0	0.0	0.0	0.000	0.000	0.000	0.0	0.0		12:39:48:509		
000:04:56.700	1071.3	23.3	23.7	1071.3	0.0	0.0	0.0	0.000	0.000	0.000	0.0	0.0		12:39:48:559		
000:04:56.750	1071.6	23.3	23.7	1071.6	0.0	0.0	0.0	0.000	0.000	0.000	0.0	0.0		12:39:48:609		
000:04:56.800	1071.5	23.3	23.7	1071.5	0.0	0.0	0.0	0.000	0.000	0.000	0.0	0.0		12:39:48:659		
000:04:56.850	1071.2	23.3	23.7	1071.2	0.0	0.0	0.0	0.000	0.000	0.000	0.0	0.0		12:39:48:709		
000:04:56.900	1071.4	23.3	23.7	1071.4	0.0	0.0	0.0	0.000	0.000	0.000	0.0	0.0		12:39:48:759		
000:04:56.950	1071.5	23.3	23.7	1071.5	0.0	0.0	0.0	0.000	0.000	0.000	0.0	0.0		12:39:48:809		
000:04:57.000	1071.2	23.3	23.7	1071.2	0.0	0.0	0.0	0.000	0.000	0.000	0.0	0.0		12:39:48:859		
000:04:57.050	1071.6	23.3	23.7	1071.6	0.0	0.0	0.0	0.000	0.000	0.000	0.0	0.0		12:39:48:909		
000:04:57.100	1071.4	23.3	23.7	1071.4	0.0	0.0	0.0	0.000	0.000	0.000	0.0	0.0		12:39:48:959		
000:04:57.150	1071.9	23.3	23.7	1071.9	0.0	0.0	0.0	0.000	0.000	0.000	0.0	0.0		12:39:49:009		
000:04:57.200	1071.9	23.3	23.7	1071.9	0.0	0.0	0.0	0.000	0.000	0.000	0.0	0.0		12:39:49:059		
000:04:57.250	1071.7	23.3	23.7	1071.7	0.0	0.0	0.0	0.000	0.000	0.000	0.0	0.0		12:39:49:109		
000:04:57.300	1071.5	23.3	23.7	1071.5	0.0	0.0	0.0	0.000	0.000	0.000	0.0	0.0		12:39:49:159		
000:04:57.350	1071.9	23.3	23.7	1071.9	0.0	0.0	0.0	0.000	0.000	0.000	0.0	0.0		12:39:49:209		
000:04:57.400	1072.4	23.3	23.7	1072.4	0.0	0.0	0.0	0.000	0.000	0.000	0.0	0.0		12:39:49:259		
000:04:57.450	1072.0	23.3	23.7	1072.0	0.0	0.0	0.0	0.000	0.000	0.000	0.0	0.0		12:39:49:309		
000:04:57.500	1072.6	23.3	23.7	1072.6	0.0	0.0	0.0	0.000	0.000	0.000	0.0	0.0		12:39:49:359		
000:04:57.550	1072.5	23.3	23.7	1072.5	0.0	0.0	0.0	0.000	0.000	0.000	0.0	0.0		12:39:49:409		
000:04:57.600	1072.3	23.3	23.7	1072.3	0.0	0.0	0.0	0.000	0.000	0.000	0.0	0.0		12:39:49:459		
000:04:57.650	1072.3	23.3	23.7	1072.3	0.0	0.0	0.0	0.000	0.000	0.000	0.0	0.0		12:39:49:509		
000:04:57.700	1072.5	23.3	23.7	1072.5	0.0	0.0	0.0	0.000	0.000	0.000	0.0	0.0		12:39:49:559		
000:04:57.750	1072.3	23.3	23.7	1072.3	0.0	0.0	0.0	0.000	0.000	0.000	0.0	0.0		12:39:49:609		
000:04:57.800	1072.4	23.3	23.7	1072.4	0.0	0.0	0.0	0.000	0.000	0.000	0.0	0.0		12:39:49:659		
000:04:57.850	1072.7	23.3	23.7	1072.7	0.0	0.0	0.0	0.000	0.000	0.000	0.0	0.0		12:39:49:709		
000:04:57.900	1072.9	23.3	23.7	1072.9	0.0	0.0	0.0	0.000	0.000	0.000	0.0	0.0		12:39:49:759		
000:04:57.950	1073.1	23.3	23.7	1073.1	0.0	0.0	0.0	0.000	0.000	0.000	0.0	0.0		12:39:49:809		
000:04:58.000	1072.5	23.3	23.7	1072.5	0.0	0.0	0.0	0.000	0.000	0.000	0.0	0.0		12:39:49:859		
000:04:58.050	1072.9	23.3	23.7	1072.9	0.0	0.0	0.0	0.000	0.000	0.000	0.0	0.0		12:39:49:909		
000:04:58.100	1072.9	23.3	23.7	1072.9	0.0	0.0	0.0	0.000	0.000	0.000	0.0	0.0		12:39:49:959		
000:04:58.150	1072.7	23.3	23.7	1072.7	0.0	0.0	0.0	0.000	0.000	0.000	0.0	0.0		12:39:50:009		
000:04:58.200	1073.0	23.3	23.7	1073.0	0.0	0.0	0.0	0.000	0.000	0.000	0.0	0.0		12:39:50:059		
000:04:58.250	1073.1	23.3	23.7	1073.1	0.0	0.0	0.0	0.000	0.000	0.000	0.0	0.0		12:39:50:109		
000:04:58.300	1073.9	23.3	23.7	1073.9	0.0	0.0	0.0	0.000	0.000	0.000	0.0	0.0		12:39:50:159		
000:04:58.350	1073.9	23.3	23.7	1073.9	0.0	0.0	0.0	0.000	0.000	0.000	0.0	0.0		12:39:50:209		
000:04:58.400	1073.8	23.3	23.7	1073.8	0.0	0.0	0.0	0.000	0.000	0.000	0.0	0.0		12:39:50:259		
000:04:58.450	1073.7	23.3	23.7	1073.7	0.0	0.0	0.0	0.000	0.000	0.000	0.0	0.0		12:39:50:309		
000:04:58.500	1073.9	23.3	23.7	1073.9	0.0	0.0	0.0	0.000	0.000	0.000	0.0	0.0		12:39:50:359		
000:04:58.550	1073.3	23.3	23.7	1073.3	0.0	0.0	0.0	0.000	0.000	0.000	0.0	0.0		12:39:50:409		
000:04:58.600	1073.5	23.3	23.7	1073.5	0.0	0.0	0.0	0.000	0.000	0.000	0.0	0.0		12:39:50:459		
000:04:58.650	1073.8	23.3	23.7	1073.8	0.0	0.0	0.0	0.000	0.000	0.000	0.0	0.0		12:39:50:509		
000:04:58.700	1074.2	23.3	23.7	1074.2	0.0	0.0	0.0	0.000	0.000	0.000	0.0	0.0		12:39:50:559		
000:04:58.750	1073.7	23.3	23.7	1073.7	0.0	0.0	0.0	0.000	0.000	0.000	0.0	0.0		12:39:50:609		
000:04:58.800	1073.7	23.3	23.7	1073.7	0.0	0.0	0.0	0.000	0.000	0.000	0.0	0.0		12:39:50:659		
000:04:58.850	1074.3	23.3	23.7	1074.3	0.0	0.0	0.0	0.000	0.000	0.000	0.0	0.0		12:39:50:709		
000:04:58.900	1074.1	23.3	23.7	1074.1	0.0	0.0	0.0	0.000	0.000	0.000	0.0	0.0		12:39:50:759		
000:04:58.950	1074.7	23.3	23.7	1074.7	0.0	0.0	0.0	0.000	0.000	0.000	0.0	0.0		12:39:50:809		
000:04:59.000	1074.6	23.3	23.7	1074.6	0.0	0.0	0.0	0.000	0.000	0.000	0.0	0.0		12:39:50:859		
000:04:59.050	1074.5	23.3	23.7	1074.5	0.0	0.0	0.0	0.000	0.000	0.000	0.0	0.0		12:39:50:909		
000:04:59.100	1074.4	23.3	23.7	1074.4	0.0	0.0	0.0	0.000	0.000	0.000	0.0	0.0		12:39:50:959		
000:04:59.150	1074.6	23.3	23.7	1074.6	0.0	0.0	0.0	0.000	0.000	0.000	0.0	0.0		12:39:51:009		
000:04:59.200	1075.2	23.3	23.7	1075.2	0.0	0.0	0.0	0.000	0.000	0.000	0.0	0.0		12:39:51:059		
000:04:59.250	1074.1	23.3	23.7	1074.1	0.0	0.0	0.0	0.000	0.000	0.000	0.0	0.0		12:39:51:109		
000:04:59.300	1074.5	23.3	23.7	1074.5	0.0	0.0	0.0	0.000	0.000	0.000	0.0	0.0		12:39:51:159		
000:04:59.350	1075.1	23.3	23.7	1075.1	0.0	0.0	0.0	0.000	0.000	0.000	0.0	0.0		12:39:51:209		
000:04:59.400	1075.0	23.3	23.7	1075.0	0.0	0.0	0.0	0.000	0.000	0.000	0.0	0.0		12:39:51:259		
000:04:59.450	1074.8	23.3	23.7	1074.8	0.0	0.0	0.0	0.000	0.000	0.000	0.0	0.0		12:39:51:309		
000:04:59.500	1075.4	23.3	23.7	1075.4	0.0	0.0	0.0	0.000	0.000	0.000	0.0	0.0		12:39:51:359		
000:04:59.550	1075.5	23.3	23.7	1075.5	0.0	0.0	0.0	0.000	0.000	0.000	0.0	0.0		12:39:51:409		
000:04:59.600	1075.3	23.3	23.7	1075.3	0.0	0.0	0.0	0.000	0.000	0.000	0.0	0.0		12:39:51:459		
000:04:59.650	1075.1	23.3	23.7	1075.1	0.0	0.0	0.0	0.000	0.000	0.000	0.0	0.0		12:39:51:509		
000:04:59.700	1075.1	23.3	23.7	1075.1	0.0	0.0	0.0	0.000	0.000	0.000	0.0	0.0		12:39:51:559		
000:04:59.750	1075.5	23.3	23.7	1075.5	0.0	0.0	0.0	0.000	0.000	0.000	0.0	0.0		12:39:51:609		
000:04:59.800	1075.0	23.3	23.7	1075.0	0.0	0.0	0.0	0.000	0.000	0.000	0.0	0.0		12:39:51:659		
000:04:59.850	1075.4	23.3	23.7	1075.4	0.0	0.0	0.0	0.000	0.000	0.000	0.0	0.0		12:39:51:709		
000:04:59.900	1075.3	23.3	23.7	1075.3	0.0	0.0	0.0	0.000	0.000	0.000	0.0	0.0		12:39:51:759		
000:04:59.950	1075.8	23.3	23.7	1075.8	0.0	0.0	0.0	0.000	0.000	0.000	0.0	0.0		12:39:51:809		
000:05:00.000	1075.7	23.3	23.7	1075.7	0.0	0.0	0.0	0.000	0.000	0.000	0.0	0.0		12:39:51:859		
000:05:00.050	1075.6	23.3	23.7	1075.6	0.0	0.0	0.0	0.000	0.000	0.000	0.0	0.0		12:39:51:909		
000:05:00.100	1075.7	23.3	23.7	1075.7	0.0	0.0	0.0	0.000	0.000	0.000	0.0	0.0		12:39:51:959		
000:05:00.150	1075.9	23.3	23.7	1075.9	0.0	0.0	0.0	0.000	0.000	0.000	0.0	0.0		12:39:52:009		
000:05:00.200	1076.0	23.3	23.7	1076.0	0.0	0.0	0.0	0.000	0.000	0.000	0.0	0.0		12:39:52:059		
000:05:00.250	1075.8	23.3	23.7	1075.8	0.0	0.0	0.0	0.000	0.000	0.000	0.0	0.0		12:39:52:109		
000:05:00.300	1076.7	23.3	23.7	1076.7	0.0	0.0	0.0	0.000	0.000	0.000	0.0	0.0		12:39:52:159		
000:05:00.350	1076.0	23.3	23.7	1076.0	0.0	0.0	0.0	0.000	0.000	0.000	0.0	0.0		12:39:52:209		
000:05:00.400	1076.0	23.3	23.7	1076.0	0.0	0.0	0.0	0.000	0.000	0.000	0.0	0.0		12:39:52:259		
000:05:00.450	1076.8	23.3	23.7	1076.8	0.0	0.0	0.0	0.000	0.000	0.000	0.0	0.0		12:39:52:309		
000:05:00.500	1076.3	23.3	23.7	1076.3	0.0	0.0	0.0	0.000	0.000	0.000	0.0	0.0		12:39:52:359		
000:05:00.550	1076.4	23.3	23.7	1076.4	0.0	0.0	0.0	0.000	0.000	0.000	0.0	0.0		12:39:52:409		
000:05:00.600	1076.5	23.3	23.7	1076.5	0.0	0.0	0.0	0.000	0.000	0.000	0.0	0.0		12:39:52:459		
000:05:00.650	1076.3	23.3	23.7	1076.3	0.0	0.0	0.0	0.000	0.000	0.000	0.0	0.0		12:39:52:509		
000:05:00.700	1076.3	23.3	23.7	1076.3	0.0	0.0	0.0	0.000	0.000	0.000	0.0	0.0		12:39:52:559		
000:05:00.750	1076.3	23.3	23.7	1076.3	0.0	0.0	0.0	0.000	0.000	0.000	0.0	0.0		12:39:52:609		
000:05:00.800	1076.9	23.3	23.7	1076.9	0.0	0.0	0.0	0.000	0.000	0.000	0.0	0.0		12:39:52:659		
000:05:00.850	1076.4	23.3	23.7	1076.4	0.0	0.0	0.0	0.000	0.000	0.000	0.0	0.0		12:39:52:709		
000:05:00.900	1077.6	23.3	23.7	1077.6	0.0	0.0	0.0	0.000	0.000	0.000	0.0	0.0		12:39:52:759		
000:05:00.950	1077.4	23.3	23.7	1077.4	0.0	0.0	0.0	0.000	0.000	0.000	0.0	0.0		12:39:52:809		
000:05:01.000	1077.5	23.3	23.7	1077.5	0.0	0.0	0.0	0.000	0.000	0.000	0.0	0.0		12:39:52:859		
000:05:01.050	1077.1	23.3	23.7	1077.1	0.0	0.0	0.0	0.000	0.000	0.000	0.0	0.0		12:39:52:909		
000:05:01.100	1077.3	23.3	23.7	1077.3	0.0	0.0	0.0	0.000	0.000	0.000	0.0	0.0		12:39:52:959		
000:05:01.150	1077.5	23.3	23.7	1077.5	0.0	0.0	0.0	0.000	0.000	0.000	0.0	0.0		12:39:53:009		
000:05:01.200	1078.0	23.3	23.7	1078.0	0.0	0.0	0.0	0.000	0.000	0.000	0.0	0.0		12:39:53:059		
000:05:01.250	1078.4	23.3	23.7	1078.4	0.0	0.0	0.0	0.000	0.000	0.000	0.0	0.0		12:39:53:109		
000:05:01.300	1077.5	23.3	23.7	1077.5	0.0	0.0	0.0	0.000	0.000	0.000	0.0	0.0		12:39:53:159		
000:05:01.350	1078.4	23.3	23.7	1078.4	0.0	0.0	0.0	0.000	0.000	0.000	0.0	0.0		12:39:53:209		
000:05:01.400	1078.7	23.3	23.7	1078.7	0.0	0.0	0.0	0.000	0.000	0.000	0.0	0.0		12:39:53:259		
000:05:01.450	1078.5	23.3	23.7	1078.5	0.0	0.0	0.0	0.000	0.000	0.000	0.0	0.0		12:39:53:309		
000:05:01.500	1078.0	23.3	23.7	1078.0	0.0	0.0	0.0	0.000	0.000	0.000	0.0	0.0		12:39:53:359		
000:05:01.550	1077.8	23.3	23.7	1077.8	0.0	0.0	0.0	0.000	0.000	0.000	0.0	0.0		12:39:53:409		
000:05:01.600	1077.7	23.3	23.7	1077.7	0.0	0.0	0.0	0.000	0.000	0.000	0.0	0.0		12:39:53:459		
000:05:01.650	1078.4	23.3	23.7	1078.4	0.0	0.0	0.0	0.000	0.000	0.000	0.0	0.0		12:39:53:509		
000:05:01.700	1078.4	23.3	23.7	1078.4	0.0	0.0	0.0	0.000	0.000	0.000	0.0	0.0		12:39:53:559		
000:05:01.750	1078.8	23.3	23.7	1078.8	0.0	0.0	0.0	0.000	0.000	0.000	0.0	0.0		12:39:53:609		
000:05:01.800	1079.0	23.3	23.7	1079.0	0.0	0.0	0.0	0.000	0.000	0.000	0.0	0.0		12:39:53:659		
000:05:01.850	1078.8	23.3	23.7	1078.8	0.0	0.0	0.0	0.000	0.000	0.000	0.0	0.0		12:39:53:709		
000:05:01.900	1078.8	23.3	23.7	1078.8	0.0	0.0	0.0	0.000	0.000	0.000	0.0	0.0		12:39:53:759		
000:05:01.950	1079.0	23.3	23.7	1079.0	0.0	0.0	0.0	0.000	0.000	0.000	0.0	0.0		12:39:53:809		
000:05:02.000	1078.7	23.3	23.7	1078.7	0.0	0.0	0.0	0.000	0.000	0.000	0.0	0.0		12:39:53:859		
000:05:02.050	1079.0	23.3	23.7	1079.0	0.0	0.0	0.0	0.000	0.000	0.000	0.0	0.0		12:39:53:909		
000:05:02.100	1079.2	23.3	23.7	1079.2	0.0	0.0	0.0	0.000	0.000	0.000	0.0	0.0		12:39:53:959		
000:05:02.150	1079.1	23.3	23.7	1079.1	0.0	0.0	0.0	0.000	0.000	0.000	0.0	0.0		12:39:54:009		
000:05:02.200	1079.5	23.3	23.7	1079.5	0.0	0.0	0.0	0.000	0.000	0.000	0.0	0.0		12:39:54:059		
000:05:02.250	1079.4	23.3	23.7	1079.4	0.0	0.0	0.0	0.000	0.000	0.000	0.0	0.0		12:39:54:109		
000:05:02.300	1080.0	23.3	23.7	1080.0	0.0	0.0	0.0	0.000	0.000	0.000	0.0	0.0		12:39:54:159		
000:05:02.350	1080.1	23.3	23.7	1080.1	0.0	0.0	0.0	0.000	0.000	0.000	0.0	0.0		12:39:54:209		
000:05:02.400	1079.7	23.3	23.7	1079.7	0.0	0.0	0.0	0.000	0.000	0.000	0.0	0.0		12:39:54:259		
000:05:02.450	1080.1	23.3	23.7	1080.1	0.0	0.0	0.0	0.000	0.000	0.000	0.0	0.0		12:39:54:309		
000:05:02.500	1079.9	23.3	23.7	1079.9	0.0	0.0	0.0	0.000	0.000	0.000	0.0	0.0		12:39:54:359		
000:05:02.550	1079.6	23.3	23.7	1079.6	0.0	0.0	0.0	0.000	0.000	0.000	0.0	0.0		12:39:54:409		
000:05:02.600	1079.8	23.3	23.7	1079.8	0.0	0.0	0.0	0.000	0.000	0.000	0.0	0.0		12:39:54:459		
000:05:02.650	1079.9	23.3	23.7	1079.9	0.0	0.0	0.0	0.000	0.000	0.000	0.0	0.0		12:39:54:509		
000:05:02.700	1080.2	23.3	23.7	1080.2	0.0	0.0	0.0	0.000	0.000	0.000	0.0	0.0		12:39:54:559		
000:05:02.750	1080.5	23.3	23.7	1080.5	0.0	0.0	0.0	0.000	0.000	0.000	0.0	0.0		12:39:54:609		
000:05:02.800	1080.4	23.3	23.7	1080.4	0.0	0.0	0.0	0.000	0.000	0.000	0.0	0.0		12:39:54:659		
000:05:02.850	1081.0	23.3	23.7	1081.0	0.0	0.0	0.0	0.000	0.000	0.000	0.0	0.0		12:39:54:709		
000:05:02.900	1080.9	23.3	23.7	1080.9	0.0	0.0	0.0	0.000	0.000	0.000	0.0	0.0		12:39:54:759		
000:05:02.950	1080.9	23.3	23.7	1080.9	0.0	0.0	0.0	0.000	0.000	0.000	0.0	0.0		12:39:54:809		
000:05:03.000	1080.8	23.3	23.7	1080.8	0.0	0.0	0.0	0.000	0.000	0.000	0.0	0.0		12:39:54:859		
000:05:03.050	1080.8	23.3	23.7	1080.8	0.0	0.0	0.0	0.000	0.000	0.000	0.0	0.0		12:39:54:909		
000:05:03.100	1080.8	23.3	23.7	1080.8	0.0	0.0	0.0	0.000	0.000	0.000	0.0	0.0		12:39:54:959		
000:05:03.150	1081.0	23.3	23.7	1081.0	0.0	0.0	0.0	0.000	0.000	0.000	0.0	0.0		12:39:55:009		
000:05:03.200	1080.9	23.3	23.7	1080.9	0.0	0.0	0.0	0.000	0.000	0.000	0.0	0.0		12:39:55:059		
000:05:03.250	1081.1	23.3	23.7	1081.1	0.0	0.0	0.0	0.000	0.000	0.000	0.0	0.0		12:39:55:109		
000:05:03.300	1081.5	23.3	23.7	1081.5	0.0	0.0	0.0	0.000	0.000	0.000	0.0	0.0		12:39:55:159		
000:05:03.350	1081.1	23.3	23.7	1081.1	0.0	0.0	0.0	0.000	0.000	0.000	0.0	0.0		12:39:55:209		
000:05:03.400	1081.1	23.3	23.7	1081.1	0.0	0.0	0.0	0.000	0.000	0.000	0.0	0.0		12:39:55:259		
000:05:03.450	1081.4	23.3	23.7	1081.4	0.0	0.0	0.0	0.000	0.000	0.000	0.0	0.0		12:39:55:309		
000:05:03.500	1081.4	23.3	23.7	1081.4	0.0	0.0	0.0	0.000	0.000	0.000	0.0	0.0		12:39:55:359		
000:05:03.550	1081.5	23.3	23.7	1081.5	0.0	0.0	0.0	0.000	0.000	0.000	0.0	0.0		12:39:55:409		
000:05:03.600	1081.9	23.3	23.7	1081.9	0.0	0.0	0.0	0.000	0.000	0.000	0.0	0.0		12:39:55:459		
000:05:03.650	1082.1	23.3	23.7	1082.1	0.0	0.0	0.0	0.000	0.000	0.000	0.0	0.0		12:39:55:509		
000:05:03.700	1081.6	23.3	23.7	1081.6	0.0	0.0	0.0	0.000	0.000	0.000	0.0	0.0		12:39:55:559		
000:05:03.750	1081.4	23.3	23.7	1081.4	0.0	0.0	0.0	0.000	0.000	0.000	0.0	0.0		12:39:55:609		
000:05:03.800	1081.8	23.3	23.7	1081.8	0.0	0.0	0.0	0.000	0.000	0.000	0.0	0.0		12:39:55:659		
000:05:03.850	1081.5	23.3	23.7	1081.5	0.0	0.0	0.0	0.000	0.000	0.000	0.0	0.0		12:39:55:709		
000:05:03.900	1082.2	23.3	23.7	1082.2	0.0	0.0	0.0	0.000	0.000	0.000	0.0	0.0		12:39:55:759		
000:05:03.950	1082.6	23.3	23.7	1082.6	0.0	0.0	0.0	0.000	0.000	0.000	0.0	0.0		12:39:55:809		
000:05:04.000	1082.6	23.3	23.7	1082.6	0.0	0.0	0.0	0.000	0.000	0.000	0.0	0.0		12:39:55:859		
000:05:04.050	1082.8	23.3	23.7	1082.8	0.0	0.0	0.0	0.000	0.000	0.000	0.0	0.0		12:39:55:909		
000:05:04.100	1082.5	23.3	23.7	1082.5	0.0	0.0	0.0	0.000	0.000	0.000	0.0	0.0		12:39:55:959		
000:05:04.150	1082.6	23.3	23.7	1082.6	0.0	0.0	0.0	0.000	0.000	0.000	0.0	0.0		12:39:56:009		
000:05:04.200	1082.5	23.3	23.7	1082.5	0.0	0.0	0.0	0.000	0.000	0.000	0.0	0.0		12:39:56:059		
000:05:04.250	1083.2	23.3	23.7	1083.2	0.0	0.0	0.0	0.000	0.000	0.000	0.0	0.0		12:39:56:109		
000:05:04.300	1082.9	23.3	23.7	1082.9	0.0	0.0	0.0	0.000	0.000	0.000	0.0	0.0		12:39:56:159		
000:05:04.350	1083.2	23.3	23.7	1083.2	0.0	0.0	0.0	0.000	0.000	0.000	0.0	0.0		12:39:56:209		
000:05:04.400	1082.9	23.3	23.7	1082.9	0.0	0.0	0.0	0.000	0.000	0.000	0.0	0.0		12:39:56:259		
000:05:04.450	1083.5	23.3	23.7	1083.5	0.0	0.0	0.0	0.000	0.000	0.000	0.0	0.0		12:39:56:309		
000:05:04.500	1083.4	23.3	23.7	1083.4	0.0	0.0	0.0	0.000	0.000	0.000	0.0	0.0		12:39:56:359		
000:05:04.550	1083.3	23.3	23.7	1083.3	0.0	0.0	0.0	0.000	0.000	0.000	0.0	0.0		12:39:56:409		
000:05:04.600	1083.5	23.3	23.7	1083.5	0.0	0.0	0.0	0.000	0.000	0.000	0.0	0.0		12:39:56:459		
000:05:04.650	1083.9	23.3	23.7	1083.9	0.0	0.0	0.0	0.000	0.000	0.000	0.0	0.0		12:39:56:509		
000:05:04.700	1084.0	23.3	23.7	1084.0	0.0	0.0	0.0	0.000	0.000	0.000	0.0	0.0		12:39:56:559		
000:05:04.750	1083.8	23.3	23.7	1083.8	0.0	0.0	0.0	0.000	0.000	0.000	0.0	0.0		12:39:56:609		
000:05:04.800	1084.1	23.3	23.7	1084.1	0.0	0.0	0.0	0.000	0.000	0.000	0.0	0.0		12:39:56:659		
000:05:04.850	1083.6	23.3	23.7	1083.6	0.0	0.0	0.0	0.000	0.000	0.000	0.0	0.0		12:39:56:709		
000:05:04.900	1083.7	23.3	23.7	1083.7	0.0	0.0	0.0	0.000	0.000	0.000	0.0	0.0		12:39:56:759		
000:05:04.950	1084.5	23.3	23.7	1084.5	0.0	0.0	0.0	0.000	0.000	0.000	0.0	0.0		12:39:56:809		
000:05:05.000	1084.0	23.3	23.7	1084.0	0.0	0.0	0.0	0.000	0.000	0.000	0.0	0.0		12:39:56:859		
000:05:05.050	1084.5	23.3	23.7	1084.5	0.0	0.0	0.0	0.000	0.000	0.000	0.0	0.0		12:39:56:909		
000:05:05.100	1084.4	23.3	23.7	1084.4	0.0	0.0	0.0	0.000	0.000	0.000	0.0	0.0		12:39:56:959		
000:05:05.150	1085.1	23.3	23.7	1085.1	0.0	0.0	0.0	0.000	0.000	0.000	0.0	0.0		12:39:57:009		
000:05:05.200	1085.0	23.3	23.7	1085.0	0.0	0.0	0.0	0.000	0.000	0.000	0.0	0.0		12:39:57:059		
000:05:05.250	1084.3	23.3	23.7	1084.3	0.0	0.0	0.0	0.000	0.000	0.000	0.0	0.0		12:39:57:109		
000:05:05.300	1084.0	23.3	23.7	1084.0	0.0	0.0	0.0	0.000	0.000	0.000	0.0	0.0		12:39:57:159		
000:05:05.350	1084.2	23.3	23.7	1084.2	0.0	0.0	0.0	0.000	0.000	0.000	0.0	0.0		12:39:57:209		
000:05:05.400	1084.9	23.3	23.7	1084.9	0.0	0.0	0.0	0.000	0.000	0.000	0.0	0.0		12:39:57:259		
000:05:05.450	1085.2	23.3	23.7	1085.2	0.0	0.0	0.0	0.000	0.000	0.000	0.0	0.0		12:39:57:309		
000:05:05.500	1085.3	23.3	23.7	1085.3	0.0	0.0	0.0	0.000	0.000	0.000	0.0	0.0		12:39:57:359		
000:05:05.550	1085.2	23.3	23.7	1085.2	0.0	0.0	0.0	0.000	0.000	0.000	0.0	0.0		12:39:57:409		
000:05:05.600	1085.4	23.3	23.7	1085.4	0.0	0.0	0.0	0.000	0.000	0.000	0.0	0.0		12:39:57:459		
000:05:05.650	1085.7	23.3	23.7	1085.7	0.0	0.0	0.0	0.000	0.000	0.000	0.0	0.0		12:39:57:509		
000:05:05.700	1085.5	23.3	23.7	1085.5	0.0	0.0	0.0	0.000	0.000	0.000	0.0	0.0		12:39:57:559		
000:05:05.750	1085.6	23.3	23.8	1085.6	0.0	0.0	0.0	0.000	0.000	0.000	0.0	0.0		12:39:57:609		
000:05:05.800	1086.0	23.3	23.8	1086.0	0.0	0.0	0.0	0.000	0.000	0.000	0.0	0.0		12:39:57:659		
000:05:05.850	1085.8	23.3	23.8	1085.8	0.0	0.0	0.0	0.000	0.000	0.000	0.0	0.0		12:39:57:709		
000:05:05.900	1086.2	23.3	23.8	1086.2	0.0	0.0	0.0	0.000	0.000	0.000	0.0	0.0		12:39:57:759		
000:05:05.950	1086.1	23.3	23.8	1086.1	0.0	0.0	0.0	0.000	0.000	0.000	0.0	0.0		12:39:57:809		
000:05:06.000	1085.8	23.3	23.8	1085.8	0.0	0.0	0.0	0.000	0.000	0.000	0.0	0.0		12:39:57:859		
000:05:06.050	1085.7	23.3	23.8	1085.7	0.0	0.0	0.0	0.000	0.000	0.000	0.0	0.0		12:39:57:909		
000:05:06.100	1085.6	23.3	23.8	1085.6	0.0	0.0	0.0	0.000	0.000	0.000	0.0	0.0		12:39:57:959		
000:05:06.150	1086.1	23.3	23.8	1086.1	0.0	0.0	0.0	0.000	0.000	0.000	0.0	0.0		12:39:58:009		
000:05:06.200	1086.2	23.3	23.8	1086.2	0.0	0.0	0.0	0.000	0.000	0.000	0.0	0.0		12:39:58:059		
000:05:06.250	1086.5	23.3	23.8	1086.5	0.0	0.0	0.0	0.000	0.000	0.000	0.0	0.0		12:39:58:109		
000:05:06.300	1086.9	23.3	23.8	1086.9	0.0	0.0	0.0	0.000	0.000	0.000	0.0	0.0		12:39:58:159		
000:05:06.350	1086.9	23.3	23.8	1086.9	0.0	0.0	0.0	0.000	0.000	0.000	0.0	0.0		12:39:58:209		
000:05:06.400	1086.8	23.3	23.8	1086.8	0.0	0.0	0.0	0.000	0.000	0.000	0.0	0.0		12:39:58:259		
000:05:06.450	1087.7	23.3	23.8	1087.7	0.0	0.0	0.0	0.000	0.000	0.000	0.0	0.0		12:39:58:309		
000:05:06.500	1087.9	23.3	23.8	1087.9	0.0	0.0	0.0	0.000	0.000	0.000	0.0	0.0		12:39:58:359		
000:05:06.550	1087.9	23.3	23.8	1087.9	0.0	0.0	0.0	0.000	0.000	0.000	0.0	0.0		12:39:58:409		
000:05:06.600	1087.3	23.3	23.8	1087.3	0.0	0.0	0.0	0.000	0.000	0.000	0.0	0.0		12:39:58:459		
000:05:06.650	1087.5	23.3	23.8	1087.5	0.0	0.0	0.0	0.000	0.000	0.000	0.0	0.0		12:39:58:509		
000:05:06.700	1087.1	23.3	23.8	1087.1	0.0	0.0	0.0	0.000	0.000	0.000	0.0	0.0		12:39:58:559		
000:05:06.750	1086.9	23.3	23.8	1086.9	0.0	0.0	0.0	0.000	0.000	0.000	0.0	0.0		12:39:58:609		
000:05:06.800	1086.7	23.3	23.8	1086.7	0.0	0.0	0.0	0.000	0.000	0.000	0.0	0.0		12:39:58:659		
000:05:06.850	1086.8	23.3	23.8	1086.8	0.0	0.0	0.0	0.000	0.000	0.000	0.0	0.0		12:39:58:709		
000:05:06.900	1087.0	23.3	23.8	1087.0	0.0	0.0	0.0	0.000	0.000	0.000	0.0	0.0		12:39:58:759		
000:05:06.950	1087.0	23.3	23.8	1087.0	0.0	0.0	0.0	0.000	0.000	0.000	0.0	0.0		12:39:58:809		
000:05:07.000	1087.4	23.3	23.8	1087.4	0.0	0.0	0.0	0.000	0.000	0.000	0.0	0.0		12:39:58:859		
000:05:07.050	1087.5	23.3	23.8	1087.5	0.0	0.0	0.0	0.000	0.000	0.000	0.0	0.0		12:39:58:909		
000:05:07.100	1087.7	23.3	23.8	1087.7	0.0	0.0	0.0	0.000	0.000	0.000	0.0	0.0		12:39:58:959		
000:05:07.150	1087.4	23.3	23.8	1087.4	0.0	0.0	0.0	0.000	0.000	0.000	0.0	0.0		12:39:59:009		
000:05:07.200	1087.4	23.3	23.8	1087.4	0.0	0.0	0.0	0.000	0.000	0.000	0.0	0.0		12:39:59:059		
000:05:07.250	1086.8	23.3	23.8	1086.8	0.0	0.0	0.0	0.000	0.000	0.000	0.0	0.0		12:39:59:109		
000:05:07.300	1087.2	23.3	23.8	1087.2	0.0	0.0	0.0	0.000	0.000	0.000	0.0	0.0		12:39:59:159		
000:05:07.350	1087.0	23.3	23.8	1087.0	0.0	0.0	0.0	0.000	0.000	0.000	0.0	0.0		12:39:59:209		
000:05:07.400	1086.7	23.3	23.8	1086.7	0.0	0.0	0.0	0.000	0.000	0.000	0.0	0.0		12:39:59:259		
000:05:07.450	1085.7	23.3	23.8	1085.7	0.0	0.0	0.0	0.000	0.000	0.000	0.0	0.0		12:39:59:309		
000:05:07.500	1084.5	23.3	23.8	1084.5	0.0	0.0	0.0	0.000	0.000	0.000	0.0	0.0		12:39:59:359		
000:05:07.550	1084.4	23.3	23.8	1084.4	0.0	0.0	0.0	0.000	0.000	0.000	0.0	0.0		12:39:59:409		
000:05:07.600	1084.3	23.3	23.8	1084.3	0.0	0.0	0.0	0.000	0.000	0.000	0.0	0.0		12:39:59:459		
000:05:07.650	1084.1	23.3	23.8	1084.1	0.0	0.0	0.0	0.000	0.000	0.000	0.0	0.0		12:39:59:509		
000:05:07.700	1083.9	23.3	23.8	1083.9	0.0	0.0	0.0	0.000	0.000	0.000	0.0	0.0		12:39:59:559		
000:05:07.750	1083.3	23.3	23.8	1083.3	0.0	0.0	0.0	0.000	0.000	0.000	0.0	0.0		12:39:59:609		
000:05:07.800	1083.7	23.3	23.8	1083.7	0.0	0.0	0.0	0.000	0.000	0.000	0.0	0.0		12:39:59:659		
000:05:07.850	1083.0	23.3	23.8	1083.0	0.0	0.0	0.0	0.000	0.000	0.000	0.0	0.0		12:39:59:709		
000:05:07.900	1083.5	23.3	23.8	1083.5	0.0	0.0	0.0	0.000	0.000	0.000	0.0	0.0		12:39:59:759		
000:05:07.950	1083.1	23.3	23.8	1083.1	0.0	0.0	0.0	0.000	0.000	0.000	0.0	0.0		12:39:59:809		
000:05:08.000	1083.0	23.3	23.8	1083.0	0.0	0.0	0.0	0.000	0.000	0.000	0.0	0.0		12:39:59:859		
000:05:08.050	1083.1	23.3	23.8	1083.1	0.0	0.0	0.0	0.000	0.000	0.000	0.0	0.0		12:39:59:909		
000:05:08.100	1082.7	23.3	23.8	1082.7	0.0	0.0	0.0	0.000	0.000	0.000	0.0	0.0		12:39:59:959		
000:05:08.150	1082.3	23.3	23.8	1082.3	0.0	0.0	0.0	0.000	0.000	0.000	0.0	0.0		12:40:00:009		
000:05:08.200	1081.9	23.3	23.8	1081.9	0.0	0.0	0.0	0.000	0.000	0.000	0.0	0.0		12:40:00:059		
000:05:08.250	1082.1	23.3	23.8	1082.1	0.0	0.0	0.0	0.000	0.000	0.000	0.0	0.0		12:40:00:109		
000:05:08.300	1081.7	23.3	23.8	1081.7	0.0	0.0	0.0	0.000	0.000	0.000	0.0	0.0		12:40:00:159		
000:05:08.350	1082.0	23.3	23.8	1082.0	0.0	0.0	0.0	0.000	0.000	0.000	0.0	0.0		12:40:00:209		
000:05:08.400	1082.0	23.3	23.8	1082.0	0.0	0.0	0.0	0.000	0.000	0.000	0.0	0.0		12:40:00:259		
000:05:08.450	1081.2	23.3	23.8	1081.2	0.0	0.0	0.0	0.000	0.000	0.000	0.0	0.0		12:40:00:309		
000:05:08.500	1081.5	23.3	23.8	1081.5	0.0	0.0	0.0	0.000	0.000	0.000	0.0	0.0		12:40:00:359		
000:05:08.550	1081.1	23.3	23.8	1081.1	0.0	0.0	0.0	0.000	0.000	0.000	0.0	0.0		12:40:00:409		
000:05:08.600	1081.0	23.3	23.8	1081.0	0.0	0.0	0.0	0.000	0.000	0.000	0.0	0.0		12:40:00:459		
000:05:08.650	1080.7	23.3	23.8	1080.7	0.0	0.0	0.0	0.000	0.000	0.000	0.0	0.0		12:40:00:509		
000:05:08.700	1080.8	23.3	23.8	1080.8	0.0	0.0	0.0	0.000	0.000	0.000	0.0	0.0		12:40:00:559		
000:05:08.750	1080.7	23.3	23.8	1080.7	0.0	0.0	0.0	0.000	0.000	0.000	0.0	0.0		12:40:00:609		
000:05:08.800	1080.6	23.3	23.8	1080.6	0.0	0.0	0.0	0.000	0.000	0.000	0.0	0.0		12:40:00:659		
000:05:08.850	1080.3	23.3	23.8	1080.3	0.0	0.0	0.0	0.000	0.000	0.000	0.0	0.0		12:40:00:709		
000:05:08.900	1080.2	23.3	23.8	1080.2	0.0	0.0	0.0	0.000	0.000	0.000	0.0	0.0		12:40:00:759		
000:05:08.950	1079.8	23.3	23.8	1079.8	0.0	0.0	0.0	0.000	0.000	0.000	0.0	0.0		12:40:00:809		
000:05:09.000	1079.2	23.3	23.8	1079.2	0.0	0.0	0.0	0.000	0.000	0.000	0.0	0.0		12:40:00:859		
000:05:09.050	1080.0	23.3	23.8	1080.0	0.0	0.0	0.0	0.000	0.000	0.000	0.0	0.0		12:40:00:909		
000:05:09.100	1079.7	23.3	23.8	1079.7	0.0	0.0	0.0	0.000	0.000	0.000	0.0	0.0		12:40:00:959		
000:05:09.150	1079.6	23.3	23.8	1079.6	0.0	0.0	0.0	0.000	0.000	0.000	0.0	0.0		12:40:01:009		
000:05:09.200	1079.1	23.3	23.8	1079.1	0.0	0.0	0.0	0.000	0.000	0.000	0.0	0.0		12:40:01:059		
000:05:09.250	1079.5	23.3	23.8	1079.5	0.0	0.0	0.0	0.000	0.000	0.000	0.0	0.0		12:40:01:109		
000:05:09.300	1079.2	23.3	23.8	1079.2	0.0	0.0	0.0	0.000	0.000	0.000	0.0	0.0		12:40:01:159		
000:05:09.350	1079.3	23.3	23.8	1079.3	0.0	0.0	0.0	0.000	0.000	0.000	0.0	0.0		12:40:01:209		
000:05:09.400	1079.3	23.3	23.8	1079.3	0.0	0.0	0.0	0.000	0.000	0.000	0.0	0.0		12:40:01:259		
000:05:09.450	1078.6	23.3	23.8	1078.6	0.0	0.0	0.0	0.000	0.000	0.000	0.0	0.0		12:40:01:309		
000:05:09.500	1078.5	23.3	23.8	1078.5	0.0	0.0	0.0	0.000	0.000	0.000	0.0	0.0		12:40:01:359		
000:05:09.550	1078.6	23.3	23.8	1078.6	0.0	0.0	0.0	0.000	0.000	0.000	0.0	0.0		12:40:01:409		
000:05:09.600	1078.3	23.3	23.8	1078.3	0.0	0.0	0.0	0.000	0.000	0.000	0.0	0.0		12:40:01:459		
000:05:09.650	1078.5	23.3	23.8	1078.5	0.0	0.0	0.0	0.000	0.000	0.000	0.0	0.0		12:40:01:509		
000:05:09.700	1078.0	23.3	23.8	1078.0	0.0	0.0	0.0	0.000	0.000	0.000	0.0	0.0		12:40:01:559		
000:05:09.750	1078.4	23.3	23.8	1078.4	0.0	0.0	0.0	0.000	0.000	0.000	0.0	0.0		12:40:01:609		
000:05:09.800	1077.8	23.3	23.8	1077.8	0.0	0.0	0.0	0.000	0.000	0.000	0.0	0.0		12:40:01:659		
000:05:09.850	1078.0	23.3	23.8	1078.0	0.0	0.0	0.0	0.000	0.000	0.000	0.0	0.0		12:40:01:709		
000:05:09.900	1077.4	23.3	23.8	1077.4	0.0	0.0	0.0	0.000	0.000	0.000	0.0	0.0		12:40:01:759		
000:05:09.950	1077.1	23.3	23.8	1077.1	0.0	0.0	0.0	0.000	0.000	0.000	0.0	0.0		12:40:01:809		
000:05:10.000	1076.7	23.3	23.8	1076.7	0.0	0.0	0.0	0.000	0.000	0.000	0.0	0.0		12:40:01:859		
000:05:10.050	1077.1	23.3	23.8	1077.1	0.0	0.0	0.0	0.000	0.000	0.000	0.0	0.0		12:40:01:909		
000:05:10.100	1077.1	23.3	23.8	1077.1	0.0	0.0	0.0	0.000	0.000	0.000	0.0	0.0		12:40:01:959		
000:05:10.150	1077.3	23.3	23.8	1077.3	0.0	0.0	0.0	0.000	0.000	0.000	0.0	0.0		12:40:02:009		
000:05:10.200	1076.6	23.3	23.8	1076.6	0.0	0.0	0.0	0.000	0.000	0.000	0.0	0.0		12:40:02:059		
000:05:10.250	1077.2	23.3	23.8	1077.2	0.0	0.0	0.0	0.000	0.000	0.000	0.0	0.0		12:40:02:109		
000:05:10.300	1076.5	23.3	23.8	1076.5	0.0	0.0	0.0	0.000	0.000	0.000	0.0	0.0		12:40:02:159		
000:05:10.350	1076.5	23.3	23.8	1076.5	0.0	0.0	0.0	0.000	0.000	0.000	0.0	0.0		12:40:02:209		
000:05:10.400	1076.2	23.3	23.8	1076.2	0.0	0.0	0.0	0.000	0.000	0.000	0.0	0.0		12:40:02:259		
000:05:10.450	1075.9	23.3	23.8	1075.9	0.0	0.0	0.0	0.000	0.000	0.000	0.0	0.0		12:40:02:309		
000:05:10.500	1076.2	23.3	23.8	1076.2	0.0	0.0	0.0	0.000	0.000	0.000	0.0	0.0		12:40:02:359		
000:05:10.550	1075.8	23.3	23.8	1075.8	0.0	0.0	0.0	0.000	0.000	0.000	0.0	0.0		12:40:02:409		
000:05:10.600	1076.5	23.3	23.8	1076.5	0.0	0.0	0.0	0.000	0.000	0.000	0.0	0.0		12:40:02:459		
000:05:10.650	1075.6	23.3	23.8	1075.6	0.0	0.0	0.0	0.000	0.000	0.000	0.0	0.0		12:40:02:509		
000:05:10.700	1075.5	23.3	23.8	1075.5	0.0	0.0	0.0	0.000	0.000	0.000	0.0	0.0		12:40:02:559		
000:05:10.750	1075.1	23.3	23.8	1075.1	0.0	0.0	0.0	0.000	0.000	0.000	0.0	0.0		12:40:02:609		
000:05:10.800	1075.5	23.3	23.8	1075.5	0.0	0.0	0.0	0.000	0.000	0.000	0.0	0.0		12:40:02:659		
000:05:10.850	1075.3	23.3	23.8	1075.3	0.0	0.0	0.0	0.000	0.000	0.000	0.0	0.0		12:40:02:709		
000:05:10.900	1075.0	23.3	23.8	1075.0	0.0	0.0	0.0	0.000	0.000	0.000	0.0	0.0		12:40:02:759		
000:05:10.950	1075.0	23.3	23.8	1075.0	0.0	0.0	0.0	0.000	0.000	0.000	0.0	0.0		12:40:02:809		
000:05:11.000	1074.9	23.3	23.8	1074.9	0.0	0.0	0.0	0.000	0.000	0.000	0.0	0.0		12:40:02:859		
000:05:11.050	1074.7	23.3	23.8	1074.7	0.0	0.0	0.0	0.000	0.000	0.000	0.0	0.0		12:40:02:909		
000:05:11.100	1074.6	23.3	23.8	1074.6	0.0	0.0	0.0	0.000	0.000	0.000	0.0	0.0		12:40:02:959		
000:05:11.150	1074.7	23.3	23.8	1074.7	0.0	0.0	0.0	0.000	0.000	0.000	0.0	0.0		12:40:03:009		
000:05:11.200	1074.2	23.3	23.8	1074.2	0.0	0.0	0.0	0.000	0.000	0.000	0.0	0.0		12:40:03:059		
000:05:11.250	1074.2	23.3	23.8	1074.2	0.0	0.0	0.0	0.000	0.000	0.000	0.0	0.0		12:40:03:109		
000:05:11.300	1073.5	23.3	23.8	1073.5	0.0	0.0	0.0	0.000	0.000	0.000	0.0	0.0		12:40:03:159		
000:05:11.350	1073.7	23.3	23.8	1073.7	0.0	0.0	0.0	0.000	0.000	0.000	0.0	0.0		12:40:03:209		
000:05:11.400	1073.5	23.3	23.8	1073.5	0.0	0.0	0.0	0.000	0.000	0.000	0.0	0.0		12:40:03:259		
000:05:11.450	1073.9	23.3	23.8	1073.9	0.0	0.0	0.0	0.000	0.000	0.000	0.0	0.0		12:40:03:309		
000:05:11.500	1073.6	23.3	23.8	1073.6	0.0	0.0	0.0	0.000	0.000	0.000	0.0	0.0		12:40:03:359		
000:05:11.550	1073.2	23.3	23.8	1073.2	0.0	0.0	0.0	0.000	0.000	0.000	0.0	0.0		12:40:03:409		
000:05:11.600	1073.2	23.3	23.8	1073.2	0.0	0.0	0.0	0.000	0.000	0.000	0.0	0.0		12:40:03:459		
000:05:11.650	1073.2	23.3	23.8	1073.2	0.0	0.0	0.0	0.000	0.000	0.000	0.0	0.0		12:40:03:509		
000:05:11.700	1073.2	23.3	23.8	1073.2	0.0	0.0	0.0	0.000	0.000	0.000	0.0	0.0		12:40:03:559		
000:05:11.750	1073.0	23.3	23.8	1073.0	0.0	0.0	0.0	0.000	0.000	0.000	0.0	0.0		12:40:03:609		
000:05:11.800	1073.0	23.3	23.8	1073.0	0.0	0.0	0.0	0.000	0.000	0.000	0.0	0.0		12:40:03:659		
000:05:11.850	1073.0	23.3	23.8	1073.0	0.0	0.0	0.0	0.000	0.000	0.000	0.0	0.0		12:40:03:709		
000:05:11.900	1072.6	23.3	23.8	1072.6	0.0	0.0	0.0	0.000	0.000	0.000	0.0	0.0		12:40:03:759		
000:05:11.950	1072.4	23.3	23.8	1072.4	0.0	0.0	0.0	0.000	0.000	0.000	0.0	0.0		12:40:03:809		
000:05:12.000	1072.4	23.3	23.8	1072.4	0.0	0.0	0.0	0.000	0.000	0.000	0.0	0.0		12:40:03:859		
000:05:12.050	1072.4	23.3	23.8	1072.4	0.0	0.0	0.0	0.000	0.000	0.000	0.0	0.0		12:40:03:909		
000:05:12.100	1071.9	23.3	23.8	1071.9	0.0	0.0	0.0	0.000	0.000	0.000	0.0	0.0		12:40:03:959		
000:05:12.150	1071.5	23.3	23.8	1071.5	0.0	0.0	0.0	0.000	0.000	0.000	0.0	0.0		12:40:04:009		
000:05:12.200	1071.7	23.3	23.8	1071.7	0.0	0.0	0.0	0.000	0.000	0.000	0.0	0.0		12:40:04:059		
000:05:12.250	1071.6	23.3	23.8	1071.6	0.0	0.0	0.0	0.000	0.000	0.000	0.0	0.0		12:40:04:109		
000:05:12.300	1071.3	23.3	23.8	1071.3	0.0	0.0	0.0	0.000	0.000	0.000	0.0	0.0		12:40:04:159		
000:05:12.350	1071.2	23.3	23.8	1071.2	0.0	0.0	0.0	0.000	0.000	0.000	0.0	0.0		12:40:04:209		
000:05:12.400	1071.0	23.3	23.8	1071.0	0.0	0.0	0.0	0.000	0.000	0.000	0.0	0.0		12:40:04:259		
000:05:12.450	1070.7	23.3	23.8	1070.7	0.0	0.0	0.0	0.000	0.000	0.000	0.0	0.0		12:40:04:309		
000:05:12.500	1070.6	23.3	23.8	1070.6	0.0	0.0	0.0	0.000	0.000	0.000	0.0	0.0		12:40:04:359		
000:05:12.550	1070.5	23.3	23.8	1070.5	0.0	0.0	0.0	0.000	0.000	0.000	0.0	0.0		12:40:04:409		
000:05:12.600	1070.6	23.3	23.8	1070.6	0.0	0.0	0.0	0.000	0.000	0.000	0.0	0.0		12:40:04:459		
000:05:12.650	1070.2	23.3	23.8	1070.2	0.0	0.0	0.0	0.000	0.000	0.000	0.0	0.0		12:40:04:509		
000:05:12.700	1070.2	23.3	23.8	1070.2	0.0	0.0	0.0	0.000	0.000	0.000	0.0	0.0		12:40:04:559		
000:05:12.750	1070.4	23.3	23.8	1070.4	0.0	0.0	0.0	0.000	0.000	0.000	0.0	0.0		12:40:04:609		
000:05:12.800	1069.7	23.3	23.8	1069.7	0.0	0.0	0.0	0.000	0.000	0.000	0.0	0.0		12:40:04:659		
000:05:12.850	1070.1	23.3	23.8	1070.1	0.0	0.0	0.0	0.000	0.000	0.000	0.0	0.0		12:40:04:709		
000:05:12.900	1069.0	23.3	23.8	1069.0	0.0	0.0	0.0	0.000	0.000	0.000	0.0	0.0		12:40:04:759		
000:05:12.950	1069.0	23.3	23.8	1069.0	0.0	0.0	0.0	0.000	0.000	0.000	0.0	0.0		12:40:04:809		
000:05:13.000	1069.1	23.3	23.8	1069.1	0.0	0.0	0.0	0.000	0.000	0.000	0.0	0.0		12:40:04:859		
000:05:13.050	1069.0	23.3	23.8	1069.0	0.0	0.0	0.0	0.000	0.000	0.000	0.0	0.0		12:40:04:909		
000:05:13.100	1068.9	23.3	23.8	1068.9	0.0	0.0	0.0	0.000	0.000	0.000	0.0	0.0		12:40:04:959		
000:05:13.150	1069.3	23.3	23.8	1069.3	0.0	0.0	0.0	0.000	0.000	0.000	0.0	0.0		12:40:05:009		
000:05:13.200	1068.6	23.3	23.8	1068.6	0.0	0.0	0.0	0.000	0.000	0.000	0.0	0.0		12:40:05:059		
000:05:13.250	1068.8	23.3	23.8	1068.8	0.0	0.0	0.0	0.000	0.000	0.000	0.0	0.0		12:40:05:109		
000:05:13.300	1068.2	23.3	23.8	1068.2	0.0	0.0	0.0	0.000	0.000	0.000	0.0	0.0		12:40:05:159		
000:05:13.350	1068.4	23.3	23.8	1068.4	0.0	0.0	0.0	0.000	0.000	0.000	0.0	0.0		12:40:05:209		
000:05:13.400	1068.0	23.3	23.8	1068.0	0.0	0.0	0.0	0.000	0.000	0.000	0.0	0.0		12:40:05:259		
000:05:13.450	1067.9	23.3	23.8	1067.9	0.0	0.0	0.0	0.000	0.000	0.000	0.0	0.0		12:40:05:309		
000:05:13.500	1067.8	23.3	23.8	1067.8	0.0	0.0	0.0	0.000	0.000	0.000	0.0	0.0		12:40:05:359		
000:05:13.550	1067.6	23.3	23.8	1067.6	0.0	0.0	0.0	0.000	0.000	0.000	0.0	0.0		12:40:05:409		
000:05:13.600	1067.1	23.3	23.8	1067.1	0.0	0.0	0.0	0.000	0.000	0.000	0.0	0.0		12:40:05:459		
000:05:13.650	1066.9	23.3	23.8	1066.9	0.0	0.0	0.0	0.000	0.000	0.000	0.0	0.0		12:40:05:509		
000:05:13.700	1067.1	23.3	23.8	1067.1	0.0	0.0	0.0	0.000	0.000	0.000	0.0	0.0		12:40:05:559		
000:05:13.750	1066.9	23.3	23.8	1066.9	0.0	0.0	0.0	0.000	0.000	0.000	0.0	0.0		12:40:05:609		
000:05:13.800	1066.6	23.3	23.8	1066.6	0.0	0.0	0.0	0.000	0.000	0.000	0.0	0.0		12:40:05:659		
000:05:13.850	1066.9	23.3	23.8	1066.9	0.0	0.0	0.0	0.000	0.000	0.000	0.0	0.0		12:40:05:709		
000:05:13.900	1066.4	23.3	23.8	1066.4	0.0	0.0	0.0	0.000	0.000	0.000	0.0	0.0		12:40:05:759		
000:05:13.950	1066.4	23.3	23.8	1066.4	0.0	0.0	0.0	0.000	0.000	0.000	0.0	0.0		12:40:05:809		
000:05:14.000	1065.9	23.3	23.8	1065.9	0.0	0.0	0.0	0.000	0.000	0.000	0.0	0.0		12:40:05:859		
000:05:14.050	1066.7	23.3	23.8	1066.7	0.0	0.0	0.0	0.000	0.000	0.000	0.0	0.0		12:40:05:909		
000:05:14.100	1066.5	23.3	23.8	1066.5	0.0	0.0	0.0	0.000	0.000	0.000	0.0	0.0		12:40:05:959		
000:05:14.150	1066.2	23.3	23.8	1066.2	0.0	0.0	0.0	0.000	0.000	0.000	0.0	0.0		12:40:06:009		
000:05:14.200	1065.8	23.3	23.8	1065.8	0.0	0.0	0.0	0.000	0.000	0.000	0.0	0.0		12:40:06:059		
000:05:14.250	1065.7	23.3	23.8	1065.7	0.0	0.0	0.0	0.000	0.000	0.000	0.0	0.0		12:40:06:109		
000:05:14.300	1065.8	23.3	23.8	1065.8	0.0	0.0	0.0	0.000	0.000	0.000	0.0	0.0		12:40:06:159		
000:05:14.350	1065.3	23.3	23.8	1065.3	0.0	0.0	0.0	0.000	0.000	0.000	0.0	0.0		12:40:06:209		
000:05:14.400	1065.2	23.3	23.8	1065.2	0.0	0.0	0.0	0.000	0.000	0.000	0.0	0.0		12:40:06:259		
000:05:14.450	1065.4	23.3	23.8	1065.4	0.0	0.0	0.0	0.000	0.000	0.000	0.0	0.0		12:40:06:309		
000:05:14.500	1065.1	23.3	23.8	1065.1	0.0	0.0	0.0	0.000	0.000	0.000	0.0	0.0		12:40:06:359		
000:05:14.550	1065.0	23.3	23.8	1065.0	0.0	0.0	0.0	0.000	0.000	0.000	0.0	0.0		12:40:06:409		
000:05:14.600	1065.0	23.3	23.8	1065.0	0.0	0.0	0.0	0.000	0.000	0.000	0.0	0.0		12:40:06:459		
000:05:14.650	1064.4	23.3	23.8	1064.4	0.0	0.0	0.0	0.000	0.000	0.000	0.0	0.0		12:40:06:509		
000:05:14.700	1064.5	23.3	23.8	1064.5	0.0	0.0	0.0	0.000	0.000	0.000	0.0	0.0		12:40:06:559		
000:05:14.750	1064.3	23.3	23.8	1064.3	0.0	0.0	0.0	0.000	0.000	0.000	0.0	0.0		12:40:06:609		
000:05:14.800	1064.4	23.3	23.8	1064.4	0.0	0.0	0.0	0.000	0.000	0.000	0.0	0.0		12:40:06:659		
000:05:14.850	1064.3	23.3	23.8	1064.3	0.0	0.0	0.0	0.000	0.000	0.000	0.0	0.0		12:40:06:709		
000:05:14.900	1064.1	23.3	23.8	1064.1	0.0	0.0	0.0	0.000	0.000	0.000	0.0	0.0		12:40:06:759		
000:05:14.950	1063.6	23.3	23.8	1063.6	0.0	0.0	0.0	0.000	0.000	0.000	0.0	0.0		12:40:06:809		
000:05:15.000	1063.5	23.3	23.8	1063.5	0.0	0.0	0.0	0.000	0.000	0.000	0.0	0.0		12:40:06:859		
000:05:15.050	1063.3	23.3	23.8	1063.3	0.0	0.0	0.0	0.000	0.000	0.000	0.0	0.0		12:40:06:909		
000:05:15.100	1063.3	23.3	23.8	1063.3	0.0	0.0	0.0	0.000	0.000	0.000	0.0	0.0		12:40:06:959		
000:05:15.150	1063.1	23.3	23.8	1063.1	0.0	0.0	0.0	0.000	0.000	0.000	0.0	0.0		12:40:07:009		
000:05:15.200	1062.9	23.3	23.8	1062.9	0.0	0.0	0.0	0.000	0.000	0.000	0.0	0.0		12:40:07:059		
000:05:15.250	1062.6	23.3	23.8	1062.6	0.0	0.0	0.0	0.000	0.000	0.000	0.0	0.0		12:40:07:109		
000:05:15.300	1062.8	23.3	23.8	1062.8	0.0	0.0	0.0	0.000	0.000	0.000	0.0	0.0		12:40:07:159		
000:05:15.350	1062.9	23.3	23.8	1062.9	0.0	0.0	0.0	0.000	0.000	0.000	0.0	0.0		12:40:07:209		
000:05:15.400	1062.2	23.3	23.8	1062.2	0.0	0.0	0.0	0.000	0.000	0.000	0.0	0.0		12:40:07:259		
000:05:15.450	1062.7	23.3	23.8	1062.7	0.0	0.0	0.0	0.000	0.000	0.000	0.0	0.0		12:40:07:309		
000:05:15.500	1061.8	23.3	23.8	1061.8	0.0	0.0	0.0	0.000	0.000	0.000	0.0	0.0		12:40:07:359		
000:05:15.550	1061.8	23.3	23.8	1061.8	0.0	0.0	0.0	0.000	0.000	0.000	0.0	0.0		12:40:07:409		
000:05:15.600	1061.4	23.3	23.8	1061.4	0.0	0.0	0.0	0.000	0.000	0.000	0.0	0.0		12:40:07:459		
000:05:15.650	1061.4	23.3	23.8	1061.4	0.0	0.0	0.0	0.000	0.000	0.000	0.0	0.0		12:40:07:509		
000:05:15.700	1061.2	23.3	23.8	1061.2	0.0	0.0	0.0	0.000	0.000	0.000	0.0	0.0		12:40:07:559		
000:05:15.750	1060.9	23.3	23.8	1060.9	0.0	0.0	0.0	0.000	0.000	0.000	0.0	0.0		12:40:07:609		
000:05:15.800	1060.9	23.3	23.8	1060.9	0.0	0.0	0.0	0.000	0.000	0.000	0.0	0.0		12:40:07:659		
000:05:15.850	1060.8	23.3	23.8	1060.8	0.0	0.0	0.0	0.000	0.000	0.000	0.0	0.0		12:40:07:709		
000:05:15.900	1060.3	23.3	23.8	1060.3	0.0	0.0	0.0	0.000	0.000	0.000	0.0	0.0		12:40:07:759		
000:05:15.950	1060.4	23.3	23.8	1060.4	0.0	0.0	0.0	0.000	0.000	0.000	0.0	0.0		12:40:07:809		
000:05:16.000	1060.2	23.3	23.8	1060.2	0.0	0.0	0.0	0.000	0.000	0.000	0.0	0.0		12:40:07:859		
000:05:16.050	1060.3	23.3	23.8	1060.3	0.0	0.0	0.0	0.000	0.000	0.000	0.0	0.0		12:40:07:909		
000:05:16.100	1059.9	23.3	23.8	1059.9	0.0	0.0	0.0	0.000	0.000	0.000	0.0	0.0		12:40:07:959		
000:05:16.150	1059.9	23.3	23.8	1059.9	0.0	0.0	0.0	0.000	0.000	0.000	0.0	0.0		12:40:08:009		
000:05:16.200	1059.7	23.3	23.8	1059.7	0.0	0.0	0.0	0.000	0.000	0.000	0.0	0.0		12:40:08:059		
000:05:16.250	1059.4	23.3	23.8	1059.4	0.0	0.0	0.0	0.000	0.000	0.000	0.0	0.0		12:40:08:109		
000:05:16.300	1059.0	23.3	23.8	1059.0	0.0	0.0	0.0	0.000	0.000	0.000	0.0	0.0		12:40:08:159		
000:05:16.350	1059.0	23.3	23.8	1059.0	0.0	0.0	0.0	0.000	0.000	0.000	0.0	0.0		12:40:08:209		
000:05:16.400	1058.9	23.3	23.8	1058.9	0.0	0.0	0.0	0.000	0.000	0.000	0.0	0.0		12:40:08:259		
000:05:16.450	1059.1	23.3	23.8	1059.1	0.0	0.0	0.0	0.000	0.000	0.000	0.0	0.0		12:40:08:309		
000:05:16.500	1059.0	23.3	23.8	1059.0	0.0	0.0	0.0	0.000	0.000	0.000	0.0	0.0		12:40:08:359		
000:05:16.550	1058.5	23.3	23.8	1058.5	0.0	0.0	0.0	0.000	0.000	0.000	0.0	0.0		12:40:08:409		
000:05:16.600	1058.8	23.3	23.8	1058.8	0.0	0.0	0.0	0.000	0.000	0.000	0.0	0.0		12:40:08:459		
000:05:16.650	1058.4	23.3	23.8	1058.4	0.0	0.0	0.0	0.000	0.000	0.000	0.0	0.0		12:40:08:509		
000:05:16.700	1058.6	23.3	23.8	1058.6	0.0	0.0	0.0	0.000	0.000	0.000	0.0	0.0		12:40:08:559		
000:05:16.750	1058.3	23.3	23.8	1058.3	0.0	0.0	0.0	0.000	0.000	0.000	0.0	0.0		12:40:08:609		
000:05:16.800	1058.2	23.3	23.8	1058.2	0.0	0.0	0.0	0.000	0.000	0.000	0.0	0.0		12:40:08:659		
000:05:16.850	1058.1	23.3	23.8	1058.1	0.0	0.0	0.0	0.000	0.000	0.000	0.0	0.0		12:40:08:709		
000:05:16.900	1057.9	23.3	23.8	1057.9	0.0	0.0	0.0	0.000	0.000	0.000	0.0	0.0		12:40:08:759		
000:05:16.950	1057.9	23.3	23.8	1057.9	0.0	0.0	0.0	0.000	0.000	0.000	0.0	0.0		12:40:08:809		
000:05:17.000	1057.4	23.3	23.8	1057.4	0.0	0.0	0.0	0.000	0.000	0.000	0.0	0.0		12:40:08:859		
000:05:17.050	1057.8	23.3	23.8	1057.8	0.0	0.0	0.0	0.000	0.000	0.000	0.0	0.0		12:40:08:909		
000:05:17.100	1057.3	23.3	23.8	1057.3	0.0	0.0	0.0	0.000	0.000	0.000	0.0	0.0		12:40:08:959		
000:05:17.150	1057.3	23.3	23.8	1057.3	0.0	0.0	0.0	0.000	0.000	0.000	0.0	0.0		12:40:09:009		
000:05:17.200	1057.1	23.3	23.8	1057.1	0.0	0.0	0.0	0.000	0.000	0.000	0.0	0.0		12:40:09:059		
000:05:17.250	1057.0	23.3	23.8	1057.0	0.0	0.0	0.0	0.000	0.000	0.000	0.0	0.0		12:40:09:109		
000:05:17.300	1056.6	23.3	23.8	1056.6	0.0	0.0	0.0	0.000	0.000	0.000	0.0	0.0		12:40:09:159		
000:05:17.350	1057.0	23.3	23.8	1057.0	0.0	0.0	0.0	0.000	0.000	0.000	0.0	0.0		12:40:09:209		
000:05:17.400	1056.8	23.3	23.8	1056.8	0.0	0.0	0.0	0.000	0.000	0.000	0.0	0.0		12:40:09:259		
000:05:17.450	1056.3	23.3	23.8	1056.3	0.0	0.0	0.0	0.000	0.000	0.000	0.0	0.0		12:40:09:309		
000:05:17.500	1056.0	23.3	23.8	1056.0	0.0	0.0	0.0	0.000	0.000	0.000	0.0	0.0		12:40:09:359		
000:05:17.550	1056.1	23.3	23.8	1056.1	0.0	0.0	0.0	0.000	0.000	0.000	0.0	0.0		12:40:09:409		
000:05:17.600	1056.4	23.3	23.8	1056.4	0.0	0.0	0.0	0.000	0.000	0.000	0.0	0.0		12:40:09:459		
000:05:17.650	1056.0	23.3	23.8	1056.0	0.0	0.0	0.0	0.000	0.000	0.000	0.0	0.0		12:40:09:509		
000:05:17.700	1055.8	23.3	23.8	1055.8	0.0	0.0	0.0	0.000	0.000	0.000	0.0	0.0		12:40:09:559		
000:05:17.750	1056.1	23.3	23.8	1056.1	0.0	0.0	0.0	0.000	0.000	0.000	0.0	0.0		12:40:09:609		
000:05:17.800	1055.4	23.3	23.8	1055.4	0.0	0.0	0.0	0.000	0.000	0.000	0.0	0.0		12:40:09:659		
000:05:17.850	1055.5	23.3	23.8	1055.5	0.0	0.0	0.0	0.000	0.000	0.000	0.0	0.0		12:40:09:709		
000:05:17.900	1055.4	23.3	23.8	1055.4	0.0	0.0	0.0	0.000	0.000	0.000	0.0	0.0		12:40:09:759		
000:05:17.950	1055.2	23.3	23.8	1055.2	0.0	0.0	0.0	0.000	0.000	0.000	0.0	0.0		12:40:09:809		
000:05:18.000	1055.1	23.3	23.8	1055.1	0.0	0.0	0.0	0.000	0.000	0.000	0.0	0.0		12:40:09:859		
000:05:18.050	1055.3	23.3	23.8	1055.3	0.0	0.0	0.0	0.000	0.000	0.000	0.0	0.0		12:40:09:909		
000:05:18.100	1054.7	23.3	23.8	1054.7	0.0	0.0	0.0	0.000	0.000	0.000	0.0	0.0		12:40:09:959		
000:05:18.150	1054.7	23.3	23.8	1054.7	0.0	0.0	0.0	0.000	0.000	0.000	0.0	0.0		12:40:10:009		
000:05:18.200	1054.2	23.3	23.8	1054.2	0.0	0.0	0.0	0.000	0.000	0.000	0.0	0.0		12:40:10:059		
000:05:18.250	1054.6	23.3	23.8	1054.6	0.0	0.0	0.0	0.000	0.000	0.000	0.0	0.0		12:40:10:109		
000:05:18.300	1054.0	23.3	23.8	1054.0	0.0	0.0	0.0	0.000	0.000	0.000	0.0	0.0		12:40:10:159		
000:05:18.350	1054.1	23.3	23.8	1054.1	0.0	0.0	0.0	0.000	0.000	0.000	0.0	0.0		12:40:10:209		
000:05:18.400	1053.9	23.3	23.8	1053.9	0.0	0.0	0.0	0.000	0.000	0.000	0.0	0.0		12:40:10:259		
000:05:18.450	1053.6	23.3	23.8	1053.6	0.0	0.0	0.0	0.000	0.000	0.000	0.0	0.0		12:40:10:309		
000:05:18.500	1053.5	23.3	23.8	1053.5	0.0	0.0	0.0	0.000	0.000	0.000	0.0	0.0		12:40:10:359		
000:05:18.550	1053.2	23.3	23.8	1053.2	0.0	0.0	0.0	0.000	0.000	0.000	0.0	0.0		12:40:10:409		
000:05:18.600	1053.5	23.3	23.8	1053.5	0.0	0.0	0.0	0.000	0.000	0.000	0.0	0.0		12:40:10:459		
000:05:18.650	1053.5	23.3	23.8	1053.5	0.0	0.0	0.0	0.000	0.000	0.000	0.0	0.0		12:40:10:509		
000:05:18.700	1053.3	23.3	23.8	1053.3	0.0	0.0	0.0	0.000	0.000	0.000	0.0	0.0		12:40:10:559		
000:05:18.750	1053.0	23.3	23.8	1053.0	0.0	0.0	0.0	0.000	0.000	0.000	0.0	0.0		12:40:10:609		
000:05:18.800	1053.2	23.3	23.8	1053.2	0.0	0.0	0.0	0.000	0.000	0.000	0.0	0.0		12:40:10:659		
000:05:18.850	1052.8	23.3	23.8	1052.8	0.0	0.0	0.0	0.000	0.000	0.000	0.0	0.0		12:40:10:709		
000:05:18.900	1052.9	23.3	23.8	1052.9	0.0	0.0	0.0	0.000	0.000	0.000	0.0	0.0		12:40:10:759		
000:05:18.950	1052.9	23.3	23.8	1052.9	0.0	0.0	0.0	0.000	0.000	0.000	0.0	0.0		12:40:10:809		
000:05:19.000	1052.8	23.3	23.8	1052.8	0.0	0.0	0.0	0.000	0.000	0.000	0.0	0.0		12:40:10:859		
000:05:19.050	1052.5	23.3	23.8	1052.5	0.0	0.0	0.0	0.000	0.000	0.000	0.0	0.0		12:40:10:909		
000:05:19.100	1052.5	23.3	23.8	1052.5	0.0	0.0	0.0	0.000	0.000	0.000	0.0	0.0		12:40:10:959		
000:05:19.150	1052.1	23.3	23.8	1052.1	0.0	0.0	0.0	0.000	0.000	0.000	0.0	0.0		12:40:11:009		
000:05:19.200	1051.7	23.3	23.8	1051.7	0.0	0.0	0.0	0.000	0.000	0.000	0.0	0.0		12:40:11:059		
000:05:19.250	1051.9	23.3	23.8	1051.9	0.0	0.0	0.0	0.000	0.000	0.000	0.0	0.0		12:40:11:109		
000:05:19.300	1052.0	23.3	23.8	1052.0	0.0	0.0	0.0	0.000	0.000	0.000	0.0	0.0		12:40:11:159		
000:05:19.350	1051.9	23.3	23.8	1051.9	0.0	0.0	0.0	0.000	0.000	0.000	0.0	0.0		12:40:11:209		
000:05:19.400	1051.7	23.3	23.8	1051.7	0.0	0.0	0.0	0.000	0.000	0.000	0.0	0.0		12:40:11:259		
000:05:19.450	1051.9	23.3	23.8	1051.9	0.0	0.0	0.0	0.000	0.000	0.000	0.0	0.0		12:40:11:309		
000:05:19.500	1051.9	23.3	23.8	1051.9	0.0	0.0	0.0	0.000	0.000	0.000	0.0	0.0		12:40:11:359		
000:05:19.550	1051.9	23.3	23.8	1051.9	0.0	0.0	0.0	0.000	0.000	0.000	0.0	0.0		12:40:11:409		
000:05:19.600	1051.5	23.3	23.8	1051.5	0.0	0.0	0.0	0.000	0.000	0.000	0.0	0.0		12:40:11:459		
000:05:19.650	1051.3	23.3	23.8	1051.3	0.0	0.0	0.0	0.000	0.000	0.000	0.0	0.0		12:40:11:509		
000:05:19.700	1051.0	23.3	23.8	1051.0	0.0	0.0	0.0	0.000	0.000	0.000	0.0	0.0		12:40:11:559		
000:05:19.750	1051.0	23.3	23.8	1051.0	0.0	0.0	0.0	0.000	0.000	0.000	0.0	0.0		12:40:11:609		
000:05:19.800	1051.3	23.3	23.8	1051.3	0.0	0.0	0.0	0.000	0.000	0.000	0.0	0.0		12:40:11:659		
000:05:19.850	1051.2	23.3	23.8	1051.2	0.0	0.0	0.0	0.000	0.000	0.000	0.0	0.0		12:40:11:709		
000:05:19.900	1051.0	23.3	23.8	1051.0	0.0	0.0	0.0	0.000	0.000	0.000	0.0	0.0		12:40:11:759		
000:05:19.950	1050.7	23.3	23.8	1050.7	0.0	0.0	0.0	0.000	0.000	0.000	0.0	0.0		12:40:11:809		
000:05:20.000	1050.5	23.3	23.8	1050.5	0.0	0.0	0.0	0.000	0.000	0.000	0.0	0.0		12:40:11:859		
000:05:20.050	1050.8	23.3	23.8	1050.8	0.0	0.0	0.0	0.000	0.000	0.000	0.0	0.0		12:40:11:909		
000:05:20.100	1050.5	23.3	23.8	1050.5	0.0	0.0	0.0	0.000	0.000	0.000	0.0	0.0		12:40:11:959		
000:05:20.150	1050.8	23.3	23.8	1050.8	0.0	0.0	0.0	0.000	0.000	0.000	0.0	0.0		12:40:12:009		
000:05:20.200	1050.5	23.3	23.8	1050.5	0.0	0.0	0.0	0.000	0.000	0.000	0.0	0.0		12:40:12:059		
000:05:20.250	1050.7	23.3	23.8	1050.7	0.0	0.0	0.0	0.000	0.000	0.000	0.0	0.0		12:40:12:109		
000:05:20.300	1050.7	23.3	23.8	1050.7	0.0	0.0	0.0	0.000	0.000	0.000	0.0	0.0		12:40:12:159		
000:05:20.350	1050.4	23.3	23.8	1050.4	0.0	0.0	0.0	0.000	0.000	0.000	0.0	0.0		12:40:12:209		
000:05:20.400	1050.5	23.3	23.8	1050.5	0.0	0.0	0.0	0.000	0.000	0.000	0.0	0.0		12:40:12:259		
000:05:20.450	1050.1	23.3	23.8	1050.1	0.0	0.0	0.0	0.000	0.000	0.000	0.0	0.0		12:40:12:309		
000:05:20.500	1049.8	23.3	23.8	1049.8	0.0	0.0	0.0	0.000	0.000	0.000	0.0	0.0		12:40:12:359		
000:05:20.550	1049.8	23.3	23.8	1049.8	0.0	0.0	0.0	0.000	0.000	0.000	0.0	0.0		12:40:12:409		
000:05:20.600	1049.8	23.3	23.8	1049.8	0.0	0.0	0.0	0.000	0.000	0.000	0.0	0.0		12:40:12:459		
000:05:20.650	1050.0	23.3	23.8	1050.0	0.0	0.0	0.0	0.000	0.000	0.000	0.0	0.0		12:40:12:509		
000:05:20.700	1049.8	23.3	23.8	1049.8	0.0	0.0	0.0	0.000	0.000	0.000	0.0	0.0		12:40:12:559		
000:05:20.750	1050.2	23.3	23.8	1050.2	0.0	0.0	0.0	0.000	0.000	0.000	0.0	0.0		12:40:12:609		
000:05:20.800	1049.9	23.3	23.8	1049.9	0.0	0.0	0.0	0.000	0.000	0.000	0.0	0.0		12:40:12:659		
000:05:20.850	1049.7	23.3	23.8	1049.7	0.0	0.0	0.0	0.000	0.000	0.000	0.0	0.0		12:40:12:709		
000:05:20.900	1049.3	23.3	23.8	1049.3	0.0	0.0	0.0	0.000	0.000	0.000	0.0	0.0		12:40:12:759		
000:05:20.950	1049.3	23.3	23.8	1049.3	0.0	0.0	0.0	0.000	0.000	0.000	0.0	0.0		12:40:12:809		
000:05:21.000	1049.4	23.3	23.8	1049.4	0.0	0.0	0.0	0.000	0.000	0.000	0.0	0.0		12:40:12:859		
000:05:21.050	1049.3	23.3	23.8	1049.3	0.0	0.0	0.0	0.000	0.000	0.000	0.0	0.0		12:40:12:909		
000:05:21.100	1049.2	23.3	23.8	1049.2	0.0	0.0	0.0	0.000	0.000	0.000	0.0	0.0		12:40:12:959		
000:05:21.150	1049.4	23.3	23.8	1049.4	0.0	0.0	0.0	0.000	0.000	0.000	0.0	0.0		12:40:13:009		
000:05:21.200	1049.1	23.3	23.8	1049.1	0.0	0.0	0.0	0.000	0.000	0.000	0.0	0.0		12:40:13:059		
000:05:21.250	1049.1	23.3	23.8	1049.1	0.0	0.0	0.0	0.000	0.000	0.000	0.0	0.0		12:40:13:109		
000:05:21.300	1049.2	23.3	23.8	1049.2	0.0	0.0	0.0	0.000	0.000	0.000	0.0	0.0		12:40:13:159		
000:05:21.350	1049.1	23.3	23.8	1049.1	0.0	0.0	0.0	0.000	0.000	0.000	0.0	0.0		12:40:13:209		
000:05:21.400	1049.2	23.3	23.8	1049.2	0.0	0.0	0.0	0.000	0.000	0.000	0.0	0.0		12:40:13:259		
000:05:21.450	1049.0	23.3	23.8	1049.0	0.0	0.0	0.0	0.000	0.000	0.000	0.0	0.0		12:40:13:309		
000:05:21.500	1049.1	23.3	23.8	1049.1	0.0	0.0	0.0	0.000	0.000	0.000	0.0	0.0		12:40:13:359		
000:05:21.550	1048.5	23.3	23.8	1048.5	0.0	0.0	0.0	0.000	0.000	0.000	0.0	0.0		12:40:13:409		
000:05:21.600	1048.7	23.3	23.8	1048.7	0.0	0.0	0.0	0.000	0.000	0.000	0.0	0.0		12:40:13:459		
000:05:21.650	1048.4	23.3	23.8	1048.4	0.0	0.0	0.0	0.000	0.000	0.000	0.0	0.0		12:40:13:509		
000:05:21.700	1048.6	23.3	23.8	1048.6	0.0	0.0	0.0	0.000	0.000	0.000	0.0	0.0		12:40:13:559		
000:05:21.750	1048.4	23.3	23.8	1048.4	0.0	0.0	0.0	0.000	0.000	0.000	0.0	0.0		12:40:13:609		
000:05:21.800	1048.4	23.3	23.8	1048.4	0.0	0.0	0.0	0.000	0.000	0.000	0.0	0.0		12:40:13:659		
000:05:21.850	1048.1	23.3	23.8	1048.1	0.0	0.0	0.0	0.000	0.000	0.000	0.0	0.0		12:40:13:709		
000:05:21.900	1048.4	23.3	23.8	1048.4	0.0	0.0	0.0	0.000	0.000	0.000	0.0	0.0		12:40:13:759		
000:05:21.950	1048.1	23.3	23.8	1048.1	0.0	0.0	0.0	0.000	0.000	0.000	0.0	0.0		12:40:13:809		
000:05:22.000	1048.2	23.3	23.8	1048.2	0.0	0.0	0.0	0.000	0.000	0.000	0.0	0.0		12:40:13:859		
000:05:22.050	1048.4	23.3	23.8	1048.4	0.0	0.0	0.0	0.000	0.000	0.000	0.0	0.0		12:40:13:909		
000:05:22.100	1048.3	23.3	23.8	1048.3	0.0	0.0	0.0	0.000	0.000	0.000	0.0	0.0		12:40:13:959		
000:05:22.150	1048.5	23.3	23.8	1048.5	0.0	0.0	0.0	0.000	0.000	0.000	0.0	0.0		12:40:14:009		
000:05:22.200	1048.2	23.3	23.8	1048.2	0.0	0.0	0.0	0.000	0.000	0.000	0.0	0.0		12:40:14:059		
000:05:22.250	1048.0	23.3	23.8	1048.0	0.0	0.0	0.0	0.000	0.000	0.000	0.0	0.0		12:40:14:109		
000:05:22.300	1048.0	23.3	23.8	1048.0	0.0	0.0	0.0	0.000	0.000	0.000	0.0	0.0		12:40:14:159		
000:05:22.350	1048.1	23.3	23.8	1048.1	0.0	0.0	0.0	0.000	0.000	0.000	0.0	0.0		12:40:14:209		
000:05:22.400	1048.2	23.3	23.8	1048.2	0.0	0.0	0.0	0.000	0.000	0.000	0.0	0.0		12:40:14:259		
000:05:22.450	1047.8	23.3	23.8	1047.8	0.0	0.0	0.0	0.000	0.000	0.000	0.0	0.0		12:40:14:309		
000:05:22.500	1048.2	23.3	23.8	1048.2	0.0	0.0	0.0	0.000	0.000	0.000	0.0	0.0		12:40:14:359		
000:05:22.550	1047.7	23.3	23.8	1047.7	0.0	0.0	0.0	0.000	0.000	0.000	0.0	0.0		12:40:14:409		
000:05:22.600	1047.8	23.3	23.8	1047.8	0.0	0.0	0.0	0.000	0.000	0.000	0.0	0.0		12:40:14:459		
000:05:22.650	1048.4	23.3	23.8	1048.4	0.0	0.0	0.0	0.000	0.000	0.000	0.0	0.0		12:40:14:509		
000:05:22.700	1047.9	23.3	23.8	1047.9	0.0	0.0	0.0	0.000	0.000	0.000	0.0	0.0		12:40:14:559		
000:05:22.750	1047.7	23.3	23.8	1047.7	0.0	0.0	0.0	0.000	0.000	0.000	0.0	0.0		12:40:14:609		
000:05:22.800	1047.6	23.3	23.8	1047.6	0.0	0.0	0.0	0.000	0.000	0.000	0.0	0.0		12:40:14:659		
000:05:22.850	1047.6	23.3	23.8	1047.6	0.0	0.0	0.0	0.000	0.000	0.000	0.0	0.0		12:40:14:709		
000:05:22.900	1048.0	23.3	23.8	1048.0	0.0	0.0	0.0	0.000	0.000	0.000	0.0	0.0		12:40:14:759		
000:05:22.950	1047.7	23.3	23.8	1047.7	0.0	0.0	0.0	0.000	0.000	0.000	0.0	0.0		12:40:14:809		
000:05:23.000	1047.5	23.3	23.8	1047.5	0.0	0.0	0.0	0.000	0.000	0.000	0.0	0.0		12:40:14:859		
000:05:23.050	1047.3	23.3	23.8	1047.3	0.0	0.0	0.0	0.000	0.000	0.000	0.0	0.0		12:40:14:909		
000:05:23.100	1047.7	23.3	23.8	1047.7	0.0	0.0	0.0	0.000	0.000	0.000	0.0	0.0		12:40:14:959		
000:05:23.150	1047.7	23.3	23.8	1047.7	0.0	0.0	0.0	0.000	0.000	0.000	0.0	0.0		12:40:15:009		
000:05:23.200	1047.6	23.3	23.8	1047.6	0.0	0.0	0.0	0.000	0.000	0.000	0.0	0.0		12:40:15:059		
000:05:23.250	1047.4	23.3	23.8	1047.4	0.0	0.0	0.0	0.000	0.000	0.000	0.0	0.0		12:40:15:109		
000:05:23.300	1047.6	23.3	23.8	1047.6	0.0	0.0	0.0	0.000	0.000	0.000	0.0	0.0		12:40:15:159		
000:05:23.350	1047.8	23.3	23.8	1047.8	0.0	0.0	0.0	0.000	0.000	0.000	0.0	0.0		12:40:15:209		
000:05:23.400	1047.9	23.3	23.8	1047.9	0.0	0.0	0.0	0.000	0.000	0.000	0.0	0.0		12:40:15:259		
000:05:23.450	1047.3	23.3	23.8	1047.3	0.0	0.0	0.0	0.000	0.000	0.000	0.0	0.0		12:40:15:309		
000:05:23.500	1047.6	23.3	23.8	1047.6	0.0	0.0	0.0	0.000	0.000	0.000	0.0	0.0		12:40:15:359		
000:05:23.550	1047.8	23.3	23.8	1047.8	0.0	0.0	0.0	0.000	0.000	0.000	0.0	0.0		12:40:15:409		
000:05:23.600	1047.8	23.3	23.8	1047.8	0.0	0.0	0.0	0.000	0.000	0.000	0.0	0.0		12:40:15:459		
000:05:23.650	1047.4	23.3	23.8	1047.4	0.0	0.0	0.0	0.000	0.000	0.000	0.0	0.0		12:40:15:509		
000:05:23.700	1047.5	23.3	23.8	1047.5	0.0	0.0	0.0	0.000	0.000	0.000	0.0	0.0		12:40:15:559		
000:05:23.750	1047.7	23.3	23.8	1047.7	0.0	0.0	0.0	0.000	0.000	0.000	0.0	0.0		12:40:15:609		
000:05:23.800	1047.5	23.3	23.8	1047.5	0.0	0.0	0.0	0.000	0.000	0.000	0.0	0.0		12:40:15:659		
000:05:23.850	1047.5	23.3	23.8	1047.5	0.0	0.0	0.0	0.000	0.000	0.000	0.0	0.0		12:40:15:709		
000:05:23.900	1047.3	23.3	23.8	1047.3	0.0	0.0	0.0	0.000	0.000	0.000	0.0	0.0		12:40:15:759		
000:05:23.950	1047.7	23.3	23.8	1047.7	0.0	0.0	0.0	0.000	0.000	0.000	0.0	0.0		12:40:15:809		
000:05:24.000	1047.5	23.3	23.8	1047.5	0.0	0.0	0.0	0.000	0.000	0.000	0.0	0.0		12:40:15:859		
000:05:24.050	1047.4	23.3	23.8	1047.4	0.0	0.0	0.0	0.000	0.000	0.000	0.0	0.0		12:40:15:909		
000:05:24.100	1047.9	23.3	23.8	1047.9	0.0	0.0	0.0	0.000	0.000	0.000	0.0	0.0		12:40:15:959		
000:05:24.150	1047.6	23.3	23.8	1047.6	0.0	0.0	0.0	0.000	0.000	0.000	0.0	0.0		12:40:16:009		
000:05:24.200	1047.8	23.3	23.8	1047.8	0.0	0.0	0.0	0.000	0.000	0.000	0.0	0.0		12:40:16:059		
000:05:24.250	1047.6	23.3	23.8	1047.6	0.0	0.0	0.0	0.000	0.000	0.000	0.0	0.0		12:40:16:109		
000:05:24.300	1047.9	23.3	23.8	1047.9	0.0	0.0	0.0	0.000	0.000	0.000	0.0	0.0		12:40:16:159		
000:05:24.350	1047.7	23.3	23.8	1047.7	0.0	0.0	0.0	0.000	0.000	0.000	0.0	0.0		12:40:16:209		
000:05:24.400	1048.0	23.3	23.8	1048.0	0.0	0.0	0.0	0.000	0.000	0.000	0.0	0.0		12:40:16:259		
000:05:24.450	1047.6	23.3	23.8	1047.6	0.0	0.0	0.0	0.000	0.000	0.000	0.0	0.0		12:40:16:309		
000:05:24.500	1047.9	23.3	23.8	1047.9	0.0	0.0	0.0	0.000	0.000	0.000	0.0	0.0		12:40:16:359		
000:05:24.550	1047.8	23.3	23.8	1047.8	0.0	0.0	0.0	0.000	0.000	0.000	0.0	0.0		12:40:16:409		
000:05:24.600	1047.8	23.3	23.8	1047.8	0.0	0.0	0.0	0.000	0.000	0.000	0.0	0.0		12:40:16:459		
000:05:24.650	1047.6	23.3	23.8	1047.6	0.0	0.0	0.0	0.000	0.000	0.000	0.0	0.0		12:40:16:509		
000:05:24.700	1047.5	23.3	23.8	1047.5	0.0	0.0	0.0	0.000	0.000	0.000	0.0	0.0		12:40:16:559		
000:05:24.750	1047.6	23.3	23.8	1047.6	0.0	0.0	0.0	0.000	0.000	0.000	0.0	0.0		12:40:16:609		
000:05:24.800	1047.4	23.3	23.8	1047.4	0.0	0.0	0.0	0.000	0.000	0.000	0.0	0.0		12:40:16:659		
000:05:24.850	1047.7	23.3	23.8	1047.7	0.0	0.0	0.0	0.000	0.000	0.000	0.0	0.0		12:40:16:709		
000:05:24.900	1047.8	23.3	23.8	1047.8	0.0	0.0	0.0	0.000	0.000	0.000	0.0	0.0		12:40:16:759		
000:05:24.950	1047.8	23.3	23.8	1047.8	0.0	0.0	0.0	0.000	0.000	0.000	0.0	0.0		12:40:16:809		
000:05:25.000	1048.4	23.3	23.8	1048.4	0.0	0.0	0.0	0.000	0.000	0.000	0.0	0.0		12:40:16:859		
000:05:25.050	1048.0	23.3	23.8	1048.0	0.0	0.0	0.0	0.000	0.000	0.000	0.0	0.0		12:40:16:909		
000:05:25.100	1047.7	23.3	23.8	1047.7	0.0	0.0	0.0	0.000	0.000	0.000	0.0	0.0		12:40:16:959		
000:05:25.150	1047.3	23.3	23.8	1047.3	0.0	0.0	0.0	0.000	0.000	0.000	0.0	0.0		12:40:17:009		
000:05:25.200	1047.7	23.3	23.8	1047.7	0.0	0.0	0.0	0.000	0.000	0.000	0.0	0.0		12:40:17:059		
000:05:25.250	1047.7	23.3	23.8	1047.7	0.0	0.0	0.0	0.000	0.000	0.000	0.0	0.0		12:40:17:109		
000:05:25.300	1047.6	23.3	23.8	1047.6	0.0	0.0	0.0	0.000	0.000	0.000	0.0	0.0		12:40:17:159		
000:05:25.350	1047.7	23.3	23.8	1047.7	0.0	0.0	0.0	0.000	0.000	0.000	0.0	0.0		12:40:17:209		
000:05:25.400	1047.8	23.3	23.8	1047.8	0.0	0.0	0.0	0.000	0.000	0.000	0.0	0.0		12:40:17:259		
000:05:25.450	1047.6	23.3	23.8	1047.6	0.0	0.0	0.0	0.000	0.000	0.000	0.0	0.0		12:40:17:309		
000:05:25.500	1047.4	23.3	23.8	1047.4	0.0	0.0	0.0	0.000	0.000	0.000	0.0	0.0		12:40:17:359		
000:05:25.550	1047.4	23.3	23.8	1047.4	0.0	0.0	0.0	0.000	0.000	0.000	0.0	0.0		12:40:17:409		
000:05:25.600	1047.3	23.3	23.8	1047.3	0.0	0.0	0.0	0.000	0.000	0.000	0.0	0.0		12:40:17:459		
000:05:25.650	1047.8	23.3	23.8	1047.8	0.0	0.0	0.0	0.000	0.000	0.000	0.0	0.0		12:40:17:509		
000:05:25.700	1048.1	23.3	23.8	1048.1	0.0	0.0	0.0	0.000	0.000	0.000	0.0	0.0		12:40:17:559		
000:05:25.750	1048.0	23.3	23.8	1048.0	0.0	0.0	0.0	0.000	0.000	0.000	0.0	0.0		12:40:17:609		
000:05:25.800	1048.1	23.3	23.8	1048.1	0.0	0.0	0.0	0.000	0.000	0.000	0.0	0.0		12:40:17:659		
000:05:25.850	1048.1	23.3	23.8	1048.1	0.0	0.0	0.0	0.000	0.000	0.000	0.0	0.0		12:40:17:709		
000:05:25.900	1047.9	23.3	23.8	1047.9	0.0	0.0	0.0	0.000	0.000	0.000	0.0	0.0		12:40:17:759		
000:05:25.950	1048.0	23.3	23.8	1048.0	0.0	0.0	0.0	0.000	0.000	0.000	0.0	0.0		12:40:17:809		
000:05:26.000	1048.6	23.3	23.8	1048.6	0.0	0.0	0.0	0.000	0.000	0.000	0.0	0.0		12:40:17:859		
000:05:26.050	1048.3	23.3	23.8	1048.3	0.0	0.0	0.0	0.000	0.000	0.000	0.0	0.0		12:40:17:909		
000:05:26.100	1048.0	23.3	23.8	1048.0	0.0	0.0	0.0	0.000	0.000	0.000	0.0	0.0		12:40:17:959		
000:05:26.150	1048.5	23.3	23.8	1048.5	0.0	0.0	0.0	0.000	0.000	0.000	0.0	0.0		12:40:18:009		
000:05:26.200	1048.3	23.3	23.8	1048.3	0.0	0.0	0.0	0.000	0.000	0.000	0.0	0.0		12:40:18:059		
000:05:26.250	1048.2	23.3	23.8	1048.2	0.0	0.0	0.0	0.000	0.000	0.000	0.0	0.0		12:40:18:109		
000:05:26.300	1047.9	23.3	23.8	1047.9	0.0	0.0	0.0	0.000	0.000	0.000	0.0	0.0		12:40:18:159		
000:05:26.350	1048.4	23.3	23.8	1048.4	0.0	0.0	0.0	0.000	0.000	0.000	0.0	0.0		12:40:18:209		
000:05:26.400	1048.7	23.3	23.8	1048.7	0.0	0.0	0.0	0.000	0.000	0.000	0.0	0.0		12:40:18:259		
000:05:26.450	1048.4	23.3	23.8	1048.4	0.0	0.0	0.0	0.000	0.000	0.000	0.0	0.0		12:40:18:309		
000:05:26.500	1048.4	23.3	23.8	1048.4	0.0	0.0	0.0	0.000	0.000	0.000	0.0	0.0		12:40:18:359		
000:05:26.550	1048.6	23.3	23.8	1048.6	0.0	0.0	0.0	0.000	0.000	0.000	0.0	0.0		12:40:18:409		
000:05:26.600	1048.1	23.3	23.8	1048.1	0.0	0.0	0.0	0.000	0.000	0.000	0.0	0.0		12:40:18:459		
000:05:26.650	1048.4	23.3	23.8	1048.4	0.0	0.0	0.0	0.000	0.000	0.000	0.0	0.0		12:40:18:509		
000:05:26.700	1048.5	23.3	23.8	1048.5	0.0	0.0	0.0	0.000	0.000	0.000	0.0	0.0		12:40:18:559		
000:05:26.750	1048.6	23.3	23.8	1048.6	0.0	0.0	0.0	0.000	0.000	0.000	0.0	0.0		12:40:18:609		
000:05:26.800	1048.7	23.3	23.8	1048.7	0.0	0.0	0.0	0.000	0.000	0.000	0.0	0.0		12:40:18:659		
000:05:26.850	1048.2	23.3	23.8	1048.2	0.0	0.0	0.0	0.000	0.000	0.000	0.0	0.0		12:40:18:709		
000:05:26.900	1048.3	23.3	23.8	1048.3	0.0	0.0	0.0	0.000	0.000	0.000	0.0	0.0		12:40:18:759		
000:05:26.950	1048.4	23.3	23.8	1048.4	0.0	0.0	0.0	0.000	0.000	0.000	0.0	0.0		12:40:18:809		
000:05:27.000	1048.5	23.3	23.8	1048.5	0.0	0.0	0.0	0.000	0.000	0.000	0.0	0.0		12:40:18:859		
000:05:27.050	1048.0	23.3	23.8	1048.0	0.0	0.0	0.0	0.000	0.000	0.000	0.0	0.0		12:40:18:909		
000:05:27.100	1048.6	23.3	23.8	1048.6	0.0	0.0	0.0	0.000	0.000	0.000	0.0	0.0		12:40:18:959		
000:05:27.150	1048.4	23.3	23.8	1048.4	0.0	0.0	0.0	0.000	0.000	0.000	0.0	0.0		12:40:19:009		
000:05:27.200	1048.7	23.3	23.8	1048.7	0.0	0.0	0.0	0.000	0.000	0.000	0.0	0.0		12:40:19:059		
000:05:27.250	1048.4	23.3	23.8	1048.4	0.0	0.0	0.0	0.000	0.000	0.000	0.0	0.0		12:40:19:109		
000:05:27.300	1049.3	23.3	23.8	1049.3	0.0	0.0	0.0	0.000	0.000	0.000	0.0	0.0		12:40:19:159		
000:05:27.350	1048.8	23.3	23.8	1048.8	0.0	0.0	0.0	0.000	0.000	0.000	0.0	0.0		12:40:19:209		
000:05:27.400	1048.5	23.3	23.8	1048.5	0.0	0.0	0.0	0.000	0.000	0.000	0.0	0.0		12:40:19:259		
000:05:27.450	1048.5	23.3	23.8	1048.5	0.0	0.0	0.0	0.000	0.000	0.000	0.0	0.0		12:40:19:309		
000:05:27.500	1048.7	23.3	23.8	1048.7	0.0	0.0	0.0	0.000	0.000	0.000	0.0	0.0		12:40:19:359		
000:05:27.550	1048.9	23.3	23.8	1048.9	0.0	0.0	0.0	0.000	0.000	0.000	0.0	0.0		12:40:19:409		
000:05:27.600	1048.9	23.3	23.8	1048.9	0.0	0.0	0.0	0.000	0.000	0.000	0.0	0.0		12:40:19:459		
000:05:27.650	1048.5	23.3	23.8	1048.5	0.0	0.0	0.0	0.000	0.000	0.000	0.0	0.0		12:40:19:509		
000:05:27.700	1048.5	23.3	23.8	1048.5	0.0	0.0	0.0	0.000	0.000	0.000	0.0	0.0		12:40:19:559		
000:05:27.750	1048.5	23.3	23.8	1048.5	0.0	0.0	0.0	0.000	0.000	0.000	0.0	0.0		12:40:19:609		
000:05:27.800	1048.7	23.3	23.8	1048.7	0.0	0.0	0.0	0.000	0.000	0.000	0.0	0.0		12:40:19:659		
000:05:27.850	1048.8	23.3	23.8	1048.8	0.0	0.0	0.0	0.000	0.000	0.000	0.0	0.0		12:40:19:709		
000:05:27.900	1048.7	23.3	23.8	1048.7	0.0	0.0	0.0	0.000	0.000	0.000	0.0	0.0		12:40:19:759		
000:05:27.950	1049.0	23.3	23.8	1049.0	0.0	0.0	0.0	0.000	0.000	0.000	0.0	0.0		12:40:19:809		
000:05:28.000	1049.0	23.3	23.8	1049.0	0.0	0.0	0.0	0.000	0.000	0.000	0.0	0.0		12:40:19:859		
000:05:28.050	1049.3	23.3	23.8	1049.3	0.0	0.0	0.0	0.000	0.000	0.000	0.0	0.0		12:40:19:909		
000:05:28.100	1049.3	23.3	23.8	1049.3	0.0	0.0	0.0	0.000	0.000	0.000	0.0	0.0		12:40:19:959		
000:05:28.150	1049.1	23.3	23.8	1049.1	0.0	0.0	0.0	0.000	0.000	0.000	0.0	0.0		12:40:20:009		
000:05:28.200	1049.1	23.3	23.8	1049.1	0.0	0.0	0.0	0.000	0.000	0.000	0.0	0.0		12:40:20:059		
000:05:28.250	1049.5	23.3	23.9	1049.5	0.0	0.0	0.0	0.000	0.000	0.000	0.0	0.0		12:40:20:109		
000:05:28.300	1049.6	23.3	23.9	1049.6	0.0	0.0	0.0	0.000	0.000	0.000	0.0	0.0		12:40:20:159		
000:05:28.350	1049.5	23.3	23.9	1049.5	0.0	0.0	0.0	0.000	0.000	0.000	0.0	0.0		12:40:20:209		
000:05:28.400	1049.6	23.3	23.9	1049.6	0.0	0.0	0.0	0.000	0.000	0.000	0.0	0.0		12:40:20:259		
000:05:28.450	1049.4	23.3	23.9	1049.4	0.0	0.0	0.0	0.000	0.000	0.000	0.0	0.0		12:40:20:309		
000:05:28.500	1049.3	23.3	23.9	1049.3	0.0	0.0	0.0	0.000	0.000	0.000	0.0	0.0		12:40:20:359		
000:05:28.550	1049.4	23.3	23.9	1049.4	0.0	0.0	0.0	0.000	0.000	0.000	0.0	0.0		12:40:20:409		
000:05:28.600	1049.6	23.3	23.9	1049.6	0.0	0.0	0.0	0.000	0.000	0.000	0.0	0.0		12:40:20:459		
000:05:28.650	1049.2	23.3	23.9	1049.2	0.0	0.0	0.0	0.000	0.000	0.000	0.0	0.0		12:40:20:509		
000:05:28.700	1049.8	23.3	23.9	1049.8	0.0	0.0	0.0	0.000	0.000	0.000	0.0	0.0		12:40:20:559		
000:05:28.750	1050.1	23.3	23.9	1050.1	0.0	0.0	0.0	0.000	0.000	0.000	0.0	0.0		12:40:20:609		
000:05:28.800	1049.8	23.3	23.9	1049.8	0.0	0.0	0.0	0.000	0.000	0.000	0.0	0.0		12:40:20:659		
000:05:28.850	1050.1	23.3	23.9	1050.1	0.0	0.0	0.0	0.000	0.000	0.000	0.0	0.0		12:40:20:709		
000:05:28.900	1050.1	23.3	23.9	1050.1	0.0	0.0	0.0	0.000	0.000	0.000	0.0	0.0		12:40:20:759		
000:05:28.950	1049.8	23.3	23.9	1049.8	0.0	0.0	0.0	0.000	0.000	0.000	0.0	0.0		12:40:20:809		
000:05:29.000	1050.1	23.3	23.9	1050.1	0.0	0.0	0.0	0.000	0.000	0.000	0.0	0.0		12:40:20:859		
000:05:29.050	1049.8	23.3	23.9	1049.8	0.0	0.0	0.0	0.000	0.000	0.000	0.0	0.0		12:40:20:909		
000:05:29.100	1049.7	23.3	23.9	1049.7	0.0	0.0	0.0	0.000	0.000	0.000	0.0	0.0		12:40:20:959		
000:05:29.150	1050.3	23.3	23.9	1050.3	0.0	0.0	0.0	0.000	0.000	0.000	0.0	0.0		12:40:21:009		
000:05:29.200	1050.1	23.3	23.9	1050.1	0.0	0.0	0.0	0.000	0.000	0.000	0.0	0.0		12:40:21:059		
000:05:29.250	1050.4	23.3	23.9	1050.4	0.0	0.0	0.0	0.000	0.000	0.000	0.0	0.0		12:40:21:109		
000:05:29.300	1050.1	23.3	23.9	1050.1	0.0	0.0	0.0	0.000	0.000	0.000	0.0	0.0		12:40:21:159		
000:05:29.350	1050.5	23.3	23.9	1050.5	0.0	0.0	0.0	0.000	0.000	0.000	0.0	0.0		12:40:21:209		
000:05:29.400	1050.6	23.3	23.9	1050.6	0.0	0.0	0.0	0.000	0.000	0.000	0.0	0.0		12:40:21:259		
000:05:29.450	1050.4	23.3	23.9	1050.4	0.0	0.0	0.0	0.000	0.000	0.000	0.0	0.0		12:40:21:309		
000:05:29.500	1050.2	23.3	23.9	1050.2	0.0	0.0	0.0	0.000	0.000	0.000	0.0	0.0		12:40:21:359		
000:05:29.550	1050.6	23.3	23.9	1050.6	0.0	0.0	0.0	0.000	0.000	0.000	0.0	0.0		12:40:21:409		
000:05:29.600	1050.6	23.3	23.9	1050.6	0.0	0.0	0.0	0.000	0.000	0.000	0.0	0.0		12:40:21:459		
000:05:29.650	1050.9	23.3	23.9	1050.9	0.0	0.0	0.0	0.000	0.000	0.000	0.0	0.0		12:40:21:509		
000:05:29.700	1050.7	23.3	23.9	1050.7	0.0	0.0	0.0	0.000	0.000	0.000	0.0	0.0		12:40:21:559		
000:05:29.750	1051.3	23.3	23.9	1051.3	0.0	0.0	0.0	0.000	0.000	0.000	0.0	0.0		12:40:21:609		
000:05:29.800	1050.9	23.3	23.9	1050.9	0.0	0.0	0.0	0.000	0.000	0.000	0.0	0.0		12:40:21:659		
000:05:29.850	1050.6	23.3	23.9	1050.6	0.0	0.0	0.0	0.000	0.000	0.000	0.0	0.0		12:40:21:709		
000:05:29.900	1051.2	23.3	23.9	1051.2	0.0	0.0	0.0	0.000	0.000	0.000	0.0	0.0		12:40:21:759		
000:05:29.950	1051.1	23.3	23.9	1051.1	0.0	0.0	0.0	0.000	0.000	0.000	0.0	0.0		12:40:21:809		
000:05:30.000	1051.0	23.3	23.9	1051.0	0.0	0.0	0.0	0.000	0.000	0.000	0.0	0.0		12:40:21:859		
000:05:30.050	1051.1	23.3	23.9	1051.1	0.0	0.0	0.0	0.000	0.000	0.000	0.0	0.0		12:40:21:909		
000:05:30.100	1051.1	23.3	23.9	1051.1	0.0	0.0	0.0	0.000	0.000	0.000	0.0	0.0		12:40:21:959		
000:05:30.150	1051.5	23.3	23.9	1051.5	0.0	0.0	0.0	0.000	0.000	0.000	0.0	0.0		12:40:22:009		
000:05:30.200	1051.6	23.3	23.9	1051.6	0.0	0.0	0.0	0.000	0.000	0.000	0.0	0.0		12:40:22:059		
000:05:30.250	1051.2	23.3	23.9	1051.2	0.0	0.0	0.0	0.000	0.000	0.000	0.0	0.0		12:40:22:109		
000:05:30.300	1051.7	23.3	23.8	1051.7	0.0	0.0	0.0	0.000	0.000	0.000	0.0	0.0		12:40:22:159		
000:05:30.350	1051.3	23.3	23.8	1051.3	0.0	0.0	0.0	0.000	0.000	0.000	0.0	0.0		12:40:22:209		
000:05:30.400	1051.5	23.3	23.8	1051.5	0.0	0.0	0.0	0.000	0.000	0.000	0.0	0.0		12:40:22:259		
000:05:30.450	1051.8	23.3	23.8	1051.8	0.0	0.0	0.0	0.000	0.000	0.000	0.0	0.0		12:40:22:309		
000:05:30.500	1051.8	23.3	23.8	1051.8	0.0	0.0	0.0	0.000	0.000	0.000	0.0	0.0		12:40:22:359		
000:05:30.550	1052.0	23.3	23.8	1052.0	0.0	0.0	0.0	0.000	0.000	0.000	0.0	0.0		12:40:22:409		
000:05:30.600	1051.8	23.3	23.8	1051.8	0.0	0.0	0.0	0.000	0.000	0.000	0.0	0.0		12:40:22:459		
000:05:30.650	1051.8	23.3	23.8	1051.8	0.0	0.0	0.0	0.000	0.000	0.000	0.0	0.0		12:40:22:509		
000:05:30.700	1051.7	23.3	23.8	1051.7	0.0	0.0	0.0	0.000	0.000	0.000	0.0	0.0		12:40:22:559		
000:05:30.750	1051.8	23.3	23.8	1051.8	0.0	0.0	0.0	0.000	0.000	0.000	0.0	0.0		12:40:22:609		
000:05:30.800	1051.7	23.3	23.8	1051.7	0.0	0.0	0.0	0.000	0.000	0.000	0.0	0.0		12:40:22:659		
000:05:30.850	1051.8	23.3	23.8	1051.8	0.0	0.0	0.0	0.000	0.000	0.000	0.0	0.0		12:40:22:709		
000:05:30.900	1052.0	23.3	23.8	1052.0	0.0	0.0	0.0	0.000	0.000	0.000	0.0	0.0		12:40:22:759		
000:05:30.950	1052.1	23.3	23.8	1052.1	0.0	0.0	0.0	0.000	0.000	0.000	0.0	0.0		12:40:22:809		
000:05:31.000	1052.2	23.3	23.8	1052.2	0.0	0.0	0.0	0.000	0.000	0.000	0.0	0.0		12:40:22:859		
000:05:31.050	1052.3	23.3	23.8	1052.3	0.0	0.0	0.0	0.000	0.000	0.000	0.0	0.0		12:40:22:909		
000:05:31.100	1051.9	23.3	23.8	1051.9	0.0	0.0	0.0	0.000	0.000	0.000	0.0	0.0		12:40:22:959		
000:05:31.150	1052.2	23.3	23.8	1052.2	0.0	0.0	0.0	0.000	0.000	0.000	0.0	0.0		12:40:23:009		
000:05:31.200	1052.1	23.3	23.8	1052.1	0.0	0.0	0.0	0.000	0.000	0.000	0.0	0.0		12:40:23:059		
000:05:31.250	1052.6	23.3	23.8	1052.6	0.0	0.0	0.0	0.000	0.000	0.000	0.0	0.0		12:40:23:109		
000:05:31.300	1052.2	23.3	23.9	1052.2	0.0	0.0	0.0	0.000	0.000	0.000	0.0	0.0		12:40:23:159		
000:05:31.350	1052.4	23.3	23.9	1052.4	0.0	0.0	0.0	0.000	0.000	0.000	0.0	0.0		12:40:23:209		
000:05:31.400	1052.4	23.3	23.9	1052.4	0.0	0.0	0.0	0.000	0.000	0.000	0.0	0.0		12:40:23:259		
000:05:31.450	1052.6	23.3	23.9	1052.6	0.0	0.0	0.0	0.000	0.000	0.000	0.0	0.0		12:40:23:309		
000:05:31.500	1052.5	23.3	23.9	1052.5	0.0	0.0	0.0	0.000	0.000	0.000	0.0	0.0		12:40:23:359		
000:05:31.550	1052.6	23.3	23.9	1052.6	0.0	0.0	0.0	0.000	0.000	0.000	0.0	0.0		12:40:23:409		
000:05:31.600	1052.7	23.3	23.9	1052.7	0.0	0.0	0.0	0.000	0.000	0.000	0.0	0.0		12:40:23:459		
000:05:31.650	1052.7	23.3	23.9	1052.7	0.0	0.0	0.0	0.000	0.000	0.000	0.0	0.0		12:40:23:509		
000:05:31.700	1052.8	23.3	23.9	1052.8	0.0	0.0	0.0	0.000	0.000	0.000	0.0	0.0		12:40:23:559		
000:05:31.750	1052.8	23.3	23.9	1052.8	0.0	0.0	0.0	0.000	0.000	0.000	0.0	0.0		12:40:23:609		
000:05:31.800	1052.6	23.3	23.9	1052.6	0.0	0.0	0.0	0.000	0.000	0.000	0.0	0.0		12:40:23:659		
000:05:31.850	1052.7	23.3	23.9	1052.7	0.0	0.0	0.0	0.000	0.000	0.000	0.0	0.0		12:40:23:709		
000:05:31.900	1053.1	23.3	23.9	1053.1	0.0	0.0	0.0	0.000	0.000	0.000	0.0	0.0		12:40:23:759		
000:05:31.950	1053.1	23.3	23.9	1053.1	0.0	0.0	0.0	0.000	0.000	0.000	0.0	0.0		12:40:23:809		
000:05:32.000	1053.5	23.3	23.9	1053.5	0.0	0.0	0.0	0.000	0.000	0.000	0.0	0.0		12:40:23:859		
000:05:32.050	1053.3	23.3	23.9	1053.3	0.0	0.0	0.0	0.000	0.000	0.000	0.0	0.0		12:40:23:909		
000:05:32.100	1053.1	23.3	23.9	1053.1	0.0	0.0	0.0	0.000	0.000	0.000	0.0	0.0		12:40:23:959		
000:05:32.150	1053.6	23.4	23.9	1053.6	0.0	0.0	0.0	0.000	0.000	0.000	0.0	0.0		12:40:24:009		
000:05:32.200	1053.7	23.4	23.9	1053.7	0.0	0.0	0.0	0.000	0.000	0.000	0.0	0.0		12:40:24:059		
000:05:32.250	1053.7	23.4	23.9	1053.7	0.0	0.0	0.0	0.000	0.000	0.000	0.0	0.0		12:40:24:109		
000:05:32.300	1054.2	23.4	23.9	1054.2	0.0	0.0	0.0	0.000	0.000	0.000	0.0	0.0		12:40:24:159		
000:05:32.350	1054.0	23.4	23.9	1054.0	0.0	0.0	0.0	0.000	0.000	0.000	0.0	0.0		12:40:24:209		
000:05:32.400	1054.2	23.4	23.9	1054.2	0.0	0.0	0.0	0.000	0.000	0.000	0.0	0.0		12:40:24:259		
000:05:32.450	1053.9	23.4	23.9	1053.9	0.0	0.0	0.0	0.000	0.000	0.000	0.0	0.0		12:40:24:309		
000:05:32.500	1054.2	23.4	23.9	1054.2	0.0	0.0	0.0	0.000	0.000	0.000	0.0	0.0		12:40:24:359		
000:05:32.550	1053.9	23.4	23.9	1053.9	0.0	0.0	0.0	0.000	0.000	0.000	0.0	0.0		12:40:24:409		
000:05:32.600	1053.9	23.4	23.9	1053.9	0.0	0.0	0.0	0.000	0.000	0.000	0.0	0.0		12:40:24:459		
000:05:32.650	1054.2	23.4	23.9	1054.2	0.0	0.0	0.0	0.000	0.000	0.000	0.0	0.0		12:40:24:509		
000:05:32.700	1054.4	23.4	23.9	1054.4	0.0	0.0	0.0	0.000	0.000	0.000	0.0	0.0		12:40:24:559		
000:05:32.750	1054.4	23.4	23.9	1054.4	0.0	0.0	0.0	0.000	0.000	0.000	0.0	0.0		12:40:24:609		
000:05:32.800	1054.2	23.4	23.9	1054.2	0.0	0.0	0.0	0.000	0.000	0.000	0.0	0.0		12:40:24:659		
000:05:32.850	1054.2	23.4	23.9	1054.2	0.0	0.0	0.0	0.000	0.000	0.000	0.0	0.0		12:40:24:709		
000:05:32.900	1054.2	23.4	23.9	1054.2	0.0	0.0	0.0	0.000	0.000	0.000	0.0	0.0		12:40:24:759		
000:05:32.950	1055.2	23.4	23.9	1055.2	0.0	0.0	0.0	0.000	0.000	0.000	0.0	0.0		12:40:24:809		
000:05:33.000	1054.6	23.4	23.9	1054.6	0.0	0.0	0.0	0.000	0.000	0.000	0.0	0.0		12:40:24:859		
000:05:33.050	1054.6	23.4	23.9	1054.6	0.0	0.0	0.0	0.000	0.000	0.000	0.0	0.0		12:40:24:909		
000:05:33.100	1054.4	23.4	23.9	1054.4	0.0	0.0	0.0	0.000	0.000	0.000	0.0	0.0		12:40:24:959		
000:05:33.150	1054.6	23.4	23.9	1054.6	0.0	0.0	0.0	0.000	0.000	0.000	0.0	0.0		12:40:25:009		
000:05:33.200	1054.7	23.4	23.9	1054.7	0.0	0.0	0.0	0.000	0.000	0.000	0.0	0.0		12:40:25:059		
000:05:33.250	1055.0	23.4	23.9	1055.0	0.0	0.0	0.0	0.000	0.000	0.000	0.0	0.0		12:40:25:109		
000:05:33.300	1055.0	23.4	23.9	1055.0	0.0	0.0	0.0	0.000	0.000	0.000	0.0	0.0		12:40:25:159		
000:05:33.350	1055.3	23.4	23.9	1055.3	0.0	0.0	0.0	0.000	0.000	0.000	0.0	0.0		12:40:25:209		
000:05:33.400	1054.6	23.4	23.9	1054.6	0.0	0.0	0.0	0.000	0.000	0.000	0.0	0.0		12:40:25:259		
000:05:33.450	1055.3	23.4	23.9	1055.3	0.0	0.0	0.0	0.000	0.000	0.000	0.0	0.0		12:40:25:309		
000:05:33.500	1055.1	23.4	23.9	1055.1	0.0	0.0	0.0	0.000	0.000	0.000	0.0	0.0		12:40:25:359		
000:05:33.550	1055.2	23.4	23.9	1055.2	0.0	0.0	0.0	0.000	0.000	0.000	0.0	0.0		12:40:25:409		
000:05:33.600	1055.2	23.4	23.9	1055.2	0.0	0.0	0.0	0.000	0.000	0.000	0.0	0.0		12:40:25:459		
000:05:33.650	1055.6	23.4	23.9	1055.6	0.0	0.0	0.0	0.000	0.000	0.000	0.0	0.0		12:40:25:509		
000:05:33.700	1055.6	23.4	23.9	1055.6	0.0	0.0	0.0	0.000	0.000	0.000	0.0	0.0		12:40:25:559		
000:05:33.750	1055.1	23.4	23.9	1055.1	0.0	0.0	0.0	0.000	0.000	0.000	0.0	0.0		12:40:25:609		
000:05:33.800	1055.4	23.4	23.9	1055.4	0.0	0.0	0.0	0.000	0.000	0.000	0.0	0.0		12:40:25:659		
000:05:33.850	1055.4	23.4	23.9	1055.4	0.0	0.0	0.0	0.000	0.000	0.000	0.0	0.0		12:40:25:709		
000:05:33.900	1055.2	23.4	23.9	1055.2	0.0	0.0	0.0	0.000	0.000	0.000	0.0	0.0		12:40:25:759		
000:05:33.950	1055.3	23.4	23.9	1055.3	0.0	0.0	0.0	0.000	0.000	0.000	0.0	0.0		12:40:25:809		
000:05:34.000	1055.6	23.4	23.9	1055.6	0.0	0.0	0.0	0.000	0.000	0.000	0.0	0.0		12:40:25:859		
000:05:34.050	1055.6	23.4	23.9	1055.6	0.0	0.0	0.0	0.000	0.000	0.000	0.0	0.0		12:40:25:909		
000:05:34.100	1055.9	23.4	23.9	1055.9	0.0	0.0	0.0	0.000	0.000	0.000	0.0	0.0		12:40:25:959		
000:05:34.150	1056.1	23.4	23.9	1056.1	0.0	0.0	0.0	0.000	0.000	0.000	0.0	0.0		12:40:26:009		
000:05:34.200	1056.1	23.4	23.9	1056.1	0.0	0.0	0.0	0.000	0.000	0.000	0.0	0.0		12:40:26:059		
000:05:34.250	1056.0	23.4	23.9	1056.0	0.0	0.0	0.0	0.000	0.000	0.000	0.0	0.0		12:40:26:109		
000:05:34.300	1056.5	23.4	23.9	1056.5	0.0	0.0	0.0	0.000	0.000	0.000	0.0	0.0		12:40:26:159		
000:05:34.350	1056.1	23.4	23.9	1056.1	0.0	0.0	0.0	0.000	0.000	0.000	0.0	0.0		12:40:26:209		
000:05:34.400	1056.3	23.4	23.9	1056.3	0.0	0.0	0.0	0.000	0.000	0.000	0.0	0.0		12:40:26:259		
000:05:34.450	1056.0	23.4	23.9	1056.0	0.0	0.0	0.0	0.000	0.000	0.000	0.0	0.0		12:40:26:309		
000:05:34.500	1056.8	23.4	23.9	1056.8	0.0	0.0	0.0	0.000	0.000	0.000	0.0	0.0		12:40:26:359		
000:05:34.550	1056.7	23.4	23.9	1056.7	0.0	0.0	0.0	0.000	0.000	0.000	0.0	0.0		12:40:26:409		
000:05:34.600	1056.4	23.4	23.9	1056.4	0.0	0.0	0.0	0.000	0.000	0.000	0.0	0.0		12:40:26:459		
000:05:34.650	1056.7	23.4	23.9	1056.7	0.0	0.0	0.0	0.000	0.000	0.000	0.0	0.0		12:40:26:509		
000:05:34.700	1056.3	23.4	23.9	1056.3	0.0	0.0	0.0	0.000	0.000	0.000	0.0	0.0		12:40:26:559		
000:05:34.750	1057.1	23.4	23.9	1057.1	0.0	0.0	0.0	0.000	0.000	0.000	0.0	0.0		12:40:26:609		
000:05:34.800	1057.1	23.4	23.9	1057.1	0.0	0.0	0.0	0.000	0.000	0.000	0.0	0.0		12:40:26:659		
000:05:34.850	1056.9	23.4	23.9	1056.9	0.0	0.0	0.0	0.000	0.000	0.000	0.0	0.0		12:40:26:709		
000:05:34.900	1056.9	23.4	23.9	1056.9	0.0	0.0	0.0	0.000	0.000	0.000	0.0	0.0		12:40:26:759		
000:05:34.950	1057.4	23.4	23.9	1057.4	0.0	0.0	0.0	0.000	0.000	0.000	0.0	0.0		12:40:26:809		
000:05:35.000	1057.4	23.4	23.9	1057.4	0.0	0.0	0.0	0.000	0.000	0.000	0.0	0.0		12:40:26:859		
000:05:35.050	1057.3	23.4	23.9	1057.3	0.0	0.0	0.0	0.000	0.000	0.000	0.0	0.0		12:40:26:909		
000:05:35.100	1057.2	23.4	23.9	1057.2	0.0	0.0	0.0	0.000	0.000	0.000	0.0	0.0		12:40:26:959		
000:05:35.150	1057.4	23.4	23.9	1057.4	0.0	0.0	0.0	0.000	0.000	0.000	0.0	0.0		12:40:27:009		
000:05:35.200	1057.1	23.4	23.9	1057.1	0.0	0.0	0.0	0.000	0.000	0.000	0.0	0.0		12:40:27:059		
000:05:35.250	1057.1	23.4	23.9	1057.1	0.0	0.0	0.0	0.000	0.000	0.000	0.0	0.0		12:40:27:109		
000:05:35.300	1057.6	23.4	23.9	1057.6	0.0	0.0	0.0	0.000	0.000	0.000	0.0	0.0		12:40:27:159		
000:05:35.350	1057.6	23.4	23.9	1057.6	0.0	0.0	0.0	0.000	0.000	0.000	0.0	0.0		12:40:27:209		
000:05:35.400	1057.8	23.4	23.9	1057.8	0.0	0.0	0.0	0.000	0.000	0.000	0.0	0.0		12:40:27:259		
000:05:35.450	1057.7	23.4	23.9	1057.7	0.0	0.0	0.0	0.000	0.000	0.000	0.0	0.0		12:40:27:309		
000:05:35.500	1058.1	23.4	23.9	1058.1	0.0	0.0	0.0	0.000	0.000	0.000	0.0	0.0		12:40:27:359		
000:05:35.550	1057.7	23.4	23.9	1057.7	0.0	0.0	0.0	0.000	0.000	0.000	0.0	0.0		12:40:27:409		
000:05:35.600	1057.6	23.4	23.9	1057.6	0.0	0.0	0.0	0.000	0.000	0.000	0.0	0.0		12:40:27:459		
000:05:35.650	1057.8	23.4	23.9	1057.8	0.0	0.0	0.0	0.000	0.000	0.000	0.0	0.0		12:40:27:509		
000:05:35.700	1057.4	23.4	23.9	1057.4	0.0	0.0	0.0	0.000	0.000	0.000	0.0	0.0		12:40:27:559		
000:05:35.750	1058.1	23.4	23.9	1058.1	0.0	0.0	0.0	0.000	0.000	0.000	0.0	0.0		12:40:27:609		
000:05:35.800	1058.0	23.4	23.9	1058.0	0.0	0.0	0.0	0.000	0.000	0.000	0.0	0.0		12:40:27:659		
000:05:35.850	1057.9	23.4	23.9	1057.9	0.0	0.0	0.0	0.000	0.000	0.000	0.0	0.0		12:40:27:709		
000:05:35.900	1058.4	23.4	23.9	1058.4	0.0	0.0	0.0	0.000	0.000	0.000	0.0	0.0		12:40:27:759		
000:05:35.950	1058.1	23.4	23.9	1058.1	0.0	0.0	0.0	0.000	0.000	0.000	0.0	0.0		12:40:27:809		
000:05:36.000	1058.1	23.4	23.9	1058.1	0.0	0.0	0.0	0.000	0.000	0.000	0.0	0.0		12:40:27:859		
000:05:36.050	1057.8	23.4	23.9	1057.8	0.0	0.0	0.0	0.000	0.000	0.000	0.0	0.0		12:40:27:909		
000:05:36.100	1057.6	23.4	23.9	1057.6	0.0	0.0	0.0	0.000	0.000	0.000	0.0	0.0		12:40:27:959		
000:05:36.150	1058.3	23.4	23.9	1058.3	0.0	0.0	0.0	0.000	0.000	0.000	0.0	0.0		12:40:28:009		
000:05:36.200	1058.2	23.4	23.9	1058.2	0.0	0.0	0.0	0.000	0.000	0.000	0.0	0.0		12:40:28:059		
000:05:36.250	1057.9	23.4	23.9	1057.9	0.0	0.0	0.0	0.000	0.000	0.000	0.0	0.0		12:40:28:109		
000:05:36.300	1058.0	23.4	23.9	1058.0	0.0	0.0	0.0	0.000	0.000	0.000	0.0	0.0		12:40:28:159		
000:05:36.350	1058.6	23.4	23.9	1058.6	0.0	0.0	0.0	0.000	0.000	0.000	0.0	0.0		12:40:28:209		
000:05:36.400	1057.9	23.4	23.9	1057.9	0.0	0.0	0.0	0.000	0.000	0.000	0.0	0.0		12:40:28:259		
000:05:36.450	1058.3	23.4	23.9	1058.3	0.0	0.0	0.0	0.000	0.000	0.000	0.0	0.0		12:40:28:309		
000:05:36.500	1058.2	23.4	23.9	1058.2	0.0	0.0	0.0	0.000	0.000	0.000	0.0	0.0		12:40:28:359		
000:05:36.550	1058.1	23.4	23.9	1058.1	0.0	0.0	0.0	0.000	0.000	0.000	0.0	0.0		12:40:28:409		
000:05:36.600	1058.1	23.4	23.9	1058.1	0.0	0.0	0.0	0.000	0.000	0.000	0.0	0.0		12:40:28:459		
000:05:36.650	1058.4	23.4	23.9	1058.4	0.0	0.0	0.0	0.000	0.000	0.000	0.0	0.0		12:40:28:509		
000:05:36.700	1058.1	23.4	23.9	1058.1	0.0	0.0	0.0	0.000	0.000	0.000	0.0	0.0		12:40:28:559		
000:05:36.750	1058.2	23.4	23.9	1058.2	0.0	0.0	0.0	0.000	0.000	0.000	0.0	0.0		12:40:28:609		
000:05:36.800	1058.2	23.4	23.9	1058.2	0.0	0.0	0.0	0.000	0.000	0.000	0.0	0.0		12:40:28:659		
000:05:36.850	1058.1	23.4	23.9	1058.1	0.0	0.0	0.0	0.000	0.000	0.000	0.0	0.0		12:40:28:709		
000:05:36.900	1058.2	23.4	23.9	1058.2	0.0	0.0	0.0	0.000	0.000	0.000	0.0	0.0		12:40:28:759		
000:05:36.950	1058.2	23.4	23.9	1058.2	0.0	0.0	0.0	0.000	0.000	0.000	0.0	0.0		12:40:28:809		
000:05:37.000	1058.2	23.4	23.9	1058.2	0.0	0.0	0.0	0.000	0.000	0.000	0.0	0.0		12:40:28:859		
000:05:37.050	1057.9	23.4	23.9	1057.9	0.0	0.0	0.0	0.000	0.000	0.000	0.0	0.0		12:40:28:909		
000:05:37.100	1058.1	23.4	23.9	1058.1	0.0	0.0	0.0	0.000	0.000	0.000	0.0	0.0		12:40:28:959		
000:05:37.150	1058.2	23.4	23.9	1058.2	0.0	0.0	0.0	0.000	0.000	0.000	0.0	0.0		12:40:29:009		
000:05:37.200	1058.2	23.4	23.9	1058.2	0.0	0.0	0.0	0.000	0.000	0.000	0.0	0.0		12:40:29:059		
000:05:37.250	1058.2	23.4	23.9	1058.2	0.0	0.0	0.0	0.000	0.000	0.000	0.0	0.0		12:40:29:109		
000:05:37.300	1058.3	23.4	23.9	1058.3	0.0	0.0	0.0	0.000	0.000	0.000	0.0	0.0		12:40:29:159		
000:05:37.350	1057.9	23.4	23.9	1057.9	0.0	0.0	0.0	0.000	0.000	0.000	0.0	0.0		12:40:29:209		
000:05:37.400	1058.5	23.4	23.9	1058.5	0.0	0.0	0.0	0.000	0.000	0.000	0.0	0.0		12:40:29:259		
000:05:37.450	1058.2	23.4	23.9	1058.2	0.0	0.0	0.0	0.000	0.000	0.000	0.0	0.0		12:40:29:309		
000:05:37.500	1058.0	23.4	23.9	1058.0	0.0	0.0	0.0	0.000	0.000	0.000	0.0	0.0		12:40:29:359		
000:05:37.550	1058.3	23.4	23.9	1058.3	0.0	0.0	0.0	0.000	0.000	0.000	0.0	0.0		12:40:29:409		
000:05:37.600	1058.2	23.4	23.9	1058.2	0.0	0.0	0.0	0.000	0.000	0.000	0.0	0.0		12:40:29:459		
000:05:37.650	1058.1	23.4	23.9	1058.1	0.0	0.0	0.0	0.000	0.000	0.000	0.0	0.0		12:40:29:509		
000:05:37.700	1058.2	23.4	23.9	1058.2	0.0	0.0	0.0	0.000	0.000	0.000	0.0	0.0		12:40:29:559		
000:05:37.750	1058.2	23.4	23.9	1058.2	0.0	0.0	0.0	0.000	0.000	0.000	0.0	0.0		12:40:29:609		
000:05:37.800	1058.2	23.4	23.9	1058.2	0.0	0.0	0.0	0.000	0.000	0.000	0.0	0.0		12:40:29:659		
000:05:37.850	1058.5	23.4	23.9	1058.5	0.0	0.0	0.0	0.000	0.000	0.000	0.0	0.0		12:40:29:709		
000:05:37.900	1058.2	23.4	23.9	1058.2	0.0	0.0	0.0	0.000	0.000	0.000	0.0	0.0		12:40:29:759		
000:05:37.950	1058.3	23.4	23.9	1058.3	0.0	0.0	0.0	0.000	0.000	0.000	0.0	0.0		12:40:29:809		
000:05:38.000	1058.2	23.4	23.9	1058.2	0.0	0.0	0.0	0.000	0.000	0.000	0.0	0.0		12:40:29:859		
000:05:38.050	1058.2	23.4	23.9	1058.2	0.0	0.0	0.0	0.000	0.000	0.000	0.0	0.0		12:40:29:909		
000:05:38.100	1058.1	23.4	23.9	1058.1	0.0	0.0	0.0	0.000	0.000	0.000	0.0	0.0		12:40:29:959		
000:05:38.150	1058.1	23.4	23.9	1058.1	0.0	0.0	0.0	0.000	0.000	0.000	0.0	0.0		12:40:30:009		
000:05:38.200	1058.2	23.4	23.9	1058.2	0.0	0.0	0.0	0.000	0.000	0.000	0.0	0.0		12:40:30:059		
000:05:38.250	1058.1	23.4	23.9	1058.1	0.0	0.0	0.0	0.000	0.000	0.000	0.0	0.0		12:40:30:109		
000:05:38.300	1058.0	23.4	23.9	1058.0	0.0	0.0	0.0	0.000	0.000	0.000	0.0	0.0		12:40:30:159		
000:05:38.350	1058.3	23.4	23.9	1058.3	0.0	0.0	0.0	0.000	0.000	0.000	0.0	0.0		12:40:30:209		
000:05:38.400	1058.3	23.4	23.9	1058.3	0.0	0.0	0.0	0.000	0.000	0.000	0.0	0.0		12:40:30:259		
000:05:38.450	1058.1	23.4	23.9	1058.1	0.0	0.0	0.0	0.000	0.000	0.000	0.0	0.0		12:40:30:309		
000:05:38.500	1058.3	23.4	23.9	1058.3	0.0	0.0	0.0	0.000	0.000	0.000	0.0	0.0		12:40:30:359		
000:05:38.550	1058.4	23.4	23.9	1058.4	0.0	0.0	0.0	0.000	0.000	0.000	0.0	0.0		12:40:30:409		
000:05:38.600	1058.2	23.4	23.9	1058.2	0.0	0.0	0.0	0.000	0.000	0.000	0.0	0.0		12:40:30:459		
000:05:38.650	1058.2	23.4	23.9	1058.2	0.0	0.0	0.0	0.000	0.000	0.000	0.0	0.0		12:40:30:509		
000:05:38.700	1057.9	23.4	23.9	1057.9	0.0	0.0	0.0	0.000	0.000	0.000	0.0	0.0		12:40:30:559		
000:05:38.750	1057.8	23.4	23.9	1057.8	0.0	0.0	0.0	0.000	0.000	0.000	0.0	0.0		12:40:30:609		
000:05:38.800	1058.0	23.4	23.9	1058.0	0.0	0.0	0.0	0.000	0.000	0.000	0.0	0.0		12:40:30:659		
000:05:38.850	1058.0	23.4	23.9	1058.0	0.0	0.0	0.0	0.000	0.000	0.000	0.0	0.0		12:40:30:709		
000:05:38.900	1058.4	23.4	23.9	1058.4	0.0	0.0	0.0	0.000	0.000	0.000	0.0	0.0		12:40:30:759		
000:05:38.950	1058.4	23.4	23.9	1058.4	0.0	0.0	0.0	0.000	0.000	0.000	0.0	0.0		12:40:30:809		
000:05:39.000	1058.4	23.4	23.9	1058.4	0.0	0.0	0.0	0.000	0.000	0.000	0.0	0.0		12:40:30:859		
000:05:39.050	1058.3	23.4	23.9	1058.3	0.0	0.0	0.0	0.000	0.000	0.000	0.0	0.0		12:40:30:909		
000:05:39.100	1058.1	23.4	23.9	1058.1	0.0	0.0	0.0	0.000	0.000	0.000	0.0	0.0		12:40:30:959		
000:05:39.150	1058.1	23.4	23.9	1058.1	0.0	0.0	0.0	0.000	0.000	0.000	0.0	0.0		12:40:31:009		
000:05:39.200	1058.2	23.4	23.9	1058.2	0.0	0.0	0.0	0.000	0.000	0.000	0.0	0.0		12:40:31:059		
000:05:39.250	1058.2	23.4	23.9	1058.2	0.0	0.0	0.0	0.000	0.000	0.000	0.0	0.0		12:40:31:109		
000:05:39.300	1057.9	23.4	23.9	1057.9	0.0	0.0	0.0	0.000	0.000	0.000	0.0	0.0		12:40:31:159		
000:05:39.350	1057.5	23.4	23.9	1057.5	0.0	0.0	0.0	0.000	0.000	0.000	0.0	0.0		12:40:31:209		
000:05:39.400	1057.8	23.4	23.9	1057.8	0.0	0.0	0.0	0.000	0.000	0.000	0.0	0.0		12:40:31:259		
000:05:39.450	1057.9	23.4	23.9	1057.9	0.0	0.0	0.0	0.000	0.000	0.000	0.0	0.0		12:40:31:309		
000:05:39.500	1057.9	23.4	23.9	1057.9	0.0	0.0	0.0	0.000	0.000	0.000	0.0	0.0		12:40:31:359		
000:05:39.550	1058.1	23.4	23.9	1058.1	0.0	0.0	0.0	0.000	0.000	0.000	0.0	0.0		12:40:31:409		
000:05:39.600	1057.9	23.4	23.9	1057.9	0.0	0.0	0.0	0.000	0.000	0.000	0.0	0.0		12:40:31:459		
000:05:39.650	1058.2	23.4	23.9	1058.2	0.0	0.0	0.0	0.000	0.000	0.000	0.0	0.0		12:40:31:509		
000:05:39.700	1058.2	23.4	23.9	1058.2	0.0	0.0	0.0	0.000	0.000	0.000	0.0	0.0		12:40:31:559		
000:05:39.750	1058.1	23.4	23.9	1058.1	0.0	0.0	0.0	0.000	0.000	0.000	0.0	0.0		12:40:31:609		
000:05:39.800	1057.4	23.4	23.9	1057.4	0.0	0.0	0.0	0.000	0.000	0.000	0.0	0.0		12:40:31:659		
000:05:39.850	1057.3	23.4	23.9	1057.3	0.0	0.0	0.0	0.000	0.000	0.000	0.0	0.0		12:40:31:709		
000:05:39.900	1057.8	23.4	23.9	1057.8	0.0	0.0	0.0	0.000	0.000	0.000	0.0	0.0		12:40:31:759		
000:05:39.950	1057.6	23.4	23.9	1057.6	0.0	0.0	0.0	0.000	0.000	0.000	0.0	0.0		12:40:31:809		
000:05:40.000	1057.8	23.4	23.9	1057.8	0.0	0.0	0.0	0.000	0.000	0.000	0.0	0.0		12:40:31:859		
000:05:40.050	1057.8	23.4	23.9	1057.8	0.0	0.0	0.0	0.000	0.000	0.000	0.0	0.0		12:40:31:909		
000:05:40.100	1057.6	23.4	23.9	1057.6	0.0	0.0	0.0	0.000	0.000	0.000	0.0	0.0		12:40:31:959		
000:05:40.150	1057.6	23.4	23.9	1057.6	0.0	0.0	0.0	0.000	0.000	0.000	0.0	0.0		12:40:32:009		
000:05:40.200	1057.3	23.4	23.9	1057.3	0.0	0.0	0.0	0.000	0.000	0.000	0.0	0.0		12:40:32:059		
000:05:40.250	1057.4	23.4	23.9	1057.4	0.0	0.0	0.0	0.000	0.000	0.000	0.0	0.0		12:40:32:109		
000:05:40.300	1057.4	23.4	23.9	1057.4	0.0	0.0	0.0	0.000	0.000	0.000	0.0	0.0		12:40:32:159		
000:05:40.350	1057.4	23.4	23.9	1057.4	0.0	0.0	0.0	0.000	0.000	0.000	0.0	0.0		12:40:32:209		
000:05:40.400	1057.7	23.4	23.9	1057.7	0.0	0.0	0.0	0.000	0.000	0.000	0.0	0.0		12:40:32:259		
000:05:40.450	1056.8	23.4	23.9	1056.8	0.0	0.0	0.0	0.000	0.000	0.000	0.0	0.0		12:40:32:309		
000:05:40.500	1057.2	23.4	23.9	1057.2	0.0	0.0	0.0	0.000	0.000	0.000	0.0	0.0		12:40:32:359		
000:05:40.550	1057.6	23.4	23.9	1057.6	0.0	0.0	0.0	0.000	0.000	0.000	0.0	0.0		12:40:32:409		
000:05:40.600	1057.7	23.4	23.9	1057.7	0.0	0.0	0.0	0.000	0.000	0.000	0.0	0.0		12:40:32:459		
000:05:40.650	1057.0	23.4	23.9	1057.0	0.0	0.0	0.0	0.000	0.000	0.000	0.0	0.0		12:40:32:509		
000:05:40.700	1057.2	23.4	23.9	1057.2	0.0	0.0	0.0	0.000	0.000	0.000	0.0	0.0		12:40:32:559		
000:05:40.750	1056.8	23.4	23.9	1056.8	0.0	0.0	0.0	0.000	0.000	0.000	0.0	0.0		12:40:32:609		
000:05:40.800	1057.2	23.4	23.9	1057.2	0.0	0.0	0.0	0.000	0.000	0.000	0.0	0.0		12:40:32:659		
000:05:40.850	1057.1	23.4	23.9	1057.1	0.0	0.0	0.0	0.000	0.000	0.000	0.0	0.0		12:40:32:709		
000:05:40.900	1056.8	23.4	23.9	1056.8	0.0	0.0	0.0	0.000	0.000	0.000	0.0	0.0		12:40:32:759		
000:05:40.950	1056.9	23.4	23.9	1056.9	0.0	0.0	0.0	0.000	0.000	0.000	0.0	0.0		12:40:32:809		
000:05:41.000	1056.8	23.4	23.9	1056.8	0.0	0.0	0.0	0.000	0.000	0.000	0.0	0.0		12:40:32:859		
000:05:41.050	1057.0	23.4	23.9	1057.0	0.0	0.0	0.0	0.000	0.000	0.000	0.0	0.0		12:40:32:909		
000:05:41.100	1056.9	23.4	23.9	1056.9	0.0	0.0	0.0	0.000	0.000	0.000	0.0	0.0		12:40:32:959		
000:05:41.150	1056.7	23.4	23.9	1056.7	0.0	0.0	0.0	0.000	0.000	0.000	0.0	0.0		12:40:33:009		
000:05:41.200	1056.8	23.4	23.9	1056.8	0.0	0.0	0.0	0.000	0.000	0.000	0.0	0.0		12:40:33:059		
000:05:41.250	1056.9	23.4	23.9	1056.9	0.0	0.0	0.0	0.000	0.000	0.000	0.0	0.0		12:40:33:109		
000:05:41.300	1056.5	23.4	23.9	1056.5	0.0	0.0	0.0	0.000	0.000	0.000	0.0	0.0		12:40:33:159		
000:05:41.350	1056.5	23.4	23.9	1056.5	0.0	0.0	0.0	0.000	0.000	0.000	0.0	0.0		12:40:33:209		
000:05:41.400	1056.3	23.4	23.9	1056.3	0.0	0.0	0.0	0.000	0.000	0.000	0.0	0.0		12:40:33:259		
000:05:41.450	1056.3	23.4	23.9	1056.3	0.0	0.0	0.0	0.000	0.000	0.000	0.0	0.0		12:40:33:309		
000:05:41.500	1056.4	23.4	23.9	1056.4	0.0	0.0	0.0	0.000	0.000	0.000	0.0	0.0		12:40:33:359		
000:05:41.550	1056.6	23.4	23.9	1056.6	0.0	0.0	0.0	0.000	0.000	0.000	0.0	0.0		12:40:33:409		
000:05:41.600	1056.7	23.4	23.9	1056.7	0.0	0.0	0.0	0.000	0.000	0.000	0.0	0.0		12:40:33:459		
000:05:41.650	1056.4	23.4	23.9	1056.4	0.0	0.0	0.0	0.000	0.000	0.000	0.0	0.0		12:40:33:509		
000:05:41.700	1056.6	23.4	23.9	1056.6	0.0	0.0	0.0	0.000	0.000	0.000	0.0	0.0		12:40:33:559		
000:05:41.750	1056.0	23.4	23.9	1056.0	0.0	0.0	0.0	0.000	0.000	0.000	0.0	0.0		12:40:33:609		
000:05:41.800	1056.4	23.4	23.9	1056.4	0.0	0.0	0.0	0.000	0.000	0.000	0.0	0.0		12:40:33:659		
000:05:41.850	1055.5	23.4	23.9	1055.5	0.0	0.0	0.0	0.000	0.000	0.000	0.0	0.0		12:40:33:709		
000:05:41.900	1056.6	23.4	23.9	1056.6	0.0	0.0	0.0	0.000	0.000	0.000	0.0	0.0		12:40:33:759		
000:05:41.950	1056.0	23.4	23.9	1056.0	0.0	0.0	0.0	0.000	0.000	0.000	0.0	0.0		12:40:33:809		
000:05:42.000	1055.9	23.4	23.9	1055.9	0.0	0.0	0.0	0.000	0.000	0.000	0.0	0.0		12:40:33:859		
000:05:42.050	1055.8	23.4	23.9	1055.8	0.0	0.0	0.0	0.000	0.000	0.000	0.0	0.0		12:40:33:909		
000:05:42.100	1056.4	23.4	23.9	1056.4	0.0	0.0	0.0	0.000	0.000	0.000	0.0	0.0		12:40:33:959		
000:05:42.150	1055.6	23.4	23.9	1055.6	0.0	0.0	0.0	0.000	0.000	0.000	0.0	0.0		12:40:34:009		
000:05:42.200	1055.6	23.4	23.9	1055.6	0.0	0.0	0.0	0.000	0.000	0.000	0.0	0.0		12:40:34:059		
000:05:42.250	1055.8	23.4	23.9	1055.8	0.0	0.0	0.0	0.000	0.000	0.000	0.0	0.0		12:40:34:109		
000:05:42.300	1055.8	23.4	23.9	1055.8	0.0	0.0	0.0	0.000	0.000	0.000	0.0	0.0		12:40:34:159		
000:05:42.350	1055.8	23.4	23.9	1055.8	0.0	0.0	0.0	0.000	0.000	0.000	0.0	0.0		12:40:34:209		
000:05:42.400	1055.6	23.4	23.9	1055.6	0.0	0.0	0.0	0.000	0.000	0.000	0.0	0.0		12:40:34:259		
000:05:42.450	1056.2	23.4	23.9	1056.2	0.0	0.0	0.0	0.000	0.000	0.000	0.0	0.0		12:40:34:309		
000:05:42.500	1055.8	23.4	23.9	1055.8	0.0	0.0	0.0	0.000	0.000	0.000	0.0	0.0		12:40:34:359		
000:05:42.550	1055.6	23.4	23.9	1055.6	0.0	0.0	0.0	0.000	0.000	0.000	0.0	0.0		12:40:34:409		
000:05:42.600	1055.0	23.4	23.9	1055.0	0.0	0.0	0.0	0.000	0.000	0.000	0.0	0.0		12:40:34:459		
000:05:42.650	1055.4	23.4	23.9	1055.4	0.0	0.0	0.0	0.000	0.000	0.000	0.0	0.0		12:40:34:509		
000:05:42.700	1055.3	23.4	23.9	1055.3	0.0	0.0	0.0	0.000	0.000	0.000	0.0	0.0		12:40:34:559		
000:05:42.750	1054.8	23.4	23.9	1054.8	0.0	0.0	0.0	0.000	0.000	0.000	0.0	0.0		12:40:34:609		
000:05:42.800	1054.8	23.4	23.9	1054.8	0.0	0.0	0.0	0.000	0.000	0.000	0.0	0.0		12:40:34:659		
000:05:42.850	1055.3	23.4	23.9	1055.3	0.0	0.0	0.0	0.000	0.000	0.000	0.0	0.0		12:40:34:709		
000:05:42.900	1055.1	23.4	23.9	1055.1	0.0	0.0	0.0	0.000	0.000	0.000	0.0	0.0		12:40:34:759		
000:05:42.950	1054.7	23.4	23.9	1054.7	0.0	0.0	0.0	0.000	0.000	0.000	0.0	0.0		12:40:34:809		
000:05:43.000	1055.0	23.4	23.9	1055.0	0.0	0.0	0.0	0.000	0.000	0.000	0.0	0.0		12:40:34:859		
000:05:43.050	1054.9	23.4	23.9	1054.9	0.0	0.0	0.0	0.000	0.000	0.000	0.0	0.0		12:40:34:909		
000:05:43.100	1054.6	23.4	23.9	1054.6	0.0	0.0	0.0	0.000	0.000	0.000	0.0	0.0		12:40:34:959		
000:05:43.150	1054.7	23.4	23.9	1054.7	0.0	0.0	0.0	0.000	0.000	0.000	0.0	0.0		12:40:35:009		
000:05:43.200	1054.8	23.4	23.9	1054.8	0.0	0.0	0.0	0.000	0.000	0.000	0.0	0.0		12:40:35:059		
000:05:43.250	1054.6	23.4	23.9	1054.6	0.0	0.0	0.0	0.000	0.000	0.000	0.0	0.0		12:40:35:109		
000:05:43.300	1054.8	23.4	23.9	1054.8	0.0	0.0	0.0	0.000	0.000	0.000	0.0	0.0		12:40:35:159		
000:05:43.350	1054.7	23.4	23.9	1054.7	0.0	0.0	0.0	0.000	0.000	0.000	0.0	0.0		12:40:35:209		
000:05:43.400	1054.5	23.4	23.9	1054.5	0.0	0.0	0.0	0.000	0.000	0.000	0.0	0.0		12:40:35:259		
000:05:43.450	1054.3	23.4	23.9	1054.3	0.0	0.0	0.0	0.000	0.000	0.000	0.0	0.0		12:40:35:309		
000:05:43.500	1054.3	23.4	23.9	1054.3	0.0	0.0	0.0	0.000	0.000	0.000	0.0	0.0		12:40:35:359		
000:05:43.550	1054.5	23.4	23.9	1054.5	0.0	0.0	0.0	0.000	0.000	0.000	0.0	0.0		12:40:35:409		
000:05:43.600	1054.2	23.4	23.9	1054.2	0.0	0.0	0.0	0.000	0.000	0.000	0.0	0.0		12:40:35:459		
000:05:43.650	1054.1	23.4	23.9	1054.1	0.0	0.0	0.0	0.000	0.000	0.000	0.0	0.0		12:40:35:509		
000:05:43.700	1053.7	23.4	23.9	1053.7	0.0	0.0	0.0	0.000	0.000	0.000	0.0	0.0		12:40:35:559		
000:05:43.750	1054.0	23.4	23.9	1054.0	0.0	0.0	0.0	0.000	0.000	0.000	0.0	0.0		12:40:35:609		
000:05:43.800	1053.8	23.4	23.9	1053.8	0.0	0.0	0.0	0.000	0.000	0.000	0.0	0.0		12:40:35:659		
000:05:43.850	1053.9	23.4	23.9	1053.9	0.0	0.0	0.0	0.000	0.000	0.000	0.0	0.0		12:40:35:709		
000:05:43.900	1053.4	23.4	23.9	1053.4	0.0	0.0	0.0	0.000	0.000	0.000	0.0	0.0		12:40:35:759		
000:05:43.950	1053.2	23.4	23.9	1053.2	0.0	0.0	0.0	0.000	0.000	0.000	0.0	0.0		12:40:35:809		
000:05:44.000	1053.5	23.4	23.9	1053.5	0.0	0.0	0.0	0.000	0.000	0.000	0.0	0.0		12:40:35:859		
000:05:44.050	1053.4	23.4	23.9	1053.4	0.0	0.0	0.0	0.000	0.000	0.000	0.0	0.0		12:40:35:909		
000:05:44.100	1053.3	23.4	23.9	1053.3	0.0	0.0	0.0	0.000	0.000	0.000	0.0	0.0		12:40:35:959		
000:05:44.150	1053.1	23.4	23.9	1053.1	0.0	0.0	0.0	0.000	0.000	0.000	0.0	0.0		12:40:36:009		
000:05:44.200	1053.4	23.4	23.9	1053.4	0.0	0.0	0.0	0.000	0.000	0.000	0.0	0.0		12:40:36:059		
000:05:44.250	1053.6	23.4	23.9	1053.6	0.0	0.0	0.0	0.000	0.000	0.000	0.0	0.0		12:40:36:109		
000:05:44.300	1053.4	23.4	23.9	1053.4	0.0	0.0	0.0	0.000	0.000	0.000	0.0	0.0		12:40:36:159		
000:05:44.350	1053.4	23.4	23.9	1053.4	0.0	0.0	0.0	0.000	0.000	0.000	0.0	0.0		12:40:36:209		
000:05:44.400	1054.0	23.4	23.9	1054.0	0.0	0.0	0.0	0.000	0.000	0.000	0.0	0.0		12:40:36:259		
000:05:44.450	1053.3	23.4	23.9	1053.3	0.0	0.0	0.0	0.000	0.000	0.000	0.0	0.0		12:40:36:309		
000:05:44.500	1054.0	23.4	23.9	1054.0	0.0	0.0	0.0	0.000	0.000	0.000	0.0	0.0		12:40:36:359		
000:05:44.550	1053.1	23.4	23.9	1053.1	0.0	0.0	0.0	0.000	0.000	0.000	0.0	0.0		12:40:36:409		
000:05:44.600	1052.9	23.4	23.9	1052.9	0.0	0.0	0.0	0.000	0.000	0.000	0.0	0.0		12:40:36:459		
000:05:44.650	1053.2	23.4	23.9	1053.2	0.0	0.0	0.0	0.000	0.000	0.000	0.0	0.0		12:40:36:509		
000:05:44.700	1053.2	23.4	23.9	1053.2	0.0	0.0	0.0	0.000	0.000	0.000	0.0	0.0		12:40:36:559		
000:05:44.750	1053.4	23.4	23.9	1053.4	0.0	0.0	0.0	0.000	0.000	0.000	0.0	0.0		12:40:36:609		
000:05:44.800	1053.2	23.4	23.9	1053.2	0.0	0.0	0.0	0.000	0.000	0.000	0.0	0.0		12:40:36:659		
000:05:44.850	1052.6	23.4	23.9	1052.6	0.0	0.0	0.0	0.000	0.000	0.000	0.0	0.0		12:40:36:709		
000:05:44.900	1053.0	23.4	23.9	1053.0	0.0	0.0	0.0	0.000	0.000	0.000	0.0	0.0		12:40:36:759		
000:05:44.950	1052.5	23.4	23.9	1052.5	0.0	0.0	0.0	0.000	0.000	0.000	0.0	0.0		12:40:36:809		
000:05:45.000	1052.3	23.4	23.9	1052.3	0.0	0.0	0.0	0.000	0.000	0.000	0.0	0.0		12:40:36:859		
000:05:45.050	1052.5	23.4	23.9	1052.5	0.0	0.0	0.0	0.000	0.000	0.000	0.0	0.0		12:40:36:909		
000:05:45.100	1052.9	23.4	23.9	1052.9	0.0	0.0	0.0	0.000	0.000	0.000	0.0	0.0		12:40:36:959		
000:05:45.150	1052.3	23.4	23.9	1052.3	0.0	0.0	0.0	0.000	0.000	0.000	0.0	0.0		12:40:37:009		
000:05:45.200	1052.2	23.4	23.9	1052.2	0.0	0.0	0.0	0.000	0.000	0.000	0.0	0.0		12:40:37:059		
000:05:45.250	1052.4	23.4	23.9	1052.4	0.0	0.0	0.0	0.000	0.000	0.000	0.0	0.0		12:40:37:109		
000:05:45.300	1052.2	23.4	23.9	1052.2	0.0	0.0	0.0	0.000	0.000	0.000	0.0	0.0		12:40:37:159		
000:05:45.350	1052.2	23.4	23.9	1052.2	0.0	0.0	0.0	0.000	0.000	0.000	0.0	0.0		12:40:37:209		
000:05:45.400	1052.0	23.4	23.9	1052.0	0.0	0.0	0.0	0.000	0.000	0.000	0.0	0.0		12:40:37:259		
000:05:45.450	1051.9	23.4	23.9	1051.9	0.0	0.0	0.0	0.000	0.000	0.000	0.0	0.0		12:40:37:309		
000:05:45.500	1052.2	23.4	23.9	1052.2	0.0	0.0	0.0	0.000	0.000	0.000	0.0	0.0		12:40:37:359		
000:05:45.550	1052.1	23.4	23.9	1052.1	0.0	0.0	0.0	0.000	0.000	0.000	0.0	0.0		12:40:37:409		
000:05:45.600	1052.1	23.4	23.9	1052.1	0.0	0.0	0.0	0.000	0.000	0.000	0.0	0.0		12:40:37:459		
000:05:45.650	1052.0	23.4	23.9	1052.0	0.0	0.0	0.0	0.000	0.000	0.000	0.0	0.0		12:40:37:509		
000:05:45.700	1052.4	23.4	23.9	1052.4	0.0	0.0	0.0	0.000	0.000	0.000	0.0	0.0		12:40:37:559		
000:05:45.750	1052.1	23.4	23.9	1052.1	0.0	0.0	0.0	0.000	0.000	0.000	0.0	0.0		12:40:37:609		
000:05:45.800	1052.2	23.4	23.9	1052.2	0.0	0.0	0.0	0.000	0.000	0.000	0.0	0.0		12:40:37:659		
000:05:45.850	1052.3	23.4	23.9	1052.3	0.0	0.0	0.0	0.000	0.000	0.000	0.0	0.0		12:40:37:709		
000:05:45.900	1052.0	23.4	23.9	1052.0	0.0	0.0	0.0	0.000	0.000	0.000	0.0	0.0		12:40:37:759		
000:05:45.950	1051.9	23.4	23.9	1051.9	0.0	0.0	0.0	0.000	0.000	0.000	0.0	0.0		12:40:37:809		
000:05:46.000	1052.1	23.4	23.9	1052.1	0.0	0.0	0.0	0.000	0.000	0.000	0.0	0.0		12:40:37:859		
000:05:46.050	1052.0	23.4	23.9	1052.0	0.0	0.0	0.0	0.000	0.000	0.000	0.0	0.0		12:40:37:909		
000:05:46.100	1052.1	23.4	23.9	1052.1	0.0	0.0	0.0	0.000	0.000	0.000	0.0	0.0		12:40:37:959		
000:05:46.150	1051.5	23.4	23.9	1051.5	0.0	0.0	0.0	0.000	0.000	0.000	0.0	0.0		12:40:38:009		
000:05:46.200	1051.8	23.4	23.9	1051.8	0.0	0.0	0.0	0.000	0.000	0.000	0.0	0.0		12:40:38:059		
000:05:46.250	1051.7	23.4	23.9	1051.7	0.0	0.0	0.0	0.000	0.000	0.000	0.0	0.0		12:40:38:109		
000:05:46.300	1052.0	23.4	23.9	1052.0	0.0	0.0	0.0	0.000	0.000	0.000	0.0	0.0		12:40:38:159		
000:05:46.350	1051.9	23.4	23.9	1051.9	0.0	0.0	0.0	0.000	0.000	0.000	0.0	0.0		12:40:38:209		
000:05:46.400	1052.0	23.4	23.9	1052.0	0.0	0.0	0.0	0.000	0.000	0.000	0.0	0.0		12:40:38:259		
000:05:46.450	1052.2	23.4	23.9	1052.2	0.0	0.0	0.0	0.000	0.000	0.000	0.0	0.0		12:40:38:309		
000:05:46.500	1051.9	23.4	23.9	1051.9	0.0	0.0	0.0	0.000	0.000	0.000	0.0	0.0		12:40:38:359		
000:05:46.550	1051.8	23.4	23.9	1051.8	0.0	0.0	0.0	0.000	0.000	0.000	0.0	0.0		12:40:38:409		
000:05:46.600	1051.6	23.4	23.9	1051.6	0.0	0.0	0.0	0.000	0.000	0.000	0.0	0.0		12:40:38:459		
000:05:46.650	1051.9	23.4	23.9	1051.9	0.0	0.0	0.0	0.000	0.000	0.000	0.0	0.0		12:40:38:509		
000:05:46.700	1051.7	23.4	23.9	1051.7	0.0	0.0	0.0	0.000	0.000	0.000	0.0	0.0		12:40:38:559		
000:05:46.750	1051.7	23.4	23.9	1051.7	0.0	0.0	0.0	0.000	0.000	0.000	0.0	0.0		12:40:38:609		
000:05:46.800	1051.8	23.4	23.9	1051.8	0.0	0.0	0.0	0.000	0.000	0.000	0.0	0.0		12:40:38:659		
000:05:46.850	1051.7	23.4	23.9	1051.7	0.0	0.0	0.0	0.000	0.000	0.000	0.0	0.0		12:40:38:709		
000:05:46.900	1051.5	23.4	23.9	1051.5	0.0	0.0	0.0	0.000	0.000	0.000	0.0	0.0		12:40:38:759		
000:05:46.950	1051.5	23.4	23.9	1051.5	0.0	0.0	0.0	0.000	0.000	0.000	0.0	0.0		12:40:38:809		
000:05:47.000	1051.6	23.4	23.9	1051.6	0.0	0.0	0.0	0.000	0.000	0.000	0.0	0.0		12:40:38:859		
000:05:47.050	1051.6	23.4	23.9	1051.6	0.0	0.0	0.0	0.000	0.000	0.000	0.0	0.0		12:40:38:909		
000:05:47.100	1051.7	23.4	23.9	1051.7	0.0	0.0	0.0	0.000	0.000	0.000	0.0	0.0		12:40:38:959		
000:05:47.150	1051.7	23.4	23.9	1051.7	0.0	0.0	0.0	0.000	0.000	0.000	0.0	0.0		12:40:39:009		
000:05:47.200	1051.6	23.4	23.9	1051.6	0.0	0.0	0.0	0.000	0.000	0.000	0.0	0.0		12:40:39:059		
000:05:47.250	1051.7	23.4	23.9	1051.7	0.0	0.0	0.0	0.000	0.000	0.000	0.0	0.0		12:40:39:109		
000:05:47.300	1051.7	23.4	23.9	1051.7	0.0	0.0	0.0	0.000	0.000	0.000	0.0	0.0		12:40:39:159		
000:05:47.350	1051.7	23.4	23.9	1051.7	0.0	0.0	0.0	0.000	0.000	0.000	0.0	0.0		12:40:39:209		
000:05:47.400	1051.5	23.4	23.9	1051.5	0.0	0.0	0.0	0.000	0.000	0.000	0.0	0.0		12:40:39:259		
000:05:47.450	1051.6	23.4	23.9	1051.6	0.0	0.0	0.0	0.000	0.000	0.000	0.0	0.0		12:40:39:309		
000:05:47.500	1051.4	23.4	23.9	1051.4	0.0	0.0	0.0	0.000	0.000	0.000	0.0	0.0		12:40:39:359		
000:05:47.550	1051.9	23.4	23.9	1051.9	0.0	0.0	0.0	0.000	0.000	0.000	0.0	0.0		12:40:39:409		
000:05:47.600	1051.6	23.4	23.9	1051.6	0.0	0.0	0.0	0.000	0.000	0.000	0.0	0.0		12:40:39:459		
000:05:47.650	1051.8	23.4	23.9	1051.8	0.0	0.0	0.0	0.000	0.000	0.000	0.0	0.0		12:40:39:509		
000:05:47.700	1051.8	23.4	23.9	1051.8	0.0	0.0	0.0	0.000	0.000	0.000	0.0	0.0		12:40:39:559		
000:05:47.750	1051.6	23.4	23.9	1051.6	0.0	0.0	0.0	0.000	0.000	0.000	0.0	0.0		12:40:39:609		
000:05:47.800	1051.4	23.4	23.9	1051.4	0.0	0.0	0.0	0.000	0.000	0.000	0.0	0.0		12:40:39:659		
000:05:47.850	1051.1	23.4	23.9	1051.1	0.0	0.0	0.0	0.000	0.000	0.000	0.0	0.0		12:40:39:709		
000:05:47.900	1051.3	23.4	23.9	1051.3	0.0	0.0	0.0	0.000	0.000	0.000	0.0	0.0		12:40:39:759		
000:05:47.950	1051.4	23.4	23.9	1051.4	0.0	0.0	0.0	0.000	0.000	0.000	0.0	0.0		12:40:39:809		
000:05:48.000	1051.3	23.4	23.9	1051.3	0.0	0.0	0.0	0.000	0.000	0.000	0.0	0.0		12:40:39:859		
000:05:48.050	1051.2	23.4	23.9	1051.2	0.0	0.0	0.0	0.000	0.000	0.000	0.0	0.0		12:40:39:909		
000:05:48.100	1051.6	23.4	23.9	1051.6	0.0	0.0	0.0	0.000	0.000	0.000	0.0	0.0		12:40:39:959		
000:05:48.150	1051.6	23.4	23.9	1051.6	0.0	0.0	0.0	0.000	0.000	0.000	0.0	0.0		12:40:40:009		
000:05:48.200	1051.7	23.4	23.9	1051.7	0.0	0.0	0.0	0.000	0.000	0.000	0.0	0.0		12:40:40:059		
000:05:48.250	1051.2	23.4	23.9	1051.2	0.0	0.0	0.0	0.000	0.000	0.000	0.0	0.0		12:40:40:109		
000:05:48.300	1051.8	23.4	23.9	1051.8	0.0	0.0	0.0	0.000	0.000	0.000	0.0	0.0		12:40:40:159		
000:05:48.350	1051.8	23.4	23.9	1051.8	0.0	0.0	0.0	0.000	0.000	0.000	0.0	0.0		12:40:40:209		
000:05:48.400	1051.4	23.4	23.9	1051.4	0.0	0.0	0.0	0.000	0.000	0.000	0.0	0.0		12:40:40:259		
000:05:48.450	1051.8	23.4	23.9	1051.8	0.0	0.0	0.0	0.000	0.000	0.000	0.0	0.0		12:40:40:309		
000:05:48.500	1051.1	23.4	23.9	1051.1	0.0	0.0	0.0	0.000	0.000	0.000	0.0	0.0		12:40:40:359		
000:05:48.550	1051.7	23.4	23.9	1051.7	0.0	0.0	0.0	0.000	0.000	0.000	0.0	0.0		12:40:40:409		
000:05:48.600	1051.4	23.4	23.9	1051.4	0.0	0.0	0.0	0.000	0.000	0.000	0.0	0.0		12:40:40:459		
000:05:48.650	1051.8	23.4	23.9	1051.8	0.0	0.0	0.0	0.000	0.000	0.000	0.0	0.0		12:40:40:509		
000:05:48.700	1051.5	23.4	23.9	1051.5	0.0	0.0	0.0	0.000	0.000	0.000	0.0	0.0		12:40:40:559		
000:05:48.750	1051.8	23.4	23.9	1051.8	0.0	0.0	0.0	0.000	0.000	0.000	0.0	0.0		12:40:40:609		
000:05:48.800	1051.5	23.4	23.9	1051.5	0.0	0.0	0.0	0.000	0.000	0.000	0.0	0.0		12:40:40:659		
000:05:48.850	1051.8	23.4	23.9	1051.8	0.0	0.0	0.0	0.000	0.000	0.000	0.0	0.0		12:40:40:709		
000:05:48.900	1051.6	23.4	23.9	1051.6	0.0	0.0	0.0	0.000	0.000	0.000	0.0	0.0		12:40:40:759		
000:05:48.950	1051.8	23.4	23.9	1051.8	0.0	0.0	0.0	0.000	0.000	0.000	0.0	0.0		12:40:40:809		
000:05:49.000	1051.4	23.4	23.9	1051.4	0.0	0.0	0.0	0.000	0.000	0.000	0.0	0.0		12:40:40:859		
000:05:49.050	1051.3	23.4	23.9	1051.3	0.0	0.0	0.0	0.000	0.000	0.000	0.0	0.0		12:40:40:909		
000:05:49.100	1051.3	23.4	23.9	1051.3	0.0	0.0	0.0	0.000	0.000	0.000	0.0	0.0		12:40:40:959		
000:05:49.150	1051.5	23.4	23.9	1051.5	0.0	0.0	0.0	0.000	0.000	0.000	0.0	0.0		12:40:41:009		
000:05:49.200	1051.6	23.4	23.9	1051.6	0.0	0.0	0.0	0.000	0.000	0.000	0.0	0.0		12:40:41:059		
000:05:49.250	1051.6	23.4	23.9	1051.6	0.0	0.0	0.0	0.000	0.000	0.000	0.0	0.0		12:40:41:109		
000:05:49.300	1051.4	23.4	23.9	1051.4	0.0	0.0	0.0	0.000	0.000	0.000	0.0	0.0		12:40:41:159		
000:05:49.350	1051.4	23.4	23.9	1051.4	0.0	0.0	0.0	0.000	0.000	0.000	0.0	0.0		12:40:41:209		
000:05:49.400	1051.5	23.4	23.9	1051.5	0.0	0.0	0.0	0.000	0.000	0.000	0.0	0.0		12:40:41:259		
000:05:49.450	1051.6	23.4	23.9	1051.6	0.0	0.0	0.0	0.000	0.000	0.000	0.0	0.0		12:40:41:309		
000:05:49.500	1051.5	23.4	23.9	1051.5	0.0	0.0	0.0	0.000	0.000	0.000	0.0	0.0		12:40:41:359		
000:05:49.550	1051.5	23.4	23.9	1051.5	0.0	0.0	0.0	0.000	0.000	0.000	0.0	0.0		12:40:41:409		
000:05:49.600	1051.6	23.4	23.9	1051.6	0.0	0.0	0.0	0.000	0.000	0.000	0.0	0.0		12:40:41:459		
000:05:49.650	1051.6	23.4	23.9	1051.6	0.0	0.0	0.0	0.000	0.000	0.000	0.0	0.0		12:40:41:509		
000:05:49.700	1051.3	23.4	23.9	1051.3	0.0	0.0	0.0	0.000	0.000	0.000	0.0	0.0		12:40:41:559		
000:05:49.750	1051.2	23.4	23.9	1051.2	0.0	0.0	0.0	0.000	0.000	0.000	0.0	0.0		12:40:41:609		
000:05:49.800	1051.7	23.4	23.9	1051.7	0.0	0.0	0.0	0.000	0.000	0.000	0.0	0.0		12:40:41:659		
000:05:49.850	1051.6	23.4	23.9	1051.6	0.0	0.0	0.0	0.000	0.000	0.000	0.0	0.0		12:40:41:709		
000:05:49.900	1052.0	23.4	23.9	1052.0	0.0	0.0	0.0	0.000	0.000	0.000	0.0	0.0		12:40:41:759		
000:05:49.950	1052.0	23.4	23.9	1052.0	0.0	0.0	0.0	0.000	0.000	0.000	0.0	0.0		12:40:41:809		
000:05:50.000	1051.7	23.4	23.9	1051.7	0.0	0.0	0.0	0.000	0.000	0.000	0.0	0.0		12:40:41:859		
000:05:50.050	1051.8	23.4	23.9	1051.8	0.0	0.0	0.0	0.000	0.000	0.000	0.0	0.0		12:40:41:909		
000:05:50.100	1051.8	23.4	23.9	1051.8	0.0	0.0	0.0	0.000	0.000	0.000	0.0	0.0		12:40:41:959		
000:05:50.150	1051.8	23.4	23.9	1051.8	0.0	0.0	0.0	0.000	0.000	0.000	0.0	0.0		12:40:42:009		
000:05:50.200	1051.9	23.4	23.9	1051.9	0.0	0.0	0.0	0.000	0.000	0.000	0.0	0.0		12:40:42:059		
000:05:50.250	1052.2	23.4	23.9	1052.2	0.0	0.0	0.0	0.000	0.000	0.000	0.0	0.0		12:40:42:109		
000:05:50.300	1052.0	23.4	23.9	1052.0	0.0	0.0	0.0	0.000	0.000	0.000	0.0	0.0		12:40:42:159		
000:05:50.350	1051.6	23.4	23.9	1051.6	0.0	0.0	0.0	0.000	0.000	0.000	0.0	0.0		12:40:42:209		
000:05:50.400	1051.4	23.4	23.9	1051.4	0.0	0.0	0.0	0.000	0.000	0.000	0.0	0.0		12:40:42:259		
000:05:50.450	1051.7	23.4	23.9	1051.7	0.0	0.0	0.0	0.000	0.000	0.000	0.0	0.0		12:40:42:309		
000:05:50.500	1051.9	23.4	23.9	1051.9	0.0	0.0	0.0	0.000	0.000	0.000	0.0	0.0		12:40:42:359		
000:05:50.550	1051.9	23.4	23.9	1051.9	0.0	0.0	0.0	0.000	0.000	0.000	0.0	0.0		12:40:42:409		
000:05:50.600	1052.3	23.4	23.9	1052.3	0.0	0.0	0.0	0.000	0.000	0.000	0.0	0.0		12:40:42:459		
000:05:50.650	1052.2	23.4	23.9	1052.2	0.0	0.0	0.0	0.000	0.000	0.000	0.0	0.0		12:40:42:509		
000:05:50.700	1052.8	23.4	23.9	1052.8	0.0	0.0	0.0	0.000	0.000	0.000	0.0	0.0		12:40:42:559		
000:05:50.750	1052.0	23.4	23.9	1052.0	0.0	0.0	0.0	0.000	0.000	0.000	0.0	0.0		12:40:42:609		
000:05:50.800	1051.8	23.4	23.9	1051.8	0.0	0.0	0.0	0.000	0.000	0.000	0.0	0.0		12:40:42:659		
000:05:50.850	1051.8	23.4	23.9	1051.8	0.0	0.0	0.0	0.000	0.000	0.000	0.0	0.0		12:40:42:709		
000:05:50.900	1051.9	23.4	23.9	1051.9	0.0	0.0	0.0	0.000	0.000	0.000	0.0	0.0		12:40:42:759		
000:05:50.950	1052.1	23.4	23.9	1052.1	0.0	0.0	0.0	0.000	0.000	0.000	0.0	0.0		12:40:42:809		
000:05:51.000	1052.1	23.4	23.9	1052.1	0.0	0.0	0.0	0.000	0.000	0.000	0.0	0.0		12:40:42:859		
000:05:51.050	1052.2	23.4	23.9	1052.2	0.0	0.0	0.0	0.000	0.000	0.000	0.0	0.0		12:40:42:909		
000:05:51.100	1052.1	23.4	23.9	1052.1	0.0	0.0	0.0	0.000	0.000	0.000	0.0	0.0		12:40:42:959		
000:05:51.150	1052.5	23.4	23.9	1052.5	0.0	0.0	0.0	0.000	0.000	0.000	0.0	0.0		12:40:43:009		
000:05:51.200	1052.4	23.4	23.9	1052.4	0.0	0.0	0.0	0.000	0.000	0.000	0.0	0.0		12:40:43:059		
000:05:51.250	1052.3	23.4	23.9	1052.3	0.0	0.0	0.0	0.000	0.000	0.000	0.0	0.0		12:40:43:109		
000:05:51.300	1052.5	23.4	23.9	1052.5	0.0	0.0	0.0	0.000	0.000	0.000	0.0	0.0		12:40:43:159		
000:05:51.350	1052.4	23.4	23.9	1052.4	0.0	0.0	0.0	0.000	0.000	0.000	0.0	0.0		12:40:43:209		
000:05:51.400	1052.5	23.4	23.9	1052.5	0.0	0.0	0.0	0.000	0.000	0.000	0.0	0.0		12:40:43:259		
000:05:51.450	1052.6	23.4	23.9	1052.6	0.0	0.0	0.0	0.000	0.000	0.000	0.0	0.0		12:40:43:309		
000:05:51.500	1052.9	23.4	23.9	1052.9	0.0	0.0	0.0	0.000	0.000	0.000	0.0	0.0		12:40:43:359		
000:05:51.550	1053.0	23.4	23.9	1053.0	0.0	0.0	0.0	0.000	0.000	0.000	0.0	0.0		12:40:43:409		
000:05:51.600	1052.7	23.4	23.9	1052.7	0.0	0.0	0.0	0.000	0.000	0.000	0.0	0.0		12:40:43:459		
000:05:51.650	1052.8	23.4	23.9	1052.8	0.0	0.0	0.0	0.000	0.000	0.000	0.0	0.0		12:40:43:509		
000:05:51.700	1052.6	23.4	23.9	1052.6	0.0	0.0	0.0	0.000	0.000	0.000	0.0	0.0		12:40:43:559		
000:05:51.750	1052.6	23.4	23.9	1052.6	0.0	0.0	0.0	0.000	0.000	0.000	0.0	0.0		12:40:43:609		
000:05:51.800	1052.1	23.4	23.9	1052.1	0.0	0.0	0.0	0.000	0.000	0.000	0.0	0.0		12:40:43:659		
000:05:51.850	1052.2	23.4	23.9	1052.2	0.0	0.0	0.0	0.000	0.000	0.000	0.0	0.0		12:40:43:709		
000:05:51.900	1052.4	23.4	23.9	1052.4	0.0	0.0	0.0	0.000	0.000	0.000	0.0	0.0		12:40:43:759		
000:05:51.950	1052.6	23.4	23.9	1052.6	0.0	0.0	0.0	0.000	0.000	0.000	0.0	0.0		12:40:43:809		
000:05:52.000	1052.6	23.4	23.9	1052.6	0.0	0.0	0.0	0.000	0.000	0.000	0.0	0.0		12:40:43:859		
000:05:52.050	1052.8	23.4	23.9	1052.8	0.0	0.0	0.0	0.000	0.000	0.000	0.0	0.0		12:40:43:909		
000:05:52.100	1052.9	23.4	23.9	1052.9	0.0	0.0	0.0	0.000	0.000	0.000	0.0	0.0		12:40:43:959		
000:05:52.150	1053.1	23.4	23.9	1053.1	0.0	0.0	0.0	0.000	0.000	0.000	0.0	0.0		12:40:44:009		
000:05:52.200	1053.0	23.4	23.9	1053.0	0.0	0.0	0.0	0.000	0.000	0.000	0.0	0.0		12:40:44:059		
000:05:52.250	1053.2	23.4	23.9	1053.2	0.0	0.0	0.0	0.000	0.000	0.000	0.0	0.0		12:40:44:109		
000:05:52.300	1053.5	23.4	23.9	1053.5	0.0	0.0	0.0	0.000	0.000	0.000	0.0	0.0		12:40:44:159		
000:05:52.350	1053.0	23.4	23.9	1053.0	0.0	0.0	0.0	0.000	0.000	0.000	0.0	0.0		12:40:44:209		
000:05:52.400	1053.6	23.4	23.9	1053.6	0.0	0.0	0.0	0.000	0.000	0.000	0.0	0.0		12:40:44:259		
000:05:52.450	1053.4	23.4	23.9	1053.4	0.0	0.0	0.0	0.000	0.000	0.000	0.0	0.0		12:40:44:309		
000:05:52.500	1053.5	23.4	23.9	1053.5	0.0	0.0	0.0	0.000	0.000	0.000	0.0	0.0		12:40:44:359		
000:05:52.550	1053.6	23.4	23.9	1053.6	0.0	0.0	0.0	0.000	0.000	0.000	0.0	0.0		12:40:44:409		
000:05:52.600	1053.5	23.4	23.9	1053.5	0.0	0.0	0.0	0.000	0.000	0.000	0.0	0.0		12:40:44:459		
000:05:52.650	1053.7	23.4	23.9	1053.7	0.0	0.0	0.0	0.000	0.000	0.000	0.0	0.0		12:40:44:509		
000:05:52.700	1053.4	23.4	23.9	1053.4	0.0	0.0	0.0	0.000	0.000	0.000	0.0	0.0		12:40:44:559		
000:05:52.750	1054.0	23.4	23.9	1054.0	0.0	0.0	0.0	0.000	0.000	0.000	0.0	0.0		12:40:44:609		
000:05:52.800	1054.0	23.4	23.9	1054.0	0.0	0.0	0.0	0.000	0.000	0.000	0.0	0.0		12:40:44:659		
000:05:52.850	1054.0	23.4	23.9	1054.0	0.0	0.0	0.0	0.000	0.000	0.000	0.0	0.0		12:40:44:709		
000:05:52.900	1054.2	23.4	23.9	1054.2	0.0	0.0	0.0	0.000	0.000	0.000	0.0	0.0		12:40:44:759		
000:05:52.950	1053.8	23.4	23.9	1053.8	0.0	0.0	0.0	0.000	0.000	0.000	0.0	0.0		12:40:44:809		
000:05:53.000	1053.9	23.4	23.9	1053.9	0.0	0.0	0.0	0.000	0.000	0.000	0.0	0.0		12:40:44:859		
000:05:53.050	1053.9	23.4	23.9	1053.9	0.0	0.0	0.0	0.000	0.000	0.000	0.0	0.0		12:40:44:909		
000:05:53.100	1054.0	23.4	23.9	1054.0	0.0	0.0	0.0	0.000	0.000	0.000	0.0	0.0		12:40:44:959		
000:05:53.150	1054.3	23.4	23.9	1054.3	0.0	0.0	0.0	0.000	0.000	0.000	0.0	0.0		12:40:45:009		
000:05:53.200	1054.6	23.4	23.9	1054.6	0.0	0.0	0.0	0.000	0.000	0.000	0.0	0.0		12:40:45:059		
000:05:53.250	1054.3	23.4	23.9	1054.3	0.0	0.0	0.0	0.000	0.000	0.000	0.0	0.0		12:40:45:109		
000:05:53.300	1054.3	23.4	23.9	1054.3	0.0	0.0	0.0	0.000	0.000	0.000	0.0	0.0		12:40:45:159		
000:05:53.350	1054.3	23.4	23.9	1054.3	0.0	0.0	0.0	0.000	0.000	0.000	0.0	0.0		12:40:45:209		
000:05:53.400	1054.6	23.4	23.9	1054.6	0.0	0.0	0.0	0.000	0.000	0.000	0.0	0.0		12:40:45:259		
000:05:53.450	1054.6	23.4	23.9	1054.6	0.0	0.0	0.0	0.000	0.000	0.000	0.0	0.0		12:40:45:309		
000:05:53.500	1055.0	23.4	23.9	1055.0	0.0	0.0	0.0	0.000	0.000	0.000	0.0	0.0		12:40:45:359		
000:05:53.550	1055.2	23.4	23.9	1055.2	0.0	0.0	0.0	0.000	0.000	0.000	0.0	0.0		12:40:45:409		
000:05:53.600	1055.0	23.4	23.9	1055.0	0.0	0.0	0.0	0.000	0.000	0.000	0.0	0.0		12:40:45:459		
000:05:53.650	1055.0	23.4	23.9	1055.0	0.0	0.0	0.0	0.000	0.000	0.000	0.0	0.0		12:40:45:509		
000:05:53.700	1055.2	23.4	23.9	1055.2	0.0	0.0	0.0	0.000	0.000	0.000	0.0	0.0		12:40:45:559		
000:05:53.750	1055.2	23.4	23.9	1055.2	0.0	0.0	0.0	0.000	0.000	0.000	0.0	0.0		12:40:45:609		
000:05:53.800	1054.9	23.4	23.9	1054.9	0.0	0.0	0.0	0.000	0.000	0.000	0.0	0.0		12:40:45:659		
000:05:53.850	1055.5	23.4	23.9	1055.5	0.0	0.0	0.0	0.000	0.000	0.000	0.0	0.0		12:40:45:709		
000:05:53.900	1055.5	23.4	23.9	1055.5	0.0	0.0	0.0	0.000	0.000	0.000	0.0	0.0		12:40:45:759		
000:05:53.950	1055.7	23.4	23.9	1055.7	0.0	0.0	0.0	0.000	0.000	0.000	0.0	0.0		12:40:45:809		
000:05:54.000	1055.1	23.4	23.9	1055.1	0.0	0.0	0.0	0.000	0.000	0.000	0.0	0.0		12:40:45:859		
000:05:54.050	1055.3	23.4	23.9	1055.3	0.0	0.0	0.0	0.000	0.000	0.000	0.0	0.0		12:40:45:909		
000:05:54.100	1055.8	23.4	23.9	1055.8	0.0	0.0	0.0	0.000	0.000	0.000	0.0	0.0		12:40:45:959		
000:05:54.150	1056.0	23.4	23.9	1056.0	0.0	0.0	0.0	0.000	0.000	0.000	0.0	0.0		12:40:46:009		
000:05:54.200	1055.7	23.4	23.9	1055.7	0.0	0.0	0.0	0.000	0.000	0.000	0.0	0.0		12:40:46:059		
000:05:54.250	1056.1	23.4	23.9	1056.1	0.0	0.0	0.0	0.000	0.000	0.000	0.0	0.0		12:40:46:109		
000:05:54.300	1056.0	23.4	23.9	1056.0	0.0	0.0	0.0	0.000	0.000	0.000	0.0	0.0		12:40:46:159		
000:05:54.350	1056.3	23.4	23.9	1056.3	0.0	0.0	0.0	0.000	0.000	0.000	0.0	0.0		12:40:46:209		
000:05:54.400	1056.7	23.4	23.9	1056.7	0.0	0.0	0.0	0.000	0.000	0.000	0.0	0.0		12:40:46:259		
000:05:54.450	1056.8	23.4	23.9	1056.8	0.0	0.0	0.0	0.000	0.000	0.000	0.0	0.0		12:40:46:309		
000:05:54.500	1056.2	23.4	23.9	1056.2	0.0	0.0	0.0	0.000	0.000	0.000	0.0	0.0		12:40:46:359		
000:05:54.550	1056.2	23.4	23.9	1056.2	0.0	0.0	0.0	0.000	0.000	0.000	0.0	0.0		12:40:46:409		
000:05:54.600	1056.4	23.4	23.9	1056.4	0.0	0.0	0.0	0.000	0.000	0.000	0.0	0.0		12:40:46:459		
000:05:54.650	1056.1	23.4	23.9	1056.1	0.0	0.0	0.0	0.000	0.000	0.000	0.0	0.0		12:40:46:509		
000:05:54.700	1056.5	23.4	23.9	1056.5	0.0	0.0	0.0	0.000	0.000	0.000	0.0	0.0		12:40:46:559		
000:05:54.750	1056.9	23.4	23.9	1056.9	0.0	0.0	0.0	0.000	0.000	0.000	0.0	0.0		12:40:46:609		
000:05:54.800	1056.7	23.4	23.9	1056.7	0.0	0.0	0.0	0.000	0.000	0.000	0.0	0.0		12:40:46:659		
000:05:54.850	1056.4	23.4	23.9	1056.4	0.0	0.0	0.0	0.000	0.000	0.000	0.0	0.0		12:40:46:709		
000:05:54.900	1056.9	23.4	23.9	1056.9	0.0	0.0	0.0	0.000	0.000	0.000	0.0	0.0		12:40:46:759		
000:05:54.950	1056.9	23.4	23.9	1056.9	0.0	0.0	0.0	0.000	0.000	0.000	0.0	0.0		12:40:46:809		
000:05:55.000	1057.3	23.4	23.9	1057.3	0.0	0.0	0.0	0.000	0.000	0.000	0.0	0.0		12:40:46:859		
000:05:55.050	1057.6	23.4	23.9	1057.6	0.0	0.0	0.0	0.000	0.000	0.000	0.0	0.0		12:40:46:909		
000:05:55.100	1057.2	23.4	23.9	1057.2	0.0	0.0	0.0	0.000	0.000	0.000	0.0	0.0		12:40:46:959		
000:05:55.150	1057.0	23.4	23.9	1057.0	0.0	0.0	0.0	0.000	0.000	0.000	0.0	0.0		12:40:47:009		
000:05:55.200	1057.1	23.4	23.9	1057.1	0.0	0.0	0.0	0.000	0.000	0.000	0.0	0.0		12:40:47:059		
000:05:55.250	1057.1	23.4	23.9	1057.1	0.0	0.0	0.0	0.000	0.000	0.000	0.0	0.0		12:40:47:109		
000:05:55.300	1057.5	23.4	23.9	1057.5	0.0	0.0	0.0	0.000	0.000	0.000	0.0	0.0		12:40:47:159		
000:05:55.350	1057.4	23.4	23.9	1057.4	0.0	0.0	0.0	0.000	0.000	0.000	0.0	0.0		12:40:47:209		
000:05:55.400	1058.1	23.4	23.9	1058.1	0.0	0.0	0.0	0.000	0.000	0.000	0.0	0.0		12:40:47:259		
000:05:55.450	1057.9	23.4	23.9	1057.9	0.0	0.0	0.0	0.000	0.000	0.000	0.0	0.0		12:40:47:309		
000:05:55.500	1057.6	23.4	23.9	1057.6	0.0	0.0	0.0	0.000	0.000	0.000	0.0	0.0		12:40:47:359		
000:05:55.550	1058.0	23.4	23.9	1058.0	0.0	0.0	0.0	0.000	0.000	0.000	0.0	0.0		12:40:47:409		
000:05:55.600	1058.0	23.4	23.9	1058.0	0.0	0.0	0.0	0.000	0.000	0.000	0.0	0.0		12:40:47:459		
000:05:55.650	1057.9	23.4	23.9	1057.9	0.0	0.0	0.0	0.000	0.000	0.000	0.0	0.0		12:40:47:509		
000:05:55.700	1058.3	23.4	23.9	1058.3	0.0	0.0	0.0	0.000	0.000	0.000	0.0	0.0		12:40:47:559		
000:05:55.750	1058.3	23.4	23.9	1058.3	0.0	0.0	0.0	0.000	0.000	0.000	0.0	0.0		12:40:47:609		
000:05:55.800	1058.2	23.4	23.9	1058.2	0.0	0.0	0.0	0.000	0.000	0.000	0.0	0.0		12:40:47:659		
000:05:55.850	1058.4	23.4	23.9	1058.4	0.0	0.0	0.0	0.000	0.000	0.000	0.0	0.0		12:40:47:709		
000:05:55.900	1058.1	23.4	23.9	1058.1	0.0	0.0	0.0	0.000	0.000	0.000	0.0	0.0		12:40:47:759		
000:05:55.950	1058.7	23.4	23.9	1058.7	0.0	0.0	0.0	0.000	0.000	0.000	0.0	0.0		12:40:47:809		
000:05:56.000	1058.4	23.4	23.9	1058.4	0.0	0.0	0.0	0.000	0.000	0.000	0.0	0.0		12:40:47:859		
000:05:56.050	1058.3	23.4	23.9	1058.3	0.0	0.0	0.0	0.000	0.000	0.000	0.0	0.0		12:40:47:909		
000:05:56.100	1058.8	23.4	23.9	1058.8	0.0	0.0	0.0	0.000	0.000	0.000	0.0	0.0		12:40:47:959		
000:05:56.150	1058.7	23.4	23.9	1058.7	0.0	0.0	0.0	0.000	0.000	0.000	0.0	0.0		12:40:48:009		
000:05:56.200	1058.4	23.4	23.9	1058.4	0.0	0.0	0.0	0.000	0.000	0.000	0.0	0.0		12:40:48:059		
000:05:56.250	1058.7	23.4	23.9	1058.7	0.0	0.0	0.0	0.000	0.000	0.000	0.0	0.0		12:40:48:109		
000:05:56.300	1058.8	23.4	23.9	1058.8	0.0	0.0	0.0	0.000	0.000	0.000	0.0	0.0		12:40:48:159		
000:05:56.350	1059.1	23.4	23.9	1059.1	0.0	0.0	0.0	0.000	0.000	0.000	0.0	0.0		12:40:48:209		
000:05:56.400	1059.3	23.4	23.9	1059.3	0.0	0.0	0.0	0.000	0.000	0.000	0.0	0.0		12:40:48:259		
000:05:56.450	1059.3	23.4	23.9	1059.3	0.0	0.0	0.0	0.000	0.000	0.000	0.0	0.0		12:40:48:309		
000:05:56.500	1059.1	23.4	23.9	1059.1	0.0	0.0	0.0	0.000	0.000	0.000	0.0	0.0		12:40:48:359		
000:05:56.550	1059.8	23.4	23.9	1059.8	0.0	0.0	0.0	0.000	0.000	0.000	0.0	0.0		12:40:48:409		
000:05:56.600	1059.3	23.4	23.9	1059.3	0.0	0.0	0.0	0.000	0.000	0.000	0.0	0.0		12:40:48:459		
000:05:56.650	1059.6	23.4	23.9	1059.6	0.0	0.0	0.0	0.000	0.000	0.000	0.0	0.0		12:40:48:509		
000:05:56.700	1059.4	23.4	23.9	1059.4	0.0	0.0	0.0	0.000	0.000	0.000	0.0	0.0		12:40:48:559		
000:05:56.750	1059.6	23.4	23.9	1059.6	0.0	0.0	0.0	0.000	0.000	0.000	0.0	0.0		12:40:48:609		
000:05:56.800	1059.8	23.4	23.9	1059.8	0.0	0.0	0.0	0.000	0.000	0.000	0.0	0.0		12:40:48:659		
000:05:56.850	1059.9	23.4	23.9	1059.9	0.0	0.0	0.0	0.000	0.000	0.000	0.0	0.0		12:40:48:709		
000:05:56.900	1059.9	23.4	23.9	1059.9	0.0	0.0	0.0	0.000	0.000	0.000	0.0	0.0		12:40:48:759		
000:05:56.950	1060.3	23.4	23.9	1060.3	0.0	0.0	0.0	0.000	0.000	0.000	0.0	0.0		12:40:48:809		
000:05:57.000	1060.5	23.4	23.9	1060.5	0.0	0.0	0.0	0.000	0.000	0.000	0.0	0.0		12:40:48:859		
000:05:57.050	1060.1	23.4	23.9	1060.1	0.0	0.0	0.0	0.000	0.000	0.000	0.0	0.0		12:40:48:909		
000:05:57.100	1060.5	23.4	23.9	1060.5	0.0	0.0	0.0	0.000	0.000	0.000	0.0	0.0		12:40:48:959		
000:05:57.150	1060.3	23.4	23.9	1060.3	0.0	0.0	0.0	0.000	0.000	0.000	0.0	0.0		12:40:49:009		
000:05:57.200	1060.3	23.4	23.9	1060.3	0.0	0.0	0.0	0.000	0.000	0.000	0.0	0.0		12:40:49:059		
000:05:57.250	1060.5	23.4	23.9	1060.5	0.0	0.0	0.0	0.000	0.000	0.000	0.0	0.0		12:40:49:109		
000:05:57.300	1060.9	23.4	23.9	1060.9	0.0	0.0	0.0	0.000	0.000	0.000	0.0	0.0		12:40:49:159		
000:05:57.350	1060.9	23.4	23.9	1060.9	0.0	0.0	0.0	0.000	0.000	0.000	0.0	0.0		12:40:49:209		
000:05:57.400	1061.1	23.4	23.9	1061.1	0.0	0.0	0.0	0.000	0.000	0.000	0.0	0.0		12:40:49:259		
000:05:57.450	1061.1	23.4	23.9	1061.1	0.0	0.0	0.0	0.000	0.000	0.000	0.0	0.0		12:40:49:309		
000:05:57.500	1061.4	23.4	23.9	1061.4	0.0	0.0	0.0	0.000	0.000	0.000	0.0	0.0		12:40:49:359		
000:05:57.550	1061.4	23.4	23.9	1061.4	0.0	0.0	0.0	0.000	0.000	0.000	0.0	0.0		12:40:49:409		
000:05:57.600	1061.5	23.4	23.9	1061.5	0.0	0.0	0.0	0.000	0.000	0.000	0.0	0.0		12:40:49:459		
000:05:57.650	1061.8	23.4	23.9	1061.8	0.0	0.0	0.0	0.000	0.000	0.000	0.0	0.0		12:40:49:509		
000:05:57.700	1061.8	23.4	23.9	1061.8	0.0	0.0	0.0	0.000	0.000	0.000	0.0	0.0		12:40:49:559		
000:05:57.750	1061.1	23.4	23.9	1061.1	0.0	0.0	0.0	0.000	0.000	0.000	0.0	0.0		12:40:49:609		
000:05:57.800	1061.2	23.4	23.9	1061.2	0.0	0.0	0.0	0.000	0.000	0.000	0.0	0.0		12:40:49:659		
000:05:57.850	1061.4	23.4	23.9	1061.4	0.0	0.0	0.0	0.000	0.000	0.000	0.0	0.0		12:40:49:709		
000:05:57.900	1061.6	23.4	23.9	1061.6	0.0	0.0	0.0	0.000	0.000	0.000	0.0	0.0		12:40:49:759		
000:05:57.950	1061.6	23.4	23.9	1061.6	0.0	0.0	0.0	0.000	0.000	0.000	0.0	0.0		12:40:49:809		
000:05:58.000	1062.2	23.4	23.9	1062.2	0.0	0.0	0.0	0.000	0.000	0.000	0.0	0.0		12:40:49:859		
000:05:58.050	1062.2	23.4	23.9	1062.2	0.0	0.0	0.0	0.000	0.000	0.000	0.0	0.0		12:40:49:909		
000:05:58.100	1062.2	23.4	23.9	1062.2	0.0	0.0	0.0	0.000	0.000	0.000	0.0	0.0		12:40:49:959		
000:05:58.150	1062.2	23.4	23.9	1062.2	0.0	0.0	0.0	0.000	0.000	0.000	0.0	0.0		12:40:50:009		
000:05:58.200	1062.5	23.4	23.9	1062.5	0.0	0.0	0.0	0.000	0.000	0.000	0.0	0.0		12:40:50:059		
000:05:58.250	1062.5	23.4	23.9	1062.5	0.0	0.0	0.0	0.000	0.000	0.000	0.0	0.0		12:40:50:109		
000:05:58.300	1062.9	23.4	23.9	1062.9	0.0	0.0	0.0	0.000	0.000	0.000	0.0	0.0		12:40:50:159		
000:05:58.350	1062.7	23.4	23.9	1062.7	0.0	0.0	0.0	0.000	0.000	0.000	0.0	0.0		12:40:50:209		
000:05:58.400	1063.1	23.4	23.9	1063.1	0.0	0.0	0.0	0.000	0.000	0.000	0.0	0.0		12:40:50:259		
000:05:58.450	1063.7	23.4	23.9	1063.7	0.0	0.0	0.0	0.000	0.000	0.000	0.0	0.0		12:40:50:309		
000:05:58.500	1063.3	23.4	23.9	1063.3	0.0	0.0	0.0	0.000	0.000	0.000	0.0	0.0		12:40:50:359		
000:05:58.550	1063.4	23.4	23.9	1063.4	0.0	0.0	0.0	0.000	0.000	0.000	0.0	0.0		12:40:50:409		
000:05:58.600	1063.2	23.4	23.9	1063.2	0.0	0.0	0.0	0.000	0.000	0.000	0.0	0.0		12:40:50:459		
000:05:58.650	1063.3	23.4	23.9	1063.3	0.0	0.0	0.0	0.000	0.000	0.000	0.0	0.0		12:40:50:509		
000:05:58.700	1063.7	23.4	23.9	1063.7	0.0	0.0	0.0	0.000	0.000	0.000	0.0	0.0		12:40:50:559		
000:05:58.750	1063.3	23.4	23.9	1063.3	0.0	0.0	0.0	0.000	0.000	0.000	0.0	0.0		12:40:50:609		
000:05:58.800	1064.0	23.4	23.9	1064.0	0.0	0.0	0.0	0.000	0.000	0.000	0.0	0.0		12:40:50:659		
000:05:58.850	1063.8	23.4	23.9	1063.8	0.0	0.0	0.0	0.000	0.000	0.000	0.0	0.0		12:40:50:709		
000:05:58.900	1064.1	23.4	23.9	1064.1	0.0	0.0	0.0	0.000	0.000	0.000	0.0	0.0		12:40:50:759		
000:05:58.950	1063.7	23.4	23.9	1063.7	0.0	0.0	0.0	0.000	0.000	0.000	0.0	0.0		12:40:50:809		
000:05:59.000	1064.0	23.4	23.9	1064.0	0.0	0.0	0.0	0.000	0.000	0.000	0.0	0.0		12:40:50:859		
000:05:59.050	1063.8	23.4	23.9	1063.8	0.0	0.0	0.0	0.000	0.000	0.000	0.0	0.0		12:40:50:909		
000:05:59.100	1064.3	23.4	23.9	1064.3	0.0	0.0	0.0	0.000	0.000	0.000	0.0	0.0		12:40:50:959		
000:05:59.150	1064.1	23.4	23.9	1064.1	0.0	0.0	0.0	0.000	0.000	0.000	0.0	0.0		12:40:51:009		
000:05:59.200	1064.0	23.4	23.9	1064.0	0.0	0.0	0.0	0.000	0.000	0.000	0.0	0.0		12:40:51:059		
000:05:59.250	1064.2	23.4	23.9	1064.2	0.0	0.0	0.0	0.000	0.000	0.000	0.0	0.0		12:40:51:109		
000:05:59.300	1063.8	23.4	23.9	1063.8	0.0	0.0	0.0	0.000	0.000	0.000	0.0	0.0		12:40:51:159		
000:05:59.350	1064.3	23.4	23.9	1064.3	0.0	0.0	0.0	0.000	0.000	0.000	0.0	0.0		12:40:51:209		
000:05:59.400	1064.2	23.4	23.9	1064.2	0.0	0.0	0.0	0.000	0.000	0.000	0.0	0.0		12:40:51:259		
000:05:59.450	1064.2	23.4	23.9	1064.2	0.0	0.0	0.0	0.000	0.000	0.000	0.0	0.0		12:40:51:309		
000:05:59.500	1064.6	23.4	23.9	1064.6	0.0	0.0	0.0	0.000	0.000	0.000	0.0	0.0		12:40:51:359		
000:05:59.550	1065.2	23.4	23.9	1065.2	0.0	0.0	0.0	0.000	0.000	0.000	0.0	0.0		12:40:51:409		
000:05:59.600	1064.7	23.4	23.9	1064.7	0.0	0.0	0.0	0.000	0.000	0.000	0.0	0.0		12:40:51:459		
000:05:59.650	1064.7	23.4	23.9	1064.7	0.0	0.0	0.0	0.000	0.000	0.000	0.0	0.0		12:40:51:509		
000:05:59.700	1064.7	23.4	23.9	1064.7	0.0	0.0	0.0	0.000	0.000	0.000	0.0	0.0		12:40:51:559		
000:05:59.750	1064.6	23.4	23.9	1064.6	0.0	0.0	0.0	0.000	0.000	0.000	0.0	0.0		12:40:51:609		
000:05:59.800	1064.2	23.4	23.9	1064.2	0.0	0.0	0.0	0.000	0.000	0.000	0.0	0.0		12:40:51:659		
000:05:59.850	1064.6	23.4	23.9	1064.6	0.0	0.0	0.0	0.000	0.000	0.000	0.0	0.0		12:40:51:709		
000:05:59.900	1064.7	23.4	23.9	1064.7	0.0	0.0	0.0	0.000	0.000	0.000	0.0	0.0		12:40:51:759		
000:05:59.950	1064.6	23.4	23.9	1064.6	0.0	0.0	0.0	0.000	0.000	0.000	0.0	0.0		12:40:51:809		
000:06:00.000	1064.6	23.4	23.9	1064.6	0.0	0.0	0.0	0.000	0.000	0.000	0.0	0.0		12:40:51:859		
000:06:00.050	1064.5	23.4	23.9	1064.5	0.0	0.0	0.0	0.000	0.000	0.000	0.0	0.0		12:40:51:909		
000:06:00.100	1064.7	23.4	23.9	1064.7	0.0	0.0	0.0	0.000	0.000	0.000	0.0	0.0		12:40:51:959		
000:06:00.150	1064.6	23.4	23.9	1064.6	0.0	0.0	0.0	0.000	0.000	0.000	0.0	0.0		12:40:52:009		
000:06:00.200	1064.3	23.4	23.9	1064.3	0.0	0.0	0.0	0.000	0.000	0.000	0.0	0.0		12:40:52:059		
000:06:00.250	1064.7	23.4	23.9	1064.7	0.0	0.0	0.0	0.000	0.000	0.000	0.0	0.0		12:40:52:109		
000:06:00.300	1064.8	23.4	23.9	1064.8	0.0	0.0	0.0	0.000	0.000	0.000	0.0	0.0		12:40:52:159		
000:06:00.350	1064.7	23.4	23.9	1064.7	0.0	0.0	0.0	0.000	0.000	0.000	0.0	0.0		12:40:52:209		
000:06:00.400	1064.3	23.4	23.9	1064.3	0.0	0.0	0.0	0.000	0.000	0.000	0.0	0.0		12:40:52:259		
000:06:00.450	1064.4	23.4	23.9	1064.4	0.0	0.0	0.0	0.000	0.000	0.000	0.0	0.0		12:40:52:309		
000:06:00.500	1064.4	23.4	23.9	1064.4	0.0	0.0	0.0	0.000	0.000	0.000	0.0	0.0		12:40:52:359		
000:06:00.550	1064.8	23.4	23.9	1064.8	0.0	0.0	0.0	0.000	0.000	0.000	0.0	0.0		12:40:52:409		
000:06:00.600	1064.6	23.4	23.9	1064.6	0.0	0.0	0.0	0.000	0.000	0.000	0.0	0.0		12:40:52:459		
000:06:00.650	1064.9	23.4	23.9	1064.9	0.0	0.0	0.0	0.000	0.000	0.000	0.0	0.0		12:40:52:509		
000:06:00.700	1064.6	23.4	23.9	1064.6	0.0	0.0	0.0	0.000	0.000	0.000	0.0	0.0		12:40:52:559		
000:06:00.750	1065.1	23.4	23.9	1065.1	0.0	0.0	0.0	0.000	0.000	0.000	0.0	0.0		12:40:52:609		
000:06:00.800	1064.9	23.4	23.9	1064.9	0.0	0.0	0.0	0.000	0.000	0.000	0.0	0.0		12:40:52:659		
000:06:00.850	1064.8	23.4	23.9	1064.8	0.0	0.0	0.0	0.000	0.000	0.000	0.0	0.0		12:40:52:709		
000:06:00.900	1065.1	23.4	23.9	1065.1	0.0	0.0	0.0	0.000	0.000	0.000	0.0	0.0		12:40:52:759		
000:06:00.950	1065.0	23.4	23.9	1065.0	0.0	0.0	0.0	0.000	0.000	0.000	0.0	0.0		12:40:52:809		
000:06:01.000	1064.6	23.4	23.9	1064.6	0.0	0.0	0.0	0.000	0.000	0.000	0.0	0.0		12:40:52:859		
000:06:01.050	1064.7	23.4	23.9	1064.7	0.0	0.0	0.0	0.000	0.000	0.000	0.0	0.0		12:40:52:909		
000:06:01.100	1065.4	23.4	23.9	1065.4	0.0	0.0	0.0	0.000	0.000	0.000	0.0	0.0		12:40:52:959		
000:06:01.150	1064.8	23.4	23.9	1064.8	0.0	0.0	0.0	0.000	0.000	0.000	0.0	0.0		12:40:53:009		
000:06:01.200	1064.7	23.4	23.9	1064.7	0.0	0.0	0.0	0.000	0.000	0.000	0.0	0.0		12:40:53:059		
000:06:01.250	1064.8	23.4	23.9	1064.8	0.0	0.0	0.0	0.000	0.000	0.000	0.0	0.0		12:40:53:109		
000:06:01.300	1065.1	23.4	23.9	1065.1	0.0	0.0	0.0	0.000	0.000	0.000	0.0	0.0		12:40:53:159		
000:06:01.350	1065.0	23.4	23.9	1065.0	0.0	0.0	0.0	0.000	0.000	0.000	0.0	0.0		12:40:53:209		
000:06:01.400	1064.7	23.4	23.9	1064.7	0.0	0.0	0.0	0.000	0.000	0.000	0.0	0.0		12:40:53:259		
000:06:01.450	1065.1	23.4	23.9	1065.1	0.0	0.0	0.0	0.000	0.000	0.000	0.0	0.0		12:40:53:309		
000:06:01.500	1064.8	23.4	23.9	1064.8	0.0	0.0	0.0	0.000	0.000	0.000	0.0	0.0		12:40:53:359		
000:06:01.550	1065.0	23.4	23.9	1065.0	0.0	0.0	0.0	0.000	0.000	0.000	0.0	0.0		12:40:53:409		
000:06:01.600	1065.1	23.4	23.9	1065.1	0.0	0.0	0.0	0.000	0.000	0.000	0.0	0.0		12:40:53:459		
000:06:01.650	1065.1	23.4	23.9	1065.1	0.0	0.0	0.0	0.000	0.000	0.000	0.0	0.0		12:40:53:509		
000:06:01.700	1065.0	23.4	23.9	1065.0	0.0	0.0	0.0	0.000	0.000	0.000	0.0	0.0		12:40:53:559		
000:06:01.750	1065.0	23.4	23.9	1065.0	0.0	0.0	0.0	0.000	0.000	0.000	0.0	0.0		12:40:53:609		
000:06:01.800	1064.9	23.4	23.9	1064.9	0.0	0.0	0.0	0.000	0.000	0.000	0.0	0.0		12:40:53:659		
000:06:01.850	1065.0	23.4	23.9	1065.0	0.0	0.0	0.0	0.000	0.000	0.000	0.0	0.0		12:40:53:709		
000:06:01.900	1064.9	23.4	23.9	1064.9	0.0	0.0	0.0	0.000	0.000	0.000	0.0	0.0		12:40:53:759		
000:06:01.950	1064.5	23.4	23.9	1064.5	0.0	0.0	0.0	0.000	0.000	0.000	0.0	0.0		12:40:53:809		
000:06:02.000	1064.9	23.4	23.9	1064.9	0.0	0.0	0.0	0.000	0.000	0.000	0.0	0.0		12:40:53:859		
000:06:02.050	1064.9	23.4	23.9	1064.9	0.0	0.0	0.0	0.000	0.000	0.000	0.0	0.0		12:40:53:909		
000:06:02.100	1064.8	23.4	23.9	1064.8	0.0	0.0	0.0	0.000	0.000	0.000	0.0	0.0		12:40:53:959		
000:06:02.150	1064.7	23.4	23.9	1064.7	0.0	0.0	0.0	0.000	0.000	0.000	0.0	0.0		12:40:54:009		
000:06:02.200	1064.6	23.4	23.9	1064.6	0.0	0.0	0.0	0.000	0.000	0.000	0.0	0.0		12:40:54:059		
000:06:02.250	1064.7	23.4	23.9	1064.7	0.0	0.0	0.0	0.000	0.000	0.000	0.0	0.0		12:40:54:109		
000:06:02.300	1064.2	23.4	23.9	1064.2	0.0	0.0	0.0	0.000	0.000	0.000	0.0	0.0		12:40:54:159		
000:06:02.350	1064.7	23.4	23.9	1064.7	0.0	0.0	0.0	0.000	0.000	0.000	0.0	0.0		12:40:54:209		
000:06:02.400	1064.7	23.4	23.9	1064.7	0.0	0.0	0.0	0.000	0.000	0.000	0.0	0.0		12:40:54:259		
000:06:02.450	1064.4	23.4	23.9	1064.4	0.0	0.0	0.0	0.000	0.000	0.000	0.0	0.0		12:40:54:309		
000:06:02.500	1064.9	23.4	23.9	1064.9	0.0	0.0	0.0	0.000	0.000	0.000	0.0	0.0		12:40:54:359		
000:06:02.550	1064.9	23.4	23.9	1064.9	0.0	0.0	0.0	0.000	0.000	0.000	0.0	0.0		12:40:54:409		
000:06:02.600	1065.4	23.4	23.9	1065.4	0.0	0.0	0.0	0.000	0.000	0.000	0.0	0.0		12:40:54:459		
000:06:02.650	1065.0	23.4	23.9	1065.0	0.0	0.0	0.0	0.000	0.000	0.000	0.0	0.0		12:40:54:509		
000:06:02.700	1064.8	23.4	23.9	1064.8	0.0	0.0	0.0	0.000	0.000	0.000	0.0	0.0		12:40:54:559		
000:06:02.750	1065.2	23.4	23.9	1065.2	0.0	0.0	0.0	0.000	0.000	0.000	0.0	0.0		12:40:54:609		
000:06:02.800	1064.7	23.4	23.9	1064.7	0.0	0.0	0.0	0.000	0.000	0.000	0.0	0.0		12:40:54:659		
000:06:02.850	1065.2	23.4	23.9	1065.2	0.0	0.0	0.0	0.000	0.000	0.000	0.0	0.0		12:40:54:709		
000:06:02.900	1065.1	23.4	23.9	1065.1	0.0	0.0	0.0	0.000	0.000	0.000	0.0	0.0		12:40:54:759		
000:06:02.950	1065.4	23.4	23.9	1065.4	0.0	0.0	0.0	0.000	0.000	0.000	0.0	0.0		12:40:54:809		
000:06:03.000	1065.5	23.4	23.9	1065.5	0.0	0.0	0.0	0.000	0.000	0.000	0.0	0.0		12:40:54:859		
000:06:03.050	1065.3	23.4	23.9	1065.3	0.0	0.0	0.0	0.000	0.000	0.000	0.0	0.0		12:40:54:909		
000:06:03.100	1065.7	23.4	23.9	1065.7	0.0	0.0	0.0	0.000	0.000	0.000	0.0	0.0		12:40:54:959		
000:06:03.150	1065.4	23.4	23.9	1065.4	0.0	0.0	0.0	0.000	0.000	0.000	0.0	0.0		12:40:55:009		
000:06:03.200	1065.3	23.4	23.9	1065.3	0.0	0.0	0.0	0.000	0.000	0.000	0.0	0.0		12:40:55:059		
000:06:03.250	1065.4	23.4	23.9	1065.4	0.0	0.0	0.0	0.000	0.000	0.000	0.0	0.0		12:40:55:109		
000:06:03.300	1065.2	23.4	23.9	1065.2	0.0	0.0	0.0	0.000	0.000	0.000	0.0	0.0		12:40:55:159		
000:06:03.350	1065.0	23.4	23.9	1065.0	0.0	0.0	0.0	0.000	0.000	0.000	0.0	0.0		12:40:55:209		
000:06:03.400	1065.1	23.4	23.9	1065.1	0.0	0.0	0.0	0.000	0.000	0.000	0.0	0.0		12:40:55:259		
000:06:03.450	1065.0	23.4	23.9	1065.0	0.0	0.0	0.0	0.000	0.000	0.000	0.0	0.0		12:40:55:309		
000:06:03.500	1065.4	23.4	23.9	1065.4	0.0	0.0	0.0	0.000	0.000	0.000	0.0	0.0		12:40:55:359		
000:06:03.550	1064.9	23.4	23.9	1064.9	0.0	0.0	0.0	0.000	0.000	0.000	0.0	0.0		12:40:55:409		
000:06:03.600	1065.3	23.4	23.9	1065.3	0.0	0.0	0.0	0.000	0.000	0.000	0.0	0.0		12:40:55:459		
000:06:03.650	1064.5	23.4	23.9	1064.5	0.0	0.0	0.0	0.000	0.000	0.000	0.0	0.0		12:40:55:509		
000:06:03.700	1064.5	23.4	23.9	1064.5	0.0	0.0	0.0	0.000	0.000	0.000	0.0	0.0		12:40:55:559		
000:06:03.750	1064.6	23.4	23.9	1064.6	0.0	0.0	0.0	0.000	0.000	0.000	0.0	0.0		12:40:55:609		
000:06:03.800	1064.4	23.4	23.9	1064.4	0.0	0.0	0.0	0.000	0.000	0.000	0.0	0.0		12:40:55:659		
000:06:03.850	1064.6	23.4	23.9	1064.6	0.0	0.0	0.0	0.000	0.000	0.000	0.0	0.0		12:40:55:709		
000:06:03.900	1065.0	23.4	23.9	1065.0	0.0	0.0	0.0	0.000	0.000	0.000	0.0	0.0		12:40:55:759		
000:06:03.950	1065.1	23.4	23.9	1065.1	0.0	0.0	0.0	0.000	0.000	0.000	0.0	0.0		12:40:55:809		
000:06:04.000	1064.6	23.4	23.9	1064.6	0.0	0.0	0.0	0.000	0.000	0.000	0.0	0.0		12:40:55:859		
000:06:04.050	1065.5	23.4	23.9	1065.5	0.0	0.0	0.0	0.000	0.000	0.000	0.0	0.0		12:40:55:909		
000:06:04.100	1065.2	23.4	23.9	1065.2	0.0	0.0	0.0	0.000	0.000	0.000	0.0	0.0		12:40:55:959		
000:06:04.150	1064.5	23.4	23.9	1064.5	0.0	0.0	0.0	0.000	0.000	0.000	0.0	0.0		12:40:56:009		
000:06:04.200	1064.5	23.4	23.9	1064.5	0.0	0.0	0.0	0.000	0.000	0.000	0.0	0.0		12:40:56:059		
000:06:04.250	1064.6	23.4	23.9	1064.6	0.0	0.0	0.0	0.000	0.000	0.000	0.0	0.0		12:40:56:109		
000:06:04.300	1064.3	23.4	23.9	1064.3	0.0	0.0	0.0	0.000	0.000	0.000	0.0	0.0		12:40:56:159		
000:06:04.350	1064.7	23.4	23.9	1064.7	0.0	0.0	0.0	0.000	0.000	0.000	0.0	0.0		12:40:56:209		
000:06:04.400	1064.4	23.4	23.9	1064.4	0.0	0.0	0.0	0.000	0.000	0.000	0.0	0.0		12:40:56:259		
000:06:04.450	1064.1	23.4	23.9	1064.1	0.0	0.0	0.0	0.000	0.000	0.000	0.0	0.0		12:40:56:309		
000:06:04.500	1064.0	23.4	23.9	1064.0	0.0	0.0	0.0	0.000	0.000	0.000	0.0	0.0		12:40:56:359		
000:06:04.550	1063.4	23.4	23.9	1063.4	0.0	0.0	0.0	0.000	0.000	0.000	0.0	0.0		12:40:56:409		
000:06:04.600	1064.4	23.4	23.9	1064.4	0.0	0.0	0.0	0.000	0.000	0.000	0.0	0.0		12:40:56:459		
000:06:04.650	1064.2	23.4	23.9	1064.2	0.0	0.0	0.0	0.000	0.000	0.000	0.0	0.0		12:40:56:509		
000:06:04.700	1064.0	23.4	23.9	1064.0	0.0	0.0	0.0	0.000	0.000	0.000	0.0	0.0		12:40:56:559		
000:06:04.750	1064.2	23.4	23.9	1064.2	0.0	0.0	0.0	0.000	0.000	0.000	0.0	0.0		12:40:56:609		
000:06:04.800	1063.9	23.4	23.9	1063.9	0.0	0.0	0.0	0.000	0.000	0.000	0.0	0.0		12:40:56:659		
000:06:04.850	1063.5	23.4	23.9	1063.5	0.0	0.0	0.0	0.000	0.000	0.000	0.0	0.0		12:40:56:709		
000:06:04.900	1063.8	23.4	23.9	1063.8	0.0	0.0	0.0	0.000	0.000	0.000	0.0	0.0		12:40:56:759		
000:06:04.950	1064.0	23.4	23.9	1064.0	0.0	0.0	0.0	0.000	0.000	0.000	0.0	0.0		12:40:56:809		
000:06:05.000	1063.7	23.4	23.9	1063.7	0.0	0.0	0.0	0.000	0.000	0.000	0.0	0.0		12:40:56:859		
000:06:05.050	1063.8	23.4	24.0	1063.8	0.0	0.0	0.0	0.000	0.000	0.000	0.0	0.0		12:40:56:909		
000:06:05.100	1063.5	23.4	24.0	1063.5	0.0	0.0	0.0	0.000	0.000	0.000	0.0	0.0		12:40:56:959		
000:06:05.150	1062.9	23.4	24.0	1062.9	0.0	0.0	0.0	0.000	0.000	0.000	0.0	0.0		12:40:57:009		
000:06:05.200	1063.5	23.4	24.0	1063.5	0.0	0.0	0.0	0.000	0.000	0.000	0.0	0.0		12:40:57:059		
000:06:05.250	1063.3	23.4	24.0	1063.3	0.0	0.0	0.0	0.000	0.000	0.000	0.0	0.0		12:40:57:109		
000:06:05.300	1062.9	23.4	24.0	1062.9	0.0	0.0	0.0	0.000	0.000	0.000	0.0	0.0		12:40:57:159		
000:06:05.350	1062.2	23.4	24.0	1062.2	0.0	0.0	0.0	0.000	0.000	0.000	0.0	0.0		12:40:57:209		
000:06:05.400	1063.4	23.4	24.0	1063.4	0.0	0.0	0.0	0.000	0.000	0.000	0.0	0.0		12:40:57:259		
000:06:05.450	1062.9	23.4	24.0	1062.9	0.0	0.0	0.0	0.000	0.000	0.000	0.0	0.0		12:40:57:309		
000:06:05.500	1062.4	23.4	24.0	1062.4	0.0	0.0	0.0	0.000	0.000	0.000	0.0	0.0		12:40:57:359		
000:06:05.550	1062.5	23.4	24.0	1062.5	0.0	0.0	0.0	0.000	0.000	0.000	0.0	0.0		12:40:57:409		
000:06:05.600	1060.9	23.4	24.0	1060.9	0.0	0.0	0.0	0.000	0.000	0.000	0.0	0.0		12:40:57:459		
000:06:05.650	1058.6	23.4	24.0	1058.6	0.0	0.0	0.0	0.000	0.000	0.000	0.0	0.0		12:40:57:509		
000:06:05.700	1056.8	23.4	24.0	1056.8	0.0	0.0	0.0	0.000	0.000	0.000	0.0	0.0		12:40:57:559		
000:06:05.750	1055.2	23.4	24.0	1055.2	0.0	0.0	0.0	0.000	0.000	0.000	0.0	0.0		12:40:57:609		
000:06:05.800	1053.9	23.4	24.0	1053.9	0.0	0.0	0.0	0.000	0.000	0.000	0.0	0.0		12:40:57:659		
000:06:05.850	1052.6	23.4	24.0	1052.6	0.0	0.0	0.0	0.000	0.000	0.000	0.0	0.0		12:40:57:709		
000:06:05.900	1051.7	23.4	24.0	1051.7	0.0	0.0	0.0	0.000	0.000	0.000	0.0	0.0		12:40:57:759		
000:06:05.950	1050.5	23.4	24.0	1050.5	0.0	0.0	0.0	0.000	0.000	0.000	0.0	0.0		12:40:57:809		
000:06:06.000	1049.4	23.4	24.0	1049.4	0.0	0.0	0.0	0.000	0.000	0.000	0.0	0.0		12:40:57:859		
000:06:06.050	1048.2	23.4	24.0	1048.2	0.0	0.0	0.0	0.000	0.000	0.000	0.0	0.0		12:40:57:909		
000:06:06.100	1047.1	23.4	24.0	1047.1	0.0	0.0	0.0	0.000	0.000	0.000	0.0	0.0		12:40:57:959		
000:06:06.150	1045.9	23.4	24.0	1045.9	0.0	0.0	0.0	0.000	0.000	0.000	0.0	0.0		12:40:58:009		
000:06:06.200	1044.9	23.4	24.0	1044.9	0.0	0.0	0.0	0.000	0.000	0.000	0.0	0.0		12:40:58:059		
000:06:06.250	1043.6	23.4	24.0	1043.6	0.0	0.0	0.0	0.000	0.000	0.000	0.0	0.0		12:40:58:109		
000:06:06.300	1042.2	23.4	24.0	1042.2	0.0	0.0	0.0	0.000	0.000	0.000	0.0	0.0		12:40:58:159		
000:06:06.350	1040.5	23.4	24.0	1040.5	0.0	0.0	0.0	0.000	0.000	0.000	0.0	0.0		12:40:58:209		
000:06:06.400	1039.3	23.4	24.0	1039.3	0.0	0.0	0.0	0.000	0.000	0.000	0.0	0.0		12:40:58:259		
000:06:06.450	1037.8	23.4	24.0	1037.8	0.0	0.0	0.0	0.000	0.000	0.000	0.0	0.0		12:40:58:309		
000:06:06.500	1036.4	23.4	24.0	1036.4	0.0	0.0	0.0	0.000	0.000	0.000	0.0	0.0		12:40:58:359		
000:06:06.550	1034.8	23.4	24.0	1034.8	0.0	0.0	0.0	0.000	0.000	0.000	0.0	0.0		12:40:58:409		
000:06:06.600	1033.2	23.4	24.0	1033.2	0.0	0.0	0.0	0.000	0.000	0.000	0.0	0.0		12:40:58:459		
000:06:06.650	1031.9	23.4	24.0	1031.9	0.0	0.0	0.0	0.000	0.000	0.000	0.0	0.0		12:40:58:509		
000:06:06.700	1030.4	23.4	24.0	1030.4	0.0	0.0	0.0	0.000	0.000	0.000	0.0	0.0		12:40:58:559		
000:06:06.750	1029.0	23.4	24.0	1029.0	0.0	0.0	0.0	0.000	0.000	0.000	0.0	0.0		12:40:58:609		
000:06:06.800	1027.6	23.4	24.0	1027.6	0.0	0.0	0.0	0.000	0.000	0.000	0.0	0.0		12:40:58:659		
000:06:06.850	1026.0	23.4	24.0	1026.0	0.0	0.0	0.0	0.000	0.000	0.000	0.0	0.0		12:40:58:709		
000:06:06.900	1024.7	23.4	24.0	1024.7	0.0	0.0	0.0	0.000	0.000	0.000	0.0	0.0		12:40:58:759		
000:06:06.950	1023.6	23.4	24.0	1023.6	0.0	0.0	0.0	0.000	0.000	0.000	0.0	0.0		12:40:58:809		
000:06:07.000	1022.3	23.4	24.0	1022.3	0.0	0.0	0.0	0.000	0.000	0.000	0.0	0.0		12:40:58:859		
000:06:07.050	1021.1	23.4	24.0	1021.1	0.0	0.0	0.0	0.000	0.000	0.000	0.0	0.0		12:40:58:909		
000:06:07.100	1019.9	23.4	24.0	1019.9	0.0	0.0	0.0	0.000	0.000	0.000	0.0	0.0		12:40:58:959		
000:06:07.150	1018.6	23.4	24.0	1018.6	0.0	0.0	0.0	0.000	0.000	0.000	0.0	0.0		12:40:59:009		
000:06:07.200	1017.1	23.4	24.0	1017.1	0.0	0.0	0.0	0.000	0.000	0.000	0.0	0.0		12:40:59:059		
000:06:07.250	1015.6	23.4	24.0	1015.6	0.0	0.0	0.0	0.000	0.000	0.000	0.0	0.0		12:40:59:109		
000:06:07.300	1014.2	23.4	24.0	1014.2	0.0	0.0	0.0	0.000	0.000	0.000	0.0	0.0		12:40:59:159		
000:06:07.350	1013.0	23.4	24.0	1013.0	0.0	0.0	0.0	0.000	0.000	0.000	0.0	0.0		12:40:59:209		
000:06:07.400	1012.2	23.4	24.0	1012.2	0.0	0.0	0.0	0.000	0.000	0.000	0.0	0.0		12:40:59:259		
000:06:07.450	1010.9	23.4	24.0	1010.9	0.0	0.0	0.0	0.000	0.000	0.000	0.0	0.0		12:40:59:309		
000:06:07.500	1009.6	23.4	24.0	1009.6	0.0	0.0	0.0	0.000	0.000	0.000	0.0	0.0		12:40:59:359		
000:06:07.550	1008.3	23.4	24.0	1008.3	0.0	0.0	0.0	0.000	0.000	0.000	0.0	0.0		12:40:59:409		
000:06:07.600	1007.0	23.4	24.0	1007.0	0.0	0.0	0.0	0.000	0.000	0.000	0.0	0.0		12:40:59:459		
000:06:07.650	1005.7	23.4	24.0	1005.7	0.0	0.0	0.0	0.000	0.000	0.000	0.0	0.0		12:40:59:509		
000:06:07.700	1004.4	23.4	24.0	1004.4	0.0	0.0	0.0	0.000	0.000	0.000	0.0	0.0		12:40:59:559		
000:06:07.750	1003.3	23.4	24.0	1003.3	0.0	0.0	0.0	0.000	0.000	0.000	0.0	0.0		12:40:59:609		
000:06:07.800	1002.6	23.4	24.0	1002.6	0.0	0.0	0.0	0.000	0.000	0.000	0.0	0.0		12:40:59:659		
000:06:07.850	1001.6	23.4	24.0	1001.6	0.0	0.0	0.0	0.000	0.000	0.000	0.0	0.0		12:40:59:709		
000:06:07.900	1000.4	23.4	24.0	1000.4	0.0	0.0	0.0	0.000	0.000	0.000	0.0	0.0		12:40:59:759		
000:06:07.950	999.2	23.4	24.0	999.2	0.0	0.0	0.0	0.000	0.000	0.000	0.0	0.0		12:40:59:809		
000:06:08.000	998.1	23.4	24.0	998.1	0.0	0.0	0.0	0.000	0.000	0.000	0.0	0.0		12:40:59:859		
000:06:08.050	996.7	23.4	24.0	996.7	0.0	0.0	0.0	0.000	0.000	0.000	0.0	0.0		12:40:59:909		
000:06:08.100	995.3	23.4	24.0	995.3	0.0	0.0	0.0	0.000	0.000	0.000	0.0	0.0		12:40:59:959		
000:06:08.150	993.9	23.4	24.0	993.9	0.0	0.0	0.0	0.000	0.000	0.000	0.0	0.0		12:41:00:009		
000:06:08.200	992.8	23.4	24.0	992.8	0.0	0.0	0.0	0.000	0.000	0.000	0.0	0.0		12:41:00:059		
000:06:08.250	992.0	23.4	24.0	992.0	0.0	0.0	0.0	0.000	0.000	0.000	0.0	0.0		12:41:00:109		
000:06:08.300	990.8	23.4	24.0	990.8	0.0	0.0	0.0	0.000	0.000	0.000	0.0	0.0		12:41:00:159		
000:06:08.350	989.4	23.4	24.0	989.4	0.0	0.0	0.0	0.000	0.000	0.000	0.0	0.0		12:41:00:209		
000:06:08.400	988.1	23.4	24.0	988.1	0.0	0.0	0.0	0.000	0.000	0.000	0.0	0.0		12:41:00:259		
000:06:08.450	986.7	23.4	24.0	986.7	0.0	0.0	0.0	0.000	0.000	0.000	0.0	0.0		12:41:00:309		
000:06:08.500	985.4	23.4	24.0	985.4	0.0	0.0	0.0	0.000	0.000	0.000	0.0	0.0		12:41:00:359		
000:06:08.550	984.1	23.4	24.0	984.1	0.0	0.0	0.0	0.000	0.000	0.000	0.0	0.0		12:41:00:409		
000:06:08.600	982.9	23.4	24.0	982.9	0.0	0.0	0.0	0.000	0.000	0.000	0.0	0.0		12:41:00:459		
000:06:08.650	981.8	23.4	24.0	981.8	0.0	0.0	0.0	0.000	0.000	0.000	0.0	0.0		12:41:00:509		
000:06:08.700	981.0	23.4	24.0	981.0	0.0	0.0	0.0	0.000	0.000	0.000	0.0	0.0		12:41:00:559		
000:06:08.750	980.5	23.4	24.0	980.5	0.0	0.0	0.0	0.000	0.000	0.000	0.0	0.0		12:41:00:609		
000:06:08.800	979.8	23.4	24.0	979.8	0.0	0.0	0.0	0.000	0.000	0.000	0.0	0.0		12:41:00:659		
000:06:08.850	979.0	23.4	24.0	979.0	0.0	0.0	0.0	0.000	0.000	0.000	0.0	0.0		12:41:00:709		
000:06:08.900	978.7	23.4	24.0	978.7	0.0	0.0	0.0	0.000	0.000	0.000	0.0	0.0		12:41:00:759		
000:06:08.950	978.8	23.4	24.0	978.8	0.0	0.0	0.0	0.000	0.000	0.000	0.0	0.0		12:41:00:809		
000:06:09.000	979.0	23.4	24.0	979.0	0.0	0.0	0.0	0.000	0.000	0.000	0.0	0.0		12:41:00:859		
000:06:09.050	978.9	23.4	24.0	978.9	0.0	0.0	0.0	0.000	0.000	0.000	0.0	0.0		12:41:00:909		
000:06:09.100	978.9	23.4	24.0	978.9	0.0	0.0	0.0	0.000	0.000	0.000	0.0	0.0		12:41:00:959		
000:06:09.150	978.8	23.4	24.0	978.8	0.0	0.0	0.0	0.000	0.000	0.000	0.0	0.0		12:41:01:009		
000:06:09.200	978.8	23.4	24.0	978.8	0.0	0.0	0.0	0.000	0.000	0.000	0.0	0.0		12:41:01:059		
000:06:09.250	978.8	23.4	24.0	978.8	0.0	0.0	0.0	0.000	0.000	0.000	0.0	0.0		12:41:01:109		
000:06:09.300	978.9	23.4	24.0	978.9	0.0	0.0	0.0	0.000	0.000	0.000	0.0	0.0		12:41:01:159		
000:06:09.350	979.0	23.4	24.0	979.0	0.0	0.0	0.0	0.000	0.000	0.000	0.0	0.0		12:41:01:209		
000:06:09.400	979.1	23.4	24.0	979.1	0.0	0.0	0.0	0.000	0.000	0.000	0.0	0.0		12:41:01:259		
000:06:09.450	979.2	23.4	24.0	979.2	0.0	0.0	0.0	0.000	0.000	0.000	0.0	0.0		12:41:01:309		
000:06:09.500	979.4	23.4	24.0	979.4	0.0	0.0	0.0	0.000	0.000	0.000	0.0	0.0		12:41:01:359		
000:06:09.550	979.6	23.4	24.0	979.6	0.0	0.0	0.0	0.000	0.000	0.000	0.0	0.0		12:41:01:409		
000:06:09.600	979.9	23.4	24.0	979.9	0.0	0.0	0.0	0.000	0.000	0.000	0.0	0.0		12:41:01:459		
000:06:09.650	980.2	23.4	24.0	980.2	0.0	0.0	0.0	0.000	0.000	0.000	0.0	0.0		12:41:01:509		
000:06:09.700	980.5	23.4	24.0	980.5	0.0	0.0	0.0	0.000	0.000	0.000	0.0	0.0		12:41:01:559		
000:06:09.750	980.7	23.4	24.0	980.7	0.0	0.0	0.0	0.000	0.000	0.000	0.0	0.0		12:41:01:609		
000:06:09.800	980.9	23.4	24.0	980.9	0.0	0.0	0.0	0.000	0.000	0.000	0.0	0.0		12:41:01:659		
000:06:09.850	981.0	23.4	24.0	981.0	0.0	0.0	0.0	0.000	0.000	0.000	0.0	0.0		12:41:01:709		
000:06:09.900	981.1	23.4	24.0	981.1	0.0	0.0	0.0	0.000	0.000	0.000	0.0	0.0		12:41:01:759		
000:06:09.950	981.2	23.4	24.0	981.2	0.0	0.0	0.0	0.000	0.000	0.000	0.0	0.0		12:41:01:809		
000:06:10.000	981.3	23.4	24.0	981.3	0.0	0.0	0.0	0.000	0.000	0.000	0.0	0.0		12:41:01:859		
000:06:10.050	981.3	23.4	24.0	981.3	0.0	0.0	0.0	0.000	0.000	0.000	0.0	0.0		12:41:01:909		
000:06:10.100	981.3	23.4	24.0	981.3	0.0	0.0	0.0	0.000	0.000	0.000	0.0	0.0		12:41:01:959		
000:06:10.150	981.3	23.4	24.0	981.3	0.0	0.0	0.0	0.000	0.000	0.000	0.0	0.0		12:41:02:009		
000:06:10.200	981.3	23.4	24.0	981.3	0.0	0.0	0.0	0.000	0.000	0.000	0.0	0.0		12:41:02:059		
000:06:10.250	981.3	23.4	24.0	981.3	0.0	0.0	0.0	0.000	0.000	0.000	0.0	0.0		12:41:02:109		
000:06:10.300	981.3	23.4	24.0	981.3	0.0	0.0	0.0	0.000	0.000	0.000	0.0	0.0		12:41:02:159		
000:06:10.350	981.3	23.4	24.0	981.3	0.0	0.0	0.0	0.000	0.000	0.000	0.0	0.0		12:41:02:209		
000:06:10.400	981.2	23.4	24.0	981.2	0.0	0.0	0.0	0.000	0.000	0.000	0.0	0.0		12:41:02:259		
000:06:10.450	981.2	23.4	24.0	981.2	0.0	0.0	0.0	0.000	0.000	0.000	0.0	0.0		12:41:02:309		
000:06:10.500	981.2	23.4	24.0	981.2	0.0	0.0	0.0	0.000	0.000	0.000	0.0	0.0		12:41:02:359		
000:06:10.550	981.1	23.4	24.0	981.1	0.0	0.0	0.0	0.000	0.000	0.000	0.0	0.0		12:41:02:409		
000:06:10.600	981.1	23.4	24.0	981.1	0.0	0.0	0.0	0.000	0.000	0.000	0.0	0.0		12:41:02:459		
000:06:10.650	981.1	23.4	24.0	981.1	0.0	0.0	0.0	0.000	0.000	0.000	0.0	0.0		12:41:02:509		
000:06:10.700	981.0	23.4	24.0	981.0	0.0	0.0	0.0	0.000	0.000	0.000	0.0	0.0		12:41:02:559		
000:06:10.750	981.0	23.4	24.0	981.0	0.0	0.0	0.0	0.000	0.000	0.000	0.0	0.0		12:41:02:609		
000:06:10.800	981.0	23.4	24.0	981.0	0.0	0.0	0.0	0.000	0.000	0.000	0.0	0.0		12:41:02:659		
000:06:10.850	980.9	23.4	24.0	980.9	0.0	0.0	0.0	0.000	0.000	0.000	0.0	0.0		12:41:02:709		
000:06:10.900	980.9	23.4	24.0	980.9	0.0	0.0	0.0	0.000	0.000	0.000	0.0	0.0		12:41:02:759		
000:06:10.950	980.9	23.4	24.0	980.9	0.0	0.0	0.0	0.000	0.000	0.000	0.0	0.0		12:41:02:809		
000:06:11.000	980.8	23.4	24.0	980.8	0.0	0.0	0.0	0.000	0.000	0.000	0.0	0.0		12:41:02:859		
000:06:11.050	980.8	23.4	24.0	980.8	0.0	0.0	0.0	0.000	0.000	0.000	0.0	0.0		12:41:02:909		
000:06:11.100	980.8	23.4	24.0	980.8	0.0	0.0	0.0	0.000	0.000	0.000	0.0	0.0		12:41:02:959		
000:06:11.150	980.7	23.4	24.0	980.7	0.0	0.0	0.0	0.000	0.000	0.000	0.0	0.0		12:41:03:009		
000:06:11.200	980.6	23.4	24.0	980.6	0.0	0.0	0.0	0.000	0.000	0.000	0.0	0.0		12:41:03:059		
000:06:11.250	980.6	23.4	24.0	980.6	0.0	0.0	0.0	0.000	0.000	0.000	0.0	0.0		12:41:03:109		
000:06:11.300	980.6	23.4	24.0	980.6	0.0	0.0	0.0	0.000	0.000	0.000	0.0	0.0		12:41:03:159		
000:06:11.350	980.5	23.4	24.0	980.5	0.0	0.0	0.0	0.000	0.000	0.000	0.0	0.0		12:41:03:209		
000:06:11.400	980.5	23.4	24.0	980.5	0.0	0.0	0.0	0.000	0.000	0.000	0.0	0.0		12:41:03:259		
000:06:11.450	980.5	23.4	24.0	980.5	0.0	0.0	0.0	0.000	0.000	0.000	0.0	0.0		12:41:03:309		
000:06:11.500	980.4	23.4	24.0	980.4	0.0	0.0	0.0	0.000	0.000	0.000	0.0	0.0		12:41:03:359		
000:06:11.550	980.3	23.4	24.0	980.3	0.0	0.0	0.0	0.000	0.000	0.000	0.0	0.0		12:41:03:409		
000:06:11.600	980.2	23.4	24.0	980.2	0.0	0.0	0.0	0.000	0.000	0.000	0.0	0.0		12:41:03:459		
000:06:11.650	980.1	23.4	24.0	980.1	0.0	0.0	0.0	0.000	0.000	0.000	0.0	0.0		12:41:03:509		
000:06:11.700	980.1	23.4	24.0	980.1	0.0	0.0	0.0	0.000	0.000	0.000	0.0	0.0		12:41:03:559		
000:06:11.750	980.0	23.4	24.0	980.0	0.0	0.0	0.0	0.000	0.000	0.000	0.0	0.0		12:41:03:609		
000:06:11.800	979.9	23.4	24.0	979.9	0.0	0.0	0.0	0.000	0.000	0.000	0.0	0.0		12:41:03:659		
000:06:11.850	979.8	23.4	24.0	979.8	0.0	0.0	0.0	0.000	0.000	0.000	0.0	0.0		12:41:03:709		
000:06:11.900	979.7	23.4	24.0	979.7	0.0	0.0	0.0	0.000	0.000	0.000	0.0	0.0		12:41:03:759		
000:06:11.950	979.6	23.4	24.0	979.6	0.0	0.0	0.0	0.000	0.000	0.000	0.0	0.0		12:41:03:809		
000:06:12.000	979.5	23.4	24.0	979.5	0.0	0.0	0.0	0.000	0.000	0.000	0.0	0.0		12:41:03:859		
000:06:12.050	979.4	23.4	24.0	979.4	0.0	0.0	0.0	0.000	0.000	0.000	0.0	0.0		12:41:03:909		
000:06:12.100	979.3	23.4	24.0	979.3	0.0	0.0	0.0	0.000	0.000	0.000	0.0	0.0		12:41:03:959		
000:06:12.150	979.3	23.4	24.0	979.3	0.0	0.0	0.0	0.000	0.000	0.000	0.0	0.0		12:41:04:009		
000:06:12.200	979.2	23.4	24.0	979.2	0.0	0.0	0.0	0.000	0.000	0.000	0.0	0.0		12:41:04:059		
000:06:12.250	979.0	23.4	24.0	979.0	0.0	0.0	0.0	0.000	0.000	0.000	0.0	0.0		12:41:04:109		
000:06:12.300	978.9	23.4	24.0	978.9	0.0	0.0	0.0	0.000	0.000	0.000	0.0	0.0		12:41:04:159		
000:06:12.350	978.9	23.4	24.0	978.9	0.0	0.0	0.0	0.000	0.000	0.000	0.0	0.0		12:41:04:209		
000:06:12.400	978.8	23.4	24.0	978.8	0.0	0.0	0.0	0.000	0.000	0.000	0.0	0.0		12:41:04:259		
000:06:12.450	978.7	23.4	24.0	978.7	0.0	0.0	0.0	0.000	0.000	0.000	0.0	0.0		12:41:04:309		
000:06:12.500	978.6	23.4	24.0	978.6	0.0	0.0	0.0	0.000	0.000	0.000	0.0	0.0		12:41:04:359		
000:06:12.550	978.5	23.4	24.0	978.5	0.0	0.0	0.0	0.000	0.000	0.000	0.0	0.0		12:41:04:409		
000:06:12.600	978.4	23.4	24.0	978.4	0.0	0.0	0.0	0.000	0.000	0.000	0.0	0.0		12:41:04:459		
000:06:12.650	978.3	23.4	24.0	978.3	0.0	0.0	0.0	0.000	0.000	0.000	0.0	0.0		12:41:04:509		
000:06:12.700	978.2	23.4	24.0	978.2	0.0	0.0	0.0	0.000	0.000	0.000	0.0	0.0		12:41:04:559		
000:06:12.750	978.1	23.4	24.0	978.1	0.0	0.0	0.0	0.000	0.000	0.000	0.0	0.0		12:41:04:609		
000:06:12.800	978.1	23.4	24.0	978.1	0.0	0.0	0.0	0.000	0.000	0.000	0.0	0.0		12:41:04:659		
000:06:12.850	978.0	23.4	24.0	978.0	0.0	0.0	0.0	0.000	0.000	0.000	0.0	0.0		12:41:04:709		
000:06:12.900	977.9	23.4	24.0	977.9	0.0	0.0	0.0	0.000	0.000	0.000	0.0	0.0		12:41:04:759		
000:06:12.950	977.8	23.4	24.0	977.8	0.0	0.0	0.0	0.000	0.000	0.000	0.0	0.0		12:41:04:809		
000:06:13.000	977.7	23.4	24.0	977.7	0.0	0.0	0.0	0.000	0.000	0.000	0.0	0.0		12:41:04:859		
000:06:13.050	977.7	23.4	24.0	977.7	0.0	0.0	0.0	0.000	0.000	0.000	0.0	0.0		12:41:04:909		
000:06:13.100	977.6	23.4	24.0	977.6	0.0	0.0	0.0	0.000	0.000	0.000	0.0	0.0		12:41:04:959		
000:06:13.150	977.5	23.4	24.0	977.5	0.0	0.0	0.0	0.000	0.000	0.000	0.0	0.0		12:41:05:009		
000:06:13.200	977.4	23.4	24.0	977.4	0.0	0.0	0.0	0.000	0.000	0.000	0.0	0.0		12:41:05:059		
000:06:13.250	977.3	23.4	24.0	977.3	0.0	0.0	0.0	0.000	0.000	0.000	0.0	0.0		12:41:05:109		
000:06:13.300	977.3	23.4	24.0	977.3	0.0	0.0	0.0	0.000	0.000	0.000	0.0	0.0		12:41:05:159		
000:06:13.350	977.2	23.4	24.0	977.2	0.0	0.0	0.0	0.000	0.000	0.000	0.0	0.0		12:41:05:209		
000:06:13.400	977.1	23.4	24.0	977.1	0.0	0.0	0.0	0.000	0.000	0.000	0.0	0.0		12:41:05:259		
000:06:13.450	977.0	23.4	24.0	977.0	0.0	0.0	0.0	0.000	0.000	0.000	0.0	0.0		12:41:05:309		
000:06:13.500	977.0	23.4	24.0	977.0	0.0	0.0	0.0	0.000	0.000	0.000	0.0	0.0		12:41:05:359		
000:06:13.550	977.0	23.4	24.0	977.0	0.0	0.0	0.0	0.000	0.000	0.000	0.0	0.0		12:41:05:409		
000:06:13.600	977.0	23.4	24.0	977.0	0.0	0.0	0.0	0.000	0.000	0.000	0.0	0.0		12:41:05:459		
000:06:13.650	977.0	23.4	24.0	977.0	0.0	0.0	0.0	0.000	0.000	0.000	0.0	0.0		12:41:05:509		
000:06:13.700	977.1	23.4	24.0	977.1	0.0	0.0	0.0	0.000	0.000	0.000	0.0	0.0		12:41:05:559		
000:06:13.750	977.2	23.4	24.0	977.2	0.0	0.0	0.0	0.000	0.000	0.000	0.0	0.0		12:41:05:609		
000:06:13.800	977.3	23.4	24.0	977.3	0.0	0.0	0.0	0.000	0.000	0.000	0.0	0.0		12:41:05:659		
000:06:13.850	977.4	23.4	24.0	977.4	0.0	0.0	0.0	0.000	0.000	0.000	0.0	0.0		12:41:05:709		
000:06:13.900	977.6	23.4	24.0	977.6	0.0	0.0	0.0	0.000	0.000	0.000	0.0	0.0		12:41:05:759		
000:06:13.950	977.6	23.4	24.0	977.6	0.0	0.0	0.0	0.000	0.000	0.000	0.0	0.0		12:41:05:809		
000:06:14.000	977.5	23.4	24.0	977.5	0.0	0.0	0.0	0.000	0.000	0.000	0.0	0.0		12:41:05:859		
000:06:14.050	977.3	23.4	24.0	977.3	0.0	0.0	0.0	0.000	0.000	0.000	0.0	0.0		12:41:05:909		
000:06:14.100	977.2	23.4	24.0	977.2	0.0	0.0	0.0	0.000	0.000	0.000	0.0	0.0		12:41:05:959		
000:06:14.150	977.0	23.4	24.0	977.0	0.0	0.0	0.0	0.000	0.000	0.000	0.0	0.0		12:41:06:009		
000:06:14.200	976.9	23.4	24.0	976.9	0.0	0.0	0.0	0.000	0.000	0.000	0.0	0.0		12:41:06:059		
000:06:14.250	976.7	23.4	24.0	976.7	0.0	0.0	0.0	0.000	0.000	0.000	0.0	0.0		12:41:06:109		
000:06:14.300	976.5	23.4	24.0	976.5	0.0	0.0	0.0	0.000	0.000	0.000	0.0	0.0		12:41:06:159		
000:06:14.350	976.4	23.4	24.0	976.4	0.0	0.0	0.0	0.000	0.000	0.000	0.0	0.0		12:41:06:209		
000:06:14.400	976.2	23.4	24.0	976.2	0.0	0.0	0.0	0.000	0.000	0.000	0.0	0.0		12:41:06:259		
000:06:14.450	976.1	23.4	24.0	976.1	0.0	0.0	0.0	0.000	0.000	0.000	0.0	0.0		12:41:06:309		
000:06:14.500	975.9	23.4	24.0	975.9	0.0	0.0	0.0	0.000	0.000	0.000	0.0	0.0		12:41:06:359		
000:06:14.550	975.8	23.4	24.0	975.8	0.0	0.0	0.0	0.000	0.000	0.000	0.0	0.0		12:41:06:409		
000:06:14.600	975.6	23.4	24.0	975.6	0.0	0.0	0.0	0.000	0.000	0.000	0.0	0.0		12:41:06:459		
000:06:14.650	975.5	23.4	24.0	975.5	0.0	0.0	0.0	0.000	0.000	0.000	0.0	0.0		12:41:06:509		
000:06:14.700	975.4	23.4	24.0	975.4	0.0	0.0	0.0	0.000	0.000	0.000	0.0	0.0		12:41:06:559		
000:06:14.750	975.3	23.4	24.0	975.3	0.0	0.0	0.0	0.000	0.000	0.000	0.0	0.0		12:41:06:609		
000:06:14.800	975.2	23.4	24.0	975.2	0.0	0.0	0.0	0.000	0.000	0.000	0.0	0.0		12:41:06:659		
000:06:14.850	975.1	23.4	24.0	975.1	0.0	0.0	0.0	0.000	0.000	0.000	0.0	0.0		12:41:06:709		
000:06:14.900	974.9	23.4	24.0	974.9	0.0	0.0	0.0	0.000	0.000	0.000	0.0	0.0		12:41:06:759		
000:06:14.950	974.8	23.4	24.0	974.8	0.0	0.0	0.0	0.000	0.000	0.000	0.0	0.0		12:41:06:809		
000:06:15.000	974.7	23.4	24.0	974.7	0.0	0.0	0.0	0.000	0.000	0.000	0.0	0.0		12:41:06:859		
000:06:15.050	974.5	23.4	24.0	974.5	0.0	0.0	0.0	0.000	0.000	0.000	0.0	0.0		12:41:06:909		
000:06:15.100	974.4	23.4	24.0	974.4	0.0	0.0	0.0	0.000	0.000	0.000	0.0	0.0		12:41:06:959		
000:06:15.150	974.3	23.4	24.0	974.3	0.0	0.0	0.0	0.000	0.000	0.000	0.0	0.0		12:41:07:009		
000:06:15.200	974.1	23.4	24.0	974.1	0.0	0.0	0.0	0.000	0.000	0.000	0.0	0.0		12:41:07:059		
000:06:15.250	974.0	23.4	24.0	974.0	0.0	0.0	0.0	0.000	0.000	0.000	0.0	0.0		12:41:07:109		
000:06:15.300	973.9	23.4	24.0	973.9	0.0	0.0	0.0	0.000	0.000	0.000	0.0	0.0		12:41:07:159		
000:06:15.350	973.8	23.4	24.0	973.8	0.0	0.0	0.0	0.000	0.000	0.000	0.0	0.0		12:41:07:209		
000:06:15.400	973.7	23.4	24.0	973.7	0.0	0.0	0.0	0.000	0.000	0.000	0.0	0.0		12:41:07:259		
000:06:15.450	973.6	23.4	24.0	973.6	0.0	0.0	0.0	0.000	0.000	0.000	0.0	0.0		12:41:07:309		
000:06:15.500	973.5	23.4	24.0	973.5	0.0	0.0	0.0	0.000	0.000	0.000	0.0	0.0		12:41:07:359		
000:06:15.550	973.3	23.4	24.0	973.3	0.0	0.0	0.0	0.000	0.000	0.000	0.0	0.0		12:41:07:409		
000:06:15.600	973.2	23.4	24.0	973.2	0.0	0.0	0.0	0.000	0.000	0.000	0.0	0.0		12:41:07:459		
000:06:15.650	973.0	23.4	24.0	973.0	0.0	0.0	0.0	0.000	0.000	0.000	0.0	0.0		12:41:07:509		
000:06:15.700	972.9	23.4	24.0	972.9	0.0	0.0	0.0	0.000	0.000	0.000	0.0	0.0		12:41:07:559		
000:06:15.750	972.8	23.4	24.0	972.8	0.0	0.0	0.0	0.000	0.000	0.000	0.0	0.0		12:41:07:609		
000:06:15.800	972.6	23.4	24.0	972.6	0.0	0.0	0.0	0.000	0.000	0.000	0.0	0.0		12:41:07:659		
000:06:15.850	972.5	23.4	24.0	972.5	0.0	0.0	0.0	0.000	0.000	0.000	0.0	0.0		12:41:07:709		
000:06:15.900	972.3	23.4	24.0	972.3	0.0	0.0	0.0	0.000	0.000	0.000	0.0	0.0		12:41:07:759		
000:06:15.950	972.2	23.4	24.0	972.2	0.0	0.0	0.0	0.000	0.000	0.000	0.0	0.0		12:41:07:809		
000:06:16.000	972.1	23.4	24.0	972.1	0.0	0.0	0.0	0.000	0.000	0.000	0.0	0.0		12:41:07:859		
000:06:16.050	972.0	23.4	24.0	972.0	0.0	0.0	0.0	0.000	0.000	0.000	0.0	0.0		12:41:07:909		
000:06:16.100	971.8	23.4	24.0	971.8	0.0	0.0	0.0	0.000	0.000	0.000	0.0	0.0		12:41:07:959		
000:06:16.150	971.7	23.4	24.0	971.7	0.0	0.0	0.0	0.000	0.000	0.000	0.0	0.0		12:41:08:009		
000:06:16.200	971.5	23.4	24.0	971.5	0.0	0.0	0.0	0.000	0.000	0.000	0.0	0.0		12:41:08:059		
000:06:16.250	971.4	23.4	24.0	971.4	0.0	0.0	0.0	0.000	0.000	0.000	0.0	0.0		12:41:08:109		
000:06:16.300	971.2	23.4	24.0	971.2	0.0	0.0	0.0	0.000	0.000	0.000	0.0	0.0		12:41:08:159		
000:06:16.350	971.1	23.4	24.0	971.1	0.0	0.0	0.0	0.000	0.000	0.000	0.0	0.0		12:41:08:209		
000:06:16.400	970.9	23.4	24.0	970.9	0.0	0.0	0.0	0.000	0.000	0.000	0.0	0.0		12:41:08:259		
000:06:16.450	970.8	23.4	24.0	970.8	0.0	0.0	0.0	0.000	0.000	0.000	0.0	0.0		12:41:08:309		
000:06:16.500	970.6	23.4	24.0	970.6	0.0	0.0	0.0	0.000	0.000	0.000	0.0	0.0		12:41:08:359		
000:06:16.550	970.5	23.4	24.0	970.5	0.0	0.0	0.0	0.000	0.000	0.000	0.0	0.0		12:41:08:409		
000:06:16.600	970.3	23.4	24.0	970.3	0.0	0.0	0.0	0.000	0.000	0.000	0.0	0.0		12:41:08:459		
000:06:16.650	970.1	23.4	24.0	970.1	0.0	0.0	0.0	0.000	0.000	0.000	0.0	0.0		12:41:08:509		
000:06:16.700	969.9	23.4	24.0	969.9	0.0	0.0	0.0	0.000	0.000	0.000	0.0	0.0		12:41:08:559		
000:06:16.750	969.8	23.4	24.0	969.8	0.0	0.0	0.0	0.000	0.000	0.000	0.0	0.0		12:41:08:609		
000:06:16.800	969.6	23.4	24.0	969.6	0.0	0.0	0.0	0.000	0.000	0.000	0.0	0.0		12:41:08:659		
000:06:16.850	969.5	23.4	24.0	969.5	0.0	0.0	0.0	0.000	0.000	0.000	0.0	0.0		12:41:08:709		
000:06:16.900	969.4	23.4	24.0	969.4	0.0	0.0	0.0	0.000	0.000	0.000	0.0	0.0		12:41:08:759		
000:06:16.950	969.3	23.4	24.0	969.3	0.0	0.0	0.0	0.000	0.000	0.000	0.0	0.0		12:41:08:809		
000:06:17.000	969.2	23.4	24.0	969.2	0.0	0.0	0.0	0.000	0.000	0.000	0.0	0.0		12:41:08:859		
000:06:17.050	969.1	23.4	24.0	969.1	0.0	0.0	0.0	0.000	0.000	0.000	0.0	0.0		12:41:08:909		
000:06:17.100	968.9	23.4	24.0	968.9	0.0	0.0	0.0	0.000	0.000	0.000	0.0	0.0		12:41:08:959		
000:06:17.150	968.8	23.4	24.0	968.8	0.0	0.0	0.0	0.000	0.000	0.000	0.0	0.0		12:41:09:009		
000:06:17.200	968.7	23.4	24.0	968.7	0.0	0.0	0.0	0.000	0.000	0.000	0.0	0.0		12:41:09:059		
000:06:17.250	968.5	23.4	24.0	968.5	0.0	0.0	0.0	0.000	0.000	0.000	0.0	0.0		12:41:09:109		
000:06:17.300	968.4	23.4	24.0	968.4	0.0	0.0	0.0	0.000	0.000	0.000	0.0	0.0		12:41:09:159		
000:06:17.350	968.3	23.4	24.0	968.3	0.0	0.0	0.0	0.000	0.000	0.000	0.0	0.0		12:41:09:209		
000:06:17.400	968.2	23.4	24.0	968.2	0.0	0.0	0.0	0.000	0.000	0.000	0.0	0.0		12:41:09:259		
000:06:17.450	968.1	23.4	24.0	968.1	0.0	0.0	0.0	0.000	0.000	0.000	0.0	0.0		12:41:09:309		
000:06:17.500	967.9	23.4	24.0	967.9	0.0	0.0	0.0	0.000	0.000	0.000	0.0	0.0		12:41:09:359		
000:06:17.550	967.8	23.4	24.0	967.8	0.0	0.0	0.0	0.000	0.000	0.000	0.0	0.0		12:41:09:409		
000:06:17.600	967.7	23.4	24.0	967.7	0.0	0.0	0.0	0.000	0.000	0.000	0.0	0.0		12:41:09:459		
000:06:17.650	967.6	23.4	24.0	967.6	0.0	0.0	0.0	0.000	0.000	0.000	0.0	0.0		12:41:09:509		
000:06:17.700	967.5	23.4	24.0	967.5	0.0	0.0	0.0	0.000	0.000	0.000	0.0	0.0		12:41:09:559		
000:06:17.750	967.3	23.4	24.0	967.3	0.0	0.0	0.0	0.000	0.000	0.000	0.0	0.0		12:41:09:609		
000:06:17.800	967.1	23.4	24.0	967.1	0.0	0.0	0.0	0.000	0.000	0.000	0.0	0.0		12:41:09:659		
000:06:17.850	966.9	23.4	24.0	966.9	0.0	0.0	0.0	0.000	0.000	0.000	0.0	0.0		12:41:09:709		
000:06:17.900	966.6	23.4	24.0	966.6	0.0	0.0	0.0	0.000	0.000	0.000	0.0	0.0		12:41:09:759		
000:06:17.950	966.4	23.4	24.0	966.4	0.0	0.0	0.0	0.000	0.000	0.000	0.0	0.0		12:41:09:809		
000:06:18.000	966.2	23.4	24.0	966.2	0.0	0.0	0.0	0.000	0.000	0.000	0.0	0.0		12:41:09:859		
000:06:18.050	966.0	23.4	24.0	966.0	0.0	0.0	0.0	0.000	0.000	0.000	0.0	0.0		12:41:09:909		
000:06:18.100	965.8	23.4	24.0	965.8	0.0	0.0	0.0	0.000	0.000	0.000	0.0	0.0		12:41:09:959		
000:06:18.150	965.5	23.4	24.0	965.5	0.0	0.0	0.0	0.000	0.000	0.000	0.0	0.0		12:41:10:009		
000:06:18.200	965.3	23.4	24.0	965.3	0.0	0.0	0.0	0.000	0.000	0.000	0.0	0.0		12:41:10:059		
000:06:18.250	964.7	23.4	24.0	964.7	0.0	0.0	0.0	0.000	0.000	0.000	0.0	0.0		12:41:10:109		
000:06:18.300	964.4	23.4	24.0	964.4	0.0	0.0	0.0	0.000	0.000	0.000	0.0	0.0		12:41:10:159		
000:06:18.350	966.0	23.4	24.0	966.0	0.0	0.0	0.0	0.000	0.000	0.000	0.0	0.0		12:41:10:209		
000:06:18.400	964.9	23.4	24.0	964.9	0.0	0.0	0.0	0.000	0.000	0.000	0.0	0.0		12:41:10:259		
000:06:18.450	963.3	23.4	24.0	963.3	0.0	0.0	0.0	0.000	0.000	0.000	0.0	0.0		12:41:10:309		
000:06:18.500	968.7	23.4	24.0	968.7	0.0	0.0	0.0	0.000	0.000	0.000	0.0	0.0		12:41:10:359		
000:06:18.550	952.6	23.4	24.0	952.6	0.0	0.0	0.0	0.000	0.000	0.000	0.0	0.0		12:41:10:409		
000:06:18.600	847.7	23.4	24.0	847.7	0.0	0.0	0.0	0.000	0.000	0.000	0.0	0.0		12:41:10:459		
000:06:18.650	800.0	23.4	24.0	800.0	0.0	0.0	0.0	0.000	0.000	0.000	0.0	0.0		12:41:10:509		
000:06:18.700	800.0	23.4	24.0	800.0	0.0	0.0	0.0	0.000	0.000	0.000	0.0	0.0		12:41:10:559		
000:06:18.750	800.0	23.4	24.0	800.0	0.0	0.0	0.0	0.000	0.000	0.000	0.0	0.0		12:41:10:609		
000:06:18.800	800.0	23.4	24.0	800.0	0.0	0.0	0.0	0.000	0.000	0.000	0.0	0.0		12:41:10:659		
000:06:18.850	800.0	23.4	24.0	800.0	0.0	0.0	0.0	0.000	0.000	0.000	0.0	0.0		12:41:10:709		
000:06:18.900	800.0	23.4	24.0	800.0	0.0	0.0	0.0	0.000	0.000	0.000	0.0	0.0		12:41:10:759		
000:06:18.950	800.0	23.4	24.0	800.0	0.0	0.0	0.0	0.000	0.000	0.000	0.0	0.0		12:41:10:809		
000:06:19.000	800.0	23.4	24.0	800.0	0.0	0.0	0.0	0.000	0.000	0.000	0.0	0.0		12:41:10:859		
000:06:19.050	800.0	23.4	24.0	800.0	0.0	0.0	0.0	0.000	0.000	0.000	0.0	0.0		12:41:10:909		
000:06:19.100	800.0	23.4	24.0	800.0	0.0	0.0	0.0	0.000	0.000	0.000	0.0	0.0		12:41:10:959		
000:06:19.150	800.0	23.4	24.0	800.0	0.0	0.0	0.0	0.000	0.000	0.000	0.0	0.0		12:41:11:009		
000:06:19.200	800.0	23.4	24.0	800.0	0.0	0.0	0.0	0.000	0.000	0.000	0.0	0.0		12:41:11:059		
000:06:19.250	800.0	23.4	24.0	800.0	0.0	0.0	0.0	0.000	0.000	0.000	0.0	0.0		12:41:11:109		
000:06:19.300	800.0	23.4	24.0	800.0	0.0	0.0	0.0	0.000	0.000	0.000	0.0	0.0		12:41:11:159		
000:06:19.350	800.0	23.4	24.0	800.0	0.0	0.0	0.0	0.000	0.000	0.000	0.0	0.0		12:41:11:209		
000:06:19.400	800.0	23.4	24.0	800.0	0.0	0.0	0.0	0.000	0.000	0.000	0.0	0.0		12:41:11:259		
000:06:19.450	800.0	23.4	24.0	800.0	0.0	0.0	0.0	0.000	0.000	0.000	0.0	0.0		12:41:11:309		
000:06:19.500	800.0	23.4	24.0	800.0	0.0	0.0	0.0	0.000	0.000	0.000	0.0	0.0		12:41:11:359		
000:06:19.550	800.0	23.4	24.0	800.0	0.0	0.0	0.0	0.000	0.000	0.000	0.0	0.0		12:41:11:409		
000:06:19.600	800.0	23.4	24.0	800.0	0.0	0.0	0.0	0.000	0.000	0.000	0.0	0.0		12:41:11:459		
000:06:19.650	800.0	23.4	24.0	800.0	0.0	0.0	0.0	0.000	0.000	0.000	0.0	0.0		12:41:11:509		
000:06:19.700	800.0	23.4	24.0	800.0	0.0	0.0	0.0	0.000	0.000	0.000	0.0	0.0		12:41:11:559		
000:06:19.750	800.0	23.4	24.0	800.0	0.0	0.0	0.0	0.000	0.000	0.000	0.0	0.0		12:41:11:609		
000:06:19.800	800.0	23.4	24.0	800.0	0.0	0.0	0.0	0.000	0.000	0.000	0.0	0.0		12:41:11:659		
000:06:19.850	800.0	23.4	24.0	800.0	0.0	0.0	0.0	0.000	0.000	0.000	0.0	0.0		12:41:11:709		
000:06:19.900	800.0	23.4	24.0	800.0	0.0	0.0	0.0	0.000	0.000	0.000	0.0	0.0		12:41:11:759		
000:06:19.950	800.0	23.4	24.0	800.0	0.0	0.0	0.0	0.000	0.000	0.000	0.0	0.0		12:41:11:809		
000:06:20.000	800.0	23.4	24.0	800.0	0.0	0.0	0.0	0.000	0.000	0.000	0.0	0.0		12:41:11:859		
000:06:20.050	800.0	23.4	24.0	800.0	0.0	0.0	0.0	0.000	0.000	0.000	0.0	0.0		12:41:11:909		
000:06:20.100	800.0	23.4	24.0	800.0	0.0	0.0	0.0	0.000	0.000	0.000	0.0	0.0		12:41:11:959		
000:06:20.150	800.0	23.4	24.0	800.0	0.0	0.0	0.0	0.000	0.000	0.000	0.0	0.0		12:41:12:009		
000:06:20.200	800.0	23.4	24.0	800.0	0.0	0.0	0.0	0.000	0.000	0.000	0.0	0.0		12:41:12:059		
000:06:20.250	800.0	23.4	24.0	800.0	0.0	0.0	0.0	0.000	0.000	0.000	0.0	0.0		12:41:12:109		
000:06:20.300	800.0	23.4	24.0	800.0	0.0	0.0	0.0	0.000	0.000	0.000	0.0	0.0		12:41:12:159		
000:06:20.350	800.0	23.4	24.0	800.0	0.0	0.0	0.0	0.000	0.000	0.000	0.0	0.0		12:41:12:209		
000:06:20.400	800.0	23.4	24.0	800.0	0.0	0.0	0.0	0.000	0.000	0.000	0.0	0.0		12:41:12:259		
000:06:20.450	800.0	23.4	24.0	800.0	0.0	0.0	0.0	0.000	0.000	0.000	0.0	0.0		12:41:12:309		
000:06:20.500	800.0	23.4	24.0	800.0	0.0	0.0	0.0	0.000	0.000	0.000	0.0	0.0		12:41:12:359		
000:06:20.550	800.0	23.4	24.0	800.0	0.0	0.0	0.0	0.000	0.000	0.000	0.0	0.0		12:41:12:409		
000:06:20.600	800.0	23.4	24.0	800.0	0.0	0.0	0.0	0.000	0.000	0.000	0.0	0.0		12:41:12:459		
000:06:20.650	800.0	23.4	24.0	800.0	0.0	0.0	0.0	0.000	0.000	0.000	0.0	0.0		12:41:12:509		
000:06:20.700	800.0	23.4	24.0	800.0	0.0	0.0	0.0	0.000	0.000	0.000	0.0	0.0		12:41:12:559		
000:06:20.750	800.0	23.4	24.0	800.0	0.0	0.0	0.0	0.000	0.000	0.000	0.0	0.0		12:41:12:609		
000:06:20.800	800.0	23.4	24.0	800.0	0.0	0.0	0.0	0.000	0.000	0.000	0.0	0.0		12:41:12:659		
000:06:20.850	800.0	23.4	24.0	800.0	0.0	0.0	0.0	0.000	0.000	0.000	0.0	0.0		12:41:12:709		
000:06:20.900	800.0	23.4	24.0	800.0	0.0	0.0	0.0	0.000	0.000	0.000	0.0	0.0		12:41:12:759		
000:06:20.950	800.0	23.4	24.0	800.0	0.0	0.0	0.0	0.000	0.000	0.000	0.0	0.0		12:41:12:809		
000:06:21.000	800.0	23.4	24.0	800.0	0.0	0.0	0.0	0.000	0.000	0.000	0.0	0.0		12:41:12:859		
000:06:21.050	800.0	23.4	24.0	800.0	0.0	0.0	0.0	0.000	0.000	0.000	0.0	0.0		12:41:12:909		
000:06:21.100	800.0	23.4	24.0	800.0	0.0	0.0	0.0	0.000	0.000	0.000	0.0	0.0		12:41:12:959		
000:06:21.150	800.0	23.4	24.0	800.0	0.0	0.0	0.0	0.000	0.000	0.000	0.0	0.0		12:41:13:009		
000:06:21.200	800.0	23.4	24.0	800.0	0.0	0.0	0.0	0.000	0.000	0.000	0.0	0.0		12:41:13:059		
000:06:21.250	800.0	23.4	24.0	800.0	0.0	0.0	0.0	0.000	0.000	0.000	0.0	0.0		12:41:13:109		
000:06:21.300	800.0	23.4	24.0	800.0	0.0	0.0	0.0	0.000	0.000	0.000	0.0	0.0		12:41:13:159		
000:06:21.350	800.0	23.4	24.0	800.0	0.0	0.0	0.0	0.000	0.000	0.000	0.0	0.0		12:41:13:209		
000:06:21.400	800.0	23.4	24.0	800.0	0.0	0.0	0.0	0.000	0.000	0.000	0.0	0.0		12:41:13:259		
000:06:21.450	800.0	23.4	24.0	800.0	0.0	0.0	0.0	0.000	0.000	0.000	0.0	0.0		12:41:13:309		
000:06:21.500	800.0	23.4	24.0	800.0	0.0	0.0	0.0	0.000	0.000	0.000	0.0	0.0		12:41:13:359		
000:06:21.550	800.0	23.4	24.0	800.0	0.0	0.0	0.0	0.000	0.000	0.000	0.0	0.0		12:41:13:409		
000:06:21.600	800.0	23.4	24.0	800.0	0.0	0.0	0.0	0.000	0.000	0.000	0.0	0.0		12:41:13:459		
000:06:21.650	800.0	23.4	24.0	800.0	0.0	0.0	0.0	0.000	0.000	0.000	0.0	0.0		12:41:13:509		
000:06:21.700	800.0	23.4	24.0	800.0	0.0	0.0	0.0	0.000	0.000	0.000	0.0	0.0		12:41:13:559		
000:06:21.750	800.0	23.4	24.0	800.0	0.0	0.0	0.0	0.000	0.000	0.000	0.0	0.0		12:41:13:609		
000:06:21.800	800.0	23.4	24.0	800.0	0.0	0.0	0.0	0.000	0.000	0.000	0.0	0.0		12:41:13:659		
000:06:21.850	800.0	23.4	24.0	800.0	0.0	0.0	0.0	0.000	0.000	0.000	0.0	0.0		12:41:13:709		
000:06:21.900	800.0	23.4	24.0	800.0	0.0	0.0	0.0	0.000	0.000	0.000	0.0	0.0		12:41:13:759		
000:06:21.950	800.0	23.4	24.0	800.0	0.0	0.0	0.0	0.000	0.000	0.000	0.0	0.0		12:41:13:809		
000:06:22.000	800.0	23.4	24.0	800.0	0.0	0.0	0.0	0.000	0.000	0.000	0.0	0.0		12:41:13:859		
000:06:22.050	800.0	23.4	24.0	800.0	0.0	0.0	0.0	0.000	0.000	0.000	0.0	0.0		12:41:13:909		
000:06:22.100	800.0	23.4	24.0	800.0	0.0	0.0	0.0	0.000	0.000	0.000	0.0	0.0		12:41:13:959		
000:06:22.150	800.0	23.4	24.0	800.0	0.0	0.0	0.0	0.000	0.000	0.000	0.0	0.0		12:41:14:009		
000:06:22.200	800.0	23.4	24.0	800.0	0.0	0.0	0.0	0.000	0.000	0.000	0.0	0.0		12:41:14:059		
000:06:22.250	800.0	23.4	24.0	800.0	0.0	0.0	0.0	0.000	0.000	0.000	0.0	0.0		12:41:14:109		
000:06:22.300	800.0	23.4	24.0	800.0	0.0	0.0	0.0	0.000	0.000	0.000	0.0	0.0		12:41:14:159		
000:06:22.350	800.0	23.4	24.0	800.0	0.0	0.0	0.0	0.000	0.000	0.000	0.0	0.0		12:41:14:209		
000:06:22.400	800.0	23.4	24.0	800.0	0.0	0.0	0.0	0.000	0.000	0.000	0.0	0.0		12:41:14:259		
000:06:22.450	800.0	23.4	24.0	800.0	0.0	0.0	0.0	0.000	0.000	0.000	0.0	0.0		12:41:14:309		
000:06:22.500	800.0	23.4	24.0	800.0	0.0	0.0	0.0	0.000	0.000	0.000	0.0	0.0		12:41:14:359		
000:06:22.550	800.0	23.4	24.0	800.0	0.0	0.0	0.0	0.000	0.000	0.000	0.0	0.0		12:41:14:409		
000:06:22.600	800.0	23.4	24.0	800.0	0.0	0.0	0.0	0.000	0.000	0.000	0.0	0.0		12:41:14:459		
000:06:22.650	800.0	23.4	24.0	800.0	0.0	0.0	0.0	0.000	0.000	0.000	0.0	0.0		12:41:14:509		
000:06:22.700	800.0	23.4	24.0	800.0	0.0	0.0	0.0	0.000	0.000	0.000	0.0	0.0		12:41:14:559		
000:06:22.750	800.0	23.4	24.0	800.0	0.0	0.0	0.0	0.000	0.000	0.000	0.0	0.0		12:41:14:609		
000:06:22.800	800.0	23.4	24.0	800.0	0.0	0.0	0.0	0.000	0.000	0.000	0.0	0.0		12:41:14:659		
000:06:22.850	800.0	23.4	24.0	800.0	0.0	0.0	0.0	0.000	0.000	0.000	0.0	0.0		12:41:14:709		
000:06:22.900	800.0	23.4	24.0	800.0	0.0	0.0	0.0	0.000	0.000	0.000	0.0	0.0		12:41:14:759		
000:06:22.950	800.0	23.4	24.0	800.0	0.0	0.0	0.0	0.000	0.000	0.000	0.0	0.0		12:41:14:809		
000:06:23.000	800.0	23.4	24.0	800.0	0.0	0.0	0.0	0.000	0.000	0.000	0.0	0.0		12:41:14:859		
000:06:23.050	800.0	23.4	24.0	800.0	0.0	0.0	0.0	0.000	0.000	0.000	0.0	0.0		12:41:14:909		
000:06:23.100	800.0	23.4	24.0	800.0	0.0	0.0	0.0	0.000	0.000	0.000	0.0	0.0		12:41:14:959		
000:06:23.150	800.0	23.4	24.0	800.0	0.0	0.0	0.0	0.000	0.000	0.000	0.0	0.0		12:41:15:009		
000:06:23.200	800.0	23.4	24.0	800.0	0.0	0.0	0.0	0.000	0.000	0.000	0.0	0.0		12:41:15:059		
000:06:23.250	800.0	23.4	24.0	800.0	0.0	0.0	0.0	0.000	0.000	0.000	0.0	0.0		12:41:15:109		
000:06:23.300	800.0	23.4	24.0	800.0	0.0	0.0	0.0	0.000	0.000	0.000	0.0	0.0		12:41:15:159		
000:06:23.350	800.0	23.4	24.0	800.0	0.0	0.0	0.0	0.000	0.000	0.000	0.0	0.0		12:41:15:209		
000:06:23.400	800.0	23.4	24.0	800.0	0.0	0.0	0.0	0.000	0.000	0.000	0.0	0.0		12:41:15:259		
000:06:23.450	800.0	23.4	24.0	800.0	0.0	0.0	0.0	0.000	0.000	0.000	0.0	0.0		12:41:15:309		
000:06:23.500	800.0	23.4	24.0	800.0	0.0	0.0	0.0	0.000	0.000	0.000	0.0	0.0		12:41:15:359		
000:06:23.550	800.0	23.4	24.0	800.0	0.0	0.0	0.0	0.000	0.000	0.000	0.0	0.0		12:41:15:409		
000:06:23.600	800.0	23.4	24.0	800.0	0.0	0.0	0.0	0.000	0.000	0.000	0.0	0.0		12:41:15:459		
000:06:23.650	800.0	23.4	24.0	800.0	0.0	0.0	0.0	0.000	0.000	0.000	0.0	0.0		12:41:15:509		
000:06:23.700	800.0	23.4	24.0	800.0	0.0	0.0	0.0	0.000	0.000	0.000	0.0	0.0		12:41:15:559		
000:06:23.750	800.0	23.4	24.0	800.0	0.0	0.0	0.0	0.000	0.000	0.000	0.0	0.0		12:41:15:609		
000:06:23.800	800.0	23.4	24.0	800.0	0.0	0.0	0.0	0.000	0.000	0.000	0.0	0.0		12:41:15:659		
000:06:23.850	800.0	23.4	24.0	800.0	0.0	0.0	0.0	0.000	0.000	0.000	0.0	0.0		12:41:15:709		
000:06:23.900	800.0	23.4	24.0	800.0	0.0	0.0	0.0	0.000	0.000	0.000	0.0	0.0		12:41:15:759		
000:06:23.950	800.0	23.4	24.0	800.0	0.0	0.0	0.0	0.000	0.000	0.000	0.0	0.0		12:41:15:809		
000:06:24.000	800.0	23.4	24.0	800.0	0.0	0.0	0.0	0.000	0.000	0.000	0.0	0.0		12:41:15:859		
000:06:24.050	800.0	23.4	24.0	800.0	0.0	0.0	0.0	0.000	0.000	0.000	0.0	0.0		12:41:15:909		
000:06:24.100	800.0	23.4	24.0	800.0	0.0	0.0	0.0	0.000	0.000	0.000	0.0	0.0		12:41:15:959		
000:06:24.150	800.0	23.4	24.0	800.0	0.0	0.0	0.0	0.000	0.000	0.000	0.0	0.0		12:41:16:009		
000:06:24.200	800.0	23.4	24.0	800.0	0.0	0.0	0.0	0.000	0.000	0.000	0.0	0.0		12:41:16:059		
000:06:24.250	800.0	23.4	24.0	800.0	0.0	0.0	0.0	0.000	0.000	0.000	0.0	0.0		12:41:16:109		
000:06:24.300	800.0	23.4	24.0	800.0	0.0	0.0	0.0	0.000	0.000	0.000	0.0	0.0		12:41:16:159		
000:06:24.350	800.0	23.4	24.0	800.0	0.0	0.0	0.0	0.000	0.000	0.000	0.0	0.0		12:41:16:209		
000:06:24.400	800.0	23.4	24.0	800.0	0.0	0.0	0.0	0.000	0.000	0.000	0.0	0.0		12:41:16:259		
000:06:24.450	800.0	23.4	24.0	800.0	0.0	0.0	0.0	0.000	0.000	0.000	0.0	0.0		12:41:16:309		
000:06:24.500	800.0	23.4	24.0	800.0	0.0	0.0	0.0	0.000	0.000	0.000	0.0	0.0		12:41:16:359		
000:06:24.550	800.0	23.4	24.0	800.0	0.0	0.0	0.0	0.000	0.000	0.000	0.0	0.0		12:41:16:409		
000:06:24.600	800.0	23.4	24.0	800.0	0.0	0.0	0.0	0.000	0.000	0.000	0.0	0.0		12:41:16:459		
000:06:24.650	800.0	23.4	24.0	800.0	0.0	0.0	0.0	0.000	0.000	0.000	0.0	0.0		12:41:16:509		
000:06:24.700	800.0	23.4	24.0	800.0	0.0	0.0	0.0	0.000	0.000	0.000	0.0	0.0		12:41:16:559		
000:06:24.750	800.0	23.4	24.0	800.0	0.0	0.0	0.0	0.000	0.000	0.000	0.0	0.0		12:41:16:609		
000:06:24.800	800.0	23.4	24.0	800.0	0.0	0.0	0.0	0.000	0.000	0.000	0.0	0.0		12:41:16:659		
000:06:24.850	800.0	23.4	24.0	800.0	0.0	0.0	0.0	0.000	0.000	0.000	0.0	0.0		12:41:16:709		
000:06:24.900	800.0	23.4	24.0	800.0	0.0	0.0	0.0	0.000	0.000	0.000	0.0	0.0		12:41:16:759		
000:06:24.950	800.0	23.4	24.0	800.0	0.0	0.0	0.0	0.000	0.000	0.000	0.0	0.0		12:41:16:809		
000:06:25.000	800.0	23.4	24.0	800.0	0.0	0.0	0.0	0.000	0.000	0.000	0.0	0.0		12:41:16:859		
000:06:25.050	800.0	23.4	24.0	800.0	0.0	0.0	0.0	0.000	0.000	0.000	0.0	0.0		12:41:16:909		
000:06:25.100	800.0	23.4	24.0	800.0	0.0	0.0	0.0	0.000	0.000	0.000	0.0	0.0		12:41:16:959		
000:06:25.150	800.0	23.4	24.0	800.0	0.0	0.0	0.0	0.000	0.000	0.000	0.0	0.0		12:41:17:009		
000:06:25.200	800.0	23.4	24.0	800.0	0.0	0.0	0.0	0.000	0.000	0.000	0.0	0.0		12:41:17:059		
000:06:25.250	800.0	23.4	24.0	800.0	0.0	0.0	0.0	0.000	0.000	0.000	0.0	0.0		12:41:17:109		
000:06:25.300	800.0	23.4	24.0	800.0	0.0	0.0	0.0	0.000	0.000	0.000	0.0	0.0		12:41:17:159		
000:06:25.350	800.0	23.4	24.0	800.0	0.0	0.0	0.0	0.000	0.000	0.000	0.0	0.0		12:41:17:209		
000:06:25.400	800.0	23.4	24.0	800.0	0.0	0.0	0.0	0.000	0.000	0.000	0.0	0.0		12:41:17:259		
000:06:25.450	800.0	23.4	24.0	800.0	0.0	0.0	0.0	0.000	0.000	0.000	0.0	0.0		12:41:17:309		
000:06:25.500	800.0	23.4	24.0	800.0	0.0	0.0	0.0	0.000	0.000	0.000	0.0	0.0		12:41:17:359		
000:06:25.550	800.0	23.4	24.0	800.0	0.0	0.0	0.0	0.000	0.000	0.000	0.0	0.0		12:41:17:409		
000:06:25.600	800.0	23.4	24.0	800.0	0.0	0.0	0.0	0.000	0.000	0.000	0.0	0.0		12:41:17:459		
000:06:25.650	800.0	23.4	24.0	800.0	0.0	0.0	0.0	0.000	0.000	0.000	0.0	0.0		12:41:17:509		
000:06:25.700	800.0	23.4	24.0	800.0	0.0	0.0	0.0	0.000	0.000	0.000	0.0	0.0		12:41:17:559		
000:06:25.750	800.0	23.4	24.0	800.0	0.0	0.0	0.0	0.000	0.000	0.000	0.0	0.0		12:41:17:609		
000:06:25.800	800.0	23.4	24.0	800.0	0.0	0.0	0.0	0.000	0.000	0.000	0.0	0.0		12:41:17:659		
000:06:25.850	800.0	23.4	24.0	800.0	0.0	0.0	0.0	0.000	0.000	0.000	0.0	0.0		12:41:17:709		
000:06:25.900	800.0	23.4	24.0	800.0	0.0	0.0	0.0	0.000	0.000	0.000	0.0	0.0		12:41:17:759		
000:06:25.950	800.0	23.4	24.0	800.0	0.0	0.0	0.0	0.000	0.000	0.000	0.0	0.0		12:41:17:809		
000:06:26.000	800.0	23.4	24.0	800.0	0.0	0.0	0.0	0.000	0.000	0.000	0.0	0.0		12:41:17:859		
000:06:26.050	800.0	23.4	24.0	800.0	0.0	0.0	0.0	0.000	0.000	0.000	0.0	0.0		12:41:17:909		
000:06:26.100	800.0	23.4	24.0	800.0	0.0	0.0	0.0	0.000	0.000	0.000	0.0	0.0		12:41:17:959		
000:06:26.150	800.0	23.4	24.0	800.0	0.0	0.0	0.0	0.000	0.000	0.000	0.0	0.0		12:41:18:009		
000:06:26.200	800.0	23.4	24.0	800.0	0.0	0.0	0.0	0.000	0.000	0.000	0.0	0.0		12:41:18:059		
000:06:26.250	800.0	23.4	24.0	800.0	0.0	0.0	0.0	0.000	0.000	0.000	0.0	0.0		12:41:18:109		
000:06:26.300	800.0	23.4	24.0	800.0	0.0	0.0	0.0	0.000	0.000	0.000	0.0	0.0		12:41:18:159		
000:06:26.350	800.0	23.4	24.0	800.0	0.0	0.0	0.0	0.000	0.000	0.000	0.0	0.0		12:41:18:209		
000:06:26.400	800.0	23.4	24.0	800.0	0.0	0.0	0.0	0.000	0.000	0.000	0.0	0.0		12:41:18:259		
000:06:26.450	800.0	23.4	24.0	800.0	0.0	0.0	0.0	0.000	0.000	0.000	0.0	0.0		12:41:18:309		
000:06:26.500	800.0	23.4	24.1	800.0	0.0	0.0	0.0	0.000	0.000	0.000	0.0	0.0		12:41:18:359		
000:06:26.550	800.0	23.4	24.1	800.0	0.0	0.0	0.0	0.000	0.000	0.000	0.0	0.0		12:41:18:409		
000:06:26.600	800.0	23.4	24.1	800.0	0.0	0.0	0.0	0.000	0.000	0.000	0.0	0.0		12:41:18:459		
000:06:26.650	800.0	23.4	24.1	800.0	0.0	0.0	0.0	0.000	0.000	0.000	0.0	0.0		12:41:18:509		
000:06:26.700	800.0	23.4	24.1	800.0	0.0	0.0	0.0	0.000	0.000	0.000	0.0	0.0		12:41:18:559		
000:06:26.750	800.0	23.4	24.1	800.0	0.0	0.0	0.0	0.000	0.000	0.000	0.0	0.0		12:41:18:609		
000:06:26.800	800.0	23.4	24.1	800.0	0.0	0.0	0.0	0.000	0.000	0.000	0.0	0.0		12:41:18:659		
000:06:26.850	800.0	23.4	24.1	800.0	0.0	0.0	0.0	0.000	0.000	0.000	0.0	0.0		12:41:18:709		
000:06:26.900	800.0	23.4	24.1	800.0	0.0	0.0	0.0	0.000	0.000	0.000	0.0	0.0		12:41:18:759		
000:06:26.950	800.0	23.4	24.1	800.0	0.0	0.0	0.0	0.000	0.000	0.000	0.0	0.0		12:41:18:809		
000:06:27.000	800.0	23.4	24.1	800.0	0.0	0.0	0.0	0.000	0.000	0.000	0.0	0.0		12:41:18:859		
000:06:27.050	800.0	23.4	24.1	800.0	0.0	0.0	0.0	0.000	0.000	0.000	0.0	0.0		12:41:18:909		
000:06:27.100	800.0	23.4	24.1	800.0	0.0	0.0	0.0	0.000	0.000	0.000	0.0	0.0		12:41:18:959		
000:06:27.150	800.0	23.4	24.1	800.0	0.0	0.0	0.0	0.000	0.000	0.000	0.0	0.0		12:41:19:009		
000:06:27.200	800.0	23.4	24.1	800.0	0.0	0.0	0.0	0.000	0.000	0.000	0.0	0.0		12:41:19:059		
000:06:27.250	800.0	23.4	24.1	800.0	0.0	0.0	0.0	0.000	0.000	0.000	0.0	0.0		12:41:19:109		
000:06:27.300	800.0	23.4	24.1	800.0	0.0	0.0	0.0	0.000	0.000	0.000	0.0	0.0		12:41:19:159		
000:06:27.350	800.0	23.4	24.1	800.0	0.0	0.0	0.0	0.000	0.000	0.000	0.0	0.0		12:41:19:209		
000:06:27.400	800.0	23.4	24.1	800.0	0.0	0.0	0.0	0.000	0.000	0.000	0.0	0.0		12:41:19:259		
000:06:27.450	800.0	23.4	24.1	800.0	0.0	0.0	0.0	0.000	0.000	0.000	0.0	0.0		12:41:19:309		
000:06:27.500	800.0	23.4	24.1	800.0	0.0	0.0	0.0	0.000	0.000	0.000	0.0	0.0		12:41:19:359		
000:06:27.550	800.0	23.4	24.0	800.0	0.0	0.0	0.0	0.000	0.000	0.000	0.0	0.0		12:41:19:409		
000:06:27.600	800.0	23.4	24.0	800.0	0.0	0.0	0.0	0.000	0.000	0.000	0.0	0.0		12:41:19:459		
000:06:27.650	800.0	23.4	24.0	800.0	0.0	0.0	0.0	0.000	0.000	0.000	0.0	0.0		12:41:19:509		
000:06:27.700	800.0	23.4	24.0	800.0	0.0	0.0	0.0	0.000	0.000	0.000	0.0	0.0		12:41:19:559		
000:06:27.750	800.0	23.4	24.0	800.0	0.0	0.0	0.0	0.000	0.000	0.000	0.0	0.0		12:41:19:609		
000:06:27.800	800.0	23.4	24.0	800.0	0.0	0.0	0.0	0.000	0.000	0.000	0.0	0.0		12:41:19:659		
000:06:27.850	800.0	23.4	24.0	800.0	0.0	0.0	0.0	0.000	0.000	0.000	0.0	0.0		12:41:19:709		
000:06:27.900	800.0	23.4	24.0	800.0	0.0	0.0	0.0	0.000	0.000	0.000	0.0	0.0		12:41:19:759		
000:06:27.950	800.0	23.4	24.0	800.0	0.0	0.0	0.0	0.000	0.000	0.000	0.0	0.0		12:41:19:809		
000:06:28.000	800.0	23.4	24.0	800.0	0.0	0.0	0.0	0.000	0.000	0.000	0.0	0.0		12:41:19:859		
000:06:28.050	800.0	23.4	24.0	800.0	0.0	0.0	0.0	0.000	0.000	0.000	0.0	0.0		12:41:19:909		
000:06:28.100	800.0	23.4	24.0	800.0	0.0	0.0	0.0	0.000	0.000	0.000	0.0	0.0		12:41:19:959		
000:06:28.150	800.0	23.4	24.0	800.0	0.0	0.0	0.0	0.000	0.000	0.000	0.0	0.0		12:41:20:009		
000:06:28.200	800.0	23.4	24.0	800.0	0.0	0.0	0.0	0.000	0.000	0.000	0.0	0.0		12:41:20:059		
000:06:28.250	800.0	23.4	24.0	800.0	0.0	0.0	0.0	0.000	0.000	0.000	0.0	0.0		12:41:20:109		
000:06:28.300	800.0	23.4	24.0	800.0	0.0	0.0	0.0	0.000	0.000	0.000	0.0	0.0		12:41:20:159		
000:06:28.350	800.0	23.4	24.0	800.0	0.0	0.0	0.0	0.000	0.000	0.000	0.0	0.0		12:41:20:209		
000:06:28.400	800.0	23.4	24.0	800.0	0.0	0.0	0.0	0.000	0.000	0.000	0.0	0.0		12:41:20:259		
000:06:28.450	800.0	23.4	24.0	800.0	0.0	0.0	0.0	0.000	0.000	0.000	0.0	0.0		12:41:20:309		
000:06:28.500	800.0	23.4	24.0	800.0	0.0	0.0	0.0	0.000	0.000	0.000	0.0	0.0		12:41:20:359		
000:06:28.550	800.0	23.4	24.1	800.0	0.0	0.0	0.0	0.000	0.000	0.000	0.0	0.0		12:41:20:409		
000:06:28.600	800.0	23.4	24.1	800.0	0.0	0.0	0.0	0.000	0.000	0.000	0.0	0.0		12:41:20:459		
000:06:28.650	800.0	23.4	24.1	800.0	0.0	0.0	0.0	0.000	0.000	0.000	0.0	0.0		12:41:20:509		
000:06:28.700	800.0	23.4	24.1	800.0	0.0	0.0	0.0	0.000	0.000	0.000	0.0	0.0		12:41:20:559		
000:06:28.750	800.0	23.4	24.1	800.0	0.0	0.0	0.0	0.000	0.000	0.000	0.0	0.0		12:41:20:609		
000:06:28.800	800.0	23.4	24.1	800.0	0.0	0.0	0.0	0.000	0.000	0.000	0.0	0.0		12:41:20:659		
000:06:28.850	800.0	23.4	24.1	800.0	0.0	0.0	0.0	0.000	0.000	0.000	0.0	0.0		12:41:20:709		
000:06:28.900	800.0	23.4	24.1	800.0	0.0	0.0	0.0	0.000	0.000	0.000	0.0	0.0		12:41:20:759		
000:06:28.950	800.0	23.4	24.1	800.0	0.0	0.0	0.0	0.000	0.000	0.000	0.0	0.0		12:41:20:809		
000:06:29.000	800.0	23.4	24.1	800.0	0.0	0.0	0.0	0.000	0.000	0.000	0.0	0.0		12:41:20:859		
000:06:29.050	800.0	23.4	24.1	800.0	0.0	0.0	0.0	0.000	0.000	0.000	0.0	0.0		12:41:20:909		
000:06:29.100	800.0	23.4	24.1	800.0	0.0	0.0	0.0	0.000	0.000	0.000	0.0	0.0		12:41:20:959		
000:06:29.150	800.0	23.4	24.1	800.0	0.0	0.0	0.0	0.000	0.000	0.000	0.0	0.0		12:41:21:009		
000:06:29.200	800.0	23.4	24.1	800.0	0.0	0.0	0.0	0.000	0.000	0.000	0.0	0.0		12:41:21:059		
000:06:29.250	800.0	23.4	24.1	800.0	0.0	0.0	0.0	0.000	0.000	0.000	0.0	0.0		12:41:21:109		
000:06:29.300	800.0	23.4	24.1	800.0	0.0	0.0	0.0	0.000	0.000	0.000	0.0	0.0		12:41:21:159		
000:06:29.350	800.0	23.4	24.1	800.0	0.0	0.0	0.0	0.000	0.000	0.000	0.0	0.0		12:41:21:209		
000:06:29.400	800.0	23.4	24.1	800.0	0.0	0.0	0.0	0.000	0.000	0.000	0.0	0.0		12:41:21:259		
000:06:29.450	800.0	23.4	24.1	800.0	0.0	0.0	0.0	0.000	0.000	0.000	0.0	0.0		12:41:21:309		
000:06:29.500	800.0	23.4	24.1	800.0	0.0	0.0	0.0	0.000	0.000	0.000	0.0	0.0		12:41:21:359		
000:06:29.550	800.0	23.4	24.1	800.0	0.0	0.0	0.0	0.000	0.000	0.000	0.0	0.0		12:41:21:409		
000:06:29.600	800.0	23.4	24.1	800.0	0.0	0.0	0.0	0.000	0.000	0.000	0.0	0.0		12:41:21:459		
000:06:29.650	800.0	23.4	24.1	800.0	0.0	0.0	0.0	0.000	0.000	0.000	0.0	0.0		12:41:21:509		
000:06:29.700	800.0	23.4	24.1	800.0	0.0	0.0	0.0	0.000	0.000	0.000	0.0	0.0		12:41:21:559		
000:06:29.750	800.0	23.4	24.1	800.0	0.0	0.0	0.0	0.000	0.000	0.000	0.0	0.0		12:41:21:609		
000:06:29.800	800.0	23.4	24.1	800.0	0.0	0.0	0.0	0.000	0.000	0.000	0.0	0.0		12:41:21:659		
000:06:29.850	800.0	23.4	24.1	800.0	0.0	0.0	0.0	0.000	0.000	0.000	0.0	0.0		12:41:21:709		
000:06:29.900	800.0	23.4	24.1	800.0	0.0	0.0	0.0	0.000	0.000	0.000	0.0	0.0		12:41:21:759		
000:06:29.950	800.0	23.4	24.1	800.0	0.0	0.0	0.0	0.000	0.000	0.000	0.0	0.0		12:41:21:809		
000:06:30.000	800.0	23.4	24.1	800.0	0.0	0.0	0.0	0.000	0.000	0.000	0.0	0.0		12:41:21:859		
000:06:30.050	800.0	23.4	24.1	800.0	0.0	0.0	0.0	0.000	0.000	0.000	0.0	0.0		12:41:21:909		
000:06:30.100	800.0	23.4	24.1	800.0	0.0	0.0	0.0	0.000	0.000	0.000	0.0	0.0		12:41:21:959		
000:06:30.150	800.0	23.4	24.1	800.0	0.0	0.0	0.0	0.000	0.000	0.000	0.0	0.0		12:41:22:009		
000:06:30.200	800.0	23.4	24.1	800.0	0.0	0.0	0.0	0.000	0.000	0.000	0.0	0.0		12:41:22:059		
000:06:30.250	800.0	23.4	24.1	800.0	0.0	0.0	0.0	0.000	0.000	0.000	0.0	0.0		12:41:22:109		
000:06:30.300	800.0	23.4	24.1	800.0	0.0	0.0	0.0	0.000	0.000	0.000	0.0	0.0		12:41:22:159		
000:06:30.350	800.0	23.4	24.1	800.0	0.0	0.0	0.0	0.000	0.000	0.000	0.0	0.0		12:41:22:209		
000:06:30.400	800.0	23.4	24.1	800.0	0.0	0.0	0.0	0.000	0.000	0.000	0.0	0.0		12:41:22:259		
000:06:30.450	800.0	23.4	24.1	800.0	0.0	0.0	0.0	0.000	0.000	0.000	0.0	0.0		12:41:22:309		
000:06:30.500	800.0	23.4	24.1	800.0	0.0	0.0	0.0	0.000	0.000	0.000	0.0	0.0		12:41:22:359		
000:06:30.550	800.0	23.4	24.1	800.0	0.0	0.0	0.0	0.000	0.000	0.000	0.0	0.0		12:41:22:409		
000:06:30.600	800.0	23.4	24.1	800.0	0.0	0.0	0.0	0.000	0.000	0.000	0.0	0.0		12:41:22:459		
000:06:30.650	800.0	23.4	24.1	800.0	0.0	0.0	0.0	0.000	0.000	0.000	0.0	0.0		12:41:22:509		
000:06:30.700	800.0	23.4	24.1	800.0	0.0	0.0	0.0	0.000	0.000	0.000	0.0	0.0		12:41:22:559		
000:06:30.750	800.0	23.4	24.1	800.0	0.0	0.0	0.0	0.000	0.000	0.000	0.0	0.0		12:41:22:609		
000:06:30.800	800.0	23.4	24.1	800.0	0.0	0.0	0.0	0.000	0.000	0.000	0.0	0.0		12:41:22:659		
000:06:30.850	800.0	23.4	24.1	800.0	0.0	0.0	0.0	0.000	0.000	0.000	0.0	0.0		12:41:22:709		
000:06:30.900	800.0	23.4	24.1	800.0	0.0	0.0	0.0	0.000	0.000	0.000	0.0	0.0		12:41:22:759		
000:06:30.950	800.0	23.4	24.1	800.0	0.0	0.0	0.0	0.000	0.000	0.000	0.0	0.0		12:41:22:809		
000:06:31.000	800.0	23.4	24.1	800.0	0.0	0.0	0.0	0.000	0.000	0.000	0.0	0.0		12:41:22:859		
000:06:31.050	800.0	23.4	24.1	800.0	0.0	0.0	0.0	0.000	0.000	0.000	0.0	0.0		12:41:22:909		
000:06:31.100	800.0	23.4	24.1	800.0	0.0	0.0	0.0	0.000	0.000	0.000	0.0	0.0		12:41:22:959		
000:06:31.150	800.0	23.4	24.1	800.0	0.0	0.0	0.0	0.000	0.000	0.000	0.0	0.0		12:41:23:009		
000:06:31.200	800.0	23.4	24.1	800.0	0.0	0.0	0.0	0.000	0.000	0.000	0.0	0.0		12:41:23:059		
000:06:31.250	800.0	23.4	24.1	800.0	0.0	0.0	0.0	0.000	0.000	0.000	0.0	0.0		12:41:23:109		
000:06:31.300	800.0	23.4	24.1	800.0	0.0	0.0	0.0	0.000	0.000	0.000	0.0	0.0		12:41:23:159		
000:06:31.350	800.0	23.4	24.1	800.0	0.0	0.0	0.0	0.000	0.000	0.000	0.0	0.0		12:41:23:209		
000:06:31.400	800.0	23.4	24.1	800.0	0.0	0.0	0.0	0.000	0.000	0.000	0.0	0.0		12:41:23:259		
000:06:31.450	800.0	23.4	24.1	800.0	0.0	0.0	0.0	0.000	0.000	0.000	0.0	0.0		12:41:23:309		
000:06:31.500	800.0	23.4	24.1	800.0	0.0	0.0	0.0	0.000	0.000	0.000	0.0	0.0		12:41:23:359		
000:06:31.550	800.0	23.4	24.1	800.0	0.0	0.0	0.0	0.000	0.000	0.000	0.0	0.0		12:41:23:409		
000:06:31.600	800.0	23.4	24.1	800.0	0.0	0.0	0.0	0.000	0.000	0.000	0.0	0.0		12:41:23:459		
000:06:31.650	800.0	23.4	24.1	800.0	0.0	0.0	0.0	0.000	0.000	0.000	0.0	0.0		12:41:23:509		
000:06:31.700	800.0	23.4	24.1	800.0	0.0	0.0	0.0	0.000	0.000	0.000	0.0	0.0		12:41:23:559		
000:06:31.750	800.0	23.4	24.1	800.0	0.0	0.0	0.0	0.000	0.000	0.000	0.0	0.0		12:41:23:609		
000:06:31.800	800.0	23.4	24.1	800.0	0.0	0.0	0.0	0.000	0.000	0.000	0.0	0.0		12:41:23:659		
000:06:31.850	800.0	23.4	24.1	800.0	0.0	0.0	0.0	0.000	0.000	0.000	0.0	0.0		12:41:23:709		
000:06:31.900	800.0	23.4	24.1	800.0	0.0	0.0	0.0	0.000	0.000	0.000	0.0	0.0		12:41:23:759		
000:06:31.950	800.0	23.4	24.1	800.0	0.0	0.0	0.0	0.000	0.000	0.000	0.0	0.0		12:41:23:809		
000:06:32.000	800.0	23.4	24.1	800.0	0.0	0.0	0.0	0.000	0.000	0.000	0.0	0.0		12:41:23:859		
000:06:32.050	800.0	23.4	24.1	800.0	0.0	0.0	0.0	0.000	0.000	0.000	0.0	0.0		12:41:23:909		
000:06:32.100	800.0	23.4	24.1	800.0	0.0	0.0	0.0	0.000	0.000	0.000	0.0	0.0		12:41:23:959		
000:06:32.150	800.0	23.4	24.1	800.0	0.0	0.0	0.0	0.000	0.000	0.000	0.0	0.0		12:41:24:009		
000:06:32.200	800.0	23.4	24.1	800.0	0.0	0.0	0.0	0.000	0.000	0.000	0.0	0.0		12:41:24:059		
000:06:32.250	800.0	23.4	24.1	800.0	0.0	0.0	0.0	0.000	0.000	0.000	0.0	0.0		12:41:24:109		
000:06:32.300	800.0	23.4	24.1	800.0	0.0	0.0	0.0	0.000	0.000	0.000	0.0	0.0		12:41:24:159		
000:06:32.350	800.0	23.4	24.1	800.0	0.0	0.0	0.0	0.000	0.000	0.000	0.0	0.0		12:41:24:209		
000:06:32.400	800.0	23.4	24.1	800.0	0.0	0.0	0.0	0.000	0.000	0.000	0.0	0.0		12:41:24:259		
000:06:32.450	800.0	23.4	24.1	800.0	0.0	0.0	0.0	0.000	0.000	0.000	0.0	0.0		12:41:24:309		
000:06:32.500	800.0	23.4	24.1	800.0	0.0	0.0	0.0	0.000	0.000	0.000	0.0	0.0		12:41:24:359		
000:06:32.550	800.0	23.4	24.1	800.0	0.0	0.0	0.0	0.000	0.000	0.000	0.0	0.0		12:41:24:409		
000:06:32.600	800.0	23.4	24.1	800.0	0.0	0.0	0.0	0.000	0.000	0.000	0.0	0.0		12:41:24:459		
000:06:32.650	800.0	23.4	24.1	800.0	0.0	0.0	0.0	0.000	0.000	0.000	0.0	0.0		12:41:24:509		
000:06:32.700	800.0	23.4	24.1	800.0	0.0	0.0	0.0	0.000	0.000	0.000	0.0	0.0		12:41:24:559		
000:06:32.750	800.0	23.4	24.1	800.0	0.0	0.0	0.0	0.000	0.000	0.000	0.0	0.0		12:41:24:609		
000:06:32.800	800.0	23.4	24.1	800.0	0.0	0.0	0.0	0.000	0.000	0.000	0.0	0.0		12:41:24:659		
000:06:32.850	800.0	23.4	24.1	800.0	0.0	0.0	0.0	0.000	0.000	0.000	0.0	0.0		12:41:24:709		
000:06:32.900	800.0	23.4	24.1	800.0	0.0	0.0	0.0	0.000	0.000	0.000	0.0	0.0		12:41:24:759		
000:06:32.950	800.0	23.4	24.1	800.0	0.0	0.0	0.0	0.000	0.000	0.000	0.0	0.0		12:41:24:809		
000:06:33.000	800.0	23.4	24.1	800.0	0.0	0.0	0.0	0.000	0.000	0.000	0.0	0.0		12:41:24:859		
000:06:33.050	800.0	23.4	24.1	800.0	0.0	0.0	0.0	0.000	0.000	0.000	0.0	0.0		12:41:24:909		
000:06:33.100	800.0	23.4	24.1	800.0	0.0	0.0	0.0	0.000	0.000	0.000	0.0	0.0		12:41:24:959		
000:06:33.150	800.0	23.4	24.1	800.0	0.0	0.0	0.0	0.000	0.000	0.000	0.0	0.0		12:41:25:009		
000:06:33.200	800.0	23.4	24.1	800.0	0.0	0.0	0.0	0.000	0.000	0.000	0.0	0.0		12:41:25:059		
000:06:33.250	800.0	23.4	24.1	800.0	0.0	0.0	0.0	0.000	0.000	0.000	0.0	0.0		12:41:25:109		
000:06:33.300	800.0	23.4	24.1	800.0	0.0	0.0	0.0	0.000	0.000	0.000	0.0	0.0		12:41:25:159		
000:06:33.350	800.0	23.4	24.1	800.0	0.0	0.0	0.0	0.000	0.000	0.000	0.0	0.0		12:41:25:209		
000:06:33.400	800.0	23.4	24.1	800.0	0.0	0.0	0.0	0.000	0.000	0.000	0.0	0.0		12:41:25:259		
000:06:33.450	800.0	23.4	24.1	800.0	0.0	0.0	0.0	0.000	0.000	0.000	0.0	0.0		12:41:25:309		
000:06:33.500	800.0	23.4	24.1	800.0	0.0	0.0	0.0	0.000	0.000	0.000	0.0	0.0		12:41:25:359		
000:06:33.550	800.0	23.4	24.1	800.0	0.0	0.0	0.0	0.000	0.000	0.000	0.0	0.0		12:41:25:409		
000:06:33.600	800.0	23.4	24.1	800.0	0.0	0.0	0.0	0.000	0.000	0.000	0.0	0.0		12:41:25:459		
000:06:33.650	800.0	23.4	24.1	800.0	0.0	0.0	0.0	0.000	0.000	0.000	0.0	0.0		12:41:25:509		
000:06:33.700	800.0	23.4	24.1	800.0	0.0	0.0	0.0	0.000	0.000	0.000	0.0	0.0		12:41:25:559		
000:06:33.750	800.0	23.4	24.1	800.0	0.0	0.0	0.0	0.000	0.000	0.000	0.0	0.0		12:41:25:609		
000:06:33.800	800.0	23.4	24.1	800.0	0.0	0.0	0.0	0.000	0.000	0.000	0.0	0.0		12:41:25:659		
000:06:33.850	800.0	23.4	24.1	800.0	0.0	0.0	0.0	0.000	0.000	0.000	0.0	0.0		12:41:25:709		
000:06:33.900	800.0	23.4	24.1	800.0	0.0	0.0	0.0	0.000	0.000	0.000	0.0	0.0		12:41:25:759		
000:06:33.950	800.0	23.4	24.1	800.0	0.0	0.0	0.0	0.000	0.000	0.000	0.0	0.0		12:41:25:809		
000:06:34.000	800.0	23.4	24.1	800.0	0.0	0.0	0.0	0.000	0.000	0.000	0.0	0.0		12:41:25:859		
000:06:34.050	800.0	23.4	24.1	800.0	0.0	0.0	0.0	0.000	0.000	0.000	0.0	0.0		12:41:25:909		
000:06:34.100	800.0	23.4	24.1	800.0	0.0	0.0	0.0	0.000	0.000	0.000	0.0	0.0		12:41:25:959		
000:06:34.150	800.0	23.4	24.1	800.0	0.0	0.0	0.0	0.000	0.000	0.000	0.0	0.0		12:41:26:009		
000:06:34.200	800.0	23.4	24.1	800.0	0.0	0.0	0.0	0.000	0.000	0.000	0.0	0.0		12:41:26:059		
000:06:34.250	800.0	23.4	24.1	800.0	0.0	0.0	0.0	0.000	0.000	0.000	0.0	0.0		12:41:26:109		
000:06:34.300	800.0	23.4	24.1	800.0	0.0	0.0	0.0	0.000	0.000	0.000	0.0	0.0		12:41:26:159		
000:06:34.350	800.0	23.4	24.1	800.0	0.0	0.0	0.0	0.000	0.000	0.000	0.0	0.0		12:41:26:209		
000:06:34.400	800.0	23.4	24.1	800.0	0.0	0.0	0.0	0.000	0.000	0.000	0.0	0.0		12:41:26:259		
000:06:34.450	800.0	23.4	24.1	800.0	0.0	0.0	0.0	0.000	0.000	0.000	0.0	0.0		12:41:26:309		
000:06:34.500	800.0	23.4	24.1	800.0	0.0	0.0	0.0	0.000	0.000	0.000	0.0	0.0		12:41:26:359		
000:06:34.550	800.0	23.4	24.1	800.0	0.0	0.0	0.0	0.000	0.000	0.000	0.0	0.0		12:41:26:409		
000:06:34.600	800.0	23.4	24.1	800.0	0.0	0.0	0.0	0.000	0.000	0.000	0.0	0.0		12:41:26:459		
000:06:34.650	800.0	23.4	24.1	800.0	0.0	0.0	0.0	0.000	0.000	0.000	0.0	0.0		12:41:26:509		
000:06:34.700	800.0	23.4	24.1	800.0	0.0	0.0	0.0	0.000	0.000	0.000	0.0	0.0		12:41:26:559		
000:06:34.750	800.0	23.4	24.1	800.0	0.0	0.0	0.0	0.000	0.000	0.000	0.0	0.0		12:41:26:609		
000:06:34.800	800.0	23.4	24.1	800.0	0.0	0.0	0.0	0.000	0.000	0.000	0.0	0.0		12:41:26:659		
000:06:34.850	800.0	23.4	24.1	800.0	0.0	0.0	0.0	0.000	0.000	0.000	0.0	0.0		12:41:26:709		
000:06:34.900	800.0	23.4	24.1	800.0	0.0	0.0	0.0	0.000	0.000	0.000	0.0	0.0		12:41:26:759		
000:06:34.950	800.0	23.4	24.1	800.0	0.0	0.0	0.0	0.000	0.000	0.000	0.0	0.0		12:41:26:809		
000:06:35.000	800.0	23.4	24.1	800.0	0.0	0.0	0.0	0.000	0.000	0.000	0.0	0.0		12:41:26:859		
000:06:35.050	800.0	23.4	24.1	800.0	0.0	0.0	0.0	0.000	0.000	0.000	0.0	0.0		12:41:26:909		
000:06:35.100	800.0	23.4	24.1	800.0	0.0	0.0	0.0	0.000	0.000	0.000	0.0	0.0		12:41:26:959		
000:06:35.150	800.0	23.4	24.1	800.0	0.0	0.0	0.0	0.000	0.000	0.000	0.0	0.0		12:41:27:009		
000:06:35.200	800.0	23.4	24.1	800.0	0.0	0.0	0.0	0.000	0.000	0.000	0.0	0.0		12:41:27:059		
000:06:35.250	800.0	23.4	24.1	800.0	0.0	0.0	0.0	0.000	0.000	0.000	0.0	0.0		12:41:27:109		
000:06:35.300	800.0	23.4	24.1	800.0	0.0	0.0	0.0	0.000	0.000	0.000	0.0	0.0		12:41:27:159		
000:06:35.350	800.0	23.4	24.1	800.0	0.0	0.0	0.0	0.000	0.000	0.000	0.0	0.0		12:41:27:209		
000:06:35.400	800.0	23.4	24.1	800.0	0.0	0.0	0.0	0.000	0.000	0.000	0.0	0.0		12:41:27:259		
000:06:35.450	800.0	23.4	24.1	800.0	0.0	0.0	0.0	0.000	0.000	0.000	0.0	0.0		12:41:27:309		
000:06:35.500	800.0	23.4	24.1	800.0	0.0	0.0	0.0	0.000	0.000	0.000	0.0	0.0		12:41:27:359		
000:06:35.550	800.0	23.4	24.1	800.0	0.0	0.0	0.0	0.000	0.000	0.000	0.0	0.0		12:41:27:409		
000:06:35.600	800.0	23.4	24.1	800.0	0.0	0.0	0.0	0.000	0.000	0.000	0.0	0.0		12:41:27:459		
000:06:35.650	800.0	23.4	24.1	800.0	0.0	0.0	0.0	0.000	0.000	0.000	0.0	0.0		12:41:27:509		
000:06:35.700	800.0	23.4	24.1	800.0	0.0	0.0	0.0	0.000	0.000	0.000	0.0	0.0		12:41:27:559		
000:06:35.750	800.0	23.4	24.1	800.0	0.0	0.0	0.0	0.000	0.000	0.000	0.0	0.0		12:41:27:609		
000:06:35.800	800.0	23.4	24.1	800.0	0.0	0.0	0.0	0.000	0.000	0.000	0.0	0.0		12:41:27:659		
000:06:35.850	800.0	23.4	24.1	800.0	0.0	0.0	0.0	0.000	0.000	0.000	0.0	0.0		12:41:27:709		
000:06:35.900	800.0	23.4	24.1	800.0	0.0	0.0	0.0	0.000	0.000	0.000	0.0	0.0		12:41:27:759		
000:06:35.950	800.0	23.4	24.1	800.0	0.0	0.0	0.0	0.000	0.000	0.000	0.0	0.0		12:41:27:809		
000:06:36.000	800.0	23.4	24.1	800.0	0.0	0.0	0.0	0.000	0.000	0.000	0.0	0.0		12:41:27:859		
000:06:36.050	800.0	23.4	24.1	800.0	0.0	0.0	0.0	0.000	0.000	0.000	0.0	0.0		12:41:27:909		
000:06:36.100	800.0	23.4	24.1	800.0	0.0	0.0	0.0	0.000	0.000	0.000	0.0	0.0		12:41:27:959		
000:06:36.150	800.0	23.4	24.1	800.0	0.0	0.0	0.0	0.000	0.000	0.000	0.0	0.0		12:41:28:009		
000:06:36.200	800.0	23.4	24.1	800.0	0.0	0.0	0.0	0.000	0.000	0.000	0.0	0.0		12:41:28:059		
000:06:36.250	800.0	23.4	24.1	800.0	0.0	0.0	0.0	0.000	0.000	0.000	0.0	0.0		12:41:28:109		
000:06:36.300	800.0	23.4	24.1	800.0	0.0	0.0	0.0	0.000	0.000	0.000	0.0	0.0		12:41:28:159		
000:06:36.350	800.0	23.4	24.1	800.0	0.0	0.0	0.0	0.000	0.000	0.000	0.0	0.0		12:41:28:209		
000:06:36.400	800.0	23.4	24.1	800.0	0.0	0.0	0.0	0.000	0.000	0.000	0.0	0.0		12:41:28:259		
000:06:36.450	800.0	23.4	24.1	800.0	0.0	0.0	0.0	0.000	0.000	0.000	0.0	0.0		12:41:28:309		
000:06:36.500	800.0	23.4	24.1	800.0	0.0	0.0	0.0	0.000	0.000	0.000	0.0	0.0		12:41:28:359		
000:06:36.550	800.0	23.4	24.1	800.0	0.0	0.0	0.0	0.000	0.000	0.000	0.0	0.0		12:41:28:409		
000:06:36.600	800.0	23.4	24.1	800.0	0.0	0.0	0.0	0.000	0.000	0.000	0.0	0.0		12:41:28:459		
000:06:36.650	800.0	23.4	24.1	800.0	0.0	0.0	0.0	0.000	0.000	0.000	0.0	0.0		12:41:28:509		
000:06:36.700	800.0	23.4	24.1	800.0	0.0	0.0	0.0	0.000	0.000	0.000	0.0	0.0		12:41:28:559		
000:06:36.750	800.0	23.4	24.1	800.0	0.0	0.0	0.0	0.000	0.000	0.000	0.0	0.0		12:41:28:609		
000:06:36.800	800.0	23.4	24.1	800.0	0.0	0.0	0.0	0.000	0.000	0.000	0.0	0.0		12:41:28:659		
000:06:36.850	800.0	23.4	24.1	800.0	0.0	0.0	0.0	0.000	0.000	0.000	0.0	0.0		12:41:28:709		
000:06:36.900	800.0	23.4	24.1	800.0	0.0	0.0	0.0	0.000	0.000	0.000	0.0	0.0		12:41:28:759		
000:06:36.950	800.0	23.4	24.1	800.0	0.0	0.0	0.0	0.000	0.000	0.000	0.0	0.0		12:41:28:809		
000:06:37.000	800.0	23.4	24.1	800.0	0.0	0.0	0.0	0.000	0.000	0.000	0.0	0.0		12:41:28:859		
000:06:37.050	800.0	23.4	24.1	800.0	0.0	0.0	0.0	0.000	0.000	0.000	0.0	0.0		12:41:28:909		
000:06:37.100	800.0	23.4	24.1	800.0	0.0	0.0	0.0	0.000	0.000	0.000	0.0	0.0		12:41:28:959		
000:06:37.150	800.0	23.4	24.1	800.0	0.0	0.0	0.0	0.000	0.000	0.000	0.0	0.0		12:41:29:009		
000:06:37.200	800.0	23.4	24.1	800.0	0.0	0.0	0.0	0.000	0.000	0.000	0.0	0.0		12:41:29:059		
000:06:37.250	800.0	23.4	24.1	800.0	0.0	0.0	0.0	0.000	0.000	0.000	0.0	0.0		12:41:29:109		
000:06:37.300	800.0	23.4	24.1	800.0	0.0	0.0	0.0	0.000	0.000	0.000	0.0	0.0		12:41:29:159		
000:06:37.350	800.0	23.4	24.1	800.0	0.0	0.0	0.0	0.000	0.000	0.000	0.0	0.0		12:41:29:209		
000:06:37.400	800.0	23.4	24.1	800.0	0.0	0.0	0.0	0.000	0.000	0.000	0.0	0.0		12:41:29:259		
000:06:37.450	800.0	23.4	24.1	800.0	0.0	0.0	0.0	0.000	0.000	0.000	0.0	0.0		12:41:29:309		
000:06:37.500	800.0	23.4	24.1	800.0	0.0	0.0	0.0	0.000	0.000	0.000	0.0	0.0		12:41:29:359		
000:06:37.550	800.0	23.4	24.1	800.0	0.0	0.0	0.0	0.000	0.000	0.000	0.0	0.0		12:41:29:409		
000:06:37.600	800.0	23.4	24.1	800.0	0.0	0.0	0.0	0.000	0.000	0.000	0.0	0.0		12:41:29:459		
000:06:37.650	800.0	23.4	24.1	800.0	0.0	0.0	0.0	0.000	0.000	0.000	0.0	0.0		12:41:29:509		
000:06:37.700	800.0	23.4	24.1	800.0	0.0	0.0	0.0	0.000	0.000	0.000	0.0	0.0		12:41:29:559		
000:06:37.750	800.0	23.4	24.1	800.0	0.0	0.0	0.0	0.000	0.000	0.000	0.0	0.0		12:41:29:609		
000:06:37.800	800.0	23.4	24.1	800.0	0.0	0.0	0.0	0.000	0.000	0.000	0.0	0.0		12:41:29:659		
000:06:37.850	800.0	23.4	24.1	800.0	0.0	0.0	0.0	0.000	0.000	0.000	0.0	0.0		12:41:29:709		
000:06:37.900	800.0	23.4	24.1	800.0	0.0	0.0	0.0	0.000	0.000	0.000	0.0	0.0		12:41:29:759		
000:06:37.950	800.0	23.4	24.1	800.0	0.0	0.0	0.0	0.000	0.000	0.000	0.0	0.0		12:41:29:809		
000:06:38.000	800.0	23.4	24.1	800.0	0.0	0.0	0.0	0.000	0.000	0.000	0.0	0.0		12:41:29:859		
000:06:38.050	800.0	23.4	24.1	800.0	0.0	0.0	0.0	0.000	0.000	0.000	0.0	0.0		12:41:29:909		
000:06:38.100	800.0	23.4	24.1	800.0	0.0	0.0	0.0	0.000	0.000	0.000	0.0	0.0		12:41:29:959		
000:06:38.150	800.0	23.4	24.1	800.0	0.0	0.0	0.0	0.000	0.000	0.000	0.0	0.0		12:41:30:009		
000:06:38.200	800.0	23.4	24.1	800.0	0.0	0.0	0.0	0.000	0.000	0.000	0.0	0.0		12:41:30:059		
000:06:38.250	800.0	23.4	24.1	800.0	0.0	0.0	0.0	0.000	0.000	0.000	0.0	0.0		12:41:30:109		
000:06:38.300	800.0	23.4	24.1	800.0	0.0	0.0	0.0	0.000	0.000	0.000	0.0	0.0		12:41:30:159		
000:06:38.350	800.0	23.4	24.1	800.0	0.0	0.0	0.0	0.000	0.000	0.000	0.0	0.0		12:41:30:209		
000:06:38.400	800.0	23.4	24.1	800.0	0.0	0.0	0.0	0.000	0.000	0.000	0.0	0.0		12:41:30:259		
000:06:38.450	800.0	23.4	24.1	800.0	0.0	0.0	0.0	0.000	0.000	0.000	0.0	0.0		12:41:30:309		
000:06:38.500	800.0	23.4	24.1	800.0	0.0	0.0	0.0	0.000	0.000	0.000	0.0	0.0		12:41:30:359		
000:06:38.550	800.0	23.4	24.1	800.0	0.0	0.0	0.0	0.000	0.000	0.000	0.0	0.0		12:41:30:409		
000:06:38.600	800.0	23.4	24.1	800.0	0.0	0.0	0.0	0.000	0.000	0.000	0.0	0.0		12:41:30:459		
000:06:38.650	800.0	23.4	24.1	800.0	0.0	0.0	0.0	0.000	0.000	0.000	0.0	0.0		12:41:30:509		
000:06:38.700	800.0	23.4	24.1	800.0	0.0	0.0	0.0	0.000	0.000	0.000	0.0	0.0		12:41:30:559		
000:06:38.750	800.0	23.4	24.1	800.0	0.0	0.0	0.0	0.000	0.000	0.000	0.0	0.0		12:41:30:609		
000:06:38.800	800.0	23.4	24.1	800.0	0.0	0.0	0.0	0.000	0.000	0.000	0.0	0.0		12:41:30:659		
000:06:38.850	800.0	23.4	24.1	800.0	0.0	0.0	0.0	0.000	0.000	0.000	0.0	0.0		12:41:30:709		
000:06:38.900	800.0	23.4	24.1	800.0	0.0	0.0	0.0	0.000	0.000	0.000	0.0	0.0		12:41:30:759		
000:06:38.950	800.0	23.4	24.1	800.0	0.0	0.0	0.0	0.000	0.000	0.000	0.0	0.0		12:41:30:809		
000:06:39.000	800.0	23.4	24.1	800.0	0.0	0.0	0.0	0.000	0.000	0.000	0.0	0.0		12:41:30:859		
000:06:39.050	800.0	23.4	24.1	800.0	0.0	0.0	0.0	0.000	0.000	0.000	0.0	0.0		12:41:30:909		
000:06:39.100	800.0	23.4	24.1	800.0	0.0	0.0	0.0	0.000	0.000	0.000	0.0	0.0		12:41:30:959		
000:06:39.150	800.0	23.4	24.1	800.0	0.0	0.0	0.0	0.000	0.000	0.000	0.0	0.0		12:41:31:009		
000:06:39.200	800.0	23.4	24.1	800.0	0.0	0.0	0.0	0.000	0.000	0.000	0.0	0.0		12:41:31:059		
000:06:39.250	800.0	23.4	24.1	800.0	0.0	0.0	0.0	0.000	0.000	0.000	0.0	0.0		12:41:31:109		
000:06:39.300	800.0	23.4	24.1	800.0	0.0	0.0	0.0	0.000	0.000	0.000	0.0	0.0		12:41:31:159		
000:06:39.350	800.0	23.4	24.1	800.0	0.0	0.0	0.0	0.000	0.000	0.000	0.0	0.0		12:41:31:209		
000:06:39.400	800.0	23.4	24.1	800.0	0.0	0.0	0.0	0.000	0.000	0.000	0.0	0.0		12:41:31:259		
000:06:39.450	800.0	23.4	24.1	800.0	0.0	0.0	0.0	0.000	0.000	0.000	0.0	0.0		12:41:31:309		
000:06:39.500	800.0	23.4	24.1	800.0	0.0	0.0	0.0	0.000	0.000	0.000	0.0	0.0		12:41:31:359		
000:06:39.550	800.0	23.4	24.1	800.0	0.0	0.0	0.0	0.000	0.000	0.000	0.0	0.0		12:41:31:409		
000:06:39.600	800.0	23.4	24.1	800.0	0.0	0.0	0.0	0.000	0.000	0.000	0.0	0.0		12:41:31:459		
000:06:39.650	800.0	23.4	24.1	800.0	0.0	0.0	0.0	0.000	0.000	0.000	0.0	0.0		12:41:31:509		
000:06:39.700	800.0	23.4	24.1	800.0	0.0	0.0	0.0	0.000	0.000	0.000	0.0	0.0		12:41:31:559		
000:06:39.750	800.0	23.4	24.1	800.0	0.0	0.0	0.0	0.000	0.000	0.000	0.0	0.0		12:41:31:609		
000:06:39.800	800.0	23.4	24.1	800.0	0.0	0.0	0.0	0.000	0.000	0.000	0.0	0.0		12:41:31:659		
000:06:39.850	800.0	23.4	24.1	800.0	0.0	0.0	0.0	0.000	0.000	0.000	0.0	0.0		12:41:31:709		
000:06:39.900	800.0	23.4	24.1	800.0	0.0	0.0	0.0	0.000	0.000	0.000	0.0	0.0		12:41:31:759		
000:06:39.950	800.0	23.4	24.1	800.0	0.0	0.0	0.0	0.000	0.000	0.000	0.0	0.0		12:41:31:809		
000:06:40.000	800.0	23.4	24.1	800.0	0.0	0.0	0.0	0.000	0.000	0.000	0.0	0.0		12:41:31:859		
000:06:40.050	800.0	23.4	24.1	800.0	0.0	0.0	0.0	0.000	0.000	0.000	0.0	0.0		12:41:31:909		
000:06:40.100	800.0	23.4	24.1	800.0	0.0	0.0	0.0	0.000	0.000	0.000	0.0	0.0		12:41:31:959		
000:06:40.150	800.0	23.4	24.1	800.0	0.0	0.0	0.0	0.000	0.000	0.000	0.0	0.0		12:41:32:009		
000:06:40.200	800.0	23.4	24.1	800.0	0.0	0.0	0.0	0.000	0.000	0.000	0.0	0.0		12:41:32:059		
000:06:40.250	800.0	23.4	24.1	800.0	0.0	0.0	0.0	0.000	0.000	0.000	0.0	0.0		12:41:32:109		
000:06:40.300	800.0	23.4	24.1	800.0	0.0	0.0	0.0	0.000	0.000	0.000	0.0	0.0		12:41:32:159		
000:06:40.350	800.0	23.4	24.1	800.0	0.0	0.0	0.0	0.000	0.000	0.000	0.0	0.0		12:41:32:209		
000:06:40.400	800.0	23.4	24.1	800.0	0.0	0.0	0.0	0.000	0.000	0.000	0.0	0.0		12:41:32:259		
000:06:40.450	800.0	23.4	24.1	800.0	0.0	0.0	0.0	0.000	0.000	0.000	0.0	0.0		12:41:32:309		
000:06:40.500	800.0	23.4	24.1	800.0	0.0	0.0	0.0	0.000	0.000	0.000	0.0	0.0		12:41:32:359		
000:06:40.550	800.0	23.4	24.1	800.0	0.0	0.0	0.0	0.000	0.000	0.000	0.0	0.0		12:41:32:409		
000:06:40.600	800.0	23.4	24.1	800.0	0.0	0.0	0.0	0.000	0.000	0.000	0.0	0.0		12:41:32:459		
000:06:40.650	800.0	23.4	24.1	800.0	0.0	0.0	0.0	0.000	0.000	0.000	0.0	0.0		12:41:32:509		
000:06:40.700	800.0	23.4	24.1	800.0	0.0	0.0	0.0	0.000	0.000	0.000	0.0	0.0		12:41:32:559		
000:06:40.750	800.0	23.4	24.1	800.0	0.0	0.0	0.0	0.000	0.000	0.000	0.0	0.0		12:41:32:609		
000:06:40.800	800.0	23.4	24.1	800.0	0.0	0.0	0.0	0.000	0.000	0.000	0.0	0.0		12:41:32:659		
000:06:40.850	800.0	23.4	24.1	800.0	0.0	0.0	0.0	0.000	0.000	0.000	0.0	0.0		12:41:32:709		
000:06:40.900	800.0	23.4	24.1	800.0	0.0	0.0	0.0	0.000	0.000	0.000	0.0	0.0		12:41:32:759		
000:06:40.950	800.0	23.4	24.1	800.0	0.0	0.0	0.0	0.000	0.000	0.000	0.0	0.0		12:41:32:809		
000:06:41.000	800.0	23.4	24.1	800.0	0.0	0.0	0.0	0.000	0.000	0.000	0.0	0.0		12:41:32:859		
000:06:41.050	800.0	23.4	24.1	800.0	0.0	0.0	0.0	0.000	0.000	0.000	0.0	0.0		12:41:32:909		
000:06:41.100	800.0	23.4	24.1	800.0	0.0	0.0	0.0	0.000	0.000	0.000	0.0	0.0		12:41:32:959		
000:06:41.150	800.0	23.4	24.1	800.0	0.0	0.0	0.0	0.000	0.000	0.000	0.0	0.0		12:41:33:009		
000:06:41.200	800.0	23.4	24.1	800.0	0.0	0.0	0.0	0.000	0.000	0.000	0.0	0.0		12:41:33:059		
000:06:41.250	800.0	23.4	24.1	800.0	0.0	0.0	0.0	0.000	0.000	0.000	0.0	0.0		12:41:33:109		
000:06:41.300	800.0	23.4	24.1	800.0	0.0	0.0	0.0	0.000	0.000	0.000	0.0	0.0		12:41:33:159		
000:06:41.350	800.0	23.4	24.1	800.0	0.0	0.0	0.0	0.000	0.000	0.000	0.0	0.0		12:41:33:209		
000:06:41.400	800.0	23.4	24.1	800.0	0.0	0.0	0.0	0.000	0.000	0.000	0.0	0.0		12:41:33:259		
000:06:41.450	800.0	23.4	24.1	800.0	0.0	0.0	0.0	0.000	0.000	0.000	0.0	0.0		12:41:33:309		
000:06:41.500	800.0	23.4	24.1	800.0	0.0	0.0	0.0	0.000	0.000	0.000	0.0	0.0		12:41:33:359		
000:06:41.550	800.0	23.4	24.1	800.0	0.0	0.0	0.0	0.000	0.000	0.000	0.0	0.0		12:41:33:409		
000:06:41.600	800.0	23.4	24.1	800.0	0.0	0.0	0.0	0.000	0.000	0.000	0.0	0.0		12:41:33:459		
000:06:41.650	800.0	23.4	24.1	800.0	0.0	0.0	0.0	0.000	0.000	0.000	0.0	0.0		12:41:33:509		
000:06:41.700	800.0	23.4	24.1	800.0	0.0	0.0	0.0	0.000	0.000	0.000	0.0	0.0		12:41:33:559		
000:06:41.750	800.0	23.4	24.1	800.0	0.0	0.0	0.0	0.000	0.000	0.000	0.0	0.0		12:41:33:609		
000:06:41.800	800.0	23.4	24.1	800.0	0.0	0.0	0.0	0.000	0.000	0.000	0.0	0.0		12:41:33:659		
000:06:41.850	800.0	23.4	24.1	800.0	0.0	0.0	0.0	0.000	0.000	0.000	0.0	0.0		12:41:33:709		
000:06:41.900	800.0	23.4	24.1	800.0	0.0	0.0	0.0	0.000	0.000	0.000	0.0	0.0		12:41:33:759		
000:06:41.950	800.0	23.4	24.1	800.0	0.0	0.0	0.0	0.000	0.000	0.000	0.0	0.0		12:41:33:809		
000:06:42.000	800.0	23.4	24.1	800.0	0.0	0.0	0.0	0.000	0.000	0.000	0.0	0.0		12:41:33:859		
000:06:42.050	800.0	23.4	24.1	800.0	0.0	0.0	0.0	0.000	0.000	0.000	0.0	0.0		12:41:33:909		
000:06:42.100	800.0	23.4	24.1	800.0	0.0	0.0	0.0	0.000	0.000	0.000	0.0	0.0		12:41:33:959		
000:06:42.150	800.0	23.4	24.1	800.0	0.0	0.0	0.0	0.000	0.000	0.000	0.0	0.0		12:41:34:009		
000:06:42.200	800.0	23.4	24.1	800.0	0.0	0.0	0.0	0.000	0.000	0.000	0.0	0.0		12:41:34:059		
000:06:42.250	800.0	23.4	24.1	800.0	0.0	0.0	0.0	0.000	0.000	0.000	0.0	0.0		12:41:34:109		
000:06:42.300	800.0	23.4	24.1	800.0	0.0	0.0	0.0	0.000	0.000	0.000	0.0	0.0		12:41:34:159		
000:06:42.350	800.0	23.4	24.1	800.0	0.0	0.0	0.0	0.000	0.000	0.000	0.0	0.0		12:41:34:209		
000:06:42.400	800.0	23.4	24.1	800.0	0.0	0.0	0.0	0.000	0.000	0.000	0.0	0.0		12:41:34:259		
000:06:42.450	800.0	23.4	24.1	800.0	0.0	0.0	0.0	0.000	0.000	0.000	0.0	0.0		12:41:34:309		
000:06:42.500	800.0	23.4	24.1	800.0	0.0	0.0	0.0	0.000	0.000	0.000	0.0	0.0		12:41:34:359		
000:06:42.550	800.0	23.4	24.1	800.0	0.0	0.0	0.0	0.000	0.000	0.000	0.0	0.0		12:41:34:409		
000:06:42.600	800.0	23.4	24.1	800.0	0.0	0.0	0.0	0.000	0.000	0.000	0.0	0.0		12:41:34:459		
000:06:42.650	800.0	23.4	24.1	800.0	0.0	0.0	0.0	0.000	0.000	0.000	0.0	0.0		12:41:34:509		
000:06:42.700	800.0	23.4	24.1	800.0	0.0	0.0	0.0	0.000	0.000	0.000	0.0	0.0		12:41:34:559		
000:06:42.750	800.0	23.4	24.1	800.0	0.0	0.0	0.0	0.000	0.000	0.000	0.0	0.0		12:41:34:609		
000:06:42.800	800.0	23.4	24.1	800.0	0.0	0.0	0.0	0.000	0.000	0.000	0.0	0.0		12:41:34:659		
000:06:42.850	800.0	23.4	24.1	800.0	0.0	0.0	0.0	0.000	0.000	0.000	0.0	0.0		12:41:34:709		
000:06:42.900	800.0	23.4	24.1	800.0	0.0	0.0	0.0	0.000	0.000	0.000	0.0	0.0		12:41:34:759		
000:06:42.950	800.0	23.4	24.1	800.0	0.0	0.0	0.0	0.000	0.000	0.000	0.0	0.0		12:41:34:809		
000:06:43.000	800.0	23.4	24.1	800.0	0.0	0.0	0.0	0.000	0.000	0.000	0.0	0.0		12:41:34:859		
000:06:43.050	800.0	23.4	24.1	800.0	0.0	0.0	0.0	0.000	0.000	0.000	0.0	0.0		12:41:34:909		
000:06:43.100	800.0	23.4	24.1	800.0	0.0	0.0	0.0	0.000	0.000	0.000	0.0	0.0		12:41:34:959		
000:06:43.150	800.0	23.4	24.1	800.0	0.0	0.0	0.0	0.000	0.000	0.000	0.0	0.0		12:41:35:009		
000:06:43.200	800.0	23.4	24.1	800.0	0.0	0.0	0.0	0.000	0.000	0.000	0.0	0.0		12:41:35:059		
000:06:43.250	800.0	23.4	24.1	800.0	0.0	0.0	0.0	0.000	0.000	0.000	0.0	0.0		12:41:35:109		
000:06:43.300	800.0	23.4	24.1	800.0	0.0	0.0	0.0	0.000	0.000	0.000	0.0	0.0		12:41:35:159		
000:06:43.350	800.0	23.4	24.1	800.0	0.0	0.0	0.0	0.000	0.000	0.000	0.0	0.0		12:41:35:209		
000:06:43.400	800.0	23.4	24.1	800.0	0.0	0.0	0.0	0.000	0.000	0.000	0.0	0.0		12:41:35:259		
000:06:43.450	800.0	23.4	24.1	800.0	0.0	0.0	0.0	0.000	0.000	0.000	0.0	0.0		12:41:35:309		
000:06:43.500	800.0	23.4	24.1	800.0	0.0	0.0	0.0	0.000	0.000	0.000	0.0	0.0		12:41:35:359		
000:06:43.550	800.0	23.4	24.1	800.0	0.0	0.0	0.0	0.000	0.000	0.000	0.0	0.0		12:41:35:409		
000:06:43.600	800.0	23.4	24.1	800.0	0.0	0.0	0.0	0.000	0.000	0.000	0.0	0.0		12:41:35:459		
000:06:43.650	800.0	23.4	24.1	800.0	0.0	0.0	0.0	0.000	0.000	0.000	0.0	0.0		12:41:35:509		
000:06:43.700	800.0	23.4	24.1	800.0	0.0	0.0	0.0	0.000	0.000	0.000	0.0	0.0		12:41:35:559		
000:06:43.750	800.0	23.4	24.1	800.0	0.0	0.0	0.0	0.000	0.000	0.000	0.0	0.0		12:41:35:609		
000:06:43.800	800.0	23.4	24.1	800.0	0.0	0.0	0.0	0.000	0.000	0.000	0.0	0.0		12:41:35:659		
000:06:43.850	800.0	23.4	24.1	800.0	0.0	0.0	0.0	0.000	0.000	0.000	0.0	0.0		12:41:35:709		
000:06:43.900	800.0	23.4	24.1	800.0	0.0	0.0	0.0	0.000	0.000	0.000	0.0	0.0		12:41:35:759		
000:06:43.950	800.0	23.4	24.1	800.0	0.0	0.0	0.0	0.000	0.000	0.000	0.0	0.0		12:41:35:809		
000:06:44.000	800.0	23.4	24.1	800.0	0.0	0.0	0.0	0.000	0.000	0.000	0.0	0.0		12:41:35:859		
000:06:44.050	800.0	23.4	24.1	800.0	0.0	0.0	0.0	0.000	0.000	0.000	0.0	0.0		12:41:35:909		
000:06:44.100	800.0	23.4	24.1	800.0	0.0	0.0	0.0	0.000	0.000	0.000	0.0	0.0		12:41:35:959		
000:06:44.150	800.0	23.4	24.1	800.0	0.0	0.0	0.0	0.000	0.000	0.000	0.0	0.0		12:41:36:009		
000:06:44.200	800.0	23.4	24.1	800.0	0.0	0.0	0.0	0.000	0.000	0.000	0.0	0.0		12:41:36:059		
000:06:44.250	800.0	23.4	24.1	800.0	0.0	0.0	0.0	0.000	0.000	0.000	0.0	0.0		12:41:36:109		
000:06:44.300	800.0	23.4	24.1	800.0	0.0	0.0	0.0	0.000	0.000	0.000	0.0	0.0		12:41:36:159		
000:06:44.350	800.0	23.4	24.1	800.0	0.0	0.0	0.0	0.000	0.000	0.000	0.0	0.0		12:41:36:209		
000:06:44.400	800.0	23.4	24.1	800.0	0.0	0.0	0.0	0.000	0.000	0.000	0.0	0.0		12:41:36:259		
000:06:44.450	800.0	23.4	24.1	800.0	0.0	0.0	0.0	0.000	0.000	0.000	0.0	0.0		12:41:36:309		
000:06:44.500	800.0	23.4	24.1	800.0	0.0	0.0	0.0	0.000	0.000	0.000	0.0	0.0		12:41:36:359		
000:06:44.550	800.0	23.4	24.1	800.0	0.0	0.0	0.0	0.000	0.000	0.000	0.0	0.0		12:41:36:409		
000:06:44.600	800.0	23.4	24.1	800.0	0.0	0.0	0.0	0.000	0.000	0.000	0.0	0.0		12:41:36:459		
000:06:44.650	800.0	23.4	24.1	800.0	0.0	0.0	0.0	0.000	0.000	0.000	0.0	0.0		12:41:36:509		
000:06:44.700	800.0	23.4	24.1	800.0	0.0	0.0	0.0	0.000	0.000	0.000	0.0	0.0		12:41:36:559		
000:06:44.750	800.0	23.4	24.1	800.0	0.0	0.0	0.0	0.000	0.000	0.000	0.0	0.0		12:41:36:609		
000:06:44.800	800.0	23.4	24.1	800.0	0.0	0.0	0.0	0.000	0.000	0.000	0.0	0.0		12:41:36:659		
000:06:44.850	800.0	23.5	24.1	800.0	0.0	0.0	0.0	0.000	0.000	0.000	0.0	0.0		12:41:36:709		
000:06:44.900	800.0	23.5	24.1	800.0	0.0	0.0	0.0	0.000	0.000	0.000	0.0	0.0		12:41:36:759		
000:06:44.950	800.0	23.5	24.1	800.0	0.0	0.0	0.0	0.000	0.000	0.000	0.0	0.0		12:41:36:809		
000:06:45.000	800.0	23.5	24.1	800.0	0.0	0.0	0.0	0.000	0.000	0.000	0.0	0.0		12:41:36:859		
000:06:45.050	800.0	23.5	24.1	800.0	0.0	0.0	0.0	0.000	0.000	0.000	0.0	0.0		12:41:36:909		
000:06:45.100	800.0	23.5	24.1	800.0	0.0	0.0	0.0	0.000	0.000	0.000	0.0	0.0		12:41:36:959		
000:06:45.150	800.0	23.5	24.1	800.0	0.0	0.0	0.0	0.000	0.000	0.000	0.0	0.0		12:41:37:009		
000:06:45.200	800.0	23.5	24.1	800.0	0.0	0.0	0.0	0.000	0.000	0.000	0.0	0.0		12:41:37:059		
000:06:45.250	800.0	23.5	24.1	800.0	0.0	0.0	0.0	0.000	0.000	0.000	0.0	0.0		12:41:37:109		
000:06:45.300	800.0	23.5	24.1	800.0	0.0	0.0	0.0	0.000	0.000	0.000	0.0	0.0		12:41:37:159		
000:06:45.350	800.0	23.5	24.1	800.0	0.0	0.0	0.0	0.000	0.000	0.000	0.0	0.0		12:41:37:209		
000:06:45.400	800.0	23.5	24.1	800.0	0.0	0.0	0.0	0.000	0.000	0.000	0.0	0.0		12:41:37:259		
000:06:45.450	800.0	23.5	24.1	800.0	0.0	0.0	0.0	0.000	0.000	0.000	0.0	0.0		12:41:37:309		
000:06:45.500	800.0	23.5	24.1	800.0	0.0	0.0	0.0	0.000	0.000	0.000	0.0	0.0		12:41:37:359		
000:06:45.550	800.0	23.5	24.1	800.0	0.0	0.0	0.0	0.000	0.000	0.000	0.0	0.0		12:41:37:409		
000:06:45.600	800.0	23.5	24.1	800.0	0.0	0.0	0.0	0.000	0.000	0.000	0.0	0.0		12:41:37:459		
000:06:45.650	800.0	23.5	24.1	800.0	0.0	0.0	0.0	0.000	0.000	0.000	0.0	0.0		12:41:37:509		
000:06:45.700	800.0	23.5	24.1	800.0	0.0	0.0	0.0	0.000	0.000	0.000	0.0	0.0		12:41:37:559		
000:06:45.750	800.0	23.5	24.1	800.0	0.0	0.0	0.0	0.000	0.000	0.000	0.0	0.0		12:41:37:609		
000:06:45.800	800.0	23.5	24.1	800.0	0.0	0.0	0.0	0.000	0.000	0.000	0.0	0.0		12:41:37:659		
000:06:45.850	800.0	23.5	24.1	800.0	0.0	0.0	0.0	0.000	0.000	0.000	0.0	0.0		12:41:37:709		
000:06:45.900	800.0	23.5	24.1	800.0	0.0	0.0	0.0	0.000	0.000	0.000	0.0	0.0		12:41:37:759		
000:06:45.950	800.0	23.5	24.1	800.0	0.0	0.0	0.0	0.000	0.000	0.000	0.0	0.0		12:41:37:809		
000:06:46.000	800.0	23.5	24.1	800.0	0.0	0.0	0.0	0.000	0.000	0.000	0.0	0.0		12:41:37:859		
000:06:46.050	800.0	23.5	24.1	800.0	0.0	0.0	0.0	0.000	0.000	0.000	0.0	0.0		12:41:37:909		
000:06:46.100	800.0	23.5	24.1	800.0	0.0	0.0	0.0	0.000	0.000	0.000	0.0	0.0		12:41:37:959		
000:06:46.150	800.0	23.5	24.1	800.0	0.0	0.0	0.0	0.000	0.000	0.000	0.0	0.0		12:41:38:009		
000:06:46.200	800.0	23.5	24.1	800.0	0.0	0.0	0.0	0.000	0.000	0.000	0.0	0.0		12:41:38:059		
000:06:46.250	800.0	23.5	24.1	800.0	0.0	0.0	0.0	0.000	0.000	0.000	0.0	0.0		12:41:38:109		
000:06:46.300	800.0	23.5	24.1	800.0	0.0	0.0	0.0	0.000	0.000	0.000	0.0	0.0		12:41:38:159		
000:06:46.350	800.0	23.5	24.1	800.0	0.0	0.0	0.0	0.000	0.000	0.000	0.0	0.0		12:41:38:209		
000:06:46.400	800.0	23.5	24.1	800.0	0.0	0.0	0.0	0.000	0.000	0.000	0.0	0.0		12:41:38:259		
000:06:46.450	800.0	23.5	24.1	800.0	0.0	0.0	0.0	0.000	0.000	0.000	0.0	0.0		12:41:38:309		
000:06:46.500	800.0	23.5	24.1	800.0	0.0	0.0	0.0	0.000	0.000	0.000	0.0	0.0		12:41:38:359		
000:06:46.550	800.0	23.5	24.1	800.0	0.0	0.0	0.0	0.000	0.000	0.000	0.0	0.0		12:41:38:409		
000:06:46.600	800.0	23.5	24.1	800.0	0.0	0.0	0.0	0.000	0.000	0.000	0.0	0.0		12:41:38:459		
000:06:46.650	800.0	23.5	24.1	800.0	0.0	0.0	0.0	0.000	0.000	0.000	0.0	0.0		12:41:38:509		
000:06:46.700	800.0	23.5	24.1	800.0	0.0	0.0	0.0	0.000	0.000	0.000	0.0	0.0		12:41:38:559		
000:06:46.750	800.0	23.5	24.1	800.0	0.0	0.0	0.0	0.000	0.000	0.000	0.0	0.0		12:41:38:609		
000:06:46.800	800.0	23.5	24.1	800.0	0.0	0.0	0.0	0.000	0.000	0.000	0.0	0.0		12:41:38:659		
000:06:46.850	800.0	23.5	24.1	800.0	0.0	0.0	0.0	0.000	0.000	0.000	0.0	0.0		12:41:38:709		
000:06:46.900	800.0	23.5	24.1	800.0	0.0	0.0	0.0	0.000	0.000	0.000	0.0	0.0		12:41:38:759		
000:06:46.950	800.0	23.5	24.1	800.0	0.0	0.0	0.0	0.000	0.000	0.000	0.0	0.0		12:41:38:809		
000:06:47.000	800.0	23.5	24.1	800.0	0.0	0.0	0.0	0.000	0.000	0.000	0.0	0.0		12:41:38:859		
000:06:47.050	800.0	23.5	24.1	800.0	0.0	0.0	0.0	0.000	0.000	0.000	0.0	0.0		12:41:38:909		
000:06:47.100	800.0	23.5	24.1	800.0	0.0	0.0	0.0	0.000	0.000	0.000	0.0	0.0		12:41:38:959		
000:06:47.150	800.0	23.5	24.1	800.0	0.0	0.0	0.0	0.000	0.000	0.000	0.0	0.0		12:41:39:009		
000:06:47.200	800.0	23.5	24.1	800.0	0.0	0.0	0.0	0.000	0.000	0.000	0.0	0.0		12:41:39:059		
000:06:47.250	800.0	23.5	24.1	800.0	0.0	0.0	0.0	0.000	0.000	0.000	0.0	0.0		12:41:39:109		
000:06:47.300	800.0	23.5	24.1	800.0	0.0	0.0	0.0	0.000	0.000	0.000	0.0	0.0		12:41:39:159		
000:06:47.350	800.0	23.5	24.1	800.0	0.0	0.0	0.0	0.000	0.000	0.000	0.0	0.0		12:41:39:209		
000:06:47.400	800.0	23.5	24.1	800.0	0.0	0.0	0.0	0.000	0.000	0.000	0.0	0.0		12:41:39:259		
000:06:47.450	800.0	23.5	24.1	800.0	0.0	0.0	0.0	0.000	0.000	0.000	0.0	0.0		12:41:39:309		
000:06:47.500	800.0	23.5	24.1	800.0	0.0	0.0	0.0	0.000	0.000	0.000	0.0	0.0		12:41:39:359		
000:06:47.550	800.0	23.5	24.1	800.0	0.0	0.0	0.0	0.000	0.000	0.000	0.0	0.0		12:41:39:409		
000:06:47.600	800.0	23.5	24.1	800.0	0.0	0.0	0.0	0.000	0.000	0.000	0.0	0.0		12:41:39:459		
000:06:47.650	800.0	23.5	24.1	800.0	0.0	0.0	0.0	0.000	0.000	0.000	0.0	0.0		12:41:39:509		
000:06:47.700	800.0	23.5	24.1	800.0	0.0	0.0	0.0	0.000	0.000	0.000	0.0	0.0		12:41:39:559		
000:06:47.750	800.0	23.5	24.1	800.0	0.0	0.0	0.0	0.000	0.000	0.000	0.0	0.0		12:41:39:609		
000:06:47.800	800.0	23.5	24.1	800.0	0.0	0.0	0.0	0.000	0.000	0.000	0.0	0.0		12:41:39:659		
000:06:47.850	800.0	23.5	24.1	800.0	0.0	0.0	0.0	0.000	0.000	0.000	0.0	0.0		12:41:39:709		
000:06:47.900	800.0	23.5	24.1	800.0	0.0	0.0	0.0	0.000	0.000	0.000	0.0	0.0		12:41:39:759		
000:06:47.950	800.0	23.5	24.1	800.0	0.0	0.0	0.0	0.000	0.000	0.000	0.0	0.0		12:41:39:809		
000:06:48.000	800.0	23.5	24.1	800.0	0.0	0.0	0.0	0.000	0.000	0.000	0.0	0.0		12:41:39:859		
000:06:48.050	800.0	23.5	24.1	800.0	0.0	0.0	0.0	0.000	0.000	0.000	0.0	0.0		12:41:39:909		
000:06:48.100	800.0	23.5	24.1	800.0	0.0	0.0	0.0	0.000	0.000	0.000	0.0	0.0		12:41:39:959		
000:06:48.150	800.0	23.5	24.1	800.0	0.0	0.0	0.0	0.000	0.000	0.000	0.0	0.0		12:41:40:009		
000:06:48.200	800.0	23.5	24.1	800.0	0.0	0.0	0.0	0.000	0.000	0.000	0.0	0.0		12:41:40:059		
000:06:48.250	800.0	23.5	24.1	800.0	0.0	0.0	0.0	0.000	0.000	0.000	0.0	0.0		12:41:40:109		
000:06:48.300	800.0	23.5	24.1	800.0	0.0	0.0	0.0	0.000	0.000	0.000	0.0	0.0		12:41:40:159		
000:06:48.350	800.0	23.5	24.1	800.0	0.0	0.0	0.0	0.000	0.000	0.000	0.0	0.0		12:41:40:209		
000:06:48.400	800.0	23.5	24.1	800.0	0.0	0.0	0.0	0.000	0.000	0.000	0.0	0.0		12:41:40:259		
000:06:48.450	800.0	23.5	24.1	800.0	0.0	0.0	0.0	0.000	0.000	0.000	0.0	0.0		12:41:40:309		
000:06:48.500	800.0	23.5	24.1	800.0	0.0	0.0	0.0	0.000	0.000	0.000	0.0	0.0		12:41:40:359		
000:06:48.550	800.0	23.5	24.1	800.0	0.0	0.0	0.0	0.000	0.000	0.000	0.0	0.0		12:41:40:409		
000:06:48.600	800.0	23.5	24.1	800.0	0.0	0.0	0.0	0.000	0.000	0.000	0.0	0.0		12:41:40:459		
000:06:48.650	800.0	23.5	24.1	800.0	0.0	0.0	0.0	0.000	0.000	0.000	0.0	0.0		12:41:40:509		
000:06:48.700	800.0	23.5	24.1	800.0	0.0	0.0	0.0	0.000	0.000	0.000	0.0	0.0		12:41:40:559		
000:06:48.750	800.0	23.5	24.1	800.0	0.0	0.0	0.0	0.000	0.000	0.000	0.0	0.0		12:41:40:609		
000:06:48.800	800.0	23.5	24.1	800.0	0.0	0.0	0.0	0.000	0.000	0.000	0.0	0.0		12:41:40:659		
000:06:48.850	800.0	23.5	24.1	800.0	0.0	0.0	0.0	0.000	0.000	0.000	0.0	0.0		12:41:40:709		
000:06:48.900	800.0	23.5	24.1	800.0	0.0	0.0	0.0	0.000	0.000	0.000	0.0	0.0		12:41:40:759		
000:06:48.950	800.0	23.5	24.1	800.0	0.0	0.0	0.0	0.000	0.000	0.000	0.0	0.0		12:41:40:809		
000:06:49.000	800.0	23.5	24.1	800.0	0.0	0.0	0.0	0.000	0.000	0.000	0.0	0.0		12:41:40:859		
000:06:49.050	800.0	23.5	24.1	800.0	0.0	0.0	0.0	0.000	0.000	0.000	0.0	0.0		12:41:40:909		
000:06:49.100	800.0	23.5	24.1	800.0	0.0	0.0	0.0	0.000	0.000	0.000	0.0	0.0		12:41:40:959		
000:06:49.150	800.0	23.5	24.1	800.0	0.0	0.0	0.0	0.000	0.000	0.000	0.0	0.0		12:41:41:009		
000:06:49.200	800.0	23.5	24.1	800.0	0.0	0.0	0.0	0.000	0.000	0.000	0.0	0.0		12:41:41:059		
000:06:49.250	800.0	23.5	24.1	800.0	0.0	0.0	0.0	0.000	0.000	0.000	0.0	0.0		12:41:41:109		
000:06:49.300	800.0	23.5	24.1	800.0	0.0	0.0	0.0	0.000	0.000	0.000	0.0	0.0		12:41:41:159		
000:06:49.350	800.0	23.5	24.1	800.0	0.0	0.0	0.0	0.000	0.000	0.000	0.0	0.0		12:41:41:209		
000:06:49.400	800.0	23.5	24.1	800.0	0.0	0.0	0.0	0.000	0.000	0.000	0.0	0.0		12:41:41:259		
000:06:49.450	800.0	23.5	24.1	800.0	0.0	0.0	0.0	0.000	0.000	0.000	0.0	0.0		12:41:41:309		
000:06:49.500	800.0	23.5	24.1	800.0	0.0	0.0	0.0	0.000	0.000	0.000	0.0	0.0		12:41:41:359		
000:06:49.550	800.0	23.5	24.1	800.0	0.0	0.0	0.0	0.000	0.000	0.000	0.0	0.0		12:41:41:409		
000:06:49.600	800.0	23.5	24.1	800.0	0.0	0.0	0.0	0.000	0.000	0.000	0.0	0.0		12:41:41:459		
000:06:49.650	800.0	23.5	24.1	800.0	0.0	0.0	0.0	0.000	0.000	0.000	0.0	0.0		12:41:41:509		
000:06:49.700	800.0	23.5	24.1	800.0	0.0	0.0	0.0	0.000	0.000	0.000	0.0	0.0		12:41:41:559		
000:06:49.750	800.0	23.5	24.1	800.0	0.0	0.0	0.0	0.000	0.000	0.000	0.0	0.0		12:41:41:609		
000:06:49.800	800.0	23.5	24.1	800.0	0.0	0.0	0.0	0.000	0.000	0.000	0.0	0.0		12:41:41:659		
000:06:49.850	800.0	23.5	24.1	800.0	0.0	0.0	0.0	0.000	0.000	0.000	0.0	0.0		12:41:41:709		
000:06:49.900	800.0	23.5	24.1	800.0	0.0	0.0	0.0	0.000	0.000	0.000	0.0	0.0		12:41:41:759		
000:06:49.950	800.0	23.5	24.1	800.0	0.0	0.0	0.0	0.000	0.000	0.000	0.0	0.0		12:41:41:809		
000:06:50.000	800.0	23.5	24.1	800.0	0.0	0.0	0.0	0.000	0.000	0.000	0.0	0.0		12:41:41:859		
000:06:50.050	800.0	23.5	24.1	800.0	0.0	0.0	0.0	0.000	0.000	0.000	0.0	0.0		12:41:41:909		
000:06:50.100	800.0	23.5	24.1	800.0	0.0	0.0	0.0	0.000	0.000	0.000	0.0	0.0		12:41:41:959		
000:06:50.150	800.0	23.5	24.1	800.0	0.0	0.0	0.0	0.000	0.000	0.000	0.0	0.0		12:41:42:009		
000:06:50.200	800.0	23.5	24.1	800.0	0.0	0.0	0.0	0.000	0.000	0.000	0.0	0.0		12:41:42:059		
000:06:50.250	800.0	23.5	24.1	800.0	0.0	0.0	0.0	0.000	0.000	0.000	0.0	0.0		12:41:42:109		
000:06:50.300	800.0	23.5	24.1	800.0	0.0	0.0	0.0	0.000	0.000	0.000	0.0	0.0		12:41:42:159		
000:06:50.350	800.0	23.5	24.1	800.0	0.0	0.0	0.0	0.000	0.000	0.000	0.0	0.0		12:41:42:209		
000:06:50.400	800.0	23.5	24.1	800.0	0.0	0.0	0.0	0.000	0.000	0.000	0.0	0.0		12:41:42:259		
000:06:50.450	800.0	23.5	24.1	800.0	0.0	0.0	0.0	0.000	0.000	0.000	0.0	0.0		12:41:42:309		
000:06:50.500	800.0	23.5	24.1	800.0	0.0	0.0	0.0	0.000	0.000	0.000	0.0	0.0		12:41:42:359		
000:06:50.550	800.0	23.5	24.1	800.0	0.0	0.0	0.0	0.000	0.000	0.000	0.0	0.0		12:41:42:409		
000:06:50.600	800.0	23.5	24.1	800.0	0.0	0.0	0.0	0.000	0.000	0.000	0.0	0.0		12:41:42:459		
000:06:50.650	800.0	23.5	24.1	800.0	0.0	0.0	0.0	0.000	0.000	0.000	0.0	0.0		12:41:42:509		
000:06:50.700	800.0	23.5	24.1	800.0	0.0	0.0	0.0	0.000	0.000	0.000	0.0	0.0		12:41:42:559		
000:06:50.750	800.0	23.5	24.1	800.0	0.0	0.0	0.0	0.000	0.000	0.000	0.0	0.0		12:41:42:609		
000:06:50.800	800.0	23.5	24.1	800.0	0.0	0.0	0.0	0.000	0.000	0.000	0.0	0.0		12:41:42:659		
000:06:50.850	800.0	23.5	24.1	800.0	0.0	0.0	0.0	0.000	0.000	0.000	0.0	0.0		12:41:42:709		
000:06:50.900	800.0	23.5	24.1	800.0	0.0	0.0	0.0	0.000	0.000	0.000	0.0	0.0		12:41:42:759		
000:06:50.950	800.0	23.5	24.1	800.0	0.0	0.0	0.0	0.000	0.000	0.000	0.0	0.0		12:41:42:809		
000:06:51.000	800.0	23.5	24.1	800.0	0.0	0.0	0.0	0.000	0.000	0.000	0.0	0.0		12:41:42:859		
000:06:51.050	800.0	23.5	24.1	800.0	0.0	0.0	0.0	0.000	0.000	0.000	0.0	0.0		12:41:42:909		
000:06:51.100	800.0	23.5	24.1	800.0	0.0	0.0	0.0	0.000	0.000	0.000	0.0	0.0		12:41:42:959		
000:06:51.150	800.0	23.5	24.1	800.0	0.0	0.0	0.0	0.000	0.000	0.000	0.0	0.0		12:41:43:009		
000:06:51.200	800.0	23.5	24.1	800.0	0.0	0.0	0.0	0.000	0.000	0.000	0.0	0.0		12:41:43:059		
000:06:51.250	800.0	23.5	24.1	800.0	0.0	0.0	0.0	0.000	0.000	0.000	0.0	0.0		12:41:43:109		
000:06:51.300	800.0	23.5	24.1	800.0	0.0	0.0	0.0	0.000	0.000	0.000	0.0	0.0		12:41:43:159		
000:06:51.350	800.0	23.5	24.1	800.0	0.0	0.0	0.0	0.000	0.000	0.000	0.0	0.0		12:41:43:209		
000:06:51.400	800.0	23.5	24.1	800.0	0.0	0.0	0.0	0.000	0.000	0.000	0.0	0.0		12:41:43:259		
000:06:51.450	800.0	23.5	24.1	800.0	0.0	0.0	0.0	0.000	0.000	0.000	0.0	0.0		12:41:43:309		
000:06:51.500	800.0	23.5	24.1	800.0	0.0	0.0	0.0	0.000	0.000	0.000	0.0	0.0		12:41:43:359		
000:06:51.550	800.0	23.5	24.1	800.0	0.0	0.0	0.0	0.000	0.000	0.000	0.0	0.0		12:41:43:409		
000:06:51.600	800.0	23.5	24.1	800.0	0.0	0.0	0.0	0.000	0.000	0.000	0.0	0.0		12:41:43:459		
000:06:51.650	800.0	23.5	24.1	800.0	0.0	0.0	0.0	0.000	0.000	0.000	0.0	0.0		12:41:43:509		
000:06:51.700	800.0	23.5	24.1	800.0	0.0	0.0	0.0	0.000	0.000	0.000	0.0	0.0		12:41:43:559		
000:06:51.750	800.0	23.5	24.1	800.0	0.0	0.0	0.0	0.000	0.000	0.000	0.0	0.0		12:41:43:609		
000:06:51.800	800.0	23.5	24.1	800.0	0.0	0.0	0.0	0.000	0.000	0.000	0.0	0.0		12:41:43:659		
000:06:51.850	800.0	23.5	24.1	800.0	0.0	0.0	0.0	0.000	0.000	0.000	0.0	0.0		12:41:43:709		
000:06:51.900	800.0	23.5	24.1	800.0	0.0	0.0	0.0	0.000	0.000	0.000	0.0	0.0		12:41:43:759		
000:06:51.950	800.0	23.5	24.1	800.0	0.0	0.0	0.0	0.000	0.000	0.000	0.0	0.0		12:41:43:809		
000:06:52.000	800.0	23.5	24.1	800.0	0.0	0.0	0.0	0.000	0.000	0.000	0.0	0.0		12:41:43:859		
000:06:52.050	800.0	23.5	24.1	800.0	0.0	0.0	0.0	0.000	0.000	0.000	0.0	0.0		12:41:43:909		
000:06:52.100	800.0	23.5	24.1	800.0	0.0	0.0	0.0	0.000	0.000	0.000	0.0	0.0		12:41:43:959		
000:06:52.150	800.0	23.5	24.1	800.0	0.0	0.0	0.0	0.000	0.000	0.000	0.0	0.0		12:41:44:009		
000:06:52.200	800.0	23.5	24.1	800.0	0.0	0.0	0.0	0.000	0.000	0.000	0.0	0.0		12:41:44:059		
000:06:52.250	800.0	23.5	24.1	800.0	0.0	0.0	0.0	0.000	0.000	0.000	0.0	0.0		12:41:44:109		
000:06:52.300	800.0	23.5	24.1	800.0	0.0	0.0	0.0	0.000	0.000	0.000	0.0	0.0		12:41:44:159		
000:06:52.350	800.0	23.5	24.1	800.0	0.0	0.0	0.0	0.000	0.000	0.000	0.0	0.0		12:41:44:209		
000:06:52.400	800.0	23.5	24.1	800.0	0.0	0.0	0.0	0.000	0.000	0.000	0.0	0.0		12:41:44:259		
000:06:52.450	800.0	23.5	24.1	800.0	0.0	0.0	0.0	0.000	0.000	0.000	0.0	0.0		12:41:44:309		
000:06:52.500	800.0	23.5	24.1	800.0	0.0	0.0	0.0	0.000	0.000	0.000	0.0	0.0		12:41:44:359		
000:06:52.550	800.0	23.5	24.1	800.0	0.0	0.0	0.0	0.000	0.000	0.000	0.0	0.0		12:41:44:409		
000:06:52.600	800.0	23.5	24.1	800.0	0.0	0.0	0.0	0.000	0.000	0.000	0.0	0.0		12:41:44:459		
000:06:52.650	800.0	23.5	24.1	800.0	0.0	0.0	0.0	0.000	0.000	0.000	0.0	0.0		12:41:44:509		
000:06:52.700	800.0	23.5	24.1	800.0	0.0	0.0	0.0	0.000	0.000	0.000	0.0	0.0		12:41:44:559		
000:06:52.750	800.0	23.5	24.1	800.0	0.0	0.0	0.0	0.000	0.000	0.000	0.0	0.0		12:41:44:609		
000:06:52.800	800.0	23.5	24.1	800.0	0.0	0.0	0.0	0.000	0.000	0.000	0.0	0.0		12:41:44:659		
000:06:52.850	800.0	23.5	24.1	800.0	0.0	0.0	0.0	0.000	0.000	0.000	0.0	0.0		12:41:44:709		
000:06:52.900	800.0	23.5	24.1	800.0	0.0	0.0	0.0	0.000	0.000	0.000	0.0	0.0		12:41:44:759		
000:06:52.950	800.0	23.5	24.1	800.0	0.0	0.0	0.0	0.000	0.000	0.000	0.0	0.0		12:41:44:809		
000:06:53.000	800.0	23.5	24.1	800.0	0.0	0.0	0.0	0.000	0.000	0.000	0.0	0.0		12:41:44:859		
000:06:53.050	800.0	23.5	24.1	800.0	0.0	0.0	0.0	0.000	0.000	0.000	0.0	0.0		12:41:44:909		
000:06:53.100	800.0	23.5	24.1	800.0	0.0	0.0	0.0	0.000	0.000	0.000	0.0	0.0		12:41:44:959		
000:06:53.150	800.0	23.5	24.1	800.0	0.0	0.0	0.0	0.000	0.000	0.000	0.0	0.0		12:41:45:009		
000:06:53.200	800.0	23.5	24.1	800.0	0.0	0.0	0.0	0.000	0.000	0.000	0.0	0.0		12:41:45:059		
000:06:53.250	800.0	23.5	24.1	800.0	0.0	0.0	0.0	0.000	0.000	0.000	0.0	0.0		12:41:45:109		
000:06:53.300	800.0	23.5	24.1	800.0	0.0	0.0	0.0	0.000	0.000	0.000	0.0	0.0		12:41:45:159		
000:06:53.350	800.0	23.5	24.1	800.0	0.0	0.0	0.0	0.000	0.000	0.000	0.0	0.0		12:41:45:209		
000:06:53.400	800.0	23.5	24.1	800.0	0.0	0.0	0.0	0.000	0.000	0.000	0.0	0.0		12:41:45:259		
000:06:53.450	800.0	23.5	24.1	800.0	0.0	0.0	0.0	0.000	0.000	0.000	0.0	0.0		12:41:45:309		
000:06:53.500	800.0	23.5	24.1	800.0	0.0	0.0	0.0	0.000	0.000	0.000	0.0	0.0		12:41:45:359		
000:06:53.550	800.0	23.5	24.1	800.0	0.0	0.0	0.0	0.000	0.000	0.000	0.0	0.0		12:41:45:409		
000:06:53.600	800.0	23.5	24.1	800.0	0.0	0.0	0.0	0.000	0.000	0.000	0.0	0.0		12:41:45:459		
000:06:53.650	800.0	23.5	24.1	800.0	0.0	0.0	0.0	0.000	0.000	0.000	0.0	0.0		12:41:45:509		
000:06:53.700	800.0	23.5	24.1	800.0	0.0	0.0	0.0	0.000	0.000	0.000	0.0	0.0		12:41:45:559		
000:06:53.750	800.0	23.5	24.1	800.0	0.0	0.0	0.0	0.000	0.000	0.000	0.0	0.0		12:41:45:609		
000:06:53.800	800.0	23.5	24.1	800.0	0.0	0.0	0.0	0.000	0.000	0.000	0.0	0.0		12:41:45:659		
000:06:53.850	800.0	23.5	24.1	800.0	0.0	0.0	0.0	0.000	0.000	0.000	0.0	0.0		12:41:45:709		
000:06:53.900	800.0	23.5	24.1	800.0	0.0	0.0	0.0	0.000	0.000	0.000	0.0	0.0		12:41:45:759		
000:06:53.950	800.0	23.5	24.1	800.0	0.0	0.0	0.0	0.000	0.000	0.000	0.0	0.0		12:41:45:809		
000:06:54.000	800.0	23.5	24.1	800.0	0.0	0.0	0.0	0.000	0.000	0.000	0.0	0.0		12:41:45:859		
000:06:54.050	800.0	23.5	24.1	800.0	0.0	0.0	0.0	0.000	0.000	0.000	0.0	0.0		12:41:45:909		
000:06:54.100	800.0	23.5	24.1	800.0	0.0	0.0	0.0	0.000	0.000	0.000	0.0	0.0		12:41:45:959		
000:06:54.150	800.0	23.5	24.1	800.0	0.0	0.0	0.0	0.000	0.000	0.000	0.0	0.0		12:41:46:009		
000:06:54.200	800.0	23.5	24.1	800.0	0.0	0.0	0.0	0.000	0.000	0.000	0.0	0.0		12:41:46:059		
000:06:54.250	800.0	23.5	24.1	800.0	0.0	0.0	0.0	0.000	0.000	0.000	0.0	0.0		12:41:46:109		
000:06:54.300	800.0	23.5	24.1	800.0	0.0	0.0	0.0	0.000	0.000	0.000	0.0	0.0		12:41:46:159		
000:06:54.350	800.0	23.5	24.1	800.0	0.0	0.0	0.0	0.000	0.000	0.000	0.0	0.0		12:41:46:209		
000:06:54.400	800.0	23.5	24.1	800.0	0.0	0.0	0.0	0.000	0.000	0.000	0.0	0.0		12:41:46:259		
000:06:54.450	800.0	23.5	24.1	800.0	0.0	0.0	0.0	0.000	0.000	0.000	0.0	0.0		12:41:46:309		
000:06:54.500	800.0	23.5	24.1	800.0	0.0	0.0	0.0	0.000	0.000	0.000	0.0	0.0		12:41:46:359		
000:06:54.550	800.0	23.5	24.1	800.0	0.0	0.0	0.0	0.000	0.000	0.000	0.0	0.0		12:41:46:409		
000:06:54.600	800.0	23.5	24.1	800.0	0.0	0.0	0.0	0.000	0.000	0.000	0.0	0.0		12:41:46:459		
000:06:54.650	800.0	23.5	24.1	800.0	0.0	0.0	0.0	0.000	0.000	0.000	0.0	0.0		12:41:46:509		
000:06:54.700	800.0	23.5	24.1	800.0	0.0	0.0	0.0	0.000	0.000	0.000	0.0	0.0		12:41:46:559		
000:06:54.750	800.0	23.5	24.1	800.0	0.0	0.0	0.0	0.000	0.000	0.000	0.0	0.0		12:41:46:609		
000:06:54.800	800.0	23.5	24.1	800.0	0.0	0.0	0.0	0.000	0.000	0.000	0.0	0.0		12:41:46:659		
000:06:54.850	800.0	23.5	24.1	800.0	0.0	0.0	0.0	0.000	0.000	0.000	0.0	0.0		12:41:46:709		
000:06:54.900	800.0	23.5	24.1	800.0	0.0	0.0	0.0	0.000	0.000	0.000	0.0	0.0		12:41:46:759		
000:06:54.950	800.0	23.5	24.1	800.0	0.0	0.0	0.0	0.000	0.000	0.000	0.0	0.0		12:41:46:809		
000:06:55.000	800.0	23.5	24.1	800.0	0.0	0.0	0.0	0.000	0.000	0.000	0.0	0.0		12:41:46:859		
000:06:55.050	800.0	23.5	24.1	800.0	0.0	0.0	0.0	0.000	0.000	0.000	0.0	0.0		12:41:46:909		
000:06:55.100	800.0	23.5	24.1	800.0	0.0	0.0	0.0	0.000	0.000	0.000	0.0	0.0		12:41:46:959		
000:06:55.150	800.0	23.5	24.1	800.0	0.0	0.0	0.0	0.000	0.000	0.000	0.0	0.0		12:41:47:009		
000:06:55.200	800.0	23.5	24.1	800.0	0.0	0.0	0.0	0.000	0.000	0.000	0.0	0.0		12:41:47:059		
000:06:55.250	800.0	23.5	24.1	800.0	0.0	0.0	0.0	0.000	0.000	0.000	0.0	0.0		12:41:47:109		
000:06:55.300	800.0	23.5	24.1	800.0	0.0	0.0	0.0	0.000	0.000	0.000	0.0	0.0		12:41:47:159		
000:06:55.350	800.0	23.5	24.1	800.0	0.0	0.0	0.0	0.000	0.000	0.000	0.0	0.0		12:41:47:209		
000:06:55.400	800.0	23.5	24.1	800.0	0.0	0.0	0.0	0.000	0.000	0.000	0.0	0.0		12:41:47:259		
000:06:55.450	800.0	23.5	24.1	800.0	0.0	0.0	0.0	0.000	0.000	0.000	0.0	0.0		12:41:47:309		
000:06:55.500	800.0	23.5	24.1	800.0	0.0	0.0	0.0	0.000	0.000	0.000	0.0	0.0		12:41:47:359		
000:06:55.550	800.0	23.5	24.1	800.0	0.0	0.0	0.0	0.000	0.000	0.000	0.0	0.0		12:41:47:409		
000:06:55.600	800.0	23.5	24.1	800.0	0.0	0.0	0.0	0.000	0.000	0.000	0.0	0.0		12:41:47:459		
000:06:55.650	800.0	23.5	24.1	800.0	0.0	0.0	0.0	0.000	0.000	0.000	0.0	0.0		12:41:47:509		
000:06:55.700	800.0	23.5	24.1	800.0	0.0	0.0	0.0	0.000	0.000	0.000	0.0	0.0		12:41:47:559		
000:06:55.750	800.0	23.5	24.1	800.0	0.0	0.0	0.0	0.000	0.000	0.000	0.0	0.0		12:41:47:609		
000:06:55.800	800.0	23.5	24.1	800.0	0.0	0.0	0.0	0.000	0.000	0.000	0.0	0.0		12:41:47:659		
000:06:55.850	800.0	23.5	24.1	800.0	0.0	0.0	0.0	0.000	0.000	0.000	0.0	0.0		12:41:47:709		
000:06:55.900	800.0	23.5	24.1	800.0	0.0	0.0	0.0	0.000	0.000	0.000	0.0	0.0		12:41:47:759		
000:06:55.950	800.0	23.5	24.1	800.0	0.0	0.0	0.0	0.000	0.000	0.000	0.0	0.0		12:41:47:809		
000:06:56.000	800.0	23.5	24.1	800.0	0.0	0.0	0.0	0.000	0.000	0.000	0.0	0.0		12:41:47:859		
000:06:56.050	800.0	23.5	24.1	800.0	0.0	0.0	0.0	0.000	0.000	0.000	0.0	0.0		12:41:47:909		
000:06:56.100	800.0	23.5	24.1	800.0	0.0	0.0	0.0	0.000	0.000	0.000	0.0	0.0		12:41:47:959		
000:06:56.150	800.0	23.5	24.1	800.0	0.0	0.0	0.0	0.000	0.000	0.000	0.0	0.0		12:41:48:009		
000:06:56.200	800.0	23.5	24.1	800.0	0.0	0.0	0.0	0.000	0.000	0.000	0.0	0.0		12:41:48:059		
000:06:56.250	800.0	23.5	24.1	800.0	0.0	0.0	0.0	0.000	0.000	0.000	0.0	0.0		12:41:48:109		
000:06:56.300	800.0	23.5	24.1	800.0	0.0	0.0	0.0	0.000	0.000	0.000	0.0	0.0		12:41:48:159		
000:06:56.350	800.0	23.5	24.1	800.0	0.0	0.0	0.0	0.000	0.000	0.000	0.0	0.0		12:41:48:209		
000:06:56.400	800.0	23.5	24.1	800.0	0.0	0.0	0.0	0.000	0.000	0.000	0.0	0.0		12:41:48:259		
000:06:56.450	800.0	23.5	24.1	800.0	0.0	0.0	0.0	0.000	0.000	0.000	0.0	0.0		12:41:48:309		
000:06:56.500	800.0	23.5	24.1	800.0	0.0	0.0	0.0	0.000	0.000	0.000	0.0	0.0		12:41:48:359		
000:06:56.550	800.0	23.5	24.1	800.0	0.0	0.0	0.0	0.000	0.000	0.000	0.0	0.0		12:41:48:409		
000:06:56.600	800.0	23.5	24.1	800.0	0.0	0.0	0.0	0.000	0.000	0.000	0.0	0.0		12:41:48:459		
000:06:56.650	800.0	23.5	24.1	800.0	0.0	0.0	0.0	0.000	0.000	0.000	0.0	0.0		12:41:48:509		
000:06:56.700	800.0	23.5	24.1	800.0	0.0	0.0	0.0	0.000	0.000	0.000	0.0	0.0		12:41:48:559		
000:06:56.750	800.0	23.5	24.1	800.0	0.0	0.0	0.0	0.000	0.000	0.000	0.0	0.0		12:41:48:609		
000:06:56.800	800.0	23.5	24.1	800.0	0.0	0.0	0.0	0.000	0.000	0.000	0.0	0.0		12:41:48:659		
000:06:56.850	800.0	23.5	24.1	800.0	0.0	0.0	0.0	0.000	0.000	0.000	0.0	0.0		12:41:48:709		
000:06:56.900	800.0	23.5	24.1	800.0	0.0	0.0	0.0	0.000	0.000	0.000	0.0	0.0		12:41:48:759		
000:06:56.950	800.0	23.5	24.1	800.0	0.0	0.0	0.0	0.000	0.000	0.000	0.0	0.0		12:41:48:809		
000:06:57.000	800.0	23.5	24.1	800.0	0.0	0.0	0.0	0.000	0.000	0.000	0.0	0.0		12:41:48:859		
000:06:57.050	800.0	23.5	24.1	800.0	0.0	0.0	0.0	0.000	0.000	0.000	0.0	0.0		12:41:48:909		
000:06:57.100	800.0	23.5	24.1	800.0	0.0	0.0	0.0	0.000	0.000	0.000	0.0	0.0		12:41:48:959		
000:06:57.150	800.0	23.5	24.1	800.0	0.0	0.0	0.0	0.000	0.000	0.000	0.0	0.0		12:41:49:009		
000:06:57.200	800.0	23.5	24.1	800.0	0.0	0.0	0.0	0.000	0.000	0.000	0.0	0.0		12:41:49:059		
000:06:57.250	800.0	23.5	24.1	800.0	0.0	0.0	0.0	0.000	0.000	0.000	0.0	0.0		12:41:49:109		
000:06:57.300	800.0	23.5	24.1	800.0	0.0	0.0	0.0	0.000	0.000	0.000	0.0	0.0		12:41:49:159		
000:06:57.350	800.0	23.5	24.1	800.0	0.0	0.0	0.0	0.000	0.000	0.000	0.0	0.0		12:41:49:209		
000:06:57.400	800.0	23.5	24.1	800.0	0.0	0.0	0.0	0.000	0.000	0.000	0.0	0.0		12:41:49:259		
000:06:57.450	800.0	23.5	24.1	800.0	0.0	0.0	0.0	0.000	0.000	0.000	0.0	0.0		12:41:49:309		
000:06:57.500	800.0	23.5	24.1	800.0	0.0	0.0	0.0	0.000	0.000	0.000	0.0	0.0		12:41:49:359		
000:06:57.550	800.0	23.5	24.1	800.0	0.0	0.0	0.0	0.000	0.000	0.000	0.0	0.0		12:41:49:409		
000:06:57.600	800.0	23.5	24.1	800.0	0.0	0.0	0.0	0.000	0.000	0.000	0.0	0.0		12:41:49:459		
000:06:57.650	800.0	23.5	24.1	800.0	0.0	0.0	0.0	0.000	0.000	0.000	0.0	0.0		12:41:49:509		
000:06:57.700	800.0	23.5	24.1	800.0	0.0	0.0	0.0	0.000	0.000	0.000	0.0	0.0		12:41:49:559		
000:06:57.750	800.0	23.5	24.1	800.0	0.0	0.0	0.0	0.000	0.000	0.000	0.0	0.0		12:41:49:609		
000:06:57.800	800.0	23.5	24.1	800.0	0.0	0.0	0.0	0.000	0.000	0.000	0.0	0.0		12:41:49:659		
000:06:57.850	800.0	23.5	24.1	800.0	0.0	0.0	0.0	0.000	0.000	0.000	0.0	0.0		12:41:49:709		
000:06:57.900	800.0	23.5	24.1	800.0	0.0	0.0	0.0	0.000	0.000	0.000	0.0	0.0		12:41:49:759		
000:06:57.950	800.0	23.5	24.1	800.0	0.0	0.0	0.0	0.000	0.000	0.000	0.0	0.0		12:41:49:809		
000:06:58.000	800.0	23.5	24.1	800.0	0.0	0.0	0.0	0.000	0.000	0.000	0.0	0.0		12:41:49:859		
000:06:58.050	800.0	23.5	24.1	800.0	0.0	0.0	0.0	0.000	0.000	0.000	0.0	0.0		12:41:49:909		
000:06:58.100	800.0	23.5	24.1	800.0	0.0	0.0	0.0	0.000	0.000	0.000	0.0	0.0		12:41:49:959		
000:06:58.150	800.0	23.5	24.1	800.0	0.0	0.0	0.0	0.000	0.000	0.000	0.0	0.0		12:41:50:009		
000:06:58.200	800.0	23.5	24.1	800.0	0.0	0.0	0.0	0.000	0.000	0.000	0.0	0.0		12:41:50:059		
000:06:58.250	800.0	23.5	24.1	800.0	0.0	0.0	0.0	0.000	0.000	0.000	0.0	0.0		12:41:50:109		
000:06:58.300	800.0	23.5	24.1	800.0	0.0	0.0	0.0	0.000	0.000	0.000	0.0	0.0		12:41:50:159		
000:06:58.350	800.0	23.5	24.1	800.0	0.0	0.0	0.0	0.000	0.000	0.000	0.0	0.0		12:41:50:209		
000:06:58.400	800.0	23.5	24.1	800.0	0.0	0.0	0.0	0.000	0.000	0.000	0.0	0.0		12:41:50:259		
000:06:58.450	800.0	23.5	24.1	800.0	0.0	0.0	0.0	0.000	0.000	0.000	0.0	0.0		12:41:50:309		
000:06:58.500	800.0	23.5	24.1	800.0	0.0	0.0	0.0	0.000	0.000	0.000	0.0	0.0		12:41:50:359		
000:06:58.550	800.0	23.5	24.1	800.0	0.0	0.0	0.0	0.000	0.000	0.000	0.0	0.0		12:41:50:409		
000:06:58.600	800.0	23.5	24.1	800.0	0.0	0.0	0.0	0.000	0.000	0.000	0.0	0.0		12:41:50:459		
000:06:58.650	800.0	23.5	24.1	800.0	0.0	0.0	0.0	0.000	0.000	0.000	0.0	0.0		12:41:50:509		
000:06:58.700	800.0	23.5	24.1	800.0	0.0	0.0	0.0	0.000	0.000	0.000	0.0	0.0		12:41:50:559		
000:06:58.750	800.0	23.5	24.1	800.0	0.0	0.0	0.0	0.000	0.000	0.000	0.0	0.0		12:41:50:609		
000:06:58.800	800.0	23.5	24.1	800.0	0.0	0.0	0.0	0.000	0.000	0.000	0.0	0.0		12:41:50:659		
000:06:58.850	800.0	23.5	24.1	800.0	0.0	0.0	0.0	0.000	0.000	0.000	0.0	0.0		12:41:50:709		
000:06:58.900	800.0	23.5	24.1	800.0	0.0	0.0	0.0	0.000	0.000	0.000	0.0	0.0		12:41:50:759		
000:06:58.950	800.0	23.5	24.1	800.0	0.0	0.0	0.0	0.000	0.000	0.000	0.0	0.0		12:41:50:809		
000:06:59.000	800.0	23.5	24.1	800.0	0.0	0.0	0.0	0.000	0.000	0.000	0.0	0.0		12:41:50:859		
000:06:59.050	800.0	23.5	24.1	800.0	0.0	0.0	0.0	0.000	0.000	0.000	0.0	0.0		12:41:50:909		
000:06:59.100	800.0	23.5	24.1	800.0	0.0	0.0	0.0	0.000	0.000	0.000	0.0	0.0		12:41:50:959		
000:06:59.150	800.0	23.5	24.1	800.0	0.0	0.0	0.0	0.000	0.000	0.000	0.0	0.0		12:41:51:009		
000:06:59.200	800.0	23.5	24.1	800.0	0.0	0.0	0.0	0.000	0.000	0.000	0.0	0.0		12:41:51:059		
000:06:59.250	800.0	23.5	24.1	800.0	0.0	0.0	0.0	0.000	0.000	0.000	0.0	0.0		12:41:51:109		
000:06:59.300	800.0	23.5	24.1	800.0	0.0	0.0	0.0	0.000	0.000	0.000	0.0	0.0		12:41:51:159		
000:06:59.350	800.0	23.5	24.1	800.0	0.0	0.0	0.0	0.000	0.000	0.000	0.0	0.0		12:41:51:209		
000:06:59.400	800.0	23.5	24.1	800.0	0.0	0.0	0.0	0.000	0.000	0.000	0.0	0.0		12:41:51:259		
000:06:59.450	800.0	23.5	24.1	800.0	0.0	0.0	0.0	0.000	0.000	0.000	0.0	0.0		12:41:51:309		
000:06:59.500	800.0	23.5	24.1	800.0	0.0	0.0	0.0	0.000	0.000	0.000	0.0	0.0		12:41:51:359		
000:06:59.550	800.0	23.5	24.1	800.0	0.0	0.0	0.0	0.000	0.000	0.000	0.0	0.0		12:41:51:409		
000:06:59.600	800.0	23.5	24.1	800.0	0.0	0.0	0.0	0.000	0.000	0.000	0.0	0.0		12:41:51:459		
000:06:59.650	800.0	23.5	24.1	800.0	0.0	0.0	0.0	0.000	0.000	0.000	0.0	0.0		12:41:51:509		
000:06:59.700	800.0	23.5	24.1	800.0	0.0	0.0	0.0	0.000	0.000	0.000	0.0	0.0		12:41:51:559		
000:06:59.750	800.0	23.5	24.1	800.0	0.0	0.0	0.0	0.000	0.000	0.000	0.0	0.0		12:41:51:609		
000:06:59.800	800.0	23.5	24.1	800.0	0.0	0.0	0.0	0.000	0.000	0.000	0.0	0.0		12:41:51:659		
000:06:59.850	800.0	23.5	24.1	800.0	0.0	0.0	0.0	0.000	0.000	0.000	0.0	0.0		12:41:51:709		
000:06:59.900	800.0	23.5	24.1	800.0	0.0	0.0	0.0	0.000	0.000	0.000	0.0	0.0		12:41:51:759		
000:06:59.950	800.0	23.5	24.1	800.0	0.0	0.0	0.0	0.000	0.000	0.000	0.0	0.0		12:41:51:809		
000:07:00.000	800.0	23.5	24.1	800.0	0.0	0.0	0.0	0.000	0.000	0.000	0.0	0.0		12:41:51:859		
000:07:00.050	800.0	23.5	24.1	800.0	0.0	0.0	0.0	0.000	0.000	0.000	0.0	0.0		12:41:51:909		
000:07:00.100	800.0	23.5	24.1	800.0	0.0	0.0	0.0	0.000	0.000	0.000	0.0	0.0		12:41:51:959		
000:07:00.150	800.0	23.5	24.1	800.0	0.0	0.0	0.0	0.000	0.000	0.000	0.0	0.0		12:41:52:009		
000:07:00.200	800.0	23.5	24.1	800.0	0.0	0.0	0.0	0.000	0.000	0.000	0.0	0.0		12:41:52:059		
000:07:00.250	800.0	23.5	24.1	800.0	0.0	0.0	0.0	0.000	0.000	0.000	0.0	0.0		12:41:52:109		
000:07:00.300	800.0	23.5	24.1	800.0	0.0	0.0	0.0	0.000	0.000	0.000	0.0	0.0		12:41:52:159		
000:07:00.350	800.0	23.5	24.1	800.0	0.0	0.0	0.0	0.000	0.000	0.000	0.0	0.0		12:41:52:209		
000:07:00.400	800.0	23.5	24.1	800.0	0.0	0.0	0.0	0.000	0.000	0.000	0.0	0.0		12:41:52:259		
000:07:00.450	800.0	23.5	24.1	800.0	0.0	0.0	0.0	0.000	0.000	0.000	0.0	0.0		12:41:52:309		
000:07:00.500	800.0	23.5	24.1	800.0	0.0	0.0	0.0	0.000	0.000	0.000	0.0	0.0		12:41:52:359		
000:07:00.550	800.0	23.5	24.1	800.0	0.0	0.0	0.0	0.000	0.000	0.000	0.0	0.0		12:41:52:409		
000:07:00.600	800.0	23.5	24.1	800.0	0.0	0.0	0.0	0.000	0.000	0.000	0.0	0.0		12:41:52:459		
000:07:00.650	800.0	23.5	24.1	800.0	0.0	0.0	0.0	0.000	0.000	0.000	0.0	0.0		12:41:52:509		
000:07:00.700	800.0	23.5	24.1	800.0	0.0	0.0	0.0	0.000	0.000	0.000	0.0	0.0		12:41:52:559		
000:07:00.750	800.0	23.5	24.1	800.0	0.0	0.0	0.0	0.000	0.000	0.000	0.0	0.0		12:41:52:609		
000:07:00.800	800.0	23.5	24.1	800.0	0.0	0.0	0.0	0.000	0.000	0.000	0.0	0.0		12:41:52:659		
000:07:00.850	800.0	23.5	24.1	800.0	0.0	0.0	0.0	0.000	0.000	0.000	0.0	0.0		12:41:52:709		
000:07:00.900	800.0	23.5	24.1	800.0	0.0	0.0	0.0	0.000	0.000	0.000	0.0	0.0		12:41:52:759		
000:07:00.950	800.0	23.5	24.1	800.0	0.0	0.0	0.0	0.000	0.000	0.000	0.0	0.0		12:41:52:809		
000:07:01.000	800.0	23.5	24.1	800.0	0.0	0.0	0.0	0.000	0.000	0.000	0.0	0.0		12:41:52:859		
000:07:01.050	800.0	23.5	24.1	800.0	0.0	0.0	0.0	0.000	0.000	0.000	0.0	0.0		12:41:52:909		
000:07:01.100	800.0	23.5	24.1	800.0	0.0	0.0	0.0	0.000	0.000	0.000	0.0	0.0		12:41:52:959		
000:07:01.150	800.0	23.5	24.1	800.0	0.0	0.0	0.0	0.000	0.000	0.000	0.0	0.0		12:41:53:009		
000:07:01.200	800.0	23.5	24.1	800.0	0.0	0.0	0.0	0.000	0.000	0.000	0.0	0.0		12:41:53:059		
000:07:01.250	800.0	23.5	24.1	800.0	0.0	0.0	0.0	0.000	0.000	0.000	0.0	0.0		12:41:53:109		
000:07:01.300	800.0	23.5	24.1	800.0	0.0	0.0	0.0	0.000	0.000	0.000	0.0	0.0		12:41:53:159		
000:07:01.350	800.0	23.5	24.1	800.0	0.0	0.0	0.0	0.000	0.000	0.000	0.0	0.0		12:41:53:209		
000:07:01.400	800.0	23.5	24.1	800.0	0.0	0.0	0.0	0.000	0.000	0.000	0.0	0.0		12:41:53:259		
000:07:01.450	800.0	23.5	24.1	800.0	0.0	0.0	0.0	0.000	0.000	0.000	0.0	0.0		12:41:53:309		
000:07:01.500	800.0	23.5	24.1	800.0	0.0	0.0	0.0	0.000	0.000	0.000	0.0	0.0		12:41:53:359		
000:07:01.550	800.0	23.5	24.1	800.0	0.0	0.0	0.0	0.000	0.000	0.000	0.0	0.0		12:41:53:409		
000:07:01.600	800.0	23.5	24.1	800.0	0.0	0.0	0.0	0.000	0.000	0.000	0.0	0.0		12:41:53:459		
000:07:01.650	800.0	23.5	24.1	800.0	0.0	0.0	0.0	0.000	0.000	0.000	0.0	0.0		12:41:53:509		
000:07:01.700	800.0	23.5	24.1	800.0	0.0	0.0	0.0	0.000	0.000	0.000	0.0	0.0		12:41:53:559		
000:07:01.750	800.0	23.5	24.1	800.0	0.0	0.0	0.0	0.000	0.000	0.000	0.0	0.0		12:41:53:609		
000:07:01.800	800.0	23.5	24.1	800.0	0.0	0.0	0.0	0.000	0.000	0.000	0.0	0.0		12:41:53:659		
000:07:01.850	800.0	23.5	24.1	800.0	0.0	0.0	0.0	0.000	0.000	0.000	0.0	0.0		12:41:53:709		
000:07:01.900	800.0	23.5	24.1	800.0	0.0	0.0	0.0	0.000	0.000	0.000	0.0	0.0		12:41:53:759		
000:07:01.950	800.0	23.5	24.1	800.0	0.0	0.0	0.0	0.000	0.000	0.000	0.0	0.0		12:41:53:809		
000:07:02.000	800.0	23.5	24.1	800.0	0.0	0.0	0.0	0.000	0.000	0.000	0.0	0.0		12:41:53:859		
000:07:02.050	800.0	23.5	24.1	800.0	0.0	0.0	0.0	0.000	0.000	0.000	0.0	0.0		12:41:53:909		
000:07:02.100	800.0	23.5	24.1	800.0	0.0	0.0	0.0	0.000	0.000	0.000	0.0	0.0		12:41:53:959		
000:07:02.150	800.0	23.5	24.1	800.0	0.0	0.0	0.0	0.000	0.000	0.000	0.0	0.0		12:41:54:009		
000:07:02.200	800.0	23.5	24.1	800.0	0.0	0.0	0.0	0.000	0.000	0.000	0.0	0.0		12:41:54:059		
000:07:02.250	800.0	23.5	24.1	800.0	0.0	0.0	0.0	0.000	0.000	0.000	0.0	0.0		12:41:54:109		
000:07:02.300	800.0	23.5	24.1	800.0	0.0	0.0	0.0	0.000	0.000	0.000	0.0	0.0		12:41:54:159		
000:07:02.350	800.0	23.5	24.1	800.0	0.0	0.0	0.0	0.000	0.000	0.000	0.0	0.0		12:41:54:209		
000:07:02.400	800.0	23.5	24.1	800.0	0.0	0.0	0.0	0.000	0.000	0.000	0.0	0.0		12:41:54:259		
000:07:02.450	800.0	23.5	24.1	800.0	0.0	0.0	0.0	0.000	0.000	0.000	0.0	0.0		12:41:54:309		
000:07:02.500	800.0	23.5	24.1	800.0	0.0	0.0	0.0	0.000	0.000	0.000	0.0	0.0		12:41:54:359		
000:07:02.550	800.0	23.5	24.1	800.0	0.0	0.0	0.0	0.000	0.000	0.000	0.0	0.0		12:41:54:409		
000:07:02.600	800.0	23.5	24.1	800.0	0.0	0.0	0.0	0.000	0.000	0.000	0.0	0.0		12:41:54:459		
000:07:02.650	800.0	23.5	24.1	800.0	0.0	0.0	0.0	0.000	0.000	0.000	0.0	0.0		12:41:54:509		
000:07:02.700	800.0	23.5	24.1	800.0	0.0	0.0	0.0	0.000	0.000	0.000	0.0	0.0		12:41:54:559		
000:07:02.750	800.0	23.5	24.1	800.0	0.0	0.0	0.0	0.000	0.000	0.000	0.0	0.0		12:41:54:609		
000:07:02.800	800.0	23.5	24.1	800.0	0.0	0.0	0.0	0.000	0.000	0.000	0.0	0.0		12:41:54:659		
000:07:02.850	800.0	23.5	24.1	800.0	0.0	0.0	0.0	0.000	0.000	0.000	0.0	0.0		12:41:54:709		
000:07:02.900	800.0	23.5	24.1	800.0	0.0	0.0	0.0	0.000	0.000	0.000	0.0	0.0		12:41:54:759		
000:07:02.950	800.0	23.5	24.1	800.0	0.0	0.0	0.0	0.000	0.000	0.000	0.0	0.0		12:41:54:809		
000:07:03.000	800.0	23.5	24.1	800.0	0.0	0.0	0.0	0.000	0.000	0.000	0.0	0.0		12:41:54:859		
000:07:03.050	800.0	23.5	24.1	800.0	0.0	0.0	0.0	0.000	0.000	0.000	0.0	0.0		12:41:54:909		
000:07:03.100	800.0	23.5	24.1	800.0	0.0	0.0	0.0	0.000	0.000	0.000	0.0	0.0		12:41:54:959		
000:07:03.150	800.0	23.5	24.1	800.0	0.0	0.0	0.0	0.000	0.000	0.000	0.0	0.0		12:41:55:009		
000:07:03.200	800.0	23.5	24.1	800.0	0.0	0.0	0.0	0.000	0.000	0.000	0.0	0.0		12:41:55:059		
000:07:03.250	800.0	23.5	24.1	800.0	0.0	0.0	0.0	0.000	0.000	0.000	0.0	0.0		12:41:55:109		
000:07:03.300	800.0	23.5	24.1	800.0	0.0	0.0	0.0	0.000	0.000	0.000	0.0	0.0		12:41:55:159		
000:07:03.350	800.0	23.5	24.1	800.0	0.0	0.0	0.0	0.000	0.000	0.000	0.0	0.0		12:41:55:209		
000:07:03.400	800.0	23.5	24.1	800.0	0.0	0.0	0.0	0.000	0.000	0.000	0.0	0.0		12:41:55:259		
000:07:03.450	800.0	23.5	24.1	800.0	0.0	0.0	0.0	0.000	0.000	0.000	0.0	0.0		12:41:55:309		
000:07:03.500	800.0	23.5	24.1	800.0	0.0	0.0	0.0	0.000	0.000	0.000	0.0	0.0		12:41:55:359		
000:07:03.550	800.0	23.5	24.1	800.0	0.0	0.0	0.0	0.000	0.000	0.000	0.0	0.0		12:41:55:409		
000:07:03.600	800.0	23.5	24.1	800.0	0.0	0.0	0.0	0.000	0.000	0.000	0.0	0.0		12:41:55:459		
000:07:03.650	800.0	23.5	24.1	800.0	0.0	0.0	0.0	0.000	0.000	0.000	0.0	0.0		12:41:55:509		
000:07:03.700	800.0	23.5	24.1	800.0	0.0	0.0	0.0	0.000	0.000	0.000	0.0	0.0		12:41:55:559		
000:07:03.750	800.0	23.5	24.1	800.0	0.0	0.0	0.0	0.000	0.000	0.000	0.0	0.0		12:41:55:609		
000:07:03.800	800.0	23.5	24.1	800.0	0.0	0.0	0.0	0.000	0.000	0.000	0.0	0.0		12:41:55:659		
000:07:03.850	800.0	23.5	24.1	800.0	0.0	0.0	0.0	0.000	0.000	0.000	0.0	0.0		12:41:55:709		
000:07:03.900	800.0	23.5	24.1	800.0	0.0	0.0	0.0	0.000	0.000	0.000	0.0	0.0		12:41:55:759		
000:07:03.950	800.0	23.5	24.1	800.0	0.0	0.0	0.0	0.000	0.000	0.000	0.0	0.0		12:41:55:809		
000:07:04.000	800.0	23.5	24.1	800.0	0.0	0.0	0.0	0.000	0.000	0.000	0.0	0.0		12:41:55:859		
000:07:04.050	800.0	23.5	24.1	800.0	0.0	0.0	0.0	0.000	0.000	0.000	0.0	0.0		12:41:55:909		
000:07:04.100	800.0	23.5	24.1	800.0	0.0	0.0	0.0	0.000	0.000	0.000	0.0	0.0		12:41:55:959		
000:07:04.150	800.0	23.5	24.1	800.0	0.0	0.0	0.0	0.000	0.000	0.000	0.0	0.0		12:41:56:009		
000:07:04.200	800.0	23.5	24.1	800.0	0.0	0.0	0.0	0.000	0.000	0.000	0.0	0.0		12:41:56:059		
000:07:04.250	800.0	23.5	24.1	800.0	0.0	0.0	0.0	0.000	0.000	0.000	0.0	0.0		12:41:56:109		
000:07:04.300	800.0	23.5	24.1	800.0	0.0	0.0	0.0	0.000	0.000	0.000	0.0	0.0		12:41:56:159		
000:07:04.350	800.0	23.5	24.1	800.0	0.0	0.0	0.0	0.000	0.000	0.000	0.0	0.0		12:41:56:209		
000:07:04.400	800.0	23.5	24.1	800.0	0.0	0.0	0.0	0.000	0.000	0.000	0.0	0.0		12:41:56:259		
000:07:04.450	800.0	23.5	24.1	800.0	0.0	0.0	0.0	0.000	0.000	0.000	0.0	0.0		12:41:56:309		
000:07:04.500	800.0	23.5	24.1	800.0	0.0	0.0	0.0	0.000	0.000	0.000	0.0	0.0		12:41:56:359		
000:07:04.550	800.0	23.5	24.1	800.0	0.0	0.0	0.0	0.000	0.000	0.000	0.0	0.0		12:41:56:409		
000:07:04.600	800.0	23.5	24.1	800.0	0.0	0.0	0.0	0.000	0.000	0.000	0.0	0.0		12:41:56:459		
000:07:04.650	800.0	23.5	24.1	800.0	0.0	0.0	0.0	0.000	0.000	0.000	0.0	0.0		12:41:56:509		
000:07:04.700	800.0	23.5	24.1	800.0	0.0	0.0	0.0	0.000	0.000	0.000	0.0	0.0		12:41:56:559		
000:07:04.750	800.0	23.5	24.1	800.0	0.0	0.0	0.0	0.000	0.000	0.000	0.0	0.0		12:41:56:609		
000:07:04.800	800.0	23.5	24.1	800.0	0.0	0.0	0.0	0.000	0.000	0.000	0.0	0.0		12:41:56:659		
000:07:04.850	800.0	23.5	24.1	800.0	0.0	0.0	0.0	0.000	0.000	0.000	0.0	0.0		12:41:56:709		
000:07:04.900	800.0	23.5	24.1	800.0	0.0	0.0	0.0	0.000	0.000	0.000	0.0	0.0		12:41:56:759		
000:07:04.950	800.0	23.5	24.1	800.0	0.0	0.0	0.0	0.000	0.000	0.000	0.0	0.0		12:41:56:809		
000:07:05.000	800.0	23.5	24.1	800.0	0.0	0.0	0.0	0.000	0.000	0.000	0.0	0.0		12:41:56:859		
000:07:05.050	800.0	23.5	24.1	800.0	0.0	0.0	0.0	0.000	0.000	0.000	0.0	0.0		12:41:56:909		
000:07:05.100	800.0	23.5	24.1	800.0	0.0	0.0	0.0	0.000	0.000	0.000	0.0	0.0		12:41:56:959		
000:07:05.150	800.0	23.5	24.1	800.0	0.0	0.0	0.0	0.000	0.000	0.000	0.0	0.0		12:41:57:009		
000:07:05.200	800.0	23.5	24.1	800.0	0.0	0.0	0.0	0.000	0.000	0.000	0.0	0.0		12:41:57:059		
000:07:05.250	800.0	23.5	24.1	800.0	0.0	0.0	0.0	0.000	0.000	0.000	0.0	0.0		12:41:57:109		
000:07:05.300	800.0	23.5	24.1	800.0	0.0	0.0	0.0	0.000	0.000	0.000	0.0	0.0		12:41:57:159		
000:07:05.350	800.0	23.5	24.1	800.0	0.0	0.0	0.0	0.000	0.000	0.000	0.0	0.0		12:41:57:209		
000:07:05.400	800.0	23.5	24.1	800.0	0.0	0.0	0.0	0.000	0.000	0.000	0.0	0.0		12:41:57:259		
000:07:05.450	800.0	23.5	24.1	800.0	0.0	0.0	0.0	0.000	0.000	0.000	0.0	0.0		12:41:57:309		
000:07:05.500	800.0	23.5	24.1	800.0	0.0	0.0	0.0	0.000	0.000	0.000	0.0	0.0		12:41:57:359		
000:07:05.550	800.0	23.5	24.1	800.0	0.0	0.0	0.0	0.000	0.000	0.000	0.0	0.0		12:41:57:409		
000:07:05.600	800.0	23.5	24.1	800.0	0.0	0.0	0.0	0.000	0.000	0.000	0.0	0.0		12:41:57:459		
000:07:05.650	800.0	23.5	24.1	800.0	0.0	0.0	0.0	0.000	0.000	0.000	0.0	0.0		12:41:57:509		
000:07:05.700	800.0	23.5	24.1	800.0	0.0	0.0	0.0	0.000	0.000	0.000	0.0	0.0		12:41:57:559		
000:07:05.750	800.0	23.5	24.1	800.0	0.0	0.0	0.0	0.000	0.000	0.000	0.0	0.0		12:41:57:609		
000:07:05.800	800.0	23.5	24.1	800.0	0.0	0.0	0.0	0.000	0.000	0.000	0.0	0.0		12:41:57:659		
000:07:05.850	800.0	23.5	24.1	800.0	0.0	0.0	0.0	0.000	0.000	0.000	0.0	0.0		12:41:57:709		
000:07:05.900	800.0	23.5	24.1	800.0	0.0	0.0	0.0	0.000	0.000	0.000	0.0	0.0		12:41:57:759		
000:07:05.950	800.0	23.5	24.1	800.0	0.0	0.0	0.0	0.000	0.000	0.000	0.0	0.0		12:41:57:809		
000:07:06.000	800.0	23.5	24.1	800.0	0.0	0.0	0.0	0.000	0.000	0.000	0.0	0.0		12:41:57:859		
000:07:06.050	800.0	23.5	24.1	800.0	0.0	0.0	0.0	0.000	0.000	0.000	0.0	0.0		12:41:57:909		
000:07:06.100	800.0	23.5	24.1	800.0	0.0	0.0	0.0	0.000	0.000	0.000	0.0	0.0		12:41:57:959		
000:07:06.150	800.0	23.5	24.1	800.0	0.0	0.0	0.0	0.000	0.000	0.000	0.0	0.0		12:41:58:009		
000:07:06.200	800.0	23.5	24.1	800.0	0.0	0.0	0.0	0.000	0.000	0.000	0.0	0.0		12:41:58:059		
000:07:06.250	800.0	23.5	24.1	800.0	0.0	0.0	0.0	0.000	0.000	0.000	0.0	0.0		12:41:58:109		
000:07:06.300	800.0	23.5	24.1	800.0	0.0	0.0	0.0	0.000	0.000	0.000	0.0	0.0		12:41:58:159		
000:07:06.350	800.0	23.5	24.1	800.0	0.0	0.0	0.0	0.000	0.000	0.000	0.0	0.0		12:41:58:209		
000:07:06.400	800.0	23.5	24.1	800.0	0.0	0.0	0.0	0.000	0.000	0.000	0.0	0.0		12:41:58:259		
000:07:06.450	800.0	23.5	24.1	800.0	0.0	0.0	0.0	0.000	0.000	0.000	0.0	0.0		12:41:58:309		
000:07:06.500	800.0	23.5	24.1	800.0	0.0	0.0	0.0	0.000	0.000	0.000	0.0	0.0		12:41:58:359		
000:07:06.550	800.0	23.5	24.1	800.0	0.0	0.0	0.0	0.000	0.000	0.000	0.0	0.0		12:41:58:409		
000:07:06.600	800.0	23.5	24.1	800.0	0.0	0.0	0.0	0.000	0.000	0.000	0.0	0.0		12:41:58:459		
000:07:06.650	800.0	23.5	24.1	800.0	0.0	0.0	0.0	0.000	0.000	0.000	0.0	0.0		12:41:58:509		
000:07:06.700	800.0	23.5	24.1	800.0	0.0	0.0	0.0	0.000	0.000	0.000	0.0	0.0		12:41:58:559		
000:07:06.750	800.0	23.5	24.1	800.0	0.0	0.0	0.0	0.000	0.000	0.000	0.0	0.0		12:41:58:609		
000:07:06.800	800.0	23.5	24.1	800.0	0.0	0.0	0.0	0.000	0.000	0.000	0.0	0.0		12:41:58:659		
000:07:06.850	800.0	23.5	24.1	800.0	0.0	0.0	0.0	0.000	0.000	0.000	0.0	0.0		12:41:58:709		
000:07:06.900	800.0	23.5	24.1	800.0	0.0	0.0	0.0	0.000	0.000	0.000	0.0	0.0		12:41:58:759		
000:07:06.950	800.0	23.5	24.1	800.0	0.0	0.0	0.0	0.000	0.000	0.000	0.0	0.0		12:41:58:809		
000:07:07.000	800.0	23.5	24.1	800.0	0.0	0.0	0.0	0.000	0.000	0.000	0.0	0.0		12:41:58:859		
000:07:07.050	800.0	23.5	24.1	800.0	0.0	0.0	0.0	0.000	0.000	0.000	0.0	0.0		12:41:58:909		
000:07:07.100	800.0	23.5	24.1	800.0	0.0	0.0	0.0	0.000	0.000	0.000	0.0	0.0		12:41:58:959		
000:07:07.150	800.0	23.5	24.1	800.0	0.0	0.0	0.0	0.000	0.000	0.000	0.0	0.0		12:41:59:009		
000:07:07.200	800.0	23.5	24.1	800.0	0.0	0.0	0.0	0.000	0.000	0.000	0.0	0.0		12:41:59:059		
000:07:07.250	800.0	23.5	24.1	800.0	0.0	0.0	0.0	0.000	0.000	0.000	0.0	0.0		12:41:59:109		
000:07:07.300	800.0	23.5	24.1	800.0	0.0	0.0	0.0	0.000	0.000	0.000	0.0	0.0		12:41:59:159		
000:07:07.350	800.0	23.5	24.1	800.0	0.0	0.0	0.0	0.000	0.000	0.000	0.0	0.0		12:41:59:209		
000:07:07.400	800.0	23.5	24.2	800.0	0.0	0.0	0.0	0.000	0.000	0.000	0.0	0.0		12:41:59:259		
000:07:07.450	800.0	23.5	24.2	800.0	0.0	0.0	0.0	0.000	0.000	0.000	0.0	0.0		12:41:59:309		
000:07:07.500	800.0	23.5	24.2	800.0	0.0	0.0	0.0	0.000	0.000	0.000	0.0	0.0		12:41:59:359		
000:07:07.550	800.0	23.5	24.2	800.0	0.0	0.0	0.0	0.000	0.000	0.000	0.0	0.0		12:41:59:409		
000:07:07.600	800.0	23.5	24.2	800.0	0.0	0.0	0.0	0.000	0.000	0.000	0.0	0.0		12:41:59:459		
000:07:07.650	800.0	23.5	24.2	800.0	0.0	0.0	0.0	0.000	0.000	0.000	0.0	0.0		12:41:59:509		
000:07:07.700	800.0	23.5	24.2	800.0	0.0	0.0	0.0	0.000	0.000	0.000	0.0	0.0		12:41:59:559		
000:07:07.750	800.0	23.5	24.2	800.0	0.0	0.0	0.0	0.000	0.000	0.000	0.0	0.0		12:41:59:609		
000:07:07.800	800.0	23.5	24.2	800.0	0.0	0.0	0.0	0.000	0.000	0.000	0.0	0.0		12:41:59:659		
000:07:07.850	800.0	23.5	24.2	800.0	0.0	0.0	0.0	0.000	0.000	0.000	0.0	0.0		12:41:59:709		
000:07:07.900	800.0	23.5	24.2	800.0	0.0	0.0	0.0	0.000	0.000	0.000	0.0	0.0		12:41:59:759		
000:07:07.950	800.0	23.5	24.2	800.0	0.0	0.0	0.0	0.000	0.000	0.000	0.0	0.0		12:41:59:809		
000:07:08.000	800.0	23.5	24.2	800.0	0.0	0.0	0.0	0.000	0.000	0.000	0.0	0.0		12:41:59:859		
000:07:08.050	800.0	23.5	24.2	800.0	0.0	0.0	0.0	0.000	0.000	0.000	0.0	0.0		12:41:59:909		
000:07:08.100	800.0	23.5	24.2	800.0	0.0	0.0	0.0	0.000	0.000	0.000	0.0	0.0		12:41:59:959		
000:07:08.150	800.0	23.5	24.2	800.0	0.0	0.0	0.0	0.000	0.000	0.000	0.0	0.0		12:42:00:009		
000:07:08.200	800.0	23.5	24.2	800.0	0.0	0.0	0.0	0.000	0.000	0.000	0.0	0.0		12:42:00:059		
000:07:08.250	800.0	23.5	24.2	800.0	0.0	0.0	0.0	0.000	0.000	0.000	0.0	0.0		12:42:00:109		
000:07:08.300	800.0	23.5	24.2	800.0	0.0	0.0	0.0	0.000	0.000	0.000	0.0	0.0		12:42:00:159		
000:07:08.350	800.0	23.5	24.2	800.0	0.0	0.0	0.0	0.000	0.000	0.000	0.0	0.0		12:42:00:209		
000:07:08.400	800.0	23.5	24.2	800.0	0.0	0.0	0.0	0.000	0.000	0.000	0.0	0.0		12:42:00:259		
000:07:08.450	800.0	23.5	24.2	800.0	0.0	0.0	0.0	0.000	0.000	0.000	0.0	0.0		12:42:00:309		
000:07:08.500	800.0	23.5	24.2	800.0	0.0	0.0	0.0	0.000	0.000	0.000	0.0	0.0		12:42:00:359		
000:07:08.550	800.0	23.5	24.2	800.0	0.0	0.0	0.0	0.000	0.000	0.000	0.0	0.0		12:42:00:409		
000:07:08.600	800.0	23.5	24.2	800.0	0.0	0.0	0.0	0.000	0.000	0.000	0.0	0.0		12:42:00:459		
000:07:08.650	800.0	23.5	24.2	800.0	0.0	0.0	0.0	0.000	0.000	0.000	0.0	0.0		12:42:00:509		
000:07:08.700	800.0	23.5	24.2	800.0	0.0	0.0	0.0	0.000	0.000	0.000	0.0	0.0		12:42:00:559		
000:07:08.750	800.0	23.5	24.2	800.0	0.0	0.0	0.0	0.000	0.000	0.000	0.0	0.0		12:42:00:609		
000:07:08.800	800.0	23.5	24.2	800.0	0.0	0.0	0.0	0.000	0.000	0.000	0.0	0.0		12:42:00:659		
000:07:08.850	800.0	23.5	24.2	800.0	0.0	0.0	0.0	0.000	0.000	0.000	0.0	0.0		12:42:00:709		
000:07:08.900	800.0	23.5	24.2	800.0	0.0	0.0	0.0	0.000	0.000	0.000	0.0	0.0		12:42:00:759		
000:07:08.950	800.0	23.5	24.2	800.0	0.0	0.0	0.0	0.000	0.000	0.000	0.0	0.0		12:42:00:809		
000:07:09.000	800.0	23.5	24.2	800.0	0.0	0.0	0.0	0.000	0.000	0.000	0.0	0.0		12:42:00:859		
000:07:09.050	800.0	23.5	24.2	800.0	0.0	0.0	0.0	0.000	0.000	0.000	0.0	0.0		12:42:00:909		
000:07:09.100	800.0	23.5	24.2	800.0	0.0	0.0	0.0	0.000	0.000	0.000	0.0	0.0		12:42:00:959		
000:07:09.150	800.0	23.5	24.2	800.0	0.0	0.0	0.0	0.000	0.000	0.000	0.0	0.0		12:42:01:009		
000:07:09.200	800.0	23.5	24.2	800.0	0.0	0.0	0.0	0.000	0.000	0.000	0.0	0.0		12:42:01:059		
000:07:09.250	800.0	23.5	24.2	800.0	0.0	0.0	0.0	0.000	0.000	0.000	0.0	0.0		12:42:01:109		
000:07:09.300	800.0	23.5	24.2	800.0	0.0	0.0	0.0	0.000	0.000	0.000	0.0	0.0		12:42:01:159		
000:07:09.350	800.0	23.5	24.2	800.0	0.0	0.0	0.0	0.000	0.000	0.000	0.0	0.0		12:42:01:209		
000:07:09.400	800.0	23.5	24.2	800.0	0.0	0.0	0.0	0.000	0.000	0.000	0.0	0.0		12:42:01:259		
000:07:09.450	800.0	23.5	24.2	800.0	0.0	0.0	0.0	0.000	0.000	0.000	0.0	0.0		12:42:01:309		
000:07:09.500	800.0	23.5	24.2	800.0	0.0	0.0	0.0	0.000	0.000	0.000	0.0	0.0		12:42:01:359		
000:07:09.550	800.0	23.5	24.2	800.0	0.0	0.0	0.0	0.000	0.000	0.000	0.0	0.0		12:42:01:409		
000:07:09.600	800.0	23.5	24.2	800.0	0.0	0.0	0.0	0.000	0.000	0.000	0.0	0.0		12:42:01:459		
000:07:09.650	800.0	23.5	24.2	800.0	0.0	0.0	0.0	0.000	0.000	0.000	0.0	0.0		12:42:01:509		
000:07:09.700	800.0	23.5	24.2	800.0	0.0	0.0	0.0	0.000	0.000	0.000	0.0	0.0		12:42:01:559		
000:07:09.750	800.0	23.5	24.2	800.0	0.0	0.0	0.0	0.000	0.000	0.000	0.0	0.0		12:42:01:609		
000:07:09.800	800.0	23.5	24.2	800.0	0.0	0.0	0.0	0.000	0.000	0.000	0.0	0.0		12:42:01:659		
000:07:09.850	800.0	23.5	24.2	800.0	0.0	0.0	0.0	0.000	0.000	0.000	0.0	0.0		12:42:01:709		
000:07:09.900	800.0	23.5	24.2	800.0	0.0	0.0	0.0	0.000	0.000	0.000	0.0	0.0		12:42:01:759		
000:07:09.950	800.0	23.5	24.2	800.0	0.0	0.0	0.0	0.000	0.000	0.000	0.0	0.0		12:42:01:809		
000:07:10.000	800.0	23.5	24.2	800.0	0.0	0.0	0.0	0.000	0.000	0.000	0.0	0.0		12:42:01:859		
000:07:10.050	800.0	23.5	24.2	800.0	0.0	0.0	0.0	0.000	0.000	0.000	0.0	0.0		12:42:01:909		
000:07:10.100	800.0	23.5	24.2	800.0	0.0	0.0	0.0	0.000	0.000	0.000	0.0	0.0		12:42:01:959		
000:07:10.150	800.0	23.5	24.2	800.0	0.0	0.0	0.0	0.000	0.000	0.000	0.0	0.0		12:42:02:009		
000:07:10.200	800.0	23.5	24.2	800.0	0.0	0.0	0.0	0.000	0.000	0.000	0.0	0.0		12:42:02:059		
000:07:10.250	800.0	23.5	24.2	800.0	0.0	0.0	0.0	0.000	0.000	0.000	0.0	0.0		12:42:02:109		
000:07:10.300	800.0	23.5	24.2	800.0	0.0	0.0	0.0	0.000	0.000	0.000	0.0	0.0		12:42:02:159		
000:07:10.350	800.0	23.5	24.2	800.0	0.0	0.0	0.0	0.000	0.000	0.000	0.0	0.0		12:42:02:209		
000:07:10.400	800.0	23.5	24.2	800.0	0.0	0.0	0.0	0.000	0.000	0.000	0.0	0.0		12:42:02:259		
000:07:10.450	800.0	23.5	24.2	800.0	0.0	0.0	0.0	0.000	0.000	0.000	0.0	0.0		12:42:02:309		
000:07:10.500	800.0	23.5	24.2	800.0	0.0	0.0	0.0	0.000	0.000	0.000	0.0	0.0		12:42:02:359		
000:07:10.550	800.0	23.5	24.2	800.0	0.0	0.0	0.0	0.000	0.000	0.000	0.0	0.0		12:42:02:409		
000:07:10.600	800.0	23.5	24.2	800.0	0.0	0.0	0.0	0.000	0.000	0.000	0.0	0.0		12:42:02:459		
000:07:10.650	800.0	23.5	24.2	800.0	0.0	0.0	0.0	0.000	0.000	0.000	0.0	0.0		12:42:02:509		
000:07:10.700	800.0	23.5	24.2	800.0	0.0	0.0	0.0	0.000	0.000	0.000	0.0	0.0		12:42:02:559		
000:07:10.750	800.0	23.5	24.2	800.0	0.0	0.0	0.0	0.000	0.000	0.000	0.0	0.0		12:42:02:609		
000:07:10.800	800.0	23.5	24.2	800.0	0.0	0.0	0.0	0.000	0.000	0.000	0.0	0.0		12:42:02:659		
000:07:10.850	800.0	23.5	24.2	800.0	0.0	0.0	0.0	0.000	0.000	0.000	0.0	0.0		12:42:02:709		
000:07:10.900	800.0	23.5	24.2	800.0	0.0	0.0	0.0	0.000	0.000	0.000	0.0	0.0		12:42:02:759		
000:07:10.950	800.0	23.5	24.2	800.0	0.0	0.0	0.0	0.000	0.000	0.000	0.0	0.0		12:42:02:809		
000:07:11.000	800.0	23.5	24.2	800.0	0.0	0.0	0.0	0.000	0.000	0.000	0.0	0.0		12:42:02:859		
000:07:11.050	800.0	23.5	24.2	800.0	0.0	0.0	0.0	0.000	0.000	0.000	0.0	0.0		12:42:02:909		
000:07:11.100	800.0	23.5	24.2	800.0	0.0	0.0	0.0	0.000	0.000	0.000	0.0	0.0		12:42:02:959		
000:07:11.150	800.0	23.5	24.2	800.0	0.0	0.0	0.0	0.000	0.000	0.000	0.0	0.0		12:42:03:009		
000:07:11.200	800.0	23.5	24.2	800.0	0.0	0.0	0.0	0.000	0.000	0.000	0.0	0.0		12:42:03:059		
000:07:11.250	800.0	23.5	24.2	800.0	0.0	0.0	0.0	0.000	0.000	0.000	0.0	0.0		12:42:03:109		
000:07:11.300	800.0	23.5	24.2	800.0	0.0	0.0	0.0	0.000	0.000	0.000	0.0	0.0		12:42:03:159		
000:07:11.350	800.0	23.5	24.2	800.0	0.0	0.0	0.0	0.000	0.000	0.000	0.0	0.0		12:42:03:209		
000:07:11.400	800.0	23.5	24.2	800.0	0.0	0.0	0.0	0.000	0.000	0.000	0.0	0.0		12:42:03:259		
000:07:11.450	800.0	23.5	24.2	800.0	0.0	0.0	0.0	0.000	0.000	0.000	0.0	0.0		12:42:03:309		
000:07:11.500	800.0	23.5	24.2	800.0	0.0	0.0	0.0	0.000	0.000	0.000	0.0	0.0		12:42:03:359		
000:07:11.550	800.0	23.5	24.2	800.0	0.0	0.0	0.0	0.000	0.000	0.000	0.0	0.0		12:42:03:409		
000:07:11.600	800.0	23.5	24.2	800.0	0.0	0.0	0.0	0.000	0.000	0.000	0.0	0.0		12:42:03:459		
000:07:11.650	800.0	23.5	24.2	800.0	0.0	0.0	0.0	0.000	0.000	0.000	0.0	0.0		12:42:03:509		
000:07:11.700	800.0	23.5	24.2	800.0	0.0	0.0	0.0	0.000	0.000	0.000	0.0	0.0		12:42:03:559		
000:07:11.750	800.0	23.5	24.2	800.0	0.0	0.0	0.0	0.000	0.000	0.000	0.0	0.0		12:42:03:609		
000:07:11.800	800.0	23.5	24.2	800.0	0.0	0.0	0.0	0.000	0.000	0.000	0.0	0.0		12:42:03:659		
000:07:11.850	800.0	23.5	24.2	800.0	0.0	0.0	0.0	0.000	0.000	0.000	0.0	0.0		12:42:03:709		
000:07:11.900	800.0	23.5	24.2	800.0	0.0	0.0	0.0	0.000	0.000	0.000	0.0	0.0		12:42:03:759		
000:07:11.950	800.0	23.5	24.2	800.0	0.0	0.0	0.0	0.000	0.000	0.000	0.0	0.0		12:42:03:809		
000:07:12.000	800.0	23.5	24.2	800.0	0.0	0.0	0.0	0.000	0.000	0.000	0.0	0.0		12:42:03:859		
000:07:12.050	800.0	23.5	24.2	800.0	0.0	0.0	0.0	0.000	0.000	0.000	0.0	0.0		12:42:03:909		
000:07:12.100	800.0	23.5	24.2	800.0	0.0	0.0	0.0	0.000	0.000	0.000	0.0	0.0		12:42:03:959		
000:07:12.150	800.0	23.5	24.2	800.0	0.0	0.0	0.0	0.000	0.000	0.000	0.0	0.0		12:42:04:009		
000:07:12.200	800.0	23.5	24.2	800.0	0.0	0.0	0.0	0.000	0.000	0.000	0.0	0.0		12:42:04:059		
000:07:12.250	800.0	23.5	24.2	800.0	0.0	0.0	0.0	0.000	0.000	0.000	0.0	0.0		12:42:04:109		
000:07:12.300	800.0	23.5	24.2	800.0	0.0	0.0	0.0	0.000	0.000	0.000	0.0	0.0		12:42:04:159		
000:07:12.350	800.0	23.5	24.2	800.0	0.0	0.0	0.0	0.000	0.000	0.000	0.0	0.0		12:42:04:209		
000:07:12.400	800.0	23.5	24.2	800.0	0.0	0.0	0.0	0.000	0.000	0.000	0.0	0.0		12:42:04:259		
000:07:12.450	800.0	23.5	24.2	800.0	0.0	0.0	0.0	0.000	0.000	0.000	0.0	0.0		12:42:04:309		
000:07:12.500	800.0	23.5	24.2	800.0	0.0	0.0	0.0	0.000	0.000	0.000	0.0	0.0		12:42:04:359		
000:07:12.550	800.0	23.5	24.2	800.0	0.0	0.0	0.0	0.000	0.000	0.000	0.0	0.0		12:42:04:409		
000:07:12.600	800.0	23.5	24.2	800.0	0.0	0.0	0.0	0.000	0.000	0.000	0.0	0.0		12:42:04:459		
000:07:12.650	800.0	23.5	24.2	800.0	0.0	0.0	0.0	0.000	0.000	0.000	0.0	0.0		12:42:04:509		
000:07:12.700	800.0	23.5	24.2	800.0	0.0	0.0	0.0	0.000	0.000	0.000	0.0	0.0		12:42:04:559		
000:07:12.750	800.0	23.5	24.2	800.0	0.0	0.0	0.0	0.000	0.000	0.000	0.0	0.0		12:42:04:609		
000:07:12.800	800.0	23.5	24.2	800.0	0.0	0.0	0.0	0.000	0.000	0.000	0.0	0.0		12:42:04:659		
000:07:12.850	800.0	23.5	24.2	800.0	0.0	0.0	0.0	0.000	0.000	0.000	0.0	0.0		12:42:04:709		
000:07:12.900	800.0	23.5	24.2	800.0	0.0	0.0	0.0	0.000	0.000	0.000	0.0	0.0		12:42:04:759		
000:07:12.950	800.0	23.5	24.2	800.0	0.0	0.0	0.0	0.000	0.000	0.000	0.0	0.0		12:42:04:809		
000:07:13.000	800.0	23.5	24.2	800.0	0.0	0.0	0.0	0.000	0.000	0.000	0.0	0.0		12:42:04:859		
000:07:13.050	800.0	23.5	24.2	800.0	0.0	0.0	0.0	0.000	0.000	0.000	0.0	0.0		12:42:04:909		
000:07:13.100	800.0	23.5	24.2	800.0	0.0	0.0	0.0	0.000	0.000	0.000	0.0	0.0		12:42:04:959		
000:07:13.150	800.0	23.5	24.2	800.0	0.0	0.0	0.0	0.000	0.000	0.000	0.0	0.0		12:42:05:009		
000:07:13.200	800.0	23.5	24.2	800.0	0.0	0.0	0.0	0.000	0.000	0.000	0.0	0.0		12:42:05:059		
000:07:13.250	800.0	23.5	24.2	800.0	0.0	0.0	0.0	0.000	0.000	0.000	0.0	0.0		12:42:05:109		
000:07:13.300	800.0	23.5	24.2	800.0	0.0	0.0	0.0	0.000	0.000	0.000	0.0	0.0		12:42:05:159		
000:07:13.350	800.0	23.5	24.2	800.0	0.0	0.0	0.0	0.000	0.000	0.000	0.0	0.0		12:42:05:209		
000:07:13.400	800.0	23.5	24.2	800.0	0.0	0.0	0.0	0.000	0.000	0.000	0.0	0.0		12:42:05:259		
000:07:13.450	800.0	23.5	24.2	800.0	0.0	0.0	0.0	0.000	0.000	0.000	0.0	0.0		12:42:05:309		
000:07:13.500	800.0	23.5	24.2	800.0	0.0	0.0	0.0	0.000	0.000	0.000	0.0	0.0		12:42:05:359		
000:07:13.550	800.0	23.5	24.2	800.0	0.0	0.0	0.0	0.000	0.000	0.000	0.0	0.0		12:42:05:409		
000:07:13.600	800.0	23.5	24.2	800.0	0.0	0.0	0.0	0.000	0.000	0.000	0.0	0.0		12:42:05:459		
000:07:13.650	800.0	23.5	24.2	800.0	0.0	0.0	0.0	0.000	0.000	0.000	0.0	0.0		12:42:05:509		
000:07:13.700	800.0	23.5	24.2	800.0	0.0	0.0	0.0	0.000	0.000	0.000	0.0	0.0		12:42:05:559		
000:07:13.750	800.0	23.5	24.2	800.0	0.0	0.0	0.0	0.000	0.000	0.000	0.0	0.0		12:42:05:609		
000:07:13.800	800.0	23.5	24.2	800.0	0.0	0.0	0.0	0.000	0.000	0.000	0.0	0.0		12:42:05:659		
000:07:13.850	800.0	23.5	24.2	800.0	0.0	0.0	0.0	0.000	0.000	0.000	0.0	0.0		12:42:05:709		
000:07:13.900	800.0	23.5	24.2	800.0	0.0	0.0	0.0	0.000	0.000	0.000	0.0	0.0		12:42:05:759		
000:07:13.950	800.0	23.5	24.2	800.0	0.0	0.0	0.0	0.000	0.000	0.000	0.0	0.0		12:42:05:809		
000:07:14.000	800.0	23.5	24.2	800.0	0.0	0.0	0.0	0.000	0.000	0.000	0.0	0.0		12:42:05:859		
000:07:14.050	800.0	23.5	24.2	800.0	0.0	0.0	0.0	0.000	0.000	0.000	0.0	0.0		12:42:05:909		
000:07:14.100	800.0	23.5	24.2	800.0	0.0	0.0	0.0	0.000	0.000	0.000	0.0	0.0		12:42:05:959		
000:07:14.150	800.0	23.5	24.2	800.0	0.0	0.0	0.0	0.000	0.000	0.000	0.0	0.0		12:42:06:009		
000:07:14.200	800.0	23.5	24.2	800.0	0.0	0.0	0.0	0.000	0.000	0.000	0.0	0.0		12:42:06:059		
000:07:14.250	800.0	23.5	24.2	800.0	0.0	0.0	0.0	0.000	0.000	0.000	0.0	0.0		12:42:06:109		
000:07:14.300	800.0	23.5	24.2	800.0	0.0	0.0	0.0	0.000	0.000	0.000	0.0	0.0		12:42:06:159		
000:07:14.350	800.0	23.5	24.2	800.0	0.0	0.0	0.0	0.000	0.000	0.000	0.0	0.0		12:42:06:209		
000:07:14.400	800.0	23.5	24.2	800.0	0.0	0.0	0.0	0.000	0.000	0.000	0.0	0.0		12:42:06:259		
000:07:14.450	800.0	23.5	24.2	800.0	0.0	0.0	0.0	0.000	0.000	0.000	0.0	0.0		12:42:06:309		
000:07:14.500	800.0	23.5	24.2	800.0	0.0	0.0	0.0	0.000	0.000	0.000	0.0	0.0		12:42:06:359		
000:07:14.550	800.0	23.5	24.2	800.0	0.0	0.0	0.0	0.000	0.000	0.000	0.0	0.0		12:42:06:409		
000:07:14.600	800.0	23.5	24.2	800.0	0.0	0.0	0.0	0.000	0.000	0.000	0.0	0.0		12:42:06:459		
000:07:14.650	800.0	23.5	24.2	800.0	0.0	0.0	0.0	0.000	0.000	0.000	0.0	0.0		12:42:06:509		
000:07:14.700	800.0	23.5	24.2	800.0	0.0	0.0	0.0	0.000	0.000	0.000	0.0	0.0		12:42:06:559		
000:07:14.750	800.0	23.5	24.2	800.0	0.0	0.0	0.0	0.000	0.000	0.000	0.0	0.0		12:42:06:609		
000:07:14.800	800.0	23.5	24.2	800.0	0.0	0.0	0.0	0.000	0.000	0.000	0.0	0.0		12:42:06:659		
000:07:14.850	800.0	23.5	24.2	800.0	0.0	0.0	0.0	0.000	0.000	0.000	0.0	0.0		12:42:06:709		
000:07:14.900	800.0	23.5	24.2	800.0	0.0	0.0	0.0	0.000	0.000	0.000	0.0	0.0		12:42:06:759		
000:07:14.950	800.0	23.5	24.2	800.0	0.0	0.0	0.0	0.000	0.000	0.000	0.0	0.0		12:42:06:809		
000:07:15.000	800.0	23.5	24.2	800.0	0.0	0.0	0.0	0.000	0.000	0.000	0.0	0.0		12:42:06:859		
000:07:15.050	800.0	23.5	24.2	800.0	0.0	0.0	0.0	0.000	0.000	0.000	0.0	0.0		12:42:06:909		
000:07:15.100	800.0	23.5	24.2	800.0	0.0	0.0	0.0	0.000	0.000	0.000	0.0	0.0		12:42:06:959		
000:07:15.150	800.0	23.5	24.2	800.0	0.0	0.0	0.0	0.000	0.000	0.000	0.0	0.0		12:42:07:009		
000:07:15.200	800.0	23.5	24.2	800.0	0.0	0.0	0.0	0.000	0.000	0.000	0.0	0.0		12:42:07:059		
000:07:15.250	800.0	23.5	24.2	800.0	0.0	0.0	0.0	0.000	0.000	0.000	0.0	0.0		12:42:07:109		
000:07:15.300	800.0	23.5	24.2	800.0	0.0	0.0	0.0	0.000	0.000	0.000	0.0	0.0		12:42:07:159		
000:07:15.350	800.0	23.5	24.2	800.0	0.0	0.0	0.0	0.000	0.000	0.000	0.0	0.0		12:42:07:209		
000:07:15.400	800.0	23.5	24.2	800.0	0.0	0.0	0.0	0.000	0.000	0.000	0.0	0.0		12:42:07:259		
000:07:15.450	800.0	23.5	24.2	800.0	0.0	0.0	0.0	0.000	0.000	0.000	0.0	0.0		12:42:07:309		
000:07:15.500	800.0	23.5	24.2	800.0	0.0	0.0	0.0	0.000	0.000	0.000	0.0	0.0		12:42:07:359		
000:07:15.550	800.0	23.5	24.2	800.0	0.0	0.0	0.0	0.000	0.000	0.000	0.0	0.0		12:42:07:409		
000:07:15.600	800.0	23.5	24.2	800.0	0.0	0.0	0.0	0.000	0.000	0.000	0.0	0.0		12:42:07:459		
000:07:15.650	800.0	23.5	24.2	800.0	0.0	0.0	0.0	0.000	0.000	0.000	0.0	0.0		12:42:07:509		
000:07:15.700	800.0	23.5	24.2	800.0	0.0	0.0	0.0	0.000	0.000	0.000	0.0	0.0		12:42:07:559		
000:07:15.750	800.0	23.5	24.2	800.0	0.0	0.0	0.0	0.000	0.000	0.000	0.0	0.0		12:42:07:609		
000:07:15.800	800.0	23.5	24.2	800.0	0.0	0.0	0.0	0.000	0.000	0.000	0.0	0.0		12:42:07:659		
000:07:15.850	800.0	23.5	24.2	800.0	0.0	0.0	0.0	0.000	0.000	0.000	0.0	0.0		12:42:07:709		
000:07:15.900	800.0	23.5	24.2	800.0	0.0	0.0	0.0	0.000	0.000	0.000	0.0	0.0		12:42:07:759		
000:07:15.950	800.0	23.5	24.2	800.0	0.0	0.0	0.0	0.000	0.000	0.000	0.0	0.0		12:42:07:809		
000:07:16.000	800.0	23.5	24.2	800.0	0.0	0.0	0.0	0.000	0.000	0.000	0.0	0.0		12:42:07:859		
000:07:16.050	800.0	23.5	24.2	800.0	0.0	0.0	0.0	0.000	0.000	0.000	0.0	0.0		12:42:07:909		
000:07:16.100	800.0	23.5	24.2	800.0	0.0	0.0	0.0	0.000	0.000	0.000	0.0	0.0		12:42:07:959		
000:07:16.150	800.0	23.5	24.2	800.0	0.0	0.0	0.0	0.000	0.000	0.000	0.0	0.0		12:42:08:009		
000:07:16.200	800.0	23.5	24.2	800.0	0.0	0.0	0.0	0.000	0.000	0.000	0.0	0.0		12:42:08:059		
000:07:16.250	800.0	23.5	24.2	800.0	0.0	0.0	0.0	0.000	0.000	0.000	0.0	0.0		12:42:08:109		
000:07:16.300	800.0	23.5	24.2	800.0	0.0	0.0	0.0	0.000	0.000	0.000	0.0	0.0		12:42:08:159		
000:07:16.350	800.0	23.5	24.2	800.0	0.0	0.0	0.0	0.000	0.000	0.000	0.0	0.0		12:42:08:209		
000:07:16.400	800.0	23.5	24.2	800.0	0.0	0.0	0.0	0.000	0.000	0.000	0.0	0.0		12:42:08:259		
000:07:16.450	800.0	23.5	24.2	800.0	0.0	0.0	0.0	0.000	0.000	0.000	0.0	0.0		12:42:08:309		
000:07:16.500	800.0	23.5	24.2	800.0	0.0	0.0	0.0	0.000	0.000	0.000	0.0	0.0		12:42:08:359		
000:07:16.550	800.0	23.5	24.2	800.0	0.0	0.0	0.0	0.000	0.000	0.000	0.0	0.0		12:42:08:409		
000:07:16.600	800.0	23.5	24.2	800.0	0.0	0.0	0.0	0.000	0.000	0.000	0.0	0.0		12:42:08:459		
000:07:16.650	800.0	23.5	24.2	800.0	0.0	0.0	0.0	0.000	0.000	0.000	0.0	0.0		12:42:08:509		
000:07:16.700	800.0	23.5	24.2	800.0	0.0	0.0	0.0	0.000	0.000	0.000	0.0	0.0		12:42:08:559		
000:07:16.750	800.0	23.5	24.2	800.0	0.0	0.0	0.0	0.000	0.000	0.000	0.0	0.0		12:42:08:609		
000:07:16.800	800.0	23.5	24.2	800.0	0.0	0.0	0.0	0.000	0.000	0.000	0.0	0.0		12:42:08:659		
000:07:16.850	800.0	23.5	24.2	800.0	0.0	0.0	0.0	0.000	0.000	0.000	0.0	0.0		12:42:08:709		
000:07:16.900	800.0	23.5	24.2	800.0	0.0	0.0	0.0	0.000	0.000	0.000	0.0	0.0		12:42:08:759		
000:07:16.950	800.0	23.5	24.2	800.0	0.0	0.0	0.0	0.000	0.000	0.000	0.0	0.0		12:42:08:809		
000:07:17.000	800.0	23.5	24.2	800.0	0.0	0.0	0.0	0.000	0.000	0.000	0.0	0.0		12:42:08:859		
000:07:17.050	800.0	23.5	24.2	800.0	0.0	0.0	0.0	0.000	0.000	0.000	0.0	0.0		12:42:08:909		
000:07:17.100	800.0	23.5	24.2	800.0	0.0	0.0	0.0	0.000	0.000	0.000	0.0	0.0		12:42:08:959		
000:07:17.150	800.0	23.5	24.2	800.0	0.0	0.0	0.0	0.000	0.000	0.000	0.0	0.0		12:42:09:009		
000:07:17.200	800.0	23.5	24.2	800.0	0.0	0.0	0.0	0.000	0.000	0.000	0.0	0.0		12:42:09:059		
000:07:17.250	800.0	23.5	24.2	800.0	0.0	0.0	0.0	0.000	0.000	0.000	0.0	0.0		12:42:09:109		
000:07:17.300	800.0	23.5	24.2	800.0	0.0	0.0	0.0	0.000	0.000	0.000	0.0	0.0		12:42:09:159		
000:07:17.350	800.0	23.5	24.2	800.0	0.0	0.0	0.0	0.000	0.000	0.000	0.0	0.0		12:42:09:209		
000:07:17.400	800.0	23.5	24.2	800.0	0.0	0.0	0.0	0.000	0.000	0.000	0.0	0.0		12:42:09:259		
000:07:17.450	800.0	23.5	24.2	800.0	0.0	0.0	0.0	0.000	0.000	0.000	0.0	0.0		12:42:09:309		
000:07:17.500	800.0	23.5	24.2	800.0	0.0	0.0	0.0	0.000	0.000	0.000	0.0	0.0		12:42:09:359		
000:07:17.550	800.0	23.5	24.2	800.0	0.0	0.0	0.0	0.000	0.000	0.000	0.0	0.0		12:42:09:409		
000:07:17.600	800.0	23.5	24.2	800.0	0.0	0.0	0.0	0.000	0.000	0.000	0.0	0.0		12:42:09:459		
000:07:17.650	800.0	23.5	24.2	800.0	0.0	0.0	0.0	0.000	0.000	0.000	0.0	0.0		12:42:09:509		
000:07:17.700	800.0	23.5	24.2	800.0	0.0	0.0	0.0	0.000	0.000	0.000	0.0	0.0		12:42:09:559		
000:07:17.750	800.0	23.5	24.2	800.0	0.0	0.0	0.0	0.000	0.000	0.000	0.0	0.0		12:42:09:609		
000:07:17.800	800.0	23.5	24.2	800.0	0.0	0.0	0.0	0.000	0.000	0.000	0.0	0.0		12:42:09:659		
000:07:17.850	800.0	23.5	24.2	800.0	0.0	0.0	0.0	0.000	0.000	0.000	0.0	0.0		12:42:09:709		
000:07:17.900	800.0	23.5	24.2	800.0	0.0	0.0	0.0	0.000	0.000	0.000	0.0	0.0		12:42:09:759		
000:07:17.950	800.0	23.5	24.2	800.0	0.0	0.0	0.0	0.000	0.000	0.000	0.0	0.0		12:42:09:809		
000:07:18.000	800.0	23.5	24.2	800.0	0.0	0.0	0.0	0.000	0.000	0.000	0.0	0.0		12:42:09:859		
000:07:18.050	800.0	23.5	24.2	800.0	0.0	0.0	0.0	0.000	0.000	0.000	0.0	0.0		12:42:09:909		
000:07:18.100	800.0	23.5	24.2	800.0	0.0	0.0	0.0	0.000	0.000	0.000	0.0	0.0		12:42:09:959		
000:07:18.150	800.0	23.5	24.2	800.0	0.0	0.0	0.0	0.000	0.000	0.000	0.0	0.0		12:42:10:009		
000:07:18.200	800.0	23.5	24.2	800.0	0.0	0.0	0.0	0.000	0.000	0.000	0.0	0.0		12:42:10:059		
000:07:18.250	800.0	23.5	24.2	800.0	0.0	0.0	0.0	0.000	0.000	0.000	0.0	0.0		12:42:10:109		
000:07:18.300	800.0	23.5	24.2	800.0	0.0	0.0	0.0	0.000	0.000	0.000	0.0	0.0		12:42:10:159		
000:07:18.350	800.0	23.5	24.2	800.0	0.0	0.0	0.0	0.000	0.000	0.000	0.0	0.0		12:42:10:209		
000:07:18.400	800.0	23.5	24.2	800.0	0.0	0.0	0.0	0.000	0.000	0.000	0.0	0.0		12:42:10:259		
000:07:18.450	800.0	23.5	24.2	800.0	0.0	0.0	0.0	0.000	0.000	0.000	0.0	0.0		12:42:10:309		
000:07:18.500	800.0	23.5	24.2	800.0	0.0	0.0	0.0	0.000	0.000	0.000	0.0	0.0		12:42:10:359		
000:07:18.550	800.0	23.5	24.2	800.0	0.0	0.0	0.0	0.000	0.000	0.000	0.0	0.0		12:42:10:409		
000:07:18.600	800.0	23.5	24.2	800.0	0.0	0.0	0.0	0.000	0.000	0.000	0.0	0.0		12:42:10:459		
000:07:18.650	800.0	23.5	24.2	800.0	0.0	0.0	0.0	0.000	0.000	0.000	0.0	0.0		12:42:10:509		
000:07:18.700	800.0	23.5	24.2	800.0	0.0	0.0	0.0	0.000	0.000	0.000	0.0	0.0		12:42:10:559		
000:07:18.750	800.0	23.5	24.2	800.0	0.0	0.0	0.0	0.000	0.000	0.000	0.0	0.0		12:42:10:609		
000:07:18.800	800.0	23.5	24.2	800.0	0.0	0.0	0.0	0.000	0.000	0.000	0.0	0.0		12:42:10:659		
000:07:18.850	800.0	23.5	24.2	800.0	0.0	0.0	0.0	0.000	0.000	0.000	0.0	0.0		12:42:10:709		
000:07:18.900	800.0	23.5	24.2	800.0	0.0	0.0	0.0	0.000	0.000	0.000	0.0	0.0		12:42:10:759		
000:07:18.950	800.0	23.5	24.2	800.0	0.0	0.0	0.0	0.000	0.000	0.000	0.0	0.0		12:42:10:809		
000:07:19.000	800.0	23.5	24.2	800.0	0.0	0.0	0.0	0.000	0.000	0.000	0.0	0.0		12:42:10:859		
000:07:19.050	800.0	23.5	24.2	800.0	0.0	0.0	0.0	0.000	0.000	0.000	0.0	0.0		12:42:10:909		
000:07:19.100	800.0	23.5	24.2	800.0	0.0	0.0	0.0	0.000	0.000	0.000	0.0	0.0		12:42:10:959		
000:07:19.150	800.0	23.5	24.2	800.0	0.0	0.0	0.0	0.000	0.000	0.000	0.0	0.0		12:42:11:009		
000:07:19.200	800.0	23.5	24.2	800.0	0.0	0.0	0.0	0.000	0.000	0.000	0.0	0.0		12:42:11:059		
000:07:19.250	800.0	23.5	24.2	800.0	0.0	0.0	0.0	0.000	0.000	0.000	0.0	0.0		12:42:11:109		
000:07:19.300	800.0	23.5	24.2	800.0	0.0	0.0	0.0	0.000	0.000	0.000	0.0	0.0		12:42:11:159		
000:07:19.350	800.0	23.5	24.2	800.0	0.0	0.0	0.0	0.000	0.000	0.000	0.0	0.0		12:42:11:209		
000:07:19.400	800.0	23.5	24.2	800.0	0.0	0.0	0.0	0.000	0.000	0.000	0.0	0.0		12:42:11:259		
000:07:19.450	800.0	23.5	24.2	800.0	0.0	0.0	0.0	0.000	0.000	0.000	0.0	0.0		12:42:11:309		
000:07:19.500	800.0	23.5	24.2	800.0	0.0	0.0	0.0	0.000	0.000	0.000	0.0	0.0		12:42:11:359		
000:07:19.550	800.0	23.5	24.2	800.0	0.0	0.0	0.0	0.000	0.000	0.000	0.0	0.0		12:42:11:409		
000:07:19.600	800.0	23.5	24.2	800.0	0.0	0.0	0.0	0.000	0.000	0.000	0.0	0.0		12:42:11:459		
000:07:19.650	800.0	23.5	24.2	800.0	0.0	0.0	0.0	0.000	0.000	0.000	0.0	0.0		12:42:11:509		
000:07:19.700	800.0	23.5	24.2	800.0	0.0	0.0	0.0	0.000	0.000	0.000	0.0	0.0		12:42:11:559		
000:07:19.750	800.0	23.5	24.2	800.0	0.0	0.0	0.0	0.000	0.000	0.000	0.0	0.0		12:42:11:609		
000:07:19.800	800.0	23.5	24.2	800.0	0.0	0.0	0.0	0.000	0.000	0.000	0.0	0.0		12:42:11:659		
000:07:19.850	800.0	23.5	24.2	800.0	0.0	0.0	0.0	0.000	0.000	0.000	0.0	0.0		12:42:11:709		
000:07:19.900	800.0	23.5	24.2	800.0	0.0	0.0	0.0	0.000	0.000	0.000	0.0	0.0		12:42:11:759		
000:07:19.950	800.0	23.5	24.2	800.0	0.0	0.0	0.0	0.000	0.000	0.000	0.0	0.0		12:42:11:809		
000:07:20.000	800.0	23.5	24.2	800.0	0.0	0.0	0.0	0.000	0.000	0.000	0.0	0.0		12:42:11:859		
000:07:20.050	800.0	23.5	24.2	800.0	0.0	0.0	0.0	0.000	0.000	0.000	0.0	0.0		12:42:11:909		
000:07:20.100	800.0	23.5	24.2	800.0	0.0	0.0	0.0	0.000	0.000	0.000	0.0	0.0		12:42:11:959		
000:07:20.150	800.0	23.5	24.2	800.0	0.0	0.0	0.0	0.000	0.000	0.000	0.0	0.0		12:42:12:009		
000:07:20.200	800.0	23.5	24.2	800.0	0.0	0.0	0.0	0.000	0.000	0.000	0.0	0.0		12:42:12:059		
000:07:20.250	800.0	23.5	24.2	800.0	0.0	0.0	0.0	0.000	0.000	0.000	0.0	0.0		12:42:12:109		
000:07:20.300	800.0	23.5	24.2	800.0	0.0	0.0	0.0	0.000	0.000	0.000	0.0	0.0		12:42:12:159		
000:07:20.350	800.0	23.5	24.2	800.0	0.0	0.0	0.0	0.000	0.000	0.000	0.0	0.0		12:42:12:209		
000:07:20.400	800.0	23.5	24.2	800.0	0.0	0.0	0.0	0.000	0.000	0.000	0.0	0.0		12:42:12:259		
000:07:20.450	800.0	23.5	24.2	800.0	0.0	0.0	0.0	0.000	0.000	0.000	0.0	0.0		12:42:12:309		
000:07:20.500	800.0	23.5	24.2	800.0	0.0	0.0	0.0	0.000	0.000	0.000	0.0	0.0		12:42:12:359		
000:07:20.550	800.0	23.5	24.2	800.0	0.0	0.0	0.0	0.000	0.000	0.000	0.0	0.0		12:42:12:409		
000:07:20.600	800.0	23.5	24.2	800.0	0.0	0.0	0.0	0.000	0.000	0.000	0.0	0.0		12:42:12:459		
000:07:20.650	800.0	23.5	24.2	800.0	0.0	0.0	0.0	0.000	0.000	0.000	0.0	0.0		12:42:12:509		
000:07:20.700	800.0	23.5	24.2	800.0	0.0	0.0	0.0	0.000	0.000	0.000	0.0	0.0		12:42:12:559		
000:07:20.750	800.0	23.5	24.2	800.0	0.0	0.0	0.0	0.000	0.000	0.000	0.0	0.0		12:42:12:609		
000:07:20.800	800.0	23.5	24.2	800.0	0.0	0.0	0.0	0.000	0.000	0.000	0.0	0.0		12:42:12:659		
000:07:20.850	800.0	23.5	24.2	800.0	0.0	0.0	0.0	0.000	0.000	0.000	0.0	0.0		12:42:12:709		
000:07:20.900	800.0	23.5	24.2	800.0	0.0	0.0	0.0	0.000	0.000	0.000	0.0	0.0		12:42:12:759		
000:07:20.950	800.0	23.5	24.2	800.0	0.0	0.0	0.0	0.000	0.000	0.000	0.0	0.0		12:42:12:809		
000:07:21.000	800.0	23.5	24.2	800.0	0.0	0.0	0.0	0.000	0.000	0.000	0.0	0.0		12:42:12:859		
000:07:21.050	800.0	23.5	24.2	800.0	0.0	0.0	0.0	0.000	0.000	0.000	0.0	0.0		12:42:12:909		
000:07:21.100	800.0	23.5	24.2	800.0	0.0	0.0	0.0	0.000	0.000	0.000	0.0	0.0		12:42:12:959		
000:07:21.150	800.0	23.5	24.2	800.0	0.0	0.0	0.0	0.000	0.000	0.000	0.0	0.0		12:42:13:009		
000:07:21.200	800.0	23.5	24.2	800.0	0.0	0.0	0.0	0.000	0.000	0.000	0.0	0.0		12:42:13:059		
000:07:21.250	800.0	23.5	24.2	800.0	0.0	0.0	0.0	0.000	0.000	0.000	0.0	0.0		12:42:13:109		
000:07:21.300	800.0	23.5	24.2	800.0	0.0	0.0	0.0	0.000	0.000	0.000	0.0	0.0		12:42:13:159		
000:07:21.350	800.0	23.5	24.2	800.0	0.0	0.0	0.0	0.000	0.000	0.000	0.0	0.0		12:42:13:209		
000:07:21.400	800.0	23.5	24.2	800.0	0.0	0.0	0.0	0.000	0.000	0.000	0.0	0.0		12:42:13:259		
000:07:21.450	800.0	23.5	24.2	800.0	0.0	0.0	0.0	0.000	0.000	0.000	0.0	0.0		12:42:13:309		
000:07:21.500	800.0	23.5	24.2	800.0	0.0	0.0	0.0	0.000	0.000	0.000	0.0	0.0		12:42:13:359		
000:07:21.550	800.0	23.5	24.2	800.0	0.0	0.0	0.0	0.000	0.000	0.000	0.0	0.0		12:42:13:409		
000:07:21.600	800.0	23.5	24.2	800.0	0.0	0.0	0.0	0.000	0.000	0.000	0.0	0.0		12:42:13:459		
000:07:21.650	800.0	23.5	24.2	800.0	0.0	0.0	0.0	0.000	0.000	0.000	0.0	0.0		12:42:13:509		
000:07:21.700	800.0	23.5	24.2	800.0	0.0	0.0	0.0	0.000	0.000	0.000	0.0	0.0		12:42:13:559		
000:07:21.750	800.0	23.5	24.2	800.0	0.0	0.0	0.0	0.000	0.000	0.000	0.0	0.0		12:42:13:609		
000:07:21.800	800.0	23.5	24.2	800.0	0.0	0.0	0.0	0.000	0.000	0.000	0.0	0.0		12:42:13:659		
000:07:21.850	800.0	23.5	24.2	800.0	0.0	0.0	0.0	0.000	0.000	0.000	0.0	0.0		12:42:13:709		
000:07:21.900	800.0	23.5	24.2	800.0	0.0	0.0	0.0	0.000	0.000	0.000	0.0	0.0		12:42:13:759		
000:07:21.950	800.0	23.5	24.2	800.0	0.0	0.0	0.0	0.000	0.000	0.000	0.0	0.0		12:42:13:809		
000:07:22.000	800.0	23.5	24.2	800.0	0.0	0.0	0.0	0.000	0.000	0.000	0.0	0.0		12:42:13:859		
000:07:22.050	800.0	23.5	24.2	800.0	0.0	0.0	0.0	0.000	0.000	0.000	0.0	0.0		12:42:13:909		
000:07:22.100	800.0	23.5	24.2	800.0	0.0	0.0	0.0	0.000	0.000	0.000	0.0	0.0		12:42:13:959		
000:07:22.150	800.0	23.5	24.2	800.0	0.0	0.0	0.0	0.000	0.000	0.000	0.0	0.0		12:42:14:009		
000:07:22.200	800.0	23.5	24.2	800.0	0.0	0.0	0.0	0.000	0.000	0.000	0.0	0.0		12:42:14:059		
000:07:22.250	800.0	23.5	24.2	800.0	0.0	0.0	0.0	0.000	0.000	0.000	0.0	0.0		12:42:14:109		
000:07:22.300	800.0	23.5	24.2	800.0	0.0	0.0	0.0	0.000	0.000	0.000	0.0	0.0		12:42:14:159		
000:07:22.350	800.0	23.5	24.2	800.0	0.0	0.0	0.0	0.000	0.000	0.000	0.0	0.0		12:42:14:209		
000:07:22.400	800.0	23.5	24.2	800.0	0.0	0.0	0.0	0.000	0.000	0.000	0.0	0.0		12:42:14:259		
000:07:22.450	800.0	23.5	24.2	800.0	0.0	0.0	0.0	0.000	0.000	0.000	0.0	0.0		12:42:14:309		
000:07:22.500	800.0	23.5	24.2	800.0	0.0	0.0	0.0	0.000	0.000	0.000	0.0	0.0		12:42:14:359		
000:07:22.550	800.0	23.5	24.2	800.0	0.0	0.0	0.0	0.000	0.000	0.000	0.0	0.0		12:42:14:409		
000:07:22.600	800.0	23.5	24.2	800.0	0.0	0.0	0.0	0.000	0.000	0.000	0.0	0.0		12:42:14:459		
000:07:22.650	800.0	23.5	24.2	800.0	0.0	0.0	0.0	0.000	0.000	0.000	0.0	0.0		12:42:14:509		
000:07:22.700	800.0	23.5	24.2	800.0	0.0	0.0	0.0	0.000	0.000	0.000	0.0	0.0		12:42:14:559		
000:07:22.750	800.0	23.5	24.2	800.0	0.0	0.0	0.0	0.000	0.000	0.000	0.0	0.0		12:42:14:609		
000:07:22.800	800.0	23.5	24.2	800.0	0.0	0.0	0.0	0.000	0.000	0.000	0.0	0.0		12:42:14:659		
000:07:22.850	800.0	23.5	24.2	800.0	0.0	0.0	0.0	0.000	0.000	0.000	0.0	0.0		12:42:14:709		
000:07:22.900	800.0	23.5	24.2	800.0	0.0	0.0	0.0	0.000	0.000	0.000	0.0	0.0		12:42:14:759		
000:07:22.950	800.0	23.5	24.2	800.0	0.0	0.0	0.0	0.000	0.000	0.000	0.0	0.0		12:42:14:809		
000:07:23.000	800.0	23.5	24.2	800.0	0.0	0.0	0.0	0.000	0.000	0.000	0.0	0.0		12:42:14:859		
000:07:23.050	800.0	23.5	24.2	800.0	0.0	0.0	0.0	0.000	0.000	0.000	0.0	0.0		12:42:14:909		
000:07:23.100	800.0	23.5	24.2	800.0	0.0	0.0	0.0	0.000	0.000	0.000	0.0	0.0		12:42:14:959		
000:07:23.150	800.0	23.5	24.2	800.0	0.0	0.0	0.0	0.000	0.000	0.000	0.0	0.0		12:42:15:009		
000:07:23.200	800.0	23.5	24.2	800.0	0.0	0.0	0.0	0.000	0.000	0.000	0.0	0.0		12:42:15:059		
000:07:23.250	800.0	23.5	24.2	800.0	0.0	0.0	0.0	0.000	0.000	0.000	0.0	0.0		12:42:15:109		
000:07:23.300	800.0	23.5	24.2	800.0	0.0	0.0	0.0	0.000	0.000	0.000	0.0	0.0		12:42:15:159		
000:07:23.350	800.0	23.5	24.2	800.0	0.0	0.0	0.0	0.000	0.000	0.000	0.0	0.0		12:42:15:209		
000:07:23.400	800.0	23.5	24.2	800.0	0.0	0.0	0.0	0.000	0.000	0.000	0.0	0.0		12:42:15:259		
000:07:23.450	800.0	23.5	24.2	800.0	0.0	0.0	0.0	0.000	0.000	0.000	0.0	0.0		12:42:15:309		
000:07:23.500	800.0	23.5	24.2	800.0	0.0	0.0	0.0	0.000	0.000	0.000	0.0	0.0		12:42:15:359		
000:07:23.550	800.0	23.5	24.2	800.0	0.0	0.0	0.0	0.000	0.000	0.000	0.0	0.0		12:42:15:409		
000:07:23.600	800.0	23.5	24.2	800.0	0.0	0.0	0.0	0.000	0.000	0.000	0.0	0.0		12:42:15:459		
000:07:23.650	800.0	23.5	24.2	800.0	0.0	0.0	0.0	0.000	0.000	0.000	0.0	0.0		12:42:15:509		
000:07:23.700	800.0	23.5	24.2	800.0	0.0	0.0	0.0	0.000	0.000	0.000	0.0	0.0		12:42:15:559		
000:07:23.750	800.0	23.5	24.2	800.0	0.0	0.0	0.0	0.000	0.000	0.000	0.0	0.0		12:42:15:609		
000:07:23.800	800.0	23.5	24.2	800.0	0.0	0.0	0.0	0.000	0.000	0.000	0.0	0.0		12:42:15:659		
000:07:23.850	800.0	23.5	24.2	800.0	0.0	0.0	0.0	0.000	0.000	0.000	0.0	0.0		12:42:15:709		
000:07:23.900	800.0	23.5	24.2	800.0	0.0	0.0	0.0	0.000	0.000	0.000	0.0	0.0		12:42:15:759		
000:07:23.950	800.0	23.5	24.2	800.0	0.0	0.0	0.0	0.000	0.000	0.000	0.0	0.0		12:42:15:809		
000:07:24.000	800.0	23.5	24.2	800.0	0.0	0.0	0.0	0.000	0.000	0.000	0.0	0.0		12:42:15:859		
000:07:24.050	800.0	23.5	24.2	800.0	0.0	0.0	0.0	0.000	0.000	0.000	0.0	0.0		12:42:15:909		
000:07:24.100	800.0	23.5	24.2	800.0	0.0	0.0	0.0	0.000	0.000	0.000	0.0	0.0		12:42:15:959		
000:07:24.150	800.0	23.5	24.2	800.0	0.0	0.0	0.0	0.000	0.000	0.000	0.0	0.0		12:42:16:009		
000:07:24.200	800.0	23.5	24.2	800.0	0.0	0.0	0.0	0.000	0.000	0.000	0.0	0.0		12:42:16:059		
000:07:24.250	800.0	23.5	24.2	800.0	0.0	0.0	0.0	0.000	0.000	0.000	0.0	0.0		12:42:16:109		
000:07:24.300	800.0	23.5	24.2	800.0	0.0	0.0	0.0	0.000	0.000	0.000	0.0	0.0		12:42:16:159		
000:07:24.350	800.0	23.5	24.2	800.0	0.0	0.0	0.0	0.000	0.000	0.000	0.0	0.0		12:42:16:209		
000:07:24.400	800.0	23.5	24.2	800.0	0.0	0.0	0.0	0.000	0.000	0.000	0.0	0.0		12:42:16:259		
000:07:24.450	800.0	23.5	24.2	800.0	0.0	0.0	0.0	0.000	0.000	0.000	0.0	0.0		12:42:16:309		
000:07:24.500	800.0	23.5	24.2	800.0	0.0	0.0	0.0	0.000	0.000	0.000	0.0	0.0		12:42:16:359		
000:07:24.550	800.0	23.5	24.2	800.0	0.0	0.0	0.0	0.000	0.000	0.000	0.0	0.0		12:42:16:409		
000:07:24.600	800.0	23.5	24.2	800.0	0.0	0.0	0.0	0.000	0.000	0.000	0.0	0.0		12:42:16:459		
000:07:24.650	800.0	23.5	24.2	800.0	0.0	0.0	0.0	0.000	0.000	0.000	0.0	0.0		12:42:16:509		
000:07:24.700	800.0	23.5	24.2	800.0	0.0	0.0	0.0	0.000	0.000	0.000	0.0	0.0		12:42:16:559		
000:07:24.750	800.0	23.5	24.2	800.0	0.0	0.0	0.0	0.000	0.000	0.000	0.0	0.0		12:42:16:609		
000:07:24.800	800.0	23.5	24.2	800.0	0.0	0.0	0.0	0.000	0.000	0.000	0.0	0.0		12:42:16:659		
000:07:24.850	800.0	23.5	24.2	800.0	0.0	0.0	0.0	0.000	0.000	0.000	0.0	0.0		12:42:16:709		
000:07:24.900	800.0	23.5	24.2	800.0	0.0	0.0	0.0	0.000	0.000	0.000	0.0	0.0		12:42:16:759		
000:07:24.950	800.0	23.5	24.2	800.0	0.0	0.0	0.0	0.000	0.000	0.000	0.0	0.0		12:42:16:809		
000:07:25.000	800.0	23.5	24.2	800.0	0.0	0.0	0.0	0.000	0.000	0.000	0.0	0.0		12:42:16:859		
000:07:25.050	800.0	23.5	24.2	800.0	0.0	0.0	0.0	0.000	0.000	0.000	0.0	0.0		12:42:16:909		
000:07:25.100	800.0	23.5	24.2	800.0	0.0	0.0	0.0	0.000	0.000	0.000	0.0	0.0		12:42:16:959		
000:07:25.150	800.0	23.5	24.2	800.0	0.0	0.0	0.0	0.000	0.000	0.000	0.0	0.0		12:42:17:009		
000:07:25.200	800.0	23.5	24.2	800.0	0.0	0.0	0.0	0.000	0.000	0.000	0.0	0.0		12:42:17:059		
000:07:25.250	800.0	23.5	24.2	800.0	0.0	0.0	0.0	0.000	0.000	0.000	0.0	0.0		12:42:17:109		
000:07:25.300	800.0	23.5	24.2	800.0	0.0	0.0	0.0	0.000	0.000	0.000	0.0	0.0		12:42:17:159		
000:07:25.350	800.0	23.5	24.2	800.0	0.0	0.0	0.0	0.000	0.000	0.000	0.0	0.0		12:42:17:209		
000:07:25.400	800.0	23.5	24.2	800.0	0.0	0.0	0.0	0.000	0.000	0.000	0.0	0.0		12:42:17:259		
000:07:25.450	800.0	23.5	24.2	800.0	0.0	0.0	0.0	0.000	0.000	0.000	0.0	0.0		12:42:17:309		
000:07:25.500	800.0	23.5	24.2	800.0	0.0	0.0	0.0	0.000	0.000	0.000	0.0	0.0		12:42:17:359		
000:07:25.550	800.0	23.5	24.2	800.0	0.0	0.0	0.0	0.000	0.000	0.000	0.0	0.0		12:42:17:409		
000:07:25.600	800.0	23.5	24.2	800.0	0.0	0.0	0.0	0.000	0.000	0.000	0.0	0.0		12:42:17:459		
000:07:25.650	800.0	23.5	24.2	800.0	0.0	0.0	0.0	0.000	0.000	0.000	0.0	0.0		12:42:17:509		
000:07:25.700	800.0	23.5	24.2	800.0	0.0	0.0	0.0	0.000	0.000	0.000	0.0	0.0		12:42:17:559		
000:07:25.750	800.0	23.5	24.2	800.0	0.0	0.0	0.0	0.000	0.000	0.000	0.0	0.0		12:42:17:609		
000:07:25.800	800.0	23.5	24.2	800.0	0.0	0.0	0.0	0.000	0.000	0.000	0.0	0.0		12:42:17:659		
000:07:25.850	800.0	23.5	24.2	800.0	0.0	0.0	0.0	0.000	0.000	0.000	0.0	0.0		12:42:17:709		
000:07:25.900	800.0	23.5	24.2	800.0	0.0	0.0	0.0	0.000	0.000	0.000	0.0	0.0		12:42:17:759		
000:07:25.950	800.0	23.5	24.2	800.0	0.0	0.0	0.0	0.000	0.000	0.000	0.0	0.0		12:42:17:809		
000:07:26.000	800.0	23.5	24.2	800.0	0.0	0.0	0.0	0.000	0.000	0.000	0.0	0.0		12:42:17:859		
000:07:26.050	800.0	23.5	24.2	800.0	0.0	0.0	0.0	0.000	0.000	0.000	0.0	0.0		12:42:17:909		
000:07:26.100	800.0	23.5	24.2	800.0	0.0	0.0	0.0	0.000	0.000	0.000	0.0	0.0		12:42:17:959		
000:07:26.150	800.0	23.5	24.2	800.0	0.0	0.0	0.0	0.000	0.000	0.000	0.0	0.0		12:42:18:009		
000:07:26.200	800.0	23.5	24.2	800.0	0.0	0.0	0.0	0.000	0.000	0.000	0.0	0.0		12:42:18:059		
000:07:26.250	800.0	23.5	24.2	800.0	0.0	0.0	0.0	0.000	0.000	0.000	0.0	0.0		12:42:18:109		
000:07:26.300	800.0	23.5	24.2	800.0	0.0	0.0	0.0	0.000	0.000	0.000	0.0	0.0		12:42:18:159		
000:07:26.350	800.0	23.5	24.2	800.0	0.0	0.0	0.0	0.000	0.000	0.000	0.0	0.0		12:42:18:209		
000:07:26.400	800.0	23.5	24.2	800.0	0.0	0.0	0.0	0.000	0.000	0.000	0.0	0.0		12:42:18:259		
000:07:26.450	800.0	23.5	24.2	800.0	0.0	0.0	0.0	0.000	0.000	0.000	0.0	0.0		12:42:18:309		
000:07:26.500	800.0	23.5	24.2	800.0	0.0	0.0	0.0	0.000	0.000	0.000	0.0	0.0		12:42:18:359		
000:07:26.550	800.0	23.5	24.2	800.0	0.0	0.0	0.0	0.000	0.000	0.000	0.0	0.0		12:42:18:409		
000:07:26.600	800.0	23.5	24.2	800.0	0.0	0.0	0.0	0.000	0.000	0.000	0.0	0.0		12:42:18:459		
000:07:26.650	800.0	23.5	24.2	800.0	0.0	0.0	0.0	0.000	0.000	0.000	0.0	0.0		12:42:18:509		
000:07:26.700	800.0	23.5	24.2	800.0	0.0	0.0	0.0	0.000	0.000	0.000	0.0	0.0		12:42:18:559		
000:07:26.750	800.0	23.5	24.2	800.0	0.0	0.0	0.0	0.000	0.000	0.000	0.0	0.0		12:42:18:609		
000:07:26.800	800.0	23.5	24.2	800.0	0.0	0.0	0.0	0.000	0.000	0.000	0.0	0.0		12:42:18:659		
000:07:26.850	800.0	23.5	24.2	800.0	0.0	0.0	0.0	0.000	0.000	0.000	0.0	0.0		12:42:18:709		
000:07:26.900	800.0	23.5	24.2	800.0	0.0	0.0	0.0	0.000	0.000	0.000	0.0	0.0		12:42:18:759		
000:07:26.950	800.0	23.5	24.2	800.0	0.0	0.0	0.0	0.000	0.000	0.000	0.0	0.0		12:42:18:809		
000:07:27.000	800.0	23.5	24.2	800.0	0.0	0.0	0.0	0.000	0.000	0.000	0.0	0.0		12:42:18:859		
000:07:27.050	800.0	23.5	24.2	800.0	0.0	0.0	0.0	0.000	0.000	0.000	0.0	0.0		12:42:18:909		
000:07:27.100	800.0	23.5	24.2	800.0	0.0	0.0	0.0	0.000	0.000	0.000	0.0	0.0		12:42:18:959		
000:07:27.150	800.0	23.5	24.2	800.0	0.0	0.0	0.0	0.000	0.000	0.000	0.0	0.0		12:42:19:009		
000:07:27.200	800.0	23.5	24.2	800.0	0.0	0.0	0.0	0.000	0.000	0.000	0.0	0.0		12:42:19:059		
000:07:27.250	800.0	23.5	24.2	800.0	0.0	0.0	0.0	0.000	0.000	0.000	0.0	0.0		12:42:19:109		
000:07:27.300	800.0	23.5	24.2	800.0	0.0	0.0	0.0	0.000	0.000	0.000	0.0	0.0		12:42:19:159		
000:07:27.350	800.0	23.5	24.2	800.0	0.0	0.0	0.0	0.000	0.000	0.000	0.0	0.0		12:42:19:209		
000:07:27.400	800.0	23.5	24.2	800.0	0.0	0.0	0.0	0.000	0.000	0.000	0.0	0.0		12:42:19:259		
000:07:27.450	800.0	23.5	24.2	800.0	0.0	0.0	0.0	0.000	0.000	0.000	0.0	0.0		12:42:19:309		
000:07:27.500	800.0	23.5	24.2	800.0	0.0	0.0	0.0	0.000	0.000	0.000	0.0	0.0		12:42:19:359		
000:07:27.550	800.0	23.5	24.2	800.0	0.0	0.0	0.0	0.000	0.000	0.000	0.0	0.0		12:42:19:409		
000:07:27.600	800.0	23.5	24.2	800.0	0.0	0.0	0.0	0.000	0.000	0.000	0.0	0.0		12:42:19:459		
000:07:27.650	800.0	23.5	24.2	800.0	0.0	0.0	0.0	0.000	0.000	0.000	0.0	0.0		12:42:19:509		
000:07:27.700	800.0	23.5	24.2	800.0	0.0	0.0	0.0	0.000	0.000	0.000	0.0	0.0		12:42:19:559		
000:07:27.750	800.0	23.5	24.2	800.0	0.0	0.0	0.0	0.000	0.000	0.000	0.0	0.0		12:42:19:609		
000:07:27.800	800.0	23.5	24.2	800.0	0.0	0.0	0.0	0.000	0.000	0.000	0.0	0.0		12:42:19:659		
000:07:27.850	800.0	23.5	24.2	800.0	0.0	0.0	0.0	0.000	0.000	0.000	0.0	0.0		12:42:19:709		
000:07:27.900	800.0	23.5	24.2	800.0	0.0	0.0	0.0	0.000	0.000	0.000	0.0	0.0		12:42:19:759		
000:07:27.950	800.0	23.5	24.2	800.0	0.0	0.0	0.0	0.000	0.000	0.000	0.0	0.0		12:42:19:809		
000:07:28.000	800.0	23.5	24.2	800.0	0.0	0.0	0.0	0.000	0.000	0.000	0.0	0.0		12:42:19:859		
000:07:28.050	800.0	23.5	24.2	800.0	0.0	0.0	0.0	0.000	0.000	0.000	0.0	0.0		12:42:19:909		
000:07:28.100	800.0	23.5	24.2	800.0	0.0	0.0	0.0	0.000	0.000	0.000	0.0	0.0		12:42:19:959		
000:07:28.150	800.0	23.5	24.2	800.0	0.0	0.0	0.0	0.000	0.000	0.000	0.0	0.0		12:42:20:009		
000:07:28.200	800.0	23.5	24.2	800.0	0.0	0.0	0.0	0.000	0.000	0.000	0.0	0.0		12:42:20:059		
000:07:28.250	800.0	23.5	24.2	800.0	0.0	0.0	0.0	0.000	0.000	0.000	0.0	0.0		12:42:20:109		
000:07:28.300	800.0	23.5	24.2	800.0	0.0	0.0	0.0	0.000	0.000	0.000	0.0	0.0		12:42:20:159		
000:07:28.350	800.0	23.5	24.2	800.0	0.0	0.0	0.0	0.000	0.000	0.000	0.0	0.0		12:42:20:209		
000:07:28.400	800.0	23.5	24.2	800.0	0.0	0.0	0.0	0.000	0.000	0.000	0.0	0.0		12:42:20:259		
000:07:28.450	800.0	23.5	24.2	800.0	0.0	0.0	0.0	0.000	0.000	0.000	0.0	0.0		12:42:20:309		
000:07:28.500	800.0	23.5	24.2	800.0	0.0	0.0	0.0	0.000	0.000	0.000	0.0	0.0		12:42:20:359		
000:07:28.550	800.0	23.5	24.2	800.0	0.0	0.0	0.0	0.000	0.000	0.000	0.0	0.0		12:42:20:409		
000:07:28.600	800.0	23.5	24.2	800.0	0.0	0.0	0.0	0.000	0.000	0.000	0.0	0.0		12:42:20:459		
000:07:28.650	800.0	23.5	24.2	800.0	0.0	0.0	0.0	0.000	0.000	0.000	0.0	0.0		12:42:20:509		
000:07:28.700	800.0	23.5	24.2	800.0	0.0	0.0	0.0	0.000	0.000	0.000	0.0	0.0		12:42:20:559		
000:07:28.750	800.0	23.5	24.2	800.0	0.0	0.0	0.0	0.000	0.000	0.000	0.0	0.0		12:42:20:609		
000:07:28.800	800.0	23.5	24.2	800.0	0.0	0.0	0.0	0.000	0.000	0.000	0.0	0.0		12:42:20:659		
000:07:28.850	800.0	23.5	24.2	800.0	0.0	0.0	0.0	0.000	0.000	0.000	0.0	0.0		12:42:20:709		
000:07:28.900	800.0	23.5	24.2	800.0	0.0	0.0	0.0	0.000	0.000	0.000	0.0	0.0		12:42:20:759		
000:07:28.950	800.0	23.5	24.2	800.0	0.0	0.0	0.0	0.000	0.000	0.000	0.0	0.0		12:42:20:809		
000:07:29.000	800.0	23.5	24.2	800.0	0.0	0.0	0.0	0.000	0.000	0.000	0.0	0.0		12:42:20:859		
000:07:29.050	800.0	23.5	24.2	800.0	0.0	0.0	0.0	0.000	0.000	0.000	0.0	0.0		12:42:20:909		
000:07:29.100	800.0	23.5	24.2	800.0	0.0	0.0	0.0	0.000	0.000	0.000	0.0	0.0		12:42:20:959		
000:07:29.150	800.0	23.5	24.2	800.0	0.0	0.0	0.0	0.000	0.000	0.000	0.0	0.0		12:42:21:009		
000:07:29.200	800.0	23.5	24.2	800.0	0.0	0.0	0.0	0.000	0.000	0.000	0.0	0.0		12:42:21:059		
000:07:29.250	800.0	23.5	24.2	800.0	0.0	0.0	0.0	0.000	0.000	0.000	0.0	0.0		12:42:21:109		
000:07:29.300	800.0	23.5	24.2	800.0	0.0	0.0	0.0	0.000	0.000	0.000	0.0	0.0		12:42:21:159		
000:07:29.350	800.0	23.5	24.2	800.0	0.0	0.0	0.0	0.000	0.000	0.000	0.0	0.0		12:42:21:209		
000:07:29.400	800.0	23.5	24.2	800.0	0.0	0.0	0.0	0.000	0.000	0.000	0.0	0.0		12:42:21:259		
000:07:29.450	800.0	23.5	24.2	800.0	0.0	0.0	0.0	0.000	0.000	0.000	0.0	0.0		12:42:21:309		
000:07:29.500	800.0	23.5	24.2	800.0	0.0	0.0	0.0	0.000	0.000	0.000	0.0	0.0		12:42:21:359		
000:07:29.550	800.0	23.5	24.2	800.0	0.0	0.0	0.0	0.000	0.000	0.000	0.0	0.0		12:42:21:409		
000:07:29.600	800.0	23.5	24.2	800.0	0.0	0.0	0.0	0.000	0.000	0.000	0.0	0.0		12:42:21:459		
000:07:29.650	800.0	23.5	24.2	800.0	0.0	0.0	0.0	0.000	0.000	0.000	0.0	0.0		12:42:21:509		
000:07:29.700	800.0	23.5	24.2	800.0	0.0	0.0	0.0	0.000	0.000	0.000	0.0	0.0		12:42:21:559		
000:07:29.750	800.0	23.5	24.2	800.0	0.0	0.0	0.0	0.000	0.000	0.000	0.0	0.0		12:42:21:609		
000:07:29.800	800.0	23.5	24.2	800.0	0.0	0.0	0.0	0.000	0.000	0.000	0.0	0.0		12:42:21:659		
000:07:29.850	800.0	23.5	24.2	800.0	0.0	0.0	0.0	0.000	0.000	0.000	0.0	0.0		12:42:21:709		
000:07:29.900	800.0	23.5	24.3	800.0	0.0	0.0	0.0	0.000	0.000	0.000	0.0	0.0		12:42:21:759		
000:07:29.950	800.0	23.5	24.3	800.0	0.0	0.0	0.0	0.000	0.000	0.000	0.0	0.0		12:42:21:809		
000:07:30.000	800.0	23.5	24.3	800.0	0.0	0.0	0.0	0.000	0.000	0.000	0.0	0.0		12:42:21:859		
000:07:30.050	800.0	23.5	24.3	800.0	0.0	0.0	0.0	0.000	0.000	0.000	0.0	0.0		12:42:21:909		
000:07:30.100	800.0	23.5	24.3	800.0	0.0	0.0	0.0	0.000	0.000	0.000	0.0	0.0		12:42:21:959		
000:07:30.150	800.0	23.5	24.3	800.0	0.0	0.0	0.0	0.000	0.000	0.000	0.0	0.0		12:42:22:009		
000:07:30.200	800.0	23.5	24.3	800.0	0.0	0.0	0.0	0.000	0.000	0.000	0.0	0.0		12:42:22:059		
000:07:30.250	800.0	23.5	24.3	800.0	0.0	0.0	0.0	0.000	0.000	0.000	0.0	0.0		12:42:22:109		
000:07:30.300	800.0	23.5	24.3	800.0	0.0	0.0	0.0	0.000	0.000	0.000	0.0	0.0		12:42:22:159		
000:07:30.350	800.0	23.5	24.3	800.0	0.0	0.0	0.0	0.000	0.000	0.000	0.0	0.0		12:42:22:209		
000:07:30.400	800.0	23.5	24.3	800.0	0.0	0.0	0.0	0.000	0.000	0.000	0.0	0.0		12:42:22:259		
000:07:30.450	800.0	23.5	24.3	800.0	0.0	0.0	0.0	0.000	0.000	0.000	0.0	0.0		12:42:22:309		
000:07:30.500	800.0	23.5	24.3	800.0	0.0	0.0	0.0	0.000	0.000	0.000	0.0	0.0		12:42:22:359		
000:07:30.550	800.0	23.5	24.3	800.0	0.0	0.0	0.0	0.000	0.000	0.000	0.0	0.0		12:42:22:409		
000:07:30.600	800.0	23.5	24.3	800.0	0.0	0.0	0.0	0.000	0.000	0.000	0.0	0.0		12:42:22:459		
000:07:30.650	800.0	23.5	24.3	800.0	0.0	0.0	0.0	0.000	0.000	0.000	0.0	0.0		12:42:22:509		
000:07:30.700	800.0	23.5	24.3	800.0	0.0	0.0	0.0	0.000	0.000	0.000	0.0	0.0		12:42:22:559		
000:07:30.750	800.0	23.5	24.3	800.0	0.0	0.0	0.0	0.000	0.000	0.000	0.0	0.0		12:42:22:609		
000:07:30.800	800.0	23.5	24.3	800.0	0.0	0.0	0.0	0.000	0.000	0.000	0.0	0.0		12:42:22:659		
000:07:30.850	800.0	23.5	24.3	800.0	0.0	0.0	0.0	0.000	0.000	0.000	0.0	0.0		12:42:22:709		
000:07:30.900	800.0	23.5	24.3	800.0	0.0	0.0	0.0	0.000	0.000	0.000	0.0	0.0		12:42:22:759		
000:07:30.950	800.0	23.5	24.3	800.0	0.0	0.0	0.0	0.000	0.000	0.000	0.0	0.0		12:42:22:809		
000:07:31.000	800.0	23.5	24.3	800.0	0.0	0.0	0.0	0.000	0.000	0.000	0.0	0.0		12:42:22:859		
000:07:31.050	800.0	23.5	24.3	800.0	0.0	0.0	0.0	0.000	0.000	0.000	0.0	0.0		12:42:22:909		
000:07:31.100	800.0	23.5	24.3	800.0	0.0	0.0	0.0	0.000	0.000	0.000	0.0	0.0		12:42:22:959		
000:07:31.150	800.0	23.5	24.3	800.0	0.0	0.0	0.0	0.000	0.000	0.000	0.0	0.0		12:42:23:009		
000:07:31.200	800.0	23.5	24.3	800.0	0.0	0.0	0.0	0.000	0.000	0.000	0.0	0.0		12:42:23:059		
000:07:31.250	800.0	23.5	24.3	800.0	0.0	0.0	0.0	0.000	0.000	0.000	0.0	0.0		12:42:23:109		
000:07:31.300	800.0	23.5	24.3	800.0	0.0	0.0	0.0	0.000	0.000	0.000	0.0	0.0		12:42:23:159		
000:07:31.350	800.0	23.5	24.3	800.0	0.0	0.0	0.0	0.000	0.000	0.000	0.0	0.0		12:42:23:209		
000:07:31.400	800.0	23.5	24.3	800.0	0.0	0.0	0.0	0.000	0.000	0.000	0.0	0.0		12:42:23:259		
000:07:31.450	800.0	23.5	24.3	800.0	0.0	0.0	0.0	0.000	0.000	0.000	0.0	0.0		12:42:23:309		
000:07:31.500	800.0	23.5	24.3	800.0	0.0	0.0	0.0	0.000	0.000	0.000	0.0	0.0		12:42:23:359		
000:07:31.550	800.0	23.5	24.3	800.0	0.0	0.0	0.0	0.000	0.000	0.000	0.0	0.0		12:42:23:409		
000:07:31.600	800.0	23.5	24.3	800.0	0.0	0.0	0.0	0.000	0.000	0.000	0.0	0.0		12:42:23:459		
000:07:31.650	800.0	23.5	24.3	800.0	0.0	0.0	0.0	0.000	0.000	0.000	0.0	0.0		12:42:23:509		
000:07:31.700	800.0	23.5	24.3	800.0	0.0	0.0	0.0	0.000	0.000	0.000	0.0	0.0		12:42:23:559		
000:07:31.750	800.0	23.5	24.3	800.0	0.0	0.0	0.0	0.000	0.000	0.000	0.0	0.0		12:42:23:609		
000:07:31.800	800.0	23.5	24.3	800.0	0.0	0.0	0.0	0.000	0.000	0.000	0.0	0.0		12:42:23:659		
000:07:31.850	800.0	23.5	24.3	800.0	0.0	0.0	0.0	0.000	0.000	0.000	0.0	0.0		12:42:23:709		
000:07:31.900	800.0	23.5	24.3	800.0	0.0	0.0	0.0	0.000	0.000	0.000	0.0	0.0		12:42:23:759		
000:07:31.950	800.0	23.5	24.3	800.0	0.0	0.0	0.0	0.000	0.000	0.000	0.0	0.0		12:42:23:809		
000:07:32.000	800.0	23.5	24.3	800.0	0.0	0.0	0.0	0.000	0.000	0.000	0.0	0.0		12:42:23:859		
000:07:32.050	800.0	23.5	24.3	800.0	0.0	0.0	0.0	0.000	0.000	0.000	0.0	0.0		12:42:23:909		
000:07:32.100	800.0	23.5	24.3	800.0	0.0	0.0	0.0	0.000	0.000	0.000	0.0	0.0		12:42:23:959		
000:07:32.150	800.0	23.5	24.3	800.0	0.0	0.0	0.0	0.000	0.000	0.000	0.0	0.0		12:42:24:009		
000:07:32.200	800.0	23.5	24.3	800.0	0.0	0.0	0.0	0.000	0.000	0.000	0.0	0.0		12:42:24:059		
000:07:32.250	800.0	23.5	24.3	800.0	0.0	0.0	0.0	0.000	0.000	0.000	0.0	0.0		12:42:24:109		
000:07:32.300	800.0	23.5	24.3	800.0	0.0	0.0	0.0	0.000	0.000	0.000	0.0	0.0		12:42:24:159		
000:07:32.350	800.0	23.5	24.3	800.0	0.0	0.0	0.0	0.000	0.000	0.000	0.0	0.0		12:42:24:209		
000:07:32.400	800.0	23.5	24.3	800.0	0.0	0.0	0.0	0.000	0.000	0.000	0.0	0.0		12:42:24:259		
000:07:32.450	800.0	23.5	24.3	800.0	0.0	0.0	0.0	0.000	0.000	0.000	0.0	0.0		12:42:24:309		
000:07:32.500	800.0	23.5	24.3	800.0	0.0	0.0	0.0	0.000	0.000	0.000	0.0	0.0		12:42:24:359		
000:07:32.550	800.0	23.5	24.3	800.0	0.0	0.0	0.0	0.000	0.000	0.000	0.0	0.0		12:42:24:409		
000:07:32.600	800.0	23.5	24.3	800.0	0.0	0.0	0.0	0.000	0.000	0.000	0.0	0.0		12:42:24:459		
000:07:32.650	800.0	23.5	24.3	800.0	0.0	0.0	0.0	0.000	0.000	0.000	0.0	0.0		12:42:24:509		
000:07:32.700	800.0	23.5	24.3	800.0	0.0	0.0	0.0	0.000	0.000	0.000	0.0	0.0		12:42:24:559		
000:07:32.750	800.0	23.5	24.3	800.0	0.0	0.0	0.0	0.000	0.000	0.000	0.0	0.0		12:42:24:609		
000:07:32.800	800.0	23.5	24.3	800.0	0.0	0.0	0.0	0.000	0.000	0.000	0.0	0.0		12:42:24:659		
000:07:32.850	800.0	23.5	24.3	800.0	0.0	0.0	0.0	0.000	0.000	0.000	0.0	0.0		12:42:24:709		
000:07:32.900	800.0	23.5	24.3	800.0	0.0	0.0	0.0	0.000	0.000	0.000	0.0	0.0		12:42:24:759		
000:07:32.950	800.0	23.5	24.3	800.0	0.0	0.0	0.0	0.000	0.000	0.000	0.0	0.0		12:42:24:809		
000:07:33.000	800.0	23.5	24.3	800.0	0.0	0.0	0.0	0.000	0.000	0.000	0.0	0.0		12:42:24:859		
000:07:33.050	800.0	23.5	24.3	800.0	0.0	0.0	0.0	0.000	0.000	0.000	0.0	0.0		12:42:24:909		
000:07:33.100	800.0	23.5	24.3	800.0	0.0	0.0	0.0	0.000	0.000	0.000	0.0	0.0		12:42:24:959		
000:07:33.150	800.0	23.5	24.3	800.0	0.0	0.0	0.0	0.000	0.000	0.000	0.0	0.0		12:42:25:009		
000:07:33.200	800.0	23.5	24.3	800.0	0.0	0.0	0.0	0.000	0.000	0.000	0.0	0.0		12:42:25:059		
000:07:33.250	800.0	23.5	24.3	800.0	0.0	0.0	0.0	0.000	0.000	0.000	0.0	0.0		12:42:25:109		
000:07:33.300	800.0	23.5	24.3	800.0	0.0	0.0	0.0	0.000	0.000	0.000	0.0	0.0		12:42:25:159		
000:07:33.350	800.0	23.5	24.3	800.0	0.0	0.0	0.0	0.000	0.000	0.000	0.0	0.0		12:42:25:209		
000:07:33.400	800.0	23.5	24.3	800.0	0.0	0.0	0.0	0.000	0.000	0.000	0.0	0.0		12:42:25:259		
000:07:33.450	800.0	23.5	24.3	800.0	0.0	0.0	0.0	0.000	0.000	0.000	0.0	0.0		12:42:25:309		
000:07:33.500	800.0	23.5	24.3	800.0	0.0	0.0	0.0	0.000	0.000	0.000	0.0	0.0		12:42:25:359		
000:07:33.550	800.0	23.5	24.3	800.0	0.0	0.0	0.0	0.000	0.000	0.000	0.0	0.0		12:42:25:409		
000:07:33.600	800.0	23.5	24.3	800.0	0.0	0.0	0.0	0.000	0.000	0.000	0.0	0.0		12:42:25:459		
000:07:33.650	800.0	23.5	24.3	800.0	0.0	0.0	0.0	0.000	0.000	0.000	0.0	0.0		12:42:25:509		
000:07:33.700	800.0	23.5	24.3	800.0	0.0	0.0	0.0	0.000	0.000	0.000	0.0	0.0		12:42:25:559		
000:07:33.750	800.0	23.5	24.3	800.0	0.0	0.0	0.0	0.000	0.000	0.000	0.0	0.0		12:42:25:609		
000:07:33.800	800.0	23.5	24.3	800.0	0.0	0.0	0.0	0.000	0.000	0.000	0.0	0.0		12:42:25:659		
000:07:33.850	800.0	23.5	24.3	800.0	0.0	0.0	0.0	0.000	0.000	0.000	0.0	0.0		12:42:25:709		
000:07:33.900	800.0	23.5	24.3	800.0	0.0	0.0	0.0	0.000	0.000	0.000	0.0	0.0		12:42:25:759		
000:07:33.950	800.0	23.5	24.3	800.0	0.0	0.0	0.0	0.000	0.000	0.000	0.0	0.0		12:42:25:809		
000:07:34.000	800.0	23.5	24.3	800.0	0.0	0.0	0.0	0.000	0.000	0.000	0.0	0.0		12:42:25:859		
000:07:34.050	800.0	23.5	24.3	800.0	0.0	0.0	0.0	0.000	0.000	0.000	0.0	0.0		12:42:25:909		
000:07:34.100	800.0	23.5	24.3	800.0	0.0	0.0	0.0	0.000	0.000	0.000	0.0	0.0		12:42:25:959		
000:07:34.150	800.0	23.5	24.3	800.0	0.0	0.0	0.0	0.000	0.000	0.000	0.0	0.0		12:42:26:009		
000:07:34.200	800.0	23.5	24.3	800.0	0.0	0.0	0.0	0.000	0.000	0.000	0.0	0.0		12:42:26:059		
000:07:34.250	800.0	23.5	24.3	800.0	0.0	0.0	0.0	0.000	0.000	0.000	0.0	0.0		12:42:26:109		
000:07:34.300	800.0	23.5	24.3	800.0	0.0	0.0	0.0	0.000	0.000	0.000	0.0	0.0		12:42:26:159		
000:07:34.350	800.0	23.5	24.3	800.0	0.0	0.0	0.0	0.000	0.000	0.000	0.0	0.0		12:42:26:209		
000:07:34.400	800.0	23.5	24.3	800.0	0.0	0.0	0.0	0.000	0.000	0.000	0.0	0.0		12:42:26:259		
000:07:34.450	800.0	23.5	24.3	800.0	0.0	0.0	0.0	0.000	0.000	0.000	0.0	0.0		12:42:26:309		
000:07:34.500	800.0	23.5	24.3	800.0	0.0	0.0	0.0	0.000	0.000	0.000	0.0	0.0		12:42:26:359		
000:07:34.550	800.0	23.5	24.3	800.0	0.0	0.0	0.0	0.000	0.000	0.000	0.0	0.0		12:42:26:409		
000:07:34.600	800.0	23.5	24.3	800.0	0.0	0.0	0.0	0.000	0.000	0.000	0.0	0.0		12:42:26:459		
000:07:34.650	800.0	23.5	24.3	800.0	0.0	0.0	0.0	0.000	0.000	0.000	0.0	0.0		12:42:26:509		
000:07:34.700	800.0	23.5	24.3	800.0	0.0	0.0	0.0	0.000	0.000	0.000	0.0	0.0		12:42:26:559		
000:07:34.750	800.0	23.5	24.3	800.0	0.0	0.0	0.0	0.000	0.000	0.000	0.0	0.0		12:42:26:609		
000:07:34.800	800.0	23.5	24.3	800.0	0.0	0.0	0.0	0.000	0.000	0.000	0.0	0.0		12:42:26:659		
000:07:34.850	800.0	23.5	24.3	800.0	0.0	0.0	0.0	0.000	0.000	0.000	0.0	0.0		12:42:26:709		
000:07:34.900	800.0	23.5	24.3	800.0	0.0	0.0	0.0	0.000	0.000	0.000	0.0	0.0		12:42:26:759		
000:07:34.950	800.0	23.5	24.3	800.0	0.0	0.0	0.0	0.000	0.000	0.000	0.0	0.0		12:42:26:809		
000:07:35.000	800.0	23.5	24.3	800.0	0.0	0.0	0.0	0.000	0.000	0.000	0.0	0.0		12:42:26:859		
000:07:35.050	800.0	23.5	24.3	800.0	0.0	0.0	0.0	0.000	0.000	0.000	0.0	0.0		12:42:26:909		
000:07:35.100	800.0	23.5	24.3	800.0	0.0	0.0	0.0	0.000	0.000	0.000	0.0	0.0		12:42:26:959		
000:07:35.150	800.0	23.5	24.3	800.0	0.0	0.0	0.0	0.000	0.000	0.000	0.0	0.0		12:42:27:009		
000:07:35.200	800.0	23.5	24.3	800.0	0.0	0.0	0.0	0.000	0.000	0.000	0.0	0.0		12:42:27:059		
000:07:35.250	800.0	23.5	24.3	800.0	0.0	0.0	0.0	0.000	0.000	0.000	0.0	0.0		12:42:27:109		
000:07:35.300	800.0	23.5	24.3	800.0	0.0	0.0	0.0	0.000	0.000	0.000	0.0	0.0		12:42:27:159		
000:07:35.350	800.0	23.5	24.3	800.0	0.0	0.0	0.0	0.000	0.000	0.000	0.0	0.0		12:42:27:209		
000:07:35.400	800.0	23.5	24.3	800.0	0.0	0.0	0.0	0.000	0.000	0.000	0.0	0.0		12:42:27:259		
000:07:35.450	800.0	23.5	24.3	800.0	0.0	0.0	0.0	0.000	0.000	0.000	0.0	0.0		12:42:27:309		
000:07:35.500	800.0	23.5	24.3	800.0	0.0	0.0	0.0	0.000	0.000	0.000	0.0	0.0		12:42:27:359		
000:07:35.550	800.0	23.5	24.3	800.0	0.0	0.0	0.0	0.000	0.000	0.000	0.0	0.0		12:42:27:409		
000:07:35.600	800.0	23.5	24.3	800.0	0.0	0.0	0.0	0.000	0.000	0.000	0.0	0.0		12:42:27:459		
000:07:35.650	800.0	23.5	24.3	800.0	0.0	0.0	0.0	0.000	0.000	0.000	0.0	0.0		12:42:27:509		
000:07:35.700	800.0	23.5	24.3	800.0	0.0	0.0	0.0	0.000	0.000	0.000	0.0	0.0		12:42:27:559		
000:07:35.750	800.0	23.5	24.3	800.0	0.0	0.0	0.0	0.000	0.000	0.000	0.0	0.0		12:42:27:609		
000:07:35.800	800.0	23.5	24.3	800.0	0.0	0.0	0.0	0.000	0.000	0.000	0.0	0.0		12:42:27:659		
000:07:35.850	800.0	23.5	24.3	800.0	0.0	0.0	0.0	0.000	0.000	0.000	0.0	0.0		12:42:27:709		
000:07:35.900	800.0	23.5	24.3	800.0	0.0	0.0	0.0	0.000	0.000	0.000	0.0	0.0		12:42:27:759		
000:07:35.950	800.0	23.5	24.3	800.0	0.0	0.0	0.0	0.000	0.000	0.000	0.0	0.0		12:42:27:809		
000:07:36.000	800.0	23.5	24.3	800.0	0.0	0.0	0.0	0.000	0.000	0.000	0.0	0.0		12:42:27:859		
000:07:36.050	800.0	23.5	24.3	800.0	0.0	0.0	0.0	0.000	0.000	0.000	0.0	0.0		12:42:27:909		
000:07:36.100	800.0	23.5	24.3	800.0	0.0	0.0	0.0	0.000	0.000	0.000	0.0	0.0		12:42:27:959		
000:07:36.150	800.0	23.5	24.3	800.0	0.0	0.0	0.0	0.000	0.000	0.000	0.0	0.0		12:42:28:009		
000:07:36.200	800.0	23.5	24.3	800.0	0.0	0.0	0.0	0.000	0.000	0.000	0.0	0.0		12:42:28:059		
000:07:36.250	800.0	23.5	24.3	800.0	0.0	0.0	0.0	0.000	0.000	0.000	0.0	0.0		12:42:28:109		
000:07:36.300	800.0	23.5	24.3	800.0	0.0	0.0	0.0	0.000	0.000	0.000	0.0	0.0		12:42:28:159		
000:07:36.350	800.0	23.5	24.3	800.0	0.0	0.0	0.0	0.000	0.000	0.000	0.0	0.0		12:42:28:209		
000:07:36.400	800.0	23.5	24.3	800.0	0.0	0.0	0.0	0.000	0.000	0.000	0.0	0.0		12:42:28:259		
000:07:36.450	800.0	23.5	24.3	800.0	0.0	0.0	0.0	0.000	0.000	0.000	0.0	0.0		12:42:28:309		
000:07:36.500	800.0	23.5	24.3	800.0	0.0	0.0	0.0	0.000	0.000	0.000	0.0	0.0		12:42:28:359		
000:07:36.550	800.0	23.5	24.3	800.0	0.0	0.0	0.0	0.000	0.000	0.000	0.0	0.0		12:42:28:409		
000:07:36.600	800.0	23.5	24.3	800.0	0.0	0.0	0.0	0.000	0.000	0.000	0.0	0.0		12:42:28:459		
000:07:36.650	800.0	23.5	24.3	800.0	0.0	0.0	0.0	0.000	0.000	0.000	0.0	0.0		12:42:28:509		
000:07:36.700	800.0	23.5	24.3	800.0	0.0	0.0	0.0	0.000	0.000	0.000	0.0	0.0		12:42:28:559		
000:07:36.750	800.0	23.5	24.3	800.0	0.0	0.0	0.0	0.000	0.000	0.000	0.0	0.0		12:42:28:609		
000:07:36.800	800.0	23.5	24.3	800.0	0.0	0.0	0.0	0.000	0.000	0.000	0.0	0.0		12:42:28:659		
000:07:36.850	800.0	23.5	24.3	800.0	0.0	0.0	0.0	0.000	0.000	0.000	0.0	0.0		12:42:28:709		
000:07:36.900	800.0	23.5	24.3	800.0	0.0	0.0	0.0	0.000	0.000	0.000	0.0	0.0		12:42:28:759		
000:07:36.950	800.0	23.5	24.3	800.0	0.0	0.0	0.0	0.000	0.000	0.000	0.0	0.0		12:42:28:809		
000:07:37.000	800.0	23.5	24.3	800.0	0.0	0.0	0.0	0.000	0.000	0.000	0.0	0.0		12:42:28:859		
000:07:37.050	800.0	23.5	24.3	800.0	0.0	0.0	0.0	0.000	0.000	0.000	0.0	0.0		12:42:28:909		
000:07:37.100	800.0	23.5	24.3	800.0	0.0	0.0	0.0	0.000	0.000	0.000	0.0	0.0		12:42:28:959		
000:07:37.150	800.0	23.5	24.3	800.0	0.0	0.0	0.0	0.000	0.000	0.000	0.0	0.0		12:42:29:009		
000:07:37.200	800.0	23.5	24.3	800.0	0.0	0.0	0.0	0.000	0.000	0.000	0.0	0.0		12:42:29:059		
000:07:37.250	800.0	23.5	24.3	800.0	0.0	0.0	0.0	0.000	0.000	0.000	0.0	0.0		12:42:29:109		
000:07:37.300	800.0	23.5	24.3	800.0	0.0	0.0	0.0	0.000	0.000	0.000	0.0	0.0		12:42:29:159		
000:07:37.350	800.0	23.5	24.3	800.0	0.0	0.0	0.0	0.000	0.000	0.000	0.0	0.0		12:42:29:209		
000:07:37.400	800.0	23.5	24.3	800.0	0.0	0.0	0.0	0.000	0.000	0.000	0.0	0.0		12:42:29:259		
000:07:37.450	800.0	23.5	24.3	800.0	0.0	0.0	0.0	0.000	0.000	0.000	0.0	0.0		12:42:29:309		
000:07:37.500	800.0	23.5	24.3	800.0	0.0	0.0	0.0	0.000	0.000	0.000	0.0	0.0		12:42:29:359		
000:07:37.550	800.0	23.5	24.3	800.0	0.0	0.0	0.0	0.000	0.000	0.000	0.0	0.0		12:42:29:409		
000:07:37.600	800.0	23.5	24.3	800.0	0.0	0.0	0.0	0.000	0.000	0.000	0.0	0.0		12:42:29:459		
000:07:37.650	800.0	23.5	24.3	800.0	0.0	0.0	0.0	0.000	0.000	0.000	0.0	0.0		12:42:29:509		
000:07:37.700	800.0	23.5	24.3	800.0	0.0	0.0	0.0	0.000	0.000	0.000	0.0	0.0		12:42:29:559		
000:07:37.750	800.0	23.5	24.3	800.0	0.0	0.0	0.0	0.000	0.000	0.000	0.0	0.0		12:42:29:609		
000:07:37.800	800.0	23.5	24.3	800.0	0.0	0.0	0.0	0.000	0.000	0.000	0.0	0.0		12:42:29:659		
000:07:37.850	800.0	23.5	24.3	800.0	0.0	0.0	0.0	0.000	0.000	0.000	0.0	0.0		12:42:29:709		
000:07:37.900	800.0	23.5	24.3	800.0	0.0	0.0	0.0	0.000	0.000	0.000	0.0	0.0		12:42:29:759		
000:07:37.950	800.0	23.5	24.3	800.0	0.0	0.0	0.0	0.000	0.000	0.000	0.0	0.0		12:42:29:809		
000:07:38.000	800.0	23.5	24.3	800.0	0.0	0.0	0.0	0.000	0.000	0.000	0.0	0.0		12:42:29:859		
000:07:38.050	800.0	23.5	24.3	800.0	0.0	0.0	0.0	0.000	0.000	0.000	0.0	0.0		12:42:29:909		
000:07:38.100	800.0	23.5	24.3	800.0	0.0	0.0	0.0	0.000	0.000	0.000	0.0	0.0		12:42:29:959		
000:07:38.150	800.0	23.5	24.3	800.0	0.0	0.0	0.0	0.000	0.000	0.000	0.0	0.0		12:42:30:009		
000:07:38.200	800.0	23.5	24.3	800.0	0.0	0.0	0.0	0.000	0.000	0.000	0.0	0.0		12:42:30:059		
000:07:38.250	800.0	23.5	24.3	800.0	0.0	0.0	0.0	0.000	0.000	0.000	0.0	0.0		12:42:30:109		
000:07:38.300	800.0	23.5	24.3	800.0	0.0	0.0	0.0	0.000	0.000	0.000	0.0	0.0		12:42:30:159		
000:07:38.350	800.0	23.5	24.3	800.0	0.0	0.0	0.0	0.000	0.000	0.000	0.0	0.0		12:42:30:209		
000:07:38.400	800.0	23.5	24.3	800.0	0.0	0.0	0.0	0.000	0.000	0.000	0.0	0.0		12:42:30:259		
000:07:38.450	800.0	23.5	24.3	800.0	0.0	0.0	0.0	0.000	0.000	0.000	0.0	0.0		12:42:30:309		
000:07:38.500	800.0	23.5	24.3	800.0	0.0	0.0	0.0	0.000	0.000	0.000	0.0	0.0		12:42:30:359		
000:07:38.550	800.0	23.5	24.3	800.0	0.0	0.0	0.0	0.000	0.000	0.000	0.0	0.0		12:42:30:409		
000:07:38.600	800.0	23.5	24.3	800.0	0.0	0.0	0.0	0.000	0.000	0.000	0.0	0.0		12:42:30:459		
000:07:38.650	800.0	23.5	24.3	800.0	0.0	0.0	0.0	0.000	0.000	0.000	0.0	0.0		12:42:30:509		
000:07:38.700	800.0	23.5	24.3	800.0	0.0	0.0	0.0	0.000	0.000	0.000	0.0	0.0		12:42:30:559		
000:07:38.750	800.0	23.5	24.3	800.0	0.0	0.0	0.0	0.000	0.000	0.000	0.0	0.0		12:42:30:609		
000:07:38.800	800.0	23.5	24.3	800.0	0.0	0.0	0.0	0.000	0.000	0.000	0.0	0.0		12:42:30:659		
000:07:38.850	800.0	23.5	24.3	800.0	0.0	0.0	0.0	0.000	0.000	0.000	0.0	0.0		12:42:30:709		
000:07:38.900	800.0	23.5	24.3	800.0	0.0	0.0	0.0	0.000	0.000	0.000	0.0	0.0		12:42:30:759		
000:07:38.950	800.0	23.5	24.3	800.0	0.0	0.0	0.0	0.000	0.000	0.000	0.0	0.0		12:42:30:809		
000:07:39.000	800.0	23.5	24.3	800.0	0.0	0.0	0.0	0.000	0.000	0.000	0.0	0.0		12:42:30:859		
000:07:39.050	800.0	23.5	24.3	800.0	0.0	0.0	0.0	0.000	0.000	0.000	0.0	0.0		12:42:30:909		
000:07:39.100	800.0	23.5	24.3	800.0	0.0	0.0	0.0	0.000	0.000	0.000	0.0	0.0		12:42:30:959		
000:07:39.150	800.0	23.5	24.3	800.0	0.0	0.0	0.0	0.000	0.000	0.000	0.0	0.0		12:42:31:009		
000:07:39.200	800.0	23.5	24.3	800.0	0.0	0.0	0.0	0.000	0.000	0.000	0.0	0.0		12:42:31:059		
000:07:39.250	800.0	23.5	24.3	800.0	0.0	0.0	0.0	0.000	0.000	0.000	0.0	0.0		12:42:31:109		
000:07:39.300	800.0	23.5	24.3	800.0	0.0	0.0	0.0	0.000	0.000	0.000	0.0	0.0		12:42:31:159		
000:07:39.350	800.0	23.5	24.3	800.0	0.0	0.0	0.0	0.000	0.000	0.000	0.0	0.0		12:42:31:209		
000:07:39.400	800.0	23.5	24.3	800.0	0.0	0.0	0.0	0.000	0.000	0.000	0.0	0.0		12:42:31:259		
000:07:39.450	800.0	23.5	24.3	800.0	0.0	0.0	0.0	0.000	0.000	0.000	0.0	0.0		12:42:31:309		
000:07:39.500	800.0	23.5	24.3	800.0	0.0	0.0	0.0	0.000	0.000	0.000	0.0	0.0		12:42:31:359		
000:07:39.550	800.0	23.5	24.3	800.0	0.0	0.0	0.0	0.000	0.000	0.000	0.0	0.0		12:42:31:409		
000:07:39.600	800.0	23.5	24.3	800.0	0.0	0.0	0.0	0.000	0.000	0.000	0.0	0.0		12:42:31:459		
000:07:39.650	800.0	23.5	24.3	800.0	0.0	0.0	0.0	0.000	0.000	0.000	0.0	0.0		12:42:31:509		
000:07:39.700	800.0	23.5	24.3	800.0	0.0	0.0	0.0	0.000	0.000	0.000	0.0	0.0		12:42:31:559		
000:07:39.750	800.0	23.5	24.3	800.0	0.0	0.0	0.0	0.000	0.000	0.000	0.0	0.0		12:42:31:609		
000:07:39.800	800.0	23.5	24.3	800.0	0.0	0.0	0.0	0.000	0.000	0.000	0.0	0.0		12:42:31:659		
000:07:39.850	800.0	23.5	24.3	800.0	0.0	0.0	0.0	0.000	0.000	0.000	0.0	0.0		12:42:31:709		
000:07:39.900	800.0	23.5	24.3	800.0	0.0	0.0	0.0	0.000	0.000	0.000	0.0	0.0		12:42:31:759		
000:07:39.950	800.0	23.5	24.3	800.0	0.0	0.0	0.0	0.000	0.000	0.000	0.0	0.0		12:42:31:809		
000:07:40.000	800.0	23.5	24.3	800.0	0.0	0.0	0.0	0.000	0.000	0.000	0.0	0.0		12:42:31:859		
000:07:40.050	800.0	23.5	24.3	800.0	0.0	0.0	0.0	0.000	0.000	0.000	0.0	0.0		12:42:31:909		
000:07:40.100	800.0	23.5	24.3	800.0	0.0	0.0	0.0	0.000	0.000	0.000	0.0	0.0		12:42:31:959		
000:07:40.150	800.0	23.5	24.3	800.0	0.0	0.0	0.0	0.000	0.000	0.000	0.0	0.0		12:42:32:009		
000:07:40.200	800.0	23.5	24.3	800.0	0.0	0.0	0.0	0.000	0.000	0.000	0.0	0.0		12:42:32:059		
000:07:40.250	800.0	23.5	24.3	800.0	0.0	0.0	0.0	0.000	0.000	0.000	0.0	0.0		12:42:32:109		
000:07:40.300	800.0	23.5	24.3	800.0	0.0	0.0	0.0	0.000	0.000	0.000	0.0	0.0		12:42:32:159		
000:07:40.350	800.0	23.5	24.3	800.0	0.0	0.0	0.0	0.000	0.000	0.000	0.0	0.0		12:42:32:209		
000:07:40.400	800.0	23.5	24.3	800.0	0.0	0.0	0.0	0.000	0.000	0.000	0.0	0.0		12:42:32:259		
000:07:40.450	800.0	23.5	24.3	800.0	0.0	0.0	0.0	0.000	0.000	0.000	0.0	0.0		12:42:32:309		
000:07:40.500	800.0	23.5	24.3	800.0	0.0	0.0	0.0	0.000	0.000	0.000	0.0	0.0		12:42:32:359		
000:07:40.550	800.0	23.5	24.3	800.0	0.0	0.0	0.0	0.000	0.000	0.000	0.0	0.0		12:42:32:409		
000:07:40.600	800.0	23.5	24.3	800.0	0.0	0.0	0.0	0.000	0.000	0.000	0.0	0.0		12:42:32:459		
000:07:40.650	800.0	23.5	24.3	800.0	0.0	0.0	0.0	0.000	0.000	0.000	0.0	0.0		12:42:32:509		
000:07:40.700	800.0	23.5	24.3	800.0	0.0	0.0	0.0	0.000	0.000	0.000	0.0	0.0		12:42:32:559		
000:07:40.750	800.0	23.5	24.3	800.0	0.0	0.0	0.0	0.000	0.000	0.000	0.0	0.0		12:42:32:609		
000:07:40.800	800.0	23.5	24.3	800.0	0.0	0.0	0.0	0.000	0.000	0.000	0.0	0.0		12:42:32:659		
000:07:40.850	800.0	23.5	24.3	800.0	0.0	0.0	0.0	0.000	0.000	0.000	0.0	0.0		12:42:32:709		
000:07:40.900	800.0	23.5	24.3	800.0	0.0	0.0	0.0	0.000	0.000	0.000	0.0	0.0		12:42:32:759		
000:07:40.950	800.0	23.5	24.3	800.0	0.0	0.0	0.0	0.000	0.000	0.000	0.0	0.0		12:42:32:809		
000:07:41.000	800.0	23.5	24.3	800.0	0.0	0.0	0.0	0.000	0.000	0.000	0.0	0.0		12:42:32:859		
000:07:41.050	800.0	23.5	24.3	800.0	0.0	0.0	0.0	0.000	0.000	0.000	0.0	0.0		12:42:32:909		
000:07:41.100	800.0	23.5	24.3	800.0	0.0	0.0	0.0	0.000	0.000	0.000	0.0	0.0		12:42:32:959		
000:07:41.150	800.0	23.5	24.3	800.0	0.0	0.0	0.0	0.000	0.000	0.000	0.0	0.0		12:42:33:009		
000:07:41.200	800.0	23.5	24.3	800.0	0.0	0.0	0.0	0.000	0.000	0.000	0.0	0.0		12:42:33:059		
000:07:41.250	800.0	23.5	24.3	800.0	0.0	0.0	0.0	0.000	0.000	0.000	0.0	0.0		12:42:33:109		
000:07:41.300	800.0	23.5	24.3	800.0	0.0	0.0	0.0	0.000	0.000	0.000	0.0	0.0		12:42:33:159		
000:07:41.350	800.0	23.5	24.3	800.0	0.0	0.0	0.0	0.000	0.000	0.000	0.0	0.0		12:42:33:209		
000:07:41.400	800.0	23.5	24.3	800.0	0.0	0.0	0.0	0.000	0.000	0.000	0.0	0.0		12:42:33:259		
000:07:41.450	800.0	23.5	24.3	800.0	0.0	0.0	0.0	0.000	0.000	0.000	0.0	0.0		12:42:33:309		
000:07:41.500	800.0	23.5	24.3	800.0	0.0	0.0	0.0	0.000	0.000	0.000	0.0	0.0		12:42:33:359		
000:07:41.550	800.0	23.5	24.3	800.0	0.0	0.0	0.0	0.000	0.000	0.000	0.0	0.0		12:42:33:409		
000:07:41.600	800.0	23.5	24.3	800.0	0.0	0.0	0.0	0.000	0.000	0.000	0.0	0.0		12:42:33:459		
000:07:41.650	800.0	23.5	24.3	800.0	0.0	0.0	0.0	0.000	0.000	0.000	0.0	0.0		12:42:33:509		
000:07:41.700	800.0	23.5	24.3	800.0	0.0	0.0	0.0	0.000	0.000	0.000	0.0	0.0		12:42:33:559		
000:07:41.750	800.0	23.5	24.3	800.0	0.0	0.0	0.0	0.000	0.000	0.000	0.0	0.0		12:42:33:609		
000:07:41.800	800.0	23.5	24.3	800.0	0.0	0.0	0.0	0.000	0.000	0.000	0.0	0.0		12:42:33:659		
000:07:41.850	800.0	23.5	24.3	800.0	0.0	0.0	0.0	0.000	0.000	0.000	0.0	0.0		12:42:33:709		
000:07:41.900	800.0	23.5	24.3	800.0	0.0	0.0	0.0	0.000	0.000	0.000	0.0	0.0		12:42:33:759		
000:07:41.950	800.0	23.5	24.3	800.0	0.0	0.0	0.0	0.000	0.000	0.000	0.0	0.0		12:42:33:809		
000:07:42.000	800.0	23.5	24.3	800.0	0.0	0.0	0.0	0.000	0.000	0.000	0.0	0.0		12:42:33:859		
000:07:42.050	800.0	23.5	24.3	800.0	0.0	0.0	0.0	0.000	0.000	0.000	0.0	0.0		12:42:33:909		
000:07:42.100	800.0	23.5	24.3	800.0	0.0	0.0	0.0	0.000	0.000	0.000	0.0	0.0		12:42:33:959		
000:07:42.150	800.0	23.5	24.3	800.0	0.0	0.0	0.0	0.000	0.000	0.000	0.0	0.0		12:42:34:009		
000:07:42.200	800.0	23.5	24.3	800.0	0.0	0.0	0.0	0.000	0.000	0.000	0.0	0.0		12:42:34:059		
000:07:42.250	800.0	23.5	24.3	800.0	0.0	0.0	0.0	0.000	0.000	0.000	0.0	0.0		12:42:34:109		
000:07:42.300	800.0	23.5	24.3	800.0	0.0	0.0	0.0	0.000	0.000	0.000	0.0	0.0		12:42:34:159		
000:07:42.350	800.0	23.5	24.3	800.0	0.0	0.0	0.0	0.000	0.000	0.000	0.0	0.0		12:42:34:209		
000:07:42.400	800.0	23.5	24.3	800.0	0.0	0.0	0.0	0.000	0.000	0.000	0.0	0.0		12:42:34:259		
000:07:42.450	800.0	23.5	24.3	800.0	0.0	0.0	0.0	0.000	0.000	0.000	0.0	0.0		12:42:34:309		
000:07:42.500	800.0	23.5	24.3	800.0	0.0	0.0	0.0	0.000	0.000	0.000	0.0	0.0		12:42:34:359		
000:07:42.550	800.0	23.5	24.3	800.0	0.0	0.0	0.0	0.000	0.000	0.000	0.0	0.0		12:42:34:409		
000:07:42.600	800.0	23.5	24.3	800.0	0.0	0.0	0.0	0.000	0.000	0.000	0.0	0.0		12:42:34:459		
000:07:42.650	800.0	23.5	24.3	800.0	0.0	0.0	0.0	0.000	0.000	0.000	0.0	0.0		12:42:34:509		
000:07:42.700	800.0	23.5	24.3	800.0	0.0	0.0	0.0	0.000	0.000	0.000	0.0	0.0		12:42:34:559		
000:07:42.750	800.0	23.5	24.3	800.0	0.0	0.0	0.0	0.000	0.000	0.000	0.0	0.0		12:42:34:609		
000:07:42.800	800.0	23.5	24.3	800.0	0.0	0.0	0.0	0.000	0.000	0.000	0.0	0.0		12:42:34:659		
000:07:42.850	800.0	23.5	24.3	800.0	0.0	0.0	0.0	0.000	0.000	0.000	0.0	0.0		12:42:34:709		
000:07:42.900	800.0	23.5	24.3	800.0	0.0	0.0	0.0	0.000	0.000	0.000	0.0	0.0		12:42:34:759		
000:07:42.950	800.0	23.5	24.3	800.0	0.0	0.0	0.0	0.000	0.000	0.000	0.0	0.0		12:42:34:809		
000:07:43.000	800.0	23.5	24.3	800.0	0.0	0.0	0.0	0.000	0.000	0.000	0.0	0.0		12:42:34:859		
000:07:43.050	800.0	23.5	24.3	800.0	0.0	0.0	0.0	0.000	0.000	0.000	0.0	0.0		12:42:34:909		
000:07:43.100	800.0	23.5	24.3	800.0	0.0	0.0	0.0	0.000	0.000	0.000	0.0	0.0		12:42:34:959		
000:07:43.150	800.0	23.5	24.3	800.0	0.0	0.0	0.0	0.000	0.000	0.000	0.0	0.0		12:42:35:009		
000:07:43.200	800.0	23.5	24.3	800.0	0.0	0.0	0.0	0.000	0.000	0.000	0.0	0.0		12:42:35:059		
000:07:43.250	800.0	23.5	24.3	800.0	0.0	0.0	0.0	0.000	0.000	0.000	0.0	0.0		12:42:35:109		
000:07:43.300	800.0	23.5	24.3	800.0	0.0	0.0	0.0	0.000	0.000	0.000	0.0	0.0		12:42:35:159		
000:07:43.350	800.0	23.5	24.3	800.0	0.0	0.0	0.0	0.000	0.000	0.000	0.0	0.0		12:42:35:209		
000:07:43.400	800.0	23.5	24.3	800.0	0.0	0.0	0.0	0.000	0.000	0.000	0.0	0.0		12:42:35:259		
000:07:43.450	800.0	23.5	24.3	800.0	0.0	0.0	0.0	0.000	0.000	0.000	0.0	0.0		12:42:35:309		
000:07:43.500	800.0	23.5	24.3	800.0	0.0	0.0	0.0	0.000	0.000	0.000	0.0	0.0		12:42:35:359		
000:07:43.550	800.0	23.5	24.3	800.0	0.0	0.0	0.0	0.000	0.000	0.000	0.0	0.0		12:42:35:409		
000:07:43.600	800.0	23.5	24.3	800.0	0.0	0.0	0.0	0.000	0.000	0.000	0.0	0.0		12:42:35:459		
000:07:43.650	800.0	23.5	24.3	800.0	0.0	0.0	0.0	0.000	0.000	0.000	0.0	0.0		12:42:35:509		
000:07:43.700	800.0	23.5	24.3	800.0	0.0	0.0	0.0	0.000	0.000	0.000	0.0	0.0		12:42:35:559		
000:07:43.750	800.0	23.5	24.3	800.0	0.0	0.0	0.0	0.000	0.000	0.000	0.0	0.0		12:42:35:609		
000:07:43.800	800.0	23.5	24.3	800.0	0.0	0.0	0.0	0.000	0.000	0.000	0.0	0.0		12:42:35:659		
000:07:43.850	800.0	23.5	24.3	800.0	0.0	0.0	0.0	0.000	0.000	0.000	0.0	0.0		12:42:35:709		
000:07:43.900	800.0	23.5	24.3	800.0	0.0	0.0	0.0	0.000	0.000	0.000	0.0	0.0		12:42:35:759		
000:07:43.950	800.0	23.5	24.3	800.0	0.0	0.0	0.0	0.000	0.000	0.000	0.0	0.0		12:42:35:809		
000:07:44.000	800.0	23.5	24.3	800.0	0.0	0.0	0.0	0.000	0.000	0.000	0.0	0.0		12:42:35:859		
000:07:44.050	800.0	23.5	24.3	800.0	0.0	0.0	0.0	0.000	0.000	0.000	0.0	0.0		12:42:35:909		
000:07:44.100	800.0	23.5	24.3	800.0	0.0	0.0	0.0	0.000	0.000	0.000	0.0	0.0		12:42:35:959		
000:07:44.150	800.0	23.5	24.3	800.0	0.0	0.0	0.0	0.000	0.000	0.000	0.0	0.0		12:42:36:009		
000:07:44.200	800.0	23.5	24.3	800.0	0.0	0.0	0.0	0.000	0.000	0.000	0.0	0.0		12:42:36:059		
000:07:44.250	800.0	23.5	24.3	800.0	0.0	0.0	0.0	0.000	0.000	0.000	0.0	0.0		12:42:36:109		
000:07:44.300	800.0	23.5	24.3	800.0	0.0	0.0	0.0	0.000	0.000	0.000	0.0	0.0		12:42:36:159		
000:07:44.350	800.0	23.5	24.3	800.0	0.0	0.0	0.0	0.000	0.000	0.000	0.0	0.0		12:42:36:209		
000:07:44.400	800.0	23.5	24.3	800.0	0.0	0.0	0.0	0.000	0.000	0.000	0.0	0.0		12:42:36:259		
000:07:44.450	800.0	23.5	24.3	800.0	0.0	0.0	0.0	0.000	0.000	0.000	0.0	0.0		12:42:36:309		
000:07:44.500	800.0	23.5	24.3	800.0	0.0	0.0	0.0	0.000	0.000	0.000	0.0	0.0		12:42:36:359		
000:07:44.550	800.0	23.5	24.3	800.0	0.0	0.0	0.0	0.000	0.000	0.000	0.0	0.0		12:42:36:409		
000:07:44.600	800.0	23.5	24.3	800.0	0.0	0.0	0.0	0.000	0.000	0.000	0.0	0.0		12:42:36:459		
000:07:44.650	800.0	23.5	24.3	800.0	0.0	0.0	0.0	0.000	0.000	0.000	0.0	0.0		12:42:36:509		
000:07:44.700	800.0	23.5	24.3	800.0	0.0	0.0	0.0	0.000	0.000	0.000	0.0	0.0		12:42:36:559		
000:07:44.750	800.0	23.5	24.3	800.0	0.0	0.0	0.0	0.000	0.000	0.000	0.0	0.0		12:42:36:609		
000:07:44.800	800.0	23.5	24.3	800.0	0.0	0.0	0.0	0.000	0.000	0.000	0.0	0.0		12:42:36:659		
000:07:44.850	800.0	23.5	24.3	800.0	0.0	0.0	0.0	0.000	0.000	0.000	0.0	0.0		12:42:36:709		
000:07:44.900	800.0	23.5	24.3	800.0	0.0	0.0	0.0	0.000	0.000	0.000	0.0	0.0		12:42:36:759		
000:07:44.950	800.0	23.5	24.3	800.0	0.0	0.0	0.0	0.000	0.000	0.000	0.0	0.0		12:42:36:809		
000:07:45.000	800.0	23.5	24.3	800.0	0.0	0.0	0.0	0.000	0.000	0.000	0.0	0.0		12:42:36:859		
000:07:45.050	800.0	23.5	24.3	800.0	0.0	0.0	0.0	0.000	0.000	0.000	0.0	0.0		12:42:36:909		
000:07:45.100	800.0	23.5	24.3	800.0	0.0	0.0	0.0	0.000	0.000	0.000	0.0	0.0		12:42:36:959		
000:07:45.150	800.0	23.5	24.3	800.0	0.0	0.0	0.0	0.000	0.000	0.000	0.0	0.0		12:42:37:009		
000:07:45.200	800.0	23.5	24.3	800.0	0.0	0.0	0.0	0.000	0.000	0.000	0.0	0.0		12:42:37:059		
000:07:45.250	800.0	23.5	24.3	800.0	0.0	0.0	0.0	0.000	0.000	0.000	0.0	0.0		12:42:37:109		
000:07:45.300	800.0	23.5	24.3	800.0	0.0	0.0	0.0	0.000	0.000	0.000	0.0	0.0		12:42:37:159		
000:07:45.350	800.0	23.5	24.3	800.0	0.0	0.0	0.0	0.000	0.000	0.000	0.0	0.0		12:42:37:209		
000:07:45.400	800.0	23.5	24.3	800.0	0.0	0.0	0.0	0.000	0.000	0.000	0.0	0.0		12:42:37:259		
000:07:45.450	800.0	23.5	24.3	800.0	0.0	0.0	0.0	0.000	0.000	0.000	0.0	0.0		12:42:37:309		
000:07:45.500	800.0	23.5	24.3	800.0	0.0	0.0	0.0	0.000	0.000	0.000	0.0	0.0		12:42:37:359		
000:07:45.550	800.0	23.5	24.3	800.0	0.0	0.0	0.0	0.000	0.000	0.000	0.0	0.0		12:42:37:409		
000:07:45.600	800.0	23.5	24.3	800.0	0.0	0.0	0.0	0.000	0.000	0.000	0.0	0.0		12:42:37:459		
000:07:45.650	800.0	23.5	24.3	800.0	0.0	0.0	0.0	0.000	0.000	0.000	0.0	0.0		12:42:37:509		
000:07:45.700	800.0	23.5	24.3	800.0	0.0	0.0	0.0	0.000	0.000	0.000	0.0	0.0		12:42:37:559		
000:07:45.750	800.0	23.5	24.3	800.0	0.0	0.0	0.0	0.000	0.000	0.000	0.0	0.0		12:42:37:609		
000:07:45.800	800.0	23.5	24.3	800.0	0.0	0.0	0.0	0.000	0.000	0.000	0.0	0.0		12:42:37:659		
000:07:45.850	800.0	23.5	24.3	800.0	0.0	0.0	0.0	0.000	0.000	0.000	0.0	0.0		12:42:37:709		
000:07:45.900	800.0	23.5	24.3	800.0	0.0	0.0	0.0	0.000	0.000	0.000	0.0	0.0		12:42:37:759		
000:07:45.950	800.0	23.5	24.3	800.0	0.0	0.0	0.0	0.000	0.000	0.000	0.0	0.0		12:42:37:809		
000:07:46.000	800.0	23.5	24.3	800.0	0.0	0.0	0.0	0.000	0.000	0.000	0.0	0.0		12:42:37:859		
000:07:46.050	800.0	23.5	24.3	800.0	0.0	0.0	0.0	0.000	0.000	0.000	0.0	0.0		12:42:37:909		
000:07:46.100	800.0	23.5	24.3	800.0	0.0	0.0	0.0	0.000	0.000	0.000	0.0	0.0		12:42:37:959		
000:07:46.150	800.0	23.5	24.3	800.0	0.0	0.0	0.0	0.000	0.000	0.000	0.0	0.0		12:42:38:009		
000:07:46.200	800.0	23.5	24.3	800.0	0.0	0.0	0.0	0.000	0.000	0.000	0.0	0.0		12:42:38:059		
000:07:46.250	800.0	23.5	24.3	800.0	0.0	0.0	0.0	0.000	0.000	0.000	0.0	0.0		12:42:38:109		
000:07:46.300	800.0	23.5	24.3	800.0	0.0	0.0	0.0	0.000	0.000	0.000	0.0	0.0		12:42:38:159		
000:07:46.350	800.0	23.5	24.3	800.0	0.0	0.0	0.0	0.000	0.000	0.000	0.0	0.0		12:42:38:209		
000:07:46.400	800.0	23.5	24.3	800.0	0.0	0.0	0.0	0.000	0.000	0.000	0.0	0.0		12:42:38:259		
000:07:46.450	800.0	23.5	24.3	800.0	0.0	0.0	0.0	0.000	0.000	0.000	0.0	0.0		12:42:38:309		
000:07:46.500	800.0	23.5	24.3	800.0	0.0	0.0	0.0	0.000	0.000	0.000	0.0	0.0		12:42:38:359		
000:07:46.550	800.0	23.5	24.3	800.0	0.0	0.0	0.0	0.000	0.000	0.000	0.0	0.0		12:42:38:409		
000:07:46.600	800.0	23.5	24.3	800.0	0.0	0.0	0.0	0.000	0.000	0.000	0.0	0.0		12:42:38:459		
000:07:46.650	800.0	23.5	24.3	800.0	0.0	0.0	0.0	0.000	0.000	0.000	0.0	0.0		12:42:38:509		
000:07:46.700	800.0	23.5	24.3	800.0	0.0	0.0	0.0	0.000	0.000	0.000	0.0	0.0		12:42:38:559		
000:07:46.750	800.0	23.5	24.3	800.0	0.0	0.0	0.0	0.000	0.000	0.000	0.0	0.0		12:42:38:609		
000:07:46.800	800.0	23.5	24.3	800.0	0.0	0.0	0.0	0.000	0.000	0.000	0.0	0.0		12:42:38:659		
000:07:46.850	800.0	23.5	24.3	800.0	0.0	0.0	0.0	0.000	0.000	0.000	0.0	0.0		12:42:38:709		
000:07:46.900	800.0	23.5	24.3	800.0	0.0	0.0	0.0	0.000	0.000	0.000	0.0	0.0		12:42:38:759		
000:07:46.950	800.0	23.5	24.3	800.0	0.0	0.0	0.0	0.000	0.000	0.000	0.0	0.0		12:42:38:809		
000:07:47.000	800.0	23.5	24.3	800.0	0.0	0.0	0.0	0.000	0.000	0.000	0.0	0.0		12:42:38:859		
000:07:47.050	800.0	23.5	24.3	800.0	0.0	0.0	0.0	0.000	0.000	0.000	0.0	0.0		12:42:38:909		
000:07:47.100	800.0	23.5	24.3	800.0	0.0	0.0	0.0	0.000	0.000	0.000	0.0	0.0		12:42:38:959		
000:07:47.150	800.0	23.5	24.3	800.0	0.0	0.0	0.0	0.000	0.000	0.000	0.0	0.0		12:42:39:009		
000:07:47.200	800.0	23.5	24.3	800.0	0.0	0.0	0.0	0.000	0.000	0.000	0.0	0.0		12:42:39:059		
000:07:47.250	800.0	23.5	24.3	800.0	0.0	0.0	0.0	0.000	0.000	0.000	0.0	0.0		12:42:39:109		
000:07:47.300	800.0	23.5	24.3	800.0	0.0	0.0	0.0	0.000	0.000	0.000	0.0	0.0		12:42:39:159		
000:07:47.350	800.0	23.5	24.3	800.0	0.0	0.0	0.0	0.000	0.000	0.000	0.0	0.0		12:42:39:209		
000:07:47.400	800.0	23.5	24.3	800.0	0.0	0.0	0.0	0.000	0.000	0.000	0.0	0.0		12:42:39:259		
000:07:47.450	800.0	23.5	24.3	800.0	0.0	0.0	0.0	0.000	0.000	0.000	0.0	0.0		12:42:39:309		
000:07:47.500	800.0	23.5	24.3	800.0	0.0	0.0	0.0	0.000	0.000	0.000	0.0	0.0		12:42:39:359		
000:07:47.550	800.0	23.5	24.3	800.0	0.0	0.0	0.0	0.000	0.000	0.000	0.0	0.0		12:42:39:409		
000:07:47.600	800.0	23.5	24.3	800.0	0.0	0.0	0.0	0.000	0.000	0.000	0.0	0.0		12:42:39:459		
000:07:47.650	800.0	23.5	24.3	800.0	0.0	0.0	0.0	0.000	0.000	0.000	0.0	0.0		12:42:39:509		
000:07:47.700	800.0	23.5	24.3	800.0	0.0	0.0	0.0	0.000	0.000	0.000	0.0	0.0		12:42:39:559		
000:07:47.750	800.0	23.5	24.3	800.0	0.0	0.0	0.0	0.000	0.000	0.000	0.0	0.0		12:42:39:609		
000:07:47.800	800.0	23.5	24.3	800.0	0.0	0.0	0.0	0.000	0.000	0.000	0.0	0.0		12:42:39:659		
000:07:47.850	800.0	23.5	24.3	800.0	0.0	0.0	0.0	0.000	0.000	0.000	0.0	0.0		12:42:39:709		
000:07:47.900	800.0	23.5	24.3	800.0	0.0	0.0	0.0	0.000	0.000	0.000	0.0	0.0		12:42:39:759		
000:07:47.950	800.0	23.5	24.3	800.0	0.0	0.0	0.0	0.000	0.000	0.000	0.0	0.0		12:42:39:809		
000:07:48.000	800.0	23.5	24.3	800.0	0.0	0.0	0.0	0.000	0.000	0.000	0.0	0.0		12:42:39:859		
000:07:48.050	800.0	23.5	24.3	800.0	0.0	0.0	0.0	0.000	0.000	0.000	0.0	0.0		12:42:39:909		
000:07:48.100	800.0	23.5	24.3	800.0	0.0	0.0	0.0	0.000	0.000	0.000	0.0	0.0		12:42:39:959		
000:07:48.150	800.0	23.5	24.3	800.0	0.0	0.0	0.0	0.000	0.000	0.000	0.0	0.0		12:42:40:009		
000:07:48.200	800.0	23.5	24.3	800.0	0.0	0.0	0.0	0.000	0.000	0.000	0.0	0.0		12:42:40:059		
000:07:48.250	800.0	23.5	24.3	800.0	0.0	0.0	0.0	0.000	0.000	0.000	0.0	0.0		12:42:40:109		
000:07:48.300	800.0	23.5	24.3	800.0	0.0	0.0	0.0	0.000	0.000	0.000	0.0	0.0		12:42:40:159		
000:07:48.350	800.0	23.5	24.3	800.0	0.0	0.0	0.0	0.000	0.000	0.000	0.0	0.0		12:42:40:209		
000:07:48.400	800.0	23.5	24.3	800.0	0.0	0.0	0.0	0.000	0.000	0.000	0.0	0.0		12:42:40:259		
000:07:48.450	800.0	23.5	24.3	800.0	0.0	0.0	0.0	0.000	0.000	0.000	0.0	0.0		12:42:40:309		
000:07:48.500	800.0	23.5	24.3	800.0	0.0	0.0	0.0	0.000	0.000	0.000	0.0	0.0		12:42:40:359		
000:07:48.550	800.0	23.5	24.3	800.0	0.0	0.0	0.0	0.000	0.000	0.000	0.0	0.0		12:42:40:409		
000:07:48.600	800.0	23.5	24.3	800.0	0.0	0.0	0.0	0.000	0.000	0.000	0.0	0.0		12:42:40:459		
000:07:48.650	800.0	23.5	24.3	800.0	0.0	0.0	0.0	0.000	0.000	0.000	0.0	0.0		12:42:40:509		
000:07:48.700	800.0	23.5	24.3	800.0	0.0	0.0	0.0	0.000	0.000	0.000	0.0	0.0		12:42:40:559		
000:07:48.750	800.0	23.5	24.3	800.0	0.0	0.0	0.0	0.000	0.000	0.000	0.0	0.0		12:42:40:609		
000:07:48.800	800.0	23.5	24.3	800.0	0.0	0.0	0.0	0.000	0.000	0.000	0.0	0.0		12:42:40:659		
000:07:48.850	800.0	23.5	24.3	800.0	0.0	0.0	0.0	0.000	0.000	0.000	0.0	0.0		12:42:40:709		
000:07:48.900	800.0	23.5	24.3	800.0	0.0	0.0	0.0	0.000	0.000	0.000	0.0	0.0		12:42:40:759		
000:07:48.950	800.0	23.5	24.3	800.0	0.0	0.0	0.0	0.000	0.000	0.000	0.0	0.0		12:42:40:809		
000:07:49.000	800.0	23.5	24.3	800.0	0.0	0.0	0.0	0.000	0.000	0.000	0.0	0.0		12:42:40:859		
000:07:49.050	800.0	23.5	24.3	800.0	0.0	0.0	0.0	0.000	0.000	0.000	0.0	0.0		12:42:40:909		
000:07:49.100	800.0	23.5	24.3	800.0	0.0	0.0	0.0	0.000	0.000	0.000	0.0	0.0		12:42:40:959		
000:07:49.150	800.0	23.5	24.3	800.0	0.0	0.0	0.0	0.000	0.000	0.000	0.0	0.0		12:42:41:009		
000:07:49.200	800.0	23.5	24.3	800.0	0.0	0.0	0.0	0.000	0.000	0.000	0.0	0.0		12:42:41:059		
000:07:49.250	800.0	23.5	24.3	800.0	0.0	0.0	0.0	0.000	0.000	0.000	0.0	0.0		12:42:41:109		
000:07:49.300	800.0	23.5	24.3	800.0	0.0	0.0	0.0	0.000	0.000	0.000	0.0	0.0		12:42:41:159		
000:07:49.350	800.0	23.5	24.3	800.0	0.0	0.0	0.0	0.000	0.000	0.000	0.0	0.0		12:42:41:209		
000:07:49.400	800.0	23.5	24.3	800.0	0.0	0.0	0.0	0.000	0.000	0.000	0.0	0.0		12:42:41:259		
000:07:49.450	800.0	23.5	24.3	800.0	0.0	0.0	0.0	0.000	0.000	0.000	0.0	0.0		12:42:41:309		
000:07:49.500	800.0	23.5	24.3	800.0	0.0	0.0	0.0	0.000	0.000	0.000	0.0	0.0		12:42:41:359		
000:07:49.550	800.0	23.5	24.3	800.0	0.0	0.0	0.0	0.000	0.000	0.000	0.0	0.0		12:42:41:409		
000:07:49.600	800.0	23.5	24.3	800.0	0.0	0.0	0.0	0.000	0.000	0.000	0.0	0.0		12:42:41:459		
000:07:49.650	800.0	23.5	24.3	800.0	0.0	0.0	0.0	0.000	0.000	0.000	0.0	0.0		12:42:41:509		
000:07:49.700	800.0	23.5	24.3	800.0	0.0	0.0	0.0	0.000	0.000	0.000	0.0	0.0		12:42:41:559		
000:07:49.750	800.0	23.5	24.3	800.0	0.0	0.0	0.0	0.000	0.000	0.000	0.0	0.0		12:42:41:609		
000:07:49.800	800.0	23.5	24.3	800.0	0.0	0.0	0.0	0.000	0.000	0.000	0.0	0.0		12:42:41:659		
000:07:49.850	800.0	23.5	24.3	800.0	0.0	0.0	0.0	0.000	0.000	0.000	0.0	0.0		12:42:41:709		
000:07:49.900	800.0	23.5	24.3	800.0	0.0	0.0	0.0	0.000	0.000	0.000	0.0	0.0		12:42:41:759		
000:07:49.950	800.0	23.5	24.3	800.0	0.0	0.0	0.0	0.000	0.000	0.000	0.0	0.0		12:42:41:809		
000:07:50.000	800.0	23.5	24.3	800.0	0.0	0.0	0.0	0.000	0.000	0.000	0.0	0.0		12:42:41:859		
000:07:50.050	800.0	23.5	24.3	800.0	0.0	0.0	0.0	0.000	0.000	0.000	0.0	0.0		12:42:41:909		
000:07:50.100	800.0	23.5	24.3	800.0	0.0	0.0	0.0	0.000	0.000	0.000	0.0	0.0		12:42:41:959		
000:07:50.150	800.0	23.5	24.3	800.0	0.0	0.0	0.0	0.000	0.000	0.000	0.0	0.0		12:42:42:009		
000:07:50.200	800.0	23.5	24.3	800.0	0.0	0.0	0.0	0.000	0.000	0.000	0.0	0.0		12:42:42:059		
000:07:50.250	800.0	23.5	24.3	800.0	0.0	0.0	0.0	0.000	0.000	0.000	0.0	0.0		12:42:42:109		
000:07:50.300	800.0	23.5	24.3	800.0	0.0	0.0	0.0	0.000	0.000	0.000	0.0	0.0		12:42:42:159		
000:07:50.350	800.0	23.5	24.3	800.0	0.0	0.0	0.0	0.000	0.000	0.000	0.0	0.0		12:42:42:209		
000:07:50.400	800.0	23.5	24.3	800.0	0.0	0.0	0.0	0.000	0.000	0.000	0.0	0.0		12:42:42:259		
000:07:50.450	800.0	23.5	24.3	800.0	0.0	0.0	0.0	0.000	0.000	0.000	0.0	0.0		12:42:42:309		
000:07:50.500	800.0	23.5	24.3	800.0	0.0	0.0	0.0	0.000	0.000	0.000	0.0	0.0		12:42:42:359		
000:07:50.550	800.0	23.5	24.3	800.0	0.0	0.0	0.0	0.000	0.000	0.000	0.0	0.0		12:42:42:409		
000:07:50.600	800.0	23.5	24.3	800.0	0.0	0.0	0.0	0.000	0.000	0.000	0.0	0.0		12:42:42:459		
000:07:50.650	800.0	23.5	24.3	800.0	0.0	0.0	0.0	0.000	0.000	0.000	0.0	0.0		12:42:42:509		
000:07:50.700	800.0	23.5	24.3	800.0	0.0	0.0	0.0	0.000	0.000	0.000	0.0	0.0		12:42:42:559		
000:07:50.750	800.0	23.5	24.3	800.0	0.0	0.0	0.0	0.000	0.000	0.000	0.0	0.0		12:42:42:609		
000:07:50.800	800.0	23.5	24.3	800.0	0.0	0.0	0.0	0.000	0.000	0.000	0.0	0.0		12:42:42:659		
000:07:50.850	800.0	23.5	24.3	800.0	0.0	0.0	0.0	0.000	0.000	0.000	0.0	0.0		12:42:42:709		
000:07:50.900	800.0	23.5	24.3	800.0	0.0	0.0	0.0	0.000	0.000	0.000	0.0	0.0		12:42:42:759		
000:07:50.950	800.0	23.5	24.3	800.0	0.0	0.0	0.0	0.000	0.000	0.000	0.0	0.0		12:42:42:809		
000:07:51.000	800.0	23.5	24.3	800.0	0.0	0.0	0.0	0.000	0.000	0.000	0.0	0.0		12:42:42:859		
000:07:51.050	800.0	23.5	24.3	800.0	0.0	0.0	0.0	0.000	0.000	0.000	0.0	0.0		12:42:42:909		
000:07:51.100	800.0	23.5	24.3	800.0	0.0	0.0	0.0	0.000	0.000	0.000	0.0	0.0		12:42:42:959		
000:07:51.150	800.0	23.5	24.3	800.0	0.0	0.0	0.0	0.000	0.000	0.000	0.0	0.0		12:42:43:009		
000:07:51.200	800.0	23.5	24.3	800.0	0.0	0.0	0.0	0.000	0.000	0.000	0.0	0.0		12:42:43:059		
000:07:51.250	800.0	23.5	24.3	800.0	0.0	0.0	0.0	0.000	0.000	0.000	0.0	0.0		12:42:43:109		
000:07:51.300	800.0	23.5	24.3	800.0	0.0	0.0	0.0	0.000	0.000	0.000	0.0	0.0		12:42:43:159		
000:07:51.350	800.0	23.5	24.3	800.0	0.0	0.0	0.0	0.000	0.000	0.000	0.0	0.0		12:42:43:209		
000:07:51.400	800.0	23.5	24.4	800.0	0.0	0.0	0.0	0.000	0.000	0.000	0.0	0.0		12:42:43:259		
000:07:51.450	800.0	23.5	24.4	800.0	0.0	0.0	0.0	0.000	0.000	0.000	0.0	0.0		12:42:43:309		
000:07:51.500	800.0	23.5	24.4	800.0	0.0	0.0	0.0	0.000	0.000	0.000	0.0	0.0		12:42:43:359		
000:07:51.550	800.0	23.5	24.4	800.0	0.0	0.0	0.0	0.000	0.000	0.000	0.0	0.0		12:42:43:409		
000:07:51.600	800.0	23.5	24.4	800.0	0.0	0.0	0.0	0.000	0.000	0.000	0.0	0.0		12:42:43:459		
000:07:51.650	800.0	23.5	24.4	800.0	0.0	0.0	0.0	0.000	0.000	0.000	0.0	0.0		12:42:43:509		
000:07:51.700	800.0	23.5	24.4	800.0	0.0	0.0	0.0	0.000	0.000	0.000	0.0	0.0		12:42:43:559		
000:07:51.750	800.0	23.5	24.4	800.0	0.0	0.0	0.0	0.000	0.000	0.000	0.0	0.0		12:42:43:609		
000:07:51.800	800.0	23.5	24.4	800.0	0.0	0.0	0.0	0.000	0.000	0.000	0.0	0.0		12:42:43:659		
000:07:51.850	800.0	23.5	24.4	800.0	0.0	0.0	0.0	0.000	0.000	0.000	0.0	0.0		12:42:43:709		
000:07:51.900	800.0	23.5	24.4	800.0	0.0	0.0	0.0	0.000	0.000	0.000	0.0	0.0		12:42:43:759		
000:07:51.950	800.0	23.5	24.4	800.0	0.0	0.0	0.0	0.000	0.000	0.000	0.0	0.0		12:42:43:809		
000:07:52.000	800.0	23.5	24.4	800.0	0.0	0.0	0.0	0.000	0.000	0.000	0.0	0.0		12:42:43:859		
000:07:52.050	800.0	23.5	24.4	800.0	0.0	0.0	0.0	0.000	0.000	0.000	0.0	0.0		12:42:43:909		
000:07:52.100	800.0	23.5	24.4	800.0	0.0	0.0	0.0	0.000	0.000	0.000	0.0	0.0		12:42:43:959		
000:07:52.150	800.0	23.5	24.4	800.0	0.0	0.0	0.0	0.000	0.000	0.000	0.0	0.0		12:42:44:009		
000:07:52.200	800.0	23.5	24.4	800.0	0.0	0.0	0.0	0.000	0.000	0.000	0.0	0.0		12:42:44:059		
000:07:52.250	800.0	23.5	24.4	800.0	0.0	0.0	0.0	0.000	0.000	0.000	0.0	0.0		12:42:44:109		
000:07:52.300	800.0	23.5	24.4	800.0	0.0	0.0	0.0	0.000	0.000	0.000	0.0	0.0		12:42:44:159		
000:07:52.350	800.0	23.5	24.4	800.0	0.0	0.0	0.0	0.000	0.000	0.000	0.0	0.0		12:42:44:209		
000:07:52.400	800.0	23.5	24.3	800.0	0.0	0.0	0.0	0.000	0.000	0.000	0.0	0.0		12:42:44:259		
000:07:52.450	800.0	23.5	24.3	800.0	0.0	0.0	0.0	0.000	0.000	0.000	0.0	0.0		12:42:44:309		
000:07:52.500	800.0	23.5	24.3	800.0	0.0	0.0	0.0	0.000	0.000	0.000	0.0	0.0		12:42:44:359		
000:07:52.550	800.0	23.5	24.3	800.0	0.0	0.0	0.0	0.000	0.000	0.000	0.0	0.0		12:42:44:409		
000:07:52.600	800.0	23.5	24.3	800.0	0.0	0.0	0.0	0.000	0.000	0.000	0.0	0.0		12:42:44:459		
000:07:52.650	800.0	23.5	24.3	800.0	0.0	0.0	0.0	0.000	0.000	0.000	0.0	0.0		12:42:44:509		
000:07:52.700	800.0	23.5	24.3	800.0	0.0	0.0	0.0	0.000	0.000	0.000	0.0	0.0		12:42:44:559		
000:07:52.750	800.0	23.5	24.3	800.0	0.0	0.0	0.0	0.000	0.000	0.000	0.0	0.0		12:42:44:609		
000:07:52.800	800.0	23.5	24.3	800.0	0.0	0.0	0.0	0.000	0.000	0.000	0.0	0.0		12:42:44:659		
000:07:52.850	800.0	23.5	24.3	800.0	0.0	0.0	0.0	0.000	0.000	0.000	0.0	0.0		12:42:44:709		
000:07:52.900	800.0	23.5	24.3	800.0	0.0	0.0	0.0	0.000	0.000	0.000	0.0	0.0		12:42:44:759		
000:07:52.950	800.0	23.5	24.3	800.0	0.0	0.0	0.0	0.000	0.000	0.000	0.0	0.0		12:42:44:809		
000:07:53.000	800.0	23.5	24.3	800.0	0.0	0.0	0.0	0.000	0.000	0.000	0.0	0.0		12:42:44:859		
000:07:53.050	800.0	23.5	24.3	800.0	0.0	0.0	0.0	0.000	0.000	0.000	0.0	0.0		12:42:44:909		
000:07:53.100	800.0	23.5	24.3	800.0	0.0	0.0	0.0	0.000	0.000	0.000	0.0	0.0		12:42:44:959		
000:07:53.150	800.0	23.5	24.3	800.0	0.0	0.0	0.0	0.000	0.000	0.000	0.0	0.0		12:42:45:009		
000:07:53.200	800.0	23.5	24.3	800.0	0.0	0.0	0.0	0.000	0.000	0.000	0.0	0.0		12:42:45:059		
000:07:53.250	800.0	23.5	24.3	800.0	0.0	0.0	0.0	0.000	0.000	0.000	0.0	0.0		12:42:45:109		
000:07:53.300	800.0	23.5	24.3	800.0	0.0	0.0	0.0	0.000	0.000	0.000	0.0	0.0		12:42:45:159		
000:07:53.350	800.0	23.5	24.3	800.0	0.0	0.0	0.0	0.000	0.000	0.000	0.0	0.0		12:42:45:209		
000:07:53.400	800.0	23.5	24.3	800.0	0.0	0.0	0.0	0.000	0.000	0.000	0.0	0.0		12:42:45:259		
000:07:53.450	800.0	23.5	24.4	800.0	0.0	0.0	0.0	0.000	0.000	0.000	0.0	0.0		12:42:45:309		
000:07:53.500	800.0	23.5	24.4	800.0	0.0	0.0	0.0	0.000	0.000	0.000	0.0	0.0		12:42:45:359		
000:07:53.550	800.0	23.5	24.4	800.0	0.0	0.0	0.0	0.000	0.000	0.000	0.0	0.0		12:42:45:409		
000:07:53.600	800.0	23.5	24.4	800.0	0.0	0.0	0.0	0.000	0.000	0.000	0.0	0.0		12:42:45:459		
000:07:53.650	800.0	23.5	24.4	800.0	0.0	0.0	0.0	0.000	0.000	0.000	0.0	0.0		12:42:45:509		
000:07:53.700	800.0	23.5	24.4	800.0	0.0	0.0	0.0	0.000	0.000	0.000	0.0	0.0		12:42:45:559		
000:07:53.750	800.0	23.5	24.4	800.0	0.0	0.0	0.0	0.000	0.000	0.000	0.0	0.0		12:42:45:609		
000:07:53.800	800.0	23.5	24.4	800.0	0.0	0.0	0.0	0.000	0.000	0.000	0.0	0.0		12:42:45:659		
000:07:53.850	800.0	23.5	24.4	800.0	0.0	0.0	0.0	0.000	0.000	0.000	0.0	0.0		12:42:45:709		
000:07:53.900	800.0	23.5	24.4	800.0	0.0	0.0	0.0	0.000	0.000	0.000	0.0	0.0		12:42:45:759		
000:07:53.950	800.0	23.5	24.4	800.0	0.0	0.0	0.0	0.000	0.000	0.000	0.0	0.0		12:42:45:809		
000:07:54.000	800.0	23.5	24.4	800.0	0.0	0.0	0.0	0.000	0.000	0.000	0.0	0.0		12:42:45:859		
000:07:54.050	800.0	23.5	24.4	800.0	0.0	0.0	0.0	0.000	0.000	0.000	0.0	0.0		12:42:45:909		
000:07:54.100	800.0	23.5	24.4	800.0	0.0	0.0	0.0	0.000	0.000	0.000	0.0	0.0		12:42:45:959		
000:07:54.150	800.0	23.5	24.4	800.0	0.0	0.0	0.0	0.000	0.000	0.000	0.0	0.0		12:42:46:009		
000:07:54.200	800.0	23.5	24.4	800.0	0.0	0.0	0.0	0.000	0.000	0.000	0.0	0.0		12:42:46:059		
000:07:54.250	800.0	23.5	24.4	800.0	0.0	0.0	0.0	0.000	0.000	0.000	0.0	0.0		12:42:46:109		
000:07:54.300	800.0	23.5	24.4	800.0	0.0	0.0	0.0	0.000	0.000	0.000	0.0	0.0		12:42:46:159		
000:07:54.350	800.0	23.5	24.4	800.0	0.0	0.0	0.0	0.000	0.000	0.000	0.0	0.0		12:42:46:209		
000:07:54.400	800.0	23.5	24.4	800.0	0.0	0.0	0.0	0.000	0.000	0.000	0.0	0.0		12:42:46:259		
000:07:54.450	800.0	23.5	24.4	800.0	0.0	0.0	0.0	0.000	0.000	0.000	0.0	0.0		12:42:46:309		
000:07:54.500	800.0	23.6	24.4	800.0	0.0	0.0	0.0	0.000	0.000	0.000	0.0	0.0		12:42:46:359		
000:07:54.550	800.0	23.6	24.4	800.0	0.0	0.0	0.0	0.000	0.000	0.000	0.0	0.0		12:42:46:409		
000:07:54.600	800.0	23.6	24.4	800.0	0.0	0.0	0.0	0.000	0.000	0.000	0.0	0.0		12:42:46:459		
000:07:54.650	800.0	23.6	24.4	800.0	0.0	0.0	0.0	0.000	0.000	0.000	0.0	0.0		12:42:46:509		
000:07:54.700	800.0	23.6	24.4	800.0	0.0	0.0	0.0	0.000	0.000	0.000	0.0	0.0		12:42:46:559		
000:07:54.750	800.0	23.6	24.4	800.0	0.0	0.0	0.0	0.000	0.000	0.000	0.0	0.0		12:42:46:609		
000:07:54.800	800.0	23.6	24.4	800.0	0.0	0.0	0.0	0.000	0.000	0.000	0.0	0.0		12:42:46:659		
000:07:54.850	800.0	23.6	24.4	800.0	0.0	0.0	0.0	0.000	0.000	0.000	0.0	0.0		12:42:46:709		
000:07:54.900	800.0	23.6	24.4	800.0	0.0	0.0	0.0	0.000	0.000	0.000	0.0	0.0		12:42:46:759		
000:07:54.950	800.0	23.6	24.4	800.0	0.0	0.0	0.0	0.000	0.000	0.000	0.0	0.0		12:42:46:809		
000:07:55.000	800.0	23.6	24.4	800.0	0.0	0.0	0.0	0.000	0.000	0.000	0.0	0.0		12:42:46:859		
000:07:55.050	800.0	23.6	24.4	800.0	0.0	0.0	0.0	0.000	0.000	0.000	0.0	0.0		12:42:46:909		
000:07:55.100	800.0	23.6	24.4	800.0	0.0	0.0	0.0	0.000	0.000	0.000	0.0	0.0		12:42:46:959		
000:07:55.150	800.0	23.6	24.4	800.0	0.0	0.0	0.0	0.000	0.000	0.000	0.0	0.0		12:42:47:009		
000:07:55.200	800.0	23.6	24.4	800.0	0.0	0.0	0.0	0.000	0.000	0.000	0.0	0.0		12:42:47:059		
000:07:55.250	800.0	23.6	24.4	800.0	0.0	0.0	0.0	0.000	0.000	0.000	0.0	0.0		12:42:47:109		
000:07:55.300	800.0	23.6	24.4	800.0	0.0	0.0	0.0	0.000	0.000	0.000	0.0	0.0		12:42:47:159		
000:07:55.350	800.0	23.6	24.4	800.0	0.0	0.0	0.0	0.000	0.000	0.000	0.0	0.0		12:42:47:209		
000:07:55.400	800.0	23.6	24.4	800.0	0.0	0.0	0.0	0.000	0.000	0.000	0.0	0.0		12:42:47:259		
000:07:55.450	800.0	23.6	24.4	800.0	0.0	0.0	0.0	0.000	0.000	0.000	0.0	0.0		12:42:47:309		
000:07:55.500	800.0	23.6	24.4	800.0	0.0	0.0	0.0	0.000	0.000	0.000	0.0	0.0		12:42:47:359		
000:07:55.550	800.0	23.6	24.4	800.0	0.0	0.0	0.0	0.000	0.000	0.000	0.0	0.0		12:42:47:409		
000:07:55.600	800.0	23.6	24.4	800.0	0.0	0.0	0.0	0.000	0.000	0.000	0.0	0.0		12:42:47:459		
000:07:55.650	800.0	23.6	24.4	800.0	0.0	0.0	0.0	0.000	0.000	0.000	0.0	0.0		12:42:47:509		
000:07:55.700	800.0	23.6	24.4	800.0	0.0	0.0	0.0	0.000	0.000	0.000	0.0	0.0		12:42:47:559		
000:07:55.750	800.0	23.6	24.4	800.0	0.0	0.0	0.0	0.000	0.000	0.000	0.0	0.0		12:42:47:609		
000:07:55.800	800.0	23.6	24.4	800.0	0.0	0.0	0.0	0.000	0.000	0.000	0.0	0.0		12:42:47:659		
000:07:55.850	800.0	23.6	24.4	800.0	0.0	0.0	0.0	0.000	0.000	0.000	0.0	0.0		12:42:47:709		
000:07:55.900	800.0	23.6	24.4	800.0	0.0	0.0	0.0	0.000	0.000	0.000	0.0	0.0		12:42:47:759		
000:07:55.950	800.0	23.6	24.4	800.0	0.0	0.0	0.0	0.000	0.000	0.000	0.0	0.0		12:42:47:809		
000:07:56.000	800.0	23.6	24.4	800.0	0.0	0.0	0.0	0.000	0.000	0.000	0.0	0.0		12:42:47:859		
000:07:56.050	800.0	23.6	24.4	800.0	0.0	0.0	0.0	0.000	0.000	0.000	0.0	0.0		12:42:47:909		
000:07:56.100	800.0	23.6	24.4	800.0	0.0	0.0	0.0	0.000	0.000	0.000	0.0	0.0		12:42:47:959		
000:07:56.150	800.0	23.6	24.4	800.0	0.0	0.0	0.0	0.000	0.000	0.000	0.0	0.0		12:42:48:009		
000:07:56.200	800.0	23.6	24.4	800.0	0.0	0.0	0.0	0.000	0.000	0.000	0.0	0.0		12:42:48:059		
000:07:56.250	800.0	23.6	24.4	800.0	0.0	0.0	0.0	0.000	0.000	0.000	0.0	0.0		12:42:48:109		
000:07:56.300	800.0	23.6	24.4	800.0	0.0	0.0	0.0	0.000	0.000	0.000	0.0	0.0		12:42:48:159		
000:07:56.350	800.0	23.6	24.4	800.0	0.0	0.0	0.0	0.000	0.000	0.000	0.0	0.0		12:42:48:209		
000:07:56.400	800.0	23.6	24.4	800.0	0.0	0.0	0.0	0.000	0.000	0.000	0.0	0.0		12:42:48:259		
000:07:56.450	800.0	23.6	24.4	800.0	0.0	0.0	0.0	0.000	0.000	0.000	0.0	0.0		12:42:48:309		
000:07:56.500	800.0	23.6	24.4	800.0	0.0	0.0	0.0	0.000	0.000	0.000	0.0	0.0		12:42:48:359		
000:07:56.550	800.0	23.6	24.4	800.0	0.0	0.0	0.0	0.000	0.000	0.000	0.0	0.0		12:42:48:409		
000:07:56.600	800.0	23.6	24.4	800.0	0.0	0.0	0.0	0.000	0.000	0.000	0.0	0.0		12:42:48:459		
000:07:56.650	800.0	23.6	24.4	800.0	0.0	0.0	0.0	0.000	0.000	0.000	0.0	0.0		12:42:48:509		
000:07:56.700	800.0	23.6	24.4	800.0	0.0	0.0	0.0	0.000	0.000	0.000	0.0	0.0		12:42:48:559		
000:07:56.750	800.0	23.6	24.4	800.0	0.0	0.0	0.0	0.000	0.000	0.000	0.0	0.0		12:42:48:609		
000:07:56.800	800.0	23.6	24.4	800.0	0.0	0.0	0.0	0.000	0.000	0.000	0.0	0.0		12:42:48:659		
000:07:56.850	800.0	23.6	24.4	800.0	0.0	0.0	0.0	0.000	0.000	0.000	0.0	0.0		12:42:48:709		
000:07:56.900	800.0	23.6	24.4	800.0	0.0	0.0	0.0	0.000	0.000	0.000	0.0	0.0		12:42:48:759		
000:07:56.950	800.0	23.6	24.4	800.0	0.0	0.0	0.0	0.000	0.000	0.000	0.0	0.0		12:42:48:809		
000:07:57.000	800.0	23.6	24.4	800.0	0.0	0.0	0.0	0.000	0.000	0.000	0.0	0.0		12:42:48:859		
000:07:57.050	800.0	23.6	24.4	800.0	0.0	0.0	0.0	0.000	0.000	0.000	0.0	0.0		12:42:48:909		
000:07:57.100	800.0	23.6	24.4	800.0	0.0	0.0	0.0	0.000	0.000	0.000	0.0	0.0		12:42:48:959		
000:07:57.150	800.0	23.6	24.4	800.0	0.0	0.0	0.0	0.000	0.000	0.000	0.0	0.0		12:42:49:009		
000:07:57.200	800.0	23.6	24.4	800.0	0.0	0.0	0.0	0.000	0.000	0.000	0.0	0.0		12:42:49:059		
000:07:57.250	800.0	23.6	24.4	800.0	0.0	0.0	0.0	0.000	0.000	0.000	0.0	0.0		12:42:49:109		
000:07:57.300	800.0	23.6	24.4	800.0	0.0	0.0	0.0	0.000	0.000	0.000	0.0	0.0		12:42:49:159		
000:07:57.350	800.0	23.6	24.4	800.0	0.0	0.0	0.0	0.000	0.000	0.000	0.0	0.0		12:42:49:209		
000:07:57.400	800.0	23.6	24.4	800.0	0.0	0.0	0.0	0.000	0.000	0.000	0.0	0.0		12:42:49:259		
---------------------------------
End of File
