Date  4.11.2024
time  09:38:03
#_Alloy  1
type_of_Glass  1
#_bobbin  0
time_seconds  length  Z  Phase  R  C  pressure  winding_Speed  speed_of_feeding_glass  power_of_generator_percent
0.079  0.128805  1904.64  90.0296  0.983  0.38  0.4  53  2.5616  0
0.128  0.128805  1938.64  94.5768  154.694  0.37  0.4  53  2.5616  0
0.176  0.128805  1999.46  90.0116  0.405  0.36  0.4  53  2.5616  0
0.225  0.128805  2034.94  89.9666  1.187  0.36  0.4  53  2.5616  0
0.274  0.257611  1937.71  95.9854  202.055  0.38  0.4  53  2.5616  0
0.323  0.257611  1969.88  89.8441  5.358  0.37  0.4  53  2.5616  0
0.372  0.257611  1939.21  94.9867  168.566  0.37  0.4  53  2.5616  0
0.42  0.386416  1917.32  96.3853  213.232  0.38  0.4  53  2.5616  0
0.469  0.386416  1889.92  94.0112  132.202  0.38  0.4  53  2.5616  0
0.518  0.386416  2018.14  89.5126  17.168  0.36  0.4  53  2.5616  0
0.567  0.515221  1901.62  95.047  167.292  0.38  0.4  53  2.5616  0
0.616  0.515221  1994.1  89.8517  5.163  0.36  0.4  53  2.5616  0
0.665  0.515221  1939.4  94.7174  159.499  0.37  0.4  53  2.5616  0
0.713  0.644026  1886.34  94.7644  156.677  0.38  0.4  53  2.5616  0
0.762  0.644026  2041.7  89.9711  1.028  0.35  0.4  53  2.5616  0
0.811  0.644026  1928.59  96.0841  204.407  0.38  0.4  53  2.5616  0
0.86  0.772832  1962.68  89.7694  7.898  0.37  0.4  53  2.5616  0
0.908  0.772832  1932.5  94.9309  166.108  0.38  0.4  53  2.5616  0
0.957  0.772832  1915.37  96.3003  210.192  0.38  0.4  53  2.5616  0
1.006  0.901637  1885.24  93.9957  131.367  0.38  0.4  53  2.5616  0
1.055  0.901637  2027.52  89.735  9.379  0.36  0.4  53  2.5616  0
1.103  0.901637  1899.18  96.1518  203.522  0.38  0.4  53  2.5616  0
1.152  1.03044  2023.1  89.9497  1.776  0.36  0.4  53  2.5616  0
1.201  1.03044  1934.48  94.6996  158.495  0.38  0.4  53  2.5616  0
1.25  1.03044  1989.99  90.0223  0.775  0.36  0.4  53  2.5616  0
1.299  1.15925  1856.24  89.9872  0.416  0.39  0.4  53  2.5616  0
1.347  1.15925  1924.65  94.9532  166.179  0.38  0.4  53  2.5616  0
1.396  1.15925  1886.49  95.401  177.566  0.39  0.4  53  2.5616  0
1.445  1.28805  1945.73  94.9958  169.439  0.37  0.4  53  2.5616  0
1.494  1.28805  1919.13  96.0885  203.55  0.38  0.4  53  2.5616  0
1.543  1.28805  1897.02  95.0534  167.098  0.38  0.4  53  2.5616  0
1.592  1.41686  2027.8  89.6169  13.557  0.36  0.4  53  2.5616  0
1.64  1.41686  1892.98  96.1392  202.443  0.38  0.4  53  2.5616  0
1.689  1.41686  2022.51  90.0292  1.032  0.36  0.4  53  2.5616  0
1.738  1.54566  1932.93  94.7093  158.694  0.38  0.4  53  2.5616  0
1.787  1.54566  1997.49  89.9839  0.562  0.36  0.4  53  2.5616  0
1.836  1.54566  2012.84  89.9083  3.22  0.36  0.4  53  2.5616  0
1.885  1.67447  1925.29  96.0543  203.062  0.38  0.4  53  2.5616  0
1.933  1.67447  1895.18  95.3013  175.102  0.38  0.4  53  2.5616  0
1.982  1.67447  1947.05  94.9392  167.637  0.37  0.4  53  2.5616  0
2.031  1.80327  1911.21  96.4183  213.646  0.38  0.4  53  2.5616  0
2.08  1.80327  1893.8  95.026  165.912  0.38  0.4  53  2.5616  0
2.128  1.80327  2021.9  89.6865  11.062  0.36  0.4  53  2.5616  0
2.177  1.93208  1897.68  96.1602  203.637  0.38  0.4  53  2.5616  0
2.226  1.93208  2002.23  89.8478  5.32  0.36  0.4  53  2.5616  0
2.275  1.93208  1941.71  94.8486  164.118  0.37  0.4  53  2.5616  0
2.323  2.06088  1994.94  90.0347  1.207  0.36  0.4  53  2.5616  0
2.372  2.06088  1926.88  94.7728  160.326  0.38  0.4  53  2.5616  0
2.421  2.06088  1922.41  96.1182  204.89  0.38  0.4  53  2.5616  0
2.47  2.18969  1889.23  95.3373  175.734  0.38  0.4  53  2.5616  0
2.519  2.18969  1937.9  95.0431  170.351  0.37  0.4  53  2.5616  0
2.568  2.18969  1904.32  96.2656  207.832  0.38  0.4  53  2.5616  0
2.616  2.3185  1830.68  90.0467  1.493  0.4  0.4  53  2.5616  0
2.665  2.3185  2016.74  89.6748  11.447  0.36  0.4  53  2.5616  0
2.714  2.3185  1897.88  96.2064  205.18  0.38  0.4  53  2.5616  0
2.763  2.4473  1994.51  89.8876  3.913  0.36  0.4  53  2.5616  0
2.812  2.4473  1939.5  96.0239  203.536  0.38  0.4  53  2.5616  0
2.86  2.4473  1986.55  90.0024  0.084  0.36  0.4  53  2.5616  0
2.909  2.57611  1928.42  94.7632  160.132  0.38  0.4  53  2.5616  0
2.958  2.57611  1920.45  96.0333  201.85  0.38  0.4  53  2.5616  0
3.007  2.57611  1885.82  95.2638  173.008  0.39  0.4  53  2.5616  0
3.055  2.70491  1942.83  95.0618  171.417  0.37  0.4  53  2.5616  0
3.104  2.70491  1907.55  96.2954  209.17  0.38  0.4  53  2.5616  0
3.153  2.70491  1896.55  94.9616  164.029  0.38  0.4  53  2.5616  0
3.202  2.83372  2015.61  89.7193  9.873  0.36  0.4  53  2.5616  0
3.25  2.83372  1882.3  95.1661  169.49  0.39  0.4  53  2.5616  0
3.299  2.83372  1993.39  89.9314  2.385  0.36  0.4  53  2.5616  0
3.348  2.96252  1933.67  94.8496  163.472  0.38  0.4  53  2.5616  0
3.397  2.96252  1992.98  90.007  0.243  0.36  0.4  53  2.5616  0
3.445  2.96252  1929.16  94.9032  164.89  0.38  0.4  53  2.5616  0
3.494  3.09133  1919.55  96.1818  206.706  0.38  0.4  53  2.5616  0
3.543  3.09133  1885.82  95.2638  173.008  0.39  0.4  53  2.5616  0
3.592  3.09133  2019.27  89.4677  18.758  0.36  0.4  53  2.5616  0
3.64  3.22013  1905.62  96.2109  206.167  0.38  0.4  53  2.5616  0
3.689  3.22013  2006.24  90.0353  1.235  0.36  0.4  53  2.5616  0
3.738  3.22013  2019.61  89.7758  7.902  0.36  0.4  53  2.5616  0
3.787  3.34894  1889.22  95.0291  165.613  0.38  0.4  53  2.5616  0
3.835  3.34894  2025.6  90.0137  0.483  0.36  0.4  53  2.5616  0
3.885  3.34894  1930.57  94.8687  163.851  0.38  0.4  53  2.5616  0
3.933  3.47774  1989.07  89.9518  1.673  0.36  0.4  53  2.5616  0
3.982  3.47774  1925.59  94.829  162.099  0.38  0.4  53  2.5616  0
4.031  3.47774  1916.9  96.292  210.083  0.38  0.4  53  2.5616  0
4.08  3.60655  1886.38  95.072  166.771  0.39  0.4  53  2.5616  0
4.128  3.60655  2016.13  89.4845  18.138  0.36  0.4  53  2.5616  0
4.177  3.60655  1896.66  94.9829  164.741  0.38  0.4  53  2.5616  0
4.226  3.73535  1897.34  93.961  131.063  0.38  0.4  53  2.5616  0
4.275  3.73535  1935.27  94.5496  153.51  0.37  0.4  53  2.5616  0
4.323  3.73535  1883.31  95.0659  166.298  0.39  0.4  53  2.5616  0
4.372  3.86416  1998.01  89.9077  3.218  0.36  0.4  53  2.5616  0
4.421  3.86416  1936.28  94.7367  159.894  0.37  0.4  53  2.5616  0
4.47  3.86416  1962.01  89.848  5.205  0.37  0.4  53  2.5616  0
4.519  3.99296  2019.97  89.9491  1.795  0.36  0.4  53  2.5616  0
4.568  3.99296  1919.76  96.2285  208.284  0.38  0.4  53  2.5616  0
4.616  3.99296  1882.56  94.061  133.32  0.39  0.4  53  2.5616  0
4.665  4.12177  2019.45  89.6219  13.327  0.36  0.4  53  2.5616  0
4.714  4.12177  1898.09  96.2525  206.722  0.38  0.4  53  2.5616  0
4.763  4.12177  1832.06  90.0037  0.117  0.39  0.4  53  2.5616  0
4.811  4.25057  1932.17  94.5692  153.922  0.38  0.4  53  2.5616  0
4.86  4.25057  1889.77  94.837  159.347  0.38  0.4  53  2.5616  0
4.909  4.25057  2007.73  89.8961  3.642  0.36  0.4  53  2.5616  0
4.958  4.37938  1935.93  95.947  200.579  0.38  0.4  53  2.5616  0
5.007  4.37938  1962.81  89.9187  2.785  0.37  0.4  53  2.5616  0
5.055  4.37938  1935.61  94.9119  165.735  0.38  0.4  53  2.5616  0
5.104  4.50819  1916.49  96.1987  206.936  0.38  0.4  53  2.5616  0
5.153  4.50819  1886.15  95.0263  165.253  0.39  0.4  53  2.5616  0
5.202  4.50819  2022.87  89.4874  18.096  0.36  0.4  53  2.5616  0
5.25  4.63699  1899.65  94.9643  164.387  0.38  0.4  53  2.5616  0
5.299  4.63699  1841.04  89.9931  0.222  0.39  0.4  53  2.5616  0
5.348  4.7658  1932.43  94.6159  155.511  0.38  0.4  53  2.5616  0
5.397  4.7658  1885.1  94.8194  158.377  0.39  0.4  53  2.5616  0
5.445  4.7658  2030.74  90.0262  0.928  0.36  0.4  53  2.5616  0
5.494  4.8946  1929.03  94.8782  164.039  0.38  0.4  53  2.5616  0
5.543  4.8946  1959.84  89.9342  2.25  0.37  0.4  53  2.5616  0
5.591  4.8946  2019.97  89.9491  1.795  0.36  0.4  53  2.5616  0
5.64  5.02341  1917.11  96.3386  211.657  0.38  0.4  53  2.5616  0
5.689  5.02341  1891.52  95.1818  170.836  0.38  0.4  53  2.5616  0
5.738  5.02341  2025.33  89.5521  15.832  0.36  0.4  53  2.5616  0
5.787  5.15221  1890.93  95.0657  166.965  0.38  0.4  53  2.5616  0
5.835  5.15221  1898.83  93.9509  130.833  0.38  0.4  53  2.5616  0
5.884  5.15221  1935.53  94.5964  155.105  0.37  0.4  53  2.5616  0
5.933  5.28102  1884.86  94.7738  156.863  0.39  0.4  53  2.5616  0
5.982  5.28102  2037.47  90.0309  1.1  0.36  0.4  53  2.5616  0
6.031  5.28102  1931.48  96.02  202.564  0.38  0.4  53  2.5616  0
6.079  5.40982  1957.15  89.8362  5.595  0.37  0.4  53  2.5616  0
6.128  5.40982  1930.7  94.8937  164.703  0.38  0.4  53  2.5616  0
6.177  5.40982  1912.32  96.3169  210.409  0.38  0.4  53  2.5616  0
6.225  5.53863  1884.03  94.0511  133.098  0.38  0.4  53  2.5616  0
6.275  5.53863  2020.59  89.5771  14.913  0.36  0.4  53  2.5616  0
6.323  5.53863  1891.16  95.1115  168.491  0.38  0.4  53  2.5616  0
6.372  5.66743  1842.72  90.0566  1.822  0.39  0.4  53  2.5616  0
6.421  5.66743  1935.78  94.6431  156.7  0.37  0.4  53  2.5616  0
6.47  5.66743  1880.92  94.8929  160.429  0.39  0.4  53  2.5616  0
6.518  5.79624  1920.74  94.811  161.092  0.38  0.4  53  2.5616  0
6.567  5.79624  1925.07  96.0075  201.476  0.38  0.4  53  2.5616  0
6.616  5.79624  1880.37  95.3909  176.661  0.39  0.4  53  2.5616  0
6.665  5.92504  1936.42  94.7618  160.75  0.37  0.4  53  2.5616  0
6.713  5.92504  1912.53  96.3635  211.976  0.38  0.4  53  2.5616  0
6.762  5.92504  1888.44  94.0212  132.428  0.38  0.4  53  2.5616  0
6.811  6.05385  2017.88  89.6301  13.026  0.36  0.4  53  2.5616  0
6.86  6.05385  1892.98  96.1392  202.443  0.38  0.4  53  2.5616  0
6.908  6.05385  1983.4  89.9071  3.216  0.36  0.4  53  2.5616  0
6.957  6.18265  1931.63  94.7657  160.481  0.38  0.4  53  2.5616  0
7.006  6.18265  1878.99  94.8112  157.597  0.39  0.4  53  2.5616  0
7.055  6.18265  2035.42  90.0027  0.095  0.36  0.4  53  2.5616  0
7.103  6.31146  1931.91  96.1139  205.759  0.38  0.4  53  2.5616  0
7.152  6.31146  1958.23  89.7931  7.072  0.37  0.4  53  2.5616  0
7.201  6.31146  1932.5  94.9309  166.108  0.38  0.4  53  2.5616  0
7.25  6.44026  1911.9  96.2239  207.277  0.38  0.4  53  2.5616  0
7.298  6.44026  1880.84  94.0256  132.039  0.39  0.4  53  2.5616  0
7.347  6.44026  2019.45  89.6219  13.327  0.36  0.4  53  2.5616  0
7.396  6.56907  1900.68  96.1434  203.407  0.38  0.4  53  2.5616  0
7.445  6.56907  1842.63  90.021  0.676  0.39  0.4  53  2.5616  0
7.493  6.56907  1932.12  94.8591  163.662  0.38  0.4  53  2.5616  0
7.542  6.69788  1989.99  90.0223  0.775  0.36  0.4  53  2.5616  0
7.591  6.69788  1854.73  89.9949  0.164  0.39  0.4  53  2.5616  0
7.64  6.69788  1925.07  96.0075  201.476  0.38  0.4  53  2.5616  0
7.688  6.82668  1886.27  95.3552  176.046  0.39  0.4  53  2.5616  0
7.737  6.82668  1938.97  94.9398  166.962  0.37  0.4  53  2.5616  0
7.786  6.82668  1910.8  96.3252  210.516  0.38  0.4  53  2.5616  0
7.835  6.95549  1885.37  95.1725  169.973  0.39  0.4  53  2.5616  0
7.883  6.95549  2020.76  89.7312  9.48  0.36  0.4  53  2.5616  0
7.932  6.95549  1887.97  95.084  167.306  0.38  0.4  53  2.5616  0
7.981  7.08429  1988.79  89.9551  1.56  0.36  0.4  53  2.5616  0
8.03  7.08429  1936.28  94.7367  159.894  0.37  0.4  53  2.5616  0
8.078  7.08429  1881.92  94.7926  157.232  0.39  0.4  53  2.5616  0
8.127  7.2131  1920.74  94.811  161.092  0.38  0.4  53  2.5616  0
8.176  7.2131  1920.88  96.1267  205.009  0.38  0.4  53  2.5616  0
8.225  7.2131  1882.87  95.2818  173.326  0.39  0.4  53  2.5616  0
8.273  7.3419  1935.11  94.8183  162.541  0.38  0.4  53  2.5616  0
8.322  7.3419  1903.7  96.1266  203.174  0.38  0.4  53  2.5616  0
8.371  7.3419  1888.44  94.0212  132.428  0.38  0.4  53  2.5616  0
8.42  7.47071  1941.25  94.4634  151.071  0.37  0.4  53  2.5616  0
8.469  7.47071  1887.03  96.1725  202.899  0.39  0.4  53  2.5616  0
8.517  7.47071  1842.63  90.021  0.676  0.39  0.4  53  2.5616  0
8.566  7.59951  1932.12  94.8591  163.662  0.38  0.4  53  2.5616  0
8.615  7.59951  1986.55  90.0024  0.084  0.36  0.4  53  2.5616  0
8.664  7.59951  2007.31  89.8599  4.909  0.36  0.4  53  2.5616  0
8.712  7.72832  1923.96  96.1097  204.77  0.38  0.4  53  2.5616  0
8.761  7.72832  1886.27  95.3552  176.046  0.39  0.4  53  2.5616  0
8.81  7.72832  1934.78  95.0619  170.71  0.38  0.4  53  2.5616  0
8.858  7.85712  1904.73  96.3583  210.94  0.38  0.4  53  2.5616  0
8.907  7.85712  1883.77  94.0057  131.592  0.38  0.4  53  2.5616  0
8.956  7.85712  2021.03  89.6136  13.63  0.36  0.4  53  2.5616  0
9.005  7.98593  1880.37  95.0841  166.636  0.39  0.4  53  2.5616  0
9.054  7.98593  2020.01  89.9654  1.221  0.36  0.4  53  2.5616  0
9.103  7.98593  1935.47  94.8868  164.879  0.38  0.4  53  2.5616  0
9.152  8.11473  1814.29  90.0057  0.182  0.4  0.4  53  2.5616  0
9.2  8.11473  1925.83  94.8755  163.679  0.38  0.4  53  2.5616  0
9.249  8.11473  1919.97  96.2753  209.863  0.38  0.4  53  2.5616  0
9.299  8.24354  1883.31  95.3731  176.355  0.39  0.4  53  2.5616  0
9.347  8.24354  2014.56  89.4929  17.829  0.36  0.4  53  2.5616  0
9.396  8.37234  1902.81  96.2739  207.941  0.38  0.4  53  2.5616  0
9.445  8.37234  1892.08  94.9894  164.558  0.38  0.4  53  2.5616  0
9.494  8.37234  2012.9  89.772  8.012  0.36  0.4  53  2.5616  0
9.542  8.50115  1887.05  94.9013  161.228  0.38  0.4  53  2.5616  0
9.591  8.50115  1996.47  89.9156  2.94  0.36  0.4  53  2.5616  0
9.64  8.50115  1932.12  94.8591  163.662  0.38  0.4  53  2.5616  0
9.689  8.62996  1962.81  89.9187  2.785  0.37  0.4  53  2.5616  0
9.738  8.62996  1930.21  94.8003  161.526  0.38  0.4  53  2.5616  0
9.786  8.62996  1916.7  96.2453  208.509  0.38  0.4  53  2.5616  0
9.835  8.75876  1886.04  95.3095  174.527  0.39  0.4  53  2.5616  0
9.884  8.75876  1933.23  95.0713  170.889  0.38  0.4  53  2.5616  0
9.933  8.75876  1895.86  95.1298  169.515  0.38  0.4  53  2.5616  0
9.981  8.88757  1889.92  94.0112  132.202  0.38  0.4  53  2.5616  0
10.03  8.88757  2014.9  89.8002  7.028  0.36  0.4  53  2.5616  0
10.079  8.88757  1889.91  95.1664  170.183  0.38  0.4  53  2.5616  0
10.128  9.01637  2021.56  89.9575  1.498  0.36  0.4  53  2.5616  0
10.176  9.01637  1929.03  94.8782  164.039  0.38  0.4  53  2.5616  0
10.225  9.01637  1955.28  89.8088  6.525  0.37  0.4  53  2.5616  0
10.274  9.14518  1930.7  94.8937  164.703  0.38  0.4  53  2.5616  0
10.323  9.14518  1922.84  96.2117  208.056  0.38  0.4  53  2.5616  0
10.371  9.14518  1886.38  95.072  166.771  0.39  0.4  53  2.5616  0
10.42  9.27398  2015  89.5293  16.554  0.36  0.4  53  2.5616  0
10.469  9.27398  1895.09  96.2691  206.94  0.38  0.4  53  2.5616  0
10.518  9.27398  1895.06  94.9709  164.206  0.38  0.4  53  2.5616  0
10.566  9.40279  2018.31  89.6666  11.746  0.36  0.4  53  2.5616  0
10.615  9.40279  1881.15  94.9384  161.938  0.39  0.4  53  2.5616  0
10.664  9.40279  1996.05  89.8797  4.192  0.36  0.4  53  2.5616  0
10.713  9.53159  1939.5  96.0239  203.536  0.38  0.4  53  2.5616  0
10.761  9.53159  1986.55  90.0024  0.084  0.36  0.4  53  2.5616  0
10.81  9.53159  1928.42  94.7632  160.132  0.38  0.4  53  2.5616  0
10.859  9.6604  1915.79  96.3936  213.337  0.38  0.4  53  2.5616  0
10.908  9.6604  1889.11  95.0079  164.907  0.38  0.4  53  2.5616  0
10.956  9.6604  2012.56  89.4649  18.794  0.36  0.4  53  2.5616  0
11.005  9.7892  1897.36  95.1207  169.346  0.38  0.4  53  2.5616  0
11.054  9.7892  1836.68  90.0517  1.657  0.39  0.4  53  2.5616  0
11.103  9.7892  1935.53  94.5964  155.105  0.37  0.4  53  2.5616  0
11.151  9.91801  1883.31  95.0659  166.298  0.39  0.4  53  2.5616  0
11.2  9.91801  2020.01  89.9654  1.221  0.36  0.4  53  2.5616  0
11.249  9.91801  1937.49  95.9383  200.448  0.38  0.4  53  2.5616  0
11.298  10.0468  1957.15  89.8362  5.595  0.37  0.4  53  2.5616  0
11.346  10.0468  1933.56  94.8279  162.733  0.38  0.4  53  2.5616  0
11.395  10.0468  1923.05  96.2585  209.64  0.38  0.4  53  2.5616  0
11.444  10.1756  1887.87  95.0628  166.6  0.38  0.4  53  2.5616  0
11.493  10.1756  2007.88  89.49  17.871  0.36  0.4  53  2.5616  0
11.541  10.1756  1894.37  95.139  169.683  0.38  0.4  53  2.5616  0
11.59  10.3044  1835.1  90.0238  0.763  0.39  0.4  53  2.5616  0
11.639  10.3044  1931.66  94.4758  150.744  0.38  0.4  53  2.5616  0
11.689  10.3044  1886.34  94.7644  156.677  0.38  0.4  53  2.5616  0
11.738  10.4332  1913.11  94.8585  162.031  0.38  0.4  53  2.5616  0
11.786  10.4332  1929.71  95.9817  201.095  0.38  0.4  53  2.5616  0
11.835  10.4332  1952.33  89.8244  5.982  0.37  0.4  53  2.5616  0
11.884  10.562  2046.93  89.9837  0.584  0.35  0.4  53  2.5616  0
11.933  10.562  1918.44  96.2836  209.973  0.38  0.4  53  2.5616  0
11.982  10.562  1885.37  95.1725  169.973  0.39  0.4  53  2.5616  0
12.03  10.6908  2020.32  89.6948  10.763  0.36  0.4  53  2.5616  0
12.079  10.6908  1889.91  95.1664  170.183  0.38  0.4  53  2.5616  0
12.128  10.6908  1836.58  90.0162  0.518  0.39  0.4  53  2.5616  0
12.177  10.8196  1934.23  94.6529  156.902  0.38  0.4  53  2.5616  0
12.225  10.8196  1989.99  90.0223  0.775  0.36  0.4  53  2.5616  0
12.274  10.8196  2003.78  89.8398  5.604  0.36  0.4  53  2.5616  0
12.323  10.9485  1932.6  95.9174  199.239  0.38  0.4  53  2.5616  0
12.372  10.9485  1883.76  95.4644  179.385  0.39  0.4  53  2.5616  0
12.42  10.9485  1932.5  94.9309  166.108  0.38  0.4  53  2.5616  0
12.469  11.0773  1911  96.3717  212.081  0.38  0.4  53  2.5616  0
12.518  11.0773  1885.49  94.0411  132.876  0.38  0.4  53  2.5616  0
12.567  11.0773  2021.29  89.4958  17.786  0.36  0.4  53  2.5616  0
12.615  11.2061  1894.68  96.1769  203.865  0.38  0.4  53  2.5616  0
12.664  11.2061  1841.23  90.0643  2.067  0.39  0.4  53  2.5616  0
12.713  11.2061  1936.28  94.7367  159.894  0.37  0.4  53  2.5616  0
12.762  11.3349  1877.52  94.8206  157.779  0.39  0.4  53  2.5616  0
12.81  11.3349  2030.26  89.9902  0.348  0.36  0.4  53  2.5616  0
12.859  11.3349  1929.49  95.9348  199.502  0.38  0.4  53  2.5616  0
12.908  11.4637  1888.78  95.2458  172.687  0.38  0.4  53  2.5616  0
12.957  11.4637  1936.67  94.8087  162.349  0.37  0.4  53  2.5616  0
13.005  11.4637  1913.64  96.2621  208.732  0.38  0.4  53  2.5616  0
13.054  11.5925  1892.31  95.0352  166.085  0.38  0.4  53  2.5616  0
13.103  11.5925  2017.17  89.7112  10.169  0.36  0.4  53  2.5616  0
13.152  11.5925  1886.72  95.1389  168.994  0.38  0.4  53  2.5616  0
13.2  11.7213  1986.44  89.8913  3.768  0.36  0.4  53  2.5616  0
13.249  11.7213  1938.64  94.5768  154.694  0.37  0.4  53  2.5616  0
13.298  11.8501  1989.53  89.9871  0.449  0.36  0.4  53  2.5616  0
13.347  11.8501  2006.59  89.9402  2.094  0.36  0.4  53  2.5616  0
13.395  11.8501  1923.53  96.0161  201.601  0.38  0.4  53  2.5616  0
13.445  11.9789  1883.76  95.4644  179.385  0.39  0.4  53  2.5616  0
13.493  11.9789  1931.19  94.9872  167.883  0.38  0.4  53  2.5616  0
13.542  11.9789  1908.45  96.1477  204.38  0.38  0.4  53  2.5616  0
13.591  12.1077  1877.92  94.0455  132.483  0.39  0.4  53  2.5616  0
13.64  12.1077  2017.88  89.6301  13.026  0.36  0.4  53  2.5616  0
13.688  12.1077  1888.99  94.9834  164.091  0.38  0.4  53  2.5616  0
13.737  12.2365  1841.04  89.9931  0.222  0.39  0.4  53  2.5616  0
13.786  12.2365  1925.7  94.8506  162.832  0.38  0.4  53  2.5616  0
13.835  12.2365  1988.49  90.03  1.041  0.36  0.4  53  2.5616  0
13.883  12.3653  2032.3  90.0184  0.651  0.36  0.4  53  2.5616  0
13.932  12.3653  1920.88  96.1267  205.009  0.38  0.4  53  2.5616  0
13.981  12.3653  1880.81  95.4821  179.682  0.39  0.4  53  2.5616  0
14.03  12.4941  1934.54  95.0151  169.113  0.38  0.4  53  2.5616  0
14.079  12.4941  1910.18  96.1858  205.826  0.38  0.4  53  2.5616  0
14.127  12.4941  1885.49  94.0411  132.876  0.38  0.4  53  2.5616  0
14.176  12.6229  2021.9  89.6865  11.062  0.36  0.4  53  2.5616  0
14.225  12.6229  1886.95  95.1846  170.513  0.38  0.4  53  2.5616  0
14.274  12.6229  1987.97  89.8834  4.045  0.36  0.4  53  2.5616  0
14.322  12.7517  1929.33  94.6353  155.915  0.38  0.4  53  2.5616  0
14.371  12.7517  1967.29  89.8953  3.595  0.37  0.4  53  2.5616  0
14.42  12.7517  2004.62  89.912  3.079  0.36  0.4  53  2.5616  0
14.469  12.8805  1924.38  96.2033  207.941  0.38  0.4  53  2.5616  0
14.517  12.8805  1886.04  95.3095  174.527  0.39  0.4  53  2.5616  0
14.566  12.8805  1929.89  95.0433  169.654  0.38  0.4  53  2.5616  0
14.615  13.0093  1901.1  96.2359  206.502  0.38  0.4  53  2.5616  0
14.664  13.0093  1891.14  93.9556  130.458  0.38  0.4  53  2.5616  0
14.712  13.0093  2023.92  89.7148  10.074  0.36  0.4  53  2.5616  0
14.761  13.1381  1886.03  95.0019  164.44  0.39  0.4  53  2.5616  0
14.81  13.1381  1905.79  94.9517  164.499  0.38  0.4  53  2.5616  0
14.859  13.1381  1932.37  94.9059  165.254  0.38  0.4  53  2.5616  0
14.907  13.2669  1959.84  89.9342  2.25  0.37  0.4  53  2.5616  0
14.956  13.2669  2034.94  89.9666  1.187  0.36  0.4  53  2.5616  0
15.005  13.2669  1917.17  96.0037  200.523  0.38  0.4  53  2.5616  0
15.054  13.3958  1886.04  95.3095  174.527  0.39  0.4  53  2.5616  0
15.102  13.3958  1939.7  95.0806  171.776  0.37  0.4  53  2.5616  0
15.151  13.3958  1910.8  96.3252  210.516  0.38  0.4  53  2.5616  0
15.2  13.5246  1892.31  95.0352  166.085  0.38  0.4  53  2.5616  0
15.249  13.5246  2017.17  89.7112  10.169  0.36  0.4  53  2.5616  0
15.297  13.5246  1884.33  94.9655  163.098  0.39  0.4  53  2.5616  0
15.346  13.6534  2023.1  89.9497  1.776  0.36  0.4  53  2.5616  0
15.395  13.6534  1929.03  94.8782  164.039  0.38  0.4  53  2.5616  0
15.444  13.6534  1957.96  89.9067  3.188  0.37  0.4  53  2.5616  0
15.492  13.7822  1925.83  94.8755  163.679  0.38  0.4  53  2.5616  0
15.541  13.7822  1917.38  96.0503  202.097  0.38  0.4  53  2.5616  0
15.59  13.7822  1882.42  95.1906  170.3  0.39  0.4  53  2.5616  0
15.639  13.911  1931.92  95.1275  172.659  0.38  0.4  53  2.5616  0
15.687  13.911  1908.87  96.2406  207.5  0.38  0.4  53  2.5616  0
15.736  13.911  1895.06  94.9709  164.206  0.38  0.4  53  2.5616  0
15.785  14.0398  2017.61  89.7476  8.89  0.36  0.4  53  2.5616  0
15.834  14.0398  1889.68  95.1206  168.659  0.38  0.4  53  2.5616  0
15.883  14.0398  2023.1  89.9497  1.776  0.36  0.4  53  2.5616  0
15.932  14.1686  1931.63  94.7657  160.481  0.38  0.4  53  2.5616  0
15.981  14.1686  1956.88  89.9497  1.718  0.37  0.4  53  2.5616  0
16.03  14.1686  1930.95  94.9404  166.293  0.38  0.4  53  2.5616  0
16.079  14.2974  1919.55  96.1818  206.706  0.38  0.4  53  2.5616  0
16.127  14.2974  1882.64  95.2362  171.813  0.39  0.4  53  2.5616  0
16.176  14.2974  1939.7  95.0806  171.776  0.37  0.4  53  2.5616  0
16.225  14.4262  1906.72  96.1098  202.939  0.38  0.4  53  2.5616  0
16.273  14.4262  1891.4  94.0012  131.976  0.38  0.4  53  2.5616  0
16.322  14.4262  1933.72  94.5594  153.716  0.38  0.4  53  2.5616  0
16.371  14.555  1885.47  95.1936  170.677  0.39  0.4  53  2.5616  0
16.42  14.555  1987.27  89.9629  1.286  0.36  0.4  53  2.5616  0
16.469  14.555  1933.04  96.0113  202.438  0.38  0.4  53  2.5616  0
16.518  14.6838  1954.6  89.887  3.854  0.37  0.4  53  2.5616  0
16.567  14.6838  1925.83  94.8755  163.679  0.38  0.4  53  2.5616  0
16.615  14.6838  1914.96  96.2071  207.05  0.38  0.4  53  2.5616  0
16.664  14.8126  1891.06  95.0902  167.783  0.38  0.4  53  2.5616  0
16.713  14.8126  2013.44  89.5376  16.249  0.36  0.4  53  2.5616  0
16.762  14.8126  1901.3  96.2822  208.05  0.38  0.4  53  2.5616  0
16.811  14.9414  1836.58  90.0162  0.518  0.39  0.4  53  2.5616  0
16.86  14.9414  1933.72  94.5594  153.716  0.38  0.4  53  2.5616  0
16.908  14.9414  1882.39  94.8836  160.251  0.39  0.4  53  2.5616  0
16.957  15.0702  2020.01  89.9654  1.221  0.36  0.4  53  2.5616  0
17.006  15.0702  1931.48  96.02  202.564  0.38  0.4  53  2.5616  0
17.055  15.0702  1957.83  89.7578  8.276  0.37  0.4  53  2.5616  0
17.103  15.199  1930.46  94.847  163.114  0.38  0.4  53  2.5616  0
17.152  15.199  1918.64  96.3303  211.55  0.38  0.4  53  2.5616  0
17.201  15.3278  1884.12  95.2272  171.652  0.39  0.4  53  2.5616  0
17.25  15.3278  2014.74  89.6466  12.426  0.36  0.4  53  2.5616  0
17.298  15.3278  1900.48  96.0972  201.86  0.38  0.4  53  2.5616  0
17.347  15.4566  2007.29  89.992  0.281  0.36  0.4  53  2.5616  0
17.396  15.4566  1927.29  94.5518  152.952  0.38  0.4  53  2.5616  0
17.445  15.4566  1883.86  94.8743  160.072  0.39  0.4  53  2.5616  0
17.494  15.5854  2026.67  89.9699  1.065  0.36  0.4  53  2.5616  0
17.543  15.5854  1924.4  94.9066  164.599  0.38  0.4  53  2.5616  0
17.592  15.5854  1958.23  89.7931  7.072  0.37  0.4  53  2.5616  0
17.64  15.7142  2045.34  89.9916  0.3  0.35  0.4  53  2.5616  0
17.689  15.7142  1910.8  96.3252  210.516  0.38  0.4  53  2.5616  0
17.738  15.7142  1885.59  95.2181  171.49  0.39  0.4  53  2.5616  0
17.787  15.8431  2016.13  89.4845  18.138  0.36  0.4  53  2.5616  0
17.835  15.8431  1889.68  95.1206  168.659  0.38  0.4  53  2.5616  0
17.884  15.8431  2013.87  89.9966  0.121  0.36  0.4  53  2.5616  0
17.933  15.9719  1932.43  94.6159  155.511  0.38  0.4  53  2.5616  0
17.982  15.9719  1882.62  94.9291  161.762  0.39  0.4  53  2.5616  0
18.03  15.9719  2029.78  89.9542  1.624  0.36  0.4  53  2.5616  0
18.079  16.1007  1930.14  96.0755  204.284  0.38  0.4  53  2.5616  0
18.128  16.1007  1957.15  89.8362  5.595  0.37  0.4  53  2.5616  0
18.177  16.1007  1930.46  94.847  163.114  0.38  0.4  53  2.5616  0
18.225  16.2295  1908.66  96.1941  205.94  0.38  0.4  53  2.5616  0
18.274  16.2295  1891.29  95.136  169.309  0.38  0.4  53  2.5616  0
18.323  16.2295  2021.73  89.5323  16.503  0.36  0.4  53  2.5616  0
18.372  16.3583  1894.89  96.223  205.402  0.38  0.4  53  2.5616  0
18.42  16.3583  1836.58  90.0162  0.518  0.39  0.4  53  2.5616  0
18.469  16.3583  1931.13  94.6723  157.302  0.38  0.4  53  2.5616  0
18.518  16.4871  1988.49  90.03  1.041  0.36  0.4  53  2.5616  0
18.567  16.4871  2000.68  89.8557  5.037  0.36  0.4  53  2.5616  0
18.615  16.4871  1932.6  95.9174  199.239  0.38  0.4  53  2.5616  0
18.664  16.6159  1961.2  89.7773  7.622  0.37  0.4  53  2.5616  0
18.713  16.6159  1934.3  94.9682  167.517  0.38  0.4  53  2.5616  0
18.762  16.6159  1913.64  96.2621  208.732  0.38  0.4  53  2.5616  0
18.81  16.7447  1879.12  93.9903  130.763  0.39  0.4  53  2.5616  0
18.859  16.7447  2014.56  89.4929  17.829  0.36  0.4  53  2.5616  0
18.908  16.7447  1894.68  96.1769  203.865  0.38  0.4  53  2.5616  0
18.956  16.8735  1836.58  90.0162  0.518  0.39  0.4  53  2.5616  0
19.005  16.8735  1931.13  94.6723  157.302  0.38  0.4  53  2.5616  0
19.054  16.8735  1878.45  95.0023  163.793  0.39  0.4  53  2.5616  0
19.103  17.0023  2030.26  89.9902  0.348  0.36  0.4  53  2.5616  0
19.152  17.0023  1925.94  94.8972  164.413  0.38  0.4  53  2.5616  0
19.2  17.0023  1881.84  95.382  176.508  0.39  0.4  53  2.5616  0
19.249  17.1311  1938.47  94.846  163.757  0.37  0.4  53  2.5616  0
19.298  17.1311  1917.11  96.3386  211.657  0.38  0.4  53  2.5616  0
19.347  17.1311  1887.63  95.0171  165.08  0.38  0.4  53  2.5616  0
19.395  17.2599  2015.61  89.7193  9.873  0.36  0.4  53  2.5616  0
19.444  17.2599  1896.18  96.1685  203.751  0.38  0.4  53  2.5616  0
19.493  17.2599  2014.34  90.0323  1.135  0.36  0.4  53  2.5616  0
19.542  17.3887  1925.46  94.804  161.252  0.38  0.4  53  2.5616  0
19.591  17.3887  1989.53  89.9871  0.449  0.36  0.4  53  2.5616  0
19.639  17.3887  2013.13  89.7914  7.329  0.36  0.4  53  2.5616  0
19.688  17.5175  1925.94  94.8972  164.413  0.38  0.4  53  2.5616  0
19.737  17.5175  1959.71  89.7852  7.347  0.37  0.4  53  2.5616  0
19.786  17.5175  1929.65  94.9966  168.065  0.38  0.4  53  2.5616  0
19.834  17.6463  1911  96.3717  212.081  0.38  0.4  53  2.5616  0
19.883  17.6463  1878.17  94.0907  133.981  0.39  0.4  53  2.5616  0
19.932  17.6463  2020.15  89.5407  16.195  0.36  0.4  53  2.5616  0
19.981  17.7751  1891.16  95.1115  168.491  0.38  0.4  53  2.5616  0
20.029  17.7751  1988.79  89.9551  1.56  0.36  0.4  53  2.5616  0
20.078  17.7751  1929.27  94.9249  165.626  0.38  0.4  53  2.5616  0
20.127  17.9039  1817.19  89.9905  0.3  0.4  0.4  53  2.5616  0
20.176  17.9039  1922.51  94.848  162.477  0.38  0.4  53  2.5616  0
20.224  17.9039  1925.29  96.0543  203.062  0.38  0.4  53  2.5616  0
20.273  18.0327  1885.23  95.4556  179.236  0.39  0.4  53  2.5616  0
20.322  18.0327  1935.85  94.9588  167.333  0.38  0.4  53  2.5616  0
20.371  18.0327  1909.76  96.0929  202.702  0.38  0.4  53  2.5616  0
20.42  18.1615  1884.68  95.0355  165.425  0.39  0.4  53  2.5616  0
20.468  18.1615  2019.89  89.6583  12.045  0.36  0.4  53  2.5616  0
20.517  18.1615  1886.72  95.1389  168.994  0.38  0.4  53  2.5616  0
20.566  18.2904  2015.87  90.0245  0.863  0.36  0.4  53  2.5616  0
20.615  18.2904  1936.53  94.7836  161.492  0.37  0.4  53  2.5616  0
20.663  18.2904  1994.94  90.0347  1.207  0.36  0.4  53  2.5616  0
20.712  18.4192  1920.74  94.811  161.092  0.38  0.4  53  2.5616  0
20.761  18.4192  1925.5  96.1011  204.65  0.38  0.4  53  2.5616  0
20.81  18.548  1954.87  89.7736  7.726  0.37  0.4  53  2.5616  0
20.858  18.548  1936.1  95.0056  168.931  0.38  0.4  53  2.5616  0
20.907  18.548  1897.36  95.1207  169.346  0.38  0.4  53  2.5616  0
20.956  18.6768  1883.52  93.9603  130.086  0.39  0.4  53  2.5616  0
21.005  18.6768  2020.15  89.5407  16.195  0.36  0.4  53  2.5616  0
21.054  18.6768  1886.49  95.0932  167.475  0.39  0.4  53  2.5616  0
21.102  18.8056  2015.4  89.9888  0.394  0.36  0.4  53  2.5616  0
21.151  18.8056  1935.93  95.947  200.579  0.38  0.4  53  2.5616  0
21.2  18.8056  1873.91  90.0224  0.734  0.39  0.4  53  2.5616  0
21.249  18.9344  1919.21  94.8205  161.281  0.38  0.4  53  2.5616  0
21.298  18.9344  1920.66  96.08  203.429  0.38  0.4  53  2.5616  0
21.346  18.9344  1881.96  95.0994  167.277  0.39  0.4  53  2.5616  0
21.395  19.0632  1935.02  95.1088  172.308  0.38  0.4  53  2.5616  0
21.444  19.0632  1910.38  96.2322  207.389  0.38  0.4  53  2.5616  0
21.493  19.0632  1885.24  93.9957  131.367  0.38  0.4  53  2.5616  0
21.541  19.192  2019.61  89.7758  7.902  0.36  0.4  53  2.5616  0
21.59  19.192  1885.24  95.148  169.16  0.39  0.4  53  2.5616  0
21.639  19.192  1988.38  89.9192  2.803  0.36  0.4  53  2.5616  0
21.688  19.3208  1921.89  94.7301  158.483  0.38  0.4  53  2.5616  0
21.736  19.3208  1955.4  89.9574  1.453  0.37  0.4  53  2.5616  0
21.785  19.3208  1930.7  94.8937  164.703  0.38  0.4  53  2.5616  0
21.834  19.4496  1925.29  96.0543  203.062  0.38  0.4  53  2.5616  0
21.883  19.4496  1886.27  95.3552  176.046  0.39  0.4  53  2.5616  0
21.931  19.4496  1933.47  95.1181  172.484  0.38  0.4  53  2.5616  0
21.98  19.5784  1902.19  96.135  203.291  0.38  0.4  53  2.5616  0
22.029  19.5784  1826.17  90.0342  1.091  0.4  0.4  53  2.5616  0
22.078  19.5784  1940.99  94.4165  149.468  0.37  0.4  53  2.5616  0
22.126  19.7072  1887.74  95.0383  165.785  0.38  0.4  53  2.5616  0
22.175  19.7072  2021.56  89.9575  1.498  0.36  0.4  53  2.5616  0
22.224  19.7072  1932.37  94.9059  165.254  0.38  0.4  53  2.5616  0
22.273  19.836  1953.13  89.8948  3.587  0.37  0.4  53  2.5616  0
22.321  19.836  2006.17  89.904  3.36  0.36  0.4  53  2.5616  0
22.37  19.836  1920.88  96.1267  205.009  0.38  0.4  53  2.5616  0
22.419  19.9648  1886.27  95.3552  176.046  0.39  0.4  53  2.5616  0
22.468  19.9648  1939.46  95.0337  170.17  0.37  0.4  53  2.5616  0
22.516  19.9648  1905.42  96.1645  204.612  0.38  0.4  53  2.5616  0
22.565  20.0936  1827.74  90.0619  1.976  0.4  0.4  53  2.5616  0
22.614  20.0936  1928.83  94.5421  152.746  0.38  0.4  53  2.5616  0
22.663  20.0936  1880.37  95.0841  166.636  0.39  0.4  53  2.5616  0
22.711  20.2224  1990.61  89.8317  5.848  0.36  0.4  53  2.5616  0
22.76  20.2224  1926.19  94.9438  165.995  0.38  0.4  53  2.5616  0
22.809  20.2224  1963.21  89.954  1.575  0.37  0.4  53  2.5616  0
22.858  20.3512  2042.19  90.0074  0.263  0.35  0.4  53  2.5616  0
22.906  20.3512  1918.02  96.1903  206.821  0.38  0.4  53  2.5616  0
22.955  20.3512  1878.68  95.3542  175.305  0.39  0.4  53  2.5616  0
23.004  20.48  2012.56  89.4649  18.794  0.36  0.4  53  2.5616  0
23.053  20.48  1898.85  95.1115  169.177  0.38  0.4  53  2.5616  0
23.101  20.48  1886.71  93.9857  131.141  0.38  0.4  53  2.5616  0
23.15  20.6088  2019.18  89.7394  9.184  0.36  0.4  53  2.5616  0
23.199  20.6088  1885.47  95.1936  170.677  0.39  0.4  53  2.5616  0
23.248  20.6088  1994.51  89.8876  3.913  0.36  0.4  53  2.5616  0
23.296  20.7377  1934.15  95.9087  199.108  0.38  0.4  53  2.5616  0
23.345  20.7377  1958.64  89.8284  5.868  0.37  0.4  53  2.5616  0
23.394  20.7377  2011.69  89.9526  1.665  0.36  0.4  53  2.5616  0
23.443  20.8665  1919.76  96.2285  208.284  0.38  0.4  53  2.5616  0
23.491  20.8665  1888.32  95.1543  169.642  0.38  0.4  53  2.5616  0
23.54  20.8665  2016.57  89.5209  16.861  0.36  0.4  53  2.5616  0
23.589  20.9953  1900.89  96.1897  204.954  0.38  0.4  53  2.5616  0
23.638  20.9953  1830.68  90.0467  1.493  0.4  0.4  53  2.5616  0
23.686  20.9953  2018.75  89.703  10.465  0.36  0.4  53  2.5616  0
23.735  21.1241  1886.26  95.0475  165.957  0.39  0.4  53  2.5616  0
23.784  21.1241  1996.47  89.9156  2.94  0.36  0.4  53  2.5616  0
23.833  21.1241  1931.26  95.973  200.967  0.38  0.4  53  2.5616  0
23.881  21.2529  1956.88  89.9497  1.718  0.37  0.4  53  2.5616  0
23.931  21.2529  1929.4  94.9499  166.477  0.38  0.4  53  2.5616  0
23.979  21.2529  1917.32  96.3853  213.232  0.38  0.4  53  2.5616  0
24.028  21.3817  1885.37  95.1725  169.973  0.39  0.4  53  2.5616  0
24.077  21.3817  1936.34  95.0525  170.531  0.38  0.4  53  2.5616  0
24.125  21.3817  1895.97  96.1224  202.212  0.38  0.4  53  2.5616  0
24.174  21.5105  2013.4  89.9609  1.375  0.36  0.4  53  2.5616  0
24.223  21.5105  1930.63  94.5789  154.127  0.38  0.4  53  2.5616  0
24.272  21.5105  1886.72  95.1389  168.994  0.38  0.4  53  2.5616  0
24.321  21.6393  2025.12  89.9777  0.787  0.36  0.4  53  2.5616  0
24.369  21.6393  1922.87  94.9161  164.784  0.38  0.4  53  2.5616  0
24.418  21.6393  1954.6  89.887  3.854  0.37  0.4  53  2.5616  0
24.467  21.7681  1933.56  94.8279  162.733  0.38  0.4  53  2.5616  0
24.515  21.7681  1921.09  96.1734  206.59  0.38  0.4  53  2.5616  0
24.564  21.7681  1888.1  95.1085  168.121  0.38  0.4  53  2.5616  0
24.613  21.8969  2012.74  89.6185  13.4  0.36  0.4  53  2.5616  0
24.662  21.8969  1902.61  96.2276  206.391  0.38  0.4  53  2.5616  0
24.711  21.8969  1829.11  90.019  0.606  0.4  0.4  53  2.5616  0
24.76  22.0257  2016.47  89.7921  7.318  0.36  0.4  53  2.5616  0
24.808  22.0257  1880.69  94.8474  158.922  0.39  0.4  53  2.5616  0
24.857  22.0257  2001.1  89.8918  3.779  0.36  0.4  53  2.5616  0
24.906  22.1545  1935.71  95.8999  198.975  0.38  0.4  53  2.5616  0
24.955  22.1545  1957.96  89.9067  3.188  0.37  0.4  53  2.5616  0
25.003  22.1545  1928.1  95.006  168.246  0.38  0.4  53  2.5616  0
25.052  22.2833  1914.96  96.2071  207.05  0.38  0.4  53  2.5616  0
25.101  22.2833  1880.84  94.0256  132.039  0.39  0.4  53  2.5616  0
25.15  22.2833  2022.87  89.4874  18.096  0.36  0.4  53  2.5616  0
25.198  22.4121  1889.22  95.0291  165.613  0.38  0.4  53  2.5616  0
25.247  22.4121  1898.39  90.0248  0.822  0.38  0.4  53  2.5616  0
25.296  22.5409  1932.93  94.7093  158.694  0.38  0.4  53  2.5616  0
25.345  22.5409  1884.56  95.0111  164.613  0.39  0.4  53  2.5616  0
25.394  22.5409  2025.12  89.9777  0.787  0.36  0.4  53  2.5616  0
25.442  22.6697  1926.83  96.0458  202.939  0.38  0.4  53  2.5616  0
25.491  22.6697  1877.87  95.4997  179.977  0.39  0.4  53  2.5616  0
25.54  22.6697  2040.13  89.979  0.746  0.35  0.4  53  2.5616  0
25.589  22.7985  1914.75  96.1605  205.48  0.38  0.4  53  2.5616  0
25.637  22.7985  1887.87  95.0628  166.6  0.38  0.4  53  2.5616  0
25.686  22.7985  2015.87  89.602  14.002  0.36  0.4  53  2.5616  0
25.735  22.9273  1897.88  96.2064  205.18  0.38  0.4  53  2.5616  0
25.784  22.9273  1888.44  94.0212  132.428  0.38  0.4  53  2.5616  0
25.832  22.9273  1926.5  94.7012  157.896  0.38  0.4  53  2.5616  0
25.881  23.0561  1880.92  94.8929  160.429  0.39  0.4  53  2.5616  0
25.93  23.0561  2001.1  89.8918  3.779  0.36  0.4  53  2.5616  0
25.979  23.0561  1922.63  94.8696  163.208  0.38  0.4  53  2.5616  0
26.028  23.185  1883.31  95.3731  176.355  0.39  0.4  53  2.5616  0
26.077  23.185  1930.7  94.8937  164.703  0.38  0.4  53  2.5616  0
26.125  23.185  1912.11  96.2704  208.842  0.38  0.4  53  2.5616  0
26.174  23.3138  1879.12  93.9903  130.763  0.39  0.4  53  2.5616  0
26.223  23.3138  2015.44  89.5656  15.279  0.36  0.4  53  2.5616  0
26.272  23.3138  1886.26  95.0475  165.957  0.39  0.4  53  2.5616  0
26.32  23.4426  1981.88  89.915  2.942  0.37  0.4  53  2.5616  0
26.369  23.4426  1937.84  94.7271  159.697  0.37  0.4  53  2.5616  0
26.418  23.4426  1879.92  94.9931  163.62  0.39  0.4  53  2.5616  0
26.467  23.5714  1919.21  94.8205  161.281  0.38  0.4  53  2.5616  0
26.515  23.5714  1923.53  96.0161  201.601  0.38  0.4  53  2.5616  0
26.564  23.5714  1954.87  89.7736  7.726  0.37  0.4  53  2.5616  0
26.613  23.7002  1931.76  94.7907  161.333  0.38  0.4  53  2.5616  0
26.662  23.7002  1911.9  96.2239  207.277  0.38  0.4  53  2.5616  0
26.711  23.7002  1880.59  93.9803  130.538  0.39  0.4  53  2.5616  0
26.76  23.829  2022.61  89.6053  13.933  0.36  0.4  53  2.5616  0
26.808  23.829  1891.39  95.1573  170.017  0.38  0.4  53  2.5616  0
26.857  23.829  2016.94  89.981  0.669  0.36  0.4  53  2.5616  0
26.906  23.9578  1926.19  94.9438  165.995  0.38  0.4  53  2.5616  0
26.955  23.9578  1986.55  90.0024  0.084  0.36  0.4  53  2.5616  0
27.003  23.9578  1919.69  94.9134  164.422  0.38  0.4  53  2.5616  0
27.052  24.0866  1918.91  96.0418  201.974  0.38  0.4  53  2.5616  0
27.101  24.0866  1957.83  89.7578  8.276  0.37  0.4  53  2.5616  0
27.15  24.0866  1936.1  95.0056  168.931  0.38  0.4  53  2.5616  0
27.198  24.2154  1909.28  96.3335  210.623  0.38  0.4  53  2.5616  0
27.247  24.2154  1884.03  94.0511  133.098  0.38  0.4  53  2.5616  0
27.296  24.2154  2013.18  89.6549  12.127  0.36  0.4  53  2.5616  0
27.345  24.3442  1890  96.1559  202.672  0.38  0.4  53  2.5616  0
27.393  24.3442  1984.92  89.8992  3.492  0.36  0.4  53  2.5616  0
27.442  24.3442  1934.48  94.6996  158.495  0.38  0.4  53  2.5616  0
27.491  24.473  1817.19  89.9905  0.3  0.4  0.4  53  2.5616  0
27.54  24.473  1919.69  94.9134  164.422  0.38  0.4  53  2.5616  0
27.588  24.473  1917.81  96.1436  205.246  0.38  0.4  53  2.5616  0
27.637  24.6018  1878.9  95.3998  176.813  0.39  0.4  53  2.5616  0
27.686  24.6018  1930.46  94.847  163.114  0.38  0.4  53  2.5616  0
27.735  24.6018  1898.85  95.1115  169.177  0.38  0.4  53  2.5616  0
27.784  24.7306  1830.58  90.0113  0.362  0.4  0.4  53  2.5616  0
27.833  24.7306  2021.03  89.6136  13.63  0.36  0.4  53  2.5616  0
27.881  24.7306  1888.2  95.1297  168.827  0.38  0.4  53  2.5616  0
27.93  24.8594  2020.01  89.9654  1.221  0.36  0.4  53  2.5616  0
27.979  24.8594  1934.37  95.9557  200.709  0.38  0.4  53  2.5616  0
28.027  24.8594  1956.88  89.9497  1.718  0.37  0.4  53  2.5616  0
28.076  24.9882  2030.26  89.9902  0.348  0.36  0.4  53  2.5616  0
28.125  24.9882  1925.71  96.148  206.237  0.38  0.4  53  2.5616  0
28.174  24.9882  1879.7  95.2542  172.133  0.39  0.4  53  2.5616  0
28.222  25.117  1937.41  94.9493  167.148  0.37  0.4  53  2.5616  0
28.271  25.117  1903.91  96.1729  204.726  0.38  0.4  53  2.5616  0
28.32  25.117  1879.63  94.0808  133.761  0.39  0.4  53  2.5616  0
28.369  25.2458  2016.74  89.6748  11.447  0.36  0.4  53  2.5616  0
28.417  25.2458  1882.52  95.2117  171.002  0.39  0.4  53  2.5616  0
28.466  25.2458  1986.44  89.8913  3.768  0.36  0.4  53  2.5616  0
28.515  25.3746  1930.08  94.7753  160.675  0.38  0.4  53  2.5616  0
28.564  25.3746  1955.4  89.9574  1.453  0.37  0.4  53  2.5616  0
28.612  25.3746  1924.29  94.885  163.867  0.38  0.4  53  2.5616  0
28.661  25.5034  1911.9  96.2239  207.277  0.38  0.4  53  2.5616  0
28.71  25.5034  1882.19  95.145  168.788  0.39  0.4  53  2.5616  0
28.759  25.5034  1932.99  95.0245  169.294  0.38  0.4  53  2.5616  0
28.807  25.6323  1905  96.0719  201.503  0.38  0.4  53  2.5616  0
28.856  25.6323  2002.27  89.9797  0.709  0.36  0.4  53  2.5616  0
28.905  25.6323  2018.04  89.7839  7.61  0.36  0.4  53  2.5616  0
28.954  25.7611  1894.68  96.1769  203.865  0.38  0.4  53  2.5616  0
29.002  25.7611  2018.95  90.009  0.317  0.36  0.4  53  2.5616  0
29.051  25.7611  1929.27  94.9249  165.626  0.38  0.4  53  2.5616  0
29.1  25.8899  1955.4  89.9574  1.453  0.37  0.4  53  2.5616  0
29.149  25.8899  1923.8  94.792  160.71  0.38  0.4  53  2.5616  0
29.197  26.0187  1927.47  96.1864  207.71  0.38  0.4  53  2.5616  0
29.246  26.0187  1888.78  95.2458  172.687  0.38  0.4  53  2.5616  0
29.296  26.0187  2022.87  89.4874  18.096  0.36  0.4  53  2.5616  0
29.345  26.1475  1901.38  95.001  165.75  0.38  0.4  53  2.5616  0
29.393  26.1475  1888.18  93.9757  130.914  0.38  0.4  53  2.5616  0
29.442  26.1475  2024.35  89.7513  8.786  0.36  0.4  53  2.5616  0
29.491  26.2763  1886.95  95.1846  170.513  0.38  0.4  53  2.5616  0
29.54  26.2763  1995.34  89.9595  1.41  0.36  0.4  53  2.5616  0
29.588  26.2763  1927.73  94.9343  165.811  0.38  0.4  53  2.5616  0
29.637  26.4051  1963.21  89.954  1.575  0.37  0.4  53  2.5616  0
29.686  26.4051  2046.44  89.9474  1.88  0.35  0.4  53  2.5616  0
29.735  26.4051  1920.39  96.3687  213.022  0.38  0.4  53  2.5616  0
29.783  26.5339  1885.59  95.2181  171.49  0.39  0.4  53  2.5616  0
29.832  26.5339  2014.56  89.4929  17.829  0.36  0.4  53  2.5616  0
29.881  26.5339  1893.39  96.2313  205.513  0.38  0.4  53  2.5616  0
29.93  26.6627  1833.62  90.0315  1.007  0.39  0.4  53  2.5616  0
29.979  26.6627  1932.93  94.7093  158.694  0.38  0.4  53  2.5616  0
30.028  26.6627  1881.84  95.075  166.467  0.39  0.4  53  2.5616  0
30.077  26.7915  2020.49  90.0012  0.042  0.36  0.4  53  2.5616  0
30.125  26.7915  1930.08  94.7753  160.675  0.38  0.4  53  2.5616  0
30.174  26.7915  1956.35  89.7657  8  0.37  0.4  53  2.5616  0
30.223  26.9203  1928.67  94.8099  161.718  0.38  0.4  53  2.5616  0
30.272  26.9203  1912.32  96.3169  210.409  0.38  0.4  53  2.5616  0
30.32  26.9203  1882.42  95.1906  170.3  0.39  0.4  53  2.5616  0
30.369  27.0491  1934.78  95.0619  170.71  0.38  0.4  53  2.5616  0
30.418  27.0491  1898.39  95.0196  166.101  0.38  0.4  53  2.5616  0
30.467  27.0491  2010.34  89.9765  0.826  0.36  0.4  53  2.5616  0
30.515  27.1779  1938.13  94.4831  151.495  0.37  0.4  53  2.5616  0
30.564  27.1779  1885.24  95.148  169.16  0.39  0.4  53  2.5616  0
30.613  27.1779  1850.21  90.0182  0.587  0.39  0.4  53  2.5616  0
30.662  27.3067  1936.15  95.9941  202.183  0.38  0.4  53  2.5616  0
30.71  27.3067  1954.87  89.7736  7.726  0.37  0.4  53  2.5616  0
30.759  27.3067  1933.06  94.7343  159.547  0.38  0.4  53  2.5616  0
30.808  27.4355  1918.44  96.2836  209.973  0.38  0.4  53  2.5616  0
30.857  27.4355  1888.32  95.1543  169.642  0.38  0.4  53  2.5616  0
30.905  27.4355  2014.31  89.6103  13.701  0.36  0.4  53  2.5616  0
30.954  27.5643  1901.71  96.3747  211.148  0.38  0.4  53  2.5616  0
31.003  27.5643  1898.39  90.0248  0.822  0.38  0.4  53  2.5616  0
31.052  27.5643  2018.04  89.7839  7.61  0.36  0.4  53  2.5616  0
31.101  27.6931  1885.33  94.865  159.892  0.39  0.4  53  2.5616  0
31.15  27.6931  2027.15  90.0058  0.207  0.36  0.4  53  2.5616  0
31.199  27.6931  1925.94  94.8972  164.413  0.38  0.4  53  2.5616  0
31.247  27.8219  1963.09  89.8048  6.688  0.37  0.4  53  2.5616  0
31.296  27.8219  1935.11  94.8183  162.541  0.38  0.4  53  2.5616  0
31.345  27.8219  1916.9  96.292  210.083  0.38  0.4  53  2.5616  0
31.394  27.9507  1886.61  95.1177  168.289  0.38  0.4  53  2.5616  0
31.443  27.9507  2021.03  89.6136  13.63  0.36  0.4  53  2.5616  0
31.491  27.9507  1891.49  96.1475  202.558  0.38  0.4  53  2.5616  0
31.54  28.0796  1835.1  90.0238  0.763  0.39  0.4  53  2.5616  0
31.589  28.0796  1930.33  94.822  162.263  0.38  0.4  53  2.5616  0
31.638  28.0796  1964.3  89.9109  3.054  0.37  0.4  53  2.5616  0
31.687  28.2084  2009.71  89.9243  2.656  0.36  0.4  53  2.5616  0
31.736  28.2084  1925.07  96.0075  201.476  0.38  0.4  53  2.5616  0
31.785  28.2084  1886.49  95.401  177.566  0.39  0.4  53  2.5616  0
31.833  28.3372  1928.91  94.8565  163.303  0.38  0.4  53  2.5616  0
31.882  28.3372  1910.38  96.2322  207.389  0.38  0.4  53  2.5616  0
31.931  28.3372  1886.38  95.072  166.771  0.39  0.4  53  2.5616  0
31.98  28.466  2009.62  89.635  12.802  0.36  0.4  53  2.5616  0
32.029  28.466  1886.72  95.1389  168.994  0.38  0.4  53  2.5616  0
32.077  28.466  1986.44  89.8913  3.768  0.36  0.4  53  2.5616  0
32.126  28.5948  1936.03  94.6899  158.297  0.37  0.4  53  2.5616  0
32.175  28.5948  1986.55  90.0024  0.084  0.36  0.4  53  2.5616  0
32.224  28.5948  2028.7  89.998  0.07  0.36  0.4  53  2.5616  0
32.272  28.7236  1930.79  96.2164  209.073  0.38  0.4  53  2.5616  0
32.321  28.7236  1956.75  89.8009  6.798  0.37  0.4  53  2.5616  0
32.37  28.7236  1929.16  94.9032  164.89  0.38  0.4  53  2.5616  0
32.419  28.8524  1912.8  96.0759  202.462  0.38  0.4  53  2.5616  0
32.467  28.8524  1823.25  90.0494  1.572  0.4  0.4  53  2.5616  0
32.516  28.8524  2024.35  89.7513  8.786  0.36  0.4  53  2.5616  0
32.565  28.9812  1893.39  96.2313  205.513  0.38  0.4  53  2.5616  0
32.614  28.9812  2015.4  89.9888  0.394  0.36  0.4  53  2.5616  0
32.662  28.9812  1925.7  94.8506  162.832  0.38  0.4  53  2.5616  0
32.711  29.11  1961.73  89.9618  1.309  0.37  0.4  53  2.5616  0
32.76  29.11  2035.42  90.0027  0.095  0.36  0.4  53  2.5616  0
32.809  29.11  1918.52  94.9908  166.904  0.38  0.4  53  2.5616  0
32.858  29.2388  1887.74  95.3463  175.89  0.38  0.4  53  2.5616  0
32.906  29.2388  1934.78  95.0619  170.71  0.38  0.4  53  2.5616  0
32.955  29.2388  1911.9  96.2239  207.277  0.38  0.4  53  2.5616  0
33.004  29.3676  1884.68  95.0355  165.425  0.39  0.4  53  2.5616  0
33.053  29.3676  2015.61  89.7193  9.873  0.36  0.4  53  2.5616  0
33.101  29.4964  1885.47  95.1936  170.677  0.39  0.4  53  2.5616  0
33.15  29.4964  1989.91  89.9114  3.079  0.36  0.4  53  2.5616  0
33.199  29.4964  1932.12  94.8591  163.662  0.38  0.4  53  2.5616  0
33.248  29.6252  1880  90.0271  0.89  0.38  0.4  53  2.5616  0
33.296  29.6252  1917.68  94.8301  161.47  0.38  0.4  53  2.5616  0
33.345  29.6252  1923.05  96.2585  209.64  0.38  0.4  53  2.5616  0
33.394  29.754  1881.84  95.382  176.508  0.39  0.4  53  2.5616  0
33.443  29.754  1934.05  94.9214  165.922  0.38  0.4  53  2.5616  0
33.492  29.754  1905.42  96.1645  204.612  0.38  0.4  53  2.5616  0
33.541  29.8828  1882.31  94.0156  131.816  0.39  0.4  53  2.5616  0
33.589  29.8828  2020.76  89.7312  9.48  0.36  0.4  53  2.5616  0
33.638  29.8828  1884.33  94.9655  163.098  0.39  0.4  53  2.5616  0
33.687  30.0116  1841.04  89.9931  0.222  0.39  0.4  53  2.5616  0
33.736  30.0116  1941.07  96.0152  203.409  0.37  0.4  53  2.5616  0
33.785  30.0116  1811.41  90.0209  0.66  0.4  0.4  53  2.5616  0
33.833  30.1404  2033.86  90.0105  0.374  0.36  0.4  53  2.5616  0
33.882  30.1404  1920.45  96.0333  201.85  0.38  0.4  53  2.5616  0
33.931  30.1404  1882.42  95.1906  170.3  0.39  0.4  53  2.5616  0
33.98  30.2692  1933.23  95.0713  170.889  0.38  0.4  53  2.5616  0
34.028  30.2692  1906.51  96.0634  201.383  0.38  0.4  53  2.5616  0
34.077  30.2692  1885.24  93.9957  131.367  0.38  0.4  53  2.5616  0
34.126  30.3981  1987.05  89.9437  1.952  0.36  0.4  53  2.5616  0
34.175  30.3981  1846.77  95.201  167.409  0.39  0.4  53  2.5616  0
34.223  30.3981  1974.32  89.9541  1.582  0.37  0.4  53  2.5616  0
34.272  30.5269  1997.22  89.7003  10.446  0.36  0.4  53  2.5616  0
34.321  30.5269  1817.24  90.0094  0.297  0.4  0.4  53  2.5616  0
34.37  30.5269  1917.92  94.8764  163.038  0.38  0.4  53  2.5616  0
34.418  30.6557  1908.68  94.9082  163.306  0.38  0.4  53  2.5616  0
34.467  30.6557  1797.02  90.0611  1.917  0.4  0.4  53  2.5616  0
34.516  30.6557  2036.51  89.9587  1.468  0.36  0.4  53  2.5616  0
34.565  30.7845  1835.1  90.0238  0.763  0.39  0.4  53  2.5616  0
34.613  30.7845  1935.43  89.0426  32.339  0.37  0.4  53  2.5616  0
34.662  30.7845  1991.92  89.8045  6.798  0.36  0.4  53  2.5616  0
34.711  30.9133  1857.39  95.2734  170.71  0.39  0.4  53  2.5616  0
34.76  30.9133  1994.73  90.0183  0.636  0.36  0.4  53  2.5616  0
34.808  30.9133  1913.85  96.3086  210.301  0.38  0.4  53  2.5616  0
34.857  31.0421  1836.98  94.1401  132.622  0.39  0.4  53  2.5616  0
34.906  31.0421  1992.14  89.8237  6.13  0.36  0.4  53  2.5616  0
34.955  31.0421  1974.79  89.856  4.962  0.37  0.4  53  2.5616  0
35.003  31.1709  1938.13  89.1391  29.121  0.37  0.4  53  2.5616  0
35.052  31.1709  2013.98  89.864  4.78  0.36  0.4  53  2.5616  0
35.101  31.1709  1876.76  94.9661  162.462  0.39  0.4  53  2.5616  0
35.15  31.2997  1856.48  93.9591  128.178  0.39  0.4  53  2.5616  0
35.198  31.2997  1984.82  89.6136  13.387  0.36  0.4  53  2.5616  0
35.247  31.2997  1885.55  96.1808  203.011  0.39  0.4  53  2.5616  0
35.296  31.4285  1833.62  90.0315  1.007  0.39  0.4  53  2.5616  0
35.345  31.4285  1921.15  94.5908  153.766  0.38  0.4  53  2.5616  0
35.393  31.4285  1977.19  90.0131  0.453  0.37  0.4  53  2.5616  0
35.442  31.5573  1940.37  88.9388  35.937  0.37  0.4  53  2.5616  0
35.491  31.5573  1915.29  94.6758  156.128  0.38  0.4  53  2.5616  0
35.54  31.5573  1877.41  93.955  129.49  0.39  0.4  53  2.5616  0
35.588  31.6861  2004.91  88.7135  45.015  0.36  0.4  53  2.5616  0
35.637  31.6861  1887.97  95.392  177.412  0.38  0.4  53  2.5616  0
35.686  31.6861  1974.24  89.6702  11.365  0.37  0.4  53  2.5616  0
35.735  31.8149  1947.99  94.8101  163.345  0.37  0.4  53  2.5616  0
35.783  31.8149  1847.42  95.3352  171.778  0.39  0.4  53  2.5616  0
35.832  31.8149  1893.57  94.9802  164.382  0.38  0.4  53  2.5616  0
35.881  31.9437  1942.2  95.9121  200.052  0.37  0.4  53  2.5616  0
35.93  31.9437  1818.69  90.0018  0.057  0.4  0.4  53  2.5616  0
35.978  31.9437  2003.07  89.92  2.799  0.36  0.4  53  2.5616  0
36.027  32.0725  2000.57  89.5676  15.096  0.36  0.4  53  2.5616  0
36.076  32.0725  1887.3  95.2548  172.848  0.38  0.4  53  2.5616  0
36.125  32.0725  1913.28  94.5929  153.205  0.38  0.4  53  2.5616  0
36.174  32.2013  1924.85  95.9607  199.889  0.38  0.4  53  2.5616  0
36.223  32.2013  1962.31  88.8094  40.772  0.37  0.4  53  2.5616  0
36.272  32.2013  1901.27  94.9797  165.035  0.38  0.4  53  2.5616  0
36.321  32.3301  1883.62  94.8287  158.559  0.39  0.4  53  2.5616  0
36.369  32.3301  1971.31  89.0235  33.594  0.37  0.4  53  2.5616  0
36.418  32.3301  1972.47  89.7928  7.132  0.37  0.4  53  2.5616  0
36.467  32.4589  1868.91  95.5069  179.35  0.39  0.4  53  2.5616  0
36.516  32.4589  1999.42  89.7476  8.809  0.36  0.4  53  2.5616  0
36.564  32.4589  1802.71  90.0312  0.98  0.4  0.4  53  2.5616  0
36.613  32.5877  1974.04  90.0121  0.417  0.37  0.4  53  2.5616  0
36.662  32.5877  2011.44  89.5096  17.215  0.36  0.4  53  2.5616  0
36.711  32.5877  1872.6  96.6734  217.613  0.39  0.4  53  2.5616  0
36.76  32.7165  1885.24  93.9957  131.367  0.38  0.4  53  2.5616  0
36.808  32.7165  1916.57  94.6198  154.367  0.38  0.4  53  2.5616  0
36.857  32.7165  1887.97  95.084  167.306  0.38  0.4  53  2.5616  0
36.906  32.8454  1980.76  89.0075  34.308  0.37  0.4  53  2.5616  0
36.955  32.8454  1959.9  94.5901  156.846  0.37  0.4  53  2.5616  0
37.004  32.8454  1867.37  95.19  168.919  0.39  0.4  53  2.5616  0
37.053  32.9742  2004.62  89.912  3.079  0.36  0.4  53  2.5616  0
37.102  32.9742  1914.02  94.7316  157.884  0.38  0.4  53  2.5616  0
37.151  32.9742  1986.33  89.9861  0.482  0.36  0.4  53  2.5616  0.65
37.2  33.103  1908.68  94.9082  163.306  0.38  0.4  53  2.5616  0.65
37.248  33.103  1805.57  90.0161  0.508  0.4  0.4  53  2.5616  0.65
37.297  33.103  1959.18  88.9417  36.185  0.37  0.4  53  2.5616  0.65
37.346  33.2318  1963.35  94.6178  158.066  0.37  0.4  53  2.5616  0.65
37.394  33.2318  1873.49  95.526  180.413  0.39  0.4  53  2.5616  0.85
37.443  33.2318  1884.16  94.0754  133.906  0.38  0.4  53  2.5616  2.05
37.492  33.3606  1921.3  96.2201  208.17  0.38  0.4  53  2.5616  2.05
37.541  33.3606  1843.92  95.5195  177.358  0.39  0.4  53  2.5616  2.05
37.59  33.3606  1968.68  88.81  40.885  0.37  0.4  53  2.5616  2.05
37.638  33.4894  1900.99  96.2111  205.672  0.38  0.4  53  2.5616  2.05
37.687  33.4894  1887.3  95.2548  172.848  0.38  0.4  53  2.5616  2.05
37.736  33.6182  1978.18  89.0605  32.434  0.37  0.4  53  2.5616  2.05
37.785  33.6182  1878.99  94.8112  157.597  0.39  0.4  53  2.5616  2.05
37.833  33.6182  1895.63  95.3932  178.171  0.38  0.4  53  2.5616  2.05
37.882  33.747  2013.61  89.6912  10.853  0.36  0.4  53  2.5616  2.05
37.931  33.747  1856.73  95.1385  166.295  0.39  0.4  53  2.5616  2.05
37.98  33.747  2024.05  90.0215  0.758  0.36  0.4  53  2.5616  2.05
38.028  33.8758  1935.03  96.0968  205.516  0.38  0.4  53  2.5616  2.05
38.077  33.8758  1966.41  89.9575  1.459  0.37  0.4  53  2.5616  2.05
38.126  33.8758  1935.26  95.1556  173.906  0.38  0.4  53  2.5616  2.05
38.175  34.0046  1904.93  96.4047  212.495  0.38  0.4  53  2.5616  2.05
38.223  34.0046  1947.26  89.124  29.772  0.37  0.4  53  2.5616  2.05
38.272  34.0046  2001.58  89.7923  7.255  0.36  0.4  53  2.5616  2.05
38.321  34.1334  1940.62  89.8866  3.842  0.37  0.4  53  2.5616  2.05
38.37  34.1334  1983.36  90.0014  0.049  0.36  0.4  53  2.5616  2.05
38.418  34.1334  1920.89  95.1459  172.288  0.38  0.4  53  2.5616  2.05
38.467  34.2622  1875.3  94.9753  162.636  0.39  0.4  53  2.5616  2.05
38.516  34.2622  1980.69  89.6736  11.283  0.37  0.4  53  2.5616  2.05
38.565  34.2622  1923.11  94.9626  166.361  0.38  0.4  53  2.5616  2.05
38.614  34.391  1852.23  95.1205  165.312  0.39  0.4  53  2.5616  2.05
38.662  34.391  1927.37  94.866  163.492  0.38  0.4  53  2.5616  2.05
38.711  34.391  1995.83  89.8604  4.863  0.36  0.4  53  2.5616  2.05
38.76  34.5198  1969.41  89.9419  1.996  0.37  0.4  53  2.5616  2.05
38.809  34.5198  1954.7  94.8439  165.059  0.37  0.4  53  2.5616  2.05
38.858  34.5198  1882.87  95.2818  173.326  0.39  0.4  53  2.5616  2.05
38.906  34.6486  1956.36  87.9672  69.397  0.37  0.4  53  2.5616  2.05
38.955  34.6486  1922.79  94.6026  154.294  0.38  0.4  53  2.5616  2.05
39.004  34.6486  1798.43  90.0536  1.684  0.4  0.4  53  2.5616  2.05
39.053  34.7774  1980.32  88.9718  35.537  0.37  0.4  53  2.5616  2.05
39.101  34.7774  1922.68  94.5811  153.563  0.38  0.4  53  2.5616  2.05
39.151  34.7774  1889.58  95.0994  167.952  0.38  0.4  53  2.5616  2.05
39.199  34.9062  2009.39  88.8044  41.927  0.36  0.4  53  2.5616  2.05
39.248  34.9062  1899.1  96.4836  214.444  0.38  0.4  53  2.5616  2.05
39.297  34.9062  1892.31  95.0352  166.085  0.38  0.4  53  2.5616  2.05
39.346  35.035  1903.48  95.1086  169.492  0.38  0.4  53  2.5616  2.05
39.394  35.035  1921.92  96.3604  212.916  0.38  0.4  53  2.5616  2.05
39.443  35.035  1970.62  87.8365  74.395  0.37  0.4  53  2.5616  2.05
39.492  35.1638  1989.27  89.8563  4.99  0.36  0.4  53  2.5616  2.05
39.541  35.1638  1852.09  93.9647  128.056  0.39  0.4  53  2.5616  2.05
39.589  35.1638  1983.53  87.8309  75.073  0.36  0.4  53  2.5616  2.05
39.638  35.2927  1896.19  94.8911  161.674  0.38  0.4  53  2.5616  2.05
39.687  35.2927  1882.28  95.4733  179.534  0.39  0.4  53  2.5616  2.05
39.736  35.2927  1838.16  90.044  1.412  0.39  0.4  53  2.5616  2.05
39.785  35.4215  1861.97  94.7088  152.851  0.39  0.4  53  2.5616  2.05
39.833  35.4215  1898.39  95.3292  176.321  0.38  0.4  53  2.5616  2.05
39.882  35.4215  1986.92  89.7926  7.193  0.36  0.4  53  2.5616  2.05
39.931  35.5503  1858.4  96.4719  209.473  0.39  0.4  53  2.5616  2.05
39.98  35.5503  1989.08  89.8396  5.567  0.36  0.4  53  2.5616  2.05
40.028  35.5503  1939.5  96.0239  203.536  0.38  0.4  53  2.5616  2.05
40.077  35.6791  1867.45  95.5156  179.495  0.39  0.4  53  2.5616  2.05
40.126  35.6791  1919.83  95.2481  175.605  0.38  0.4  53  2.5616  2.05
40.175  35.6791  1903.34  94.488  148.936  0.38  0.4  53  2.5616  2.05
40.224  35.8079  1852.71  94.0779  131.75  0.39  0.4  53  2.5616  2.05
40.272  35.8079  1895.29  95.0168  165.738  0.38  0.4  53  2.5616  2.05
40.321  35.8079  1902.11  96.4673  214.248  0.38  0.4  53  2.5616  2.05
40.37  35.9367  1864.92  95.2983  172.207  0.39  0.4  53  2.5616  2.05
40.419  35.9367  1964.67  95.836  199.77  0.37  0.4  53  2.5616  2.15
40.467  35.9367  1868.48  95.1115  166.469  0.39  0.4  53  2.5616  2.15
40.516  36.0655  2010.34  89.9765  0.826  0.36  0.4  53  2.5616  2.15
40.565  36.0655  1926.99  94.7944  161.06  0.38  0.4  53  2.5616  2.15
40.614  36.0655  1884.68  95.0355  165.425  0.39  0.4  53  2.5616  2.15
40.663  36.1943  1998.58  88.8667  39.529  0.36  0.4  53  2.5616  4.5999
40.712  36.1943  1916.03  94.8147  160.819  0.38  0.4  53  2.5616  4.7999
40.76  36.1943  1929.91  89.2237  26.148  0.37  0.4  53  2.5616  4.7999
40.809  36.3231  2033.38  89.9745  0.906  0.36  0.4  53  2.5616  4.7999
40.858  36.3231  1892.42  95.0565  166.794  0.38  0.4  53  2.5616  4.7999
40.907  36.3231  1877.56  95.1267  167.777  0.39  0.4  53  2.5616  4.7999
40.955  36.4519  1925.73  95.1647  173.352  0.38  0.4  53  2.5616  4.9999
41.004  36.4519  1855.52  95.1924  167.925  0.39  0.4  53  2.5616  4.9999
41.053  36.4519  1844.22  90.049  1.577  0.39  0.4  53  2.5616  4.9999
41.102  36.5807  1982.77  89.8522  5.115  0.36  0.4  53  2.5616  4.9999
41.15  36.5807  1879.7  95.2542  172.133  0.39  0.4  53  2.5616  4.9999
41.199  36.5807  1992.63  88.7851  42.25  0.36  0.4  53  2.5616  4.9999
41.248  36.7095  1982.66  89.9474  1.819  0.36  0.4  53  2.5616  4.9999
41.297  36.7095  1811.46  90.0397  1.254  0.4  0.4  53  2.5616  4.9999
41.346  36.7095  1922.42  95.1366  172.116  0.38  0.4  53  2.5616  4.9999
41.394  36.8383  1903.02  96.3202  209.493  0.38  0.4  53  2.5616  4.9999
41.443  36.8383  1958.57  89.9609  1.338  0.37  0.4  53  2.5616  4.9999
41.492  36.8383  1923.57  94.4535  149.365  0.38  0.4  53  2.5616  4.9999
41.541  36.9671  1878.68  95.0478  165.298  0.39  0.4  53  2.5616  4.9999
41.59  36.9671  1922.89  95.2298  175.272  0.38  0.4  53  2.5616  4.9999
41.638  36.9671  1900.91  94.909  162.668  0.38  0.4  53  2.5616  4.9999
41.687  37.0959  1844.13  95.5643  178.811  0.39  0.4  53  2.5616  4.9999
41.736  37.0959  1879.12  93.9903  130.763  0.39  0.4  53  2.5616  4.9999
41.785  37.0959  1888.52  94.892  161.049  0.38  0.4  53  2.5616  4.9999
41.834  37.2247  1792.55  89.9981  0.06  0.4  0.4  53  2.5616  4.9999
41.883  37.2247  2025.45  89.844  5.516  0.36  0.4  53  2.5616  4.9999
41.931  37.3535  1858.71  94.9405  160.074  0.39  0.4  53  2.5616  4.9999
41.98  37.3535  1891.97  95.2735  173.891  0.38  0.4  53  2.5616  4.9999
42.029  37.3535  1915.01  95.2292  174.535  0.38  0.4  53  2.5616  4.9999
42.078  37.4823  1893.99  94.763  157.266  0.38  0.4  53  2.5616  4.9999
42.127  37.4823  1876.77  95.2722  172.451  0.39  0.4  53  2.5616  4.9999
42.175  37.4823  1897.12  95.0747  167.81  0.38  0.4  53  2.5616  4.9999
42.224  37.6111  1862.25  94.1985  136.339  0.39  0.4  53  2.5616  4.9999
42.273  37.6111  1923.96  95.1273  171.943  0.38  0.4  53  2.5616  4.9999
42.322  37.6111  1997.49  89.9839  0.562  0.36  0.4  53  2.5616  4.9999
42.37  37.74  2006.89  89.8237  6.176  0.36  0.4  53  2.5616  4.9999
42.419  37.74  1918.59  94.7029  157.302  0.38  0.4  53  2.5616  4.9999
42.468  37.74  1785.47  90.0169  0.527  0.41  0.4  53  2.5616  4.9999
42.516  37.8688  1927.84  89.0497  31.974  0.38  0.4  53  2.5616  4.9999
42.565  37.8688  1905  96.0719  201.503  0.38  0.4  53  2.5616  4.9999
42.614  37.8688  1848.95  95.0489  162.718  0.39  0.4  53  2.5616  4.9999
42.663  37.9976  1985.74  89.0174  34.052  0.36  0.4  53  2.5616  4.9999
42.711  37.9976  1895.95  94.8453  160.141  0.38  0.4  53  2.5616  4.9999
42.76  37.9976  1868.79  94.8762  158.854  0.39  0.4  53  2.5616  4.9999
42.809  38.1264  1953.72  89.0113  33.713  0.37  0.4  53  2.5616  4.9999
42.858  38.1264  1970.97  89.8008  6.854  0.37  0.4  53  2.5616  4.9999
42.906  38.1264  1878.01  95.2177  170.787  0.39  0.4  53  2.5616  4.9999
42.955  38.2552  2021.29  89.4958  17.786  0.36  0.4  53  2.5616  4.9999
43.004  38.2552  2000.88  89.8725  4.453  0.36  0.4  53  2.5616  4.9999
43.053  38.2552  1962.14  88.9245  36.83  0.37  0.4  53  2.5616  4.9999
43.102  38.384  1916.07  96.1055  203.791  0.38  0.4  53  2.5616  4.9999
43.15  38.384  1936.27  89.9096  3.053  0.37  0.4  53  2.5616  4.9999
43.199  38.384  1955.81  88.9235  36.743  0.37  0.4  53  2.5616  4.9999
43.248  38.5128  1893.21  94.9098  162.035  0.38  0.4  53  2.5616  4.9999
43.297  38.5128  1986.55  90.0024  0.084  0.36  0.4  53  2.5616  4.9999
43.346  38.5128  1921.64  94.6837  156.91  0.38  0.4  53  2.5616  4.9999
43.395  38.6416  1983.59  89.9237  2.643  0.36  0.4  53  2.5616  4.9999
43.444  38.6416  1920.73  89.3502  21.782  0.38  0.4  53  2.5616  4.9999
43.492  38.6416  2039.42  89.5952  14.408  0.35  0.4  53  2.5616  4.9999
43.541  38.7704  1917.32  96.3853  213.232  0.38  0.4  53  2.5616  4.9999
43.59  38.7704  1866.2  94.1034  133.54  0.39  0.4  53  2.5616  4.9999
43.639  38.7704  1913.7  94.9726  165.878  0.38  0.4  53  2.5616  4.9999
43.688  38.8992  1854.71  95.6387  182.236  0.39  0.4  53  2.5616  4.9999
43.736  38.8992  1914.87  94.8954  163.408  0.38  0.4  53  2.5616  4.9999
43.785  38.8992  1905.66  94.927  163.669  0.38  0.4  53  2.5616  4.9999
43.834  39.028  1836.29  94.2825  137.124  0.4  0.4  53  2.5616  4.9999
43.883  39.028  1989.08  87.7561  77.881  0.36  0.4  53  2.5616  4.9999
43.932  39.028  1892.71  96.4238  211.759  0.38  0.4  53  2.5616  4.9999
43.98  39.1568  1966.59  88.8985  37.804  0.37  0.4  53  2.5616  4.9999
44.029  39.1568  1943.66  94.9112  166.4  0.37  0.4  53  2.5616  4.9999
44.078  39.1568  1876.99  95.3176  173.955  0.39  0.4  53  2.5616  4.9999
44.127  39.2856  1962.14  88.9245  36.83  0.37  0.4  53  2.5616  4.9999
44.175  39.2856  1917.97  94.2976  143.728  0.38  0.4  53  2.5616  4.9999
44.224  39.2856  1952.26  89.0198  33.398  0.37  0.4  53  2.5616  4.9999
44.273  39.4144  1956.24  88.9589  35.545  0.37  0.4  53  2.5616  4.9999
44.322  39.4144  1975.48  89.7769  7.691  0.37  0.4  53  2.5616  4.9999
44.37  39.4144  1975.51  90.0045  0.155  0.37  0.4  53  2.5616  4.9999
44.419  39.5432  1931.92  94.5225  152.332  0.38  0.4  53  2.5616  4.9999
44.468  39.5432  1880.05  96.3054  206.482  0.39  0.4  53  2.5616  4.9999
44.517  39.5432  1872.39  95.299  172.921  0.39  0.4  53  2.5616  4.9999
44.565  39.672  2025.93  89.7432  9.082  0.36  0.4  53  2.5616  4.9999
44.614  39.672  1867.25  95.1657  168.121  0.39  0.4  53  2.5616  4.9999
44.663  39.672  1988.82  89.1358  29.998  0.36  0.4  53  2.5616  4.9999
44.712  39.8008  1994.57  89.7525  8.617  0.36  0.4  53  2.5616  4.9999
44.76  39.8008  1941.41  89.9565  1.476  0.37  0.4  53  2.5616  4.9999
44.809  39.8008  1994.73  90.0183  0.636  0.36  0.4  53  2.5616  4.9999
44.858  39.9296  1999.33  89.8804  4.172  0.36  0.4  53  2.5616  4.9999
44.907  39.9296  1855.1  94.2469  137.379  0.39  0.4  53  2.5616  4.9999
44.955  39.9296  1937.16  94.9024  165.547  0.37  0.4  53  2.5616  4.9999
45.004  40.0584  1903.12  95.3483  177.389  0.38  0.4  53  2.5616  4.9999
45.053  40.0584  1855.8  94.103  132.782  0.39  0.4  53  2.5616  4.9999
45.102  40.0584  1939.7  95.0806  171.776  0.37  0.4  53  2.5616  4.9999
45.151  40.1873  1859.81  95.4689  177.251  0.39  0.4  53  2.5616  4.9999
45.2  40.1873  1876.6  94.0796  133.505  0.39  0.4  53  2.5616  4.9999
45.248  40.1873  1909.22  94.7141  156.906  0.38  0.4  53  2.5616  4.9999
45.297  40.3161  1938.11  89.9368  2.136  0.37  0.4  53  2.5616  4.9999
45.346  40.3161  1981.83  88.9631  35.864  0.37  0.4  53  2.5616  4.9999
45.395  40.3161  1894.37  95.139  169.683  0.38  0.4  53  2.5616  4.9999
45.444  40.4449  1937.33  89.8671  4.494  0.37  0.4  53  2.5616  4.9999
45.492  40.4449  1939.46  95.0337  170.17  0.37  0.4  53  2.5616  4.9999
45.541  40.4449  1909.39  95.0468  167.969  0.38  0.4  53  2.5616  4.9999
45.59  40.5737  1956.84  88.8796  38.263  0.37  0.4  53  2.5616  4.9999
45.639  40.5737  2037.47  90.0309  1.1  0.36  0.4  53  2.5616  4.9999
45.688  40.7025  1881.72  96.343  207.893  0.39  0.4  53  2.5616  4.9999
45.736  40.7025  1967.59  87.972  69.628  0.37  0.4  53  2.5616  4.9999
45.785  40.7025  1908.68  94.9082  163.306  0.38  0.4  53  2.5616  4.9999
45.834  40.8313  1869.7  95.0571  164.813  0.39  0.4  53  2.5616  4.9999
45.883  40.8313  1915.01  95.2292  174.535  0.38  0.4  53  2.5616  4.9999
45.931  40.8313  1898.15  94.9736  164.564  0.38  0.4  53  2.5616  4.9999
45.98  40.9601  1807  90.0086  0.27  0.4  0.4  53  2.5616  4.9999
46.029  40.9601  1918.16  94.9229  164.606  0.38  0.4  53  2.5616  4.9999
46.078  40.9601  1873.3  94.5884  149.86  0.39  0.4  53  2.5616  4.9999
46.127  41.0889  1978.99  88.8645  39.219  0.37  0.4  53  2.5616  4.9999
46.175  41.0889  1995.95  89.5923  14.203  0.36  0.4  53  2.5616  4.9999
46.224  41.0889  1898.7  96.3911  211.354  0.38  0.4  53  2.5616  4.9999
46.273  41.2177  1951.06  87.9247  70.654  0.37  0.4  53  2.5616  4.9999
46.322  41.2177  1994.99  89.7884  7.366  0.36  0.4  53  2.5616  4.9999
46.371  41.2177  1799.77  90.0114  0.357  0.4  0.4  53  2.5616  4.9999
46.42  41.3465  1903.25  95.0625  167.946  0.38  0.4  53  2.5616  4.9999
46.468  41.3465  1976.57  89.7334  9.198  0.37  0.4  53  2.5616  4.9999
46.517  41.3465  1945.79  89.9334  2.261  0.37  0.4  53  2.5616  4.9999
46.566  41.4753  2018.83  89.4313  20.038  0.36  0.4  53  2.5616  4.9999
46.615  41.4753  1965.39  89.8677  4.538  0.37  0.4  53  2.5616  4.9999
46.663  41.4753  1953.13  89.8948  3.587  0.37  0.4  53  2.5616  4.9999
46.712  41.6041  1942.55  94.4065  149.252  0.37  0.4  53  2.5616  4.9999
46.761  41.6041  1898.22  94.6888  155.166  0.38  0.4  53  2.5616  4.9999
46.81  41.6041  1940.6  89.0874  30.91  0.37  0.4  53  2.5616  4.9999
46.858  41.7329  1892.88  95.1481  169.851  0.38  0.4  53  2.5616  4.9999
46.907  41.7329  1851.77  94.1769  134.875  0.39  0.4  53  2.5616  4.9999
46.956  41.7329  1982.58  89.8356  5.688  0.36  0.4  53  2.5616  4.9999
47.005  41.8617  1900.43  94.8171  159.588  0.38  0.4  53  2.5616  4.9999
47.054  41.8617  1951.26  89.8674  4.516  0.37  0.4  53  2.5616  4.9999
47.102  41.8617  1984.82  89.6136  13.387  0.36  0.4  53  2.5616  4.9999
47.151  41.9905  1842.14  96.4243  206.117  0.4  0.4  53  2.5616  4.9999
47.2  41.9905  1938.75  89.4539  18.477  0.37  0.4  53  2.5616  4.9999
47.249  41.9905  2025.88  89.8805  4.226  0.36  0.4  53  2.5616  4.9999
47.298  42.1193  1799.86  90.0462  1.45  0.4  0.4  53  2.5616  4.9999
47.347  42.1193  1968.68  88.81  40.885  0.37  0.4  53  2.5616  4.9999
47.395  42.1193  1913.64  96.2621  208.732  0.38  0.4  53  2.5616  4.9999
47.444  42.2481  1845.13  95.4662  175.763  0.39  0.4  53  2.5616  4.9999
47.493  42.2481  1908.47  95.1733  172.084  0.38  0.4  53  2.5616  4.9999
47.541  42.2481  1876.17  94.8509  158.656  0.39  0.4  53  2.5616  4.9999
47.59  42.3769  1869.45  94.1497  135.279  0.39  0.4  53  2.5616  5.0999
47.639  42.3769  1951.83  88.9845  34.591  0.37  0.4  53  2.5616  5.0999
47.688  42.3769  1880.83  95.1752  169.654  0.39  0.4  53  2.5616  5.0999
47.736  42.5057  1932.77  88.081  64.721  0.37  0.4  53  2.5616  5.0999
47.785  42.5057  1999.19  89.7283  9.482  0.36  0.4  53  2.5616  5.2999
47.834  42.5057  1786.87  90.0095  0.295  0.4  0.4  53  2.5616  5.4999
47.883  42.6346  1878.01  95.2177  170.787  0.39  0.4  53  2.5616  5.7999
47.932  42.6346  1982.07  89.9315  2.369  0.36  0.4  53  2.5616  5.7999
47.981  42.6346  1845.27  94.0582  130.588  0.39  0.4  53  2.5616  5.7999
48.029  42.7634  1919.83  95.2481  175.605  0.38  0.4  53  2.5616  5.7999
48.078  42.7634  1918.04  94.898  163.765  0.38  0.4  53  2.5616  5.7999
48.127  42.7634  1820.24  90.0294  0.933  0.4  0.4  53  2.5616  5.7999
48.176  42.8922  1845.71  90.0413  1.33  0.39  0.4  53  2.5616  6.2499
48.225  42.8922  1886.75  96.4562  212.155  0.39  0.4  53  2.5616  6.2499
48.273  42.8922  1949.39  89.8401  5.442  0.37  0.4  53  2.5616  6.2499
48.322  43.021  1924.43  95.2206  175.104  0.38  0.4  53  2.5616  6.2499
48.371  43.021  1878.24  95.2632  172.292  0.39  0.4  53  2.5616  6.2499
48.42  43.021  1870.94  95.3079  173.077  0.39  0.4  53  2.5616  6.4499
48.469  43.1498  1926.39  95.9521  199.761  0.38  0.4  53  2.5616  6.4499
48.518  43.1498  1853.21  95.0218  162.22  0.39  0.4  53  2.5616  6.4499
48.566  43.1498  1976.52  89.8672  4.58  0.37  0.4  53  2.5616  6.4499
48.615  43.2786  1903.42  96.4128  212.596  0.38  0.4  53  2.5616  6.4499
48.664  43.2786  1940.37  88.9388  35.937  0.37  0.4  53  2.5616  6.4499
48.713  43.2786  2031.08  89.8928  3.799  0.36  0.4  53  2.5616  6.5499
48.762  43.4074  1857.72  95.0395  163.188  0.39  0.4  53  2.5616  6.6499
48.81  43.4074  1885.24  93.9957  131.367  0.38  0.4  53  2.5616  6.6499
48.859  43.4074  1918.64  95.0157  167.745  0.38  0.4  53  2.5616  6.6499
48.908  43.5362  1871.69  94.8577  158.498  0.39  0.4  53  2.5616  6.6499
48.957  43.5362  1821.6  89.9865  0.428  0.4  0.4  53  2.5616  6.6499
49.006  43.665  1907.96  96.3882  212.289  0.38  0.4  53  2.5616  6.6499
49.055  43.665  1868.48  95.1115  166.469  0.39  0.4  53  2.5616  6.6499
49.103  43.665  1987.27  89.9629  1.286  0.36  0.4  53  2.5616  6.8499
49.152  43.7938  1915.54  94.7221  157.691  0.38  0.4  53  2.5616  6.8499
49.201  43.7938  1867.89  94.1386  134.805  0.39  0.4  53  2.5616  6.8499
49.249  43.7938  2012.34  90.0043  0.153  0.36  0.4  53  2.5616  6.8499
49.299  43.9226  1849.05  95.3712  173.087  0.39  0.4  53  2.5616  6.9499
49.347  43.9226  1951.65  89.0987  30.699  0.37  0.4  53  2.5616  6.9499
49.396  43.9226  1933.47  96.1054  205.638  0.38  0.4  53  2.5616  6.9499
49.445  44.0514  1866.15  95.2441  170.565  0.39  0.4  53  2.5616  6.9499
49.494  44.0514  1995.63  87.753  78.243  0.36  0.4  53  2.5616  6.9499
49.542  44.0514  1884.97  94.795  157.565  0.39  0.4  53  2.5616  6.9499
49.592  44.1802  1870.9  94.1399  135.065  0.39  0.4  53  2.5616  6.9499
49.64  44.1802  1934.86  94.7715  160.945  0.38  0.4  53  2.5616  6.9499
49.689  44.1802  1886.45  94.7856  157.381  0.38  0.4  53  2.5616  6.9499
49.738  44.309  1933.39  89.1292  29.385  0.37  0.4  53  2.5616  6.9499
49.787  44.309  1919.87  94.6469  155.536  0.38  0.4  53  2.5616  6.9499
49.835  44.309  1959.44  89.8989  3.457  0.37  0.4  53  2.5616  6.9499
49.884  44.4378  1976.16  88.766  42.557  0.37  0.4  53  2.5616  6.9499
49.933  44.4378  1848.61  89.9901  0.318  0.39  0.4  53  2.5616  6.9499
49.982  44.4378  1840.52  95.7239  183.565  0.4  0.4  53  2.5616  6.9499
50.031  44.5666  1938.74  89.0608  31.78  0.37  0.4  53  2.5616  6.9499
50.08  44.5666  1874.95  96.5206  212.92  0.39  0.4  53  2.5616  6.9499
50.128  44.5666  1954.87  89.7736  7.726  0.37  0.4  53  2.5616  6.9499
50.177  44.6954  1924.43  95.2206  175.104  0.38  0.4  53  2.5616  6.9499
50.226  44.6954  1888.76  94.9377  162.57  0.38  0.4  53  2.5616  6.9499
50.275  44.6954  1886.85  94.0101  131.951  0.38  0.4  53  2.5616  6.9499
50.324  44.8242  2018.4  89.957  1.513  0.36  0.4  53  2.5616  6.9499
50.372  44.8242  1871.06  96.3087  205.602  0.39  0.4  53  2.5616  6.9499
50.421  44.8242  1826.08  89.9989  0.035  0.4  0.4  53  2.5616  6.9499
50.47  44.953  1939.65  94.7643  161.101  0.37  0.4  53  2.5616  6.9499
50.519  44.953  1941.41  89.9565  1.476  0.37  0.4  53  2.5616  6.9499
50.568  44.953  1982.03  87.8406  74.682  0.37  0.4  53  2.5616  6.9499
50.616  45.0819  1897.12  95.3842  178.016  0.38  0.4  53  2.5616  6.9499
50.665  45.0819  1867.6  95.2352  170.407  0.39  0.4  53  2.5616  6.9499
50.714  45.0819  1988.68  88.7309  44.046  0.36  0.4  53  2.5616  6.9499
50.763  45.2107  2015.61  89.7193  9.873  0.36  0.4  53  2.5616  6.9499
50.811  45.2107  1887.97  95.392  177.412  0.38  0.4  53  2.5616  6.9499
50.86  45.2107  1993.3  89.6446  12.364  0.36  0.4  53  2.5616  6.9499
50.909  45.3395  1971.38  89.8363  5.633  0.37  0.4  53  2.5616  6.9499
50.958  45.3395  1977.06  87.8337  74.733  0.37  0.4  53  2.5616  6.9499
51.006  45.3395  2010.31  89.5542  15.641  0.36  0.4  53  2.5616  6.9499
51.055  45.4683  1868.79  94.8762  158.854  0.39  0.4  53  2.5616  6.9499
51.105  45.4683  2000.14  89.5315  16.353  0.36  0.4  53  2.5616  6.9499
51.153  45.4683  1879.45  94.9021  160.607  0.39  0.4  53  2.5616  6.9499
51.202  45.5971  1841.89  94.2443  136.317  0.39  0.4  53  2.5616  6.9499
51.251  45.5971  1943.69  88.9568  35.387  0.37  0.4  53  2.5616  6.9499
51.3  45.5971  1872.32  96.255  203.996  0.39  0.4  53  2.5616  6.9499
51.348  45.7259  1959.43  89.0918  31.059  0.37  0.4  53  2.5616  6.9499
51.397  45.7259  2006.51  89.6514  12.207  0.36  0.4  53  2.5616  6.9499
51.446  45.7259  1844.59  95.3528  172.077  0.39  0.4  53  2.5616  6.9499
51.495  45.8547  1936.53  88.1326  63.104  0.37  0.4  53  2.5616  6.9499
51.543  45.8547  1991.35  89.6168  13.317  0.36  0.4  53  2.5616  6.9499
51.592  45.8547  1846.33  95.4127  174.163  0.39  0.4  53  2.5616  6.9499
51.641  45.9835  2004.11  88.9125  38.036  0.36  0.4  53  2.5616  6.9499
51.69  45.9835  1881.15  94.9384  161.938  0.39  0.4  53  2.5616  6.9499
51.739  45.9835  1842.72  95.5729  178.949  0.39  0.4  53  2.5616  6.9499
51.787  46.1123  1922.27  94.8015  160.902  0.38  0.4  53  2.5616  7.0499
51.836  46.1123  1964.7  89.9463  1.842  0.37  0.4  53  2.5616  7.0499
51.885  46.1123  1972.74  89.6782  11.08  0.37  0.4  53  2.5616  7.0499
51.934  46.2411  2019.45  89.6219  13.327  0.36  0.4  53  2.5616  7.0499
51.983  46.2411  1892.91  96.4699  213.294  0.38  0.4  53  2.5616  7.0499
52.032  46.2411  1958.32  88.8709  38.587  0.37  0.4  53  2.5616  7.0499
52.08  46.3699  1981.66  89.8958  3.603  0.37  0.4  53  2.5616  7.0499
52.129  46.3699  1975.61  89.9272  2.51  0.37  0.4  53  2.5616  7.0499
52.178  46.3699  2030.26  89.9902  0.348  0.36  0.4  53  2.5616  7.0499
52.226  46.4987  1904.39  94.9824  165.396  0.38  0.4  53  2.5616  7.0499
52.275  46.4987  1858.17  95.1295  166.133  0.39  0.4  53  2.5616  7.0499
52.324  46.4987  1915.35  94.988  166.536  0.38  0.4  53  2.5616  7.0499
52.373  46.6275  1880.84  94.5863  150.394  0.39  0.4  53  2.5616  7.0499
52.421  46.6275  1898.17  95.2832  174.782  0.38  0.4  53  2.5616  7.0499
52.47  46.6275  1921.36  95.239  175.439  0.38  0.4  53  2.5616  7.0499
52.519  46.7563  1941.02  89.9215  2.659  0.37  0.4  53  2.5616  7.0499
52.568  46.7563  1921.22  94.904  164.238  0.38  0.4  53  2.5616  7.0499
52.616  46.7563  2021.47  89.6501  12.346  0.36  0.4  53  2.5616  7.0499
52.665  46.8851  1952.05  89.9377  2.123  0.37  0.4  53  2.5616  7.0499
52.714  46.8851  2014.83  89.9367  2.228  0.36  0.4  53  2.5616  7.0499
52.763  46.8851  1894.14  95.0931  168.152  0.38  0.4  53  2.5616  7.0499
52.812  47.0139  1868.82  95.181  168.758  0.39  0.4  53  2.5616  7.0499
52.86  47.0139  2040.61  90.0152  0.542  0.35  0.4  53  2.5616  7.0499
52.909  47.1427  1876.76  94.9661  162.462  0.39  0.4  53  2.5616  7.0499
52.958  47.1427  1967.51  89.9143  2.943  0.37  0.4  53  2.5616  7.0499
53.006  47.1427  1986.92  89.7926  7.193  0.36  0.4  53  2.5616  7.0499
53.055  47.2715  1874.84  94.8845  159.638  0.39  0.4  53  2.5616  7.0499
53.104  47.2715  1960.28  89.1625  28.652  0.37  0.4  53  2.5616  7.0499
53.153  47.2715  1922.43  94.5346  151.99  0.38  0.4  53  2.5616  7.0499
53.202  47.4003  1965.39  89.8677  4.538  0.37  0.4  53  2.5616  7.0499
53.251  47.4003  2030.74  90.0262  0.928  0.36  0.4  53  2.5616  7.0499
53.3  47.4003  1892.42  95.0565  166.794  0.38  0.4  53  2.5616  7.0499
53.348  47.5292  1861.51  94.0639  131.922  0.39  0.4  53  2.5616  7.0499
53.397  47.5292  2006.33  89.4984  17.566  0.36  0.4  53  2.5616  7.0499
53.446  47.5292  1884.27  96.235  204.643  0.39  0.4  53  2.5616  7.0499
53.495  47.658  1976.68  89.0691  32.114  0.37  0.4  53  2.5616  7.0499
53.543  47.658  1895.47  94.7536  157.079  0.38  0.4  53  2.5616  7.0499
53.592  47.658  1876.43  95.2023  170.142  0.39  0.4  53  2.5616  7.0499
53.641  47.7868  1981.56  88.8111  41.115  0.37  0.4  53  2.5616  7.0499
53.69  47.7868  1925.46  94.804  161.252  0.38  0.4  53  2.5616  7.0499
53.738  47.7868  1869.27  95.2715  171.74  0.39  0.4  53  2.5616  7.0499
53.787  47.9156  1977.67  89.6897  10.71  0.37  0.4  53  2.5616  7.0499
53.836  47.9156  1895.09  96.2691  206.94  0.38  0.4  53  2.5616  7.0499
53.885  47.9156  1988.28  90.0136  0.473  0.36  0.4  53  2.5616  7.0499
53.934  48.0444  1937.41  94.9493  167.148  0.37  0.4  53  2.5616  7.0499
53.983  48.0444  1875.15  96.5662  214.426  0.39  0.4  53  2.5616  7.0499
54.031  48.0444  1953.96  89.1608  28.618  0.37  0.4  53  2.5616  7.0499
54.08  48.1732  1936.42  94.7618  160.75  0.37  0.4  53  2.5616  7.0499
54.129  48.1732  1943.54  89.8711  4.372  0.37  0.4  53  2.5616  7.0499
54.177  48.1732  1969.19  89.1118  30.526  0.37  0.4  53  2.5616  7.0499
54.226  48.302  1997.91  89.6201  13.246  0.36  0.4  53  2.5616  7.0499
54.275  48.302  1964.3  89.9109  3.054  0.37  0.4  53  2.5616  7.0499
54.324  48.302  1914.63  94.849  161.845  0.38  0.4  53  2.5616  7.0499
54.372  48.4308  1878.08  96.5503  214.243  0.39  0.4  53  2.5616  7.0499
54.421  48.4308  1852.95  94.1225  133.207  0.39  0.4  53  2.5616  7.0499
54.47  48.4308  1913.22  94.88  162.755  0.38  0.4  53  2.5616  7.0499
54.519  48.5596  1865.82  96.4774  210.486  0.39  0.4  53  2.5616  7.0499
54.567  48.5596  1862  94.1536  134.866  0.39  0.4  53  2.5616  7.0499
54.616  48.5596  1935.61  94.9119  165.735  0.38  0.4  53  2.5616  7.0499
54.666  48.6884  1927.62  89.9555  1.497  0.38  0.4  53  2.5616  7.0499
54.714  48.6884  1972.41  89.9264  2.535  0.37  0.4  53  2.5616  7.0499
54.763  48.6884  1981.94  89.7808  7.584  0.37  0.4  53  2.5616  7.0499
54.812  48.8172  1811.46  90.0397  1.254  0.4  0.4  53  2.5616  7.0499
54.861  48.8172  1922.27  94.8015  160.902  0.38  0.4  53  2.5616  7.0499
54.909  48.8172  1882.51  96.5263  213.964  0.39  0.4  53  2.5616  7.0499
54.958  48.946  1820.14  89.9942  0.185  0.4  0.4  53  2.5616  7.0499
55.007  48.946  1998.07  89.7724  7.938  0.36  0.4  53  2.5616  7.0499
55.055  48.946  1865.43  96.3866  207.504  0.39  0.4  53  2.5616  7.0499
55.104  49.0748  1954.34  88.9322  36.422  0.37  0.4  53  2.5616  7.0499
55.153  49.0748  1926.75  94.7478  159.478  0.38  0.4  53  2.5616  7.0499
55.202  49.0748  1856.07  95.0037  161.885  0.39  0.4  53  2.5616  7.0499
55.251  49.2036  1989.69  89.2076  27.516  0.36  0.4  53  2.5616  7.0499
55.3  49.2036  1872.26  94.9693  162.179  0.39  0.4  53  2.5616  7.0499
55.348  49.2036  1863.04  95.2169  169.398  0.39  0.4  53  2.5616  7.0499
55.397  49.3324  1910.08  94.8774  162.401  0.38  0.4  53  2.5616  7.0499
55.446  49.3324  1911.7  96.1774  205.711  0.38  0.4  53  2.5616  7.0499
55.495  49.3324  1854.86  95.3602  173.274  0.39  0.4  53  2.5616  7.0499
55.543  49.4612  1922.76  94.8945  164.053  0.38  0.4  53  2.5616  7.0499
55.592  49.4612  1971.23  89.6862  10.795  0.37  0.4  53  2.5616  7.0499
55.641  49.4612  1844.47  94.1806  134.463  0.39  0.4  53  2.5616  7.0499
55.69  49.59  2001.16  89.7562  8.514  0.36  0.4  53  2.5616  7.0499
55.738  49.59  1794  90.0067  0.209  0.4  0.4  53  2.5616  7.0499
55.787  49.59  2015.12  89.8196  6.344  0.36  0.4  53  2.5616  7.0499
55.836  49.7188  1904.15  94.9363  163.85  0.38  0.4  53  2.5616  7.0499
55.885  49.7188  1848.19  95.1921  167.252  0.39  0.4  53  2.5616  7.0499
55.934  49.7188  2007.79  89.76  8.41  0.36  0.4  53  2.5616  7.0499
55.983  49.8477  1900.24  95.081  168.291  0.38  0.4  53  2.5616  7.0499
56.032  49.8477  2017.19  90.0002  0.006  0.36  0.4  53  2.5616  7.0499
56.08  49.8477  2017.88  89.6301  13.026  0.36  0.4  53  2.5616  7.0499
56.129  49.9765  1887.82  94.755  156.491  0.38  0.4  53  2.5616  7.0499
56.178  49.9765  1974.93  88.9263  37.006  0.37  0.4  53  2.5616  7.0499
56.227  49.9765  1889.45  95.3831  177.258  0.38  0.4  53  2.5616  7.0499
56.276  50.1053  1952.33  89.8244  5.982  0.37  0.4  53  2.5616  7.0499
56.324  50.1053  1973.68  89.0862  31.476  0.37  0.4  53  2.5616  7.0499
56.373  50.1053  1955.28  89.8088  6.525  0.37  0.4  53  2.5616  7.0499
56.422  50.2341  1965.78  89.0932  31.109  0.37  0.4  53  2.5616  7.0499
56.471  50.2341  1934.86  94.7715  160.945  0.38  0.4  53  2.5616  7.0499
56.52  50.2341  1990.1  89.928  2.501  0.36  0.4  53  2.5616  7.0499
56.568  50.3629  1995.77  89.9752  0.864  0.36  0.4  53  2.5616  7.0499
56.617  50.3629  1941.26  95.0712  171.597  0.37  0.4  53  2.5616  7.0499
56.666  50.3629  1859.65  96.4187  207.897  0.39  0.4  53  2.5616  7.0499
56.715  50.4917  1974.93  88.9263  37.006  0.37  0.4  53  2.5616  7.0499
56.763  50.4917  1915.85  96.0589  202.219  0.38  0.4  53  2.5616  7.0499
56.812  50.4917  1863.48  95.3071  172.362  0.39  0.4  53  2.5616  7.0499
56.861  50.6205  2017.97  89.9207  2.794  0.36  0.4  53  2.5616  7.0499
56.91  50.6205  1902.4  96.1813  204.841  0.38  0.4  53  2.5616  7.0499
56.958  50.6205  1888.78  95.2458  172.687  0.38  0.4  53  2.5616  7.0499
57.007  50.7493  2002.91  88.6862  45.922  0.36  0.4  53  2.5616  7.0499
57.056  50.7493  1950.18  89.9103  3.054  0.37  0.4  53  2.5616  7.0499
57.105  50.7493  1847.73  93.9735  128.039  0.39  0.4  53  2.5616  7.0499
57.153  50.8781  2043.8  89.5331  16.654  0.35  0.4  53  2.5616  7.0499
57.202  50.8781  1877.76  94.866  159.282  0.39  0.4  53  2.5616  7.0499
57.251  50.8781  1883.77  94.0057  131.592  0.38  0.4  53  2.5616  7.0499
57.3  51.0069  2026.03  89.4706  18.72  0.36  0.4  53  2.5616  7.0499
57.348  51.0069  1954.98  89.98  0.682  0.37  0.4  53  2.5616  7.0499
57.397  51.0069  1990.3  88.9914  35.034  0.36  0.4  53  2.5616  7.0499
57.446  51.1357  1908.45  96.1477  204.38  0.38  0.4  53  2.5616  7.0499
57.495  51.1357  1891.4  94.0012  131.976  0.38  0.4  53  2.5616  7.0499
57.543  51.1357  1838.16  90.044  1.412  0.39  0.4  53  2.5616  7.0499
57.592  51.2645  1894.68  96.1769  203.865  0.38  0.4  53  2.5616  7.0499
57.641  51.2645  1940.18  89.0523  32.089  0.37  0.4  53  2.5616  7.0499
57.69  51.3933  1938.14  95.09  171.954  0.37  0.4  53  2.5616  7.0499
57.739  51.3933  1854.08  95.5038  177.827  0.39  0.4  53  2.5616  7.0499
57.788  51.3933  1885.37  95.1725  169.973  0.39  0.4  53  2.5616  7.0499
57.836  51.5221  1990.39  89.8124  6.515  0.36  0.4  53  2.5616  7.0499
57.885  51.5221  1808.57  94.4266  139.59  0.4  0.4  53  2.5616  7.0499
57.934  51.5221  2004.06  89.7233  9.679  0.36  0.4  53  2.5616  7.0499
57.983  51.6509  1988.57  89.9359  2.226  0.36  0.4  53  2.5616  7.0499
58.031  51.6509  1843.94  95.2187  167.721  0.39  0.4  53  2.5616  7.0499
58.08  51.6509  1830.58  90.0113  0.362  0.4  0.4  53  2.5616  7.0499
58.129  51.7797  1811.31  89.9859  0.447  0.4  0.4  53  2.5616  7.0499
58.178  51.7797  1911.04  88.2956  56.841  0.38  0.4  53  2.5616  7.0499
58.227  51.7797  1903.2  94.7521  157.671  0.38  0.4  53  2.5616  7.0499
58.275  51.9085  1953.8  89.8166  6.253  0.37  0.4  53  2.5616  7.0499
58.324  51.9085  1898.96  93.9754  131.653  0.38  0.4  53  2.5616  7.0499
58.373  51.9085  1914.98  94.9168  164.133  0.38  0.4  53  2.5616  7.0499
58.422  52.0373  1918.3  89.4009  20.057  0.38  0.4  53  2.5616  7.0499
58.47  52.0373  2013.84  89.7106  10.17  0.36  0.4  53  2.5616  7.0499
58.519  52.0373  1865.09  94.7352  153.963  0.39  0.4  53  2.5616  7.0499
58.568  52.1661  1860.45  95.6043  181.686  0.39  0.4  53  2.5616  7.0499
58.617  52.1661  1916.82  94.6661  155.932  0.38  0.4  53  2.5616  7.0499
58.666  52.1661  1908.37  96.4812  215.41  0.38  0.4  53  2.5616  7.0499
58.715  52.295  1953.72  89.0113  33.713  0.37  0.4  53  2.5616  7.0499
58.764  52.295  2008.32  89.5263  16.605  0.36  0.4  53  2.5616  7.0499
58.812  52.295  1805.66  90.051  1.608  0.4  0.4  53  2.5616  7.0499
58.861  52.4238  1904.17  95.2469  174.133  0.38  0.4  53  2.5616  7.0499
58.91  52.4238  1933.21  94.466  150.534  0.38  0.4  53  2.5616  7.0499
58.959  52.4238  1806.96  89.9924  0.241  0.4  0.4  53  2.5616  7.0499
59.008  52.5526  1898.97  95.1361  170.001  0.38  0.4  53  2.5616  7.0499
59.056  52.5526  1900.6  96.4755  214.347  0.38  0.4  53  2.5616  7.0499
59.105  52.5526  1965.78  89.0932  31.109  0.37  0.4  53  2.5616  7.0499
59.154  52.6814  1909.16  95.3121  176.751  0.38  0.4  53  2.5616  7.0499
59.203  52.6814  1807.09  90.0435  1.372  0.4  0.4  53  2.5616  7.0499
59.252  52.6814  1970.56  89.7652  8.074  0.37  0.4  53  2.5616  7.0499
59.301  52.8102  1924.71  94.6643  156.514  0.38  0.4  53  2.5616  7.0499
59.35  52.8102  1859.16  95.0305  163.021  0.39  0.4  53  2.5616  7.0499
59.398  52.8102  1948.53  88.0939  64.81  0.37  0.4  53  2.5616  7.0499
59.447  52.939  1921.72  96.3137  211.334  0.38  0.4  53  2.5616  7.0499
59.496  52.939  1841.55  95.3256  170.925  0.39  0.4  53  2.5616  7.0499
59.545  52.939  2042.19  90.0074  0.263  0.35  0.4  53  2.5616  7.0499
59.594  53.0678  1903.31  94.7735  158.387  0.38  0.4  53  2.5616  7.0499
59.642  53.0678  1949.39  89.8401  5.442  0.37  0.4  53  2.5616  7.0499
59.691  53.0678  2000.46  89.8364  5.711  0.36  0.4  53  2.5616  7.0499
59.741  53.1966  1880.15  95.3453  175.151  0.39  0.4  53  2.5616  7.0499
59.789  53.1966  1848.71  90.0259  0.836  0.39  0.4  53  2.5616  7.0499
59.838  53.1966  1901.98  96.0888  201.742  0.38  0.4  53  2.5616  7.0499
59.887  53.3254  1898.51  95.0442  166.925  0.38  0.4  53  2.5616  7.0499
59.935  53.3254  2015.4  89.9888  0.394  0.36  0.4  53  2.5616  7.0499
59.984  53.3254  1912.04  95.9115  196.926  0.38  0.4  53  2.5616  7.0499
60.033  53.4542  1871.81  95.4894  179.06  0.39  0.4  53  2.5616  7.0499
60.082  53.4542  1999.71  90.0306  1.067  0.36  0.4  53  2.5616  7.0499
60.131  53.4542  1918.23  96.2369  208.397  0.38  0.4  53  2.5616  7.0499
60.18  53.583  1853.64  93.9788  128.618  0.39  0.4  53  2.5616  7.0499
60.228  53.583  1930.57  96.1694  207.476  0.38  0.4  53  2.5616  7.0499
60.277  53.583  1853.43  95.0666  163.685  0.39  0.4  53  2.5616  7.0499
60.326  53.7118  1985.3  88.9816  35.287  0.36  0.4  53  2.5616  7.0499
60.375  53.7118  1918.73  94.4366  148.424  0.38  0.4  53  2.5616  7.0499
60.424  53.7118  1882.85  94.9747  163.273  0.39  0.4  53  2.5616  7.0499
60.472  53.8406  1993.23  90.0259  0.902  0.36  0.4  53  2.5616  7.0499
60.521  53.8406  1992.45  89.5727  14.858  0.36  0.4  53  2.5616  7.0499
60.57  53.8406  1886.71  93.9857  131.141  0.38  0.4  53  2.5616  7.0499
60.619  53.9694  2017.41  90.0168  0.59  0.36  0.4  53  2.5616  7.0499
60.668  53.9694  1867.45  94.9064  159.72  0.39  0.4  53  2.5616  7.0499
60.717  53.9694  1873.18  95.1539  168.27  0.39  0.4  53  2.5616  7.0499
60.765  54.0982  1937.9  95.0431  170.351  0.37  0.4  53  2.5616  7.0499
60.814  54.0982  1939.95  89.9641  1.215  0.37  0.4  53  2.5616  7.0499
60.863  54.0982  1951.06  87.9247  70.654  0.37  0.4  53  2.5616  7.0499
60.912  54.227  1915.18  94.3637  145.719  0.38  0.4  53  2.5616  7.0499
60.96  54.227  1876.33  95.1812  169.444  0.39  0.4  53  2.5616  7.1499
61.009  54.227  1879.63  94.0808  133.761  0.39  0.4  53  2.5616  7.7999
61.058  54.3558  1886.72  96.102  200.557  0.39  0.4  53  2.5616  7.7999
61.107  54.3558  1867.8  94.9758  162.004  0.39  0.4  53  2.5616  7.7999
61.155  54.4846  2007.59  89.7432  8.997  0.36  0.4  53  2.5616  7.7999
61.204  54.4846  1877.3  96.3674  208.2  0.39  0.4  53  2.5616  7.7999
61.253  54.4846  1856.41  94.2165  136.493  0.39  0.4  53  2.5616  7.7999
61.302  54.6134  1993.45  89.7965  7.082  0.36  0.4  53  2.5616  7.9999
61.35  54.6134  1860.14  94.9314  159.902  0.39  0.4  53  2.5616  7.9999
61.399  54.6134  1973.87  88.9707  35.459  0.37  0.4  53  2.5616  7.9999
61.448  54.7423  1980.55  89.9394  2.096  0.37  0.4  53  2.5616  7.9999
61.497  54.7423  1857.83  96.3363  205.036  0.39  0.4  53  2.5616  7.9999
61.546  54.7423  1977.66  88.7572  42.894  0.37  0.4  53  2.5616  8.4499
61.594  54.8711  2008.06  89.6432  12.504  0.36  0.4  53  2.5616  8.7499
61.643  54.8711  1929.5  89.1889  27.315  0.37  0.4  53  2.5616  8.7499
61.692  54.8711  1944.23  94.7135  159.762  0.37  0.4  53  2.5616  8.7499
61.741  54.9999  1892.91  96.4699  213.294  0.38  0.4  53  2.5616  8.7499
61.789  54.9999  1802.76  90.0498  1.568  0.4  0.4  53  2.5616  8.7499
61.838  54.9999  1916.88  94.9787  166.356  0.38  0.4  53  2.5616  8.9499
61.887  55.1287  1859.16  95.0305  163.021  0.39  0.4  53  2.5616  9.0499
61.936  55.1287  1952.87  88.9407  36.102  0.37  0.4  53  2.5616  9.0499
61.985  55.1287  1976.99  89.769  7.971  0.37  0.4  53  2.5616  9.0499
62.033  55.2575  1858.94  95.2887  171.345  0.39  0.4  53  2.5616  9.0499
62.082  55.2575  2032.3  90.0184  0.651  0.36  0.4  53  2.5616  9.0499
62.131  55.2575  1914.54  96.114  203.91  0.38  0.4  53  2.5616  9.0499
62.18  55.3863  1980.39  90.0167  0.577  0.37  0.4  53  2.5616  9.0499
62.229  55.3863  2000.04  89.8004  6.969  0.36  0.4  53  2.5616  9.0499
62.277  55.3863  1959.44  89.8989  3.457  0.37  0.4  53  2.5616  9.0499
62.326  55.5151  1972.41  89.9264  2.535  0.37  0.4  53  2.5616  9.0499
62.375  55.5151  2013.44  89.5376  16.249  0.36  0.4  53  2.5616  9.0499
62.424  55.5151  1973.34  89.9584  1.433  0.37  0.4  53  2.5616  9.0499
62.472  55.6439  1975.81  88.9977  34.561  0.37  0.4  53  2.5616  9.0499
62.521  55.6439  1890.41  94.666  153.778  0.38  0.4  53  2.5616  9.7999
62.57  55.6439  1939.95  89.9641  1.215  0.37  0.4  53  2.5616  9.7999
62.619  55.7727  1882.64  95.2362  171.813  0.39  0.4  53  2.5616  9.7999
62.667  55.7727  1907.76  96.3418  210.729  0.38  0.4  53  2.5616  9.7999
62.717  55.7727  1853.19  94.1672  134.665  0.39  0.4  53  2.5616  9.7999
62.765  55.9015  1988.07  88.8117  41.231  0.36  0.4  53  2.5616  9.7999
62.814  55.9015  1856.6  93.9798  128.857  0.39  0.4  53  2.5616  9.7999
62.863  55.9015  1944.35  89.1407  29.159  0.37  0.4  53  2.5616  9.7999
62.912  56.0303  1899.66  95.2742  174.621  0.38  0.4  53  2.5616  9.7999
62.96  56.0303  1929.06  89.9479  1.755  0.38  0.4  53  2.5616  9.7999
63.009  56.0303  1962.14  88.9245  36.83  0.37  0.4  53  2.5616  9.7999
63.058  56.1591  1926.5  94.7012  157.896  0.38  0.4  53  2.5616  9.7999
63.107  56.1591  1975.07  89.7413  8.916  0.37  0.4  53  2.5616  9.7999
63.155  56.1591  1985.93  88.9011  38.087  0.36  0.4  53  2.5616  9.7999
63.204  56.2879  1908.03  96.0549  201.262  0.38  0.4  53  2.5616  9.7999
63.253  56.2879  1844.34  95.609  180.264  0.39  0.4  53  2.5616  9.7999
63.302  56.2879  1938.97  94.9398  166.962  0.37  0.4  53  2.5616  9.7999
63.351  56.4167  1859.1  94.7274  153.218  0.39  0.4  53  2.5616  9.7999
63.399  56.4167  1985.33  89.935  2.253  0.36  0.4  53  2.5616  9.7999
63.448  56.4167  1949.79  89.8752  4.248  0.37  0.4  53  2.5616  9.7999
63.497  56.5455  1840.47  95.1027  163.694  0.39  0.4  53  2.5616  9.7999
63.546  56.5455  2004.91  89.7956  7.153  0.36  0.4  53  2.5616  9.7999
63.595  56.5455  1943.07  94.5004  152.465  0.37  0.4  53  2.5616  9.7999
63.643  56.6743  1864.7  95.2531  170.723  0.39  0.4  53  2.5616  9.7999
63.692  56.6743  2047  89.6553  12.316  0.35  0.4  53  2.5616  9.7999
63.741  56.6743  1928.59  96.0841  204.407  0.38  0.4  53  2.5616  9.7999
63.79  56.8031  1864.48  95.2079  169.239  0.39  0.4  53  2.5616  9.7999
63.838  56.8031  1913.49  95.2384  174.701  0.38  0.4  53  2.5616  9.7999
63.887  56.8031  1986.55  90.0024  0.084  0.36  0.4  53  2.5616  9.7999
63.936  56.9319  1965.35  89.0578  32.319  0.37  0.4  53  2.5616  9.7999
63.985  56.9319  2063.11  89.4133  21.126  0.35  0.4  53  2.5616  9.7999
64.034  56.9319  1941.02  89.9215  2.659  0.37  0.4  53  2.5616  9.7999
64.083  57.0607  1960.83  88.8182  40.443  0.37  0.4  53  2.5616  9.7999
64.131  57.0607  2008.92  89.7157  9.969  0.36  0.4  53  2.5616  9.7999
64.18  57.0607  1865.36  95.3887  175.178  0.39  0.4  53  2.5616  9.7999
64.229  57.1896  1931.43  95.0339  169.474  0.38  0.4  53  2.5616  9.7999
64.278  57.1896  1872.15  94.9483  161.486  0.39  0.4  53  2.5616  9.7999
64.327  57.1896  1846.32  93.9833  128.256  0.39  0.4  53  2.5616  9.7999
64.375  57.3184  1918.41  94.9693  166.175  0.38  0.4  53  2.5616  9.7999
64.424  57.3184  1971.38  89.8363  5.633  0.37  0.4  53  2.5616  9.7999
64.473  57.3184  1821.79  90.057  1.812  0.4  0.4  53  2.5616  9.7999
64.522  57.4472  1916.32  94.5735  152.803  0.38  0.4  53  2.5616  9.7999
64.57  57.4472  1837.3  95.6517  180.937  0.4  0.4  53  2.5616  9.7999
64.619  57.4472  1983.05  87.795  76.298  0.37  0.4  53  2.5616  9.7999
64.668  57.576  2006.23  89.7681  8.12  0.36  0.4  53  2.5616  9.7999
64.717  57.576  1774.25  90.0418  1.296  0.41  0.4  53  2.5616  9.7999
64.765  57.576  1933.31  94.7811  161.139  0.38  0.4  53  2.5616  9.7999
64.815  57.7048  1882.85  94.9747  163.273  0.39  0.4  53  2.5616  9.7999
64.863  57.7048  1808.58  90.0547  1.727  0.4  0.4  53  2.5616  9.7999
64.912  57.7048  1910.8  95.0161  167.07  0.38  0.4  53  2.5616  9.7999
64.961  57.8336  1841.97  93.9889  128.133  0.39  0.4  53  2.5616  9.7999
65.01  57.8336  1936.03  88.9643  34.995  0.37  0.4  53  2.5616  9.7999
65.058  57.9624  1974.38  89.8205  6.187  0.37  0.4  53  2.5616  9.7999
65.107  57.9624  1864.56  95.5331  179.782  0.39  0.4  53  2.5616  9.7999
65.156  57.9624  1966.41  89.0137  33.848  0.37  0.4  53  2.5616  9.7999
65.205  58.0912  1911.76  94.6025  153.405  0.38  0.4  53  2.5616  9.7999
65.253  58.0912  1858.94  95.2887  171.345  0.39  0.4  53  2.5616  9.7999
65.302  58.0912  1955.37  88.8882  37.94  0.37  0.4  53  2.5616  9.7999
65.351  58.22  1895.5  96.3613  210.018  0.38  0.4  53  2.5616  9.7999
65.4  58.22  1948.1  89.1943  27.395  0.37  0.4  53  2.5616  9.7999
65.448  58.22  1916.4  94.8859  163.223  0.38  0.4  53  2.5616  9.7999
65.497  58.3488  1898.7  94.7806  158.237  0.38  0.4  53  2.5616  9.7999
65.546  58.3488  1868.71  94.0146  130.829  0.39  0.4  53  2.5616  9.7999
65.595  58.3488  2000.73  89.7202  9.772  0.36  0.4  53  2.5616  9.7999
65.643  58.4776  1845.13  95.4662  175.763  0.39  0.4  53  2.5616  9.7999
65.692  58.4776  1981.88  89.915  2.942  0.37  0.4  53  2.5616  9.7999
65.741  58.4776  1911.06  96.0379  201.018  0.38  0.4  53  2.5616  9.7999
65.79  58.6064  1937.33  89.8671  4.494  0.37  0.4  53  2.5616  9.7999
65.838  58.6064  1841.23  90.0643  2.067  0.39  0.4  53  2.5616  9.7999
65.887  58.6064  1991.49  90.0147  0.51  0.36  0.4  53  2.5616  9.7999
65.936  58.7352  1928.05  88.0737  64.809  0.38  0.4  53  2.5616  9.7999
65.985  58.7352  1998.6  89.5398  16.052  0.36  0.4  53  2.5616  9.7999
66.034  58.7352  1985.06  90.0101  0.349  0.36  0.4  53  2.5616  9.7999
66.083  58.864  1882.44  94.04  132.622  0.39  0.4  53  2.5616  10.6499
66.131  58.864  1898.46  94.7346  156.701  0.38  0.4  53  2.5616  10.6499
66.18  58.864  1841.66  95.0492  162.086  0.39  0.4  53  2.5616  10.6499
66.229  58.9928  2035.42  90.0027  0.095  0.36  0.4  53  2.5616  10.6499
66.278  58.9928  1908.03  96.0549  201.262  0.38  0.4  53  2.5616  10.7499
66.326  58.9928  1857.15  95.5314  179.014  0.39  0.4  53  2.5616  10.7499
66.375  59.1216  1981.2  89.0433  33.079  0.37  0.4  53  2.5616  11.0499
66.424  59.1216  1880.84  96.4885  212.542  0.39  0.4  53  2.5616  11.0499
66.473  59.1216  1851.9  94.2008  135.656  0.39  0.4  53  2.5616  11.0499
66.521  59.2504  1839.55  90.0008  0.025  0.39  0.4  53  2.5616  11.0499
66.57  59.2504  1896.44  95.2463  173.407  0.38  0.4  53  2.5616  11.0499
66.619  59.2504  1941.63  89.0439  32.399  0.37  0.4  53  2.5616  12.2499
66.668  59.3792  2000.51  89.9684  1.102  0.36  0.4  53  2.5616  12.2499
66.716  59.3792  1857.95  94.2276  136.965  0.39  0.4  53  2.5616  12.2499
66.765  59.3792  2015.15  88.732  44.591  0.36  0.4  53  2.5616  12.2499
66.814  59.508  1924.17  96.1565  206.355  0.38  0.4  53  2.5616  12.2499
66.863  59.508  1952.07  89.1339  29.505  0.37  0.4  53  2.5616  12.2499
66.912  59.508  2026.17  89.7627  8.39  0.36  0.4  53  2.5616  13.9999
66.96  59.6369  1908.16  96.4347  213.849  0.38  0.4  53  2.5616  13.9999
67.009  59.6369  1930.81  88.1692  61.685  0.37  0.4  53  2.5616  14.0999
67.058  59.6369  1992.46  88.902  38.182  0.36  0.4  53  2.5616  14.0999
67.107  59.7657  1884.27  96.235  204.643  0.39  0.4  53  2.5616  14.0999
67.156  59.7657  2002.23  89.8478  5.32  0.36  0.4  53  2.5616  14.0999
67.205  59.7657  2029.18  90.034  1.204  0.36  0.4  53  2.5616  14.0999
67.253  59.8945  1859.81  95.4689  177.251  0.39  0.4  53  2.5616  14.6499
67.302  59.8945  2018.98  89.7225  9.779  0.36  0.4  53  2.5616  14.6499
67.351  59.8945  1895.09  96.2691  206.94  0.38  0.4  53  2.5616  14.6499
67.4  60.0233  1912.66  89.1754  27.526  0.38  0.4  53  2.5616  14.6499
67.448  60.0233  1980.36  89.9228  2.668  0.37  0.4  53  2.5616  14.6499
67.497  60.0233  1863.41  94.6994  152.667  0.39  0.4  53  2.5616  14.6499
67.546  60.1521  1939.79  89.279  24.409  0.37  0.4  53  2.5616  14.6499
67.595  60.1521  2003.83  89.7039  10.355  0.36  0.4  53  2.5616  15.2999
67.643  60.1521  1866.81  95.0753  165.147  0.39  0.4  53  2.5616  15.2999
67.692  60.2809  1891.29  95.136  169.309  0.38  0.4  53  2.5616  15.2999
67.741  60.2809  1909.95  94.8526  161.568  0.38  0.4  53  2.5616  15.2999
67.79  60.2809  1833.74  94.3458  138.952  0.4  0.4  53  2.5616  15.2999
67.838  60.4097  1922.66  95.1832  173.693  0.38  0.4  53  2.5616  15.2999
67.887  60.4097  1913.94  95.0189  167.44  0.38  0.4  53  2.5616  15.8499
67.936  60.4097  1936.53  88.1326  63.104  0.37  0.4  53  2.5616  15.8499
67.985  60.5385  2017.84  89.7671  8.204  0.36  0.4  53  2.5616  15.8499
68.033  60.5385  1950.31  95.9156  201.005  0.37  0.4  53  2.5616  15.8499
68.082  60.5385  1953.72  89.0113  33.713  0.37  0.4  53  2.5616  15.8499
68.132  60.6673  1906.49  95.0901  169.149  0.38  0.4  53  2.5616  15.8499
68.18  60.6673  1809.97  90.0284  0.898  0.4  0.4  53  2.5616  17.25
68.229  60.6673  1972.72  88.748  43.103  0.37  0.4  53  2.5616  17.25
68.278  60.7961  1919.87  94.6469  155.536  0.38  0.4  53  2.5616  17.25
68.327  60.7961  1943.07  90.0056  0.191  0.37  0.4  53  2.5616  17.25
68.375  60.7961  1827.55  89.9913  0.279  0.4  0.4  53  2.5616  17.35
68.424  60.9249  1896.67  95.2923  174.942  0.38  0.4  53  2.5616  17.35
68.473  60.9249  1867.02  95.4251  176.516  0.39  0.4  53  2.5616  17.35
68.522  60.9249  2026.44  89.6448  12.561  0.36  0.4  53  2.5616  17.35
68.57  61.0537  1875.34  96.6119  215.934  0.39  0.4  53  2.5616  17.35
68.619  61.0537  1859.59  93.9841  129.202  0.39  0.4  53  2.5616  17.35
68.668  61.0537  1951.79  94.9104  167.07  0.37  0.4  53  2.5616  17.35
68.717  61.1825  1863.47  95.0032  162.516  0.39  0.4  53  2.5616  17.35
68.765  61.1825  1980.59  89.2584  25.635  0.37  0.4  53  2.5616  17.35
68.814  61.1825  1922.43  94.5346  151.99  0.38  0.4  53  2.5616  17.35
68.863  61.3113  1856.01  90.0272  0.882  0.39  0.4  53  2.5616  17.35
68.912  61.3113  1974.65  89.7058  10.141  0.37  0.4  53  2.5616  17.35
68.96  61.3113  1915.22  94.9632  165.697  0.38  0.4  53  2.5616  17.35
69.009  61.4401  1863.19  94.0989  133.179  0.39  0.4  53  2.5616  17.35
69.058  61.4401  2012.5  88.7865  42.621  0.36  0.4  53  2.5616  17.35
69.107  61.4401  1863.99  96.3946  207.603  0.39  0.4  53  2.5616  17.35
69.156  61.5689  1978.91  90.0243  0.839  0.37  0.4  53  2.5616  17.35
69.204  61.5689  1942.53  94.698  159.1  0.37  0.4  53  2.5616  17.35
69.253  61.6977  1784.16  90.0588  1.832  0.41  0.4  53  2.5616  17.35
69.302  61.6977  1978.03  89.8594  4.855  0.37  0.4  53  2.5616  17.35
69.351  61.6977  1910.25  94.6122  153.604  0.38  0.4  53  2.5616  17.35
69.4  61.8265  1798.3  90.0028  0.087  0.4  0.4  53  2.5616  17.35
69.448  61.8265  2018.83  89.4313  20.038  0.36  0.4  53  2.5616  17.35
69.497  61.8265  1993.17  89.9122  3.055  0.36  0.4  53  2.5616  17.35
69.546  61.9553  1864.13  93.9993  130.013  0.39  0.4  53  2.5616  17.35
69.595  61.9553  1945.73  94.9958  169.439  0.37  0.4  53  2.5616  17.35
69.644  61.9553  1869.7  95.0571  164.813  0.39  0.4  53  2.5616  17.35
69.693  62.0842  1929.7  89.3363  22.354  0.37  0.4  53  2.5616  17.35
69.742  62.0842  1929.49  95.9348  199.502  0.38  0.4  53  2.5616  17.35
69.79  62.0842  1880.15  95.3453  175.151  0.39  0.4  53  2.5616  17.35
69.839  62.213  1897.12  95.3842  178.016  0.38  0.4  53  2.9615  17.35
69.888  62.213  1911.28  96.0844  202.582  0.38  0.4  53  2.9615  17.35
69.937  62.213  1848.21  94.0625  130.937  0.39  0.4  53  2.9615  17.35
69.986  62.3418  1895.99  95.1545  170.337  0.38  0.4  53  2.9615  17.35
70.035  62.3418  1877.2  96.3429  207.391  0.39  0.4  53  2.9615  17.35
70.083  62.3418  1945.57  88.9834  34.518  0.37  0.4  53  2.9615  17.35
70.132  62.4706  2001.38  89.7756  7.839  0.36  0.4  53  3.2915  17.35
70.181  62.4706  1895.9  96.4536  213.098  0.38  0.4  53  3.2915  17.35
70.23  62.4706  1943.69  88.9568  35.387  0.37  0.4  53  3.2915  17.35
70.279  62.5994  1935.11  94.8183  162.541  0.38  0.4  53  3.2915  17.35
70.327  62.5994  1862.26  95.3611  173.996  0.39  0.4  53  3.2915  17.35
70.376  62.5994  1863.44  94.1439  134.654  0.39  0.4  53  3.2915  17.35
70.425  62.7282  1982.07  89.9315  2.369  0.36  0.4  53  3.2915  17.35
70.474  62.7282  1964.7  89.9463  1.842  0.37  0.4  53  3.5815  17.35
70.523  62.7282  1920.74  94.811  161.092  0.38  0.4  53  3.5815  17.35
70.571  62.857  1977.4  89.8046  6.743  0.37  0.4  53  3.5815  17.35
70.62  62.857  1992.18  88.749  43.493  0.36  0.4  53  3.5815  17.35
70.669  62.857  1986.77  89.6412  12.44  0.36  0.4  53  3.5815  17.35
70.718  62.9858  1889.29  94.7456  156.304  0.38  0.4  53  3.5815  17.35
70.766  62.9858  1865.58  95.4339  176.664  0.39  0.4  53  3.9514  17.35
70.816  62.9858  1923.18  94.674  156.713  0.38  0.4  53  4.0914  17.35
70.864  63.1146  1866.42  90.0254  0.827  0.39  0.4  53  4.0914  17.35
70.913  63.1146  1848.61  89.9901  0.318  0.39  0.4  53  4.0914  17.35
70.962  63.1146  1964.67  95.836  199.77  0.37  0.4  53  4.0914  17.35
71.011  63.2434  1861.82  95.2709  171.035  0.39  0.4  53  4.0914  17.35
71.059  63.2434  1991.08  89.7327  9.291  0.36  0.4  53  4.2514  17.35
71.108  63.2434  1847.71  94.8014  154.656  0.39  0.4  53  4.2514  17.35
71.157  63.3722  1895.73  93.9499  130.585  0.38  0.4  53  4.2514  17.35
71.206  63.3722  1907.53  94.9885  165.871  0.38  0.4  53  4.2514  17.35
71.254  63.3722  1832.11  95.7745  184.334  0.4  0.4  53  4.2514  17.35
71.303  63.501  1968.95  88.961  35.704  0.37  0.4  53  4.2514  17.35
71.352  63.501  1970.56  89.7652  8.074  0.37  0.4  53  4.3315  17.35
71.401  63.501  1859.16  95.3337  172.821  0.39  0.4  53  4.3315  17.35
71.45  63.6298  1841.23  90.0643  2.067  0.39  0.4  53  4.3315  17.35
71.498  63.6298  1903.55  94.8195  159.931  0.38  0.4  53  4.3315  17.35
71.547  63.6298  1972.19  89.9073  3.19  0.37  0.4  53  4.3315  17.35
71.596  63.7586  1929.89  95.0433  169.654  0.38  0.4  53  4.3315  17.35
71.645  63.7586  1879.58  95.2298  171.325  0.39  0.4  53  4.6515  17.35
71.694  63.7586  1998.79  89.9597  1.405  0.36  0.4  53  4.6515  17.35
71.743  63.8874  2014.74  89.6466  12.426  0.36  0.4  53  4.7915  17.35
71.792  63.8874  1888.2  95.1297  168.827  0.38  0.4  53  4.7915  17.35
71.84  63.8874  1970  88.9167  37.243  0.37  0.4  53  4.7915  17.35
71.889  64.0162  1964.17  89.7615  8.176  0.37  0.4  53  4.7915  17.35
71.938  64.0162  1836.85  94.1164  131.854  0.39  0.4  53  4.7915  17.35
71.987  64.0162  1973.06  87.8983  72.359  0.37  0.4  53  4.7915  17.35
72.035  64.145  1889.44  94.4833  147.696  0.38  0.4  53  4.7915  17.35
72.084  64.145  1926.84  89.3525  21.774  0.38  0.4  53  4.7915  17.35
72.132  64.145  1942.1  94.9207  166.588  0.37  0.4  53  4.7915  17.35
72.181  64.2738  2010.05  89.6713  11.532  0.36  0.4  53  4.7915  17.35
72.23  64.2738  1861.38  95.1807  168.077  0.39  0.4  53  5.1215  17.35
72.279  64.2738  1957.37  94.7299  161.401  0.37  0.4  53  5.1215  17.35
72.327  64.4026  1863.68  96.6749  216.627  0.39  0.4  53  5.1215  17.35
72.376  64.4026  1940.61  89.4808  17.584  0.37  0.4  53  5.1215  17.35
72.425  64.4026  1921.02  94.2778  143.293  0.38  0.4  53  5.1215  17.35
72.474  64.5315  1886.81  94.8557  159.711  0.38  0.4  53  5.1215  17.35
72.522  64.5315  1898.83  93.9509  130.833  0.38  0.4  53  5.5015  17.35
72.571  64.5315  1996.24  89.8964  3.611  0.36  0.4  53  5.5015  17.35
72.62  64.6603  1913.84  88.2777  57.521  0.38  0.4  53  5.7515  17.35
72.669  64.6603  1898.04  94.9523  163.851  0.38  0.4  53  5.7515  17.35
72.717  64.6603  1883.39  94.7832  157.048  0.39  0.4  53  5.7515  17.35
72.766  64.7891  1941.21  89.0089  33.579  0.37  0.4  53  5.7515  17.35
72.815  64.7891  1911.5  95.1549  171.746  0.38  0.4  53  5.7515  17.35
72.864  64.7891  1874.76  96.4749  211.413  0.39  0.4  53  5.7515  17.35
72.912  64.9179  1990.2  89.7958  7.093  0.36  0.4  53  5.7515  17.35
72.961  64.9179  1978.08  89.7254  9.481  0.37  0.4  53  5.7515  17.35
73.01  64.9179  1859.6  95.1205  165.97  0.39  0.4  53  5.7515  17.35
73.059  65.0467  1977.34  89.9385  2.123  0.37  0.4  53  5.7515  17.35
73.107  65.0467  1926.14  96.2417  209.415  0.38  0.4  53  5.7515  17.35
73.156  65.1755  1868.26  95.371  174.876  0.39  0.4  53  5.7515  17.35
73.205  65.1755  1936.91  94.8555  163.948  0.37  0.4  53  5.7515  17.35
73.254  65.1755  1879.38  94.5958  150.587  0.39  0.4  53  5.7515  17.35
73.302  65.3043  1823.16  90.0142  0.45  0.4  0.4  53  5.7515  17.35
73.351  65.3043  1981.94  89.7808  7.584  0.37  0.4  53  5.7515  17.35
73.4  65.3043  1972.19  89.9073  3.19  0.37  0.4  53  5.7515  17.35
73.449  65.4331  1962.57  88.9599  35.624  0.37  0.4  53  5.7515  17.35
73.498  65.4331  1923.67  94.767  159.865  0.38  0.4  53  5.7515  17.35
73.547  65.4331  1808.87  95.6436  177.883  0.4  0.4  53  5.7515  17.35
73.595  65.5619  1811.36  90.0046  0.147  0.4  0.4  53  5.7515  17.35
73.644  65.5619  1911.47  94.8431  161.382  0.38  0.4  53  5.7515  17.35
73.693  65.5619  1867.25  95.1657  168.121  0.39  0.4  53  5.7515  17.35
73.742  65.6907  2008.15  89.9322  2.375  0.36  0.4  53  5.7515  17.35
73.79  65.6907  1900.12  95.0563  167.466  0.38  0.4  53  5.7515  17.35
73.839  65.6907  1932.32  88.0461  65.885  0.37  0.4  53  5.7515  17.35
73.888  65.8195  2023.31  89.5239  16.811  0.36  0.4  53  5.7515  17.35
73.936  65.8195  1976.74  89.9781  0.755  0.37  0.4  53  5.7515  17.35
73.985  65.8195  1988.13  88.9475  36.519  0.36  0.4  53  5.7515  17.35
74.034  65.9483  1983.59  89.9237  2.643  0.36  0.4  53  5.7515  17.35
74.083  65.9483  1975.27  89.9857  0.492  0.37  0.4  53  5.7515  17.35
74.131  65.9483  1941.6  94.8268  163.372  0.37  0.4  53  5.7515  17.35
74.18  66.0771  1886.73  94.5481  149.611  0.38  0.4  53  5.7515  17.35
74.229  66.0771  1877.79  95.1722  169.281  0.39  0.4  53  5.7515  17.35
74.278  66.0771  2016.31  89.6384  12.725  0.36  0.4  53  5.7515  17.35
74.326  66.2059  1890.65  94.7117  155.3  0.38  0.4  53  5.7515  17.35
74.375  66.2059  1938.42  88.1585  62.291  0.37  0.4  53  5.7515  17.35
74.424  66.2059  1947.88  94.7882  162.594  0.37  0.4  53  5.7515  17.35
74.473  66.3347  1870.15  95.1477  167.796  0.39  0.4  53  5.7515  17.45
74.521  66.3347  2001.68  89.5233  16.655  0.36  0.4  53  5.7515  17.45
74.57  66.3347  1920.66  96.08  203.429  0.38  0.4  53  5.7515  17.45
74.619  66.4635  1890.26  95.2367  172.525  0.38  0.4  53  5.7515  17.45
74.668  66.4635  2029.78  89.9542  1.624  0.36  0.4  53  5.7515  17.45
74.717  66.4635  1905.42  96.1645  204.612  0.38  0.4  53  5.7515  17.65
74.765  66.5923  1844.91  93.9931  128.473  0.39  0.4  53  5.7515  17.65
74.814  66.5923  1941.26  95.0712  171.597  0.37  0.4  53  5.7515  17.65
74.863  66.5923  1894.14  95.0931  168.152  0.38  0.4  53  5.7515  17.65
74.912  66.7211  1977.34  89.9385  2.123  0.37  0.4  53  5.7515  17.65
74.961  66.7211  2013.61  89.6912  10.853  0.36  0.4  53  5.7515  17.85
75.01  66.7211  1964.56  90.0041  0.139  0.37  0.4  53  5.7515  18.05
75.058  66.85  1891.14  93.9556  130.458  0.38  0.4  53  5.7515  18.05
75.107  66.85  1934.37  95.9557  200.709  0.38  0.4  53  5.7515  18.05
75.156  66.85  1966.47  90.0313  1.074  0.37  0.4  53  5.7515  18.05
75.205  66.9788  1971.5  88.9081  37.57  0.37  0.4  53  5.7515  18.05
75.253  66.9788  1905.21  96.1182  203.057  0.38  0.4  53  5.7515  18.05
75.302  66.9788  1890.03  95.1909  171  0.38  0.4  53  5.7515  18.15
75.351  67.1076  1892.31  95.0352  166.085  0.38  0.4  53  5.7515  19.35
75.4  67.1076  1883.59  96.4265  210.829  0.39  0.4  53  5.7515  19.35
75.448  67.1076  2002.27  89.9797  0.709  0.36  0.4  53  5.7515  19.35
75.497  67.2364  1896.72  94.6983  155.358  0.38  0.4  53  5.7515  19.35
75.546  67.2364  1855.53  96.4879  209.661  0.39  0.4  53  5.7515  19.35
75.595  67.2364  1948.3  89.0804  31.269  0.37  0.4  53  5.7515  19.35
75.643  67.3652  1933.85  94.291  144.695  0.38  0.4  53  5.7515  20.35
75.692  67.3652  1873.41  95.1993  169.768  0.39  0.4  53  5.7515  20.35
75.741  67.3652  1889.23  95.3373  175.734  0.38  0.4  53  5.7515  20.35
75.79  67.494  1899.1  96.4836  214.444  0.38  0.4  53  5.7515  20.35
75.838  67.494  1922.77  89.2647  24.676  0.38  0.4  53  5.7515  20.35
75.887  67.494  1982.77  89.8522  5.115  0.36  0.4  53  5.7515  20.35
75.936  67.6228  1896.66  94.9829  164.741  0.38  0.4  53  5.7515  22.1
75.985  67.6228  1895.52  95.0626  167.27  0.38  0.4  53  5.7515  22.1
76.033  67.6228  2017.88  89.6301  13.026  0.36  0.4  53  5.7515  22.1
76.082  67.7516  1869.12  95.5522  180.843  0.39  0.4  53  5.7515  22.1
76.131  67.7516  1955.19  89.0028  34.029  0.37  0.4  53  5.7515  22.2
76.18  67.7516  1923.42  94.7205  158.289  0.38  0.4  53  5.7515  22.2
76.229  67.8804  1858.94  95.2887  171.345  0.39  0.4  53  5.7515  22.85
76.277  67.8804  1868.96  94.0596  132.312  0.39  0.4  53  5.7515  22.85
76.326  67.8804  1882.85  94.9747  163.273  0.39  0.4  53  5.7515  22.85
76.375  68.0092  1919.12  89.2117  26.402  0.38  0.4  53  5.7515  22.85
76.424  68.0092  2000.57  89.5676  15.096  0.36  0.4  53  5.7515  23.3
76.473  68.0092  1852.85  96.5488  211.318  0.39  0.4  53  5.7515  23.3
76.522  68.138  1889.11  95.0079  164.907  0.38  0.4  53  5.7515  23.4
76.57  68.138  1905.21  96.1182  203.057  0.38  0.4  53  5.7515  23.4
76.619  68.2668  1979.32  89.8324  5.792  0.37  0.4  53  5.7515  23.4
76.668  68.2668  1827.74  90.0619  1.976  0.4  0.4  53  5.7515  23.4
76.717  68.2668  1919.76  96.2285  208.284  0.38  0.4  53  5.7515  23.4
76.765  68.3956  1854.5  95.5937  180.766  0.39  0.4  53  5.7515  25.15
76.814  68.3956  2002.91  88.6862  45.922  0.36  0.4  53  5.7515  25.25
76.863  68.3956  1870.6  95.2383  170.782  0.39  0.4  53  5.7515  25.25
76.912  68.5244  1852.71  94.0779  131.75  0.39  0.4  53  5.7515  25.25
76.96  68.5244  2005.65  89.579  14.736  0.36  0.4  53  5.7515  25.25
77.009  68.5244  1964.56  90.0041  0.139  0.37  0.4  53  5.7515  25.35
77.058  68.6532  1968.76  89.0762  31.741  0.37  0.4  53  5.7515  25.8
77.107  68.6532  1979.59  89.7174  9.766  0.37  0.4  53  5.7515  26
77.156  68.6532  1852.09  93.9647  128.056  0.39  0.4  53  5.7515  26
77.204  68.782  1882.31  94.0156  131.816  0.39  0.4  53  5.7515  26
77.253  68.782  1891.95  94.9649  163.74  0.38  0.4  53  5.7515  26
77.302  68.782  1793.96  89.9906  0.295  0.4  0.4  53  5.7515  26
77.351  68.9108  1835.01  89.9883  0.374  0.39  0.4  53  5.7515  26.1
77.399  68.9108  1897.4  96.4455  212.999  0.38  0.4  53  5.7515  26.2
77.448  68.9108  1883.52  93.9603  130.086  0.39  0.4  53  5.7515  27.4
77.497  69.0396  1923.48  95.0342  168.785  0.38  0.4  53  5.7515  27.4
77.546  69.0396  1871.15  95.048  164.645  0.39  0.4  53  5.7515  27.4
77.594  69.0396  1984.84  89.9938  0.216  0.36  0.4  53  5.7515  27.4
77.643  69.1684  1999.33  89.8804  4.172  0.36  0.4  53  5.7515  27.4
77.692  69.1684  1870.47  94.9122  160.167  0.39  0.4  53  5.7515  27.5
77.741  69.1684  1962.31  88.8094  40.772  0.37  0.4  53  5.7515  28.8
77.789  69.2973  1906.93  94.8715  161.937  0.38  0.4  53  5.7515  28.8
77.838  69.2973  1880.5  95.1085  167.444  0.39  0.4  53  5.7515  28.8
77.887  69.2973  2018.95  90.009  0.317  0.36  0.4  53  5.7515  28.8
77.936  69.4261  1884.56  95.0111  164.613  0.39  0.4  53  5.7515  28.8
77.985  69.4261  1985.3  90.0289  1.002  0.36  0.4  53  5.7515  28.8
78.033  69.4261  2019.61  89.7758  7.902  0.36  0.4  53  5.7515  29.55
78.082  69.5549  1883.31  95.0659  166.298  0.39  0.4  53  5.7515  29.55
78.131  69.5549  1809.92  90.0122  0.385  0.4  0.4  53  5.7515  29.55
78.18  69.5549  2007.2  89.5708  15.036  0.36  0.4  53  5.7515  29.55
78.229  69.6837  1873.15  94.8485  158.32  0.39  0.4  53  5.7515  29.55
78.278  69.6837  1988.96  88.8835  38.755  0.36  0.4  53  5.7515  29.55
78.327  69.6837  1918.28  94.9444  165.334  0.38  0.4  53  5.7515  30.45
78.376  69.8125  1860.81  94.2082  136.548  0.39  0.4  53  5.7515  30.45
78.425  69.8125  2002.57  88.9214  37.698  0.36  0.4  53  5.7515  30.45
78.473  69.8125  1907.4  94.9638  165.039  0.38  0.4  53  5.7515  30.45
78.522  69.9413  1889.58  95.0994  167.952  0.38  0.4  53  5.7515  30.45
78.571  69.9413  1927.28  95.1554  173.179  0.38  0.4  53  5.7515  30.45
78.62  69.9413  1956.48  89.9145  2.921  0.37  0.4  53  5.7515  31.85
78.669  70.0701  1969.38  88.9965  34.489  0.37  0.4  53  5.7515  31.85
78.717  70.0701  1924.96  94.7109  158.093  0.38  0.4  53  5.7515  31.85
78.766  70.0701  1870.47  94.9122  160.167  0.39  0.4  53  5.7515  31.85
78.815  70.1989  2006.59  89.9402  2.094  0.36  0.4  53  5.7515  31.85
78.864  70.1989  1925.93  96.1948  207.826  0.38  0.4  53  5.7515  31.95
78.913  70.1989  1939.95  89.9641  1.215  0.37  0.4  53  5.7515  32.4
78.961  70.3277  2023.86  89.852  5.226  0.36  0.4  53  5.7515  32.4
79.01  70.3277  1886.72  95.1389  168.994  0.38  0.4  53  5.7515  32.4
79.059  70.3277  1992.77  89.9906  0.327  0.36  0.4  53  5.7515  32.4
79.108  70.4565  2017.7  89.4762  18.447  0.36  0.4  53  5.7515  32.4
79.156  70.4565  1885.76  96.2267  204.534  0.39  0.4  53  5.7515  32.5
79.205  70.4565  1899.54  94.943  163.673  0.38  0.4  53  5.7515  32.6
79.254  70.5853  1931.38  94.719  158.891  0.38  0.4  53  5.7515  32.6
79.303  70.5853  1951.66  89.9025  3.32  0.37  0.4  53  5.7515  32.6
79.351  70.5853  1920.41  95.0528  169.14  0.38  0.4  53  5.7515  32.6
79.4  70.7141  1920.23  95.9866  200.272  0.38  0.4  53  5.7515  33.05
79.449  70.7141  1872.1  94.085  133.361  0.39  0.4  53  5.7515  33.25
79.498  70.7141  2023.86  89.852  5.226  0.36  0.4  53  5.7515  33.25
79.547  70.8429  1915.85  96.0589  202.219  0.38  0.4  53  5.7515  33.35
79.596  70.8429  1875.01  94.0652  132.924  0.39  0.4  53  5.7515  33.35
79.644  70.8429  1950.52  94.6745  158.957  0.37  0.4  53  5.7515  33.35
79.693  70.9717  1872.61  95.0389  164.475  0.39  0.4  53  5.7515  33.35
79.742  70.9717  1900.7  95.173  171.374  0.38  0.4  53  5.7515  33.8
79.791  70.9717  2007.08  89.8405  5.588  0.36  0.4  53  5.7515  33.9
79.84  71.1005  1875.75  95.372  175.612  0.39  0.4  53  5.7515  33.9
79.888  71.1005  1976.87  88.9534  36.11  0.37  0.4  53  5.7515  33.9
79.937  71.1005  1885.24  95.148  169.16  0.39  0.4  53  5.7515  33.9
79.986  71.2293  1873.49  95.526  180.413  0.39  0.4  53  5.7515  33.9
80.035  71.2293  1921.22  94.904  164.238  0.38  0.4  53  5.7515  33.9
80.083  71.2293  1883.31  95.0659  166.298  0.39  0.4  53  5.7515  33.9
80.132  71.3581  1883.21  95.0447  165.596  0.39  0.4  53  5.7515  33.9
80.181  71.3581  1939.43  94.4264  149.683  0.37  0.4  53  5.7515  33.9
80.23  71.3581  1882.39  94.8836  160.251  0.39  0.4  53  5.7515  33.9
80.278  71.4869  1972.37  88.9793  35.135  0.37  0.4  53  5.7515  33.9
80.327  71.4869  2014.9  89.8002  7.028  0.36  0.4  53  5.7515  33.9
80.376  71.4869  1956.48  89.9145  2.921  0.37  0.4  53  5.7515  33.9
80.425  71.6157  1969.38  88.9965  34.489  0.37  0.4  53  5.7515  33.9
80.474  71.6157  1905.42  94.8809  162.121  0.38  0.4  53  5.7515  33.9
80.522  71.6157  1872.17  95.2536  171.425  0.39  0.4  53  5.7515  33.9
80.571  71.7446  1932.25  94.8842  164.515  0.38  0.4  53  5.7515  33.9
80.62  71.7446  1885.57  94.9106  161.407  0.39  0.4  53  5.7515  33.9
80.669  71.7446  1898.97  95.1361  170.001  0.38  0.4  53  5.7515  33.9
80.718  71.8734  2013.44  89.5376  16.249  0.36  0.4  53  5.7515  33.9
80.766  71.8734  1874.07  95.0298  164.306  0.39  0.4  53  5.7515  33.9
80.815  71.8734  1835.1  90.0238  0.763  0.39  0.4  53  5.7515  33.9
80.864  72.0022  1923.11  94.9626  166.361  0.38  0.4  53  5.7515  33.9
80.913  72.0022  1869.7  95.3621  174.724  0.39  0.4  53  5.7515  33.9
80.962  72.0022  1975.81  88.9977  34.561  0.37  0.4  53  5.7515  34.1
81.011  72.131  1915.64  96.0123  200.648  0.38  0.4  53  5.7515  36.2
81.06  72.131  1874.76  94.0201  131.431  0.39  0.4  53  5.7515  36.2
81.108  72.2598  1944.73  94.8075  162.985  0.37  0.4  53  5.7515  36.2
81.157  72.2598  1959.84  89.9342  2.25  0.37  0.4  53  5.7515  36.2
81.206  72.2598  1961.54  89.9454  1.87  0.37  0.4  53  5.7515  36.2
81.255  72.3886  1920.36  94.7397  158.677  0.38  0.4  53  5.7515  36.3
81.304  72.3886  1866.22  95.5696  181.127  0.39  0.4  53  5.7515  38.6
81.352  72.3886  1975.42  89.9107  3.079  0.37  0.4  53  5.7515  38.6
81.401  72.5174  1918.59  94.7029  157.302  0.38  0.4  53  5.7515  38.6
81.45  72.5174  1927.23  89.9208  2.664  0.38  0.4  53  5.7515  38.6
81.499  72.5174  2011.27  89.9163  2.937  0.36  0.4  53  5.7515  38.6
81.548  72.6462  1918.23  96.2369  208.397  0.38  0.4  53  5.7515  38.7
81.597  72.6462  1875.87  95.0904  166.441  0.39  0.4  53  5.7515  39.45
81.645  72.6462  2001  89.6037  13.839  0.36  0.4  53  5.7515  39.45
81.694  72.775  1874.57  96.4293  209.908  0.39  0.4  53  5.7515  39.45
81.743  72.775  1998.79  89.9597  1.405  0.36  0.4  53  5.7515  39.45
81.792  72.775  2017.17  89.7112  10.169  0.36  0.4  53  5.7515  39.45
81.841  72.9038  1994.94  90.0347  1.207  0.36  0.4  53  5.7515  39.55
81.889  72.9038  1842.63  90.021  0.676  0.39  0.4  53  5.7515  39.55
81.938  72.9038  1912.42  95.0282  167.617  0.38  0.4  53  5.7515  42.7
81.987  73.0326  1873.27  95.4806  178.913  0.39  0.4  53  5.7515  42.7
82.036  73.0326  2010.13  89.9605  1.385  0.36  0.4  53  5.7515  42.7
82.084  73.0326  1905.21  96.1182  203.057  0.38  0.4  53  5.7515  42.7
82.133  73.1614  1872.61  95.3444  174.418  0.39  0.4  53  5.7515  43.15
82.182  73.1614  1928.58  95.0994  171.419  0.38  0.4  53  5.7515  43.15
82.231  73.1614  1967.48  89.9889  0.382  0.37  0.4  53  5.7515  45.6
82.28  73.2902  1947.02  88.9749  34.833  0.37  0.4  53  5.7515  45.6
82.328  73.2902  1926.25  94.6547  156.316  0.38  0.4  53  5.7515  45.6
82.377  73.2902  1988.49  90.03  1.041  0.36  0.4  53  5.7515  45.6
82.426  73.419  2030.26  89.9902  0.348  0.36  0.4  53  5.7515  45.6
82.475  73.419  1893.99  94.763  157.266  0.38  0.4  53  5.7515  48.55
82.524  73.419  1864.92  95.2983  172.207  0.39  0.4  53  5.7515  48.65
82.573  73.5478  2003.48  89.9561  1.537  0.36  0.4  53  5.7515  48.65
82.621  73.5478  1904.63  95.0285  166.943  0.38  0.4  53  5.7515  48.65
82.67  73.5478  1996.23  90.0106  0.368  0.36  0.4  53  5.7515  48.65
82.719  73.6766  1908.7  95.2195  173.639  0.38  0.4  53  5.7515  50.4
82.768  73.6766  1885.57  94.9106  161.407  0.39  0.4  53  5.7515  52.5
82.817  73.6766  1841.04  89.9931  0.222  0.39  0.4  53  5.7515  52.9
82.866  73.8054  1925.94  94.8972  164.413  0.38  0.4  53  5.7515  52.9
82.915  73.8054  1866.22  95.5696  181.127  0.39  0.4  53  5.7515  52.9
82.963  73.8054  1827.55  89.9913  0.279  0.4  0.4  53  5.7515  52.9
83.012  73.9342  1920.59  96.4155  214.603  0.38  0.4  53  5.7515  55.7
83.061  73.9342  1867.02  95.4251  176.516  0.39  0.4  53  5.7515  55.8
83.11  73.9342  2004.53  89.6234  13.174  0.36  0.4  53  5.7515  56
83.158  74.063  1919.06  96.4237  214.706  0.38  0.4  53  5.7515  56
83.207  74.063  1863.44  94.1439  134.654  0.39  0.4  53  5.7515  56
83.256  74.063  2001.16  89.7562  8.514  0.36  0.4  53  5.7515  56
83.305  74.1919  1887.05  94.9013  161.228  0.38  0.4  53  5.7515  56
83.354  74.1919  1833.53  89.996  0.128  0.39  0.4  53  5.7515  56.2
83.403  74.1919  1928.29  94.7382  159.283  0.38  0.4  53  5.7515  56.2
83.451  74.3207  1945.79  89.9334  2.261  0.37  0.4  53  5.7515  56.2
83.5  74.3207  2003.36  89.8036  6.866  0.36  0.4  53  5.7515  56.2
83.549  74.3207  1917.17  96.0037  200.523  0.38  0.4  53  5.7515  56.2
83.598  74.4495  1796.97  90.045  1.411  0.4  0.4  53  5.7515  56.2
83.647  74.4495  2001.52  89.9279  2.519  0.36  0.4  53  5.7515  56.65
83.695  74.4495  1898.15  94.9736  164.564  0.38  0.4  53  5.7515  58.85
83.744  74.5783  2007.29  89.992  0.281  0.36  0.4  53  5.7515  58.85
83.793  74.5783  2002.97  89.6316  12.877  0.36  0.4  53  5.7515  58.85
83.842  74.5783  1817.19  89.9905  0.3  0.4  0.4  53  5.7515  58.85
83.89  74.7071  2018.47  89.9732  0.944  0.36  0.4  53  5.7515  58.85
83.94  74.7071  1916.82  94.6661  155.932  0.38  0.4  53  5.7515  60.05
83.988  74.7071  1969.39  90.0162  0.556  0.37  0.4  53  5.7515  62.95
84.037  74.8359  1972.81  89.0149  33.916  0.37  0.4  53  5.7515  62.95
84.086  74.8359  1899.88  95.0103  165.926  0.38  0.4  53  5.7515  62.95
84.135  74.8359  1877.92  94.0455  132.483  0.39  0.4  53  5.7515  62.95
84.183  74.9647  2039.04  90.0231  0.822  0.35  0.4  53  5.7515  62.95
84.232  74.9647  1898.7  96.3911  211.354  0.38  0.4  53  5.7515  63.5
84.281  74.9647  1873.18  95.1539  168.27  0.39  0.4  53  5.7515  65.95
84.33  75.0935  1908.74  94.6218  153.802  0.38  0.4  53  5.7515  65.95
84.379  75.0935  1857.5  94.9946  161.716  0.39  0.4  53  5.7515  65.95
84.427  75.0935  1897.34  93.961  131.063  0.38  0.4  53  5.7515  65.95
84.476  75.2223  1925.75  94.5616  153.156  0.38  0.4  53  5.7515  65.95
84.525  75.2223  1889.45  95.3831  177.258  0.38  0.4  53  5.7515  68.05
84.574  75.2223  1924.29  94.885  163.867  0.38  0.4  53  5.7515  68.25
84.623  75.3511  1922.63  96.1649  206.473  0.38  0.4  53  5.7515  68.45
84.672  75.3511  1870.9  94.1399  135.065  0.39  0.4  53  5.7515  68.45
84.72  75.3511  1934.3  94.9682  167.517  0.38  0.4  53  5.7515  68.45
84.769  75.4799  1886.36  96.3644  209.105  0.39  0.4  53  5.7515  68.45
84.819  75.4799  1818.79  90.037  1.173  0.4  0.4  53  5.7515  68.45
84.867  75.4799  1922.43  94.5346  151.99  0.38  0.4  53  5.7515  68.55
84.916  75.6087  1883.54  95.1115  167.811  0.39  0.4  53  5.7515  68.55
84.965  75.6087  1977.31  88.9891  34.885  0.37  0.4  53  5.7515  68.55
85.013  75.7375  1922.68  94.5811  153.563  0.38  0.4  53  5.7515  68.55
85.062  75.7375  1869.12  95.5522  180.843  0.39  0.4  53  5.7515  68.55
85.112  75.7375  1922.51  94.848  162.477  0.38  0.4  53  5.7515  68.55
85.161  75.8663  1908.45  96.1477  204.38  0.38  0.4  53  5.7515  68.55
85.209  75.8663  1866.81  95.3798  175.027  0.39  0.4  53  5.7515  68.65
85.258  75.8663  1934.05  94.9214  165.922  0.38  0.4  53  5.7515  68.65
85.307  75.9951  1881.12  96.2057  203.345  0.39  0.4  53  5.7515  68.65
85.356  75.9951  1960.06  89.9531  1.603  0.37  0.4  53  5.7515  68.65
85.404  75.9951  2002.97  89.6316  12.877  0.36  0.4  53  5.7515  68.65
85.453  76.1239  1959.76  89.992  0.274  0.37  0.4  53  5.7515  68.65
85.502  76.1239  1980.77  89.9585  1.435  0.37  0.4  53  5.7515  68.75
85.551  76.1239  1914.5  94.8242  161.007  0.38  0.4  53  5.7515  68.75
85.6  76.2527  1865.36  95.3887  175.178  0.39  0.4  53  5.7515  68.75
85.649  76.2527  1912.31  95.0067  166.893  0.38  0.4  53  5.7515  68.75
85.697  76.2527  1898.29  96.2987  208.266  0.38  0.4  53  5.7515  68.75
85.746  76.3815  1945  89.8634  4.639  0.37  0.4  53  5.7515  71.0499
85.795  76.3815  2003.23  89.515  16.958  0.36  0.4  53  5.7515  71.2499
85.844  76.3815  1895.97  96.1224  202.212  0.38  0.4  53  5.7515  71.2499
85.893  76.5103  1965.97  88.9782  35.059  0.37  0.4  53  5.7515  71.2499
85.941  76.5103  1914.74  94.8705  162.57  0.38  0.4  53  5.7515  71.2499
85.99  76.5103  1982.66  89.9474  1.819  0.36  0.4  53  5.7515  71.4499
86.039  76.6392  1996.75  89.7997  6.98  0.36  0.4  53  5.7515  72.6499
86.088  76.6392  1906.69  94.8253  160.388  0.38  0.4  53  5.7515  73.0999
86.136  76.6392  1865.14  95.0392  163.829  0.39  0.4  53  5.7515  73.0999
86.185  76.768  1926.88  94.7728  160.326  0.38  0.4  53  5.7515  73.0999
86.234  76.768  1902.65  94.9457  164.029  0.38  0.4  53  5.7515  73.0999
86.283  76.768  1856.98  94.0485  131.104  0.39  0.4  53  5.7515  73.0999
86.332  76.8968  1919.83  95.2481  175.605  0.38  0.4  53  5.7515  75.3999
86.381  76.8968  1879.22  94.8567  159.102  0.39  0.4  53  5.7515  76.5999
86.43  76.8968  1955  89.1171  30.124  0.37  0.4  53  5.7515  76.5999
86.478  77.0256  1999.61  89.7643  8.226  0.36  0.4  53  5.7515  76.5999
86.527  77.0256  1880.69  94.8474  158.922  0.39  0.4  53  5.7515  76.5999
86.576  77.0256  1981.47  89.8793  4.176  0.37  0.4  53  5.7515  76.5999
86.625  77.1544  1914.5  94.8242  161.007  0.38  0.4  53  5.7515  80.1999
86.674  77.1544  1951.66  89.9025  3.32  0.37  0.4  53  5.7515  80.4999
86.722  77.1544  1911.6  94.8679  162.216  0.38  0.4  53  5.7515  80.4999
86.771  77.2832  1905.66  94.927  163.669  0.38  0.4  53  5.7515  80.4999
86.82  77.2832  1946.64  89.2026  27.091  0.37  0.4  53  5.7515  80.4999
86.869  77.2832  2006.77  89.5346  16.301  0.36  0.4  53  5.7515  80.4999
86.918  77.412  1881.32  96.2514  204.86  0.39  0.4  53  5.7515  82.9499
86.966  77.412  1971.75  89.0591  32.377  0.37  0.4  53  5.7515  83.0499
87.015  77.412  1997.65  89.7363  9.193  0.36  0.4  53  5.7515  83.0499
87.064  77.5408  1984.6  89.9749  0.869  0.36  0.4  53  5.7515  83.0499
87.113  77.5408  1920.74  94.811  161.092  0.38  0.4  53  5.7515  83.0499
87.161  77.5408  1918.04  94.898  163.765  0.38  0.4  53  5.7515  83.0499
87.21  77.6696  1856.52  94.2373  137.173  0.39  0.4  53  5.7515  83.0499
87.259  77.6696  1919.21  94.8205  161.281  0.38  0.4  53  5.7515  83.0499
87.308  77.6696  1881.84  95.075  166.467  0.39  0.4  53  5.7515  83.0499
87.357  77.7984  1869.44  90.029  0.945  0.39  0.4  53  5.7515  83.0499
87.406  77.7984  1925.73  95.1647  173.352  0.38  0.4  53  5.7515  83.0499
87.454  77.7984  1872.38  94.9936  162.98  0.39  0.4  53  5.7515  83.0499
87.504  77.9272  1957.33  89.1793  28.035  0.37  0.4  53  5.7515  83.0499
87.552  77.9272  1985.39  89.8006  6.911  0.36  0.4  53  5.7515  83.0499
87.601  77.9272  1797.02  90.0611  1.917  0.4  0.4  53  5.7515  83.0499
87.65  78.056  1997.87  89.7556  8.52  0.36  0.4  53  5.7515  83.0499
87.699  78.056  1908.44  94.862  161.753  0.38  0.4  53  5.7515  83.0499
87.747  78.056  1871.16  95.3533  174.572  0.39  0.4  53  5.7515  83.0499
87.796  78.1848  2001.81  89.8117  6.58  0.36  0.4  53  5.7515  83.0499
87.845  78.1848  1887.74  95.0383  165.785  0.38  0.4  53  5.7515  83.0499
87.894  78.1848  1869.9  93.9597  129.124  0.39  0.4  53  5.7515  83.0499
87.942  78.3136  1920.41  95.0528  169.14  0.38  0.4  53  5.7515  83.0499
87.991  78.3136  1884.86  94.7738  156.863  0.39  0.4  53  5.7515  83.0499
88.04  78.3136  1957.28  88.038  67.011  0.37  0.4  53  5.7515  83.0499
88.089  78.4424  1910.67  94.9913  166.236  0.38  0.4  53  5.7515  83.0499
88.137  78.4424  1880.45  94.8019  157.415  0.39  0.4  53  5.7515  83.1499
88.186  78.4424  1992.56  89.8596  4.882  0.36  0.4  53  5.7515  84.8999
88.235  78.5712  1906.93  96.1561  204.496  0.38  0.4  53  5.7515  84.8999
88.284  78.5712  1873.41  95.1993  169.768  0.39  0.4  53  5.7515  84.8999
88.332  78.5712  1916.15  94.8396  161.658  0.38  0.4  53  5.7515  84.8999
88.381  78.7  1898.15  94.9736  164.564  0.38  0.4  53  5.7515  84.8999
88.43  78.7  1887.3  95.2548  172.848  0.38  0.4  53  5.7515  84.8999
88.479  78.7  2001.68  89.5233  16.655  0.36  0.4  53  5.7515  85.7499
88.528  78.8288  1807  90.0086  0.27  0.4  0.4  53  5.7515  85.7499
88.577  78.8288  1988.79  89.9551  1.56  0.36  0.4  53  5.7515  85.7499
88.625  78.8288  1922.14  94.7766  160.058  0.38  0.4  53  5.7515  85.7499
88.674  78.9576  1952.73  89.8596  4.785  0.37  0.4  53  5.7515  85.7499
88.723  78.9576  1989.5  89.8755  4.323  0.36  0.4  53  5.7515  85.7499
88.772  78.9576  1910.19  94.8988  163.123  0.38  0.4  53  5.7515  89.3499
88.821  79.0865  1870.05  95.1267  167.104  0.39  0.4  53  5.7515  89.3499
88.869  79.0865  1927.86  94.9593  166.66  0.38  0.4  53  5.7515  89.3499
88.918  79.0865  1885.02  95.1023  167.643  0.39  0.4  53  5.7515  89.3499
88.967  79.2153  1820.33  90.0646  2.051  0.4  0.4  53  5.7515  89.3499
89.016  79.2153  2005.1  89.8124  6.567  0.36  0.4  53  5.7515  89.3499
89.065  79.2153  1856.29  95.0486  163.354  0.39  0.4  53  5.7515  89.7499
89.114  79.3441  1968.76  89.0762  31.741  0.37  0.4  53  5.7515  89.7499
89.162  79.3441  2000.88  89.8725  4.453  0.36  0.4  53  5.7515  89.7499
89.211  79.3441  1868.91  95.5069  179.35  0.39  0.4  53  5.7515  89.7499
89.26  79.4729  1915.83  95.0808  169.667  0.38  0.4  53  5.7515  89.7499
89.309  79.4729  1901.15  94.955  164.208  0.38  0.4  53  5.7515  89.7499
89.358  79.4729  1889.11  95.0079  164.907  0.38  0.4  53  5.7515  90.6999
89.406  79.6017  1934.3  94.9682  167.517  0.38  0.4  53  5.7515  90.6999
89.455  79.6017  1882.85  94.9747  163.273  0.39  0.4  53  5.7515  90.6999
89.504  79.7305  1890.83  95.0444  166.258  0.38  0.4  53  5.7515  90.6999
89.553  79.7305  1928.59  96.0841  204.407  0.38  0.4  53  5.7515  90.6999
89.601  79.7305  1888.52  96.1642  202.786  0.39  0.4  53  5.7515  90.6999
89.65  79.8593  1830.68  90.0467  1.493  0.4  0.4  53  5.7515  90.6999
89.699  79.8593  1925.7  94.8506  162.832  0.38  0.4  53  5.7515  92.5499
89.748  79.8593  1801.28  90.0387  1.216  0.4  0.4  53  5.7515  92.5499
89.796  79.9881  1957.52  89.0649  31.947  0.37  0.4  53  5.7515  92.5499
89.845  79.9881  1897.12  95.0747  167.81  0.38  0.4  53  5.7515  92.5499
89.894  79.9881  1863.42  90.0243  0.791  0.39  0.4  53  5.7515  92.6499
89.943  80.1169  1925.26  95.0714  170.187  0.38  0.4  53  5.7515  92.6499
89.992  80.1169  1892.97  94.864  160.507  0.38  0.4  53  5.7515  93.3999
90.04  80.1169  1869.2  94.1047  133.795  0.39  0.4  53  5.7515  93.3999
90.089  80.2457  1915.29  94.6758  156.128  0.38  0.4  53  5.7515  93.3999
90.138  80.2457  1794  90.0067  0.209  0.4  0.4  53  5.7515  93.3999
90.187  80.2457  1821.6  89.9865  0.428  0.4  0.4  53  5.7515  93.3999
90.236  80.3745  1987.33  89.8284  5.952  0.36  0.4  53  5.7515  94.5999
90.285  80.3745  1940.23  89.8516  5.024  0.37  0.4  53  5.7515  96.7999
90.333  80.3745  1908.81  94.933  164.139  0.38  0.4  53  5.7515  96.7999
90.382  80.5033  1884.56  95.0111  164.613  0.39  0.4  53  5.7515  96.7999
90.431  80.5033  1961.33  89.1187  30.167  0.37  0.4  53  5.7515  96.7999
90.48  80.5033  1931.43  95.0339  169.474  0.38  0.4  53  5.7515  98.8999
90.529  80.6321  1877.89  95.1933  169.98  0.39  0.4  53  5.7515  98.8999
90.577  80.6321  1818.69  90.0018  0.057  0.4  0.4  53  5.7515  99.5499
90.626  80.6321  1920.61  94.7861  160.249  0.38  0.4  53  5.7515  99.5499
90.675  80.7609  1851.79  95.0308  162.387  0.39  0.4  53  5.7515  99.5499
90.724  80.7609  1982.29  89.9507  1.707  0.36  0.4  53  5.7515  99.5499
90.773  80.7609  1916.75  94.9538  165.516  0.38  0.4  53  5.7515  99.5499
90.821  80.8897  1866.81  95.3798  175.027  0.39  0.4  53  5.7515  100
90.87  80.8897  1995.63  89.8437  5.444  0.36  0.4  53  5.7515  100
90.919  80.8897  1887.24  96.2184  204.424  0.39  0.4  53  5.7515  100
90.968  81.0185  1808.49  90.0197  0.623  0.4  0.4  53  5.7515  100
91.016  81.0185  1920.89  95.1459  172.288  0.38  0.4  53  5.7515  100
91.065  81.0185  1879.65  96.2139  203.455  0.39  0.4  53  5.7515  100
91.114  81.1473  1953.96  89.1608  28.618  0.37  0.4  53  5.7515  100
91.163  81.1473  1924.19  95.1739  173.523  0.38  0.4  53  5.7515  100
91.211  81.1473  1808.53  90.036  1.135  0.4  0.4  53  5.7515  100
91.26  81.2761  1897.25  95.0994  168.633  0.38  0.4  53  5.7515  100
91.309  81.2761  1910.49  94.6583  155.158  0.38  0.4  53  5.7515  100
91.358  81.2761  1939.56  89.9292  2.397  0.37  0.4  53  5.7515  100
91.406  81.4049  1989.86  88.9554  36.275  0.36  0.4  53  5.7515  100
91.455  81.4049  1895.23  94.7078  155.548  0.38  0.4  53  5.7515  100
91.504  81.4049  1987.82  89.9784  0.749  0.36  0.4  53  5.7515  100
91.553  81.5338  1925.73  95.1647  173.352  0.38  0.4  53  5.7515  100
91.601  81.5338  1894  96.3695  210.121  0.38  0.4  53  5.7515  100
91.65  81.5338  1884.03  94.0511  133.098  0.38  0.4  53  5.7515  100
91.699  81.6626  1991.08  89.7327  9.291  0.36  0.4  53  5.7515  100
91.748  81.6626  1860.04  95.2106  168.922  0.39  0.4  53  5.7515  100
91.796  81.6626  1970.9  89.9342  2.265  0.37  0.4  53  5.7515  100
91.845  81.7914  1923.53  96.0161  201.601  0.38  0.4  53  5.7515  100
91.894  81.7914  1942.87  89.9488  1.737  0.37  0.4  53  5.7515  100
91.943  81.7914  1916.64  94.9323  164.789  0.38  0.4  53  5.7515  100
91.992  81.9202  1897  96.3531  209.914  0.38  0.4  53  5.7515  100
92.041  81.9202  1823.16  90.0142  0.45  0.4  0.4  53  5.7515  100
92.09  81.9202  1919.36  95.1551  172.459  0.38  0.4  53  5.7515  100
92.138  82.049  1804.14  90.0236  0.745  0.4  0.4  53  5.7515  100
92.187  82.049  1984.92  89.8992  3.492  0.36  0.4  53  5.7515  100
92.236  82.049  1975.61  89.9272  2.51  0.37  0.4  53  5.7515  100
92.284  82.1778  1862.03  95.0123  162.685  0.39  0.4  53  5.7515  100
92.333  82.1778  1898.39  90.0248  0.822  0.38  0.4  53  5.7515  100
92.382  82.1778  1987.61  89.7129  9.959  0.36  0.4  53  5.7515  100
92.431  82.3066  1946.86  89.8907  3.715  0.37  0.4  53  5.7515  100
92.479  82.3066  2043.28  89.9632  1.311  0.35  0.4  53  5.7515  100
92.528  82.3066  1898.46  94.7346  156.701  0.38  0.4  53  5.7515  100
92.577  82.4354  1857.71  94.1828  135.499  0.39  0.4  53  5.7515  100
92.626  82.4354  1948.63  94.9296  167.449  0.37  0.4  53  5.7515  100
92.675  82.4354  1893.19  96.1852  203.978  0.38  0.4  53  5.7515  100
92.724  82.5642  1820.24  90.0294  0.933  0.4  0.4  53  5.7515  100
92.772  82.5642  1934.15  95.9087  199.108  0.38  0.4  53  5.7515  100
92.821  82.5642  1868.79  94.8762  158.854  0.39  0.4  53  5.7515  100
92.87  82.693  2025.6  90.0137  0.483  0.36  0.4  53  5.7515  100
92.919  82.693  1986.63  89.9079  3.192  0.36  0.4  53  5.7515  100
92.967  82.693  1867.82  95.2804  171.896  0.39  0.4  53  5.7515  100
93.016  82.8218  2015.55  89.856  5.067  0.36  0.4  53  5.7515  100
93.065  82.8218  1908.66  96.1941  205.94  0.38  0.4  53  5.7515  100
93.114  82.8218  1891.74  95.2277  172.363  0.38  0.4  53  5.7515  100
93.162  82.9506  1938.38  95.137  173.557  0.37  0.4  53  5.7515  100
93.211  82.9506  1885.8  94.9562  162.923  0.39  0.4  53  5.7515  100
93.26  82.9506  1980.77  89.9585  1.435  0.37  0.4  53  5.7515  100
93.309  83.0794  2012.31  89.5822  14.673  0.36  0.4  53  5.7515  100
93.357  83.0794  1954.6  89.887  3.854  0.37  0.4  53  5.7515  100
93.406  83.0794  1989.08  89.8396  5.567  0.36  0.4  53  5.7515  100
93.455  83.2082  1916.51  94.9074  163.95  0.38  0.4  53  5.7515  100
93.504  83.2082  1857.95  94.2276  136.965  0.39  0.4  53  5.7515  100
93.552  83.2082  2036.99  89.9948  0.184  0.36  0.4  53  5.7515  100
93.601  83.337  1895.95  94.8453  160.141  0.38  0.4  53  5.7515  100
93.65  83.337  1814.44  90.0596  1.888  0.4  0.4  53  5.7515  100
93.699  83.337  1938.38  95.137  173.557  0.37  0.4  53  5.7515  100
93.747  83.4658  1879.45  94.9021  160.607  0.39  0.4  53  5.7515  100
93.796  83.4658  1967.27  89.0847  31.424  0.37  0.4  53  5.7515  100
93.845  83.4658  1927.29  94.5518  152.952  0.38  0.4  53  5.7515  100
93.894  83.5946  1992.98  90.007  0.243  0.36  0.4  53  5.7515  100
93.942  83.5946  1967.91  89.9497  1.727  0.37  0.4  53  5.7515  100
93.991  83.5946  1889.53  94.7913  157.825  0.38  0.4  53  5.7515  100
94.04  83.7234  1874.64  95.1449  168.107  0.39  0.4  53  5.7515  100
94.089  83.7234  1925.34  94.7824  160.518  0.38  0.4  53  5.7515  100
94.138  83.8522  1900.89  96.1897  204.954  0.38  0.4  53  5.7515  100
94.186  83.8522  1878.17  94.0907  133.981  0.39  0.4  53  5.7515  100
94.235  83.8522  2017.88  89.6301  13.026  0.36  0.4  53  5.7515  100
94.284  83.9811  1869.37  95.2925  172.432  0.39  0.4  53  5.7515  100
94.333  83.9811  1991.73  90.0336  1.167  0.36  0.4  53  5.7515  100
94.382  83.9811  1928.16  95.9903  201.223  0.38  0.4  53  5.7515  100
94.43  84.1099  1864.8  95.274  171.411  0.39  0.4  53  5.7515  100
94.479  84.1099  1853.22  90.0027  0.087  0.39  0.4  53  5.7515  100
94.528  84.1099  1985.81  89.8363  5.672  0.36  0.4  53  5.7515  100
94.577  84.2387  1878.24  95.2632  172.292  0.39  0.4  53  5.7515  100
94.625  84.2387  1999.13  89.8637  4.755  0.36  0.4  53  5.7515  100
94.675  84.2387  1899.18  96.1518  203.522  0.38  0.4  53  5.7515  100
94.724  84.3675  1940.37  88.9388  35.937  0.37  0.4  53  5.7515  100
94.772  84.3675  1937.9  95.0431  170.351  0.37  0.4  53  5.7515  100
94.821  84.3675  1862.48  95.1025  165.643  0.39  0.4  53  5.7515  100
94.87  84.4963  1839.65  90.0364  1.167  0.39  0.4  53  5.7515  100
94.919  84.4963  1923.67  94.767  159.865  0.38  0.4  53  5.7515  100
94.967  84.4963  1874.73  95.4718  178.766  0.39  0.4  53  5.7515  100
95.016  84.6251  1902.54  94.9243  163.313  0.38  0.4  53  5.7515  100
95.065  84.6251  1911.95  94.9356  164.498  0.38  0.4  53  5.7515  100
95.114  84.6251  1882.19  95.145  168.788  0.39  0.4  53  5.7515  100
95.162  84.7539  1929.96  94.7536  159.938  0.38  0.4  53  5.7515  100
95.211  84.7539  1910.43  94.945  164.679  0.38  0.4  53  5.7515  100
95.26  84.7539  1959.18  88.9417  36.185  0.37  0.4  53  5.7515  100
95.309  84.8827  1929.16  94.9032  164.89  0.38  0.4  53  5.7515  100
95.358  84.8827  1989.99  90.0223  0.775  0.36  0.4  53  5.7515  100
95.406  84.8827  1971.75  89.0591  32.377  0.37  0.4  53  5.7515  100
95.455  85.0115  1921.58  94.9721  166.543  0.38  0.4  53  5.7515  100
95.504  85.0115  1951.66  89.9025  3.32  0.37  0.4  53  5.7515  100
95.553  85.0115  1972.81  89.0149  33.916  0.37  0.4  53  5.7515  100
95.602  85.1403  1914.5  94.8242  161.007  0.38  0.4  53  5.7515  100
95.651  85.1403  1884.68  95.0355  165.425  0.39  0.4  53  5.7515  100
95.699  85.1403  2018.4  89.957  1.513  0.36  0.4  53  5.7515  100
95.748  85.2691  1994.48  89.9993  0.024  0.36  0.4  53  5.7515  100
95.797  85.2691  1963.62  88.9158  37.154  0.37  0.4  53  5.7515  100
95.846  85.2691  2004.26  89.7401  9.093  0.36  0.4  53  5.7515  100
95.894  85.3979  1852.33  94.0093  129.512  0.39  0.4  53  5.7515  100
95.943  85.3979  1973.87  88.9707  35.459  0.37  0.4  53  5.7515  100
95.992  85.3979  1897.44  94.8359  159.958  0.38  0.4  53  5.7515  100
96.041  85.5267  1879.34  95.4909  179.83  0.39  0.4  53  5.7515  100
96.089  85.5267  1984.86  88.9457  36.521  0.36  0.4  53  5.7515  100
96.138  85.5267  1914.26  96.4018  213.44  0.38  0.4  53  5.7515  100
96.187  85.6555  1874.76  94.0201  131.431  0.39  0.4  53  5.7515  100
96.236  85.6555  2041.7  89.9711  1.028  0.35  0.4  53  5.7515  100
96.284  85.6555  1896.19  94.8911  161.674  0.38  0.4  53  5.7515  100
96.333  85.7843  1943.08  89.0355  32.709  0.37  0.4  53  5.7515  100
96.382  85.7843  1993.87  89.8324  5.833  0.36  0.4  53  5.7515  100
96.431  85.7843  1880.15  95.3453  175.151  0.39  0.4  53  5.7515  100
96.48  85.9131  1971.75  89.0591  32.377  0.37  0.4  53  5.7515  100
96.528  85.9131  1941.29  96.0624  205.023  0.37  0.4  53  5.7515  100
96.577  85.9131  1791.09  89.987  0.406  0.4  0.4  53  5.7515  100
96.626  86.0419  1982.71  89.0347  33.402  0.36  0.4  53  5.7515  100
96.675  86.0419  1994.7  89.9043  3.332  0.36  0.4  53  5.7515  100
96.723  86.0419  1881.96  95.0994  167.277  0.39  0.4  53  5.7515  100
96.772  86.1707  1940.03  94.8364  163.565  0.37  0.4  53  5.7515  100
96.821  86.1707  1962.01  89.848  5.205  0.37  0.4  53  5.7515  100
96.87  86.1707  1946.84  89.0888  30.959  0.37  0.4  53  5.7515  100
96.919  86.2996  1936.03  94.6899  158.297  0.37  0.4  53  5.7515  100
96.968  86.2996  1889.68  95.1206  168.659  0.38  0.4  53  5.7515  100
97.016  86.2996  1971.75  89.0591  32.377  0.37  0.4  53  5.7515  100
97.065  86.4284  1925.21  94.7574  159.672  0.38  0.4  53  5.7515  100
97.114  86.4284  1883.76  95.4644  179.385  0.39  0.4  53  5.7515  100
97.163  86.4284  2010.85  89.8801  4.209  0.36  0.4  53  5.7515  100
97.212  86.5572  1898.39  95.0196  166.101  0.38  0.4  53  5.7515  100
97.26  86.5572  1985.88  89.9509  1.702  0.36  0.4  53  5.7515  100
97.309  86.5572  2038.08  89.9508  1.751  0.35  0.4  53  5.7515  100
97.358  86.686  1872.32  96.255  203.996  0.39  0.4  53  5.7515  100
97.407  86.686  1947.08  88.1032  64.448  0.37  0.4  53  5.7515  100
97.456  86.686  1993.45  89.7965  7.082  0.36  0.4  53  5.7515  100
97.504  86.8148  1989.99  90.0223  0.775  0.36  0.4  53  5.7515  100
97.553  86.8148  1979.88  88.936  36.765  0.37  0.4  53  5.7515  100
97.602  86.8148  1913.52  94.6391  154.764  0.38  0.4  53  5.7515  100
97.651  86.9436  1868.91  95.5069  179.35  0.39  0.4  53  5.7515  100
97.699  86.9436  2005.75  89.8679  4.625  0.36  0.4  53  5.7515  100
97.748  86.9436  1895.7  96.4075  211.558  0.38  0.4  53  5.7515  100
97.797  87.0724  1881.96  95.0994  167.277  0.39  0.4  53  5.7515  100
97.846  87.0724  1924.29  94.885  163.867  0.38  0.4  53  5.7515  100
97.895  87.0724  1807  90.0086  0.27  0.4  0.4  53  5.7515  100
97.944  87.2012  1965.1  88.9072  37.479  0.37  0.4  53  5.7515  100
97.992  87.2012  1998.34  89.6562  11.992  0.36  0.4  53  5.7515  100
98.041  87.2012  1946.86  89.8907  3.715  0.37  0.4  53  5.7515  100
98.09  87.33  1903.25  95.0625  167.946  0.38  0.4  53  5.7515  100
98.139  87.33  1919.76  96.2285  208.284  0.38  0.4  53  5.7515  100
98.187  87.4588  1948.72  89.918  2.789  0.37  0.4  53  5.7515  100
98.236  87.4588  1972.81  89.0149  33.916  0.37  0.4  53  5.7515  100
98.285  87.4588  1886.26  95.0475  165.957  0.39  0.4  53  5.7515  100
98.333  87.5876  1812.9  90.0321  1.016  0.4  0.4  53  5.7515  100
98.382  87.5876  1944.16  95.0053  169.623  0.37  0.4  53  5.7515  100
98.431  87.5876  1866.13  94.9398  160.69  0.39  0.4  53  5.7515  100
98.48  87.7164  1978.44  89.895  3.625  0.37  0.4  53  5.7515  100
98.528  87.7164  1982.62  89.7013  10.337  0.36  0.4  53  5.7515  100
98.578  87.7164  1956.08  89.8792  4.123  0.37  0.4  53  5.7515  100
98.627  87.8452  1980.76  89.0075  34.308  0.37  0.4  53  5.7515  100
98.675  87.8452  1909.39  95.0468  167.969  0.38  0.4  53  5.7515  100
98.724  87.8452  1873.49  95.526  180.413  0.39  0.4  53  5.7515  100
98.773  87.974  1985.48  88.8652  39.322  0.36  0.4  53  5.7515  100
98.822  87.974  1897.12  95.0747  167.81  0.38  0.4  53  5.7515  100
98.87  87.974  1985.3  90.0289  1.002  0.36  0.4  53  5.7515  100
98.919  88.1028  2012.56  89.4649  18.794  0.36  0.5  53  5.7515  100
98.968  88.1028  1805.57  90.0161  0.508  0.4  0.5  53  5.7515  100
99.017  88.1028  1966.15  88.863  39.014  0.37  0.5  53  5.7515  100
99.065  88.2316  1920.61  94.7861  160.249  0.38  0.5  53  5.7515  100
99.114  88.2316  1961.73  89.9618  1.309  0.37  0.5  53  5.7515  100
99.163  88.2316  1916.15  94.8396  161.658  0.38  0.5  53  5.7515  100
99.212  88.3604  1918.02  96.1903  206.821  0.38  5  53  5.7515  100
99.261  88.3604  1809.92  90.0122  0.385  0.4  5  53  5.7515  100
99.31  88.3604  1991.56  88.8299  40.668  0.36  5  53  5.7515  100
99.358  88.4892  1897.12  95.0747  167.81  0.38  5  53  5.7515  100
99.407  88.4892  1966.41  89.9575  1.459  0.37  5  53  5.7515  100
99.456  88.4892  2008.49  89.6795  11.237  0.36  5  53  5.7515  100
99.505  88.618  1872.61  95.0389  164.475  0.39  6  53  5.7515  100
99.553  88.618  1978.85  89.9307  2.395  0.37  6  53  5.7515  100
99.602  88.618  2002.7  89.7482  8.803  0.36  6  53  5.7515  100
99.651  88.7469  1933.38  89.925  2.531  0.37  6  53  5.7515  100
99.7  88.7469  1977.34  89.9385  2.123  0.37  6  53  5.7515  100
99.749  88.7469  1977.12  89.9194  2.782  0.37  6  53  5.7515  100
99.797  88.8757  1870.94  95.3079  173.077  0.39  6  53  5.7515  100
99.846  88.8757  1921.46  94.9505  165.812  0.38  6.2  53  5.7515  100
99.895  88.8757  1898.39  95.0196  166.101  0.38  6.2  53  5.7515  100
99.944  89.0045  1940.41  89.2008  27.067  0.37  6.2  53  5.7515  100
99.992  89.0045  1933.23  95.0713  170.889  0.38  6.2  53  5.7515  100
100.041  89.0045  1869.7  95.0571  164.813  0.39  6.2  53  5.7515  100
100.09  89.1333  1974.74  89.042  33.017  0.37  6.2  53  5.7515  100
100.139  89.1333  1907.71  94.7236  157.099  0.38  6.5  53  5.7515  100
100.188  89.1333  1804.14  90.0236  0.745  0.4  6.5  53  5.7515  100
100.236  89.2621  1976.52  89.8672  4.58  0.37  6.5  53  5.7515  100
100.285  89.2621  1888.76  94.9377  162.57  0.38  6.5  53  5.7515  100
100.334  89.2621  1884.34  95.2728  173.168  0.39  6.5  53  5.7515  100
100.383  89.3909  1945.8  94.7037  159.562  0.37  6.5  53  5.7515  100
100.432  89.3909  1894.37  95.139  169.683  0.38  6.8  53  5.7515  100
100.481  89.3909  2015.87  90.0245  0.863  0.36  6.8  53  5.7515  100
100.529  89.5197  1925.26  95.0714  170.187  0.38  6.8  53  5.7515  100
100.578  89.5197  1883.08  95.0203  164.785  0.39  6.8  53  5.7515  100
100.627  89.5197  1978.11  88.7929  41.67  0.37  6.8  53  5.7515  100
100.676  89.6485  1908.98  94.6679  155.353  0.38  6.8  53  5.7515  100
100.725  89.6485  1864.13  95.4427  176.812  0.39  7  53  5.7515  100
100.773  89.6485  2022.03  89.9934  0.233  0.36  7  53  5.7515  100
100.822  89.7773  1979.04  89.9472  1.824  0.37  7  53  5.7515  100
100.871  89.7773  1876.19  95.463  178.618  0.39  7  53  5.7515  100
100.92  89.7773  1916.88  94.9787  166.356  0.38  7  53  5.7515  100
100.969  89.9061  1887.97  95.084  167.306  0.38  7  53  5.7515  100
101.017  89.9061  1812.81  89.9971  0.093  0.4  7.4  53  5.7515  100
101.066  89.9061  1917.12  95.0251  167.924  0.38  7.4  53  5.7515  100
101.115  90.0349  1802.62  89.9963  0.116  0.4  7.4  53  5.7515  100
101.164  90.0349  1965.78  89.0932  31.109  0.37  7.4  53  5.7515  100
101.212  90.0349  2000.46  89.8364  5.711  0.36  7.4  53  5.7515  100
101.261  90.1637  1866.01  95.5244  179.639  0.39  7.4  53  5.7515  100
101.31  90.1637  2023.1  89.9497  1.776  0.36  7.8  53  5.7515  100
101.359  90.1637  1889.91  95.1664  170.183  0.38  7.8  53  5.7515  100
101.407  90.2925  1860.08  94.0737  132.138  0.39  7.8  53  5.7515  100
101.456  90.2925  2019.97  89.9491  1.795  0.36  7.8  53  5.7515  100
101.505  90.2925  1903.7  96.1266  203.174  0.38  7.8  53  5.7515  100
101.554  90.4213  1817.24  90.0094  0.297  0.4  7.8  53  5.7515  100
101.602  90.4213  1988.29  89.6331  12.732  0.36  8.3  53  5.7515  100
101.651  90.4213  1883.31  95.0659  166.298  0.39  8.3  53  5.7515  100
101.7  90.5501  1832.06  90.0037  0.117  0.39  8.3  53  5.7515  100
101.749  90.5501  1901.85  95.0931  168.835  0.38  8.3  53  5.7515  100
101.797  90.5501  1853.43  94.2118  136.125  0.39  8.3  53  5.7515  100
101.847  90.6789  1985.74  89.0174  34.052  0.36  8.3  53  5.7515  100
101.895  90.6789  1894.7  94.9005  161.854  0.38  8.6  53  5.7515  100
101.944  90.6789  1868.46  93.9696  129.348  0.39  8.6  53  5.7515  100
101.993  90.8077  1930.7  94.8937  164.703  0.38  8.6  53  5.7515  100
102.042  90.8077  1872.84  95.0842  165.971  0.39  8.6  53  5.7515  100
102.09  90.8077  1882.31  94.0156  131.816  0.39  8.6  53  5.7515  100
102.139  90.9365  1930.95  94.9404  166.293  0.38  8.6  53  5.7515  100
102.188  90.9365  1883.09  95.3274  174.84  0.39  9  53  5.7515  100
102.237  90.9365  1994.79  89.7718  7.946  0.36  9  53  5.7515  100
102.286  91.0653  2004.68  89.7762  7.83  0.36  9  53  5.7515  100
102.334  91.0653  1859.16  95.3337  172.821  0.39  9  53  5.7515  100
102.383  91.1942  1936.17  94.715  159.153  0.37  9  53  5.7515  100
102.432  91.1942  1893.39  96.2313  205.513  0.38  9  53  5.7515  100
102.481  91.1942  1860.08  94.0737  132.138  0.39  9  53  5.7515  100
102.53  91.323  1930.7  94.8937  164.703  0.38  9.5  53  5.7515  100
102.578  91.323  1877.44  95.1024  166.971  0.39  9.5  53  5.7515  100
102.627  91.323  1961.33  89.1187  30.167  0.37  9.5  53  5.7515  100
102.676  91.4518  2014.04  89.7275  9.579  0.36  9.5  53  5.7515  100
102.725  91.4518  1986.09  89.9672  1.136  0.36  9.5  53  5.7515  100
102.774  91.4518  1992.56  89.8596  4.882  0.36  9.5  53  5.7515  100
102.823  91.5806  1910.19  94.8988  163.123  0.38  9.7  53  5.7515  100
102.871  91.5806  1853.65  95.4139  174.891  0.39  9.7  53  5.7515  100
102.92  91.5806  1906.49  95.0901  169.149  0.38  9.7  53  5.7515  100
102.969  91.7094  1890.47  94.9742  163.916  0.38  9.7  53  5.7515  100
103.018  91.7094  1940.82  89.2358  25.887  0.37  9.7  53  5.7515  100
103.066  91.7094  1998.6  89.5398  16.052  0.36  9.7  53  5.7515  100
103.115  91.8382  1999  89.9762  0.832  0.36  10.3  53  5.7515  100
103.164  91.8382  1963.24  89.1457  29.273  0.37  10.3  53  5.7515  100
103.213  91.8382  1907.47  94.6775  155.549  0.38  10.3  53  5.7515  100
103.261  91.967  1877.76  94.866  159.282  0.39  10.3  53  5.7515  100
103.31  91.967  1967.89  89.0051  34.168  0.37  10.3  53  5.7515  100
103.359  91.967  1914.26  94.7779  159.446  0.38  10.3  53  5.7515  100
103.408  92.0958  1955.4  89.9574  1.453  0.37  10.6  53  5.7515  100
103.456  92.0958  2046.93  89.9837  0.584  0.35  10.6  53  5.7515  100
103.505  92.0958  1908.45  96.1477  204.38  0.38  10.6  53  5.7515  100
103.554  92.2246  1876.71  94.1006  134.199  0.39  10.6  53  5.7515  100
103.603  92.2246  2034.94  89.9666  1.187  0.36  10.6  53  5.7515  100
103.651  92.2246  1867.34  94.8854  159.03  0.39  10.6  53  5.7515  100
103.7  92.3534  1969  89.9065  3.214  0.37  11.1  53  5.7515  100
103.749  92.3534  1908.98  94.6679  155.353  0.38  11.1  53  5.7515  100
103.798  92.3534  1882.3  95.1661  169.49  0.39  11.1  53  5.7515  100
103.846  92.4822  1958.75  88.9063  37.387  0.37  11.1  53  5.7515  100
103.895  92.4822  1925.71  96.148  206.237  0.38  11.1  53  5.7515  100
103.944  92.4822  1878.68  95.3542  175.305  0.39  11.1  53  5.7515  100
103.993  92.611  1910.8  95.0161  167.07  0.38  11.5  53  5.7515  100
104.041  92.611  1909.07  96.287  209.061  0.38  11.5  53  5.7515  100
104.09  92.611  1815.89  90.0521  1.65  0.4  11.5  53  5.7515  100
104.139  92.7398  1925.34  94.7824  160.518  0.38  11.5  53  5.7515  100
104.188  92.7398  1880.25  96.3512  207.996  0.39  11.5  53  5.7515  100
104.237  92.7398  1988.38  89.9192  2.803  0.36  11.5  53  5.7515  100
104.285  92.8686  2013.18  89.6549  12.127  0.36  11.8  53  5.7515  100
104.334  92.8686  1884.79  95.3642  176.201  0.39  11.8  53  5.7515  100
104.383  92.8686  1987.16  88.7398  43.704  0.36  11.8  53  5.7515  100
104.432  92.9974  1921.34  94.9256  164.968  0.38  11.8  53  5.7515  100
104.48  92.9974  1871.85  94.0399  131.874  0.39  11.8  53  5.7515  100
104.529  92.9974  1991.86  89.9393  2.109  0.36  11.8  53  5.7515  100
104.578  93.1262  1888.99  94.9834  164.091  0.38  12  53  5.7515  100
104.627  93.1262  1949.98  89.2211  26.508  0.37  12  53  5.7515  100
104.675  93.1262  1924.05  94.8385  162.288  0.38  12  53  5.7515  100
104.724  93.255  1982.09  90.0253  0.877  0.36  12  53  5.7515  100
104.773  93.255  1898.39  90.0248  0.822  0.38  12  53  5.7515  100
104.822  93.255  2017.88  89.6301  13.026  0.36  12  53  5.7515  100
104.871  93.3838  1953.8  89.8166  6.253  0.37  12  53  5.7515  100
104.92  93.3838  1971.31  89.0235  33.594  0.37  12.1  53  5.7515  100
104.968  93.3838  1912.8  96.0759  202.462  0.38  12.1  53  5.7515  100
105.017  93.5126  1870.72  95.2626  171.583  0.39  12.1  53  5.7515  100
105.066  93.5126  2033.86  90.0105  0.374  0.36  12.1  53  5.7515  100
105.115  93.5126  1903.92  94.8903  162.304  0.38  12.1  53  5.7515  100
105.163  93.6415  1864.63  94.0891  132.964  0.39  12.1  53  5.7515  100
105.212  93.6415  2017.61  89.7476  8.89  0.36  12.2  53  5.7515  100
105.261  93.6415  1881.84  95.075  166.467  0.39  12.2  53  5.7515  100
105.31  93.7703  1895.06  94.9709  164.206  0.38  12.2  53  5.7515  100
105.358  93.7703  1988.57  89.9359  2.226  0.36  12.2  53  5.7515  100
105.407  93.7703  1941.68  89.8439  5.291  0.37  12.2  53  5.7515  100
105.456  93.8991  1970.25  89.0677  32.058  0.37  12.2  53  5.7515  100
105.505  93.8991  1907.17  94.9176  163.488  0.38  12.5  53  5.7515  100
105.554  93.8991  1860.38  95.2798  171.191  0.39  12.5  53  5.7515  100
105.602  94.0279  2011.56  89.7995  7.039  0.36  12.5  53  5.7515  100
105.651  94.0279  1898.85  95.1115  169.177  0.38  12.5  53  5.7515  100
105.7  94.0279  1856.48  93.9591  128.178  0.39  12.5  53  5.7515  100
105.749  94.1567  1999.19  89.7283  9.482  0.36  12.5  53  5.7515  100
105.798  94.1567  1878.22  94.9569  162.288  0.39  12.5  53  5.7515  100
105.846  94.1567  1955.81  88.9235  36.743  0.37  12.5  53  5.7515  100
105.895  94.2855  1908.2  94.8159  160.201  0.38  12.5  53  5.7515  100
105.944  94.2855  1867.6  95.2352  170.407  0.39  12.5  53  5.7515  100
105.993  94.2855  1981.83  88.9631  35.864  0.37  12.5  53  5.7515  100
106.042  94.4143  1924.8  96.2969  211.115  0.38  12.5  53  5.7515  100
106.091  94.4143  1873.63  95.2447  171.266  0.39  12.7  53  5.7515  100
106.139  94.4143  1922.51  94.848  162.477  0.38  12.7  53  5.7515  100
106.188  94.5431  1884.27  96.235  204.643  0.39  12.7  53  5.7515  100
106.237  94.5431  1867.27  94.0245  131.05  0.39  12.7  53  5.7515  100
106.286  94.6719  1926.32  94.9688  166.843  0.38  12.7  53  5.7515  100
106.335  94.6719  1804.04  89.9888  0.354  0.4  12.7  53  5.7515  100
106.384  94.6719  1963.43  89.0308  33.21  0.37  12.7  53  5.7515  100
106.432  94.8007  1893.75  94.7172  155.738  0.38  12.7  53  5.7515  100
106.481  94.8007  1952.1  89.9951  0.168  0.37  12.7  53  5.7515  100
106.53  94.8007  1998.42  89.9437  1.963  0.36  12.7  53  5.7515  100
106.579  94.9295  1899.17  94.8724  161.31  0.38  12.7  53  5.7515  100
106.628  94.9295  1870.72  95.2626  171.583  0.39  12.7  53  5.7515  100
106.676  94.9295  1917.59  95.1179  171.061  0.38  12.7  53  5.7515  100
106.725  95.0583  1962.41  89.8833  3.996  0.37  12.7  53  5.7515  100
106.774  95.0583  2003.79  89.972  0.981  0.36  12.7  53  5.7515  100
106.823  95.0583  1917.84  94.5638  152.601  0.38  12.7  53  5.7515  100
106.871  95.1871  1879.68  94.9476  162.113  0.39  12.7  53  5.7515  100
106.92  95.1871  1829.11  90.019  0.606  0.4  12.7  53  5.7515  100
106.969  95.1871  1977.53  89.955  1.553  0.37  12.8  53  5.7515  100
107.018  95.3159  1849.25  93.9844  128.494  0.39  12.8  53  5.7515  100
107.066  95.3159  1978.11  88.7929  41.67  0.37  12.8  53  5.7515  100
107.115  95.3159  1910.67  94.9913  166.236  0.38  12.8  53  5.7515  100
107.164  95.4447  1877.22  95.3631  175.459  0.39  12.8  53  5.7515  100
107.213  95.4447  1945.48  94.9487  167.825  0.37  12.8  53  5.7515  100
107.262  95.4447  1877.44  95.1024  166.971  0.39  12.8  53  5.7515  100
107.311  95.5735  1804.09  90.0075  0.235  0.4  12.9  53  5.7515  100
107.359  95.5735  1995.68  89.7084  10.156  0.36  12.9  53  5.7515  100
107.408  95.5735  1882.39  94.8836  160.251  0.39  12.9  53  5.7515  100
107.457  95.7023  1972.41  89.9264  2.535  0.37  12.9  53  5.7515  100
107.506  95.7023  1897.44  94.8359  159.958  0.38  12.9  53  5.7515  100
107.554  95.7023  1952.33  89.8244  5.982  0.37  12.9  53  5.7515  100
107.603  95.8311  1997.95  88.9477  36.692  0.36  12.7  53  5.7515  100
107.652  95.8311  1884.79  95.0567  166.128  0.39  12.7  53  5.7515  100
107.7  95.8311  1873.85  95.2901  172.765  0.39  12.7  53  5.7515  100
107.749  95.9599  1999.88  89.648  12.286  0.36  12.7  53  5.7515  100
107.798  95.9599  1882.52  95.2117  171.002  0.39  12.7  53  5.7515  100
107.847  95.9599  1963.03  89.9376  2.137  0.37  12.7  53  5.7515  100
107.896  96.0888  1929.06  95.1928  174.595  0.38  13  53  5.7515  100
107.945  96.0888  1791.09  89.987  0.406  0.4  13  53  5.7515  100
107.993  96.0888  2000.76  89.9874  0.439  0.36  13  53  5.7515  100
108.042  96.2176  2007.36  89.7238  9.676  0.36  13  53  5.7515  100
108.092  96.2176  1854.21  95.2254  168.87  0.39  13  53  5.7515  100
108.14  96.2176  1996.33  89.7637  8.233  0.36  13  53  5.7515  100
108.189  96.3464  1907.88  95.0561  168.144  0.38  12.9  53  5.7515  100
108.238  96.3464  1884.34  95.2728  173.168  0.39  12.9  53  5.7515  100
108.287  96.3464  1924.78  94.9782  167.025  0.38  12.9  53  5.7515  100
108.335  96.4752  1878.99  94.8112  157.597  0.39  12.9  53  5.7515  100
108.384  96.4752  1996.23  90.0106  0.368  0.36  12.9  53  5.7515  100
108.433  96.4752  2006.66  89.8043  6.854  0.36  12.9  53  5.7515  100
108.482  96.604  1956.48  89.9145  2.921  0.37  13.1  53  5.7515  100
108.53  96.604  1972.99  88.8994  37.898  0.37  13.1  53  5.7515  100
108.579  96.604  1903.2  94.7521  157.671  0.38  13.1  53  5.7515  100
108.628  96.7328  1849.87  94.0974  132.176  0.39  13.1  53  5.7515  100
108.677  96.7328  1921.22  94.904  164.238  0.38  13.1  53  5.7515  100
108.725  96.7328  1964.98  89.8323  5.751  0.37  13.1  53  5.7515  100
108.774  96.8616  1802.76  90.0498  1.568  0.4  12.7  53  5.7515  100
108.823  96.8616  1941.85  94.8737  164.98  0.37  12.7  53  5.7515  100
108.872  96.8616  1878.18  96.2222  203.564  0.39  12.7  53  5.7515  100
108.92  96.9904  1823.16  90.0142  0.45  0.4  12.7  53  5.7515  100
108.969  96.9904  1997.65  89.7363  9.193  0.36  12.7  53  5.7515  100
109.018  96.9904  1973.8  89.9934  0.229  0.37  12.7  53  5.7515  100
109.067  97.1192  1954.36  88.0567  66.274  0.37  12.9  53  5.7515  100
109.116  97.1192  1913.43  96.2155  207.164  0.38  12.9  53  5.7515  100
109.164  97.1192  1954.6  89.887  3.854  0.37  12.9  53  5.7515  100
109.213  97.248  2004.06  89.7233  9.679  0.36  12.9  53  5.7515  100
109.262  97.248  1902.4  96.1813  204.841  0.38  12.9  53  5.7515  100
109.311  97.248  1814.34  90.0245  0.777  0.4  12.9  53  5.7515  100
109.359  97.3768  1919.93  94.9599  165.994  0.38  12.5  53  5.7515  100
109.408  97.3768  1881.92  94.7926  157.232  0.39  12.5  53  5.7515  100
109.457  97.3768  1997.74  90.0029  0.1  0.36  12.5  53  5.7515  100
109.506  97.5056  2008.75  89.5625  15.338  0.36  12.5  53  5.7515  100
109.554  97.5056  1880.14  95.0386  165.128  0.39  12.5  53  5.7515  100
109.604  97.5056  1973.68  89.0862  31.476  0.37  12.5  53  5.7515  100
109.652  97.6344  2011.34  89.7801  7.721  0.36  12.6  53  5.7515  100
109.701  97.6344  1879.03  95.1176  167.611  0.39  12.6  53  5.7515  100
109.75  97.6344  1919.21  94.8205  161.281  0.38  12.6  53  5.7515  100
109.799  97.7632  1907.76  96.3418  210.729  0.38  12.6  53  5.7515  100
109.847  97.7632  1873.05  93.9849  130.164  0.39  12.6  53  5.7515  100
109.896  97.892  1931.92  95.1275  172.659  0.38  12.6  53  5.7515  100
109.945  97.892  1882.15  94.8381  158.741  0.39  12.6  53  5.7515  100
109.994  97.892  1988.78  89.0001  34.706  0.36  12.6  53  5.7515  100
110.042  98.0208  1999.61  89.7643  8.226  0.36  12.6  53  5.7515  100
110.091  98.0208  1857.5  94.9946  161.716  0.39  12.6  53  5.7515  100
110.14  98.0208  1982.29  89.9507  1.707  0.36  12.6  53  5.7515  100
110.189  98.1496  1908.74  94.6218  153.802  0.38  12.6  53  5.7515  100
110.238  98.1496  1870.94  95.3079  173.077  0.39  12.6  53  5.7515  100
110.287  98.1496  2001.1  89.8918  3.779  0.36  12.4  53  5.7515  100
110.335  98.2784  1899.41  94.9184  162.848  0.38  12.4  53  5.7515  100
110.384  98.2784  1875.01  94.0652  132.924  0.39  12.4  53  5.7515  100
110.433  98.2784  1922.66  95.1832  173.693  0.38  12.4  53  5.7515  100
110.482  98.4072  1958.36  89.942  1.983  0.37  12.4  53  5.7515  100
110.53  98.4072  1982.29  89.9507  1.707  0.36  12.4  53  5.7515  100
110.579  98.4072  1908.2  94.8159  160.201  0.38  12.5  53  5.7515  100
110.628  98.5361  1862.9  95.4966  178.441  0.39  12.5  53  5.7515  100
110.677  98.5361  1980.76  89.0075  34.308  0.37  12.5  53  5.7515  100
110.725  98.5361  1916.49  96.1987  206.936  0.38  12.5  53  5.7515  100
110.774  98.6649  1956.88  89.9497  1.718  0.37  12.5  53  5.7515  100
110.823  98.6649  2018.27  89.8035  6.923  0.36  12.5  53  5.7515  100
110.872  98.6649  1891.41  94.5651  150.539  0.38  12.4  53  5.7515  100
110.92  98.7937  1961.54  89.9454  1.87  0.37  12.4  53  5.7515  100
110.969  98.7937  1947.62  94.7411  160.977  0.37  12.4  53  5.7515  100
111.018  98.7937  1887.51  94.9926  164.266  0.38  12.4  53  5.7515  100
111.067  98.9225  1963.43  89.0308  33.21  0.37  12.4  53  5.7515  100
111.115  98.9225  1929.49  95.9348  199.502  0.38  12.4  53  5.7515  100
111.164  98.9225  1870.36  95.4981  179.206  0.39  12.6  53  5.7515  100
111.213  99.0513  1984.86  88.9457  36.521  0.36  12.6  53  5.7515  100
111.262  99.0513  1912.19  94.9819  166.057  0.38  12.6  53  5.7515  100
111.31  99.0513  1882.42  95.1906  170.3  0.39  12.6  53  5.7515  100
111.359  99.1801  1916.3  95.1736  172.8  0.38  12.6  53  5.7515  100
111.408  99.1801  1902.41  94.8996  162.486  0.38  12.6  53  5.7515  100
111.457  99.1801  1969  89.9065  3.214  0.37  12.9  53  5.7515  100
111.505  99.3089  2018.31  89.6666  11.746  0.36  12.9  53  5.7515  100
111.554  99.3089  1877.76  94.866  159.282  0.39  12.9  53  5.7515  100
111.603  99.3089  1972.99  88.8994  37.898  0.37  12.9  53  5.7515  100
111.652  99.4377  1944.09  94.6883  158.899  0.37  12.9  53  5.7515  100
111.7  99.4377  1953.53  89.9299  2.388  0.37  12.9  53  5.7515  100
111.749  99.4377  1991.83  88.9827  35.363  0.36  13.2  53  5.7515  100
111.798  99.5665  1911.49  96.1309  204.146  0.38  13.2  53  5.7515  100
111.847  99.5665  1876.46  94.0554  132.704  0.39  13.2  53  5.7515  100
111.895  99.5665  1924.54  94.9316  165.446  0.38  13.2  53  5.7515  100
111.944  99.6953  1900.48  96.0972  201.86  0.38  13.2  53  5.7515  100
111.993  99.6953  1870.4  94.0498  132.093  0.39  13.2  53  5.7515  100
112.042  99.6953  2024.62  89.6335  12.949  0.36  13.4  53  5.7515  100
112.09  99.8241  1869.48  95.0119  163.322  0.39  13.4  53  5.7515  100
112.139  99.8241  1976.52  89.8672  4.58  0.37  13.4  53  5.7515  100
112.188  99.8241  1916.75  94.9538  165.516  0.38  13.4  53  5.7515  100
112.237  99.9529  1941.02  89.9215  2.659  0.37  13.4  53  5.7515  100
112.286  99.9529  1997.17  89.8357  5.727  0.36  13.4  53  5.7515  100
112.334  99.9529  1915.22  94.9632  165.697  0.38  13.4  53  5.7515  100
112.383  100.082  1986.33  89.9861  0.482  0.36  13.8  53  5.7515  100
112.432  100.082  2043.28  89.9632  1.311  0.35  13.8  53  5.7515  100
112.481  100.082  1906.2  94.7331  157.29  0.38  13.8  53  5.7515  100
112.529  100.211  2014.34  90.0323  1.135  0.36  13.8  53  5.7515  100
112.578  100.211  1934.86  94.7715  160.945  0.38  13.8  53  5.7515  100
112.627  100.211  1882.3  95.1661  169.49  0.39  13.8  53  5.7515  100
112.676  100.339  1959.79  88.8623  38.913  0.37  14.4  53  5.7515  100
112.725  100.339  1928.29  94.7382  159.283  0.38  14.4  53  5.7515  100
112.773  100.339  1863.89  93.9544  128.538  0.39  14.4  53  5.7515  100
112.822  100.468  2006.17  89.904  3.36  0.36  14.4  53  5.7515  100
112.871  100.468  2001.85  89.6759  11.322  0.36  14.4  53  5.7515  100
112.92  100.468  1877.41  93.955  129.49  0.39  14.4  53  5.7515  100
112.969  100.597  1937.16  94.9024  165.547  0.37  15.1  53  5.7515  100
113.017  100.597  1884.56  95.0111  164.613  0.39  15.1  53  5.7515  100
113.066  100.597  1967.51  89.9143  2.943  0.37  15.1  53  5.7515  100
113.115  100.726  1995.95  89.5923  14.203  0.36  15.1  53  5.7515  100
113.164  100.726  1893.75  94.7172  155.738  0.38  15.1  53  5.7515  100
113.212  100.726  1884.54  90.0231  0.759  0.38  15.1  53  5.7515  100
113.261  100.855  1930.88  94.6256  155.714  0.38  16.1  53  5.7515  100
113.31  100.855  1943.14  89.8361  5.558  0.37  16.1  53  5.7515  100
113.359  100.855  1847.11  89.9979  0.069  0.39  16.1  53  5.7515  100
113.407  100.983  1889.29  94.7456  156.304  0.38  16.1  53  5.7515  100
113.456  100.983  1867.76  94.1145  134.011  0.39  16.1  53  5.7515  100
113.505  100.983  1938.97  94.9398  166.962  0.37  16.1  53  5.7515  100
113.554  101.112  1887.05  94.9013  161.228  0.38  16.9  53  5.7515  100
113.603  101.112  1817.24  90.0094  0.297  0.4  16.9  53  5.7515  100
113.651  101.112  1918.34  94.6565  155.734  0.38  16.9  53  5.7515  100
113.7  101.241  1960.52  89.8558  4.933  0.37  16.9  53  5.7515  100
113.749  101.241  1969.56  88.8812  38.458  0.37  16.9  53  5.7515  100
113.798  101.241  1908.98  94.6679  155.353  0.38  16.9  53  5.7515  100
113.846  101.37  1867.51  94.0695  132.53  0.39  17.3  53  5.7515  100
113.895  101.37  1839.55  90.0008  0.025  0.39  17.3  53  5.7515  100
113.944  101.37  1912.8  96.0759  202.462  0.38  17.3  53  5.7515  100
113.993  101.499  1865.12  94.179  135.918  0.39  17.3  53  5.7515  100
114.041  101.499  1920.89  95.1459  172.288  0.38  17.3  53  5.7515  100
114.091  101.627  1895.09  96.2691  206.94  0.38  17.3  53  5.7515  100
114.139  101.627  1890.6  94.9987  164.733  0.38  17.9  53  5.7515  100
114.188  101.627  1910.67  94.9913  166.236  0.38  17.9  53  5.7515  100
114.237  101.756  1874.6  94.8392  158.14  0.39  17.9  53  5.7515  100
114.286  101.756  1964.3  89.1017  30.794  0.37  17.9  53  5.7515  100
114.335  101.756  1912.98  94.8337  161.195  0.38  17.9  53  5.7515  100
114.384  101.885  1873.85  95.2901  172.765  0.39  17.9  53  5.7515  100
114.432  101.885  1928.34  95.0527  169.832  0.38  19.6  53  5.7515  100
114.481  101.885  1903.7  96.1266  203.174  0.38  19.6  53  5.7515  100
114.53  102.014  1808.58  90.0547  1.727  0.4  19.6  53  5.7515  100
114.579  102.014  1926.8  95.062  170.01  0.38  19.6  53  5.7515  100
114.628  102.014  1882.07  95.1206  167.978  0.39  19.6  53  5.7515  100
114.677  102.143  1969.41  89.9419  1.996  0.37  19.6  53  5.7515  100
114.725  102.143  1939.46  95.0337  170.17  0.37  19.9  53  5.7515  100
114.774  102.143  1869.7  95.0571  164.813  0.39  19.9  53  5.7515  100
114.823  102.271  1976.6  88.8018  41.334  0.37  19.9  53  5.7515  100
114.872  102.271  1910.67  94.9913  166.236  0.38  19.9  53  5.7515  100
114.92  102.271  1949.79  89.8752  4.248  0.37  19.9  53  5.7515  100
114.97  102.4  1921.46  94.9505  165.812  0.38  19.9  53  5.7515  100
115.018  102.4  1898.94  94.8265  159.773  0.38  19.9  53  5.7515  100
115.067  102.4  1812.9  90.0321  1.016  0.4  20.3  53  5.7515  100
115.116  102.529  1941.6  94.8268  163.372  0.37  20.3  53  5.7515  100
115.165  102.529  1877.52  94.8206  157.779  0.39  20.3  53  5.7515  100
115.213  102.529  1946.41  89.0537  32.146  0.37  20.3  53  5.7515  100
115.262  102.658  1936.32  94.4462  150.11  0.37  20.3  53  5.7515  100
115.311  102.658  1951.93  89.7893  7.179  0.37  20.3  53  5.7515  100
115.36  102.658  1969.73  88.7656  42.432  0.37  21.1  53  5.7515  100
115.408  102.787  1916.03  94.8147  160.819  0.38  21.1  53  5.7515  100
115.457  102.787  1962.66  89.9769  0.793  0.37  21.1  53  5.7515  100
115.506  102.787  1931.51  94.744  159.743  0.38  21.1  53  5.7515  100
115.555  102.915  1970.69  89.9151  2.919  0.37  21.1  53  5.7515  100
115.603  102.915  1945.38  89.0972  30.651  0.37  21.1  53  5.7515  100
115.652  102.915  1936.67  94.8087  162.349  0.37  21.7  53  5.7515  100
115.701  103.044  1960.92  89.8911  3.726  0.37  21.7  53  5.7515  100
115.75  103.044  1949.14  89.1507  28.89  0.37  21.7  53  5.7515  100
115.798  103.044  2007.08  89.8405  5.588  0.36  21.7  53  5.7515  100
115.847  103.173  1955.4  89.9574  1.453  0.37  21.7  53  5.7515  100
115.897  103.173  1984.92  89.8992  3.492  0.36  21.7  53  5.7515  100
115.945  103.173  1994.29  89.8683  4.583  0.36  22.1  53  5.7515  100
115.994  103.302  1880.5  95.1085  167.444  0.39  22.1  53  5.7515  100
116.043  103.302  1923.48  95.0342  168.785  0.38  22.1  53  5.7515  100
116.092  103.302  1915.79  96.3936  213.337  0.38  22.1  53  5.7515  100
116.141  103.431  1868.96  94.0596  132.312  0.39  22.1  53  5.7515  100
116.189  103.431  1928.82  95.1461  173.007  0.38  22.1  53  5.7515  100
116.238  103.431  1869.7  95.0571  164.813  0.39  22.4  53  5.7515  100
116.287  103.559  1960.66  88.9331  36.507  0.37  22.4  53  5.7515  100
116.336  103.559  1916.77  95.2665  175.936  0.38  22.4  53  5.7515  100
116.384  103.559  1883.54  95.4187  177.87  0.39  22.4  53  5.7515  100
116.433  103.688  1985.74  89.0174  34.052  0.36  22.4  53  5.7515  100
116.482  103.688  1903.36  95.0839  168.663  0.38  22.4  53  5.7515  100
116.531  103.688  1877.41  93.955  129.49  0.39  22.3  53  5.7515  100
116.58  103.817  2018.11  89.6497  12.34  0.36  22.3  53  5.7515  100
116.629  103.817  1896.66  94.9829  164.741  0.38  22.3  53  5.7515  100
116.677  103.817  1945.38  89.0972  30.651  0.37  22.3  53  5.7515  100
116.726  103.946  1933.23  95.0713  170.889  0.38  22.3  53  5.7515  100
116.775  103.946  1991.03  89.9794  0.717  0.36  22.3  53  5.7515  100
116.824  103.946  1985.3  90.0289  1.002  0.36  23  53  5.7515  100
116.873  104.075  1917.12  95.0251  167.924  0.38  23  53  5.7515  100
116.922  104.075  1877.44  95.4086  176.964  0.39  23  53  5.7515  100
116.97  104.075  1991.86  89.9393  2.109  0.36  23  53  5.7515  100
117.019  104.203  1917.38  96.0503  202.097  0.38  23  53  5.7515  100
117.068  104.203  1815.89  90.0521  1.65  0.4  23  53  5.7515  100
117.117  104.203  1929.16  94.9032  164.89  0.38  22.9  53  5.7515  100
117.165  104.332  1972.6  89.9428  1.968  0.37  22.9  53  5.7515  100
117.214  104.332  1988.28  90.0136  0.473  0.36  22.9  53  5.7515  100
117.263  104.332  2026.72  89.3889  21.615  0.36  22.9  53  5.7515  100
117.312  104.461  1989.07  89.9518  1.673  0.36  22.9  53  5.7515  100
117.361  104.461  1952.68  89.055  32.204  0.37  22.9  53  5.7515  100
117.409  104.461  2002.97  89.6316  12.877  0.36  22.9  53  5.7515  100
117.458  104.59  1864.26  95.1628  167.756  0.39  22.9  53  5.7515  100
117.507  104.59  1986.03  89.8555  5.008  0.36  22.9  53  5.7515  100
117.556  104.59  1914.96  96.2071  207.05  0.38  22.9  53  5.7515  100
117.604  104.719  1849.94  95.252  169.337  0.39  22.9  53  5.7515  100
117.654  104.719  1991.38  88.9467  36.606  0.36  22.9  53  5.7515  100
117.703  104.848  1900  96.3367  209.705  0.38  22.9  53  5.7515  100
117.751  104.848  1990.81  89.963  1.285  0.36  22.5  53  5.7515  100
117.8  104.848  1942.59  95.0148  169.806  0.37  22.5  53  5.7515  100
117.849  104.976  1864.46  94.9038  159.381  0.39  22.5  53  5.7515  100
117.898  104.976  1972.18  89.0948  31.158  0.37  22.5  53  5.7515  100
117.947  104.976  1994.7  89.9043  3.332  0.36  22.5  53  5.7515  100
117.996  105.105  1859.6  95.4238  175.774  0.39  22.5  53  5.7515  100
118.045  105.105  2029.18  90.034  1.204  0.36  21.9  53  5.7515  100
118.093  105.105  1898.62  95.0655  167.638  0.38  21.9  53  5.7515  100
118.142  105.234  1862.47  95.4063  175.477  0.39  21.9  53  5.7515  100
118.191  105.234  1930.7  94.8937  164.703  0.38  21.9  53  5.7515  100
118.24  105.234  1895.95  94.8453  160.141  0.38  21.9  53  5.7515  100
118.288  105.363  1985.88  89.9509  1.702  0.36  21.9  53  5.7515  100
118.337  105.363  1935.26  95.1556  173.906  0.38  22.5  53  5.7515  100
118.386  105.363  1878.99  94.8112  157.597  0.39  22.5  53  5.7515  100
118.435  105.492  2000.3  89.952  1.677  0.36  22.5  53  5.7515  100
118.483  105.492  1980.42  89.7887  7.303  0.37  22.5  53  5.7515  100
118.532  105.492  1869.04  95.2262  170.249  0.39  22.5  53  5.7515  100
118.581  105.62  1989.29  88.65  46.867  0.36  22.5  53  5.7515  100
118.63  105.62  1917.79  94.8516  162.197  0.38  22.1  53  5.7515  100
118.678  105.62  1858.51  95.1986  168.396  0.39  22.1  53  5.7515  100
118.727  105.749  2028.7  89.998  0.07  0.36  22.1  53  5.7515  100
118.776  105.749  1962.28  89.7341  9.108  0.37  22.1  53  5.7515  100
118.825  105.749  1820.24  90.0294  0.933  0.4  22.1  53  5.7515  100
118.874  105.878  2011.76  89.8163  6.449  0.36  22.1  53  5.7515  100
118.922  105.878  1874.17  96.338  206.897  0.39  21.7  53  5.7515  100
118.971  105.878  1934.65  88.1068  63.914  0.37  21.7  53  5.7515  100
119.02  106.007  1897.44  94.8359  159.958  0.38  21.7  53  5.7515  100
119.069  106.007  1882.06  95.4276  178.021  0.39  21.7  53  5.7515  100
119.117  106.007  2001.38  89.7756  7.839  0.36  21.7  53  5.7515  100
119.166  106.136  1894.14  95.0931  168.152  0.38  21.7  53  5.7515  100
119.215  106.136  1866.07  94.0793  132.747  0.39  22  53  5.7515  100
119.264  106.136  1920.89  95.1459  172.288  0.38  22  53  5.7515  100
119.313  106.264  1882.52  95.2117  171.002  0.39  22  53  5.7515  100
119.361  106.264  1952.01  88.8702  38.488  0.37  22  53  5.7515  100
119.41  106.264  1936.34  95.0525  170.531  0.38  22  53  5.7515  100
119.459  106.393  1862.03  95.0123  162.685  0.39  22  53  5.7515  100
119.508  106.393  1984.51  89.8634  4.73  0.36  23.4  53  5.7515  100
119.557  106.393  1989.97  89.7766  7.76  0.36  23.4  53  5.7515  100
119.606  106.522  1870.36  95.4981  179.206  0.39  23.4  53  5.7515  100
119.654  106.522  1986.82  88.9729  35.615  0.36  23.4  53  5.7515  100
119.703  106.522  1909.39  95.0468  167.969  0.38  23.4  53  5.7515  100
119.752  106.651  1955.62  89.0381  32.832  0.37  23.4  53  5.7515  100
119.801  106.651  1926.8  95.062  170.01  0.38  25.4  53  5.7515  100
119.849  106.651  1881.61  95.0294  164.957  0.39  25.4  53  5.7515  100
119.898  106.78  1941.02  89.1224  29.73  0.37  25.4  53  5.7515  100
119.947  106.78  1934.05  94.9214  165.922  0.38  25.4  53  5.7515  100
119.996  106.78  1983.36  90.0014  0.049  0.36  25.4  53  5.7515  100
120.044  106.908  1970.56  87.9531  70.384  0.37  25.4  53  5.7515  100
120.093  106.908  1930.88  94.6256  155.714  0.38  25.4  53  5.7515  100
120.142  106.908  1945.39  89.8984  3.45  0.37  28.8  53  5.7515  100
120.191  107.037  1911.5  95.1549  171.746  0.38  28.8  53  5.7515  100
120.239  107.037  1896.18  96.1685  203.751  0.38  28.8  53  5.7515  100
120.288  107.037  1872.35  94.1301  134.85  0.39  28.8  53  5.7515  100
120.337  107.166  1998.6  89.5398  16.052  0.36  28.8  53  5.7515  100
120.386  107.166  1955.28  89.8088  6.525  0.37  28.8  53  5.7515  100
120.435  107.166  1959.85  89.1271  29.856  0.37  30.8  53  5.7515  100
120.483  107.295  1917.55  94.8052  160.63  0.38  30.8  53  5.7515  100
120.532  107.295  1887.74  95.0383  165.785  0.38  30.8  53  5.7515  100
120.581  107.295  1981.06  89.8436  5.409  0.37  30.8  53  5.7515  100
120.63  107.424  1918.52  94.9908  166.904  0.38  30.8  53  5.7515  100
120.679  107.424  1859.84  94.0289  130.67  0.39  30.8  53  5.7515  100
120.728  107.424  1992.56  89.8596  4.882  0.36  33.1  53  5.7515  100
120.777  107.552  1915.64  96.0123  200.648  0.38  33.1  53  5.7515  100
120.825  107.552  1966.41  89.9575  1.459  0.37  33.1  53  5.7515  100
120.874  107.552  1928.1  95.006  168.246  0.38  33.1  53  5.7515  100
120.923  107.681  1890.47  94.9742  163.916  0.38  33.1  53  5.7515  100
120.972  107.681  1981.88  89.915  2.942  0.37  33.1  53  5.7515  100
121.02  107.681  2023.48  89.6783  11.361  0.36  35.3  53  5.7515  100
121.069  107.81  1960.2  90.0267  0.914  0.37  35.3  53  5.7515  100
121.118  107.81  1992.98  89.8955  3.634  0.36  35.3  53  5.7515  100
121.167  107.81  1912.74  94.7874  159.636  0.38  35.3  53  5.7515  100
121.215  107.939  1988.28  90.0136  0.473  0.36  35.3  53  5.7515  100
121.264  107.939  1989.08  89.8396  5.567  0.36  35.3  53  5.7515  100
121.313  107.939  1895.09  96.2691  206.94  0.38  35.4  53  5.7515  100
121.362  108.068  1882.87  95.2818  173.326  0.39  35.4  53  5.7515  100
121.41  108.068  1941.35  94.7798  161.766  0.37  35.4  53  5.7515  100
121.459  108.068  1963.09  89.8048  6.688  0.37  35.4  53  5.7515  100
121.508  108.196  1952.01  88.8702  38.488  0.37  35.4  53  5.7515  100
121.557  108.196  1928.91  94.8565  163.303  0.38  35.4  53  5.7515  100
121.606  108.196  1875.98  95.1115  167.137  0.39  36.3  53  5.7515  100
121.655  108.325  1979.88  88.936  36.765  0.37  36.3  53  5.7515  100
121.704  108.325  1924.65  94.9532  166.179  0.38  36.3  53  5.7515  100
121.752  108.325  1865.12  94.179  135.918  0.39  36.3  53  5.7515  100
121.801  108.454  2000.29  88.7404  43.97  0.36  36.3  53  5.7515  100
121.85  108.454  1898.22  94.6888  155.166  0.38  36.3  53  5.7515  100
121.899  108.583  1978.91  90.0243  0.839  0.37  36.9  53  5.7515  100
121.948  108.583  1922.18  95.0901  170.539  0.38  36.9  53  5.7515  100
121.996  108.583  1989.07  89.9518  1.673  0.36  36.9  53  5.7515  100
122.045  108.712  1966.41  89.0137  33.848  0.37  36.9  53  5.7515  100
122.094  108.712  1916.82  94.6661  155.932  0.38  36.9  53  5.7515  100
122.143  108.712  1875.53  95.3266  174.11  0.39  36.9  53  5.7515  100
122.192  108.84  2002.65  89.8839  4.06  0.36  39.4  53  5.7515  100
122.24  108.84  1921.99  96.0247  201.726  0.38  39.4  53  5.7515  100
122.289  108.84  1867.76  94.1145  134.011  0.39  39.4  53  5.7515  100
122.338  108.969  1995.95  89.5923  14.203  0.36  39.4  53  5.7515  100
122.387  108.969  1994.02  89.964  1.254  0.36  39.4  53  5.7515  100
122.436  108.969  1949.56  89.1859  27.699  0.37  39.4  53  5.7515  100
122.485  109.098  1924.29  94.885  163.867  0.38  39.4  53  5.7515  100
122.533  109.098  1959.84  89.9342  2.25  0.37  40.1  53  5.7515  100
122.582  109.098  1975.55  88.8462  39.778  0.37  40.1  53  5.7515  100
122.631  109.227  1931.38  94.719  158.891  0.38  40.1  53  5.7515  100
122.68  109.227  1865.79  95.4791  178.151  0.39  40.1  53  5.7515  100
122.729  109.227  1987.26  89.0088  34.378  0.36  40.1  53  5.7515  100
122.777  109.356  1908.2  94.8159  160.201  0.38  40.1  53  5.7515  100
122.826  109.356  1861.27  94.019  130.452  0.39  40  53  5.7515  100
122.875  109.356  1992.14  89.8237  6.13  0.36  40  53  5.7515  100
122.924  109.485  1874.37  96.3836  208.402  0.39  40  53  5.7515  100
122.972  109.485  1869.2  94.1047  133.795  0.39  40  53  5.7515  100
123.021  109.485  2016.04  89.7557  8.596  0.36  40  53  5.7515  100
123.07  109.613  1871.45  96.3998  208.602  0.39  40  53  5.7515  100
123.119  109.613  1944.27  88.0069  67.622  0.37  39.7  53  5.7515  100
123.167  109.613  1994.29  89.8683  4.583  0.36  39.7  53  5.7515  100
123.216  109.742  1879.03  95.1176  167.611  0.39  39.7  53  5.7515  100
123.265  109.742  1928.42  94.7632  160.132  0.38  39.7  53  5.7515  100
123.314  109.742  1987.05  89.9437  1.952  0.36  39.7  53  5.7515  100
123.362  109.871  1859.38  95.3788  174.297  0.39  39.7  53  5.7515  100
123.411  109.871  2028.7  89.998  0.07  0.36  38  53  5.7515  100
123.46  109.871  1887.64  96.3103  207.475  0.39  38  53  5.7515  100
123.509  110  1961.27  88.8536  39.239  0.37  38  53  5.7515  100
123.557  110  2014.41  89.9003  3.504  0.36  38  53  5.7515  100
123.606  110  1864.68  94.949  160.863  0.39  38  53  5.7515  100
123.655  110.129  1990.2  89.7958  7.093  0.36  38  53  5.7515  100
123.704  110.129  1937.27  95.8912  198.842  0.38  38.1  53  5.7515  100
123.752  110.129  1858.51  95.1986  168.396  0.39  38.1  53  5.7515  100
123.801  110.257  1996.88  89.9516  1.686  0.36  38.1  53  5.7515  100
123.85  110.257  1902.89  94.9917  165.573  0.38  38.1  53  5.7515  100
123.899  110.257  1812.9  90.0321  1.016  0.4  38.1  53  5.7515  100
123.948  110.386  1854.73  89.9949  0.164  0.39  38.1  53  5.7515  100
123.996  110.386  1899.65  94.9643  164.387  0.38  37.2  53  5.7515  100
124.045  110.386  1826.08  89.9989  0.035  0.4  37.2  53  5.7515  100
124.094  110.515  2016.04  89.7557  8.596  0.36  37.2  53  5.7515  100
124.143  110.515  1860.37  94.9764  161.377  0.39  37.2  53  5.7515  100
124.191  110.515  1943.81  87.9717  68.799  0.37  37.2  53  5.7515  100
124.241  110.644  1911.95  94.9356  164.498  0.38  37.2  53  5.7515  100
124.289  110.644  1950.86  89.8322  5.712  0.37  36.8  53  5.7515  100
124.338  110.644  2001.94  89.964  1.26  0.36  36.8  53  5.7515  100
124.387  110.773  1910.43  94.945  164.679  0.38  36.8  53  5.7515  100
124.436  110.773  1958.57  89.9609  1.338  0.37  36.8  53  5.7515  100
124.484  110.773  2038.08  89.9508  1.751  0.35  36.8  53  5.7515  100
124.533  110.901  1885.55  96.1808  203.011  0.39  36.8  53  5.7515  100
124.582  110.901  1968.51  88.9254  36.917  0.37  36.6  53  5.7515  100
124.631  110.901  2007.08  89.8405  5.588  0.36  36.6  53  5.7515  100
124.679  111.03  1872.03  95.5348  180.557  0.39  36.6  53  5.7515  100
124.728  111.03  1969.56  88.8812  38.458  0.37  36.6  53  5.7515  100
124.777  111.03  1928.31  96.3741  214.079  0.38  36.6  53  5.7515  100
124.826  111.159  1954.2  89.8518  5.054  0.37  36.6  53  5.7515  100
124.875  111.159  2024.05  90.0215  0.758  0.36  35.6  53  5.7515  100
124.923  111.159  1908.03  96.0549  201.262  0.38  35.6  53  5.7515  100
124.972  111.288  1854.13  94.0681  131.535  0.39  35.6  53  5.7515  100
125.021  111.288  1903.12  95.3483  177.389  0.38  35.6  53  5.7515  100
125.07  111.288  1885.02  95.1023  167.643  0.39  35.6  53  5.7515  100
125.119  111.417  1971.06  88.8724  38.787  0.37  35.6  53  5.7515  100
125.167  111.417  2000.88  89.8725  4.453  0.36  35.6  53  5.7515  100
125.216  111.417  1883.39  94.7832  157.048  0.39  34.7  53  5.7515  100
125.265  111.545  1986.85  89.9271  2.527  0.36  34.7  53  5.7515  100
125.314  111.545  1928.29  94.7382  159.283  0.38  34.7  53  5.7515  100
125.362  111.545  1969.39  90.0162  0.556  0.37  34.7  53  5.7515  100
125.412  111.674  1914.54  95.1364  171.405  0.38  34.7  53  5.7515  100
125.461  111.674  1912.25  94.6949  156.519  0.38  34.7  53  5.7515  100
125.509  111.674  1810.02  90.0472  1.491  0.4  34.9  53  5.7515  100
125.558  111.803  2043.28  89.9632  1.311  0.35  34.9  53  5.7515  100
125.607  111.803  1893.21  94.9098  162.035  0.38  34.9  53  5.7515  100
125.656  111.803  1989.08  89.8396  5.567  0.36  34.9  53  5.7515  100
125.704  111.932  1928.58  95.0994  171.419  0.38  34.9  53  5.7515  100
125.753  111.932  1876.41  95.5085  180.123  0.39  34.9  53  5.7515  100
125.802  112.061  1975.83  89.9463  1.852  0.37  36.5  53  5.7515  100
125.851  112.061  1919.37  94.5541  152.398  0.38  36.5  53  5.7515  100
125.899  112.061  1880.81  95.4821  179.682  0.39  36.5  53  5.7515  100
125.948  112.189  1990.32  89.9472  1.834  0.36  36.5  53  5.7515  100
125.997  112.189  1898.97  96.1056  201.978  0.38  36.5  53  5.7515  100
126.046  112.189  1886.71  93.9857  131.141  0.38  36.5  53  5.7515  100
126.095  112.318  2016.04  89.7557  8.596  0.36  36.3  53  5.7515  100
126.143  112.318  1896.42  94.937  163.207  0.38  36.3  53  5.7515  100
126.192  112.318  1875.96  93.965  129.716  0.39  36.3  53  5.7515  100
126.241  112.447  1988.44  89.7846  7.476  0.36  36.3  53  5.7515  100
126.29  112.447  1941.68  89.8439  5.291  0.37  36.3  53  5.7515  100
126.338  112.447  1988.34  88.9642  35.945  0.36  36.3  53  5.7515  100
126.387  112.576  1919.32  94.8421  162.01  0.38  35.6  53  5.7515  100
126.436  112.576  1808.44  90.001  0.032  0.4  35.6  53  5.7515  100
126.485  112.576  2026.67  89.9699  1.065  0.36  35.6  53  5.7515  100
126.533  112.705  1926.83  96.0458  202.939  0.38  35.6  53  5.7515  100
126.582  112.705  1888.18  93.9757  130.914  0.38  35.6  53  5.7515  100
126.631  112.705  1936.82  95.1463  173.732  0.38  35.6  53  5.7515  100
126.68  112.833  1883.77  95.1571  169.325  0.39  36  53  5.7515  100
126.728  112.833  2014.34  90.0323  1.135  0.36  36  53  5.7515  100
126.777  112.833  1996.8  89.6643  11.699  0.36  36  53  5.7515  100
126.826  112.962  1964.12  89.9693  1.054  0.37  36  53  5.7515  100
126.875  112.962  2031.82  89.9823  0.627  0.36  36  53  5.7515  100
126.923  112.962  1910.49  94.6583  155.158  0.38  36  53  5.7515  100
126.972  113.091  1942.69  89.2625  25.004  0.37  36.1  53  5.7515  100
127.021  113.091  1992.14  89.8237  6.13  0.36  36.1  53  5.7515  100
127.07  113.091  1891.41  96.478  213.392  0.38  36.1  53  5.7515  100
127.118  113.22  1877.34  95.0813  166.273  0.39  36.1  53  5.7515  100
127.167  113.22  1927.04  95.1087  171.594  0.38  36.1  53  5.7515  100
127.216  113.22  1873.51  95.2203  170.463  0.39  36.1  53  5.7515  100
127.265  113.349  1964.3  89.1017  30.794  0.37  36.9  53  5.7515  100
127.314  113.349  1996.8  89.6643  11.699  0.36  36.9  53  5.7515  100
127.362  113.349  1988.49  90.03  1.041  0.36  36.9  53  5.7515  100
127.411  113.477  2001.52  89.9279  2.519  0.36  36.9  53  5.7515  100
127.46  113.477  1912.5  94.7412  158.077  0.38  36.9  53  5.7515  100
127.509  113.477  1878.46  95.3087  173.799  0.39  36.9  53  5.7515  100
127.558  113.606  2001.1  89.8918  3.779  0.36  36.9  53  5.7515  100
127.607  113.606  1895.17  94.9922  164.917  0.38  37.3  53  5.7515  100
127.655  113.606  1958.57  89.9609  1.338  0.37  37.3  53  5.7515  100
127.704  113.735  1918.06  95.2108  174.2  0.38  37.3  53  5.7515  100
127.753  113.735  1882.85  94.9747  163.273  0.39  37.3  53  5.7515  100
127.802  113.735  1975.83  89.9463  1.852  0.37  37.3  53  5.7515  100
127.851  113.864  1934.15  95.9087  199.108  0.38  37.3  53  5.7515  100
127.9  113.864  1876.41  95.5085  180.123  0.39  38.2  53  5.7515  100
127.949  113.864  2017.55  89.8843  4.075  0.36  38.2  53  5.7515  100
127.997  113.993  1907.88  95.0561  168.144  0.38  38.2  53  5.7515  100
128.046  113.993  1863.7  95.3523  173.845  0.39  38.2  53  5.7515  100
128.095  113.993  2033.86  90.0105  0.374  0.36  38.2  53  5.7515  100
128.144  114.121  1889.91  95.1664  170.183  0.38  38.2  53  5.7515  100
128.192  114.121  1821.6  89.9865  0.428  0.4  39.1  53  5.7515  100
128.241  114.121  1937.9  95.0431  170.351  0.37  39.1  53  5.7515  100
128.29  114.25  1988.49  90.03  1.041  0.36  39.1  53  5.7515  100
128.339  114.25  1888.18  93.9757  130.914  0.38  39.1  53  5.7515  100
128.387  114.25  1921.72  96.3137  211.334  0.38  39.1  53  5.7515  100
128.437  114.379  1952.33  89.8244  5.982  0.37  39.1  53  5.7515  100
128.485  114.379  1934.3  94.9682  167.517  0.38  41.1  53  5.7515  100
128.534  114.379  1918.44  96.2836  209.973  0.38  41.1  53  5.7515  100
128.583  114.508  1991.27  89.9983  0.059  0.36  41.1  53  5.7515  100
128.632  114.508  1929.16  94.9032  164.89  0.38  41.1  53  5.7515  100
128.68  114.508  1900.48  96.0972  201.86  0.38  41.1  53  5.7515  100
128.73  114.637  1967.7  89.1203  30.211  0.37  41.1  53  5.7515  100
128.778  114.637  2000.73  89.7202  9.772  0.36  43.6  53  5.7515  100
128.827  114.637  1885.47  95.1936  170.677  0.39  43.6  53  5.7515  100
128.876  114.766  1962.38  89.0748  31.687  0.37  43.6  53  5.7515  100
128.925  114.766  1924.71  94.6643  156.514  0.38  43.6  53  5.7515  100
128.973  114.766  1866.22  95.5696  181.127  0.39  43.6  53  5.7515  100
129.022  114.894  2007.08  88.6228  48.239  0.36  43.6  53  5.7515  100
129.071  114.894  1940.96  94.7077  159.299  0.37  44.4  53  5.7515  100
129.12  114.894  1873.3  94.03  131.653  0.39  44.4  53  5.7515  100
129.168  115.023  1949.37  95.0712  172.311  0.37  44.4  53  5.7515  100
129.217  115.023  1892.42  95.0565  166.794  0.38  44.4  53  5.7515  100
129.266  115.023  1979.54  89.8515  5.132  0.37  44.4  53  5.7515  100
129.315  115.152  2007.08  89.8405  5.588  0.36  44.4  53  5.7515  100
129.364  115.152  1958.23  89.7931  7.072  0.37  44.9  53  5.7515  100
129.412  115.152  1966.11  87.9815  69.25  0.37  44.9  53  5.7515  100
129.461  115.281  2030.7  89.7185  9.977  0.36  44.9  53  5.7515  100
129.51  115.281  1875.97  95.4175  177.115  0.39  44.9  53  5.7515  100
129.559  115.281  1901.04  94.9337  163.493  0.38  44.9  53  5.7515  100
129.607  115.41  1928.59  96.0841  204.407  0.38  44.9  53  5.7515  100
129.656  115.41  1966.48  89.8244  6.026  0.37  45.3  53  5.7515  100
129.705  115.538  2040.13  89.979  0.746  0.35  45.3  53  5.7515  100
129.754  115.538  2011.62  89.9496  1.771  0.36  45.3  53  5.7515  100
129.802  115.538  1972.18  89.0948  31.158  0.37  45.3  53  5.7515  100
129.851  115.667  1926.32  94.9688  166.843  0.38  45.3  53  5.7515  100
129.9  115.667  1873.91  90.0224  0.734  0.39  45.3  53  5.7515  100
129.949  115.667  1975.99  88.8819  38.556  0.37  43.5  53  5.7515  100
129.998  115.796  1933.21  94.466  150.534  0.38  43.5  53  5.7515  100
130.047  115.796  1804.14  90.0236  0.745  0.4  43.5  53  5.7515  100
130.095  115.796  1933.31  94.7811  161.139  0.38  43.5  53  5.7515  100
130.144  115.925  1922.38  94.8231  161.632  0.38  43.5  53  5.7515  100
130.193  115.925  1964.52  89.9299  2.405  0.37  43.5  53  5.7515  100
130.241  115.925  1947.3  94.9863  169.254  0.37  43.5  53  5.7515  100
130.29  116.054  1981.66  89.8958  3.603  0.37  42.8  53  5.7515  100
130.339  116.054  1894.03  95.0719  167.442  0.38  42.8  53  5.7515  100
130.388  116.054  1942.91  94.7701  161.57  0.37  42.8  53  5.7515  100
130.436  116.182  1963.49  89.8402  5.478  0.37  42.8  53  5.7515  100
130.485  116.182  1987.14  89.8118  6.528  0.36  42.8  53  5.7515  100
130.534  116.182  2013.61  89.6912  10.853  0.36  42.8  53  5.7515  100
130.583  116.311  1957.56  89.8714  4.392  0.37  42.9  53  5.7515  100
130.632  116.311  1987.62  88.7757  42.468  0.36  42.9  53  5.7515  100
130.681  116.311  1900.12  95.0563  167.466  0.38  42.9  53  5.7515  100
130.729  116.44  1952.91  89.2044  27.116  0.37  42.9  53  5.7515  100
130.778  116.44  1929.16  94.9032  164.89  0.38  42.9  53  5.7515  100
130.828  116.44  1979.04  89.9472  1.824  0.37  42.9  53  5.7515  100
130.876  116.569  1958.14  88.9857  34.664  0.37  41.9  53  5.7515  100
130.925  116.569  2008.06  89.6432  12.504  0.36  41.9  53  5.7515  100
130.974  116.569  1962.41  89.8833  3.996  0.37  41.9  53  5.7515  100
131.022  116.698  1959.76  87.9837  68.95  0.37  41.9  53  5.7515  100
131.071  116.698  1922.84  96.2117  208.056  0.38  41.9  53  5.7515  100
131.12  116.698  1869.12  95.5522  180.843  0.39  41.9  53  5.7515  100
131.169  116.826  2008.44  89.8156  6.463  0.36  41.2  53  5.7515  100
131.217  116.826  1911.22  94.7969  159.825  0.38  41.2  53  5.7515  100
131.266  116.826  1866.07  94.0793  132.747  0.39  41.2  53  5.7515  100
131.315  116.955  2003.66  89.5511  15.697  0.36  41.2  53  5.7515  100
131.364  116.955  1877.52  94.8206  157.779  0.39  41.2  53  5.7515  100
131.413  116.955  1976.24  89.0334  33.338  0.37  41.2  53  5.7515  100
131.462  117.084  1903.68  94.8442  160.759  0.38  41.4  53  5.7515  100
131.51  117.084  1886.95  95.1846  170.513  0.38  41.4  53  5.7515  100
131.559  117.084  1985.93  88.9011  38.087  0.36  41.4  53  5.7515  100
131.608  117.213  1915.29  94.6758  156.128  0.38  41.4  53  5.7515  100
131.657  117.213  1884.12  95.2272  171.652  0.39  41.4  53  5.7515  100
131.706  117.213  1899.54  94.943  163.673  0.38  41.4  53  5.7515  100
131.755  117.342  1900.4  96.4292  212.799  0.38  42.3  53  5.7515  100
131.803  117.342  1903.48  95.1086  169.492  0.38  42.3  53  5.7515  100
131.852  117.342  2023.86  89.852  5.226  0.36  42.3  53  5.7515  100
131.901  117.47  1881.61  95.0294  164.957  0.39  42.3  53  5.7515  100
131.95  117.47  1899.54  94.943  163.673  0.38  42.3  53  5.7515  100
131.999  117.47  1937.9  95.0431  170.351  0.37  42.3  53  5.7515  100
132.047  117.599  1874.6  94.8392  158.14  0.39  43.4  53  5.7515  100
132.096  117.599  1907.53  94.9885  165.871  0.38  43.4  53  5.7515  100
132.145  117.599  1928.58  94.4955  151.163  0.38  43.4  53  5.7515  100
132.194  117.728  1982.9  89.9663  1.167  0.36  43.4  53  5.7515  100
132.242  117.728  2019.41  89.7589  8.497  0.36  43.4  53  5.7515  100
132.292  117.728  1892.65  95.1023  168.322  0.38  43.4  53  5.7515  100
132.34  117.857  1881.62  95.3364  174.996  0.39  44  53  5.7515  100
132.389  117.857  1922.43  94.5346  151.99  0.38  44  53  5.7515  100
132.438  117.857  1978.67  90.0055  0.19  0.37  44  53  5.7515  100
132.487  117.986  1972.55  88.8637  39.117  0.37  44  53  5.7515  100
132.535  117.986  2007.79  89.76  8.41  0.36  44  53  5.7515  100
132.584  117.986  1868.26  95.371  174.876  0.39  44  53  5.7515  100
132.633  118.114  2011.56  89.7995  7.039  0.36  44  53  5.7515  100
132.682  118.114  1998.49  89.8084  6.684  0.36  43.6  53  5.7515  100
132.73  118.114  1965.25  89.7182  9.667  0.37  43.6  53  5.7515  100
132.779  118.243  1927.13  94.8194  161.908  0.38  43.6  53  5.7515  100
132.828  118.243  1895.71  94.7994  158.61  0.38  43.6  53  5.7515  100
132.877  118.243  1959  89.0564  32.262  0.37  43.6  53  5.7515  100
132.926  118.372  1923.96  95.1273  171.943  0.38  43.6  53  5.7515  100
132.974  118.372  1875.75  95.066  165.636  0.39  45.4  53  5.7515  100
133.023  118.372  1981.88  89.915  2.942  0.37  45.4  53  5.7515  100
133.072  118.501  1993.3  89.6446  12.364  0.36  45.4  53  5.7515  100
133.121  118.501  1890.47  94.9742  163.916  0.38  45.4  53  5.7515  100
133.17  118.501  1999.55  89.8998  3.498  0.36  45.4  53  5.7515  100
133.219  118.63  1908.98  94.6679  155.353  0.38  45.4  53  5.7515  100
133.267  118.63  1898.28  94.9982  165.388  0.38  47.4  53  5.7515  100
133.316  118.758  1941.35  94.7798  161.766  0.37  47.4  53  5.7515  100
133.365  118.758  1890.78  94.7362  156.116  0.38  47.4  53  5.7515  100
133.414  118.758  1975.83  89.9463  1.852  0.37  47.4  53  5.7515  100
133.463  118.887  2028.75  89.417  20.641  0.36  47.4  53  5.7515  100
133.511  118.887  1814.29  90.0057  0.182  0.4  47.4  53  5.7515  100
133.56  118.887  2003.36  89.8036  6.866  0.36  46.6  53  5.7515  100
133.609  119.016  1920.61  94.7861  160.249  0.38  46.6  53  5.7515  100
133.658  119.016  1975.2  89.8916  3.736  0.37  46.6  53  5.7515  100
133.707  119.016  1848.71  90.0259  0.836  0.39  46.6  53  5.7515  100
133.755  119.145  1906.37  95.0654  168.318  0.38  46.6  53  5.7515  100
133.804  119.145  1881.74  95.0539  165.766  0.39  46.6  53  5.7515  100
133.853  119.145  1928.91  94.8565  163.303  0.38  48.8  53  5.7515  100
133.901  119.274  1992.88  89.6087  13.611  0.36  48.8  53  5.7515  100
133.95  119.274  1974.32  89.9541  1.582  0.37  48.8  53  5.7515  100
133.999  119.274  2025.58  89.434  20.009  0.36  48.8  53  5.7515  100
134.048  119.403  1897.68  94.8818  161.493  0.38  48.8  53  5.7515  100
134.097  119.403  1979.44  88.9002  37.993  0.37  48.8  53  5.7515  100
134.146  119.403  1915.04  94.6295  154.566  0.38  51.3  53  5.7515  100
134.194  119.531  1886.84  95.1634  169.808  0.38  51.3  53  5.7515  100
134.243  119.531  2001.1  89.8918  3.779  0.36  51.3  53  5.7515  100
134.292  119.531  1913.22  94.88  162.755  0.38  51.3  53  5.7515  100
134.341  119.66  1874.64  95.1449  168.107  0.39  51.3  53  5.7515  100
134.39  119.66  1928.58  95.0994  171.419  0.38  51.3  53  5.7515  100
134.438  119.66  1898.85  95.1115  169.177  0.38  52.1  53  5.7515  100
134.487  119.789  1867.27  94.0245  131.05  0.39  52.1  53  5.7515  100
134.536  119.789  1986.34  89.6054  13.679  0.36  52.1  53  5.7515  100
134.585  119.789  1978.5  89.761  8.252  0.37  52.1  53  5.7515  100
134.633  119.918  1969.38  88.9965  34.489  0.37  52.1  53  5.7515  100
134.682  119.918  1930.37  94.5323  152.54  0.38  52.1  53  5.7515  100
134.731  119.918  1947.92  89.8478  5.173  0.37  49.5  53  5.7515  100
134.78  120.047  1997.17  89.8357  5.727  0.36  49.5  53  5.7515  100
134.829  120.047  1882.12  96.4346  210.928  0.39  49.5  53  5.7515  100
134.877  120.047  1861.76  94.1087  133.394  0.39  49.5  53  5.7515  100
134.926  120.175  2038.08  89.9508  1.751  0.35  49.5  53  5.7515  100
134.975  120.175  1886.03  95.0019  164.44  0.39  49.5  53  5.7515  100
135.024  120.175  1955.43  89.1524  28.926  0.37  49.1  53  5.7515  100
135.073  120.304  2009.19  89.5988  14.07  0.36  49.1  53  5.7515  100
135.122  120.304  1960.52  89.8558  4.933  0.37  49.1  53  5.7515  100
135.17  120.304  1981.06  89.8436  5.409  0.37  49.1  53  5.7515  100
135.219  120.433  1915.22  94.9632  165.697  0.38  49.1  53  5.7515  100
135.268  120.433  1862.95  94.054  131.706  0.39  49.1  53  5.7515  100
135.317  120.433  1997.95  88.9477  36.692  0.36  49.1  53  5.7515  100
135.366  120.562  1898.09  96.2525  206.722  0.38  47.5  53  5.7515  100
135.414  120.562  1881.09  94.0709  133.541  0.39  47.5  53  5.7515  100
135.463  120.562  1930.95  94.9404  166.293  0.38  47.5  53  5.7515  100
135.512  120.691  1897.36  95.1207  169.346  0.38  47.5  53  5.7515  100
135.561  120.691  1876.46  94.0554  132.704  0.39  47.5  53  5.7515  100
135.61  120.691  2011.34  89.7801  7.721  0.36  47.5  53  5.7515  100
135.659  120.819  1943.54  89.8711  4.372  0.37  48.9  53  5.7515  100
135.708  120.819  2005.04  89.9481  1.815  0.36  48.9  53  5.7515  100
135.756  120.819  2002  89.8284  5.995  0.36  48.9  53  5.7515  100
135.805  120.948  1966.2  89.9385  2.11  0.37  48.9  53  5.7515  100
135.854  120.948  2008.87  89.8518  5.194  0.36  48.9  53  5.7515  100
135.903  120.948  2011.62  89.9496  1.771  0.36  48.9  53  5.7515  100
135.952  121.077  1953.54  89.1255  29.814  0.37  46.7  53  5.7515  100
136  121.077  1934.54  95.0151  169.113  0.38  46.7  53  5.7515  100
136.049  121.077  1892.88  95.1481  169.851  0.38  46.7  53  5.7515  100
136.098  121.206  1978.65  89.2311  26.553  0.37  46.7  53  5.7515  100
136.147  121.206  1927.03  94.5053  151.371  0.38  46.7  53  5.7515  100
136.195  121.206  1955.28  89.8088  6.525  0.37  46.7  53  5.7515  100
136.244  121.335  1995.34  89.9595  1.41  0.36  47  53  5.7515  100
136.293  121.335  1996.11  89.7444  8.904  0.36  47  53  5.7515  100
136.342  121.335  1855.31  94.0136  129.859  0.39  47  53  5.7515  100
136.39  121.463  2003.78  89.8398  5.604  0.36  47  53  5.7515  100
136.439  121.463  1890  96.1559  202.672  0.38  47  53  5.7515  100
136.488  121.463  1855.31  94.0136  129.859  0.39  47  53  5.7515  100
136.537  121.592  1925.5  95.118  171.769  0.38  49.8  53  5.7515  100
136.586  121.592  1983.12  89.9826  0.603  0.36  49.8  53  5.7515  100
136.634  121.592  1821.6  89.9865  0.428  0.4  49.8  53  5.7515  100
136.683  121.721  1989.39  89.5891  14.267  0.36  49.8  53  5.7515  100
136.732  121.721  1802.71  90.0312  0.98  0.4  49.8  53  5.7515  100
136.781  121.721  1974.93  88.9263  37.006  0.37  49.8  53  5.7515  100
136.83  121.85  1921.34  94.9256  164.968  0.38  50.1  53  5.7515  100
136.879  121.85  1875.75  95.372  175.612  0.39  50.1  53  5.7515  100
136.928  121.85  1990.3  88.9914  35.034  0.36  50.1  53  5.7515  100
136.976  121.979  1901.71  96.3747  211.148  0.38  50.1  53  5.7515  100
137.025  121.979  1871.6  93.9948  130.387  0.39  50.1  53  5.7515  100
137.074  122.107  1925.34  94.7824  160.518  0.38  50.1  53  5.7515  100
137.123  122.107  1870.7  94.9575  161.659  0.39  48.2  53  5.7515  100
137.171  122.107  1870.15  94.0047  130.608  0.39  48.2  53  5.7515  100
137.22  122.236  1982.35  89.8165  6.35  0.36  48.2  53  5.7515  100
137.269  122.236  1939.56  89.9292  2.397  0.37  48.2  53  5.7515  100
137.318  122.236  1889.58  95.0994  167.952  0.38  48.2  53  5.7515  100
137.366  122.365  1995.26  89.6724  11.407  0.36  48.2  53  5.7515  100
137.415  122.365  1874.42  95.0995  166.607  0.39  48.1  53  5.7515  100
137.464  122.365  1982.9  88.9186  37.424  0.36  48.1  53  5.7515  100
137.513  122.494  1888.2  95.1297  168.827  0.38  48.1  53  5.7515  100
137.561  122.494  1875.87  95.0904  166.441  0.39  48.1  53  5.7515  100
137.61  122.494  1933.21  94.466  150.534  0.38  48.1  53  5.7515  100
137.659  122.623  1869.7  95.0571  164.813  0.39  48.1  53  5.7515  100
137.708  122.623  1956.84  88.8796  38.263  0.37  48.1  53  5.7515  100
137.757  122.623  1927.49  94.8877  164.227  0.38  47.4  53  5.7515  100
137.805  122.751  1964.7  89.9463  1.842  0.37  47.4  53  5.7515  100
137.854  122.751  1996.05  89.8797  4.192  0.36  47.4  53  5.7515  100
137.903  122.751  1997.37  89.8524  5.145  0.36  47.4  53  5.7515  100
137.952  122.88  1975.48  89.7769  7.691  0.37  47.4  53  5.7515  100
138.001  122.88  2040.26  89.8073  6.863  0.35  47.4  53  5.7515  100
138.05  122.88  1902.61  96.2276  206.391  0.38  50.6  53  5.7515  100
138.098  123.009  1988.28  90.0136  0.473  0.36  50.6  53  5.7515  100
138.147  123.009  2034.87  89.5017  17.697  0.36  50.6  53  5.7515  100
138.196  123.009  1888.78  95.2458  172.687  0.38  50.6  53  5.7515  100
138.245  123.138  1976.6  88.8018  41.334  0.37  50.6  53  5.7515  100
138.294  123.138  2004.1  89.5873  14.436  0.36  50.6  53  5.7515  100
138.342  123.138  1947.92  89.8478  5.173  0.37  49.2  53  5.7515  100
138.391  123.267  1836.68  90.0517  1.657  0.39  49.2  53  5.7515  100
138.44  123.267  1902.95  94.7061  156.128  0.38  49.2  53  5.7515  100
138.489  123.267  1868.91  95.5069  179.35  0.39  49.2  53  5.7515  100
138.537  123.395  2026.31  89.917  2.935  0.36  49.2  53  5.7515  100
138.586  123.395  1902.89  94.9917  165.573  0.38  49.2  53  5.7515  100
138.635  123.395  1835.1  90.0238  0.763  0.39  47  53  5.7515  100
138.684  123.524  1922.89  95.2298  175.272  0.38  47  53  5.7515  100
138.732  123.524  1856.6  93.9798  128.857  0.39  47  53  5.7515  100
138.781  123.524  2013.4  89.9609  1.375  0.36  47  53  5.7515  100
138.83  123.653  1932.17  94.5692  153.922  0.38  47  53  5.7515  100
138.879  123.653  1977.19  90.0131  0.453  0.37  47  53  5.7515  100
138.928  123.653  1906.02  94.9978  166.048  0.38  49.4  53  5.7515  100
138.977  123.782  1889.72  96.44  211.958  0.39  49.4  53  5.7515  100
139.026  123.782  1867.15  95.1447  167.431  0.39  49.4  53  5.7515  100
139.074  123.782  1999.97  89.9358  2.241  0.36  49.4  53  5.7515  100
139.123  123.911  1891.39  95.1573  170.017  0.38  49.4  53  5.7515  100
139.172  123.911  1989.32  89.9707  1.017  0.36  49.4  53  5.7515  100
139.221  123.911  1925.97  95.2113  174.935  0.38  47.1  53  5.7515  100
139.27  124.04  1992.52  89.9717  0.985  0.36  47.1  53  5.7515  100
139.318  124.04  1829.11  90.019  0.606  0.4  47.1  53  5.7515  100
139.367  124.04  1918.04  94.898  163.765  0.38  47.1  53  5.7515  100
139.416  124.168  1868.69  95.4616  177.858  0.39  47.1  53  5.7515  100
139.465  124.168  1982.9  88.9186  37.424  0.36  47.1  53  5.7515  100
139.514  124.168  2007.04  89.9729  0.949  0.36  48.5  53  5.7515  100
139.563  124.297  1931.94  89.9326  2.272  0.37  48.5  53  5.7515  100
139.612  124.297  1930.7  94.8937  164.703  0.38  48.5  53  5.7515  100
139.66  124.297  1893.91  95.0473  166.622  0.38  48.5  53  5.7515  100
139.709  124.426  1953.11  89.0903  31.009  0.37  48.5  53  5.7515  100
139.758  124.426  2008.49  89.6795  11.237  0.36  48.5  53  5.7515  100
139.807  124.426  1881.72  96.343  207.893  0.39  48.3  53  5.7515  100
139.856  124.555  1823.25  90.0494  1.572  0.4  48.3  53  5.7515  100
139.905  124.555  1918.09  94.6101  154.167  0.38  48.3  53  5.7515  100
139.954  124.555  1989.53  89.9871  0.449  0.36  48.3  53  5.7515  100
140.003  124.684  1992.98  89.8955  3.634  0.36  48.3  53  5.7515  100
140.051  124.684  1892.4  94.464  147.292  0.38  48.3  53  5.7515  100
140.1  124.684  1882.05  93.9703  130.312  0.39  48  53  5.7515  100
140.149  124.812  2019.97  89.9491  1.795  0.36  48  53  5.7515  100
140.197  124.812  1891.25  94.8276  159.164  0.38  48  53  5.7515  100
140.246  124.812  1994.27  89.9829  0.595  0.36  48  53  5.7515  100
140.295  124.941  2002.28  89.712  10.063  0.36  48  53  5.7515  100
140.344  124.941  1875.44  96.2842  205.288  0.39  48  53  5.7515  100
140.392  124.941  1982.17  88.7306  43.912  0.37  48  53  5.7515  100
140.441  125.07  1922.14  94.7766  160.058  0.38  50.8  53  5.7515  100
140.49  125.07  1815.79  90.017  0.538  0.4  50.8  53  5.7515  100
140.539  125.07  1925.34  94.7824  160.518  0.38  50.8  53  5.7515  100
140.587  125.199  1919.08  94.7957  160.44  0.38  50.8  53  5.7515  100
140.636  125.199  1874.64  95.1449  168.107  0.39  50.8  53  5.7515  100
140.685  125.199  1924.29  94.885  163.867  0.38  50.8  53  5.7515  100
140.734  125.328  1897.92  94.9277  163.028  0.38  48.3  53  5.7515  100
140.782  125.328  1999.71  90.0306  1.067  0.36  48.3  53  5.7515  100
140.831  125.456  2010.91  89.7438  8.992  0.36  48.3  53  5.7515  100
140.88  125.456  1873.91  90.0224  0.734  0.39  48.3  53  5.7515  100
140.929  125.456  2006.46  89.7875  7.441  0.36  48.3  53  5.7515  100
140.978  125.585  1919.08  94.7957  160.44  0.38  48.3  53  5.7515  100
141.026  125.585  1861.46  95.5053  178.585  0.39  46.8  53  5.7515  100
141.075  125.585  2019.84  89.7953  7.215  0.36  46.8  53  5.7515  100
141.124  125.714  1910.98  94.7507  158.268  0.38  46.8  53  5.7515  100
141.173  125.714  1962.38  89.0748  31.687  0.37  46.8  53  5.7515  100
141.222  125.714  2010.05  89.6713  11.532  0.36  46.8  53  5.7515  100
141.27  125.843  1886.49  95.0932  167.475  0.39  46.8  53  5.7515  100
141.319  125.843  1899.77  94.989  165.212  0.38  46.2  53  5.7515  100
141.368  125.843  1931.92  94.5225  152.332  0.38  46.2  53  5.7515  100
141.417  125.972  1868.79  94.8762  158.854  0.39  46.2  53  5.7515  100
141.465  125.972  1830.58  90.0113  0.362  0.4  46.2  53  5.7515  100
141.514  125.972  2003.97  89.8565  5.019  0.36  46.2  53  5.7515  100
141.563  126.1  1868.01  94.1595  135.493  0.39  46.2  53  5.7515  100
141.612  126.1  1923  94.941  165.629  0.38  47.5  53  5.7515  100
141.66  126.1  1885.24  95.148  169.16  0.39  47.5  53  5.7515  100
141.709  126.229  1991.73  90.0336  1.167  0.36  47.5  53  5.7515  100
141.758  126.229  2006.77  89.5346  16.301  0.36  47.5  53  5.7515  100
141.807  126.229  1889.29  94.7456  156.304  0.38  47.5  53  5.7515  100
141.855  126.358  1991.44  89.9034  3.356  0.36  47.5  53  5.7515  100
141.904  126.358  1935.02  94.5028  151.916  0.38  48.3  53  5.7515  100
141.953  126.358  1889.22  95.0291  165.613  0.38  48.3  53  5.7515  100
142.002  126.487  1989.86  88.9554  36.275  0.36  48.3  53  5.7515  100
142.05  126.487  1905.42  94.8809  162.121  0.38  48.3  53  5.7515  100
142.099  126.487  1887.3  95.2548  172.848  0.38  48.3  53  5.7515  100
142.148  126.616  2011.56  89.7995  7.039  0.36  48.3  53  5.7515  100
142.197  126.616  1917.84  94.5638  152.601  0.38  49.9  53  5.7515  100
142.246  126.616  1820.14  89.9942  0.185  0.4  49.9  53  5.7515  100
142.294  126.744  1936.58  95.0994  172.131  0.38  49.9  53  5.7515  100
142.343  126.744  1873.06  95.1296  167.468  0.39  49.9  53  5.7515  100
142.392  126.744  1835.1  90.0238  0.763  0.39  49.9  53  5.7515  100
142.441  126.873  1997.37  89.8524  5.145  0.36  49.9  53  5.7515  100
142.49  126.873  1794  90.0067  0.209  0.4  49.4  53  5.7515  100
142.539  126.873  1998.72  89.8277  6.011  0.36  49.4  53  5.7515  100
142.587  127.002  1928.83  94.5421  152.746  0.38  49.4  53  5.7515  100
142.636  127.002  1957.15  89.8362  5.595  0.37  49.4  53  5.7515  100
142.685  127.002  1930.21  94.8003  161.526  0.38  49.4  53  5.7515  100
142.734  127.131  1915.46  95.0096  167.262  0.38  49.4  53  5.7515  100
142.783  127.131  1992.31  89.9553  1.554  0.36  49.4  53  5.7515  100
142.831  127.131  1926.08  94.9221  165.261  0.38  48.6  53  5.7515  100
142.88  127.26  1869.93  95.1024  166.304  0.39  48.6  53  5.7515  100
142.929  127.26  1962.75  88.8449  39.567  0.37  48.6  53  5.7515  100
142.978  127.26  2012.74  89.6185  13.4  0.36  48.6  53  5.7515  100
143.027  127.388  1946.86  89.8907  3.715  0.37  48.6  53  5.7515  100
143.076  127.388  1888.18  93.9757  130.914  0.38  48.6  53  5.7515  100
143.125  127.388  1918.04  94.898  163.765  0.38  49.1  53  5.7515  100
143.173  127.517  1868.82  95.181  168.758  0.39  49.1  53  5.7515  100
143.222  127.517  1921.22  94.904  164.238  0.38  49.1  53  5.7515  100
143.271  127.517  1900.68  96.1434  203.407  0.38  49.1  53  5.7515  100
143.32  127.646  1992.31  89.9553  1.554  0.36  49.1  53  5.7515  100
143.368  127.646  1925.73  95.1647  173.352  0.38  49.1  53  5.7515  100
143.417  127.646  1962.28  89.7341  9.108  0.37  49  53  5.7515  100
143.466  127.775  1990.61  89.8317  5.848  0.36  49  53  5.7515  100
143.515  127.775  2007.63  89.607  13.77  0.36  49  53  5.7515  100
143.563  127.775  1952.05  89.9377  2.123  0.37  49  53  5.7515  100
143.612  127.904  1992.14  89.8237  6.13  0.36  49  53  5.7515  100
143.661  127.904  1912.8  96.0759  202.462  0.38  49  53  5.7515  100
143.71  127.904  1993.23  90.0259  0.902  0.36  53.5  53  5.7515  100
143.759  128.032  2041.7  89.9711  1.028  0.35  53.5  53  5.7515  100
143.807  128.032  1889.91  95.1664  170.183  0.38  53.5  53  5.7515  100
143.856  128.032  1953.96  89.1608  28.618  0.37  53.5  53  5.7515  100
143.905  128.161  1926.8  95.062  170.01  0.38  53.5  53  5.7515  100
143.954  128.161  1893.75  94.7172  155.738  0.38  53.5  53  5.7515  100
144.003  128.161  1915.11  94.9417  164.971  0.38  54.7  53  5.7515  100
144.052  128.29  1933.72  94.5594  153.716  0.38  54.7  53  5.7515  100
144.1  128.29  1882.28  95.4733  179.534  0.39  54.7  53  5.7515  100
144.149  128.29  1989.59  88.8028  41.569  0.36  54.7  53  5.7515  100
144.198  128.419  1910.74  94.7045  156.713  0.38  54.7  53  5.7515  100
144.247  128.419  1862  94.1536  134.866  0.39  54.7  53  5.7515  100
144.295  128.419  1921.22  94.904  164.238  0.38  51.9  53  5.7515  100
144.344  128.548  1903.36  95.0839  168.663  0.38  51.9  53  5.7515  100
144.393  128.548  1895.06  94.9709  164.206  0.38  51.9  53  5.7515  100
144.442  128.548  2008.06  89.6432  12.504  0.36  51.9  53  5.7515  100
144.49  128.676  1889.68  95.1206  168.659  0.38  51.9  53  5.7515  100
144.539  128.676  1967.27  89.0847  31.424  0.37  51.9  53  5.7515  100
144.588  128.676  1930.12  94.4857  150.954  0.38  50.4  53  5.7515  100
144.637  128.805  1965.25  89.7182  9.667  0.37  50.4  53  5.7515  100
144.685  128.805  1925.34  94.7824  160.518  0.38  50.4  53  5.7515  100
144.734  128.805  1913.43  96.2155  207.164  0.38  50.4  53  5.7515  100
144.783  128.934  1874.64  95.1449  168.107  0.39  50.4  53  5.7515  100
144.832  128.934  1919.93  94.9599  165.994  0.38  50.4  53  5.7515  100
144.881  129.063  1897.68  96.1602  203.637  0.38  47.8  53  5.7515  100
144.929  129.063  1954.58  89.0818  31.321  0.37  47.8  53  5.7515  100
144.978  129.063  1933.23  95.0713  170.889  0.38  47.8  53  5.7515  100
145.027  129.192  1874.29  95.0751  165.804  0.39  47.8  53  5.7515  100
145.076  129.192  1975.18  89.0777  31.795  0.37  47.8  53  5.7515  100
145.125  129.192  1929.27  94.9249  165.626  0.38  47.8  53  5.7515  100
145.173  129.321  1873.27  95.4806  178.913  0.39  52.1  53  5.7515  100
145.222  129.321  2000.26  89.8197  6.295  0.36  52.1  53  5.7515  100
145.271  129.321  1894.89  96.223  205.402  0.38  52.1  53  5.7515  100
145.32  129.449  1856.08  95.3064  171.653  0.39  52.1  53  5.7515  100
145.368  129.449  2003.07  89.92  2.799  0.36  52.1  53  5.7515  100
145.417  129.449  1957.96  89.9067  3.188  0.37  52.1  53  5.7515  100
145.466  129.578  1952.49  89.1692  28.311  0.37  52.1  53  5.7515  100
145.515  129.578  1910.98  94.7507  158.268  0.38  52.8  53  5.7515  100
145.564  129.578  1862.25  95.0574  164.164  0.39  52.8  53  5.7515  100
145.612  129.707  1967.27  89.0847  31.424  0.37  52.8  53  5.7515  100
145.661  129.707  2005.1  89.8124  6.567  0.36  52.8  53  5.7515  100
145.71  129.707  1878.68  95.3542  175.305  0.39  52.8  53  5.7515  100
145.76  129.836  1981.39  88.9273  37.094  0.37  52.8  53  5.7515  100
145.809  129.836  1913.43  96.2155  207.164  0.38  51.9  53  5.7515  100
145.858  129.836  1867.02  95.4251  176.516  0.39  51.9  53  5.7515  100
145.906  129.965  1927.04  95.1087  171.594  0.38  51.9  53  5.7515  100
145.955  129.965  2000.51  89.9684  1.102  0.36  51.9  53  5.7515  100
146.004  129.965  1949.98  89.2211  26.508  0.37  51.9  53  5.7515  100
146.053  130.093  2011.76  89.8163  6.449  0.36  51.9  53  5.7515  100
146.101  130.093  1884.33  94.9655  163.098  0.39  54.8  53  5.7515  100
146.15  130.093  2000.26  89.8197  6.295  0.36  54.8  53  5.7515  100
146.199  130.222  1904.86  95.0746  168.491  0.38  54.8  53  5.7515  100
146.248  130.222  1871.38  95.3986  176.067  0.39  54.8  53  5.7515  100
146.296  130.222  1927.13  94.8194  161.908  0.38  54.8  53  5.7515  100
146.345  130.351  1886.58  94.81  158.194  0.38  54.8  53  5.7515  100
146.394  130.351  1879.12  93.9903  130.763  0.39  51.3  53  5.7515  100
146.443  130.351  2014.56  89.4929  17.829  0.36  51.3  53  5.7515  100
146.492  130.48  1902.19  96.135  203.291  0.38  51.3  53  5.7515  100
146.54  130.48  1953.72  89.0113  33.713  0.37  51.3  53  5.7515  100
146.589  130.48  1994.99  89.7884  7.366  0.36  51.3  53  5.7515  100
146.639  130.609  1950.58  89.9454  1.859  0.37  51.3  53  5.7515  100
146.687  130.609  1980.5  88.8557  39.552  0.37  50.9  53  5.7515  100
146.736  130.609  1920.36  94.7397  158.677  0.38  50.9  53  5.7515  100
146.785  130.737  1864.13  93.9993  130.013  0.39  50.9  53  5.7515  100
146.834  130.737  2010.85  89.8801  4.209  0.36  50.9  53  5.7515  100
146.882  130.737  1918.7  95.9952  200.398  0.38  50.9  53  5.7515  100
146.931  130.866  1882.31  94.0156  131.816  0.39  50.9  53  5.7515  100
146.98  130.866  1944.98  94.8546  164.597  0.37  48.9  53  5.7515  100
147.029  130.866  1888.52  96.1642  202.786  0.39  48.9  53  5.7515  100
147.078  130.995  1976.87  88.9534  36.11  0.37  48.9  53  5.7515  100
147.127  130.995  1994.7  89.9043  3.332  0.36  48.9  53  5.7515  100
147.175  130.995  1977.19  90.0131  0.453  0.37  48.9  53  5.7515  100
147.224  131.124  2023.58  89.9856  0.51  0.36  48.9  53  5.7515  100
147.273  131.124  1922.93  94.6275  155.138  0.38  52.1  53  5.7515  100
147.321  131.124  1868.01  94.1595  135.493  0.39  52.1  53  5.7515  100
147.37  131.253  1853.22  90.0027  0.087  0.39  52.1  53  5.7515  100
147.419  131.253  1906.04  96.3036  209.278  0.38  52.1  53  5.7515  100
147.468  131.253  1875.01  94.0652  132.924  0.39  52.1  53  5.7515  100
147.517  131.381  1931.19  94.9872  167.883  0.38  52.1  53  5.7515  100
147.566  131.381  1876.3  94.8753  159.46  0.39  52.6  53  5.7515  100
147.614  131.381  1996.47  89.9156  2.94  0.36  52.6  53  5.7515  100
147.663  131.51  2005.38  89.6958  10.648  0.36  52.6  53  5.7515  100
147.712  131.51  1955.4  89.9574  1.453  0.37  52.6  53  5.7515  100
147.761  131.51  1994.79  89.7718  7.946  0.36  52.6  53  5.7515  100
147.81  131.639  1913.28  94.5929  153.205  0.38  52.6  53  5.7515  100
147.858  131.639  1878.68  95.3542  175.305  0.39  53.7  53  5.7515  100
147.907  131.639  1999.49  88.939  37.026  0.36  53.7  53  5.7515  100
147.956  131.768  1903.02  96.3202  209.493  0.38  53.7  53  5.7515  100
148.005  131.768  1994.73  90.0183  0.636  0.36  53.7  53  5.7515  100
148.053  131.768  1930.37  94.5323  152.54  0.38  53.7  53  5.7515  100
148.102  131.897  1875.98  95.1115  167.137  0.39  53.7  53  5.7515  100
148.151  131.897  1964.3  89.1017  30.794  0.37  53.7  53  5.7515  100
148.2  131.897  1923.42  94.7205  158.289  0.38  51.8  53  5.7515  100
148.249  132.025  1872.83  95.3898  175.916  0.39  51.8  53  5.7515  100
148.297  132.025  1988.79  89.9551  1.56  0.36  51.8  53  5.7515  100
148.346  132.025  1985.39  89.8006  6.911  0.36  51.8  53  5.7515  100
148.395  132.154  1869.92  95.4075  176.217  0.39  51.8  53  5.7515  100
148.444  132.154  2045.34  89.9916  0.3  0.35  51.8  53  5.7515  100
148.492  132.154  1903.68  94.8442  160.759  0.38  51.4  53  5.7515  100
148.541  132.283  1993.23  90.0259  0.902  0.36  51.4  53  5.7515  100
148.59  132.283  1912.55  95.053  168.453  0.38  51.4  53  5.7515  100
148.639  132.283  1949.79  89.8752  4.248  0.37  51.4  53  5.7515  100
148.687  132.412  1963.43  89.0308  33.21  0.37  51.4  53  5.7515  100
148.737  132.412  1932.93  94.7093  158.694  0.38  51.4  53  5.7515  100
148.785  132.412  1967.29  89.8953  3.595  0.37  50.6  53  5.7515  100
148.834  132.541  1999.97  89.9358  2.241  0.36  50.6  53  5.7515  100
148.883  132.541  1916.49  96.1987  206.936  0.38  50.6  53  5.7515  100
148.932  132.669  1888.1  95.1085  168.121  0.38  50.6  53  5.7515  100
148.98  132.669  1927.62  94.9127  165.076  0.38  50.6  53  5.7515  100
149.029  132.669  1896.38  96.2147  205.291  0.38  50.6  53  5.7515  100
149.078  132.798  1869.45  94.1497  135.279  0.39  55.9  53  5.7515  100
149.127  132.798  2013.98  89.864  4.78  0.36  55.9  53  5.7515  100
149.176  132.798  1879.58  95.2298  171.325  0.39  55.9  53  5.7515  100
149.224  132.927  1982.99  89.8714  4.452  0.36  55.9  53  5.7515  100
149.273  132.927  2002.12  89.5594  15.396  0.36  55.9  53  5.7515  100
149.322  132.927  1799.77  90.0114  0.357  0.4  55.9  53  5.7515  100
149.371  133.056  2030.74  90.0262  0.928  0.36  56.9  53  5.7515  100
149.42  133.056  1924.8  96.2969  211.115  0.38  56.9  53  5.7515  100
149.469  133.056  1880.84  94.0256  132.039  0.39  56.9  53  5.7515  100
149.517  133.185  1931.51  94.744  159.743  0.38  56.9  53  5.7515  100
149.566  133.185  1899.65  94.9643  164.387  0.38  56.9  53  5.7515  100
149.615  133.185  1955.19  89.0028  34.029  0.37  56.9  53  5.7515  100
149.664  133.313  1923.24  94.9876  167.207  0.38  54.3  53  5.7515  100
149.712  133.313  1871.61  95.1386  167.633  0.39  54.3  53  5.7515  100
149.761  133.313  1964.49  88.9868  34.738  0.37  54.3  53  5.7515  100
149.81  133.442  1933.18  94.756  160.286  0.38  54.3  53  5.7515  100
149.859  133.442  1880.15  95.3453  175.151  0.39  54.3  53  5.7515  100
149.907  133.442  1997.95  88.9477  36.692  0.36  54.3  53  5.7515  100
149.956  133.571  1981.11  89.7093  10.051  0.37  53.7  53  5.7515  100
150.005  133.571  1889.23  95.3373  175.734  0.38  53.7  53  5.7515  100
150.054  133.571  1927.62  94.9127  165.076  0.38  53.7  53  5.7515  100
150.102  133.7  1894.4  96.4618  213.196  0.38  53.7  53  5.7515  100
150.151  133.7  1930.52  89.1458  28.781  0.37  53.7  53  5.7515  100
150.2  133.7  1932.01  94.8374  162.924  0.38  53.7  53  5.7515  100
150.249  133.829  1982.09  90.0253  0.877  0.36  54.8  53  5.7515  100
150.298  133.829  1985.65  88.7487  43.362  0.36  54.8  53  5.7515  100
150.346  133.829  1939.06  95.9296  200.316  0.38  54.8  53  5.7515  100
150.395  133.958  1885.23  95.4556  179.236  0.39  54.8  53  5.7515  100
150.444  133.958  1994.79  89.7718  7.946  0.36  54.8  53  5.7515  100
150.493  133.958  1903.44  94.7982  159.215  0.38  54.8  53  5.7515  100
150.542  134.086  1864.92  95.2983  172.207  0.39  54.8  53  5.7515  100
150.591  134.086  1935.11  94.8183  162.541  0.38  55.9  53  5.7515  100
150.64  134.086  1905.42  94.8809  162.121  0.38  55.9  53  5.7515  100
150.688  134.215  1882.56  94.061  133.32  0.39  55.9  53  5.7515  100
150.737  134.215  2008.49  89.6795  11.237  0.36  55.9  53  5.7515  100
150.786  134.215  1807.09  90.0435  1.372  0.4  55.9  53  5.7515  100
150.835  134.344  1977.93  88.9089  37.662  0.37  55.9  53  5.7515  100
150.884  134.344  1939.15  94.6705  157.896  0.37  55.3  53  5.7515  100
150.932  134.344  1863.12  95.5418  179.924  0.39  55.3  53  5.7515  100
150.981  134.473  2010.28  89.6907  10.852  0.36  55.3  53  5.7515  100
151.03  134.473  1979.04  89.9472  1.824  0.37  55.3  53  5.7515  100
151.079  134.473  1959.85  89.1271  29.856  0.37  55.3  53  5.7515  100
151.128  134.602  2015  89.5293  16.554  0.36  55.3  53  5.7515  100
151.176  134.602  1883.2  96.3348  207.79  0.39  54.8  53  5.7515  100
151.225  134.602  1975.83  89.9463  1.852  0.37  54.8  53  5.7515  100
151.274  134.73  2001.68  89.5233  16.655  0.36  54.8  53  5.7515  100
151.323  134.73  1979.73  89.868  4.56  0.37  54.8  53  5.7515  100
151.372  134.73  1984.51  89.8634  4.73  0.36  54.8  53  5.7515  100
151.42  134.859  1914.98  94.9168  164.133  0.38  54.8  53  5.7515  100
151.469  134.859  1973.34  89.9584  1.433  0.37  52.9  53  5.7515  100
151.518  134.859  1999.49  88.939  37.026  0.36  52.9  53  5.7515  100
151.567  134.988  1904.21  94.6506  154.391  0.38  52.9  53  5.7515  100
151.616  134.988  1805.62  90.0348  1.097  0.4  52.9  53  5.7515  100
151.664  134.988  1939.21  94.9867  168.566  0.37  52.9  53  5.7515  100
151.714  135.117  1898.29  96.2987  208.266  0.38  52.9  53  5.7515  100
151.762  135.117  1936.62  88.0183  66.97  0.37  53.5  53  5.7515  100
151.811  135.117  2003.23  89.515  16.958  0.36  53.5  53  5.7515  100
151.86  135.246  1950.86  89.8322  5.712  0.37  53.5  53  5.7515  100
151.909  135.246  1987  88.8564  39.657  0.36  53.5  53  5.7515  100
151.957  135.246  1921.09  94.8791  163.395  0.38  53.5  53  5.7515  100
152.006  135.374  1879.38  94.0355  132.262  0.39  53.5  53  5.7515  100
152.055  135.374  1930.7  94.8937  164.703  0.38  56.5  53  5.7515  100
152.104  135.374  1895.4  95.038  166.449  0.38  56.5  53  5.7515  100
152.152  135.503  1814.44  90.0596  1.888  0.4  56.5  53  5.7515  100
152.201  135.503  2021.47  89.6501  12.346  0.36  56.5  53  5.7515  100
152.25  135.503  1881.61  95.0294  164.957  0.39  56.5  53  5.7515  100
152.299  135.632  1818.79  90.037  1.173  0.4  56.5  53  5.7515  100
152.347  135.632  2019.61  89.7758  7.902  0.36  54.7  53  5.7515  100
152.396  135.632  1950.18  89.9103  3.054  0.37  54.7  53  5.7515  100
152.445  135.761  1917.68  94.8301  161.47  0.38  54.7  53  5.7515  100
152.494  135.761  1914.8  94.5832  153.005  0.38  54.7  53  5.7515  100
152.542  135.761  1878.68  95.3542  175.305  0.39  54.7  53  5.7515  100
152.591  135.89  2013.84  89.7106  10.17  0.36  54.7  53  5.7515  100
152.64  135.89  1894.14  95.0931  168.152  0.38  54.9  53  5.7515  100
152.689  135.89  1984.84  89.9938  0.216  0.36  54.9  53  5.7515  100
152.737  136.018  1904.52  95.0071  166.225  0.38  54.9  53  5.7515  100
152.786  136.018  1885.07  96.4184  210.73  0.39  54.9  53  5.7515  100
152.835  136.147  2010.34  89.9765  0.826  0.36  54.9  53  5.7515  100
152.884  136.147  2003.83  89.7039  10.355  0.36  54.9  53  5.7515  100
152.932  136.147  1952.05  89.9377  2.123  0.37  54.9  53  5.7515  100
152.981  136.276  1975.42  89.9107  3.079  0.37  54.4  53  5.7515  100
153.03  136.276  1902.41  94.8996  162.486  0.38  54.4  53  5.7515  100
153.079  136.276  1948.32  89.8829  3.981  0.37  54.4  53  5.7515  100
153.128  136.405  1993.35  88.974  35.694  0.36  54.4  53  5.7515  100
153.177  136.405  1908.87  96.2406  207.5  0.38  54.4  53  5.7515  100
153.226  136.405  1829.11  90.019  0.606  0.4  54.4  53  5.7515  100
153.274  136.534  2009.44  89.4817  18.178  0.36  54.9  53  5.7515  100
153.323  136.534  1809.87  89.9934  0.207  0.4  54.9  53  5.7515  100
153.372  136.534  1890.7  90.0278  0.917  0.38  54.9  53  5.7515  100
153.421  136.662  1998.49  89.8084  6.684  0.36  54.9  53  5.7515  100
153.469  136.662  1871.69  94.8577  158.498  0.39  54.9  53  5.7515  100
153.518  136.662  1978.11  88.7929  41.67  0.37  54.9  53  5.7515  100
153.567  136.791  1915.22  94.9632  165.697  0.38  54.1  53  5.7515  100
153.616  136.791  1866.32  94.1243  134.226  0.39  54.1  53  5.7515  100
153.664  136.791  1922.27  94.8015  160.902  0.38  54.1  53  5.7515  100
153.713  136.92  2002  89.8284  5.995  0.36  54.1  53  5.7515  100
153.762  136.92  1861.02  93.9742  128.982  0.39  54.1  53  5.7515  100
153.811  136.92  2023.56  89.4059  20.981  0.36  54.1  53  5.7515  100
153.859  137.049  1995.53  89.9562  1.524  0.36  56  53  5.7515  100
153.908  137.049  1971.75  89.0591  32.377  0.37  56  53  5.7515  100
153.957  137.049  1924.96  94.7109  158.093  0.38  56  53  5.7515  100
154.006  137.178  1882.28  95.4733  179.534  0.39  56  53  5.7515  100
154.054  137.178  1975.81  88.9977  34.561  0.37  56  53  5.7515  100
154.103  137.178  1910.43  94.945  164.679  0.38  56  53  5.7515  100
154.152  137.306  1876.21  94.0101  131.209  0.39  56.3  53  5.7515  100
154.201  137.306  1910.32  94.9236  163.957  0.38  56.3  53  5.7515  100
154.249  137.306  1897.4  96.4455  212.999  0.38  56.3  53  5.7515  100
154.298  137.435  1875.96  93.965  129.716  0.39  56.3  53  5.7515  100
154.347  137.435  2026.65  89.6618  11.962  0.36  56.3  53  5.7515  100
154.396  137.435  1891.16  95.1115  168.491  0.38  56.3  53  5.7515  100
154.445  137.564  1983.4  89.9071  3.216  0.36  54.6  53  5.7515  100
154.493  137.564  1923.74  96.0629  203.185  0.38  54.6  53  5.7515  100
154.542  137.564  1992.98  90.007  0.243  0.36  54.6  53  5.7515  100
154.591  137.693  2005.04  89.9481  1.815  0.36  54.6  53  5.7515  100
154.64  137.693  1940.41  95.8737  198.573  0.37  54.6  53  5.7515  100
154.689  137.693  1870.9  94.1399  135.065  0.39  54.6  53  5.7515  100
154.738  137.822  1999.03  89.5759  14.797  0.36  50.9  53  5.7515  100
154.786  137.822  1911.49  96.1309  204.146  0.38  50.9  53  5.7515  100
154.835  137.822  1989.32  89.9707  1.017  0.36  50.9  53  5.7515  100
154.884  137.95  1919.59  95.2016  174.032  0.38  50.9  53  5.7515  100
154.933  137.95  1994.02  89.964  1.254  0.36  50.9  53  5.7515  100
154.981  137.95  1982.71  89.0347  33.402  0.36  50.9  53  5.7515  100
155.03  138.079  1931.26  95.973  200.967  0.38  51  53  5.7515  100
155.079  138.079  1861.82  95.2709  171.035  0.39  51  53  5.7515  100
155.128  138.079  2014.27  89.747  8.895  0.36  51  53  5.7515  100
155.176  138.208  1918.04  94.898  163.765  0.38  51  53  5.7515  100
155.225  138.208  1866.32  94.1243  134.226  0.39  51  53  5.7515  100
155.274  138.208  2011.56  89.7995  7.039  0.36  51  53  5.7515  100
155.323  138.337  1896.19  94.8911  161.674  0.38  52.7  53  5.7515  100
155.372  138.337  1966.41  89.9575  1.459  0.37  52.7  53  5.7515  100
155.42  138.337  2016.57  89.5209  16.861  0.36  52.7  53  5.7515  100
155.469  138.466  1883.86  94.8743  160.072  0.39  52.7  53  5.7515  100
155.518  138.466  1993.68  89.8157  6.412  0.36  52.7  53  5.7515  100
155.567  138.466  1925.5  94.5151  151.578  0.38  52.7  53  5.7515  100
155.615  138.595  1941.02  89.9215  2.659  0.37  52.7  53  5.7515  100
155.664  138.595  1920.41  95.0528  169.14  0.38  52.4  53  5.7515  100
155.713  138.595  1906.45  94.7792  158.839  0.38  52.4  53  5.7515  100
155.762  138.723  1889.23  95.3373  175.734  0.38  52.4  53  5.7515  100
155.811  138.723  1925.59  94.829  162.099  0.38  52.4  53  5.7515  100
155.86  138.723  1898.97  96.1056  201.978  0.38  52.4  53  5.7515  100
155.909  138.852  2008.82  89.9842  0.553  0.36  52.4  53  5.7515  100
155.957  138.852  1933.21  94.466  150.534  0.38  54.4  53  5.7515  100
156.006  138.852  1817.19  89.9905  0.3  0.4  54.4  53  5.7515  100
156.055  138.981  1978.18  89.0605  32.434  0.37  54.4  53  5.7515  100
156.104  138.981  1903.68  94.8442  160.759  0.38  54.4  53  5.7515  100
156.152  138.981  1951.26  89.8674  4.516  0.37  54.4  53  5.7515  100
156.201  139.11  1932.74  94.9777  167.701  0.38  54.4  53  5.7515  100
156.25  139.11  1910.91  95.0375  167.793  0.38  53.6  53  5.7515  100
156.299  139.11  1862.25  94.1985  136.339  0.39  53.6  53  5.7515  100
156.347  139.239  1917.84  94.5638  152.601  0.38  53.6  53  5.7515  100
156.396  139.239  1885.57  94.9106  161.407  0.39  53.6  53  5.7515  100
156.445  139.367  1970.5  89.8987  3.485  0.37  53.6  53  5.7515  100
156.494  139.367  1920.98  94.8575  162.665  0.38  53.6  53  5.7515  100
156.543  139.367  1967.97  89.8165  6.301  0.37  50.2  53  5.7515  100
156.591  139.496  1991.72  88.713  44.734  0.36  50.2  53  5.7515  100
156.64  139.496  1923.96  94.5249  151.784  0.38  50.2  53  5.7515  100
156.689  139.496  1866.36  94.9849  162.175  0.39  50.2  53  5.7515  100
156.738  139.625  1919.21  94.8205  161.281  0.38  50.2  53  5.7515  100
156.786  139.625  1898.97  96.1056  201.978  0.38  50.2  53  5.7515  100
156.835  139.625  1832.15  90.0391  1.25  0.39  51.8  53  5.7515  100
156.884  139.754  2006.04  89.7513  8.707  0.36  51.8  53  5.7515  100
156.933  139.754  1884.09  94.9199  161.585  0.39  51.8  53  5.7515  100
156.981  139.754  1967.91  89.9497  1.727  0.37  51.8  53  5.7515  100
157.03  139.883  1993.72  89.6806  11.115  0.36  51.8  53  5.7515  100
157.079  139.883  1943.93  89.9061  3.186  0.37  51.8  53  5.7515  100
157.128  139.883  1845.62  90.0056  0.18  0.39  52.2  53  5.7515  100
157.176  140.011  1922.14  94.7766  160.058  0.38  52.2  53  5.7515  100
157.225  140.011  1960.79  89.742  8.83  0.37  52.2  53  5.7515  100
157.274  140.011  1850.21  90.0182  0.587  0.39  52.2  53  5.7515  100
157.323  140.14  1897.12  95.0747  167.81  0.38  52.2  53  5.7515  100
157.372  140.14  1869.92  95.4075  176.217  0.39  52.2  53  5.7515  100
157.42  140.14  2002.23  89.8478  5.32  0.36  54.4  53  5.7515  100
157.469  140.269  1881.38  94.9839  163.447  0.39  54.4  53  5.7515  100
157.518  140.269  1937.52  88.0884  64.632  0.37  54.4  53  5.7515  100
157.567  140.269  1995.52  89.5563  15.454  0.36  54.4  53  5.7515  100
157.616  140.398  1969.59  89.9584  1.43  0.37  54.4  53  5.7515  100
157.664  140.398  1999.49  88.939  37.026  0.36  54.4  53  5.7515  100
157.713  140.398  2007.79  89.76  8.41  0.36  53.3  53  5.7515  100
157.762  140.527  1947.25  89.9257  2.525  0.37  53.3  53  5.7515  100
157.811  140.527  1999.03  89.5759  14.797  0.36  53.3  53  5.7515  100
157.859  140.527  1912.93  96.4566  215.111  0.38  53.3  53  5.7515  100
157.908  140.655  1811.46  90.0397  1.254  0.4  53.3  53  5.7515  100
157.957  140.655  1937.65  94.9962  168.749  0.37  53.3  53  5.7515  100
158.006  140.655  1891.25  94.8276  159.164  0.38  53.3  53  5.7515  100
158.054  140.784  1961.95  89.0394  32.893  0.37  51.1  53  5.7515  100
158.103  140.784  1923.72  95.0807  170.363  0.38  51.1  53  5.7515  100
158.152  140.784  1891.49  94.8734  160.688  0.38  51.1  53  5.7515  100
158.201  140.913  1998.72  89.8277  6.011  0.36  51.1  53  5.7515  100
158.25  140.913  1917.79  94.8516  162.197  0.38  51.1  53  5.7515  100
158.299  140.913  1968.38  89.852  5.084  0.37  51.1  53  5.7515  100
158.347  141.042  2015.4  89.9888  0.394  0.36  49.6  53  5.7515  100
158.396  141.042  1932.13  96.1609  207.358  0.38  49.6  53  5.7515  100
158.445  141.042  1883.52  93.9603  130.086  0.39  49.6  53  5.7515  100
158.494  141.171  2014.12  89.4566  19.103  0.36  49.6  53  5.7515  100
158.543  141.171  1903.91  96.1729  204.726  0.38  49.6  53  5.7515  100
158.592  141.171  1987.97  89.8834  4.045  0.36  49.6  53  5.7515  100
158.641  141.299  1907.71  94.7236  157.099  0.38  53  53  5.7515  100
158.689  141.299  1971.87  89.966  1.169  0.37  53  53  5.7515  100
158.738  141.299  1997.87  89.7556  8.52  0.36  53  53  5.7515  100
158.786  141.428  1927.04  96.0926  204.529  0.38  53  53  5.7515  100
158.835  141.428  1897.02  95.0534  167.098  0.38  53  53  5.7515  100
158.884  141.428  2025.12  89.9777  0.787  0.36  53  53  5.7515  100
158.933  141.557  1899.65  94.9643  164.387  0.38  52.5  53  5.7515  100
158.982  141.557  1884.98  93.9503  129.859  0.38  52.5  53  5.7515  100
159.03  141.557  1937.41  94.9493  167.148  0.37  52.5  53  5.7515  100
159.079  141.686  1885.57  94.9106  161.407  0.39  52.5  53  5.7515  100
159.128  141.686  1976.93  89.9029  3.352  0.37  52.5  53  5.7515  100
159.177  141.686  2023.48  89.6783  11.361  0.36  52.5  53  5.7515  100
159.226  141.815  2000.97  90.0039  0.136  0.36  53.3  53  5.7515  100
159.274  141.815  2039.04  90.0231  0.822  0.35  53.3  53  5.7515  100
159.323  141.815  1909.39  95.0468  167.969  0.38  53.3  53  5.7515  100
159.372  141.943  1877.79  95.1722  169.281  0.39  53.3  53  5.7515  100
159.421  141.943  1932.74  94.9777  167.701  0.38  53.3  53  5.7515  100
159.469  141.943  1906.93  96.1561  204.496  0.38  53.3  53  5.7515  100
159.518  142.072  1829.2  90.0543  1.735  0.4  50.7  53  5.7515  100
159.567  142.072  2030.09  89.527  16.76  0.36  50.7  53  5.7515  100
159.616  142.072  1875.24  96.2386  203.781  0.39  50.7  53  5.7515  100
159.665  142.201  1969.19  89.1118  30.526  0.37  50.7  53  5.7515  100
159.713  142.201  1928.16  95.9903  201.223  0.38  50.7  53  5.7515  100
159.762  142.201  1960.92  89.8911  3.726  0.37  50.7  53  5.7515  100
159.811  142.33  1919.83  95.2481  175.605  0.38  51.7  53  5.7515  100
159.859  142.33  2006.66  89.8043  6.854  0.36  51.7  53  5.7515  100
159.908  142.33  1886.49  95.401  177.566  0.39  51.7  53  5.7515  100
159.957  142.459  1936.67  94.8087  162.349  0.37  51.7  53  5.7515  100
160.006  142.459  1922.41  96.1182  204.89  0.38  51.7  53  5.7515  100
160.054  142.459  1871.95  95.2083  169.929  0.39  51.7  53  5.7515  100
160.103  142.587  1942.59  95.0148  169.806  0.37  53.9  53  5.7515  100
160.152  142.587  1892.98  96.1392  202.443  0.38  53.9  53  5.7515  100
160.201  142.587  2027.15  90.0058  0.207  0.36  53.9  53  5.7515  100
160.249  142.716  1936.57  94.493  151.706  0.37  53.9  53  5.7515  100
160.298  142.716  1972.32  90.001  0.034  0.37  53.9  53  5.7515  100
160.347  142.845  1994.1  89.8517  5.163  0.36  53.9  53  5.7515  100
160.396  142.845  1910.74  94.7045  156.713  0.38  54.8  53  5.7515  100
160.444  142.845  1881.84  95.382  176.508  0.39  54.8  53  5.7515  100
160.493  142.974  1941.51  95.1183  173.205  0.37  54.8  53  5.7515  100
160.542  142.974  1907.71  94.7236  157.099  0.38  54.8  53  5.7515  100
160.591  142.974  1869.44  90.029  0.945  0.39  54.8  53  5.7515  100
160.64  143.103  1946.46  94.5276  153.653  0.37  54.8  53  5.7515  100
160.689  143.103  1883.62  94.8287  158.559  0.39  54.8  53  5.7515  100
160.737  143.103  1838.16  90.044  1.412  0.39  51.7  53  5.7515  100
160.786  143.231  1943.84  94.6413  157.289  0.37  51.7  53  5.7515  100
160.835  143.231  1986.55  90.0024  0.084  0.36  51.7  53  5.7515  100
160.884  143.231  1991.73  89.7878  7.377  0.36  51.7  53  5.7515  100
160.933  143.36  1904.93  96.4047  212.495  0.38  51.7  53  5.7515  100
160.982  143.36  1886.27  95.3552  176.046  0.39  51.7  53  5.7515  100
161.03  143.36  2051.69  89.9599  1.438  0.35  49.6  53  5.7515  100
161.079  143.489  1899.85  94.4155  146.269  0.38  49.6  53  5.7515  100
161.128  143.489  1821.6  89.9865  0.428  0.4  49.6  53  5.7515  100
161.177  143.489  1925.75  94.5616  153.156  0.38  49.6  53  5.7515  100
161.225  143.618  1889.91  95.1664  170.183  0.38  49.6  53  5.7515  100
161.274  143.618  1983.78  88.9902  34.96  0.36  49.6  53  5.7515  100
161.323  143.618  1933.67  94.8496  163.472  0.38  51.6  53  5.7515  100
161.372  143.747  1885.23  95.4556  179.236  0.39  51.6  53  5.7515  100
161.42  143.747  1996.75  89.7997  6.98  0.36  51.6  53  5.7515  100
161.469  143.747  1922.84  96.2117  208.056  0.38  51.6  53  5.7515  100
161.518  143.876  1888.78  95.2458  172.687  0.38  51.6  53  5.7515  100
161.567  143.876  2041.7  89.9711  1.028  0.35  51.6  53  5.7515  100
161.616  143.876  1888.52  94.892  161.049  0.38  52.3  53  5.7515  100
161.665  144.004  1879.12  93.9903  130.763  0.39  52.3  53  5.7515  100
161.713  144.004  2023.05  89.6418  12.647  0.36  52.3  53  5.7515  100
161.762  144.004  1898.62  95.0655  167.638  0.38  52.3  53  5.7515  100
161.811  144.133  1994.93  89.9235  2.662  0.36  52.3  53  5.7515  100
161.859  144.133  1925.22  96.3907  214.29  0.38  52.3  53  5.7515  100
161.908  144.133  1949.79  89.8752  4.248  0.37  54.8  53  5.7515  100
161.957  144.262  1988.52  88.8476  39.993  0.36  54.8  53  5.7515  100
162.006  144.262  1916.51  94.9074  163.95  0.38  54.8  53  5.7515  100
162.055  144.262  1827.74  90.0619  1.976  0.4  54.8  53  5.7515  100
162.104  144.391  1848.71  90.0259  0.836  0.39  54.8  53  5.7515  100
162.152  144.391  1890.78  94.7362  156.116  0.38  54.8  53  5.7515  100
162.201  144.391  2005.77  89.9997  0.009  0.36  56  53  5.7515  100
162.25  144.52  2014.74  89.6466  12.426  0.36  56  53  5.7515  100
162.298  144.52  1872.52  96.3006  205.498  0.39  56  53  5.7515  100
162.347  144.52  1986.03  89.8555  5.008  0.36  56  53  5.7515  100
162.396  144.648  1918.59  94.7029  157.302  0.38  56  53  5.7515  100
162.445  144.648  1939.17  89.8943  3.578  0.37  56  53  5.7515  100
162.494  144.648  1997.59  89.8717  4.473  0.36  51.4  53  5.7515  100
162.542  144.777  1924.16  94.8601  163.02  0.38  51.4  53  5.7515  100
162.591  144.777  1862.45  93.9643  128.76  0.39  51.4  53  5.7515  100
162.64  144.777  1938.47  94.846  163.757  0.37  51.4  53  5.7515  100
162.689  144.906  1874.29  95.0751  165.804  0.39  51.4  53  5.7515  100
162.737  144.906  1890.7  90.0278  0.917  0.38  51.4  53  5.7515  100
162.786  144.906  2013.18  89.6549  12.127  0.36  50.6  53  5.7515  100
162.835  145.035  1972.19  89.9073  3.19  0.37  50.6  53  5.7515  100
162.884  145.035  1984.86  88.9457  36.521  0.36  50.6  53  5.7515  100
162.932  145.035  2002  89.8284  5.995  0.36  50.6  53  5.7515  100
162.981  145.164  1968.94  89.9813  0.643  0.37  50.6  53  5.7515  100
163.03  145.164  2009.71  89.9243  2.656  0.36  50.6  53  5.7515  100
163.079  145.164  1914.54  96.114  203.91  0.38  50.6  53  5.7515  100
163.127  145.292  1868.46  93.9696  129.348  0.39  49  53  5.7515  100
163.176  145.292  1928.58  94.4955  151.163  0.38  49  53  5.7515  100
163.225  145.292  1904.94  94.7887  159.027  0.38  49  53  5.7515  100
163.274  145.421  2021.56  89.9575  1.498  0.36  49  53  5.7515  100
163.322  145.421  1928.58  94.4955  151.163  0.38  49  53  5.7515  100
163.371  145.421  1883.62  94.8287  158.559  0.39  49  53  5.7515  100
163.42  145.55  2005.31  89.9642  1.254  0.36  53.2  53  5.7515  100
163.469  145.55  2014.9  89.8002  7.028  0.36  53.2  53  5.7515  100
163.517  145.55  1887.3  95.2548  172.848  0.38  53.2  53  5.7515  100
163.566  145.679  1920.32  90.0236  0.789  0.38  53.2  53  5.7515  100
163.615  145.679  1916.51  94.9074  163.95  0.38  53.2  53  5.7515  100
163.664  145.679  1884.54  90.0231  0.759  0.38  53.2  53  5.7515  100
163.713  145.808  2006.77  89.5346  16.301  0.36  53.5  53  5.7515  100
163.761  145.808  1895.71  94.7994  158.61  0.38  53.5  53  5.7515  100
163.81  145.808  1962.14  88.9245  36.83  0.37  53.5  53  5.7515  100
163.859  145.936  2011.61  89.6631  11.829  0.36  53.5  53  5.7515  100
163.907  145.936  1890.78  94.7362  156.116  0.38  53.5  53  5.7515  100
163.956  145.936  2032.3  90.0184  0.651  0.36  53.5  53  5.7515  100
164.005  146.065  1922.87  94.9161  164.784  0.38  52.3  53  5.7515  100
164.054  146.065  1948.72  89.918  2.789  0.37  52.3  53  5.7515  100
164.102  146.065  1927.13  94.8194  161.908  0.38  52.3  53  5.7515  100
164.151  146.194  1899.41  94.9184  162.848  0.38  52.3  53  5.7515  100
164.2  146.194  1942.69  89.2625  25.004  0.37  52.3  53  5.7515  100
164.25  146.194  1939.94  95.1276  173.381  0.37  52.3  53  5.7515  100
164.298  146.323  1884.09  94.9199  161.585  0.39  50.6  53  5.7515  100
164.347  146.323  1972.81  89.9619  1.312  0.37  50.6  53  5.7515  100
164.396  146.452  2013.61  89.6912  10.853  0.36  50.6  53  5.7515  100
164.444  146.452  1877.52  94.8206  157.779  0.39  50.6  53  5.7515  100
164.493  146.452  1983.81  89.9428  1.98  0.36  50.6  53  5.7515  100
164.542  146.58  1922.87  94.9161  164.784  0.38  50.6  53  5.7515  100
164.591  146.58  1956.75  89.8009  6.798  0.37  51.9  53  5.7515  100
164.639  146.58  2001.94  89.964  1.26  0.36  51.9  53  5.7515  100
164.688  146.709  1889.68  95.1206  168.659  0.38  51.9  53  5.7515  100
164.737  146.709  1888.18  93.9757  130.914  0.38  51.9  53  5.7515  100
164.786  146.709  1955.45  94.9859  169.949  0.37  51.9  53  5.7515  100
164.835  146.838  1877.89  95.1933  169.98  0.39  51.9  53  5.7515  100
164.883  146.838  1895.85  93.9711  131.293  0.38  49.6  53  5.7515  100
164.932  146.838  2006.94  89.6876  10.942  0.36  49.6  53  5.7515  100
164.981  146.967  1957.56  89.8714  4.392  0.37  49.6  53  5.7515  100
165.03  146.967  1844.22  90.049  1.577  0.39  49.6  53  5.7515  100
165.078  146.967  1932.37  94.9059  165.254  0.38  49.6  53  5.7515  100
165.128  147.096  1967.57  89.7811  7.517  0.37  49.6  53  5.7515  100
165.176  147.096  2011.14  89.7632  8.311  0.36  53.9  53  5.7515  100
165.225  147.096  1932.77  96.302  212.157  0.38  53.9  53  5.7515  100
165.274  147.224  1880.59  93.9803  130.538  0.39  53.9  53  5.7515  100
165.322  147.224  2020.85  89.4593  19.069  0.36  53.9  53  5.7515  100
165.371  147.224  1994.02  89.964  1.254  0.36  53.9  53  5.7515  100
165.42  147.353  1964.49  88.9868  34.738  0.37  53.9  53  5.7515  100
165.469  147.353  1939.15  94.6705  157.896  0.37  54.4  53  5.7515  100
165.518  147.353  1954.87  89.7736  7.726  0.37  54.4  53  5.7515  100
165.567  147.482  2026.67  89.9699  1.065  0.36  54.4  53  5.7515  100
165.615  147.482  1918.34  94.6565  155.734  0.38  54.4  53  5.7515  100
165.664  147.482  1881.09  94.0709  133.541  0.39  54.4  53  5.7515  100
165.713  147.611  2009.44  89.4817  18.178  0.36  54.4  53  5.7515  100
165.762  147.611  1902.89  94.9917  165.573  0.38  54.4  53  5.7515  100
165.81  147.611  1885.49  94.0411  132.876  0.38  55.7  53  5.7515  100
165.859  147.74  2021.47  89.6501  12.346  0.36  55.7  53  5.7515  100
165.908  147.74  1900.67  94.863  161.127  0.38  55.7  53  5.7515  100
165.957  147.74  1964.92  89.0223  33.529  0.37  55.7  53  5.7515  100
166.005  147.868  1946.98  94.6217  156.881  0.37  55.7  53  5.7515  100
166.055  147.868  1953.8  89.8166  6.253  0.37  55.7  53  5.7515  100
166.104  147.868  1915.35  94.988  166.536  0.38  52.3  53  5.7515  100
166.152  147.997  1919.08  94.7957  160.44  0.38  52.3  53  5.7515  100
166.201  147.997  1821.7  90.0218  0.692  0.4  52.3  53  5.7515  100
166.25  147.997  1993.35  88.974  35.694  0.36  52.3  53  5.7515  100
166.299  148.126  1909.15  95.0006  166.414  0.38  52.3  53  5.7515  100
166.348  148.126  1885.49  94.0411  132.876  0.38  52.3  53  5.7515  100
166.396  148.126  1949.37  95.0712  172.311  0.37  53.2  53  5.7515  100
166.445  148.255  2005.52  89.9807  0.676  0.36  53.2  53  5.7515  100
166.494  148.255  2020.01  89.9654  1.221  0.36  53.2  53  5.7515  100
166.543  148.255  1934.37  95.9557  200.709  0.38  53.2  53  5.7515  100
166.591  148.384  1955  89.9222  2.654  0.37  53.2  53  5.7515  100
166.64  148.384  2014.27  89.747  8.895  0.36  53.2  53  5.7515  100
166.689  148.384  1912.98  94.8337  161.195  0.38  50.4  53  5.7515  100
166.738  148.513  1886.38  95.072  166.771  0.39  50.4  53  5.7515  100
166.786  148.513  1913.59  94.9511  165.153  0.38  50.4  53  5.7515  100
166.835  148.513  1890.7  95.0199  165.44  0.38  50.4  53  5.7515  100
166.884  148.641  1829.11  90.019  0.606  0.4  50.4  53  5.7515  100
166.933  148.641  1929.4  94.9499  166.477  0.38  50.4  53  5.7515  100
166.981  148.641  1980.6  90.033  1.14  0.37  53.6  53  5.7515  100
167.03  148.77  1988.66  89.8038  6.81  0.36  53.6  53  5.7515  100
167.079  148.77  1932.43  94.6159  155.511  0.38  53.6  53  5.7515  100
167.128  148.77  1970.41  89.9737  0.905  0.37  53.6  53  5.7515  100
167.176  148.899  2000.96  89.7395  9.098  0.36  53.6  53  5.7515  100
167.225  148.899  1905.83  96.2573  207.722  0.38  53.6  53  5.7515  100
167.274  148.899  1871.73  95.1629  168.434  0.39  54.9  53  5.7515  100
167.323  149.028  2039.04  90.0231  0.822  0.35  54.9  53  5.7515  100
167.372  149.028  1898.15  94.9736  164.564  0.38  54.9  53  5.7515  100
167.42  149.028  1945.8  89.1323  29.465  0.37  54.9  53  5.7515  100
167.469  149.157  2007.63  89.607  13.77  0.36  54.9  53  5.7515  100
167.518  149.157  1870.7  94.9575  161.659  0.39  54.9  53  5.7515  100
167.567  149.157  1892.88  93.9912  131.749  0.38  54.1  53  5.7515  100
167.616  149.285  1915.78  94.7684  159.255  0.38  54.1  53  5.7515  100
167.665  149.285  1943.14  89.8361  5.558  0.37  54.1  53  5.7515  100
167.713  149.285  1983.78  88.9902  34.96  0.36  54.1  53  5.7515  100
167.762  149.414  1895.17  94.9922  164.917  0.38  54.1  53  5.7515  100
167.811  149.414  1881.17  95.2452  171.973  0.39  54.1  53  5.7515  100
167.86  149.414  1953.12  94.8536  165.253  0.37  53.3  53  5.7515  100
167.909  149.543  1905.62  96.2109  206.167  0.38  53.3  53  5.7515  100
167.957  149.543  1894.26  95.1177  168.973  0.38  53.3  53  5.7515  100
168.006  149.543  2005.1  89.8124  6.567  0.36  53.3  53  5.7515  100
168.055  149.672  1895.95  94.8453  160.141  0.38  53.3  53  5.7515  100
168.104  149.672  1989.29  88.65  46.867  0.36  53.3  53  5.7515  100
168.152  149.672  1925.46  94.804  161.252  0.38  53.3  53  5.7515  100
168.201  149.801  1895.52  95.0626  167.27  0.38  53.7  53  5.7515  100
168.25  149.801  1848.71  90.0259  0.836  0.39  53.7  53  5.7515  100
168.299  149.929  1917.31  94.7588  159.063  0.38  53.7  53  5.7515  100
168.347  149.929  1824.62  90.0065  0.208  0.4  53.7  53  5.7515  100
168.397  149.929  2020.27  89.8318  5.932  0.36  53.7  53  5.7515  100
168.445  150.058  1893.91  95.0473  166.622  0.38  53.7  53  5.7515  100
168.494  150.058  1824.71  90.0418  1.332  0.4  52.5  53  5.7515  100
168.543  150.058  2015.61  89.7193  9.873  0.36  52.5  53  5.7515  100
168.592  150.187  1875.07  94.9299  161.137  0.39  52.5  53  5.7515  100
168.64  150.187  2007.31  89.8599  4.909  0.36  52.5  53  5.7515  100
168.689  150.187  1925.21  94.7574  159.672  0.38  52.5  53  5.7515  100
168.738  150.316  1948.32  89.8829  3.981  0.37  52.5  53  5.7515  100
168.787  150.316  1921.46  94.9505  165.812  0.38  53.3  53  5.7515  100
168.835  150.316  1907.71  94.7236  157.099  0.38  53.3  53  5.7515  100
168.884  150.445  1880.5  95.1085  167.444  0.39  53.3  53  5.7515  100
168.933  150.445  2022.61  89.6053  13.933  0.36  53.3  53  5.7515  100
168.982  150.445  1957.96  89.9067  3.188  0.37  53.3  53  5.7515  100
169.03  150.573  1821.7  90.0218  0.692  0.4  53.3  53  5.7515  100
169.079  150.573  2001.58  89.7923  7.255  0.36  52.9  53  5.7515  100
169.128  150.573  1809.87  89.9934  0.207  0.4  52.9  53  5.7515  100
169.177  150.702  1967.46  88.9696  35.381  0.37  52.9  53  5.7515  100
169.225  150.702  1918.09  94.6101  154.167  0.38  52.9  53  5.7515  100
169.274  150.702  1867.45  95.5156  179.495  0.39  52.9  53  5.7515  100
169.323  150.831  2000.12  88.8578  39.869  0.36  52.9  53  5.7515  100
169.372  150.831  1915.99  96.4402  214.91  0.38  51.2  53  5.7515  100
169.421  150.831  1886.97  94.0312  132.652  0.38  51.2  53  5.7515  100
169.47  150.96  1939.7  95.0806  171.776  0.37  51.2  53  5.7515  100
169.518  150.96  1897.12  95.0747  167.81  0.38  51.2  53  5.7515  100
169.567  150.96  1830.58  90.0113  0.362  0.4  51.2  53  5.7515  100
169.616  151.089  2018.31  89.6666  11.746  0.36  51.2  53  5.7515  100
169.665  151.089  1809.87  89.9934  0.207  0.4  53.2  53  5.7515  100
169.713  151.089  1987.77  88.659  46.52  0.36  53.2  53  5.7515  100
169.762  151.217  1931.63  94.7657  160.481  0.38  53.2  53  5.7515  100
169.811  151.217  1868.69  95.4616  177.858  0.39  53.2  53  5.7515  100
169.86  151.217  1914.87  94.8954  163.408  0.38  53.2  53  5.7515  100
169.908  151.346  1901.62  95.047  167.292  0.38  53.2  53  5.7515  100
169.957  151.346  1990.81  89.963  1.285  0.36  52.3  53  5.7515  100
170.006  151.346  2010.05  89.6713  11.532  0.36  52.3  53  5.7515  100
170.055  151.475  1891.9  96.2396  205.623  0.38  52.3  53  5.7515  100
170.103  151.475  1991.73  89.7878  7.377  0.36  52.3  53  5.7515  100
170.152  151.475  2013.61  89.6912  10.853  0.36  52.3  53  5.7515  100
170.201  151.604  1878.22  94.9569  162.288  0.39  52.3  53  5.7515  100
170.25  151.604  1997.17  89.8357  5.727  0.36  52.6  53  5.7515  100
170.299  151.604  1929.27  94.9249  165.626  0.38  52.6  53  5.7515  100
170.347  151.733  1874.87  95.1903  169.606  0.39  52.6  53  5.7515  100
170.396  151.733  2038.56  89.9869  0.465  0.35  52.6  53  5.7515  100
170.445  151.733  1922.84  96.2117  208.056  0.38  52.6  53  5.7515  100
170.494  151.861  1972.41  89.9264  2.535  0.37  52.6  53  5.7515  100
170.542  151.861  2023.31  89.5239  16.811  0.36  52.6  53  5.7515  100
170.591  151.861  1890.21  96.2019  204.202  0.38  51.5  53  5.7515  100
170.64  151.99  2002.74  90.0152  0.531  0.36  51.5  53  5.7515  100
170.689  151.99  2019.89  89.6583  12.045  0.36  51.5  53  5.7515  100
170.738  151.99  1886.58  94.81  158.194  0.38  51.5  53  5.7515  100
170.787  152.119  2007.17  89.707  10.264  0.36  51.5  53  5.7515  100
170.835  152.119  1931.04  95.9261  199.371  0.38  51.5  53  5.7515  100
170.884  152.119  1880.95  95.1996  170.463  0.39  53  53  5.7515  100
170.933  152.248  1936.91  94.8555  163.948  0.37  53  53  5.7515  100
170.982  152.248  1888.92  96.2561  205.841  0.39  53  53  5.7515  100
171.03  152.248  1880.27  95.063  165.936  0.39  53  53  5.7515  100
171.08  152.377  1938.72  94.8929  165.359  0.37  53  53  5.7515  100
171.129  152.377  1882.07  95.1206  167.978  0.39  53  53  5.7515  100
171.178  152.377  1967.46  88.9696  35.381  0.37  52.4  53  5.7515  100
171.226  152.505  1924.96  94.7109  158.093  0.38  52.4  53  5.7515  100
171.275  152.505  1966.88  89.8599  4.811  0.37  52.4  53  5.7515  100
171.324  152.505  2006.04  89.7513  8.707  0.36  52.4  53  5.7515  100
171.373  152.634  1988.57  89.9359  2.226  0.36  52.4  53  5.7515  100
171.422  152.634  1882.06  95.4276  178.021  0.39  52.4  53  5.7515  100
171.471  152.634  1930.21  94.8003  161.526  0.38  50.3  53  5.7515  100
171.52  152.763  1913.94  95.0189  167.44  0.38  50.3  53  5.7515  100
171.568  152.763  1883.77  94.0057  131.592  0.38  50.3  53  5.7515  100
171.617  152.763  1933.98  94.6061  155.308  0.38  50.3  53  5.7515  100
171.666  152.892  1991.49  90.0147  0.51  0.36  50.3  53  5.7515  100
171.715  152.892  1982.45  88.8827  38.655  0.36  50.3  53  5.7515  100
171.763  152.892  1941.51  94.5103  152.675  0.37  53.1  53  5.7515  100
171.812  153.021  1982.09  90.0253  0.877  0.36  53.1  53  5.7515  100
171.861  153.021  1999.55  89.8998  3.498  0.36  53.1  53  5.7515  100
171.91  153.021  1902.89  94.9917  165.573  0.38  53.1  53  5.7515  100
171.958  153.15  1878.01  95.2177  170.787  0.39  53.1  53  5.7515  100
172.007  153.15  2033.38  89.9745  0.906  0.36  53.1  53  5.7515  100
172.056  153.278  1887.51  94.9926  164.266  0.38  52.9  53  5.7515  100
172.105  153.278  1874.42  95.0995  166.607  0.39  52.9  53  5.7515  100
172.154  153.278  1933.47  95.1181  172.484  0.38  52.9  53  5.7515  100
172.203  153.407  1878.9  95.0933  166.804  0.39  52.9  53  5.7515  100
172.251  153.407  2003.48  89.9561  1.537  0.36  52.9  53  5.7515  100
172.301  153.407  1938.64  94.5768  154.694  0.37  52.9  53  5.7515  100
172.35  153.536  1868.91  95.5069  179.35  0.39  49.1  53  5.7515  100
172.399  153.536  1848.61  89.9901  0.318  0.39  49.1  53  5.7515  100
172.447  153.536  1929.93  96.0286  202.69  0.38  49.1  53  5.7515  100
172.496  153.665  1879.38  94.0355  132.262  0.39  49.1  53  5.7515  100
172.545  153.665  1935.36  94.8651  164.137  0.38  49.1  53  5.7515  100
172.594  153.665  1903.12  95.0378  167.118  0.38  49.1  53  5.7515  100
172.643  153.794  1894.36  93.9811  131.522  0.38  54  53  5.7515  100
172.692  153.794  2005.81  89.7319  9.384  0.36  54  53  5.7515  100
172.74  153.794  1981.18  89.9551  1.552  0.37  54  53  5.7515  100
172.789  153.922  1988.78  89.0001  34.706  0.36  54  53  5.7515  100
172.838  153.922  1925.5  96.1011  204.65  0.38  54  53  5.7515  100
172.887  153.922  1877.44  95.4086  176.964  0.39  54  53  5.7515  100
172.935  154.051  2039.04  90.0231  0.822  0.35  52.6  53  5.7515  100
172.984  154.051  1911.47  94.8431  161.382  0.38  52.6  53  5.7515  100
173.033  154.051  1876.77  95.2722  172.451  0.39  52.6  53  5.7515  100
173.082  154.18  2029.91  89.9375  2.214  0.36  52.6  53  5.7515  100
173.13  154.18  1900.48  96.0972  201.86  0.38  52.6  53  5.7515  100
173.179  154.18  1879.03  95.1176  167.611  0.39  52.6  53  5.7515  100
173.228  154.309  2008.22  89.7962  7.142  0.36  52.6  53  5.7515  100
173.277  154.309  1877.21  95.0569  165.467  0.39  54.7  53  5.7515  100
173.326  154.309  1835.01  89.9883  0.374  0.39  54.7  53  5.7515  100
173.374  154.438  1948.28  95.8297  197.889  0.37  54.7  53  5.7515  100
173.423  154.438  1879.34  95.4909  179.83  0.39  54.7  53  5.7515  100
173.472  154.438  2043.76  89.9995  0.019  0.35  54.7  53  5.7515  100
173.521  154.566  1909.28  96.3335  210.623  0.38  54.7  53  5.7515  100
173.569  154.566  1884.03  94.0511  133.098  0.38  50.8  53  5.7515  100
173.618  154.566  1932.74  94.9777  167.701  0.38  50.8  53  5.7515  100
173.667  154.695  1885.55  96.1808  203.011  0.39  50.8  53  5.7515  100
173.716  154.695  1948.52  89.2294  26.205  0.37  50.8  53  5.7515  100
173.764  154.695  1927.03  94.5053  151.371  0.38  50.8  53  5.7515  100
173.813  154.824  1876.76  94.9661  162.462  0.39  50.8  53  5.7515  100
173.862  154.824  2025.12  89.9777  0.787  0.36  50.9  53  5.7515  100
173.911  154.824  1937.49  95.9383  200.448  0.38  50.9  53  5.7515  100
173.959  154.953  1870.57  95.5435  180.7  0.39  50.9  53  5.7515  100
174.008  154.953  2029.18  90.034  1.204  0.36  50.9  53  5.7515  100
174.057  154.953  1910.8  96.3252  210.516  0.38  50.9  53  5.7515  100
174.106  155.082  1990.81  89.963  1.285  0.36  50.9  53  5.7515  100
174.154  155.082  1931.43  95.0339  169.474  0.38  55  53  5.7515  100
174.203  155.082  1891.95  94.9649  163.74  0.38  55  53  5.7515  100
174.252  155.21  1975.42  89.9107  3.079  0.37  55  53  5.7515  100
174.301  155.21  2025.06  89.6701  11.661  0.36  55  53  5.7515  100
174.349  155.21  1984.6  89.9749  0.869  0.36  55  53  5.7515  100
174.398  155.339  1978.81  88.9804  35.211  0.37  55  53  5.7515  100
174.447  155.339  2016.31  89.6384  12.725  0.36  52.1  53  5.7515  100
174.496  155.339  1875.53  95.3266  174.11  0.39  52.1  53  5.7515  100
174.544  155.468  1920.17  95.0064  167.566  0.38  52.1  53  5.7515  100
174.593  155.468  1927.94  95.9434  199.632  0.38  52.1  53  5.7515  100
174.642  155.468  1952.87  88.9407  36.102  0.37  52.1  53  5.7515  100
174.691  155.597  1998.77  89.6922  10.737  0.36  52.1  53  5.7515  100
174.74  155.597  1883.62  94.8287  158.559  0.39  52.9  53  5.7515  100
174.788  155.597  1970.25  89.0677  32.058  0.37  52.9  53  5.7515  100
174.837  155.726  2010.31  89.5542  15.641  0.36  52.9  53  5.7515  100
174.886  155.726  1888.05  94.8007  158.01  0.38  52.9  53  5.7515  100
174.935  155.726  1971.31  89.0235  33.594  0.37  52.9  53  5.7515  100
174.983  155.854  1931.04  95.9261  199.371  0.38  52.9  53  5.7515  100
175.032  155.854  1962.41  89.8833  3.996  0.37  53.8  53  5.7515  100
175.081  155.854  2040.61  90.0152  0.542  0.35  53.8  53  5.7515  100
175.13  155.983  1900.43  94.8171  159.588  0.38  53.8  53  5.7515  100
175.178  155.983  1892.77  95.1269  169.141  0.38  53.8  53  5.7515  100
175.227  155.983  2004.78  89.5067  17.261  0.36  53.8  53  5.7515  100
175.277  156.112  1884.09  94.9199  161.585  0.39  53.8  53  5.7515  100
175.325  156.112  1982.58  89.8356  5.688  0.36  51.3  53  5.7515  100
175.374  156.112  2016.47  89.7921  7.318  0.36  51.3  53  5.7515  100
175.423  156.241  1866.58  95.0301  163.661  0.39  51.3  53  5.7515  100
175.472  156.241  1926.88  94.7728  160.326  0.38  51.3  53  5.7515  100
175.52  156.241  1925.93  96.1948  207.826  0.38  51.3  53  5.7515  100
175.569  156.37  1953.13  89.8948  3.587  0.37  51.3  53  5.7515  100
175.618  156.37  1934.05  94.9214  165.922  0.38  51.3  53  5.7515  100
175.667  156.37  1901.98  96.0888  201.742  0.38  52.9  53  5.7515  100
175.716  156.498  1976.98  89.9969  0.108  0.37  52.9  53  5.7515  100
175.764  156.498  1938.14  95.09  171.954  0.37  52.9  53  5.7515  100
175.813  156.498  1886.16  96.3185  207.581  0.39  52.9  53  5.7515  100
175.862  156.627  1972.41  89.9264  2.535  0.37  52.9  53  5.7515  100
175.911  156.627  2012.47  89.7357  9.285  0.36  52.9  53  5.7515  100
175.96  156.756  1977.19  90.0131  0.453  0.37  54.3  53  5.7515  100
176.009  156.756  1979.88  88.936  36.765  0.37  54.3  53  5.7515  100
176.058  156.756  1916.99  95.0002  167.083  0.38  54.3  53  5.7515  100
176.106  156.885  1877.22  95.3631  175.459  0.39  54.3  53  5.7515  100
176.155  156.885  2046.44  89.9474  1.88  0.35  54.3  53  5.7515  100
176.204  156.885  1889.68  95.1206  168.659  0.38  54.3  53  5.7515  100
176.253  157.014  1967.91  89.9497  1.727  0.37  53.1  53  5.7515  100
176.302  157.014  1934.78  95.0619  170.71  0.38  53.1  53  5.7515  100
176.35  157.014  1911.71  94.8894  162.939  0.38  53.1  53  5.7515  100
176.399  157.142  1994.79  89.7718  7.946  0.36  53.1  53  5.7515  100
176.448  157.142  2000.46  89.8364  5.711  0.36  53.1  53  5.7515  100
176.497  157.142  1957.56  89.8714  4.392  0.37  53.1  53  5.7515  100
176.545  157.271  2007.31  89.8599  4.909  0.36  52.4  53  5.7515  100
176.594  157.271  1910.49  94.6583  155.158  0.38  52.4  53  5.7515  100
176.643  157.271  1892.77  95.1269  169.141  0.38  52.4  53  5.7515  100
176.692  157.4  2026.88  89.6814  11.27  0.36  52.4  53  5.7515  100
176.741  157.4  1979.04  89.9472  1.824  0.37  52.4  53  5.7515  100
176.79  157.4  1884.03  94.0511  133.098  0.38  52.4  53  5.7515  100
176.838  157.529  2018.75  89.703  10.465  0.36  51.6  53  5.7515  100
176.887  157.529  1977.12  89.9194  2.782  0.37  51.6  53  5.7515  100
176.936  157.529  1976.24  89.0334  33.338  0.37  51.6  53  5.7515  100
176.985  157.658  2012.47  89.7357  9.285  0.36  51.6  53  5.7515  100
177.034  157.658  1958.36  89.942  1.983  0.37  51.6  53  5.7515  100
177.082  157.658  2004.06  89.7233  9.679  0.36  51.6  53  5.7515  100
177.131  157.786  1929.71  95.9817  201.095  0.38  53  53  5.7515  100
177.18  157.786  1885.24  93.9957  131.367  0.38  53  53  5.7515  100
177.229  157.786  1932.5  94.9309  166.108  0.38  53  53  5.7515  100
177.277  157.915  1883.59  96.4265  210.829  0.39  53  53  5.7515  100
177.326  157.915  1999.25  89.9952  0.169  0.36  53  53  5.7515  100
177.375  157.915  2021.03  89.6136  13.63  0.36  53  53  5.7515  100
177.424  158.044  1889.22  95.0291  165.613  0.38  54.5  53  5.7515  100
177.472  158.044  1981.47  89.8793  4.176  0.37  54.5  53  5.7515  100
177.521  158.044  1925.7  94.8506  162.832  0.38  54.5  53  5.7515  100
177.57  158.173  1945  89.8634  4.639  0.37  54.5  53  5.7515  100
177.619  158.173  1998.42  89.9437  1.963  0.36  54.5  53  5.7515  100
177.668  158.173  1908.45  96.1477  204.38  0.38  54.5  53  5.7515  100
177.717  158.302  1878.8  95.0722  166.105  0.39  53.1  53  5.7515  100
177.765  158.302  1927.13  94.8194  161.908  0.38  53.1  53  5.7515  100
177.814  158.302  1905.42  96.1645  204.612  0.38  53.1  53  5.7515  100
177.863  158.431  1835.2  90.0593  1.9  0.39  53.1  53  5.7515  100
177.912  158.431  1943.66  94.9112  166.4  0.37  53.1  53  5.7515  100
177.96  158.431  1883.77  95.1571  169.325  0.39  53.1  53  5.7515  100
178.009  158.559  1996.05  89.8797  4.192  0.36  52.5  53  5.7515  100
178.058  158.559  1909.47  94.7602  158.459  0.38  52.5  53  5.7515  100
178.107  158.559  1876.19  95.463  178.618  0.39  52.5  53  5.7515  100
178.155  158.688  2005.2  88.8674  39.634  0.36  52.5  53  5.7515  100
178.204  158.688  1919.08  94.7957  160.44  0.38  52.5  53  5.7515  100
178.253  158.688  1876.21  94.0101  131.209  0.39  52.5  53  5.7515  100
178.302  158.817  1922.76  94.8945  164.053  0.38  52.5  53  5.7515  100
178.35  158.817  1886.81  94.8557  159.711  0.38  54.1  53  5.7515  100
178.399  158.817  1823.25  90.0494  1.572  0.4  54.1  53  5.7515  100
178.448  158.946  2003.13  89.7843  7.542  0.36  54.1  53  5.7515  100
178.497  158.946  1971.78  89.8718  4.412  0.37  54.1  53  5.7515  100
178.546  158.946  2021.56  89.9575  1.498  0.36  54.1  53  5.7515  100
178.594  159.075  1924.4  94.9066  164.599  0.38  54.1  53  5.7515  100
178.643  159.075  1937.72  89.902  3.316  0.37  54.6  53  5.7515  100
178.692  159.075  2005.33  89.8317  5.889  0.36  54.6  53  5.7515  100
178.741  159.203  1913.46  94.9263  164.316  0.38  54.6  53  5.7515  100
178.789  159.203  1874.29  95.3809  175.764  0.39  54.6  53  5.7515  100
178.838  159.203  1937.65  94.9962  168.749  0.37  54.6  53  5.7515  100
178.887  159.332  1897.68  94.8818  161.493  0.38  54.6  53  5.7515  100
178.936  159.332  1988.66  89.8038  6.81  0.36  58.4  53  5.7515  100
178.984  159.332  2022.34  89.723  9.776  0.36  58.4  53  5.7515  100
179.033  159.461  1869.25  94.9667  161.832  0.39  58.4  53  5.7515  100
179.082  159.461  1980.76  89.0075  34.308  0.37  58.4  53  5.7515  100
179.131  159.461  2010.91  89.7438  8.992  0.36  58.4  53  5.7515  100
179.18  159.59  1874.29  95.3809  175.764  0.39  58.4  53  5.7515  100
179.228  159.59  2010.85  89.8801  4.209  0.36  55.1  53  5.7515  100
179.277  159.59  1917.55  94.8052  160.63  0.38  55.1  53  5.7515  100
179.326  159.719  1879.63  94.0808  133.761  0.39  55.1  53  5.7515  100
179.375  159.719  2013.18  89.6549  12.127  0.36  55.1  53  5.7515  100
179.423  159.719  1894.46  94.8546  160.324  0.38  55.1  53  5.7515  100
179.472  159.847  1885.24  93.9957  131.367  0.38  55.1  53  5.7515  100
179.521  159.847  2026.91  89.5438  16.14  0.36  51.5  53  5.7515  100
179.57  159.847  1959.31  89.7499  8.553  0.37  51.5  53  5.7515  100
179.618  159.976  2020.49  90.0012  0.042  0.36  51.5  53  5.7515  100
179.667  159.976  1927.49  94.8877  164.227  0.38  51.5  53  5.7515  100
179.716  159.976  1956.75  89.8009  6.798  0.37  51.5  53  5.7515  100
179.765  160.105  1927.13  94.8194  161.908  0.38  51.5  53  5.7515  100
179.813  160.105  1919.08  94.7957  160.44  0.38  53.6  53  5.7515  100
179.862  160.105  1820.33  90.0646  2.051  0.4  53.6  53  5.7515  100
179.911  160.234  1927.62  94.9127  165.076  0.38  53.6  53  5.7515  100
179.96  160.234  1888.52  94.892  161.049  0.38  53.6  53  5.7515  100
180.008  160.363  1973.68  89.0862  31.476  0.37  53.6  53  5.7515  100
180.057  160.363  1955.13  94.6197  157.471  0.37  53.6  53  5.7515  100
180.106  160.363  1858.98  90.0283  0.919  0.39  55.5  53  5.7515  100
180.155  160.491  2025.12  89.9777  0.787  0.36  55.5  53  5.7515  100
180.204  160.491  1913.22  94.88  162.755  0.38  55.5  53  5.7515  100
180.252  160.491  1874.5  93.9749  129.94  0.39  55.5  53  5.7515  100
180.301  160.62  2014.41  89.9003  3.504  0.36  55.5  53  5.7515  100
180.35  160.62  1921.3  96.2201  208.17  0.38  55.5  53  5.7515  100
180.399  160.62  1966.41  89.9575  1.459  0.37  58.4  53  5.7515  100
180.448  160.749  2014.9  89.8002  7.028  0.36  58.4  53  5.7515  100
180.497  160.749  1900.12  95.0563  167.466  0.38  58.4  53  5.7515  100
180.545  160.749  1958.32  88.8709  38.587  0.37  58.4  53  5.7515  100
180.594  160.878  1933.98  94.6061  155.308  0.38  58.4  53  5.7515  100
180.643  160.878  1974.1  89.935  2.238  0.37  58.4  53  5.7515  100
180.692  160.878  1975.55  88.8462  39.778  0.37  58.4  53  5.7515  100
180.74  161.007  1916.57  94.6198  154.367  0.38  55.3  53  5.7515  100
180.789  161.007  1987.58  89.9595  1.404  0.36  55.3  53  5.7515  100
180.838  161.007  1932.99  95.0245  169.294  0.38  55.3  53  5.7515  100
180.887  161.135  1902.71  94.6601  154.586  0.38  55.3  53  5.7515  100
180.936  161.135  1944.14  89.2543  25.303  0.37  55.3  53  5.7515  100
180.985  161.135  2021.98  89.4144  20.666  0.36  55.3  53  5.7515  100
181.034  161.264  1892.88  95.1481  169.851  0.38  53  53  5.7515  100
181.082  161.264  1994.79  89.7718  7.946  0.36  53  53  5.7515  100
181.131  161.264  1927.28  95.1554  173.179  0.38  53  53  5.7515  100
181.18  161.393  1883.62  94.8287  158.559  0.39  53  53  5.7515  100
181.229  161.393  2029.18  90.034  1.204  0.36  53  53  5.7515  100
181.277  161.393  1918.64  96.3303  211.55  0.38  53  53  5.7515  100
181.326  161.522  1880.81  95.4821  179.682  0.39  54.2  53  5.7515  100
181.375  161.522  1915.01  95.2292  174.535  0.38  54.2  53  5.7515  100
181.424  161.522  1915.79  96.3936  213.337  0.38  54.2  53  5.7515  100
181.472  161.651  1823.25  90.0494  1.572  0.4  54.2  53  5.7515  100
181.521  161.651  1936.1  95.0056  168.931  0.38  54.2  53  5.7515  100
181.57  161.651  1894.93  94.9463  163.385  0.38  54.2  53  5.7515  100
181.619  161.779  1833.62  90.0315  1.007  0.39  54.6  53  5.7515  100
181.667  161.779  1922.14  94.7766  160.058  0.38  54.6  53  5.7515  100
181.716  161.779  1901.69  94.7616  157.86  0.38  54.6  53  5.7515  100
181.765  161.908  1992.91  88.938  36.938  0.36  54.6  53  5.7515  100
181.814  161.908  1925.7  94.8506  162.832  0.38  54.6  53  5.7515  100
181.862  161.908  1880.95  95.1996  170.463  0.39  54.6  53  5.7515  100
181.911  162.037  2011.99  89.8358  5.767  0.36  53.3  53  5.7515  100
181.96  162.037  1895.17  94.9922  164.917  0.38  53.3  53  5.7515  100
182.009  162.037  1876.71  94.1006  134.199  0.39  53.3  53  5.7515  100
182.057  162.166  1944.16  95.0053  169.623  0.37  53.3  53  5.7515  100
182.106  162.166  1894.46  94.8546  160.324  0.38  53.3  53  5.7515  100
182.155  162.166  1970.88  88.9879  34.811  0.37  53.3  53  5.7515  100
182.204  162.295  2000.31  89.6841  11.029  0.36  49.4  53  5.7515  100
182.253  162.295  1948.99  89.8049  6.635  0.37  49.4  53  5.7515  100
182.302  162.295  1990.65  88.7579  43.15  0.36  49.4  53  5.7515  100
182.35  162.423  1930.88  94.6256  155.714  0.38  49.4  53  5.7515  100
182.399  162.423  1947.06  89.2377  25.904  0.37  49.4  53  5.7515  100
182.448  162.423  2010.71  89.727  9.582  0.36  49.4  53  5.7515  100
182.497  162.552  1913.46  94.9263  164.316  0.38  48.3  53  5.7515  100
182.546  162.552  1988.28  90.0136  0.473  0.36  48.3  53  5.7515  100
182.595  162.552  2032.38  89.4367  19.98  0.36  48.3  53  5.7515  100
182.643  162.681  1883.31  95.0659  166.298  0.39  48.3  53  5.7515  100
182.692  162.681  1967.02  88.9341  36.593  0.37  48.3  53  5.7515  100
182.741  162.681  2011.61  89.6631  11.829  0.36  48.3  53  5.7515  100
182.79  162.81  1886.58  94.81  158.194  0.38  46.2  53  5.7515  100
182.838  162.81  2043.28  89.9632  1.311  0.35  46.2  53  5.7515  100
182.887  162.81  1910.67  94.9913  166.236  0.38  46.2  53  5.7515  100
182.936  162.939  1882.19  95.145  168.788  0.39  46.2  53  5.7515  100
182.985  162.939  1927.37  94.866  163.492  0.38  46.2  53  5.7515  100
183.033  162.939  1905.62  96.2109  206.167  0.38  46.2  53  5.7515  100
183.082  163.068  1878.17  94.0907  133.981  0.39  48  53  5.7515  100
183.131  163.068  1916.3  95.1736  172.8  0.38  48  53  5.7515  100
183.18  163.068  1900.48  96.0972  201.86  0.38  48  53  5.7515  100
183.228  163.196  1935.45  89.3036  23.523  0.37  48  53  5.7515  100
183.277  163.196  1913.28  94.5929  153.205  0.38  48  53  5.7515  100
183.326  163.196  1879.34  95.4909  179.83  0.39  48  53  5.7515  100
183.375  163.325  1933.06  94.7343  159.547  0.38  48  53  5.7515  100
183.424  163.325  1912.59  96.0294  200.895  0.38  49.2  53  5.7515  100
183.472  163.325  1876.19  95.463  178.618  0.39  49.2  53  5.7515  100
183.521  163.454  1925.97  95.2113  174.935  0.38  49.2  53  5.7515  100
183.57  163.454  1880.92  94.8929  160.429  0.39  49.2  53  5.7515  100
183.619  163.583  1869.44  90.029  0.945  0.39  49.2  53  5.7515  100
183.668  163.583  1921.46  94.9505  165.812  0.38  49.2  53  5.7515  100
183.717  163.583  1874.74  95.1659  168.802  0.39  51  53  5.7515  100
183.765  163.712  1989.5  89.8755  4.323  0.36  51  53  5.7515  100
183.814  163.712  1911.71  94.8894  162.939  0.38  51  53  5.7515  100
183.863  163.712  1951.93  89.7893  7.179  0.37  51  53  5.7515  100
183.912  163.84  1925.26  95.0714  170.187  0.38  51  53  5.7515  100
183.961  163.84  1908.24  96.1013  202.821  0.38  51  53  5.7515  100
184.009  163.84  1859.38  94.2179  136.757  0.39  50.2  53  5.7515  100
184.058  163.969  1898.83  93.9509  130.833  0.38  50.2  53  5.7515  100
184.107  163.969  1901.98  96.0888  201.742  0.38  50.2  53  5.7515  100
184.156  163.969  1821.79  90.057  1.812  0.4  50.2  53  5.7515  100
184.205  164.098  2010.05  89.6713  11.532  0.36  50.2  53  5.7515  100
184.253  164.098  1905.83  96.2573  207.722  0.38  50.2  53  5.7515  100
184.302  164.098  1978.03  89.8594  4.855  0.37  49.7  53  5.7515  100
184.351  164.227  1902.89  94.9917  165.573  0.38  49.7  53  5.7515  100
184.4  164.227  1980.15  89.9979  0.073  0.37  49.7  53  5.7515  100
184.448  164.227  2001.1  89.8918  3.779  0.36  49.7  53  5.7515  100
184.497  164.356  1907.4  94.9638  165.039  0.38  49.7  53  5.7515  100
184.546  164.356  1877.79  95.1722  169.281  0.39  49.7  53  5.7515  100
184.595  164.356  2015.69  89.4482  19.414  0.36  48.9  53  5.7515  100
184.644  164.484  1895.95  94.8453  160.141  0.38  48.9  53  5.7515  100
184.693  164.484  1832.15  90.0391  1.25  0.39  48.9  53  5.7515  100
184.741  164.484  1927.28  95.1554  173.179  0.38  48.9  53  5.7515  100
184.79  164.613  1869.02  94.9214  160.342  0.39  48.9  53  5.7515  100
184.839  164.613  1971.5  88.9081  37.57  0.37  48.9  53  5.7515  100
184.888  164.613  1925.5  96.1011  204.65  0.38  48  53  5.7515  100
184.936  164.742  1957.56  89.8714  4.392  0.37  48  53  5.7515  100
184.985  164.742  2007.73  89.8961  3.642  0.36  48  53  5.7515  100
185.034  164.742  1884.07  96.1891  203.123  0.39  48  53  5.7515  100
185.083  164.871  1867.51  94.0695  132.53  0.39  48  53  5.7515  100
185.132  164.871  2011.18  89.6268  13.1  0.36  48  53  5.7515  100
185.18  164.871  1895.63  95.0839  167.981  0.38  48.1  53  5.7515  100
185.229  165  1836.58  90.0162  0.518  0.39  48.1  53  5.7515  100
185.278  165  2017.17  89.7112  10.169  0.36  48.1  53  5.7515  100
185.327  165  1888.29  94.8463  159.529  0.38  48.1  53  5.7515  100
185.375  165.128  2030.26  89.9902  0.348  0.36  48.1  53  5.7515  100
185.424  165.128  1926.99  94.7944  161.06  0.38  48.1  53  5.7515  100
185.473  165.128  1987.58  89.9595  1.404  0.36  48.4  53  5.7515  100
185.522  165.257  2041.7  89.9711  1.028  0.35  48.4  53  5.7515  100
185.57  165.257  1910.59  96.2787  208.952  0.38  48.4  53  5.7515  100
185.619  165.257  1912.55  95.053  168.453  0.38  48.4  53  5.7515  100
185.668  165.386  1943.16  94.8171  163.179  0.37  48.4  53  5.7515  100
185.717  165.386  1911.7  96.1774  205.711  0.38  48.4  53  5.7515  100
185.766  165.386  1839.65  90.0364  1.167  0.39  48.4  53  5.7515  100
185.815  165.515  1953.29  94.5824  156.052  0.37  49.5  53  5.7515  100
185.863  165.515  1892.19  95.0107  165.267  0.38  49.5  53  5.7515  100
185.912  165.515  1842.63  90.021  0.676  0.39  49.5  53  5.7515  100
185.961  165.644  2023.92  89.7148  10.074  0.36  49.5  53  5.7515  100
186.009  165.644  1876.71  94.1006  134.199  0.39  49.5  53  5.7515  100
186.058  165.644  1918.16  94.9229  164.606  0.38  49.5  53  5.7515  100
186.107  165.772  1917.6  96.097  203.671  0.38  51.5  53  5.7515  100
186.156  165.772  1827.64  90.0266  0.849  0.4  51.5  53  5.7515  100
186.205  165.772  1945.97  95.0429  171.055  0.37  51.5  53  5.7515  100
186.253  165.901  1911.06  96.0379  201.018  0.38  51.5  53  5.7515  100
186.302  165.901  1960.22  88.8977  37.71  0.37  51.5  53  5.7515  100
186.351  165.901  2011.18  89.6268  13.1  0.36  51.5  53  5.7515  100
186.4  166.03  1980.42  89.7887  7.303  0.37  48.7  53  5.7515  100
186.449  166.03  1985.3  88.9816  35.287  0.36  48.7  53  5.7515  100
186.497  166.03  2006.66  89.8043  6.854  0.36  48.7  53  5.7515  100
186.546  166.159  1808.49  90.0197  0.623  0.4  48.7  53  5.7515  100
186.595  166.159  2045.34  89.9916  0.3  0.35  48.7  53  5.7515  100
186.644  166.159  1906.72  96.1098  202.939  0.38  48.7  53  5.7515  100
186.693  166.288  1967.91  89.9497  1.727  0.37  49.2  53  5.7515  100
186.742  166.288  2009.88  89.518  16.91  0.36  49.2  53  5.7515  100
186.79  166.288  1904.15  94.9363  163.85  0.38  49.2  53  5.7515  100
186.839  166.416  1973.24  89.0506  32.696  0.37  49.2  53  5.7515  100
186.888  166.416  2016.47  89.7921  7.318  0.36  49.2  53  5.7515  100
186.937  166.416  1970.56  89.7652  8.074  0.37  49.2  53  5.7515  100
186.985  166.545  1911.03  95.0623  168.628  0.38  48.9  53  5.7515  100
187.034  166.545  1926.19  94.9438  165.995  0.38  48.9  53  5.7515  100
187.083  166.674  1977.19  90.0131  0.453  0.37  48.9  53  5.7515  100
187.132  166.674  1947.05  94.9392  167.637  0.37  48.9  53  5.7515  100
187.181  166.674  2004  89.9884  0.405  0.36  48.9  53  5.7515  100
187.229  166.803  1884.12  95.2272  171.652  0.39  48.9  53  5.7515  100
187.278  166.803  2024.89  89.5156  17.12  0.36  49.2  53  5.7515  100
187.327  166.803  1959.84  89.9342  2.25  0.37  49.2  53  5.7515  100
187.375  166.932  1884.03  94.0511  133.098  0.38  49.2  53  5.7515  100
187.424  166.932  1921.39  94.6372  155.337  0.38  49.2  53  5.7515  100
187.473  166.932  1883.86  94.8743  160.072  0.39  49.2  53  5.7515  100
187.522  167.06  1992.14  89.8237  6.13  0.36  49.2  53  5.7515  100
187.571  167.06  1941.97  95.8649  198.437  0.37  49  53  5.7515  100
187.62  167.06  1972.47  89.7928  7.132  0.37  49  53  5.7515  100
187.668  167.189  1933.31  94.7811  161.139  0.38  49  53  5.7515  100
187.717  167.189  1892.91  96.4699  213.294  0.38  49  53  5.7515  100
187.766  167.189  1880.84  94.0256  132.039  0.39  49  53  5.7515  100
187.815  167.318  1932.5  94.9309  166.108  0.38  49  53  5.7515  100
187.864  167.318  1880.64  96.4427  211.026  0.39  48.4  53  5.7515  100
187.912  167.318  1973.43  88.935  36.679  0.37  48.4  53  5.7515  100
187.961  167.447  1993.17  89.9122  3.055  0.36  48.4  53  5.7515  100
188.01  167.447  1866.42  90.0254  0.827  0.39  48.4  53  5.7515  100
188.059  167.447  1999.55  89.8998  3.498  0.36  48.4  53  5.7515  100
188.107  167.576  1919.32  94.8421  162.01  0.38  48.4  53  5.7515  100
188.156  167.576  1950.18  89.9103  3.054  0.37  48.3  53  5.7515  100
188.205  167.576  2041.7  89.9711  1.028  0.35  48.3  53  5.7515  100
188.254  167.704  1901.1  96.2359  206.502  0.38  48.3  53  5.7515  100
188.302  167.704  1821.79  90.057  1.812  0.4  48.3  53  5.7515  100
188.351  167.704  1944.64  95.0995  172.849  0.37  48.3  53  5.7515  100
188.4  167.833  1882.62  94.9291  161.762  0.39  48.3  53  5.7515  100
188.449  167.833  1954.34  88.9322  36.422  0.37  48.3  53  5.7515  100
188.498  167.833  1935.78  94.6431  156.7  0.37  47.9  53  5.7515  100
188.547  167.962  1882.62  94.9291  161.762  0.39  47.9  53  5.7515  100
188.595  167.962  1926.88  94.7728  160.326  0.38  47.9  53  5.7515  100
188.644  167.962  1931.42  96.3574  213.866  0.38  47.9  53  5.7515  100
188.693  168.091  1881.74  95.0539  165.766  0.39  47.9  53  5.7515  100
188.742  168.091  1930.46  94.847  163.114  0.38  47.9  53  5.7515  100
188.79  168.091  1902.65  94.9457  164.029  0.38  49.6  53  5.7515  100
188.839  168.22  1897.94  95.2372  173.244  0.38  49.6  53  5.7515  100
188.888  168.22  1933.47  94.5127  152.124  0.38  49.6  53  5.7515  100
188.937  168.22  1887.24  96.2184  204.424  0.39  49.6  53  5.7515  100
188.986  168.349  1969  89.9065  3.214  0.37  49.6  53  5.7515  100
189.034  168.349  1924.71  94.6643  156.514  0.38  49.6  53  5.7515  100
189.083  168.349  1960.12  89.8205  6.14  0.37  48.9  53  5.7515  100
189.132  168.477  2050.1  89.9678  1.152  0.35  48.9  53  5.7515  100
189.181  168.477  1909.76  96.0929  202.702  0.38  48.9  53  5.7515  100
189.229  168.477  1865.82  94.0344  131.269  0.39  48.9  53  5.7515  100
189.278  168.606  2014.9  89.8002  7.028  0.36  48.9  53  5.7515  100
189.327  168.606  1916.9  96.292  210.083  0.38  48.9  53  5.7515  100
189.376  168.606  1817.34  90.0445  1.412  0.4  49.3  53  5.7515  100
189.424  168.735  2006.51  89.6514  12.207  0.36  49.3  53  5.7515  100
189.473  168.735  1881.05  95.2208  171.164  0.39  49.3  53  5.7515  100
189.522  168.735  1961.7  88.889  38.035  0.37  49.3  53  5.7515  100
189.571  168.864  1925.5  94.5151  151.578  0.38  49.3  53  5.7515  100
189.62  168.864  1959.04  89.8636  4.662  0.37  49.3  53  5.7515  100
189.669  168.864  1938.47  94.846  163.757  0.37  48.3  53  5.7515  100
189.718  168.993  1916.7  94.3538  145.506  0.38  48.3  53  5.7515  100
189.766  168.993  1868.82  95.181  168.758  0.39  48.3  53  5.7515  100
189.815  168.993  1925.5  95.118  171.769  0.38  48.3  53  5.7515  100
189.864  169.121  1902.89  94.9917  165.573  0.38  48.3  53  5.7515  100
189.913  169.121  1976.52  89.8672  4.58  0.37  48.3  53  5.7515  100
189.962  169.121  2013.87  89.5739  14.975  0.36  50.4  53  5.7515  100
190.011  169.25  1811.41  90.0209  0.66  0.4  50.4  53  5.7515  100
190.059  169.25  1992.14  89.8237  6.13  0.36  50.4  53  5.7515  100
190.108  169.25  1932.93  94.7093  158.694  0.38  50.4  53  5.7515  100
190.157  169.379  1966.75  89.7102  9.948  0.37  50.4  53  5.7515  100
190.206  169.379  1925.02  95.0248  168.606  0.38  50.4  53  5.7515  100
190.254  169.379  1898.97  96.1056  201.978  0.38  49.5  53  5.7515  100
190.303  169.508  1864.88  94.1341  134.44  0.39  49.5  53  5.7515  100
190.352  169.508  2019.71  89.5042  17.477  0.36  49.5  53  5.7515  100
190.401  169.508  1914.46  96.4484  215.011  0.38  49.5  53  5.7515  100
190.449  169.637  1891.29  95.136  169.309  0.38  49.5  53  5.7515  100
190.498  169.637  2014.31  89.6103  13.701  0.36  49.5  53  5.7515  100
190.547  169.637  1876.98  95.0115  163.965  0.39  48.9  53  5.7515  100
190.596  169.765  1970.25  89.0677  32.058  0.37  48.9  53  5.7515  100
190.644  169.765  1912.19  94.9819  166.057  0.38  48.9  53  5.7515  100
190.693  169.765  1963.49  89.8402  5.478  0.37  48.9  53  5.7515  100
190.742  169.894  2018.47  89.9732  0.944  0.36  48.9  53  5.7515  100
190.791  169.894  1891.25  94.8276  159.164  0.38  48.9  53  5.7515  100
190.84  170.023  1888.18  93.9757  130.914  0.38  48.9  53  5.7515  100
190.889  170.023  1921.36  95.239  175.439  0.38  49.8  53  5.7515  100
190.937  170.023  1879.36  95.1843  169.817  0.39  49.8  53  5.7515  100
190.986  170.152  1972.41  89.9264  2.535  0.37  49.8  53  5.7515  100
191.035  170.152  2020.59  89.5771  14.913  0.36  49.8  53  5.7515  100
191.084  170.152  1873.84  94.9844  162.808  0.39  49.8  53  5.7515  100
191.133  170.281  1970  88.9167  37.243  0.37  49.8  53  5.7515  100
191.181  170.281  1928.29  94.7382  159.283  0.38  47.2  53  5.7515  100
191.23  170.281  1882.28  95.4733  179.534  0.39  47.2  53  5.7515  100
191.279  170.409  1996.33  89.7637  8.233  0.36  47.2  53  5.7515  100
191.328  170.409  1808.53  90.036  1.135  0.4  47.2  53  5.7515  100
191.377  170.409  1870.65  94.0948  133.579  0.39  47.2  53  5.7515  100
191.426  170.538  1928.1  95.006  168.246  0.38  47.2  53  5.7515  100
191.475  170.538  1872.28  95.2747  172.119  0.39  48.3  53  5.7515  100
191.523  170.538  1997.28  89.9675  1.134  0.36  48.3  53  5.7515  100
191.572  170.667  1989.55  89.7407  9.004  0.36  48.3  53  5.7515  100
191.621  170.667  1943.14  89.8361  5.558  0.37  48.3  53  5.7515  100
191.67  170.667  1980.76  89.0075  34.308  0.37  48.3  53  5.7515  100
191.718  170.796  1916.9  96.292  210.083  0.38  48.3  53  5.7515  100
191.767  170.796  1874.95  95.5173  180.268  0.39  49.7  53  5.7515  100
191.816  170.796  2031.82  89.9823  0.627  0.36  49.7  53  5.7515  100
191.865  170.925  1899.41  94.9184  162.848  0.38  49.7  53  5.7515  100
191.913  170.925  1993.23  90.0259  0.902  0.36  49.7  53  5.7515  100
191.962  170.925  1926.56  95.0154  168.426  0.38  49.7  53  5.7515  100
192.011  171.053  1974.38  89.8205  6.187  0.37  49.7  53  5.7515  100
192.06  171.053  1947.87  89.0452  32.458  0.37  47.1  53  5.7515  100
192.108  171.053  1931.26  95.973  200.967  0.38  47.1  53  5.7515  100
192.157  171.182  1880.37  95.0841  166.636  0.39  47.1  53  5.7515  100
192.206  171.182  1994.51  89.8876  3.913  0.36  47.1  53  5.7515  100
192.255  171.182  1924.4  94.9066  164.599  0.38  47.1  53  5.7515  100
192.304  171.311  1964.7  89.9463  1.842  0.37  47.1  53  5.7515  100
192.353  171.311  1981.47  89.8793  4.176  0.37  50.2  53  5.7515  100
192.402  171.311  1902.41  94.8996  162.486  0.38  50.2  53  5.7515  100
192.45  171.44  1808.49  90.0197  0.623  0.4  50.2  53  5.7515  100
192.499  171.44  2021.29  89.4958  17.786  0.36  50.2  53  5.7515  100
192.548  171.44  1874.6  94.8392  158.14  0.39  50.2  53  5.7515  100
192.597  171.569  1970.9  89.9342  2.265  0.37  50.2  53  5.7515  100
192.646  171.569  2011.76  89.8163  6.449  0.36  48.5  53  5.7515  100
192.694  171.569  1956.86  90.0071  0.242  0.37  48.5  53  5.7515  100
192.743  171.697  1988.38  89.9192  2.803  0.36  48.5  53  5.7515  100
192.792  171.697  1991.92  89.8045  6.798  0.36  48.5  53  5.7515  100
192.841  171.697  1948.72  89.918  2.789  0.37  48.5  53  5.7515  100
192.889  171.826  1912.79  95.0993  170.014  0.38  48.5  53  5.7515  100
192.938  171.826  1912.59  96.0294  200.895  0.38  47.4  53  5.7515  100
192.987  171.826  1864.13  93.9993  130.013  0.39  47.4  53  5.7515  100
193.036  171.955  1939.21  94.9867  168.566  0.37  47.4  53  5.7515  100
193.084  171.955  1891.9  96.2396  205.623  0.38  47.4  53  5.7515  100
193.133  171.955  1970.68  89.1033  30.842  0.37  47.4  53  5.7515  100
193.182  172.084  2003.97  89.8565  5.019  0.36  47.4  53  5.7515  100
193.231  172.084  1943.54  89.8711  4.372  0.37  48.8  53  5.7515  100
193.28  172.084  2024.05  90.0215  0.758  0.36  48.8  53  5.7515  100
193.328  172.213  1913.77  94.6854  156.324  0.38  48.8  53  5.7515  100
193.377  172.213  1846.43  94.0039  128.927  0.39  48.8  53  5.7515  100
193.426  172.213  1930.46  94.847  163.114  0.38  48.8  53  5.7515  100
193.475  172.341  1892.26  94.7267  155.928  0.38  48.8  53  5.7515  100
193.524  172.341  1991.27  89.9983  0.059  0.36  48.8  53  5.7515  100
193.572  172.341  2034.61  89.6203  13.483  0.36  50.2  53  5.7515  100
193.621  172.47  1877.67  95.1478  168.475  0.39  50.2  53  5.7515  100
193.67  172.47  1904.64  90.0296  0.983  0.38  50.2  53  5.7515  100
193.719  172.47  1924.4  94.9066  164.599  0.38  50.2  53  5.7515  100
193.768  172.599  1989.53  89.9871  0.449  0.36  50.2  53  5.7515  100
193.817  172.599  2006.04  89.7513  8.707  0.36  50.2  53  5.7515  100
193.865  172.599  1904.7  94.7426  157.481  0.38  49.3  53  5.7515  100
193.914  172.728  1863.91  95.3975  175.328  0.39  49.3  53  5.7515  100
193.963  172.728  1911.27  95.1086  170.187  0.38  49.3  53  5.7515  100
194.012  172.728  1887.84  96.3562  209.002  0.39  49.3  53  5.7515  100
194.061  172.857  2014.34  90.0323  1.135  0.36  49.3  53  5.7515  100
194.109  172.857  2016.57  89.5209  16.861  0.36  49.3  53  5.7515  100
194.158  172.857  1871.38  95.0933  166.138  0.39  48.1  53  5.7515  100
194.207  172.986  1953.54  89.1255  29.814  0.37  48.1  53  5.7515  100
194.256  172.986  1988.16  89.9  3.469  0.36  48.1  53  5.7515  100
194.304  172.986  1937.33  89.8671  4.494  0.37  48.1  53  5.7515  100
194.353  173.114  2013.41  89.6743  11.444  0.36  48.1  53  5.7515  100
194.402  173.114  1908.2  94.8159  160.201  0.38  48.1  53  5.7515  100
194.451  173.114  1856.28  94.1925  135.708  0.39  48.2  53  5.7515  100
194.5  173.243  1916.3  95.1736  172.8  0.38  48.2  53  5.7515  100
194.548  173.243  1904.11  96.2193  206.279  0.38  48.2  53  5.7515  100
194.597  173.243  1977.34  89.9385  2.123  0.37  48.2  53  5.7515  100
194.646  173.372  1934.76  94.4561  150.322  0.38  48.2  53  5.7515  100
194.695  173.372  1870.7  94.9575  161.659  0.39  48.2  53  5.7515  100
194.743  173.372  1817.24  90.0094  0.297  0.4  49  53  5.7515  100
194.792  173.501  1906.2  94.7331  157.29  0.38  49  53  5.7515  100
194.841  173.501  1940.23  89.8516  5.024  0.37  49  53  5.7515  100
194.89  173.501  2010.13  89.9605  1.385  0.36  49  53  5.7515  100
194.938  173.63  1907.09  94.6067  153.169  0.38  49  53  5.7515  100
194.987  173.63  1853.19  94.1672  134.665  0.39  49  53  5.7515  100
195.036  173.63  2005.75  89.8679  4.625  0.36  51.2  53  5.7515  100
195.085  173.758  1904.6  94.4323  147.188  0.38  51.2  53  5.7515  100
195.133  173.758  2006.24  90.0353  1.235  0.36  51.2  53  5.7515  100
195.182  173.758  1947.52  94.4236  150.213  0.37  51.2  53  5.7515  100
195.231  173.887  1804.14  90.0236  0.745  0.4  51.2  53  5.7515  100
195.28  173.887  1901.97  95.1178  169.663  0.38  51.2  53  5.7515  100
195.329  174.016  1915.83  95.0808  169.667  0.38  49.5  53  5.7515  100
195.378  174.016  1954.6  89.887  3.854  0.37  49.5  53  5.7515  100
195.426  174.016  1999.66  88.8217  41.121  0.36  49.5  53  5.7515  100
195.475  174.145  1918.04  94.898  163.765  0.38  49.5  53  5.7515  100
195.524  174.145  1875.09  95.2357  171.107  0.39  49.5  53  5.7515  100
195.573  174.145  1943.91  94.9582  168.011  0.37  49.5  53  5.7515  100
195.621  174.274  1909.76  96.0929  202.702  0.38  48.8  53  5.7515  100
195.67  174.274  1827.55  89.9913  0.279  0.4  48.8  53  5.7515  100
195.719  174.274  2018.14  89.5126  17.168  0.36  48.8  53  5.7515  100
195.767  174.402  1942.47  89.9138  2.922  0.37  48.8  53  5.7515  100
195.816  174.402  1961.09  88.9685  35.303  0.37  48.8  53  5.7515  100
195.865  174.402  1921.89  94.7301  158.483  0.38  48.8  53  5.7515  100
195.914  174.531  1961.6  89.8127  6.414  0.37  48.8  53  5.7515  100
195.962  174.531  2026.67  89.9699  1.065  0.36  46  53  5.7515  100
196.011  174.531  1903.2  94.7521  157.671  0.38  46  53  5.7515  100
196.06  174.66  1858.51  95.1986  168.396  0.39  46  53  5.7515  100
196.109  174.66  2048.51  89.9757  0.867  0.35  46  53  5.7515  100
196.158  174.66  1895.4  95.038  166.449  0.38  46  53  5.7515  100
196.207  174.789  1832.15  90.0391  1.25  0.39  46  53  5.7515  100
196.255  174.789  2042.19  90.0074  0.263  0.35  47.8  53  5.7515  100
196.304  174.789  1880.25  96.3512  207.996  0.39  47.8  53  5.7515  100
196.353  174.918  1987.97  89.8834  4.045  0.36  47.8  53  5.7515  100
196.402  174.918  1996.11  89.7444  8.904  0.36  47.8  53  5.7515  100
196.45  174.918  1947.65  89.9608  1.333  0.37  47.8  53  5.7515  100
196.499  175.046  1848.61  89.9901  0.318  0.39  47.8  53  5.7515  100
196.548  175.046  1892.4  94.464  147.292  0.38  48.4  53  5.7515  100
196.597  175.046  1943.14  89.8361  5.558  0.37  48.4  53  5.7515  100
196.645  175.175  2005.81  89.7319  9.384  0.36  48.4  53  5.7515  100
196.694  175.175  1889.12  96.3021  207.37  0.39  48.4  53  5.7515  100
196.743  175.175  1898.51  95.0442  166.925  0.38  48.4  53  5.7515  100
196.792  175.304  2025.14  89.3974  21.297  0.36  48.4  53  5.7515  100
196.841  175.304  1936.66  89.9445  1.876  0.37  52  53  5.7515  100
196.889  175.304  2012.34  90.0043  0.153  0.36  52  53  5.7515  100
196.938  175.433  1929.33  94.6353  155.915  0.38  52  53  5.7515  100
196.987  175.433  1955.28  89.8088  6.525  0.37  52  53  5.7515  100
197.036  175.433  1980.77  89.9585  1.435  0.37  52  53  5.7515  100
197.085  175.562  1901.91  96.421  212.698  0.38  52  53  5.7515  100
197.134  175.562  1863.68  94.1888  136.129  0.39  50.4  53  5.7515  100
197.182  175.562  1934.54  95.0151  169.113  0.38  50.4  53  5.7515  100
197.231  175.69  1898.62  95.0655  167.638  0.38  50.4  53  5.7515  100
197.28  175.69  1949.51  88.9226  36.656  0.37  50.4  53  5.7515  100
197.329  175.69  2012.47  89.7357  9.285  0.36  50.4  53  5.7515  100
197.378  175.819  1948.72  89.918  2.789  0.37  50.4  53  5.7515  100
197.427  175.819  1998.3  89.7917  7.266  0.36  48  53  5.7515  100
197.475  175.819  1928.83  94.5421  152.746  0.38  48  53  5.7515  100
197.524  175.948  1889.58  95.0994  167.952  0.38  48  53  5.7515  100
197.573  175.948  1992.56  89.8596  4.882  0.36  48  53  5.7515  100
197.622  175.948  1903.7  96.1266  203.174  0.38  48  53  5.7515  100
197.671  176.077  1948.1  89.1943  27.395  0.37  48  53  5.7515  100
197.72  176.077  2005.65  89.579  14.736  0.36  49.2  53  5.7515  100
197.768  176.077  1897.68  96.1602  203.637  0.38  49.2  53  5.7515  100
197.817  176.206  1974.49  88.8907  38.227  0.37  49.2  53  5.7515  100
197.866  176.206  2012.9  89.772  8.012  0.36  49.2  53  5.7515  100
197.915  176.206  1808.53  90.036  1.135  0.4  49.2  53  5.7515  100
197.963  176.334  2005.77  89.9997  0.009  0.36  49.2  53  5.7515  100
198.012  176.334  1923.42  94.7205  158.289  0.38  49.2  53  5.7515  100
198.061  176.334  1879.03  95.1176  167.611  0.39  49.2  53  5.7515  100
198.11  176.463  1990.65  88.7579  43.15  0.36  49.2  53  5.7515  100
198.158  176.463  1908.87  96.2406  207.5  0.38  49.2  53  5.7515  100
198.207  176.463  1896.67  95.2923  174.942  0.38  49.2  53  5.7515  100
198.256  176.592  1958.13  94.8719  166.303  0.37  49.2  53  5.7515  100
198.305  176.592  1892.91  96.4699  213.294  0.38  51  53  5.7515  100
198.354  176.592  1835.1  90.0238  0.763  0.39  51  53  5.7515  100
198.402  176.721  1983.87  89.8085  6.63  0.36  51  53  5.7515  100
198.451  176.721  1983.12  89.9826  0.603  0.36  51  53  5.7515  100
198.5  176.721  1971.31  89.0235  33.594  0.37  51  53  5.7515  100
198.549  176.85  1913.77  94.6854  156.324  0.38  51  53  5.7515  100
198.597  176.85  1849.63  94.0528  130.723  0.39  51  53  5.7515  100
198.646  176.85  1991.44  89.9034  3.356  0.36  49.6  53  5.7515  100
198.695  176.978  1912.32  96.3169  210.409  0.38  49.6  53  5.7515  100
198.744  176.978  1884.34  95.2728  173.168  0.39  49.6  53  5.7515  100
198.792  176.978  2000.14  89.5315  16.353  0.36  49.6  53  5.7515  100
198.842  177.107  1896.66  94.9829  164.741  0.38  49.6  53  5.7515  100
198.89  177.107  1976.68  89.0691  32.114  0.37  49.6  53  5.7515  100
198.939  177.107  1923.67  94.767  159.865  0.38  46.7  53  5.7515  100
198.988  177.236  1982.09  90.0253  0.877  0.36  46.7  53  5.7515  100
199.037  177.236  2006.17  89.904  3.36  0.36  46.7  53  5.7515  100
199.085  177.236  1915.85  96.0589  202.219  0.38  46.7  53  5.7515  100
199.134  177.365  1876.53  94.9207  160.961  0.39  46.7  53  5.7515  100
199.183  177.365  1978.99  88.8645  39.219  0.37  46.7  53  5.7515  100
199.232  177.365  1900.68  96.1434  203.407  0.38  48.9  53  5.7515  100
199.281  177.494  1877.41  93.955  129.49  0.39  48.9  53  5.7515  100
199.329  177.494  1950.95  95.0617  172.129  0.37  48.9  53  5.7515  100
199.378  177.623  1868.92  95.202  169.449  0.39  48.9  53  5.7515  100
199.427  177.623  1968.61  87.9269  71.213  0.37  48.9  53  5.7515  100
199.476  177.623  1908.98  94.6679  155.353  0.38  48.9  53  5.7515  100
199.525  177.751  1786.87  90.0095  0.295  0.4  48  53  5.7515  100
199.573  177.751  1896.78  95.0075  165.563  0.38  48  53  5.7515  100
199.622  177.751  1898.94  94.8265  159.773  0.38  48  53  5.7515  100
199.671  177.88  1873.85  95.2901  172.765  0.39  48  53  5.7515  100
199.72  177.88  1930.13  95.09  171.243  0.38  48  53  5.7515  100
199.769  177.88  1892.31  96.3317  208.69  0.38  48  53  5.7515  100
199.817  178.009  2002.74  90.0152  0.531  0.36  49.4  53  5.7515  100
199.866  178.009  1942.34  94.9677  168.197  0.37  49.4  53  5.7515  100
199.915  178.009  1950.58  89.9454  1.859  0.37  49.4  53  5.7515  100
199.964  178.138  1955  89.1171  30.124  0.37  49.4  53  5.7515  100
200.013  178.138  1928.38  96.0372  202.815  0.38  49.4  53  5.7515  100
200.061  178.138  1950.18  89.9103  3.054  0.37  49.4  53  5.7515  100
200.11  178.267  2001.1  89.8918  3.779  0.36  48.1  53  5.7515  100
200.159  178.267  1915.16  96.2537  208.621  0.38  48.1  53  5.7515  100
200.208  178.267  1988.28  90.0136  0.473  0.36  48.1  53  5.7515  100
200.256  178.395  1904.15  94.9363  163.85  0.38  48.1  53  5.7515  100
200.305  178.395  1904.52  96.3119  209.386  0.38  48.1  53  5.7515  100
200.354  178.395  1879.12  93.9903  130.763  0.39  48.1  53  5.7515  100
200.403  178.524  1922.14  94.7766  160.058  0.38  48.5  53  5.7515  100
200.452  178.524  1801.19  90.0038  0.121  0.4  48.5  53  5.7515  100
200.501  178.524  1882.19  95.145  168.788  0.39  48.5  53  5.7515  100
200.55  178.653  1928.04  94.6916  157.699  0.38  48.5  53  5.7515  100
200.598  178.653  1948.72  89.918  2.789  0.37  48.5  53  5.7515  100
200.648  178.653  1989.86  88.9554  36.275  0.36  48.5  53  5.7515  100
200.696  178.782  1910.67  94.9913  166.236  0.38  50.2  53  5.7515  100
200.745  178.782  1953.8  89.8166  6.253  0.37  50.2  53  5.7515  100
200.794  178.782  1933.47  95.1181  172.484  0.38  50.2  53  5.7515  100
200.843  178.911  1903.22  96.3665  211.044  0.38  50.2  53  5.7515  100
200.891  178.911  1827.55  89.9913  0.279  0.4  50.2  53  5.7515  100
200.94  178.911  1929.06  95.1928  174.595  0.38  50.2  53  5.7515  100
200.989  179.039  1869.7  95.0571  164.813  0.39  50.2  53  5.7515  100
201.038  179.039  1975.1  88.8105  41  0.37  49.4  53  5.7515  100
201.086  179.039  1920.11  94.6933  157.107  0.38  49.4  53  5.7515  100
201.135  179.168  1873.27  95.4806  178.913  0.39  49.4  53  5.7515  100
201.184  179.168  1998.42  89.9437  1.963  0.36  49.4  53  5.7515  100
201.233  179.168  1903.1  94.442  147.394  0.38  49.4  53  5.7515  100
201.282  179.297  1868.47  95.4163  176.367  0.39  49.4  53  5.7515  100
201.331  179.297  1913.11  94.8585  162.031  0.38  48.8  53  5.7515  100
201.379  179.297  1878.45  95.0023  163.793  0.39  48.8  53  5.7515  100
201.428  179.426  1995.77  89.9752  0.864  0.36  48.8  53  5.7515  100
201.477  179.426  1928.83  94.5421  152.746  0.38  48.8  53  5.7515  100
201.525  179.426  1881.38  94.9839  163.447  0.39  48.8  53  5.7515  100
201.575  179.555  1891.4  94.0012  131.976  0.38  48.8  53  5.7515  100
201.623  179.555  1920.85  94.8326  161.821  0.38  49.7  53  5.7515  100
201.672  179.555  1941.68  89.8439  5.291  0.37  49.7  53  5.7515  100
201.721  179.683  1841.04  89.9931  0.222  0.39  49.7  53  5.7515  100
201.77  179.683  1894.89  96.223  205.402  0.38  49.7  53  5.7515  100
201.818  179.683  1880.27  95.063  165.936  0.39  49.7  53  5.7515  100
201.867  179.812  1907.29  94.9423  164.319  0.38  49.7  53  5.7515  100
201.916  179.812  1884.87  96.3725  209.207  0.39  48.6  53  5.7515  100
201.965  179.812  1979.95  89.8871  3.9  0.37  48.6  53  5.7515  100
202.013  179.941  1935.02  95.1088  172.308  0.38  48.6  53  5.7515  100
202.062  179.941  1982.09  90.0253  0.877  0.36  48.6  53  5.7515  100
202.111  179.941  1982.58  89.8356  5.688  0.36  48.6  53  5.7515  100
202.16  180.07  1999.88  89.648  12.286  0.36  48.6  53  5.7515  100
202.208  180.07  1965.39  89.8677  4.538  0.37  50.1  53  5.7515  100
202.257  180.07  1924.19  95.1739  173.523  0.38  50.1  53  5.7515  100
202.306  180.199  1915.58  96.3469  211.764  0.38  50.1  53  5.7515  100
202.355  180.199  1861.82  95.2709  171.035  0.39  50.1  53  5.7515  100
202.404  180.199  1924.05  94.8385  162.288  0.38  50.1  53  5.7515  100
202.452  180.327  1894.48  96.1308  202.328  0.38  50.1  53  5.7515  100
202.501  180.327  1879.12  93.9903  130.763  0.39  50.1  53  5.7515  100
202.55  180.327  2010.31  89.5542  15.641  0.36  50.1  53  5.7515  100
202.599  180.456  1873.91  90.0224  0.734  0.39  50.1  53  5.7515  100
202.647  180.456  1900.24  95.081  168.291  0.38  50.1  53  5.7515  100
202.696  180.456  1998.91  89.8444  5.428  0.36  50.1  53  5.7515  100
202.745  180.585  1872.39  95.299  172.921  0.39  50.1  53  5.7515  100
202.794  180.585  2026.31  89.917  2.935  0.36  49  53  5.7515  100
202.843  180.585  2004  89.9884  0.405  0.36  49  53  5.7515  100
202.892  180.714  1939.37  89.244  25.588  0.37  49  53  5.7515  100
202.94  180.714  1954.45  94.7967  163.43  0.37  49  53  5.7515  100
202.989  180.714  1883.77  95.1571  169.325  0.39  49  53  5.7515  100
203.038  180.843  1998.79  89.9597  1.405  0.36  49  53  5.7515  100
203.087  180.843  2018.14  89.5126  17.168  0.36  49.3  53  5.7515  100
203.136  180.843  1808.44  90.001  0.032  0.4  49.3  53  5.7515  100
203.185  180.971  1897.34  93.961  131.063  0.38  49.3  53  5.7515  100
203.233  180.971  1919.08  94.7957  160.44  0.38  49.3  53  5.7515  100
203.282  181.1  1877.65  95.4542  178.47  0.39  49.3  53  5.7515  100
203.331  181.1  2008.02  89.7794  7.73  0.36  49.3  53  5.7515  100
203.38  181.1  1895.4  95.038  166.449  0.38  49.6  53  5.7515  100
203.428  181.229  1854.62  94.1575  134.456  0.39  49.6  53  5.7515  100
203.477  181.229  2027.17  89.4255  20.325  0.36  49.6  53  5.7515  100
203.526  181.229  1894.7  94.9005  161.854  0.38  49.6  53  5.7515  100
203.575  181.358  1983.72  89.6575  11.86  0.36  49.6  53  5.7515  100
203.624  181.358  1932.93  94.7093  158.694  0.38  49.6  53  5.7515  100
203.673  181.358  1853.28  95.6473  182.371  0.39  49.6  53  5.7515  100
203.722  181.487  1833.62  90.0315  1.007  0.39  49.5  53  5.7515  100
203.77  181.487  1897.88  96.2064  205.18  0.38  49.5  53  5.7515  100
203.819  181.487  1874.76  94.0201  131.431  0.39  49.5  53  5.7515  100
203.868  181.615  1932.25  94.8842  164.515  0.38  49.5  53  5.7515  100
203.917  181.615  1889.44  94.4833  147.696  0.38  49.5  53  5.7515  100
203.965  181.615  1952.49  89.1692  28.311  0.37  49.5  53  5.7515  100
204.014  181.744  1916.15  94.8396  161.658  0.38  48.8  53  5.7515  100
204.063  181.744  2000.97  90.0039  0.136  0.36  48.8  53  5.7515  100
204.112  181.744  1948.53  88.0939  64.81  0.37  48.8  53  5.7515  100
204.16  181.873  1927.49  94.8877  164.227  0.38  48.8  53  5.7515  100
204.209  181.873  1867.6  95.2352  170.407  0.39  48.8  53  5.7515  100
204.258  181.873  2002.65  89.8839  4.06  0.36  48.8  53  5.7515  100
204.307  182.002  1907.4  94.9638  165.039  0.38  48.8  53  5.7515  100
204.356  182.002  1978.08  89.7254  9.481  0.37  48.8  53  5.7515  100
204.404  182.002  1927.28  95.1554  173.179  0.38  48.8  53  5.7515  100
204.453  182.131  1874.57  96.4293  209.908  0.39  48.8  53  5.7515  100
204.502  182.131  1956.35  89.7657  8  0.37  48.8  53  5.7515  100
204.551  182.131  2012.74  89.6185  13.4  0.36  48.8  53  5.7515  100
204.599  182.259  1892.42  95.0565  166.794  0.38  48.1  53  5.7515  100
204.648  182.259  1967.91  89.9497  1.727  0.37  48.1  53  5.7515  100
204.697  182.259  1921.39  94.6372  155.337  0.38  48.1  53  5.7515  100
204.746  182.388  1957.87  89.9649  1.2  0.37  48.1  53  5.7515  100
204.794  182.388  2004.11  88.9125  38.036  0.36  48.1  53  5.7515  100
204.843  182.388  1919.32  94.8421  162.01  0.38  48.1  53  5.7515  100
204.892  182.517  1888.19  95.4378  178.935  0.38  49.1  53  5.7515  100
204.941  182.517  1935.02  95.1088  172.308  0.38  49.1  53  5.7515  100
204.989  182.517  1913.01  96.1224  204.028  0.38  49.1  53  5.7515  100
205.038  182.646  1865.57  93.9894  129.792  0.39  49.1  53  5.7515  100
205.087  182.646  1950.21  94.92  167.26  0.37  49.1  53  5.7515  100
205.136  182.646  1903.91  96.1729  204.726  0.38  49.1  53  5.7515  100
205.184  182.775  2013.87  89.9966  0.121  0.36  48.5  53  5.7515  100
205.233  182.775  1923.96  94.5249  151.784  0.38  48.5  53  5.7515  100
205.282  182.775  1944.6  89.8283  5.826  0.37  48.5  53  5.7515  100
205.331  182.904  2031.82  89.9823  0.627  0.36  48.5  53  5.7515  100
205.379  182.904  1931.21  96.3104  212.267  0.38  48.5  53  5.7515  100
205.428  182.904  1883.09  95.3274  174.84  0.39  48.5  53  5.7515  100
205.477  183.032  1914.78  95.1828  172.969  0.38  49.4  53  5.7515  100
205.526  183.032  1916.51  94.9074  163.95  0.38  49.4  53  5.7515  100
205.574  183.032  1970.5  89.8987  3.485  0.37  49.4  53  5.7515  100
205.623  183.161  2018.31  89.6666  11.746  0.36  49.4  53  5.7515  100
205.672  183.161  1880.44  96.3969  209.511  0.39  49.4  53  5.7515  100
205.721  183.161  1879.12  93.9903  130.763  0.39  49.4  53  5.7515  100
205.77  183.29  1928.16  95.9903  201.223  0.38  46.6  53  5.7515  100
205.819  183.29  1804.23  90.0585  1.843  0.4  46.6  53  5.7515  100
205.867  183.29  1997.59  89.8717  4.473  0.36  46.6  53  5.7515  100
205.916  183.419  1909.71  94.8064  160.013  0.38  46.6  53  5.7515  100
205.965  183.419  1887.07  95.2091  171.328  0.38  46.6  53  5.7515  100
206.014  183.419  2051.69  89.9599  1.438  0.35  46.6  53  5.7515  100
206.063  183.548  1908.87  96.2406  207.5  0.38  46.6  53  5.7515  100
206.112  183.548  1826.08  89.9989  0.035  0.4  48.1  53  5.7515  100
206.16  183.548  1929.08  94.5887  154.33  0.38  48.1  53  5.7515  100
206.209  183.676  1882.8  96.2432  204.752  0.39  48.1  53  5.7515  100
206.258  183.676  2003.79  89.972  0.981  0.36  48.1  53  5.7515  100
206.307  183.676  1924.21  94.5713  153.36  0.38  48.1  53  5.7515  100
206.356  183.805  1855.29  95.4501  176.214  0.39  48.1  53  5.7515  100
206.405  183.805  2045.34  89.9916  0.3  0.35  47.7  53  5.7515  100
206.453  183.805  1895.3  96.3152  208.479  0.38  47.7  53  5.7515  100
206.502  183.934  1955.43  89.1524  28.926  0.37  47.7  53  5.7515  100
206.551  183.934  1900.12  95.3663  177.704  0.38  47.7  53  5.7515  100
206.6  183.934  1908.87  96.2406  207.5  0.38  47.7  53  5.7515  100
206.648  184.063  1881.17  95.2452  171.973  0.39  47.7  53  5.7515  100
206.697  184.063  2015.17  89.683  11.15  0.36  49.3  53  5.7515  100
206.746  184.063  1964.58  89.7969  6.964  0.37  49.3  53  5.7515  100
206.795  184.192  1976.68  89.0691  32.114  0.37  49.3  53  5.7515  100
206.843  184.192  1918.34  94.6565  155.734  0.38  49.3  53  5.7515  100
206.892  184.192  1886.49  95.401  177.566  0.39  49.3  53  5.7515  100
206.941  184.32  2037.47  90.0309  1.1  0.36  49.3  53  5.7515  100
206.99  184.32  1903.1  94.442  147.394  0.38  47.5  53  5.7515  100
207.039  184.32  1850.59  95.3865  173.722  0.39  47.5  53  5.7515  100
207.087  184.449  1923.24  94.9876  167.207  0.38  47.5  53  5.7515  100
207.136  184.449  1890.78  94.7362  156.116  0.38  47.5  53  5.7515  100
207.185  184.449  1969.41  89.9419  1.996  0.37  47.5  53  5.7515  100
207.234  184.578  2028.94  89.572  15.157  0.36  47.5  53  5.7515  100
207.283  184.578  1992.52  89.9717  0.985  0.36  46.7  53  5.7515  100
207.332  184.707  1986.55  88.8205  40.893  0.36  46.7  53  5.7515  100
207.381  184.707  1928.81  96.131  206  0.38  46.7  53  5.7515  100
207.429  184.707  1989.53  89.9871  0.449  0.36  46.7  53  5.7515  100
207.478  184.836  2001.81  89.8117  6.58  0.36  46.7  53  5.7515  100
207.527  184.836  1906.93  94.8715  161.937  0.38  46.7  53  5.7515  100
207.576  184.836  1879.03  95.1176  167.611  0.39  45.3  53  5.7515  100
207.625  184.964  1937.97  94.7522  160.554  0.37  45.3  53  5.7515  100
207.673  184.964  1887.51  94.9926  164.266  0.38  45.3  53  5.7515  100
207.722  184.964  1835.01  89.9883  0.374  0.39  45.3  53  5.7515  100
207.771  185.093  2017.26  89.4397  19.725  0.36  45.3  53  5.7515  100
207.82  185.093  1884.67  96.3267  207.685  0.39  45.3  53  5.7515  100
207.869  185.093  1930.95  94.9404  166.293  0.38  47.1  53  5.7515  100
207.917  185.222  1924.17  96.1565  206.355  0.38  47.1  53  5.7515  100
207.966  185.222  1884.57  95.3185  174.684  0.39  47.1  53  5.7515  100
208.015  185.222  2007.88  89.49  17.871  0.36  47.1  53  5.7515  100
208.064  185.351  1983.59  89.9237  2.643  0.36  47.1  53  5.7515  100
208.113  185.351  1999.71  90.0306  1.067  0.36  47.1  53  5.7515  100
208.162  185.351  2018.58  89.549  15.889  0.36  47.6  53  5.7515  100
208.21  185.48  1894.7  94.9005  161.854  0.38  47.6  53  5.7515  100
208.259  185.48  1985.62  89.8197  6.247  0.36  47.6  53  5.7515  100
208.308  185.48  2012.04  89.6994  10.557  0.36  47.6  53  5.7515  100
208.356  185.608  1882.39  94.8836  160.251  0.39  47.6  53  5.7515  100
208.405  185.608  1995.23  88.7312  44.182  0.36  47.6  53  5.7515  100
208.454  185.608  1921.89  94.7301  158.483  0.38  47.7  53  5.7515  100
208.503  185.737  1886.49  95.401  177.566  0.39  47.7  53  5.7515  100
208.552  185.737  2011.56  89.7995  7.039  0.36  47.7  53  5.7515  100
208.6  185.737  1887.82  94.755  156.491  0.38  47.7  53  5.7515  100
208.649  185.866  1960.28  89.1625  28.652  0.37  47.7  53  5.7515  100
208.698  185.866  2000.57  89.5676  15.096  0.36  47.7  53  5.7515  100
208.747  185.866  1975.61  89.9272  2.51  0.37  47.7  53  5.7515  100
208.796  185.995  1821.79  90.057  1.812  0.4  47.2  53  5.7515  100
208.845  185.995  1997.37  89.8524  5.145  0.36  47.2  53  5.7515  100
208.894  185.995  1804.23  90.0585  1.843  0.4  47.2  53  5.7515  100
208.942  186.124  2012.34  90.0043  0.153  0.36  47.2  53  5.7515  100
208.991  186.124  1907.09  94.6067  153.169  0.38  47.2  53  5.7515  100
209.04  186.124  1870.57  95.5435  180.7  0.39  47.2  53  5.7515  100
209.088  186.252  1918.64  95.0157  167.745  0.38  48  53  5.7515  100
209.137  186.252  1883.54  94.5218  148.494  0.39  48  53  5.7515  100
209.186  186.252  1869.9  93.9597  129.124  0.39  48  53  5.7515  100
209.235  186.381  1920.32  90.0236  0.789  0.38  48  53  5.7515  100
209.284  186.381  1889.92  96.4861  213.489  0.39  48  53  5.7515  100
209.333  186.381  1970.17  88.8012  41.218  0.37  48  53  5.7515  100
209.382  186.51  1928.04  94.6916  157.699  0.38  46.4  53  5.7515  100
209.43  186.51  1886.58  94.81  158.194  0.38  46.4  53  5.7515  100
209.479  186.51  1907.06  94.8962  162.768  0.38  46.4  53  5.7515  100
209.528  186.639  1930.88  94.6256  155.714  0.38  46.4  53  5.7515  100
209.577  186.639  1874.42  95.0995  166.607  0.39  46.4  53  5.7515  100
209.625  186.639  2037.47  90.0309  1.1  0.36  46.4  53  5.7515  100
209.674  186.768  1902.41  94.8996  162.486  0.38  49  53  5.7515  100
209.723  186.768  1891.52  95.1818  170.836  0.38  49  53  5.7515  100
209.772  186.768  1933.23  95.0713  170.889  0.38  49  53  5.7515  100
209.82  186.896  1887.24  96.2184  204.424  0.39  49  53  5.7515  100
209.869  186.896  1996.75  89.7997  6.98  0.36  49  53  5.7515  100
209.918  186.896  1919.32  94.8421  162.01  0.38  49  53  5.7515  100
209.967  187.025  1956.88  89.9497  1.718  0.37  46.4  53  5.7515  100
210.015  187.025  2009.71  89.9243  2.656  0.36  46.4  53  5.7515  100
210.064  187.025  1918.09  94.6101  154.167  0.38  46.4  53  5.7515  100
210.113  187.154  1872.96  95.1085  166.774  0.39  46.4  53  5.7515  100
210.162  187.154  2006.89  89.8237  6.176  0.36  46.4  53  5.7515  100
210.211  187.154  1885.24  95.148  169.16  0.39  46.4  53  5.7515  100
210.26  187.283  1876.55  95.2267  170.947  0.39  45.6  53  5.7515  100
210.308  187.283  1932.15  95.1743  174.252  0.38  45.6  53  5.7515  100
210.357  187.283  1989.53  89.9871  0.449  0.36  45.6  53  5.7515  100
210.406  187.412  1982.71  89.0347  33.402  0.36  45.6  53  5.7515  100
210.455  187.412  1921.15  94.5908  153.766  0.38  45.6  53  5.7515  100
210.504  187.412  1892.42  95.3652  176.949  0.38  45.6  53  5.7515  100
210.552  187.541  1994.16  88.7762  42.592  0.36  46.9  53  5.7515  100
210.601  187.541  1924.16  94.8601  163.02  0.38  46.9  53  5.7515  100
210.65  187.541  1880.27  95.063  165.936  0.39  46.9  53  5.7515  100
210.699  187.669  2041.7  89.9711  1.028  0.35  46.9  53  5.7515  100
210.747  187.669  1887.28  94.947  162.747  0.38  46.9  53  5.7515  100
210.796  187.669  1898.51  95.0442  166.925  0.38  46.9  53  5.7515  100
210.845  187.798  2015.17  89.683  11.15  0.36  46.1  53  5.7515  100
210.893  187.798  1880.83  95.1752  169.654  0.39  46.1  53  5.7515  100
210.942  187.798  1963  88.9954  34.418  0.37  46.1  53  5.7515  100
210.991  187.927  1912.74  94.7874  159.636  0.38  46.1  53  5.7515  100
211.04  187.927  1983.57  90.0177  0.613  0.36  46.1  53  5.7515  100
211.089  187.927  2006.59  89.9402  2.094  0.36  46.1  53  5.7515  100
211.137  188.056  1908.24  96.1013  202.821  0.38  46.1  53  5.7515  100
211.186  188.056  1864.13  95.4427  176.812  0.39  48.3  53  5.7515  100
211.235  188.056  2028.7  89.998  0.07  0.36  48.3  53  5.7515  100
211.284  188.185  1892.65  95.1023  168.322  0.38  48.3  53  5.7515  100
211.332  188.185  1888.44  94.0212  132.428  0.38  48.3  53  5.7515  100
211.381  188.313  1919.37  94.5541  152.398  0.38  48.3  53  5.7515  100
211.43  188.313  1954.2  89.8518  5.054  0.37  48.3  53  5.7515  100
211.479  188.313  1982.99  89.8714  4.452  0.36  48.4  53  5.7515  100
211.528  188.442  1928.78  94.8315  162.453  0.38  48.4  53  5.7515  100
211.576  188.442  1874.73  95.4718  178.766  0.39  48.4  53  5.7515  100
211.625  188.442  2024.05  90.0215  0.758  0.36  48.4  53  5.7515  100
211.674  188.571  1902.41  94.8996  162.486  0.38  48.4  53  5.7515  100
211.723  188.571  1863.04  95.2169  169.398  0.39  48.4  53  5.7515  100
211.772  188.571  1993.39  89.9314  2.385  0.36  49.9  53  5.7515  100
211.82  188.7  1876.2  95.1569  168.639  0.39  49.9  53  5.7515  100
211.869  188.7  1817.24  90.0094  0.297  0.4  49.9  53  5.7515  100
211.918  188.7  2006.33  89.4984  17.566  0.36  49.9  53  5.7515  100
211.967  188.829  1867.7  95.2562  171.098  0.39  49.9  53  5.7515  100
212.016  188.829  1982.29  89.9507  1.707  0.36  49.9  53  5.7515  100
212.065  188.829  1918.59  94.7029  157.302  0.38  46.6  53  5.7515  100
212.113  188.957  1880  90.0271  0.89  0.38  46.6  53  5.7515  100
212.162  188.957  1990.61  89.8317  5.848  0.36  46.6  53  5.7515  100
212.211  188.957  1905.72  94.641  154.196  0.38  46.6  53  5.7515  100
212.26  189.086  1847.29  94.1613  134.048  0.39  46.6  53  5.7515  100
212.308  189.086  1922.51  94.848  162.477  0.38  46.6  53  5.7515  100
212.357  189.086  1892.65  95.1023  168.322  0.38  46.4  53  5.7515  100
212.406  189.215  2003.79  89.972  0.981  0.36  46.4  53  5.7515  100
212.455  189.215  1997.06  89.5481  15.753  0.36  46.4  53  5.7515  100
212.503  189.215  1877.21  95.0569  165.467  0.39  46.4  53  5.7515  100
212.552  189.344  2009.28  90.0198  0.696  0.36  46.4  53  5.7515  100
212.601  189.344  1912.98  94.8337  161.195  0.38  46.4  53  5.7515  100
212.65  189.344  1866.01  95.5244  179.639  0.39  46.4  53  5.7515  100
212.699  189.473  2030.74  90.0262  0.928  0.36  46.4  53  5.7515  100
212.747  189.473  1988.16  89.9  3.469  0.36  46.4  53  5.7515  100
212.796  189.473  1827.74  90.0619  1.976  0.4  46.4  53  5.7515  100
212.845  189.601  1929.16  94.9032  164.89  0.38  46.4  53  5.7515  100
212.894  189.601  1881.12  96.2057  203.345  0.39  46.4  53  5.7515  100
212.943  189.601  1877.41  93.955  129.49  0.39  48.7  53  5.7515  100
212.991  189.73  2003.83  89.7039  10.355  0.36  48.7  53  5.7515  100
213.04  189.73  1867.34  94.8854  159.03  0.39  48.7  53  5.7515  100
213.089  189.73  1986.55  88.8205  40.893  0.36  48.7  53  5.7515  100
213.137  189.859  1914.26  94.7779  159.446  0.38  48.7  53  5.7515  100
213.186  189.859  1940.23  89.8516  5.024  0.37  48.7  53  5.7515  100
213.235  189.859  2007.31  89.8599  4.909  0.36  49.3  53  5.7515  100
213.284  189.988  1914.26  94.7779  159.446  0.38  49.3  53  5.7515  100
213.332  189.988  1812.81  89.9971  0.093  0.4  49.3  53  5.7515  100
213.381  189.988  1926.56  95.0154  168.426  0.38  49.3  53  5.7515  100
213.43  190.117  1880.25  96.3512  207.996  0.39  49.3  53  5.7515  100
213.479  190.117  1961.52  89.0039  34.098  0.37  49.3  53  5.7515  100
213.528  190.117  1998.49  89.8084  6.684  0.36  45.5  53  5.7515  100
213.577  190.245  1879.22  94.8567  159.102  0.39  45.5  53  5.7515  100
213.626  190.245  1968.07  88.8899  38.13  0.37  45.5  53  5.7515  100
213.674  190.245  1918.34  94.6565  155.734  0.38  45.5  53  5.7515  100
213.723  190.374  1863.7  95.3523  173.845  0.39  45.5  53  5.7515  100
213.772  190.374  1985.93  88.9011  38.087  0.36  45.5  53  5.7515  100
213.821  190.374  1978.91  89.7967  7.022  0.37  45.5  53  5.7515  100
213.869  190.503  1884.68  95.0355  165.425  0.39  47.9  53  5.7515  100
213.918  190.503  2015.44  89.5656  15.279  0.36  47.9  53  5.7515  100
213.967  190.503  1891.02  96.3859  210.327  0.38  47.9  53  5.7515  100
214.016  190.632  1975.81  88.9977  34.561  0.37  47.9  53  5.7515  100
214.064  190.632  1992.34  89.8404  5.551  0.36  47.9  53  5.7515  100
214.113  190.632  1856.29  95.0486  163.354  0.39  47.9  53  5.7515  100
214.162  190.761  1919.21  94.8205  161.281  0.38  48.9  53  5.7515  100
214.211  190.761  1999.33  89.8804  4.172  0.36  48.9  53  5.7515  100
214.259  190.761  1942.47  89.9138  2.922  0.37  48.9  53  5.7515  100
214.308  190.889  1994.93  89.9235  2.662  0.36  48.9  53  5.7515  100
214.357  190.889  1906.51  96.0634  201.383  0.38  48.9  53  5.7515  100
214.406  190.889  1889.58  95.0994  167.952  0.38  48.9  53  5.7515  100
214.455  191.018  1995.52  89.5563  15.454  0.36  47.2  53  5.7515  100
214.503  191.018  1880.14  95.0386  165.128  0.39  47.2  53  5.7515  100
214.552  191.018  2005.31  89.9642  1.254  0.36  47.2  53  5.7515  100
214.601  191.147  2010.75  89.5905  14.371  0.36  47.2  53  5.7515  100
214.65  191.147  1883.86  94.8743  160.072  0.39  47.2  53  5.7515  100
214.698  191.147  2010.81  90.0121  0.425  0.36  47.2  53  5.7515  100
214.747  191.276  1913.22  94.88  162.755  0.38  45.6  53  5.7515  100
214.796  191.276  1950.46  89.7971  6.907  0.37  45.6  53  5.7515  100
214.845  191.276  2029.18  90.034  1.204  0.36  45.6  53  5.7515  100
214.893  191.405  1915.16  96.2537  208.621  0.38  45.6  53  5.7515  100
214.942  191.405  1879.38  94.0355  132.262  0.39  45.6  53  5.7515  100
214.991  191.405  1932.15  95.1743  174.252  0.38  45.6  53  5.7515  100
215.04  191.533  1862.14  95.3369  173.202  0.39  47.2  53  5.7515  100
215.089  191.533  1895.76  95.1085  168.803  0.38  47.2  53  5.7515  100
215.138  191.662  1927.28  95.1554  173.179  0.38  47.2  53  5.7515  100
215.186  191.662  1871.69  94.8577  158.498  0.39  47.2  53  5.7515  100
215.235  191.662  2006.17  89.904  3.36  0.36  47.2  53  5.7515  100
215.284  191.791  1915.78  94.7684  159.255  0.38  47.2  53  5.7515  100
215.333  191.791  1810.02  90.0472  1.491  0.4  47.6  53  5.7515  100
215.381  191.791  2019.84  89.7953  7.215  0.36  47.6  53  5.7515  100
215.43  191.92  1897.8  96.5379  216.085  0.38  47.6  53  5.7515  100
215.479  191.92  1889.11  95.0079  164.907  0.38  47.6  53  5.7515  100
215.528  191.92  2050.1  89.9678  1.152  0.35  47.6  53  5.7515  100
215.576  192.049  1875.52  95.0206  164.136  0.39  47.6  53  5.7515  100
215.625  192.049  1980.22  88.7037  44.799  0.37  47.5  53  5.7515  100
215.674  192.049  1929.83  94.7286  159.088  0.38  47.5  53  5.7515  100
215.723  192.178  1958.36  89.942  1.983  0.37  47.5  53  5.7515  100
215.771  192.178  1992.98  89.8955  3.634  0.36  47.5  53  5.7515  100
215.82  192.178  1932.13  96.1609  207.358  0.38  47.5  53  5.7515  100
215.869  192.306  1886.34  94.7644  156.677  0.38  47.5  53  5.7515  100
215.918  192.306  1938.47  94.846  163.757  0.37  49.5  53  5.7515  100
215.966  192.306  1916.07  96.1055  203.791  0.38  49.5  53  5.7515  100
216.015  192.435  1884.68  95.0355  165.425  0.39  49.5  53  5.7515  100
216.064  192.435  1953.55  94.6296  157.678  0.37  49.5  53  5.7515  100
216.113  192.435  1889.68  95.1206  168.659  0.38  49.5  53  5.7515  100
216.162  192.564  2021.56  89.9575  1.498  0.36  49.5  53  5.7515  100
216.21  192.564  2007.79  89.76  8.41  0.36  49.5  53  5.7515  100
216.259  192.564  1809.87  89.9934  0.207  0.4  45.9  53  5.7515  100
216.308  192.693  1981.2  89.0433  33.079  0.37  45.9  53  5.7515  100
216.357  192.693  1906.2  94.7331  157.29  0.38  45.9  53  5.7515  100
216.405  192.693  1894.03  95.0719  167.442  0.38  45.9  53  5.7515  100
216.455  192.822  2014.41  89.9003  3.504  0.36  45.9  53  5.7515  100
216.503  192.822  1895.63  95.0839  167.981  0.38  45.9  53  5.7515  100
216.552  192.822  1957.83  89.7578  8.276  0.37  47  53  5.7515  100
216.601  192.95  1953.62  94.9481  168.507  0.37  47  53  5.7515  100
216.65  192.95  1885.33  94.865  159.892  0.39  47  53  5.7515  100
216.698  192.95  1986.85  89.9271  2.527  0.36  47  53  5.7515  100
216.748  193.079  1926.61  95.9989  201.35  0.38  47  53  5.7515  100
216.796  193.079  1879.25  95.1631  169.118  0.39  47  53  5.7515  100
216.845  193.079  1993.35  88.974  35.694  0.36  47.5  53  5.7515  100
216.894  193.208  1919.23  94.5292  151.558  0.38  47.5  53  5.7515  100
216.943  193.208  1893  95.1727  170.67  0.38  47.5  53  5.7515  100
216.991  193.208  1933.23  95.0713  170.889  0.38  47.5  53  5.7515  100
217.04  193.337  1911.49  96.1309  204.146  0.38  47.5  53  5.7515  100
217.09  193.337  1821.6  89.9865  0.428  0.4  47.5  53  5.7515  100
217.139  193.337  1936.34  95.0525  170.531  0.38  48.8  53  5.7515  100
217.187  193.466  1906.51  96.0634  201.383  0.38  48.8  53  5.7515  100
217.236  193.466  1985.74  89.0174  34.052  0.36  48.8  53  5.7515  100
217.285  193.466  1934.87  94.1876  141.29  0.37  48.8  53  5.7515  100
217.334  193.594  1950.18  89.9103  3.054  0.37  48.8  53  5.7515  100
217.382  193.594  2013.98  89.864  4.78  0.36  48.8  53  5.7515  100
217.431  193.594  1913.94  95.0189  167.44  0.38  50.4  53  5.7515  100
217.48  193.723  1895.99  95.1545  170.337  0.38  50.4  53  5.7515  100
217.529  193.723  2039.68  89.4763  18.643  0.35  50.4  53  5.7515  100
217.577  193.723  1906.35  94.4685  148.527  0.38  50.4  53  5.7515  100
217.626  193.852  1865.82  94.0344  131.269  0.39  50.4  53  5.7515  100
217.675  193.852  2015  89.5293  16.554  0.36  50.4  53  5.7515  100
217.724  193.852  1979.04  89.9472  1.824  0.37  46.8  53  5.7515  100
217.772  193.981  2007.73  89.8961  3.642  0.36  46.8  53  5.7515  100
217.821  193.981  1934.76  94.4561  150.322  0.38  46.8  53  5.7515  100
217.87  193.981  1882.62  94.9291  161.762  0.39  46.8  53  5.7515  100
217.919  194.11  1928.42  94.7632  160.132  0.38  46.8  53  5.7515  100
217.968  194.11  1930.36  96.1225  205.88  0.38  46.8  53  5.7515  100
218.017  194.11  1869.2  94.1047  133.795  0.39  46.5  53  5.7515  100
218.065  194.238  2014.27  89.747  8.895  0.36  46.5  53  5.7515  100
218.114  194.238  1892.65  95.1023  168.322  0.38  46.5  53  5.7515  100
218.163  194.238  1985.88  89.9509  1.702  0.36  46.5  53  5.7515  100
218.212  194.367  2013.18  89.6549  12.127  0.36  46.5  53  5.7515  100
218.261  194.367  1798.34  90.0189  0.593  0.4  46.5  53  5.7515  100
218.309  194.367  1830.68  90.0467  1.493  0.4  46.1  53  5.7515  100
218.358  194.496  1934.81  96.0497  203.913  0.38  46.1  53  5.7515  100
218.407  194.496  1974.25  90.0283  0.976  0.37  46.1  53  5.7515  100
218.456  194.496  2018.27  89.8035  6.923  0.36  46.1  53  5.7515  100
218.504  194.625  1901.98  96.0888  201.742  0.38  46.1  53  5.7515  100
218.553  194.625  1878.01  95.2177  170.787  0.39  46.1  53  5.7515  100
218.602  194.625  2010.13  89.9605  1.385  0.36  46.1  53  5.7515  100
218.651  194.754  1886.81  94.8557  159.711  0.38  47.6  53  5.7515  100
218.699  194.754  1963.62  88.9158  37.154  0.37  47.6  53  5.7515  100
218.748  194.754  2001  89.6037  13.839  0.36  47.6  53  5.7515  100
218.797  194.882  1983.12  89.9826  0.603  0.36  47.6  53  5.7515  100
218.846  194.882  1988.38  89.9192  2.803  0.36  47.6  53  5.7515  100
218.895  194.882  1992.88  89.6087  13.611  0.36  47.6  53  5.7515  100
218.944  195.011  1931.55  89.8979  3.443  0.37  48.3  53  5.7515  100
218.993  195.011  1907.06  94.8962  162.768  0.38  48.3  53  5.7515  100
219.041  195.011  1913.46  94.9263  164.316  0.38  48.3  53  5.7515  100
219.09  195.14  1814.44  90.0596  1.888  0.4  48.3  53  5.7515  100
219.139  195.14  2041.7  89.9711  1.028  0.35  48.3  53  5.7515  100
219.188  195.14  1883.86  94.8743  160.072  0.39  48.3  53  5.7515  100
219.236  195.269  1985.33  89.935  2.253  0.36  47.6  53  5.7515  100
219.285  195.269  2012.31  89.5822  14.673  0.36  47.6  53  5.7515  100
219.334  195.269  1874.29  95.0751  165.804  0.39  47.6  53  5.7515  100
219.383  195.398  1959.18  88.9417  36.185  0.37  47.6  53  5.7515  100
219.431  195.398  1904.39  94.9824  165.396  0.38  47.6  53  5.7515  100
219.481  195.398  1856.72  95.4414  176.068  0.39  47.6  53  5.7515  100
219.529  195.526  2035.42  90.0027  0.095  0.36  47.7  53  5.7515  100
219.578  195.526  1901.98  96.0888  201.742  0.38  47.7  53  5.7515  100
219.627  195.526  1873.63  95.2447  171.266  0.39  47.7  53  5.7515  100
219.676  195.655  1950.78  94.7216  160.578  0.37  47.7  53  5.7515  100
219.725  195.655  1881.05  95.2208  171.164  0.39  47.7  53  5.7515  100
219.774  195.655  1886.15  95.0263  165.253  0.39  47.7  53  5.7515  100
219.823  195.784  1998.07  89.7724  7.938  0.36  46.2  53  5.7515  100
219.871  195.784  1807.09  90.0435  1.372  0.4  46.2  53  5.7515  100
219.92  195.784  2002.51  89.7314  9.388  0.36  46.2  53  5.7515  100
219.969  195.913  2003.54  89.9529  1.647  0.36  46.2  53  5.7515  100
220.018  195.913  1970.86  90.0086  0.295  0.37  46.2  53  5.7515  100
220.067  195.913  1932.25  94.8842  164.515  0.38  46.2  53  5.7515  100
220.115  196.042  1903.84  94.5799  152.02  0.38  46.7  53  5.7515  100
220.164  196.042  1743.33  89.5584  13.437  0.41  46.7  53  5.7515  100
220.213  196.042  1025.04  86.4709  63.098  0.71  46.7  53  5.7515  100
220.262  196.17  1645.53  90.0224  0.644  0.44  46.7  53  5.7515  100
220.31  196.17  1970.5  89.8987  3.485  0.37  46.7  53  5.7515  100
220.359  196.17  1941.71  94.8486  164.118  0.37  46.7  53  5.7515  100
220.408  196.299  1874.07  95.0298  164.306  0.39  48.5  53  5.7515  100
220.457  196.299  1986.1  88.7846  42.128  0.36  48.5  53  5.7515  100
220.505  196.299  1915.29  94.6758  156.128  0.38  48.5  53  5.7515  100
220.554  196.428  1889.45  95.3831  177.258  0.38  48.5  53  5.7515  100
220.603  196.428  1932.99  95.0245  169.294  0.38  48.5  53  5.7515  100
220.652  196.428  1915.64  96.0123  200.648  0.38  48.5  53  5.7515  100
220.7  196.557  1879.63  94.0808  133.761  0.39  46.6  53  5.7515  100
220.749  196.557  1927.62  94.9127  165.076  0.38  46.6  53  5.7515  100
220.798  196.557  1872.91  96.3917  208.502  0.39  46.6  53  5.7515  100
220.847  196.686  1835.01  89.9883  0.374  0.39  46.6  53  5.7515  100
220.895  196.686  1899.95  94.7252  156.511  0.38  46.6  53  5.7515  100
220.944  196.686  1947.52  89.8128  6.364  0.37  46.6  53  5.7515  100
220.993  196.814  1909.28  95.0254  167.247  0.38  45.6  53  5.7515  100
221.042  196.814  1994.7  89.9043  3.332  0.36  45.6  53  5.7515  100
221.091  196.814  1866.81  95.3798  175.027  0.39  45.6  53  5.7515  100
221.139  196.943  1997.95  88.9477  36.692  0.36  45.6  53  5.7515  100
221.188  196.943  1899.41  94.9184  162.848  0.38  45.6  53  5.7515  100
221.237  197.072  1827.55  89.9913  0.279  0.4  45.6  53  5.7515  100
221.286  197.072  1936.17  94.715  159.153  0.37  45.6  53  5.7515  100
221.334  197.072  1887.05  94.9013  161.228  0.38  48.6  53  5.7515  100
221.383  197.201  2000.3  89.952  1.677  0.36  48.6  53  5.7515  100
221.432  197.201  2002.7  89.7482  8.803  0.36  48.6  53  5.7515  100
221.481  197.201  1964.98  89.8323  5.751  0.37  48.6  53  5.7515  100
221.53  197.33  2030.26  89.9902  0.348  0.36  48.6  53  5.7515  100
221.579  197.33  1920.23  95.9866  200.272  0.38  48.6  53  5.7515  100
221.627  197.33  1996.23  90.0106  0.368  0.36  45.8  53  5.7515  100
221.676  197.459  2007.73  89.8961  3.642  0.36  45.8  53  5.7515  100
221.725  197.459  1991.92  89.8045  6.798  0.36  45.8  53  5.7515  100
221.774  197.459  1936.69  89.1474  28.818  0.37  45.8  53  5.7515  100
221.823  197.587  2012.41  89.8721  4.494  0.36  45.8  53  5.7515  100
221.871  197.587  1877.65  95.4542  178.47  0.39  45.8  53  5.7515  100
221.92  197.587  1977.05  88.8375  40.111  0.37  48.1  53  5.7515  100
221.969  197.716  2004.95  89.6596  11.912  0.36  48.1  53  5.7515  100
222.018  197.716  1878.17  94.0907  133.981  0.39  48.1  53  5.7515  100
222.066  197.716  1998.75  88.7494  43.624  0.36  48.1  53  5.7515  100
222.116  197.845  1992.45  89.5727  14.858  0.36  48.1  53  5.7515  100
222.165  197.845  1941.44  89.1574  28.549  0.37  48.1  53  5.7515  100
222.213  197.845  1910.08  94.8774  162.401  0.38  49  53  5.7515  100
222.262  197.974  1893.44  94.9556  163.563  0.38  49  53  5.7515  100
222.311  197.974  1949.33  89.0368  32.77  0.37  49  53  5.7515  100
222.36  197.974  2013.87  89.5739  14.975  0.36  49  53  5.7515  100
222.408  198.103  1947.65  89.9608  1.333  0.37  49  53  5.7515  100
222.457  198.103  1951.46  89.3455  22.29  0.37  49  53  5.7515  100
222.506  198.103  2020.04  88.0755  67.837  0.36  47.3  53  5.7515  100
222.555  198.231  1671.19  94.1419  120.706  0.43  47.3  53  5.7515  100
222.604  198.231  1675.59  87.5499  71.63  0.43  47.3  53  5.7515  100
222.652  198.231  2028.67  83.0146  246.719  0.36  47.3  53  5.7515  100
222.701  198.36  2089.59  82.6468  267.437  0.35  47.3  53  5.7515  100
222.75  198.36  2080.59  78.914  400.062  0.35  47.3  53  5.7515  100
222.799  198.36  2030.33  79.4401  372.085  0.36  48.8  53  5.7515  100
222.848  198.489  1783.07  77.1774  395.722  0.42  48.8  53  5.7515  100
222.896  198.489  1858.59  76.0971  446.577  0.4  48.8  53  5.7515  100
222.945  198.489  1740.62  74.7434  458.033  0.43  48.8  53  5.7515  100
222.994  198.618  1823.48  73.706  511.607  0.41  48.8  53  5.7515  100
223.043  198.618  1895.16  72.4519  571.402  0.4  48.8  53  5.7515  100
223.092  198.618  1708.16  72.2358  521.161  0.44  46.8  53  5.7515  100
223.14  198.747  1723.84  72.0031  532.605  0.44  46.8  53  5.7515  100
223.189  198.747  1844.97  74.3651  497.233  0.41  46.8  53  5.7515  100
223.238  198.747  1832.98  72.4647  552.265  0.41  46.8  53  5.7515  100
223.287  198.875  1968.23  68.0468  735.821  0.4  46.8  53  5.7515  100
223.336  198.875  2092.66  71.8415  652.172  0.36  46.8  53  5.7515  100
223.385  198.875  1899.28  71.2803  609.552  0.4  46.7  53  5.7515  100
223.433  199.004  1931.15  71.6954  606.514  0.39  46.7  53  5.7515  100
223.482  199.004  1944.45  71.9006  604.076  0.39  46.7  53  5.7515  100
223.531  199.004  1965.79  68.8044  710.737  0.39  46.7  53  5.7515  100
223.58  199.133  2186.37  69.8979  751.441  0.35  46.7  53  5.7515  100
223.629  199.133  2072.83  69.9902  709.282  0.37  46.7  53  5.7515  100
223.677  199.133  2145.7  67.9011  807.224  0.36  47.4  53  5.7515  100
223.726  199.262  2097.24  69.2734  742.232  0.37  47.4  53  5.7515  100
223.775  199.262  2026.93  69.7174  702.637  0.38  47.4  53  5.7515  100
223.824  199.262  2138.01  68.782  773.784  0.36  47.4  53  5.7515  100
223.872  199.391  2259.2  70.4  757.854  0.34  47.4  53  5.7515  100
223.921  199.391  2062.42  68.0341  771.457  0.38  47.4  53  5.7515  100
223.97  199.391  2223.5  68.4796  815.652  0.35  47.4  53  5.7515  100
224.019  199.519  2010.81  69.1405  716.006  0.39  46.4  53  5.7515  100
224.067  199.519  2037.78  66.4925  812.807  0.39  46.4  53  5.7515  100
224.116  199.519  2274.04  69.6522  790.724  0.34  46.4  53  5.7515  100
224.165  199.648  2108.91  68.66  767.436  0.37  46.4  53  5.7515  100
224.214  199.648  2148.43  67.7496  813.513  0.36  46.4  53  5.7515  100
224.263  199.648  2065.64  67.3  797.144  0.38  46.4  53  5.7515  100
224.312  199.777  2124.99  69.2244  753.753  0.36  50.1  53  5.7515  100
224.361  199.777  2063.17  66.9441  807.995  0.38  50.1  53  5.7515  100
224.409  199.777  2056.03  70.8071  675.918  0.37  50.1  53  5.7515  100
224.458  199.906  2163.48  68.2288  802.438  0.36  50.1  53  5.7515  100
224.507  199.906  2080.21  66.2498  837.805  0.38  50.1  53  5.7515  100
224.556  199.906  2069.37  70.758  681.977  0.37  50.1  53  5.7515  100
224.605  200.035  2100.32  67.0344  819.5  0.37  47.5  53  5.7515  100
224.653  200.035  2124.05  69.5677  741.506  0.36  47.5  53  5.7515  100
224.702  200.035  2011.63  70.1932  681.642  0.38  47.5  53  5.7515  100
224.751  200.163  2034.7  65.7325  836.26  0.39  47.5  53  5.7515  100
224.8  200.163  2205.3  68.6383  803.291  0.35  47.5  53  5.7515  100
224.85  200.292  2125.93  69.4017  747.932  0.36  47.5  53  5.7515  100
224.898  200.292  2040.33  68.6371  743.24  0.38  46.4  53  5.7515  100
224.947  200.292  1960.36  69.2491  694.567  0.39  46.4  53  5.7515  100
224.996  200.421  2057.64  68.5303  753.114  0.38  46.4  53  5.7515  100
225.044  200.421  2091.5  65.7756  858.164  0.38  46.4  53  5.7515  100
225.093  200.421  2105.46  69.614  733.422  0.37  46.4  53  5.7515  100
225.142  200.55  2011.31  66.8474  790.808  0.39  46.4  53  5.7515  100
225.191  200.55  2072.24  68.1015  772.869  0.38  47.7  53  5.7515  100
225.239  200.55  2007.87  67.211  777.725  0.39  47.7  53  5.7515  100
225.288  200.679  2014.06  67.35  775.618  0.39  47.7  53  5.7515  100
225.337  200.679  2204.48  69.1069  786.175  0.35  47.7  53  5.7515  100
225.386  200.679  1987.66  67.4837  761.17  0.39  47.7  53  5.7515  100
225.434  200.807  2080.77  67.7833  786.762  0.38  47.7  53  5.7515  100
225.483  200.807  2114.76  69.3589  745.48  0.37  49.6  53  5.7515  100
225.532  200.807  2103.68  67.3115  811.435  0.37  49.6  53  5.7515  100
225.581  200.936  2138.14  67.9485  802.745  0.37  49.6  53  5.7515  100
225.629  200.936  2040.68  68.1469  759.597  0.38  49.6  53  5.7515  100
225.678  200.936  2071.98  67.8428  781.443  0.38  49.6  53  5.7515  100
225.728  201.065  2226.03  67.9333  836.287  0.35  49.6  53  5.7515  100
225.776  201.065  2084.18  67.6548  792.376  0.38  47.8  53  5.7515  100
225.825  201.065  2028.32  65.8922  828.478  0.39  47.8  53  5.7515  100
225.874  201.194  2059.35  67.7648  779.278  0.38  47.8  53  5.7515  100
225.923  201.194  2131.2  68.4763  781.907  0.36  47.8  53  5.7515  100
225.971  201.194  2097.43  66.5634  834.218  0.38  47.8  53  5.7515  100
226.02  201.323  2066.34  67.7184  783.473  0.38  47.8  53  5.7515  100
226.069  201.323  2105.09  67.5986  802.236  0.37  45.7  53  5.7515  100
226.118  201.323  2059.49  67.3161  794.237  0.38  45.7  53  5.7515  100
226.166  201.451  2017.63  69.6461  701.77  0.38  45.7  53  5.7515  100
226.215  201.451  2113.76  67.2704  816.723  0.37  45.7  53  5.7515  100
226.264  201.451  2126.87  69.3706  749.344  0.36  45.7  53  5.7515  100
226.313  201.58  2147.31  68.4606  788.367  0.36  45.7  53  5.7515  100
226.361  201.58  2017.46  66.591  801.519  0.39  45.7  53  5.7515  100
226.41  201.58  2091.65  70.1207  711.247  0.37  46.2  53  5.7515  100
226.459  201.709  2001.48  67.36  770.448  0.39  46.2  53  5.7515  100
226.508  201.709  2141.73  68.654  779.589  0.36  46.2  53  5.7515  100
226.556  201.709  2043.59  68.462  750.238  0.38  46.2  53  5.7515  100
226.605  201.838  2005.84  67.9962  751.525  0.39  46.2  53  5.7515  100
226.654  201.838  2140.65  68.4733  785.48  0.36  46.2  53  5.7515  100
226.703  201.838  2008.06  67.3131  774.5  0.39  49.3  53  5.7515  100
226.752  201.967  2111.4  67.0139  824.519  0.37  49.3  53  5.7515  100
226.8  201.967  2212.58  69.2808  782.787  0.35  49.3  53  5.7515  100
226.849  201.967  2106.46  69.5334  736.548  0.37  49.3  53  5.7515  100
226.898  202.096  2076.36  67.2813  801.905  0.38  49.3  53  5.7515  100
226.947  202.096  2082.7  70.0157  711.79  0.37  49.3  53  5.7515  100
226.995  202.096  2027.72  66.6196  804.671  0.39  49  53  5.7515  100
227.044  202.224  2159.71  67.5677  824.129  0.36  49  53  5.7515  100
227.093  202.224  2129.47  68.803  769.964  0.36  49  53  5.7515  100
227.142  202.224  2059.81  69.2338  730.316  0.38  49  53  5.7515  100
227.19  202.353  2232.61  68.2877  825.943  0.35  49  53  5.7515  100
227.239  202.353  2109.89  66.7759  831.989  0.37  49  53  5.7515  100
227.288  202.353  2191.78  66.852  861.606  0.36  47.2  53  5.7515  100
227.336  202.482  2095.83  66.3254  841.563  0.38  47.2  53  5.7515  100
227.385  202.482  2004.25  66.6908  793.068  0.39  47.2  53  5.7515  100
227.434  202.482  2167.1  67.9884  812.22  0.36  47.2  53  5.7515  100
227.483  202.611  2283.62  68.7329  828.305  0.34  47.2  53  5.7515  100
227.532  202.611  2052.83  65.4204  853.888  0.39  47.2  53  5.7515  100
227.58  202.611  2159.64  67.0389  842.488  0.36  48.2  53  5.7515  100
227.629  202.74  1996.47  67.3442  769.03  0.39  48.2  53  5.7515  100
227.678  202.74  2031.06  65.4075  845.249  0.39  48.2  53  5.7515  100
227.727  202.74  2103.85  66.2381  847.721  0.38  48.2  53  5.7515  100
227.775  202.868  2155.35  67.3178  831.142  0.36  48.2  53  5.7515  100
227.824  202.868  2078.41  67.4273  797.811  0.38  48.2  53  5.7515  100
227.873  202.868  2277.25  69.6641  791.4  0.34  46.3  53  5.7515  100
227.922  202.997  2064.46  68.2812  763.956  0.38  46.3  53  5.7515  100
227.97  202.997  2082.24  64.062  910.767  0.39  46.3  53  5.7515  100
228.019  202.997  2294.68  69.1291  817.509  0.34  46.3  53  5.7515  100
228.068  203.126  2141.38  68.2274  794.291  0.36  46.3  53  5.7515  100
228.117  203.126  2053.64  68.0389  768.014  0.38  46.3  53  5.7515  100
228.166  203.126  2072.66  67.2514  801.475  0.38  47.4  53  5.7515  100
228.215  203.255  2147.65  64.486  925.062  0.37  47.4  53  5.7515  100
228.263  203.255  2299.79  65.4075  957.084  0.35  47.4  53  5.7515  100
228.312  203.255  2075.55  67.3649  798.799  0.38  47.4  53  5.7515  100
228.361  203.384  1995.42  65.5728  825.179  0.4  47.4  53  5.7515  100
228.41  203.384  1877.9  67.9057  706.34  0.42  47.4  53  5.7515  100
228.459  203.384  1636.15  65.8903  668.344  0.48  45.9  53  5.7515  100
228.507  203.512  1573.42  64.8009  669.909  0.51  45.9  53  5.7515  100
228.556  203.512  1451.95  67.3116  560.046  0.54  45.9  53  5.7515  100
228.605  203.641  1326.37  67.3051  511.747  0.59  45.9  53  5.7515  100
228.654  203.641  1295.32  67.3172  499.512  0.61  45.9  53  5.7515  100
228.703  203.641  1314.44  68.0672  490.97  0.59  45.9  53  5.7515  100
228.752  203.77  1308.35  66.265  526.619  0.6  48.1  53  5.7515  100
228.8  203.77  1330.17  64.5088  572.471  0.6  48.1  53  5.7515  100
228.849  203.77  1240.53  66.9799  485.116  0.63  48.1  53  5.7515  100
228.898  203.899  1214.62  67.3045  468.639  0.65  48.1  53  5.7515  100
228.947  203.899  1207.21  68.0387  451.473  0.65  48.1  53  5.7515  100
228.996  203.899  617.66  65.9961  251.263  1.28  48.1  53  5.7515  100
229.044  204.028  655.162  66.4175  262.11  1.2  48.1  53  5.7515  100
229.093  204.028  670.458  67.5266  256.285  1.17  48.4  53  5.7515  100
229.142  204.028  632.847  67.8304  238.804  1.23  48.4  53  5.7515  100
229.19  204.156  765.571  68.1418  285.03  1.02  48.4  53  5.7515  100
229.239  204.156  666.355  66.4167  266.597  1.18  48.4  53  5.7515  100
229.288  204.156  692.569  66.0569  281.065  1.14  48.4  53  5.7515  100
229.338  204.285  804.593  65.4656  334.099  0.99  48.4  53  5.7515  100
229.386  204.285  602.7  66.3719  241.561  1.31  48.3  53  5.7515  100
229.435  204.285  639.592  67.656  243.151  1.22  48.3  53  5.7515  100
229.484  204.414  746.359  68.1873  277.327  1.04  48.3  53  5.7515  100
229.533  204.414  623.888  67.4121  239.636  1.26  48.3  53  5.7515  100
229.582  204.414  654.383  66.281  263.227  1.21  48.3  53  5.7515  100
229.63  204.543  771.956  67.7129  292.763  1.01  48.3  53  5.7515  100
229.679  204.543  630.541  68.1942  234.222  1.24  49.1  53  5.7515  100
229.728  204.543  660.479  67.8732  248.774  1.18  49.1  53  5.7515  100
229.776  204.672  729.789  68.1989  271.032  1.07  49.1  53  5.7515  100
229.825  204.672  694.641  65.5518  287.491  1.14  49.1  53  5.7515  100
229.874  204.672  640.146  67.6498  243.426  1.22  49.1  53  5.7515  100
229.923  204.8  744.692  68.5978  271.747  1.04  49.1  53  5.7515  100
229.972  204.8  647.715  66.1696  261.697  1.22  46.9  53  5.7515  100
230.021  204.8  609.849  67.3643  234.713  1.29  46.9  53  5.7515  100
230.069  204.929  783.525  66.0844  317.633  1.01  46.9  53  5.7515  100
230.118  204.929  669.961  66.3834  268.396  1.18  46.9  53  5.7515  100
230.167  204.929  650.606  68.0795  242.884  1.2  46.9  53  5.7515  100
230.216  205.058  750.807  67.3367  289.297  1.04  46.9  53  5.7515  100
230.264  205.058  664.031  67.4189  254.982  1.18  46.9  53  5.7515  100
230.313  205.058  688.911  66.8346  271.008  1.14  46.9  53  5.7515  100
230.362  205.187  758.12  65.3319  316.41  1.05  46.9  53  5.7515  100
230.411  205.187  618.217  66.7314  244.222  1.27  46.9  53  5.7515  100
230.459  205.187  630.813  68.3667  232.558  1.23  46.9  53  5.7515  100
230.509  205.316  678.724  68.6279  247.343  1.14  46.9  53  5.7515  100
230.557  205.316  646.948  67.7238  245.24  1.21  47.3  53  5.7515  100
230.606  205.316  686.6  65.7203  282.323  1.16  47.3  53  5.7515  100
230.655  205.444  869.464  66.495  346.767  0.91  47.3  53  5.7515  100
230.704  205.444  651.54  68.2863  241.05  1.2  47.3  53  5.7515  100
230.752  205.444  668.244  67.8212  252.261  1.17  47.3  53  5.7515  100
230.802  205.573  899.322  67.5352  343.645  0.87  47.3  53  5.7515  100
230.85  205.573  638.672  66.4292  255.393  1.24  49.4  53  5.7515  100
230.899  205.573  702.43  65.8461  287.427  1.13  49.4  53  5.7515  100
230.947  205.702  797.641  67.8383  300.888  0.98  49.4  53  5.7515  100
230.996  205.702  648.031  67.3467  249.592  1.21  49.4  53  5.7515  100
231.045  205.702  636.716  67.0981  247.781  1.23  49.4  53  5.7515  100
231.094  205.831  742.252  66.6151  294.604  1.06  49.4  53  5.7515  100
231.143  205.831  678.048  65.5528  280.613  1.17  48.3  53  5.7515  100
231.192  205.831  643.436  66.8345  253.12  1.22  48.3  53  5.7515  100
231.241  205.96  812.828  68.6111  296.436  0.96  48.3  53  5.7515  100
231.289  205.96  628.448  67.369  241.824  1.25  48.3  53  5.7515  100
231.338  205.96  702.923  67.0656  273.913  1.12  48.3  53  5.7515  100
231.387  206.088  839.856  67.4207  322.472  0.93  48.3  53  5.7515  100
231.436  206.088  663.07  66.0954  268.686  1.19  48.3  53  5.7515  100
231.485  206.088  711.839  66.7143  281.402  1.11  47.8  53  5.7515  100
231.533  206.217  778.012  68.1052  290.124  1  47.8  53  5.7515  100
231.582  206.217  651.206  67.1887  252.47  1.21  47.8  53  5.7515  100
231.631  206.217  665.987  67.2298  257.761  1.18  47.8  53  5.7515  100
231.68  206.346  774.943  67.296  299.106  1.01  47.8  53  5.7515  100
231.729  206.346  672.363  67.0135  262.567  1.17  47.8  53  5.7515  100
231.778  206.346  649.155  68.4329  238.623  1.2  47.9  53  5.7515  100
231.826  206.475  734.872  67.3347  283.181  1.07  47.9  53  5.7515  100
231.875  206.475  655.427  66.0821  265.728  1.21  47.9  53  5.7515  100
231.924  206.475  724.906  66.66  287.198  1.09  47.9  53  5.7515  100
231.973  206.604  805.07  67.2276  311.62  0.97  47.9  53  5.7515  100
232.021  206.604  632.79  67.6579  240.547  1.24  47.9  53  5.7515  100
232.07  206.733  689.578  67.6045  262.727  1.13  47.4  53  5.7515  100
232.119  206.733  757.798  66.5253  301.865  1.04  47.4  53  5.7515  100
232.168  206.733  657.363  65.7603  269.884  1.21  47.4  53  5.7515  100
232.216  206.861  755.875  67.1943  292.983  1.04  47.4  53  5.7515  100
232.265  206.861  791.989  67.1317  307.779  0.99  47.4  53  5.7515  100
232.314  206.861  662.542  67.191  256.841  1.18  47.4  53  5.7515  100
232.363  206.99  802.356  66.3285  322.139  0.98  47.8  53  5.7515  100
232.411  206.99  856.402  66.4735  341.854  0.92  47.8  53  5.7515  100
232.46  206.99  689.389  66.7549  272.078  1.14  47.8  53  5.7515  100
232.509  207.119  719.91  67.416  276.473  1.09  47.8  53  5.7515  100
232.558  207.119  826.285  67.5603  315.402  0.95  47.8  53  5.7515  100
232.607  207.119  676.166  66.2474  272.352  1.17  47.8  53  5.7515  100
232.655  207.248  800.718  64.3472  346.644  1  46.7  53  5.7515  100
232.704  207.248  775.506  65.4294  322.467  1.03  46.7  53  5.7515  100
232.753  207.248  671.214  67.0626  261.589  1.17  46.7  53  5.7515  100
232.802  207.377  753.545  67.3378  290.339  1.04  46.7  53  5.7515  100
232.851  207.377  663.987  67.0147  259.283  1.18  46.7  53  5.7515  100
232.9  207.377  662.942  66.2511  266.986  1.19  46.7  53  5.7515  100
232.948  207.505  822.778  66.4115  329.248  0.96  46.9  53  5.7515  100
232.997  207.505  734.803  67.4975  281.227  1.07  46.9  53  5.7515  100
233.046  207.505  664.324  68.3594  244.992  1.17  46.9  53  5.7515  100
233.095  207.634  784.833  67.8419  296.01  1  46.9  53  5.7515  100
233.143  207.634  722.616  66.4134  289.143  1.09  46.9  53  5.7515  100
233.192  207.634  658.58  65.4657  273.467  1.21  46.9  53  5.7515  100
233.241  207.763  832.198  67.7553  315.04  0.94  49.3  53  5.7515  100
233.29  207.763  650.665  68.2285  241.335  1.2  49.3  53  5.7515  100
233.338  207.763  644.766  66.733  254.693  1.22  49.3  53  5.7515  100
233.387  207.892  804.717  66.8395  316.501  0.98  49.3  53  5.7515  100
233.436  207.892  686.775  66.0403  278.895  1.15  49.3  53  5.7515  100
233.485  207.892  672.008  66.5994  266.893  1.17  49.3  53  5.7515  100
233.533  208.021  795.625  68.6762  289.319  0.98  46.7  53  5.7515  100
233.582  208.021  690.22  68.0014  258.546  1.13  46.7  53  5.7515  100
233.631  208.021  642.84  68.1567  239.181  1.21  46.7  53  5.7515  100
233.68  208.149  785.815  66.8894  308.438  1  46.7  53  5.7515  100
233.728  208.149  553.186  66.7199  218.633  1.42  46.7  53  5.7515  100
233.777  208.149  639.432  68.8976  230.218  1.21  46.7  53  5.7515  100
233.826  208.278  785.322  68.2282  291.284  0.99  49.5  53  5.7515  100
233.875  208.278  703.85  67.1687  273.107  1.12  49.5  53  5.7515  100
233.924  208.278  690.244  66.6354  273.737  1.14  49.5  53  5.7515  100
233.972  208.407  816.852  67.2169  316.321  0.96  49.5  53  5.7515  100
234.021  208.407  629.464  68.3588  232.142  1.24  49.5  53  5.7515  100
234.07  208.407  636.697  68.428  234.095  1.22  49.5  53  5.7515  100
234.119  208.536  834.035  67.8322  314.699  0.94  49.5  53  5.7515  100
234.168  208.536  696.402  67.0843  271.162  1.13  47.5  53  5.7515  100
234.216  208.536  746.265  65.9749  303.832  1.06  47.5  53  5.7515  100
234.265  208.665  810.016  66.6724  320.756  0.97  47.5  53  5.7515  100
234.314  208.665  711.972  66.6416  282.284  1.11  47.5  53  5.7515  100
234.363  208.665  670.936  67.6621  255.002  1.17  47.5  53  5.7515  100
234.412  208.793  883.804  65.7806  362.564  0.9  47.5  53  5.7515  100
234.46  208.793  773.026  64.8032  329.099  1.03  46.4  53  5.7515  100
234.509  208.793  693.024  65.7866  284.234  1.14  46.4  53  5.7515  100
234.558  208.922  939.559  67.1935  364.192  0.84  46.4  53  5.7515  100
234.606  208.922  725.502  65.9207  296.005  1.09  46.4  53  5.7515  100
234.656  208.922  721.028  65.39  300.265  1.1  46.4  53  5.7515  100
234.704  209.051  978.408  64.8497  415.818  0.82  46.4  53  5.7515  100
234.753  209.051  773.406  64.3971  334.212  1.04  47  53  5.7515  100
234.802  209.051  700.184  66.4436  279.83  1.13  47  53  5.7515  100
234.851  209.18  864.722  66.9641  338.372  0.91  47  53  5.7515  100
234.899  209.18  773.518  65.8738  316.174  1.02  47  53  5.7515  100
234.948  209.18  769.709  64.6312  329.777  1.04  47  53  5.7515  100
234.997  209.309  975.357  65.5667  403.441  0.81  47  53  5.7515  100
235.046  209.309  681.821  65.4542  283.243  1.17  49.2  53  5.7515  100
235.094  209.309  713.716  66.5983  283.471  1.1  49.2  53  5.7515  100
235.143  209.437  945.889  66.9345  370.584  0.83  49.2  53  5.7515  100
235.192  209.437  752.596  64.6582  322.125  1.06  49.2  53  5.7515  100
235.241  209.437  763.299  65.8183  312.671  1.04  49.2  53  5.7515  100
235.289  209.566  906.571  66.3918  363.063  0.87  49.2  53  5.7515  100
235.338  209.566  702.51  65.3898  292.555  1.13  47.3  53  5.7515  100
235.387  209.566  795.055  65.8933  324.729  1  47.3  53  5.7515  100
235.436  209.695  962.476  64.903  408.235  0.83  47.3  53  5.7515  100
235.484  209.695  775.64  64.4407  334.647  1.03  47.3  53  5.7515  100
235.533  209.695  825.085  66.2824  331.873  0.96  47.3  53  5.7515  100
235.582  209.824  924.975  66.2201  372.973  0.85  47.3  53  5.7515  100
235.631  209.824  730.432  65.0368  308.269  1.09  48.5  53  5.7515  100
235.68  209.824  790.763  66.2686  318.242  1  48.5  53  5.7515  100
235.728  209.953  940.168  64.3707  406.667  0.85  48.5  53  5.7515  100
235.777  209.953  721.674  65.0162  304.808  1.11  48.5  53  5.7515  100
235.826  209.953  812.64  66.0996  329.239  0.97  48.5  53  5.7515  100
235.875  210.081  949.713  66.5993  377.187  0.83  48.5  53  5.7515  100
235.924  210.081  710.111  65.697  292.254  1.12  47  53  5.7515  100
235.973  210.081  843.729  64.9131  357.734  0.95  47  53  5.7515  100
236.022  210.21  1000.06  64.8674  424.74  0.8  47  53  5.7515  100
236.07  210.21  717.324  65.6546  295.707  1.11  47  53  5.7515  100
236.119  210.21  801.048  66.1684  323.663  0.99  47  53  5.7515  100
236.168  210.339  946.056  67.0965  368.186  0.83  47  53  5.7515  100
236.217  210.339  713.353  65.1871  299.363  1.12  44.6  53  5.7515  100
236.266  210.339  848.095  63.8859  373.298  0.95  44.6  53  5.7515  100
236.314  210.468  972.804  66.3901  389.615  0.81  44.6  53  5.7515  100
236.363  210.468  703.449  65.6983  289.498  1.13  44.6  53  5.7515  100
236.412  210.468  837.859  65.8307  343.048  0.95  44.6  53  5.7515  100
236.461  210.597  932.523  65.783  382.515  0.85  44.6  53  5.7515  100
236.51  210.597  742.474  64.5639  318.895  1.08  44.6  53  5.7515  100
236.558  210.725  931.509  63.9768  408.685  0.86  47.6  53  5.7515  100
236.607  210.725  953.452  65.7217  392.03  0.83  47.6  53  5.7515  100
236.656  210.725  708.768  65.6523  292.206  1.12  47.6  53  5.7515  100
236.705  210.854  896.783  66.58  356.443  0.88  47.6  53  5.7515  100
236.754  210.854  869.994  64.5656  373.643  0.92  47.6  53  5.7515  100
236.803  210.854  747.598  63.6495  331.83  1.08  47.6  53  5.7515  100
236.851  210.983  899.998  66.2729  362.142  0.88  48.1  53  5.7515  100
236.9  210.983  861.823  65.5849  356.23  0.92  48.1  53  5.7515  100
236.949  210.983  746.52  65.7678  306.398  1.06  48.1  53  5.7515  100
236.998  211.112  911.05  66.4954  363.348  0.87  48.1  53  5.7515  100
237.046  211.112  902.633  64.1292  393.858  0.89  48.1  53  5.7515  100
237.095  211.112  782.848  64.3967  338.298  1.02  48.1  53  5.7515  100
237.144  211.241  869.17  66.4405  347.408  0.91  49.3  53  5.7515  100
237.193  211.241  832.667  64.5356  358.006  0.96  49.3  53  5.7515  100
237.241  211.241  754.22  65.5711  311.918  1.05  49.3  53  5.7515  100
237.29  211.369  926.239  64.9183  392.642  0.86  49.3  53  5.7515  100
237.339  211.369  899.135  64.4557  387.714  0.89  49.3  53  5.7515  100
237.388  211.369  739.927  65.1199  311.302  1.08  49.3  53  5.7515  100
237.437  211.498  911.549  65.8829  372.461  0.87  48.2  53  5.7515  100
237.485  211.498  795.528  65.5345  329.464  1  48.2  53  5.7515  100
237.534  211.498  739.4  65.0913  311.416  1.08  48.2  53  5.7515  100
237.583  211.627  956.036  63.9348  420.076  0.84  48.2  53  5.7515  100
237.632  211.627  776.758  65.0859  327.217  1.03  48.2  53  5.7515  100
237.681  211.627  722.505  65.6203  298.237  1.1  48.2  53  5.7515  100
237.729  211.756  905.924  65.0558  382.061  0.88  46.8  53  5.7515  100
237.778  211.756  836.284  66.2157  337.269  0.95  46.8  53  5.7515  100
237.827  211.756  766.277  63.6213  340.458  1.05  46.8  53  5.7515  100
237.875  211.885  948.161  65.2682  396.683  0.84  46.8  53  5.7515  100
237.924  211.885  798.697  66.3211  320.766  0.99  46.8  53  5.7515  100
237.973  211.885  745.466  65.3363  311.077  1.07  46.8  53  5.7515  100
238.022  212.014  966.542  66.8386  380.163  0.81  47  53  5.7515  100
238.07  212.014  860.711  64.8539  365.74  0.93  47  53  5.7515  100
238.119  212.014  781.53  65.0116  330.145  1.02  47  53  5.7515  100
238.168  212.142  991.072  65.6597  408.475  0.8  47  53  5.7515  100
238.217  212.142  813.041  66.0454  330.105  0.97  47  53  5.7515  100
238.266  212.142  779.903  64.5875  334.681  1.03  47  53  5.7515  100
238.315  212.271  1014.09  64.4679  437.089  0.79  46.3  53  5.7515  100
238.363  212.271  760.526  64.7302  324.654  1.05  46.3  53  5.7515  100
238.412  212.271  799.381  65.329  333.667  1  46.3  53  5.7515  100
238.461  212.4  957.258  66.9168  375.31  0.82  46.3  53  5.7515  100
238.51  212.4  778.078  65.422  323.627  1.02  46.3  53  5.7515  100
238.558  212.4  828.131  63.3681  371.215  0.98  46.3  53  5.7515  100
238.607  212.529  1053.94  64.7074  450.284  0.76  50.1  53  5.7515  100
238.656  212.529  758.395  65.0519  319.888  1.05  50.1  53  5.7515  100
238.705  212.529  821.648  66.0134  334.019  0.96  50.1  53  5.7515  100
238.753  212.658  1017.27  66.2918  409.023  0.78  50.1  53  5.7515  100
238.802  212.658  802.533  64.2895  348.159  1  50.1  53  5.7515  100
238.851  212.658  849.167  64.1722  369.956  0.95  50.1  53  5.7515  100
238.9  212.786  1001.65  64.3213  434.039  0.8  50.1  53  5.7515  100
238.948  212.786  752.315  64.4885  324.017  1.07  49.7  53  5.7515  100
238.997  212.786  876.639  65.5245  363.195  0.91  49.7  53  5.7515  100
239.046  212.915  1031.87  64.6247  442.201  0.78  49.7  53  5.7515  100
239.095  212.915  785.5  63.8268  346.473  1.03  49.7  53  5.7515  100
239.143  212.915  907.705  65.2631  379.832  0.88  49.7  53  5.7515  100
239.192  213.044  980.214  64.9254  415.412  0.81  49.7  53  5.7515  100
239.241  213.044  793.43  64.4783  341.851  1.01  46.7  53  5.7515  100
239.289  213.044  1001.32  65.013  422.968  0.8  46.7  53  5.7515  100
239.338  213.173  1039.79  63.9843  456.068  0.77  46.7  53  5.7515  100
239.387  213.173  776.285  65.3103  324.257  1.03  46.7  53  5.7515  100
239.436  213.173  874.704  65.6766  360.279  0.91  46.7  53  5.7515  100
239.485  213.302  997.627  64.8844  423.438  0.8  46.7  53  5.7515  100
239.533  213.302  777.301  65.3635  324.025  1.02  47.3  53  5.7515  100
239.582  213.302  798.211  66.8265  314.109  0.99  47.3  53  5.7515  100
239.631  213.43  893.028  68.3486  329.49  0.87  47.3  53  5.7515  100
239.68  213.43  700.277  69.0867  249.967  1.11  47.3  53  5.7515  100
239.728  213.43  796.972  68.0209  298.281  0.98  47.3  53  5.7515  100
239.777  213.559  927.891  69.096  331.075  0.83  47.3  53  5.7515  100
239.826  213.559  709.385  68.2535  262.827  1.1  49.7  53  5.7515  100
239.875  213.559  861.781  67.4957  329.849  0.91  49.7  53  5.7515  100
239.923  213.688  929.43  68.1976  345.197  0.84  49.7  53  5.7515  100
239.972  213.688  701.278  68.6123  255.74  1.11  49.7  53  5.7515  100
240.021  213.817  901.732  66.9614  352.894  0.87  49.7  53  5.7515  100
240.07  213.817  971.573  67.9254  365.13  0.8  49.7  53  5.7515  100
240.118  213.817  708.395  67.3771  272.495  1.11  46.5  53  5.7515  100
240.167  213.946  896.424  68.1642  333.423  0.87  46.5  53  5.7515  100
240.216  213.946  892.473  67.7002  338.651  0.88  46.5  53  5.7515  100
240.265  213.946  674.644  68.2449  250.05  1.15  46.5  53  5.7515  100
240.313  214.074  954.572  66.4617  381.22  0.83  46.5  53  5.7515  100
240.362  214.074  905.271  66.4783  361.29  0.87  46.5  53  5.7515  100
240.411  214.074  706.757  67.5025  270.436  1.11  46.1  53  5.7515  100
240.46  214.203  925.243  69.1818  328.835  0.84  46.1  53  5.7515  100
240.508  214.203  884.949  67.6804  336.079  0.88  46.1  53  5.7515  100
240.557  214.203  761.097  66.3427  305.401  1.04  46.1  53  5.7515  100
240.606  214.332  959.139  67.0015  374.742  0.82  46.1  53  5.7515  100
240.655  214.332  899.212  67.4047  345.495  0.87  46.1  53  5.7515  100
240.704  214.332  772.557  67.0938  300.697  1.02  47.7  53  5.7515  100
240.753  214.461  946.42  68.8121  342.062  0.82  47.7  53  5.7515  100
240.801  214.461  861.641  67.7275  326.572  0.91  47.7  53  5.7515  100
240.85  214.461  807.953  66.7504  318.929  0.97  47.7  53  5.7515  100
240.899  214.59  976.191  67.611  371.824  0.8  47.7  53  5.7515  100
240.948  214.59  840.103  66.8138  330.766  0.94  47.7  53  5.7515  100
240.997  214.59  722.115  67.579  275.422  1.08  49.1  53  5.7515  100
241.045  214.718  990.325  65.9065  404.278  0.8  49.1  53  5.7515  100
241.094  214.718  945.904  63.7544  418.298  0.85  49.1  53  5.7515  100
241.143  214.718  862.406  63.5499  384.131  0.94  49.1  53  5.7515  100
241.192  214.847  1021.64  63.2316  460.131  0.79  49.1  53  5.7515  100
241.241  214.847  887.297  63.8422  391.16  0.91  49.1  53  5.7515  100
241.289  214.847  784.688  64.1293  342.391  1.02  47.6  53  5.7515  100
241.338  214.976  1096.2  63.1148  495.705  0.74  47.6  53  5.7515  100
241.387  214.976  991.432  63.9542  435.327  0.81  47.6  53  5.7515  100
241.435  214.976  808.61  65.3725  336.962  0.98  47.6  53  5.7515  100
241.484  215.105  1037.08  64.1724  451.818  0.77  47.6  53  5.7515  100
241.533  215.105  903.576  63.7497  399.646  0.89  47.6  53  5.7515  100
241.582  215.105  874.26  63.422  391.158  0.93  47.6  53  5.7515  100
241.631  215.234  1162.36  62.1262  543.431  0.7  47.9  53  5.7515  100
241.679  215.234  900.236  63.7081  398.755  0.9  47.9  53  5.7515  100
241.728  215.234  875.779  63.7146  387.832  0.92  47.9  53  5.7515  100
241.777  215.362  1092.7  64.0291  478.511  0.74  47.9  53  5.7515  100
241.826  215.362  968.022  64.0287  423.917  0.83  47.9  53  5.7515  100
241.875  215.362  950.413  62.3397  441.209  0.86  47.9  53  5.7515  100
241.923  215.491  1088.95  64.7647  464.258  0.73  48.5  53  5.7515  100
241.972  215.491  887.156  63.5681  394.904  0.91  48.5  53  5.7515  100
242.021  215.491  851.597  63.9505  373.976  0.95  48.5  53  5.7515  100
242.07  215.62  1094.37  64.3756  473.283  0.73  48.5  53  5.7515  100
242.119  215.62  881.812  62.7148  404.24  0.92  48.5  53  5.7515  100
242.167  215.62  909.066  62.7473  416.275  0.9  48.5  53  5.7515  100
242.216  215.749  1075.59  63.8014  474.855  0.75  46.7  53  5.7515  100
242.265  215.749  849.799  63.9063  373.776  0.95  46.7  53  5.7515  100
242.314  215.749  884.561  63.5525  393.964  0.91  46.7  53  5.7515  100
242.362  215.878  1067.49  64.2296  464.111  0.75  46.7  53  5.7515  100
242.411  215.878  854.815  63.108  386.641  0.95  46.7  53  5.7515  100
242.46  215.878  919.946  64.4688  396.5  0.87  46.7  53  5.7515  100
242.509  216.006  1090.38  65.0765  459.496  0.73  47.8  53  5.7515  100
242.558  216.006  931.056  63.0251  422.327  0.87  47.8  53  5.7515  100
242.607  216.006  1004.86  63.8375  443.063  0.8  47.8  53  5.7515  100
242.655  216.135  1189.17  63.6689  527.466  0.68  47.8  53  5.7515  100
242.704  216.135  950.054  62.943  432.157  0.86  47.8  53  5.7515  100
242.753  216.135  990.586  64.1293  432.234  0.81  47.8  53  5.7515  100
242.802  216.264  1038.91  63.0697  470.529  0.78  47.9  53  5.7515  100
242.851  216.264  874.05  63.1502  394.767  0.93  47.9  53  5.7515  100
242.899  216.264  942.295  64.1757  410.475  0.85  47.9  53  5.7515  100
242.948  216.393  1096.85  62.7245  502.653  0.74  47.9  53  5.7515  100
242.997  216.393  840.487  63.9403  369.233  0.96  47.9  53  5.7515  100
243.046  216.393  975.124  63.9805  427.764  0.83  47.9  53  5.7515  100
243.094  216.522  1099.7  62.6686  504.913  0.74  46.6  53  5.7515  100
243.143  216.522  916.937  63.1134  414.663  0.88  46.6  53  5.7515  100
243.192  216.522  1025.15  63.4828  457.694  0.79  46.6  53  5.7515  100
243.241  216.651  1099.56  63.6331  488.334  0.73  46.6  53  5.7515  100
243.289  216.651  854.707  65.3426  356.577  0.93  46.6  53  5.7515  100
243.338  216.651  1019.71  63.3302  457.696  0.79  46.6  53  5.7515  100
243.387  216.779  1075.05  63.6544  477.092  0.75  48.2  53  5.7515  100
243.436  216.779  897.625  63.5387  399.975  0.9  48.2  53  5.7515  100
243.485  216.779  1018.09  61.3908  487.495  0.81  48.2  53  5.7515  100
243.534  216.908  1091.83  64.5128  469.825  0.73  48.2  53  5.7515  100
243.582  216.908  845.244  64.9274  358.187  0.94  48.2  53  5.7515  100
243.631  216.908  1077.85  62.8028  492.636  0.75  48.2  53  5.7515  100
243.68  217.037  1113.76  64.5997  477.733  0.72  47.9  53  5.7515  100
243.729  217.037  879.046  64.0257  384.994  0.92  47.9  53  5.7515  100
243.778  217.037  1058.83  63.6749  469.555  0.76  47.9  53  5.7515  100
243.826  217.166  1076.6  64.17  469.078  0.75  47.9  53  5.7515  100
243.875  217.166  864.459  63.4369  386.571  0.94  47.9  53  5.7515  100
243.924  217.295  1132.44  63.1648  511.215  0.72  47.9  53  5.7515  100
243.973  217.295  1135.47  62.9638  516.131  0.72  47.9  53  5.7515  100
244.021  217.295  931.729  63.1026  421.509  0.87  49.9  53  5.7515  100
244.07  217.423  1088.83  65.2999  454.987  0.73  49.9  53  5.7515  100
244.119  217.423  1072.19  63.2824  482.048  0.76  49.9  53  5.7515  100
244.168  217.423  876.98  63.4461  392.045  0.92  49.9  53  5.7515  100
244.216  217.552  1140.41  62.6597  523.76  0.71  49.9  53  5.7515  100
244.265  217.552  1115.68  63.4575  498.553  0.72  49.9  53  5.7515  100
244.314  217.552  880.48  63.6809  390.378  0.92  47.7  53  5.7515  100
244.363  217.681  1104.01  65.5964  456.134  0.72  47.7  53  5.7515  100
244.411  217.681  1113.22  64.0531  487.076  0.72  47.7  53  5.7515  100
244.46  217.681  940.504  63.4814  419.923  0.86  47.7  53  5.7515  100
244.509  217.81  1114.12  62.9457  506.741  0.73  47.7  53  5.7515  100
244.558  217.81  1024.36  62.6754  470.211  0.79  47.7  53  5.7515  100
244.607  217.81  920.555  63.7219  407.556  0.88  46.4  53  5.7515  100
244.655  217.939  1134.13  63.3441  508.807  0.71  46.4  53  5.7515  100
244.704  217.939  1069.9  62.1101  500.473  0.77  46.4  53  5.7515  100
244.753  217.939  988.848  64.1514  431.133  0.81  46.4  53  5.7515  100
244.802  218.067  1118.09  63.3818  500.954  0.72  46.4  53  5.7515  100
244.851  218.067  1059.8  63.8867  466.471  0.76  46.4  53  5.7515  100
244.9  218.067  887.415  64.2812  385.098  0.9  48.9  53  5.7515  100
244.948  218.196  1117.39  62.5627  514.867  0.73  48.9  53  5.7515  100
244.997  218.196  1060.24  64.1534  462.225  0.76  48.9  53  5.7515  100
245.046  218.196  840.382  63.3525  376.911  0.96  48.9  53  5.7515  100
245.095  218.325  1099.22  62.7887  502.642  0.74  48.9  53  5.7515  100
245.144  218.325  991.642  63.6598  439.991  0.81  48.9  53  5.7515  100
245.192  218.325  931.369  63.8837  409.983  0.87  45.4  53  5.7515  100
245.241  218.454  1185.09  62.1394  553.821  0.69  45.4  53  5.7515  100
245.29  218.454  1124.64  63.6708  498.812  0.72  45.4  53  5.7515  100
245.339  218.454  960.969  62.9985  436.293  0.84  45.4  53  5.7515  100
245.388  218.583  1115.83  62.8986  508.335  0.73  45.4  53  5.7515  100
245.436  218.583  1003.18  63.9591  440.41  0.8  45.4  53  5.7515  100
245.485  218.583  964.487  62.8643  439.902  0.84  47.1  53  5.7515  100
245.534  218.711  1163.33  63.9252  511.334  0.69  47.1  53  5.7515  100
245.583  218.711  983.528  64.2574  427.174  0.82  47.1  53  5.7515  100
245.631  218.711  897.201  62.5773  413.208  0.91  47.1  53  5.7515  100
245.68  218.84  1161.36  64.2424  504.686  0.69  47.1  53  5.7515  100
245.729  218.84  963.301  63.878  424.126  0.84  47.1  53  5.7515  100
245.778  218.84  1028.72  62.3899  476.763  0.79  47.8  53  5.7515  100
245.827  218.969  1178.63  63.1051  533.157  0.69  47.8  53  5.7515  100
245.876  218.969  997.162  63.7647  440.804  0.81  47.8  53  5.7515  100
245.924  218.969  960.004  62.8112  438.649  0.85  47.8  53  5.7515  100
245.973  219.098  1180.7  63.9987  517.608  0.68  47.8  53  5.7515  100
246.022  219.098  992.566  62.807  453.592  0.82  47.8  53  5.7515  100
246.07  219.098  969.982  63.3258  435.44  0.83  48.1  53  5.7515  100
246.119  219.227  1138.29  63.9973  499.041  0.71  48.1  53  5.7515  100
246.168  219.227  990.315  62.9844  449.834  0.82  48.1  53  5.7515  100
246.217  219.227  1078.46  63.2083  486.114  0.75  48.1  53  5.7515  100
246.265  219.355  1135.29  63.0145  515.154  0.72  48.1  53  5.7515  100
246.314  219.355  964.733  62.1974  449.978  0.85  48.1  53  5.7515  100
246.363  219.355  970.817  63.7577  429.265  0.83  48.1  53  5.7515  100
246.412  219.484  1099.42  62.769  503.073  0.74  46.4  53  5.7515  100
246.461  219.484  964.341  62.4465  446.081  0.85  46.4  53  5.7515  100
246.509  219.484  919.104  63.6593  407.813  0.88  46.4  53  5.7515  100
246.558  219.613  1171.85  61.8762  552.384  0.7  46.4  53  5.7515  100
246.607  219.613  973.645  64.1936  423.858  0.83  46.4  53  5.7515  100
246.656  219.613  940.299  64.0686  411.188  0.86  46.4  53  5.7515  100
246.704  219.742  1145.72  62.3943  530.91  0.71  47  53  5.7515  100
246.753  219.742  988.504  64.2997  428.678  0.81  47  53  5.7515  100
246.802  219.742  955.127  61.7334  452.324  0.86  47  53  5.7515  100
246.851  219.871  1147.65  62.2911  533.634  0.71  47  53  5.7515  100
246.899  219.871  943.52  63.8749  415.463  0.85  47  53  5.7515  100
246.948  219.871  989.986  63.3186  444.533  0.82  47  53  5.7515  100
246.997  219.999  1164.19  64.0106  510.155  0.69  46.2  53  5.7515  100
247.046  219.999  957.048  63.2086  431.383  0.85  46.2  53  5.7515  100
247.094  219.999  1013.55  62.4064  469.475  0.81  46.2  53  5.7515  100
247.143  220.128  1112.4  64.3391  481.718  0.72  46.2  53  5.7515  100
247.192  220.128  902.298  63.925  396.602  0.89  46.2  53  5.7515  100
247.241  220.128  1062.54  63.1082  480.593  0.76  46.2  53  5.7515  100
247.289  220.257  1207.07  63.1368  545.427  0.67  45.7  53  5.7515  100
247.338  220.257  934.532  63.8007  412.591  0.86  45.7  53  5.7515  100
247.387  220.257  960.543  64.1461  418.871  0.84  45.7  53  5.7515  100
247.436  220.386  1093.72  64.0409  478.752  0.74  45.7  53  5.7515  100
247.484  220.386  902.588  63.0327  409.307  0.9  45.7  53  5.7515  100
247.533  220.386  1057.83  63.2914  475.444  0.77  45.7  53  5.7515  100
247.582  220.515  1158.27  64.1611  504.823  0.69  47.2  53  5.7515  100
247.631  220.515  915.605  63.3034  411.351  0.88  47.2  53  5.7515  100
247.679  220.515  979.113  65.0168  413.53  0.82  47.2  53  5.7515  100
247.728  220.643  1115.1  62.9271  507.51  0.73  47.2  53  5.7515  100
247.777  220.643  873.986  63.2779  393  0.93  47.2  53  5.7515  100
247.826  220.643  1093.4  63.1982  493.019  0.74  47.2  53  5.7515  100
247.875  220.772  1115.25  63.2432  502.09  0.73  47.5  53  5.7515  100
247.924  220.772  862.602  63.7423  381.623  0.94  47.5  53  5.7515  100
247.972  220.772  1047.65  65.2765  438.17  0.76  47.5  53  5.7515  100
248.021  220.901  1095.91  63.1036  495.768  0.74  47.5  53  5.7515  100
248.07  220.901  953.412  62.5198  439.944  0.86  47.5  53  5.7515  100
248.119  220.901  1095.42  62.8625  499.649  0.74  47.5  53  5.7515  100
248.168  221.03  1103.93  62.3302  512.64  0.74  48.8  53  5.7515  100
248.217  221.03  933.456  62.9012  425.213  0.87  48.8  53  5.7515  100
248.265  221.03  1098.55  63.1795  495.663  0.74  48.8  53  5.7515  100
248.314  221.159  1172.7  61.877  552.773  0.7  48.8  53  5.7515  100
248.363  221.159  979.492  62.7393  448.647  0.83  48.8  53  5.7515  100
248.412  221.159  1098.07  62.3834  509.014  0.74  48.8  53  5.7515  100
248.461  221.288  1076.61  62.781  492.435  0.76  47.9  53  5.7515  100
248.509  221.288  874.269  63.1827  394.424  0.93  47.9  53  5.7515  100
248.558  221.288  1077.19  63.7085  477.127  0.75  47.9  53  5.7515  100
248.607  221.416  1169.46  61.9392  550.126  0.7  47.9  53  5.7515  100
248.656  221.416  933.935  63.1336  422.057  0.87  47.9  53  5.7515  100
248.705  221.545  1134.48  63.386  508.22  0.71  47.9  53  5.7515  100
248.754  221.545  1141.14  63.9637  500.892  0.71  48.2  53  5.7515  100
248.802  221.545  931.729  63.1026  421.509  0.87  48.2  53  5.7515  100
248.851  221.674  1164.68  63.6682  516.617  0.69  48.2  53  5.7515  100
248.9  221.674  1179.15  63.8894  518.952  0.68  48.2  53  5.7515  100
248.948  221.674  891.906  62.7077  408.965  0.91  48.2  53  5.7515  100
248.997  221.803  1113.16  63.2187  501.577  0.73  48.2  53  5.7515  100
249.046  221.803  1116.1  63.8409  492.048  0.72  48.2  53  5.7515  100
249.095  221.803  1040.87  63.0458  471.805  0.78  46.9  53  5.7515  100
249.144  221.932  1239.87  62.7691  567.336  0.66  46.9  53  5.7515  100
249.192  221.932  1134.25  64.552  487.377  0.71  46.9  53  5.7515  100
249.241  221.932  943.781  63.1114  426.832  0.86  46.9  53  5.7515  100
249.29  222.06  1134.82  63.6315  504.023  0.71  46.9  53  5.7515  100
249.339  222.06  1158.83  62.7619  530.383  0.7  46.9  53  5.7515  100
249.388  222.06  948.404  63.1306  428.639  0.86  47.9  53  5.7515  100
249.436  222.189  1187.89  63.9642  521.402  0.68  47.9  53  5.7515  100
249.485  222.189  1122.41  62.7254  514.35  0.73  47.9  53  5.7515  100
249.534  222.189  988.78  63.3158  444.034  0.82  47.9  53  5.7515  100
249.583  222.318  1181.83  63.6725  524.143  0.68  47.9  53  5.7515  100
249.631  222.318  1188.13  62.3079  552.15  0.69  47.9  53  5.7515  100
249.68  222.318  1004.41  63.2139  452.649  0.81  47.9  53  5.7515  100
249.729  222.447  1114.05  63.925  489.676  0.72  47.9  53  5.7515  100
249.778  222.447  1123.91  62.5835  517.512  0.73  47.9  53  5.7515  100
249.826  222.447  965.566  62.7423  442.223  0.84  47.9  53  5.7515  100
249.875  222.576  1205.74  63.2118  543.419  0.67  47.9  53  5.7515  100
249.924  222.576  1143.81  62.6133  526.146  0.71  47.9  53  5.7515  100
249.973  222.576  996.58  62.8789  454.315  0.82  48.3  53  5.7515  100
250.022  222.704  1120.23  62.5574  516.268  0.73  48.3  53  5.7515  100
250.07  222.704  1042.95  62.553  480.725  0.78  48.3  53  5.7515  100
250.119  222.704  957.678  63.8017  422.795  0.84  48.3  53  5.7515  100
250.168  222.833  1128.32  61.4082  539.974  0.73  48.3  53  5.7515  100
250.217  222.833  1004.45  63.2408  452.245  0.81  48.3  53  5.7515  100
250.265  222.833  940.734  64.5489  404.271  0.85  47.2  53  5.7515  100
250.314  222.962  1112.18  63.2369  500.82  0.73  47.2  53  5.7515  100
250.363  222.962  1058.76  63.922  465.425  0.76  47.2  53  5.7515  100
250.412  222.962  982.708  62.064  460.384  0.83  47.2  53  5.7515  100
250.461  223.091  1181.14  63.1974  532.599  0.69  47.2  53  5.7515  100
250.51  223.091  1024.8  63.8618  451.463  0.79  47.2  53  5.7515  100
250.558  223.091  947.191  64.0303  414.771  0.85  48.5  53  5.7515  100
250.607  223.22  1144.79  63.7678  506.009  0.7  48.5  53  5.7515  100
250.656  223.22  1017.9  63.2791  457.693  0.8  48.5  53  5.7515  100
250.705  223.22  1001.17  62.4459  463.129  0.82  48.5  53  5.7515  100
250.753  223.348  1155.82  64.0198  506.318  0.7  48.5  53  5.7515  100
250.803  223.348  967.661  64.9656  409.477  0.83  48.5  53  5.7515  100
250.852  223.348  1026.03  62.9516  466.581  0.79  48.3  53  5.7515  100
250.9  223.477  1157.02  63.7327  512.051  0.7  48.3  53  5.7515  100
250.949  223.477  1093.77  63.13  494.349  0.74  48.3  53  5.7515  100
250.998  223.477  1052.93  62.0824  492.984  0.78  48.3  53  5.7515  100
251.046  223.606  1156.9  64.5793  496.613  0.69  48.3  53  5.7515  100
251.096  223.606  961.824  62.771  440.08  0.85  48.3  53  5.7515  100
251.144  223.606  1009.1  63.7215  446.761  0.8  45  53  5.7515  100
251.193  223.735  1170.06  65.1317  492.048  0.68  45  53  5.7515  100
251.242  223.735  995.791  62.2443  463.743  0.82  45  53  5.7515  100
251.291  223.735  1014.85  63.4568  453.51  0.8  45  53  5.7515  100
251.339  223.864  1115.31  64.6045  478.317  0.72  45  53  5.7515  100
251.388  223.864  947.721  63.7421  419.283  0.85  45  53  5.7515  100
251.437  223.864  1115.32  64.5256  479.707  0.72  45  53  5.7515  100
251.486  223.992  1195.46  63.4191  534.922  0.68  47.3  53  5.7515  100
251.535  223.992  972.363  61.6739  461.375  0.85  47.3  53  5.7515  100
251.583  223.992  1025.39  63.7158  454.066  0.79  47.3  53  5.7515  100
251.632  224.121  1094.43  63.8861  481.721  0.74  47.3  53  5.7515  100
251.681  224.121  940.795  64.7493  401.323  0.85  47.3  53  5.7515  100
251.73  224.121  1111.03  64.7091  474.646  0.72  47.3  53  5.7515  100
251.779  224.25  1172.08  61.8547  552.881  0.7  46.2  53  5.7515  100
251.827  224.25  929.99  63.8464  409.92  0.87  46.2  53  5.7515  100
251.876  224.25  1028.69  63.8449  453.451  0.78  46.2  53  5.7515  100
251.925  224.379  1117.88  62.4401  517.217  0.73  46.2  53  5.7515  100
251.974  224.379  1005.78  64.2995  436.172  0.8  46.2  53  5.7515  100
252.022  224.379  1100.67  62.7617  503.768  0.74  46.2  53  5.7515  100
252.071  224.508  1165.72  62.1299  544.937  0.7  49.3  53  5.7515  100
252.12  224.508  908.561  65.3231  379.325  0.88  49.3  53  5.7515  100
252.169  224.508  1118.82  64.0985  488.729  0.72  49.3  53  5.7515  100
252.217  224.636  1157.67  63.3943  518.461  0.7  49.3  53  5.7515  100
252.266  224.636  969.382  63.5183  432.259  0.83  49.3  53  5.7515  100
252.315  224.636  1106.77  61.7393  524.039  0.74  49.3  53  5.7515  100
252.364  224.765  1115.91  63.8604  491.622  0.72  48.4  53  5.7515  100
252.413  224.765  924.926  64.4287  399.229  0.87  48.4  53  5.7515  100
252.462  224.894  1157.37  63.1188  523.296  0.7  48.4  53  5.7515  100
252.511  224.894  1154.74  63.8725  508.516  0.7  48.4  53  5.7515  100
252.56  224.894  1026.15  63.1118  464.079  0.79  48.4  53  5.7515  100
252.608  225.023  1228.97  62.9542  558.816  0.66  48.4  53  5.7515  100
252.657  225.023  1137.28  64.0963  496.834  0.71  47.4  53  5.7515  100
252.706  225.023  863.335  64.1567  376.337  0.93  47.4  53  5.7515  100
252.755  225.152  1162.03  63.7971  513.096  0.69  47.4  53  5.7515  100
252.803  225.152  1156.53  64.7307  493.692  0.69  47.4  53  5.7515  100
252.852  225.152  855.322  63.1332  386.535  0.95  47.4  53  5.7515  100
252.901  225.28  1152.18  65.012  486.715  0.69  47.4  53  5.7515  100
252.95  225.28  1100.79  64.2771  477.765  0.73  47.5  53  5.7515  100
252.999  225.28  898.366  62.6543  412.672  0.91  47.5  53  5.7515  100
253.047  225.409  1195.63  63.3644  536.017  0.68  47.5  53  5.7515  100
253.096  225.409  1141.17  63.0061  517.971  0.71  47.5  53  5.7515  100
253.145  225.409  996.408  62.4206  461.315  0.82  47.5  53  5.7515  100
253.194  225.538  1159.33  64.2258  504.104  0.69  47.5  53  5.7515  100
253.242  225.538  1075.77  62.7204  493.061  0.76  47.6  53  5.7515  100
253.291  225.538  1003.11  63.2842  450.962  0.81  47.6  53  5.7515  100
253.34  225.667  1185.05  63.6697  525.621  0.68  47.6  53  5.7515  100
253.389  225.667  1116.75  63.2166  503.229  0.73  47.6  53  5.7515  100
253.437  225.667  992.845  62.8439  453.15  0.82  47.6  53  5.7515  100
253.486  225.796  1183.26  63.5807  526.476  0.68  47.6  53  5.7515  100
253.535  225.796  1125.72  62.4524  520.627  0.72  46.2  53  5.7515  100
253.584  225.796  1004.04  63.7811  443.588  0.8  46.2  53  5.7515  100
253.632  225.924  1200.64  62.7844  549.099  0.68  46.2  53  5.7515  100
253.681  225.924  1139.13  63.1891  513.803  0.71  46.2  53  5.7515  100
253.73  225.924  969.04  64.7747  412.984  0.83  46.2  53  5.7515  100
253.779  226.053  1189.68  61.8801  560.719  0.69  46.2  53  5.7515  100
253.827  226.053  1206.63  63.0599  546.674  0.67  47.7  53  5.7515  100
253.876  226.053  986.645  64.2236  429.053  0.81  47.7  53  5.7515  100
253.925  226.182  1155.32  64.1121  504.428  0.7  47.7  53  5.7515  100
253.974  226.182  1076.55  64.2953  466.937  0.75  47.7  53  5.7515  100
254.022  226.182  1058.94  62.9359  481.803  0.77  47.7  53  5.7515  100
254.071  226.311  1169.69  61.9177  550.62  0.7  47.7  53  5.7515  100
254.12  226.311  1160.93  63.6486  515.309  0.7  47.7  53  5.7515  100
254.169  226.311  1060.14  63.0647  480.226  0.77  47.3  53  5.7515  100
254.217  226.44  1196.07  62.0748  560.141  0.68  47.3  53  5.7515  100
254.266  226.44  1026.05  63.7175  454.332  0.79  47.3  53  5.7515  100
254.315  226.44  1026.61  64.0052  449.951  0.78  47.3  53  5.7515  100
254.364  226.569  1261.12  64.1646  549.58  0.64  47.3  53  5.7515  100
254.413  226.569  1015  63.3096  455.906  0.8  47.3  53  5.7515  100
254.462  226.569  1001.08  64.2041  435.635  0.8  47  53  5.7515  100
254.51  226.697  1171.8  63.2415  527.582  0.69  47  53  5.7515  100
254.559  226.697  1056.77  63.6216  469.519  0.76  47  53  5.7515  100
254.608  226.697  1014.86  62.5118  468.424  0.8  47  53  5.7515  100
254.657  226.826  1256  64.028  550.041  0.64  47  53  5.7515  100
254.706  226.826  1064.4  62.6731  488.629  0.77  47  53  5.7515  100
254.754  226.826  1030.32  61.9624  484.302  0.8  47.4  53  5.7515  100
254.803  226.955  1177.41  64.3889  508.95  0.68  47.4  53  5.7515  100
254.852  226.955  1021.66  63.0266  463.4  0.79  47.4  53  5.7515  100
254.901  226.955  1043.72  62.5054  481.849  0.78  47.4  53  5.7515  100
254.949  227.084  1172.53  65.1921  491.964  0.68  47.4  53  5.7515  100
254.998  227.084  973.575  63.4853  434.63  0.83  47.4  53  5.7515  100
255.047  227.084  1039.36  63.9186  456.95  0.77  47.1  53  5.7515  100
255.096  227.213  1196.6  63.3997  535.792  0.68  47.1  53  5.7515  100
255.144  227.213  1029.98  62.4676  476.109  0.79  47.1  53  5.7515  100
255.193  227.213  1140.57  62.2614  530.865  0.72  47.1  53  5.7515  100
255.242  227.341  1136.67  63.6969  503.679  0.71  47.1  53  5.7515  100
255.291  227.341  978.855  62.81  447.281  0.83  47.1  53  5.7515  100
255.339  227.341  1096.67  64.0985  479.054  0.73  48.5  53  5.7515  100
255.388  227.47  1160.01  62.4232  537.01  0.7  48.5  53  5.7515  100
255.437  227.47  995.542  63.6529  441.83  0.81  48.5  53  5.7515  100
255.486  227.47  1128.82  65.1033  475.215  0.71  48.5  53  5.7515  100
255.534  227.599  1140.35  64.2872  494.754  0.7  48.5  53  5.7515  100
255.583  227.599  993.925  64.1486  433.389  0.81  48.5  53  5.7515  100
255.632  227.599  1113.75  64.2042  484.664  0.72  48.7  53  5.7515  100
255.681  227.728  1171.06  61.7886  553.59  0.7  48.7  53  5.7515  100
255.729  227.728  987.84  63.25  444.625  0.82  48.7  53  5.7515  100
255.778  227.728  1060.01  64.2196  461.022  0.76  48.7  53  5.7515  100
255.827  227.857  1177.42  62.6727  540.523  0.69  48.7  53  5.7515  100
255.876  227.857  1038.68  63.5052  463.371  0.78  48.7  53  5.7515  100
255.925  227.857  1150.41  61.5479  548.084  0.72  47.5  53  5.7515  100
255.973  227.985  1198.12  63.2725  538.851  0.68  47.5  53  5.7515  100
256.022  227.985  912.603  64.0609  399.186  0.88  47.5  53  5.7515  100
256.071  227.985  1104.3  63.7539  488.351  0.73  47.5  53  5.7515  100
256.12  228.114  1212.43  63.8825  533.729  0.66  47.5  53  5.7515  100
256.169  228.114  987.716  63.4929  440.826  0.82  47.5  53  5.7515  100
256.217  228.114  1165.09  62.8162  532.269  0.7  47.6  53  5.7515  100
256.266  228.243  1134.71  62.9928  515.278  0.72  47.6  53  5.7515  100
256.315  228.243  930.294  63.5493  414.379  0.87  47.6  53  5.7515  100
256.363  228.243  1140.96  64.1466  497.537  0.7  47.6  53  5.7515  100
256.412  228.372  1208.05  64.2817  524.23  0.66  47.6  53  5.7515  100
256.461  228.372  929.805  63.1076  420.567  0.87  47.6  53  5.7515  100
256.51  228.501  1134.45  64.1293  495.008  0.71  47.6  53  5.7515  100
256.558  228.501  1139.11  64.0807  497.911  0.71  46.7  53  5.7515  100
256.607  228.501  925.416  62.2808  430.447  0.88  46.7  53  5.7515  100
256.656  228.629  1244.83  65.2657  520.848  0.64  46.7  53  5.7515  100
256.704  228.629  1163.89  62.2997  541.029  0.7  46.7  53  5.7515  100
256.753  228.629  956.736  63.0506  433.596  0.85  46.7  53  5.7515  100
256.802  228.758  1090.21  64.3232  472.382  0.74  46.7  53  5.7515  100
256.851  228.758  1116.24  63.952  490.17  0.72  46.6  53  5.7515  100
256.9  228.758  940.09  64.6968  401.802  0.85  46.6  53  5.7515  100
256.948  228.887  1151.63  63.4008  515.637  0.7  46.6  53  5.7515  100
256.997  228.887  1093.89  63.19  493.381  0.74  46.6  53  5.7515  100
257.046  228.887  904.154  63.6696  401.035  0.89  46.6  53  5.7515  100
257.095  229.016  1137.83  64.4123  491.418  0.7  46.6  53  5.7515  100
257.144  229.016  1155.33  63.1892  521.107  0.7  47.4  53  5.7515  100
257.192  229.016  979.81  62.7038  449.331  0.83  47.4  53  5.7515  100
257.241  229.145  1110.76  63.041  503.566  0.73  47.4  53  5.7515  100
257.29  229.145  1057.37  63.7943  466.931  0.76  47.4  53  5.7515  100
257.339  229.145  909.717  64.6131  390.022  0.88  47.4  53  5.7515  100
257.388  229.273  1107.56  63.3373  497.003  0.73  47.4  53  5.7515  100
257.436  229.273  1120.81  62.9484  509.739  0.72  49.1  53  5.7515  100
257.485  229.273  943.139  63.2477  424.538  0.86  49.1  53  5.7515  100
257.534  229.402  1139.74  62.7214  522.364  0.71  49.1  53  5.7515  100
257.583  229.402  1095.51  64.4956  471.703  0.73  49.1  53  5.7515  100
257.631  229.402  968.843  64.2218  421.339  0.83  49.1  53  5.7515  100
257.68  229.531  1175.54  63.2605  528.917  0.69  49.1  53  5.7515  100
257.729  229.531  1156.62  63.1497  522.403  0.7  47.5  53  5.7515  100
257.778  229.531  905.067  63.9418  397.581  0.89  47.5  53  5.7515  100
257.827  229.66  1110.36  63.4751  495.873  0.73  47.5  53  5.7515  100
257.875  229.66  1043.49  65.8965  426.148  0.76  47.5  53  5.7515  100
257.924  229.66  925.331  63.3422  415.16  0.87  47.5  53  5.7515  100
257.974  229.789  1148.36  63.3937  514.299  0.7  47.5  53  5.7515  100
258.022  229.789  1054.74  63.7687  466.189  0.76  48.8  53  5.7515  100
258.071  229.789  904.456  62.8044  413.364  0.9  48.8  53  5.7515  100
258.12  229.917  1115.32  64.2879  483.878  0.72  48.8  53  5.7515  100
258.169  229.917  1054.87  64.5698  452.972  0.76  48.8  53  5.7515  100
258.217  229.917  992.351  62.8976  452.098  0.82  48.8  53  5.7515  100
258.266  230.046  1222.25  63.1534  551.972  0.66  48.8  53  5.7515  100
258.315  230.046  1021.51  63.8532  450.152  0.79  48.4  53  5.7515  100
258.364  230.046  943.307  64.0866  412.237  0.85  48.4  53  5.7515  100
258.412  230.175  1165.09  65.7552  478.429  0.68  48.4  53  5.7515  100
258.461  230.175  974.168  63.7583  430.736  0.83  48.4  53  5.7515  100
258.51  230.175  1067.31  62.3045  496.054  0.77  48.4  53  5.7515  100
258.559  230.304  1175.44  63.0777  532.217  0.69  48.4  53  5.7515  100
258.607  230.304  1004.48  63.1408  453.821  0.81  46.2  53  5.7515  100
258.656  230.304  1000.98  64.6938  427.875  0.8  46.2  53  5.7515  100
258.705  230.433  1173.53  64.8661  498.439  0.68  46.2  53  5.7515  100
258.754  230.433  1008.21  62.8439  460.165  0.81  46.2  53  5.7515  100
258.802  230.433  1018.87  64.4205  439.91  0.79  46.2  53  5.7515  100
258.851  230.561  1147.88  62.6195  527.908  0.71  46.2  53  5.7515  100
258.9  230.561  990.805  63.6495  439.781  0.81  47  53  5.7515  100
258.949  230.561  1007.83  65.5653  416.894  0.79  47  53  5.7515  100
258.998  230.69  1193.4  63.6139  530.369  0.68  47  53  5.7515  100
259.046  230.69  1031.81  61.9447  485.283  0.79  47  53  5.7515  100
259.095  230.69  1036.89  63.9207  455.831  0.78  47  53  5.7515  100
259.144  230.819  1114.08  62.803  509.19  0.73  47  53  5.7515  100
259.193  230.819  1008.31  63.7377  446.157  0.8  47  53  5.7515  100
259.241  230.819  1066.62  65.4037  443.953  0.75  46.5  53  5.7515  100
259.29  230.948  1186.88  61.8116  560.65  0.69  46.5  53  5.7515  100
259.339  230.948  1005.59  62.7838  459.908  0.81  46.5  53  5.7515  100
259.388  230.948  1063.49  64.0017  466.174  0.76  46.5  53  5.7515  100
259.437  231.077  1165.6  64.0045  510.884  0.69  46.5  53  5.7515  100
259.486  231.077  1019.89  64.7491  435.068  0.78  46.5  53  5.7515  100
259.534  231.077  1123.19  62.7266  514.686  0.72  46.2  53  5.7515  100
259.583  231.206  1202.45  63.3684  539  0.67  46.2  53  5.7515  100
259.632  231.206  949.271  64.7622  404.747  0.84  46.2  53  5.7515  100
259.68  231.206  1043.3  62.6199  479.805  0.78  46.2  53  5.7515  100
259.729  231.334  1211.74  64.119  528.931  0.66  46.2  53  5.7515  100
259.778  231.334  957.804  62.9301  435.875  0.85  46.2  53  5.7515  100
259.827  231.334  1167.2  62.2723  543.065  0.7  47.5  53  5.7515  100
259.875  231.463  1186.07  63.7047  525.427  0.68  47.5  53  5.7515  100
259.924  231.463  929.216  64.5512  399.288  0.86  47.5  53  5.7515  100
259.973  231.463  1145.76  62.889  522.14  0.71  47.5  53  5.7515  100
260.022  231.592  1182.02  64.2127  514.216  0.68  47.5  53  5.7515  100
260.07  231.592  947.107  62.8584  432.061  0.86  47.5  53  5.7515  100
260.119  231.592  1133.35  64.6803  484.697  0.71  48  53  5.7515  100
260.168  231.721  1151.68  65.2122  482.853  0.69  48  53  5.7515  100
260.217  231.721  961.383  63.8209  424.142  0.84  48  53  5.7515  100
260.265  231.721  1141.94  62.7458  522.936  0.71  48  53  5.7515  100
260.314  231.85  1163.55  63.6014  517.331  0.69  48  53  5.7515  100
260.363  231.85  1012.9  62.1246  473.584  0.81  48  53  5.7515  100
260.412  231.85  1110.23  64.3906  479.878  0.72  49.5  53  5.7515  100
260.461  231.978  1155.79  64.8412  491.36  0.69  49.5  53  5.7515  100
260.51  231.978  941.365  64.818  400.546  0.85  49.5  53  5.7515  100
260.558  232.107  1177.42  64.0536  515.158  0.68  49.5  53  5.7515  100
260.607  232.107  1127.73  61.3868  540.064  0.73  49.5  53  5.7515  100
260.656  232.107  973.106  63.0491  441.038  0.83  49.5  53  5.7515  100
260.705  232.236  1150.82  64.2534  499.906  0.7  47.5  53  5.7515  100
260.754  232.236  1184.1  63.0954  535.813  0.69  47.5  53  5.7515  100
260.802  232.236  963.616  62.4632  445.497  0.85  47.5  53  5.7515  100
260.851  232.365  1200.15  63.2548  540.097  0.67  47.5  53  5.7515  100
260.9  232.365  1160.09  64.2802  503.444  0.69  47.5  53  5.7515  100
260.949  232.365  1002.06  64.5732  430.241  0.8  47.5  53  5.7515  100
260.997  232.494  1153.46  63.3532  517.316  0.7  49.1  53  5.7515  100
261.046  232.494  1182.59  64.0358  517.749  0.68  49.1  53  5.7515  100
261.095  232.494  989.875  63.7981  437.065  0.81  49.1  53  5.7515  100
261.144  232.622  1164.11  64.0631  509.161  0.69  49.1  53  5.7515  100
261.192  232.622  1138.84  64.3141  493.618  0.7  49.1  53  5.7515  100
261.241  232.622  968.436  63.9778  424.871  0.83  49.1  53  5.7515  100
261.29  232.751  1134.03  63.4262  507.307  0.71  46.5  53  5.7515  100
261.339  232.751  1154.35  64.7348  492.687  0.69  46.5  53  5.7515  100
261.387  232.751  1020.91  63.5097  455.375  0.79  46.5  53  5.7515  100
261.436  232.88  1140.48  62.4601  527.318  0.72  46.5  53  5.7515  100
261.485  232.88  1098  64.1216  479.234  0.73  46.5  53  5.7515  100
261.534  232.88  1011.05  63.9179  444.516  0.8  46.5  53  5.7515  100
261.583  233.009  1200.91  63.1908  541.638  0.67  46.5  53  5.7515  100
261.631  233.009  1112.67  62.8617  507.533  0.73  47.5  53  5.7515  100
261.68  233.009  989.21  62.8373  451.594  0.82  47.5  53  5.7515  100
261.729  233.138  1158.67  63.079  524.599  0.7  47.5  53  5.7515  100
261.777  233.138  1077.06  63.6785  477.578  0.75  47.5  53  5.7515  100
261.826  233.138  1012.74  62.6018  466.032  0.8  47.5  53  5.7515  100
261.875  233.266  1220.26  61.9976  572.92  0.67  47.5  53  5.7515  100
261.924  233.266  1088.31  63.6086  483.752  0.74  46.2  53  5.7515  100
261.972  233.266  964.257  63.1204  435.958  0.84  46.2  53  5.7515  100
262.021  233.395  1105.7  64.7988  470.804  0.72  46.2  53  5.7515  100
262.07  233.395  1080.71  64.0954  472.135  0.74  46.2  53  5.7515  100
262.119  233.395  1036.59  61.8248  489.448  0.79  46.2  53  5.7515  100
262.167  233.524  1173.53  64.8661  498.439  0.68  46.2  53  5.7515  100
262.216  233.524  1075.28  63.1625  485.446  0.75  47.1  53  5.7515  100
262.265  233.524  1024.58  64.3838  442.968  0.78  47.1  53  5.7515  100
262.314  233.653  1155.93  63.5847  514.243  0.7  47.1  53  5.7515  100
262.362  233.653  1063.74  62.3785  493.181  0.77  47.1  53  5.7515  100
262.411  233.653  1055.33  64.7121  450.803  0.76  47.1  53  5.7515  100
262.46  233.782  1117.61  63.6841  495.461  0.72  47.1  53  5.7515  100
262.509  233.782  1030.24  62.4781  476.06  0.79  48.5  53  5.7515  100
262.557  233.782  933.567  63.3973  418.053  0.87  48.5  53  5.7515  100
262.606  233.91  1135.48  63.2232  511.553  0.71  48.5  53  5.7515  100
262.655  233.91  928.592  63.2146  418.47  0.87  48.5  53  5.7515  100
262.704  233.91  920.861  65.4319  382.871  0.86  48.5  53  5.7515  100
262.753  234.039  1067.82  64.6955  456.417  0.75  48.5  53  5.7515  100
262.801  234.039  935.942  65.3909  389.75  0.85  47.2  53  5.7515  100
262.85  234.039  1024.72  64.293  444.494  0.78  47.2  53  5.7515  100
262.899  234.168  1124.57  62.6368  516.885  0.72  47.2  53  5.7515  100
262.948  234.168  940.91  64.6664  402.604  0.85  47.2  53  5.7515  100
262.996  234.168  920.814  62.6489  423.061  0.88  47.2  53  5.7515  100
263.045  234.297  722.447  62.2359  336.539  1.13  47.2  53  5.7515  100
263.094  234.297  769.764  63.1889  347.203  1.05  48.9  53  5.7515  100
263.143  234.297  770.841  62.8295  351.997  1.05  48.9  53  5.7515  100
263.192  234.426  901.954  63.8678  397.26  0.89  48.9  53  5.7515  100
263.241  234.426  723.563  65.0387  305.348  1.1  48.9  53  5.7515  100
263.289  234.426  762.904  64.5232  328.159  1.05  48.9  53  5.7515  100
263.338  234.554  923.465  63.5561  411.239  0.87  48.9  53  5.7515  100
263.387  234.554  792.567  63.1495  357.974  1.02  47.1  53  5.7515  100
263.436  234.554  790.61  63.0646  358.135  1.03  47.1  53  5.7515  100
263.484  234.683  632.397  65.1968  265.293  1.26  47.1  53  5.7515  100
263.533  234.683  680.235  65.3608  283.592  1.17  47.1  53  5.7515  100
263.582  234.683  769.003  64.9293  325.854  1.04  47.1  53  5.7515  100
263.631  234.812  919.828  63.8195  405.829  0.88  47.1  53  5.7515  100
263.68  234.812  711.042  64.2497  308.912  1.13  47.2  53  5.7515  100
263.728  234.812  746.993  65.9469  304.461  1.06  47.2  53  5.7515  100
263.777  234.941  851.782  65.7536  349.794  0.93  47.2  53  5.7515  100
263.826  234.941  691.702  64.9121  293.287  1.15  47.2  53  5.7515  100
263.875  234.941  828.951  63.9731  363.738  0.97  47.2  53  5.7515  100
263.923  235.07  851.222  64.2094  370.352  0.94  47.2  53  5.7515  100
263.972  235.07  643.2  65.7859  263.806  1.23  47.2  53  5.7515  100
264.021  235.07  757.193  67.0097  295.741  1.04  48.3  53  5.7515  100
264.07  235.198  769.773  68.9259  276.791  1.01  48.3  53  5.7515  100
264.118  235.198  669.002  67.9295  251.376  1.17  48.3  53  5.7515  100
264.167  235.198  709.564  66.8698  278.732  1.11  48.3  53  5.7515  100
264.216  235.327  746.405  68.2069  277.107  1.04  48.3  53  5.7515  100
264.265  235.327  632.932  68.6516  230.411  1.23  48.3  53  5.7515  100
264.313  235.327  697.414  69  249.931  1.11  48.8  53  5.7515  100
264.362  235.456  761.304  67.4131  292.405  1.03  48.8  53  5.7515  100
264.411  235.456  661.47  67.73  250.678  1.18  48.8  53  5.7515  100
264.46  235.456  723.704  67.6894  274.738  1.08  48.8  53  5.7515  100
264.509  235.585  734.498  68.563  268.443  1.06  48.8  53  5.7515  100
264.557  235.585  640.736  70.043  218.693  1.2  48.8  53  5.7515  100
264.606  235.585  771.635  68.558  282.078  1.01  47.8  53  5.7515  100
264.655  235.714  748.253  66.3231  300.482  1.06  47.8  53  5.7515  100
264.704  235.714  713.96  66.4024  285.806  1.11  47.8  53  5.7515  100
264.752  235.843  788.585  66.7318  311.52  1  47.8  53  5.7515  100
264.801  235.843  796.834  68.1412  296.678  0.98  47.8  53  5.7515  100
264.85  235.843  731.739  66.4393  292.491  1.08  47.8  53  5.7515  100
264.899  235.971  900.631  63.3904  403.4  0.9  46.8  53  5.7515  100
264.947  235.971  861.529  63.7932  380.461  0.94  46.8  53  5.7515  100
264.996  235.971  775.185  65.6255  319.918  1.02  46.8  53  5.7515  100
265.045  236.1  856.257  65.1991  359.171  0.93  46.8  53  5.7515  100
265.094  236.1  843.729  65.0107  356.433  0.95  46.8  53  5.7515  100
265.143  236.1  834.876  64.2753  362.376  0.96  46.8  53  5.7515  100
265.192  236.229  1008.09  63.2954  453.027  0.8  48.2  53  5.7515  100
265.241  236.229  854.761  63.233  384.953  0.95  48.2  53  5.7515  100
265.29  236.229  816.894  64.3985  352.987  0.98  48.2  53  5.7515  100
265.339  236.358  1009.82  63.1152  456.639  0.8  48.2  53  5.7515  100
265.388  236.358  865.688  63.2822  389.21  0.94  48.2  53  5.7515  100
265.436  236.358  804.767  64.4558  347.022  1  48.2  53  5.7515  100
265.485  236.487  1026.83  63.7478  454.189  0.79  45.6  53  5.7515  100
265.534  236.487  864.523  64.1916  376.381  0.93  45.6  53  5.7515  100
265.583  236.487  809.579  63.3367  363.296  1  45.6  53  5.7515  100
265.632  236.615  970.858  63.8277  428.218  0.83  45.6  53  5.7515  100
265.68  236.615  844.658  62.6037  388.663  0.96  45.6  53  5.7515  100
265.729  236.615  833.99  62.7172  382.286  0.98  45.6  53  5.7515  100
265.778  236.744  1006.09  63.6499  446.56  0.8  48.3  53  5.7515  100
265.827  236.744  796.099  63.5351  354.781  1.02  48.3  53  5.7515  100
265.875  236.744  777.095  63.4189  347.722  1.04  48.3  53  5.7515  100
265.924  236.873  993.98  63.8006  438.839  0.81  48.3  53  5.7515  100
265.973  236.873  851.394  63.704  377.175  0.95  48.3  53  5.7515  100
266.022  236.873  804.742  63.5808  358.058  1  48.3  53  5.7515  100
266.07  237.002  987.35  64.9008  418.82  0.81  48.3  53  5.7515  100
266.119  237.002  833.355  62.9543  378.927  0.97  48.3  53  5.7515  100
266.168  237.002  784.67  63.446  350.78  1.03  48.3  53  5.7515  100
266.217  237.131  955.392  64.5564  410.457  0.84  48.3  53  5.7515  100
266.265  237.131  806.943  63.7448  356.968  1  48.3  53  5.7515  100
266.315  237.131  771.102  64.5266  331.645  1.04  48.3  53  5.7515  100
266.363  237.259  971.33  64.5075  418.054  0.83  48  53  5.7515  100
266.412  237.259  784.838  64.4256  338.801  1.02  48  53  5.7515  100
266.461  237.259  775.746  65.4242  322.63  1.03  48  53  5.7515  100
266.51  237.388  953.721  64.6861  407.79  0.84  48  53  5.7515  100
266.559  237.388  769.759  65.0218  325.049  1.04  48  53  5.7515  100
266.608  237.388  790.998  64.1923  344.363  1.02  48  53  5.7515  100
266.656  237.517  960.574  63.0774  434.935  0.84  48  53  5.7515  100
266.705  237.517  774.527  64.0813  338.542  1.04  48.2  53  5.7515  100
266.754  237.517  755.944  64.1434  329.683  1.06  48.2  53  5.7515  100
266.803  237.646  927.39  63.2288  417.723  0.87  48.2  53  5.7515  100
266.851  237.646  775.084  64.1808  337.574  1.04  48.2  53  5.7515  100
266.901  237.646  759.06  63.4626  339.134  1.07  48.2  53  5.7515  100
266.949  237.775  958.142  63.4739  427.911  0.84  48.2  53  5.7515  100
266.998  237.775  767.413  64.2658  333.209  1.05  48.4  53  5.7515  100
267.047  237.775  803.773  62.3746  372.701  1.02  48.4  53  5.7515  100
267.096  237.903  963.996  63.0846  436.377  0.84  48.4  53  5.7515  100
267.144  237.903  779.786  63.4699  348.305  1.04  48.4  53  5.7515  100
267.193  237.903  784.559  62.0047  368.271  1.04  48.4  53  5.7515  100
267.242  238.032  877.356  63.4864  391.66  0.92  48.4  53  5.7515  100
267.291  238.032  746.345  63.0453  338.307  1.09  47.1  53  5.7515  100
267.34  238.032  778.332  61.9484  366.024  1.05  47.1  53  5.7515  100
267.388  238.161  874.165  64.1906  380.593  0.92  47.1  53  5.7515  100
267.437  238.161  704.787  62.2881  327.744  1.16  47.1  53  5.7515  100
267.486  238.161  813.652  62.8248  371.606  1  47.1  53  5.7515  100
267.535  238.29  916.42  63.1123  414.445  0.89  47.1  53  5.7515  100
267.583  238.29  743.955  62.7096  341.104  1.09  46  53  5.7515  100
267.632  238.29  809.3  63.0613  366.643  1  46  53  5.7515  100
267.681  238.419  917.512  64.1263  400.392  0.88  46  53  5.7515  100
267.73  238.419  719.721  62.4873  332.472  1.13  46  53  5.7515  100
267.779  238.419  818.241  63.8218  360.979  0.99  46  53  5.7515  100
267.827  238.547  815.477  77.8721  171.327  0.91  46  53  5.7515  100
267.876  238.547  565.007  88.0358  19.366  1.28  47.2  53  5.7515  100
267.925  238.547  645.53  88.941  11.931  1.12  47.2  53  5.7515  100
267.974  238.676  1127.46  89.3991  11.824  0.64  47.2  53  5.7515  100
268.022  238.676  1782.08  95.8088  180.363  0.41  47.2  53  5.7515  100
268.071  238.676  1764.76  94.6832  144.086  0.41  47.2  53  5.7515  100
268.12  238.805  1889.21  89.4569  17.908  0.38  47.2  53  5.7515  100
268.169  238.805  1904.11  96.2193  206.279  0.38  48.2  53  5.7515  100
268.217  238.805  1857.29  95.2525  170.027  0.39  48.2  53  5.7515  100
268.266  238.934  2019.12  89.8763  4.361  0.36  48.2  53  5.7515  100
268.315  238.934  1894.22  94.8088  158.795  0.38  48.2  53  5.7515  100
268.364  238.934  1946.41  89.0537  32.146  0.37  48.2  53  5.7515  100
268.412  239.063  1937.41  94.9493  167.148  0.37  48.2  53  5.7515  100
268.461  239.063  1887.05  94.9013  161.228  0.38  47.6  53  5.7515  100
268.51  239.191  1966.41  89.0137  33.848  0.37  47.6  53  5.7515  100
268.559  239.191  1919.56  94.8885  163.58  0.38  47.6  53  5.7515  100
268.607  239.191  1864.56  95.5331  179.782  0.39  47.6  53  5.7515  100
268.656  239.32  1980.76  89.0075  34.308  0.37  47.6  53  5.7515  100
268.705  239.32  1911.49  96.1309  204.146  0.38  47.6  53  5.7515  100
268.754  239.32  1876.41  95.5085  180.123  0.39  46.7  53  5.7515  100
268.803  239.449  2048.51  89.9757  0.867  0.35  46.7  53  5.7515  100
268.852  239.449  1889.77  94.837  159.347  0.38  46.7  53  5.7515  100
268.9  239.449  1888.18  93.9757  130.914  0.38  46.7  53  5.7515  100
268.949  239.578  2015.61  89.7193  9.873  0.36  46.7  53  5.7515  100
268.998  239.578  1859.38  95.0755  164.495  0.39  46.7  53  5.7515  100
269.047  239.578  1970.9  89.9342  2.265  0.37  46.7  53  5.7515  100
269.095  239.707  1918.52  94.9908  166.904  0.38  45.8  53  5.7515  100
269.144  239.707  1860.24  95.5592  180.207  0.39  45.8  53  5.7515  100
269.193  239.707  1907.53  94.9885  165.871  0.38  45.8  53  5.7515  100
269.242  239.835  1969.47  89.8087  6.577  0.37  45.8  53  5.7515  100
269.291  239.835  1907.03  89.4648  17.815  0.38  45.8  53  5.7515  100
269.339  239.835  1978.46  89.9893  0.371  0.37  45.8  53  5.7515  100
269.388  239.964  1799.21  95.9722  187.201  0.4  46.9  53  5.7515  100
269.437  239.964  1755.77  89.195  24.667  0.41  46.9  53  5.7515  100
269.486  239.964  1270.3  90.0223  0.494  0.57  46.9  53  5.7515  100
269.534  240.093  1081.19  89.9571  0.809  0.67  46.9  53  5.7515  100
269.584  240.093  907.359  88.9407  16.774  0.8  46.9  53  5.7515  100
269.632  240.093  801.286  89.1434  11.978  0.9  46.9  53  5.7515  100
269.681  240.222  893.295  89.2404  11.842  0.81  46.7  53  5.7515  100
269.73  240.222  799.371  88.5285  20.528  0.91  46.7  53  5.7515  100
269.779  240.222  700.862  86.9328  37.501  1.03  46.7  53  5.7515  100
269.827  240.351  912.02  83.1553  108.694  0.8  46.7  53  5.7515  100
269.876  240.351  891.841  81.8558  126.342  0.82  46.7  53  5.7515  100
269.925  240.351  823.612  80.2364  139.671  0.89  46.7  53  5.7515  100
269.974  240.479  884.161  80.0242  153.165  0.83  46.9  53  5.7515  100
270.023  240.479  838.056  80.4069  139.662  0.88  46.9  53  5.7515  100
270.071  240.479  781.09  80.7143  126.035  0.94  46.9  53  5.7515  100
270.12  240.608  880.979  78.0718  182.085  0.84  46.9  53  5.7515  100
270.169  240.608  737.174  78.7367  143.984  1  46.9  53  5.7515  100
270.218  240.608  714.8  75.4694  179.341  1.05  46.9  53  5.7515  100
270.267  240.737  716.308  88.746  15.676  1.01  47.3  53  5.7515  100
270.316  240.737  603.288  89.0686  9.807  1.2  47.3  53  5.7515  100
270.364  240.737  599.926  88.8754  11.774  1.21  47.3  53  5.7515  100
270.413  240.866  1385.51  89.5766  10.239  0.52  47.3  53  5.7515  100
270.462  240.866  1820.45  94.0023  127.062  0.4  47.3  53  5.7515  100
270.511  240.866  1944.35  89.1407  29.159  0.37  47.3  53  5.7515  100
270.56  240.995  1984.98  89.7648  8.149  0.36  50  53  5.7515  100
270.608  240.995  1856.78  96.4347  208.09  0.39  50  53  5.7515  100
270.657  240.995  1889.66  93.9657  130.686  0.38  50  53  5.7515  100
270.706  241.124  1923.74  96.0629  203.185  0.38  50  53  5.7515  100
270.755  241.124  1874.29  95.3809  175.764  0.39  50  53  5.7515  100
270.804  241.124  1914.54  95.1364  171.405  0.38  50  53  5.7515  100
270.853  241.252  1908.68  94.9082  163.306  0.38  49  53  5.7515  100
270.901  241.252  1966.01  89.9221  2.673  0.37  49  53  5.7515  100
270.95  241.252  1995.52  89.5563  15.454  0.36  49  53  5.7515  100
270.999  241.381  1891.16  95.1115  168.491  0.38  49  53  5.7515  100
271.048  241.381  1953.54  89.1255  29.814  0.37  49  53  5.7515  100
271.097  241.381  1990.24  89.6609  11.78  0.36  49  53  5.7515  100
271.145  241.51  1857.17  95.2284  169.238  0.39  46.4  53  5.7515  100
271.194  241.51  1994.93  89.9235  2.662  0.36  46.4  53  5.7515  100
271.243  241.51  1918.34  94.6565  155.734  0.38  46.4  53  5.7515  100
271.292  241.639  1795.51  90.0339  1.061  0.4  46.4  53  5.7515  100
271.34  241.639  2007.31  89.8599  4.909  0.36  46.4  53  5.7515  100
271.389  241.639  1893.86  94.7385  156.447  0.38  46.4  53  5.7515  100
271.438  241.768  1814.25  89.9895  0.334  0.4  46.1  53  5.7515  100
271.487  241.768  2020.85  89.4593  19.069  0.36  46.1  53  5.7515  100
271.535  241.768  1886.34  94.7644  156.677  0.38  46.1  53  5.7515  100
271.584  241.896  1992.91  88.938  36.938  0.36  46.1  53  5.7515  100
271.633  241.896  2002.97  89.6316  12.877  0.36  46.1  53  5.7515  100
271.682  241.896  1882.15  94.8381  158.741  0.39  46.1  53  5.7515  100
271.731  242.025  1923  94.941  165.629  0.38  46.1  53  5.7515  100
271.78  242.025  1920.05  94.9814  166.724  0.38  44.3  53  5.7515  100
271.829  242.025  1874.95  95.5173  180.268  0.39  44.3  53  5.7515  100
271.877  242.154  2006.46  89.7875  7.441  0.36  44.3  53  5.7515  100
271.926  242.154  1897.88  96.2064  205.18  0.38  44.3  53  5.7515  100
271.975  242.154  1875.09  95.2357  171.107  0.39  44.3  53  5.7515  100
272.024  242.283  1929.65  94.9966  168.065  0.38  44.3  53  5.7515  100
272.072  242.283  1895.97  96.1224  202.212  0.38  47.1  53  5.7515  100
272.121  242.283  1962.38  89.0748  31.687  0.37  47.1  53  5.7515  100
272.17  242.412  1910.98  94.7507  158.268  0.38  47.1  53  5.7515  100
272.219  242.412  1867.34  94.8854  159.03  0.39  47.1  53  5.7515  100
272.268  242.412  2030.26  89.9902  0.348  0.36  47.1  53  5.7515  100
272.317  242.54  1916.07  96.1055  203.791  0.38  47.1  53  5.7515  100
272.366  242.54  1956.75  89.8009  6.798  0.37  50.5  53  5.7515  100
272.415  242.54  2000.26  89.8197  6.295  0.36  50.5  53  5.7515  100
272.463  242.669  1892.97  94.864  160.507  0.38  50.5  53  5.7515  100
272.512  242.669  1868.46  93.9696  129.348  0.39  50.5  53  5.7515  100
272.561  242.798  2029.2  89.4537  19.348  0.36  50.5  53  5.7515  100
272.61  242.798  1903.44  94.7982  159.215  0.38  50.5  53  5.7515  100
272.659  242.798  1821.6  89.9865  0.428  0.4  49  53  5.7515  100
272.708  242.927  1999.61  89.7643  8.226  0.36  49  53  5.7515  100
272.756  242.927  1954.2  89.8518  5.054  0.37  49  53  5.7515  100
272.805  242.927  1991.73  89.7878  7.377  0.36  49  53  5.7515  100
272.854  243.056  1903.36  95.0839  168.663  0.38  49  53  5.7515  100
272.903  243.056  1984.84  89.9938  0.216  0.36  49  53  5.7515  100
272.952  243.056  1927.04  95.1087  171.594  0.38  48.3  53  5.7515  100
273  243.184  1895.4  95.038  166.449  0.38  48.3  53  5.7515  100
273.049  243.184  1879.63  94.0808  133.761  0.39  48.3  53  5.7515  100
273.098  243.184  2018.31  89.6666  11.746  0.36  48.3  53  5.7515  100
273.147  243.313  1872.52  96.3006  205.498  0.39  48.3  53  5.7515  100
273.195  243.313  1885.24  93.9957  131.367  0.38  48.3  53  5.7515  100
273.244  243.313  1915.04  94.6295  154.566  0.38  45.4  53  5.7515  100
273.293  243.442  1867.67  95.5609  180.985  0.39  45.4  53  5.7515  100
273.342  243.442  1999.13  89.8637  4.755  0.36  45.4  53  5.7515  100
273.39  243.442  1918.44  96.2836  209.973  0.38  45.4  53  5.7515  100
273.439  243.571  1888.55  95.2  171.164  0.38  45.4  53  5.7515  100
273.488  243.571  2031.82  89.9823  0.627  0.36  45.4  53  5.7515  100
273.537  243.571  1896.42  94.937  163.207  0.38  46.2  53  5.7515  100
273.586  243.7  2006.24  90.0353  1.235  0.36  46.2  53  5.7515  100
273.635  243.7  2016.31  89.6384  12.725  0.36  46.2  53  5.7515  100
273.683  243.7  1879.92  94.9931  163.62  0.39  46.2  53  5.7515  100
273.732  243.828  2002.27  89.9797  0.709  0.36  46.2  53  5.7515  100
273.781  243.828  1912.98  94.8337  161.195  0.38  46.2  53  5.7515  100
273.83  243.828  1857.57  95.6215  181.962  0.39  47.3  53  5.7515  100
273.878  243.957  1921.22  94.904  164.238  0.38  47.3  53  5.7515  100
273.927  243.957  1905.42  96.1645  204.612  0.38  47.3  53  5.7515  100
273.976  243.957  1872.96  95.1085  166.774  0.39  47.3  53  5.7515  100
274.025  244.086  1920.32  90.0236  0.789  0.38  47.3  53  5.7515  100
274.073  244.086  1896.59  96.2608  206.832  0.38  47.3  53  5.7515  100
274.122  244.086  1817.34  90.0445  1.412  0.4  47.3  53  5.7515  100
274.171  244.215  2014.9  89.8002  7.028  0.36  48.8  53  5.7515  100
274.22  244.215  1895.97  96.1224  202.212  0.38  48.8  53  5.7515  100
274.268  244.215  1998.79  89.9597  1.405  0.36  48.8  53  5.7515  100
274.317  244.344  1917.55  94.8052  160.63  0.38  48.8  53  5.7515  100
274.366  244.344  1858.02  93.9699  128.637  0.39  48.8  53  5.7515  100
274.415  244.344  1995.34  89.9595  1.41  0.36  48.8  53  5.7515  100
274.464  244.472  1917.6  96.097  203.671  0.38  48.9  53  5.7515  100
274.512  244.472  1969.41  89.9419  1.996  0.37  48.9  53  5.7515  100
274.561  244.472  2012.56  89.4649  18.794  0.36  48.9  53  5.7515  100
274.61  244.601  1815.74  89.9981  0.059  0.4  48.9  53  5.7515  100
274.659  244.601  1889.11  95.0079  164.907  0.38  48.9  53  5.7515  100
274.708  244.601  2016.74  89.6748  11.447  0.36  48.9  53  5.7515  100
274.756  244.73  1885.76  96.2267  204.534  0.39  49.2  53  5.7515  100
274.805  244.73  1975.37  88.962  35.784  0.37  49.2  53  5.7515  100
274.854  244.73  1914.54  96.114  203.91  0.38  49.2  53  5.7515  100
274.903  244.859  1880  90.0271  0.89  0.38  49.2  53  5.7515  100
274.952  244.859  2009.15  89.7351  9.289  0.36  49.2  53  5.7515  100
275.001  244.859  1919.13  96.0885  203.55  0.38  49.2  53  5.7515  100
275.049  244.988  1878.46  95.3087  173.799  0.39  46.4  53  5.7515  100
275.098  244.988  1919.12  95.1086  170.887  0.38  46.4  53  5.7515  100
275.147  244.988  1909.28  96.3335  210.623  0.38  46.4  53  5.7515  100
275.196  245.116  2014.34  90.0323  1.135  0.36  46.4  53  5.7515  100
275.245  245.116  2018.04  89.7839  7.61  0.36  46.4  53  5.7515  100
275.293  245.116  1801.28  90.0387  1.216  0.4  46.4  53  5.7515  100
275.342  245.245  1991.44  89.9034  3.356  0.36  47.1  53  5.7515  100
275.391  245.245  1914.98  94.9168  164.133  0.38  47.1  53  5.7515  100
275.44  245.245  1941.41  89.9565  1.476  0.37  47.1  53  5.7515  100
275.488  245.374  2008.87  89.8518  5.194  0.36  47.1  53  5.7515  100
275.537  245.374  1916.49  96.1987  206.936  0.38  47.1  53  5.7515  100
275.586  245.374  1880.59  93.9803  130.538  0.39  47.1  53  5.7515  100
275.635  245.503  1919.36  95.1551  172.459  0.38  46.1  53  5.7515  100
275.683  245.503  1882.3  95.1661  169.49  0.39  46.1  53  5.7515  100
275.732  245.503  1833.53  89.996  0.128  0.39  46.1  53  5.7515  100
275.781  245.632  2028.5  89.5354  16.45  0.36  46.1  53  5.7515  100
275.83  245.632  1980.15  89.9979  0.073  0.37  46.1  53  5.7515  100
275.879  245.632  1974.93  88.9263  37.006  0.37  46.1  53  5.7515  100
275.927  245.761  1911.7  96.1774  205.711  0.38  45.5  53  5.7515  100
275.976  245.761  1949.11  89.9531  1.596  0.37  45.5  53  5.7515  100
276.025  245.761  2026.73  89.9535  1.643  0.36  45.5  53  5.7515  100
276.074  245.889  1910.38  94.347  144.801  0.38  45.5  53  5.7515  100
276.122  245.889  1832.15  90.0391  1.25  0.39  45.5  53  5.7515  100
276.171  246.018  2010.05  89.6713  11.532  0.36  45.5  53  5.7515  100
276.22  246.018  1900.48  96.0972  201.86  0.38  48.4  53  5.7515  100
276.269  246.018  1818.69  90.0018  0.057  0.4  48.4  53  5.7515  100
276.317  246.147  1991.63  89.9201  2.778  0.36  48.4  53  5.7515  100
276.366  246.147  1873.73  95.2657  171.962  0.39  48.4  53  5.7515  100
276.415  246.147  1983.34  88.9544  36.192  0.36  48.4  53  5.7515  100
276.464  246.276  1910.88  94.4393  147.907  0.38  48.4  53  5.7515  100
276.513  246.276  1868.91  95.5069  179.35  0.39  46.1  53  5.7515  100
276.562  246.276  1922.42  95.1366  172.116  0.38  46.1  53  5.7515  100
276.61  246.405  1890.7  95.0199  165.44  0.38  46.1  53  5.7515  100
276.659  246.405  1868.01  94.1595  135.493  0.39  46.1  53  5.7515  100
276.708  246.405  1930.95  94.9404  166.293  0.38  46.1  53  5.7515  100
276.757  246.533  1891.72  94.9191  162.214  0.38  46.1  53  5.7515  100
276.806  246.533  1981.06  89.8436  5.409  0.37  46.1  53  5.7515  100
276.854  246.533  1998.77  89.6922  10.737  0.36  47.2  53  5.7515  100
276.903  246.662  1865.81  95.1747  168.283  0.39  47.2  53  5.7515  100
276.952  246.662  1992.98  89.8955  3.634  0.36  47.2  53  5.7515  100
277.001  246.662  1929.02  96.1779  207.593  0.38  47.2  53  5.7515  100
277.05  246.791  1963.9  89.8755  4.266  0.37  47.2  53  5.7515  100
277.098  246.791  2053.28  89.9519  1.724  0.35  47.2  53  5.7515  100
277.147  246.791  1897.68  94.8818  161.493  0.38  49.8  53  5.7515  100
277.196  246.92  1929.29  89.3015  23.521  0.38  49.8  53  5.7515  100
277.245  246.92  2014.31  89.6103  13.701  0.36  49.8  53  5.7515  100
277.293  246.92  1891.49  96.1475  202.558  0.38  49.8  53  5.7515  100
277.342  247.049  1839.65  90.0364  1.167  0.39  49.8  53  5.7515  100
277.391  247.049  2000.31  89.6841  11.029  0.36  49.8  53  5.7515  100
277.44  247.049  1866.58  95.0301  163.661  0.39  47.9  53  5.7515  100
277.488  247.177  1986.03  89.8555  5.008  0.36  47.9  53  5.7515  100
277.537  247.177  1921.77  95.978  200.145  0.38  47.9  53  5.7515  100
277.586  247.177  1948.32  89.8829  3.981  0.37  47.9  53  5.7515  100
277.635  247.306  1931.51  94.744  159.743  0.38  47.9  53  5.7515  100
277.683  247.306  1914.54  96.114  203.91  0.38  47.9  53  5.7515  100
277.732  247.306  1815.79  90.017  0.538  0.4  47.4  53  5.7515  100
277.781  247.435  2012.74  89.6185  13.4  0.36  47.4  53  5.7515  100
277.83  247.435  1891.95  94.9649  163.74  0.38  47.4  53  5.7515  100
277.878  247.435  1963  88.9954  34.418  0.37  47.4  53  5.7515  100
277.927  247.564  1927.24  94.841  162.643  0.38  47.4  53  5.7515  100
277.976  247.564  1817.19  89.9905  0.3  0.4  47.4  53  5.7515  100
278.025  247.564  2033.86  90.0105  0.374  0.36  45.9  53  5.7515  100
278.073  247.693  1908.45  96.1477  204.38  0.38  45.9  53  5.7515  100
278.122  247.693  1865.14  95.3434  173.692  0.39  45.9  53  5.7515  100
278.171  247.693  1943.97  94.6665  158.152  0.37  45.9  53  5.7515  100
278.22  247.821  1901.51  96.3284  209.599  0.38  45.9  53  5.7515  100
278.268  247.821  1835.1  90.0238  0.763  0.39  45.9  53  5.7515  100
278.317  247.821  2019.45  89.6219  13.327  0.36  45.5  53  5.7515  100
278.366  247.95  1878.97  96.405  209.611  0.39  45.5  53  5.7515  100
278.415  247.95  1950.37  88.9931  34.275  0.37  45.5  53  5.7515  100
278.464  247.95  1918.83  94.7493  158.87  0.38  45.5  53  5.7515  100
278.512  248.079  1957.83  89.7578  8.276  0.37  45.5  53  5.7515  100
278.561  248.079  2009.29  89.8881  3.925  0.36  45.5  53  5.7515  100
278.61  248.079  1926.61  95.9989  201.35  0.38  49.2  53  5.7515  100
278.659  248.208  1872.35  94.1301  134.85  0.39  49.2  53  5.7515  100
278.708  248.208  1911.74  95.2012  173.305  0.38  49.2  53  5.7515  100
278.756  248.208  1897.11  94.4808  148.212  0.38  49.2  53  5.7515  100
278.805  248.337  1880.84  94.0256  132.039  0.39  49.2  53  5.7515  100
278.854  248.337  1927.03  94.5053  151.371  0.38  49.2  53  5.7515  100
278.903  248.337  1874.57  96.4293  209.908  0.39  49.5  53  5.7515  100
278.952  248.465  2007.76  90.0276  0.966  0.36  49.5  53  5.7515  100
279.001  248.465  2008.92  89.7157  9.969  0.36  49.5  53  5.7515  100
279.049  248.465  1880.81  95.4821  179.682  0.39  49.5  53  5.7515  100
279.098  248.594  2035.42  90.0027  0.095  0.36  49.5  53  5.7515  100
279.147  248.594  1903.92  94.8903  162.304  0.38  49.5  53  5.7515  100
279.195  248.594  1876.77  95.2722  172.451  0.39  49.5  53  5.7515  100
279.244  248.723  1853.22  90.0027  0.087  0.39  48.4  53  5.7515  100
279.293  248.723  1913.52  94.6391  154.764  0.38  48.4  53  5.7515  100
279.342  248.723  1885.24  93.9957  131.367  0.38  48.4  53  5.7515  100
279.39  248.852  1943.41  94.8642  164.789  0.37  48.4  53  5.7515  100
279.439  248.852  1869.7  95.0571  164.813  0.39  48.4  53  5.7515  100
279.488  248.852  1979.88  88.936  36.765  0.37  48.4  53  5.7515  100
279.537  248.981  1909.39  95.0468  167.969  0.38  47.6  53  5.7515  100
279.585  248.981  1952.05  89.9377  2.123  0.37  47.6  53  5.7515  100
279.634  248.981  1976.52  89.8672  4.58  0.37  47.6  53  5.7515  100
279.683  249.109  1902.89  94.9917  165.573  0.38  47.6  53  5.7515  100
279.732  249.109  1885.14  95.1268  168.456  0.39  47.6  53  5.7515  100
279.78  249.109  1912.2  95.2939  176.427  0.38  47.6  53  5.7515  100
279.829  249.238  1904.52  96.3119  209.386  0.38  46.7  53  5.7515  100
279.878  249.238  1810.02  90.0472  1.491  0.4  46.7  53  5.7515  100
279.927  249.238  1930.08  94.7753  160.675  0.38  46.7  53  5.7515  100
279.975  249.367  1859.16  95.0305  163.021  0.39  46.7  53  5.7515  100
280.024  249.367  1969.08  87.9626  70.006  0.37  46.7  53  5.7515  100
280.074  249.367  1939.95  94.5201  152.885  0.37  46.7  53  5.7515  100
280.122  249.496  1886.27  95.3552  176.046  0.39  49.1  53  5.7515  100
280.171  249.496  1931.68  95.0807  171.066  0.38  49.1  53  5.7515  100
280.22  249.496  1908.66  96.1941  205.94  0.38  49.1  53  5.7515  100
280.268  249.625  1872.17  95.2536  171.425  0.39  49.1  53  5.7515  100
280.317  249.625  1926.08  94.9221  165.261  0.38  49.1  53  5.7515  100
280.366  249.625  1882.39  94.8836  160.251  0.39  49.1  53  5.7515  100
280.415  249.753  1961.33  89.1187  30.167  0.37  46.8  53  5.7515  100
280.464  249.753  1993.3  89.6446  12.364  0.36  46.8  53  5.7515  100
280.512  249.753  1967.69  89.9307  2.379  0.37  46.8  53  5.7515  100
280.561  249.882  1988.38  89.9192  2.803  0.36  46.8  53  5.7515  100
280.61  249.882  1927.79  94.645  156.116  0.38  46.8  53  5.7515  100
280.659  250.011  1945  89.8634  4.639  0.37  46.8  53  5.7515  100
280.708  250.011  1905.79  94.9517  164.499  0.38  48.5  53  5.7515  100
280.757  250.011  1920.59  96.4155  214.603  0.38  48.5  53  5.7515  100
280.806  250.14  1804.19  90.0423  1.333  0.4  48.5  53  5.7515  100
280.854  250.14  1940.78  94.9772  168.382  0.37  48.5  53  5.7515  100
280.903  250.14  1890  94.8827  160.869  0.38  48.5  53  5.7515  100
280.952  250.269  1967.51  89.9143  2.943  0.37  48.5  53  5.7515  100
281.001  250.269  2005.1  89.8124  6.567  0.36  47.2  53  5.7515  100
281.049  250.269  1986.09  89.9672  1.136  0.36  47.2  53  5.7515  100
281.098  250.398  1958.75  88.0286  67.382  0.37  47.2  53  5.7515  100
281.147  250.398  1931.04  95.9261  199.371  0.38  47.2  53  5.7515  100
281.196  250.398  1862.47  95.4063  175.477  0.39  47.2  53  5.7515  100
281.245  250.526  1914.87  94.8954  163.408  0.38  47.2  53  5.7515  100
281.293  250.526  1921.99  96.0247  201.726  0.38  48.8  53  5.7515  100
281.342  250.526  1978.91  90.0243  0.839  0.37  48.8  53  5.7515  100
281.391  250.655  1936.42  94.7618  160.75  0.37  48.8  53  5.7515  100
281.44  250.655  1897.92  94.9277  163.028  0.38  48.8  53  5.7515  100
281.488  250.655  1893  95.1727  170.67  0.38  48.8  53  5.7515  100
281.537  250.784  2011.34  89.7801  7.721  0.36  48.8  53  5.7515  100
281.586  250.784  1858.71  94.9405  160.074  0.39  47.3  53  5.7515  100
281.635  250.784  2022.03  89.9934  0.233  0.36  47.3  53  5.7515  100
281.684  250.913  1987.05  89.9437  1.952  0.36  47.3  53  5.7515  100
281.732  250.913  1876.19  95.463  178.618  0.39  47.3  53  5.7515  100
281.781  250.913  2024.05  90.0215  0.758  0.36  47.3  53  5.7515  100
281.83  251.042  1914.75  96.1605  205.48  0.38  47.3  53  5.7515  100
281.879  251.042  1810.02  90.0472  1.491  0.4  47.3  53  5.7515  100
281.928  251.042  1937.72  94.7053  158.954  0.37  45.7  53  5.7515  100
281.977  251.17  1887.28  94.947  162.747  0.38  45.7  53  5.7515  100
282.025  251.17  1948.48  88.9664  35.149  0.37  45.7  53  5.7515  100
282.074  251.17  2003.13  89.7843  7.542  0.36  45.7  53  5.7515  100
282.123  251.299  1886.72  95.1389  168.994  0.38  45.7  53  5.7515  100
282.172  251.299  1889.92  94.0112  132.202  0.38  45.7  53  5.7515  100
282.22  251.299  1931.26  95.973  200.967  0.38  46.4  53  5.7515  100
282.269  251.428  1867.24  95.4703  178.005  0.39  46.4  53  5.7515  100
282.318  251.428  1928.67  94.8099  161.718  0.38  46.4  53  5.7515  100
282.367  251.428  1904.63  95.0285  166.943  0.38  46.4  53  5.7515  100
282.415  251.557  1864.63  94.0891  132.964  0.39  46.4  53  5.7515  100
282.464  251.557  1942.34  94.9677  168.197  0.37  46.4  53  5.7515  100
282.513  251.557  1896.89  95.0288  166.275  0.38  46.9  53  5.7515  100
282.562  251.686  1995.77  89.9752  0.864  0.36  46.9  53  5.7515  100
282.61  251.686  1993.17  89.9122  3.055  0.36  46.9  53  5.7515  100
282.659  251.686  1873.91  90.0224  0.734  0.39  46.9  53  5.7515  100
282.708  251.814  2009.71  89.9243  2.656  0.36  46.9  53  5.7515  100
282.757  251.814  1926.5  94.7012  157.896  0.38  46.9  53  5.7515  100
282.806  251.814  1879.34  95.4909  179.83  0.39  47.7  53  5.7515  100
282.854  251.943  1999.84  89.7836  7.552  0.36  47.7  53  5.7515  100
282.903  251.943  1898.94  94.8265  159.773  0.38  47.7  53  5.7515  100
282.952  251.943  1869.27  95.2715  171.74  0.39  47.7  53  5.7515  100
283.001  252.072  1935.26  95.1556  173.906  0.38  47.7  53  5.7515  100
283.05  252.072  1949.11  89.9531  1.596  0.37  47.7  53  5.7515  100
283.099  252.072  1905.68  95.2378  173.969  0.38  48.8  53  5.7515  100
283.147  252.201  1926.19  94.9438  165.995  0.38  48.8  53  5.7515  100
283.196  252.201  1994.94  90.0347  1.207  0.36  48.8  53  5.7515  100
283.245  252.201  1984.22  89.0261  33.726  0.36  48.8  53  5.7515  100
283.294  252.33  1922.41  96.1182  204.89  0.38  48.8  53  5.7515  100
283.343  252.33  1968.24  89.7022  10.229  0.37  48.8  53  5.7515  100
283.391  252.33  1941.26  95.0712  171.597  0.37  48.8  53  5.7515  100
283.44  252.458  1911.06  96.0379  201.018  0.38  48.8  53  5.7515  100
283.489  252.458  1873.05  93.9849  130.164  0.39  48.8  53  5.7515  100
283.538  252.458  1931.68  95.0807  171.066  0.38  48.8  53  5.7515  100
283.586  252.587  1882.39  94.8836  160.251  0.39  48.8  53  5.7515  100
283.635  252.587  1897.25  95.0994  168.633  0.38  48.8  53  5.7515  100
283.684  252.587  1931.88  94.8124  162.071  0.38  46.5  53  5.7515  100
283.733  252.716  1811.41  90.0209  0.66  0.4  46.5  53  5.7515  100
283.781  252.716  2020.49  90.0012  0.042  0.36  46.5  53  5.7515  100
283.83  252.716  1923.92  94.8135  161.442  0.38  46.5  53  5.7515  100
283.879  252.845  1880.59  95.4365  178.171  0.39  46.5  53  5.7515  100
283.928  252.845  1940.28  94.8833  165.17  0.37  46.5  53  5.7515  100
283.977  252.845  1908.45  96.1477  204.38  0.38  45.3  53  5.7515  100
284.025  252.974  1892.2  95.3193  175.42  0.38  45.3  53  5.7515  100
284.074  252.974  1949.37  95.0712  172.311  0.37  45.3  53  5.7515  100
284.123  252.974  1873.38  94.8938  159.815  0.39  45.3  53  5.7515  100
284.172  253.102  1962.31  88.8094  40.772  0.37  45.3  53  5.7515  100
284.22  253.102  1922.43  94.5346  151.99  0.38  45.3  53  5.7515  100
284.269  253.102  1877.52  94.8206  157.779  0.39  45.3  53  5.7515  100
284.318  253.231  2005.04  89.9481  1.815  0.36  47.6  53  5.7515  100
284.367  253.231  1901.69  94.7616  157.86  0.38  47.6  53  5.7515  100
284.415  253.231  1874.07  95.3355  174.264  0.39  47.6  53  5.7515  100
284.464  253.36  1924.54  94.9316  165.446  0.38  47.6  53  5.7515  100
284.513  253.36  1907.64  95.0099  166.591  0.38  47.6  53  5.7515  100
284.562  253.36  1986.79  90.0213  0.738  0.36  47.6  53  5.7515  100
284.611  253.489  2014.31  89.6103  13.701  0.36  49.4  53  5.7515  100
284.66  253.489  1888.52  96.1642  202.786  0.39  49.4  53  5.7515  100
284.708  253.489  1992.14  89.8237  6.13  0.36  49.4  53  5.7515  100
284.757  253.618  1936.57  94.493  151.706  0.37  49.4  53  5.7515  100
284.806  253.618  1963.21  89.954  1.575  0.37  49.4  53  5.7515  100
284.855  253.618  1983.81  89.9428  1.98  0.36  49.4  53  5.7515  100
284.903  253.746  1915.22  94.9632  165.697  0.38  48.9  53  5.7515  100
284.952  253.746  1995.77  89.9752  0.864  0.36  48.9  53  5.7515  100
285.001  253.746  1847.11  89.9979  0.069  0.39  48.9  53  5.7515  100
285.05  253.875  1895.97  96.1224  202.212  0.38  48.9  53  5.7515  100
285.098  253.875  1820.14  89.9942  0.185  0.4  48.9  53  5.7515  100
285.147  253.875  2006.51  89.6514  12.207  0.36  48.9  53  5.7515  100
285.196  254.004  1885.49  94.6032  151.321  0.38  49  53  5.7515  100
285.245  254.004  1992.31  89.9553  1.554  0.36  49  53  5.7515  100
285.293  254.004  1920.36  94.7397  158.677  0.38  49  53  5.7515  100
285.342  254.133  1963.9  89.8755  4.266  0.37  49  53  5.7515  100
285.391  254.133  1991.56  88.8299  40.668  0.36  49  53  5.7515  100
285.44  254.262  1916.7  96.2453  208.509  0.38  49  53  5.7515  100
285.489  254.262  1957.83  89.7578  8.276  0.37  46.6  53  5.7515  100
285.537  254.262  1940.28  94.8833  165.17  0.37  46.6  53  5.7515  100
285.586  254.39  1896.38  96.2147  205.291  0.38  46.6  53  5.7515  100
285.635  254.39  1824.62  90.0065  0.208  0.4  46.6  53  5.7515  100
285.684  254.39  1942.59  95.0148  169.806  0.37  46.6  53  5.7515  100
285.733  254.519  1966.48  89.8244  6.026  0.37  46.6  53  5.7515  100
285.781  254.519  1958.75  88.0286  67.382  0.37  46.8  53  5.7515  100
285.83  254.519  2010.48  89.7075  10.263  0.36  46.8  53  5.7515  100
285.879  254.648  1882.64  95.2362  171.813  0.39  46.8  53  5.7515  100
285.928  254.648  1988.79  89.9551  1.56  0.36  46.8  53  5.7515  100
285.976  254.648  1896.42  94.937  163.207  0.38  46.8  53  5.7515  100
286.025  254.777  1871.95  95.2083  169.929  0.39  46.8  53  5.7515  100
286.074  254.777  1919.69  94.9134  164.422  0.38  47  53  5.7515  100
286.123  254.777  1908.24  96.1013  202.821  0.38  47  53  5.7515  100
286.171  254.906  1874.95  95.5173  180.268  0.39  47  53  5.7515  100
286.22  254.906  1938.38  95.137  173.557  0.37  47  53  5.7515  100
286.269  254.906  1881.84  95.075  166.467  0.39  47  53  5.7515  100
286.318  255.034  1979.95  89.8871  3.9  0.37  47  53  5.7515  100
286.367  255.034  1916.75  94.9538  165.516  0.38  47.8  53  5.7515  100
286.416  255.034  1875.75  95.372  175.612  0.39  47.8  53  5.7515  100
286.465  255.163  1915.35  94.988  166.536  0.38  47.8  53  5.7515  100
286.513  255.163  1906.44  96.3965  212.392  0.38  47.8  53  5.7515  100
286.562  255.163  1862.26  95.3611  173.996  0.39  47.8  53  5.7515  100
286.611  255.292  1919.45  94.867  162.851  0.38  47.8  53  5.7515  100
286.66  255.292  1897.68  96.1602  203.637  0.38  47.8  53  5.7515  100
286.708  255.292  1961.6  89.8127  6.414  0.37  47  53  5.7515  100
286.757  255.421  2012.9  89.772  8.012  0.36  47  53  5.7515  100
286.806  255.421  1886.75  96.4562  212.155  0.39  47  53  5.7515  100
286.855  255.421  1999.13  89.8637  4.755  0.36  47  53  5.7515  100
286.904  255.55  1922.14  94.7766  160.058  0.38  47  53  5.7515  100
286.952  255.55  1951.93  89.7893  7.179  0.37  47  53  5.7515  100
287.001  255.55  1996.75  89.7997  6.98  0.36  48.4  53  5.7515  100
287.05  255.679  1924.65  94.9532  166.179  0.38  48.4  53  5.7515  100
287.099  255.679  1871.38  95.3986  176.067  0.39  48.4  53  5.7515  100
287.147  255.679  2006.08  89.6152  13.472  0.36  48.4  53  5.7515  100
287.197  255.807  1895.95  94.8453  160.141  0.38  48.4  53  5.7515  100
287.245  255.807  1879.63  94.0808  133.761  0.39  48.4  53  5.7515  100
287.294  255.807  2003.23  89.515  16.958  0.36  48  53  5.7515  100
287.343  255.936  1882.85  94.9747  163.273  0.39  48  53  5.7515  100
287.392  255.936  1987.14  89.8118  6.528  0.36  48  53  5.7515  100
287.44  255.936  1932.34  96.2079  208.957  0.38  48  53  5.7515  100
287.489  256.065  1949.39  89.8401  5.442  0.37  48  53  5.7515  100
287.538  256.065  1920.32  90.0236  0.789  0.38  48  53  5.7515  100
287.587  256.065  1920.66  96.08  203.429  0.38  46.5  53  5.7515  100
287.635  256.194  1882.42  95.1906  170.3  0.39  46.5  53  5.7515  100
287.684  256.194  2012.74  89.6185  13.4  0.36  46.5  53  5.7515  100
287.733  256.194  1892.97  94.864  160.507  0.38  46.5  53  5.7515  100
287.782  256.323  1984.51  89.8634  4.73  0.36  46.5  53  5.7515  100
287.83  256.323  2008.92  89.7157  9.969  0.36  46.5  53  5.7515  100
287.879  256.323  1882.62  94.9291  161.762  0.39  45.6  53  5.7515  100
287.928  256.451  1979.69  89.0519  32.756  0.37  45.6  53  5.7515  100
287.977  256.451  1912.98  94.8337  161.195  0.38  45.6  53  5.7515  100
288.025  256.58  1951.93  89.7893  7.179  0.37  45.6  53  5.7515  100
288.074  256.58  2040.13  89.979  0.746  0.35  45.6  53  5.7515  100
288.123  256.58  1905.21  96.1182  203.057  0.38  45.6  53  5.7515  100
288.172  256.709  1883.77  94.0057  131.592  0.38  48.6  53  5.7515  100
288.221  256.709  2016.47  89.7921  7.318  0.36  48.6  53  5.7515  100
288.269  256.709  1891.95  94.9649  163.74  0.38  48.6  53  5.7515  100
288.318  256.838  2006.83  89.9564  1.527  0.36  48.6  53  5.7515  100
288.367  256.838  1940.96  94.7077  159.299  0.37  48.6  53  5.7515  100
288.416  256.838  1881.12  96.2057  203.345  0.39  48.6  53  5.7515  100
288.465  256.967  1972.81  89.0149  33.916  0.37  45.9  53  5.7515  100
288.513  256.967  1918.23  96.2369  208.397  0.38  45.9  53  5.7515  100
288.562  256.967  1956.75  89.8009  6.798  0.37  45.9  53  5.7515  100
288.611  257.095  1919.83  95.2481  175.605  0.38  45.9  53  5.7515  100
288.66  257.095  1904.52  96.3119  209.386  0.38  45.9  53  5.7515  100
288.708  257.095  1991.73  90.0336  1.167  0.36  45.9  53  5.7515  100
288.757  257.224  1927.62  94.9127  165.076  0.38  49.2  54  5.7515  100
288.806  257.224  1973.34  89.9584  1.433  0.37  49.2  54  5.7515  100
288.855  257.224  1999.25  89.9952  0.169  0.36  49.2  54  5.7515  100
288.904  257.353  1912.5  94.7412  158.077  0.38  49.2  54  5.7515  100
288.952  257.353  1966.48  89.8244  6.026  0.37  49.2  54  5.7515  100
289.001  257.353  1993.26  89.7798  7.661  0.36  49.2  54  5.7515  100
289.05  257.482  1918.91  96.0418  201.974  0.38  48.9  54  5.7515  100
289.099  257.482  1941.68  89.8439  5.291  0.37  48.9  54  5.7515  100
289.148  257.482  2013.4  89.9609  1.375  0.36  48.9  54  5.7515  100
289.197  257.611  1895.71  94.7994  158.61  0.38  48.9  54  5.7515  100
289.245  257.611  1823.25  90.0494  1.572  0.4  48.9  54  5.7515  100
289.294  257.611  1940.28  94.8833  165.17  0.37  48.9  54  5.7515  100
289.343  257.739  1893.44  94.9556  163.563  0.38  48.9  54  5.7515  100
289.392  257.739  1960.04  89.0125  33.78  0.37  47.1  54  5.7515  100
289.44  257.739  2015.17  89.683  11.15  0.36  47.1  54  5.7515  100
289.489  257.868  1958.23  89.7931  7.072  0.37  47.1  54  5.7515  100
289.538  257.868  2025.12  89.9777  0.787  0.36  47.1  54  5.7515  100
289.587  257.868  1996.24  89.8964  3.611  0.36  47.1  54  5.7515  100
289.636  257.997  1871.16  95.3533  174.572  0.39  47.1  54  5.7515  100
289.685  257.997  1982.9  88.9186  37.424  0.36  47.9  54  5.7515  100
289.733  257.997  1898.85  95.1115  169.177  0.38  47.9  54  5.7515  100
289.782  258.126  1900.7  95.173  171.374  0.38  47.9  54  5.7515  100
289.831  258.126  2003.23  89.515  16.958  0.36  47.9  54  5.7515  100
289.88  258.126  1884.33  94.9655  163.098  0.39  47.9  54  5.7515  100
289.929  258.255  2020.01  89.9654  1.221  0.36  47.9  54  5.7515  100
289.977  258.255  1905.96  94.6871  155.743  0.38  48.6  54  5.7515  100
290.026  258.255  1967.29  89.8953  3.595  0.37  48.6  54  5.7515  100
290.075  258.383  1929.96  94.7536  159.938  0.38  48.6  54  5.7515  100
290.124  258.383  1900.43  94.8171  159.588  0.38  48.6  54  5.7515  100
290.172  258.383  1878.17  94.0907  133.981  0.39  48.6  54  5.7515  100
290.221  258.512  2003.66  88.8763  39.294  0.36  48.6  54  5.7515  100
290.27  258.512  1909.71  94.8064  160.013  0.38  47.1  54  5.7515  100
290.319  258.512  1865.82  94.0344  131.269  0.39  47.1  54  5.7515  100
290.367  258.641  2000.57  89.5676  15.096  0.36  47.1  54  5.7515  100
290.416  258.641  1884.56  95.0111  164.613  0.39  47.1  54  5.7515  100
290.465  258.641  1890.7  90.0278  0.917  0.38  47.1  54  5.7515  100
290.514  258.77  1928.04  94.6916  157.699  0.38  47.1  54  5.7515  100
290.563  258.77  1995.53  89.9562  1.524  0.36  46.1  54  5.7515  100
290.611  258.77  2002.93  89.7675  8.127  0.36  46.1  54  5.7515  100
290.66  258.899  1906.37  95.0654  168.318  0.38  46.1  54  5.7515  100
290.709  258.899  1873.18  95.1539  168.27  0.39  46.1  54  5.7515  100
290.758  258.899  1991.22  89.8842  4.024  0.36  46.1  54  5.7515  100
290.806  259.027  1890.24  94.9284  162.392  0.38  46.1  54  5.7515  100
290.855  259.027  1827.74  90.0619  1.976  0.4  47.7  54  5.7515  100
290.904  259.027  1926.75  94.7478  159.478  0.38  47.7  54  5.7515  100
290.953  259.156  1883.86  94.8743  160.072  0.39  47.7  54  5.7515  100
291.001  259.156  1906.73  95.1363  170.7  0.38  47.7  54  5.7515  100
291.05  259.285  1916.57  94.6198  154.367  0.38  47.7  54  5.7515  100
291.099  259.285  1950.18  89.9103  3.054  0.37  47.7  54  5.7515  100
291.148  259.285  1981.39  88.9273  37.094  0.37  48.6  54  5.7515  100
291.197  259.414  1913.43  96.2155  207.164  0.38  48.6  54  5.7515  100
291.246  259.414  1854.65  95.3152  171.805  0.39  48.6  54  5.7515  100
291.294  259.414  1943.08  95.1089  173.028  0.37  48.6  54  5.7515  100
291.343  259.543  1889.91  95.1664  170.183  0.38  48.6  54  5.7515  100
291.392  259.543  1890.6  94.9987  164.733  0.38  48.6  54  5.7515  100
291.441  259.543  1931.13  94.6723  157.302  0.38  48.1  54  5.7515  100
291.49  259.671  1876.91  96.2761  205.182  0.39  48.1  54  5.7515  100
291.538  259.671  1967.2  88.8187  40.554  0.37  48.1  54  5.7515  100
291.587  259.671  1927.29  94.5518  152.952  0.38  48.1  54  5.7515  100
291.636  259.8  1880.92  94.8929  160.429  0.39  48.1  54  5.7515  100
291.685  259.8  1930.46  94.847  163.114  0.38  48.1  54  5.7515  100
291.734  259.8  1914.5  94.8242  161.007  0.38  48.1  54  5.7515  100
291.782  259.929  1985.88  89.9509  1.702  0.36  47.5  54  5.7515  100
291.831  259.929  1912.31  95.0067  166.893  0.38  47.5  54  5.7515  100
291.88  259.929  1909.68  96.4265  213.748  0.38  47.5  54  5.7515  100
291.929  260.058  1969.38  88.9965  34.489  0.37  47.5  54  5.7515  100
291.977  260.058  1930.95  94.9404  166.293  0.38  47.5  54  5.7515  100
292.026  260.058  1900.19  94.7711  158.049  0.38  47.5  54  5.7515  100
292.075  260.187  1985.93  88.9011  38.087  0.36  47.5  54  5.7515  100
292.124  260.187  1923.42  94.7205  158.289  0.38  47.5  54  5.7515  100
292.172  260.187  1799.77  90.0114  0.357  0.4  47.5  54  5.7515  100
292.221  260.316  1927.13  94.8194  161.908  0.38  47.5  54  5.7515  100
292.27  260.316  1923.96  94.5249  151.784  0.38  47.5  54  5.7515  100
292.319  260.316  1862.47  95.4063  175.477  0.39  47.5  54  5.7515  100
292.368  260.444  1931.43  95.0339  169.474  0.38  48.1  54  5.7515  100
292.416  260.444  1893.91  95.0473  166.622  0.38  48.1  54  5.7515  100
292.465  260.444  1976.16  89.6977  10.425  0.37  48.1  54  5.7515  100
292.514  260.573  1936.28  94.7367  159.894  0.37  48.1  54  5.7515  100
292.563  260.573  1869.93  95.1024  166.304  0.39  48.1  54  5.7515  100
292.612  260.573  2015.87  90.0245  0.863  0.36  48.1  54  5.7515  100
292.661  260.702  1923.53  96.0161  201.601  0.38  46.8  54  5.7515  100
292.71  260.702  1989.99  90.0223  0.775  0.36  46.8  54  5.7515  100
292.758  260.702  2011.99  89.8358  5.767  0.36  46.8  54  5.7515  100
292.807  260.831  1904.94  94.7887  159.027  0.38  46.8  54  5.7515  100
292.856  260.831  1809.92  90.0122  0.385  0.4  46.8  54  5.7515  100
292.905  260.831  2011.88  89.5459  15.944  0.36  46.8  54  5.7414  100
292.953  260.96  1896.19  94.8911  161.674  0.38  47  54  5.7414  100
293.002  260.96  1982.62  89.7013  10.337  0.36  47  54  5.7414  100
293.051  260.96  1913.28  94.5929  153.205  0.38  47  54  5.7414  100
293.1  261.088  1961.33  89.9265  2.518  0.37  47  54  5.7414  100
293.148  261.088  1975.37  88.962  35.784  0.37  47  54  5.7414  100
293.197  261.088  1940.63  95.9208  200.184  0.37  47  54  5.7414  100
293.246  261.217  1808.44  90.001  0.032  0.4  48.4  54  5.7414  100
293.295  261.217  2046.44  89.9474  1.88  0.35  48.4  54  5.7414  100
293.344  261.346  1894  96.3695  210.121  0.38  48.4  54  5.7414  100
293.392  261.346  1802.67  90.015  0.472  0.4  48.4  54  5.7414  100
293.441  261.346  2011.56  89.7995  7.039  0.36  48.4  54  5.7414  100
293.49  261.475  1886.95  96.5022  213.68  0.39  48.4  54  5.7414  100
293.539  261.475  1957.1  89.0295  33.147  0.37  47.2  54  5.7414  100
293.588  261.475  1990.39  89.8124  6.515  0.36  47.2  54  5.7414  100
293.637  261.604  1992.98  90.007  0.243  0.36  47.2  54  5.7414  100
293.685  261.604  1845.62  90.0056  0.18  0.39  47.2  54  5.7414  100
293.734  261.604  1935.02  94.5028  151.916  0.38  47.2  54  5.7414  100
293.783  261.732  1981.18  89.9551  1.552  0.37  47.2  54  5.7414  100
293.832  261.732  1925.83  94.8755  163.679  0.38  46.9  54  5.7414  100
293.88  261.732  1893.67  95.0014  165.092  0.38  46.9  54  5.7414  100
293.929  261.861  1802.67  90.015  0.472  0.4  46.9  54  5.7414  100
293.978  261.861  2011.44  89.5096  17.215  0.36  46.9  54  5.7414  100
294.027  261.861  1904.94  94.7887  159.027  0.38  46.9  54  5.7414  100
294.076  261.99  1889  95.2915  174.21  0.38  46.9  54  5.7414  100
294.125  261.99  1925.7  94.8506  162.832  0.38  48.5  54  5.7414  100
294.174  261.99  1874.52  95.1205  167.303  0.39  48.5  54  5.7414  100
294.222  262.119  1986.37  88.937  36.852  0.36  48.5  54  5.7414  100
294.271  262.119  1924.17  96.1565  206.355  0.38  48.5  54  5.7414  100
294.32  262.119  1994.02  89.964  1.254  0.36  48.5  54  5.7414  100
294.369  262.248  1999.49  88.939  37.026  0.36  48.5  54  5.7414  100
294.418  262.248  1914.96  96.2071  207.05  0.38  48.5  54  5.7414  100
294.466  262.248  1864.88  94.1341  134.44  0.39  48.6  54  5.7414  100
294.515  262.376  2017.7  89.4762  18.447  0.36  48.6  54  5.7414  100
294.564  262.376  1884.27  96.235  204.643  0.39  48.6  54  5.7414  100
294.613  262.376  1952.44  88.9055  37.296  0.37  48.6  54  5.7414  100
294.662  262.505  1903.12  95.3483  177.389  0.38  48.6  54  5.7414  100
294.71  262.505  1865.81  95.1747  168.283  0.39  48.6  54  5.7414  100
294.759  262.505  1983.78  88.9902  34.96  0.36  45.7  54  5.7414  100
294.808  262.634  1922.38  94.8231  161.632  0.38  45.7  54  5.7414  100
294.857  262.634  1893.23  95.2186  172.2  0.38  45.7  54  5.7414  100
294.905  262.634  2005.04  89.9481  1.815  0.36  45.7  54  5.7414  100
294.955  262.763  1905  96.0719  201.503  0.38  45.7  54  5.7414  100
295.004  262.763  2014.34  90.0323  1.135  0.36  45.7  54  5.7414  100
295.053  262.763  2000.57  89.5676  15.096  0.36  46  54  5.7414  100
295.101  262.892  1880.69  94.8474  158.922  0.39  46  54  5.7414  100
295.15  262.892  1994.1  89.8517  5.163  0.36  46  54  5.7414  100
295.199  262.892  1921.39  94.6372  155.337  0.38  46  54  5.7414  100
295.248  263.02  1947.65  89.9608  1.333  0.37  46  54  5.7414  100
295.297  263.02  1898.28  94.9982  165.388  0.38  46  54  5.7414  100
295.345  263.02  1898.94  94.8265  159.773  0.38  47.2  54  5.7414  100
295.394  263.149  1866.32  94.1243  134.226  0.39  47.2  54  5.7414  100
295.443  263.149  2020.7  89.8682  4.648  0.36  47.2  54  5.7414  100
295.491  263.278  1886.56  96.4103  210.63  0.39  47.2  54  5.7414  100
295.54  263.278  1987.82  89.9784  0.749  0.36  47.2  54  5.7414  100
295.589  263.278  2009.88  89.518  16.91  0.36  47.2  54  5.7414  100
295.638  263.407  1881.84  95.075  166.467  0.39  47.2  54  5.7414  100
295.686  263.407  1988.79  89.9551  1.56  0.36  47.2  54  5.7414  100
295.735  263.407  1945.66  94.6785  158.698  0.37  47.2  54  5.7414  100
295.784  263.536  1972.6  89.9428  1.968  0.37  47.2  54  5.7414  100
295.833  263.536  1979.69  89.0519  32.756  0.37  47.2  54  5.7414  100
295.881  263.536  1902.89  94.9917  165.573  0.38  47.2  54  5.7414  100
295.931  263.664  1881.62  95.3364  174.996  0.39  46.4  54  5.7414  100
295.979  263.664  1937.72  94.7053  158.954  0.37  46.4  54  5.7414  100
296.028  263.664  1891.02  96.3859  210.327  0.38  46.4  54  5.7414  100
296.077  263.793  1966.15  88.863  39.014  0.37  46.4  54  5.7414  100
296.126  263.793  2023.75  89.5605  15.524  0.36  46.4  54  5.7414  100
296.174  263.793  1886.49  95.0932  167.475  0.39  46.4  54  5.7414  100
296.223  263.922  1968.33  89.0407  32.955  0.37  45  54  5.7414  100
296.272  263.922  1927.03  94.5053  151.371  0.38  45  54  5.7414  100
296.321  263.922  1860.02  95.514  178.729  0.39  45  54  5.7414  100
296.369  264.051  2004.62  89.912  3.079  0.36  45  54  5.7414  100
296.418  264.051  2002.42  89.8645  4.735  0.36  45  54  5.7414  100
296.467  264.051  1867.02  93.9795  129.57  0.39  45  54  5.7414  100
296.516  264.18  1992.45  89.5727  14.858  0.36  47  54  5.7414  100
296.565  264.18  1906.13  95.0192  166.767  0.38  47  54  5.7414  100
296.613  264.18  1977.34  89.9385  2.123  0.37  47  54  5.7414  100
296.662  264.308  1928.34  95.0527  169.832  0.38  47  54  5.7414  100
296.711  264.308  1973.97  89.7849  7.411  0.37  47  54  5.7414  100
296.76  264.308  1977.05  88.8375  40.111  0.37  47  54  5.7414  100
296.808  264.437  1925.22  96.3907  214.29  0.38  47  54  5.7414  100
296.857  264.437  1961.73  89.9618  1.309  0.37  45.9  54  5.7414  100
296.906  264.437  2001.52  89.9279  2.519  0.36  45.9  54  5.7414  100
296.955  264.566  1919.13  96.0885  203.55  0.38  45.9  54  5.7414  100
297.003  264.566  1881.74  95.0539  165.766  0.39  45.9  54  5.7414  100
297.052  264.566  2011.27  89.9163  2.937  0.36  45.9  54  5.7414  100
297.101  264.695  1891.25  94.8276  159.164  0.38  45.9  54  5.7414  100
297.15  264.695  1814.25  89.9895  0.334  0.4  48.3  54  5.7414  100
297.199  264.695  2007.2  89.5708  15.036  0.36  48.3  54  5.7414  100
297.247  264.824  1949.11  89.9531  1.596  0.37  48.3  54  5.7414  100
297.296  264.824  1986.85  89.9271  2.527  0.36  48.3  54  5.7414  100
297.345  264.824  2005.1  89.8124  6.567  0.36  48.3  54  5.7414  100
297.394  264.952  1945.79  89.9334  2.261  0.37  48.3  54  5.7414  100
297.442  264.952  1995.69  88.7672  42.935  0.36  48.3  54  5.7414  100
297.491  264.952  1931.13  94.6723  157.302  0.38  48.3  54  5.7414  100
297.54  265.081  1864.13  95.4427  176.812  0.39  48.3  54  5.7414  100
297.589  265.081  1979.57  87.7785  76.733  0.37  48.3  54  5.7414  100
297.638  265.081  1960.79  89.742  8.83  0.37  48.3  54  5.7414  100
297.687  265.21  1885.24  93.9957  131.367  0.38  48.3  54  5.7414  100
297.735  265.21  2016.04  89.7557  8.596  0.36  51.2  54  5.7414  100
297.784  265.339  1903.68  94.8442  160.759  0.38  51.2  54  5.7414  100
297.833  265.339  1961.76  87.8938  72.098  0.37  51.2  54  5.7414  100
297.881  265.339  1912.55  95.053  168.453  0.38  51.2  54  5.7414  100
297.93  265.468  1869.92  95.4075  176.217  0.39  51.2  54  5.7414  100
297.98  265.468  1997.67  88.7944  42.03  0.36  51.2  54  5.7414  100
298.028  265.468  1912.59  96.0294  200.895  0.38  48.8  54  5.7414  100
298.077  265.597  2008.35  89.9486  1.801  0.36  48.8  54  5.7414  100
298.126  265.597  1996.6  88.8394  40.44  0.36  48.8  54  5.7414  100
298.175  265.597  1905.13  96.451  214.05  0.38  48.8  54  5.7414  100
298.223  265.725  1979.69  89.0519  32.756  0.37  48.8  54  5.7414  100
298.272  265.725  2000.31  89.6841  11.029  0.36  48.8  54  5.7414  100
298.321  265.725  1869.93  95.1024  166.304  0.39  47  54  5.7414  100
298.37  265.854  1965.78  89.0932  31.109  0.37  47  54  5.7414  100
298.418  265.854  1984.7  89.88  4.155  0.36  47  54  5.7414  100
298.467  265.854  1876.77  95.2722  172.451  0.39  47  54  5.7414  100
298.516  265.983  1937.72  94.7053  158.954  0.37  47  54  5.7414  100
298.565  265.983  1907.4  94.9638  165.039  0.38  47  54  5.7414  100
298.613  265.983  1935.63  88.0626  65.44  0.37  46.4  54  5.7414  100
298.662  266.112  1987.97  89.8834  4.045  0.36  46.4  54  5.7414  100
298.711  266.112  1894.7  94.9005  161.854  0.38  46.4  54  5.7414  100
298.76  266.112  1980.06  88.8199  40.78  0.37  46.4  54  5.7414  100
298.808  266.241  2019.18  89.7394  9.184  0.36  46.4  54  5.7414  100
298.857  266.241  1888.43  95.1755  170.348  0.38  46.4  54  5.7414  100
298.906  266.241  1951.03  89.1776  28.005  0.37  44.5  54  5.7414  100
298.955  266.369  1997.79  89.8884  3.891  0.36  44.5  54  5.7414  100
299.003  266.369  1867.02  95.4251  176.516  0.39  44.5  54  5.7414  100
299.052  266.369  2001.52  89.9279  2.519  0.36  44.5  54  5.7414  100
299.101  266.498  1909.48  96.38  212.185  0.38  44.5  54  5.7414  100
299.15  266.498  1977.43  90.0319  1.101  0.37  44.5  54  5.7414  100
299.198  266.498  1856.24  89.9872  0.416  0.39  44.9  54  5.7414  100
299.247  266.627  1898.7  94.7806  158.237  0.38  44.9  54  5.7414  100
299.296  266.627  1887.63  95.0171  165.08  0.38  44.9  54  5.7414  100
299.345  266.627  1914.26  94.7779  159.446  0.38  44.9  54  5.7414  100
299.393  266.756  1884.54  90.0231  0.759  0.38  44.9  54  5.7414  100
299.442  266.756  1982.71  89.0347  33.402  0.36  44.9  54  5.7414  100
299.491  266.756  1913.77  94.6854  156.324  0.38  44.9  54  5.7414  100
299.54  266.885  1979.69  89.9628  1.285  0.37  43.2  54  5.7414  100
299.588  266.885  2010.85  89.8801  4.209  0.36  43.2  54  5.7414  100
299.637  266.885  1885.02  95.1023  167.643  0.39  43.2  54  5.7414  100
299.686  267.013  1869.2  94.1047  133.795  0.39  43.2  54  5.7414  100
299.735  267.013  2018.75  89.703  10.465  0.36  43.2  54  5.7414  100
299.784  267.013  1893.75  94.7172  155.738  0.38  43.2  54  5.7414  100
299.832  267.142  1949.53  88.0494  66.359  0.37  42.9  54  5.7414  100
299.881  267.142  1933.67  94.8496  163.472  0.38  42.9  54  5.7414  100
299.93  267.142  1899.39  96.198  205.067  0.38  42.9  54  5.7414  100
299.979  267.271  1845.71  90.0413  1.33  0.39  42.9  54  5.7414  100
300.028  267.271  1918.28  94.9444  165.334  0.38  42.9  54  5.7414  100
300.077  267.4  1970.69  89.9151  2.919  0.37  42.9  54  5.7414  100
300.125  267.4  1962.57  88.9599  35.624  0.37  43  54  5.7414  100
300.174  267.4  1904.63  95.0285  166.943  0.38  43  54  5.7414  100
300.223  267.529  1817.24  90.0094  0.297  0.4  43  54  5.7414  100
300.272  267.529  2013.61  89.6912  10.853  0.36  43  54  5.7414  100
300.32  267.529  1897.47  96.114  202.095  0.38  43  54  5.7414  100
300.369  267.657  1956.48  89.1087  30.434  0.37  43  54  5.7414  100
300.418  267.657  1997.79  89.8884  3.891  0.36  45.7  54  5.7414  100
300.467  267.657  1980.6  90.033  1.14  0.37  45.7  54  5.7414  100
300.515  267.786  2014.27  89.747  8.895  0.36  45.7  54  5.7414  100
300.564  267.786  1921.09  96.1734  206.59  0.38  45.7  54  5.7414  100
300.613  267.786  1961.2  89.7773  7.622  0.37  45.7  54  5.7414  100
300.662  267.915  2001.94  89.964  1.26  0.36  45.7  54  5.7414  100
300.711  267.915  1921.77  95.978  200.145  0.38  44.6  54  5.7414  100
300.759  267.915  1872.1  94.085  133.361  0.39  44.6  54  5.7414  100
300.808  268.044  1934.78  95.0619  170.71  0.38  44.6  54  5.7414  100
300.857  268.044  1881.38  94.9839  163.447  0.39  44.6  54  5.7414  100
300.906  268.044  1812.9  90.0321  1.016  0.4  44.6  54  5.7414  100
300.954  268.173  1941.51  95.1183  173.205  0.37  44.6  54  5.7414  100
301.003  268.173  1948.32  89.8829  3.981  0.37  44.2  54  5.7414  100
301.052  268.173  2037.47  90.0309  1.1  0.36  44.2  54  5.7414  100
301.101  268.301  1993.17  89.9122  3.055  0.36  44.2  54  5.7414  100
301.149  268.301  1875.26  94.1104  134.417  0.39  44.2  54  5.7414  100
301.198  268.301  1986.82  88.9729  35.615  0.36  44.2  54  5.7414  100
301.248  268.43  1900.91  94.909  162.668  0.38  44.2  54  5.7414  100
301.296  268.43  1961.7  88.889  38.035  0.37  44.2  54  5.7414  100
301.345  268.43  2025.15  89.9615  1.359  0.36  44.2  54  5.7414  100
301.394  268.559  1905.62  96.2109  206.167  0.38  44.2  54  5.7414  100
301.443  268.559  1970.44  88.9523  36.028  0.37  44.2  54  5.7414  100
301.491  268.559  1914.75  96.1605  205.48  0.38  44.2  54  5.7414  100
301.54  268.688  1953.13  89.8948  3.587  0.37  44.2  54  5.7414  100
301.589  268.688  2038.08  89.9508  1.751  0.35  43.2  54  5.7414  100
301.638  268.688  1914.26  94.7779  159.446  0.38  43.2  54  5.7414  100
301.686  268.817  1879.12  95.4453  178.321  0.39  43.2  54  5.7414  100
301.735  268.817  2007.31  89.8599  4.909  0.36  43.2  54  5.7414  100
301.784  268.817  1919.81  94.935  165.152  0.38  43.2  54  5.7414  100
301.833  268.945  1880.5  95.1085  167.444  0.39  43.2  54  5.7414  100
301.882  268.945  2024.62  89.6335  12.949  0.36  43.2  54  5.7414  100
301.93  268.945  1896.86  94.435  146.681  0.38  42.6  54  5.7414  100
301.979  269.074  1992.56  89.8596  4.882  0.36  42.6  54  5.7414  100
302.028  269.074  1925.97  95.2113  174.935  0.38  42.6  54  5.7414  100
302.077  269.074  1968.38  89.852  5.084  0.37  42.6  54  5.7414  100
302.125  269.203  1997.05  88.8755  39.191  0.36  42.6  54  5.7414  100
302.174  269.203  1923.32  94.407  147.791  0.38  42.6  54  5.7414  100
302.223  269.332  1880.72  95.1541  168.953  0.39  43.3  54  5.7414  100
302.272  269.332  1919.36  95.1551  172.459  0.38  43.3  54  5.7414  100
302.32  269.332  1897.44  94.8359  159.958  0.38  43.3  54  5.7414  100
302.369  269.461  1824.62  90.0065  0.208  0.4  43.3  54  5.7414  100
302.418  269.461  1948.83  94.3666  148.38  0.37  43.3  54  5.7414  100
302.467  269.461  1808.53  90.036  1.135  0.4  43.3  54  5.7414  100
302.515  269.589  1894.36  93.9811  131.522  0.38  43.7  54  5.7414  100
302.564  269.589  1931.92  94.5225  152.332  0.38  43.7  54  5.7414  100
302.613  269.589  1951.26  89.8674  4.516  0.37  43.7  54  5.7414  100
302.662  269.718  1859.33  89.9909  0.297  0.39  43.7  54  5.7414  100
302.71  269.718  1991.92  89.8045  6.798  0.36  43.7  54  5.7414  100
302.76  269.718  1870.57  95.5435  180.7  0.39  43.7  54  5.7414  100
302.808  269.847  2014.12  89.4566  19.103  0.36  43.8  54  5.7414  100
302.857  269.847  1904.11  96.2193  206.279  0.38  43.8  54  5.7414  100
302.906  269.847  1970.5  89.8987  3.485  0.37  43.8  54  5.7414  100
302.955  269.976  1994.7  89.9043  3.332  0.36  43.8  54  5.7414  100
303.003  269.976  1880.44  96.3969  209.511  0.39  43.8  54  5.7414  100
303.052  269.976  1996.6  88.8394  40.44  0.36  43.8  54  5.7414  100
303.101  270.105  1934.23  94.6529  156.902  0.38  43.4  54  5.7414  100
303.15  270.105  1873.61  94.9391  161.311  0.39  43.4  54  5.7414  100
303.198  270.105  1988.34  88.9642  35.945  0.36  43.4  54  5.7414  100
303.247  270.234  1888.43  95.1755  170.348  0.38  43.4  54  5.7414  100
303.296  270.234  1887.74  95.3463  175.89  0.38  43.4  54  5.7414  100
303.345  270.234  1923.48  95.0342  168.785  0.38  43.4  54  5.7414  100
303.393  270.362  1906.65  96.4429  213.95  0.38  45.1  54  5.7414  100
303.442  270.362  1889.66  93.9657  130.686  0.38  45.1  54  5.7414  100
303.491  270.362  1987.61  89.7129  9.959  0.36  45.1  54  5.7414  100
303.54  270.491  1882.59  96.1974  203.234  0.39  45.1  54  5.7414  100
303.588  270.491  1975.18  89.0777  31.795  0.37  45.1  54  5.7414  100
303.637  270.491  1922.93  94.6275  155.138  0.38  45.1  54  5.7414  100
303.686  270.62  1948.72  89.918  2.789  0.37  44.7  54  5.7414  100
303.735  270.62  1935.61  94.9119  165.735  0.38  44.7  54  5.7414  100
303.784  270.62  1983.04  89.737  9.102  0.36  44.7  54  5.7414  100
303.832  270.749  1885.59  95.2181  171.49  0.39  44.7  54  5.7414  100
303.881  270.749  1932.25  94.8842  164.515  0.38  44.7  54  5.7414  100
303.93  270.749  1883.78  94.5673  150.004  0.39  44.7  54  5.7414  100
303.979  270.878  1972.11  88.8281  40.334  0.37  44.1  54  5.7414  100
304.027  270.878  2000.57  89.5676  15.096  0.36  44.1  54  5.7414  100
304.076  270.878  1882.07  95.1206  167.978  0.39  44.1  54  5.7414  100
304.125  271.006  1960.22  88.0192  67.753  0.37  44.1  54  5.7414  100
304.174  271.006  1923.72  95.0807  170.363  0.38  44.1  54  5.7414  100
304.223  271.006  1877.65  95.4542  178.47  0.39  44.1  54  5.7414  100
304.271  271.135  1984.86  88.9457  36.521  0.36  44.1  54  5.7414  100
304.32  271.135  1934.59  96.0027  202.311  0.38  43  54  5.7414  100
304.369  271.135  2003.79  89.972  0.981  0.36  43  54  5.7414  100
304.418  271.264  1939.21  94.9867  168.566  0.37  43  54  5.7414  100
304.466  271.264  1969.19  89.9229  2.649  0.37  43  54  5.7414  100
304.515  271.264  1937.52  88.0884  64.632  0.37  43  54  5.7414  100
304.564  271.393  1993.26  89.7798  7.661  0.36  43  54  5.7414  100
304.613  271.393  1889.35  95.0536  166.429  0.38  44.4  54  5.7414  100
304.661  271.522  1964.17  87.9554  70.076  0.37  44.4  54  5.7414  100
304.71  271.522  1946.7  95.8385  198.027  0.37  44.4  54  5.7414  100
304.759  271.522  1834.74  93.9934  127.774  0.4  44.4  54  5.7414  100
304.808  271.65  1978.81  88.9804  35.211  0.37  44.4  54  5.7414  100
304.856  271.65  1916.28  96.1521  205.363  0.38  44.4  54  5.7414  100
304.905  271.65  1888.55  95.2  171.164  0.38  43.8  54  5.7414  100
304.954  271.779  2043.76  89.9995  0.019  0.35  43.8  54  5.7414  100
305.003  271.779  1901.1  96.2359  206.502  0.38  43.8  54  5.7414  100
305.051  271.779  1815.79  90.017  0.538  0.4  43.8  54  5.7414  100
305.1  271.908  2008.49  89.6795  11.237  0.36  43.8  54  5.7414  100
305.149  271.908  1975.72  90.0207  0.715  0.37  43.8  54  5.7414  100
305.198  271.908  1966.41  89.0137  33.848  0.37  43.9  54  5.7414  100
305.246  272.037  1921.58  94.9721  166.543  0.38  43.9  54  5.7414  100
305.295  272.037  1866.01  95.5244  179.639  0.39  43.9  54  5.7414  100
305.344  272.037  2010.13  89.9605  1.385  0.36  43.9  54  5.7414  100
305.393  272.166  1922.55  94.2678  143.073  0.38  43.9  54  5.7414  100
305.442  272.166  1872.35  94.1301  134.85  0.39  43.9  54  5.7414  100
305.49  272.166  2006.17  89.904  3.36  0.36  45.2  54  5.7414  100
305.539  272.294  1890.61  96.2938  207.263  0.38  45.2  54  5.7414  100
305.588  272.294  2013.87  89.9966  0.121  0.36  45.2  54  5.7414  100
305.637  272.294  2010.75  89.5905  14.371  0.36  45.2  54  5.7414  100
305.686  272.423  1962.81  89.9187  2.785  0.37  45.2  54  5.7414  100
305.735  272.423  2007.29  89.992  0.281  0.36  45.2  54  5.7414  100
305.783  272.423  1915.04  94.6295  154.566  0.38  43.8  54  5.7414  100
305.832  272.552  1864.46  94.9038  159.381  0.39  43.8  54  5.7414  100
305.881  272.552  1913.59  94.9511  165.153  0.38  43.8  54  5.7414  100
305.93  272.552  1924.38  96.2033  207.941  0.38  43.8  54  5.7414  100
305.978  272.681  1868.46  93.9696  129.348  0.39  43.8  54  5.7414  100
306.028  272.681  1936.1  95.0056  168.931  0.38  43.8  54  5.7414  100
306.077  272.681  1871.38  95.0933  166.138  0.39  44.1  54  5.7414  100
306.125  272.81  2008.35  89.9486  1.801  0.36  44.1  54  5.7414  100
306.174  272.81  2012.47  89.7357  9.285  0.36  44.1  54  5.7414  100
306.223  272.81  1892.5  94.7725  157.454  0.38  44.1  54  5.7414  100
306.272  272.938  1950.52  88.0047  67.912  0.37  44.1  54  5.7414  100
306.32  272.938  1916.07  96.1055  203.791  0.38  44.1  54  5.7414  100
306.369  272.938  1863.24  94.9581  161.035  0.39  43.3  54  5.7414  100
306.418  273.067  2024.58  89.7709  8.095  0.36  43.3  54  5.7414  100
306.467  273.067  1908.87  94.3569  145.013  0.38  43.3  54  5.7414  100
306.515  273.067  1898.39  90.0248  0.822  0.38  43.3  54  5.7414  100
306.564  273.196  2004.26  89.7401  9.093  0.36  43.3  54  5.7414  100
306.613  273.196  1864.58  95.2289  169.927  0.39  43.3  54  5.7414  100
306.662  273.196  1960.66  88.9331  36.507  0.37  44.5  54  5.7414  100
306.711  273.325  1910.98  94.7507  158.268  0.38  44.5  54  5.7414  100
306.76  273.325  1874.52  95.1205  167.303  0.39  44.5  54  5.7414  100
306.808  273.454  1901.04  94.9337  163.493  0.38  44.5  54  5.7414  100
306.857  273.454  1919.87  94.6469  155.536  0.38  44.5  54  5.7414  100
306.906  273.454  1895.18  95.3013  175.102  0.38  44.5  54  5.7414  100
306.955  273.582  2033.41  89.8033  6.982  0.36  44.5  54  5.7414  100
307.004  273.582  1895.63  95.0839  167.981  0.38  45  54  5.7414  100
307.053  273.582  1895.52  95.0626  167.27  0.38  45  54  5.7414  100
307.101  273.711  2023.56  89.4059  20.981  0.36  45  54  5.7414  100
307.15  273.711  1857.83  96.3363  205.036  0.39  45  54  5.7414  100
307.199  273.711  1974.31  89.0063  34.238  0.37  45  54  5.7414  100
307.248  273.84  1914.11  96.0209  200.772  0.38  45  54  5.7414  100
307.297  273.84  1804.23  90.0585  1.843  0.4  43  54  5.7414  100
307.345  273.84  1934.3  94.9682  167.517  0.38  43  54  5.7414  100
307.394  273.969  1929.73  94.4141  148.52  0.38  43  54  5.7414  100
307.443  273.969  1867.45  95.5156  179.495  0.39  43  54  5.7414  100
307.492  273.969  1938.47  94.846  163.757  0.37  43  54  5.7414  100
307.54  274.098  1915.37  96.3003  210.192  0.38  43  54  5.7414  100
307.589  274.098  1897.25  95.0994  168.633  0.38  43.1  54  5.7414  100
307.638  274.098  1915.59  95.0344  168.101  0.38  43.1  54  5.7414  100
307.687  274.226  1886.16  96.3185  207.581  0.39  43.1  54  5.7414  100
307.735  274.226  2011.87  89.9687  1.1  0.36  43.1  54  5.7414  100
307.784  274.226  1934.15  95.9087  199.108  0.38  43.1  54  5.7414  100
307.833  274.355  1953.8  89.8166  6.253  0.37  43.1  54  5.7414  100
307.882  274.355  1847.21  90.0336  1.083  0.39  42.8  54  5.7414  100
307.93  274.355  1975.89  89.8126  6.464  0.37  42.8  54  5.7414  100
307.979  274.484  1957.56  89.8714  4.392  0.37  42.8  54  5.7414  100
308.028  274.484  2015.55  89.856  5.067  0.36  42.8  54  5.7414  100
308.077  274.484  1905  96.0719  201.503  0.38  42.8  54  5.7414  100
308.126  274.613  1936.48  89.2605  24.993  0.37  42.8  54  5.7414  100
308.174  274.613  1932.74  94.9777  167.701  0.38  42.8  54  5.7414  100
308.223  274.613  1876.98  95.0115  163.965  0.39  42.8  54  5.7414  100
308.272  274.742  1838.07  90.0085  0.272  0.39  42.8  54  5.7414  100
308.321  274.742  2008.92  89.7157  9.969  0.36  42.8  54  5.7414  100
308.369  274.742  1975.72  90.0207  0.715  0.37  42.8  54  5.7414  100
308.418  274.871  1981.39  88.9273  37.094  0.37  42.8  54  5.7414  100
308.467  274.871  1921.39  94.6372  155.337  0.38  46.4  54  5.7414  100
308.516  274.871  1973.34  89.9584  1.433  0.37  46.4  54  5.7414  100
308.564  274.999  1932.74  94.9777  167.701  0.38  46.4  54  5.7414  100
308.613  274.999  1910.38  96.2322  207.389  0.38  46.4  54  5.7414  100
308.662  274.999  1898.39  90.0248  0.822  0.38  46.4  54  5.7414  100
308.711  275.128  2018.11  89.6497  12.34  0.36  46.4  54  5.7414  100
308.76  275.128  1873.29  95.1749  168.965  0.39  44.9  54  5.7414  100
308.809  275.128  1988.78  89.0001  34.706  0.36  44.9  54  5.7414  100
308.858  275.257  1938.13  94.4831  151.495  0.37  44.9  54  5.7414  100
308.906  275.257  1805.66  90.051  1.608  0.4  44.9  54  5.7414  100
308.955  275.386  2013.26  89.9446  1.946  0.36  44.9  54  5.7414  100
309.004  275.386  1902.17  94.8536  160.943  0.38  44.9  54  5.7414  100
309.053  275.386  1955.68  89.844  5.324  0.37  44.3  54  5.7414  100
309.102  275.515  1937.65  94.9962  168.749  0.37  44.3  54  5.7414  100
309.15  275.515  1891.49  96.1475  202.558  0.38  44.3  54  5.7414  100
309.199  275.515  1982.9  89.9663  1.167  0.36  44.3  54  5.7414  100
309.248  275.643  2035.42  90.0027  0.095  0.36  44.3  54  5.7414  100
309.297  275.643  1894.89  96.223  205.402  0.38  44.3  54  5.7414  100
309.346  275.643  1848.61  89.9901  0.318  0.39  44.3  54  5.7414  100
309.394  275.772  1923.11  94.9626  166.361  0.38  44.2  54  5.7414  100
309.443  275.772  1966.02  89.9965  0.121  0.37  44.2  54  5.7414  100
309.492  275.772  1991.86  89.9393  2.109  0.36  44.2  54  5.7414  100
309.541  275.901  1901.62  95.047  167.292  0.38  44.2  54  5.7414  100
309.589  275.901  1878.8  95.0722  166.105  0.39  44.2  54  5.7414  100
309.638  275.901  2017.44  89.5937  14.305  0.36  44.2  54  5.7414  100
309.687  276.03  1894.68  96.1769  203.865  0.38  43.4  54  5.7414  100
309.736  276.03  1886.84  95.1634  169.808  0.38  43.4  54  5.7414  100
309.784  276.03  2021.73  89.5323  16.503  0.36  43.4  54  5.7414  100
309.833  276.159  1817.19  89.9905  0.3  0.4  43.4  54  5.7414  100
309.883  276.159  1978.03  89.8594  4.855  0.37  43.4  54  5.7414  100
309.931  276.159  1928.04  94.6916  157.699  0.38  43.4  54  5.7414  100
309.98  276.287  1871.6  95.444  177.563  0.39  43.2  54  5.7414  100
310.029  276.287  1993.26  89.7798  7.661  0.36  43.2  54  5.7414  100
310.077  276.287  1904.86  95.0746  168.491  0.38  43.2  54  5.7414  100
310.126  276.416  1820.24  90.0294  0.933  0.4  43.2  54  5.7414  100
310.175  276.416  1929.4  94.9499  166.477  0.38  43.2  54  5.7414  100
310.224  276.416  1999  89.9762  0.832  0.36  43.2  54  5.7414  100
310.273  276.545  1972.81  89.9619  1.312  0.37  43.9  54  5.7414  100
310.321  276.545  2033.45  89.6653  11.878  0.36  43.9  54  5.7414  100
310.37  276.545  1956.08  89.8792  4.123  0.37  43.9  54  5.7414  100
310.419  276.674  1967.27  89.0847  31.424  0.37  43.9  54  5.7414  100
310.468  276.674  1925.46  94.804  161.252  0.38  43.9  54  5.7414  100
310.517  276.674  1841.88  95.3942  173.15  0.39  43.9  54  5.7414  100
310.566  276.803  2023.43  89.8156  6.514  0.36  42.8  54  5.7414  100
310.615  276.803  1881.15  94.9384  161.938  0.39  42.8  54  5.7414  100
310.663  276.803  1953.4  89.7814  7.452  0.37  42.8  54  5.7414  100
310.712  276.931  2004.78  89.5067  17.261  0.36  42.8  54  5.7414  100
310.761  276.931  1896.66  94.9829  164.741  0.38  42.8  54  5.7414  100
310.81  276.931  1976.24  89.0334  33.338  0.37  42.8  54  5.7414  100
310.858  277.06  1937.34  94.6334  156.498  0.37  45.5  54  5.7414  100
310.907  277.06  1869.6  96.3169  205.706  0.39  45.5  54  5.7414  100
310.956  277.06  2007.31  89.8599  4.909  0.36  45.5  54  5.7414  100
311.005  277.189  1996.8  89.6643  11.699  0.36  45.5  54  5.7414  100
311.053  277.189  1983.18  89.8879  3.879  0.36  45.5  54  5.7414  100
311.102  277.189  2034.28  89.8766  4.38  0.36  45.5  54  5.7414  100
311.151  277.318  1894.37  95.139  169.683  0.38  45.2  54  5.7414  100
311.2  277.318  1985.3  90.0289  1.002  0.36  45.2  54  5.7414  100
311.249  277.447  1939.21  94.9867  168.566  0.37  45.2  54  5.7414  100
311.297  277.447  1883.62  94.8287  158.559  0.39  45.2  54  5.7414  100
311.346  277.447  2018.47  89.9732  0.944  0.36  45.2  54  5.7414  100
311.395  277.575  1925.7  94.8506  162.832  0.38  45.2  54  5.7414  100
311.444  277.575  1967.57  89.7811  7.517  0.37  43.8  54  5.7414  100
311.492  277.575  2029.18  90.034  1.204  0.36  43.8  54  5.7414  100
311.541  277.704  2017.61  89.7476  8.89  0.36  43.8  54  5.7414  100
311.59  277.704  1871.81  95.4894  179.06  0.39  43.8  54  5.7414  100
311.639  277.704  1938.97  94.9398  166.962  0.37  43.8  54  5.7414  100
311.688  277.833  1916.43  94.595  153.529  0.38  43.8  54  5.7414  100
311.737  277.833  1824.62  90.0065  0.208  0.4  44.9  54  5.7414  100
311.785  277.833  2014.56  89.4929  17.829  0.36  44.9  54  5.7414  100
311.834  277.962  1884.27  96.235  204.643  0.39  44.9  54  5.7414  100
311.883  277.962  1962.81  89.1102  30.48  0.37  44.9  54  5.7414  100
311.932  277.962  1932.12  94.8591  163.662  0.38  44.9  54  5.7414  100
311.98  278.091  1883.39  94.7832  157.048  0.39  44.9  54  5.7414  100
312.029  278.091  2002.23  89.8478  5.32  0.36  44.9  54  5.7414  100
312.078  278.091  1911.95  94.9356  164.498  0.38  43.8  54  5.7414  100
312.127  278.219  1868.01  94.1595  135.493  0.39  43.8  54  5.7414  100
312.175  278.219  2004.11  88.9125  38.036  0.36  43.8  54  5.7414  100
312.224  278.219  1900.8  96.5218  215.895  0.38  43.8  54  5.7414  100
312.273  278.348  1882.05  93.9703  130.312  0.39  43.8  54  5.7414  100
312.322  278.348  2022.17  89.5688  15.218  0.36  43.8  54  5.7414  100
312.37  278.348  1884.56  95.0111  164.613  0.39  43.6  54  5.7414  100
312.419  278.477  1990.2  89.7958  7.093  0.36  43.6  54  5.7414  100
312.468  278.477  1938.84  95.8824  198.707  0.38  43.6  54  5.7414  100
312.517  278.477  1989.53  89.9871  0.449  0.36  43.6  54  5.7414  100
312.566  278.606  1987.55  89.8476  5.287  0.36  43.6  54  5.7414  100
312.614  278.606  1922.55  94.2678  143.073  0.38  43.6  56  5.7414  100
312.663  278.606  1863.26  95.262  170.879  0.39  45.2  56  5.7414  100
312.712  278.735  1929.65  94.9966  168.065  0.38  45.2  56  5.7414  100
312.761  278.735  1907.71  94.7236  157.099  0.38  45.2  56  5.7414  100
312.809  278.735  1976.52  89.8672  4.58  0.37  45.2  56  5.7414  100
312.858  278.863  2041.28  89.4678  18.96  0.35  45.2  56  5.7414  100
312.908  278.863  1881.61  95.0294  164.957  0.39  45.2  57  5.7414  100
312.956  278.863  1940.84  88.105  64.18  0.37  43.7  57  5.7414  100
313.005  278.992  1927.67  94.3309  145.57  0.38  43.7  57  5.7414  100
313.054  278.992  1887.05  94.9013  161.228  0.38  43.7  57  5.7414  100
313.103  279.121  1920.98  94.8575  162.665  0.38  43.7  57  5.7414  100
313.152  279.121  1932.34  96.2079  208.957  0.38  43.7  57  5.7414  100
313.201  279.121  1859.14  94.1731  135.289  0.39  43.7  57  5.7414  100
313.25  279.25  1913.26  95.192  173.138  0.38  43.4  57  5.7414  100
313.298  279.25  1882.03  94.8137  157.932  0.39  43.4  57  5.7414  100
313.347  279.25  1965.78  89.0932  31.109  0.37  43.4  57  5.7414  100
313.396  279.379  1920.89  95.1459  172.288  0.38  43.4  57  5.7414  100
313.444  279.379  1875.52  95.0206  164.136  0.39  43.4  57  5.7414  100
313.493  279.379  2005.61  89.7152  9.971  0.36  43.4  57  5.7414  100
313.542  279.507  2003.54  89.9529  1.647  0.36  43.2  58  5.7414  100
313.591  279.507  1953.4  89.7814  7.452  0.37  43.2  58  5.7414  100
313.639  279.507  1997.59  89.8717  4.473  0.36  43.2  58  5.7414  100
313.688  279.636  1907.14  96.2025  206.054  0.38  43.2  58  5.7414  100
313.737  279.636  1975.27  89.9857  0.492  0.37  43.2  58  5.7414  100
313.786  279.765  2005.66  88.9037  38.374  0.36  43.2  58  5.7414  100
313.835  279.765  1894.38  94.5459  150.143  0.38  44.7  58  5.7414  100
313.884  279.765  1957.95  89.1002  30.747  0.37  44.7  58  5.7414  100
313.932  279.894  1928.34  95.0527  169.832  0.38  44.7  58  5.7414  100
313.981  279.894  1857.39  95.2734  170.71  0.39  44.7  58  5.7414  100
314.03  279.894  1894.03  95.0719  167.442  0.38  44.7  58  5.7414  100
314.079  280.023  1925.07  96.0075  201.476  0.38  44.7  58  5.7414  100
314.128  280.023  1951.93  89.7893  7.179  0.37  44.3  58  5.7414  100
314.176  280.023  1925.83  94.8755  163.679  0.38  44.3  58  5.7414  100
314.225  280.152  1917.79  94.8516  162.197  0.38  44.3  58  5.7414  100
314.274  280.152  1871.35  93.9497  128.9  0.39  44.3  58  5.7414  100
314.323  280.152  1938.47  94.846  163.757  0.37  44.3  58  5.7414  100
314.372  280.28  1917.32  96.3853  213.232  0.38  44.3  58  5.7414  100
314.421  280.28  1897.48  95.1453  170.17  0.38  45.2  58  5.7414  100
314.47  280.409  1993.87  89.8324  5.833  0.36  45.2  58  5.7414  100
314.518  280.409  1886.03  95.0019  164.44  0.39  45.2  58  5.7414  100
314.567  280.409  1883.77  94.0057  131.592  0.38  45.2  58  5.7414  100
314.616  280.538  1992.75  89.8763  4.303  0.36  45.2  58  5.7414  100
314.665  280.538  1959.31  89.7499  8.553  0.37  45.2  58  5.7414  100
314.713  280.538  1991.03  89.8676  4.602  0.36  45.2  58  5.7414  100
314.762  280.667  1908.45  96.1477  204.38  0.38  44.8  58  5.7414  100
314.811  280.667  1887.87  95.0628  166.6  0.38  44.8  58  5.7414  100
314.86  280.796  1922.76  94.8945  164.053  0.38  44.8  58  5.7414  100
314.908  280.796  1905.62  96.2109  206.167  0.38  44.8  59  5.7414  100
314.957  280.796  1972.81  89.9619  1.312  0.37  44.8  59  5.7414  100
315.006  280.924  1941.51  95.1183  173.205  0.37  44.8  59  5.7414  100
315.055  280.924  1989.07  89.9518  1.673  0.36  44.4  59  5.7414  100
315.104  280.924  1872.96  95.1085  166.774  0.39  44.4  59  5.7414  100
315.152  281.053  1931.42  96.3574  213.866  0.38  44.4  59  5.7414  100
315.201  281.053  1958.23  89.7931  7.072  0.37  44.4  59  5.7414  100
315.25  281.053  1987.26  89.0088  34.378  0.36  44.4  59  5.7414  100
315.299  281.182  1993.03  89.7605  8.33  0.36  44.4  59  5.7414  100
315.348  281.182  1982.29  89.9507  1.707  0.36  42.5  59  5.7414  100
315.396  281.311  2011.4  88.8318  41.007  0.36  42.5  59  5.7414  100
315.445  281.311  1886.58  94.81  158.194  0.38  42.5  59  5.7414  100
315.494  281.311  2007.29  89.992  0.281  0.36  42.5  59  5.7414  100
315.543  281.44  2022.77  89.7595  8.49  0.36  42.5  59  5.7414  100
315.592  281.44  1885.02  95.1023  167.643  0.39  42.5  59  5.7414  100
315.641  281.44  1998.72  89.8277  6.011  0.36  43.8  59  5.7414  100
315.69  281.568  2001  89.6037  13.839  0.36  43.8  59  5.7414  100
315.738  281.568  1842.3  95.4835  176.048  0.39  43.8  59  5.7414  100
315.787  281.697  2011.99  89.8358  5.767  0.36  43.8  59  5.7414  100
315.836  281.697  1921.28  94.3241  144.862  0.38  43.8  59  5.7414  100
315.885  281.697  1887.63  95.0171  165.08  0.38  43.8  59  5.7414  100
315.934  281.826  1924.78  94.9782  167.025  0.38  42.7  60  5.7414  100
315.982  281.826  1907.76  96.3418  210.729  0.38  42.7  60  5.7414  100
316.031  281.826  1990.81  89.963  1.285  0.36  42.7  60  5.7414  100
316.08  281.955  2005.81  89.7319  9.384  0.36  42.7  60  5.7414  100
316.129  281.955  1880  90.0271  0.89  0.38  42.7  60  5.7414  100
316.178  282.084  2010.34  89.9765  0.826  0.36  42.7  60  5.7414  100
316.227  282.084  1907.22  94.6314  153.999  0.38  43.2  60  5.7414  100
316.276  282.084  1854.37  94.1128  132.995  0.39  43.2  60  5.7414  100
316.324  282.212  2046.44  89.9474  1.88  0.35  43.2  60  5.7414  100
316.373  282.212  1918.85  96.377  213.128  0.38  43.2  60  5.7414  100
316.422  282.212  1868.46  93.9696  129.348  0.39  43.2  60  5.7414  100
316.471  282.341  1943.97  94.6665  158.152  0.37  43.2  60  5.7414  100
316.519  282.341  1871.92  94.903  159.992  0.39  42.6  60  5.7414  100
316.568  282.47  1990.61  89.8317  5.848  0.36  42.6  60  5.7414  100
316.617  282.47  2008.92  89.7157  9.969  0.36  42.6  60  5.7414  100
316.666  282.47  1870.94  95.3079  173.077  0.39  42.6  60  5.7414  100
316.714  282.599  1980.06  88.8199  40.78  0.37  42.6  61  5.7414  100
316.763  282.599  1902.95  94.7061  156.128  0.38  42.6  61  5.7414  100
316.812  282.599  1902.9  95.3021  175.842  0.38  45.8  61  5.7414  100
316.861  282.728  1919.45  94.867  162.851  0.38  45.8  61  5.7414  100
316.91  282.728  1928.81  96.131  206  0.38  45.8  61  5.7414  100
316.958  282.856  1942.69  89.2625  25.004  0.37  45.8  61  5.7414  100
317.007  282.856  1999.49  88.939  37.026  0.36  45.8  61  5.7414  100
317.056  282.856  1892.97  94.864  160.507  0.38  45.8  61  5.7414  100
317.105  282.985  1999.25  89.9952  0.169  0.36  45.8  61  5.7414  100
317.154  282.985  1919.56  94.8885  163.58  0.38  45.5  61  5.7414  100
317.203  282.985  1960.79  89.742  8.83  0.37  45.5  61  5.7414  100
317.251  283.114  1977.93  88.9089  37.662  0.37  45.5  61  5.7414  100
317.3  283.114  1920.61  94.7861  160.249  0.38  45.5  61  5.7414  100
317.349  283.243  1947.06  89.2377  25.904  0.37  45.5  61  5.7414  100
317.398  283.243  2034.94  89.9666  1.187  0.36  45.5  61  5.7414  100
317.447  283.243  1900.35  94.5073  149.341  0.38  43.9  61  5.7414  100
317.495  283.372  1969.73  89.6942  10.512  0.37  43.9  61  5.7414  100
317.544  283.372  2034.67  89.3462  23.217  0.36  43.9  61  5.7414  100
317.593  283.5  1815.74  89.9981  0.059  0.4  43.9  61  5.7414  100
317.642  283.5  1995.63  89.8437  5.444  0.36  43.9  61  5.7414  100
317.691  283.5  2010.75  89.5905  14.371  0.36  43.9  61  5.7414  100
317.739  283.629  1878.99  94.8112  157.597  0.39  44  61  5.7414  100
317.788  283.629  2017.41  90.0168  0.59  0.36  44  61  5.7414  100
317.837  283.629  1914.05  96.3552  211.87  0.38  44  61  5.7414  100
317.886  283.758  1873.63  95.2447  171.266  0.39  44  61  5.7414  100
317.935  283.758  2011.27  89.9163  2.937  0.36  44  61  5.7414  100
317.984  283.887  1921.58  94.9721  166.543  0.38  44  61  5.7414  100
318.033  283.887  1964.52  89.9299  2.405  0.37  43.6  61  5.7414  100
318.081  283.887  1930.37  95.1368  172.833  0.38  43.6  61  5.7414  100
318.13  284.016  1898.62  95.0655  167.638  0.38  43.6  61  5.7414  100
318.179  284.016  1972  89.8908  3.757  0.37  43.6  61  5.7414  100
318.228  284.144  1941.46  94.8016  162.511  0.37  43.6  61  5.7414  100
318.276  284.144  1961.6  89.8127  6.414  0.37  43.6  61  5.7414  100
318.325  284.144  2008.44  89.8156  6.463  0.36  43.5  61  5.7414  100
318.374  284.273  1926.56  96.3355  212.594  0.38  43.5  61  5.7414  100
318.423  284.273  1809.92  90.0122  0.385  0.4  43.5  61  5.7414  100
318.471  284.273  2015.69  89.4482  19.414  0.36  43.5  61  5.7414  100
318.52  284.402  1904.15  94.9363  163.85  0.38  43.5  61  5.7414  100
318.569  284.402  1977.4  89.8046  6.743  0.37  43.5  61  5.7414  100
318.617  284.531  1943.66  94.9112  166.4  0.37  44.2  61  5.7414  100
318.666  284.531  1969.47  89.8087  6.577  0.37  44.2  61  5.7414  100
318.715  284.531  1983.78  88.9902  34.96  0.36  44.2  61  5.7414  100
318.764  284.66  1945.34  95.8946  199.784  0.37  44.2  61  5.7414  100
318.812  284.66  1965.57  89.9616  1.316  0.37  44.2  61  5.7414  100
318.861  284.789  1938.97  94.9398  166.962  0.37  44.2  61  5.7414  100
318.91  284.789  1992.61  89.7246  9.578  0.36  44.3  61  5.7414  100
318.959  284.789  1954.38  89.1961  27.421  0.37  44.3  61  5.7414  100
319.007  284.917  2031.51  89.9295  2.501  0.36  44.3  61  5.7414  100
319.056  284.917  1927.24  94.841  162.643  0.38  44.3  61  5.7414  100
319.105  284.917  1961.33  89.1187  30.167  0.37  44.3  61  5.7414  100
319.154  285.046  1956.98  94.6572  158.894  0.37  44.3  61  5.7414  100
319.203  285.046  1882.62  94.9291  161.762  0.39  43.3  61  5.7414  100
319.252  285.175  2004.62  89.912  3.079  0.36  43.3  61  5.7414  100
319.3  285.175  1935.71  95.8999  198.975  0.38  43.3  61  5.7414  100
319.349  285.175  1972.19  89.9073  3.19  0.37  43.3  61  5.7414  100
319.398  285.304  1994.32  88.659  46.672  0.36  43.3  61  5.7414  100
319.447  285.304  1923.67  96.399  214.395  0.38  43.3  61  5.7414  100
319.496  285.433  1824.62  90.0065  0.208  0.4  44.2  61  5.7414  100
319.545  285.433  1950.46  94.9672  168.882  0.37  44.2  61  5.7414  100
319.594  285.433  1896.96  94.7441  156.89  0.38  44.2  61  5.7414  100
319.642  285.561  1886.27  95.3552  176.046  0.39  44.2  61  5.7414  100
319.691  285.561  1929.58  94.6819  157.501  0.38  44.2  61  5.7414  100
319.74  285.69  1899.8  96.2905  208.158  0.38  44.2  61  5.7414  100
319.789  285.69  2002.65  89.8839  4.06  0.36  44.2  61  5.7414  100
319.838  285.69  1950.05  96.2088  210.902  0.37  44.8  61  5.7414  100
319.886  285.819  1881.84  95.382  176.508  0.39  44.8  61  5.7414  100
319.935  285.819  2019.97  89.9491  1.795  0.36  44.8  61  5.7414  100
319.984  285.819  1924.21  94.5713  153.36  0.38  44.8  61  5.7414  100
320.033  285.948  1832.06  90.0037  0.117  0.39  44.8  61  5.7414  100
320.082  285.948  2027.61  89.4621  19.034  0.36  44.8  61  5.7414  100
320.13  286.077  1875.52  95.0206  164.136  0.39  43.1  61  5.7414  100
320.179  286.077  1956.48  89.1087  30.434  0.37  43.1  61  5.7414  100
320.228  286.077  1954.12  95.0427  171.765  0.37  43.1  61  5.7414  100
320.277  286.205  1882.39  94.8836  160.251  0.39  43.1  61  5.7414  100
320.325  286.205  1997.87  89.7556  8.52  0.36  43.1  61  5.7414  100
320.374  286.334  1933.33  94.1977  141.516  0.38  43.1  61  5.7414  100
320.423  286.334  1882.15  94.8381  158.741  0.39  43.9  61  5.7414  100
320.472  286.334  1986.44  89.8913  3.768  0.36  43.9  61  5.7414  100
320.52  286.463  1981.25  89.8601  4.837  0.37  43.9  61  5.7414  100
320.569  286.463  1870.65  94.0948  133.579  0.39  43.9  61  5.7414  100
320.618  286.463  2017.26  89.4397  19.725  0.36  43.9  61  5.7414  100
320.667  286.592  1981.18  89.9551  1.552  0.37  43.9  61  5.7414  100
320.716  286.592  1978.76  89.646  12.226  0.37  44.4  61  5.7414  100
320.764  286.721  1950.64  94.6963  159.709  0.37  44.4  61  5.7414  100
320.813  286.721  1895.17  94.9922  164.917  0.38  44.4  61  5.7414  100
320.862  286.721  2001.94  89.964  1.26  0.36  44.4  61  5.7414  100
320.911  286.849  1927.47  96.1864  207.71  0.38  44.4  61  5.7414  100
320.96  286.849  1871.38  95.3986  176.067  0.39  44.4  61  5.7414  100
321.009  286.978  1928.34  95.0527  169.832  0.38  42.7  61  5.7414  100
321.057  286.978  1929.23  96.2248  209.187  0.38  42.7  61  5.7414  100
321.106  286.978  1829.2  90.0543  1.735  0.4  42.7  61  5.7414  100
321.155  287.107  2020.59  89.5771  14.913  0.36  42.7  61  5.7414  100
321.204  287.107  1885.66  96.5562  215.3  0.39  42.7  61  5.7414  100
321.253  287.107  1913.35  94.9048  163.592  0.38  42.7  61  5.7414  100
321.301  287.236  1932.93  94.7093  158.694  0.38  43.4  61  5.7414  100
321.35  287.236  1890.71  95.3283  175.577  0.38  43.4  61  5.7414  100
321.399  287.365  2026.67  89.9699  1.065  0.36  43.4  61  5.7414  100
321.448  287.365  1944.35  94.7353  160.51  0.37  43.4  61  5.7414  100
321.496  287.365  1853.87  95.4588  176.359  0.39  43.4  61  5.7414  100
321.545  287.493  2004.91  88.7135  45.015  0.36  43.4  61  5.7414  100
321.594  287.493  1914.5  94.8242  161.007  0.38  45.5  61  5.7414  100
321.643  287.622  1951.45  89.2128  26.812  0.37  45.5  61  5.7414  100
321.691  287.622  1928.42  94.7632  160.132  0.38  45.5  61  5.7414  100
321.74  287.622  1897.88  96.2064  205.18  0.38  45.5  61  5.7414  100
321.789  287.751  1835.2  90.0593  1.9  0.39  45.5  61  5.7414  100
321.838  287.751  1954.31  94.7713  162.558  0.37  45.5  61  5.7414  100
321.887  287.88  1889.77  94.837  159.347  0.38  44.3  61  5.7414  100
321.935  287.88  2023.58  89.9856  0.51  0.36  44.3  61  5.7414  100
321.984  287.88  1945.34  95.8946  199.784  0.37  44.3  61  5.7414  100
322.033  288.009  1874.51  95.4263  177.265  0.39  44.3  61  5.7414  100
322.082  288.009  1924.19  95.1739  173.523  0.38  44.3  61  5.7414  100
322.131  288.009  1913.85  96.3086  210.301  0.38  44.3  61  5.7414  100
322.179  288.137  1961.09  88.9685  35.303  0.37  44.3  61  5.7414  100
322.228  288.137  1947.23  94.6688  158.495  0.37  45.3  61  5.7414  100
322.277  288.266  1883.62  94.8287  158.559  0.39  45.3  61  5.7414  100
322.325  288.266  2003.78  89.8398  5.604  0.36  45.3  61  5.7414  100
322.374  288.266  1939.69  94.4733  151.283  0.37  45.3  61  5.7414  100
322.423  288.395  1975.74  89.6621  11.651  0.37  45.3  61  5.7414  100
322.472  288.395  2029.18  90.034  1.204  0.36  45.3  61  5.7414  100
322.52  288.524  1928.31  96.3741  214.079  0.38  44.8  61  5.7414  100
322.569  288.524  1958.64  89.8284  5.868  0.37  44.8  61  5.7414  100
322.618  288.524  2023.13  89.9331  2.363  0.36  44.8  61  5.7414  100
322.667  288.653  1894.33  94.8301  159.505  0.38  44.8  61  5.7414  100
322.716  288.653  1880.45  94.8019  157.415  0.39  44.8  61  5.7414  100
322.765  288.653  2023.92  89.7148  10.074  0.36  44.8  61  5.7414  100
322.814  288.781  1914.32  96.0674  202.341  0.38  43.3  61  5.7414  100
322.862  288.781  2003.79  89.972  0.981  0.36  43.3  61  5.7414  100
322.911  288.91  1995.41  89.8244  6.115  0.36  43.3  61  5.7414  100
322.96  288.91  1960.52  89.8558  4.933  0.37  43.3  61  5.7414  100
323.009  288.91  1982.99  89.8714  4.452  0.36  43.3  61  5.7414  100
323.057  289.039  1925.94  94.8972  164.413  0.38  43.3  61  5.7414  100
323.106  289.039  1872.17  95.2536  171.425  0.39  43.5  61  5.7414  100
323.155  289.168  2004.91  89.7956  7.153  0.36  43.5  61  5.7414  100
323.204  289.168  1888.05  94.8007  158.01  0.38  43.5  61  5.7414  100
323.252  289.168  1859.59  93.9841  129.202  0.39  43.5  61  5.7414  100
323.301  289.297  1955.78  94.7396  161.602  0.37  43.5  61  5.7414  100
323.35  289.297  1966.75  89.7102  9.948  0.37  43.5  61  5.7414  100
323.399  289.426  1988.34  88.9642  35.945  0.36  45  61  5.7414  100
323.447  289.426  1934.15  95.9087  199.108  0.38  45  61  5.7414  100
323.496  289.426  1907.06  94.8962  162.768  0.38  45  61  5.7414  100
323.545  289.554  1958.8  89.1709  28.343  0.37  45  61  5.7414  100
323.594  289.554  1907.06  95.8446  194.198  0.38  45  61  5.7414  100
323.643  289.554  1863.48  95.3071  172.362  0.39  45  61  5.7414  100
323.692  289.683  2016.47  89.7921  7.318  0.36  43.5  61  5.7414  100
323.741  289.683  1911.06  96.0379  201.018  0.38  43.5  61  5.7414  100
323.79  289.812  1987.14  89.8118  6.528  0.36  43.5  61  5.7414  100
323.838  289.812  2009.62  89.635  12.802  0.36  43.5  61  5.7414  100
323.888  289.812  1897.68  94.8818  161.493  0.38  43.5  61  5.7414  100
323.936  289.941  1977.75  89.0248  33.66  0.37  43.5  61  5.7414  100
323.985  289.941  1934.15  95.9087  199.108  0.38  43.5  61  5.7414  100
324.034  290.07  1878.22  94.9569  162.288  0.39  43.5  61  5.7414  100
324.083  290.07  1997.67  88.7944  42.03  0.36  43.5  61  5.7414  100
324.131  290.07  1922.84  96.2117  208.056  0.38  43.5  61  5.7414  100
324.18  290.198  1868.69  95.4616  177.858  0.39  43.5  61  5.7414  100
324.229  290.198  1942.59  95.0148  169.806  0.37  43.5  61  5.7414  100
324.278  290.198  1908.2  94.8159  160.201  0.38  42.8  61  5.7414  100
324.327  290.327  1829.2  90.0543  1.735  0.4  42.8  61  5.7414  100
324.375  290.327  1935.85  94.9588  167.333  0.38  42.8  61  5.7414  100
324.424  290.456  1968.65  89.7377  9.013  0.37  42.8  61  5.7414  100
324.472  290.456  2020.96  90.037  1.306  0.36  42.8  61  5.7414  100
324.522  290.456  1929.58  94.6819  157.501  0.38  42.8  61  5.7414  100
324.57  290.585  1957.96  89.9067  3.188  0.37  42.1  61  5.7414  100
324.619  290.585  2006.46  89.7875  7.441  0.36  42.1  61  5.7414  100
324.668  290.714  1918.44  96.2836  209.973  0.38  42.1  61  5.7414  100
324.717  290.714  1962.41  89.8833  3.996  0.37  42.1  61  5.7414  100
324.765  290.714  1930.7  94.8937  164.703  0.38  42.1  61  5.7414  100
324.814  290.842  1812.85  90.0133  0.421  0.4  42.1  61  5.7414  100
324.863  290.842  1875.31  95.2811  172.608  0.39  42.1  61  5.7414  100
324.912  290.842  1942.59  95.0148  169.806  0.37  43.6  61  5.7414  100
324.96  290.971  1885.27  96.4643  212.252  0.39  43.6  61  5.7414  100
325.009  290.971  1978.81  88.9804  35.211  0.37  43.6  61  5.7414  100
325.058  291.1  1951.67  95.8594  199.24  0.37  43.6  61  5.7414  100
325.107  291.1  1867.02  95.4251  176.516  0.39  43.6  61  5.7414  100
325.156  291.1  1920.89  95.1459  172.288  0.38  43.6  61  5.7414  100
325.205  291.229  1907.96  96.3882  212.289  0.38  45.2  61  5.7414  100
325.253  291.229  1871.5  95.1176  166.939  0.39  45.2  61  5.7414  100
325.302  291.358  2021.98  89.4144  20.666  0.36  45.2  61  5.7414  100
325.351  291.358  1907.17  94.9176  163.488  0.38  45.2  61  5.7414  100
325.4  291.358  1963.03  89.9376  2.137  0.37  45.2  61  5.7414  100
325.448  291.486  1920.36  94.7397  158.677  0.38  45.2  61  5.7414  100
325.497  291.486  1898.39  95.0196  166.101  0.38  44.2  61  5.7414  100
325.546  291.486  2000.26  89.8197  6.295  0.36  44.2  61  5.7414  100
325.595  291.615  1929.93  96.0286  202.69  0.38  44.2  61  5.7414  100
325.643  291.615  1861.38  95.1807  168.077  0.39  44.2  61  5.7414  100
325.692  291.744  1986.55  88.8205  40.893  0.36  44.2  61  5.7414  100
325.741  291.744  1900.1  94.4614  147.805  0.38  44.2  61  5.7414  100
325.79  291.744  1884.98  93.9503  129.859  0.38  46.1  61  5.7414  100
325.838  291.873  1933.98  94.6061  155.308  0.38  46.1  61  5.7414  100
325.887  291.873  1895.09  96.2691  206.94  0.38  46.1  61  5.7414  100
325.936  292.002  1955.62  89.0381  32.832  0.37  46.1  61  5.7414  100
325.985  292.002  1938.13  94.4831  151.495  0.37  46.1  61  5.7414  100
326.033  292.002  1889.77  94.837  159.347  0.38  46.1  61  5.7414  100
326.082  292.13  1981.88  89.915  2.942  0.37  47.2  61  5.7414  100
326.131  292.13  2013.33  89.8083  6.738  0.36  47.2  61  5.7414  100
326.18  292.259  1855.64  95.2165  168.713  0.39  47.2  61  5.7414  100
326.228  292.259  1973.51  89.883  4.03  0.37  47.2  61  5.7414  100
326.277  292.259  1914.66  94.5584  152.168  0.38  47.2  61  5.7414  100
326.327  292.388  1876.46  94.0554  132.704  0.39  47.2  61  5.7414  100
326.375  292.388  2017.44  89.5937  14.305  0.36  43.8  61  5.7414  100
326.424  292.388  1917.6  96.097  203.671  0.38  43.8  61  5.7414  100
326.473  292.517  1891.06  95.0902  167.783  0.38  43.8  61  5.7414  100
326.522  292.517  1949.12  95.024  170.689  0.37  43.8  61  5.7414  100
326.57  292.646  1882.62  94.9291  161.762  0.39  43.8  61  5.7414  100
326.62  292.646  2003.07  89.92  2.799  0.36  43.8  61  5.7414  100
326.668  292.646  1950.39  94.6492  158.088  0.37  44.1  61  5.7414  100
326.717  292.774  1882.07  95.1206  167.978  0.39  44.1  61  5.7414  100
326.766  292.774  2008.44  89.8156  6.463  0.36  44.1  61  5.7414  100
326.815  292.903  1914.92  94.3174  144.16  0.38  44.1  61  5.7414  100
326.863  292.903  2004.25  90.0075  0.261  0.36  44.1  61  5.7414  100
326.913  292.903  2018.83  89.4313  20.038  0.36  44.1  61  5.7414  100
326.961  293.032  1977.4  89.8046  6.743  0.37  43.6  61  5.7414  100
327.01  293.032  2009.28  90.0198  0.696  0.36  43.6  61  5.7414  100
327.059  293.032  1936.58  95.0994  172.131  0.38  43.6  61  5.7414  100
327.108  293.161  1887.74  95.0383  165.785  0.38  43.6  61  5.7414  100
327.157  293.161  1921.46  94.9505  165.812  0.38  43.6  61  5.7414  100
327.206  293.29  1925.5  96.1011  204.65  0.38  43.6  61  5.7414  100
327.254  293.29  1869.92  95.4075  176.217  0.39  43.6  61  5.7414  100
327.303  293.29  1832.06  90.0037  0.117  0.39  43.1  61  5.7414  100
327.352  293.418  1908.87  96.2406  207.5  0.38  43.1  61  5.7414  100
327.401  293.418  1890.6  94.9987  164.733  0.38  43.1  61  5.7414  100
327.449  293.547  1945.95  94.4336  150.429  0.37  43.1  61  5.7414  100
327.498  293.547  1881.61  95.0294  164.957  0.39  43.1  61  5.7414  100
327.547  293.547  1962.75  88.8449  39.567  0.37  43.1  61  5.7414  100
327.596  293.676  1938.8  96.2211  210.099  0.38  42.8  61  5.7414  100
327.645  293.676  1959.84  89.9342  2.25  0.37  42.8  61  5.7414  100
327.693  293.805  1996.05  89.8797  4.192  0.36  42.8  61  5.7414  100
327.742  293.805  1929.58  94.6819  157.501  0.38  42.8  61  5.7414  100
327.791  293.805  1867.51  94.0695  132.53  0.39  42.8  61  5.7414  100
327.84  293.934  1925.59  94.829  162.099  0.38  42.8  61  5.7414  100
327.888  293.934  1919.56  94.8885  163.58  0.38  44.5  61  5.7414  100
327.937  293.934  1975.83  89.9463  1.852  0.37  44.5  61  5.7414  100
327.986  294.062  2007.2  89.5708  15.036  0.36  44.5  61  5.7414  100
328.035  294.062  1899.39  96.198  205.067  0.38  44.5  61  5.7414  100
328.084  294.191  1992.56  89.8596  4.882  0.36  44.5  61  5.7414  100
328.132  294.191  2013.44  89.5376  16.249  0.36  44.5  61  5.7414  100
328.181  294.191  1959.84  89.9342  2.25  0.37  44.6  61  5.7414  100
328.23  294.32  2004.62  89.912  3.079  0.36  44.6  61  5.7414  100
328.279  294.32  1929.93  96.0286  202.69  0.38  44.6  61  5.7414  100
328.327  294.449  1946.46  89.8556  4.905  0.37  44.6  61  5.7414  100
328.376  294.449  1947.55  95.0335  170.872  0.37  44.6  61  5.7414  100
328.425  294.449  1915.99  96.4402  214.91  0.38  44.6  61  5.7414  100
328.474  294.578  1882.31  94.0156  131.816  0.39  44.3  61  5.7414  100
328.523  294.578  2030.98  89.6003  14.169  0.36  44.3  61  5.7414  100
328.571  294.578  2002.49  89.9962  0.134  0.36  44.3  61  5.7414  100
328.62  294.707  1991.86  89.9393  2.109  0.36  44.3  61  5.7414  100
328.669  294.707  2023.05  89.6418  12.647  0.36  44.3  61  5.7414  100
328.718  294.835  1969.19  89.9229  2.649  0.37  44.3  61  5.7414  100
328.767  294.835  1990.2  89.7958  7.093  0.36  43.9  61  5.7414  100
328.816  294.835  1925.7  94.8506  162.832  0.38  43.9  61  5.7414  100
328.864  294.964  1879.93  95.2998  173.642  0.39  43.9  61  5.7414  100
328.913  294.964  2003.36  89.8036  6.866  0.36  43.9  61  5.7414  100
328.962  295.093  1916.57  94.6198  154.367  0.38  43.9  61  5.7414  100
329.011  295.093  1898.04  94.9523  163.851  0.38  43.9  61  5.7414  100
329.06  295.093  1930.63  94.5789  154.127  0.38  43.3  61  5.7414  100
329.109  295.222  1895.4  95.3473  176.636  0.38  43.3  61  5.7414  100
329.157  295.222  1892.31  95.0352  166.085  0.38  43.3  61  5.7414  100
329.206  295.222  1996.24  89.8964  3.611  0.36  43.3  61  5.7414  100
329.255  295.351  1969.59  89.9584  1.43  0.37  43.3  61  5.7414  100
329.304  295.351  1997.5  88.9116  37.942  0.36  43.3  61  5.7414  100
329.353  295.479  1904.93  96.4047  212.495  0.38  42.8  61  5.7414  100
329.402  295.479  1901.97  95.1178  169.663  0.38  42.8  61  5.7414  100
329.45  295.479  1927.13  94.8194  161.908  0.38  42.8  61  5.7414  100
329.499  295.608  1891.49  94.8734  160.688  0.38  42.8  61  5.7414  100
329.548  295.608  1981.88  89.915  2.942  0.37  42.8  61  5.7414  100
329.597  295.737  2026.03  89.4706  18.72  0.36  42.8  61  5.7414  100
329.645  295.737  1980.42  89.7887  7.303  0.37  43.6  61  5.7414  100
329.694  295.737  1981.06  89.8436  5.409  0.37  43.6  61  5.7414  100
329.743  295.866  1933.18  94.756  160.286  0.38  43.6  61  5.7414  100
329.792  295.866  1956.35  89.7657  8  0.37  43.6  61  5.7414  100
329.84  295.995  2008.87  89.8518  5.194  0.36  43.6  61  5.7414  100
329.889  295.995  1924.17  96.1565  206.355  0.38  43.6  61  5.7414  100
329.938  295.995  2036.51  89.9587  1.468  0.36  43.6  61  5.7414  100
329.987  296.123  2014.56  89.4929  17.829  0.36  42.8  61  5.7414  100
330.035  296.123  1893.19  96.1852  203.978  0.38  42.8  61  5.7414  100
330.084  296.123  1823.16  90.0142  0.45  0.4  42.8  61  5.7414  100
330.133  296.252  2009.29  89.8881  3.925  0.36  42.8  61  5.7414  100
330.182  296.252  1877.44  95.1024  166.971  0.39  42.8  61  5.7414  100
330.231  296.381  1982.62  88.7664  42.682  0.36  42.8  61  5.7414  100
330.279  296.381  1923.18  94.674  156.713  0.38  43.4  61  5.7414  100
330.328  296.381  1874.64  95.1449  168.107  0.39  43.4  61  5.7414  100
330.377  296.51  1999.37  88.6681  46.473  0.36  43.4  61  5.7414  100
330.426  296.51  1922.41  96.1182  204.89  0.38  43.4  61  5.7414  100
330.475  296.639  1941.63  89.0439  32.399  0.37  43.4  61  5.7414  100
330.523  296.639  2011.86  88.8682  39.739  0.36  43.4  61  5.7414  100
330.572  296.639  1910.25  94.6122  153.604  0.38  44.3  61  5.7414  100
330.621  296.767  1956.05  89.0734  31.633  0.37  44.3  61  5.7414  100
330.67  296.767  1938.97  94.9398  166.962  0.37  44.3  61  5.7414  100
330.718  296.767  1881.12  96.2057  203.345  0.39  44.3  61  5.7414  100
330.767  296.896  1829.11  90.019  0.606  0.4  44.3  61  5.7414  100
330.817  296.896  1939.69  94.4733  151.283  0.37  44.3  61  5.7414  100
330.865  297.025  1972.06  89.7573  8.354  0.37  43.2  61  5.7414  100
330.914  297.025  2014.06  88.7775  42.97  0.36  43.2  61  5.7414  100
330.963  297.025  1917.17  96.0037  200.523  0.38  43.2  61  5.7414  100
331.012  297.154  1965.54  88.9427  36.269  0.37  43.2  61  5.7414  100
331.06  297.154  2018.75  89.703  10.465  0.36  43.2  61  5.7414  100
331.11  297.283  1908.92  94.9544  164.859  0.38  43.2  61  5.7414  100
331.158  297.283  1974.31  89.0063  34.238  0.37  45.2  61  5.7414  100
331.207  297.283  2015.44  89.5656  15.279  0.36  45.2  61  5.7414  100
331.256  297.411  1886.16  96.3185  207.581  0.39  45.2  61  5.7414  100
331.305  297.411  2028.23  89.962  1.343  0.36  45.2  61  5.7414  100
331.353  297.54  1926.99  94.7944  161.06  0.38  45.2  61  5.7414  100
331.402  297.54  1881.84  95.382  176.508  0.39  45.2  61  5.7414  100
331.451  297.54  2007.38  88.7771  42.843  0.36  44.3  61  5.7414  100
331.5  297.669  1907.96  94.7697  158.649  0.38  44.3  61  5.7414  100
331.548  297.669  1965.39  89.8677  4.538  0.37  44.3  61  5.7414  100
331.597  297.669  2020.4  89.4229  20.351  0.36  44.3  61  5.7414  100
331.646  297.798  1915.64  96.0123  200.648  0.38  44.3  61  5.7414  100
331.694  297.798  1848.61  89.9901  0.318  0.39  44.3  61  5.7414  100
331.743  297.927  1994.15  89.7165  9.866  0.36  43.6  61  5.7414  100
331.792  297.927  1894.13  95.4022  178.325  0.38  43.6  61  5.7414  100
331.841  297.927  1984.41  88.9098  37.755  0.36  43.6  61  5.7414  100
331.889  298.055  1936.37  96.0411  203.788  0.38  43.6  61  5.7414  100
331.938  298.055  1882.64  95.2362  171.813  0.39  43.6  61  5.7414  100
331.987  298.184  1998.3  89.7917  7.266  0.36  43.6  61  5.7414  100
332.036  298.184  1922.13  96.4072  214.499  0.38  44.9  61  5.7414  100
332.085  298.184  1878.8  95.0722  166.105  0.39  44.9  61  5.7414  100
332.134  298.313  1951.29  94.816  163.822  0.37  44.9  61  5.7414  100
332.182  298.313  1889.91  95.1664  170.183  0.38  44.9  61  5.7414  100
332.231  298.313  1883.54  95.4187  177.87  0.39  44.9  61  5.7414  100
332.28  298.442  1918.83  94.7493  158.87  0.38  44.9  61  5.7414  100
332.329  298.442  1968.38  89.852  5.084  0.37  44.9  61  5.7414  100
332.378  298.571  2020.01  89.9654  1.221  0.36  44.1  61  5.7414  100
332.427  298.571  1913.22  94.88  162.755  0.38  44.1  61  5.7414  100
332.475  298.571  1962.41  89.8833  3.996  0.37  44.1  61  5.7414  100
332.524  298.699  1945.8  94.7037  159.562  0.37  44.1  61  5.7414  100
332.573  298.699  1902.61  96.2276  206.391  0.38  44.1  61  5.7414  100
332.622  298.828  1965.71  88.8275  40.224  0.37  44.1  61  5.7414  100
332.67  298.828  2018.83  89.4313  20.038  0.36  44.8  61  5.7414  100
332.719  298.828  1893.67  95.0014  165.092  0.38  44.8  61  5.7414  100
332.768  298.957  1906.02  94.9978  166.048  0.38  44.8  61  5.7414  100
332.817  298.957  1939.28  95.9767  201.926  0.38  44.8  61  5.7414  100
332.865  298.957  1857.95  95.0845  164.66  0.39  44.8  61  5.7414  100
332.914  299.086  1998.01  89.9077  3.218  0.36  44.8  61  5.7414  100
332.963  299.086  1922.38  94.8231  161.632  0.38  45.9  61  5.7414  100
333.012  299.215  1893.8  95.026  165.912  0.38  45.9  61  5.7414  100
333.06  299.215  2041.7  89.9711  1.028  0.35  45.9  61  5.7414  100
333.109  299.215  1894.7  94.9005  161.854  0.38  45.9  61  5.7414  100
333.158  299.344  1981.88  89.915  2.942  0.37  45.9  61  5.7414  100
333.207  299.344  2029.89  89.3719  22.253  0.36  45.9  61  5.7414  100
333.256  299.472  1885.57  94.9106  161.407  0.39  47.2  61  5.7414  100
333.305  299.472  1987.14  89.8118  6.528  0.36  47.2  61  5.7414  100
333.353  299.472  1934.76  94.4561  150.322  0.38  47.2  61  5.7414  100
333.402  299.601  1960.52  89.8558  4.933  0.37  47.2  61  5.7414  100
333.451  299.601  2013.41  89.6743  11.444  0.36  47.2  61  5.7414  100
333.5  299.73  1921.64  94.6837  156.91  0.38  47.2  61  5.7414  100
333.549  299.73  1889.45  95.3831  177.258  0.38  47.9  61  5.7414  100
333.597  299.73  1922.27  94.8015  160.902  0.38  47.9  61  5.7414  100
333.646  299.859  1904.11  96.2193  206.279  0.38  47.9  61  5.7414  100
333.695  299.859  2005.77  89.9997  0.009  0.36  47.9  61  5.7414  100
333.744  299.859  1934.3  94.9682  167.517  0.38  47.9  61  5.7414  100
333.793  299.988  1988.86  89.8204  6.233  0.36  47.9  61  5.7414  100
333.841  299.988  1839.7  90.0554  1.78  0.39  46.7  61  5.7414  100
333.89  300.116  1925.97  95.2113  174.935  0.38  46.7  61  5.7414  100
333.939  300.116  1966.2  89.9385  2.11  0.37  46.7  61  5.7414  100
333.988  300.116  2030.26  89.9902  0.348  0.36  46.7  61  5.7414  100
334.036  300.245  1913.22  96.1689  205.596  0.38  46.7  61  5.7414  100
334.085  300.245  1870.4  94.0498  132.093  0.39  46.7  61  5.7414  100
334.134  300.374  1929.4  94.9499  166.477  0.38  45.4  61  5.7414  100
334.183  300.374  1984.98  89.7648  8.149  0.36  45.4  61  5.7414  100
334.232  300.374  1823.25  90.0494  1.572  0.4  45.4  61  5.7414  100
334.28  300.503  2024.62  89.6335  12.949  0.36  45.4  61  5.7414  100
334.329  300.503  1888.2  95.1297  168.827  0.38  45.4  61  5.7414  100
334.378  300.503  1958.14  88.9857  34.664  0.37  45.4  61  5.7414  100
334.427  300.632  1939.15  94.6705  157.896  0.37  44.7  61  5.7414  100
334.475  300.632  1899.66  95.2742  174.621  0.38  44.7  61  5.7414  100
334.524  300.76  1922.51  94.848  162.477  0.38  44.7  61  5.7414  100
334.573  300.76  1911.88  94.624  154.127  0.38  44.7  61  5.7414  100
334.622  300.76  1820.14  89.9942  0.185  0.4  44.7  61  5.7414  100
334.671  300.889  2015.69  89.4482  19.414  0.36  44.7  61  5.7414  100
334.72  300.889  2008.56  89.9651  1.222  0.36  46.4  61  5.7414  100
334.768  301.018  1824.62  90.0065  0.208  0.4  46.4  61  5.7414  100
334.817  301.018  2011.76  89.8163  6.449  0.36  46.4  61  5.7414  100
334.866  301.018  1807.09  90.0435  1.372  0.4  46.4  61  5.7414  100
334.915  301.147  1963.62  88.9158  37.154  0.37  46.4  61  5.7414  100
334.964  301.147  1918.28  94.9444  165.334  0.38  46.4  61  5.7414  100
335.013  301.276  1863.26  95.262  170.879  0.39  46.4  61  5.7414  100
335.062  301.276  1920.98  94.8575  162.665  0.38  45.1  61  5.7414  100
335.111  301.276  1923.26  96.3053  211.225  0.38  45.1  61  5.7414  100
335.159  301.404  1956.35  89.7657  8  0.37  45.1  61  5.7414  100
335.208  301.404  2009.71  89.9243  2.656  0.36  45.1  61  5.7414  100
335.257  301.404  1899.8  96.2905  208.158  0.38  45.1  61  5.7414  100
335.305  301.533  1832.15  90.0391  1.25  0.39  45.1  61  5.7414  100
335.354  301.533  1927.03  94.5053  151.371  0.38  47  61  5.7414  100
335.403  301.662  1886.49  95.0932  167.475  0.39  47  61  5.7414  100
335.452  301.662  1994.1  89.8517  5.163  0.36  47  61  5.7414  100
335.5  301.662  1933.67  94.8496  163.472  0.38  47  61  5.7414  100
335.549  301.791  1961.33  89.9265  2.518  0.37  47  61  5.7414  100
335.598  301.791  1928.42  94.7632  160.132  0.38  47  61  5.7414  100
335.647  301.92  1919.76  96.2285  208.284  0.38  43.7  61  5.7414  100
335.695  301.92  1881.17  95.2452  171.973  0.39  43.7  61  5.7414  100
335.744  301.92  1942.1  94.9207  166.588  0.37  43.7  61  5.7414  100
335.793  302.048  1895.86  95.1298  169.515  0.38  43.7  61  5.7414  100
335.842  302.048  1898.04  94.9523  163.851  0.38  43.7  61  5.7414  100
335.891  302.177  2020.76  89.7312  9.48  0.36  43.7  61  5.7414  100
335.94  302.177  1887.05  94.9013  161.228  0.38  46.4  61  5.7414  100
335.988  302.177  1848.61  89.9901  0.318  0.39  46.4  61  5.7414  100
336.037  302.306  1934.15  95.9087  199.108  0.38  46.4  61  5.7414  100
336.086  302.306  1950.18  89.9103  3.054  0.37  46.4  61  5.7414  100
336.135  302.435  2043.76  89.9995  0.019  0.35  46.4  61  5.7414  100
336.183  302.435  1919.13  96.0885  203.55  0.38  46.4  61  5.7414  100
336.232  302.435  1889.81  95.1451  169.476  0.38  45.3  61  5.7414  100
336.281  302.564  2018.14  89.5126  17.168  0.36  45.3  61  5.7414  100
336.33  302.564  1895.97  96.1224  202.212  0.38  45.3  61  5.7414  100
336.378  302.692  1833.62  90.0315  1.007  0.39  45.3  61  5.7414  100
336.427  302.692  1934.76  94.4561  150.322  0.38  45.3  61  5.7414  100
336.476  302.692  1882.39  94.8836  160.251  0.39  45.3  61  5.7414  100
336.525  302.821  2028.23  89.962  1.343  0.36  45.5  61  5.7414  100
336.573  302.821  1941.46  94.8016  162.511  0.37  45.5  61  5.7414  100
336.622  302.821  1954.2  89.8518  5.054  0.37  45.5  61  5.7414  100
336.671  302.95  1936.91  94.8555  163.948  0.37  45.5  61  5.7414  100
336.72  302.95  1918.85  96.377  213.128  0.38  45.5  61  5.7414  100
336.768  303.079  1882.64  95.2362  171.813  0.39  45.5  61  5.7414  100
336.817  303.079  1939.7  95.0806  171.776  0.37  45.8  61  5.7414  100
336.866  303.079  1899.18  96.1518  203.522  0.38  45.8  61  5.7414  100
336.915  303.208  1833.72  90.0669  2.142  0.39  45.8  61  5.7414  100
336.963  303.208  1937.34  94.6334  156.498  0.37  45.8  61  5.7414  100
337.012  303.336  1887.03  96.1725  202.899  0.39  45.8  61  5.7414  100
337.061  303.336  1848.71  90.0259  0.836  0.39  45.8  61  5.7414  100
337.11  303.336  1926.19  94.9438  165.995  0.38  46.5  61  5.7414  100
337.159  303.465  1948.32  89.8829  3.981  0.37  46.5  61  5.7414  100
337.207  303.465  1929.96  94.7536  159.938  0.38  46.5  61  5.7414  100
337.256  303.594  1912.8  96.0759  202.462  0.38  46.5  61  5.7414  100
337.305  303.594  1885.37  95.1725  169.973  0.39  46.5  61  5.7414  100
337.354  303.594  2011  89.4733  18.486  0.36  46.5  61  5.7414  100
337.402  303.723  1900.89  96.1897  204.954  0.38  46.5  61  5.7414  100
337.451  303.723  1832.06  90.0037  0.117  0.39  45.6  61  5.7414  100
337.5  303.723  1925.5  94.5151  151.578  0.38  45.6  61  5.7414  100
337.549  303.852  1885.1  94.8194  158.377  0.39  45.6  61  5.7414  100
337.597  303.852  1992.56  89.8596  4.882  0.36  45.6  61  5.7414  100
337.646  303.981  1927.94  95.9434  199.632  0.38  45.6  61  5.7414  100
337.695  303.981  1956.88  89.9497  1.718  0.37  45.6  61  5.7414  100
337.744  303.981  1930.46  94.847  163.114  0.38  47  61  5.7414  100
337.793  304.109  1909.28  96.3335  210.623  0.38  47  61  5.7414  100
337.842  304.109  1884.12  95.2272  171.652  0.39  47  61  5.7414  100
337.89  304.238  2015.87  89.602  14.002  0.36  47  61  5.7414  100
337.939  304.238  1888.2  95.1297  168.827  0.38  47  61  5.7414  100
337.988  304.238  2007.29  89.992  0.281  0.36  47  61  5.7414  100
338.037  304.367  1932.68  94.6626  157.102  0.38  49.7  61  5.7414  100
338.085  304.367  1884.09  94.9199  161.585  0.39  49.7  61  5.7414  100
338.134  304.367  1995.34  89.9595  1.41  0.36  49.7  61  5.7414  100
338.183  304.496  1928.38  96.0372  202.815  0.38  49.7  61  5.7414  100
338.232  304.496  1952.33  89.8244  5.982  0.37  49.7  61  5.7414  100
338.281  304.625  2006.59  89.9402  2.094  0.36  49.7  61  5.7414  100
338.329  304.625  1912.11  96.2704  208.842  0.38  50.4  61  5.7414  100
338.378  304.625  1879.12  93.9903  130.763  0.39  50.4  61  5.7414  100
338.427  304.753  2017.01  89.5573  15.583  0.36  50.4  61  5.7414  100
338.476  304.753  1891.9  96.2396  205.623  0.38  50.4  61  5.7414  100
338.524  304.882  1897.34  93.961  131.063  0.38  50.4  61  5.7414  100
338.574  304.882  1934.73  94.7464  160.09  0.38  50.4  61  5.7414  100
338.623  304.882  1877.99  94.9114  160.785  0.39  53  61  5.7414  100
338.671  305.011  1912.45  90.0266  0.887  0.38  53  61  5.7414  100
338.72  305.011  1924.85  95.9607  199.889  0.38  53  61  5.7414  100
338.769  305.14  1878.46  95.3087  173.799  0.39  53  61  5.7414  100
338.818  305.14  2042.19  90.0074  0.263  0.35  53  61  5.7414  100
338.867  305.14  1908.87  96.2406  207.5  0.38  53  61  5.7414  100
338.916  305.269  1818.69  90.0018  0.057  0.4  54.2  61  5.7414  100
338.964  305.269  2017.01  89.5573  15.583  0.36  54.2  61  5.7414  100
339.013  305.269  1894.48  96.1308  202.328  0.38  54.2  61  5.7414  100
339.062  305.397  1983.81  89.9428  1.98  0.36  54.2  61  5.7414  100
339.111  305.397  1926.99  94.7944  161.06  0.38  54.2  61  5.7414  100
339.16  305.526  1986.55  90.0024  0.084  0.36  54.2  61  5.7414  100
339.209  305.526  1850.21  90.0182  0.587  0.39  50.7  61  5.7414  100
339.257  305.526  1920.23  95.9866  200.272  0.38  50.7  61  5.7414  100
339.306  305.655  1880.59  95.4365  178.171  0.39  50.7  61  5.7414  100
339.355  305.655  1934.05  94.9214  165.922  0.38  50.7  61  5.7414  100
