Sample Name, Ga23_5_4_36G
Freq, 36, GHz, Power, 15, dBm,
SR850: f = 25 Hz; phase = -83.5 deg; output = 5 V; sens. = 500 uV; tc = 300 ms; 12dB/oct
Time,Field,X,Y,R,theta
s,Oe,V,V,V,deg
2.790000E-5,-6.910000E+1,5.811480E-6,4.589590E-6,7.405244E-6,3.829976E+1
6.321710E-2,-6.910000E+1,5.871090E-6,3.427280E-6,6.798231E-6,3.027447E+1
2.618801E-1,-6.920000E+1,5.036620E-6,1.549730E-6,5.269649E-6,1.710274E+1
4.618836E-1,-6.810000E+1,4.708800E-6,2.086170E-7,4.713419E-6,2.536753E+0
6.628825E-1,-6.750000E+1,6.526740E-6,-6.556550E-7,6.559590E-6,-5.736502E+0
8.619191E-1,-6.530000E+1,6.139310E-6,5.960500E-7,6.168177E-6,5.545322E+0
1.062915E+0,-6.040000E+1,2.563010E-6,-5.960510E-8,2.563703E-6,-1.332225E+0
1.262920E+0,-5.630000E+1,8.642710E-7,-6.854570E-7,1.103094E-6,-3.841808E+1
1.461914E+0,-4.550000E+1,-1.728540E-6,1.788150E-7,1.737764E-6,1.740938E+2
1.661914E+0,-3.910000E+1,-2.950440E-6,-1.192100E-7,2.952847E-6,-1.776863E+2
1.862914E+0,-2.140000E+1,-4.291560E-6,-5.662480E-7,4.328755E-6,-1.724836E+2
2.062878E+0,-1.210000E+1,-4.470380E-6,-4.768410E-7,4.495740E-6,-1.739115E+2
2.261879E+0,-8.000000E-1,-2.890840E-6,-4.172340E-7,2.920794E-6,-1.717872E+2
2.461927E+0,2.740000E+1,-7.152590E-7,-4.172340E-7,8.280578E-7,-1.497436E+2
2.662916E+0,4.000000E+1,-2.384200E-7,-6.258520E-7,6.697274E-7,-1.108545E+2
2.861910E+0,7.180000E+1,6.556550E-7,-1.400720E-6,1.546577E-6,-6.491645E+1
3.062917E+0,8.450000E+1,8.046660E-7,-6.854570E-7,1.057042E-6,-4.042611E+1
3.261879E+0,9.910000E+1,1.341110E-6,7.748640E-7,1.548867E-6,3.001838E+1
3.461880E+0,1.253000E+2,6.854570E-7,1.430520E-6,1.586266E-6,6.439783E+1
3.662881E+0,1.418000E+2,-2.115980E-6,1.072890E-6,2.372438E-6,1.531131E+2
3.861933E+0,1.665000E+2,-3.695500E-6,-1.788150E-7,3.699824E-6,-1.772298E+2
4.061887E+0,1.790000E+2,-3.933940E-6,1.013290E-6,4.062344E-6,1.655559E+2
4.261957E+0,1.941000E+2,-3.963740E-6,1.370910E-6,4.194118E-6,1.609214E+2
4.461882E+0,2.151000E+2,-6.437330E-6,2.026570E-6,6.748793E-6,1.625252E+2
4.661880E+0,2.278000E+2,-6.377730E-6,9.536820E-7,6.448639E-6,1.714954E+2
4.861917E+0,2.365000E+2,-6.347920E-6,2.086170E-7,6.351347E-6,1.781177E+2
5.062912E+0,2.580000E+2,-7.212190E-6,-1.370910E-6,7.341327E-6,-1.692375E+2
5.261929E+0,2.671000E+2,-7.569820E-6,-1.460320E-6,7.709391E-6,-1.690810E+2
5.462915E+0,2.879000E+2,-9.536800E-6,-7.748640E-7,9.568227E-6,-1.753549E+2
5.661883E+0,2.981000E+2,-9.417590E-6,-6.556550E-7,9.440386E-6,-1.760175E+2
5.861905E+0,3.176000E+2,-6.288320E-6,2.086170E-7,6.291780E-6,1.780999E+2
6.062909E+0,3.276000E+2,-6.049900E-6,8.940740E-8,6.050561E-6,1.791533E+2
6.261920E+0,3.368000E+2,-4.977020E-6,1.430520E-6,5.178524E-6,1.639640E+2
6.462913E+0,3.611000E+2,-3.874330E-6,-7.748640E-7,3.951056E-6,-1.686901E+2
6.662926E+0,3.704000E+2,-4.559780E-6,-1.937170E-6,4.954212E-6,-1.569823E+2
6.861884E+0,3.925000E+2,-4.231960E-6,5.960510E-8,4.232380E-6,1.791931E+2
7.062916E+0,4.019000E+2,-4.172350E-6,1.311310E-6,4.373561E-6,1.625528E+2
7.261932E+0,4.237000E+2,-2.026570E-6,3.784910E-6,4.293312E-6,1.181661E+2
7.461890E+0,4.359000E+2,-6.854570E-7,4.500180E-6,4.552084E-6,9.866059E+1
7.661944E+0,4.574000E+2,1.788150E-6,2.741830E-6,3.273395E-6,5.688866E+1
7.862887E+0,4.665000E+2,1.579530E-6,2.443800E-6,2.909824E-6,5.712373E+1
8.061909E+0,4.775000E+2,7.152590E-7,1.281510E-6,1.467605E-6,6.083247E+1
8.261887E+0,4.968000E+2,-1.668940E-6,-1.221900E-6,2.068429E-6,-1.437906E+2
8.461923E+0,5.078000E+2,-9.238760E-7,-1.460320E-6,1.728028E-6,-1.223196E+2
8.662884E+0,5.294000E+2,5.960510E-8,-3.576300E-7,3.625631E-7,-8.053766E+1
8.861941E+0,5.402000E+2,3.874320E-7,-8.046660E-7,8.930795E-7,-6.429003E+1
9.061907E+0,5.626000E+2,5.960500E-7,0.000000E+0,5.960500E-7,0.000000E+0
9.261882E+0,5.725000E+2,1.311310E-6,-5.364450E-7,1.416795E-6,-2.224902E+1
9.461879E+0,5.836000E+2,1.162300E-6,-1.609330E-6,1.985166E-6,-5.416220E+1
9.661923E+0,6.060000E+2,1.192100E-6,-4.649190E-6,4.799591E-6,-7.561861E+1
9.862927E+0,6.171000E+2,1.370910E-6,-3.844530E-6,4.081642E-6,-7.037442E+1
1.006188E+1,6.373000E+2,1.490120E-6,-1.817950E-6,2.350617E-6,-5.065954E+1
1.026288E+1,6.480000E+2,1.251700E-6,-1.221900E-6,1.749226E-6,-4.430978E+1
1.046188E+1,6.686000E+2,1.281510E-6,-1.728540E-6,2.151771E-6,-5.344740E+1
1.066288E+1,6.788000E+2,6.258520E-7,-2.175580E-6,2.263811E-6,-7.395099E+1
1.086188E+1,6.989000E+2,-2.384200E-6,-1.937170E-6,3.071976E-6,-1.409060E+2
1.106193E+1,7.097000E+2,-3.010050E-6,-1.192100E-6,3.237515E-6,-1.583945E+2
1.126288E+1,7.304000E+2,-2.712030E-6,-1.221900E-6,2.974583E-6,-1.557461E+2
1.146289E+1,7.404000E+2,-2.145780E-6,-9.536820E-7,2.348165E-6,-1.560375E+2
1.166191E+1,7.616000E+2,-3.874320E-7,6.556550E-7,7.615688E-7,1.205792E+2
1.186289E+1,7.711000E+2,-9.238760E-7,1.132500E-6,1.461541E-6,1.292070E+2
1.206288E+1,7.814000E+2,-1.192100E-6,1.788150E-6,2.149089E-6,1.236901E+2
1.226192E+1,8.052000E+2,-3.874320E-7,2.771630E-6,2.798578E-6,9.795752E+1
1.246289E+1,8.146000E+2,8.940740E-8,1.788150E-6,1.790384E-6,8.713760E+1
1.266290E+1,8.392000E+2,1.937170E-6,2.473610E-6,3.141874E-6,5.193427E+1
1.286188E+1,8.489000E+2,2.086180E-6,2.741830E-6,3.445255E-6,5.273353E+1
1.306196E+1,8.605000E+2,2.235190E-6,2.920640E-6,3.677800E-6,5.257287E+1
1.326192E+1,8.796000E+2,7.152590E-7,1.519930E-6,1.679816E-6,6.479894E+1
1.346188E+1,8.939000E+2,4.768410E-7,1.311310E-6,1.395318E-6,7.001686E+1
1.366188E+1,9.138000E+2,-2.682230E-7,8.046660E-7,8.481928E-7,1.084350E+2
1.386289E+1,9.252000E+2,-1.490130E-7,2.682230E-7,3.068362E-7,1.190546E+2
1.406291E+1,9.352000E+2,-3.576300E-7,2.980250E-8,3.588696E-7,1.752364E+2
1.426188E+1,9.591000E+2,-1.966970E-6,5.960500E-7,2.055297E-6,1.631416E+2
1.446288E+1,9.699000E+2,-1.668940E-6,7.748640E-7,1.840048E-6,1.550953E+2
1.466191E+1,9.908000E+2,1.817950E-6,8.940740E-8,1.820147E-6,2.815557E+0
1.486192E+1,1.001000E+3,2.622620E-6,-2.980250E-8,2.622789E-6,-6.510604E-1
1.506292E+1,1.022700E+3,1.370910E-6,-1.788150E-7,1.382523E-6,-7.431435E+0
1.526288E+1,1.035700E+3,1.251700E-6,-1.519930E-6,1.968995E-6,-5.052770E+1
1.546188E+1,1.056300E+3,1.996770E-6,-2.890840E-6,3.513410E-6,-5.536627E+1
1.566288E+1,1.066700E+3,1.043090E-6,-1.490120E-6,1.818927E-6,-5.500783E+1
1.586291E+1,1.087700E+3,-7.450620E-7,-8.940740E-8,7.504073E-7,-1.731572E+2
1.606192E+1,1.097500E+3,-1.102690E-6,-1.788150E-7,1.117094E-6,-1.707890E+2
1.626292E+1,1.107600E+3,-3.874320E-7,-1.192100E-7,4.053573E-7,-1.628973E+2
1.646192E+1,1.131900E+3,7.748640E-7,-1.192100E-7,7.839804E-7,-8.746174E+0
1.666189E+1,1.141200E+3,2.384200E-6,-9.834840E-7,2.579079E-6,-2.241618E+1
1.686293E+1,1.166000E+3,5.066420E-6,-1.609330E-6,5.315878E-6,-1.762226E+1
1.706188E+1,1.175500E+3,5.006820E-6,-4.172340E-7,5.024175E-6,-4.763630E+0
1.726188E+1,1.188200E+3,4.917410E-6,-6.854570E-7,4.964954E-6,-7.935549E+0
1.746288E+1,1.209800E+3,4.887610E-6,-2.980250E-7,4.896688E-6,-3.489325E+0
1.766188E+1,1.219800E+3,5.394250E-6,1.430520E-6,5.580710E-6,1.485259E+1
1.786193E+1,1.240800E+3,5.751880E-6,3.427280E-6,6.695549E-6,3.078876E+1
1.806289E+1,1.251300E+3,4.649190E-6,1.311310E-6,4.830580E-6,1.575117E+1
1.826191E+1,1.274600E+3,2.175580E-6,1.460320E-6,2.620245E-6,3.387080E+1
1.846188E+1,1.284300E+3,1.281510E-6,2.056370E-6,2.422999E-6,5.806924E+1
1.866290E+1,1.295700E+3,2.682230E-7,1.341110E-6,1.367669E-6,7.869003E+1
1.886187E+1,1.315200E+3,-1.937170E-6,5.960500E-7,2.026796E-6,1.628973E+2
1.906202E+1,1.326400E+3,-2.533210E-6,8.940730E-7,2.686358E-6,1.605600E+2
1.926288E+1,1.346200E+3,-4.023340E-6,3.010050E-6,5.024706E-6,1.431981E+2
1.946288E+1,1.356800E+3,-4.678990E-6,3.904130E-6,6.093864E-6,1.401585E+2
1.966188E+1,1.379700E+3,-2.056370E-6,3.039850E-6,3.670061E-6,1.240772E+2
1.986288E+1,1.390100E+3,-3.278270E-7,3.039850E-6,3.057476E-6,9.615517E+1
2.006288E+1,1.410200E+3,1.162300E-6,2.682220E-6,2.923225E-6,6.657122E+1
2.026192E+1,1.420000E+3,6.854570E-7,2.741830E-6,2.826214E-6,7.596377E+1
2.046189E+1,1.439600E+3,1.370910E-6,6.556550E-7,1.519631E-6,2.556005E+1
2.066192E+1,1.449800E+3,1.847750E-6,7.152590E-7,1.981357E-6,2.116129E+1
2.086193E+1,1.470000E+3,1.370910E-6,-1.490130E-7,1.378985E-6,-6.203491E+0
2.106192E+1,1.479700E+3,1.907360E-6,6.556550E-7,2.016905E-6,1.897041E+1
2.126193E+1,1.500200E+3,8.940740E-8,8.046660E-7,8.096178E-7,8.365980E+1
2.146292E+1,1.509500E+3,-1.668940E-6,-1.788150E-7,1.678492E-6,-1.738845E+2
2.166288E+1,1.521500E+3,-1.311310E-6,-2.980250E-7,1.344750E-6,-1.671957E+2
2.186288E+1,1.542600E+3,5.960500E-7,1.281510E-6,1.413345E-6,6.505614E+1
2.206188E+1,1.552000E+3,9.834840E-7,1.490120E-6,1.785413E-6,5.657506E+1
2.226289E+1,1.575600E+3,7.152590E-7,1.013290E-6,1.240303E-6,5.478258E+1
2.246192E+1,1.585200E+3,7.450620E-7,-1.788150E-7,7.662194E-7,-1.349574E+1
2.266191E+1,1.598200E+3,4.470370E-7,-1.907360E-6,1.959047E-6,-7.680940E+1
2.286192E+1,1.617600E+3,-4.768410E-7,-1.460320E-6,1.536200E-6,-1.080835E+2
2.306192E+1,1.628900E+3,-1.162300E-6,-1.192100E-7,1.168397E-6,-1.741440E+2
2.326192E+1,1.648300E+3,-1.817950E-6,5.066430E-7,1.887228E-6,1.644274E+2
2.346288E+1,1.659600E+3,-1.937170E-6,2.384200E-7,1.951787E-6,1.729835E+2
2.366291E+1,1.679100E+3,-1.966970E-6,8.940740E-8,1.969001E-6,1.773975E+2
2.386192E+1,1.692200E+3,-1.639140E-6,-1.788150E-7,1.648865E-6,-1.737742E+2
2.406288E+1,1.702600E+3,-1.460320E-6,-3.576300E-7,1.503474E-6,-1.662392E+2
2.426288E+1,1.724600E+3,7.450620E-7,-5.364450E-7,9.180907E-7,-3.575391E+1
2.446188E+1,1.735600E+3,9.238760E-7,-5.960500E-7,1.099465E-6,-3.282858E+1
2.466291E+1,1.744600E+3,1.847750E-6,-3.874320E-7,1.887931E-6,-1.184209E+1
2.486187E+1,1.768000E+3,1.728540E-6,6.258520E-7,1.838353E-6,1.990379E+1
2.506192E+1,1.777400E+3,5.066430E-7,-6.258520E-7,8.052191E-7,-5.100896E+1
2.526288E+1,1.798100E+3,-1.043090E-6,1.192100E-7,1.049880E-6,1.734802E+2
2.546188E+1,1.807100E+3,-1.370910E-6,6.556550E-7,1.519631E-6,1.544400E+2
2.566189E+1,1.828100E+3,-3.874320E-7,-1.788150E-7,4.267064E-7,-1.552248E+2
2.586288E+1,1.837000E+3,3.874320E-7,-1.490120E-6,1.539663E-6,-7.542576E+1
2.606291E+1,1.858000E+3,1.788150E-6,-1.728540E-6,2.487033E-6,-4.402890E+1
2.626194E+1,1.869800E+3,2.056370E-6,-2.205390E-6,3.015361E-6,-4.700263E+1
2.646190E+1,1.891000E+3,2.503410E-6,-1.937170E-6,3.165389E-6,-3.773315E+1
2.666191E+1,1.899900E+3,1.162300E-6,-1.877550E-6,2.208197E-6,-5.824036E+1
2.686192E+1,1.910500E+3,-5.960500E-7,-1.966970E-6,2.055297E-6,-1.068584E+2
2.706191E+1,1.933000E+3,1.788150E-7,1.132500E-6,1.146530E-6,8.102741E+1
2.726197E+1,1.942800E+3,7.152590E-7,0.000000E+0,7.152590E-7,0.000000E+0
2.746192E+1,1.963100E+3,7.748640E-7,-2.801430E-6,2.906617E-6,-7.453878E+1
2.766288E+1,1.973300E+3,7.152590E-7,-2.294790E-6,2.403676E-6,-7.268836E+1
2.786187E+1,1.993100E+3,-9.238760E-7,-1.996770E-6,2.200145E-6,-1.148293E+2
2.806287E+1,2.004100E+3,-6.258520E-7,-1.937170E-6,2.035760E-6,-1.079044E+2
2.826287E+1,2.023600E+3,-4.768410E-7,-1.370910E-6,1.451472E-6,-1.091791E+2
2.846192E+1,2.036600E+3,-2.384200E-7,-1.490120E-6,1.509073E-6,-9.909031E+1
2.866187E+1,2.047800E+3,1.013290E-6,-2.175580E-6,2.399980E-6,-6.502596E+1
2.886293E+1,2.070100E+3,2.354400E-6,-5.364450E-7,2.414741E-6,-1.283560E+1
2.906192E+1,2.081000E+3,2.443800E-6,2.384200E-7,2.455403E-6,5.572209E+0
2.926192E+1,2.090000E+3,-1.192100E-7,2.086170E-7,2.402750E-7,1.197449E+2
2.946288E+1,2.113800E+3,-3.010050E-6,-7.450620E-7,3.100890E-6,-1.660973E+2
2.966195E+1,2.122900E+3,-2.652420E-6,-8.344690E-7,2.780588E-6,-1.625361E+2
2.986191E+1,2.145900E+3,-6.258520E-7,-4.768410E-7,7.868088E-7,-1.426960E+2
3.006192E+1,2.155800E+3,1.043090E-6,-3.278270E-7,1.093393E-6,-1.744712E+1
3.026191E+1,2.176100E+3,1.221900E-6,7.748640E-7,1.446877E-6,3.238070E+1
3.046192E+1,2.185500E+3,8.344690E-7,5.364450E-7,9.920241E-7,3.273526E+1
3.066292E+1,2.195400E+3,0.000000E+0,5.364450E-7,5.364450E-7,9.000000E+1
3.086291E+1,2.218600E+3,-4.768410E-7,1.132500E-6,1.228794E-6,1.128336E+2
3.106188E+1,2.227700E+3,-1.460320E-6,1.668940E-6,2.217633E-6,1.311859E+2
3.126288E+1,2.251500E+3,-2.831240E-6,2.533210E-6,3.799088E-6,1.381799E+2
3.146188E+1,2.260400E+3,-3.248470E-6,2.861040E-6,4.328754E-6,1.386285E+2
3.166192E+1,2.281200E+3,-2.235190E-6,3.576300E-7,2.263620E-6,1.709097E+2
3.186193E+1,2.290100E+3,-1.549730E-6,-2.682230E-7,1.572770E-6,-1.701807E+2
3.206189E+1,2.301200E+3,-8.642710E-7,5.960500E-7,1.049876E-6,1.454077E+2
3.226188E+1,2.323000E+3,-9.238760E-7,2.831240E-6,2.978165E-6,1.080723E+2
3.246288E+1,2.333500E+3,-9.238760E-7,3.695500E-6,3.809234E-6,1.040363E+2
3.266188E+1,2.353300E+3,-1.341110E-6,3.367680E-6,3.624892E-6,1.117139E+2
3.286188E+1,2.364300E+3,-6.556550E-7,2.563010E-6,2.645544E-6,1.043494E+2
3.306294E+1,2.383800E+3,-1.072890E-6,2.175580E-6,2.425746E-6,1.162503E+2
3.326188E+1,2.395100E+3,2.980250E-8,2.473610E-6,2.473790E-6,8.930973E+1
3.346288E+1,2.404800E+3,-9.834840E-7,2.801430E-6,2.969049E-6,1.093444E+2
3.366288E+1,2.427500E+3,-2.533210E-6,2.175580E-6,3.339207E-6,1.393432E+2
3.386189E+1,2.438000E+3,-3.755110E-6,1.370910E-6,3.997530E-6,1.599440E+2
3.406291E+1,2.458100E+3,-5.155830E-6,-1.341110E-6,5.327397E-6,-1.654196E+2
3.426288E+1,2.468000E+3,-4.828010E-6,-2.622620E-6,5.494344E-6,-1.514888E+2
3.446192E+1,2.488400E+3,-1.341110E-6,-2.592820E-6,2.919125E-6,-1.173498E+2
3.466291E+1,2.500600E+3,-3.874320E-7,-1.460320E-6,1.510840E-6,-1.048586E+2
3.486291E+1,2.510300E+3,-1.013290E-6,-2.682230E-7,1.048189E-6,-1.651736E+2
3.506191E+1,2.533800E+3,-1.877550E-6,2.592820E-6,3.201236E-6,1.259096E+2
3.526192E+1,2.542800E+3,-1.758340E-6,2.741830E-6,3.257206E-6,1.226721E+2
3.546288E+1,2.563900E+3,-2.920640E-6,2.622620E-6,3.925337E-6,1.380774E+2
3.566188E+1,2.573300E+3,-2.712030E-6,1.579530E-6,3.138474E-6,1.497828E+2
3.586188E+1,2.593900E+3,-1.519930E-6,-5.960500E-7,1.632625E-6,-1.585871E+2
3.606289E+1,2.603900E+3,-6.854570E-7,-1.460320E-6,1.613191E-6,-1.151448E+2
3.626192E+1,2.627200E+3,2.384200E-7,8.642710E-7,8.965537E-7,7.457781E+1
3.646192E+1,2.636300E+3,4.768410E-7,6.854570E-7,8.350022E-7,5.517544E+1
3.666191E+1,2.647500E+3,1.162300E-6,1.430520E-6,1.843184E-6,5.090608E+1
3.686292E+1,2.666700E+3,2.026570E-6,2.682220E-6,3.361739E-6,5.292688E+1
3.706287E+1,2.687000E+3,1.430520E-6,9.834840E-7,1.735980E-6,3.450856E+1
3.726288E+1,2.697200E+3,1.400720E-6,-2.682230E-7,1.426170E-6,-1.084031E+1
3.746190E+1,2.708200E+3,1.907360E-6,-9.536820E-7,2.132494E-6,-2.656510E+1
3.766188E+1,2.727800E+3,2.294790E-6,-1.609330E-6,2.802856E-6,-3.504188E+1
3.786291E+1,2.738300E+3,8.344690E-7,-1.341110E-6,1.579530E-6,-5.810919E+1
3.806288E+1,2.758600E+3,-1.490120E-6,-1.579530E-6,2.171491E-6,-1.333316E+2
3.826188E+1,2.771500E+3,-2.890840E-6,-1.460320E-6,3.238748E-6,-1.531992E+2
3.846288E+1,2.790900E+3,-9.536820E-7,-1.698740E-6,1.948134E-6,-1.193101E+2
3.866191E+1,2.801500E+3,2.980250E-7,-2.086180E-6,2.107360E-6,-8.186992E+1
3.886288E+1,2.821500E+3,1.132500E-6,-7.152590E-7,1.339459E-6,-3.227549E+1
3.906288E+1,2.831700E+3,5.662480E-7,1.132500E-6,1.266173E-6,6.343503E+1
3.926195E+1,2.852000E+3,3.874320E-7,2.592820E-6,2.621606E-6,8.150146E+1
3.946287E+1,2.861500E+3,-9.238760E-7,2.473610E-6,2.640510E-6,1.104803E+2
3.966188E+1,2.871300E+3,-1.370910E-6,2.741830E-6,3.065457E-6,1.165650E+2
3.986191E+1,2.894800E+3,6.854570E-7,1.668940E-6,1.804221E-6,6.767136E+1
4.006192E+1,2.903900E+3,1.728540E-6,2.443800E-6,2.993327E-6,5.472760E+1
4.026192E+1,2.924900E+3,1.162300E-6,2.861040E-6,3.088121E-6,6.789051E+1
4.046192E+1,2.934400E+3,3.278270E-7,2.563010E-6,2.583891E-6,8.271105E+1
4.066191E+1,2.958300E+3,1.490130E-7,1.609330E-6,1.616214E-6,8.470989E+1
4.086298E+1,2.967400E+3,8.642710E-7,1.579530E-6,1.800522E-6,6.131386E+1
4.106193E+1,2.978500E+3,7.450620E-7,1.281510E-6,1.482358E-6,5.982655E+1
4.126288E+1,3.000600E+3,1.788150E-6,1.430520E-6,2.289949E-6,3.865981E+1
4.146288E+1,3.010900E+3,2.473610E-6,1.281510E-6,2.785860E-6,2.738744E+1
4.166190E+1,3.021900E+3,2.473610E-6,2.264990E-6,3.353942E-6,4.247914E+1
4.186188E+1,3.043600E+3,1.996770E-6,1.817950E-6,2.700376E-6,4.231615E+1
4.206192E+1,3.054900E+3,1.072890E-6,1.460320E-6,1.812078E-6,5.369546E+1
4.226190E+1,3.074200E+3,-2.086170E-7,1.221900E-6,1.239581E-6,9.968878E+1
4.246188E+1,3.085300E+3,3.576300E-7,2.384200E-7,4.298178E-7,3.369007E+1
4.266191E+1,3.106600E+3,7.450620E-7,1.043090E-6,1.281856E-6,5.446241E+1
4.286291E+1,3.117800E+3,1.162300E-6,1.698740E-6,2.058315E-6,5.561956E+1
4.306191E+1,3.137100E+3,2.264990E-6,3.457080E-6,4.132987E-6,5.676821E+1
4.326292E+1,3.148300E+3,2.980250E-6,3.278270E-6,4.430456E-6,4.772627E+1
4.346188E+1,3.167500E+3,3.695500E-6,6.854570E-7,3.758533E-6,1.050804E+1
4.366191E+1,3.178500E+3,3.993540E-6,-2.980250E-7,4.004645E-6,-4.267888E+0
4.386288E+1,3.198200E+3,4.708800E-6,-3.874320E-7,4.724712E-6,-4.703604E+0
4.406192E+1,3.208400E+3,3.695500E-6,-4.768410E-7,3.726137E-6,-7.352414E+0
4.426191E+1,3.217400E+3,7.450620E-7,-6.556550E-7,9.924721E-7,-4.134780E+1
4.446288E+1,3.243600E+3,-3.278270E-7,-2.980250E-8,3.291789E-7,-1.748056E+2
4.466192E+1,3.253700E+3,-1.400720E-6,-2.682230E-7,1.426170E-6,-1.691597E+2
4.486188E+1,3.265800E+3,-5.364450E-7,5.066430E-7,7.378756E-7,1.366366E+2
4.506188E+1,3.286800E+3,1.877550E-6,2.324600E-6,2.988136E-6,5.107263E+1
4.526188E+1,3.298900E+3,2.622620E-6,1.281510E-6,2.918973E-6,2.604186E+1
4.546191E+1,3.309500E+3,3.397480E-6,4.768410E-7,3.430779E-6,7.989355E+0
4.566288E+1,3.332000E+3,4.142550E-6,3.874320E-7,4.160628E-6,5.343046E+0
4.586188E+1,3.341700E+3,3.039850E-6,1.907360E-6,3.588692E-6,3.210630E+1
4.606190E+1,3.365000E+3,2.414000E-6,1.877550E-6,3.058200E-6,3.787490E+1
4.626288E+1,3.374000E+3,2.473610E-6,7.450620E-7,2.583382E-6,1.676253E+1
4.646188E+1,3.385100E+3,2.592820E-6,1.072890E-6,2.806031E-6,2.247942E+1
4.666192E+1,3.404500E+3,1.430520E-6,1.817950E-6,2.313294E-6,5.180128E+1
4.686293E+1,3.415800E+3,1.221900E-6,2.682220E-6,2.947430E-6,6.550810E+1
4.706202E+1,3.437200E+3,2.384200E-6,2.026570E-6,3.129121E-6,4.036454E+1
4.726188E+1,3.448300E+3,2.145780E-6,1.281510E-6,2.499328E-6,3.084664E+1
4.746288E+1,3.467600E+3,2.264990E-6,-7.748640E-7,2.393866E-6,-1.888607E+1
4.766186E+1,3.480600E+3,2.741830E-6,-1.907360E-6,3.340008E-6,-3.482449E+1
4.786192E+1,3.491500E+3,2.235190E-6,-2.324600E-6,3.224878E-6,-4.612333E+1
4.806288E+1,3.511300E+3,-2.384200E-7,-5.364450E-7,5.870412E-7,-1.139625E+2
4.826198E+1,3.521700E+3,2.980250E-7,2.980250E-7,4.214710E-7,4.500000E+1
4.846188E+1,3.541800E+3,2.712030E-6,1.430520E-6,3.066186E-6,2.781039E+1
4.866288E+1,3.551600E+3,2.741830E-6,2.741830E-6,3.877533E-6,4.500000E+1
4.886188E+1,3.572100E+3,1.311310E-6,2.682220E-6,2.985605E-6,6.394646E+1
4.906191E+1,3.581300E+3,-3.576300E-7,1.728540E-6,1.765149E-6,1.016894E+2
4.926288E+1,3.602400E+3,1.788150E-7,6.854570E-7,7.083969E-7,7.537912E+1
4.946288E+1,3.614500E+3,6.556550E-7,-2.384200E-7,6.976586E-7,-1.998311E+1
4.966287E+1,3.635000E+3,-2.622620E-6,-2.086170E-7,2.630904E-6,-1.754520E+2
4.986191E+1,3.644500E+3,-3.933940E-6,3.576300E-7,3.950162E-6,1.748056E+2
5.006188E+1,3.665400E+3,-4.023340E-6,-2.384200E-7,4.030398E-6,-1.766087E+2
5.026192E+1,3.674500E+3,-3.308070E-6,6.556550E-7,3.372419E-6,1.687893E+2
5.046188E+1,3.684700E+3,-2.354400E-6,6.258520E-7,2.436163E-6,1.651138E+2
5.066188E+1,3.704600E+3,-1.937170E-6,-1.788150E-7,1.945405E-6,-1.747261E+2
5.086290E+1,3.715300E+3,-1.251700E-6,-1.311310E-6,1.812812E-6,-1.336677E+2
5.106188E+1,3.737100E+3,-4.470370E-7,-1.579530E-6,1.641572E-6,-1.058025E+2
5.126288E+1,3.747100E+3,5.364450E-7,-1.043090E-6,1.172949E-6,-6.278395E+1
5.146192E+1,3.767100E+3,1.817950E-6,9.238760E-7,2.039237E-6,2.693952E+1
5.166297E+1,3.777600E+3,2.056370E-6,1.698740E-6,2.667279E-6,3.955966E+1
5.186191E+1,3.788300E+3,1.043090E-6,1.877550E-6,2.147843E-6,6.094524E+1
5.206293E+1,3.810000E+3,-5.364450E-7,2.443800E-6,2.501986E-6,1.023808E+2
5.226192E+1,3.821300E+3,-5.066430E-7,2.890840E-6,2.934901E-6,9.994059E+1
5.246196E+1,3.843500E+3,-1.192100E-7,6.556550E-7,6.664042E-7,1.003048E+2
5.266288E+1,3.854500E+3,-1.788150E-7,9.536820E-7,9.703011E-7,1.006196E+2
5.286291E+1,3.863600E+3,0.000000E+0,5.066430E-7,5.066430E-7,9.000000E+1
5.306288E+1,3.887300E+3,2.145780E-6,-1.311310E-6,2.514738E-6,-3.142957E+1
5.326288E+1,3.896800E+3,3.129260E-6,-7.450620E-7,3.216735E-6,-1.339250E+1
5.346292E+1,3.919600E+3,3.606100E-6,-1.519930E-6,3.913329E-6,-2.285487E+1
5.366291E+1,3.930000E+3,3.486890E-6,-2.145780E-6,4.094237E-6,-3.160752E+1
5.386292E+1,3.941900E+3,2.324600E-6,-2.652420E-6,3.526910E-6,-4.876844E+1
5.406292E+1,3.962900E+3,2.592820E-6,-1.043090E-6,2.794772E-6,-2.191490E+1
5.426192E+1,3.971800E+3,2.354400E-6,-2.205390E-6,3.225980E-6,-4.312829E+1
5.446192E+1,3.992700E+3,-1.788150E-7,-3.069650E-6,3.074854E-6,-9.333386E+1
5.466288E+1,4.001700E+3,-1.311310E-6,-1.937170E-6,2.339265E-6,-1.240949E+2
5.486188E+1,4.022800E+3,-1.490130E-7,-3.010050E-6,3.013736E-6,-9.283412E+1
5.506191E+1,4.032100E+3,6.556550E-7,-3.069650E-6,3.138891E-6,-7.794321E+1
5.526293E+1,4.052900E+3,6.556550E-7,-2.503410E-6,2.587846E-6,-7.532361E+1
5.546290E+1,4.065000E+3,1.549730E-6,-2.056370E-6,2.574941E-6,-5.299744E+1
5.566191E+1,4.075900E+3,1.430520E-6,-5.066430E-7,1.517588E-6,-1.950247E+1
5.586288E+1,4.095200E+3,2.086170E-7,1.043090E-6,1.063747E-6,7.869012E+1
5.606188E+1,4.108200E+3,2.086170E-7,1.549730E-6,1.563708E-6,8.233322E+1
5.626191E+1,4.131400E+3,2.354400E-6,9.536820E-7,2.540218E-6,2.205108E+1
5.646288E+1,4.141800E+3,3.308070E-6,7.748640E-7,3.397608E-6,1.318298E+1
5.666288E+1,4.152600E+3,3.933940E-6,1.072890E-6,4.077619E-6,1.525508E+1
5.686292E+1,4.172600E+3,2.682220E-6,1.907360E-6,3.291250E-6,3.541711E+1
5.706288E+1,4.182600E+3,2.414000E-6,2.384200E-6,3.392905E-6,4.464416E+1
5.726188E+1,4.201900E+3,2.354400E-6,9.238760E-7,2.529179E-6,2.142524E+1
5.746188E+1,4.212800E+3,1.758340E-6,5.662480E-7,1.847267E-6,1.785040E+1
5.766188E+1,4.232800E+3,2.175580E-6,3.278270E-7,2.200141E-6,8.569139E+0
5.786188E+1,4.243000E+3,1.877550E-6,5.364450E-7,1.952682E-6,1.594546E+1
5.806291E+1,4.263400E+3,1.579530E-6,1.221900E-6,1.996986E-6,3.772498E+1
5.826288E+1,4.273100E+3,2.980250E-7,2.980250E-7,4.214710E-7,4.500000E+1
5.846191E+1,4.296700E+3,-1.817950E-6,-6.556550E-7,1.932570E-6,-1.601678E+2
5.866189E+1,4.306200E+3,-2.324600E-6,-6.556550E-7,2.415295E-6,-1.642489E+2
5.886292E+1,4.327200E+3,1.162300E-6,-2.056370E-6,2.362117E-6,-6.052403E+1
5.906193E+1,4.336300E+3,2.354400E-6,-2.145780E-6,3.185525E-6,-4.234577E+1
5.926191E+1,4.346800E+3,2.980250E-6,-2.384200E-6,3.816582E-6,-3.865981E+1
5.946192E+1,4.369500E+3,-3.576300E-7,-2.712030E-6,2.735508E-6,-9.751214E+1
5.966291E+1,4.379100E+3,-6.556550E-7,-3.010050E-6,3.080631E-6,-1.022883E+2
5.986191E+1,4.399500E+3,1.341110E-6,-3.457080E-6,3.708096E-6,-6.879716E+1
6.006291E+1,4.409600E+3,2.533210E-6,-4.768400E-6,5.399518E-6,-6.202055E+1
6.026197E+1,4.429600E+3,2.592820E-6,-3.039850E-6,3.995423E-6,-4.953770E+1
6.046291E+1,4.440300E+3,2.890840E-6,-2.712030E-6,3.963844E-6,-4.317208E+1
6.066199E+1,4.459800E+3,1.728540E-6,-3.069650E-6,3.522868E-6,-6.061585E+1
6.086192E+1,4.471000E+3,1.132500E-6,-2.771630E-6,2.994076E-6,-6.777486E+1
6.106197E+1,4.481000E+3,2.980250E-8,-2.175580E-6,2.175784E-6,-8.921518E+1
6.126296E+1,4.503400E+3,2.384200E-7,-1.877550E-6,1.892627E-6,-8.276305E+1
6.146292E+1,4.514200E+3,1.490130E-7,-1.490130E-7,2.107362E-7,-4.500000E+1
6.166187E+1,4.534000E+3,9.238760E-7,-5.960500E-7,1.099465E-6,-3.282858E+1
6.186290E+1,4.544300E+3,2.205390E-6,-5.364450E-7,2.269696E-6,-1.367128E+1
6.206288E+1,4.564600E+3,2.920640E-6,-1.102690E-6,3.121869E-6,-2.068407E+1
6.226192E+1,4.577300E+3,2.205390E-6,-1.251700E-6,2.535843E-6,-2.957769E+1
6.246288E+1,4.586400E+3,1.609330E-6,-1.847750E-6,2.450331E-6,-4.894520E+1
6.266288E+1,4.610100E+3,2.086180E-6,-2.861040E-6,3.540861E-6,-5.390165E+1
6.286292E+1,4.619500E+3,1.758340E-6,-3.159060E-6,3.615442E-6,-6.089959E+1
6.306192E+1,4.642600E+3,2.026570E-6,-3.963740E-6,4.451766E-6,-6.292037E+1
6.326191E+1,4.652900E+3,3.248470E-6,-3.099460E-6,4.489901E-6,-4.365530E+1
6.346288E+1,4.665000E+3,3.427280E-6,-2.086180E-6,4.012281E-6,-3.132881E+1
6.366188E+1,4.686200E+3,3.993540E-6,-1.788150E-7,3.997541E-6,-2.563767E+0
6.386192E+1,4.695700E+3,4.172350E-6,3.874320E-7,4.190299E-6,5.305103E+0
6.406192E+1,4.716500E+3,4.440580E-6,4.768410E-7,4.466109E-6,6.129083E+0
6.426192E+1,4.726500E+3,4.649190E-6,1.192100E-7,4.650718E-6,1.468801E+0
6.446291E+1,4.750000E+3,3.755110E-6,2.980250E-7,3.766918E-6,4.537779E+0
6.466192E+1,4.759200E+3,3.874330E-6,2.384200E-7,3.881659E-6,3.521449E+0
6.486292E+1,4.772000E+3,3.844530E-6,6.258520E-7,3.895138E-6,9.246088E+0
6.506288E+1,4.792000E+3,2.831240E-6,-2.086170E-7,2.838915E-6,-4.214165E+0
6.526192E+1,4.802700E+3,1.490120E-6,-1.370910E-6,2.024809E-6,-4.261405E+1
6.546288E+1,4.822200E+3,1.519930E-6,-2.801430E-6,3.187193E-6,-6.151773E+1
6.566190E+1,4.833400E+3,2.414000E-6,-3.039850E-6,3.881763E-6,-5.154627E+1
6.586188E+1,4.843500E+3,3.606100E-6,-3.516690E-6,5.036970E-6,-4.428082E+1
6.606292E+1,4.865900E+3,2.563010E-6,-2.026570E-6,3.267416E-6,-3.833340E+1
6.626187E+1,4.876600E+3,1.788150E-6,-1.400720E-6,2.271453E-6,-3.807283E+1
6.646292E+1,4.896600E+3,-8.940740E-8,-1.877550E-6,1.879678E-6,-9.272632E+1
6.666292E+1,4.909600E+3,-4.768410E-7,-2.026570E-6,2.081913E-6,-1.032405E+2
6.686191E+1,4.928900E+3,1.460320E-6,-1.251700E-6,1.923353E-6,-4.060123E+1
6.706292E+1,4.939800E+3,8.642710E-7,-1.579530E-6,1.800522E-6,-6.131386E+1
6.726188E+1,4.959400E+3,2.384200E-7,-2.354400E-6,2.366441E-6,-8.421762E+1
6.746188E+1,4.969700E+3,1.609330E-6,-1.996770E-6,2.564573E-6,-5.113235E+1
6.766188E+1,4.978800E+3,2.503410E-6,-2.235190E-6,3.356060E-6,-4.176033E+1
6.786187E+1,5.002600E+3,3.844530E-6,-3.665700E-6,5.312040E-6,-4.363596E+1
6.806189E+1,5.011700E+3,3.635900E-6,-2.712030E-6,4.535954E-6,-3.671938E+1
6.826293E+1,5.036000E+3,3.457080E-6,-2.205390E-6,4.100628E-6,-3.253520E+1
6.846288E+1,5.045100E+3,3.010050E-6,-1.043090E-6,3.185661E-6,-1.911303E+1
6.866288E+1,5.056000E+3,3.278270E-6,-6.556550E-7,3.343193E-6,-1.130995E+1
6.886293E+1,5.075700E+3,3.606100E-6,1.251700E-6,3.817160E-6,1.914221E+1
6.906192E+1,5.088500E+3,2.831240E-6,1.430520E-6,3.172114E-6,2.680577E+1
6.926293E+1,5.108700E+3,9.238760E-7,-5.960500E-7,1.099465E-6,-3.282858E+1
6.946188E+1,5.119100E+3,-2.682230E-7,-1.341110E-6,1.367669E-6,-1.013100E+2
6.966292E+1,5.138600E+3,-4.768410E-7,-2.086170E-7,5.204790E-7,-1.563707E+2
6.986192E+1,5.149500E+3,8.940730E-7,-5.960500E-7,1.074543E-6,-3.369013E+1
7.006292E+1,5.168800E+3,1.758340E-6,-7.450620E-7,1.909680E-6,-2.296385E+1
7.026189E+1,5.180000E+3,2.235190E-6,-8.344690E-7,2.385878E-6,-2.047224E+1
7.046192E+1,5.199300E+3,4.023340E-6,-7.748640E-7,4.097277E-6,-1.090125E+1
7.066186E+1,5.210500E+3,3.814730E-6,-7.748640E-7,3.892631E-6,-1.148195E+1
7.086288E+1,5.229900E+3,5.006820E-6,1.013290E-6,5.108327E-6,1.144110E+1
7.106192E+1,5.243000E+3,5.751880E-6,1.430520E-6,5.927100E-6,1.396638E+1
7.126291E+1,5.252900E+3,5.722080E-6,1.549730E-6,5.928226E-6,1.515407E+1
7.146288E+1,5.273500E+3,4.112750E-6,2.980250E-7,4.123534E-6,4.144619E+0
7.166293E+1,5.282900E+3,4.202160E-6,-2.980250E-7,4.212715E-6,-4.056731E+0
7.186192E+1,5.304000E+3,3.218670E-6,-1.162300E-6,3.422101E-6,-1.985525E+1
7.206191E+1,5.313200E+3,2.533210E-6,-1.549730E-6,2.969649E-6,-3.145685E+1
7.226192E+1,5.334400E+3,4.261760E-6,-2.861040E-6,5.133045E-6,-3.387458E+1
7.246195E+1,5.343300E+3,4.828010E-6,-2.443800E-6,5.411270E-6,-2.684722E+1
7.266188E+1,5.364300E+3,5.245240E-6,1.877550E-6,5.571152E-6,1.969499E+1
7.286188E+1,5.373400E+3,5.006820E-6,3.129260E-6,5.904279E-6,3.200536E+1
7.306188E+1,5.394200E+3,7.212190E-6,2.115980E-6,7.516186E-6,1.635113E+1
7.326189E+1,5.406200E+3,7.659260E-6,2.264990E-6,7.987142E-6,1.647396E+1
7.346191E+1,5.427500E+3,5.990300E-6,1.490120E-6,6.172856E-6,1.396911E+1
7.366304E+1,5.436600E+3,5.871090E-6,1.758340E-6,6.128740E-6,1.667250E+1
7.386192E+1,5.457700E+3,7.808270E-6,1.937170E-6,8.044980E-6,1.393331E+1
7.406188E+1,5.467200E+3,8.761940E-6,1.162300E-6,8.838695E-6,7.556356E+0
7.426288E+1,5.487800E+3,1.281510E-5,1.341110E-6,1.288508E-5,5.974301E+0
7.446292E+1,5.497200E+3,1.367930E-5,1.579530E-6,1.377019E-5,6.586695E+0
7.466192E+1,5.508400E+3,1.373890E-5,1.549730E-6,1.382603E-5,6.435686E+0
7.486292E+1,5.527700E+3,1.549730E-5,4.470370E-7,1.550375E-5,1.652303E+0
7.506292E+1,5.538900E+3,1.636160E-5,4.768410E-7,1.636855E-5,1.669351E+0
7.526192E+1,5.561100E+3,1.695760E-5,-4.172340E-7,1.696273E-5,-1.409452E+0
7.546192E+1,5.572400E+3,1.695760E-5,-3.278270E-7,1.696077E-5,-1.107513E+0
7.566292E+1,5.581500E+3,1.654040E-5,2.682230E-7,1.654257E-5,9.290404E-1
7.586192E+1,5.604900E+3,1.928220E-5,7.450620E-7,1.929659E-5,2.212802E+0
7.606192E+1,5.614800E+3,1.895440E-5,8.940730E-7,1.897547E-5,2.700622E+0
7.626192E+1,5.637600E+3,2.074250E-5,-1.192100E-6,2.077673E-5,-3.289249E+0
7.646292E+1,5.648300E+3,2.190480E-5,-1.192100E-7,2.190512E-5,-3.118112E-1
7.666297E+1,5.657400E+3,2.339490E-5,5.960500E-7,2.340249E-5,1.459453E+0
7.686192E+1,5.681600E+3,2.491490E-5,2.622620E-6,2.505255E-5,6.009004E+0
7.706192E+1,5.690700E+3,2.622620E-5,2.205390E-6,2.631876E-5,4.806756E+0
7.726292E+1,5.714000E+3,2.902760E-5,1.400720E-6,2.906138E-5,2.762651E+0
7.746195E+1,5.723800E+3,2.914680E-5,1.341110E-6,2.917764E-5,2.634450E+0
7.766189E+1,5.733300E+3,2.911700E-5,1.490120E-6,2.915510E-5,2.929669E+0
7.786195E+1,5.753800E+3,3.138210E-5,1.490130E-7,3.138245E-5,2.720580E-1
7.806188E+1,5.775000E+3,3.439210E-5,-1.668940E-6,3.443257E-5,-2.778204E+0
7.826188E+1,5.784100E+3,3.549480E-5,-1.072890E-6,3.551101E-5,-1.731334E+0
7.846288E+1,5.794700E+3,3.537560E-5,-1.043090E-6,3.539098E-5,-1.688942E+0
7.866192E+1,5.814500E+3,3.650810E-5,-1.937170E-6,3.655946E-5,-3.037344E+0
7.886197E+1,5.827300E+3,3.773000E-5,-9.834840E-7,3.774282E-5,-1.493155E+0
7.906192E+1,5.850800E+3,4.237910E-5,-2.235190E-6,4.243800E-5,-3.019139E+0
7.926292E+1,5.860800E+3,4.360100E-5,-2.443800E-6,4.366943E-5,-3.208025E+0
7.946191E+1,5.881000E+3,4.228970E-5,-3.278270E-6,4.241657E-5,-4.432667E+0
7.966188E+1,5.891700E+3,4.228970E-5,-2.205390E-6,4.234717E-5,-2.985247E+0
7.986289E+1,5.904700E+3,4.327320E-5,-1.639140E-6,4.330423E-5,-2.169262E+0
8.006188E+1,5.924000E+3,4.503150E-5,-1.639140E-6,4.506132E-5,-2.084638E+0
8.026188E+1,5.935300E+3,4.598520E-5,-8.344690E-7,4.599277E-5,-1.039602E+0
8.046288E+1,5.954600E+3,4.848860E-5,-1.788150E-7,4.848893E-5,-2.112929E-1
8.066288E+1,5.965400E+3,4.979990E-5,4.172340E-7,4.980165E-5,4.800248E-1
8.086192E+1,5.974300E+3,5.266090E-5,4.768410E-7,5.266306E-5,5.187954E-1
8.106192E+1,5.998000E+3,5.561140E-5,-5.960500E-7,5.561459E-5,-6.140799E-1
8.126292E+1,6.007200E+3,5.707170E-5,-2.682230E-7,5.707233E-5,-2.692741E-1
8.146192E+1,6.030400E+3,6.008170E-5,7.450620E-7,6.008632E-5,7.104779E-1
8.166292E+1,6.040500E+3,6.112500E-5,3.874320E-7,6.112623E-5,3.631562E-1
8.186192E+1,6.052400E+3,6.151250E-5,2.980250E-7,6.151322E-5,2.775930E-1
8.206289E+1,6.073800E+3,6.356880E-5,-5.960510E-8,6.356883E-5,-5.372321E-2
8.226192E+1,6.085800E+3,6.482050E-5,1.430520E-6,6.483628E-5,1.264252E+0
8.246297E+1,6.095400E+3,6.640000E-5,2.563010E-6,6.644945E-5,2.210494E+0
8.266192E+1,6.119100E+3,6.774110E-5,1.072890E-6,6.774960E-5,9.073802E-1
8.286291E+1,6.128400E+3,6.765170E-5,3.874320E-7,6.765281E-5,3.281215E-1
8.306188E+1,6.152700E+3,6.777090E-5,-1.817950E-6,6.779528E-5,-1.536587E+0
8.326289E+1,6.161900E+3,6.800940E-5,-2.235190E-6,6.804612E-5,-1.882400E+0
8.346288E+1,6.173100E+3,6.893320E-5,-3.516690E-6,6.902285E-5,-2.920465E+0
8.366197E+1,6.195000E+3,7.307580E-5,-4.559780E-6,7.321792E-5,-3.570510E+0
8.386292E+1,6.207500E+3,7.280750E-5,-2.652420E-6,7.285580E-5,-2.086396E+0
8.406292E+1,6.228300E+3,7.388040E-5,-1.102690E-6,7.388863E-5,-8.550954E-1
8.426187E+1,6.238200E+3,7.417840E-5,-1.996770E-6,7.420527E-5,-1.541943E+0
8.446192E+1,6.258800E+3,7.379100E-5,-2.861040E-6,7.384644E-5,-2.220372E+0
8.466292E+1,6.269100E+3,7.402940E-5,-2.890840E-6,7.408582E-5,-2.236258E+0
8.486192E+1,6.280100E+3,7.438710E-5,-3.427280E-6,7.446601E-5,-2.637956E+0
8.506192E+1,6.300200E+3,7.456590E-5,-2.861040E-6,7.462077E-5,-2.197320E+0
8.526292E+1,6.310700E+3,7.432750E-5,-2.026570E-6,7.435512E-5,-1.561806E+0
8.546193E+1,6.333000E+3,7.414860E-5,-2.264990E-6,7.418319E-5,-1.749649E+0
8.566292E+1,6.344200E+3,7.510230E-5,-1.251700E-6,7.511273E-5,-9.548375E-1
8.586193E+1,6.353200E+3,7.662220E-5,-5.960510E-8,7.662222E-5,-4.457090E-2
8.606307E+1,6.376900E+3,7.721830E-5,7.450620E-7,7.722189E-5,5.528169E-1
8.626193E+1,6.386300E+3,7.689050E-5,2.384200E-7,7.689087E-5,1.776606E-1
8.646288E+1,6.409400E+3,7.730770E-5,-5.960500E-7,7.731000E-5,-4.417474E-1
8.666189E+1,6.419700E+3,7.632420E-5,-5.066430E-7,7.632588E-5,-3.803260E-1
8.686188E+1,6.431700E+3,7.492350E-5,-5.960500E-7,7.492587E-5,-4.558040E-1
8.706191E+1,6.452700E+3,7.355260E-5,-2.473610E-6,7.359418E-5,-1.926159E+0
8.726188E+1,6.464600E+3,7.337380E-5,-2.712030E-6,7.342390E-5,-2.116793E+0
8.746188E+1,6.475000E+3,7.462550E-5,-2.533210E-6,7.466848E-5,-1.944195E+0
8.766292E+1,6.495000E+3,7.474470E-5,-1.400720E-6,7.475782E-5,-1.073601E+0
8.786291E+1,6.516200E+3,7.411880E-5,0.000000E+0,7.411880E-5,0.000000E+0
8.806198E+1,6.525400E+3,7.438710E-5,1.430520E-6,7.440085E-5,1.101705E+0
8.826192E+1,6.546300E+3,7.545990E-5,1.490120E-6,7.547461E-5,1.131283E+0
8.846192E+1,6.555400E+3,7.590700E-5,3.278270E-7,7.590771E-5,2.474474E-1
8.866191E+1,6.566400E+3,7.593680E-5,-1.162300E-6,7.594569E-5,-8.769093E-1
8.886288E+1,6.588800E+3,7.551960E-5,-2.950440E-6,7.557721E-5,-2.237324E+0
8.906192E+1,6.600000E+3,7.534070E-5,-3.516690E-6,7.542273E-5,-2.672465E+0
8.926292E+1,6.619400E+3,7.474470E-5,-4.142550E-6,7.485941E-5,-3.172239E+0
8.946291E+1,6.630700E+3,7.399960E-5,-3.278270E-6,7.407218E-5,-2.536612E+0
8.966192E+1,6.649400E+3,7.352280E-5,-2.324600E-6,7.355954E-5,-1.810941E+0
8.986189E+1,6.660600E+3,7.292670E-5,-2.414000E-6,7.296664E-5,-1.895897E+0
9.006291E+1,6.670600E+3,7.203270E-5,-2.086180E-6,7.206290E-5,-1.658912E+0
9.026192E+1,6.693900E+3,7.098960E-5,-4.470370E-7,7.099101E-5,-3.607993E-1
9.046192E+1,6.706600E+3,7.185390E-5,2.980250E-8,7.185391E-5,2.376430E-2
9.066192E+1,6.726400E+3,7.215190E-5,-4.768410E-7,7.215348E-5,-3.786536E-1
9.086192E+1,6.736900E+3,7.185390E-5,-9.238760E-7,7.185984E-5,-7.366515E-1
9.106288E+1,6.757300E+3,7.498310E-5,-6.556550E-7,7.498597E-5,-5.009837E-1
9.126188E+1,6.767400E+3,7.540030E-5,2.980250E-8,7.540031E-5,2.264656E-2
9.146191E+1,6.788300E+3,7.295660E-5,-6.258520E-7,7.295928E-5,-4.914949E-1
9.166187E+1,6.797700E+3,7.423810E-5,-2.682230E-7,7.423858E-5,-2.070093E-1
9.186192E+1,6.818900E+3,7.489370E-5,-9.536820E-7,7.489977E-5,-7.295540E-1
9.206192E+1,6.828100E+3,7.405920E-5,2.980250E-8,7.405921E-5,2.305665E-2
9.226188E+1,6.849300E+3,7.376120E-5,-5.662480E-7,7.376337E-5,-4.398381E-1
9.246293E+1,6.858400E+3,7.328440E-5,-1.639140E-6,7.330273E-5,-1.281312E+0
9.266191E+1,6.879500E+3,7.295660E-5,-1.639140E-6,7.297501E-5,-1.287067E+0
9.286297E+1,6.888700E+3,7.364200E-5,-2.145780E-6,7.367326E-5,-1.669012E+0
9.306192E+1,6.899800E+3,7.394000E-5,-2.175580E-6,7.397200E-5,-1.685361E+0
9.326189E+1,6.919000E+3,7.420820E-5,-9.834840E-7,7.421472E-5,-7.592986E-1
9.346288E+1,6.939600E+3,7.525130E-5,7.748640E-7,7.525529E-5,5.899548E-1
9.366290E+1,6.948900E+3,7.587720E-5,1.579530E-6,7.589364E-5,1.192550E+0
9.386189E+1,6.970000E+3,7.572820E-5,2.294790E-6,7.576296E-5,1.735702E+0
9.406289E+1,6.979800E+3,7.566860E-5,1.221900E-6,7.567847E-5,9.251345E-1
9.426288E+1,7.000600E+3,7.602620E-5,-1.132500E-6,7.603463E-5,-8.534252E-1
9.446191E+1,7.010900E+3,7.602620E-5,-1.758340E-6,7.604653E-5,-1.324905E+0
9.466192E+1,7.022000E+3,7.504270E-5,-1.221900E-6,7.505265E-5,-9.328493E-1
9.486191E+1,7.041900E+3,7.453610E-5,-1.221900E-6,7.454611E-5,-9.391884E-1
9.506192E+1,7.052300E+3,7.411880E-5,-6.556550E-7,7.412170E-5,-5.068253E-1
9.526291E+1,7.072500E+3,7.420820E-5,5.066430E-7,7.420993E-5,3.911705E-1
9.546288E+1,7.082400E+3,7.429770E-5,8.642710E-7,7.430273E-5,6.664654E-1
9.566188E+1,7.103000E+3,7.522150E-5,9.834840E-7,7.522793E-5,7.490714E-1
9.586193E+1,7.112400E+3,7.540030E-5,1.072890E-6,7.540793E-5,8.152212E-1
9.606289E+1,7.133500E+3,7.537050E-5,-2.443800E-6,7.541011E-5,-1.857098E+0
9.626288E+1,7.145800E+3,7.477450E-5,-2.503410E-6,7.481639E-5,-1.917516E+0
9.646192E+1,7.166400E+3,7.477450E-5,-1.162300E-6,7.478353E-5,-8.905379E-1
9.666288E+1,7.176000E+3,7.531090E-5,-1.609330E-6,7.532809E-5,-1.224176E+0
9.686192E+1,7.197000E+3,7.608580E-5,-1.043090E-6,7.609295E-5,-7.854411E-1
9.706192E+1,7.206300E+3,7.587720E-5,1.341110E-6,7.588905E-5,1.012583E+0
9.726292E+1,7.218500E+3,7.504270E-5,1.996770E-6,7.506926E-5,1.524192E+0
9.746191E+1,7.239600E+3,7.581760E-5,-2.384200E-7,7.581797E-5,-1.801747E-1
9.766192E+1,7.251500E+3,7.778450E-5,-1.460320E-6,7.779821E-5,-1.075540E+0
9.786192E+1,7.261900E+3,8.025810E-5,-1.758340E-6,8.027736E-5,-1.255068E+0
9.806192E+1,7.284600E+3,7.906600E-5,-3.874320E-7,7.906695E-5,-2.807533E-1
9.826292E+1,7.295400E+3,7.760570E-5,6.258520E-7,7.760822E-5,4.620524E-1
9.846191E+1,7.317800E+3,7.754610E-5,1.609330E-6,7.756280E-5,1.188900E+0
9.866191E+1,7.327800E+3,7.835080E-5,3.874320E-7,7.835176E-5,2.833160E-1
9.886292E+1,7.338900E+3,7.903620E-5,-6.258520E-7,7.903868E-5,-4.536899E-1
9.906293E+1,7.358300E+3,8.124160E-5,-1.043090E-6,8.124830E-5,-7.356006E-1
9.926188E+1,7.369000E+3,8.207610E-5,6.556550E-7,8.207872E-5,4.576907E-1
9.946288E+1,7.390700E+3,8.177800E-5,8.940730E-7,8.178289E-5,6.263857E-1
9.966288E+1,7.401900E+3,8.308930E-5,1.043090E-6,8.309585E-5,7.192444E-1
9.986191E+1,7.414300E+3,8.463910E-5,1.609330E-6,8.465440E-5,1.089292E+0
1.000619E+2,7.434700E+3,8.705300E-5,3.099460E-6,8.710816E-5,2.039114E+0
1.002619E+2,7.447700E+3,8.824510E-5,4.351170E-6,8.835231E-5,2.822842E+0
1.004619E+2,7.467200E+3,9.053990E-5,4.202160E-6,9.063736E-5,2.657319E+0
1.006619E+2,7.478000E+3,9.068890E-5,3.874330E-6,9.077162E-5,2.446252E+0
1.008629E+2,7.498400E+3,9.101680E-5,2.473610E-6,9.105041E-5,1.556773E+0
1.010629E+2,7.508700E+3,9.188100E-5,1.043090E-6,9.188692E-5,6.504292E-1
1.012620E+2,7.529500E+3,9.536790E-5,-9.834840E-7,9.537297E-5,-5.908433E-1
1.014619E+2,7.539200E+3,9.700700E-5,-1.519930E-6,9.701891E-5,-8.976512E-1
1.016629E+2,7.549000E+3,9.942100E-5,-2.145780E-6,9.944415E-5,-1.236409E+0
1.018629E+2,7.572700E+3,1.015370E-4,-3.188860E-6,1.015871E-4,-1.798834E+0
1.020619E+2,7.581800E+3,1.005240E-4,-3.129260E-6,1.005727E-4,-1.783012E+0
1.022620E+2,7.606000E+3,9.873560E-5,-3.159060E-6,9.878612E-5,-1.832562E+0
1.024619E+2,7.615200E+3,9.909320E-5,-3.367680E-6,9.915041E-5,-1.946447E+0
1.026629E+2,7.636000E+3,1.008220E-4,-2.026570E-6,1.008424E-4,-1.151517E+0
1.028619E+2,7.645900E+3,1.019240E-4,-1.609330E-6,1.019367E-4,-9.045971E-1
1.030629E+2,7.659000E+3,1.029080E-4,-1.549730E-6,1.029197E-4,-8.627733E-1
1.032629E+2,7.678600E+3,1.068420E-4,-6.854570E-7,1.068442E-4,-3.675826E-1
1.034629E+2,7.691600E+3,1.076170E-4,-3.576300E-7,1.076176E-4,-1.904031E-1
1.036629E+2,7.702700E+3,1.087190E-4,-1.788150E-7,1.087191E-4,-9.423685E-2
1.038619E+2,7.724300E+3,1.074680E-4,8.940730E-7,1.074717E-4,4.766575E-1
1.040619E+2,7.735700E+3,1.080340E-4,3.874320E-7,1.080347E-4,2.054735E-1
1.042619E+2,7.755200E+3,1.084510E-4,-5.364450E-7,1.084523E-4,-2.834071E-1
1.044629E+2,7.766500E+3,1.101500E-4,-1.609330E-6,1.101618E-4,-8.370518E-1
1.046619E+2,7.786000E+3,1.119680E-4,-1.639140E-6,1.119800E-4,-8.387137E-1
1.048620E+2,7.797000E+3,1.126230E-4,-1.251700E-6,1.126300E-4,-6.367631E-1
1.050619E+2,7.816900E+3,1.137260E-4,7.450620E-7,1.137284E-4,3.753609E-1
1.052619E+2,7.827400E+3,1.145900E-4,1.162300E-6,1.145959E-4,5.811380E-1
1.054619E+2,7.836500E+3,1.146200E-4,1.728540E-6,1.146330E-4,8.639901E-1
1.056619E+2,7.860700E+3,1.179880E-4,5.960500E-7,1.179895E-4,2.894435E-1
1.058619E+2,7.869800E+3,1.191800E-4,-1.490130E-7,1.191801E-4,-7.163796E-2
1.060629E+2,7.891000E+3,1.190910E-4,-3.278270E-7,1.190915E-4,-1.577202E-1
1.062629E+2,7.900100E+3,1.211170E-4,-7.450620E-7,1.211193E-4,-3.524556E-1
1.064619E+2,7.921400E+3,1.230250E-4,1.788150E-7,1.230251E-4,8.327850E-2
1.066619E+2,7.930600E+3,1.242770E-4,0.000000E+0,1.242770E-4,0.000000E+0
1.068629E+2,7.951600E+3,1.238590E-4,-1.221900E-6,1.238650E-4,-5.652189E-1
1.070629E+2,7.961400E+3,1.240080E-4,-2.443800E-6,1.240321E-4,-1.128970E+0
1.072629E+2,7.981800E+3,1.255880E-4,-3.099460E-6,1.256262E-4,-1.413749E+0
1.074619E+2,7.992100E+3,1.265710E-4,-4.231960E-6,1.266417E-4,-1.914998E+0
1.076629E+2,8.015200E+3,1.307140E-4,-5.364450E-6,1.308240E-4,-2.350077E+0
1.078619E+2,8.024800E+3,1.308630E-4,-4.619390E-6,1.309445E-4,-2.021669E+0
1.080619E+2,8.036100E+3,1.312210E-4,-4.321370E-6,1.312921E-4,-1.886183E+0
1.082629E+2,8.057600E+3,1.334860E-4,-3.993540E-6,1.335457E-4,-1.713624E+0
1.084619E+2,8.068700E+3,1.349460E-4,-4.589590E-6,1.350240E-4,-1.947911E+0
1.086629E+2,8.081700E+3,1.374490E-4,-5.185630E-6,1.375468E-4,-2.160611E+0
1.088619E+2,8.101400E+3,1.386410E-4,-4.082950E-6,1.387011E-4,-1.686862E+0
1.090619E+2,8.115200E+3,1.397740E-4,-3.635900E-6,1.398213E-4,-1.490082E+0
1.092619E+2,8.124500E+3,1.404890E-4,-2.980250E-6,1.405206E-4,-1.215256E+0
1.094619E+2,8.148300E+3,1.434400E-4,-3.159060E-6,1.434748E-4,-1.261653E+0
1.096619E+2,8.158000E+3,1.451080E-4,-3.010050E-6,1.451392E-4,-1.188345E+0
1.098629E+2,8.181000E+3,1.475220E-4,-2.861040E-6,1.475497E-4,-1.111054E+0
1.100619E+2,8.191300E+3,1.482670E-4,-2.652420E-6,1.482907E-4,-1.024883E+0
1.102619E+2,8.211700E+3,1.505620E-4,-2.354400E-6,1.505804E-4,-8.958847E-1
1.104629E+2,8.221600E+3,1.519330E-4,-1.341110E-6,1.519389E-4,-5.057357E-1
1.106619E+2,8.242300E+3,1.531550E-4,-9.238760E-7,1.531578E-4,-3.456208E-1
1.108619E+2,8.251700E+3,1.535130E-4,-6.854570E-7,1.535145E-4,-2.558320E-1
1.110629E+2,8.264000E+3,1.534830E-4,-1.758340E-6,1.534931E-4,-6.563662E-1
1.112619E+2,8.285200E+3,1.519030E-4,-1.519930E-6,1.519106E-4,-5.732781E-1
1.114629E+2,8.297300E+3,1.511880E-4,-1.192100E-7,1.511880E-4,-4.517705E-2
1.116629E+2,8.307700E+3,1.510690E-4,-4.470370E-7,1.510697E-4,-1.695468E-1
1.118619E+2,8.330800E+3,1.523210E-4,3.278270E-7,1.523214E-4,1.233124E-1
1.120619E+2,8.340500E+3,1.529170E-4,0.000000E+0,1.529170E-4,0.000000E+0
1.122629E+2,8.361200E+3,1.520230E-4,-1.400720E-6,1.520295E-4,-5.279009E-1
1.124619E+2,8.371400E+3,1.518440E-4,-1.251700E-6,1.518492E-4,-4.722973E-1
1.126629E+2,8.391700E+3,1.504130E-4,-2.563010E-6,1.504348E-4,-9.762151E-1
1.128629E+2,8.402300E+3,1.499660E-4,-3.486890E-6,1.500065E-4,-1.331956E+0
1.130619E+2,8.422100E+3,1.457040E-4,-3.218670E-6,1.457395E-4,-1.265485E+0
1.132619E+2,8.433100E+3,1.435890E-4,-4.321370E-6,1.436540E-4,-1.723820E+0
1.134629E+2,8.443300E+3,1.412040E-4,-5.126030E-6,1.412970E-4,-2.079056E+0
1.136629E+2,8.465800E+3,1.339030E-4,-6.705550E-6,1.340708E-4,-2.866844E+0
1.138629E+2,8.476700E+3,1.315480E-4,-6.943970E-6,1.317311E-4,-3.021644E+0
1.140629E+2,8.498800E+3,1.247830E-4,-4.023340E-6,1.248478E-4,-1.846731E+0
1.142619E+2,8.510100E+3,1.209680E-4,-4.023340E-6,1.210349E-4,-1.904929E+0
1.144629E+2,8.519600E+3,1.160810E-4,-3.665700E-6,1.161389E-4,-1.808732E+0
1.146630E+2,8.542900E+3,1.073480E-4,-2.920640E-6,1.073877E-4,-1.558474E+0
1.148629E+2,8.553100E+3,1.018050E-4,-4.321370E-6,1.018967E-4,-2.430605E+0
1.150629E+2,8.576800E+3,8.690400E-5,-2.920640E-6,8.695306E-5,-1.924853E+0
1.152629E+2,8.586800E+3,7.894680E-5,-3.278270E-6,7.901484E-5,-2.377844E+0
1.154619E+2,8.607900E+3,6.693650E-5,-1.758340E-6,6.695959E-5,-1.504744E+0
1.156619E+2,8.617200E+3,6.112500E-5,-2.086170E-7,6.112536E-5,-1.955473E-1
1.158619E+2,8.638400E+3,4.407790E-5,-4.768410E-7,4.408048E-5,-6.198097E-1
1.160629E+2,8.647700E+3,3.510740E-5,-2.086170E-7,3.510802E-5,-3.404619E-1
1.162619E+2,8.668600E+3,1.758350E-5,2.086170E-7,1.758474E-5,6.797460E-1
1.164619E+2,8.677900E+3,8.881150E-6,3.874320E-7,8.889597E-6,2.497892E+0
1.166629E+2,8.688100E+3,-1.996770E-6,-1.788150E-7,2.004761E-6,-1.748827E+2
1.168629E+2,8.711300E+3,-2.157700E-5,-3.874320E-7,2.158048E-5,-1.789713E+2
1.170619E+2,8.721600E+3,-3.188870E-5,1.162300E-6,3.190988E-5,1.779126E+2
1.172619E+2,8.741600E+3,-5.117080E-5,3.814730E-6,5.131280E-5,1.757365E+2
1.174619E+2,8.751500E+3,-6.157210E-5,4.440580E-6,6.173202E-5,1.758750E+2
1.176629E+2,8.771800E+3,-8.371520E-5,1.609330E-6,8.373067E-5,1.788987E+2
1.178629E+2,8.782300E+3,-9.349040E-5,7.450620E-7,9.349337E-5,1.795434E+2
1.180629E+2,8.802300E+3,-1.144710E-4,0.000000E+0,1.144710E-4,1.800000E+2
1.182629E+2,8.813300E+3,-1.235320E-4,9.238760E-7,1.235355E-4,1.795715E+2
1.184629E+2,8.833000E+3,-1.426650E-4,1.072890E-6,1.426690E-4,1.795691E+2
1.186619E+2,8.844300E+3,-1.499360E-4,1.549730E-6,1.499440E-4,1.794078E+2
1.188629E+2,8.854100E+3,-1.609930E-4,1.907360E-6,1.610043E-4,1.793212E+2
1.190619E+2,8.876900E+3,-1.776230E-4,3.397480E-6,1.776555E-4,1.789042E+2
1.192629E+2,8.890500E+3,-1.860870E-4,4.380970E-6,1.861386E-4,1.786514E+2
1.194619E+2,8.910500E+3,-1.995570E-4,5.781680E-6,1.996407E-4,1.783405E+2
1.196630E+2,8.920700E+3,-2.064710E-4,5.692270E-6,2.065495E-4,1.784208E+2
1.198619E+2,8.932700E+3,-2.126700E-4,5.871090E-6,2.127510E-4,1.784187E+2
1.200628E+2,8.956000E+3,-2.234590E-4,5.900890E-6,2.235369E-4,1.784873E+2
1.202629E+2,8.966000E+3,-2.279890E-4,6.258520E-6,2.280749E-4,1.784276E+2
1.204629E+2,8.986700E+3,-2.360650E-4,5.334640E-6,2.361253E-4,1.787054E+2
1.206629E+2,8.996200E+3,-2.390160E-4,5.155830E-6,2.390716E-4,1.787643E+2
1.208629E+2,9.017500E+3,-2.449770E-4,6.943970E-6,2.450754E-4,1.783764E+2
1.210619E+2,9.026700E+3,-2.485230E-4,4.678990E-6,2.485670E-4,1.789214E+2
1.212629E+2,9.048100E+3,-2.519800E-4,5.275040E-6,2.520352E-4,1.788007E+2
1.214619E+2,9.057200E+3,-2.526960E-4,5.245240E-6,2.527504E-4,1.788109E+2
1.216619E+2,9.078700E+3,-2.548420E-4,7.540020E-6,2.549535E-4,1.783053E+2
1.218629E+2,9.088000E+3,-2.559140E-4,6.645950E-6,2.560003E-4,1.785124E+2
1.220619E+2,9.099200E+3,-2.577920E-4,7.063180E-6,2.578887E-4,1.784306E+2
1.222619E+2,9.118600E+3,-2.616360E-4,7.629450E-6,2.617472E-4,1.783297E+2
1.224629E+2,9.131800E+3,-2.627090E-4,8.046690E-6,2.628322E-4,1.782456E+2
1.226629E+2,9.151500E+3,-2.625900E-4,8.910950E-6,2.627412E-4,1.780564E+2
1.228619E+2,9.162700E+3,-2.627090E-4,8.612930E-6,2.628501E-4,1.781222E+2
1.230629E+2,9.182300E+3,-2.604150E-4,7.927480E-6,2.605356E-4,1.782564E+2
1.232629E+2,9.193700E+3,-2.602060E-4,7.867870E-6,2.603249E-4,1.782681E+2
1.234629E+2,9.213300E+3,-2.581790E-4,4.947210E-6,2.582264E-4,1.789022E+2
1.236629E+2,9.224600E+3,-2.588050E-4,5.990300E-6,2.588743E-4,1.786741E+2
1.238629E+2,9.244300E+3,-2.532020E-4,7.480410E-6,2.533125E-4,1.783078E+2
1.240629E+2,9.257500E+3,-2.517720E-4,8.493720E-6,2.519152E-4,1.780678E+2
1.242619E+2,9.267200E+3,-2.486130E-4,8.523520E-6,2.487591E-4,1.780364E+2
1.244619E+2,9.290100E+3,-2.469740E-4,9.954030E-6,2.471745E-4,1.776920E+2
1.246619E+2,9.300700E+3,-2.456030E-4,1.001360E-5,2.458070E-4,1.776653E+2
1.248619E+2,9.321000E+3,-2.428600E-4,1.117590E-5,2.431170E-4,1.773652E+2
1.250619E+2,9.331000E+3,-2.401480E-4,1.117590E-5,2.404079E-4,1.773355E+2
1.252629E+2,9.351700E+3,-2.360950E-4,1.177200E-5,2.363883E-4,1.771455E+2
1.254619E+2,9.361300E+3,-2.335320E-4,1.102690E-5,2.337922E-4,1.772966E+2
1.256629E+2,9.373300E+3,-2.304620E-4,9.208980E-6,2.306459E-4,1.777118E+2
1.258619E+2,9.394500E+3,-2.253060E-4,8.344710E-6,2.254605E-4,1.778789E+2
1.260629E+2,9.403800E+3,-2.228030E-4,9.030160E-6,2.229859E-4,1.776791E+2
1.262619E+2,9.425000E+3,-2.173790E-4,7.629450E-6,2.175128E-4,1.779899E+2
1.264619E+2,9.434800E+3,-2.134150E-4,7.271800E-6,2.135389E-4,1.780485E+2
1.266619E+2,9.455400E+3,-2.093030E-4,6.347920E-6,2.093992E-4,1.782628E+2
1.268619E+2,9.465700E+3,-2.073950E-4,5.781680E-6,2.074756E-4,1.784031E+2
1.270619E+2,9.486000E+3,-2.008980E-4,3.755110E-6,2.009331E-4,1.789292E+2
1.272629E+2,9.496800E+3,-1.982460E-4,3.546490E-6,1.982777E-4,1.789751E+2
1.274629E+2,9.516600E+3,-1.926730E-4,3.576290E-6,1.927062E-4,1.789366E+2
1.276619E+2,9.527800E+3,-1.904970E-4,4.380970E-6,1.905474E-4,1.786826E+2
1.278619E+2,9.547400E+3,-1.839410E-4,3.874330E-6,1.839818E-4,1.787934E+2
1.280619E+2,9.560600E+3,-1.800960E-4,3.725300E-6,1.801345E-4,1.788150E+2
1.282619E+2,9.571300E+3,-1.776820E-4,3.427280E-6,1.777151E-4,1.788950E+2
1.284630E+2,9.591400E+3,-1.718710E-4,2.264990E-6,1.718859E-4,1.792450E+2
1.286619E+2,9.601700E+3,-1.680560E-4,1.430520E-6,1.680621E-4,1.795123E+2
1.288629E+2,9.622200E+3,-1.614700E-4,1.341110E-6,1.614756E-4,1.795241E+2
1.290619E+2,9.632100E+3,-1.584600E-4,1.609330E-6,1.584682E-4,1.794181E+2
1.292619E+2,9.653300E+3,-1.542580E-4,2.473610E-6,1.542778E-4,1.790813E+2
1.294619E+2,9.662600E+3,-1.515160E-4,3.129260E-6,1.515483E-4,1.788168E+2
1.296619E+2,9.684000E+3,-1.451080E-4,6.496940E-6,1.452534E-4,1.774364E+2
1.298619E+2,9.693200E+3,-1.433200E-4,6.914170E-6,1.434867E-4,1.772380E+2
1.300629E+2,9.714600E+3,-1.365850E-4,6.318120E-6,1.367311E-4,1.773515E+2
1.302621E+2,9.723800E+3,-1.347070E-4,5.126030E-6,1.348045E-4,1.778208E+2
1.304619E+2,9.747900E+3,-1.283000E-4,3.188860E-6,1.283396E-4,1.785762E+2
1.306619E+2,9.757200E+3,-1.245150E-4,3.039850E-6,1.245521E-4,1.786015E+2
1.308629E+2,9.767800E+3,-1.218030E-4,3.099460E-6,1.218424E-4,1.785423E+2
1.310629E+2,9.787900E+3,-1.150370E-4,1.788150E-7,1.150371E-4,1.799109E+2
1.312619E+2,9.799000E+3,-1.115800E-4,5.364450E-7,1.115813E-4,1.797245E+2
1.314620E+2,9.818600E+3,-1.049940E-4,3.188860E-6,1.050424E-4,1.782604E+2
1.316619E+2,9.829900E+3,-1.035930E-4,3.606100E-6,1.036557E-4,1.780063E+2
1.318619E+2,9.849400E+3,-9.965940E-5,5.692270E-6,9.982183E-5,1.767310E+2
1.320629E+2,9.860600E+3,-9.757330E-5,5.632670E-6,9.773574E-5,1.766961E+2
1.322619E+2,9.882400E+3,-9.405660E-5,5.275040E-6,9.420441E-5,1.767900E+2
1.324619E+2,9.893500E+3,-9.214920E-5,4.708800E-6,9.226943E-5,1.770747E+2
1.326619E+2,9.913100E+3,-8.940740E-5,5.573060E-6,8.958093E-5,1.764332E+2
1.328630E+2,9.924500E+3,-8.726170E-5,6.169110E-6,8.747950E-5,1.759561E+2
1.330619E+2,9.944000E+3,-8.159920E-5,4.857810E-6,8.174367E-5,1.765931E+2
1.332619E+2,9.955100E+3,-7.918520E-5,4.142550E-6,7.929348E-5,1.770053E+2
1.334619E+2,9.974900E+3,-7.608580E-5,3.606100E-6,7.617121E-5,1.772865E+2
1.336629E+2,9.985600E+3,-7.477450E-5,3.397480E-6,7.485164E-5,1.773985E+2
1.338629E+2,1.000600E+4,-7.161540E-5,3.606100E-6,7.170613E-5,1.771174E+2
1.340629E+2,1.001620E+4,-6.946970E-5,2.771630E-6,6.952497E-5,1.777153E+2
1.342619E+2,1.003690E+4,-6.642980E-5,2.384200E-6,6.647257E-5,1.779445E+2
1.344619E+2,1.004660E+4,-6.395620E-5,2.264990E-6,6.399629E-5,1.779717E+2
1.346619E+2,1.006770E+4,-6.070760E-5,1.579530E-6,6.072815E-5,1.785096E+2
1.348629E+2,1.007690E+4,-5.880020E-5,1.192100E-6,5.881228E-5,1.788386E+2
1.350619E+2,1.009820E+4,-5.632660E-5,7.450620E-7,5.633153E-5,1.792422E+2
1.352619E+2,1.010740E+4,-5.599880E-5,3.278270E-7,5.599976E-5,1.796646E+2
1.354619E+2,1.011830E+4,-5.498550E-5,1.609330E-6,5.500905E-5,1.783235E+2
1.356619E+2,1.014090E+4,-5.042580E-5,1.609330E-6,5.045147E-5,1.781720E+2
1.358619E+2,1.015090E+4,-4.887600E-5,1.609330E-6,4.890249E-5,1.781141E+2
1.360619E+2,1.017140E+4,-4.425670E-5,2.056370E-6,4.430445E-5,1.773397E+2
1.362619E+2,1.018200E+4,-4.330300E-5,1.519930E-6,4.332967E-5,1.779898E+2
1.364619E+2,1.020190E+4,-4.074000E-5,1.221900E-6,4.075832E-5,1.782821E+2
1.366619E+2,1.021310E+4,-4.050160E-5,1.698740E-6,4.053721E-5,1.775983E+2
1.368619E+2,1.023570E+4,-3.746180E-5,3.337870E-6,3.761021E-5,1.749084E+2
1.370630E+2,1.024600E+4,-3.731270E-5,4.172350E-6,3.754525E-5,1.736196E+2
1.372619E+2,1.025710E+4,-3.695510E-5,5.275040E-6,3.732969E-5,1.718764E+2
1.374619E+2,1.027900E+4,-3.466030E-5,5.483660E-6,3.509141E-5,1.710097E+2
1.376619E+2,1.029040E+4,-3.388550E-5,5.155830E-6,3.427550E-5,1.713486E+2
1.378619E+2,1.031000E+4,-3.320000E-5,3.278270E-6,3.336146E-5,1.743607E+2
1.380629E+2,1.032110E+4,-3.245500E-5,2.503410E-6,3.255141E-5,1.755892E+2
1.382629E+2,1.034100E+4,-3.066680E-5,3.874320E-7,3.066925E-5,1.792762E+2
1.384619E+2,1.035180E+4,-2.923620E-5,-9.834840E-7,2.925274E-5,-1.780733E+2
1.386619E+2,1.036110E+4,-2.735860E-5,-1.370910E-6,2.739293E-5,-1.771314E+2
1.388619E+2,1.038520E+4,-2.565990E-5,-1.341110E-6,2.569492E-5,-1.770082E+2
1.390619E+2,1.039450E+4,-2.357380E-5,-8.344690E-7,2.358856E-5,-1.779727E+2
1.392619E+2,1.041810E+4,-2.279890E-5,2.682220E-6,2.295614E-5,1.732902E+2
1.394629E+2,1.042810E+4,-2.306710E-5,2.980250E-6,2.325883E-5,1.726382E+2
1.396619E+2,1.044030E+4,-2.357380E-5,2.622620E-6,2.371924E-5,1.736519E+2
1.398629E+2,1.046160E+4,-2.294790E-5,4.470370E-7,2.295225E-5,1.788840E+2
1.400619E+2,1.047080E+4,-2.315650E-5,6.556550E-7,2.316578E-5,1.783782E+2
1.402619E+2,1.049190E+4,-2.402080E-5,2.086170E-7,2.402171E-5,1.795024E+2
1.404619E+2,1.050130E+4,-2.342470E-5,1.698740E-6,2.348621E-5,1.758522E+2
1.406629E+2,1.052220E+4,-2.238170E-5,1.788150E-6,2.245302E-5,1.754322E+2
1.408620E+2,1.053210E+4,-2.199420E-5,1.698740E-6,2.205970E-5,1.755835E+2
1.410629E+2,1.055270E+4,-2.074250E-5,8.344690E-7,2.075928E-5,1.776962E+2
1.412619E+2,1.056320E+4,-1.978890E-5,1.788150E-7,1.978971E-5,1.794823E+2
1.414619E+2,1.058330E+4,-1.928220E-5,-1.370910E-6,1.933087E-5,-1.759333E+2
1.416619E+2,1.059430E+4,-1.952060E-5,-5.066430E-7,1.952717E-5,-1.785133E+2
1.418630E+2,1.061400E+4,-1.990810E-5,1.132500E-6,1.994029E-5,1.767442E+2
1.420619E+2,1.062520E+4,-1.937160E-5,1.192100E-7,1.937197E-5,1.796474E+2
1.422629E+2,1.064490E+4,-1.865640E-5,-5.960510E-8,1.865650E-5,-1.798170E+2
1.424619E+2,1.065620E+4,-1.820930E-5,-6.556550E-7,1.822110E-5,-1.779379E+2
1.426619E+2,1.067580E+4,-1.698740E-5,-2.205390E-6,1.712996E-5,-1.726029E+2
1.428619E+2,1.068680E+4,-1.609340E-5,-3.129260E-6,1.639481E-5,-1.689965E+2
1.430619E+2,1.069930E+4,-1.475220E-5,-2.354400E-6,1.493890E-5,-1.709323E+2
1.432619E+2,1.072000E+4,-1.406680E-5,-4.470370E-7,1.407390E-5,-1.781798E+2
1.434619E+2,1.073270E+4,-1.531850E-5,-5.960510E-8,1.531862E-5,-1.797771E+2
1.436619E+2,1.075290E+4,-1.698740E-5,-7.450620E-7,1.700373E-5,-1.774886E+2
1.438619E+2,1.076330E+4,-1.713650E-5,-2.443800E-6,1.730988E-5,-1.718839E+2
1.440619E+2,1.078390E+4,-1.478200E-5,-3.606100E-6,1.521550E-5,-1.662904E+2
1.442619E+2,1.079390E+4,-1.358990E-5,-1.996770E-6,1.373581E-5,-1.716413E+2
1.444619E+2,1.081510E+4,-1.430520E-5,-6.556550E-7,1.432022E-5,-1.773758E+2
1.446629E+2,1.082470E+4,-1.454360E-5,-3.278270E-7,1.454729E-5,-1.787087E+2
1.448619E+2,1.083490E+4,-1.537810E-5,5.960500E-7,1.538965E-5,1.777803E+2
1.450630E+2,1.085840E+4,-1.445420E-5,-1.192100E-7,1.445469E-5,-1.795275E+2
1.452619E+2,1.086780E+4,-1.406680E-5,-2.086170E-7,1.406835E-5,-1.791503E+2
1.454619E+2,1.088860E+4,-1.209980E-5,3.576300E-7,1.210508E-5,1.783070E+2
1.456629E+2,1.089860E+4,-1.043090E-5,8.642710E-7,1.046664E-5,1.752635E+2
1.458629E+2,1.091180E+4,-1.022230E-5,2.175580E-6,1.045125E-5,1.679852E+2
1.460619E+2,1.093160E+4,-9.656010E-6,9.834840E-7,9.705966E-6,1.741844E+2
1.462629E+2,1.095270E+4,-8.672530E-6,-8.344690E-7,8.712584E-6,-1.745039E+2
1.464629E+2,1.096250E+4,-7.540020E-6,2.980250E-7,7.545908E-6,1.777365E+2
1.466629E+2,1.097380E+4,-7.331400E-6,2.980250E-8,7.331461E-6,1.797671E+2
1.468629E+2,1.099350E+4,-7.987080E-6,-1.251700E-6,8.084566E-6,-1.710933E+2
1.470629E+2,1.100460E+4,-7.331400E-6,-1.013290E-6,7.401093E-6,-1.721309E+2
1.472619E+2,1.102660E+4,-6.109510E-6,4.470370E-7,6.125843E-6,1.758151E+2
1.474619E+2,1.103780E+4,-6.258520E-6,2.682230E-7,6.264265E-6,1.775460E+2
1.476619E+2,1.104740E+4,-6.794960E-6,1.490130E-7,6.796594E-6,1.787437E+2
1.478629E+2,1.107140E+4,-8.791740E-6,-5.066430E-7,8.806326E-6,-1.767019E+2
1.480619E+2,1.108070E+4,-8.553320E-6,-1.519930E-6,8.687317E-6,-1.699237E+2
1.482619E+2,1.110200E+4,-7.808270E-6,-3.725300E-6,8.651413E-6,-1.544943E+2
1.484619E+2,1.111140E+4,-8.255300E-6,-4.082950E-6,9.209802E-6,-1.536837E+2
1.486619E+2,1.113270E+4,-9.834820E-6,-3.427280E-6,1.041489E-5,-1.607874E+2
1.488619E+2,1.114200E+4,-1.031170E-5,-1.579530E-6,1.043197E-5,-1.712912E+2
1.490619E+2,1.116340E+4,-8.463920E-6,4.172340E-7,8.474198E-6,1.771779E+2
1.492619E+2,1.117270E+4,-8.702340E-6,1.400720E-6,8.814348E-6,1.708562E+2
1.494629E+2,1.119420E+4,-8.821550E-6,2.503410E-6,9.169886E-6,1.641569E+2
1.496619E+2,1.120650E+4,-8.493720E-6,3.099460E-6,9.041567E-6,1.599524E+2
1.498619E+2,1.121750E+4,-8.255300E-6,3.576290E-6,8.996657E-6,1.565772E+2
1.500629E+2,1.123980E+4,-5.632670E-6,4.977020E-6,7.516495E-6,1.385362E+2
1.502619E+2,1.124980E+4,-4.738600E-6,4.857810E-6,6.786210E-6,1.342883E+2
1.504619E+2,1.127310E+4,-4.291560E-6,2.473610E-6,4.953406E-6,1.500413E+2
1.506629E+2,1.128260E+4,-3.874330E-6,2.503410E-6,4.612753E-6,1.471314E+2
1.508629E+2,1.129380E+4,-3.725300E-6,1.907360E-6,4.185198E-6,1.528875E+2
1.510629E+2,1.131560E+4,-2.920640E-6,-1.162300E-6,3.143418E-6,-1.582994E+2
1.512619E+2,1.132660E+4,-2.205390E-6,-1.937170E-6,2.935366E-6,-1.387046E+2
1.514619E+2,1.134900E+4,-2.533210E-6,-8.642710E-7,2.676587E-6,-1.611616E+2
1.516619E+2,1.135930E+4,-2.354400E-6,-6.854570E-7,2.452152E-6,-1.637677E+2
1.518629E+2,1.137050E+4,-2.920640E-6,-7.450620E-7,3.014176E-6,-1.656889E+2
1.520619E+2,1.139210E+4,-5.006820E-6,4.470370E-7,5.026737E-6,1.748978E+2
1.522619E+2,1.140330E+4,-5.930690E-6,1.043090E-6,6.021721E-6,1.700248E+2
1.524629E+2,1.142280E+4,-3.576290E-6,1.698740E-6,3.959238E-6,1.545923E+2
1.526619E+2,1.143400E+4,-2.414000E-6,1.311310E-6,2.747168E-6,1.514887E+2
1.528619E+2,1.145370E+4,-1.966970E-6,1.460320E-6,2.449797E-6,1.434090E+2
1.530629E+2,1.146460E+4,-2.235190E-6,1.192100E-6,2.533215E-6,1.519275E+2
1.532629E+2,1.148500E+4,-2.741830E-6,-8.046660E-7,2.857467E-6,-1.636442E+2
1.534619E+2,1.149540E+4,-2.712030E-6,-1.400720E-6,3.052396E-6,-1.526844E+2
1.536619E+2,1.150480E+4,-2.920640E-6,-1.579530E-6,3.320400E-6,-1.515948E+2
1.538619E+2,1.152890E+4,-4.500180E-6,-2.771630E-6,5.285220E-6,-1.483714E+2
1.540619E+2,1.153820E+4,-4.678990E-6,-1.817950E-6,5.019750E-6,-1.587671E+2
1.542629E+2,1.155950E+4,-4.261760E-6,-5.960500E-7,4.303240E-6,-1.720383E+2
1.544619E+2,1.156870E+4,-3.904130E-6,-8.940740E-8,3.905154E-6,-1.786881E+2
1.546619E+2,1.159000E+4,-3.367680E-6,2.980250E-8,3.367812E-6,1.794930E+2
1.548629E+2,1.159940E+4,-2.741830E-6,1.788150E-7,2.747655E-6,1.762686E+2
1.550619E+2,1.162330E+4,-2.801430E-6,5.960510E-8,2.802064E-6,1.787811E+2
1.552629E+2,1.163250E+4,-2.115980E-6,5.960510E-8,2.116819E-6,1.783865E+2
1.554629E+2,1.164360E+4,-1.907360E-6,-2.086170E-7,1.918735E-6,-1.737581E+2
1.556629E+2,1.166620E+4,-2.175580E-6,5.662480E-7,2.248063E-6,1.654111E+2
1.558629E+2,1.167730E+4,-1.311310E-6,2.384200E-7,1.332808E-6,1.696952E+2
1.560629E+2,1.169970E+4,-6.258520E-7,1.192100E-7,6.371042E-7,1.692157E+2
1.562619E+2,1.171020E+4,-8.642710E-7,7.152590E-7,1.121856E-6,1.403893E+2
1.564619E+2,1.172340E+4,-1.043090E-6,1.937170E-6,2.200151E-6,1.183007E+2
1.566619E+2,1.174310E+4,-2.205390E-6,2.831240E-6,3.588825E-6,1.279168E+2
1.568629E+2,1.175630E+4,-3.755110E-6,2.145780E-6,4.324954E-6,1.502551E+2
1.570619E+2,1.176690E+4,-4.053140E-6,1.996770E-6,4.518300E-6,1.537729E+2
1.572629E+2,1.178740E+4,-3.904130E-6,2.086180E-6,4.426554E-6,1.518821E+2
1.574629E+2,1.179730E+4,-4.649190E-6,1.907360E-6,5.025235E-6,1.576938E+2
1.576629E+2,1.181800E+4,-6.407530E-6,2.086180E-6,6.738589E-6,1.619657E+2
1.578629E+2,1.182760E+4,-5.990300E-6,2.414000E-6,6.458412E-6,1.580513E+2
1.580629E+2,1.184890E+4,-3.308070E-6,2.682220E-6,4.258830E-6,1.409645E+2
1.582629E+2,1.185820E+4,-2.205390E-6,3.248470E-6,3.926360E-6,1.241726E+2
1.584629E+2,1.187970E+4,-1.668940E-6,3.427280E-6,3.812035E-6,1.159641E+2
1.586619E+2,1.188900E+4,-4.172340E-7,3.129260E-6,3.156953E-6,9.759463E+1
1.588629E+2,1.191320E+4,-8.344690E-7,1.490120E-6,1.707863E-6,1.192489E+2
1.590629E+2,1.192270E+4,-2.145780E-6,4.768410E-7,2.198124E-6,1.674712E+2
1.592619E+2,1.194420E+4,-3.606100E-6,2.682230E-7,3.616062E-6,1.757462E+2
1.594629E+2,1.195350E+4,-3.129260E-6,2.145780E-6,3.794290E-6,1.455610E+2
1.596629E+2,1.196440E+4,-2.712030E-6,2.384200E-6,3.611027E-6,1.386807E+2
1.598629E+2,1.198420E+4,-4.112750E-6,6.258520E-7,4.160097E-6,1.713475E+2
1.600619E+2,1.200540E+4,-5.304840E-6,-3.278270E-7,5.314960E-6,-1.764638E+2
1.602629E+2,1.201510E+4,-4.470380E-6,-2.086180E-6,4.933198E-6,-1.549831E+2
1.604619E+2,1.203590E+4,-3.516690E-6,-4.529980E-6,5.734791E-6,-1.278227E+2
1.606629E+2,1.204600E+4,-3.337870E-6,-5.155830E-6,6.141983E-6,-1.229189E+2
1.608619E+2,1.205720E+4,-3.516690E-6,-4.410770E-6,5.641099E-6,-1.285652E+2
1.610629E+2,1.207700E+4,-3.784910E-6,-3.248470E-6,4.987795E-6,-1.393615E+2
1.612619E+2,1.208790E+4,-5.096230E-6,-1.758340E-6,5.391041E-6,-1.609642E+2
1.614619E+2,1.211010E+4,-4.410770E-6,-3.576300E-7,4.425245E-6,-1.753645E+2
1.616619E+2,1.212150E+4,-2.801430E-6,-8.344690E-7,2.923072E-6,-1.634127E+2
1.618619E+2,1.214120E+4,-1.370910E-6,-1.519930E-6,2.046847E-6,-1.320491E+2
1.620619E+2,1.215230E+4,-1.311310E-6,-1.251700E-6,1.812812E-6,-1.363323E+2
1.622629E+2,1.216460E+4,-9.238760E-7,-1.728540E-6,1.959948E-6,-1.181238E+2
1.624619E+2,1.218550E+4,-1.788150E-7,-5.364450E-7,5.654627E-7,-1.084350E+2
1.626629E+2,1.219500E+4,-4.768410E-7,-1.192100E-7,4.915164E-7,-1.659638E+2
1.628619E+2,1.221630E+4,-7.748640E-7,2.056370E-6,2.197515E-6,1.106470E+2
1.630619E+2,1.222550E+4,-1.937170E-6,2.294790E-6,3.003113E-6,1.301697E+2
1.632619E+2,1.224680E+4,-2.622620E-6,2.264990E-6,3.465302E-6,1.391849E+2
1.634629E+2,1.225600E+4,-2.414000E-6,2.622620E-6,3.564482E-6,1.326281E+2
1.636619E+2,1.227730E+4,-2.115980E-6,1.370910E-6,2.521263E-6,1.470614E+2
1.638629E+2,1.228940E+4,-1.817950E-6,1.281510E-6,2.224232E-6,1.448192E+2
1.640629E+2,1.231090E+4,-9.536820E-7,1.043090E-6,1.413346E-6,1.324362E+2
1.642629E+2,1.232020E+4,-9.834840E-7,1.013290E-6,1.412090E-6,1.341448E+2
1.644629E+2,1.233110E+4,-1.400720E-6,2.682230E-7,1.426170E-6,1.691597E+2
1.646629E+2,1.235090E+4,-1.460320E-6,1.043090E-6,1.794595E-6,1.444622E+2
1.648619E+2,1.236390E+4,-2.264990E-6,6.854570E-7,2.366438E-6,1.631625E+2
1.650619E+2,1.238420E+4,-3.069650E-6,8.046660E-7,3.173364E-6,1.653112E+2
1.652619E+2,1.239760E+4,-2.443800E-6,8.940740E-8,2.445435E-6,1.779047E+2
1.654629E+2,1.240860E+4,-1.728540E-6,-8.642710E-7,1.932567E-6,-1.534349E+2
1.656629E+2,1.243050E+4,-1.639140E-6,3.278270E-7,1.671601E-6,1.686901E+2
1.658619E+2,1.244180E+4,-2.324600E-6,8.344690E-7,2.469839E-6,1.602532E+2
1.660619E+2,1.245130E+4,-3.606100E-6,1.609330E-6,3.948911E-6,1.559498E+2
1.662629E+2,1.247470E+4,-4.619390E-6,1.907360E-6,4.997678E-6,1.575641E+2
1.664629E+2,1.248500E+4,-3.218670E-6,1.132500E-6,3.412095E-6,1.606154E+2
1.666623E+2,1.250580E+4,-2.861040E-6,9.834840E-7,3.025358E-6,1.610296E+2
1.668633E+2,1.251560E+4,-3.576290E-6,1.579530E-6,3.909574E-6,1.561705E+2
1.670632E+2,1.253870E+4,-1.311310E-6,9.536820E-7,1.621432E-6,1.439726E+2
1.672622E+2,1.254860E+4,-1.966970E-6,1.162300E-6,2.284713E-6,1.494208E+2
1.674633E+2,1.256580E+4,-4.857810E-6,7.748640E-7,4.919221E-6,1.709372E+2
1.676622E+2,1.257290E+4,-4.112750E-6,1.490130E-7,4.115449E-6,1.779250E+2
1.678623E+2,1.258030E+4,-2.741830E-6,8.940730E-7,2.883921E-6,1.619396E+2
1.680623E+2,1.259050E+4,-2.026570E-6,2.443800E-6,3.174767E-6,1.296679E+2
1.682622E+2,1.259260E+4,-1.341110E-6,2.026570E-6,2.430136E-6,1.234951E+2
1.684622E+2,1.259630E+4,-1.430520E-6,-5.960510E-8,1.431761E-6,-1.776141E+2
1.686623E+2,1.259460E+4,5.960510E-8,-1.430520E-6,1.431761E-6,-8.761405E+1
1.688633E+2,1.258980E+4,4.768410E-7,-3.308070E-6,3.342260E-6,-8.179761E+1
1.690623E+2,1.258390E+4,7.748640E-7,-2.980250E-6,3.079335E-6,-7.542580E+1
1.692622E+2,1.257070E+4,1.013290E-6,-2.145780E-6,2.373000E-6,-6.472217E+1
1.694633E+2,1.256080E+4,-5.960510E-8,-1.132500E-6,1.134067E-6,-9.301278E+1
1.696622E+2,1.254790E+4,-8.344690E-7,-1.162300E-6,1.430832E-6,-1.256763E+2
1.698632E+2,1.252290E+4,-1.251700E-6,5.662480E-7,1.373823E-6,1.556588E+2
1.700622E+2,1.250590E+4,-1.430520E-6,1.072890E-6,1.788150E-6,1.431301E+2
1.702623E+2,1.249270E+4,-1.817950E-6,1.460320E-6,2.331840E-6,1.412258E+2
1.704623E+2,1.245920E+4,-8.046660E-7,4.172340E-7,9.064059E-7,1.525924E+2
1.706622E+2,1.244520E+4,-1.847750E-6,2.086170E-7,1.859489E-6,1.735584E+2
1.708632E+2,1.241190E+4,-3.844530E-6,4.768410E-7,3.873989E-6,1.729297E+2
1.710632E+2,1.239930E+4,-4.470380E-6,-5.960510E-8,4.470777E-6,-1.792361E+2
1.712633E+2,1.238680E+4,-4.351170E-6,1.490130E-7,4.353721E-6,1.780386E+2
1.714622E+2,1.236100E+4,-2.771630E-6,1.400720E-6,3.105471E-6,1.531890E+2
1.716623E+2,1.234640E+4,-3.367680E-6,6.556550E-7,3.430911E-6,1.689829E+2
1.718632E+2,1.232400E+4,-4.589590E-6,3.874320E-7,4.605914E-6,1.751748E+2
1.718632E+2,1.232400E+4,-4.589590E-6,3.874320E-7,5.489642E-6,1.734537E+2
1.722633E+2,1.230330E+4,-5.751880E-6,1.460320E-6,5.934362E-6,1.657544E+2
1.724623E+2,1.228340E+4,-5.424050E-6,-3.576300E-7,5.435827E-6,-1.762277E+2
1.726632E+2,1.227320E+4,-5.692270E-6,-1.400720E-6,5.862078E-6,-1.661757E+2
1.728623E+2,1.225320E+4,-3.010050E-6,-2.056370E-6,3.645416E-6,-1.456604E+2
1.730623E+2,1.224310E+4,-2.354400E-6,-1.758340E-6,2.938530E-6,-1.432465E+2
1.732623E+2,1.222430E+4,-9.834840E-7,-1.609330E-6,1.886050E-6,-1.214297E+2
1.734633E+2,1.221320E+4,-7.748640E-7,-1.937170E-6,2.086394E-6,-1.118013E+2
1.736623E+2,1.220040E+4,-1.728540E-6,-8.642710E-7,1.932567E-6,-1.534349E+2
1.738633E+2,1.217870E+4,-9.536820E-7,5.066430E-7,1.079906E-6,1.520206E+2
1.740622E+2,1.216740E+4,3.278270E-7,5.066430E-7,6.034548E-7,5.709482E+1
1.742623E+2,1.215750E+4,2.384200E-7,3.576300E-7,4.298178E-7,5.630993E+1
1.744623E+2,1.213630E+4,-1.102690E-6,4.470370E-7,1.189860E-6,1.579321E+2
1.746623E+2,1.211650E+4,-6.556550E-7,1.281510E-6,1.439497E-6,1.170955E+2
1.748623E+2,1.210570E+4,7.152590E-7,2.622620E-6,2.718406E-6,7.474490E+1
1.750633E+2,1.209650E+4,1.043090E-6,3.814730E-6,3.954769E-6,7.470702E+1
1.752623E+2,1.207540E+4,-4.172340E-7,3.337870E-6,3.363846E-6,9.712502E+1
1.754633E+2,1.206620E+4,-1.668940E-6,2.831240E-6,3.286530E-6,1.205182E+2
1.756623E+2,1.204520E+4,-2.145780E-6,9.536820E-7,2.348165E-6,1.560375E+2
1.758623E+2,1.203560E+4,-2.503410E-6,1.072890E-6,2.723629E-6,1.568014E+2
1.760633E+2,1.201500E+4,-1.460320E-6,-2.324600E-6,2.745232E-6,-1.221372E+2
1.762623E+2,1.200500E+4,-1.937170E-6,-3.278270E-6,3.807845E-6,-1.205794E+2
1.764632E+2,1.198480E+4,-2.592820E-6,-3.069650E-6,4.018142E-6,-1.301865E+2
1.766622E+2,1.197430E+4,-2.592820E-6,-1.579530E-6,3.036055E-6,-1.486505E+2
1.768623E+2,1.195450E+4,-2.712030E-6,-2.086170E-7,2.720042E-6,-1.756013E+2
1.770633E+2,1.194360E+4,-1.221900E-6,2.980250E-7,1.257720E-6,1.662930E+2
1.772623E+2,1.192150E+4,7.450620E-7,-5.960500E-7,9.541452E-7,-3.865983E+1
1.774633E+2,1.191130E+4,-1.102690E-6,-1.788150E-6,2.100811E-6,-1.216607E+2
1.776633E+2,1.189820E+4,-1.460320E-6,-2.175580E-6,2.620245E-6,-1.238708E+2
1.778633E+2,1.187900E+4,-5.066430E-7,-1.341110E-6,1.433619E-6,-1.106955E+2
1.780623E+2,1.186790E+4,4.768410E-7,-4.470370E-7,6.536202E-7,-4.315230E+1
1.782633E+2,1.184860E+4,-5.364450E-7,1.370910E-6,1.472130E-6,1.113707E+2
1.784623E+2,1.183750E+4,-2.294790E-6,2.712030E-6,3.552628E-6,1.302363E+2
1.786623E+2,1.181610E+4,-3.188860E-6,2.622620E-6,4.128797E-6,1.405650E+2
1.788633E+2,1.180490E+4,-2.652420E-6,3.010050E-6,4.011949E-6,1.313861E+2
1.790633E+2,1.178540E+4,-2.861040E-6,2.086180E-6,3.540861E-6,1.439017E+2
1.792632E+2,1.177440E+4,-3.129260E-6,1.072890E-6,3.308075E-6,1.610753E+2
1.794632E+2,1.175480E+4,-3.278270E-6,-4.768410E-7,3.312768E-6,-1.717241E+2
1.796632E+2,1.174380E+4,-4.142550E-6,-2.086170E-7,4.147800E-6,-1.771170E+2
1.798633E+2,1.173460E+4,-4.440580E-6,-4.768410E-7,4.466109E-6,-1.738709E+2
1.800623E+2,1.171340E+4,-3.963740E-6,1.192100E-7,3.965532E-6,1.782773E+2
1.802633E+2,1.170420E+4,-3.755110E-6,8.940730E-7,3.860080E-6,1.666075E+2
1.804623E+2,1.168020E+4,-1.907360E-6,2.175580E-6,2.893298E-6,1.312415E+2
1.806633E+2,1.167110E+4,-7.748640E-7,2.324600E-6,2.450343E-6,1.084349E+2
1.808632E+2,1.165010E+4,-9.834840E-7,1.460320E-6,1.760618E-6,1.239591E+2
1.810622E+2,1.164100E+4,-9.238760E-7,1.996770E-6,2.200145E-6,1.148293E+2
1.812623E+2,1.161990E+4,-1.370910E-6,1.460320E-6,2.002980E-6,1.331912E+2
1.814633E+2,1.161060E+4,-6.258520E-7,1.043090E-6,1.216440E-6,1.209637E+2
1.816623E+2,1.158970E+4,-8.344690E-7,1.788150E-7,8.534127E-7,1.679052E+2
1.818623E+2,1.157990E+4,-1.370910E-6,0.000000E+0,1.370910E-6,1.800000E+2
1.820623E+2,1.155960E+4,-1.192100E-6,-5.960510E-8,1.193589E-6,-1.771376E+2
1.822632E+2,1.154930E+4,-1.251700E-6,5.662480E-7,1.373823E-6,1.556588E+2
1.824623E+2,1.152940E+4,5.960500E-7,-2.086170E-7,6.315035E-7,-1.929000E+1
1.826623E+2,1.151870E+4,5.364450E-7,-1.192100E-7,5.495309E-7,-1.252881E+1
1.828623E+2,1.150830E+4,2.086170E-7,5.662480E-7,6.034549E-7,6.977520E+1
1.830633E+2,1.148630E+4,-1.192100E-7,3.576300E-7,3.769751E-7,1.084350E+2
1.832623E+2,1.147530E+4,-4.768410E-7,-4.470370E-7,6.536202E-7,-1.368477E+2
1.834633E+2,1.145370E+4,-2.324600E-6,-9.536820E-7,2.512623E-6,-1.576938E+2
1.836623E+2,1.144260E+4,-1.937170E-6,-2.980250E-8,1.937399E-6,-1.791186E+2
1.838622E+2,1.143300E+4,-8.940730E-7,-1.013290E-6,1.351341E-6,-1.314235E+2
1.840623E+2,1.141200E+4,-2.890840E-6,-1.311310E-6,3.174349E-6,-1.556005E+2
1.842623E+2,1.140280E+4,-3.576290E-6,-5.066430E-7,3.611999E-6,-1.719367E+2
1.844623E+2,1.138170E+4,-3.367680E-6,2.682230E-7,3.378345E-6,1.754462E+2
1.846633E+2,1.137270E+4,-2.533210E-6,6.556550E-7,2.616684E-6,1.654889E+2
1.848622E+2,1.134890E+4,-1.311310E-6,1.430520E-6,1.940598E-6,1.325104E+2
1.850633E+2,1.133950E+4,-1.937170E-6,1.400720E-6,2.390532E-6,1.441302E+2
1.852623E+2,1.131840E+4,-5.334640E-6,1.460320E-6,5.530906E-6,1.646907E+2
1.854633E+2,1.130630E+4,-7.241990E-6,2.115980E-6,7.544786E-6,1.637126E+2
1.856633E+2,1.128580E+4,-7.063180E-6,2.443800E-6,7.474000E-6,1.609148E+2
1.858623E+2,1.127620E+4,-6.318120E-6,1.460320E-6,6.484688E-6,1.669857E+2
1.860623E+2,1.126370E+4,-6.943970E-6,1.192100E-6,7.045553E-6,1.702588E+2
1.862633E+2,1.125340E+4,-7.212190E-6,1.490130E-7,7.213729E-6,1.788164E+2
1.864623E+2,1.123090E+4,-3.963740E-6,-2.384200E-6,4.625543E-6,-1.489730E+2
1.866623E+2,1.121970E+4,-3.784910E-6,-2.920640E-6,4.780762E-6,-1.423443E+2
1.868623E+2,1.119770E+4,-5.245240E-6,1.490130E-7,5.247356E-6,1.783727E+2
1.870623E+2,1.118740E+4,-6.288320E-6,1.490130E-7,6.290085E-6,1.786425E+2
1.872632E+2,1.117650E+4,-6.079700E-6,-3.278270E-7,6.088532E-6,-1.769135E+2
1.874632E+2,1.115480E+4,-6.139310E-6,1.102690E-6,6.237552E-6,1.698176E+2
1.876623E+2,1.114360E+4,-6.437330E-6,2.384200E-7,6.441744E-6,1.778789E+2
1.878633E+2,1.112210E+4,-7.033380E-6,-5.960510E-8,7.033633E-6,-1.795145E+2
1.880623E+2,1.111120E+4,-5.573060E-6,1.788150E-7,5.575928E-6,1.781623E+2
1.882623E+2,1.109840E+4,-4.947210E-6,2.980250E-7,4.956179E-6,1.765526E+2
1.884624E+2,1.107880E+4,-7.420810E-6,1.579530E-6,7.587051E-6,1.679838E+2
1.886633E+2,1.106510E+4,-7.361200E-6,1.907360E-6,7.604294E-6,1.654736E+2
1.888622E+2,1.105590E+4,-6.288320E-6,8.642710E-7,6.347435E-6,1.721743E+2
1.890622E+2,1.103210E+4,-6.735350E-6,-1.013290E-6,6.811145E-6,-1.714444E+2
1.892622E+2,1.102250E+4,-6.258520E-6,-1.579530E-6,6.454765E-6,-1.658354E+2
1.894622E+2,1.099930E+4,-5.334640E-6,-2.950440E-6,6.096186E-6,-1.510542E+2
1.894622E+2,1.099930E+4,-5.334640E-6,-2.950440E-6,6.664370E-6,-1.540079E+2
1.898623E+2,1.097960E+4,-6.556540E-6,-2.652420E-6,7.072733E-6,-1.579744E+2
1.900623E+2,1.095580E+4,-6.675750E-6,-2.950440E-6,7.298680E-6,-1.561563E+2
1.902622E+2,1.094670E+4,-7.331400E-6,-2.145780E-6,7.638966E-6,-1.636861E+2
1.904624E+2,1.093620E+4,-7.718860E-6,-2.205390E-6,8.027736E-6,-1.640546E+2
1.906633E+2,1.091380E+4,-9.775220E-6,-1.043090E-6,9.830715E-6,-1.739092E+2
1.908623E+2,1.090390E+4,-1.037130E-5,-1.788150E-7,1.037284E-5,-1.790122E+2
1.910633E+2,1.088370E+4,-1.096730E-5,-4.172340E-7,1.097523E-5,-1.778213E+2
1.912623E+2,1.087130E+4,-1.055010E-5,-8.940730E-7,1.058792E-5,-1.751560E+2
1.914633E+2,1.086020E+4,-1.052030E-5,-1.609330E-6,1.064268E-5,-1.713027E+2
1.916623E+2,1.083830E+4,-1.037130E-5,-1.281510E-6,1.045017E-5,-1.729561E+2
1.918633E+2,1.082750E+4,-1.102690E-5,-2.980250E-7,1.103093E-5,-1.784518E+2
1.920632E+2,1.080510E+4,-1.010300E-5,1.072890E-6,1.015981E-5,1.739382E+2
1.922632E+2,1.079410E+4,-1.135470E-5,1.758340E-6,1.149004E-5,1.711973E+2
1.924632E+2,1.077470E+4,-1.195080E-5,4.112750E-6,1.263868E-5,1.610096E+2
1.926632E+2,1.076360E+4,-1.293430E-5,4.321370E-6,1.363709E-5,1.615254E+2
1.928633E+2,1.074440E+4,-1.180180E-5,2.473610E-6,1.205824E-5,1.681624E+2
1.930632E+2,1.073420E+4,-1.177200E-5,1.430520E-6,1.185860E-5,1.730715E+2
1.932632E+2,1.071470E+4,-1.129510E-5,2.712030E-6,1.161613E-5,1.664985E+2
1.934632E+2,1.070340E+4,-1.150380E-5,4.053140E-6,1.219694E-5,1.605911E+2
1.936622E+2,1.068370E+4,-1.028190E-5,3.606100E-6,1.089594E-5,1.606731E+2
1.938632E+2,1.067230E+4,-1.060970E-5,2.682220E-6,1.094349E-5,1.658124E+2
1.940623E+2,1.065280E+4,-1.248720E-5,1.817950E-6,1.261884E-5,1.717168E+2
1.942633E+2,1.064170E+4,-1.376870E-5,1.996770E-6,1.391273E-5,1.717484E+2
1.944623E+2,1.063260E+4,-1.487140E-5,1.192100E-6,1.491910E-5,1.754169E+2
1.946633E+2,1.060880E+4,-1.657020E-5,2.354400E-6,1.673663E-5,1.719132E+2
1.948623E+2,1.059920E+4,-1.725570E-5,3.635900E-6,1.763460E-5,1.681014E+2
1.950632E+2,1.057810E+4,-1.809010E-5,3.010050E-6,1.833881E-5,1.705530E+2
1.952623E+2,1.056590E+4,-1.859680E-5,1.966970E-6,1.870053E-5,1.739623E+2
1.954623E+2,1.055570E+4,-1.862660E-5,1.728540E-6,1.870663E-5,1.746982E+2
1.956633E+2,1.053270E+4,-1.928220E-5,1.132500E-6,1.931543E-5,1.766387E+2
1.958633E+2,1.052320E+4,-2.026570E-5,3.874320E-7,2.026940E-5,1.789048E+2
1.960623E+2,1.051200E+4,-2.151740E-5,2.980250E-7,2.151946E-5,1.792065E+2
1.962622E+2,1.049050E+4,-2.092130E-5,-6.556550E-7,2.093157E-5,-1.782050E+2
1.964623E+2,1.047950E+4,-2.059350E-5,-1.430520E-6,2.064313E-5,-1.760264E+2
1.966633E+2,1.046000E+4,-2.074250E-5,-6.556550E-7,2.075286E-5,-1.781895E+2
1.968623E+2,1.044880E+4,-1.993790E-5,9.238760E-7,1.995929E-5,1.773469E+2
1.970623E+2,1.042940E+4,-2.074250E-5,5.662480E-7,2.075023E-5,1.784363E+2
1.972622E+2,1.041630E+4,-2.118960E-5,-5.960510E-8,2.118968E-5,-1.798388E+2
1.974633E+2,1.040590E+4,-2.294790E-5,-1.490130E-7,2.294838E-5,-1.796280E+2
1.976632E+2,1.038410E+4,-2.583870E-5,-5.960510E-8,2.583877E-5,-1.798678E+2
1.978633E+2,1.037300E+4,-2.652420E-5,-5.364450E-7,2.652962E-5,-1.788414E+2
1.980623E+2,1.035350E+4,-2.753750E-5,-7.450620E-7,2.754758E-5,-1.784502E+2
1.982623E+2,1.034290E+4,-2.801430E-5,-8.344690E-7,2.802673E-5,-1.782938E+2
1.984623E+2,1.032280E+4,-2.896800E-5,-1.549730E-6,2.900942E-5,-1.769377E+2
1.986623E+2,1.031250E+4,-2.926600E-5,-1.102690E-6,2.928677E-5,-1.778422E+2
1.988623E+2,1.030040E+4,-3.013030E-5,-2.682230E-7,3.013149E-5,-1.794900E+2
1.990633E+2,1.027920E+4,-3.382590E-5,-1.728540E-6,3.387004E-5,-1.770747E+2
1.992623E+2,1.027000E+4,-3.492860E-5,-6.556550E-7,3.493475E-5,-1.789246E+2
1.994632E+2,1.024870E+4,-3.445170E-5,2.622620E-6,3.455138E-5,1.756468E+2
1.996622E+2,1.023970E+4,-3.513720E-5,4.023340E-6,3.536679E-5,1.734679E+2
1.998632E+2,1.021880E+4,-3.731270E-5,3.546490E-6,3.748086E-5,1.745705E+2
2.000623E+2,1.020930E+4,-3.805780E-5,3.039850E-6,3.817901E-5,1.754332E+2
2.002632E+2,1.018890E+4,-3.835580E-5,1.639140E-6,3.839081E-5,1.775529E+2
2.004623E+2,1.017890E+4,-3.895190E-5,8.940740E-8,3.895200E-5,1.798685E+2
2.006632E+2,1.015870E+4,-4.130630E-5,-2.414000E-6,4.137678E-5,-1.766554E+2
2.008622E+2,1.014820E+4,-4.270700E-5,-1.907360E-6,4.274957E-5,-1.774428E+2
2.010633E+2,1.012560E+4,-4.616400E-5,1.102690E-6,4.617717E-5,1.786317E+2
2.012622E+2,1.011580E+4,-4.750510E-5,2.890840E-6,4.759298E-5,1.765177E+2
2.014622E+2,1.010260E+4,-5.045560E-5,2.771630E-6,5.053167E-5,1.768558E+2
2.016632E+2,1.008310E+4,-5.441930E-5,1.877550E-6,5.445168E-5,1.780240E+2
2.018622E+2,1.006910E+4,-5.459810E-5,8.642710E-7,5.460494E-5,1.790931E+2
2.020622E+2,1.005900E+4,-5.474710E-5,1.758340E-6,5.477533E-5,1.781604E+2
2.022633E+2,1.003690E+4,-5.546240E-5,2.503410E-6,5.551887E-5,1.774156E+2
2.024622E+2,1.002610E+4,-5.596900E-5,2.712030E-6,5.603467E-5,1.772259E+2
2.026633E+2,1.000620E+4,-5.817440E-5,2.443800E-6,5.822571E-5,1.775945E+2
2.028623E+2,9.995700E+3,-6.008170E-5,2.175580E-6,6.012108E-5,1.779262E+2
2.030623E+2,9.975400E+3,-6.341980E-5,6.556550E-7,6.342319E-5,1.794077E+2
2.032623E+2,9.965500E+3,-6.532720E-5,-3.874320E-7,6.532835E-5,-1.796602E+2
2.034623E+2,9.944600E+3,-7.045320E-5,5.960510E-8,7.045323E-5,1.799515E+2
2.036623E+2,9.935200E+3,-7.313540E-5,-3.874320E-7,7.313643E-5,-1.796965E+2
2.038633E+2,9.923000E+3,-7.623480E-5,-1.162300E-6,7.624366E-5,-1.791265E+2
2.040623E+2,9.901800E+3,-8.255290E-5,-1.132500E-6,8.256067E-5,-1.792140E+2
2.042622E+2,9.889700E+3,-8.359600E-5,-1.192100E-6,8.360450E-5,-1.791830E+2
2.044623E+2,9.868600E+3,-8.577150E-5,4.768410E-7,8.577283E-5,1.796815E+2
2.046623E+2,9.859500E+3,-8.750010E-5,4.768410E-7,8.750140E-5,1.796878E+2
2.048632E+2,9.848700E+3,-8.931800E-5,8.940730E-7,8.932247E-5,1.794265E+2
2.050622E+2,9.826500E+3,-9.310290E-5,1.788150E-6,9.312007E-5,1.788997E+2
2.052622E+2,9.816500E+3,-9.444400E-5,3.755110E-6,9.451862E-5,1.777231E+2
2.054632E+2,9.793200E+3,-9.766270E-5,4.172350E-6,9.775179E-5,1.775537E+2
2.056623E+2,9.782900E+3,-1.004040E-4,2.741830E-6,1.004414E-4,1.784358E+2
2.058623E+2,9.772000E+3,-1.049340E-4,-1.192100E-7,1.049341E-4,-1.799349E+2
2.060623E+2,9.750400E+3,-1.102690E-4,6.556550E-7,1.102709E-4,1.796593E+2
2.062623E+2,9.739200E+3,-1.133690E-4,2.473610E-6,1.133960E-4,1.787501E+2
2.064633E+2,9.719800E+3,-1.193890E-4,3.039850E-6,1.194277E-4,1.785415E+2
2.066623E+2,9.708600E+3,-1.225480E-4,3.427280E-6,1.225959E-4,1.783980E+2
2.068633E+2,9.689100E+3,-1.294320E-4,4.738600E-6,1.295187E-4,1.779033E+2
2.070633E+2,9.676000E+3,-1.321440E-4,5.304840E-6,1.322504E-4,1.777011E+2
2.072623E+2,9.666500E+3,-1.350350E-4,5.126030E-6,1.351323E-4,1.778261E+2
2.074633E+2,9.643700E+3,-1.397140E-4,3.874330E-6,1.397677E-4,1.784116E+2
2.076623E+2,9.633400E+3,-1.426650E-4,2.712030E-6,1.426908E-4,1.789110E+2
2.078633E+2,9.624200E+3,-1.480890E-4,2.324600E-6,1.481072E-4,1.791007E+2
2.080623E+2,9.600400E+3,-1.561950E-4,1.281510E-6,1.562003E-4,1.795299E+2
2.082623E+2,9.591300E+3,-1.595920E-4,1.311310E-6,1.595974E-4,1.795292E+2
2.084623E+2,9.567100E+3,-1.656420E-4,2.056370E-6,1.656548E-4,1.792887E+2
2.086623E+2,9.558000E+3,-1.692480E-4,2.890840E-6,1.692727E-4,1.790215E+2
2.088623E+2,9.536900E+3,-1.744940E-4,4.291560E-6,1.745468E-4,1.785911E+2
2.090623E+2,9.527900E+3,-1.781590E-4,3.814730E-6,1.781998E-4,1.787734E+2
2.092623E+2,9.507000E+3,-1.837620E-4,2.980250E-6,1.837862E-4,1.790709E+2
2.094633E+2,9.497500E+3,-1.873090E-4,4.112750E-6,1.873541E-4,1.787422E+2
2.096623E+2,9.476900E+3,-1.922560E-4,3.635900E-6,1.922904E-4,1.789166E+2
2.098633E+2,9.466700E+3,-1.951470E-4,3.993540E-6,1.951879E-4,1.788277E+2
2.100623E+2,9.446300E+3,-1.995270E-4,6.139310E-6,1.996214E-4,1.782376E+2
2.102623E+2,9.436700E+3,-2.017030E-4,7.718860E-6,2.018506E-4,1.778085E+2
2.104632E+2,9.425500E+3,-2.051300E-4,8.374510E-6,2.053009E-4,1.776622E+2
2.106632E+2,9.403000E+3,-2.118950E-4,6.556540E-6,2.119964E-4,1.782277E+2
2.108623E+2,9.391900E+3,-2.152330E-4,6.437330E-6,2.153292E-4,1.782869E+2
2.110632E+2,9.372200E+3,-2.210750E-4,3.159060E-6,2.210976E-4,1.791813E+2
2.112623E+2,9.361300E+3,-2.231010E-4,1.817950E-6,2.231084E-4,1.795331E+2
2.114623E+2,9.342300E+3,-2.279290E-4,1.639140E-6,2.279349E-4,1.795880E+2
2.116623E+2,9.331200E+3,-2.305220E-4,1.460320E-6,2.305266E-4,1.796370E+2
2.118633E+2,9.309000E+3,-2.361250E-4,-5.364450E-7,2.361256E-4,-1.798698E+2
2.120623E+2,9.298000E+3,-2.402370E-4,9.238760E-7,2.402388E-4,1.797797E+2
2.122633E+2,9.288800E+3,-2.436050E-4,1.132500E-6,2.436076E-4,1.797336E+2
2.124623E+2,9.265100E+3,-2.484640E-4,8.940730E-7,2.484656E-4,1.797938E+2
2.126633E+2,9.255700E+3,-2.495070E-4,1.370910E-6,2.495108E-4,1.796852E+2
2.128623E+2,9.234800E+3,-2.533220E-4,3.308070E-6,2.533436E-4,1.792518E+2
2.130633E+2,9.225600E+3,-2.545430E-4,3.606100E-6,2.545685E-4,1.791884E+2
2.132632E+2,9.204400E+3,-2.578220E-4,5.930690E-6,2.578902E-4,1.786823E+2
2.134632E+2,9.195400E+3,-2.582090E-4,6.347920E-6,2.582870E-4,1.785917E+2
2.136622E+2,9.174100E+3,-2.597590E-4,6.467130E-6,2.598395E-4,1.785738E+2
2.138622E+2,9.165000E+3,-2.612190E-4,6.288320E-6,2.612947E-4,1.786210E+2
2.140622E+2,9.144100E+3,-2.639910E-4,6.824760E-6,2.640792E-4,1.785191E+2
2.142633E+2,9.135000E+3,-2.648550E-4,7.987080E-6,2.649754E-4,1.782727E+2
2.144633E+2,9.121400E+3,-2.655110E-4,8.225500E-6,2.656384E-4,1.782256E+2
2.146622E+2,9.101700E+3,-2.665240E-4,7.391010E-6,2.666265E-4,1.784115E+2
2.148623E+2,9.088800E+3,-2.651230E-4,5.245240E-6,2.651749E-4,1.788666E+2
2.150623E+2,9.068500E+3,-2.653920E-4,2.563010E-6,2.654044E-4,1.794467E+2
2.152623E+2,9.058100E+3,-2.660470E-4,2.294790E-6,2.660569E-4,1.795058E+2
2.154622E+2,9.038200E+3,-2.670600E-4,-1.192100E-7,2.670600E-4,-1.799744E+2
2.156623E+2,9.027300E+3,-2.670310E-4,1.490130E-7,2.670310E-4,1.799680E+2
2.158633E+2,9.007800E+3,-2.628290E-4,1.281510E-6,2.628321E-4,1.797206E+2
2.160623E+2,8.996600E+3,-2.613090E-4,2.414000E-6,2.613202E-4,1.794707E+2
2.162623E+2,8.986900E+3,-2.599970E-4,2.115980E-6,2.600056E-4,1.795337E+2
2.164622E+2,8.964400E+3,-2.541560E-4,1.579530E-6,2.541609E-4,1.796439E+2
2.166623E+2,8.953700E+3,-2.506690E-4,1.907360E-6,2.506763E-4,1.795640E+2
2.168633E+2,8.931700E+3,-2.424430E-4,2.503410E-6,2.424559E-4,1.794084E+2
2.170633E+2,8.920400E+3,-2.380320E-4,3.844530E-6,2.380630E-4,1.790747E+2
2.172632E+2,8.907900E+3,-2.340090E-4,3.814730E-6,2.340401E-4,1.790661E+2
2.174622E+2,8.887300E+3,-2.256940E-4,3.725300E-6,2.257247E-4,1.790544E+2
2.176623E+2,8.874500E+3,-2.207470E-4,4.112750E-6,2.207853E-4,1.789326E+2
2.178623E+2,8.865300E+3,-2.143090E-4,3.457080E-6,2.143369E-4,1.790758E+2
2.180623E+2,8.844000E+3,-2.000940E-4,1.728540E-6,2.001015E-4,1.795051E+2
2.182623E+2,8.835000E+3,-1.932990E-4,1.877550E-6,1.933081E-4,1.794435E+2
2.184623E+2,8.810900E+3,-1.765500E-4,1.341110E-6,1.765551E-4,1.795648E+2
2.186623E+2,8.801800E+3,-1.687420E-4,-5.066430E-7,1.687428E-4,-1.798280E+2
2.188623E+2,8.791300E+3,-1.575960E-4,-2.384200E-6,1.576140E-4,-1.791333E+2
2.190633E+2,8.768400E+3,-1.387900E-4,-2.205390E-6,1.388075E-4,-1.790896E+2
2.192623E+2,8.757700E+3,-1.283890E-4,-5.960500E-7,1.283904E-4,-1.797340E+2
2.194633E+2,8.735200E+3,-1.093450E-4,2.682230E-7,1.093453E-4,1.798595E+2
2.196623E+2,8.725200E+3,-9.888460E-5,6.556550E-7,9.888677E-5,1.796201E+2
2.198633E+2,8.704900E+3,-8.022830E-5,6.258520E-7,8.023074E-5,1.795531E+2
2.200623E+2,8.694500E+3,-6.708550E-5,-5.960510E-8,6.708553E-5,-1.799491E+2
2.202633E+2,8.678600E+3,-5.573060E-5,-1.609330E-6,5.575383E-5,-1.783459E+2
2.204623E+2,8.668600E+3,-4.410770E-5,-1.996770E-6,4.415287E-5,-1.774080E+2
2.206633E+2,8.646100E+3,-2.282870E-5,-2.652420E-6,2.298227E-5,-1.733726E+2
2.208623E+2,8.635400E+3,-1.135470E-5,-2.890840E-6,1.171692E-5,-1.657163E+2
2.210622E+2,8.626400E+3,1.788150E-6,-2.354400E-6,2.956464E-6,-5.278359E+1
2.212623E+2,8.600600E+3,2.393140E-5,-1.192100E-6,2.396107E-5,-2.851730E+0
2.214633E+2,8.590200E+3,3.311060E-5,-6.556550E-7,3.311709E-5,-1.134421E+0
2.216623E+2,8.570100E+3,5.081320E-5,-5.960500E-7,5.081670E-5,-6.720613E-1
2.218633E+2,8.560100E+3,5.912800E-5,-2.384200E-7,5.912848E-5,-2.310307E-1
2.220623E+2,8.537900E+3,7.480430E-5,-2.980250E-7,7.480489E-5,-2.282688E-1
2.222633E+2,8.527000E+3,8.198670E-5,-1.639140E-6,8.200308E-5,-1.145348E+0
2.224633E+2,8.506900E+3,9.489110E-5,-3.159060E-6,9.494367E-5,-1.906754E+0
2.226622E+2,8.496600E+3,1.001660E-4,-2.652420E-6,1.002011E-4,-1.516852E+0
2.228623E+2,8.487200E+3,1.057390E-4,-2.086180E-6,1.057596E-4,-1.130272E+0
2.230633E+2,8.463100E+3,1.183450E-4,3.576300E-7,1.183455E-4,1.731432E-1
2.232632E+2,8.453600E+3,1.218030E-4,8.344690E-7,1.218059E-4,3.925257E-1
2.234622E+2,8.432800E+3,1.285680E-4,1.162300E-6,1.285733E-4,5.179599E-1
2.236623E+2,8.422800E+3,1.316970E-4,8.046660E-7,1.316995E-4,3.500717E-1
2.238623E+2,8.402400E+3,1.390290E-4,2.622620E-6,1.390537E-4,1.080690E+0
2.240633E+2,8.392900E+3,1.423960E-4,3.695500E-6,1.424439E-4,1.486622E+0
2.242623E+2,8.372100E+3,1.488930E-4,2.980250E-6,1.489228E-4,1.146682E+0
2.244633E+2,8.362000E+3,1.518740E-4,2.980250E-7,1.518743E-4,1.124324E-1
2.246622E+2,8.348000E+3,1.530660E-4,-1.519930E-6,1.530735E-4,-5.689226E-1
2.248623E+2,8.328400E+3,1.547350E-4,-1.430520E-6,1.547416E-4,-5.296825E-1
2.250633E+2,8.315200E+3,1.556880E-4,-1.221900E-6,1.556928E-4,-4.496703E-1
2.252623E+2,8.295900E+3,1.562250E-4,-2.145780E-6,1.562397E-4,-7.869189E-1
2.254633E+2,8.284600E+3,1.570290E-4,-3.129260E-6,1.570602E-4,-1.141634E+0
2.256632E+2,8.265100E+3,1.561350E-4,-2.652420E-6,1.561575E-4,-9.732466E-1
2.258622E+2,8.254000E+3,1.557180E-4,-2.861040E-6,1.557443E-4,-1.052589E+0
2.260632E+2,8.244900E+3,1.542880E-4,-1.758340E-6,1.542980E-4,-6.529419E-1
2.262633E+2,8.221300E+3,1.539300E-4,-5.960500E-7,1.539312E-4,-2.218605E-1
2.264622E+2,8.211600E+3,1.549430E-4,-5.960510E-8,1.549430E-4,-2.204114E-2
2.266633E+2,8.199600E+3,1.553900E-4,2.056370E-6,1.554036E-4,7.581855E-1
2.268623E+2,8.178600E+3,1.537510E-4,4.172350E-6,1.538076E-4,1.554457E+0
2.270633E+2,8.166700E+3,1.530660E-4,3.308070E-6,1.531017E-4,1.238087E+0
2.272623E+2,8.145600E+3,1.530060E-4,6.258520E-7,1.530073E-4,2.343600E-1
2.274623E+2,8.136500E+3,1.522610E-4,5.662480E-7,1.522621E-4,2.130780E-1
2.276622E+2,8.115300E+3,1.509790E-4,-1.668940E-6,1.509882E-4,-6.333286E-1
2.278633E+2,8.106200E+3,1.490130E-4,-1.162300E-6,1.490175E-4,-4.468975E-1
2.280632E+2,8.095100E+3,1.474930E-4,-8.940740E-8,1.474930E-4,-3.473159E-2
2.282622E+2,8.073000E+3,1.442740E-4,1.013290E-6,1.442776E-4,4.024030E-1
2.284623E+2,8.062800E+3,1.420980E-4,1.311310E-6,1.421041E-4,5.287224E-1
2.286632E+2,8.043000E+3,1.394460E-4,3.576300E-7,1.394465E-4,1.469432E-1
2.286632E+2,8.043000E+3,1.394460E-4,3.576300E-7,1.387100E-4,-6.524574E-1
2.290622E+2,8.013000E+3,1.362270E-4,-3.188860E-6,1.362643E-4,-1.340959E+0
2.292625E+2,7.999100E+3,1.350050E-4,-4.142550E-6,1.350685E-4,-1.757536E+0
2.294615E+2,7.988900E+3,1.341710E-4,-4.261760E-6,1.342387E-4,-1.819311E+0
2.296625E+2,7.966700E+3,1.316080E-4,-4.529980E-6,1.316859E-4,-1.971357E+0
2.298616E+2,7.955800E+3,1.318460E-4,-5.245240E-6,1.319503E-4,-2.278201E+0
2.300615E+2,7.934000E+3,1.320250E-4,-5.453850E-6,1.321376E-4,-2.365499E+0
2.302615E+2,7.922700E+3,1.322040E-4,-3.308070E-6,1.322454E-4,-1.433383E+0
2.304625E+2,7.910100E+3,1.311010E-4,-1.430520E-6,1.311088E-4,-6.251631E-1
2.306615E+2,7.889900E+3,1.286280E-4,-4.172340E-7,1.286287E-4,-1.858512E-1
2.308626E+2,7.879700E+3,1.269590E-4,-3.874320E-7,1.269596E-4,-1.748450E-1
2.310616E+2,7.859100E+3,1.244850E-4,-1.758340E-6,1.244974E-4,-8.092442E-1
2.312625E+2,7.846300E+3,1.227860E-4,-2.443800E-6,1.228103E-4,-1.140203E+0
2.314616E+2,7.826200E+3,1.205510E-4,-4.470370E-7,1.205518E-4,-2.124679E-1
2.316616E+2,7.815800E+3,1.192690E-4,3.576300E-7,1.192695E-4,1.718018E-1
2.318616E+2,7.806600E+3,1.189420E-4,1.490130E-7,1.189421E-4,7.178130E-2
2.320615E+2,7.785600E+3,1.173020E-4,-2.384200E-7,1.173022E-4,-1.164553E-1
2.322616E+2,7.776100E+3,1.162000E-4,1.043090E-6,1.162047E-4,5.143120E-1
2.324626E+2,7.752400E+3,1.161400E-4,9.834840E-7,1.161442E-4,4.851742E-1
2.326625E+2,7.743300E+3,1.148880E-4,9.834840E-7,1.148922E-4,4.904612E-1
2.328625E+2,7.732200E+3,1.152460E-4,-6.556550E-7,1.152479E-4,-3.259624E-1
2.330616E+2,7.710100E+3,1.151270E-4,-1.728540E-6,1.151400E-4,-8.601858E-1
2.332626E+2,7.699800E+3,1.134280E-4,-1.043090E-6,1.134328E-4,-5.268802E-1
2.334626E+2,7.679800E+3,1.096730E-4,4.768410E-7,1.096740E-4,2.491115E-1
2.336616E+2,7.668900E+3,1.086300E-4,8.046660E-7,1.086330E-4,4.244051E-1
2.338616E+2,7.649500E+3,1.070800E-4,3.427280E-6,1.071348E-4,1.833224E+0
2.340626E+2,7.638200E+3,1.073480E-4,2.920640E-6,1.073877E-4,1.558474E+0
2.342616E+2,7.616300E+3,1.053810E-4,2.533210E-6,1.054114E-4,1.377044E+0
2.344616E+2,7.605500E+3,1.046660E-4,9.238760E-7,1.046701E-4,5.057308E-1
2.346616E+2,7.594800E+3,1.047850E-4,-2.086170E-7,1.047852E-4,-1.140703E-1
2.348625E+2,7.571800E+3,1.015970E-4,-1.788150E-7,1.015972E-4,-1.008429E-1
2.350626E+2,7.561700E+3,9.986800E-5,-1.549730E-6,9.988002E-5,-8.890322E-1
2.352626E+2,7.539400E+3,1.007620E-4,-1.847750E-6,1.007789E-4,-1.050559E+0
2.354616E+2,7.528400E+3,9.933160E-5,-2.175580E-6,9.935542E-5,-1.254703E+0
2.356615E+2,7.516100E+3,9.614280E-5,-2.205390E-6,9.616809E-5,-1.314060E+0
2.358616E+2,7.495700E+3,9.307310E-5,-8.940730E-7,9.307739E-5,-5.503742E-1
2.360626E+2,7.486100E+3,9.304330E-5,5.364450E-7,9.304485E-5,3.303375E-1
2.362616E+2,7.465200E+3,9.360960E-5,7.152590E-7,9.361233E-5,4.377812E-1
2.364616E+2,7.456100E+3,9.366920E-5,1.460320E-6,9.368058E-5,8.931794E-1
2.366615E+2,7.445700E+3,9.375860E-5,1.430520E-6,9.376951E-5,8.741214E-1
2.368616E+2,7.422900E+3,9.414600E-5,8.642710E-7,9.414997E-5,5.259670E-1
2.370616E+2,7.402100E+3,9.247710E-5,7.450620E-7,9.248010E-5,4.616060E-1
2.372616E+2,7.392800E+3,9.173200E-5,0.000000E+0,9.173200E-5,0.000000E+0
2.374616E+2,7.382700E+3,9.119560E-5,-4.470370E-7,9.119670E-5,-2.808593E-1
2.376615E+2,7.362600E+3,8.836440E-5,-5.960500E-7,8.836641E-5,-3.864750E-1
2.378616E+2,7.352000E+3,8.741070E-5,-1.758340E-6,8.742838E-5,-1.152398E+0
2.380615E+2,7.332300E+3,8.672520E-5,3.576300E-7,8.672594E-5,2.362701E-1
2.382616E+2,7.321100E+3,8.690400E-5,1.758340E-6,8.692179E-5,1.159115E+0
2.384615E+2,7.301600E+3,8.606960E-5,2.354400E-6,8.610180E-5,1.566913E+0
2.386616E+2,7.290300E+3,8.553310E-5,1.549730E-6,8.554714E-5,1.037999E+0
2.388626E+2,7.268700E+3,8.449000E-5,4.172340E-7,8.449103E-5,2.829394E-1
2.390615E+2,7.257700E+3,8.380460E-5,7.450620E-7,8.380791E-5,5.093728E-1
2.392616E+2,7.247400E+3,8.347680E-5,7.450620E-7,8.348012E-5,5.113729E-1
2.394625E+2,7.226700E+3,8.425160E-5,2.682230E-7,8.425203E-5,1.824060E-1
2.396615E+2,7.214000E+3,8.544370E-5,2.980250E-8,8.544371E-5,1.998459E-2
2.398615E+2,7.194200E+3,8.577150E-5,8.940730E-7,8.577616E-5,5.972235E-1
2.400626E+2,7.181100E+3,8.496690E-5,0.000000E+0,8.496690E-5,0.000000E+0
2.402616E+2,7.171500E+3,8.338740E-5,-5.960510E-8,8.338742E-5,-4.095487E-2
2.404625E+2,7.150400E+3,8.010910E-5,-1.519930E-6,8.012352E-5,-1.086957E+0
2.406616E+2,7.141300E+3,7.933420E-5,-2.026570E-6,7.936008E-5,-1.463286E+0
2.408626E+2,7.120300E+3,7.927460E-5,-2.592820E-6,7.931699E-5,-1.873295E+0
2.410616E+2,7.111500E+3,7.835080E-5,-3.427280E-6,7.842572E-5,-2.504679E+0
2.412615E+2,7.090400E+3,7.841040E-5,-3.129260E-6,7.847282E-5,-2.285389E+0
2.414615E+2,7.081200E+3,7.829120E-5,-2.801430E-6,7.834130E-5,-2.049294E+0
2.416615E+2,7.060000E+3,7.867860E-5,-7.748640E-7,7.868242E-5,-5.642577E-1
2.418626E+2,7.039100E+3,7.835080E-5,-7.450620E-7,7.835434E-5,-5.448269E-1
2.420625E+2,7.029800E+3,7.751630E-5,-8.046660E-7,7.752048E-5,-5.947434E-1
2.422616E+2,7.019600E+3,7.695010E-5,-8.940730E-7,7.695529E-5,-6.656821E-1
2.424615E+2,6.999300E+3,7.623480E-5,3.874320E-7,7.623578E-5,2.911797E-1
2.426616E+2,6.988600E+3,7.596660E-5,1.221900E-6,7.597643E-5,9.215060E-1
2.428626E+2,6.966100E+3,7.557920E-5,-2.682230E-7,7.557968E-5,-2.033361E-1
2.430625E+2,6.956200E+3,7.516190E-5,-2.980250E-8,7.516191E-5,-2.271839E-2
2.432615E+2,6.944900E+3,7.513210E-5,1.013290E-6,7.513893E-5,7.726887E-1
2.434625E+2,6.923600E+3,7.453610E-5,3.159060E-6,7.460302E-5,2.426912E+0
2.436626E+2,6.912300E+3,7.551960E-5,4.798200E-6,7.567188E-5,3.635448E+0
2.438616E+2,6.890100E+3,7.614540E-5,4.559780E-6,7.628180E-5,3.426925E+0
2.440615E+2,6.878700E+3,7.680110E-5,4.917410E-6,7.695836E-5,3.663525E+0
2.442615E+2,6.869300E+3,7.751630E-5,5.096230E-6,7.768364E-5,3.761440E+0
2.444616E+2,6.846200E+3,7.861900E-5,4.142550E-6,7.872806E-5,3.016209E+0
2.446625E+2,6.835800E+3,7.864880E-5,3.218670E-6,7.871463E-5,2.343499E+0
2.448626E+2,6.815300E+3,7.605600E-5,1.877550E-6,7.607917E-5,1.414140E+0
2.450616E+2,6.802500E+3,7.528110E-5,2.086180E-6,7.531000E-5,1.587367E+0
2.452616E+2,6.793500E+3,7.417840E-5,2.443800E-6,7.421864E-5,1.886921E+0
2.454625E+2,6.769900E+3,7.376120E-5,3.278270E-7,7.376193E-5,2.546458E-1
2.456626E+2,6.760500E+3,7.271810E-5,-1.192100E-6,7.272787E-5,-9.391910E-1
2.458616E+2,6.737500E+3,7.072140E-5,-1.192100E-6,7.073145E-5,-9.657025E-1
2.460626E+2,6.727200E+3,6.973790E-5,5.960510E-8,6.973793E-5,4.897079E-2
2.462615E+2,6.715100E+3,6.938030E-5,1.192100E-7,6.938040E-5,9.844615E-2
2.464615E+2,6.693900E+3,6.905240E-5,-1.341110E-6,6.906542E-5,-1.112637E+0
2.466625E+2,6.684800E+3,6.967830E-5,-7.450620E-7,6.968228E-5,-6.126338E-1
2.468615E+2,6.663600E+3,6.997630E-5,8.940740E-8,6.997636E-5,7.320570E-2
2.470616E+2,6.654400E+3,6.926110E-5,-8.940730E-7,6.926687E-5,-7.395748E-1
2.472626E+2,6.633200E+3,6.961870E-5,-1.430520E-6,6.963340E-5,-1.177144E+0
2.474615E+2,6.623800E+3,6.943990E-5,-3.874320E-7,6.944098E-5,-3.196720E-1
2.476616E+2,6.609800E+3,7.021470E-5,1.490120E-6,7.023051E-5,1.215768E+0
2.478615E+2,6.588100E+3,7.000610E-5,4.112750E-6,7.012680E-5,3.362174E+0
2.480626E+2,6.577300E+3,7.095980E-5,3.159060E-6,7.103008E-5,2.549068E+0
2.482615E+2,6.557700E+3,7.224130E-5,2.533210E-6,7.228570E-5,2.008308E+0
2.484625E+2,6.546600E+3,7.325460E-5,2.473610E-6,7.329635E-5,1.933989E+0
2.486616E+2,6.527200E+3,7.510230E-5,2.861040E-6,7.515678E-5,2.181641E+0
2.488626E+2,6.516000E+3,7.489370E-5,3.069650E-6,7.495658E-5,2.347055E+0
2.490616E+2,6.506600E+3,7.537050E-5,3.010050E-6,7.543058E-5,2.286990E+0
2.492616E+2,6.483300E+3,7.545990E-5,1.162300E-6,7.546885E-5,8.824504E-1
2.494616E+2,6.473100E+3,7.578780E-5,3.278270E-7,7.578851E-5,2.478365E-1
2.496616E+2,6.452400E+3,7.772490E-5,2.235190E-6,7.775703E-5,1.647241E+0
2.498615E+2,6.442700E+3,7.769510E-5,2.086180E-6,7.772310E-5,1.538071E+0
2.500625E+2,6.421800E+3,7.614540E-5,-5.066430E-7,7.614709E-5,-3.812191E-1
2.502625E+2,6.412500E+3,7.557920E-5,-8.046660E-7,7.558348E-5,-6.099856E-1
2.504615E+2,6.402300E+3,7.534070E-5,-9.536820E-7,7.534674E-5,-7.252260E-1
2.506616E+2,6.379100E+3,7.581760E-5,1.370910E-6,7.582999E-5,1.035891E+0
2.508625E+2,6.369600E+3,7.668180E-5,1.370910E-6,7.669405E-5,1.024219E+0
2.510625E+2,6.345600E+3,7.787390E-5,4.470370E-7,7.787518E-5,3.289042E-1
2.512616E+2,6.336500E+3,7.757590E-5,1.490130E-7,7.757604E-5,1.100574E-1
2.514615E+2,6.315100E+3,7.674140E-5,1.341110E-6,7.675312E-5,1.001182E+0
2.516616E+2,6.306000E+3,7.596660E-5,-2.980250E-8,7.596661E-5,-2.247774E-2
2.518616E+2,6.294700E+3,7.447650E-5,-2.980250E-8,7.447651E-5,-2.292747E-2
2.520626E+2,6.273000E+3,7.364200E-5,-1.072890E-6,7.364982E-5,-8.346829E-1
2.522615E+2,6.262200E+3,7.456590E-5,-2.384200E-6,7.460401E-5,-1.831374E+0
2.524615E+2,6.239800E+3,7.563880E-5,-1.728540E-6,7.565855E-5,-1.309127E+0
2.526615E+2,6.228800E+3,7.700970E-5,-1.609330E-6,7.702651E-5,-1.197179E+0
2.528615E+2,6.215900E+3,7.680110E-5,-9.238760E-7,7.680666E-5,-6.892042E-1
2.530615E+2,6.196500E+3,7.477450E-5,1.013290E-6,7.478137E-5,7.763835E-1
2.532625E+2,6.185500E+3,7.328440E-5,2.920640E-6,7.334258E-5,2.282230E+0
2.534615E+2,6.165700E+3,7.334400E-5,3.337870E-6,7.341991E-5,2.605721E+0
2.536616E+2,6.155200E+3,7.268830E-5,3.576290E-6,7.277622E-5,2.816701E+0
2.538625E+2,6.135000E+3,7.215190E-5,4.649190E-6,7.230153E-5,3.686822E+0
2.540626E+2,6.122100E+3,7.292670E-5,2.235190E-6,7.296095E-5,1.755556E+0
2.542615E+2,6.113000E+3,7.215190E-5,1.847750E-6,7.217556E-5,1.466977E+0
2.544625E+2,6.089300E+3,7.116840E-5,6.258520E-7,7.117115E-5,5.038438E-1
2.546625E+2,6.079600E+3,7.027430E-5,-1.192100E-7,7.027440E-5,-9.719376E-2
2.548616E+2,6.058500E+3,6.762190E-5,-1.490120E-6,6.763832E-5,-1.262369E+0
2.550616E+2,6.049300E+3,6.744310E-5,-1.519930E-6,6.746022E-5,-1.291027E+0
2.552626E+2,6.027900E+3,6.461190E-5,-2.026570E-6,6.464367E-5,-1.796509E+0
2.554616E+2,6.018800E+3,6.347940E-5,-1.311310E-6,6.349294E-5,-1.183405E+0
2.556626E+2,6.007900E+3,6.252570E-5,-1.788150E-7,6.252596E-5,-1.638577E-1
2.558626E+2,5.985400E+3,5.927710E-5,-1.579530E-6,5.929814E-5,-1.526373E+0
2.560615E+2,5.975200E+3,5.850220E-5,-1.519930E-6,5.852194E-5,-1.488252E+0
2.562615E+2,5.955000E+3,5.793590E-5,-2.771630E-6,5.800216E-5,-2.738919E+0
2.564626E+2,5.944500E+3,5.713130E-5,-2.801430E-6,5.719994E-5,-2.807247E+0
2.566615E+2,5.924700E+3,5.471730E-5,-1.668940E-6,5.474275E-5,-1.747045E+0
2.568626E+2,5.913700E+3,5.289940E-5,-2.086170E-7,5.289981E-5,-2.259536E-1
2.570616E+2,5.894400E+3,5.257150E-5,-8.940730E-7,5.257910E-5,-9.743240E-1
2.572625E+2,5.883200E+3,5.266090E-5,2.980250E-8,5.266091E-5,3.242552E-2
2.574615E+2,5.863900E+3,5.045560E-5,1.281510E-6,5.047187E-5,1.454929E+0
2.576616E+2,5.852700E+3,4.786280E-5,1.937170E-6,4.790199E-5,2.317690E+0
2.578615E+2,5.833400E+3,4.369040E-5,2.026570E-6,4.373738E-5,2.655749E+0
2.580625E+2,5.822500E+3,4.252810E-5,1.519930E-6,4.255525E-5,2.046847E+0
2.582615E+2,5.802600E+3,4.020360E-5,6.258520E-7,4.020847E-5,8.918550E-1
2.584616E+2,5.792200E+3,3.954790E-5,-1.788150E-7,3.954830E-5,-2.590599E-1
2.586626E+2,5.770400E+3,3.862400E-5,1.192100E-7,3.862418E-5,1.768385E-1
2.588616E+2,5.759200E+3,3.752140E-5,1.490130E-7,3.752170E-5,2.275440E-1
2.590615E+2,5.739500E+3,3.623990E-5,-1.788150E-7,3.624034E-5,-2.827067E-1
2.592625E+2,5.728700E+3,3.400470E-5,-2.384200E-7,3.400554E-5,-4.017161E-1
2.594626E+2,5.716600E+3,3.400470E-5,5.960510E-8,3.400475E-5,1.004307E-1
2.596615E+2,5.695400E+3,3.376630E-5,-5.960510E-8,3.376635E-5,-1.011398E-1
2.598615E+2,5.686100E+3,3.287220E-5,1.072890E-6,3.288970E-5,1.869369E+0
2.600615E+2,5.664500E+3,2.929580E-5,1.847750E-6,2.935401E-5,3.608989E+0
2.602615E+2,5.655400E+3,2.747790E-5,1.996770E-6,2.755036E-5,4.156277E+0
2.604616E+2,5.633800E+3,2.449760E-5,1.490120E-6,2.454288E-5,3.480852E+0
2.606615E+2,5.624700E+3,2.342470E-5,1.788150E-6,2.349285E-5,4.365270E+0
2.608615E+2,5.611800E+3,2.244130E-5,1.132500E-6,2.246986E-5,2.888980E+0
2.610615E+2,5.588600E+3,2.083190E-5,8.940740E-8,2.083209E-5,2.459034E-1
2.612615E+2,5.579400E+3,2.095110E-5,-1.817950E-6,2.102982E-5,-4.959197E+0
2.614615E+2,5.558700E+3,2.035510E-5,-1.639140E-6,2.042099E-5,-4.603937E+0
2.616616E+2,5.546100E+3,1.928220E-5,-5.662480E-7,1.929051E-5,-1.682085E+0
2.618616E+2,5.535900E+3,1.886500E-5,1.579530E-6,1.893101E-5,4.786102E+0
2.620616E+2,5.516300E+3,1.820930E-5,2.771630E-6,1.841903E-5,8.654540E+0
2.622626E+2,5.505000E+3,1.731530E-5,1.788150E-6,1.740739E-5,5.896031E+0
2.624616E+2,5.485500E+3,1.487140E-5,-8.940740E-8,1.487167E-5,-3.444602E-1
2.626625E+2,5.474100E+3,1.302370E-5,-1.251700E-6,1.308371E-5,-5.489801E+0
2.628615E+2,5.454600E+3,1.207000E-5,-2.205390E-6,1.226983E-5,-1.035467E+1
2.630615E+2,5.443400E+3,1.096730E-5,-1.817950E-6,1.111695E-5,-9.411823E+0
2.632615E+2,5.423700E+3,1.078850E-5,-2.622620E-6,1.110270E-5,-1.366324E+1
2.634615E+2,5.413000E+3,1.010300E-5,-2.205390E-6,1.034091E-5,-1.231397E+1
2.636615E+2,5.404000E+3,1.001360E-5,-8.046660E-7,1.004588E-5,-4.594263E+0
2.636615E+2,5.404000E+3,1.001360E-5,-8.046660E-7,9.477950E-6,-7.206633E-1
2.640615E+2,5.371300E+3,8.881150E-6,4.470370E-7,8.892394E-6,2.881579E+0
2.642615E+2,5.347300E+3,8.404310E-6,-1.102690E-6,8.476341E-6,-7.474813E+0
2.644615E+2,5.338200E+3,8.642730E-6,-1.102690E-6,8.712790E-6,-7.270848E+0
2.646615E+2,5.327700E+3,7.331400E-6,-3.874320E-7,7.341630E-6,-3.025014E+0
2.648625E+2,5.305200E+3,5.900890E-6,-3.457080E-6,6.838999E-6,-3.036422E+1
2.650616E+2,5.295200E+3,5.960490E-6,-4.977020E-6,7.765190E-6,-3.986194E+1
2.652625E+2,5.274700E+3,6.884370E-6,-4.857810E-6,8.425727E-6,-3.520790E+1
2.654616E+2,5.264400E+3,5.662470E-6,-3.665700E-6,6.745437E-6,-3.291771E+1
2.656615E+2,5.244400E+3,3.099460E-6,-3.844530E-6,4.938326E-6,-5.112424E+1
2.658615E+2,5.233300E+3,2.384200E-6,-3.278270E-6,4.053574E-6,-5.397259E+1
2.660615E+2,5.211000E+3,4.768410E-7,-2.741830E-6,2.782986E-6,-8.013417E+1
2.662616E+2,5.201000E+3,1.788150E-7,-1.698740E-6,1.708125E-6,-8.399099E+1
2.664626E+2,5.180900E+3,-4.768410E-7,-1.400720E-6,1.479660E-6,-1.087999E+2
2.666616E+2,5.170200E+3,1.490130E-7,-1.102690E-6,1.112713E-6,-8.230391E+1
2.668625E+2,5.150600E+3,2.235190E-6,-5.364450E-7,2.298662E-6,-1.349572E+1
2.670626E+2,5.139500E+3,3.457080E-6,5.960510E-8,3.457594E-6,9.877649E-1
2.672626E+2,5.126600E+3,3.337870E-6,8.642710E-7,3.447947E-6,1.451672E+1
2.674616E+2,5.105100E+3,1.907360E-6,2.384200E-6,3.053266E-6,5.134019E+1
2.676626E+2,5.093800E+3,2.145780E-6,1.966970E-6,2.910901E-6,4.251052E+1
2.678615E+2,5.084000E+3,2.384200E-6,2.354400E-6,3.350762E-6,4.463969E+1
2.680626E+2,5.061100E+3,4.708800E-6,1.549730E-6,4.957263E-6,1.821708E+1
2.682626E+2,5.050600E+3,7.182390E-6,9.238760E-7,7.241566E-6,7.329749E+0
2.684615E+2,5.030300E+3,9.596410E-6,-5.066430E-7,9.609775E-6,-3.022128E+0
2.686615E+2,5.020200E+3,9.864630E-6,-1.788150E-7,9.866251E-6,-1.038480E+0
2.688616E+2,5.010900E+3,1.001360E-5,-2.384200E-7,1.001644E-5,-1.363933E+0
2.690616E+2,4.986900E+3,1.031170E-5,-9.536820E-7,1.035571E-5,-5.283993E+0
2.692625E+2,4.977900E+3,9.894430E-6,-1.370910E-6,9.988951E-6,-7.888321E+0
2.694625E+2,4.956500E+3,8.165890E-6,-8.344690E-7,8.208416E-6,-5.834779E+0
2.696626E+2,4.944600E+3,7.331400E-6,-9.536820E-7,7.393168E-6,-7.411523E+0
2.698615E+2,4.923300E+3,7.122780E-6,-1.609330E-6,7.302324E-6,-1.273171E+1
2.700625E+2,4.914100E+3,6.109510E-6,-1.579530E-6,6.310390E-6,-1.449563E+1
2.702615E+2,4.892800E+3,5.334640E-6,-1.639140E-6,5.580785E-6,-1.708028E+1
2.704615E+2,4.883700E+3,4.202160E-6,-3.278270E-7,4.214928E-6,-4.460834E+0
2.706615E+2,4.862600E+3,3.039850E-6,1.549730E-6,3.412089E-6,2.701270E+1
2.708616E+2,4.853300E+3,2.920640E-6,1.072890E-6,3.111468E-6,2.017069E+1
2.710615E+2,4.842000E+3,3.248470E-6,-8.046660E-7,3.346647E-6,-1.391248E+1
2.712626E+2,4.820500E+3,2.712030E-6,-2.175580E-6,3.476817E-6,-3.873645E+1
2.714616E+2,4.806800E+3,2.503410E-6,-1.758340E-6,3.059219E-6,-3.508336E+1
2.716626E+2,4.787100E+3,9.536820E-7,-8.344690E-7,1.267221E-6,-4.118583E+1
2.718616E+2,4.776000E+3,6.556550E-7,-1.311310E-6,1.466089E-6,-6.343495E+1
2.720626E+2,4.756500E+3,1.341110E-6,-1.490120E-6,2.004753E-6,-4.801275E+1
2.722615E+2,4.745300E+3,2.890840E-6,-1.579530E-6,3.294218E-6,-2.865181E+1
2.724626E+2,4.735900E+3,3.606100E-6,-1.072890E-6,3.762320E-6,-1.656884E+1
2.726616E+2,4.714600E+3,4.172350E-6,-2.682230E-7,4.180963E-6,-3.678246E+0
2.728625E+2,4.705400E+3,4.589590E-6,-7.152590E-7,4.644990E-6,-8.857937E+0
2.730615E+2,4.684100E+3,4.857810E-6,-2.414000E-6,5.424547E-6,-2.642424E+1
2.732625E+2,4.675000E+3,3.904130E-6,-2.801430E-6,4.805231E-6,-3.566154E+1
2.734616E+2,4.651100E+3,2.115980E-6,-1.341110E-6,2.505184E-6,-3.236656E+1
2.736626E+2,4.641800E+3,2.175580E-6,-1.192100E-7,2.178844E-6,-3.136362E+0
2.738626E+2,4.620500E+3,-5.066430E-7,-1.162300E-6,1.267923E-6,-1.135522E+2
2.740625E+2,4.611500E+3,-1.996770E-6,-2.354400E-6,3.087117E-6,-1.303013E+2
2.742616E+2,4.590200E+3,-4.261760E-6,-2.890840E-6,5.149714E-6,-1.458501E+2
2.744626E+2,4.578300E+3,-4.053140E-6,-3.218670E-6,5.175691E-6,-1.415463E+2
2.746615E+2,4.568300E+3,-3.516690E-6,-5.185630E-6,6.265610E-6,-1.241436E+2
2.748616E+2,4.544800E+3,-2.056370E-6,-4.708800E-6,5.138235E-6,-1.135913E+2
2.750615E+2,4.535600E+3,-6.854570E-7,-3.039850E-6,3.116174E-6,-1.027071E+2
2.752615E+2,4.524300E+3,2.384200E-7,-8.940730E-7,9.253165E-7,-7.506855E+1
2.754616E+2,4.502500E+3,1.341110E-6,2.175580E-6,2.555724E-6,5.834875E+1
2.756626E+2,4.490200E+3,2.026570E-6,2.294790E-6,3.061543E-6,4.855170E+1
2.758615E+2,4.469800E+3,2.354400E-6,6.258520E-7,2.436163E-6,1.488624E+1
2.760626E+2,4.459900E+3,2.324600E-6,5.960510E-8,2.325364E-6,1.468800E+0
2.762615E+2,4.439700E+3,1.758340E-6,3.546490E-6,3.958453E-6,6.362791E+1
2.764626E+2,4.429200E+3,4.768410E-7,4.738600E-6,4.762532E-6,8.425372E+1
2.766626E+2,4.409300E+3,-2.980250E-7,3.218670E-6,3.232438E-6,9.529008E+1
2.768615E+2,4.398200E+3,-4.768410E-7,1.370910E-6,1.451472E-6,1.091791E+2
2.770625E+2,4.378600E+3,-5.960510E-8,2.384200E-7,2.457577E-7,1.040363E+2
2.772625E+2,4.367200E+3,9.536820E-7,2.056370E-6,2.266753E-6,6.511956E+1
2.774626E+2,4.354400E+3,2.622620E-6,2.831240E-6,3.859282E-6,4.719060E+1
2.776626E+2,4.334500E+3,1.996770E-6,9.238760E-7,2.200145E-6,2.482928E+1
2.778615E+2,4.324000E+3,2.533210E-6,2.384200E-7,2.544405E-6,5.376711E+0
2.780615E+2,4.303700E+3,3.159060E-6,1.549730E-6,3.518710E-6,2.613104E+1
2.782615E+2,4.293700E+3,2.890840E-6,1.251700E-6,3.150192E-6,2.341205E+1
2.784625E+2,4.273100E+3,1.788150E-6,-1.788150E-7,1.797069E-6,-5.710593E+0
2.786616E+2,4.260600E+3,1.162300E-6,-7.748640E-7,1.396909E-6,-3.368998E+1
2.788615E+2,4.251600E+3,1.519930E-6,-6.854570E-7,1.667345E-6,-2.427439E+1
2.790616E+2,4.230300E+3,9.834840E-7,6.258520E-7,1.165732E-6,3.247113E+1
2.792625E+2,4.221100E+3,1.311310E-6,5.662480E-7,1.428345E-6,2.335558E+1
2.794616E+2,4.196900E+3,4.768410E-7,7.450620E-7,8.845873E-7,5.738069E+1
2.796625E+2,4.187500E+3,-7.152590E-7,5.960500E-7,9.310591E-7,1.401944E+2
2.798616E+2,4.177100E+3,-1.400720E-6,6.258520E-7,1.534180E-6,1.559246E+2
2.800615E+2,4.154400E+3,-5.364450E-7,5.960500E-7,8.019033E-7,1.319872E+2
2.802616E+2,4.143300E+3,9.238760E-7,5.066430E-7,1.053676E-6,2.873986E+1
2.804626E+2,4.121000E+3,4.768410E-7,5.662480E-7,7.402798E-7,4.989906E+1
2.806616E+2,4.110700E+3,-1.788150E-7,4.768410E-7,5.092663E-7,1.105560E+2
2.808616E+2,4.097500E+3,3.278270E-7,1.043090E-6,1.093393E-6,7.255288E+1
2.810616E+2,4.078100E+3,9.238760E-7,3.278270E-7,9.803150E-7,1.953666E+1
2.812615E+2,4.064900E+3,9.536820E-7,-5.960510E-8,9.555428E-7,-3.576333E+0
2.814625E+2,4.045000E+3,-1.490130E-7,-1.162300E-6,1.171813E-6,-9.730577E+1
2.816615E+2,4.033900E+3,-1.460320E-6,-1.311310E-6,1.962669E-6,-1.380774E+2
2.818615E+2,4.014300E+3,-3.427280E-6,-1.311310E-6,3.669575E-6,-1.590627E+2
2.820626E+2,4.002900E+3,-1.937170E-6,-6.854570E-7,2.054867E-6,-1.605140E+2
2.822616E+2,3.983400E+3,-6.258520E-7,3.576300E-7,7.208259E-7,1.502551E+2
2.824626E+2,3.972100E+3,-6.556550E-7,1.728540E-6,1.848711E-6,1.107723E+2
2.826616E+2,3.962900E+3,-4.768410E-7,3.248470E-6,3.283281E-6,9.835078E+1
2.828626E+2,3.939300E+3,-1.311310E-6,4.738600E-6,4.916692E-6,1.054683E+2
2.830616E+2,3.929400E+3,-2.473610E-6,3.218670E-6,4.059382E-6,1.275430E+2
2.832616E+2,3.908500E+3,-3.337870E-6,7.152590E-7,3.413645E-6,1.679052E+2
2.834616E+2,3.899100E+3,-3.308070E-6,-8.940740E-8,3.309278E-6,-1.784518E+2
2.836616E+2,3.877800E+3,-9.238760E-7,-4.172340E-7,1.013721E-6,-1.556955E+2
2.838616E+2,3.868700E+3,8.046660E-7,-4.470370E-7,9.205050E-7,-2.905462E+1
2.840625E+2,3.847400E+3,1.490120E-6,-1.788150E-7,1.500811E-6,-6.842796E+0
2.842616E+2,3.838400E+3,1.430520E-6,-3.278270E-7,1.467603E-6,-1.290739E+1
2.844616E+2,3.817100E+3,2.712030E-6,1.192100E-6,2.962467E-6,2.372837E+1
2.846615E+2,3.807700E+3,3.278270E-6,1.281510E-6,3.519847E-6,2.135105E+1
2.848615E+2,3.796400E+3,3.010050E-6,1.221900E-6,3.248606E-6,2.209421E+1
2.850625E+2,3.774700E+3,3.516690E-6,2.831240E-6,4.514757E-6,3.883708E+1
2.852615E+2,3.763800E+3,3.367680E-6,3.397480E-6,4.783737E-6,4.525238E+1
2.854616E+2,3.741600E+3,2.264990E-6,1.639140E-6,2.795883E-6,3.589271E+1
2.856625E+2,3.731500E+3,6.258520E-7,9.238760E-7,1.115902E-6,5.588551E+1
2.858615E+2,3.720300E+3,-8.642710E-7,8.940740E-8,8.688832E-7,1.740939E+2
2.860616E+2,3.698800E+3,-4.768410E-7,-1.192100E-7,4.915164E-7,-1.659638E+2
2.862616E+2,3.687500E+3,1.370910E-6,7.450620E-7,1.560292E-6,2.852319E+1
2.864616E+2,3.665200E+3,3.069650E-6,1.609330E-6,3.465933E-6,2.766674E+1
2.866625E+2,3.654800E+3,3.010050E-6,9.238760E-7,3.148642E-6,1.706284E+1
2.868625E+2,3.644300E+3,2.682220E-6,-2.086170E-7,2.690321E-6,-4.447383E+0
2.870615E+2,3.623800E+3,-4.470370E-7,-9.238760E-7,1.026347E-6,-1.158210E+2
2.872616E+2,3.604300E+3,-2.384200E-7,1.788150E-7,2.980250E-7,1.431301E+2
2.874625E+2,3.592900E+3,9.834840E-7,2.294790E-6,2.496658E-6,6.680136E+1
2.876626E+2,3.583600E+3,3.874320E-7,3.278270E-6,3.301084E-6,8.325994E+1
2.878616E+2,3.559200E+3,7.152590E-7,1.549730E-6,1.706827E-6,6.522489E+1
2.880616E+2,3.549900E+3,1.072890E-6,1.281510E-6,1.671335E-6,5.006367E+1
2.882616E+2,3.528500E+3,2.533210E-6,8.642710E-7,2.676587E-6,1.883842E+1
2.884626E+2,3.519500E+3,2.950440E-6,8.940740E-8,2.951794E-6,1.735707E+0
2.886616E+2,3.506800E+3,2.294790E-6,-2.980250E-8,2.294984E-6,-7.440600E-1
2.888615E+2,3.486300E+3,1.728540E-6,-1.728540E-6,2.444525E-6,-4.500000E+1
2.890616E+2,3.474100E+3,1.996770E-6,-1.460320E-6,2.473788E-6,-3.617954E+1
2.892625E+2,3.452800E+3,5.960500E-7,-8.940740E-8,6.027182E-7,-8.530756E+0
2.894616E+2,3.443600E+3,2.384200E-7,4.768410E-7,5.331242E-7,6.343500E+1
2.896624E+2,3.422900E+3,-1.817950E-6,2.592820E-6,3.166648E-6,1.250361E+2
2.898616E+2,3.410800E+3,-1.698740E-6,2.920640E-6,3.378736E-6,1.201837E+2
2.900616E+2,3.399900E+3,-1.251700E-6,2.712030E-6,2.986948E-6,1.147750E+2
2.902615E+2,3.380400E+3,1.102690E-6,1.639140E-6,1.975527E-6,5.607030E+1
2.904616E+2,3.369100E+3,9.238760E-7,9.834840E-7,1.349366E-6,4.679000E+1
2.906616E+2,3.347200E+3,-1.102690E-6,1.341110E-6,1.736232E-6,1.294278E+2
2.908615E+2,3.336500E+3,-1.341110E-6,1.817950E-6,2.259097E-6,1.264164E+2
2.910625E+2,3.323400E+3,-2.294790E-6,1.609330E-6,2.802856E-6,1.449581E+2
2.912615E+2,3.303900E+3,-9.238760E-7,3.039850E-6,3.177143E-6,1.069052E+2
2.914615E+2,3.292600E+3,2.086170E-7,2.592820E-6,2.601199E-6,8.539992E+1
2.916625E+2,3.273200E+3,1.698740E-6,1.162300E-6,2.058315E-6,3.438044E+1
2.918616E+2,3.262200E+3,2.980250E-7,-2.384200E-7,3.816582E-7,-3.865981E+1
2.920616E+2,3.239700E+3,-4.172340E-7,2.980250E-8,4.182970E-7,1.759144E+2
2.922625E+2,3.229500E+3,-2.384200E-7,-2.086170E-7,3.168046E-7,-1.388141E+2
2.924615E+2,3.220100E+3,8.940730E-7,-3.576300E-7,9.629464E-7,-2.180145E+1
2.926615E+2,3.198800E+3,1.519930E-6,-2.384200E-7,1.538516E-6,-8.914913E+0
2.928615E+2,3.186700E+3,1.490120E-6,-1.192100E-7,1.494881E-6,-4.573937E+0
2.930616E+2,3.165400E+3,1.996770E-6,5.960510E-8,1.997659E-6,1.709815E+0
2.932615E+2,3.156300E+3,2.324600E-6,-3.278270E-7,2.347602E-6,-8.027209E+0
2.934616E+2,3.135000E+3,8.344690E-7,-2.503410E-6,2.638826E-6,-7.156507E+1
2.936616E+2,3.126100E+3,-8.940740E-8,-3.844530E-6,3.845569E-6,-9.133222E+1
2.938616E+2,3.104700E+3,1.162300E-6,-4.202160E-6,4.359942E-6,-7.453878E+1
2.940616E+2,3.095600E+3,7.450620E-7,-2.861040E-6,2.956462E-6,-7.540344E+1
2.942615E+2,3.084600E+3,5.662480E-7,-2.801430E-6,2.858084E-6,-7.857287E+1
2.944615E+2,3.062200E+3,-1.490130E-7,-2.712030E-6,2.716121E-6,-9.314497E+1
2.946626E+2,3.051100E+3,-3.874320E-7,-3.218670E-6,3.241904E-6,-9.686368E+1
2.948615E+2,3.031700E+3,8.940740E-8,-3.188860E-6,3.190113E-6,-8.839400E+1
2.950616E+2,3.021500E+3,9.536820E-7,-3.099460E-6,3.242863E-6,-7.289724E+1
2.952615E+2,3.001800E+3,-6.258520E-7,-9.536820E-7,1.140702E-6,-1.232748E+2
2.954616E+2,2.990500E+3,-7.450620E-7,2.086170E-7,7.737173E-7,1.643578E+2
2.956615E+2,2.967900E+3,3.576300E-7,1.698740E-6,1.735977E-6,7.811133E+1
2.958616E+2,2.956600E+3,8.046660E-7,1.758340E-6,1.933713E-6,6.540983E+1
2.960615E+2,2.937100E+3,4.768410E-7,-4.470370E-7,6.536202E-7,-4.315230E+1
2.962615E+2,2.925900E+3,5.364450E-7,2.980250E-8,5.372722E-7,3.179830E+0
2.964625E+2,2.916700E+3,-2.980250E-7,3.874320E-7,4.887969E-7,1.275686E+2
2.966616E+2,2.893200E+3,-1.311310E-6,9.536820E-7,1.621432E-6,1.439726E+2
2.968616E+2,2.883100E+3,-2.056370E-6,8.046660E-7,2.208199E-6,1.586294E+2
2.970616E+2,2.862100E+3,-3.278270E-6,3.397480E-6,4.721221E-6,1.339770E+2
2.972616E+2,2.852400E+3,-2.473610E-6,3.010050E-6,3.896043E-6,1.294128E+2
2.974615E+2,2.831100E+3,-1.996770E-6,1.758340E-6,2.660611E-6,1.386331E+2
2.976625E+2,2.821900E+3,-1.758340E-6,4.768410E-7,1.821850E-6,1.648270E+2
2.978616E+2,2.800500E+3,-4.172340E-7,-1.788150E-7,4.539372E-7,-1.568014E+2
2.980615E+2,2.791400E+3,0.000000E+0,5.960510E-8,5.960510E-8,9.000000E+1
2.982625E+2,2.770000E+3,1.072890E-6,-4.470370E-7,1.162297E-6,-2.261984E+1
2.984615E+2,2.760900E+3,1.072890E-6,-4.470370E-7,1.162297E-6,-2.261984E+1
2.986615E+2,2.747900E+3,6.556550E-7,2.980250E-7,7.202100E-7,2.444396E+1
2.988615E+2,2.727800E+3,-2.354400E-6,-2.086180E-6,3.145687E-6,-1.384566E+2
2.990615E+2,2.715200E+3,-2.294790E-6,-1.788150E-6,2.909217E-6,-1.420735E+2
2.992616E+2,2.703900E+3,-1.817950E-6,-1.609330E-6,2.427938E-6,-1.384833E+2
2.994616E+2,2.682200E+3,-1.341110E-6,-7.152590E-7,1.519925E-6,-1.519275E+2
2.996615E+2,2.671200E+3,-1.281510E-6,-1.400720E-6,1.898495E-6,-1.324552E+2
2.998616E+2,2.648900E+3,-1.758340E-6,-7.450620E-7,1.909680E-6,-1.570362E+2
3.000626E+2,2.638700E+3,-2.831240E-6,-3.874320E-7,2.857625E-6,-1.722079E+2
3.002616E+2,2.627500E+3,-2.741830E-6,-4.768410E-7,2.782986E-6,-1.701342E+2
3.004616E+2,2.604800E+3,-2.622620E-6,-1.430520E-6,2.987394E-6,-1.513895E+2
3.006616E+2,2.593900E+3,-1.579530E-6,-2.205390E-6,2.712685E-6,-1.256108E+2
3.008615E+2,2.572100E+3,-5.066430E-7,-2.712030E-6,2.758948E-6,-1.005816E+2
3.010616E+2,2.560900E+3,-6.258520E-7,-2.890840E-6,2.957811E-6,-1.022157E+2
3.012616E+2,2.548500E+3,-8.940730E-7,-4.053140E-6,4.150580E-6,-1.024395E+2
3.014616E+2,2.528100E+3,-2.354400E-6,-3.457080E-6,4.182655E-6,-1.242563E+2
3.016616E+2,2.515200E+3,-2.115980E-6,-2.890840E-6,3.582503E-6,-1.262026E+2
3.018616E+2,2.495500E+3,4.470370E-7,-1.192100E-7,4.626587E-7,-1.493143E+1
3.020616E+2,2.484700E+3,-1.490130E-7,1.013290E-6,1.024188E-6,9.836587E+1
3.022616E+2,2.475500E+3,8.940740E-8,1.102690E-6,1.106309E-6,8.536453E+1
3.024626E+2,2.451300E+3,7.450620E-7,3.308070E-6,3.390936E-6,7.730732E+1
3.026616E+2,2.442100E+3,1.043090E-6,3.427280E-6,3.582497E-6,7.307242E+1
3.028615E+2,2.429100E+3,2.205390E-6,3.457080E-6,4.100628E-6,5.746480E+1
3.030627E+2,2.408600E+3,2.890840E-6,2.950440E-6,4.130624E-6,4.558458E+1
3.032626E+2,2.398100E+3,2.473610E-6,1.162300E-6,2.733073E-6,2.516790E+1
3.034616E+2,2.375200E+3,-1.192100E-7,7.748640E-7,7.839804E-7,9.874618E+1
3.036616E+2,2.365400E+3,-8.642710E-7,1.460320E-6,1.696909E-6,1.206186E+2
3.038616E+2,2.344700E+3,2.980250E-8,2.503410E-6,2.503587E-6,8.931794E+1
3.040615E+2,2.334500E+3,-1.192100E-7,2.652420E-6,2.655098E-6,9.257336E+1
3.042616E+2,2.314200E+3,5.364450E-7,1.281510E-6,1.389259E-6,6.728563E+1
3.044616E+2,2.303400E+3,2.086170E-7,1.490130E-7,2.563707E-7,3.553783E+1
3.046616E+2,2.283700E+3,-2.473610E-6,-1.639140E-6,2.967411E-6,-1.464695E+2
3.048625E+2,2.272500E+3,-4.440580E-6,-1.370910E-6,4.647380E-6,-1.628433E+2
3.050615E+2,2.259400E+3,-3.337870E-6,-8.940730E-7,3.455538E-6,-1.650049E+2
3.052615E+2,2.239700E+3,-2.026570E-6,-1.609330E-6,2.587843E-6,-1.415464E+2
3.054625E+2,2.226400E+3,-1.788150E-6,-2.235190E-6,2.862439E-6,-1.286598E+2
3.056615E+2,2.216600E+3,-3.576300E-7,-3.010050E-6,3.031221E-6,-9.677566E+1
3.058616E+2,2.195400E+3,4.470370E-7,-1.430520E-6,1.498743E-6,-7.264599E+1
3.060625E+2,2.186100E+3,9.536820E-7,-8.344690E-7,1.267221E-6,-4.118583E+1
3.062616E+2,2.162500E+3,4.768410E-7,-1.192100E-7,4.915164E-7,-1.403622E+1
3.064615E+2,2.152500E+3,-7.450620E-7,7.450620E-7,1.053677E-6,1.350000E+2
3.066616E+2,2.131600E+3,-1.251700E-6,2.205390E-6,2.535843E-6,1.195777E+2
3.068616E+2,2.122200E+3,-1.192100E-6,2.026570E-6,2.351189E-6,1.204655E+2
3.070626E+2,2.112200E+3,-1.758340E-6,9.536820E-7,2.000317E-6,1.515256E+2
3.072616E+2,2.085500E+3,-3.427280E-6,2.980250E-8,3.427410E-6,1.795018E+2
3.074616E+2,2.076400E+3,-3.635900E-6,3.278270E-7,3.650649E-6,1.748479E+2
3.076615E+2,2.055100E+3,-3.308070E-6,0.000000E+0,3.308070E-6,1.800000E+2
3.078625E+2,2.045500E+3,-2.443800E-6,-5.364450E-7,2.501986E-6,-1.676192E+2
3.080615E+2,2.032100E+3,-1.639140E-6,-4.172340E-7,1.691409E-6,-1.657190E+2
3.082616E+2,2.011700E+3,-1.877550E-6,6.556550E-7,1.988738E-6,1.607504E+2
3.084616E+2,1.998700E+3,-2.026570E-6,1.430520E-6,2.480599E-6,1.447824E+2
3.086634E+2,1.987000E+3,-3.129260E-6,2.175580E-6,3.811222E-6,1.451915E+2
3.088634E+2,1.964900E+3,-2.920640E-6,2.264990E-6,3.695987E-6,1.422060E+2
3.090623E+2,1.953400E+3,-3.069650E-6,9.834840E-7,3.223351E-6,1.622351E+2
3.092623E+2,1.933500E+3,-1.639140E-6,1.341110E-6,2.117866E-6,1.407107E+2
3.094634E+2,1.921900E+3,-8.344690E-7,8.046660E-7,1.159235E-6,1.360416E+2
3.096624E+2,1.902100E+3,2.980250E-7,3.576300E-7,4.655299E-7,5.019443E+1
3.098624E+2,1.890800E+3,8.046660E-7,1.490130E-7,8.183473E-7,1.049153E+1
3.100634E+2,1.869100E+3,4.768410E-7,9.536820E-7,1.066249E-6,6.343495E+1
3.102623E+2,1.857800E+3,-1.192100E-7,1.192100E-6,1.198046E-6,9.571059E+1
3.104634E+2,1.845300E+3,8.940730E-7,5.662480E-7,1.058302E-6,3.234752E+1
3.106633E+2,1.825600E+3,2.443800E-6,-2.980250E-7,2.461905E-6,-6.952972E+0
3.108623E+2,1.815300E+3,2.384200E-6,-1.430520E-6,2.780431E-6,-3.096376E+1
3.110634E+2,1.795500E+3,1.728540E-6,-2.592820E-6,3.116178E-6,-5.631004E+1
3.112623E+2,1.785900E+3,1.132500E-6,-3.159060E-6,3.355923E-6,-7.027761E+1
3.114634E+2,1.765700E+3,1.043090E-6,-3.099460E-6,3.270274E-6,-7.139989E+1
3.116624E+2,1.753800E+3,8.046660E-7,-3.367680E-6,3.462478E-6,-7.656183E+1
3.118623E+2,1.745200E+3,-1.192100E-7,-3.010050E-6,3.012410E-6,-9.226796E+1
3.120633E+2,1.725000E+3,-9.834840E-7,-5.692270E-6,5.776606E-6,-9.980253E+1
3.122634E+2,1.716300E+3,-1.043090E-6,-6.824760E-6,6.904012E-6,-9.868979E+1
3.124624E+2,1.696500E+3,-2.235190E-6,-4.977020E-6,5.455896E-6,-1.141849E+2
3.126633E+2,1.687400E+3,-2.443800E-6,-4.321370E-6,4.964514E-6,-1.194888E+2
3.128624E+2,1.665100E+3,-4.172340E-7,-3.904130E-6,3.926362E-6,-9.610004E+1
3.130634E+2,1.656600E+3,8.344690E-7,-2.861040E-6,2.980250E-6,-7.373982E+1
3.132634E+2,1.636700E+3,2.145780E-6,-2.086180E-6,2.992744E-6,-4.419314E+1
3.134624E+2,1.627800E+3,1.609330E-6,-1.758340E-6,2.383632E-6,-4.753353E+1
3.136624E+2,1.608300E+3,1.132500E-6,-1.162300E-6,1.622805E-6,-4.574400E+1
3.138634E+2,1.598900E+3,8.642710E-7,-1.698740E-6,1.905960E-6,-6.303429E+1
3.140624E+2,1.586400E+3,1.877550E-6,-2.384200E-6,3.034733E-6,-5.177968E+1
3.142624E+2,1.568100E+3,1.698740E-6,-3.993540E-6,4.339825E-6,-6.695646E+1
3.144634E+2,1.557400E+3,1.132500E-6,-4.529980E-6,4.669398E-6,-7.596370E+1
3.146634E+2,1.539000E+3,-2.384200E-7,-3.308070E-6,3.316651E-6,-9.412231E+1
3.148623E+2,1.528200E+3,5.960510E-8,-1.609330E-6,1.610433E-6,-8.787889E+1
3.150624E+2,1.507100E+3,5.364450E-7,-1.788150E-7,5.654627E-7,-1.843495E+1
3.152623E+2,1.496400E+3,7.450620E-7,-7.450620E-7,1.053677E-6,-4.500000E+1
3.154624E+2,1.487800E+3,7.450620E-7,-6.854570E-7,1.012407E-6,-4.261406E+1
3.156634E+2,1.465000E+3,-2.384200E-7,-8.940740E-8,2.546326E-7,-1.594440E+2
3.158623E+2,1.455700E+3,-8.940730E-7,-8.344690E-7,1.222990E-6,-1.369749E+2
3.160624E+2,1.435400E+3,-2.115980E-6,-2.414000E-6,3.210104E-6,-1.312360E+2
3.162633E+2,1.426600E+3,-2.533210E-6,-2.712030E-6,3.711100E-6,-1.330474E+2
3.164624E+2,1.405900E+3,-1.519930E-6,-7.748640E-7,1.706048E-6,-1.529874E+2
3.166624E+2,1.394200E+3,2.086170E-7,-4.768410E-7,5.204790E-7,-6.637072E+1
3.168633E+2,1.385000E+3,5.066430E-7,6.854570E-7,8.523722E-7,5.353072E+1
3.170623E+2,1.364900E+3,2.682230E-7,-2.384200E-7,3.588700E-7,-4.163349E+1
3.170623E+2,1.364900E+3,2.682230E-7,-2.384200E-7,6.536201E-7,2.422779E+1
3.174634E+2,1.335700E+3,8.642710E-7,2.592820E-6,2.733072E-6,7.156510E+1
3.176624E+2,1.325500E+3,1.251700E-6,2.682220E-6,2.959908E-6,6.498315E+1
3.178623E+2,1.303700E+3,-2.980250E-7,1.221900E-6,1.257720E-6,1.037070E+2
3.180634E+2,1.294400E+3,5.960510E-8,9.238760E-7,9.257968E-7,8.630860E+1
3.182623E+2,1.281600E+3,8.642710E-7,1.132500E-6,1.424612E-6,5.265082E+1
3.184623E+2,1.262900E+3,-1.281510E-6,1.370910E-6,1.876609E-6,1.330696E+2
3.186634E+2,1.250800E+3,-1.966970E-6,1.758340E-6,2.638320E-6,1.382054E+2
3.188624E+2,1.231900E+3,-1.609330E-6,2.533210E-6,3.001182E-6,1.224275E+2
3.190634E+2,1.221900E+3,-9.238760E-7,3.129260E-6,3.262793E-6,1.064486E+2
3.192624E+2,1.203700E+3,-4.768410E-7,4.678990E-6,4.703225E-6,9.581899E+1
3.194634E+2,1.193400E+3,-4.172340E-7,4.678990E-6,4.697556E-6,9.509569E+1
3.196624E+2,1.184200E+3,-4.172340E-7,3.516690E-6,3.541355E-6,9.676617E+1
3.198633E+2,1.163000E+3,1.549730E-6,8.642710E-7,1.774437E-6,2.914803E+1
3.200623E+2,1.154300E+3,1.728540E-6,-1.490130E-7,1.734951E-6,-4.927141E+0
3.202634E+2,1.134100E+3,1.698740E-6,-3.874320E-7,1.742361E-6,-1.284771E+1
3.204634E+2,1.124600E+3,-8.940740E-8,2.980250E-8,9.424369E-8,1.615650E+2
3.206624E+2,1.114000E+3,1.639140E-6,-2.980250E-8,1.639411E-6,-1.041625E+0
3.208624E+2,1.095600E+3,2.533210E-6,1.341110E-6,2.866309E-6,2.789725E+1
3.210634E+2,1.085000E+3,2.414000E-6,1.639140E-6,2.917906E-6,3.417706E+1
3.212624E+2,1.077200E+3,3.129260E-6,2.056370E-6,3.744453E-6,3.331062E+1
3.214623E+2,1.056400E+3,2.533210E-6,2.354400E-6,3.458374E-6,4.290481E+1
3.216634E+2,1.048800E+3,2.741830E-6,1.192100E-6,2.989772E-6,2.349857E+1
3.218634E+2,1.039700E+3,2.831240E-6,9.238760E-7,2.978165E-6,1.807228E+1
3.220624E+2,1.020400E+3,4.768410E-7,2.741830E-6,2.782986E-6,8.013417E+1
3.222634E+2,1.012100E+3,-1.609330E-6,2.920640E-6,3.334679E-6,1.188556E+2
3.224624E+2,9.923000E+2,-2.920640E-6,5.066430E-7,2.964258E-6,1.701588E+2
3.226634E+2,9.838000E+2,-2.712030E-6,8.940740E-8,2.713503E-6,1.781118E+2
3.228634E+2,9.667000E+2,-2.712030E-6,-8.940730E-7,2.855604E-6,-1.617542E+2
3.230634E+2,9.588000E+2,-2.592820E-6,-8.046660E-7,2.714812E-6,-1.627586E+2
3.232623E+2,9.414000E+2,-1.937170E-6,-4.470370E-7,1.988082E-6,-1.670054E+2
3.234634E+2,9.330000E+2,-8.344690E-7,-1.102690E-6,1.382846E-6,-1.271169E+2
3.236633E+2,9.163000E+2,-3.576300E-7,9.536820E-7,1.018533E-6,1.105560E+2
3.238624E+2,9.073000E+2,1.490130E-7,1.221900E-6,1.230953E-6,8.304701E+1
3.240633E+2,8.909000E+2,1.132500E-6,1.490130E-7,1.142261E-6,7.495850E+0
3.242634E+2,8.816000E+2,1.013290E-6,-7.450620E-7,1.257726E-6,-3.632667E+1
3.244624E+2,8.707000E+2,1.400720E-6,-1.817950E-6,2.294986E-6,-5.238596E+1
3.246624E+2,8.536000E+2,1.609330E-6,-4.023340E-6,4.333268E-6,-6.819867E+1
3.248624E+2,8.456000E+2,1.400720E-6,-4.112750E-6,4.344736E-6,-7.119219E+1
3.250634E+2,8.281000E+2,1.639140E-6,-2.682220E-6,3.143419E-6,-5.857035E+1
3.252624E+2,8.205000E+2,1.817950E-6,-2.354400E-6,2.974583E-6,-5.232648E+1
3.254624E+2,8.028000E+2,1.758340E-6,-1.817950E-6,2.529170E-6,-4.595492E+1
3.256624E+2,7.928000E+2,2.592820E-6,-1.072890E-6,2.806031E-6,-2.247942E+1
3.258633E+2,7.852000E+2,1.639140E-6,-1.221900E-6,2.044461E-6,-3.670276E+1
3.260623E+2,7.679000E+2,2.384200E-7,-2.712030E-6,2.722490E-6,-8.497593E+1
3.262624E+2,7.597000E+2,-2.384200E-7,-2.592820E-6,2.603759E-6,-9.525380E+1
3.264624E+2,7.430000E+2,2.384200E-7,-1.043090E-6,1.069991E-6,-7.712503E+1
3.266634E+2,7.328000E+2,-8.046660E-7,-7.152590E-7,1.076607E-6,-1.383664E+2
3.268624E+2,7.155000E+2,-1.490120E-6,-1.639140E-6,2.215229E-6,-1.322736E+2
3.270624E+2,7.077000E+2,-1.668940E-6,-2.235190E-6,2.789522E-6,-1.267474E+2
3.272624E+2,6.983000E+2,-8.344690E-7,-2.294790E-6,2.441803E-6,-1.099831E+2
3.274635E+2,6.811000E+2,-2.205390E-6,-1.251700E-6,2.535843E-6,-1.504223E+2
3.276624E+2,6.719000E+2,-3.576290E-6,-1.311310E-6,3.809119E-6,-1.598636E+2
3.278634E+2,6.543000E+2,-3.844530E-6,3.278270E-7,3.858482E-6,1.751261E+2
3.280624E+2,6.458000E+2,-2.920640E-6,1.281510E-6,3.189421E-6,1.563092E+2
3.282634E+2,6.350000E+2,-1.937170E-6,1.311310E-6,2.339265E-6,1.459051E+2
3.284633E+2,6.197000E+2,-1.221900E-6,3.576300E-7,1.273161E-6,1.636861E+2
3.286634E+2,6.104000E+2,-1.698740E-6,-6.556550E-7,1.820879E-6,-1.588951E+2
3.288624E+2,5.950000E+2,-1.817950E-6,-1.996770E-6,2.700376E-6,-1.323162E+2
3.290624E+2,5.860000E+2,-1.192100E-6,-2.622620E-6,2.880840E-6,-1.144440E+2
3.292624E+2,5.704000E+2,-5.066430E-7,-1.907360E-6,1.973502E-6,-1.048757E+2
3.294634E+2,5.595000E+2,-5.364450E-7,-1.490120E-6,1.583740E-6,-1.097989E+2
3.296624E+2,5.526000E+2,-1.072890E-6,1.490130E-7,1.083189E-6,1.720928E+2
3.298634E+2,5.334000E+2,-3.874320E-7,1.043090E-6,1.112718E-6,1.103764E+2
3.300624E+2,5.263000E+2,-1.728540E-6,6.258520E-7,1.838353E-6,1.600962E+2
3.302634E+2,5.093000E+2,-3.039850E-6,2.086170E-7,3.047000E-6,1.760741E+2
3.304623E+2,5.025000E+2,-2.682220E-6,-2.682230E-7,2.695598E-6,-1.742894E+2
3.306630E+2,4.856000E+2,-2.175580E-6,-1.251700E-6,2.509960E-6,-1.500864E+2
3.308620E+2,4.772000E+2,-4.291560E-6,-1.490120E-6,4.542900E-6,-1.608519E+2
3.310623E+2,4.630000E+2,-4.410770E-6,-1.579530E-6,4.685062E-6,-1.602972E+2
3.312619E+2,4.297000E+2,-3.367680E-6,-3.725300E-6,5.021865E-6,-1.321137E+2
3.314622E+2,4.052000E+2,-4.112750E-6,-4.887610E-6,6.387757E-6,-1.300794E+2
3.316615E+2,3.849000E+2,-4.291560E-6,-6.049900E-6,7.417464E-6,-1.253504E+2
3.318619E+2,3.341000E+2,-5.066420E-6,-3.427280E-6,6.116769E-6,-1.459228E+2
3.320619E+2,3.112000E+2,-6.318120E-6,-1.758340E-6,6.558231E-6,-1.644481E+2
3.322630E+2,2.562000E+2,-7.271800E-6,-2.175580E-6,7.590272E-6,-1.633439E+2
3.324622E+2,2.304000E+2,-6.467130E-6,-2.712030E-6,7.012765E-6,-1.572490E+2
3.326630E+2,2.053000E+2,-6.735350E-6,-3.725300E-6,7.696934E-6,-1.510532E+2
3.328619E+2,1.443000E+2,-5.036620E-6,-2.384200E-6,5.572428E-6,-1.546684E+2
3.330632E+2,1.182000E+2,-3.784910E-6,-1.311310E-6,4.005631E-6,-1.608910E+2
3.332619E+2,6.260000E+1,-3.397480E-6,2.980250E-7,3.410526E-6,1.749869E+2
3.334624E+2,3.630000E+1,-2.712030E-6,-1.788150E-7,2.717919E-6,-1.762277E+2
3.336618E+2,-1.950000E+1,-2.950440E-6,-2.980250E-8,2.950591E-6,-1.794213E+2
3.338618E+2,-4.580000E+1,-2.920640E-6,-1.788150E-7,2.926109E-6,-1.764965E+2
3.340617E+2,-1.004000E+2,3.278270E-7,5.960510E-8,3.332016E-7,1.030488E+1
3.342623E+2,-1.266000E+2,1.996770E-6,6.556550E-7,2.101660E-6,1.817800E+1
3.344615E+2,-1.794000E+2,3.665700E-6,8.940730E-7,3.773158E-6,1.370696E+1
3.346620E+2,-2.052000E+2,4.559780E-6,6.854570E-7,4.611013E-6,8.549075E+0
3.348631E+2,-2.373000E+2,4.977020E-6,1.788150E-6,5.288498E-6,1.976241E+1
3.350619E+2,-2.857000E+2,4.410770E-6,2.264990E-6,4.958334E-6,2.718111E+1
3.352634E+2,-3.157000E+2,4.351170E-6,1.788150E-6,4.704270E-6,2.234063E+1
3.354623E+2,-3.395000E+2,4.142550E-6,1.579530E-6,4.433468E-6,2.087156E+1
