Sample Name, Ga23_11_1_36G
Freq, 36, GHz, Power, 15, dBm,
SR850: f = 25 Hz; phase = -83.5 deg; output = 5 V; sens. = 500 uV; tc = 300 ms; 12dB/oct
Time,Field,X,Y,R,theta
s,Oe,V,V,V,deg
2.890000E-5,-6.705000E+2,-3.665700E-6,-9.238760E-7,3.780331E-6,-1.658542E+2
5.019000E-3,-6.705000E+2,-3.665700E-6,-9.238760E-7,3.780331E-6,-1.658542E+2
2.055095E-1,-6.703000E+2,-2.771630E-6,-8.940740E-8,2.773072E-6,-1.781524E+2
4.054597E-1,-6.712000E+2,-5.960500E-7,1.132500E-6,1.279778E-6,1.177584E+2
6.054629E-1,-6.645000E+2,-6.854570E-7,2.592820E-6,2.681896E-6,1.048084E+2
8.064752E-1,-6.543000E+2,-2.384200E-6,2.771630E-6,3.656001E-6,1.307026E+2
1.005465E+0,-6.430000E+2,-3.248470E-6,1.877550E-6,3.752033E-6,1.499730E+2
1.206466E+0,-6.194000E+2,-2.414000E-6,1.341110E-6,2.761516E-6,1.509454E+2
1.405459E+0,-6.045000E+2,-1.490120E-6,8.940740E-8,1.492800E-6,1.765664E+2
1.605467E+0,-5.714000E+2,1.192100E-7,-1.072890E-6,1.079492E-6,-8.365981E+1
1.805520E+0,-5.558000E+2,-8.940730E-7,-1.221900E-6,1.514069E-6,-1.261932E+2
2.006462E+0,-5.214000E+2,-3.486890E-6,1.341110E-6,3.735904E-6,1.589625E+2
2.205459E+0,-5.050000E+2,-3.516690E-6,2.533210E-6,4.334081E-6,1.442333E+2
2.406466E+0,-4.906000E+2,-3.218670E-6,2.950440E-6,4.366341E-6,1.374896E+2
2.605471E+0,-4.616000E+2,-1.668940E-6,2.890840E-6,3.338011E-6,1.199987E+2
2.805459E+0,-4.493000E+2,-1.937170E-6,2.384200E-6,3.071976E-6,1.290940E+2
3.006462E+0,-4.233000E+2,-1.817950E-6,2.354400E-6,2.974583E-6,1.276735E+2
3.205457E+0,-4.095000E+2,-2.294790E-6,1.579530E-6,2.785853E-6,1.454599E+2
3.405457E+0,-3.993000E+2,-1.460320E-6,1.519930E-6,2.107776E-6,1.338541E+2
3.606463E+0,-3.754000E+2,-9.238760E-7,-8.940740E-8,9.281921E-7,-1.744725E+2
3.805513E+0,-3.671000E+2,-1.549730E-6,1.192100E-7,1.554308E-6,1.756013E+2
4.005461E+0,-3.455000E+2,-4.917410E-6,1.728540E-6,5.212367E-6,1.606327E+2
4.206465E+0,-3.376000E+2,-5.185630E-6,1.907360E-6,5.525286E-6,1.598057E+2
4.406467E+0,-3.185000E+2,-7.212190E-6,3.278270E-7,7.219637E-6,1.773974E+2
4.606469E+0,-3.104000E+2,-7.003570E-6,-5.960510E-8,7.003824E-6,-1.795124E+2
4.805463E+0,-2.902000E+2,-5.960490E-6,1.430520E-6,6.129749E-6,1.665042E+2
5.005502E+0,-2.814000E+2,-5.364450E-6,1.698740E-6,5.626992E-6,1.624288E+2
5.206506E+0,-2.703000E+2,-4.500180E-6,2.026570E-6,4.935444E-6,1.557565E+2
5.405471E+0,-2.507000E+2,-3.457080E-6,1.281510E-6,3.686959E-6,1.596607E+2
5.605459E+0,-2.297000E+2,-4.887610E-6,1.639140E-6,5.155144E-6,1.614603E+2
5.805464E+0,-2.194000E+2,-5.066420E-6,2.682220E-6,5.732619E-6,1.521028E+2
6.005462E+0,-2.060000E+2,-4.172350E-6,3.486890E-6,5.437546E-6,1.401140E+2
6.205463E+0,-1.864000E+2,-1.698740E-6,2.533210E-6,3.050061E-6,1.238453E+2
6.405461E+0,-1.750000E+2,-5.364450E-7,2.324600E-6,2.385695E-6,1.029946E+2
6.605465E+0,-1.557000E+2,-2.920640E-6,5.960500E-7,2.980841E-6,1.684654E+2
6.805472E+0,-1.447000E+2,-3.069650E-6,-8.046660E-7,3.173364E-6,-1.653112E+2
7.005462E+0,-1.358000E+2,-2.712030E-6,-6.258520E-7,2.783307E-6,-1.670054E+2
7.206468E+0,-1.129000E+2,-1.490120E-6,1.251700E-6,1.946076E-6,1.399698E+2
7.405469E+0,-1.032000E+2,-1.192100E-6,7.450620E-7,1.405781E-6,1.479946E+2
7.606462E+0,-8.270000E+1,-1.788150E-6,7.450620E-7,1.937162E-6,1.573802E+2
7.805460E+0,-7.350000E+1,-2.115980E-6,2.682230E-7,2.132912E-6,1.727757E+2
8.005457E+0,-5.250000E+1,-2.205390E-6,9.238760E-7,2.391086E-6,1.572704E+2
8.205462E+0,-4.360000E+1,-2.652420E-6,9.238760E-7,2.808715E-6,1.607960E+2
8.405459E+0,-2.250000E+1,-3.516690E-6,2.086170E-7,3.522872E-6,1.766051E+2
8.605460E+0,-1.360000E+1,-3.635900E-6,3.874320E-7,3.656484E-6,1.739177E+2
8.805465E+0,7.600000E+0,-3.576290E-6,-2.384200E-7,3.584229E-6,-1.761859E+2
9.005466E+0,1.690000E+1,-3.635900E-6,-2.682230E-7,3.645780E-6,-1.757809E+2
9.205461E+0,3.780000E+1,-4.231960E-6,3.874320E-7,4.249658E-6,1.747692E+2
9.405458E+0,4.760000E+1,-3.457080E-6,-1.192100E-7,3.459135E-6,-1.780251E+2
9.605462E+0,6.790000E+1,-5.960500E-7,-1.162300E-6,1.306222E-6,-1.171496E+2
9.805459E+0,7.820000E+1,1.162300E-6,-2.443800E-6,2.706123E-6,-6.456369E+1
1.000644E+1,9.780000E+1,1.817950E-6,-2.592820E-6,3.166648E-6,-5.496387E+1
1.020547E+1,1.104000E+2,2.801430E-6,-3.099460E-6,4.177878E-6,-4.789132E+1
1.040546E+1,1.215000E+2,3.218670E-6,-2.384200E-6,4.005527E-6,-3.652886E+1
1.060546E+1,1.405000E+2,3.039850E-6,2.980250E-7,3.054424E-6,5.599349E+0
1.080654E+1,1.516000E+2,1.698740E-6,1.132500E-6,2.041635E-6,3.369022E+1
1.100546E+1,1.728000E+2,1.549730E-6,-5.960510E-8,1.550876E-6,-2.202602E+0
1.120552E+1,1.841000E+2,2.026570E-6,-1.907360E-6,2.782985E-6,-4.326430E+1
1.140546E+1,1.935000E+2,3.457080E-6,-4.798200E-6,5.913893E-6,-5.422743E+1
1.160647E+1,2.174000E+2,4.857810E-6,-6.437330E-6,8.064585E-6,-5.296066E+1
1.180546E+1,2.268000E+2,4.470380E-6,-6.586340E-6,7.960162E-6,-5.583389E+1
1.200546E+1,2.498000E+2,4.917410E-6,-7.808270E-6,9.227676E-6,-5.779853E+1
1.220547E+1,2.598000E+2,4.023340E-6,-7.569820E-6,8.572598E-6,-6.200947E+1
1.240546E+1,2.718000E+2,3.486890E-6,-7.897670E-6,8.633168E-6,-6.617813E+1
1.260547E+1,2.928000E+2,6.020100E-6,-5.513460E-6,8.163323E-6,-4.248476E+1
1.280546E+1,3.049000E+2,6.794960E-6,-4.559780E-6,8.183097E-6,-3.386372E+1
1.300546E+1,3.144000E+2,6.288320E-6,-3.904130E-6,7.401702E-6,-3.183425E+1
1.320547E+1,3.381000E+2,3.486890E-6,-3.010050E-6,4.606387E-6,-4.080233E+1
1.340546E+1,3.470000E+2,3.963740E-6,-2.622620E-6,4.752828E-6,-3.349073E+1
1.360542E+1,3.683000E+2,4.410770E-6,-1.966970E-6,4.829479E-6,-2.403434E+1
1.380547E+1,3.776000E+2,5.126030E-6,-1.013290E-6,5.225222E-6,-1.118181E+1
1.400646E+1,4.017000E+2,6.377730E-6,-5.066430E-7,6.397822E-6,-4.542004E+0
1.420545E+1,4.108000E+2,6.765160E-6,-7.748640E-7,6.809391E-6,-6.534037E+0
1.440646E+1,4.219000E+2,5.543260E-6,-7.450620E-7,5.593107E-6,-7.655169E+0
1.460547E+1,4.442000E+2,4.559780E-6,-2.533210E-6,5.216200E-6,-2.905459E+1
1.480546E+1,4.544000E+2,2.264990E-6,-4.470380E-6,5.011435E-6,-6.313021E+1
1.500546E+1,4.778000E+2,2.026570E-6,-5.751880E-6,6.098451E-6,-7.059102E+1
1.520546E+1,4.883000E+2,1.996770E-6,-5.066420E-6,5.445705E-6,-6.848968E+1
1.540546E+1,5.015000E+2,2.473610E-6,-4.738600E-6,5.345379E-6,-6.243486E+1
1.560546E+1,5.209000E+2,2.682220E-6,-4.619390E-6,5.341635E-6,-5.985868E+1
1.580546E+1,5.341000E+2,2.294790E-6,-3.278270E-6,4.001639E-6,-5.500797E+1
1.600646E+1,5.446000E+2,2.294790E-6,-2.324600E-6,3.266470E-6,-4.536974E+1
1.620546E+1,5.649000E+2,3.695500E-6,-2.235190E-6,4.318888E-6,-3.116727E+1
1.640647E+1,5.779000E+2,4.112750E-6,-8.642710E-7,4.202580E-6,-1.186770E+1
1.660546E+1,5.976000E+2,3.427280E-6,2.384200E-7,3.435563E-6,3.979391E+0
1.680546E+1,6.086000E+2,2.920640E-6,-3.576300E-7,2.942454E-6,-6.981069E+0
1.700547E+1,6.288000E+2,3.099460E-6,-4.768410E-7,3.135926E-6,-8.746180E+0
1.720546E+1,6.392000E+2,3.397480E-6,-1.400720E-6,3.674900E-6,-2.240548E+1
1.740546E+1,6.597000E+2,3.427280E-6,-2.861040E-6,4.464504E-6,-3.985460E+1
1.760547E+1,6.696000E+2,3.904130E-6,-3.576290E-6,5.294533E-6,-4.249054E+1
1.780546E+1,6.907000E+2,2.115980E-6,-4.619390E-6,5.080958E-6,-6.538915E+1
1.800647E+1,7.002000E+2,8.344690E-7,-4.738600E-6,4.811514E-6,-8.001260E+1
1.820643E+1,7.105000E+2,-9.238760E-7,-3.010050E-6,3.148642E-6,-1.070628E+2
1.840643E+1,7.341000E+2,-8.046660E-7,-8.344690E-7,1.159235E-6,-1.339584E+2
1.860643E+1,7.437000E+2,-4.768410E-7,-2.205390E-6,2.256352E-6,-1.022005E+2
1.880646E+1,7.680000E+2,1.788150E-7,-4.112750E-6,4.116635E-6,-8.751045E+1
1.900547E+1,7.773000E+2,7.152590E-7,-4.053140E-6,4.115767E-6,-7.999204E+1
1.920547E+1,7.886000E+2,1.609330E-6,-3.963740E-6,4.277988E-6,-6.790221E+1
1.940547E+1,8.115000E+2,2.592820E-6,-3.188860E-6,4.109932E-6,-5.088590E+1
1.960646E+1,8.219000E+2,1.013290E-6,-1.698740E-6,1.977998E-6,-5.918413E+1
1.980546E+1,8.363000E+2,4.470370E-7,-1.728540E-6,1.785411E-6,-7.549981E+1
2.000646E+1,8.583000E+2,1.490120E-6,8.940730E-7,1.737764E-6,3.096379E+1
2.020647E+1,8.698000E+2,1.549730E-6,5.066430E-7,1.630445E-6,1.810378E+1
2.040547E+1,8.898000E+2,2.086170E-7,5.960510E-8,2.169650E-7,1.594546E+1
2.060550E+1,9.034000E+2,7.748640E-7,3.874320E-7,8.663243E-7,2.656505E+1
2.080546E+1,9.143000E+2,1.192100E-6,4.470370E-7,1.273163E-6,2.055602E+1
2.100547E+1,9.354000E+2,1.907360E-6,2.205390E-6,2.915779E-6,4.914469E+1
2.120647E+1,9.459000E+2,2.980250E-6,2.145780E-6,3.672365E-6,3.575389E+1
2.140547E+1,9.674000E+2,5.662480E-7,1.698740E-6,1.790630E-6,7.156501E+1
2.160646E+1,9.772000E+2,3.278270E-7,8.642710E-7,9.243565E-7,6.922774E+1
2.180546E+1,9.991000E+2,1.847750E-6,-5.066430E-7,1.915951E-6,-1.533334E+1
2.200647E+1,1.008300E+3,2.205390E-6,8.940730E-7,2.379729E-6,2.206781E+1
2.220545E+1,1.032700E+3,1.937170E-6,-5.066430E-7,2.002327E-6,-1.465671E+1
2.240546E+1,1.042800E+3,1.400720E-6,0.000000E+0,1.400720E-6,0.000000E+0
2.260547E+1,1.055300E+3,7.450620E-7,2.384200E-7,7.822797E-7,1.774468E+1
2.280645E+1,1.077700E+3,-5.960510E-8,1.490120E-6,1.491312E-6,9.229062E+1
2.300547E+1,1.090300E+3,2.980250E-8,1.132500E-6,1.132892E-6,8.849257E+1
2.320646E+1,1.112400E+3,2.652420E-6,-7.450620E-7,2.755077E-6,-1.569000E+1
2.340557E+1,1.122200E+3,2.801430E-6,-1.728540E-6,3.291787E-6,-3.167544E+1
2.360646E+1,1.132800E+3,2.443800E-6,-2.264990E-6,3.332017E-6,-4.282532E+1
2.380546E+1,1.156400E+3,2.712030E-6,8.940740E-8,2.713503E-6,1.888184E+0
2.400546E+1,1.167400E+3,3.904130E-6,8.642710E-7,3.998649E-6,1.248246E+1
2.420546E+1,1.187400E+3,4.798200E-6,9.238760E-7,4.886335E-6,1.089871E+1
2.440646E+1,1.198800E+3,4.649190E-6,1.221900E-6,4.807079E-6,1.472545E+1
2.460549E+1,1.218600E+3,2.592820E-6,6.556550E-7,2.674434E-6,1.419108E+1
2.480547E+1,1.231700E+3,2.115980E-6,1.281510E-6,2.473790E-6,3.120053E+1
2.500546E+1,1.242600E+3,2.920640E-6,1.460320E-6,3.265375E-6,2.656505E+1
2.520646E+1,1.264700E+3,3.516690E-6,-5.960500E-7,3.566845E-6,-9.619741E+0
2.540546E+1,1.276200E+3,3.129260E-6,1.490130E-7,3.132806E-6,2.726322E+0
2.560547E+1,1.296200E+3,2.920640E-6,2.026570E-6,3.554873E-6,3.475596E+1
2.580647E+1,1.307300E+3,3.665700E-6,2.831240E-6,4.631768E-6,3.768106E+1
2.600647E+1,1.327400E+3,4.172350E-6,2.712030E-6,4.976305E-6,3.302389E+1
2.620547E+1,1.338000E+3,4.649190E-6,2.980250E-6,5.522396E-6,3.266091E+1
2.640646E+1,1.350100E+3,3.755110E-6,1.728540E-6,4.133848E-6,2.471741E+1
2.660545E+1,1.371600E+3,5.245240E-6,2.980250E-7,5.253700E-6,3.251946E+0
2.680646E+1,1.383900E+3,6.198910E-6,-2.384200E-7,6.203493E-6,-2.202602E+0
2.700545E+1,1.404600E+3,3.576290E-6,1.072890E-6,3.733757E-6,1.669929E+1
2.720546E+1,1.417200E+3,2.592820E-6,1.788150E-7,2.598979E-6,3.945183E+0
2.740546E+1,1.426300E+3,1.937170E-6,-1.937170E-6,2.739572E-6,-4.500000E+1
2.760646E+1,1.447300E+3,1.043090E-6,-3.308070E-6,3.468626E-6,-7.249906E+1
2.780547E+1,1.456300E+3,1.370910E-6,-1.817950E-6,2.276914E-6,-5.298018E+1
2.800546E+1,1.477000E+3,1.072890E-6,-1.609330E-6,1.934176E-6,-5.630985E+1
2.820546E+1,1.486400E+3,1.162300E-6,-2.205390E-6,2.492927E-6,-6.220956E+1
2.840646E+1,1.509700E+3,1.311310E-6,-2.950440E-6,3.228720E-6,-6.603746E+1
2.860545E+1,1.518700E+3,1.758340E-6,-3.039850E-6,3.511758E-6,-5.995363E+1
2.880549E+1,1.539700E+3,5.006820E-6,-2.145780E-6,5.447258E-6,-2.319859E+1
2.900547E+1,1.548900E+3,5.543260E-6,-2.682220E-6,6.158087E-6,-2.582097E+1
2.920551E+1,1.560100E+3,5.453850E-6,-1.758340E-6,5.730291E-6,-1.786950E+1
2.940546E+1,1.579600E+3,5.662470E-6,-1.847750E-6,5.956320E-6,-1.807229E+1
2.960646E+1,1.599900E+3,3.755110E-6,-2.384200E-6,4.448063E-6,-3.241234E+1
2.980547E+1,1.610100E+3,3.039850E-6,-3.546490E-6,4.671004E-6,-4.939869E+1
3.000646E+1,1.621100E+3,2.354400E-6,-3.427280E-6,4.158058E-6,-5.551254E+1
3.020646E+1,1.640900E+3,7.450620E-7,-1.996770E-6,2.131246E-6,-6.953777E+1
3.040546E+1,1.651400E+3,2.980250E-7,-1.430520E-6,1.461235E-6,-7.823171E+1
3.060546E+1,1.671700E+3,8.940730E-7,5.960500E-7,1.074543E-6,3.369013E+1
3.080646E+1,1.681700E+3,1.639140E-6,-2.086170E-7,1.652362E-6,-7.253167E+0
3.100646E+1,1.702500E+3,3.457080E-6,2.384200E-7,3.465292E-6,3.945198E+0
3.120642E+1,1.711800E+3,4.977020E-6,4.172340E-7,4.994478E-6,4.792020E+0
3.140542E+1,1.734900E+3,6.258520E-6,1.430520E-6,6.419927E-6,1.287501E+1
3.160542E+1,1.744900E+3,6.228710E-6,1.013290E-6,6.310593E-6,9.239965E+0
3.180547E+1,1.765100E+3,4.559780E-6,-6.854570E-7,4.611013E-6,-8.549075E+0
3.200547E+1,1.774500E+3,4.112750E-6,-2.771630E-6,4.959501E-6,-3.397649E+1
3.220547E+1,1.784300E+3,4.321370E-6,-4.798200E-6,6.457318E-6,-4.799307E+1
3.240546E+1,1.807600E+3,5.900890E-6,-4.261760E-6,7.278949E-6,-3.583769E+1
3.260547E+1,1.816600E+3,6.645950E-6,-3.755110E-6,7.633446E-6,-2.946742E+1
3.280546E+1,1.840600E+3,7.659260E-6,-2.712030E-6,8.125230E-6,-1.949830E+1
3.300546E+1,1.849800E+3,6.914170E-6,-2.950440E-6,7.517369E-6,-2.310909E+1
3.320546E+1,1.870600E+3,6.675750E-6,-3.129260E-6,7.372781E-6,-2.511485E+1
3.340545E+1,1.880400E+3,6.258520E-6,-3.367680E-6,7.107063E-6,-2.828449E+1
3.360547E+1,1.893500E+3,5.304840E-6,-3.933940E-6,6.604333E-6,-3.655973E+1
3.380546E+1,1.912900E+3,3.546490E-6,-1.549730E-6,3.870304E-6,-2.360416E+1
3.400647E+1,1.925700E+3,2.920640E-6,-1.460320E-6,3.265375E-6,-2.656505E+1
3.420554E+1,1.936700E+3,2.443800E-6,-2.503410E-6,3.498460E-6,-4.569034E+1
3.440543E+1,1.958000E+3,3.963740E-6,-9.238760E-7,4.069985E-6,-1.312036E+1
3.460544E+1,1.969300E+3,4.023340E-6,-1.072890E-6,4.163935E-6,-1.493141E+1
3.480546E+1,1.988600E+3,4.678990E-6,-1.132500E-6,4.814094E-6,-1.360617E+1
3.500646E+1,1.999800E+3,4.947210E-6,-5.960500E-7,4.982987E-6,-6.869999E+0
3.520547E+1,2.019100E+3,4.977020E-6,-1.907360E-6,5.329986E-6,-2.096850E+1
3.540643E+1,2.030000E+3,4.023340E-6,-1.966970E-6,4.478419E-6,-2.605354E+1
3.560643E+1,2.049900E+3,3.188860E-6,2.384200E-7,3.197760E-6,4.275851E+0
3.580546E+1,2.060200E+3,3.039850E-6,2.980250E-7,3.054424E-6,5.599349E+0
3.600546E+1,2.072100E+3,3.904130E-6,2.086170E-7,3.909700E-6,3.058688E+0
3.620547E+1,2.093100E+3,5.155830E-6,7.748640E-7,5.213732E-6,8.546953E+0
3.640546E+1,2.102000E+3,5.155830E-6,1.490130E-7,5.157983E-6,1.655493E+0
3.660546E+1,2.125600E+3,6.228710E-6,-5.066430E-7,6.249281E-6,-4.650199E+0
3.680546E+1,2.135000E+3,7.808270E-6,-2.086170E-7,7.811056E-6,-1.530433E+0
3.700547E+1,2.144800E+3,8.732140E-6,5.066430E-7,8.746825E-6,3.320606E+0
3.720546E+1,2.168200E+3,8.165890E-6,-1.430520E-6,8.290244E-6,-9.936384E+0
3.740547E+1,2.177400E+3,7.510210E-6,-1.281510E-6,7.618761E-6,-9.683442E+0
3.760648E+1,2.201400E+3,8.881150E-6,4.470370E-7,8.892394E-6,2.881579E+0
3.780546E+1,2.210600E+3,9.924230E-6,1.400720E-6,1.002259E-5,8.033742E+0
3.800645E+1,2.221700E+3,1.052030E-5,1.668940E-6,1.065186E-5,9.014282E+0
3.820646E+1,2.243000E+3,1.132490E-5,2.980250E-8,1.132494E-5,1.507787E-1
3.840547E+1,2.253800E+3,1.212960E-5,-1.311310E-6,1.220028E-5,-6.170184E+0
3.860546E+1,2.275800E+3,1.385810E-5,-1.907360E-6,1.398874E-5,-7.836670E+0
3.880645E+1,2.285900E+3,1.540790E-5,-1.490130E-7,1.540862E-5,-5.541021E-1
3.900546E+1,2.296900E+3,1.639140E-5,1.013290E-6,1.642269E-5,3.537432E+0
3.920546E+1,2.318300E+3,1.627220E-5,2.980250E-7,1.627493E-5,1.049254E+0
3.940645E+1,2.329500E+3,1.513960E-5,6.556550E-7,1.515379E-5,2.479775E+0
3.960546E+1,2.341900E+3,1.439460E-5,7.450620E-7,1.441387E-5,2.962976E+0
3.980545E+1,2.362600E+3,1.567610E-5,-3.278270E-7,1.567953E-5,-1.198025E+0
4.000546E+1,2.371900E+3,1.627220E-5,2.980250E-7,1.627493E-5,1.049254E+0
4.020546E+1,2.393000E+3,1.811990E-5,1.788150E-6,1.820792E-5,5.635947E+0
4.040546E+1,2.405000E+3,1.880540E-5,2.205390E-6,1.893428E-5,6.688770E+0
4.060550E+1,2.425500E+3,1.987830E-5,4.202160E-6,2.031760E-5,1.193627E+1
4.080546E+1,2.434900E+3,1.904380E-5,4.082950E-6,1.947657E-5,1.210090E+1
4.100546E+1,2.444700E+3,1.794110E-5,2.771630E-6,1.815393E-5,8.781913E+0
4.120546E+1,2.468000E+3,1.868620E-5,-2.980250E-8,1.868622E-5,-9.138059E-2
4.140546E+1,2.477100E+3,1.993790E-5,-1.460320E-6,1.999131E-5,-4.189059E+0
4.160546E+1,2.497900E+3,2.318630E-5,-2.056370E-6,2.327731E-5,-5.068245E+0
4.180546E+1,2.507400E+3,2.449760E-5,-1.132500E-6,2.452376E-5,-2.646843E+0
4.200546E+1,2.527800E+3,2.974280E-5,-4.768410E-7,2.974662E-5,-9.184958E-1
4.220546E+1,2.539800E+3,3.254440E-5,-1.341110E-6,3.257202E-5,-2.359745E+0
4.240546E+1,2.560900E+3,3.328940E-5,-9.536820E-7,3.330306E-5,-1.640973E+0
4.260547E+1,2.570300E+3,3.349800E-5,4.768410E-7,3.350139E-5,8.155452E-1
4.280545E+1,2.590900E+3,3.516700E-5,-8.940740E-8,3.516711E-5,-1.456666E-1
4.300547E+1,2.600700E+3,3.692530E-5,-1.102690E-6,3.694176E-5,-1.710500E+0
4.320646E+1,2.611800E+3,3.889230E-5,-1.430520E-6,3.891860E-5,-2.106479E+0
4.340546E+1,2.633000E+3,4.044200E-5,-3.576300E-7,4.044358E-5,-5.066554E-1
4.360546E+1,2.644200E+3,4.115720E-5,-1.043090E-6,4.117042E-5,-1.451796E+0
4.380546E+1,2.666000E+3,4.360100E-5,-5.662480E-7,4.360468E-5,-7.440609E-1
4.400544E+1,2.676600E+3,4.449510E-5,5.960500E-7,4.449909E-5,7.674802E-1
4.420642E+1,2.687100E+3,4.652170E-5,8.344690E-7,4.652918E-5,1.027616E+0
4.440642E+1,2.707300E+3,4.914430E-5,7.152590E-7,4.914950E-5,8.338389E-1
4.460647E+1,2.717200E+3,5.096220E-5,-6.854570E-7,5.096681E-5,-7.705991E-1
4.480546E+1,2.737700E+3,5.334640E-5,-9.834840E-7,5.335546E-5,-1.056174E+0
4.500547E+1,2.747100E+3,5.438950E-5,-8.642710E-7,5.439637E-5,-9.103763E-1
4.520546E+1,2.771000E+3,5.650540E-5,-6.556550E-7,5.650920E-5,-6.647963E-1
4.540547E+1,2.780200E+3,5.754850E-5,-3.874320E-7,5.754980E-5,-3.857248E-1
4.560546E+1,2.789500E+3,5.888960E-5,8.940730E-7,5.889639E-5,8.698085E-1
4.580550E+1,2.813400E+3,5.903860E-5,2.920640E-6,5.911080E-5,2.832114E+0
4.600646E+1,2.822700E+3,5.960490E-5,2.831240E-6,5.967210E-5,2.719512E+0
4.620642E+1,2.843400E+3,6.106540E-5,1.996770E-6,6.109804E-5,1.872840E+0
4.640651E+1,2.853200E+3,6.383700E-5,7.152590E-7,6.384101E-5,6.419413E-1
4.660547E+1,2.873400E+3,6.741330E-5,-1.430520E-6,6.742848E-5,-1.215642E+0
4.680647E+1,2.883800E+3,6.848620E-5,-1.788150E-6,6.850954E-5,-1.495632E+0
4.700546E+1,2.896800E+3,6.967830E-5,-1.907360E-6,6.970440E-5,-1.568012E+0
4.720546E+1,2.916100E+3,7.215190E-5,-6.556550E-7,7.215488E-5,-5.206409E-1
4.740547E+1,2.929000E+3,7.319500E-5,-5.662480E-7,7.319719E-5,-4.432403E-1
4.760546E+1,2.948600E+3,7.635400E-5,-1.728540E-6,7.637356E-5,-1.296869E+0
4.780546E+1,2.959700E+3,7.745670E-5,-1.609330E-6,7.747342E-5,-1.190272E+0
4.800546E+1,2.979100E+3,7.644340E-5,-2.473610E-6,7.648341E-5,-1.853371E+0
4.820547E+1,2.990500E+3,7.644340E-5,-1.877550E-6,7.646645E-5,-1.406977E+0
4.840546E+1,3.009900E+3,7.671160E-5,9.238760E-7,7.671716E-5,6.900083E-1
4.860546E+1,3.021100E+3,7.700970E-5,1.341110E-6,7.702138E-5,9.976948E-1
4.880546E+1,3.040600E+3,7.778450E-5,1.639140E-6,7.780177E-5,1.207206E+0
4.900552E+1,3.051400E+3,7.855940E-5,1.639140E-6,7.857650E-5,1.195302E+0
4.920647E+1,3.063300E+3,7.900640E-5,1.043090E-6,7.901329E-5,7.564094E-1
4.940646E+1,3.084200E+3,7.763550E-5,1.072890E-6,7.764291E-5,7.917532E-1
4.960546E+1,3.093100E+3,7.817200E-5,1.847750E-6,7.819383E-5,1.354047E+0
4.980546E+1,3.114100E+3,7.852960E-5,5.066430E-7,7.853123E-5,3.696454E-1
5.000646E+1,3.123000E+3,7.838060E-5,1.251700E-6,7.839059E-5,9.149079E-1
5.020546E+1,3.144300E+3,7.858920E-5,2.980250E-7,7.858977E-5,2.172753E-1
5.040546E+1,3.153300E+3,7.906600E-5,-2.384200E-7,7.906636E-5,-1.727723E-1
5.060646E+1,3.174300E+3,7.814220E-5,-6.556550E-7,7.814495E-5,-4.807311E-1
5.080546E+1,3.183800E+3,7.897660E-5,-8.940730E-7,7.898166E-5,-6.486025E-1
5.100547E+1,3.204400E+3,7.897660E-5,-5.364450E-7,7.897842E-5,-3.891730E-1
5.120647E+1,3.214400E+3,7.793350E-5,-1.102690E-6,7.794130E-5,-8.106305E-1
5.140543E+1,3.234800E+3,7.620500E-5,-2.086180E-6,7.623355E-5,-1.568132E+0
5.160546E+1,3.247100E+3,7.516190E-5,-3.874320E-7,7.516290E-5,-2.953361E-1
5.180546E+1,3.268100E+3,7.659240E-5,-1.132500E-6,7.660077E-5,-8.471173E-1
5.200647E+1,3.277700E+3,7.763550E-5,-1.519930E-6,7.765038E-5,-1.121580E+0
5.220546E+1,3.289100E+3,7.766530E-5,-1.072890E-6,7.767271E-5,-7.914495E-1
5.240546E+1,3.310400E+3,7.644340E-5,-5.960500E-7,7.644572E-5,-4.467417E-1
5.260646E+1,3.321600E+3,7.653280E-5,-9.834840E-7,7.653912E-5,-7.362383E-1
5.280546E+1,3.343300E+3,7.566860E-5,-1.162300E-6,7.567753E-5,-8.800169E-1
5.300654E+1,3.353600E+3,7.540030E-5,-2.384200E-7,7.540068E-5,-1.811719E-1
5.320546E+1,3.364200E+3,7.423810E-5,-9.536820E-7,7.424423E-5,-7.359961E-1
5.340546E+1,3.385800E+3,7.423810E-5,-2.175580E-6,7.426997E-5,-1.678597E+0
5.360546E+1,3.397000E+3,7.537050E-5,-1.728540E-6,7.539032E-5,-1.313786E+0
5.380546E+1,3.409200E+3,7.394000E-5,-5.662480E-7,7.394217E-5,-4.387745E-1
5.400646E+1,3.430500E+3,7.405920E-5,2.652420E-6,7.410668E-5,2.051164E+0
5.420546E+1,3.439600E+3,7.501290E-5,2.592820E-6,7.505770E-5,1.979640E+0
5.440547E+1,3.463100E+3,7.379100E-5,1.192100E-6,7.380063E-5,9.255378E-1
5.460544E+1,3.472800E+3,7.388040E-5,7.450620E-7,7.388416E-5,5.777914E-1
5.480543E+1,3.482500E+3,7.367180E-5,8.940730E-7,7.367722E-5,6.953013E-1
5.500548E+1,3.506000E+3,7.435730E-5,1.460320E-6,7.437164E-5,1.125100E+0
5.520647E+1,3.515000E+3,7.417840E-5,1.370910E-6,7.419107E-5,1.058777E+0
5.540546E+1,3.536000E+3,7.543010E-5,1.579530E-6,7.544664E-5,1.199616E+0
5.560547E+1,3.545300E+3,7.575800E-5,2.175580E-6,7.578923E-5,1.644939E+0
5.580643E+1,3.568900E+3,7.516190E-5,1.877550E-6,7.518535E-5,1.430955E+0
5.600547E+1,3.577800E+3,7.465530E-5,1.996770E-6,7.468200E-5,1.532098E+0
5.620547E+1,3.599000E+3,7.465530E-5,-1.490120E-6,7.467017E-5,-1.143472E+0
5.640646E+1,3.608100E+3,7.450630E-5,-2.503410E-6,7.454835E-5,-1.924413E+0
5.660546E+1,3.628800E+3,7.548970E-5,-3.814730E-6,7.558602E-5,-2.892874E+0
5.680646E+1,3.638500E+3,7.572820E-5,-4.470380E-6,7.586003E-5,-3.378359E+0
5.700546E+1,3.651700E+3,7.683090E-5,-4.529980E-6,7.696433E-5,-3.374275E+0
5.720646E+1,3.671400E+3,7.620500E-5,-1.549730E-6,7.622076E-5,-1.165025E+0
5.740647E+1,3.684300E+3,7.668180E-5,1.192100E-7,7.668189E-5,8.907230E-2
5.760546E+1,3.695500E+3,7.754610E-5,5.662480E-7,7.754817E-5,4.183711E-1
5.780546E+1,3.717700E+3,7.632420E-5,1.192100E-7,7.632429E-5,8.948963E-2
5.800546E+1,3.728600E+3,7.510230E-5,-1.490130E-7,7.510245E-5,-1.136823E-1
5.820546E+1,3.747300E+3,7.629440E-5,1.758340E-6,7.631466E-5,1.320249E+0
5.840546E+1,3.758400E+3,7.692030E-5,1.490120E-6,7.693473E-5,1.109810E+0
5.860546E+1,3.777700E+3,7.909580E-5,5.662480E-7,7.909783E-5,4.101743E-1
5.880546E+1,3.788500E+3,7.915540E-5,1.639140E-6,7.917237E-5,1.186304E+0
5.900546E+1,3.800500E+3,7.858920E-5,2.682220E-6,7.863496E-5,1.954725E+0
5.920547E+1,3.821600E+3,8.189720E-5,3.397480E-6,8.196764E-5,2.375536E+0
5.940546E+1,3.833500E+3,8.279130E-5,4.112750E-6,8.289339E-5,2.843894E+0
5.960546E+1,3.843300E+3,8.270190E-5,3.755110E-6,8.278711E-5,2.599750E+0
5.980646E+1,3.866700E+3,7.996010E-5,5.066430E-7,7.996171E-5,3.630325E-1
6.000547E+1,3.875700E+3,7.826140E-5,1.192100E-7,7.826149E-5,8.727450E-2
6.020646E+1,3.899700E+3,7.841040E-5,-2.026570E-6,7.843658E-5,-1.480519E+0
6.040646E+1,3.908700E+3,7.951310E-5,-1.877550E-6,7.953526E-5,-1.352679E+0
6.060546E+1,3.919200E+3,8.097340E-5,-2.443800E-6,8.101027E-5,-1.728678E+0
6.080546E+1,3.941900E+3,8.240390E-5,-5.364450E-7,8.240565E-5,-3.729872E-1
6.100547E+1,3.951600E+3,8.305950E-5,-3.278270E-7,8.306015E-5,-2.261392E-1
6.120642E+1,3.975000E+3,8.344700E-5,-1.758340E-6,8.346552E-5,-1.207120E+0
6.140543E+1,3.984100E+3,8.428140E-5,-1.609330E-6,8.429676E-5,-1.093914E+0
6.160545E+1,3.995200E+3,8.532450E-5,-8.046660E-7,8.532829E-5,-5.403208E-1
6.180642E+1,4.014400E+3,8.410260E-5,-5.066430E-7,8.410413E-5,-3.451517E-1
6.200547E+1,4.025600E+3,8.395360E-5,-1.579530E-6,8.396846E-5,-1.077854E+0
6.220546E+1,4.044900E+3,8.454970E-5,-5.066430E-7,8.455122E-5,-3.433266E-1
6.240546E+1,4.056100E+3,8.469870E-5,1.370910E-6,8.470979E-5,9.272929E-1
6.260646E+1,4.077400E+3,8.353640E-5,3.486890E-6,8.360914E-5,2.390194E+0
6.280646E+1,4.088700E+3,8.404300E-5,3.606100E-6,8.412033E-5,2.456929E+0
6.300546E+1,4.108000E+3,8.380460E-5,3.457080E-6,8.387587E-5,2.362208E+0
6.320646E+1,4.119200E+3,8.496690E-5,3.814730E-6,8.505249E-5,2.570663E+0
6.340546E+1,4.138700E+3,8.601000E-5,2.205390E-6,8.603827E-5,1.468804E+0
6.360551E+1,4.149600E+3,8.586100E-5,1.490120E-6,8.587393E-5,9.942700E-1
6.380547E+1,4.161600E+3,8.666560E-5,3.278270E-7,8.666622E-5,2.167298E-1
6.400655E+1,4.182400E+3,8.949680E-5,-2.205390E-6,8.952397E-5,-1.411603E+0
6.420547E+1,4.191700E+3,8.925840E-5,-2.682220E-6,8.929869E-5,-1.721223E+0
6.440546E+1,4.212900E+3,9.056970E-5,-3.486890E-6,9.063680E-5,-2.204771E+0
6.460546E+1,4.221900E+3,9.039090E-5,-3.308070E-6,9.045141E-5,-2.095940E+0
6.480646E+1,4.243200E+3,9.083790E-5,-1.251700E-6,9.084652E-5,-7.894567E-1
6.500646E+1,4.252200E+3,9.244730E-5,-1.370910E-6,9.245746E-5,-8.495824E-1
6.520546E+1,4.273300E+3,9.384800E-5,4.768410E-7,9.384921E-5,2.911169E-1
6.540547E+1,4.282400E+3,9.444400E-5,2.592820E-6,9.447958E-5,1.572576E+0
6.560647E+1,4.303000E+3,9.459300E-5,2.831240E-6,9.463536E-5,1.714394E+0
6.580548E+1,4.315100E+3,9.542750E-5,3.099460E-6,9.547782E-5,1.860298E+0
6.600546E+1,4.326000E+3,9.605340E-5,3.010050E-6,9.610055E-5,1.794905E+0
6.620646E+1,4.345500E+3,9.644080E-5,2.980250E-6,9.648684E-5,1.770013E+0
6.640550E+1,4.356700E+3,9.763290E-5,2.414000E-6,9.766274E-5,1.416365E+0
6.660646E+1,4.378800E+3,9.933160E-5,2.980250E-6,9.937630E-5,1.718532E+0
6.680547E+1,4.389000E+3,1.007920E-4,2.175580E-6,1.008155E-4,1.236529E+0
6.700646E+1,4.408700E+3,1.022820E-4,-3.576300E-7,1.022826E-4,-2.003344E-1
6.720546E+1,4.419900E+3,1.029380E-4,-2.354400E-6,1.029649E-4,-1.310242E+0
6.740546E+1,4.439400E+3,1.033250E-4,-1.966970E-6,1.033437E-4,-1.090593E+0
6.760546E+1,4.450700E+3,1.032660E-4,-1.579530E-6,1.032781E-4,-8.763131E-1
6.780551E+1,4.470100E+3,1.041600E-4,-1.519930E-6,1.041711E-4,-8.360157E-1
6.800548E+1,4.481300E+3,1.055300E-4,-1.519930E-6,1.055409E-4,-8.251640E-1
6.820546E+1,4.500600E+3,1.081530E-4,-2.652420E-6,1.081855E-4,-1.404880E+0
6.840546E+1,4.511500E+3,1.092860E-4,-1.728540E-6,1.092997E-4,-9.061526E-1
6.860546E+1,4.523500E+3,1.083320E-4,-4.768410E-7,1.083330E-4,-2.521951E-1
6.880546E+1,4.544200E+3,1.068420E-4,5.662480E-7,1.068435E-4,3.036570E-1
6.900646E+1,4.553400E+3,1.081830E-4,1.490120E-6,1.081933E-4,7.891461E-1
6.920547E+1,4.574400E+3,1.123250E-4,1.847750E-6,1.123402E-4,9.424325E-1
6.940546E+1,4.583500E+3,1.138450E-4,2.354400E-6,1.138693E-4,1.184751E+0
6.960546E+1,4.604500E+3,1.160810E-4,6.556550E-7,1.160829E-4,3.236177E-1
6.980646E+1,4.613500E+3,1.174810E-4,-1.072890E-6,1.174859E-4,-5.232366E-1
7.000546E+1,4.624600E+3,1.181960E-4,-5.662480E-7,1.181974E-4,-2.744879E-1
7.020656E+1,4.646500E+3,1.188820E-4,-1.192100E-7,1.188821E-4,-5.745384E-2
7.040546E+1,4.667600E+3,1.182860E-4,-1.370910E-6,1.182939E-4,-6.640164E-1
7.060547E+1,4.676700E+3,1.176300E-4,-1.639140E-6,1.176414E-4,-7.983484E-1
7.080647E+1,4.697800E+3,1.184940E-4,-1.341110E-6,1.185016E-4,-6.484435E-1
7.100553E+1,4.707000E+3,1.202530E-4,-1.102690E-6,1.202581E-4,-5.253733E-1
7.120546E+1,4.718300E+3,1.204320E-4,-7.450620E-7,1.204343E-4,-3.544603E-1
7.140646E+1,4.740400E+3,1.228160E-4,-1.877550E-6,1.228304E-4,-8.758412E-1
7.160547E+1,4.751200E+3,1.236810E-4,-1.072890E-6,1.236857E-4,-4.970087E-1
7.180646E+1,4.764800E+3,1.249620E-4,-1.668940E-6,1.249731E-4,-7.651729E-1
7.200546E+1,4.784800E+3,1.251410E-4,-1.966970E-6,1.251565E-4,-9.005026E-1
7.220546E+1,4.795100E+3,1.260350E-4,-6.556550E-7,1.260367E-4,-2.980595E-1
7.240646E+1,4.815400E+3,1.292540E-4,1.192100E-7,1.292541E-4,5.284346E-2
7.260646E+1,4.825100E+3,1.292540E-4,5.960510E-8,1.292540E-4,2.642178E-2
7.280546E+1,4.845800E+3,1.307740E-4,7.152590E-7,1.307760E-4,3.133720E-1
7.300646E+1,4.858100E+3,1.329190E-4,8.046660E-7,1.329214E-4,3.468534E-1
7.320646E+1,4.878200E+3,1.351840E-4,1.221900E-6,1.351895E-4,5.178705E-1
7.340543E+1,4.888200E+3,1.341710E-4,2.980250E-7,1.341713E-4,1.272670E-1
7.360551E+1,4.897600E+3,1.341410E-4,-1.043090E-6,1.341451E-4,-4.455271E-1
7.380546E+1,4.921600E+3,1.373000E-4,2.980250E-8,1.373000E-4,1.243669E-2
7.400546E+1,4.930800E+3,1.390880E-4,-5.960510E-8,1.390880E-4,-2.455367E-2
7.420640E+1,4.954800E+3,1.397140E-4,-2.145780E-6,1.397305E-4,-8.799009E-1
7.440546E+1,4.963900E+3,1.390290E-4,-2.294790E-6,1.390479E-4,-9.456289E-1
7.460552E+1,4.976100E+3,1.393570E-4,-3.010050E-6,1.393895E-4,-1.237371E+0
7.480543E+1,4.997400E+3,1.404590E-4,-2.503410E-6,1.404813E-4,-1.021078E+0
7.500646E+1,5.009400E+3,1.398330E-4,-2.056370E-6,1.398481E-4,-8.425252E-1
7.520547E+1,5.019900E+3,1.403700E-4,-2.712030E-6,1.403962E-4,-1.106850E+0
7.540547E+1,5.039800E+3,1.407870E-4,-4.023340E-6,1.408445E-4,-1.636924E+0
7.560546E+1,5.050700E+3,1.394460E-4,-2.473610E-6,1.394679E-4,-1.016254E+0
7.580646E+1,5.073000E+3,1.381640E-4,-1.758340E-6,1.381752E-4,-7.291337E-1
7.600643E+1,5.084200E+3,1.381940E-4,-2.950440E-6,1.382255E-4,-1.223078E+0
7.620643E+1,5.103100E+3,1.384920E-4,1.370910E-6,1.384988E-4,5.671432E-1
7.640546E+1,5.113700E+3,1.395950E-4,1.370910E-6,1.396017E-4,5.626622E-1
7.660646E+1,5.133100E+3,1.398330E-4,1.639140E-6,1.398426E-4,6.715976E-1
7.680548E+1,5.144100E+3,1.397740E-4,1.877550E-6,1.397866E-4,7.695939E-1
7.700546E+1,5.157000E+3,1.387610E-4,8.940730E-7,1.387639E-4,3.691664E-1
7.720547E+1,5.179000E+3,1.337840E-4,-4.172340E-7,1.337847E-4,-1.786886E-1
7.740646E+1,5.189900E+3,1.325910E-4,-2.980250E-8,1.325910E-4,-1.287838E-2
7.760546E+1,5.209700E+3,1.319060E-4,1.490130E-7,1.319061E-4,6.472649E-2
7.780646E+1,5.220200E+3,1.301180E-4,7.152590E-7,1.301200E-4,3.149519E-1
7.800547E+1,5.240500E+3,1.268690E-4,1.043090E-6,1.268733E-4,4.710631E-1
7.820646E+1,5.250500E+3,1.240380E-4,2.473610E-6,1.240627E-4,1.142461E+0
7.840554E+1,5.271200E+3,1.174510E-4,7.152590E-7,1.174532E-4,3.489184E-1
7.860546E+1,5.280700E+3,1.137860E-4,2.980250E-8,1.137860E-4,1.500674E-2
7.880646E+1,5.290600E+3,1.094050E-4,-1.251700E-6,1.094122E-4,-6.554911E-1
7.900546E+1,5.314100E+3,1.013580E-4,-2.771630E-6,1.013959E-4,-1.566360E+0
7.920546E+1,5.323400E+3,9.608320E-5,-2.890840E-6,9.612668E-5,-1.723329E+0
7.940646E+1,5.347400E+3,8.693380E-5,-5.126030E-6,8.708480E-5,-3.374524E+0
7.960546E+1,5.356500E+3,8.058590E-5,-5.155830E-6,8.075066E-5,-3.660755E+0
7.980646E+1,5.369100E+3,7.361220E-5,-4.291560E-6,7.373719E-5,-3.336543E+0
8.000546E+1,5.392900E+3,5.990290E-5,-3.039850E-6,5.997998E-5,-2.905056E+0
8.020547E+1,5.402000E+3,5.272050E-5,-1.102690E-6,5.273203E-5,-1.198211E+0
8.040646E+1,5.413000E+3,4.550840E-5,-5.960500E-7,4.551230E-5,-7.503933E-1
8.060647E+1,5.432300E+3,3.033890E-5,6.556550E-7,3.034598E-5,1.238028E+0
8.080547E+1,5.453100E+3,1.627220E-5,1.966970E-6,1.639065E-5,6.892426E+0
8.100647E+1,5.463800E+3,7.241990E-6,1.430520E-6,7.381924E-6,1.117386E+1
8.120546E+1,5.474100E+3,-3.904130E-6,1.519930E-6,4.189561E-6,1.587284E+2
8.140646E+1,5.493100E+3,-2.425920E-5,1.013290E-6,2.428035E-5,1.776082E+2
8.160546E+1,5.504000E+3,-3.978630E-5,2.533210E-6,3.986686E-5,1.763569E+2
8.180546E+1,5.526500E+3,-6.529740E-5,1.639140E-6,6.531797E-5,1.785620E+2
8.200546E+1,5.537200E+3,-7.733750E-5,5.960500E-7,7.733980E-5,1.795584E+2
8.220646E+1,5.557200E+3,-1.060670E-4,1.490120E-6,1.060775E-4,1.791951E+2
8.240646E+1,5.567300E+3,-1.204320E-4,1.341110E-6,1.204395E-4,1.793620E+2
8.260646E+1,5.586700E+3,-1.507110E-4,0.000000E+0,1.507110E-4,1.800000E+2
8.280547E+1,5.597400E+3,-1.674900E-4,-8.642710E-7,1.674922E-4,-1.797044E+2
8.300646E+1,5.606400E+3,-1.871300E-4,-1.728540E-6,1.871380E-4,-1.794708E+2
8.320547E+1,5.630700E+3,-2.220280E-4,-1.966970E-6,2.220367E-4,-1.794924E+2
8.340546E+1,5.639800E+3,-2.403270E-4,-9.834840E-7,2.403290E-4,-1.797655E+2
8.360546E+1,5.661000E+3,-2.748390E-4,7.748640E-7,2.748401E-4,1.798385E+2
8.380647E+1,5.673200E+3,-2.932570E-4,2.175580E-6,2.932651E-4,1.795750E+2
8.400546E+1,5.694500E+3,-3.295860E-4,2.682220E-6,3.295969E-4,1.795337E+2
8.420646E+1,5.703700E+3,-3.482720E-4,2.652420E-6,3.482821E-4,1.795637E+2
8.440646E+1,5.716400E+3,-3.649910E-4,2.205390E-6,3.649977E-4,1.796538E+2
8.460652E+1,5.736800E+3,-3.935710E-4,8.046660E-7,3.935718E-4,1.798829E+2
8.480546E+1,5.748900E+3,-4.054920E-4,-6.258520E-7,4.054925E-4,-1.799116E+2
8.500646E+1,5.760000E+3,-4.182770E-4,3.278270E-7,4.182771E-4,1.799551E+2
8.520547E+1,5.782300E+3,-4.412250E-4,1.430520E-6,4.412273E-4,1.798142E+2
8.540647E+1,5.793600E+3,-4.506130E-4,8.642710E-7,4.506138E-4,1.798901E+2
8.560546E+1,5.803200E+3,-4.572590E-4,1.490130E-7,4.572590E-4,1.799813E+2
8.580647E+1,5.826200E+3,-4.600310E-4,3.576300E-7,4.600311E-4,1.799555E+2
8.600547E+1,5.836700E+3,-4.585110E-4,0.000000E+0,4.585110E-4,1.800000E+2
8.620546E+1,5.857100E+3,-4.562160E-4,2.056370E-6,4.562206E-4,1.797417E+2
8.640547E+1,5.867000E+3,-4.523420E-4,2.384200E-6,4.523483E-4,1.796980E+2
8.660546E+1,5.888000E+3,-4.363970E-4,9.238760E-7,4.363980E-4,1.798787E+2
8.680546E+1,5.897300E+3,-4.285590E-4,8.940730E-7,4.285599E-4,1.798805E+2
8.700647E+1,5.918600E+3,-4.137770E-4,2.205390E-6,4.137829E-4,1.796946E+2
8.720544E+1,5.927700E+3,-4.009620E-4,6.556550E-7,4.009625E-4,1.799063E+2
8.740646E+1,5.951000E+3,-3.751530E-4,2.712030E-6,3.751628E-4,1.795858E+2
8.760547E+1,5.960600E+3,-3.626370E-4,2.324600E-6,3.626445E-4,1.796327E+2
8.780655E+1,5.981500E+3,-3.367090E-4,2.026570E-6,3.367151E-4,1.796552E+2
8.800548E+1,5.990600E+3,-3.249660E-4,1.549730E-6,3.249697E-4,1.797268E+2
8.820646E+1,6.011700E+3,-3.028230E-4,1.758340E-6,3.028281E-4,1.796673E+2
8.840546E+1,6.020700E+3,-2.906040E-4,2.175580E-6,2.906121E-4,1.795711E+2
8.860646E+1,6.033300E+3,-2.779980E-4,5.960500E-7,2.779986E-4,1.798772E+2
8.880546E+1,6.054000E+3,-2.554380E-4,-2.682230E-7,2.554381E-4,-1.799398E+2
8.900652E+1,6.066200E+3,-2.451260E-4,-3.576300E-7,2.451263E-4,-1.799164E+2
8.920547E+1,6.077300E+3,-2.366020E-4,1.221900E-6,2.366052E-4,1.797041E+2
8.940648E+1,6.096900E+3,-2.138620E-4,1.609330E-6,2.138681E-4,1.795689E+2
8.960646E+1,6.108300E+3,-2.048620E-4,1.817950E-6,2.048701E-4,1.794916E+2
8.980546E+1,6.130200E+3,-1.858480E-4,8.046660E-7,1.858497E-4,1.797519E+2
9.000546E+1,6.141000E+3,-1.784870E-4,-2.086170E-7,1.784871E-4,-1.799330E+2
9.020646E+1,6.160400E+3,-1.624240E-4,8.940740E-8,1.624240E-4,1.799685E+2
9.040548E+1,6.171600E+3,-1.538110E-4,4.470370E-7,1.538116E-4,1.798335E+2
9.060646E+1,6.190900E+3,-1.398040E-4,8.642710E-7,1.398067E-4,1.796458E+2
9.080547E+1,6.202200E+3,-1.335150E-4,7.152590E-7,1.335169E-4,1.796931E+2
9.100546E+1,6.221400E+3,-1.219220E-4,-9.536820E-7,1.219257E-4,-1.795518E+2
9.120544E+1,6.232500E+3,-1.151860E-4,-6.854570E-7,1.151880E-4,-1.796590E+2
9.140545E+1,6.252100E+3,-1.046660E-4,-3.576300E-7,1.046666E-4,-1.798042E+2
9.160543E+1,6.262700E+3,-9.992770E-5,1.490130E-7,9.992781E-5,1.799146E+2
9.180646E+1,6.271700E+3,-9.465260E-5,4.470370E-7,9.465366E-5,1.797294E+2
9.200547E+1,6.295700E+3,-8.711270E-5,5.364450E-7,8.711435E-5,1.796472E+2
9.220646E+1,6.304900E+3,-8.314890E-5,3.576300E-7,8.314967E-5,1.797536E+2
9.240547E+1,6.326400E+3,-7.668180E-5,1.430520E-6,7.669514E-5,1.789313E+2
9.260646E+1,6.335600E+3,-7.385060E-5,6.556550E-7,7.385351E-5,1.794913E+2
9.280544E+1,6.357000E+3,-6.777090E-5,-1.907360E-6,6.779774E-5,-1.783879E+2
9.300546E+1,6.366200E+3,-6.526760E-5,-2.473610E-6,6.531446E-5,-1.778296E+2
9.320547E+1,6.390300E+3,-6.002210E-5,-7.450620E-7,6.002672E-5,-1.792888E+2
9.340646E+1,6.399400E+3,-5.766770E-5,-5.364450E-7,5.767020E-5,-1.794670E+2
9.360546E+1,6.420600E+3,-5.555180E-5,-1.072890E-6,5.556216E-5,-1.788936E+2
9.380546E+1,6.429700E+3,-5.367420E-5,-2.980250E-8,5.367421E-5,-1.799682E+2
9.400547E+1,6.440700E+3,-5.060460E-5,2.980250E-8,5.060461E-5,1.799663E+2
9.420546E+1,6.462500E+3,-4.696870E-5,-6.556550E-7,4.697328E-5,-1.792002E+2
9.440547E+1,6.472800E+3,-4.363080E-5,1.490130E-7,4.363105E-5,1.798043E+2
9.460546E+1,6.486600E+3,-4.151490E-5,1.192100E-6,4.153201E-5,1.783552E+2
9.480547E+1,6.506500E+3,-3.677630E-5,2.145780E-6,3.683885E-5,1.766608E+2
9.500646E+1,6.519600E+3,-3.555440E-5,2.056370E-6,3.561382E-5,1.766899E+2
9.520646E+1,6.529200E+3,-3.445170E-5,4.470370E-7,3.445460E-5,1.792566E+2
9.540646E+1,6.552200E+3,-3.188870E-5,-1.966970E-6,3.194931E-5,-1.764703E+2
9.560548E+1,6.562600E+3,-3.236560E-5,-2.354400E-6,3.245112E-5,-1.758394E+2
9.580647E+1,6.584600E+3,-3.138210E-5,-1.847750E-6,3.143645E-5,-1.766304E+2
9.600547E+1,6.595800E+3,-3.072640E-5,-1.847750E-6,3.078191E-5,-1.765586E+2
9.620543E+1,6.604900E+3,-3.001110E-5,-1.877550E-6,3.006977E-5,-1.764201E+2
9.640547E+1,6.628500E+3,-2.750770E-5,-7.450620E-7,2.751779E-5,-1.784485E+2
9.660647E+1,6.638100E+3,-2.658380E-5,-2.384200E-7,2.658487E-5,-1.794862E+2
9.680546E+1,6.659200E+3,-2.619640E-5,-5.960510E-8,2.619647E-5,-1.798696E+2
9.700646E+1,6.668400E+3,-2.515330E-5,-8.940730E-7,2.516918E-5,-1.779643E+2
9.720546E+1,6.689700E+3,-2.396120E-5,-2.920640E-6,2.413854E-5,-1.730505E+2
9.740546E+1,6.698800E+3,-2.285850E-5,-2.801430E-6,2.302953E-5,-1.730129E+2
9.760646E+1,6.722700E+3,-2.142800E-5,-2.861040E-6,2.161816E-5,-1.723949E+2
9.780546E+1,6.732100E+3,-2.092130E-5,-2.175580E-6,2.103411E-5,-1.740632E+2
9.800547E+1,6.742200E+3,-1.874580E-5,-2.205390E-6,1.887508E-5,-1.732902E+2
9.820646E+1,6.765400E+3,-1.811990E-5,-1.996770E-6,1.822959E-5,-1.737115E+2
9.840547E+1,6.775800E+3,-1.856700E-5,-2.592820E-6,1.874717E-5,-1.720502E+2
9.860647E+1,6.795900E+3,-1.829870E-5,-6.437330E-6,1.939798E-5,-1.606186E+2
9.880546E+1,6.805700E+3,-1.689800E-5,-6.765160E-6,1.820192E-5,-1.581812E+2
9.900646E+1,6.829300E+3,-1.525890E-5,-4.202160E-6,1.582694E-5,-1.646029E+2
9.920547E+1,6.839400E+3,-1.445420E-5,-2.801430E-6,1.472318E-5,-1.690313E+2
9.940546E+1,6.850600E+3,-1.320250E-5,-1.519930E-6,1.328970E-5,-1.734328E+2
9.960548E+1,6.870400E+3,-1.356010E-5,8.642710E-7,1.358761E-5,1.763531E+2
9.980642E+1,6.880900E+3,-1.341110E-5,1.102690E-6,1.345636E-5,1.752996E+2
1.000055E+2,6.900000E+3,-1.332170E-5,5.662480E-7,1.333373E-5,1.775661E+2
1.002055E+2,6.911200E+3,-1.284490E-5,-6.556550E-7,1.286162E-5,-1.770779E+2
1.004055E+2,6.933500E+3,-1.245740E-5,-2.622620E-6,1.273047E-5,-1.681113E+2
1.006065E+2,6.944300E+3,-1.242760E-5,-2.414000E-6,1.265988E-5,-1.690075E+2
1.008055E+2,6.953300E+3,-1.284490E-5,-3.218670E-6,1.324203E-5,-1.659325E+2
1.010055E+2,6.977000E+3,-1.314290E-5,-2.533210E-6,1.338480E-5,-1.690904E+2
1.012065E+2,6.986200E+3,-1.186140E-5,-2.533210E-6,1.212889E-5,-1.679446E+2
1.014065E+2,7.007300E+3,-1.120570E-5,-2.592820E-6,1.150176E-5,-1.669719E+2
1.014065E+2,7.007300E+3,-1.120570E-5,-2.592820E-6,1.061513E-5,-1.643640E+2
1.018065E+2,7.037500E+3,-1.022230E-5,-4.380970E-6,1.112152E-5,-1.568015E+2
1.020055E+2,7.046600E+3,-1.075870E-5,-4.321370E-6,1.159413E-5,-1.581165E+2
1.022065E+2,7.067900E+3,-1.019250E-5,-3.963740E-6,1.093610E-5,-1.587495E+2
1.024065E+2,7.077400E+3,-1.001360E-5,-3.755110E-6,1.069453E-5,-1.594439E+2
1.026065E+2,7.098400E+3,-9.417590E-6,-2.712030E-6,9.800312E-6,-1.639349E+2
1.028065E+2,7.108400E+3,-8.344710E-6,-2.503410E-6,8.712132E-6,-1.633008E+2
1.030065E+2,7.132100E+3,-6.288320E-6,-3.248470E-6,7.077819E-6,-1.526797E+2
1.032055E+2,7.141400E+3,-7.510210E-6,-3.516690E-6,8.292790E-6,-1.549084E+2
1.034065E+2,7.154400E+3,-8.195700E-6,-2.920640E-6,8.700554E-6,-1.603858E+2
1.036055E+2,7.165400E+3,-8.225500E-6,-3.814730E-6,9.067029E-6,-1.551196E+2
1.038065E+2,7.186800E+3,-7.391010E-6,-2.354400E-6,7.756947E-6,-1.623308E+2
1.040055E+2,7.198000E+3,-6.973770E-6,-1.132500E-6,7.065127E-6,-1.707760E+2
1.042055E+2,7.217300E+3,-5.900890E-6,-2.086170E-7,5.904577E-6,-1.779752E+2
1.044055E+2,7.228400E+3,-6.198910E-6,6.258520E-7,6.230423E-6,1.742349E+2
1.046065E+2,7.248100E+3,-8.136090E-6,1.192100E-6,8.222959E-6,1.716643E+2
1.048055E+2,7.267800E+3,-9.477200E-6,1.788150E-6,9.644418E-6,1.693151E+2
1.050065E+2,7.278900E+3,-8.821550E-6,2.294790E-6,9.115142E-6,1.654186E+2
1.052055E+2,7.289200E+3,-8.821550E-6,1.758340E-6,8.995082E-6,1.687274E+2
1.054065E+2,7.311300E+3,-7.510210E-6,1.698740E-6,7.699933E-6,1.672547E+2
1.056055E+2,7.322400E+3,-7.897670E-6,1.132500E-6,7.978455E-6,1.718396E+2
1.058055E+2,7.331400E+3,-8.136090E-6,8.046660E-7,8.175784E-6,1.743518E+2
1.060055E+2,7.355100E+3,-8.821550E-6,1.907360E-6,9.025396E-6,1.677995E+2
1.062065E+2,7.364500E+3,-9.685810E-6,3.159060E-6,1.018796E-5,1.619361E+2
1.064055E+2,7.387500E+3,-7.271800E-6,4.142550E-6,8.368978E-6,1.503310E+2
1.066055E+2,7.397700E+3,-6.139310E-6,4.023340E-6,7.340190E-6,1.467615E+2
1.068055E+2,7.418200E+3,-5.722080E-6,2.741830E-6,6.345064E-6,1.543978E+2
1.070055E+2,7.428000E+3,-5.036620E-6,1.937170E-6,5.396311E-6,1.589624E+2
1.072054E+2,7.449100E+3,-4.738600E-6,4.470370E-7,4.759640E-6,1.746107E+2
1.074064E+2,7.458400E+3,-5.483660E-6,-4.172340E-7,5.499510E-6,-1.756489E+2
1.076055E+2,7.471600E+3,-5.364450E-6,-1.013290E-6,5.459311E-6,-1.693034E+2
1.078065E+2,7.492100E+3,-3.725300E-6,-1.162300E-6,3.902410E-6,-1.626720E+2
1.080055E+2,7.504400E+3,-4.112750E-6,-2.682230E-7,4.121487E-6,-1.762686E+2
1.082065E+2,7.525600E+3,-6.347920E-6,-3.576300E-7,6.357986E-6,-1.767755E+2
1.084055E+2,7.535400E+3,-7.569820E-6,-4.768410E-7,7.584824E-6,-1.763956E+2
1.086065E+2,7.546700E+3,-7.599620E-6,-2.086170E-7,7.602483E-6,-1.784276E+2
1.088056E+2,7.566300E+3,-4.559780E-6,4.470370E-7,4.581641E-6,1.744007E+2
1.090055E+2,7.576600E+3,-3.844530E-6,-5.960510E-8,3.844992E-6,-1.791118E+2
1.092055E+2,7.596300E+3,-1.758340E-6,-1.400720E-6,2.248061E-6,-1.414586E+2
1.094055E+2,7.610400E+3,-3.188860E-6,-1.609330E-6,3.571942E-6,-1.532212E+2
1.096055E+2,7.630000E+3,-5.662470E-6,-2.443800E-6,6.167311E-6,-1.566560E+2
1.098065E+2,7.641200E+3,-6.884370E-6,-2.324600E-6,7.266245E-6,-1.613421E+2
1.100055E+2,7.660800E+3,-7.510210E-6,-2.354400E-6,7.870607E-6,-1.625941E+2
1.102055E+2,7.671600E+3,-7.659260E-6,-2.682220E-6,8.115329E-6,-1.607001E+2
1.104055E+2,7.691700E+3,-7.301600E-6,-4.440580E-6,8.545883E-6,-1.486935E+2
1.106055E+2,7.701800E+3,-6.645950E-6,-4.619390E-6,8.093665E-6,-1.451981E+2
1.108055E+2,7.713800E+3,-7.092980E-6,-3.993540E-6,8.139946E-6,-1.506193E+2
1.110065E+2,7.734900E+3,-6.258520E-6,-1.788150E-6,6.508959E-6,-1.640546E+2
1.112055E+2,7.743800E+3,-5.960490E-6,1.788150E-7,5.963172E-6,1.782816E+2
1.114065E+2,7.764900E+3,-5.304840E-6,2.414000E-6,5.828269E-6,1.555318E+2
1.116055E+2,7.774000E+3,-5.215440E-6,3.367680E-6,6.208227E-6,1.471491E+2
1.118055E+2,7.795000E+3,-6.794960E-6,4.231960E-6,8.005059E-6,1.480850E+2
1.120055E+2,7.804400E+3,-6.586340E-6,4.977020E-6,8.255338E-6,1.429232E+2
1.122055E+2,7.825300E+3,-5.960490E-6,4.708800E-6,7.596067E-6,1.416912E+2
1.124055E+2,7.835400E+3,-6.377730E-6,3.814730E-6,7.431528E-6,1.491150E+2
1.126055E+2,7.858900E+3,-8.106290E-6,2.384200E-6,8.449636E-6,1.636105E+2
1.128055E+2,7.868300E+3,-8.583130E-6,1.966970E-6,8.805628E-6,1.670926E+2
1.130055E+2,7.879500E+3,-7.420810E-6,4.470370E-7,7.434263E-6,1.765526E+2
1.132055E+2,7.901400E+3,-4.857810E-6,-1.817950E-6,5.186835E-6,-1.594825E+2
1.134065E+2,7.912300E+3,-5.275040E-6,-1.490120E-6,5.481469E-6,-1.642258E+2
1.136055E+2,7.934800E+3,-4.351170E-6,-2.086180E-6,4.825435E-6,-1.543845E+2
1.138065E+2,7.945800E+3,-4.351170E-6,-2.473610E-6,5.005140E-6,-1.503821E+2
1.140055E+2,7.956000E+3,-4.828010E-6,-2.771630E-6,5.567011E-6,-1.501410E+2
1.142055E+2,7.975400E+3,-4.291560E-6,-1.758340E-6,4.637806E-6,-1.577201E+2
1.144055E+2,7.986100E+3,-3.755110E-6,-1.341110E-6,3.987409E-6,-1.603462E+2
1.146065E+2,8.006300E+3,-3.486890E-6,3.874320E-7,3.508348E-6,1.736598E+2
1.148065E+2,8.016500E+3,-3.308070E-6,7.748640E-7,3.397608E-6,1.668170E+2
1.150055E+2,8.036900E+3,-3.516690E-6,8.940740E-8,3.517826E-6,1.785436E+2
1.152054E+2,8.046700E+3,-4.708800E-6,2.980250E-8,4.708894E-6,1.796374E+2
1.154054E+2,8.070600E+3,-4.619390E-6,1.788150E-7,4.622850E-6,1.777832E+2
1.156065E+2,8.080200E+3,-4.291560E-6,7.450620E-7,4.355755E-6,1.701510E+2
1.158065E+2,8.100700E+3,-5.304840E-6,3.576300E-7,5.316881E-6,1.761432E+2
1.160055E+2,8.110600E+3,-5.304840E-6,7.450620E-7,5.356906E-6,1.720051E+2
1.162055E+2,8.131500E+3,-2.443800E-6,3.874320E-7,2.474321E-6,1.709915E+2
1.164055E+2,8.140900E+3,-2.026570E-6,7.748640E-7,2.169654E-6,1.590755E+2
1.166064E+2,8.162000E+3,-1.579530E-6,2.324600E-6,2.810459E-6,1.241955E+2
1.168055E+2,8.171100E+3,-1.311310E-6,2.115980E-6,2.489358E-6,1.217872E+2
1.170065E+2,8.181600E+3,-2.086180E-6,9.238760E-7,2.281599E-6,1.561136E+2
1.172055E+2,8.204300E+3,-4.023340E-6,1.937170E-6,4.465411E-6,1.542900E+2
1.174065E+2,8.214200E+3,-3.337870E-6,8.940740E-8,3.339067E-6,1.784657E+2
1.176055E+2,8.237800E+3,-3.576290E-6,-4.202160E-6,5.517971E-6,-1.303998E+2
1.178065E+2,8.247900E+3,-4.321370E-6,-5.066420E-6,6.659043E-6,-1.304623E+2
1.180055E+2,8.261000E+3,-3.963740E-6,-5.543260E-6,6.814614E-6,-1.255669E+2
1.182065E+2,8.280600E+3,-2.622620E-6,-2.861040E-6,3.881196E-6,-1.325104E+2
1.184065E+2,8.293500E+3,-2.205390E-6,-1.639140E-6,2.747822E-6,-1.433787E+2
1.186055E+2,8.304500E+3,-1.102690E-6,-5.960500E-7,1.253476E-6,-1.516069E+2
1.188055E+2,8.326400E+3,5.066430E-7,9.536820E-7,1.079906E-6,6.202055E+1
1.190055E+2,8.337800E+3,1.609330E-6,9.536820E-7,1.870682E-6,3.065080E+1
1.192055E+2,8.357400E+3,1.370910E-6,-7.152590E-7,1.546283E-6,-2.755286E+1
1.194055E+2,8.368600E+3,2.682230E-7,-1.609330E-6,1.631529E-6,-8.053763E+1
1.196055E+2,8.388500E+3,-1.758340E-6,3.576300E-7,1.794341E-6,1.685034E+2
1.198065E+2,8.399100E+3,-2.235190E-6,1.609330E-6,2.754273E-6,1.442462E+2
1.200055E+2,8.411200E+3,-2.264990E-6,1.609330E-6,2.778511E-6,1.446053E+2
1.202055E+2,8.432200E+3,-1.311310E-6,-8.940730E-7,1.587104E-6,-1.457132E+2
1.204055E+2,8.444500E+3,3.576300E-7,-2.354400E-6,2.381407E-6,-8.136288E+1
1.206055E+2,8.454500E+3,1.430520E-6,-2.712030E-6,3.066186E-6,-6.218961E+1
1.208055E+2,8.477900E+3,3.486890E-6,-1.370910E-6,3.746705E-6,-2.146283E+1
1.210055E+2,8.487200E+3,3.188860E-6,-1.490120E-6,3.519842E-6,-2.504618E+1
1.212055E+2,8.511100E+3,2.533210E-6,-9.834840E-7,2.717424E-6,-2.121802E+1
1.214055E+2,8.520200E+3,2.771630E-6,-1.072890E-6,2.972041E-6,-2.116128E+1
1.216065E+2,8.541500E+3,2.741830E-6,-3.427280E-6,4.389064E-6,-5.134013E+1
1.218065E+2,8.550800E+3,1.192100E-6,-3.129260E-6,3.348637E-6,-6.914553E+1
1.220055E+2,8.572000E+3,2.294790E-6,-8.940730E-7,2.462809E-6,-2.128638E+1
1.222055E+2,8.581700E+3,2.026570E-6,-7.748640E-7,2.169654E-6,-2.092448E+1
1.224055E+2,8.594800E+3,1.460320E-6,-1.698740E-6,2.240146E-6,-4.931604E+1
1.226055E+2,8.617500E+3,-6.258520E-7,-1.877550E-6,1.979112E-6,-1.084350E+2
1.228064E+2,8.627400E+3,-9.536820E-7,-1.132500E-6,1.480563E-6,-1.301008E+2
1.230055E+2,8.638600E+3,-8.344690E-7,-1.162300E-6,1.430832E-6,-1.256763E+2
1.232055E+2,8.660000E+3,5.960500E-7,-7.748640E-7,9.775939E-7,-5.243137E+1
1.234055E+2,8.671300E+3,-5.364450E-7,-2.384200E-7,5.870412E-7,-1.560375E+2
1.236055E+2,8.690600E+3,-1.639140E-6,3.576300E-7,1.677701E-6,1.676920E+2
1.238055E+2,8.701700E+3,-2.652420E-6,1.192100E-6,2.907995E-6,1.557990E+2
1.240055E+2,8.714100E+3,-2.712030E-6,1.847750E-6,3.281659E-6,1.457328E+2
1.242065E+2,8.734300E+3,-2.920640E-6,1.847750E-6,3.456055E-6,1.476804E+2
1.244055E+2,8.744400E+3,-3.099460E-6,2.115980E-6,3.752869E-6,1.456789E+2
1.246065E+2,8.764900E+3,-1.966970E-6,3.129260E-6,3.696111E-6,1.221524E+2
1.248055E+2,8.774600E+3,-2.771630E-6,2.592820E-6,3.795346E-6,1.369091E+2
1.250055E+2,8.798700E+3,-2.086180E-6,4.768410E-7,2.139982E-6,1.671250E+2
1.252055E+2,8.808000E+3,-1.639140E-6,-9.536820E-7,1.896388E-6,-1.498084E+2
1.254065E+2,8.829500E+3,-3.874320E-7,-1.847750E-6,1.887931E-6,-1.018421E+2
1.256055E+2,8.838700E+3,-1.162300E-6,-1.162300E-6,1.643740E-6,-1.350000E+2
1.258065E+2,8.849400E+3,-1.102690E-6,-1.579530E-6,1.926354E-6,-1.249194E+2
1.260055E+2,8.872100E+3,7.152590E-7,-1.937170E-6,2.065000E-6,-6.973440E+1
1.262065E+2,8.884300E+3,1.043090E-6,-1.639140E-6,1.942889E-6,-5.752879E+1
1.264055E+2,8.895300E+3,-8.940740E-8,-2.324600E-6,2.326319E-6,-9.220259E+1
1.266055E+2,8.914900E+3,-2.473610E-6,-2.622620E-6,3.605119E-6,-1.333252E+2
1.268055E+2,8.927900E+3,-2.056370E-6,-3.218670E-6,3.819489E-6,-1.225740E+2
1.270065E+2,8.951200E+3,-1.311310E-6,-3.576290E-6,3.809119E-6,-1.101364E+2
1.272055E+2,8.960600E+3,-1.370910E-6,-4.023340E-6,4.250489E-6,-1.088160E+2
1.274065E+2,8.971800E+3,-1.311310E-6,-3.933940E-6,4.146736E-6,-1.084349E+2
1.276055E+2,8.993600E+3,-1.609330E-6,-3.457080E-6,3.813312E-6,-1.149628E+2
1.278065E+2,9.004600E+3,-2.503410E-6,-2.205390E-6,3.336286E-6,-1.386214E+2
1.280055E+2,9.024200E+3,-3.188860E-6,6.258520E-7,3.249695E-6,1.688962E+2
1.282065E+2,9.035500E+3,-2.056370E-6,4.768410E-7,2.110932E-6,1.669447E+2
1.284055E+2,9.054900E+3,-6.258520E-7,-7.748640E-7,9.960446E-7,-1.289276E+2
1.286065E+2,9.066100E+3,-4.470370E-7,-1.609330E-6,1.670265E-6,-1.055241E+2
1.288055E+2,9.078700E+3,-1.192100E-7,-2.056370E-6,2.059822E-6,-9.331779E+1
1.290065E+2,9.099100E+3,-5.364450E-7,-2.741830E-6,2.793815E-6,-1.010702E+2
1.292055E+2,9.112300E+3,-3.874320E-7,-1.370910E-6,1.424604E-6,-1.057808E+2
1.294065E+2,9.121600E+3,-7.450620E-7,5.960510E-8,7.474424E-7,1.754261E+2
1.296055E+2,9.145700E+3,1.490120E-6,-2.384200E-7,1.509073E-6,-9.090307E+0
1.298055E+2,9.154900E+3,1.430520E-6,-2.086170E-7,1.445652E-6,-8.297126E+0
1.300055E+2,9.176200E+3,2.622620E-6,2.980250E-8,2.622789E-6,6.510604E-1
1.302065E+2,9.188200E+3,2.384200E-6,3.576300E-7,2.410873E-6,8.530766E+0
1.304055E+2,9.209400E+3,2.682230E-7,7.450620E-7,7.918718E-7,7.020108E+1
1.306065E+2,9.218700E+3,-7.748640E-7,2.980250E-8,7.754369E-7,1.777974E+2
1.308055E+2,9.231100E+3,-6.556550E-7,-9.536820E-7,1.157321E-6,-1.245085E+2
1.310065E+2,9.252200E+3,-1.758340E-6,-1.341110E-6,2.211410E-6,-1.426667E+2
1.312055E+2,9.264200E+3,-2.801430E-6,-1.758340E-6,3.307532E-6,-1.478852E+2
1.314055E+2,9.274900E+3,-3.725300E-6,-2.294790E-6,4.375377E-6,-1.483669E+2
1.316055E+2,9.294800E+3,-5.960500E-7,-2.592820E-6,2.660449E-6,-1.029465E+2
1.318055E+2,9.316000E+3,1.579530E-6,-9.834840E-7,1.860687E-6,-3.190819E+1
1.320055E+2,9.325500E+3,1.579530E-6,-2.354400E-6,2.835157E-6,-5.614296E+1
1.322054E+2,9.336700E+3,9.834840E-7,-4.142550E-6,4.257694E-6,-7.664465E+1
1.324055E+2,9.356100E+3,-3.874320E-7,-4.410770E-6,4.427753E-6,-9.501985E+1
1.326065E+2,9.367200E+3,0.000000E+0,-4.351170E-6,4.351170E-6,-9.000000E+1
1.328065E+2,9.386900E+3,9.238760E-7,-2.324600E-6,2.501462E-6,-6.832543E+1
1.330055E+2,9.397800E+3,5.662480E-7,-1.072890E-6,1.213149E-6,-6.217588E+1
1.332055E+2,9.418100E+3,5.960500E-7,7.450620E-7,9.541452E-7,5.134017E+1
1.334065E+2,9.431200E+3,1.639140E-6,8.940730E-7,1.867123E-6,2.861037E+1
1.336055E+2,9.450900E+3,1.281510E-6,-1.966970E-6,2.347603E-6,-5.691516E+1
1.338065E+2,9.462000E+3,1.639140E-6,-3.993540E-6,4.316844E-6,-6.768441E+1
1.340056E+2,9.482000E+3,8.642710E-7,-2.443800E-6,2.592127E-6,-7.052342E+1
1.342055E+2,9.492700E+3,6.556550E-7,-5.364450E-7,8.471462E-7,-3.928941E+1
1.344055E+2,9.513100E+3,2.980250E-7,1.132500E-6,1.171057E-6,7.525650E+1
1.346055E+2,9.523200E+3,-1.192100E-7,1.430520E-6,1.435478E-6,9.476364E+1
1.348055E+2,9.543900E+3,-2.086180E-6,3.278270E-7,2.111781E-6,1.710694E+2
1.350065E+2,9.553500E+3,-2.324600E-6,-8.940740E-8,2.326319E-6,-1.777974E+2
1.352065E+2,9.568800E+3,-2.205390E-6,3.576300E-7,2.234199E-6,1.707890E+2
1.354055E+2,9.579500E+3,-5.066430E-7,7.450620E-7,9.010019E-7,1.242157E+2
1.356065E+2,9.602100E+3,1.490130E-7,1.311310E-6,1.319750E-6,8.351691E+1
1.358065E+2,9.612000E+3,4.172340E-7,8.046660E-7,9.064059E-7,6.259244E+1
1.360055E+2,9.632200E+3,1.221900E-6,1.221900E-6,1.728028E-6,4.500000E+1
1.362055E+2,9.642700E+3,1.162300E-6,-8.940740E-8,1.165734E-6,-4.398691E+0
1.364065E+2,9.662700E+3,5.364450E-7,-1.996770E-6,2.067574E-6,-7.496220E+1
1.366055E+2,9.675500E+3,-2.980250E-8,-2.741830E-6,2.741992E-6,-9.062276E+1
1.368055E+2,9.686700E+3,-4.470370E-7,-3.278270E-6,3.308609E-6,-9.776517E+1
1.370055E+2,9.706300E+3,-1.341110E-6,-2.622620E-6,2.945626E-6,-1.170835E+2
1.372055E+2,9.726700E+3,-1.251700E-6,-1.788150E-6,2.182712E-6,-1.249919E+2
1.374064E+2,9.737500E+3,-1.490120E-6,-8.940730E-7,1.737764E-6,-1.490362E+2
1.376065E+2,9.750600E+3,-1.609330E-6,-1.788150E-7,1.619234E-6,-1.736598E+2
1.378055E+2,9.760100E+3,-1.400720E-6,-4.768410E-7,1.479660E-6,-1.612001E+2
1.380055E+2,9.783400E+3,4.768410E-7,-1.519930E-6,1.592973E-6,-7.258202E+1
1.382065E+2,9.793700E+3,8.642710E-7,-1.817950E-6,2.012935E-6,-6.457313E+1
1.384055E+2,9.816000E+3,1.072890E-6,-2.205390E-6,2.452517E-6,-6.405776E+1
1.386055E+2,9.827100E+3,1.758340E-6,-3.039850E-6,3.511758E-6,-5.995363E+1
1.388065E+2,9.836300E+3,1.519930E-6,-3.606100E-6,3.913329E-6,-6.714513E+1
1.390055E+2,9.860700E+3,2.980250E-6,-3.874330E-6,4.887977E-6,-5.243144E+1
1.392055E+2,9.869800E+3,3.248470E-6,-4.261760E-6,5.358652E-6,-5.268402E+1
1.394052E+2,9.890900E+3,3.039850E-6,-3.933940E-6,4.971576E-6,-5.230588E+1
1.396062E+2,9.900400E+3,2.384200E-6,-3.367680E-6,4.126218E-6,-5.470284E+1
1.398052E+2,9.920500E+3,-4.172340E-7,-1.311310E-6,1.376088E-6,-1.076501E+2
1.400052E+2,9.929000E+3,-1.937170E-6,-8.344690E-7,2.109257E-6,-1.566952E+2
1.402051E+2,9.944700E+3,-1.192100E-6,-2.026570E-6,2.351189E-6,-1.204655E+2
1.404051E+2,9.951100E+3,-6.556550E-7,-1.788150E-6,1.904564E-6,-1.101363E+2
1.406052E+2,9.960600E+3,7.450620E-7,5.364450E-7,9.180907E-7,3.575391E+1
1.408062E+2,9.964400E+3,0.000000E+0,3.576300E-7,3.576300E-7,9.000000E+1
1.410062E+2,9.967200E+3,-1.579530E-6,1.490130E-7,1.586543E-6,1.746107E+2
1.412052E+2,9.966300E+3,-1.907360E-6,-2.682230E-7,1.926127E-6,-1.719953E+2
1.414052E+2,9.960700E+3,-2.205390E-6,-1.996770E-6,2.975035E-6,-1.378422E+2
1.416062E+2,9.956300E+3,-2.354400E-6,-1.221900E-6,2.652591E-6,-1.525713E+2
1.418052E+2,9.950600E+3,-2.503410E-6,-4.470370E-7,2.543011E-6,-1.698753E+2
1.420062E+2,9.930500E+3,-1.937170E-6,6.556550E-7,2.045119E-6,1.613011E+2
1.422052E+2,9.920700E+3,-1.132500E-6,2.264990E-6,2.532338E-6,1.165652E+2
1.424063E+2,9.905500E+3,-1.490130E-7,3.159060E-6,3.162573E-6,9.270064E+1
1.426051E+2,9.878400E+3,-2.682230E-7,2.026570E-6,2.044243E-6,9.753946E+1
1.428062E+2,9.863800E+3,5.066430E-7,8.940730E-7,1.027645E-6,6.046114E+1
1.430051E+2,9.834600E+3,5.662480E-7,-8.046660E-7,9.839330E-7,-5.486573E+1
1.432062E+2,9.819000E+3,2.980250E-8,-5.960510E-8,6.664051E-8,-6.343499E+1
1.434062E+2,9.790500E+3,-2.086170E-7,-1.221900E-6,1.239581E-6,-9.968878E+1
1.436051E+2,9.775400E+3,8.940740E-8,-1.400720E-6,1.403571E-6,-8.634779E+1
1.438051E+2,9.746300E+3,3.278270E-7,-8.344690E-7,8.965540E-7,-6.855227E+1
1.440061E+2,9.733300E+3,3.874320E-7,-3.576300E-7,5.272597E-7,-4.270943E+1
1.442052E+2,9.717900E+3,3.278270E-7,-8.940740E-8,3.398003E-7,-1.525512E+1
1.444061E+2,9.696500E+3,1.788150E-6,5.960510E-8,1.789143E-6,1.909156E+0
1.446052E+2,9.685300E+3,1.788150E-6,7.152590E-7,1.925896E-6,2.180138E+1
1.448061E+2,9.666500E+3,-1.013290E-6,-5.960510E-8,1.015042E-6,-1.766336E+2
1.450061E+2,9.654000E+3,-3.129260E-6,-3.576300E-7,3.149630E-6,-1.734802E+2
1.452062E+2,9.637200E+3,-4.678990E-6,1.192100E-7,4.680508E-6,1.785406E+2
1.454061E+2,9.626900E+3,-3.039850E-6,-3.576300E-7,3.060815E-6,-1.732902E+2
1.456052E+2,9.618400E+3,-1.311310E-6,-1.192100E-7,1.316717E-6,-1.748056E+2
1.458062E+2,9.598300E+3,-7.748640E-7,-2.384200E-7,8.107147E-7,-1.628973E+2
1.460052E+2,9.586500E+3,-5.066430E-7,-7.748640E-7,9.257977E-7,-1.231786E+2
1.462052E+2,9.565500E+3,-6.258520E-7,-2.026570E-6,2.121008E-6,-1.071619E+2
1.464052E+2,9.556300E+3,4.470370E-7,-1.668940E-6,1.727774E-6,-7.500494E+1
1.466052E+2,9.532300E+3,2.831240E-6,-1.102690E-6,3.038395E-6,-2.127954E+1
1.468052E+2,9.522700E+3,3.248470E-6,-1.102690E-6,3.430522E-6,-1.874973E+1
1.470052E+2,9.510400E+3,2.980250E-6,-1.221900E-6,3.221014E-6,-2.229359E+1
1.472062E+2,9.499100E+3,2.682220E-6,-9.536820E-7,2.846720E-6,-1.957320E+1
1.474051E+2,9.476800E+3,1.013290E-6,-8.046660E-7,1.293926E-6,-3.845352E+1
1.476061E+2,9.466400E+3,-2.682230E-7,-1.192100E-6,1.221903E-6,-1.026804E+2
1.478052E+2,9.443500E+3,-6.556550E-7,-7.450620E-7,9.924721E-7,-1.313478E+2
1.480052E+2,9.433900E+3,-8.046660E-7,9.238760E-7,1.225167E-6,1.310548E+2
1.482052E+2,9.422800E+3,-3.576300E-7,2.026570E-6,2.057884E-6,1.000080E+2
1.484052E+2,9.401600E+3,2.980250E-7,1.400720E-6,1.432074E-6,7.798854E+1
1.486062E+2,9.390600E+3,-3.278270E-7,8.642710E-7,9.243565E-7,1.107723E+2
1.488052E+2,9.368600E+3,-7.748640E-7,-9.834840E-7,1.252060E-6,-1.282337E+2
1.490052E+2,9.357600E+3,-1.102690E-6,-1.251700E-6,1.668136E-6,-1.313786E+2
1.492052E+2,9.338900E+3,-3.278270E-7,-8.940730E-7,9.522799E-7,-1.101363E+2
1.494062E+2,9.328000E+3,5.662480E-7,-2.026570E-6,2.104192E-6,-7.438900E+1
1.496052E+2,9.308600E+3,4.470370E-7,-4.142550E-6,4.166601E-6,-8.384085E+1
1.498052E+2,9.297400E+3,-2.980250E-7,-3.576290E-6,3.588686E-6,-9.476366E+1
1.500052E+2,9.287600E+3,1.490130E-7,-2.622620E-6,2.626850E-6,-8.674804E+1
1.502052E+2,9.263900E+3,1.698740E-6,-2.622620E-6,3.124717E-6,-5.706781E+1
1.504052E+2,9.254600E+3,3.278270E-7,-2.354400E-6,2.377114E-6,-8.207309E+1
1.506062E+2,9.233500E+3,-1.788150E-7,-2.831240E-6,2.836881E-6,-9.361388E+1
1.508062E+2,9.224400E+3,8.046660E-7,-4.142550E-6,4.219977E-6,-7.900752E+1
1.510052E+2,9.203400E+3,-4.768410E-7,-3.725300E-6,3.755694E-6,-9.729424E+1
1.512062E+2,9.194400E+3,-1.609330E-6,-3.695500E-6,4.030715E-6,-1.135323E+2
1.514052E+2,9.173400E+3,-4.768410E-7,-3.337870E-6,3.371758E-6,-9.813014E+1
1.516051E+2,9.164200E+3,-1.013290E-6,-2.443800E-6,2.645546E-6,-1.125207E+2
1.518062E+2,9.153200E+3,-1.847750E-6,-1.579530E-6,2.430863E-6,-1.394749E+2
1.520062E+2,9.131500E+3,-1.013290E-6,-6.258520E-7,1.190986E-6,-1.482987E+2
1.522052E+2,9.120600E+3,-1.788150E-7,-1.251700E-6,1.264408E-6,-9.813014E+1
1.524052E+2,9.101200E+3,2.443800E-6,-1.817950E-6,3.045833E-6,-3.664567E+1
1.526052E+2,9.090200E+3,4.231960E-6,-8.642710E-7,4.319311E-6,-1.154249E+1
1.528052E+2,9.070800E+3,3.457080E-6,2.086170E-7,3.463369E-6,3.453318E+0
1.530051E+2,9.057800E+3,3.576290E-6,-9.536820E-7,3.701265E-6,-1.493149E+1
1.532062E+2,9.047100E+3,3.188860E-6,-2.086180E-6,3.810640E-6,-3.319306E+1
1.534052E+2,9.025200E+3,2.801430E-6,-3.099460E-6,4.177878E-6,-4.789132E+1
1.536062E+2,9.014000E+3,3.635900E-6,-4.410770E-6,5.716175E-6,-5.050045E+1
1.538052E+2,8.994500E+3,3.039850E-6,-5.066420E-6,5.908409E-6,-5.903626E+1
1.540062E+2,8.983500E+3,2.473610E-6,-5.155830E-6,5.718508E-6,-6.436973E+1
1.542061E+2,8.963700E+3,5.066430E-7,-3.725300E-6,3.759594E-6,-8.225526E+1
1.544052E+2,8.950300E+3,-5.662480E-7,-2.592820E-6,2.653931E-6,-1.023194E+2
1.546052E+2,8.931500E+3,-2.443800E-6,-8.940740E-8,2.445435E-6,-1.779047E+2
1.548061E+2,8.920500E+3,-2.771630E-6,-1.192100E-7,2.774192E-6,-1.775372E+2
1.550052E+2,8.901100E+3,-3.129260E-6,1.370910E-6,3.416381E-6,1.563421E+2
1.552062E+2,8.890500E+3,-2.861040E-6,1.013290E-6,3.035178E-6,1.604975E+2
1.554052E+2,8.881600E+3,-2.563010E-6,9.536820E-7,2.734690E-6,1.595900E+2
1.556062E+2,8.860600E+3,-7.152590E-7,1.370910E-6,1.546283E-6,1.175529E+2
1.558052E+2,8.851400E+3,-4.172340E-7,1.549730E-6,1.604913E-6,1.050685E+2
1.560061E+2,8.830600E+3,-1.370910E-6,1.579530E-6,2.091485E-6,1.309555E+2
1.562051E+2,8.820900E+3,-8.344690E-7,8.940730E-7,1.222990E-6,1.330251E+2
1.564051E+2,8.800500E+3,-1.281510E-6,1.281510E-6,1.812329E-6,1.350000E+2
1.566052E+2,8.790300E+3,-1.311310E-6,1.877550E-6,2.290137E-6,1.249310E+2
1.568062E+2,8.770400E+3,-1.430520E-6,1.639140E-6,2.175584E-6,1.311120E+2
1.570052E+2,8.757800E+3,-2.682220E-6,-4.172340E-7,2.714478E-6,-1.711582E+2
1.572062E+2,8.737300E+3,-3.546490E-6,3.874320E-7,3.567590E-6,1.737655E+2
1.574052E+2,8.727200E+3,-3.427280E-6,5.960500E-7,3.478724E-6,1.701342E+2
1.576051E+2,8.707000E+3,-3.099460E-6,7.450620E-7,3.187753E-6,1.664834E+2
1.578061E+2,8.696400E+3,-2.533210E-6,1.490120E-6,2.938981E-6,1.495345E+2
1.580061E+2,8.685800E+3,-1.877550E-6,2.324600E-6,2.988136E-6,1.289274E+2
1.582052E+2,8.662700E+3,-9.536820E-7,-1.192100E-6,1.526634E-6,-1.286599E+2
1.584061E+2,8.652300E+3,-2.980250E-7,-2.056370E-6,2.077854E-6,-9.824633E+1
1.586061E+2,8.630300E+3,1.847750E-6,0.000000E+0,1.847750E-6,0.000000E+0
1.588062E+2,8.619200E+3,3.546490E-6,1.281510E-6,3.770923E-6,1.986712E+1
1.590052E+2,8.599500E+3,8.642710E-7,9.834840E-7,1.309277E-6,4.869148E+1
1.592062E+2,8.588900E+3,-1.162300E-6,-3.576300E-7,1.216076E-6,-1.628973E+2
1.594052E+2,8.579800E+3,-1.966970E-6,2.682230E-7,1.985174E-6,1.722348E+2
1.596052E+2,8.555800E+3,-1.907360E-6,1.251700E-6,2.281398E-6,1.467252E+2
1.598052E+2,8.546700E+3,-2.503410E-6,2.145780E-6,3.297186E-6,1.393987E+2
1.600062E+2,8.523300E+3,-3.844530E-6,1.549730E-6,4.145127E-6,1.580456E+2
1.602052E+2,8.513500E+3,-3.755110E-6,8.642710E-7,3.853286E-6,1.670386E+2
1.604062E+2,8.504100E+3,-2.741830E-6,-1.758340E-6,3.257206E-6,-1.473279E+2
1.606052E+2,8.480400E+3,-1.430520E-6,-3.904130E-6,4.157958E-6,-1.101234E+2
1.608052E+2,8.471400E+3,-1.698740E-6,-3.486890E-6,3.878675E-6,-1.159744E+2
1.610062E+2,8.450300E+3,-1.311310E-6,-2.771630E-6,3.066181E-6,-1.153197E+2
1.612052E+2,8.441000E+3,-8.344690E-7,-1.907360E-6,2.081913E-6,-1.136294E+2
1.614052E+2,8.429700E+3,-4.768410E-7,-1.400720E-6,1.479660E-6,-1.087999E+2
1.616052E+2,8.407900E+3,-1.341110E-6,-2.652420E-6,2.972189E-6,-1.168220E+2
1.618062E+2,8.397100E+3,-1.251700E-6,-2.145780E-6,2.484175E-6,-1.202563E+2
1.620051E+2,8.377600E+3,-1.162300E-6,-1.758340E-6,2.107772E-6,-1.234656E+2
1.622062E+2,8.366400E+3,-1.430520E-6,-2.443800E-6,2.831704E-6,-1.203433E+2
1.624052E+2,8.347100E+3,-2.741830E-6,-2.533210E-6,3.732932E-6,-1.372648E+2
1.626052E+2,8.335900E+3,-3.844530E-6,-1.579530E-6,4.156360E-6,-1.576646E+2
1.628062E+2,8.316400E+3,-3.755110E-6,-1.251700E-6,3.958232E-6,-1.615651E+2
1.630052E+2,8.303400E+3,-3.188860E-6,-1.579530E-6,3.558615E-6,-1.536495E+2
1.632052E+2,8.284000E+3,-2.354400E-6,-1.639140E-6,2.868794E-6,-1.451543E+2
1.634052E+2,8.272800E+3,-2.354400E-6,-1.341110E-6,2.709571E-6,-1.503334E+2
1.636063E+2,8.263200E+3,-9.834840E-7,-7.450620E-7,1.233839E-6,-1.428534E+2
1.638052E+2,8.240400E+3,-4.470370E-7,-2.563010E-6,2.601704E-6,-9.989393E+1
1.640052E+2,8.230000E+3,-2.384200E-7,-2.861040E-6,2.870957E-6,-9.476364E+1
1.642052E+2,8.207000E+3,-1.490120E-6,-1.728540E-6,2.282172E-6,-1.307636E+2
1.644062E+2,8.197000E+3,-1.728540E-6,5.960510E-8,1.729567E-6,1.780251E+2
1.646052E+2,8.176800E+3,-3.337870E-6,-4.470370E-7,3.367673E-6,-1.723718E+2
1.648051E+2,8.167300E+3,-4.023340E-6,-1.579530E-6,4.322289E-6,-1.585654E+2
1.650052E+2,8.157600E+3,-4.708800E-6,-2.324600E-6,5.251339E-6,-1.537258E+2
1.652051E+2,8.134100E+3,-1.251700E-6,-1.996770E-6,2.356659E-6,-1.220821E+2
1.654051E+2,8.124900E+3,-4.172340E-7,-2.741830E-6,2.773394E-6,-9.865252E+1
1.656052E+2,8.103800E+3,-2.980250E-8,-4.768400E-6,4.768493E-6,-9.035810E+1
1.658061E+2,8.094300E+3,-8.940740E-8,-5.066420E-6,5.067209E-6,-9.101100E+1
1.660051E+2,8.083200E+3,-5.066430E-7,-5.126030E-6,5.151007E-6,-9.564463E+1
1.662061E+2,8.061700E+3,-1.490120E-6,-3.844530E-6,4.123211E-6,-1.111861E+2
1.664062E+2,8.050600E+3,-2.384200E-7,-3.099460E-6,3.108616E-6,-9.439871E+1
1.666052E+2,8.028600E+3,1.490120E-6,-2.324600E-6,2.761200E-6,-5.733923E+1
1.668062E+2,8.018400E+3,1.281510E-6,-3.457080E-6,3.686959E-6,-6.966069E+1
1.670052E+2,8.005200E+3,1.460320E-6,-3.457080E-6,3.752857E-6,-6.710011E+1
1.672051E+2,7.985900E+3,1.043090E-6,-1.400720E-6,1.746440E-6,-5.332563E+1
1.674061E+2,7.971900E+3,1.043090E-6,-2.682230E-7,1.077024E-6,-1.442077E+1
1.676061E+2,7.962400E+3,1.519930E-6,1.490130E-7,1.527217E-6,5.599349E+0
1.678051E+2,7.939500E+3,2.324600E-6,5.662480E-7,2.392572E-6,1.369003E+1
1.680061E+2,7.929200E+3,5.960510E-8,-5.960510E-8,8.429434E-8,-4.500000E+1
1.682051E+2,7.907300E+3,-6.854570E-7,1.192100E-6,1.375120E-6,1.198989E+2
1.684051E+2,7.896300E+3,-8.940730E-7,1.490120E-6,1.737764E-6,1.209638E+2
1.686052E+2,7.887300E+3,-7.748640E-7,2.324600E-6,2.450343E-6,1.084349E+2
1.688052E+2,7.863700E+3,-5.066430E-7,3.010050E-6,3.052391E-6,9.955431E+1
1.690052E+2,7.854100E+3,-3.576300E-7,3.010050E-6,3.031221E-6,9.677566E+1
1.692062E+2,7.833000E+3,-7.450620E-7,6.556550E-7,9.924721E-7,1.386522E+2
1.694052E+2,7.823900E+3,-8.642710E-7,-1.579530E-6,1.800522E-6,-1.186861E+2
1.696062E+2,7.813400E+3,-8.046660E-7,-2.324600E-6,2.459929E-6,-1.090934E+2
1.698061E+2,7.790600E+3,-1.996770E-6,-1.788150E-6,2.680405E-6,-1.381549E+2
1.700062E+2,7.781000E+3,-3.576290E-6,-1.221900E-6,3.779271E-6,-1.611364E+2
1.702052E+2,7.757400E+3,-6.198910E-6,1.043090E-6,6.286058E-6,1.704483E+2
1.704052E+2,7.748400E+3,-6.020100E-6,1.668940E-6,6.247157E-6,1.645051E+2
1.706052E+2,7.727200E+3,-3.457080E-6,3.218670E-6,4.723477E-6,1.370453E+2
1.708052E+2,7.718100E+3,-3.129260E-6,2.712030E-6,4.140939E-6,1.390856E+2
1.710061E+2,7.706900E+3,-2.801430E-6,2.026570E-6,3.457600E-6,1.441178E+2
1.712063E+2,7.685000E+3,-5.811480E-6,6.556550E-7,5.848349E-6,1.735631E+2
1.714052E+2,7.673800E+3,-6.526740E-6,5.066430E-7,6.546375E-6,1.755613E+2
1.716062E+2,7.652400E+3,-6.347920E-6,3.576300E-7,6.357986E-6,1.767755E+2
1.718052E+2,7.641200E+3,-7.301600E-6,-8.344690E-7,7.349129E-6,-1.734802E+2
1.720052E+2,7.622000E+3,-6.139310E-6,-7.748640E-7,6.188016E-6,-1.728065E+2
1.722052E+2,7.610700E+3,-6.198910E-6,-1.788150E-7,6.201489E-6,-1.783477E+2
1.724062E+2,7.601200E+3,-6.437330E-6,1.788150E-7,6.439813E-6,1.784089E+2
1.726052E+2,7.578200E+3,-7.301600E-6,-5.662480E-7,7.323524E-6,-1.755655E+2
1.728061E+2,7.567900E+3,-6.377730E-6,-1.400720E-6,6.529736E-6,-1.676130E+2
1.730052E+2,7.547500E+3,-5.364450E-6,-2.801430E-6,6.051887E-6,-1.524255E+2
1.732052E+2,7.534900E+3,-5.394250E-6,-2.890840E-6,6.120040E-6,-1.518126E+2
1.734061E+2,7.515200E+3,-7.689060E-6,-1.370910E-6,7.810316E-6,-1.698908E+2
1.736051E+2,7.504600E+3,-7.361200E-6,-4.768410E-7,7.376628E-6,-1.762937E+2
1.738052E+2,7.495600E+3,-8.016880E-6,-1.102690E-6,8.092360E-6,-1.721683E+2
1.740062E+2,7.471500E+3,-6.645950E-6,-1.490130E-7,6.647620E-6,-1.787156E+2
1.742052E+2,7.462400E+3,-4.202160E-6,-6.258520E-7,4.248510E-6,-1.715289E+2
1.744062E+2,7.439000E+3,-3.457080E-6,2.980250E-8,3.457208E-6,1.795061E+2
1.746061E+2,7.429400E+3,-4.977020E-6,1.490130E-7,4.979250E-6,1.782851E+2
1.748062E+2,7.417000E+3,-6.109510E-6,-9.238760E-7,6.178969E-6,-1.714009E+2
1.750062E+2,7.396200E+3,-6.049900E-6,-2.682230E-7,6.055843E-6,-1.774615E+2
1.752052E+2,7.384300E+3,-6.645950E-6,-1.490130E-7,6.647620E-6,-1.787156E+2
1.754052E+2,7.373300E+3,-7.301600E-6,5.364450E-7,7.321280E-6,1.757981E+2
1.756062E+2,7.351100E+3,-8.106290E-6,8.046660E-7,8.146129E-6,1.743311E+2
1.758061E+2,7.340900E+3,-7.212190E-6,8.642710E-7,7.263790E-6,1.731666E+2
1.760062E+2,7.329800E+3,-6.169110E-6,8.642710E-7,6.229357E-6,1.720250E+2
1.762053E+2,7.308200E+3,-5.304840E-6,6.556550E-7,5.345204E-6,1.729542E+2
1.764062E+2,7.296900E+3,-4.977020E-6,1.490120E-6,5.195304E-6,1.633323E+2
1.766052E+2,7.275500E+3,-7.212190E-6,3.039850E-6,7.826645E-6,1.571452E+2
1.768062E+2,7.264400E+3,-8.791740E-6,3.159060E-6,9.342074E-6,1.602356E+2
1.770052E+2,7.251500E+3,-8.672530E-6,2.354400E-6,8.986433E-6,1.648115E+2
1.772062E+2,7.229300E+3,-9.298380E-6,2.592820E-6,9.653113E-6,1.644191E+2
1.774052E+2,7.218100E+3,-1.001360E-5,1.668940E-6,1.015173E-5,1.705376E+2
1.776062E+2,7.209000E+3,-1.147400E-5,3.576300E-7,1.147957E-5,1.782147E+2
1.778052E+2,7.188300E+3,-1.087790E-5,-1.847750E-6,1.103372E-5,-1.703596E+2
1.780052E+2,7.179000E+3,-9.864630E-6,-1.609330E-6,9.995042E-6,-1.707343E+2
1.782052E+2,7.155000E+3,-1.063950E-5,-1.907360E-6,1.080912E-5,-1.698365E+2
1.784052E+2,7.145800E+3,-1.087790E-5,-1.460320E-6,1.097548E-5,-1.723540E+2
1.786052E+2,7.122500E+3,-1.063950E-5,4.470370E-7,1.064889E-5,1.775940E+2
1.788062E+2,7.112500E+3,-9.507000E-6,1.072890E-6,9.567348E-6,1.735613E+2
1.790052E+2,7.103100E+3,-8.761940E-6,2.980250E-7,8.767007E-6,1.780519E+2
1.792062E+2,7.079300E+3,-6.467130E-6,-1.370910E-6,6.610837E-6,-1.680315E+2
1.794052E+2,7.070200E+3,-7.420810E-6,-2.086180E-6,7.708474E-6,-1.642980E+2
1.796061E+2,7.057400E+3,-7.003570E-6,-1.639140E-6,7.192828E-6,-1.668274E+2
1.798061E+2,7.036900E+3,-6.943970E-6,-1.639140E-6,7.134809E-6,-1.667183E+2
1.800062E+2,7.026700E+3,-7.569820E-6,-2.473610E-6,7.963725E-6,-1.619040E+2
1.802052E+2,7.006600E+3,-9.059960E-6,-3.039850E-6,9.556336E-6,-1.614521E+2
1.804062E+2,6.995900E+3,-9.149370E-6,-2.622620E-6,9.517831E-6,-1.640053E+2
1.806052E+2,6.973600E+3,-1.108650E-5,-4.291560E-6,1.188814E-5,-1.588387E+2
1.808051E+2,6.963600E+3,-1.215940E-5,-3.308070E-6,1.260136E-5,-1.647805E+2
1.810052E+2,6.952500E+3,-1.332170E-5,-9.238760E-7,1.335370E-5,-1.760328E+2
1.812062E+2,6.931300E+3,-1.376870E-5,2.712030E-6,1.403325E-5,1.688571E+2
1.814051E+2,6.920000E+3,-1.376870E-5,3.784910E-6,1.427945E-5,1.646295E+2
1.816052E+2,6.897700E+3,-1.481180E-5,3.904130E-6,1.531769E-5,1.652337E+2
1.818052E+2,6.887500E+3,-1.528870E-5,2.294790E-6,1.545996E-5,1.714638E+2
1.820052E+2,6.868000E+3,-1.603380E-5,6.258520E-7,1.604601E-5,1.777647E+2
1.822052E+2,6.856600E+3,-1.570590E-5,-2.086170E-7,1.570729E-5,-1.792390E+2
1.824052E+2,6.837200E+3,-1.668940E-5,-2.086180E-6,1.681928E-5,-1.728750E+2
1.826061E+2,6.825900E+3,-1.725570E-5,-1.221900E-6,1.729891E-5,-1.759496E+2
1.828062E+2,6.816500E+3,-1.746430E-5,-5.960500E-7,1.747447E-5,-1.780453E+2
1.830062E+2,6.795300E+3,-1.767290E-5,-1.668940E-6,1.775153E-5,-1.746053E+2
1.832062E+2,6.775800E+3,-1.862660E-5,-6.556550E-7,1.863814E-5,-1.779840E+2
1.834052E+2,6.765100E+3,-1.853720E-5,6.258520E-7,1.854776E-5,1.780663E+2
1.836062E+2,6.753100E+3,-1.758350E-5,8.046660E-7,1.760190E-5,1.773798E+2
1.838052E+2,6.732000E+3,-1.710660E-5,-1.192100E-7,1.710702E-5,-1.796007E+2
1.840052E+2,6.719700E+3,-1.835830E-5,-1.102690E-6,1.839139E-5,-1.765627E+2
1.842052E+2,6.709600E+3,-1.880540E-5,-5.364450E-7,1.881305E-5,-1.783660E+2
1.844052E+2,6.686200E+3,-1.943120E-5,1.490130E-7,1.943177E-5,1.795606E+2
1.846062E+2,6.677000E+3,-1.972930E-5,-2.980250E-8,1.972932E-5,-1.799135E+2
1.848052E+2,6.656200E+3,-2.259030E-5,-1.102690E-6,2.261720E-5,-1.772055E+2
1.850051E+2,6.646300E+3,-2.375260E-5,-1.370910E-6,2.379213E-5,-1.766968E+2
1.852062E+2,6.625700E+3,-2.646460E-5,2.384200E-7,2.646567E-5,1.794838E+2
1.854052E+2,6.615500E+3,-2.649440E-5,1.490120E-6,2.653627E-5,1.767809E+2
1.856061E+2,6.602300E+3,-2.712020E-5,1.430520E-6,2.715790E-5,1.769806E+2
1.858051E+2,6.582900E+3,-2.908720E-5,5.960500E-7,2.909331E-5,1.788261E+2
1.860062E+2,6.569900E+3,-2.959380E-5,7.450620E-7,2.960318E-5,1.785578E+2
1.862052E+2,6.550200E+3,-3.117350E-5,-1.311310E-6,3.120107E-5,-1.775913E+2
1.864062E+2,6.539100E+3,-3.251460E-5,-1.370910E-6,3.254349E-5,-1.775857E+2
1.866061E+2,6.519900E+3,-3.385570E-5,-6.556550E-7,3.386205E-5,-1.788905E+2
1.868062E+2,6.508700E+3,-3.421330E-5,-5.960500E-7,3.421849E-5,-1.790019E+2
1.870052E+2,6.489400E+3,-3.367690E-5,-3.576300E-7,3.367880E-5,-1.793916E+2
1.872062E+2,6.478300E+3,-3.454110E-5,-9.238760E-7,3.455345E-5,-1.784679E+2
1.874052E+2,6.459100E+3,-3.609080E-5,-1.490120E-6,3.612155E-5,-1.776357E+2
1.876062E+2,6.448200E+3,-3.761080E-5,-6.556550E-7,3.761651E-5,-1.790013E+2
1.878052E+2,6.436000E+3,-4.008440E-5,-1.013290E-6,4.009721E-5,-1.785519E+2
1.880052E+2,6.415100E+3,-4.354140E-5,1.788150E-7,4.354177E-5,1.797647E+2
1.882052E+2,6.405700E+3,-4.473350E-5,1.341110E-6,4.475360E-5,1.782828E+2
1.884062E+2,6.382300E+3,-4.959130E-5,1.430520E-6,4.961193E-5,1.783477E+2
1.886052E+2,6.372200E+3,-5.129000E-5,7.748640E-7,5.129585E-5,1.791345E+2
1.888062E+2,6.362900E+3,-5.355500E-5,7.152590E-7,5.355978E-5,1.792348E+2
1.890051E+2,6.342100E+3,-5.713130E-5,-1.937170E-6,5.716413E-5,-1.780580E+2
1.892052E+2,6.321100E+3,-6.300260E-5,-2.503410E-6,6.305232E-5,-1.777246E+2
1.894062E+2,6.312000E+3,-6.502910E-5,-2.473610E-6,6.507613E-5,-1.778216E+2
1.896062E+2,6.301700E+3,-6.684710E-5,-2.294790E-6,6.688648E-5,-1.780339E+2
1.898052E+2,6.281900E+3,-7.247970E-5,-7.450620E-7,7.248353E-5,-1.794110E+2
1.900062E+2,6.269400E+3,-7.554940E-5,-1.072890E-6,7.555702E-5,-1.791864E+2
1.902051E+2,6.258300E+3,-7.960250E-5,-1.490120E-6,7.961645E-5,-1.789276E+2
1.904062E+2,6.236700E+3,-8.624840E-5,-5.960500E-7,8.625046E-5,-1.796040E+2
1.906052E+2,6.225500E+3,-9.092740E-5,-9.238760E-7,9.093209E-5,-1.794179E+2
1.908062E+2,6.203300E+3,-9.977860E-5,-4.172340E-7,9.977947E-5,-1.797604E+2
1.910052E+2,6.191900E+3,-1.034440E-4,-4.172340E-7,1.034448E-4,-1.797689E+2
1.912052E+2,6.182100E+3,-1.100600E-4,-1.788150E-7,1.100601E-4,-1.799069E+2
1.914052E+2,6.159500E+3,-1.231440E-4,-9.834840E-7,1.231479E-4,-1.795424E+2
1.916062E+2,6.148900E+3,-1.302370E-4,-1.966970E-6,1.302519E-4,-1.791347E+2
1.918052E+2,6.128800E+3,-1.429630E-4,-2.980250E-8,1.429630E-4,-1.799881E+2
1.920052E+2,6.118700E+3,-1.484460E-4,2.384200E-7,1.484462E-4,1.799080E+2
1.922052E+2,6.098300E+3,-1.643310E-4,6.556550E-7,1.643323E-4,1.797714E+2
1.924052E+2,6.089000E+3,-1.702020E-4,2.682230E-7,1.702022E-4,1.799097E+2
1.926062E+2,6.068000E+3,-1.832850E-4,-7.748640E-7,1.832866E-4,-1.797578E+2
1.928062E+2,6.058800E+3,-1.899610E-4,-1.221900E-6,1.899649E-4,-1.796315E+2
1.930052E+2,6.038300E+3,-2.065010E-4,-3.576300E-7,2.065013E-4,-1.799008E+2
1.932062E+2,6.028700E+3,-2.149050E-4,-1.281510E-6,2.149088E-4,-1.796583E+2
1.934062E+2,6.007400E+3,-2.332040E-4,-3.039850E-6,2.332238E-4,-1.792532E+2
1.936052E+2,5.998100E+3,-2.464970E-4,-2.473610E-6,2.465094E-4,-1.794251E+2
1.938052E+2,5.985200E+3,-2.579410E-4,-2.086180E-6,2.579494E-4,-1.795366E+2
1.940062E+2,5.965100E+3,-2.830350E-4,1.311310E-6,2.830380E-4,1.797346E+2
1.942052E+2,5.952500E+3,-2.980850E-4,8.940730E-7,2.980863E-4,1.798282E+2
1.944052E+2,5.931800E+3,-3.238040E-4,-6.556550E-7,3.238047E-4,-1.798840E+2
1.946052E+2,5.922000E+3,-3.361720E-4,-8.940730E-7,3.361732E-4,-1.798476E+2
1.948061E+2,5.910800E+3,-3.493740E-4,-2.354400E-6,3.493819E-4,-1.796139E+2
1.950052E+2,5.889600E+3,-3.788490E-4,-1.907360E-6,3.788538E-4,-1.797115E+2
1.952052E+2,5.878300E+3,-3.916640E-4,-1.668940E-6,3.916676E-4,-1.797559E+2
1.954052E+2,5.858900E+3,-4.153870E-4,-2.115980E-6,4.153924E-4,-1.797081E+2
1.956052E+2,5.847600E+3,-4.248340E-4,-3.457080E-6,4.248481E-4,-1.795338E+2
1.958052E+2,5.828100E+3,-4.430430E-4,-9.834840E-7,4.430441E-4,-1.798728E+2
1.960052E+2,5.817000E+3,-4.502260E-4,-7.748640E-7,4.502267E-4,-1.799014E+2
1.962052E+2,5.797300E+3,-4.578250E-4,-3.278270E-6,4.578367E-4,-1.795897E+2
1.964062E+2,5.784300E+3,-4.612230E-4,-1.758340E-6,4.612264E-4,-1.797816E+2
1.966052E+2,5.774800E+3,-4.610740E-4,-2.652420E-6,4.610816E-4,-1.796704E+2
1.968062E+2,5.752000E+3,-4.604780E-4,-7.748640E-7,4.604787E-4,-1.799036E+2
1.970061E+2,5.741800E+3,-4.572290E-4,-1.579530E-6,4.572317E-4,-1.798021E+2
1.972062E+2,5.721600E+3,-4.443540E-4,-2.294790E-6,4.443599E-4,-1.797041E+2
1.974062E+2,5.711900E+3,-4.364270E-4,-3.308070E-6,4.364395E-4,-1.795657E+2
1.976052E+2,5.688200E+3,-4.144330E-4,-3.606100E-6,4.144487E-4,-1.795015E+2
1.978061E+2,5.678700E+3,-3.957770E-4,-2.890840E-6,3.957876E-4,-1.795815E+2
1.980062E+2,5.666600E+3,-3.830810E-4,-4.768410E-7,3.830813E-4,-1.799287E+2
1.982052E+2,5.645300E+3,-3.545900E-4,-8.642710E-7,3.545911E-4,-1.798604E+2
1.984052E+2,5.636100E+3,-3.360830E-4,8.940740E-8,3.360830E-4,1.799848E+2
1.986052E+2,5.615400E+3,-3.022570E-4,3.576300E-7,3.022572E-4,1.799322E+2
1.988051E+2,5.605800E+3,-2.869680E-4,5.066430E-7,2.869684E-4,1.798988E+2
1.990052E+2,5.585300E+3,-2.515330E-4,8.344690E-7,2.515344E-4,1.798099E+2
1.992052E+2,5.575200E+3,-2.294790E-4,1.639140E-6,2.294849E-4,1.795908E+2
1.994052E+2,5.562000E+3,-2.092130E-4,3.576300E-7,2.092133E-4,1.799021E+2
1.996062E+2,5.542600E+3,-1.740760E-4,-9.834840E-7,1.740788E-4,-1.796763E+2
1.998052E+2,5.531300E+3,-1.595330E-4,-1.400720E-6,1.595391E-4,-1.794970E+2
2.000062E+2,5.511900E+3,-1.229950E-4,-1.579530E-6,1.230051E-4,-1.792642E+2
2.002052E+2,5.498800E+3,-1.094050E-4,-1.817950E-6,1.094201E-4,-1.790480E+2
2.004052E+2,5.479300E+3,-8.130120E-5,-2.175580E-6,8.133030E-5,-1.784672E+2
2.006061E+2,5.468100E+3,-6.619140E-5,-1.102690E-6,6.620058E-5,-1.790456E+2
2.008052E+2,5.448800E+3,-4.386930E-5,9.536820E-7,4.387966E-5,1.787546E+2
2.010051E+2,5.437600E+3,-3.173970E-5,1.311310E-6,3.176678E-5,1.776342E+2
2.012052E+2,5.418300E+3,-6.347920E-6,1.996770E-6,6.654561E-6,1.625388E+2
2.014052E+2,5.407300E+3,5.215440E-6,2.622620E-6,5.837718E-6,2.669585E+1
2.016052E+2,5.387700E+3,2.545130E-5,3.784910E-6,2.573119E-5,8.458571E+0
2.018062E+2,5.377300E+3,3.600140E-5,3.486890E-6,3.616987E-5,5.532087E+0
2.020062E+2,5.368200E+3,4.529980E-5,3.546490E-6,4.543841E-5,4.476516E+0
2.022052E+2,5.347000E+3,6.341980E-5,3.814730E-6,6.353443E-5,3.442220E+0
2.024062E+2,5.337600E+3,7.173470E-5,2.264990E-6,7.177045E-5,1.808487E+0
2.026052E+2,5.313600E+3,8.505630E-5,8.642710E-7,8.506069E-5,5.821718E-1
2.028052E+2,5.304500E+3,9.086770E-5,1.609330E-6,9.088195E-5,1.014642E+0
2.030051E+2,5.283300E+3,1.000770E-4,5.364450E-7,1.000784E-4,3.071209E-1
2.032061E+2,5.274200E+3,1.044280E-4,-5.364450E-7,1.044294E-4,-2.943249E-1
2.034061E+2,5.253200E+3,1.111630E-4,-8.344690E-7,1.111661E-4,-4.300950E-1
2.036051E+2,5.243400E+3,1.162000E-4,-5.960510E-8,1.162000E-4,-2.939002E-2
2.038051E+2,5.230200E+3,1.197760E-4,9.536820E-7,1.197798E-4,4.561916E-1
2.040062E+2,5.207800E+3,1.270480E-4,3.010050E-6,1.270837E-4,1.357211E+0
2.042052E+2,5.197900E+3,1.292830E-4,4.261760E-6,1.293532E-4,1.888048E+0
2.044052E+2,5.186700E+3,1.319360E-4,4.947210E-6,1.320287E-4,2.147416E+0
2.046052E+2,5.165400E+3,1.364660E-4,5.543260E-6,1.365785E-4,2.326080E+0
2.048062E+2,5.154100E+3,1.375980E-4,5.215440E-6,1.376968E-4,2.170669E+0
2.050052E+2,5.131800E+3,1.403700E-4,3.099460E-6,1.404042E-4,1.264922E+0
2.052061E+2,5.120500E+3,1.417410E-4,2.712030E-6,1.417669E-4,1.096147E+0
2.054051E+2,5.111100E+3,1.424860E-4,2.503410E-6,1.425080E-4,1.006556E+0
2.056052E+2,5.087800E+3,1.434400E-4,2.771630E-6,1.434668E-4,1.106964E+0
2.058052E+2,5.074800E+3,1.452870E-4,1.758340E-6,1.452976E-4,6.933899E-1
2.060052E+2,5.065600E+3,1.458240E-4,1.758340E-6,1.458346E-4,6.908368E-1
2.060052E+2,5.065600E+3,1.458240E-4,1.758340E-6,1.474330E-4,-4.632768E-2
2.064062E+2,5.024800E+3,1.479400E-4,-2.264990E-6,1.479573E-4,-8.771409E-1
2.066052E+2,5.014300E+3,1.479690E-4,-2.235190E-6,1.479859E-4,-8.654327E-1
2.068052E+2,5.005300E+3,1.460620E-4,-1.072890E-6,1.460659E-4,-4.208553E-1
2.070052E+2,4.981300E+3,1.435890E-4,8.344690E-7,1.435914E-4,3.329713E-1
2.072062E+2,4.972200E+3,1.425160E-4,1.013290E-6,1.425196E-4,4.073666E-1
2.074052E+2,4.951000E+3,1.430820E-4,1.609330E-6,1.430911E-4,6.444132E-1
2.076052E+2,4.941800E+3,1.432900E-4,2.264990E-6,1.433079E-4,9.056010E-1
2.078052E+2,4.920400E+3,1.413830E-4,3.248470E-6,1.414203E-4,1.316218E+0
2.080052E+2,4.911200E+3,1.406680E-4,3.278270E-6,1.407062E-4,1.335037E+0
2.082052E+2,4.898100E+3,1.411750E-4,2.115980E-6,1.411909E-4,8.587048E-1
2.084062E+2,4.875000E+3,1.413830E-4,-5.364450E-7,1.413840E-4,-2.173945E-1
2.086051E+2,4.865600E+3,1.405780E-4,-1.013290E-6,1.405817E-4,-4.129824E-1
2.088061E+2,4.845100E+3,1.401910E-4,-2.622620E-6,1.402155E-4,-1.071735E+0
2.090051E+2,4.835100E+3,1.398040E-4,-2.414000E-6,1.398248E-4,-9.892297E-1
2.092062E+2,4.815000E+3,1.368830E-4,-1.162300E-6,1.368879E-4,-4.864979E-1
2.094052E+2,4.804500E+3,1.348270E-4,-1.847750E-6,1.348397E-4,-7.851666E-1
2.096051E+2,4.784700E+3,1.297010E-4,7.748640E-7,1.297033E-4,3.422943E-1
2.098052E+2,4.773700E+3,1.292540E-4,2.533210E-6,1.292788E-4,1.122779E+0
2.100062E+2,4.754400E+3,1.283600E-4,4.291560E-6,1.284317E-4,1.914901E+0
2.102052E+2,4.743200E+3,1.282400E-4,2.145780E-6,1.282580E-4,9.586141E-1
2.104052E+2,4.730400E+3,1.282400E-4,0.000000E+0,1.282400E-4,0.000000E+0
2.106052E+2,4.710600E+3,1.303560E-4,4.768410E-7,1.303569E-4,2.095865E-1
2.108062E+2,4.700100E+3,1.290750E-4,1.937170E-6,1.290895E-4,8.598360E-1
2.110052E+2,4.679900E+3,1.257970E-4,4.380970E-6,1.258733E-4,1.994560E+0
2.112062E+2,4.670000E+3,1.232040E-4,4.231960E-6,1.232767E-4,1.967291E+0
2.114052E+2,4.660500E+3,1.222200E-4,3.039850E-6,1.222578E-4,1.424764E+0
2.116051E+2,4.636700E+3,1.232340E-4,5.990300E-6,1.233795E-4,2.782909E+0
2.118052E+2,4.627700E+3,1.226670E-4,6.139310E-6,1.228205E-4,2.865182E+0
2.120052E+2,4.606300E+3,1.227570E-4,6.467130E-6,1.229272E-4,3.015690E+0
2.122051E+2,4.597000E+3,1.221310E-4,6.169110E-6,1.222867E-4,2.891680E+0
2.124051E+2,4.576100E+3,1.194180E-4,5.483660E-6,1.195438E-4,2.629168E+0
2.126051E+2,4.563900E+3,1.184350E-4,5.751880E-6,1.185746E-4,2.780426E+0
2.128051E+2,4.542800E+3,1.151860E-4,4.559780E-6,1.152762E-4,2.266941E+0
2.130061E+2,4.533700E+3,1.143820E-4,4.112750E-6,1.144559E-4,2.059255E+0
2.132052E+2,4.512700E+3,1.140540E-4,3.069650E-6,1.140953E-4,1.541687E+0
2.134052E+2,4.503300E+3,1.143220E-4,4.321370E-6,1.144036E-4,2.164749E+0
2.136052E+2,4.482800E+3,1.110440E-4,3.039850E-6,1.110856E-4,1.568091E+0
2.138052E+2,4.472800E+3,1.095840E-4,1.490120E-6,1.095941E-4,7.790583E-1
2.140062E+2,4.459500E+3,1.088680E-4,2.980250E-7,1.088684E-4,1.568462E-1
2.142062E+2,4.440300E+3,1.055900E-4,1.460320E-6,1.056001E-4,7.923557E-1
2.144051E+2,4.429000E+3,1.053520E-4,2.264990E-6,1.053763E-4,1.231627E+0
2.146051E+2,4.407400E+3,1.059480E-4,1.370910E-6,1.059569E-4,7.413351E-1
2.148061E+2,4.396400E+3,1.045170E-4,1.192100E-6,1.045238E-4,6.534759E-1
2.150062E+2,4.383000E+3,1.033250E-4,1.788150E-7,1.033252E-4,9.915640E-2
2.152051E+2,4.363000E+3,1.016260E-4,6.258520E-7,1.016279E-4,3.528450E-1
2.154062E+2,4.350100E+3,1.011790E-4,5.066430E-7,1.011803E-4,2.869001E-1
2.156062E+2,4.341000E+3,1.006430E-4,3.278270E-7,1.006435E-4,1.866303E-1
2.158052E+2,4.319900E+3,9.697720E-5,9.536820E-7,9.698189E-5,5.634334E-1
2.160062E+2,4.300200E+3,9.596390E-5,2.354400E-6,9.599278E-5,1.405426E+0
2.162061E+2,4.289800E+3,9.581490E-5,2.533210E-6,9.584838E-5,1.514466E+0
2.164051E+2,4.280800E+3,9.605340E-5,2.354400E-6,9.608225E-5,1.404117E+0
2.166051E+2,4.259700E+3,9.316250E-5,1.013290E-6,9.316801E-5,6.231579E-1
2.168051E+2,4.247500E+3,9.226850E-5,9.238760E-7,9.227313E-5,5.736782E-1
2.170051E+2,4.226200E+3,9.220890E-5,1.162300E-6,9.221623E-5,7.221793E-1
2.172052E+2,4.217200E+3,9.194060E-5,1.043090E-6,9.194652E-5,6.500076E-1
2.174052E+2,4.196000E+3,9.319230E-5,-9.238760E-7,9.319688E-5,-5.679918E-1
2.176062E+2,4.186700E+3,9.310290E-5,-1.609330E-6,9.311681E-5,-9.902875E-1
2.178061E+2,4.175500E+3,9.253670E-5,-1.668940E-6,9.255175E-5,-1.033243E+0
2.180062E+2,4.154100E+3,8.925840E-5,-2.205390E-6,8.928564E-5,-1.415372E+0
2.182052E+2,4.143300E+3,8.902000E-5,-2.652420E-6,8.905951E-5,-1.706667E+0
2.184061E+2,4.121200E+3,8.839420E-5,1.788150E-7,8.839438E-5,1.159050E-1
2.186051E+2,4.111200E+3,8.881140E-5,9.238760E-7,8.881621E-5,5.960078E-1
2.188062E+2,4.100200E+3,8.845380E-5,1.788150E-6,8.847187E-5,1.158113E+0
2.190061E+2,4.078600E+3,8.636760E-5,1.132500E-6,8.637502E-5,7.512511E-1
2.192051E+2,4.067100E+3,8.571190E-5,9.536820E-7,8.571721E-5,6.374809E-1
2.194051E+2,4.044700E+3,8.425160E-5,-6.258520E-7,8.425392E-5,-4.256064E-1
2.196061E+2,4.033400E+3,8.511590E-5,-1.788150E-6,8.513468E-5,-1.203516E+0
2.198051E+2,4.020900E+3,8.478810E-5,-2.622620E-6,8.482865E-5,-1.771677E+0
2.200052E+2,4.000700E+3,8.586100E-5,-8.642710E-7,8.586535E-5,-5.767160E-1
2.202052E+2,3.990600E+3,8.580140E-5,4.768410E-7,8.580273E-5,3.184178E-1
2.204052E+2,3.969900E+3,8.523510E-5,9.238760E-7,8.524011E-5,6.210132E-1
2.206052E+2,3.960400E+3,8.407280E-5,1.072890E-6,8.407965E-5,7.311370E-1
2.208062E+2,3.939400E+3,8.192700E-5,5.066430E-7,8.192857E-5,3.543171E-1
2.210052E+2,3.930300E+3,8.156940E-5,6.258520E-7,8.157180E-5,4.396008E-1
2.212052E+2,3.909200E+3,8.145020E-5,5.662480E-7,8.145217E-5,3.983182E-1
2.214052E+2,3.900200E+3,8.088400E-5,5.364450E-7,8.088578E-5,3.799958E-1
2.216052E+2,3.889200E+3,8.153960E-5,3.874320E-7,8.154052E-5,2.722365E-1
2.218052E+2,3.867000E+3,8.177800E-5,-5.960510E-8,8.177802E-5,-4.176087E-2
2.220062E+2,3.856900E+3,8.139060E-5,-8.344690E-7,8.139488E-5,-5.874128E-1
2.222051E+2,3.836700E+3,7.867860E-5,-5.960500E-7,7.868086E-5,-4.340506E-1
2.224062E+2,3.815600E+3,7.924480E-5,0.000000E+0,7.924480E-5,0.000000E+0
2.226052E+2,3.806600E+3,7.909580E-5,5.662480E-7,7.909783E-5,4.101743E-1
2.228062E+2,3.795500E+3,7.826140E-5,8.642710E-7,7.826617E-5,6.327138E-1
2.230052E+2,3.773400E+3,7.632420E-5,-1.490120E-6,7.633874E-5,-1.118475E+0
2.232052E+2,3.763100E+3,7.596660E-5,-2.533210E-6,7.600882E-5,-1.909898E+0
2.234052E+2,3.752300E+3,7.578780E-5,-3.427280E-6,7.586525E-5,-2.589269E+0
2.236062E+2,3.730400E+3,7.522150E-5,-4.440580E-6,7.535246E-5,-3.378443E+0
2.238051E+2,3.718900E+3,7.519170E-5,-3.993540E-6,7.529768E-5,-3.040205E+0
2.240051E+2,3.699300E+3,7.602620E-5,-3.427280E-6,7.610341E-5,-2.581160E+0
2.242061E+2,3.688100E+3,7.572820E-5,-2.473610E-6,7.576859E-5,-1.870862E+0
2.244061E+2,3.668000E+3,7.492350E-5,4.172340E-7,7.492466E-5,3.190655E-1
2.246051E+2,3.657400E+3,7.492350E-5,1.639140E-6,7.494143E-5,1.253289E+0
2.248061E+2,3.635500E+3,7.253930E-5,2.741830E-6,7.259110E-5,2.164627E+0
2.250051E+2,3.624300E+3,7.072140E-5,3.725300E-6,7.081945E-5,3.015309E+0
2.252062E+2,3.615200E+3,6.997630E-5,4.798200E-6,7.014061E-5,3.922570E+0
2.254061E+2,3.591800E+3,7.158560E-5,5.126030E-6,7.176890E-5,4.095788E+0
2.256062E+2,3.582000E+3,7.209230E-5,5.841280E-6,7.232856E-5,4.632272E+0
2.258052E+2,3.561200E+3,7.382080E-5,7.540020E-6,7.420487E-5,5.831938E+0
2.260052E+2,3.548800E+3,7.376120E-5,6.616140E-6,7.405733E-5,5.125529E+0
2.262061E+2,3.528600E+3,7.355260E-5,4.917410E-6,7.371680E-5,3.824857E+0
2.264052E+2,3.518500E+3,7.328440E-5,4.410770E-6,7.341702E-5,3.444308E+0
2.266052E+2,3.509300E+3,7.477450E-5,3.308070E-6,7.484764E-5,2.533149E+0
2.268052E+2,3.485400E+3,7.402940E-5,2.145780E-6,7.406049E-5,1.660283E+0
2.270052E+2,3.476300E+3,7.167510E-5,1.579530E-6,7.169250E-5,1.262443E+0
2.272051E+2,3.462600E+3,7.003590E-5,1.490120E-6,7.005175E-5,1.218871E+0
2.274061E+2,3.443100E+3,7.131740E-5,3.129260E-6,7.138602E-5,2.512409E+0
2.276051E+2,3.430200E+3,7.224130E-5,2.294790E-6,7.227774E-5,1.819424E+0
2.278052E+2,3.418900E+3,7.370160E-5,2.175580E-6,7.373370E-5,1.690810E+0
2.280061E+2,3.397600E+3,7.358240E-5,2.205390E-6,7.361544E-5,1.716738E+0
2.282052E+2,3.386400E+3,7.152600E-5,1.043090E-6,7.153361E-5,8.355062E-1
2.284051E+2,3.364700E+3,6.976770E-5,5.066430E-7,6.976954E-5,4.160664E-1
2.286061E+2,3.354100E+3,7.218170E-5,9.834840E-7,7.218840E-5,7.806133E-1
2.288052E+2,3.334600E+3,7.545990E-5,2.443800E-6,7.549946E-5,1.854899E+0
2.290052E+2,3.323500E+3,7.608580E-5,3.278270E-6,7.615639E-5,2.467148E+0
2.292052E+2,3.304000E+3,7.730770E-5,4.172350E-6,7.742021E-5,3.089296E+0
2.294052E+2,3.292800E+3,7.659240E-5,4.529980E-6,7.672624E-5,3.384758E+0
2.296052E+2,3.280300E+3,7.557920E-5,4.053140E-6,7.568780E-5,3.069701E+0
2.298052E+2,3.260200E+3,7.611560E-5,2.354400E-6,7.615200E-5,1.771702E+0
2.300052E+2,3.250000E+3,7.468510E-5,2.324600E-6,7.472127E-5,1.782776E+0
2.302052E+2,3.229400E+3,7.411880E-5,1.847750E-6,7.414183E-5,1.428064E+0
2.304052E+2,3.219600E+3,7.405920E-5,2.622620E-6,7.410562E-5,2.028138E+0
2.306052E+2,3.198500E+3,7.590700E-5,1.430520E-6,7.592048E-5,1.079651E+0
2.308051E+2,3.189300E+3,7.769510E-5,9.536820E-7,7.770095E-5,7.032517E-1
2.310051E+2,3.168000E+3,7.829120E-5,1.281510E-6,7.830169E-5,9.377626E-1
2.312062E+2,3.159000E+3,7.745670E-5,2.503410E-6,7.749714E-5,1.851162E+0
2.314052E+2,3.137700E+3,7.647320E-5,1.907360E-6,7.649698E-5,1.428749E+0
2.316052E+2,3.128700E+3,7.617520E-5,2.056370E-6,7.620295E-5,1.546339E+0
2.318052E+2,3.117500E+3,7.572820E-5,1.609330E-6,7.574530E-5,1.217432E+0
2.320051E+2,3.095500E+3,7.841040E-5,0.000000E+0,7.841040E-5,0.000000E+0
2.322051E+2,3.085000E+3,7.784410E-5,-1.251700E-6,7.785416E-5,-9.212124E-1
2.324051E+2,3.062100E+3,7.629440E-5,-6.258520E-7,7.629697E-5,-4.699935E-1
2.326051E+2,3.052300E+3,7.662220E-5,-9.834840E-7,7.662851E-5,-7.353794E-1
2.328061E+2,3.040900E+3,7.942370E-5,-1.817950E-6,7.944450E-5,-1.311229E+0
2.330051E+2,3.019400E+3,8.201650E-5,-2.503410E-6,8.205470E-5,-1.748311E+0
2.332051E+2,3.008200E+3,8.243370E-5,-7.748640E-7,8.243734E-5,-5.385556E-1
2.334052E+2,2.986400E+3,8.150980E-5,2.056370E-6,8.153574E-5,1.445180E+0
2.336062E+2,2.976000E+3,8.136080E-5,2.324600E-6,8.139400E-5,1.636581E+0
2.338052E+2,2.962300E+3,8.010910E-5,1.728540E-6,8.012775E-5,1.236098E+0
2.340062E+2,2.942400E+3,7.858920E-5,-2.384200E-7,7.858956E-5,-1.738206E-1
2.342062E+2,2.931900E+3,7.692030E-5,-6.556550E-7,7.692309E-5,-4.883672E-1
2.344052E+2,2.912800E+3,7.450630E-5,-8.344690E-7,7.451097E-5,-6.416847E-1
2.346052E+2,2.901700E+3,7.253930E-5,-2.205390E-6,7.257282E-5,-1.741410E+0
2.348052E+2,2.878900E+3,6.914190E-5,-1.788150E-6,6.916502E-5,-1.481455E+0
2.350052E+2,2.868000E+3,6.917170E-5,-1.281510E-6,6.918357E-5,-1.061369E+0
2.352062E+2,2.847800E+3,6.943990E-5,-5.066430E-7,6.944175E-5,-4.180304E-1
2.354052E+2,2.837600E+3,6.884380E-5,5.960500E-7,6.884638E-5,4.960548E-1
2.356062E+2,2.818200E+3,6.717490E-5,1.698740E-6,6.719638E-5,1.448605E+0
2.358052E+2,2.807500E+3,6.657890E-5,1.072890E-6,6.658754E-5,9.232167E-1
2.360052E+2,2.798400E+3,6.678750E-5,1.072890E-6,6.679612E-5,9.203336E-1
2.362062E+2,2.777100E+3,6.437350E-5,1.072890E-6,6.438244E-5,9.548398E-1
2.364052E+2,2.756600E+3,5.957510E-5,3.278270E-7,5.957600E-5,3.152813E-1
2.366061E+2,2.746900E+3,5.865120E-5,1.490130E-7,5.865139E-5,1.455690E-1
2.368051E+2,2.737100E+3,5.841280E-5,-2.980250E-8,5.841281E-5,-2.923259E-2
2.370061E+2,2.716600E+3,5.733990E-5,-1.937170E-6,5.737261E-5,-1.934944E+0
2.372052E+2,2.706300E+3,5.555180E-5,-1.996770E-6,5.558767E-5,-2.058570E+0
2.374051E+2,2.686200E+3,5.170730E-5,-9.834840E-7,5.171665E-5,-1.089647E+0
2.376061E+2,2.673600E+3,5.024690E-5,4.172340E-7,5.024863E-5,4.757547E-1
2.378062E+2,2.652800E+3,4.765410E-5,3.099460E-6,4.775479E-5,3.721321E+0
2.380052E+2,2.642600E+3,4.696870E-5,3.278270E-6,4.708297E-5,3.992593E+0
2.382052E+2,2.631300E+3,4.625340E-5,3.367680E-6,4.637584E-5,4.164320E+0
2.384052E+2,2.608700E+3,4.312420E-5,1.698740E-6,4.315765E-5,2.255818E+0
2.386052E+2,2.597700E+3,4.151490E-5,1.132500E-6,4.153034E-5,1.562605E+0
2.388051E+2,2.577700E+3,3.749160E-5,-7.748640E-7,3.749961E-5,-1.184002E+0
2.390061E+2,2.564600E+3,3.507760E-5,-3.874320E-7,3.507974E-5,-6.328060E-1
2.392052E+2,2.545000E+3,3.355760E-5,-2.771630E-6,3.367186E-5,-4.721526E+0
2.394052E+2,2.533700E+3,3.337880E-5,-2.533210E-6,3.347479E-5,-4.340017E+0
2.396062E+2,2.513900E+3,3.209730E-5,-5.066430E-7,3.210130E-5,-9.043158E-1
2.398051E+2,2.503100E+3,3.132250E-5,-8.940740E-8,3.132263E-5,-1.635455E-1
2.400052E+2,2.491000E+3,3.033890E-5,-2.086170E-7,3.033962E-5,-3.939723E-1
2.402052E+2,2.469900E+3,2.646460E-5,-1.579530E-6,2.651169E-5,-3.415626E+0
2.404052E+2,2.460700E+3,2.506390E-5,-2.592820E-6,2.519765E-5,-5.906147E+0
2.406052E+2,2.450400E+3,2.455720E-5,-1.996770E-6,2.463825E-5,-4.648549E+0
2.408062E+2,2.427400E+3,2.381220E-5,-2.473610E-6,2.394033E-5,-5.930611E+0
2.410052E+2,2.417800E+3,2.327570E-5,-3.755110E-6,2.357666E-5,-9.164662E+0
2.412052E+2,2.397300E+3,2.047430E-5,-4.589590E-6,2.098240E-5,-1.263476E+1
2.414052E+2,2.387200E+3,1.901400E-5,-4.023340E-6,1.943501E-5,-1.194749E+1
2.416051E+2,2.366800E+3,1.788150E-5,-1.519930E-6,1.794598E-5,-4.858471E+0
2.418052E+2,2.356200E+3,1.758350E-5,-1.221900E-6,1.762590E-5,-3.975167E+0
2.420052E+2,2.336400E+3,1.657020E-5,2.086170E-7,1.657151E-5,7.213095E-1
2.422052E+2,2.325200E+3,1.621260E-5,3.278270E-7,1.621591E-5,1.158392E+0
2.424052E+2,2.305700E+3,1.651060E-5,-1.072890E-6,1.654542E-5,-3.717961E+0
2.426062E+2,2.294400E+3,1.436480E-5,-2.086180E-6,1.451550E-5,-8.263216E+0
2.428052E+2,2.272700E+3,1.201040E-5,-4.768410E-7,1.201986E-5,-2.273583E+0
2.430052E+2,2.261900E+3,1.132490E-5,8.344690E-7,1.135560E-5,4.214192E+0
2.432052E+2,2.242400E+3,1.138450E-5,7.152590E-7,1.140695E-5,3.595022E+0
2.434051E+2,2.231200E+3,1.049050E-5,6.258520E-7,1.050915E-5,3.414158E+0
2.436061E+2,2.211600E+3,8.642730E-6,-2.384200E-7,8.646018E-6,-1.580172E+0
2.438051E+2,2.200200E+3,9.030160E-6,-7.152590E-7,9.058443E-6,-4.528817E+0
2.440052E+2,2.190800E+3,9.596410E-6,-1.490120E-6,9.711413E-6,-8.826337E+0
2.442052E+2,2.167500E+3,1.010300E-5,-4.470370E-7,1.011289E-5,-2.533568E+0
2.444062E+2,2.157300E+3,9.268580E-6,-2.980250E-7,9.273370E-6,-1.841673E+0
2.446052E+2,2.136600E+3,7.361200E-6,-1.579530E-6,7.528757E-6,-1.211061E+1
2.448052E+2,2.126900E+3,6.645950E-6,-1.281510E-6,6.768376E-6,-1.091415E+1
2.450052E+2,2.103800E+3,7.063180E-6,-1.519930E-6,7.224867E-6,-1.214432E+1
2.452052E+2,2.093500E+3,6.616140E-6,-1.460320E-6,6.775385E-6,-1.244681E+1
2.454052E+2,2.081400E+3,6.765160E-6,-5.662480E-7,6.788816E-6,-4.784539E+0
2.456051E+2,2.071300E+3,6.288320E-6,-5.066430E-7,6.308697E-6,-4.606308E+0
2.458051E+2,2.047800E+3,7.003570E-6,9.238760E-7,7.064244E-6,7.514784E+0
2.460052E+2,2.037300E+3,6.258520E-6,1.341110E-6,6.400598E-6,1.209474E+1
2.462052E+2,2.013800E+3,3.695500E-6,1.490130E-7,3.698503E-6,2.309077E+0
2.464052E+2,2.004000E+3,1.937170E-6,-2.682230E-7,1.955651E-6,-7.883124E+0
2.466055E+2,1.982800E+3,8.940730E-7,-4.768410E-7,1.013284E-6,-2.807259E+1
2.468055E+2,1.973100E+3,-7.450620E-7,8.940740E-8,7.504073E-7,1.731572E+2
2.470055E+2,1.958600E+3,-1.460320E-6,2.980250E-7,1.490421E-6,1.684654E+2
2.472055E+2,1.938500E+3,7.450620E-7,0.000000E+0,7.450620E-7,0.000000E+0
2.474055E+2,1.925000E+3,1.132500E-6,-6.258520E-7,1.293927E-6,-2.892630E+1
2.476055E+2,1.913700E+3,1.132500E-6,-8.642710E-7,1.424612E-6,-3.734918E+1
2.478065E+2,1.891400E+3,7.152590E-7,-4.470370E-7,8.434676E-7,-3.200539E+1
2.480055E+2,1.879700E+3,1.788150E-7,-5.662480E-7,5.938111E-7,-7.247445E+1
2.482055E+2,1.857600E+3,-1.221900E-6,-1.460320E-6,1.904094E-6,-1.299204E+2
2.484055E+2,1.846300E+3,-1.221900E-6,-1.341110E-6,1.814281E-6,-1.323370E+2
2.486055E+2,1.826600E+3,-1.609330E-6,-1.758340E-6,2.383632E-6,-1.324665E+2
2.488055E+2,1.815200E+3,-1.817950E-6,-2.503410E-6,3.093866E-6,-1.259868E+2
2.490055E+2,1.802600E+3,-5.960500E-7,-2.205390E-6,2.284518E-6,-1.051240E+2
2.492055E+2,1.782600E+3,2.890840E-6,3.278270E-7,2.909369E-6,6.469816E+0
2.494055E+2,1.772400E+3,3.457080E-6,1.430520E-6,3.741362E-6,2.247949E+1
2.496055E+2,1.760500E+3,2.175580E-6,1.490120E-6,2.636969E-6,3.440841E+1
2.498055E+2,1.737000E+3,-2.682230E-7,1.460320E-6,1.484748E-6,1.004077E+2
2.500055E+2,1.728100E+3,-8.344690E-7,2.324600E-6,2.469839E-6,1.097468E+2
2.502055E+2,1.707400E+3,4.470370E-7,3.039850E-6,3.072545E-6,8.163411E+1
2.504055E+2,1.698800E+3,8.940730E-7,1.728540E-6,1.946077E-6,6.265011E+1
2.506055E+2,1.678200E+3,1.281510E-6,1.132500E-6,1.710212E-6,4.146778E+1
2.508055E+2,1.669500E+3,1.192100E-6,6.556550E-7,1.360509E-6,2.881079E+1
2.510055E+2,1.649400E+3,1.639140E-6,8.940740E-8,1.641577E-6,3.122122E+0
2.512055E+2,1.640300E+3,1.639140E-6,5.662480E-7,1.734191E-6,1.905769E+1
2.514055E+2,1.629500E+3,2.056370E-6,-6.556550E-7,2.158365E-6,-1.768441E+1
2.516055E+2,1.609000E+3,1.519930E-6,-1.221900E-6,1.950186E-6,-3.879645E+1
2.518065E+2,1.598500E+3,2.980250E-8,-1.102690E-6,1.103093E-6,-8.845184E+1
2.520055E+2,1.580000E+3,-3.069650E-6,-9.238760E-7,3.205667E-6,-1.632497E+2
2.522055E+2,1.569100E+3,-3.427280E-6,-5.960500E-7,3.478724E-6,-1.701342E+2
2.524055E+2,1.548400E+3,-3.188860E-6,2.980250E-8,3.188999E-6,1.794645E+2
2.526055E+2,1.537800E+3,-2.712030E-6,9.536820E-7,2.874825E-6,1.606258E+2
2.528055E+2,1.527900E+3,-2.443800E-6,2.861040E-6,3.762673E-6,1.305028E+2
2.530055E+2,1.506400E+3,-8.940730E-7,3.159060E-6,3.283143E-6,1.058025E+2
2.532055E+2,1.495700E+3,1.043090E-6,1.788150E-6,2.070149E-6,5.974350E+1
2.534055E+2,1.474800E+3,1.817950E-6,1.519930E-6,2.369626E-6,3.989792E+1
2.536055E+2,1.463900E+3,1.788150E-6,1.907360E-6,2.614479E-6,4.684761E+1
2.538055E+2,1.445000E+3,3.725300E-6,2.175580E-6,4.314048E-6,3.028498E+1
2.540055E+2,1.433900E+3,4.231960E-6,2.354400E-6,4.842797E-6,2.908885E+1
2.542065E+2,1.414800E+3,1.281510E-6,3.010050E-6,3.271493E-6,6.693842E+1
2.544055E+2,1.404300E+3,3.874320E-7,2.741830E-6,2.769068E-6,8.195712E+1
2.546055E+2,1.395600E+3,2.086170E-7,2.861040E-6,2.868636E-6,8.582957E+1
2.548065E+2,1.374800E+3,5.662480E-7,3.606100E-6,3.650287E-6,8.107600E+1
2.550065E+2,1.363300E+3,-2.384200E-7,4.112750E-6,4.119655E-6,9.331778E+1
2.552055E+2,1.342800E+3,-1.698740E-6,3.188860E-6,3.613107E-6,1.180447E+2
2.554065E+2,1.334100E+3,-9.834840E-7,1.847750E-6,2.093184E-6,1.180246E+2
2.556065E+2,1.323900E+3,7.152590E-7,-2.682230E-7,7.638973E-7,-2.055611E+1
2.558055E+2,1.302300E+3,1.221900E-6,-2.205390E-6,2.521266E-6,-6.101128E+1
2.560065E+2,1.282300E+3,1.788150E-6,0.000000E+0,1.788150E-6,0.000000E+0
2.562055E+2,1.273800E+3,1.937170E-6,9.238760E-7,2.146200E-6,2.549743E+1
2.564055E+2,1.262100E+3,1.907360E-6,5.066430E-7,1.973502E-6,1.487570E+1
2.566065E+2,1.242500E+3,2.175580E-6,1.013290E-6,2.399980E-6,2.497404E+1
2.568065E+2,1.233600E+3,1.192100E-6,7.748640E-7,1.421800E-6,3.302383E+1
2.570055E+2,1.220400E+3,1.013290E-6,-5.960510E-8,1.015042E-6,-3.366450E+0
2.572055E+2,1.202700E+3,1.192100E-7,-8.940740E-8,1.490124E-7,-3.686987E+1
2.574055E+2,1.192400E+3,1.490130E-7,-6.258520E-7,6.433472E-7,-7.660745E+1
2.576065E+2,1.173200E+3,-1.072890E-6,-2.175580E-6,2.425746E-6,-1.162503E+2
2.578065E+2,1.162900E+3,-5.960500E-7,-2.175580E-6,2.255754E-6,-1.053215E+2
2.580055E+2,1.154400E+3,-6.556550E-7,-1.519930E-6,1.655316E-6,-1.133340E+2
2.582055E+2,1.134300E+3,9.536820E-7,-3.278270E-7,1.008454E-6,-1.897034E+1
2.584055E+2,1.125000E+3,1.639140E-6,6.258520E-7,1.754557E-6,2.089772E+1
2.586055E+2,1.106000E+3,2.294790E-6,-1.043090E-6,2.520734E-6,-2.444403E+1
2.588065E+2,1.096200E+3,2.503410E-6,8.940740E-8,2.505006E-6,2.045406E+0
2.590055E+2,1.079400E+3,8.642710E-7,1.430520E-6,1.671332E-6,5.886107E+1
2.592055E+2,1.070200E+3,1.430520E-6,2.592820E-6,2.961267E-6,6.111344E+1
2.594055E+2,1.062700E+3,2.026570E-6,2.264990E-6,3.039271E-6,4.817983E+1
2.596055E+2,1.044600E+3,1.877550E-6,5.960500E-7,1.969891E-6,1.761264E+1
2.598055E+2,1.034600E+3,1.549730E-6,5.960510E-8,1.550876E-6,2.202602E+0
2.600055E+2,1.016600E+3,1.043090E-6,5.066430E-7,1.159622E-6,2.590648E+1
2.602055E+2,1.009300E+3,1.490130E-7,9.238760E-7,9.358161E-7,8.083761E+1
2.604065E+2,9.892000E+2,2.980250E-8,2.145780E-6,2.145987E-6,8.920428E+1
2.606065E+2,9.814000E+2,1.162300E-6,2.563010E-6,2.814243E-6,6.560617E+1
2.608065E+2,9.732000E+2,1.341110E-6,2.712030E-6,3.025505E-6,6.368742E+1
2.610055E+2,9.562000E+2,3.576300E-7,3.278270E-7,4.851492E-7,4.251040E+1
2.612065E+2,9.453000E+2,-3.874320E-7,5.960500E-7,7.109002E-7,1.230238E+2
2.614055E+2,9.285000E+2,-2.026570E-6,1.281510E-6,2.397760E-6,1.476926E+2
2.616065E+2,9.206000E+2,-2.801430E-6,1.877550E-6,3.372418E-6,1.461696E+2
2.618055E+2,9.087000E+2,-3.397480E-6,9.238760E-7,3.520855E-6,1.647874E+2
2.620055E+2,8.928000E+2,-2.026570E-6,-2.533210E-6,3.244093E-6,-1.286598E+2
2.622065E+2,8.833000E+2,-1.490130E-7,-4.202160E-6,4.204801E-6,-9.203092E+1
2.624066E+2,8.672000E+2,2.920640E-6,-3.874330E-6,4.851863E-6,-5.298941E+1
2.626055E+2,8.581000E+2,2.414000E-6,-3.218670E-6,4.023336E-6,-5.313013E+1
2.628055E+2,8.426000E+2,5.066430E-7,-3.576290E-6,3.611999E-6,-8.193673E+1
2.630065E+2,8.331000E+2,1.579530E-6,-3.069650E-6,3.452197E-6,-6.277130E+1
2.632055E+2,8.170000E+2,3.039850E-6,-1.817950E-6,3.541981E-6,-3.088109E+1
2.634065E+2,8.079000E+2,4.202160E-6,-1.311310E-6,4.402009E-6,-1.733086E+1
2.636055E+2,7.892000E+2,7.212190E-6,1.251700E-6,7.320003E-6,9.845804E+0
2.638065E+2,7.804000E+2,6.675750E-6,1.221900E-6,6.786654E-6,1.037235E+1
2.640055E+2,7.648000E+2,5.930690E-6,-5.960510E-8,5.930990E-6,-5.758193E-1
2.642055E+2,7.555000E+2,4.529980E-6,-1.549730E-6,4.787732E-6,-1.888609E+1
2.644065E+2,7.392000E+2,3.427280E-6,-2.294790E-6,4.124598E-6,-3.380492E+1
2.646055E+2,7.305000E+2,2.861040E-6,-2.056370E-6,3.523380E-6,-3.570666E+1
2.648055E+2,7.208000E+2,8.940730E-7,-2.205390E-6,2.379729E-6,-6.793219E+1
2.650065E+2,7.033000E+2,-3.010050E-6,-6.556550E-7,3.080631E-6,-1.677117E+2
2.652055E+2,6.937000E+2,-3.010050E-6,-3.576300E-7,3.031221E-6,-1.732243E+2
2.654055E+2,6.763000E+2,-1.519930E-6,-1.043090E-6,1.843427E-6,-1.455392E+2
2.656055E+2,6.693000E+2,-7.748640E-7,-5.662480E-7,9.597140E-7,-1.438418E+2
2.658065E+2,6.604000E+2,0.000000E+0,-1.758340E-6,1.758340E-6,-9.000000E+1
2.660055E+2,6.448000E+2,-1.013290E-6,-1.728540E-6,2.003648E-6,-1.203793E+2
2.662055E+2,6.356000E+2,-6.258520E-7,-5.066430E-7,8.052191E-7,-1.410090E+2
2.664065E+2,6.182000E+2,-5.066430E-7,-2.980250E-8,5.075188E-7,-1.766335E+2
2.666055E+2,6.096000E+2,-8.940730E-7,1.788150E-7,9.117792E-7,1.686900E+2
2.668065E+2,5.991000E+2,-2.682230E-7,1.788150E-7,3.223637E-7,1.463100E+2
2.670065E+2,5.838000E+2,5.364450E-7,8.642710E-7,1.017221E-6,5.817251E+1
2.672055E+2,5.734000E+2,2.980250E-8,1.162300E-6,1.162682E-6,8.853120E+1
2.674055E+2,5.581000E+2,3.874320E-7,-1.341110E-6,1.395951E-6,-7.388657E+1
2.676055E+2,5.491000E+2,1.490130E-7,-2.145780E-6,2.150948E-6,-8.602749E+1
2.678055E+2,5.340000E+2,-6.556550E-7,-3.367680E-6,3.430911E-6,-1.010171E+2
2.680055E+2,5.249000E+2,-6.258520E-7,-2.861040E-6,2.928693E-6,-1.023391E+2
2.682055E+2,5.099000E+2,7.152590E-7,7.152590E-7,1.011529E-6,4.500000E+1
2.684065E+2,5.011000E+2,7.450620E-7,9.536820E-7,1.210218E-6,5.200135E+1
2.686052E+2,4.917000E+2,9.238760E-7,2.563010E-6,2.724439E-6,7.017753E+1
2.688058E+2,4.779000E+2,8.344690E-7,2.592820E-6,2.723794E-6,7.215983E+1
2.690055E+2,4.683000E+2,9.834840E-7,1.788150E-6,2.040765E-6,6.118917E+1
2.690055E+2,4.683000E+2,9.834840E-7,1.788150E-6,3.945320E-6,1.088551E+1
2.694061E+2,4.172000E+2,3.904130E-6,3.278270E-7,3.917870E-6,4.799826E+0
2.696058E+2,3.773000E+2,4.708800E-6,1.221900E-6,4.864755E-6,1.454700E+1
2.698048E+2,3.543000E+2,4.529980E-6,6.258520E-7,4.573009E-6,7.866062E+0
2.700050E+2,3.089000E+2,2.771630E-6,-1.043090E-6,2.961413E-6,-2.062359E+1
2.702050E+2,2.836000E+2,2.950440E-6,-1.192100E-7,2.952847E-6,-2.313728E+0
2.704056E+2,2.335000E+2,1.788150E-6,-5.960500E-7,1.884876E-6,-1.843495E+1
2.706056E+2,2.067000E+2,1.847750E-6,-9.238760E-7,2.065848E-6,-2.656508E+1
2.708048E+2,1.533000E+2,1.043090E-6,-2.414000E-6,2.629721E-6,-6.663082E+1
2.710055E+2,1.261000E+2,6.258520E-7,-2.473610E-6,2.551556E-6,-7.580147E+1
2.712066E+2,7.070000E+1,-8.940740E-8,-1.370910E-6,1.373822E-6,-9.373141E+1
2.714058E+2,4.350000E+1,8.940740E-8,-2.890840E-6,2.892222E-6,-8.822853E+1
2.716050E+2,-1.860000E+1,-8.940740E-8,-1.490120E-6,1.492800E-6,-9.343364E+1
2.718055E+2,-4.640000E+1,-1.013290E-6,-2.682230E-7,1.048189E-6,-1.651736E+2
2.720061E+2,-7.980000E+1,-2.324600E-6,8.940730E-7,2.490609E-6,1.589626E+2
2.722060E+2,-1.348000E+2,-3.188860E-6,4.321370E-6,5.370574E-6,1.264247E+2
2.724059E+2,-1.674000E+2,-1.639140E-6,4.708800E-6,4.985938E-6,1.091931E+2
2.726054E+2,-2.199000E+2,-7.450620E-7,4.589590E-6,4.649672E-6,9.922081E+1
2.728063E+2,-2.450000E+2,1.788150E-7,4.231960E-6,4.235736E-6,8.758050E+1
2.730058E+2,-2.697000E+2,8.940730E-7,2.831240E-6,2.969055E-6,7.247448E+1
2.732049E+2,-3.249000E+2,7.152590E-7,7.748640E-7,1.054519E-6,4.729061E+1
2.734055E+2,-3.473000E+2,1.192100E-7,9.238760E-7,9.315352E-7,8.264761E+1
