Sample Name, Ga23_10_5_36G
Freq, 36, GHz, Power, 15, dBm,
SR850: f = 25 Hz; phase = -83.5 deg; output = 5 V; sens. = 500 uV; tc = 300 ms; 12dB/oct
Time,Field,X,Y,R,theta
s,Oe,V,V,V,deg
2.990000E-5,-6.699000E+2,5.960510E-8,-6.258520E-7,6.286839E-7,-8.455966E+1
1.905628E-1,-6.693000E+2,-8.940740E-8,-6.258520E-7,6.322060E-7,-9.813010E+1
3.908289E-1,-6.692000E+2,2.980250E-7,-1.221900E-6,1.257720E-6,-7.629301E+1
5.900310E-1,-6.625000E+2,-1.490130E-7,-1.668940E-6,1.675579E-6,-9.510218E+1
7.902537E-1,-6.540000E+2,-8.940740E-8,-1.311310E-6,1.314354E-6,-9.390049E+1
9.901933E-1,-6.333000E+2,1.311310E-6,-2.682230E-7,1.338461E-6,-1.156015E+1
1.190387E+0,-6.197000E+2,1.639140E-6,-5.960510E-8,1.640223E-6,-2.082566E+0
1.390599E+0,-5.919000E+2,2.205390E-6,-5.960500E-7,2.284518E-6,-1.512397E+1
1.590799E+0,-5.764000E+2,1.490120E-6,-2.980250E-7,1.519630E-6,-1.130997E+1
1.789892E+0,-5.455000E+2,4.172340E-7,4.768410E-7,6.336099E-7,4.881420E+1
1.989965E+0,-5.300000E+2,-9.238760E-7,2.086170E-7,9.471367E-7,1.672757E+2
2.190219E+0,-4.992000E+2,-9.238760E-7,-1.490120E-6,1.753284E-6,-1.217990E+2
2.390278E+0,-4.809000E+2,1.192100E-7,-6.854570E-7,6.957459E-7,-8.013419E+1
2.590371E+0,-4.528000E+2,9.238760E-7,-1.102690E-6,1.438566E-6,-5.004243E+1
2.790998E+0,-4.409000E+2,7.748640E-7,-1.370910E-6,1.574741E-6,-6.052405E+1
2.990266E+0,-4.166000E+2,7.450620E-7,-7.748640E-7,1.074957E-6,-4.612329E+1
3.190416E+0,-4.058000E+2,6.258520E-7,1.788150E-7,6.508959E-7,1.594541E+1
3.390676E+0,-3.844000E+2,2.324600E-6,8.940740E-8,2.326319E-6,2.202591E+0
3.590799E+0,-3.755000E+2,2.682220E-6,-1.192100E-7,2.684868E-6,-2.544809E+0
3.791001E+0,-3.562000E+2,2.831240E-6,3.278270E-7,2.850156E-6,6.604820E+0
3.991172E+0,-3.483000E+2,2.414000E-6,0.000000E+0,2.414000E-6,0.000000E+0
4.191416E+0,-3.293000E+2,2.384200E-6,2.384200E-7,2.396091E-6,5.710593E+0
4.391871E+0,-3.212000E+2,2.592820E-6,3.278270E-7,2.613462E-6,7.206039E+0
4.589939E+0,-3.108000E+2,2.473610E-6,-2.384200E-7,2.485074E-6,-5.505472E+0
4.789967E+0,-2.896000E+2,1.192100E-6,-2.503410E-6,2.772754E-6,-6.453666E+1
4.990052E+0,-2.793000E+2,1.937170E-6,-3.010050E-6,3.579529E-6,-5.723599E+1
5.190188E+0,-2.593000E+2,2.086180E-6,-2.950440E-6,3.613481E-6,-5.473686E+1
5.390271E+0,-2.482000E+2,1.788150E-6,-2.920640E-6,3.424561E-6,-5.852312E+1
5.591529E+0,-2.285000E+2,2.622620E-6,-1.192100E-6,2.880840E-6,-2.444396E+1
5.790530E+0,-2.170000E+2,3.248470E-6,1.490130E-7,3.251886E-6,2.626417E+0
5.990564E+0,-1.976000E+2,5.513460E-6,1.072890E-6,5.616879E-6,1.101184E+1
6.190690E+0,-1.863000E+2,6.854560E-6,1.639140E-6,7.047820E-6,1.344866E+1
6.395745E+0,-1.670000E+2,9.745420E-6,2.533210E-6,1.006928E-5,1.457092E+1
6.599598E+0,-1.560000E+2,1.117590E-5,2.324600E-6,1.141510E-5,1.175005E+1
6.799483E+0,-1.471000E+2,1.192100E-5,1.609330E-6,1.202914E-5,7.688424E+0
6.990213E+0,-1.210000E+2,1.177200E-5,5.662480E-7,1.178561E-5,2.753876E+0
7.192045E+0,-1.115000E+2,1.031170E-5,7.152590E-7,1.033648E-5,3.967899E+0
7.394968E+0,-9.960000E+1,1.084810E-5,5.960510E-8,1.084826E-5,3.148096E-1
7.598525E+0,-7.610000E+1,1.558670E-5,-1.430520E-6,1.565221E-5,-5.243816E+0
7.790595E+0,-6.670000E+1,1.841800E-5,-1.013290E-6,1.844585E-5,-3.149027E+0
7.994651E+0,-5.670000E+1,1.993790E-5,-1.013290E-6,1.996363E-5,-2.909400E+0
8.199630E+0,-3.010000E+1,1.665960E-5,-2.682230E-7,1.666176E-5,-9.223942E-1
8.391108E+0,-2.120000E+1,1.427540E-5,-3.576300E-7,1.427988E-5,-1.435084E+0
8.391108E+0,-2.120000E+1,1.427540E-5,-3.576300E-7,1.210508E-5,-1.692981E+0
8.797398E+0,1.200000E+1,4.887610E-6,1.847750E-6,5.225219E-6,2.070899E+1
8.990752E+0,2.250000E+1,8.046660E-7,8.940730E-7,1.202852E-6,4.801278E+1
9.194777E+0,4.530000E+1,-7.808270E-6,-2.086170E-7,7.811056E-6,-1.784696E+2
9.397892E+0,5.480000E+1,-1.114610E-5,-5.364450E-7,1.115900E-5,-1.772446E+2
9.592203E+0,6.600000E+1,-1.391770E-5,-2.980250E-7,1.392089E-5,-1.787733E+2
9.795313E+0,8.710000E+1,-1.543770E-5,1.490130E-7,1.543842E-5,1.794470E+2
9.997226E+0,9.810000E+1,-1.552710E-5,-5.960500E-7,1.553854E-5,-1.778016E+2
1.019904E+1,1.079000E+2,-1.537810E-5,-2.145780E-6,1.552708E-5,-1.720565E+2
1.039968E+1,1.328000E+2,-1.364950E-5,-3.725300E-6,1.414874E-5,-1.647343E+2
1.060072E+1,1.438000E+2,-1.290450E-5,-3.755110E-6,1.343975E-5,-1.637754E+2
1.079293E+1,1.558000E+2,-1.311310E-5,-2.980250E-6,1.344750E-5,-1.671957E+2
1.099548E+1,1.781000E+2,-1.391770E-5,3.874320E-7,1.392309E-5,1.784055E+2
1.119340E+1,1.912000E+2,-1.251700E-5,2.980250E-8,1.251704E-5,1.798636E+2
1.139689E+1,2.039000E+2,-1.177200E-5,-1.490120E-6,1.186594E-5,-1.727858E+2
1.159729E+1,2.160000E+2,-1.034150E-5,-2.354400E-6,1.060612E-5,-1.671744E+2
1.179882E+1,2.283000E+2,-8.672530E-6,-2.682220E-6,9.077835E-6,-1.628143E+2
1.199900E+1,2.543000E+2,-8.225500E-6,-2.294790E-6,8.539608E-6,-1.644117E+2
1.220058E+1,2.672000E+2,-6.377730E-6,-2.264990E-6,6.767985E-6,-1.604480E+2
1.239451E+1,2.763000E+2,-6.377730E-6,-1.430520E-6,6.536194E-6,-1.673578E+2
1.259805E+1,2.999000E+2,-4.112750E-6,4.768410E-7,4.140301E-6,1.733865E+2
1.279212E+1,3.088000E+2,-2.205390E-6,1.668940E-6,2.765702E-6,1.428832E+2
1.299663E+1,3.300000E+2,-6.556550E-7,1.877550E-6,1.988738E-6,1.092496E+2
1.319978E+1,3.391000E+2,-9.834840E-7,7.450620E-7,1.233839E-6,1.428534E+2
1.339382E+1,3.520000E+2,-2.145780E-6,-5.960510E-8,2.146608E-6,-1.784089E+2
1.359525E+1,3.757000E+2,-3.695500E-6,1.311310E-6,3.921257E-6,1.604633E+2
1.379667E+1,3.850000E+2,-4.023340E-6,3.248470E-6,5.171056E-6,1.410824E+2
1.400019E+1,3.982000E+2,-3.546490E-6,4.410770E-6,5.659725E-6,1.288011E+2
1.419797E+1,4.184000E+2,-1.966970E-6,2.741830E-6,3.374404E-6,1.256554E+2
1.439230E+1,4.310000E+2,-6.854570E-7,1.907360E-6,2.026789E-6,1.097672E+2
1.459547E+1,4.424000E+2,-2.086170E-7,1.609330E-6,1.622795E-6,9.738605E+1
1.479898E+1,4.646000E+2,3.874320E-7,2.592820E-6,2.621606E-6,8.150146E+1
1.499302E+1,4.777000E+2,1.490130E-7,3.099460E-6,3.103040E-6,8.724751E+1
1.519687E+1,4.907000E+2,1.102690E-6,3.248470E-6,3.430522E-6,7.125027E+1
1.540015E+1,5.034000E+2,1.192100E-6,9.238760E-7,1.508194E-6,3.777564E+1
1.560362E+1,5.262000E+2,2.622620E-6,-2.652420E-6,3.730076E-6,-4.532368E+1
1.579525E+1,5.367000E+2,2.890840E-6,-3.188860E-6,4.304159E-6,-4.780633E+1
1.599781E+1,5.588000E+2,3.486890E-6,-3.278270E-7,3.502267E-6,-5.370990E+0
1.619078E+1,5.700000E+2,2.682220E-6,-6.556550E-7,2.761193E-6,-1.373629E+1
1.640143E+1,5.789000E+2,1.966970E-6,-6.556550E-7,2.073368E-6,-1.843491E+1
1.659829E+1,6.027000E+2,-3.576300E-7,-8.940730E-7,9.629464E-7,-1.118015E+2
1.680572E+1,6.124000E+2,-2.175580E-6,-6.556550E-7,2.272231E-6,-1.632288E+2
1.699569E+1,6.276000E+2,-2.712030E-6,-8.940740E-8,2.713503E-6,-1.781118E+2
1.720289E+1,6.401000E+2,-3.010050E-6,1.281510E-6,3.271493E-6,1.569384E+2
1.739395E+1,6.551000E+2,-3.218670E-6,2.503410E-6,4.077609E-6,1.421250E+2
1.760151E+1,6.692000E+2,-3.159060E-6,3.606100E-6,4.794123E-6,1.312194E+2
1.779168E+1,6.823000E+2,-2.086180E-6,4.410770E-6,4.879246E-6,1.153129E+2
1.799891E+1,6.974000E+2,-2.950440E-6,4.112750E-6,5.061601E-6,1.256552E+2
1.820521E+1,7.100000E+2,-2.652420E-6,3.755110E-6,4.597410E-6,1.252355E+2
1.839539E+1,7.255000E+2,-9.834840E-7,2.622620E-6,2.800960E-6,1.105561E+2
1.860689E+1,7.514000E+2,5.364450E-7,1.847750E-6,1.924046E-6,7.381075E+1
1.879037E+1,7.667000E+2,-2.682230E-7,3.248470E-6,3.259525E-6,9.472015E+1
1.899596E+1,7.802000E+2,-3.576300E-7,2.503410E-6,2.528826E-6,9.813010E+1
1.920305E+1,7.939000E+2,-6.854570E-7,2.414000E-6,2.509432E-6,1.058519E+2
1.939405E+1,8.096000E+2,5.960510E-8,3.039850E-6,3.040434E-6,8.887670E+1
1.960108E+1,8.221000E+2,5.960510E-8,2.145780E-6,2.146608E-6,8.840886E+1
1.979217E+1,8.351000E+2,-4.172340E-7,8.344690E-7,9.329645E-7,1.165650E+2
1.999928E+1,8.504000E+2,-2.980250E-8,0.000000E+0,2.980250E-8,1.800000E+2
2.019021E+1,8.648000E+2,1.788150E-7,1.132500E-6,1.146530E-6,8.102741E+1
2.039641E+1,8.931000E+2,-2.294790E-6,3.039850E-6,3.808773E-6,1.270492E+2
2.060259E+1,9.056000E+2,-4.440580E-6,2.741830E-6,5.218849E-6,1.483068E+2
2.079377E+1,9.212000E+2,-5.692270E-6,2.741830E-6,6.318194E-6,1.542810E+2
2.099990E+1,9.337000E+2,-5.245240E-6,2.682220E-6,5.891252E-6,1.529165E+2
2.119112E+1,9.480000E+2,-3.427280E-6,2.264990E-6,4.108093E-6,1.465404E+2
2.139823E+1,9.636000E+2,-7.748640E-7,2.980250E-7,8.302006E-7,1.589625E+2
2.160228E+1,9.772000E+2,-2.443800E-6,-8.642710E-7,2.592127E-6,-1.605234E+2
2.179251E+1,9.935000E+2,-3.129260E-6,-8.046660E-7,3.231061E-6,-1.655792E+2
2.199855E+1,1.006200E+3,-4.023340E-6,-1.996770E-6,4.491587E-6,-1.536050E+2
2.220521E+1,1.034400E+3,-4.410770E-6,-1.370910E-6,4.618905E-6,-1.627343E+2
2.239533E+1,1.047600E+3,-4.351170E-6,-5.066430E-7,4.380567E-6,-1.733585E+2
2.260362E+1,1.061100E+3,-2.890840E-6,8.940730E-7,3.025942E-6,1.628143E+2
2.279484E+1,1.077600E+3,-2.861040E-6,5.960500E-7,2.922469E-6,1.682317E+2
2.300087E+1,1.090700E+3,-3.665700E-6,2.980250E-8,3.665821E-6,1.795342E+2
2.319241E+1,1.106100E+3,-3.844530E-6,-1.370910E-6,4.081642E-6,-1.603744E+2
2.339186E+1,1.118600E+3,-2.920640E-6,-8.046660E-7,3.029460E-6,-1.645966E+2
2.359840E+1,1.144100E+3,-2.712030E-6,-2.682230E-7,2.725262E-6,-1.743518E+2
2.379287E+1,1.155600E+3,-2.205390E-6,-5.662480E-7,2.276924E-6,-1.656000E+2
2.399328E+1,1.168000E+3,-1.966970E-6,-8.344690E-7,2.136658E-6,-1.570114E+2
2.419332E+1,1.190300E+3,-1.192100E-6,9.536820E-7,1.526634E-6,1.413401E+2
2.439508E+1,1.201600E+3,-2.682230E-7,1.281510E-6,1.309279E-6,1.018215E+2
2.459745E+1,1.214000E+3,-4.172340E-7,1.668940E-6,1.720304E-6,1.040362E+2
2.479837E+1,1.238000E+3,1.639140E-6,8.046660E-7,1.825998E-6,2.614676E+1
2.499925E+1,1.248000E+3,1.639140E-6,-8.940740E-8,1.641577E-6,-3.122122E+0
2.519394E+1,1.260300E+3,1.281510E-6,-5.960510E-8,1.282895E-6,-2.663000E+0
2.540048E+1,1.282200E+3,-7.748640E-7,6.258520E-7,9.960446E-7,1.410724E+2
2.559504E+1,1.291600E+3,-8.344690E-7,4.470370E-7,9.466682E-7,1.518214E+2
2.579029E+1,1.316300E+3,5.364450E-7,1.430520E-6,1.527796E-6,6.944396E+1
2.599376E+1,1.325700E+3,3.278270E-7,1.043090E-6,1.093393E-6,7.255288E+1
2.599376E+1,1.325700E+3,3.278270E-7,1.043090E-6,3.816582E-7,5.134019E+1
2.639594E+1,1.359800E+3,-5.662480E-7,-2.175580E-6,2.248063E-6,-1.045889E+2
2.659529E+1,1.369400E+3,-1.013290E-6,-1.817950E-6,2.081273E-6,-1.191344E+2
2.679657E+1,1.393100E+3,-8.940740E-8,8.940730E-7,8.985323E-7,9.571060E+1
2.699389E+1,1.402900E+3,-5.364450E-7,1.311310E-6,1.416795E-6,1.122490E+2
2.720131E+1,1.414000E+3,-1.072890E-6,2.056370E-6,2.319429E-6,1.175528E+2
2.739627E+1,1.426100E+3,-2.324600E-6,2.622620E-6,3.504554E-6,1.315527E+2
2.759668E+1,1.447800E+3,-1.043090E-6,-1.192100E-7,1.049880E-6,-1.734802E+2
2.779782E+1,1.461600E+3,-4.768410E-7,-2.384200E-7,5.331242E-7,-1.534350E+2
2.799279E+1,1.473700E+3,-6.258520E-7,-1.966970E-6,2.064137E-6,-1.076501E+2
2.819597E+1,1.495300E+3,-7.152590E-7,-1.907360E-6,2.037061E-6,-1.105560E+2
2.839787E+1,1.506200E+3,1.072890E-6,-7.152590E-7,1.289453E-6,-3.369003E+1
2.859405E+1,1.515100E+3,1.877550E-6,-4.172340E-7,1.923351E-6,-1.252883E+1
2.879902E+1,1.538500E+3,2.592820E-6,2.682230E-7,2.606657E-6,5.906146E+0
2.899194E+1,1.550900E+3,2.950440E-6,7.450620E-7,3.043060E-6,1.417236E+1
2.919645E+1,1.560400E+3,2.622620E-6,1.192100E-6,2.880840E-6,2.444396E+1
2.939038E+1,1.584100E+3,1.192100E-7,-1.460320E-6,1.465178E-6,-8.533314E+1
2.959956E+1,1.596000E+3,1.192100E-7,-1.370910E-6,1.376083E-6,-8.503024E+1
2.979546E+1,1.608600E+3,1.788150E-7,-9.536820E-7,9.703011E-7,-7.938037E+1
2.999900E+1,1.632300E+3,1.221900E-6,1.370910E-6,1.836419E-6,4.828920E+1
3.020040E+1,1.641300E+3,-1.192100E-7,1.013290E-6,1.020278E-6,9.670981E+1
3.039679E+1,1.654100E+3,-6.556550E-7,1.877550E-6,1.988738E-6,1.092496E+2
3.060107E+1,1.667200E+3,-8.940730E-7,2.473610E-6,2.630231E-6,1.098721E+2
3.079519E+1,1.689500E+3,-2.145780E-6,1.758340E-6,2.774190E-6,1.406674E+2
3.099954E+1,1.699600E+3,-2.056370E-6,1.251700E-6,2.407366E-6,1.486714E+2
3.120295E+1,1.710700E+3,-4.768410E-7,3.874320E-7,6.143947E-7,1.409062E+2
3.140250E+1,1.734900E+3,1.370910E-6,4.470370E-7,1.441956E-6,1.806051E+1
3.160028E+1,1.746100E+3,1.639140E-6,9.238760E-7,1.881576E-6,2.940711E+1
3.180052E+1,1.765300E+3,9.238760E-7,2.205390E-6,2.391086E-6,6.727035E+1
3.199626E+1,1.778200E+3,8.940730E-7,1.460320E-6,1.712279E-6,5.852318E+1
3.219817E+1,1.788600E+3,6.258520E-7,1.788150E-6,1.894511E-6,7.070997E+1
3.239019E+1,1.810500E+3,-1.311310E-6,1.579530E-6,2.052912E-6,1.296991E+2
3.259279E+1,1.821700E+3,-2.205390E-6,3.576300E-7,2.234199E-6,1.707890E+2
3.279566E+1,1.833800E+3,-2.503410E-6,-8.940740E-8,2.505006E-6,-1.779546E+2
3.299980E+1,1.854100E+3,-1.192100E-6,-1.221900E-6,1.707086E-6,-1.342927E+2
3.319382E+1,1.863900E+3,6.258520E-7,-1.668940E-6,1.782429E-6,-6.944397E+1
3.339991E+1,1.886300E+3,-4.768410E-7,-3.576300E-7,5.960508E-7,-1.431302E+2
3.359959E+1,1.896800E+3,-6.854570E-7,1.251700E-6,1.427096E-6,1.187060E+2
3.379275E+1,1.908800E+3,-5.960500E-7,2.563010E-6,2.631406E-6,1.030919E+2
3.399807E+1,1.933000E+3,-2.831240E-6,2.592820E-6,3.839093E-6,1.375169E+2
3.419584E+1,1.942200E+3,-4.887610E-6,2.145780E-6,5.337893E-6,1.562974E+2
3.440240E+1,1.954400E+3,-6.526740E-6,1.758340E-6,6.759445E-6,1.649222E+2
3.459427E+1,1.978500E+3,-6.526740E-6,1.490120E-6,6.694684E-6,1.671392E+2
3.479240E+1,1.990600E+3,-5.483660E-6,3.874320E-7,5.497329E-6,1.759587E+2
3.499496E+1,2.002600E+3,-5.006820E-6,-1.490120E-6,5.223859E-6,-1.634260E+2
3.519516E+1,2.015400E+3,-3.844530E-6,-1.192100E-6,4.025110E-6,-1.627725E+2
3.539871E+1,2.029400E+3,-4.023340E-6,-3.576300E-7,4.039203E-6,-1.749204E+2
3.559705E+1,2.050700E+3,-2.264990E-6,-1.192100E-7,2.268125E-6,-1.769872E+2
3.579327E+1,2.061800E+3,-1.847750E-6,2.384200E-7,1.863068E-6,1.726476E+2
3.599626E+1,2.083700E+3,-4.768410E-7,2.682230E-7,5.471023E-7,1.506423E+2
3.619930E+1,2.094100E+3,3.278270E-7,3.576300E-7,4.851492E-7,4.748960E+1
3.640225E+1,2.107000E+3,-4.172340E-7,5.662480E-7,7.033641E-7,1.263843E+2
3.659659E+1,2.128700E+3,-1.728540E-6,1.221900E-6,2.116811E-6,1.447436E+2
3.679950E+1,2.139500E+3,-1.877550E-6,1.341110E-6,2.307330E-6,1.444623E+2
3.699086E+1,2.149800E+3,-1.639140E-6,9.834840E-7,1.911549E-6,1.490362E+2
3.720173E+1,2.169900E+3,4.768410E-7,-2.682230E-7,5.471023E-7,-2.935775E+1
3.740435E+1,2.182600E+3,2.086170E-7,-5.960500E-7,6.315035E-7,-7.071000E+1
3.759571E+1,2.202000E+3,-1.579530E-6,6.556550E-7,1.710204E-6,1.574569E+2
3.779566E+1,2.215600E+3,-1.817950E-6,1.311310E-6,2.241534E-6,1.441966E+2
3.799588E+1,2.224600E+3,-2.145780E-6,1.788150E-6,2.793180E-6,1.401944E+2
3.819138E+1,2.237000E+3,-3.337870E-6,1.490120E-6,3.655384E-6,1.559427E+2
3.839663E+1,2.260700E+3,-4.261760E-6,2.145780E-6,4.771475E-6,1.532749E+2
3.859947E+1,2.272800E+3,-3.546490E-6,3.397480E-6,4.911259E-6,1.362293E+2
3.879191E+1,2.282500E+3,-2.801430E-6,4.023340E-6,4.902578E-6,1.248493E+2
3.899645E+1,2.306000E+3,2.384200E-7,4.231960E-6,4.238671E-6,8.677548E+1
3.899645E+1,2.306000E+3,2.384200E-7,4.231960E-6,3.001631E-6,8.315723E+1
3.939364E+1,2.336000E+3,-9.238760E-7,2.443800E-6,2.612605E-6,1.107090E+2
3.959722E+1,2.348100E+3,-1.162300E-6,2.175580E-6,2.466595E-6,1.181133E+2
3.979101E+1,2.359100E+3,-1.519930E-6,1.251700E-6,1.968995E-6,1.405277E+2
3.999473E+1,2.380600E+3,-1.639140E-6,3.874320E-7,1.684305E-6,1.667015E+2
4.019812E+1,2.391300E+3,-1.162300E-6,1.132500E-6,1.622805E-6,1.357440E+2
4.039150E+1,2.413500E+3,8.940730E-7,1.937170E-6,2.133540E-6,6.522499E+1
4.059467E+1,2.423400E+3,8.642710E-7,2.563010E-6,2.704808E-6,7.136541E+1
4.079516E+1,2.434500E+3,6.854570E-7,3.129260E-6,3.203454E-6,7.764464E+1
4.099536E+1,2.455800E+3,-3.874320E-7,2.175580E-6,2.209808E-6,1.000975E+2
4.119672E+1,2.468700E+3,-1.013290E-6,2.443800E-6,2.645546E-6,1.125207E+2
4.140203E+1,2.479800E+3,-1.579530E-6,2.414000E-6,2.884842E-6,1.231976E+2
4.159514E+1,2.501300E+3,-3.099460E-6,2.473610E-6,3.965526E-6,1.414074E+2
4.179488E+1,2.512700E+3,-3.427280E-6,2.205390E-6,4.075536E-6,1.472395E+2
4.199595E+1,2.522100E+3,-4.053140E-6,2.563010E-6,4.795515E-6,1.476927E+2
4.219336E+1,2.548100E+3,-3.904130E-6,5.960510E-8,3.904585E-6,1.791253E+2
4.239793E+1,2.558500E+3,-3.486890E-6,-5.960500E-7,3.537468E-6,-1.702996E+2
4.259077E+1,2.578600E+3,-1.579530E-6,-5.960500E-7,1.688251E-6,-1.593255E+2
4.279153E+1,2.588500E+3,-2.175580E-6,-6.258520E-7,2.263811E-6,-1.639510E+2
4.299495E+1,2.600400E+3,-2.324600E-6,-5.662480E-7,2.392572E-6,-1.663100E+2
4.319980E+1,2.621300E+3,-3.337870E-6,1.132500E-6,3.524760E-6,1.612585E+2
4.339476E+1,2.633200E+3,-4.291560E-6,1.758340E-6,4.637806E-6,1.577201E+2
4.360020E+1,2.654000E+3,-4.112750E-6,2.861040E-6,5.010016E-6,1.451755E+2
4.379333E+1,2.662900E+3,-1.251700E-6,1.341110E-6,1.834483E-6,1.330250E+2
4.399101E+1,2.675000E+3,1.072890E-6,-2.384200E-7,1.099062E-6,-1.252881E+1
4.419605E+1,2.698900E+3,7.450620E-7,-1.192100E-6,1.405781E-6,-5.799464E+1
4.439125E+1,2.710700E+3,8.046660E-7,-1.877550E-6,2.042714E-6,-6.680137E+1
4.459647E+1,2.720800E+3,3.278270E-7,-7.748640E-7,8.413589E-7,-6.706791E+1
4.479227E+1,2.740700E+3,-8.046660E-7,8.046660E-7,1.137970E-6,1.350000E+2
4.499873E+1,2.753300E+3,-1.162300E-6,1.251700E-6,1.708126E-6,1.328791E+2
4.519243E+1,2.764600E+3,-1.907360E-6,7.450620E-7,2.047716E-6,1.586632E+2
4.539079E+1,2.777000E+3,-2.175580E-6,-3.576300E-7,2.204778E-6,-1.706650E+2
4.559874E+1,2.801600E+3,-2.592820E-6,-1.966970E-6,3.254487E-6,-1.428153E+2
4.579404E+1,2.814500E+3,-8.940730E-7,-5.066430E-7,1.027645E-6,-1.504611E+2
4.599863E+1,2.825100E+3,-4.470370E-7,2.086180E-6,2.133539E-6,1.020947E+2
4.619972E+1,2.837000E+3,-5.960510E-8,2.980250E-6,2.980846E-6,9.114577E+1
4.639589E+1,2.862600E+3,-1.043090E-6,3.486890E-6,3.639566E-6,1.066544E+2
4.659459E+1,2.875600E+3,-9.238760E-7,1.996770E-6,2.200145E-6,1.148293E+2
4.679920E+1,2.885200E+3,-1.847750E-6,9.536820E-7,2.079348E-6,1.527003E+2
4.699474E+1,2.907800E+3,-3.397480E-6,-2.384200E-7,3.405835E-6,-1.759858E+2
4.720011E+1,2.920700E+3,-2.354400E-6,5.066430E-7,2.408295E-6,1.678557E+2
4.739635E+1,2.929900E+3,-8.642710E-7,2.503410E-6,2.648401E-6,1.090466E+2
4.760187E+1,2.953800E+3,8.642710E-7,1.996770E-6,2.175788E-6,6.659537E+1
4.779384E+1,2.962800E+3,9.238760E-7,9.536820E-7,1.327801E-6,4.590949E+1
4.799126E+1,2.975000E+3,3.576300E-7,9.238760E-7,9.906796E-7,6.883871E+1
4.819680E+1,2.986300E+3,1.192100E-7,9.238760E-7,9.315352E-7,8.264761E+1
4.839023E+1,3.011200E+3,1.192100E-7,3.397480E-6,3.399571E-6,8.799044E+1
4.859678E+1,3.020400E+3,-1.251700E-6,3.248470E-6,3.481280E-6,1.110727E+2
4.879274E+1,3.031600E+3,-4.172340E-7,3.725300E-6,3.748592E-6,9.639050E+1
4.899641E+1,3.053200E+3,-3.576300E-7,2.264990E-6,2.293050E-6,9.897263E+1
4.919041E+1,3.066800E+3,-5.066430E-7,3.010050E-6,3.052391E-6,9.955431E+1
4.939989E+1,3.089300E+3,2.086170E-7,1.370910E-6,1.386692E-6,8.134745E+1
4.959862E+1,3.101300E+3,-2.980250E-8,1.609330E-6,1.609606E-6,9.106092E+1
4.979535E+1,3.112000E+3,-6.854570E-7,1.549730E-6,1.694554E-6,1.138602E+2
4.999106E+1,3.125300E+3,-7.748640E-7,2.592820E-6,2.706128E-6,1.066388E+2
5.019397E+1,3.146800E+3,-1.192100E-7,2.205390E-6,2.208610E-6,9.309405E+1
5.039394E+1,3.158000E+3,5.364450E-7,8.940730E-7,1.042660E-6,5.903619E+1
5.059043E+1,3.167200E+3,4.768410E-7,9.536820E-7,1.066249E-6,6.343495E+1
5.079514E+1,3.192100E+3,1.907360E-6,1.370910E-6,2.348918E-6,3.570659E+1
5.099540E+1,3.203200E+3,4.082950E-6,-5.960500E-7,4.126228E-6,-8.305661E+0
5.119793E+1,3.224700E+3,4.172350E-6,-2.801430E-6,5.025586E-6,-3.387849E+1
5.139957E+1,3.235900E+3,3.814730E-6,-2.264990E-6,4.436479E-6,-3.069966E+1
5.159033E+1,3.245400E+3,3.039850E-6,-1.400720E-6,3.347044E-6,-2.473958E+1
5.180353E+1,3.269200E+3,6.258520E-7,8.940740E-8,6.322060E-7,8.130100E+0
5.199736E+1,3.278500E+3,-9.834840E-7,7.152590E-7,1.216074E-6,1.439727E+2
5.219403E+1,3.287700E+3,-1.788150E-6,1.341110E-6,2.235186E-6,1.431302E+2
5.239830E+1,3.311700E+3,5.066430E-7,1.370910E-6,1.461534E-6,6.971736E+1
5.259993E+1,3.323500E+3,2.473610E-6,4.768410E-7,2.519151E-6,1.091114E+1
5.279059E+1,3.333700E+3,3.069650E-6,1.490130E-7,3.073265E-6,2.779183E+0
5.300114E+1,3.356600E+3,2.473610E-6,-6.854570E-7,2.566826E-6,-1.548848E+1
5.319278E+1,3.368500E+3,5.066430E-7,-1.132500E-6,1.240662E-6,-6.589784E+1
5.340356E+1,3.389800E+3,-2.682230E-7,-1.370910E-6,1.396903E-6,-1.010703E+2
5.360377E+1,3.401700E+3,-6.854570E-7,-8.046660E-7,1.057042E-6,-1.304261E+2
5.379415E+1,3.412600E+3,-6.258520E-7,-1.251700E-6,1.399444E-6,-1.165651E+2
5.399625E+1,3.434800E+3,-3.874320E-7,-1.519930E-6,1.568531E-6,-1.043002E+2
5.419863E+1,3.444900E+3,-4.172340E-7,-1.549730E-6,1.604913E-6,-1.050685E+2
5.439078E+1,3.456000E+3,-1.490130E-7,-2.115980E-6,2.121220E-6,-9.402827E+1
5.459073E+1,3.475500E+3,4.768410E-7,-3.665700E-6,3.696584E-6,-8.258848E+1
5.479235E+1,3.488500E+3,6.258520E-7,-4.380970E-6,4.425448E-6,-8.186991E+1
5.499386E+1,3.509900E+3,2.980250E-7,-4.589590E-6,4.599256E-6,-8.628472E+1
5.519046E+1,3.520700E+3,-3.576300E-7,-4.053140E-6,4.068887E-6,-9.504245E+1
5.539641E+1,3.533500E+3,-9.238760E-7,-4.142550E-6,4.244322E-6,-1.025724E+2
5.559884E+1,3.545700E+3,-2.682230E-7,-4.678990E-6,4.686672E-6,-9.328089E+1
5.579154E+1,3.568600E+3,5.960500E-7,-4.261760E-6,4.303240E-6,-8.203826E+1
5.599365E+1,3.578900E+3,8.642710E-7,-2.950440E-6,3.074420E-6,-7.367314E+1
5.619570E+1,3.599000E+3,-1.281510E-6,-1.728540E-6,2.151771E-6,-1.265526E+2
5.639794E+1,3.608700E+3,-3.546490E-6,-1.668940E-6,3.919560E-6,-1.547988E+2
5.660061E+1,3.620700E+3,-4.351170E-6,-8.642710E-7,4.436175E-6,-1.687656E+2
5.679340E+1,3.644400E+3,-1.579530E-6,5.662480E-7,1.677961E-6,1.602777E+2
5.699459E+1,3.653800E+3,-2.086170E-7,1.043090E-6,1.063747E-6,1.013099E+2
5.719722E+1,3.663600E+3,2.086170E-7,1.370910E-6,1.386692E-6,8.134745E+1
5.739923E+1,3.687300E+3,-1.490130E-7,-1.668940E-6,1.675579E-6,-9.510218E+1
5.759944E+1,3.699400E+3,1.788150E-7,-1.847750E-6,1.856382E-6,-8.447245E+1
5.779129E+1,3.709500E+3,-8.940740E-8,-1.102690E-6,1.106309E-6,-9.463547E+1
5.799164E+1,3.732600E+3,-1.728540E-6,-4.470370E-7,1.785411E-6,-1.654998E+2
5.819400E+1,3.743000E+3,-1.966970E-6,-5.066430E-7,2.031172E-6,-1.655560E+2
5.839660E+1,3.765600E+3,-5.364450E-7,1.549730E-6,1.639950E-6,1.090935E+2
5.859896E+1,3.775100E+3,4.768410E-7,2.056370E-6,2.110932E-6,7.694471E+1
5.879235E+1,3.786300E+3,5.960510E-8,1.758340E-6,1.759350E-6,8.805850E+1
5.899568E+1,3.807500E+3,1.519930E-6,5.662480E-7,1.621982E-6,2.043281E+1
5.899568E+1,3.807500E+3,1.519930E-6,5.662480E-7,2.884848E-6,-1.993255E+1
5.939918E+1,3.840500E+3,2.264990E-6,-2.443800E-6,3.332017E-6,-4.717469E+1
5.959071E+1,3.850900E+3,2.861040E-6,-2.235190E-6,3.630651E-6,-3.799876E+1
5.979219E+1,3.864700E+3,3.099460E-6,-1.937170E-6,3.655035E-6,-3.200548E+1
6.000270E+1,3.886200E+3,7.748640E-7,-1.758340E-6,1.921503E-6,-6.621791E+1
6.019306E+1,3.897400E+3,4.172340E-7,-2.026570E-6,2.069075E-6,-7.836639E+1
6.039455E+1,3.910000E+3,2.175580E-6,-2.384200E-6,3.227624E-6,-4.761958E+1
6.059530E+1,3.921900E+3,3.129260E-6,-2.622620E-6,4.082941E-6,-3.996624E+1
6.079585E+1,3.945400E+3,2.205390E-6,-1.847750E-6,2.877138E-6,-3.995741E+1
6.099584E+1,3.957900E+3,1.579530E-6,-2.056370E-6,2.592985E-6,-5.247157E+1
6.119604E+1,3.970000E+3,1.579530E-6,-8.940730E-7,1.815016E-6,-2.951148E+1
6.139773E+1,3.992500E+3,2.741830E-6,5.662480E-7,2.799691E-6,1.166878E+1
6.159973E+1,4.002900E+3,2.890840E-6,4.470370E-7,2.925201E-6,8.790541E+0
6.179168E+1,4.011800E+3,2.592820E-6,1.788150E-7,2.598979E-6,3.945183E+0
6.199452E+1,4.035800E+3,4.619390E-6,1.639140E-6,4.901586E-6,1.953667E+1
6.219697E+1,4.044900E+3,4.977020E-6,1.937170E-6,5.340726E-6,2.126713E+1
6.239882E+1,4.066100E+3,3.129260E-6,2.115980E-6,3.777518E-6,3.406624E+1
6.259570E+1,4.078100E+3,2.712030E-6,2.026570E-6,3.385571E-6,3.676900E+1
6.279968E+1,4.087800E+3,2.920640E-6,5.662480E-7,2.975025E-6,1.097227E+1
6.299086E+1,4.099100E+3,2.175580E-6,-2.086170E-7,2.185559E-6,-5.477362E+0
6.319387E+1,4.121300E+3,3.129260E-6,-2.682230E-7,3.140734E-6,-4.899106E+0
6.339639E+1,4.134500E+3,2.801430E-6,-9.834840E-7,2.969049E-6,-1.934439E+1
6.359989E+1,4.147500E+3,2.950440E-6,-1.847750E-6,3.481275E-6,-3.205737E+1
6.380221E+1,4.171800E+3,3.039850E-6,2.682230E-7,3.051660E-6,5.042469E+0
6.399357E+1,4.181700E+3,2.682220E-6,7.748640E-7,2.791902E-6,1.611343E+1
6.419304E+1,4.195700E+3,3.933940E-6,7.152590E-7,3.998435E-6,1.030481E+1
6.439388E+1,4.217200E+3,5.006820E-6,6.556550E-7,5.049567E-6,7.460566E+0
6.459620E+1,4.228300E+3,4.798200E-6,8.642710E-7,4.875417E-6,1.021086E+1
6.479461E+1,4.241300E+3,5.155830E-6,1.043090E-6,5.260287E-6,1.143729E+1
6.499509E+1,4.253500E+3,5.245240E-6,6.854570E-7,5.289839E-6,7.445320E+0
6.519518E+1,4.273900E+3,3.308070E-6,1.460320E-6,3.616056E-6,2.381866E+1
6.539517E+1,4.286600E+3,2.533210E-6,2.175580E-6,3.339207E-6,4.065676E+1
6.559657E+1,4.296000E+3,1.668940E-6,3.099460E-6,3.520229E-6,6.169925E+1
6.579860E+1,4.322000E+3,2.264990E-6,1.758340E-6,2.867392E-6,3.782264E+1
6.599163E+1,4.331700E+3,3.248470E-6,1.609330E-6,3.625259E-6,2.635435E+1
6.619857E+1,4.343800E+3,2.831240E-6,1.251700E-6,3.095589E-6,2.385037E+1
6.639310E+1,4.354600E+3,3.010050E-6,-4.768410E-7,3.047586E-6,-9.001781E+0
6.659301E+1,4.379900E+3,1.788150E-6,-2.950440E-6,3.450011E-6,-5.878153E+1
6.680142E+1,4.391900E+3,1.072890E-6,-3.129260E-6,3.308075E-6,-7.107534E+1
6.699557E+1,4.404300E+3,-4.470370E-7,-2.324600E-6,2.367194E-6,-1.008855E+2
6.719580E+1,4.428000E+3,1.221900E-6,-1.728540E-6,2.116811E-6,-5.474362E+1
6.739689E+1,4.437700E+3,8.940730E-7,-2.980250E-8,8.945696E-7,-1.909157E+0
6.759030E+1,4.448900E+3,2.682220E-6,1.043090E-6,2.877906E-6,2.125059E+1
6.780232E+1,4.470300E+3,5.632670E-6,1.579530E-6,5.849948E-6,1.566472E+1
6.799473E+1,4.481500E+3,6.228710E-6,2.682230E-7,6.234482E-6,2.465769E+0
6.819077E+1,4.494400E+3,6.526740E-6,-1.311310E-6,6.657167E-6,-1.136025E+1
6.839074E+1,4.515800E+3,5.245240E-6,-3.993540E-6,6.592488E-6,-3.728436E+1
6.859502E+1,4.529800E+3,4.380970E-6,-4.023340E-6,5.948123E-6,-4.256335E+1
6.879587E+1,4.542700E+3,4.142550E-6,-3.457080E-6,5.395565E-6,-3.984599E+1
6.899780E+1,4.551800E+3,3.755110E-6,-1.937170E-6,4.225338E-6,-2.728811E+1
6.919910E+1,4.575400E+3,3.695500E-6,-1.162300E-6,3.873972E-6,-1.745928E+1
6.939089E+1,4.588200E+3,2.980250E-6,-1.013290E-6,3.147800E-6,-1.877812E+1
6.959130E+1,4.597300E+3,2.771630E-6,-5.960500E-7,2.834997E-6,-1.213684E+1
6.959130E+1,4.597300E+3,2.771630E-6,-5.960500E-7,3.197760E-6,-4.275851E+0
6.999249E+1,4.633200E+3,3.308070E-6,2.980250E-8,3.308204E-6,5.161654E-1
7.020394E+1,4.643000E+3,3.486890E-6,-1.370910E-6,3.746705E-6,-2.146283E+1
7.039472E+1,4.656200E+3,3.546490E-6,-1.251700E-6,3.760897E-6,-1.944000E+1
7.059519E+1,4.681800E+3,3.516690E-6,1.907360E-6,4.000641E-6,2.847424E+1
7.079540E+1,4.691500E+3,3.367680E-6,4.440580E-6,5.573152E-6,5.282378E+1
7.099619E+1,4.715000E+3,4.500180E-6,5.513460E-6,7.116872E-6,5.077809E+1
7.119817E+1,4.727000E+3,4.142550E-6,5.364450E-6,6.777761E-6,5.232387E+1
7.139019E+1,4.736900E+3,3.397480E-6,5.275040E-6,6.274466E-6,5.721575E+1
7.159298E+1,4.757100E+3,8.940730E-7,1.698740E-6,1.919657E-6,6.224148E+1
7.179498E+1,4.767600E+3,2.861040E-6,4.172340E-7,2.891303E-6,8.297126E+0
7.199620E+1,4.778200E+3,4.917410E-6,-2.086170E-7,4.921833E-6,-2.429269E+0
7.219792E+1,4.800000E+3,5.453850E-6,-4.172340E-7,5.469786E-6,-4.374758E+0
7.239041E+1,4.813000E+3,4.738600E-6,-2.384200E-7,4.744594E-6,-2.880376E+0
7.259227E+1,4.835400E+3,7.033380E-6,6.854570E-7,7.066703E-6,5.566336E+0
7.279423E+1,4.846400E+3,7.689060E-6,1.907360E-6,7.922100E-6,1.393166E+1
7.299600E+1,4.856600E+3,7.480410E-6,2.920640E-6,8.030359E-6,2.132759E+1
7.319761E+1,4.880600E+3,5.453850E-6,2.741830E-6,6.104270E-6,2.669018E+1
7.339976E+1,4.891700E+3,5.543260E-6,1.907360E-6,5.862231E-6,1.898764E+1
7.359150E+1,4.901700E+3,6.318120E-6,1.639140E-6,6.527283E-6,1.454388E+1
7.380383E+1,4.922300E+3,7.510210E-6,1.609330E-6,7.680703E-6,1.209475E+1
7.399597E+1,4.934800E+3,7.867870E-6,1.430520E-6,7.996860E-6,1.030483E+1
7.419886E+1,4.957500E+3,6.347920E-6,5.960500E-7,6.375842E-6,5.364168E+0
7.439039E+1,4.967900E+3,4.708800E-6,5.960500E-7,4.746375E-6,7.214255E+0
7.459034E+1,4.976900E+3,3.814730E-6,-6.854570E-7,3.875825E-6,-1.018660E+1
7.479079E+1,4.989700E+3,5.304840E-6,-1.460320E-6,5.502169E-6,-1.539120E+1
7.499284E+1,5.012800E+3,8.106290E-6,-1.847750E-6,8.314212E-6,-1.284063E+1
7.519579E+1,5.022100E+3,8.255300E-6,-1.341110E-6,8.363525E-6,-9.227342E+0
7.539753E+1,5.042900E+3,9.596410E-6,5.364450E-7,9.611392E-6,3.199538E+0
7.559788E+1,5.052600E+3,1.019250E-5,9.536820E-7,1.023702E-5,5.345433E+0
7.579944E+1,5.063900E+3,1.010300E-5,7.450620E-7,1.013044E-5,4.217734E+0
7.599152E+1,5.088100E+3,1.025210E-5,-8.940740E-8,1.025249E-5,-4.996573E-1
7.619411E+1,5.099200E+3,9.536800E-6,0.000000E+0,9.536800E-6,0.000000E+0
7.639456E+1,5.109200E+3,8.255300E-6,-3.576300E-7,8.263043E-6,-2.480574E+0
7.660280E+1,5.133200E+3,5.394250E-6,-1.311310E-6,5.551348E-6,-1.366324E+1
7.679675E+1,5.146100E+3,5.096230E-6,3.278270E-7,5.106763E-6,3.680615E+0
7.699011E+1,5.157100E+3,4.917410E-6,2.980250E-7,4.926433E-6,3.468231E+0
7.720319E+1,5.176800E+3,5.304840E-6,2.980250E-8,5.304924E-6,3.218833E-1
7.739536E+1,5.189900E+3,5.662470E-6,-2.980250E-7,5.670307E-6,-3.012790E+0
7.759764E+1,5.199600E+3,5.424050E-6,-2.384200E-7,5.429287E-6,-2.516878E+0
7.778993E+1,5.222600E+3,9.030160E-6,-5.662480E-7,9.047896E-6,-3.588109E+0
7.799083E+1,5.233100E+3,7.599620E-6,3.874320E-7,7.609489E-6,2.918438E+0
7.819876E+1,5.245200E+3,8.553320E-6,1.877550E-6,8.756967E-6,1.238071E+1
7.839859E+1,5.269400E+3,9.089770E-6,2.205390E-6,9.353484E-6,1.363777E+1
7.859626E+1,5.281800E+3,9.626210E-6,1.877550E-6,9.807605E-6,1.103673E+1
7.879909E+1,5.293600E+3,1.040110E-5,-4.172340E-7,1.040947E-5,-2.297155E+0
7.899311E+1,5.306500E+3,1.037130E-5,-1.460320E-6,1.047360E-5,-8.014783E+0
7.919602E+1,5.332600E+3,1.004340E-5,-7.748640E-7,1.007325E-5,-4.411719E+0
7.939703E+1,5.341800E+3,9.238780E-6,5.066430E-7,9.252661E-6,3.138884E+0
7.959252E+1,5.352000E+3,8.165890E-6,7.152590E-7,8.197155E-6,5.005823E+0
7.979631E+1,5.375400E+3,7.897670E-6,2.384200E-7,7.901268E-6,1.729157E+0
7.999707E+1,5.384700E+3,8.821550E-6,-6.556550E-7,8.845882E-6,-4.250650E+0
8.019760E+1,5.408500E+3,1.269580E-5,-1.370910E-6,1.276960E-5,-6.162998E+0
8.040095E+1,5.420700E+3,1.361970E-5,-1.311310E-6,1.368268E-5,-5.499508E+0
8.059145E+1,5.431400E+3,1.427540E-5,-1.311310E-6,1.433550E-5,-5.248348E+0
8.079421E+1,5.444600E+3,1.415620E-5,-1.937170E-6,1.428813E-5,-7.792101E+0
8.099604E+1,5.464000E+3,1.412640E-5,-3.159060E-6,1.447532E-5,-1.260555E+1
8.119601E+1,5.477200E+3,1.233820E-5,-2.890840E-6,1.267234E-5,-1.318654E+1
8.139585E+1,5.487500E+3,1.078850E-5,-2.473610E-6,1.106845E-5,-1.291369E+1
8.159826E+1,5.512300E+3,1.159320E-5,-2.354400E-6,1.182986E-5,-1.147977E+1
8.159826E+1,5.512300E+3,1.159320E-5,-2.354400E-6,1.176674E-5,-1.213528E+1
8.199246E+1,5.532700E+3,1.162300E-5,-2.324600E-6,1.185318E-5,-1.130993E+1
8.219326E+1,5.557700E+3,1.275550E-5,-2.920640E-6,1.308560E-5,-1.289676E+1
8.239504E+1,5.568700E+3,1.347070E-5,-3.010050E-6,1.380290E-5,-1.259592E+1
8.259746E+1,5.591100E+3,1.516940E-5,-2.801430E-6,1.542591E-5,-1.046329E+1
8.279836E+1,5.601900E+3,1.597420E-5,-1.341110E-6,1.603040E-5,-4.798999E+0
8.299007E+1,5.614000E+3,1.680860E-5,1.490130E-7,1.680926E-5,5.079300E-1
8.319180E+1,5.626100E+3,1.698740E-5,-6.258520E-7,1.699892E-5,-2.109944E+0
8.340353E+1,5.647200E+3,1.683840E-5,-1.966970E-6,1.695290E-5,-6.662784E+0
8.359595E+1,5.659200E+3,1.695760E-5,-1.370910E-6,1.701292E-5,-4.621934E+0
8.379776E+1,5.669000E+3,1.627220E-5,8.046660E-7,1.629208E-5,2.830990E+0
8.398992E+1,5.692400E+3,1.472240E-5,3.129260E-6,1.505129E-5,1.199969E+1
8.420191E+1,5.704300E+3,1.388790E-5,3.576290E-6,1.434098E-5,1.444057E+1
8.439232E+1,5.717100E+3,1.412640E-5,2.473610E-6,1.434134E-5,9.932109E+0
8.460204E+1,5.740500E+3,1.621260E-5,2.026570E-6,1.633877E-5,7.124999E+0
8.480223E+1,5.752500E+3,1.627220E-5,1.788150E-6,1.637015E-5,6.271064E+0
8.499190E+1,5.762600E+3,1.820930E-5,2.056370E-6,1.832504E-5,6.443096E+0
8.520395E+1,5.776600E+3,2.044450E-5,1.192100E-6,2.047923E-5,3.337086E+0
8.539041E+1,5.788900E+3,2.199420E-5,5.364450E-7,2.200074E-5,1.397184E+0
8.559439E+1,5.813100E+3,2.115980E-5,-5.960500E-7,2.116819E-5,-1.613537E+0
8.579468E+1,5.824200E+3,2.083190E-5,-1.817950E-6,2.091107E-5,-4.987430E+0
8.599658E+1,5.846400E+3,2.113000E-5,-3.069650E-6,2.135181E-5,-8.265790E+0
8.619832E+1,5.857600E+3,2.098100E-5,-3.755110E-6,2.131439E-5,-1.014717E+1
8.639916E+1,5.867300E+3,2.089150E-5,-3.546490E-6,2.119038E-5,-9.634544E+0
8.659950E+1,5.879300E+3,2.196440E-5,-2.682220E-6,2.212757E-5,-6.962300E+0
8.679175E+1,5.905600E+3,2.393140E-5,-2.503410E-6,2.406198E-5,-5.971863E+0
8.699428E+1,5.915400E+3,2.357380E-5,-1.400720E-6,2.361538E-5,-3.400432E+0
8.719685E+1,5.938000E+3,2.241150E-5,-1.758340E-6,2.248037E-5,-4.486068E+0
8.739863E+1,5.948600E+3,2.256050E-5,-3.874320E-7,2.256383E-5,-9.838451E-1
8.760233E+1,5.957600E+3,2.229230E-5,0.000000E+0,2.229230E-5,0.000000E+0
8.779398E+1,5.981700E+3,2.175580E-5,-8.940740E-8,2.175598E-5,-2.354608E-1
8.799620E+1,5.990800E+3,2.181540E-5,5.960500E-7,2.182354E-5,1.565071E+0
8.819840E+1,6.003100E+3,2.357380E-5,1.430520E-6,2.361716E-5,3.472600E+0
8.840016E+1,6.024000E+3,2.530230E-5,2.503410E-6,2.542584E-5,5.650456E+0
8.859153E+1,6.036400E+3,2.577910E-5,2.384200E-6,2.588912E-5,5.284013E+0
8.879191E+1,6.057100E+3,2.634540E-5,1.281510E-6,2.637655E-5,2.784823E+0
8.899224E+1,6.066200E+3,2.738850E-5,1.400720E-6,2.742429E-5,2.927706E+0
8.919494E+1,6.080100E+3,2.911700E-5,1.817950E-6,2.917370E-5,3.572684E+0
8.939725E+1,6.099600E+3,3.254440E-5,1.460320E-6,3.257715E-5,2.569231E+0
8.959935E+1,6.110800E+3,3.343840E-5,1.043090E-6,3.345467E-5,1.786727E+0
8.979557E+1,6.120600E+3,3.406430E-5,1.043090E-6,3.408027E-5,1.753918E+0
8.999230E+1,6.143300E+3,3.486900E-5,2.980250E-6,3.499613E-5,4.885192E+0
9.019403E+1,6.153900E+3,3.513720E-5,3.606100E-6,3.532176E-5,5.859700E+0
9.039515E+1,6.175800E+3,3.671670E-5,-2.980250E-8,3.671671E-5,-4.650628E-2
9.059801E+1,6.187000E+3,3.585240E-5,-1.490120E-6,3.588335E-5,-2.379993E+0
9.079988E+1,6.206600E+3,3.540540E-5,-5.066430E-7,3.540902E-5,-8.198333E-1
9.099128E+1,6.217400E+3,3.579280E-5,-7.450620E-7,3.580055E-5,-1.192495E+0
9.119358E+1,6.239200E+3,3.656770E-5,-6.556550E-7,3.657358E-5,-1.027197E+0
9.139660E+1,6.250400E+3,3.835580E-5,-1.192100E-7,3.835599E-5,-1.780750E-1
9.159914E+1,6.262800E+3,3.880290E-5,-6.854570E-7,3.880895E-5,-1.012030E+0
9.179087E+1,6.271900E+3,3.841540E-5,3.874320E-7,3.841735E-5,5.778273E-1
9.199139E+1,6.296000E+3,3.892210E-5,1.996770E-6,3.897329E-5,2.936796E+0
9.219278E+1,6.305100E+3,3.847500E-5,8.046660E-7,3.848341E-5,1.198109E+0
9.239341E+1,6.326400E+3,3.835580E-5,-2.086170E-7,3.835637E-5,-3.116284E-1
9.259446E+1,6.335600E+3,3.773000E-5,-4.470370E-7,3.773265E-5,-6.788268E-1
9.279479E+1,6.360000E+3,3.796840E-5,-1.519930E-6,3.799881E-5,-2.292409E+0
9.299535E+1,6.369100E+3,3.892210E-5,-1.817950E-6,3.896453E-5,-2.674193E+0
9.319550E+1,6.381900E+3,4.068040E-5,1.490130E-7,4.068067E-5,2.098745E-1
9.339576E+1,6.402200E+3,4.196190E-5,2.384200E-7,4.196258E-5,3.255409E-1
9.359741E+1,6.412600E+3,4.288580E-5,-1.788150E-7,4.288617E-5,-2.388969E-1
9.379823E+1,6.435500E+3,4.458450E-5,-2.294790E-6,4.464352E-5,-2.946447E+0
9.399968E+1,6.445100E+3,4.634280E-5,-2.920640E-6,4.643474E-5,-3.606155E+0
9.419185E+1,6.456300E+3,4.747530E-5,-3.010050E-6,4.757063E-5,-3.627837E+0
9.439400E+1,6.475600E+3,4.696870E-5,-3.010050E-6,4.706505E-5,-3.666860E+0
9.459443E+1,6.488900E+3,4.556800E-5,-3.278270E-6,4.568577E-5,-4.114905E+0
9.479648E+1,6.499000E+3,4.410770E-5,-3.129260E-6,4.421856E-5,-4.058101E+0
9.499908E+1,6.521700E+3,4.568720E-5,-1.430520E-6,4.570959E-5,-1.793412E+0
9.520172E+1,6.532600E+3,4.547860E-5,-1.311310E-6,4.549750E-5,-1.651584E+0
9.539392E+1,6.555600E+3,4.816080E-5,4.470370E-7,4.816287E-5,5.318142E-1
9.559464E+1,6.566200E+3,5.054500E-5,1.192100E-6,5.055906E-5,1.351066E+0
9.579485E+1,6.575300E+3,5.188610E-5,1.996770E-6,5.192451E-5,2.203867E+0
9.599509E+1,6.601600E+3,5.203510E-5,1.490120E-6,5.205643E-5,1.640321E+0
9.619514E+1,6.611900E+3,5.212450E-5,5.960510E-8,5.212453E-5,6.551850E-2
9.639517E+1,6.623900E+3,5.370400E-5,-4.768410E-7,5.370612E-5,-5.087193E-1
9.659701E+1,6.647100E+3,5.427030E-5,-7.748640E-7,5.427583E-5,-8.180058E-1
9.679881E+1,6.660100E+3,5.480670E-5,-4.172340E-7,5.480829E-5,-4.361745E-1
9.699093E+1,6.672100E+3,5.477690E-5,-3.278270E-7,5.477788E-5,-3.428978E-1
9.719283E+1,6.693300E+3,5.608820E-5,8.642710E-7,5.609486E-5,8.828089E-1
9.739445E+1,6.705300E+3,5.722070E-5,-8.940730E-7,5.722768E-5,-8.951733E-1
9.759470E+1,6.715700E+3,5.704190E-5,-1.132500E-6,5.705314E-5,-1.137391E+0
9.779486E+1,6.735400E+3,5.906840E-5,8.046660E-7,5.907388E-5,7.804700E-1
9.799493E+1,6.748200E+3,5.996250E-5,1.162300E-6,5.997376E-5,1.110470E+0
9.819619E+1,6.761200E+3,6.094600E-5,1.281510E-6,6.095947E-5,1.204579E+0
9.839748E+1,6.780800E+3,6.094600E-5,9.238760E-7,6.095300E-5,8.684761E-1
9.859932E+1,6.792000E+3,6.115480E-5,5.662480E-7,6.115742E-5,5.305012E-1
9.879190E+1,6.814300E+3,6.291320E-5,1.519930E-6,6.293156E-5,1.383949E+0
9.899204E+1,6.824800E+3,6.461190E-5,2.145780E-6,6.464752E-5,1.902110E+0
9.919375E+1,6.835600E+3,6.428410E-5,1.341110E-6,6.429809E-5,1.195145E+0
9.939630E+1,6.857500E+3,6.520790E-5,-2.384200E-7,6.520834E-5,-2.094899E-1
9.959727E+1,6.868800E+3,6.631060E-5,2.980250E-7,6.631127E-5,2.575072E-1
9.979772E+1,6.888200E+3,6.818820E-5,2.086170E-7,6.818852E-5,1.752919E-1
9.999867E+1,6.901400E+3,6.973790E-5,-5.960510E-8,6.973793E-5,-4.897079E-2
1.001905E+2,6.911200E+3,7.176450E-5,1.490130E-7,7.176465E-5,1.189697E-1
1.004024E+2,6.934600E+3,7.438710E-5,2.980250E-8,7.438711E-5,2.295502E-2
1.005928E+2,6.944200E+3,7.435730E-5,-1.043090E-6,7.436462E-5,-8.036970E-1
1.007934E+2,6.966900E+3,7.358240E-5,-1.311310E-6,7.359408E-5,-1.020959E+0
1.009955E+2,6.977400E+3,7.435730E-5,-7.748640E-7,7.436134E-5,-5.970474E-1
1.011918E+2,6.986600E+3,7.563880E-5,-1.370910E-6,7.565122E-5,-1.038340E+0
1.013961E+2,7.008000E+3,7.665200E-5,-1.430520E-6,7.666535E-5,-1.069160E+0
1.015970E+2,7.017600E+3,7.826140E-5,-8.046660E-7,7.826554E-5,-5.890815E-1
1.017983E+2,7.041700E+3,8.046670E-5,-1.251700E-6,8.047643E-5,-8.911928E-1
1.019988E+2,7.050900E+3,7.987070E-5,-8.940730E-7,7.987570E-5,-6.413425E-1
1.021903E+2,7.061900E+3,8.025810E-5,-1.907360E-6,8.028076E-5,-1.361397E+0
1.023918E+2,7.084100E+3,8.106280E-5,-5.960510E-8,8.106282E-5,-4.212931E-2
1.025937E+2,7.094300E+3,8.073500E-5,1.013290E-6,8.074136E-5,7.190710E-1
1.027955E+2,7.117300E+3,8.130120E-5,1.907360E-6,8.132357E-5,1.343936E+0
1.029974E+2,7.126700E+3,8.267210E-5,1.132500E-6,8.267986E-5,7.848284E-1
1.031995E+2,7.137800E+3,8.478810E-5,5.960500E-7,8.479020E-5,4.027757E-1
1.033914E+2,7.160100E+3,8.356620E-5,-6.258520E-7,8.356854E-5,-4.290970E-1
1.035940E+2,7.171300E+3,8.258270E-5,-1.728540E-6,8.260079E-5,-1.199084E+0
1.035940E+2,7.171300E+3,8.258270E-5,-1.728540E-6,8.289725E-5,-1.916014E+0
1.039981E+2,7.203900E+3,8.189720E-5,-2.890840E-6,8.194821E-5,-2.021610E+0
1.041994E+2,7.223500E+3,8.392380E-5,-3.218670E-6,8.398550E-5,-2.196348E+0
1.043996E+2,7.234900E+3,8.675500E-5,-3.337870E-6,8.681919E-5,-2.203349E+0
1.045912E+2,7.247600E+3,8.744050E-5,-2.264990E-6,8.746983E-5,-1.483813E+0
1.047928E+2,7.256800E+3,8.809610E-5,-1.877550E-6,8.811611E-5,-1.220933E+0
1.049953E+2,7.280900E+3,9.107640E-5,2.384200E-7,9.107671E-5,1.499887E-1
1.051973E+2,7.290100E+3,9.185120E-5,-4.172340E-7,9.185215E-5,-2.602642E-1
1.053979E+2,7.313500E+3,9.289430E-5,-2.205390E-6,9.292048E-5,-1.359995E+0
1.055901E+2,7.323400E+3,9.340090E-5,-2.026570E-6,9.342288E-5,-1.242983E+0
1.057900E+2,7.332800E+3,9.334130E-5,-1.728540E-6,9.335730E-5,-1.060910E+0
1.059903E+2,7.356200E+3,9.480170E-5,-2.980250E-6,9.484853E-5,-1.800596E+0
1.061906E+2,7.368400E+3,9.688780E-5,-3.337870E-6,9.694528E-5,-1.973110E+0
1.063906E+2,7.379200E+3,9.819910E-5,-4.410770E-6,9.829811E-5,-2.571803E+0
1.065911E+2,7.401600E+3,9.989790E-5,-4.977020E-6,1.000218E-4,-2.852179E+0
1.067912E+2,7.414000E+3,9.989790E-5,-2.712030E-6,9.993471E-5,-1.555085E+0
1.069911E+2,7.425100E+3,1.009410E-4,-2.086180E-6,1.009626E-4,-1.183982E+0
1.071979E+2,7.438100E+3,1.020140E-4,-1.698740E-6,1.020281E-4,-9.540028E-1
1.073922E+2,7.460600E+3,1.043680E-4,-8.046660E-7,1.043711E-4,-4.417355E-1
1.075933E+2,7.471900E+3,1.043380E-4,-5.364450E-7,1.043394E-4,-2.945788E-1
1.077940E+2,7.493600E+3,1.037420E-4,-1.192100E-7,1.037421E-4,-6.583859E-2
1.079942E+2,7.504800E+3,1.035340E-4,1.043090E-6,1.035393E-4,5.772271E-1
1.081946E+2,7.517500E+3,1.033850E-4,1.877550E-6,1.034020E-4,1.040420E+0
1.083968E+2,7.539000E+3,1.063650E-4,1.192100E-6,1.063717E-4,6.421233E-1
1.085982E+2,7.550200E+3,1.071990E-4,2.384200E-7,1.071993E-4,1.274306E-1
1.087981E+2,7.569500E+3,1.079150E-4,-1.251700E-6,1.079223E-4,-6.645407E-1
1.089981E+2,7.580600E+3,1.073480E-4,-1.937170E-6,1.073655E-4,-1.033830E+0
1.091993E+2,7.602100E+3,1.078550E-4,-2.026570E-6,1.078740E-4,-1.076448E+0
1.093915E+2,7.613500E+3,1.086600E-4,-2.533210E-6,1.086895E-4,-1.335505E+0
1.095939E+2,7.623300E+3,1.101200E-4,-2.324600E-6,1.101445E-4,-1.209317E+0
1.097968E+2,7.644600E+3,1.124450E-4,-1.102690E-6,1.124504E-4,-5.618521E-1
1.099991E+2,7.653800E+3,1.134280E-4,4.768410E-7,1.134290E-4,2.408648E-1
1.101995E+2,7.677600E+3,1.139350E-4,-1.639140E-6,1.139468E-4,-8.242360E-1
1.103996E+2,7.687600E+3,1.136670E-4,-2.354400E-6,1.136914E-4,-1.186606E+0
1.103996E+2,7.687600E+3,1.136670E-4,-2.354400E-6,1.132853E-4,-1.959885E+0
1.107999E+2,7.721000E+3,1.124150E-4,-2.533210E-6,1.124435E-4,-1.290910E+0
1.109923E+2,7.733300E+3,1.139650E-4,-1.251700E-6,1.139719E-4,-6.292655E-1
1.111964E+2,7.745800E+3,1.162890E-4,4.470370E-7,1.162899E-4,2.202548E-1
1.113987E+2,7.759000E+3,1.181370E-4,1.311310E-6,1.181443E-4,6.359519E-1
1.115907E+2,7.781600E+3,1.178090E-4,6.258520E-7,1.178107E-4,3.043769E-1
1.117960E+2,7.791400E+3,1.178090E-4,6.258520E-7,1.181695E-4,-3.757039E-1
1.119996E+2,7.814800E+3,1.186730E-4,-1.192100E-6,1.186790E-4,-5.755311E-1
1.121912E+2,7.824900E+3,1.192690E-4,-2.026570E-6,1.192862E-4,-9.734528E-1
1.123958E+2,7.845100E+3,1.228760E-4,-1.192100E-6,1.228818E-4,-5.558462E-1
1.125993E+2,7.855800E+3,1.247830E-4,-7.748640E-7,1.247854E-4,-3.557846E-1
1.127926E+2,7.868800E+3,1.259460E-4,3.576300E-7,1.259465E-4,1.626938E-1
1.129955E+2,7.881500E+3,1.265710E-4,6.258520E-7,1.265725E-4,2.833065E-1
1.131977E+2,7.901300E+3,1.279120E-4,1.281510E-6,1.279184E-4,5.740092E-1
1.133996E+2,7.911600E+3,1.297300E-4,7.450620E-7,1.297321E-4,3.290560E-1
1.135916E+2,7.931900E+3,1.340220E-4,-9.834840E-7,1.340256E-4,-4.204420E-1
1.138045E+2,7.951500E+3,1.337240E-4,5.662480E-7,1.337252E-4,2.426148E-1
1.139975E+2,7.962600E+3,1.342010E-4,2.980250E-7,1.342013E-4,1.272386E-1
1.141992E+2,7.975000E+3,1.353030E-4,-3.874320E-7,1.353036E-4,-1.640626E-1
1.143928E+2,7.987100E+3,1.361980E-4,-8.940730E-7,1.362009E-4,-3.761133E-1
1.145964E+2,8.008000E+3,1.359290E-4,-1.102690E-6,1.359335E-4,-4.647875E-1
1.147987E+2,8.017100E+3,1.367940E-4,-2.712030E-6,1.368209E-4,-1.135777E+0
1.149917E+2,8.041200E+3,1.411750E-4,-4.023340E-6,1.412323E-4,-1.632428E+0
1.151940E+2,8.050300E+3,1.417710E-4,-4.231960E-6,1.418341E-4,-1.709810E+0
1.153973E+2,8.062700E+3,1.429330E-4,-3.099460E-6,1.429666E-4,-1.242247E+0
1.156008E+2,8.083500E+3,1.468370E-4,-1.937170E-6,1.468498E-4,-7.558397E-1
1.157942E+2,8.093500E+3,1.497580E-4,-6.556550E-7,1.497594E-4,-2.508449E-1
1.159978E+2,8.117000E+3,1.514560E-4,-5.662480E-7,1.514571E-4,-2.142105E-1
1.161906E+2,8.126200E+3,1.543770E-4,-2.205390E-6,1.543928E-4,-8.184571E-1
1.163915E+2,8.139300E+3,1.564630E-4,-2.652420E-6,1.564855E-4,-9.712067E-1
1.165979E+2,8.159700E+3,1.598010E-4,-3.993540E-6,1.598509E-4,-1.431564E+0
1.167941E+2,8.172200E+3,1.611420E-4,-4.947210E-6,1.612179E-4,-1.758482E+0
1.169955E+2,8.183500E+3,1.618870E-4,-5.632670E-6,1.619850E-4,-1.992736E+0
1.171963E+2,8.205900E+3,1.626920E-4,-3.993540E-6,1.627410E-4,-1.406136E+0
1.173910E+2,8.217300E+3,1.637940E-4,-3.337870E-6,1.638280E-4,-1.167438E+0
1.173910E+2,8.217300E+3,1.637940E-4,-3.337870E-6,1.666476E-4,-9.222247E-1
1.177908E+2,8.249900E+3,1.691890E-4,-3.188860E-6,1.692190E-4,-1.079778E+0
1.179907E+2,8.260000E+3,1.715730E-4,-3.337870E-6,1.716055E-4,-1.114521E+0
1.181907E+2,8.280600E+3,1.746720E-4,-5.900890E-6,1.747716E-4,-1.934870E+0
1.183908E+2,8.290100E+3,1.750600E-4,-5.990300E-6,1.751625E-4,-1.959814E+0
1.185909E+2,8.311300E+3,1.769670E-4,-5.781680E-6,1.770614E-4,-1.871242E+0
1.187899E+2,8.320400E+3,1.789040E-4,-6.198910E-6,1.790114E-4,-1.984468E+0
1.189899E+2,8.343900E+3,1.806330E-4,-5.662470E-6,1.807217E-4,-1.795516E+0
1.191899E+2,8.353800E+3,1.826300E-4,-4.947210E-6,1.826970E-4,-1.551689E+0
1.193900E+2,8.366100E+3,1.845370E-4,-3.874330E-6,1.845777E-4,-1.202741E+0
1.195900E+2,8.387400E+3,1.902290E-4,-2.235190E-6,1.902421E-4,-6.731942E-1
1.195900E+2,8.387400E+3,1.902290E-4,-2.235190E-6,1.905887E-4,-2.419037E-1
1.199901E+2,8.409400E+3,1.926430E-4,-1.341110E-6,1.926477E-4,-3.988658E-1
1.201902E+2,8.433000E+3,1.967860E-4,-3.308070E-6,1.968138E-4,-9.630797E-1
1.203902E+2,8.442200E+3,1.988420E-4,-3.784910E-6,1.988780E-4,-1.090480E+0
1.205902E+2,8.466300E+3,2.044450E-4,-5.453850E-6,2.045177E-4,-1.528081E+0
1.207903E+2,8.475700E+3,2.048020E-4,-5.513460E-6,2.048762E-4,-1.542083E+0
1.209903E+2,8.486900E+3,2.059650E-4,-5.900890E-6,2.060495E-4,-1.641073E+0
1.211903E+2,8.508800E+3,2.053090E-4,-6.318120E-6,2.054062E-4,-1.762648E+0
1.213905E+2,8.519800E+3,2.068290E-4,-6.467130E-6,2.069301E-4,-1.790941E+0
1.215907E+2,8.539400E+3,2.107630E-4,-5.692270E-6,2.108399E-4,-1.547064E+0
1.217909E+2,8.550600E+3,2.115680E-4,-5.334640E-6,2.116352E-4,-1.444394E+0
1.219911E+2,8.560500E+3,2.125810E-4,-4.291560E-6,2.126243E-4,-1.156523E+0
1.221912E+2,8.583500E+3,2.154420E-4,-6.169110E-6,2.155303E-4,-1.640197E+0
1.223912E+2,8.603400E+3,2.165740E-4,-5.543260E-6,2.166449E-4,-1.466178E+0
1.225914E+2,8.614600E+3,2.173790E-4,-5.722080E-6,2.174543E-4,-1.507852E+0
1.227915E+2,8.624700E+3,2.180350E-4,-4.559780E-6,2.180827E-4,-1.198056E+0
1.229902E+2,8.645400E+3,2.218790E-4,-3.755110E-6,2.219108E-4,-9.695889E-1
1.231919E+2,8.655000E+3,2.225650E-4,-1.937170E-6,2.225734E-4,-4.986807E-1
1.233920E+2,8.676300E+3,2.234290E-4,-5.960500E-7,2.234298E-4,-1.528498E-1
1.235907E+2,8.685500E+3,2.238160E-4,-4.172340E-7,2.238164E-4,-1.068097E-1
1.237909E+2,8.706600E+3,2.217000E-4,-3.576290E-6,2.217288E-4,-9.241703E-1
1.239901E+2,8.718800E+3,2.183030E-4,-3.904130E-6,2.183379E-4,-1.024568E+0
1.241903E+2,8.728400E+3,2.166040E-4,-3.427280E-6,2.166311E-4,-9.065036E-1
1.243915E+2,8.751900E+3,2.136240E-4,-2.235190E-6,2.136357E-4,-5.994752E-1
1.245906E+2,8.761100E+3,2.114480E-4,-1.728540E-6,2.114551E-4,-4.683697E-1
1.247908E+2,8.782300E+3,2.072760E-4,-1.370910E-6,2.072805E-4,-3.789450E-1
1.249900E+2,8.791900E+3,2.029850E-4,-9.536820E-7,2.029872E-4,-2.691901E-1
1.251900E+2,8.815900E+3,1.961000E-4,-3.159060E-6,1.961254E-4,-9.229228E-1
1.253910E+2,8.825100E+3,1.902290E-4,-4.678990E-6,1.902865E-4,-1.408998E+0
1.255902E+2,8.837900E+3,1.831960E-4,-5.304840E-6,1.832728E-4,-1.658661E+0
1.257903E+2,8.858600E+3,1.716330E-4,-5.453850E-6,1.717196E-4,-1.820032E+0
1.259904E+2,8.868900E+3,1.660000E-4,-6.258520E-6,1.661179E-4,-2.159139E+0
1.261906E+2,8.889100E+3,1.510990E-4,-3.546490E-6,1.511406E-4,-1.344560E+0
1.263908E+2,8.901600E+3,1.447210E-4,-2.861040E-6,1.447493E-4,-1.132553E+0
1.265900E+2,8.922500E+3,1.305350E-4,-2.354400E-6,1.305562E-4,-1.033306E+0
1.267902E+2,8.932400E+3,1.211470E-4,-2.294790E-6,1.211687E-4,-1.085178E+0
1.269902E+2,8.943600E+3,1.118190E-4,-5.066430E-7,1.118201E-4,-2.596009E-1
1.271913E+2,8.963200E+3,9.143400E-5,7.450620E-7,9.143704E-5,4.668719E-1
1.273903E+2,8.976900E+3,7.820180E-5,1.996770E-6,7.822729E-5,1.462647E+0
1.275913E+2,8.995800E+3,5.441930E-5,2.563010E-6,5.447962E-5,2.696492E+0
1.277913E+2,9.007100E+3,4.270700E-5,1.341110E-6,4.272805E-5,1.798644E+0
1.279914E+2,9.026800E+3,1.159320E-5,5.066430E-7,1.160427E-5,2.502333E+0
1.281914E+2,9.040900E+3,-3.367680E-6,7.450620E-7,3.449114E-6,1.675249E+2
1.283914E+2,9.050100E+3,-1.660000E-5,1.937170E-6,1.671265E-5,1.733439E+2
1.285905E+2,9.071400E+3,-4.911450E-5,1.907360E-6,4.915152E-5,1.777760E+2
1.287907E+2,9.080600E+3,-6.467150E-5,1.639140E-6,6.469227E-5,1.785481E+2
1.289908E+2,9.102000E+3,-9.918260E-5,1.847750E-6,9.919981E-5,1.789327E+2
1.291919E+2,9.111400E+3,-1.189710E-4,1.847750E-6,1.189853E-4,1.791102E+2
1.293899E+2,9.135500E+3,-1.593840E-4,2.920640E-6,1.594108E-4,1.789502E+2
1.295899E+2,9.144700E+3,-1.788740E-4,4.380970E-6,1.789276E-4,1.785970E+2
1.297899E+2,9.166200E+3,-2.184820E-4,7.003570E-6,2.185942E-4,1.781640E+2
1.299900E+2,9.175400E+3,-2.374960E-4,7.629450E-6,2.376185E-4,1.781600E+2
1.301912E+2,9.196600E+3,-2.777890E-4,8.583130E-6,2.779216E-4,1.782302E+2
1.303914E+2,9.206100E+3,-2.970710E-4,8.672530E-6,2.971976E-4,1.783278E+2
1.305914E+2,9.217300E+3,-3.155190E-4,8.761940E-6,3.156406E-4,1.784093E+2
1.307915E+2,9.239000E+3,-3.530100E-4,7.808270E-6,3.530963E-4,1.787329E+2
1.309905E+2,9.250000E+3,-3.682990E-4,8.821550E-6,3.684046E-4,1.786279E+2
1.311915E+2,9.272200E+3,-3.984290E-4,9.626210E-6,3.985453E-4,1.786160E+2
1.313915E+2,9.282400E+3,-4.102010E-4,1.072890E-5,4.103413E-4,1.785018E+2
1.315908E+2,9.293400E+3,-4.249830E-4,1.329190E-5,4.251908E-4,1.782086E+2
1.317908E+2,9.314900E+3,-4.416720E-4,1.239780E-5,4.418460E-4,1.783921E+2
1.319901E+2,9.326200E+3,-4.511490E-4,1.382830E-5,4.513609E-4,1.782444E+2
1.321903E+2,9.347800E+3,-4.579440E-4,1.126530E-5,4.580825E-4,1.785908E+2
1.323913E+2,9.358800E+3,-4.622950E-4,1.156340E-5,4.624396E-4,1.785672E+2
1.325914E+2,9.372000E+3,-4.646800E-4,1.311310E-5,4.648650E-4,1.783836E+2
1.327905E+2,9.381200E+3,-4.631300E-4,1.177200E-5,4.632796E-4,1.785440E+2
1.329916E+2,9.405200E+3,-4.613120E-4,1.218920E-5,4.614730E-4,1.784864E+2
1.331916E+2,9.414500E+3,-4.586000E-4,1.129510E-5,4.587391E-4,1.785891E+2
1.333918E+2,9.435900E+3,-4.530570E-4,1.207000E-5,4.532178E-4,1.784739E+2
1.335899E+2,9.445100E+3,-4.482590E-4,1.215940E-5,4.484239E-4,1.784462E+2
1.337911E+2,9.466400E+3,-4.358610E-4,1.063950E-5,4.359908E-4,1.786017E+2
1.339912E+2,9.475700E+3,-4.301980E-4,9.775220E-6,4.303090E-4,1.786983E+2
1.341913E+2,9.496800E+3,-4.186350E-4,1.007320E-5,4.187562E-4,1.786216E+2
1.343914E+2,9.508800E+3,-4.110650E-4,1.052030E-5,4.111996E-4,1.785340E+2
1.345905E+2,9.530200E+3,-3.980420E-4,1.144420E-5,3.982065E-4,1.783531E+2
1.347916E+2,9.539400E+3,-3.918730E-4,1.174220E-5,3.920489E-4,1.782837E+2
1.349908E+2,9.560500E+3,-3.732460E-4,1.177200E-5,3.734316E-4,1.781935E+2
1.351900E+2,9.570100E+3,-3.663920E-4,1.218920E-5,3.665947E-4,1.780946E+2
1.353912E+2,9.581400E+3,-3.590900E-4,1.147400E-5,3.592733E-4,1.781699E+2
1.355904E+2,9.603100E+3,-3.440700E-4,1.057990E-5,3.442326E-4,1.782388E+2
1.357907E+2,9.614300E+3,-3.374830E-4,1.096730E-5,3.376612E-4,1.781387E+2
1.359909E+2,9.633900E+3,-3.211220E-4,8.821550E-6,3.212431E-4,1.784264E+2
1.361910E+2,9.645100E+3,-3.133430E-4,7.927480E-6,3.134433E-4,1.785507E+2
1.363900E+2,9.657800E+3,-3.067570E-4,8.404310E-6,3.068721E-4,1.784306E+2
1.365912E+2,9.677900E+3,-2.915280E-4,9.179170E-6,2.916725E-4,1.781966E+2
1.367905E+2,9.691000E+3,-2.832430E-4,1.001360E-5,2.834200E-4,1.779752E+2
1.369907E+2,9.710600E+3,-2.666730E-4,9.357990E-6,2.668371E-4,1.779902E+2
1.371907E+2,9.724000E+3,-2.604740E-4,1.060970E-5,2.606900E-4,1.776675E+2
1.373899E+2,9.734200E+3,-2.535600E-4,9.298380E-6,2.537304E-4,1.778998E+2
1.375900E+2,9.756900E+3,-2.416980E-4,7.212190E-6,2.418056E-4,1.782908E+2
1.377901E+2,9.767900E+3,-2.352600E-4,7.033380E-6,2.353651E-4,1.782876E+2
1.379911E+2,9.788000E+3,-2.224450E-4,8.702340E-6,2.226152E-4,1.777597E+2
1.381901E+2,9.798300E+3,-2.150250E-4,9.238780E-6,2.152234E-4,1.775397E+2
1.383902E+2,9.818800E+3,-2.054280E-4,1.028190E-5,2.056851E-4,1.771347E+2
1.385902E+2,9.828700E+3,-1.987820E-4,1.022230E-5,1.990447E-4,1.770562E+2
1.387904E+2,9.840800E+3,-1.923750E-4,1.007320E-5,1.926385E-4,1.770026E+2
1.389906E+2,9.862200E+3,-1.798580E-4,9.089770E-6,1.800875E-4,1.771068E+2
1.391916E+2,9.874500E+3,-1.744940E-4,8.106290E-6,1.746822E-4,1.773402E+2
1.393917E+2,9.885300E+3,-1.689800E-4,7.718860E-6,1.691562E-4,1.773846E+2
1.395908E+2,9.907800E+3,-1.578940E-4,8.344710E-6,1.581144E-4,1.769747E+2
1.397909E+2,9.918000E+3,-1.532740E-4,6.675750E-6,1.534193E-4,1.775061E+2
1.399900E+2,9.938400E+3,-1.436780E-4,2.592820E-6,1.437014E-4,1.789662E+2
1.401900E+2,9.949100E+3,-1.389990E-4,1.311310E-6,1.390052E-4,1.794595E+2
1.403910E+2,9.968900E+3,-1.280020E-4,-5.662480E-7,1.280033E-4,-1.797465E+2
1.405902E+2,9.979900E+3,-1.231140E-4,8.940740E-8,1.231140E-4,1.799584E+2
1.407914E+2,1.000210E+4,-1.155140E-4,2.831240E-6,1.155487E-4,1.785960E+2
1.409907E+2,1.001240E+4,-1.110440E-4,3.367680E-6,1.110951E-4,1.782629E+2
1.411918E+2,1.003260E+4,-1.025800E-4,2.294790E-6,1.026057E-4,1.787185E+2
1.413911E+2,1.004350E+4,-9.936140E-5,2.563010E-6,9.939445E-5,1.785224E+2
1.415911E+2,1.005400E+4,-9.721560E-5,2.682220E-6,9.725259E-5,1.784196E+2
1.417902E+2,1.007440E+4,-9.372880E-5,2.324600E-6,9.375762E-5,1.785793E+2
1.419912E+2,1.009410E+4,-8.806630E-5,3.248470E-6,8.812619E-5,1.778875E+2
1.421912E+2,1.010540E+4,-8.630800E-5,3.457080E-6,8.637721E-5,1.777062E+2
1.423913E+2,1.011490E+4,-8.299990E-5,2.235190E-6,8.302999E-5,1.784574E+2
1.425905E+2,1.013850E+4,-7.847000E-5,3.039850E-6,7.852886E-5,1.777815E+2
1.427918E+2,1.014860E+4,-7.641360E-5,3.755110E-6,7.650581E-5,1.771866E+2
1.429908E+2,1.016070E+4,-7.441690E-5,3.993540E-6,7.452398E-5,1.769282E+2
1.431908E+2,1.018200E+4,-7.057240E-5,3.993540E-6,7.068530E-5,1.767612E+2
1.433918E+2,1.019120E+4,-6.762190E-5,3.039850E-6,6.769019E-5,1.774261E+2
1.435899E+2,1.021260E+4,-6.318140E-5,6.258520E-7,6.318450E-5,1.794325E+2
1.437900E+2,1.022170E+4,-6.008170E-5,-2.980250E-7,6.008244E-5,-1.797158E+2
1.439902E+2,1.024570E+4,-5.754850E-5,8.046660E-7,5.755413E-5,1.791989E+2
1.441933E+2,1.025500E+4,-5.543260E-5,2.264990E-6,5.547885E-5,1.776602E+2
1.443939E+2,1.026750E+4,-5.263110E-5,4.023340E-6,5.278466E-5,1.756286E+2
1.445954E+2,1.028830E+4,-4.780320E-5,6.139310E-6,4.819582E-5,1.726816E+2
1.447982E+2,1.030060E+4,-4.649190E-5,4.261760E-6,4.668682E-5,1.747625E+2
1.449903E+2,1.031160E+4,-4.443550E-5,3.427280E-6,4.456748E-5,1.755896E+2
1.451928E+2,1.033390E+4,-3.987570E-5,2.980250E-8,3.987571E-5,1.799572E+2
1.453951E+2,1.034410E+4,-3.877310E-5,-7.152590E-7,3.877970E-5,-1.789432E+2
1.455966E+2,1.036450E+4,-3.582260E-5,-1.460320E-6,3.585235E-5,-1.776656E+2
1.457969E+2,1.037800E+4,-3.498820E-5,-1.072890E-6,3.500465E-5,-1.782436E+2
1.459970E+2,1.039130E+4,-3.495840E-5,-3.278270E-7,3.495994E-5,-1.794627E+2
1.461968E+2,1.041100E+4,-3.162050E-5,-6.258520E-7,3.162669E-5,-1.788661E+2
1.463980E+2,1.042240E+4,-3.209730E-5,-1.013290E-6,3.211329E-5,-1.781918E+2
1.465913E+2,1.043500E+4,-3.120330E-5,-3.576300E-7,3.120535E-5,-1.793433E+2
1.467941E+2,1.045550E+4,-2.780570E-5,7.450620E-7,2.781568E-5,1.784651E+2
1.469983E+2,1.046860E+4,-2.655400E-5,8.940730E-7,2.656905E-5,1.780716E+2
1.471922E+2,1.048090E+4,-2.485530E-5,1.013290E-6,2.487595E-5,1.776655E+2
1.473935E+2,1.050420E+4,-2.223260E-5,9.536820E-7,2.225305E-5,1.775438E+2
1.475938E+2,1.051710E+4,-2.300750E-5,1.311310E-6,2.304484E-5,1.767380E+2
1.477976E+2,1.052950E+4,-2.339490E-5,8.046660E-7,2.340873E-5,1.780301E+2
1.480006E+2,1.054160E+4,-2.303730E-5,1.281510E-6,2.307292E-5,1.768161E+2
1.482031E+2,1.056520E+4,-2.121940E-5,2.056370E-6,2.131881E-5,1.744648E+2
1.483927E+2,1.057840E+4,-1.865640E-5,2.145780E-6,1.877939E-5,1.734389E+2
1.485929E+2,1.058760E+4,-1.835830E-5,1.788150E-6,1.844518E-5,1.744368E+2
1.487951E+2,1.061170E+4,-2.017630E-5,4.768410E-7,2.018193E-5,1.786461E+2
1.489977E+2,1.062090E+4,-2.038490E-5,-2.384200E-7,2.038629E-5,-1.793299E+2
1.491951E+2,1.064220E+4,-1.785170E-5,-1.043090E-6,1.788215E-5,-1.766560E+2
1.493916E+2,1.065150E+4,-1.525890E-5,0.000000E+0,1.525890E-5,1.800000E+2
1.496041E+2,1.066440E+4,-1.403700E-5,2.086170E-7,1.403855E-5,1.791485E+2
1.497958E+2,1.068500E+4,-1.278530E-5,2.414000E-6,1.301120E-5,1.693078E+2
1.499986E+2,1.069540E+4,-1.382830E-5,2.712030E-6,1.409173E-5,1.689039E+2
1.501905E+2,1.070880E+4,-1.463300E-5,2.503410E-6,1.484560E-5,1.702918E+2
1.503926E+2,1.072840E+4,-1.424560E-5,3.010050E-6,1.456013E-5,1.680691E+2
1.505953E+2,1.074160E+4,-1.311310E-5,2.622620E-6,1.337279E-5,1.686901E+2
1.507948E+2,1.076160E+4,-1.299390E-5,1.549730E-6,1.308599E-5,1.731987E+2
1.509965E+2,1.077440E+4,-1.433500E-5,1.430520E-6,1.440620E-5,1.743012E+2
1.511966E+2,1.078560E+4,-1.537810E-5,1.996770E-6,1.550719E-5,1.726018E+2
1.513999E+2,1.080810E+4,-1.519920E-5,7.450620E-7,1.521745E-5,1.771936E+2
1.515916E+2,1.081920E+4,-1.493100E-5,2.682230E-7,1.493341E-5,1.789708E+2
1.517936E+2,1.084100E+4,-1.353030E-5,2.980250E-7,1.353358E-5,1.787382E+2
1.519966E+2,1.085220E+4,-1.358990E-5,-1.072890E-6,1.363219E-5,-1.754860E+2
1.521991E+2,1.086180E+4,-1.293430E-5,-2.235190E-6,1.312601E-5,-1.701955E+2
1.521991E+2,1.086180E+4,-1.293430E-5,-2.235190E-6,1.195494E-5,-1.708195E+2
1.525940E+2,1.089520E+4,-1.138450E-5,-1.400720E-6,1.147035E-5,-1.729857E+2
1.527970E+2,1.091570E+4,-1.102690E-5,-3.129260E-6,1.146232E-5,-1.641569E+2
1.529993E+2,1.092860E+4,-1.150380E-5,-3.844530E-6,1.212921E-5,-1.615206E+2
1.531918E+2,1.093780E+4,-1.049050E-5,-3.933940E-6,1.120386E-5,-1.594439E+2
1.534044E+2,1.096150E+4,-1.022230E-5,-3.516690E-6,1.081030E-5,-1.610157E+2
1.535963E+2,1.097120E+4,-1.063950E-5,-3.218670E-6,1.111570E-5,-1.631683E+2
1.537973E+2,1.099240E+4,-8.553320E-6,-2.592820E-6,8.937673E-6,-1.631361E+2
1.539997E+2,1.100170E+4,-7.927480E-6,-2.384200E-6,8.278246E-6,-1.632613E+2
1.541984E+2,1.101420E+4,-8.016880E-6,-1.937170E-6,8.247605E-6,-1.664157E+2
1.543948E+2,1.102550E+4,-7.957280E-6,-1.400720E-6,8.079624E-6,-1.700165E+2
1.545981E+2,1.105060E+4,-1.138450E-5,-2.205390E-6,1.159615E-5,-1.690365E+2
1.548039E+2,1.106300E+4,-1.138450E-5,-1.937170E-6,1.154814E-5,-1.703431E+2
1.549920E+2,1.107600E+4,-8.940750E-6,-1.877550E-6,9.135765E-6,-1.681403E+2
1.551944E+2,1.109010E+4,-8.821550E-6,-1.251700E-6,8.909910E-6,-1.719241E+2
1.553964E+2,1.111190E+4,-8.016880E-6,2.086170E-7,8.019594E-6,1.785094E+2
1.555983E+2,1.112320E+4,-6.288320E-6,-5.066430E-7,6.308697E-6,-1.753937E+2
1.557908E+2,1.113300E+4,-5.513460E-6,-9.238760E-7,5.590330E-6,-1.704875E+2
1.559930E+2,1.115610E+4,-6.198910E-6,-2.384200E-7,6.203493E-6,-1.777974E+2
1.561957E+2,1.116660E+4,-7.092980E-6,3.278270E-7,7.100552E-6,1.773538E+2
1.563979E+2,1.118890E+4,-1.204020E-5,-2.086170E-7,1.204201E-5,-1.790074E+2
1.565903E+2,1.120010E+4,-1.245740E-5,-1.192100E-6,1.251431E-5,-1.745338E+2
1.567922E+2,1.121250E+4,-1.174220E-5,-1.639140E-6,1.185606E-5,-1.720532E+2
1.569920E+2,1.123320E+4,-9.775220E-6,-9.238760E-7,9.818782E-6,-1.746009E+2
1.571919E+2,1.124310E+4,-8.583130E-6,-1.758340E-6,8.761386E-6,-1.684226E+2
1.573945E+2,1.126420E+4,-6.049900E-6,-1.668940E-6,6.275878E-6,-1.645778E+2
1.575968E+2,1.127660E+4,-4.351170E-6,-1.192100E-6,4.511517E-6,-1.646785E+2
1.577996E+2,1.129790E+4,-4.351170E-6,-8.940740E-8,4.352088E-6,-1.788229E+2
1.579987E+2,1.131030E+4,-5.066420E-6,1.490130E-7,5.068611E-6,1.783153E+2
1.581990E+2,1.131970E+4,-5.185630E-6,6.854570E-7,5.230737E-6,1.724701E+2
1.583993E+2,1.133260E+4,-6.318120E-6,9.834840E-7,6.394207E-6,1.711523E+2
1.585975E+2,1.135600E+4,-7.599620E-6,1.788150E-7,7.601723E-6,1.786521E+2
1.587911E+2,1.136570E+4,-7.718860E-6,-8.046660E-7,7.760689E-6,-1.740486E+2
1.589922E+2,1.137980E+4,-8.136090E-6,-5.066430E-7,8.151849E-6,-1.764367E+2
1.591923E+2,1.140180E+4,-6.705550E-6,0.000000E+0,6.705550E-6,1.800000E+2
1.593996E+2,1.141260E+4,-5.573060E-6,3.874320E-7,5.586511E-6,1.760233E+2
1.596002E+2,1.143240E+4,-4.053140E-6,1.192100E-7,4.054893E-6,1.783153E+2
1.597942E+2,1.144540E+4,-2.801430E-6,-5.960500E-7,2.864138E-6,-1.679885E+2
1.599968E+2,1.145870E+4,-1.192100E-6,-1.758340E-6,2.124350E-6,-1.241361E+2
1.601979E+2,1.147850E+4,-7.450620E-7,-2.771630E-6,2.870026E-6,-1.050464E+2
1.603996E+2,1.149260E+4,-9.834840E-7,-1.966970E-6,2.199139E-6,-1.165650E+2
1.606017E+2,1.151230E+4,-6.854570E-7,-2.682230E-7,7.360672E-7,-1.586293E+2
1.608033E+2,1.152370E+4,-9.536820E-7,1.311310E-6,1.621432E-6,1.260274E+2
1.609933E+2,1.153640E+4,-1.192100E-7,1.490120E-6,1.494881E-6,9.457394E+1
1.612038E+2,1.155680E+4,2.086170E-7,1.132500E-6,1.151554E-6,7.956260E+1
1.613946E+2,1.156700E+4,-1.192100E-7,3.874320E-7,4.053573E-7,1.071028E+2
1.615953E+2,1.157920E+4,-4.768410E-7,9.238760E-7,1.039675E-6,1.172997E+2
1.617956E+2,1.160040E+4,-1.072890E-6,1.639140E-6,1.959049E-6,1.232065E+2
1.619982E+2,1.161270E+4,-1.132500E-6,1.430520E-6,1.824539E-6,1.283676E+2
1.621976E+2,1.162220E+4,-1.937170E-6,1.728540E-6,2.596243E-6,1.382574E+2
1.623997E+2,1.164610E+4,-2.026570E-6,2.145780E-6,2.951501E-6,1.333634E+2
1.625916E+2,1.165840E+4,-2.175580E-6,1.192100E-7,2.178844E-6,1.768636E+2
1.628037E+2,1.168230E+4,-3.248470E-6,2.980250E-7,3.262112E-6,1.747582E+2
1.629950E+2,1.169180E+4,-3.427280E-6,-5.960510E-8,3.427798E-6,-1.790037E+2
1.631957E+2,1.170410E+4,-4.738600E-6,-6.556550E-7,4.783745E-6,-1.721223E+2
1.633973E+2,1.172560E+4,-5.185630E-6,-5.364450E-7,5.213303E-6,-1.740939E+2
1.635905E+2,1.173500E+4,-5.751880E-6,-5.960510E-8,5.752189E-6,-1.794063E+2
1.637930E+2,1.174640E+4,-4.977020E-6,-7.748640E-7,5.036977E-6,-1.711508E+2
1.639935E+2,1.176850E+4,-4.768400E-6,-2.324600E-6,5.304847E-6,-1.540107E+2
1.641937E+2,1.177940E+4,-5.364450E-6,-1.966970E-6,5.713694E-6,-1.598637E+2
1.643948E+2,1.179260E+4,-6.228710E-6,-1.221900E-6,6.347430E-6,-1.689011E+2
1.645979E+2,1.181240E+4,-7.301600E-6,5.662480E-7,7.323524E-6,1.755655E+2
1.647942E+2,1.182360E+4,-8.314910E-6,4.768410E-7,8.328572E-6,1.767178E+2
1.649990E+2,1.184640E+4,-7.987080E-6,7.152590E-7,8.019042E-6,1.748827E+2
1.651910E+2,1.185960E+4,-7.241990E-6,1.728540E-6,7.445419E-6,1.665756E+2
1.653909E+2,1.186970E+4,-5.692270E-6,1.341110E-6,5.848121E-6,1.667428E+2
1.655920E+2,1.189080E+4,-4.529980E-6,-3.576300E-7,4.544075E-6,-1.754860E+2
1.657942E+2,1.190340E+4,-4.589590E-6,2.384200E-7,4.595779E-6,1.770263E+2
1.659957E+2,1.191270E+4,-4.500180E-6,3.874320E-7,4.516827E-6,1.750794E+2
1.661981E+2,1.193700E+4,-3.576290E-6,9.536820E-7,3.701265E-6,1.650685E+2
1.663988E+2,1.194910E+4,-3.546490E-6,8.344690E-7,3.643340E-6,1.667595E+2
1.665910E+2,1.195910E+4,-2.771630E-6,1.549730E-6,3.175468E-6,1.507887E+2
1.667980E+2,1.198250E+4,-3.397480E-6,1.907360E-6,3.896266E-6,1.506900E+2
1.669916E+2,1.199200E+4,-2.801430E-6,3.010050E-6,4.111984E-6,1.329441E+2
1.671919E+2,1.200600E+4,-1.817950E-6,4.619390E-6,4.964243E-6,1.114820E+2
1.673934E+2,1.202830E+4,-3.606100E-6,6.347920E-6,7.300688E-6,1.195999E+2
1.675958E+2,1.204090E+4,-3.606100E-6,4.440580E-6,5.720377E-6,1.290793E+2
1.677976E+2,1.205400E+4,-4.291560E-6,2.920640E-6,5.191110E-6,1.457626E+2
1.679991E+2,1.207430E+4,-5.096230E-6,1.460320E-6,5.301330E-6,1.640104E+2
1.681988E+2,1.208540E+4,-4.708800E-6,5.662480E-7,4.742724E-6,1.731429E+2
1.683948E+2,1.209850E+4,-5.066420E-6,-7.748640E-7,5.125332E-6,-1.713045E+2
1.685998E+2,1.212130E+4,-4.351170E-6,-1.400720E-6,4.571072E-6,-1.621557E+2
1.687913E+2,1.213260E+4,-4.023340E-6,-1.251700E-6,4.213552E-6,-1.627186E+2
1.689926E+2,1.215450E+4,-4.738600E-6,-2.324600E-6,5.278077E-6,-1.538690E+2
1.691929E+2,1.216580E+4,-4.023340E-6,-3.039850E-6,5.042614E-6,-1.429270E+2
1.693931E+2,1.217590E+4,-4.082950E-6,-3.129260E-6,5.144196E-6,-1.425327E+2
1.695941E+2,1.219880E+4,-1.937170E-6,-1.251700E-6,2.306378E-6,-1.471315E+2
1.697962E+2,1.221190E+4,-2.235190E-6,-1.221900E-6,2.547374E-6,-1.513361E+2
1.699994E+2,1.223160E+4,-3.308070E-6,3.874320E-7,3.330680E-6,1.733201E+2
1.701911E+2,1.224280E+4,-4.500180E-6,1.162300E-6,4.647856E-6,1.655182E+2
1.703914E+2,1.225220E+4,-4.172350E-6,1.817950E-6,4.551203E-6,1.564566E+2
1.705916E+2,1.226450E+4,-4.023340E-6,6.854570E-7,4.081313E-6,1.703313E+2
1.707916E+2,1.228850E+4,-4.082950E-6,-1.281510E-6,4.279340E-6,-1.625746E+2
1.709924E+2,1.230060E+4,-4.440580E-6,-1.460320E-6,4.674536E-6,-1.617961E+2
1.709924E+2,1.230060E+4,-4.440580E-6,-1.460320E-6,6.217585E-6,-1.708989E+2
1.713980E+2,1.233700E+4,-6.824760E-6,1.192100E-7,6.825801E-6,1.789993E+2
1.715987E+2,1.234630E+4,-6.288320E-6,2.682230E-7,6.294038E-6,1.775576E+2
1.717996E+2,1.235690E+4,-5.871090E-6,3.874320E-7,5.883859E-6,1.762245E+2
1.719911E+2,1.238010E+4,-6.556540E-6,2.622620E-6,7.061611E-6,1.581986E+2
1.721940E+2,1.239020E+4,-7.391010E-6,2.622620E-6,7.842523E-6,1.604633E+2
1.723958E+2,1.240440E+4,-6.586340E-6,3.218670E-6,7.330737E-6,1.539558E+2
1.725981E+2,1.242440E+4,-5.155830E-6,1.847750E-6,5.476930E-6,1.602833E+2
1.727904E+2,1.243560E+4,-4.291560E-6,5.066430E-7,4.321363E-6,1.732671E+2
1.729924E+2,1.246040E+4,-4.023340E-6,2.086180E-6,4.532043E-6,1.525924E+2
1.731955E+2,1.247080E+4,-2.920640E-6,3.129260E-6,4.280468E-6,1.330250E+2
1.733974E+2,1.248160E+4,-3.218670E-6,3.159060E-6,4.509933E-6,1.355355E+2
1.735984E+2,1.250170E+4,-2.145780E-6,4.380970E-6,4.878245E-6,1.160954E+2
1.737902E+2,1.251210E+4,-5.066430E-7,3.963740E-6,3.995988E-6,9.728402E+1
1.739926E+2,1.253420E+4,-6.258520E-7,2.682220E-6,2.754268E-6,1.031340E+2
1.742026E+2,1.254750E+4,-7.152590E-7,5.066430E-7,8.765173E-7,1.446887E+2
1.743954E+2,1.255770E+4,-1.132500E-6,-1.221900E-6,1.666012E-6,-1.328254E+2
1.745988E+2,1.258120E+4,-2.950440E-6,-2.056370E-6,3.596353E-6,-1.451246E+2
1.747909E+2,1.259110E+4,-3.576290E-6,-1.728540E-6,3.972115E-6,-1.542040E+2
1.750019E+2,1.260030E+4,-4.023340E-6,-1.579530E-6,4.322289E-6,-1.585654E+2
1.751945E+2,1.262480E+4,-2.354400E-6,0.000000E+0,2.354400E-6,1.800000E+2
1.753949E+2,1.263700E+4,-5.364450E-7,7.450620E-7,9.180907E-7,1.257539E+2
1.755951E+2,1.264710E+4,1.013290E-6,1.639140E-6,1.927054E-6,5.827631E+1
1.757973E+2,1.267340E+4,5.066430E-7,6.258520E-7,8.052191E-7,5.100896E+1
1.759992E+2,1.268300E+4,5.960500E-7,-6.854570E-7,9.083650E-7,-4.899089E+1
1.761996E+2,1.269330E+4,9.536820E-7,-1.519930E-6,1.794351E-6,-5.789373E+1
1.763995E+2,1.271980E+4,-1.043090E-6,-3.039850E-6,3.213833E-6,-1.089391E+2
1.765996E+2,1.272930E+4,-2.235190E-6,-3.188860E-6,3.894214E-6,-1.250280E+2
1.767906E+2,1.274230E+4,-2.473610E-6,-3.129260E-6,3.988861E-6,-1.283256E+2
1.769906E+2,1.275350E+4,-2.086180E-6,-2.741830E-6,3.445255E-6,-1.272665E+2
1.771932E+2,1.277830E+4,-3.725300E-6,-6.258520E-7,3.777506E-6,-1.704633E+2
1.773961E+2,1.278890E+4,-4.798200E-6,2.086170E-7,4.802733E-6,1.775105E+2
1.775968E+2,1.280910E+4,-4.559780E-6,0.000000E+0,4.559780E-6,1.800000E+2
1.777971E+2,1.282190E+4,-4.112750E-6,-1.490130E-7,4.115449E-6,-1.779250E+2
1.779973E+2,1.283330E+4,-3.188860E-6,2.980250E-8,3.188999E-6,1.794645E+2
1.781993E+2,1.284580E+4,-8.642710E-7,-3.576300E-7,9.353414E-7,-1.575205E+2
1.783912E+2,1.287110E+4,-6.854570E-7,-5.364450E-7,8.704163E-7,-1.419529E+2
1.785940E+2,1.288230E+4,-9.536820E-7,4.470370E-7,1.053258E-6,1.548852E+2
1.787958E+2,1.290410E+4,-1.788150E-6,-5.960510E-8,1.789143E-6,-1.780908E+2
1.789980E+2,1.291530E+4,-2.950440E-6,5.960510E-8,2.951042E-6,1.788427E+2
1.791998E+2,1.292540E+4,-3.278270E-6,4.768410E-7,3.312768E-6,1.717241E+2
1.794027E+2,1.294890E+4,-2.533210E-6,3.546490E-6,4.358296E-6,1.255377E+2
1.795959E+2,1.296180E+4,-1.609330E-6,4.231960E-6,4.527629E-6,1.108208E+2
1.797971E+2,1.297100E+4,-1.966970E-6,4.828010E-6,5.213315E-6,1.121664E+2
1.799973E+2,1.299240E+4,-2.056370E-6,5.811480E-6,6.164573E-6,1.094861E+2
1.801901E+2,1.300460E+4,-3.010050E-6,5.394250E-6,6.177243E-6,1.191620E+2
1.804026E+2,1.302800E+4,-2.592820E-6,2.056370E-6,3.309286E-6,1.415820E+2
1.805957E+2,1.303840E+4,-1.132500E-6,5.662480E-7,1.266173E-6,1.534350E+2
1.807961E+2,1.304780E+4,-1.788150E-7,-2.086170E-7,2.747651E-7,-1.306014E+2
1.809960E+2,1.306200E+4,-1.013290E-6,6.854570E-7,1.223359E-6,1.459230E+2
1.811982E+2,1.308440E+4,-4.977020E-6,5.960500E-7,5.012585E-6,1.731708E+2
1.813991E+2,1.309690E+4,-5.602870E-6,1.788150E-7,5.605723E-6,1.781720E+2
1.815900E+2,1.310820E+4,-5.662470E-6,1.430520E-6,5.840373E-6,1.658219E+2
1.817924E+2,1.313050E+4,-4.470380E-6,8.046660E-7,4.542222E-6,1.697961E+2
1.819930E+2,1.314130E+4,-3.814730E-6,2.980250E-7,3.826354E-6,1.755329E+2
1.821947E+2,1.316430E+4,-2.592820E-6,2.980250E-8,2.592991E-6,1.793415E+2
1.823958E+2,1.317530E+4,-2.115980E-6,1.490130E-7,2.121220E-6,1.759717E+2
1.825964E+2,1.318530E+4,-1.937170E-6,-7.450620E-7,2.075511E-6,-1.589626E+2
1.827990E+2,1.320800E+4,-5.364450E-7,-4.172340E-7,6.796009E-7,-1.421251E+2
1.829901E+2,1.321900E+4,4.470370E-7,-7.450620E-7,8.688840E-7,-5.903626E+1
1.831931E+2,1.324110E+4,-8.344690E-7,1.192100E-7,8.429410E-7,1.718699E+2
1.833951E+2,1.325220E+4,-1.639140E-6,3.278270E-7,1.671601E-6,1.686901E+2
1.835959E+2,1.326200E+4,-2.801430E-6,5.662480E-7,2.858084E-6,1.685729E+2
1.837988E+2,1.327440E+4,-3.278270E-6,-5.364450E-7,3.321871E-6,-1.707067E+2
1.839913E+2,1.329850E+4,-3.308070E-6,-1.341110E-6,3.569580E-6,-1.579321E+2
1.841929E+2,1.331100E+4,-2.652420E-6,-5.960510E-8,2.653090E-6,-1.787127E+2
1.843946E+2,1.332350E+4,-3.010050E-6,4.470370E-7,3.043065E-6,1.715525E+2
1.845974E+2,1.334760E+4,-5.602870E-6,1.192100E-6,5.728285E-6,1.679885E+2
1.848000E+2,1.335710E+4,-5.573060E-6,1.609330E-6,5.800771E-6,1.638929E+2
1.849917E+2,1.336750E+4,-5.275040E-6,2.682230E-7,5.281855E-6,1.770892E+2
1.851941E+2,1.339090E+4,-2.563010E-6,-5.364450E-7,2.618548E-6,-1.681785E+2
1.853957E+2,1.340310E+4,-2.235190E-6,-8.940730E-7,2.407372E-6,-1.581987E+2
1.855960E+2,1.341380E+4,-2.741830E-6,-1.311310E-6,3.039271E-6,-1.544400E+2
1.857963E+2,1.343710E+4,-2.622620E-6,8.046660E-7,2.743287E-6,1.629431E+2
1.857963E+2,1.343710E+4,-2.622620E-6,8.046660E-7,2.075288E-6,1.449405E+2
1.861977E+2,1.346130E+4,-1.549730E-6,1.639140E-6,2.255758E-6,1.333940E+2
1.863987E+2,1.348640E+4,-2.533210E-6,-2.682230E-7,2.547371E-6,-1.739559E+2
1.865995E+2,1.349640E+4,-3.069650E-6,-8.046660E-7,3.173364E-6,-1.653112E+2
1.867912E+2,1.350960E+4,-3.665700E-6,-4.172340E-7,3.689369E-6,-1.735065E+2
1.869927E+2,1.352950E+4,-4.410770E-6,-1.668940E-6,4.715957E-6,-1.592744E+2
1.871959E+2,1.354090E+4,-3.278270E-6,-1.966970E-6,3.823091E-6,-1.490361E+2
1.873957E+2,1.355100E+4,-1.668940E-6,-1.490120E-6,2.237369E-6,-1.382398E+2
1.875950E+2,1.357650E+4,1.430520E-6,-5.066430E-7,1.517588E-6,-1.950247E+1
1.877958E+2,1.358980E+4,1.430520E-6,-8.940730E-7,1.686936E-6,-3.200533E+1
1.879960E+2,1.360270E+4,1.758340E-6,-3.576300E-7,1.794341E-6,-1.149661E+1
1.881964E+2,1.361210E+4,1.043090E-6,-8.940740E-8,1.046915E-6,-4.899075E+0
1.883974E+2,1.363660E+4,2.086170E-7,-7.450620E-7,7.737173E-7,-7.435778E+1
1.885965E+2,1.364910E+4,0.000000E+0,-1.519930E-6,1.519930E-6,-9.000000E+1
1.887965E+2,1.365880E+4,-7.450620E-7,-1.579530E-6,1.746434E-6,-1.152532E+2
1.889967E+2,1.368270E+4,-1.907360E-6,-1.192100E-7,1.911082E-6,-1.764237E+2
1.891975E+2,1.369200E+4,-2.145780E-6,1.043090E-6,2.385877E-6,1.540750E+2
1.893997E+2,1.370590E+4,-1.877550E-6,1.698740E-6,2.531978E-6,1.378623E+2
1.895976E+2,1.373160E+4,-1.192100E-6,1.013290E-6,1.564564E-6,1.396353E+2
1.897923E+2,1.374100E+4,-1.668940E-6,8.642710E-7,1.879448E-6,1.526223E+2
1.899945E+2,1.375210E+4,-1.162300E-6,7.748640E-7,1.396909E-6,1.463100E+2
1.901959E+2,1.377460E+4,-1.460320E-6,5.960500E-7,1.577279E-6,1.577965E+2
1.903967E+2,1.378500E+4,-1.251700E-6,-2.086170E-7,1.268966E-6,-1.705377E+2
1.905931E+2,1.379820E+4,7.748640E-7,-8.046660E-7,1.117095E-6,-4.608091E+1
1.907997E+2,1.382080E+4,8.642710E-7,-1.817950E-6,2.012935E-6,-6.457313E+1
1.909994E+2,1.383380E+4,-5.364450E-7,-2.890840E-6,2.940192E-6,-1.005126E+2
1.912000E+2,1.384710E+4,-1.788150E-7,-2.831240E-6,2.836881E-6,-9.361388E+1
1.914000E+2,1.385740E+4,-5.066430E-7,-2.294790E-6,2.350053E-6,-1.024500E+2
1.915960E+2,1.386970E+4,-8.940740E-8,-1.877550E-6,1.879678E-6,-9.272632E+1
1.917907E+2,1.389670E+4,7.450620E-7,1.281510E-6,1.482358E-6,5.982655E+1
1.919924E+2,1.390700E+4,9.536820E-7,1.370910E-6,1.670001E-6,5.517536E+1
1.922027E+2,1.393020E+4,3.874320E-7,7.748640E-7,8.663243E-7,6.343495E+1
1.923932E+2,1.394110E+4,8.940730E-7,4.768410E-7,1.013284E-6,2.807259E+1
1.925955E+2,1.395060E+4,1.221900E-6,7.152590E-7,1.415851E-6,3.034327E+1
1.927953E+2,1.397480E+4,6.854570E-7,8.344690E-7,1.079903E-6,5.059933E+1
1.929952E+2,1.398750E+4,1.460320E-6,1.460320E-6,2.065204E-6,4.500000E+1
1.931952E+2,1.399980E+4,3.159060E-6,1.013290E-6,3.317592E-6,1.778400E+1
1.933952E+2,1.401290E+4,2.652420E-6,-1.192100E-7,2.655098E-6,-2.573362E+0
1.935970E+2,1.403680E+4,-3.874320E-7,5.960500E-7,7.109002E-7,1.230238E+2
1.937987E+2,1.404910E+4,-5.960500E-7,1.758340E-6,1.856619E-6,1.087259E+2
1.939905E+2,1.405920E+4,8.940740E-8,2.354400E-6,2.356097E-6,8.782526E+1
1.942021E+2,1.408280E+4,-6.556550E-7,2.205390E-6,2.300789E-6,1.065570E+2
1.943949E+2,1.409220E+4,-1.609330E-6,1.847750E-6,2.450331E-6,1.310548E+2
1.945998E+2,1.410630E+4,-1.162300E-6,5.662480E-7,1.292895E-6,1.540256E+2
1.948036E+2,1.412130E+4,-9.238760E-7,4.470370E-7,1.026347E-6,1.541790E+2
1.949974E+2,1.414310E+4,-2.384200E-6,-3.278270E-7,2.406633E-6,-1.721709E+2
1.952030E+2,1.415230E+4,-2.861040E-6,-2.980250E-8,2.861195E-6,-1.794032E+2
1.953977E+2,1.416790E+4,-2.145780E-6,1.311310E-6,2.514738E-6,1.485704E+2
1.955900E+2,1.417600E+4,-2.115980E-6,1.281510E-6,2.473790E-6,1.487995E+2
1.957964E+2,1.418610E+4,-2.384200E-6,9.238760E-7,2.556943E-6,1.588187E+2
1.959920E+2,1.418930E+4,-3.457080E-6,5.960510E-8,3.457594E-6,1.790122E+2
1.961986E+2,1.419230E+4,-5.662470E-6,-6.258520E-7,5.696952E-6,-1.736929E+2
1.963939E+2,1.419170E+4,-4.887610E-6,-1.043090E-6,4.997676E-6,-1.679529E+2
1.965995E+2,1.419070E+4,-3.129260E-6,-1.221900E-6,3.359361E-6,-1.586706E+2
1.968031E+2,1.418050E+4,-2.384200E-7,-9.536820E-7,9.830328E-7,-1.040362E+2
1.969933E+2,1.417530E+4,-6.854570E-7,-8.940730E-7,1.126596E-6,-1.274762E+2
1.971908E+2,1.416690E+4,-1.102690E-6,-1.132500E-6,1.580659E-6,-1.342359E+2
1.973910E+2,1.414490E+4,-2.861040E-6,-2.086170E-7,2.868636E-6,-1.758296E+2
1.975901E+2,1.413300E+4,-2.920640E-6,-8.940740E-8,2.922008E-6,-1.782466E+2
1.977910E+2,1.410700E+4,-1.311310E-6,-8.046660E-7,1.538513E-6,-1.484653E+2
1.979904E+2,1.409250E+4,-6.854570E-7,-1.102690E-6,1.298375E-6,-1.218660E+2
1.981916E+2,1.406420E+4,-1.639140E-6,6.258520E-7,1.754557E-6,1.591023E+2
1.983903E+2,1.404880E+4,-1.698740E-6,9.536820E-7,1.948134E-6,1.506899E+2
1.985906E+2,1.402090E+4,-1.341110E-6,1.579530E-6,2.072074E-6,1.303331E+2
1.987908E+2,1.400600E+4,-2.026570E-6,1.728540E-6,2.663613E-6,1.395379E+2
1.989900E+2,1.399320E+4,-1.758340E-6,1.877550E-6,2.572344E-6,1.331221E+2
1.991910E+2,1.396440E+4,-9.834840E-7,3.159060E-6,3.308610E-6,1.072925E+2
1.993901E+2,1.395230E+4,-1.311310E-6,3.755110E-6,3.977485E-6,1.092496E+2
1.995903E+2,1.392800E+4,1.490130E-7,6.556550E-7,6.723752E-7,7.719569E+1
1.997905E+2,1.391710E+4,-6.556550E-7,-5.364450E-7,8.471462E-7,-1.407106E+2
1.999907E+2,1.390810E+4,-1.937170E-6,-2.175580E-6,2.913036E-6,-1.316824E+2
2.001900E+2,1.388620E+4,-1.639140E-6,-1.519930E-6,2.235390E-6,-1.371611E+2
2.003912E+2,1.387760E+4,-1.937170E-6,-1.400720E-6,2.390532E-6,-1.441302E+2
2.005904E+2,1.385820E+4,-2.473610E-6,-1.192100E-6,2.745879E-6,-1.542693E+2
2.007908E+2,1.384950E+4,-2.443800E-6,-9.834840E-7,2.634274E-6,-1.580782E+2
2.009919E+2,1.382920E+4,-4.202160E-6,1.043090E-6,4.329687E-6,1.660594E+2
2.011900E+2,1.382010E+4,-4.470380E-6,8.046660E-7,4.542222E-6,1.697961E+2
2.013901E+2,1.380640E+4,-5.096230E-6,5.066430E-7,5.121352E-6,1.743226E+2
2.015904E+2,1.378640E+4,-3.695500E-6,1.102690E-6,3.856507E-6,1.633856E+2
2.017906E+2,1.377520E+4,-2.622620E-6,-1.788150E-7,2.628709E-6,-1.760995E+2
2.019918E+2,1.375560E+4,-2.056370E-6,-2.205390E-6,3.015361E-6,-1.329974E+2
2.021910E+2,1.374460E+4,-1.162300E-6,-2.861040E-6,3.088121E-6,-1.121095E+2
2.023903E+2,1.372450E+4,-1.758340E-6,-2.712030E-6,3.232161E-6,-1.229573E+2
2.025905E+2,1.371050E+4,-2.026570E-6,-7.450620E-7,2.159190E-6,-1.598142E+2
2.027907E+2,1.370020E+4,-2.205390E-6,2.384200E-7,2.218240E-6,1.738298E+2
2.029908E+2,1.367790E+4,-1.996770E-6,4.470370E-7,2.046200E-6,1.673807E+2
2.031919E+2,1.366710E+4,-1.817950E-6,-5.364450E-7,1.895446E-6,-1.635596E+2
2.033900E+2,1.364560E+4,-8.344690E-7,-1.370910E-6,1.604909E-6,-1.213288E+2
2.035908E+2,1.363450E+4,-5.364450E-7,-2.056370E-6,2.125190E-6,-1.046209E+2
2.037900E+2,1.362520E+4,-7.748640E-7,-2.652420E-6,2.763285E-6,-1.062849E+2
2.039902E+2,1.360220E+4,-1.668940E-6,-1.937170E-6,2.556949E-6,-1.307461E+2
2.041903E+2,1.359200E+4,-1.519930E-6,-1.102690E-6,1.877795E-6,-1.440396E+2
2.043905E+2,1.357160E+4,-5.960510E-8,1.341110E-6,1.342434E-6,9.254481E+1
2.045902E+2,1.356200E+4,-1.043090E-6,2.503410E-6,2.712028E-6,1.126199E+2
2.047899E+2,1.354110E+4,-1.788150E-6,3.367680E-6,3.812971E-6,1.179671E+2
2.049918E+2,1.353180E+4,-1.460320E-6,2.026570E-6,2.497903E-6,1.257760E+2
2.051905E+2,1.351060E+4,-3.486890E-6,6.258520E-7,3.542611E-6,1.698245E+2
2.053917E+2,1.350150E+4,-4.202160E-6,-9.834840E-7,4.315714E-6,-1.668275E+2
2.055899E+2,1.349090E+4,-3.755110E-6,-1.966970E-6,4.239083E-6,-1.523539E+2
2.057902E+2,1.346840E+4,-3.606100E-6,-2.533210E-6,4.406939E-6,-1.449128E+2
2.059904E+2,1.344740E+4,-4.112750E-6,-1.937170E-6,4.546135E-6,-1.547788E+2
2.061906E+2,1.343820E+4,-3.248470E-6,-3.367680E-6,4.679084E-6,-1.339678E+2
2.063909E+2,1.342760E+4,-2.205390E-6,-3.933940E-6,4.509948E-6,-1.192752E+2
2.065911E+2,1.340760E+4,-1.937170E-6,-4.977020E-6,5.340726E-6,-1.112671E+2
2.067903E+2,1.339660E+4,-2.950440E-6,-4.559780E-6,5.431086E-6,-1.229052E+2
2.069905E+2,1.337400E+4,-4.112750E-6,-1.370910E-6,4.335217E-6,-1.615651E+2
2.071918E+2,1.336360E+4,-3.904130E-6,-1.370910E-6,4.137829E-6,-1.606516E+2
2.073900E+2,1.335260E+4,-4.053140E-6,-8.940730E-7,4.150580E-6,-1.675605E+2
2.075902E+2,1.333080E+4,-3.397480E-6,-9.834840E-7,3.536964E-6,-1.638556E+2
2.077904E+2,1.331970E+4,-3.427280E-6,-2.682230E-7,3.437760E-6,-1.755251E+2
2.079917E+2,1.330720E+4,-4.142550E-6,-6.854570E-7,4.198877E-6,-1.706045E+2
2.081899E+2,1.328440E+4,-2.324600E-6,-2.592820E-6,3.482310E-6,-1.318779E+2
2.083901E+2,1.327410E+4,-9.834840E-7,-3.337870E-6,3.479744E-6,-1.064173E+2
2.085913E+2,1.325380E+4,-6.556550E-7,-3.486890E-6,3.547997E-6,-1.006492E+2
2.087906E+2,1.324110E+4,-1.043090E-6,-2.861040E-6,3.045256E-6,-1.100311E+2
2.089918E+2,1.323190E+4,-2.235190E-6,-2.205390E-6,3.140035E-6,-1.353845E+2
2.091900E+2,1.320830E+4,-3.248470E-6,-6.854570E-7,3.320001E-6,-1.680849E+2
2.093903E+2,1.319860E+4,-4.678990E-6,4.172340E-7,4.697556E-6,1.749043E+2
2.095905E+2,1.317760E+4,-4.410770E-6,7.152590E-7,4.468388E-6,1.707890E+2
2.097907E+2,1.316830E+4,-3.010050E-6,3.278270E-7,3.027849E-6,1.737844E+2
2.099900E+2,1.314730E+4,-3.069650E-6,-1.579530E-6,3.452197E-6,-1.527713E+2
2.101912E+2,1.313820E+4,-3.576290E-6,-1.013290E-6,3.717070E-6,-1.641807E+2
2.103904E+2,1.311440E+4,-4.321370E-6,-2.920640E-6,5.215782E-6,-1.459468E+2
2.105906E+2,1.310500E+4,-4.589590E-6,-3.159060E-6,5.571714E-6,-1.454600E+2
2.107919E+2,1.309280E+4,-5.543260E-6,-3.129260E-6,6.365532E-6,-1.505546E+2
2.109901E+2,1.308170E+4,-6.318120E-6,-2.026570E-6,6.635181E-6,-1.622161E+2
2.111903E+2,1.305950E+4,-6.884370E-6,-5.960500E-7,6.910125E-6,-1.750517E+2
2.113911E+2,1.304850E+4,-6.884370E-6,-1.519930E-6,7.050159E-6,-1.675500E+2
2.115903E+2,1.302650E+4,-5.990300E-6,-2.384200E-6,6.447333E-6,-1.582969E+2
2.117903E+2,1.301600E+4,-5.036620E-6,-1.460320E-6,5.244051E-6,-1.638310E+2
2.119915E+2,1.300550E+4,-2.563010E-6,-9.238760E-7,2.724439E-6,-1.601775E+2
2.121918E+2,1.298350E+4,-1.192100E-6,8.940740E-8,1.195448E-6,1.757109E+2
2.123905E+2,1.297250E+4,-1.668940E-6,0.000000E+0,1.668940E-6,1.800000E+2
2.125907E+2,1.295300E+4,-3.188860E-6,1.966970E-6,3.746705E-6,1.483327E+2
2.127908E+2,1.294230E+4,-3.576290E-6,2.443800E-6,4.331513E-6,1.456539E+2
2.129918E+2,1.292220E+4,-4.291560E-6,-1.311310E-6,4.487429E-6,-1.630092E+2
2.131911E+2,1.290920E+4,-4.410770E-6,-1.728540E-6,4.737377E-6,-1.586002E+2
2.133903E+2,1.289980E+4,-4.082950E-6,-1.907360E-6,4.506496E-6,-1.549603E+2
2.135905E+2,1.287660E+4,-4.589590E-6,-1.043090E-6,4.706631E-6,-1.671957E+2
2.137901E+2,1.286640E+4,-4.142550E-6,4.768410E-7,4.169904E-6,1.734337E+2
2.139910E+2,1.284580E+4,-5.304840E-6,-2.980250E-7,5.313205E-6,-1.767845E+2
2.141902E+2,1.283620E+4,-4.917410E-6,-1.609330E-6,5.174057E-6,-1.618782E+2
2.143900E+2,1.281510E+4,-7.271800E-6,-2.890840E-6,7.825345E-6,-1.583201E+2
2.145903E+2,1.280580E+4,-7.808270E-6,-2.145780E-6,8.097744E-6,-1.646339E+2
2.147905E+2,1.278470E+4,-5.185630E-6,-2.622620E-6,5.811101E-6,-1.531721E+2
2.149907E+2,1.277550E+4,-4.231960E-6,-2.473610E-6,4.901860E-6,-1.496934E+2
2.151899E+2,1.276290E+4,-4.619390E-6,-2.354400E-6,5.184782E-6,-1.529931E+2
2.153912E+2,1.274230E+4,-5.334640E-6,0.000000E+0,5.334640E-6,1.800000E+2
2.155904E+2,1.272120E+4,-6.884370E-6,3.993540E-6,7.958826E-6,1.498825E+2
2.157906E+2,1.271200E+4,-6.169110E-6,4.142550E-6,7.430924E-6,1.461187E+2
2.159908E+2,1.270150E+4,-6.049900E-6,3.397480E-6,6.938599E-6,1.506825E+2
2.161910E+2,1.268170E+4,-6.049900E-6,6.854570E-7,6.088608E-6,1.735359E+2
2.163906E+2,1.267060E+4,-6.467130E-6,-5.960500E-7,6.494540E-6,-1.747342E+2
2.165908E+2,1.264860E+4,-4.738600E-6,2.384200E-7,4.744594E-6,1.771196E+2
2.167909E+2,1.263830E+4,-3.516690E-6,1.490120E-6,3.819367E-6,1.570363E+2
2.169900E+2,1.262530E+4,-3.129260E-6,1.341110E-6,3.404533E-6,1.568014E+2
2.171902E+2,1.260590E+4,-2.503410E-6,-8.046660E-7,2.629553E-6,-1.621811E+2
2.173904E+2,1.259470E+4,-2.354400E-6,-5.066430E-7,2.408295E-6,-1.678557E+2
2.175916E+2,1.257320E+4,-2.771630E-6,8.940730E-7,2.912267E-6,1.621213E+2
2.177918E+2,1.256230E+4,-3.337870E-6,1.639140E-6,3.718623E-6,1.538456E+2
2.179900E+2,1.254280E+4,-3.010050E-6,1.847750E-6,3.531937E-6,1.484559E+2
2.181902E+2,1.253160E+4,-2.503410E-6,1.460320E-6,2.898206E-6,1.497436E+2
2.183904E+2,1.251900E+4,-2.145780E-6,8.642710E-7,2.313296E-6,1.580616E+2
2.185904E+2,1.249880E+4,-1.698740E-6,1.847750E-6,2.509960E-6,1.325941E+2
2.187915E+2,1.248840E+4,-1.490120E-6,2.115980E-6,2.588016E-6,1.251541E+2
2.189914E+2,1.246800E+4,-2.056370E-6,1.907360E-6,2.804760E-6,1.371529E+2
2.191916E+2,1.245810E+4,-2.056370E-6,1.281510E-6,2.422999E-6,1.480692E+2
2.193907E+2,1.243720E+4,-3.635900E-6,1.370910E-6,3.885764E-6,1.593411E+2
2.195899E+2,1.242780E+4,-4.291560E-6,1.072890E-6,4.423639E-6,1.659638E+2
2.197901E+2,1.241770E+4,-5.483660E-6,6.556550E-7,5.522718E-6,1.731818E+2
2.199904E+2,1.239450E+4,-7.122780E-6,-8.940740E-8,7.123341E-6,-1.792808E+2
2.201916E+2,1.238230E+4,-7.361200E-6,-5.066430E-7,7.378615E-6,-1.760628E+2
2.203918E+2,1.236120E+4,-8.523520E-6,-1.668940E-6,8.685376E-6,-1.689214E+2
2.205900E+2,1.235160E+4,-8.046690E-6,-2.056370E-6,8.305292E-6,-1.656646E+2
2.207903E+2,1.233100E+4,-7.778460E-6,-7.450620E-7,7.814062E-6,-1.745286E+2
2.209915E+2,1.232160E+4,-6.884370E-6,5.960510E-8,6.884628E-6,1.795039E+2
2.211917E+2,1.230060E+4,-5.036620E-6,5.662480E-7,5.068351E-6,1.735854E+2
2.213900E+2,1.229080E+4,-3.844530E-6,9.536820E-7,3.961050E-6,1.660683E+2
2.215902E+2,1.227030E+4,-2.503410E-6,-6.258520E-7,2.580456E-6,-1.659638E+2
2.217904E+2,1.226000E+4,-4.291560E-6,-1.788150E-7,4.295284E-6,-1.776141E+2
2.219916E+2,1.223990E+4,-3.725300E-6,5.960500E-7,3.772683E-6,1.709097E+2
2.221909E+2,1.222920E+4,-3.576290E-6,2.682230E-7,3.586334E-6,1.757108E+2
2.223899E+2,1.221860E+4,-3.904130E-6,7.450620E-7,3.974588E-6,1.691956E+2
2.225900E+2,1.219680E+4,-4.053140E-6,-2.086170E-7,4.058505E-6,-1.770536E+2
2.227915E+2,1.218570E+4,-1.758340E-6,-1.788150E-7,1.767409E-6,-1.741933E+2
2.229906E+2,1.216340E+4,-8.344690E-7,-5.662480E-7,1.008452E-6,-1.458403E+2
2.231908E+2,1.215250E+4,-1.728540E-6,-1.788150E-7,1.737764E-6,-1.740938E+2
2.231908E+2,1.215250E+4,-1.728540E-6,-1.788150E-7,2.535313E-6,1.622040E+2
2.235908E+2,1.212220E+4,-8.344690E-7,8.642710E-7,1.201375E-6,1.339949E+2
2.237929E+2,1.211310E+4,-5.662480E-7,-3.576300E-7,6.697283E-7,-1.477244E+2
2.239919E+2,1.208920E+4,-2.652420E-6,-1.609330E-6,3.102463E-6,-1.487531E+2
2.241899E+2,1.207990E+4,-1.788150E-6,-2.682230E-7,1.808155E-6,-1.714692E+2
2.243901E+2,1.205640E+4,-3.874320E-7,1.907360E-6,1.946311E-6,1.014820E+2
2.245915E+2,1.204650E+4,-8.344690E-7,1.013290E-6,1.312667E-6,1.294723E+2
2.247917E+2,1.203680E+4,-2.652420E-6,-4.470370E-7,2.689828E-6,-1.704333E+2
2.249901E+2,1.201620E+4,-4.619390E-6,-1.996770E-6,5.032480E-6,-1.566232E+2
2.251902E+2,1.200390E+4,-4.559780E-6,-1.639140E-6,4.845449E-6,-1.602276E+2
2.253905E+2,1.198270E+4,-3.367680E-6,-8.940740E-8,3.368867E-6,-1.784792E+2
2.255907E+2,1.197330E+4,-3.695500E-6,1.192100E-7,3.697422E-6,1.781524E+2
2.257914E+2,1.196030E+4,-5.066420E-6,9.834840E-7,5.160993E-6,1.690145E+2
2.259900E+2,1.194030E+4,-5.662470E-6,1.221900E-6,5.792806E-6,1.678229E+2
2.261903E+2,1.192940E+4,-4.678990E-6,8.940730E-7,4.763645E-6,1.691822E+2
2.263906E+2,1.190720E+4,-2.980250E-6,-3.874320E-7,3.005328E-6,-1.725931E+2
2.265907E+2,1.189700E+4,-1.907360E-6,-1.698740E-6,2.554161E-6,-1.383110E+2
2.267910E+2,1.187680E+4,-3.784910E-6,-9.536820E-7,3.903211E-6,-1.658576E+2
2.269913E+2,1.186610E+4,-4.977020E-6,-1.311310E-6,5.146869E-6,-1.652396E+2
2.271904E+2,1.184640E+4,-4.470380E-6,-1.549730E-6,4.731380E-6,-1.608803E+2
2.273907E+2,1.183530E+4,-4.619390E-6,-1.996770E-6,5.032480E-6,-1.566232E+2
2.275899E+2,1.182240E+4,-4.261760E-6,-2.115980E-6,4.758148E-6,-1.535954E+2
2.277901E+2,1.180320E+4,-2.354400E-6,-1.996770E-6,3.087117E-6,-1.396987E+2
2.279903E+2,1.179260E+4,-1.579530E-6,-2.652420E-6,3.087110E-6,-1.207740E+2
2.281916E+2,1.177260E+4,-3.933940E-6,-2.503410E-6,4.662933E-6,-1.475289E+2
2.283907E+2,1.176240E+4,-4.738600E-6,-1.341110E-6,4.924724E-6,-1.641975E+2
2.285908E+2,1.175320E+4,-5.871090E-6,-2.682230E-7,5.877214E-6,-1.773842E+2
2.287900E+2,1.172890E+4,-7.212190E-6,-9.238760E-7,7.271123E-6,-1.727002E+2
2.289911E+2,1.171980E+4,-8.285100E-6,-2.086180E-6,8.543713E-6,-1.658668E+2
2.291903E+2,1.169550E+4,-6.556540E-6,-2.384200E-6,6.976577E-6,-1.600169E+2
2.293905E+2,1.168650E+4,-6.228710E-6,-2.950440E-6,6.892164E-6,-1.546538E+2
2.295908E+2,1.166530E+4,-6.258520E-6,-4.261760E-6,7.571768E-6,-1.457470E+2
2.297900E+2,1.165340E+4,-5.006820E-6,-4.649190E-6,6.832512E-6,-1.371211E+2
2.299912E+2,1.164330E+4,-4.261760E-6,-3.904130E-6,5.779691E-6,-1.375077E+2
2.301904E+2,1.162330E+4,-4.440580E-6,-2.592820E-6,5.142127E-6,-1.497197E+2
2.303917E+2,1.161250E+4,-3.576290E-6,-2.771630E-6,4.524575E-6,-1.422243E+2
2.306022E+2,1.159280E+4,-5.036620E-6,-1.758340E-6,5.334726E-6,-1.607553E+2
2.307954E+2,1.158170E+4,-5.573060E-6,-2.205390E-6,5.993558E-6,-1.584101E+2
2.309968E+2,1.155960E+4,-4.440580E-6,-3.129260E-6,5.432405E-6,-1.448278E+2
2.311987E+2,1.154720E+4,-3.963740E-6,-2.026570E-6,4.451766E-6,-1.529204E+2
2.313932E+2,1.153600E+4,-3.039850E-6,-8.344690E-7,3.152305E-6,-1.646499E+2
2.315967E+2,1.152330E+4,-1.609330E-6,8.046660E-7,1.799286E-6,1.534349E+2
2.318036E+2,1.150070E+4,-1.490120E-6,2.235190E-6,2.686360E-6,1.236900E+2
2.319997E+2,1.149000E+4,-2.324600E-6,2.205390E-6,3.204296E-6,1.365074E+2
2.321915E+2,1.147000E+4,-2.861040E-6,1.221900E-6,3.111043E-6,1.568735E+2
2.323917E+2,1.145710E+4,-2.890840E-6,9.536820E-7,3.044087E-6,1.617424E+2
2.323917E+2,1.145710E+4,-2.890840E-6,9.536820E-7,1.988072E-6,1.561247E+2
2.327990E+2,1.142490E+4,-3.278270E-6,-1.490130E-7,3.281655E-6,-1.773974E+2
2.330001E+2,1.141500E+4,-4.291560E-6,2.384200E-7,4.298178E-6,1.768202E+2
2.331917E+2,1.140290E+4,-4.291560E-6,5.364450E-7,4.324958E-6,1.728750E+2
2.333924E+2,1.137930E+4,-3.486890E-6,9.238760E-7,3.607208E-6,1.651601E+2
2.335918E+2,1.136650E+4,-3.784910E-6,9.536820E-7,3.903211E-6,1.658576E+2
2.337961E+2,1.135440E+4,-3.278270E-6,-8.940740E-8,3.279489E-6,-1.784378E+2
2.339944E+2,1.133310E+4,-3.814730E-6,-3.010050E-6,4.859276E-6,-1.417245E+2
2.341967E+2,1.132090E+4,-5.066420E-6,-4.202160E-6,6.582307E-6,-1.403272E+2
2.343987E+2,1.131100E+4,-6.854560E-6,-3.993540E-6,7.933055E-6,-1.497745E+2
2.345937E+2,1.128740E+4,-7.480410E-6,-2.175580E-6,7.790358E-6,-1.637836E+2
2.347994E+2,1.127840E+4,-7.092980E-6,-1.668940E-6,7.286681E-6,-1.667595E+2
2.349935E+2,1.126450E+4,-6.943970E-6,-2.175580E-6,7.276803E-6,-1.626040E+2
2.351979E+2,1.124510E+4,-8.642730E-6,-3.248470E-6,9.233057E-6,-1.594007E+2
2.354003E+2,1.123400E+4,-9.417590E-6,-2.294790E-6,9.693145E-6,-1.663056E+2
2.355996E+2,1.121240E+4,-1.007320E-5,-1.907360E-6,1.025219E-5,-1.692780E+2
2.357939E+2,1.120150E+4,-1.031170E-5,-2.473610E-6,1.060424E-5,-1.665106E+2
2.359976E+2,1.118210E+4,-8.076490E-6,-3.337870E-6,8.739054E-6,-1.575456E+2
2.361927E+2,1.116920E+4,-7.569820E-6,-2.145780E-6,7.868071E-6,-1.641738E+2
2.363984E+2,1.115800E+4,-6.794960E-6,-2.682230E-7,6.800252E-6,-1.777395E+2
2.366018E+2,1.113640E+4,-4.977020E-6,-3.576300E-7,4.989852E-6,-1.758900E+2
2.367979E+2,1.112520E+4,-3.725300E-6,-1.102690E-6,3.885072E-6,-1.635112E+2
2.370019E+2,1.110580E+4,-3.457080E-6,-1.490120E-6,3.764553E-6,-1.566823E+2
2.371901E+2,1.109260E+4,-4.619390E-6,-1.877550E-6,4.986377E-6,-1.578807E+2
2.373914E+2,1.108230E+4,-4.142550E-6,-2.205390E-6,4.693023E-6,-1.519703E+2
2.375915E+2,1.106190E+4,-4.708800E-6,-1.579530E-6,4.966660E-6,-1.614564E+2
2.377904E+2,1.105200E+4,-4.142550E-6,-1.043090E-6,4.271856E-6,-1.658668E+2
2.379904E+2,1.103100E+4,-3.129260E-6,-8.940730E-7,3.254479E-6,-1.640546E+2
2.381914E+2,1.102170E+4,-2.652420E-6,-9.536820E-7,2.818659E-6,-1.602239E+2
2.383904E+2,1.099810E+4,-7.540020E-6,-1.668940E-6,7.722517E-6,-1.675191E+2
2.385903E+2,1.098790E+4,-8.970560E-6,-1.698740E-6,9.129987E-6,-1.692770E+2
2.387908E+2,1.096740E+4,-9.685810E-6,-4.172340E-7,9.694792E-6,-1.775334E+2
2.389918E+2,1.095780E+4,-1.055010E-5,-3.278270E-7,1.055519E-5,-1.782202E+2
2.391908E+2,1.094800E+4,-1.233820E-5,-1.370910E-6,1.241413E-5,-1.736598E+2
2.391908E+2,1.094800E+4,-1.233820E-5,-1.370910E-6,1.223898E-5,-1.748308E+2
2.395901E+2,1.091730E+4,-1.126530E-5,2.384200E-7,1.126782E-5,1.787876E+2
2.397903E+2,1.089750E+4,-1.013280E-5,2.115980E-6,1.035138E-5,1.682047E+2
2.399903E+2,1.088500E+4,-1.031170E-5,1.370910E-6,1.040243E-5,1.724271E+2
2.401909E+2,1.086430E+4,-1.159320E-5,1.370910E-6,1.167397E-5,1.732560E+2
2.403899E+2,1.085430E+4,-1.204020E-5,2.563010E-6,1.230997E-5,1.679828E+2
2.405901E+2,1.083420E+4,-1.052030E-5,2.592820E-6,1.083510E-5,1.661549E+2
2.407900E+2,1.082350E+4,-1.111630E-5,2.145780E-6,1.132151E-5,1.690746E+2
2.409902E+2,1.081280E+4,-1.090770E-5,2.235190E-6,1.113436E-5,1.684194E+2
2.411904E+2,1.079080E+4,-1.055010E-5,2.920640E-6,1.094691E-5,1.645260E+2
2.413916E+2,1.077960E+4,-1.156340E-5,3.367680E-6,1.204382E-5,1.637625E+2
2.415904E+2,1.075990E+4,-1.391770E-5,2.801430E-6,1.419684E-5,1.686193E+2
2.417915E+2,1.074910E+4,-1.430520E-5,2.205390E-6,1.447420E-5,1.712359E+2
2.419906E+2,1.072900E+4,-1.534830E-5,1.966970E-6,1.547383E-5,1.726970E+2
2.421917E+2,1.071870E+4,-1.433500E-5,1.907360E-6,1.446134E-5,1.724210E+2
2.423918E+2,1.069830E+4,-1.531850E-5,-1.311310E-6,1.537452E-5,-1.751072E+2
2.425918E+2,1.068840E+4,-1.540790E-5,-2.235190E-6,1.556918E-5,-1.717458E+2
2.427899E+2,1.067640E+4,-1.510980E-5,-2.175580E-6,1.526562E-5,-1.718066E+2
2.429902E+2,1.065510E+4,-1.490120E-5,-1.966970E-6,1.503046E-5,-1.724804E+2
2.431903E+2,1.064290E+4,-1.496080E-5,-2.205390E-6,1.512248E-5,-1.716144E+2
2.433905E+2,1.062190E+4,-1.549730E-5,-2.771630E-6,1.574320E-5,-1.698601E+2
2.435917E+2,1.060990E+4,-1.645100E-5,-2.712030E-6,1.667305E-5,-1.706387E+2
2.437908E+2,1.059980E+4,-1.728550E-5,-2.354400E-6,1.744511E-5,-1.722437E+2
2.439900E+2,1.057640E+4,-1.961000E-5,-3.576300E-7,1.961326E-5,-1.789552E+2
2.441915E+2,1.056700E+4,-1.981870E-5,-2.980250E-7,1.982094E-5,-1.791385E+2
2.443911E+2,1.054630E+4,-1.928220E-5,1.788150E-7,1.928303E-5,1.794687E+2
2.445899E+2,1.053650E+4,-1.934180E-5,-3.874320E-7,1.934568E-5,-1.788525E+2
2.447909E+2,1.052550E+4,-1.910340E-5,-6.854570E-7,1.911569E-5,-1.779450E+2
2.449902E+2,1.050410E+4,-1.782190E-5,-2.205390E-6,1.795784E-5,-1.729457E+2
2.451902E+2,1.049290E+4,-1.838810E-5,-2.354400E-6,1.853822E-5,-1.727036E+2
2.453945E+2,1.047340E+4,-1.829870E-5,-2.205390E-6,1.843112E-5,-1.731278E+2
2.455905E+2,1.046040E+4,-1.913320E-5,-2.563010E-6,1.930410E-5,-1.723703E+2
2.457907E+2,1.044980E+4,-1.889480E-5,-2.324600E-6,1.903726E-5,-1.729862E+2
2.459908E+2,1.042760E+4,-2.244130E-5,-3.516690E-6,2.271517E-5,-1.710938E+2
2.461911E+2,1.041640E+4,-2.455720E-5,-3.904130E-6,2.486560E-5,-1.709667E+2
2.463903E+2,1.039670E+4,-2.637520E-5,-4.351170E-6,2.673170E-5,-1.706322E+2
2.465915E+2,1.038570E+4,-2.720960E-5,-3.755110E-6,2.746749E-5,-1.721424E+2
2.467907E+2,1.036570E+4,-2.905740E-5,-2.294790E-6,2.914787E-5,-1.754845E+2
2.469909E+2,1.035540E+4,-3.033890E-5,-1.162300E-6,3.036116E-5,-1.778060E+2
2.471918E+2,1.033330E+4,-3.081580E-5,4.470370E-7,3.081904E-5,1.791689E+2
2.473909E+2,1.032220E+4,-3.191850E-5,8.046660E-7,3.192864E-5,1.785559E+2
2.475899E+2,1.031000E+4,-3.308080E-5,1.162300E-6,3.310121E-5,1.779877E+2
2.477901E+2,1.028880E+4,-3.892210E-5,1.966970E-6,3.897177E-5,1.771070E+2
2.479903E+2,1.027670E+4,-4.068040E-5,2.354400E-6,4.074847E-5,1.766877E+2
2.481905E+2,1.026710E+4,-4.234930E-5,1.519930E-6,4.237657E-5,1.779445E+2
2.483907E+2,1.024370E+4,-4.684950E-5,2.264990E-6,4.690422E-5,1.772321E+2
2.485904E+2,1.023470E+4,-4.848860E-5,2.205390E-6,4.853873E-5,1.773958E+2
2.487907E+2,1.021060E+4,-5.272050E-5,1.788150E-6,5.275082E-5,1.780574E+2
2.489899E+2,1.020150E+4,-5.453850E-5,1.937170E-6,5.457289E-5,1.779658E+2
2.491906E+2,1.019100E+4,-5.537290E-5,3.218670E-6,5.546637E-5,1.766733E+2
2.493903E+2,1.016810E+4,-5.877040E-5,2.861040E-6,5.884000E-5,1.772130E+2
2.495903E+2,1.015850E+4,-6.249590E-5,2.145780E-6,6.253273E-5,1.780335E+2
2.497903E+2,1.014430E+4,-6.496950E-5,2.771630E-6,6.502859E-5,1.775572E+2
2.499906E+2,1.012570E+4,-6.854580E-5,4.678990E-6,6.870531E-5,1.760950E+2
2.501908E+2,1.011460E+4,-7.101940E-5,4.112750E-6,7.113839E-5,1.766857E+2
2.503909E+2,1.009510E+4,-7.507250E-5,2.920640E-6,7.512929E-5,1.777721E+2
2.505911E+2,1.008390E+4,-7.653280E-5,1.847750E-6,7.655510E-5,1.786170E+2
2.507903E+2,1.006170E+4,-8.106280E-5,2.980250E-7,8.106335E-5,1.797894E+2
2.509915E+2,1.005050E+4,-8.553310E-5,1.847750E-6,8.555306E-5,1.787624E+2
2.511917E+2,1.004100E+4,-8.860280E-5,2.831240E-6,8.864802E-5,1.781698E+2
2.513909E+2,1.001760E+4,-9.331150E-5,3.099460E-6,9.336296E-5,1.780976E+2
2.515918E+2,1.000760E+4,-9.846730E-5,2.205390E-6,9.849199E-5,1.787170E+2
2.517910E+2,9.985100E+3,-1.029380E-4,9.238760E-7,1.029421E-4,1.794858E+2
2.519913E+2,9.974300E+3,-1.080640E-4,3.874320E-7,1.080647E-4,1.797946E+2
2.521905E+2,9.962200E+3,-1.112530E-4,7.152590E-7,1.112553E-4,1.796316E+2
2.523916E+2,9.941200E+3,-1.206400E-4,4.529980E-6,1.207250E-4,1.778496E+2
2.525919E+2,9.928900E+3,-1.243360E-4,5.990300E-6,1.244802E-4,1.772417E+2
2.527900E+2,9.919700E+3,-1.290450E-4,5.871090E-6,1.291785E-4,1.773950E+2
2.529902E+2,9.895600E+3,-1.371210E-4,7.063180E-6,1.373028E-4,1.770513E+2
2.531903E+2,9.886500E+3,-1.415920E-4,8.642730E-6,1.418555E-4,1.765070E+2
2.533916E+2,9.865100E+3,-1.516650E-4,8.553320E-6,1.519060E-4,1.767722E+2
2.535907E+2,9.856000E+3,-1.573270E-4,8.344710E-6,1.575481E-4,1.769638E+2
2.537908E+2,9.831800E+3,-1.665660E-4,7.122780E-6,1.667182E-4,1.775514E+2
2.539911E+2,9.822800E+3,-1.722880E-4,6.586340E-6,1.724138E-4,1.778107E+2
2.541903E+2,9.811600E+3,-1.792320E-4,6.437330E-6,1.793476E-4,1.779430E+2
2.543905E+2,9.792200E+3,-1.890070E-4,6.079700E-6,1.891048E-4,1.781576E+2
2.545908E+2,9.782000E+3,-1.958320E-4,6.318120E-6,1.959339E-4,1.781521E+2
2.547905E+2,9.762200E+3,-2.075740E-4,4.231960E-6,2.076171E-4,1.788320E+2
2.549907E+2,9.750900E+3,-2.135640E-4,3.725300E-6,2.135965E-4,1.790007E+2
2.551911E+2,9.731300E+3,-2.265880E-4,4.053140E-6,2.266242E-4,1.789752E+2
2.553909E+2,9.720000E+3,-2.320720E-4,3.963740E-6,2.321058E-4,1.790215E+2
2.555911E+2,9.700400E+3,-2.441720E-4,4.261760E-6,2.442092E-4,1.790001E+2
2.557913E+2,9.686400E+3,-2.500730E-4,3.337870E-6,2.500953E-4,1.792353E+2
2.559905E+2,9.666900E+3,-2.629780E-4,3.367680E-6,2.629996E-4,1.792663E+2
2.561907E+2,9.655800E+3,-2.719780E-4,3.993540E-6,2.720073E-4,1.791588E+2
2.563909E+2,9.643700E+3,-2.802930E-4,3.486890E-6,2.803147E-4,1.792873E+2
2.565912E+2,9.622900E+3,-2.952530E-4,3.755110E-6,2.952769E-4,1.792713E+2
2.567904E+2,9.610400E+3,-3.050880E-4,5.155830E-6,3.051316E-4,1.790318E+2
2.569907E+2,9.601300E+3,-3.142080E-4,5.394250E-6,3.142543E-4,1.790165E+2
2.571908E+2,9.580200E+3,-3.272910E-4,4.380970E-6,3.273203E-4,1.792331E+2
2.573900E+2,9.559600E+3,-3.429970E-4,5.692270E-6,3.430442E-4,1.790492E+2
2.575902E+2,9.550000E+3,-3.518780E-4,5.543260E-6,3.519217E-4,1.790975E+2
2.577914E+2,9.537800E+3,-3.587320E-4,3.486890E-6,3.587489E-4,1.794431E+2
2.580032E+2,9.516700E+3,-3.733650E-4,3.874330E-6,3.733851E-4,1.794055E+2
2.581907E+2,9.507500E+3,-3.828130E-4,5.573060E-6,3.828536E-4,1.791659E+2
2.583899E+2,9.486500E+3,-3.948230E-4,5.513460E-6,3.948615E-4,1.792000E+2
2.585912E+2,9.477000E+3,-3.996810E-4,6.556540E-6,3.997348E-4,1.790602E+2
2.587904E+2,9.456300E+3,-4.148200E-4,6.914170E-6,4.148776E-4,1.790451E+2
2.589906E+2,9.446200E+3,-4.233140E-4,6.794960E-6,4.233685E-4,1.790804E+2
2.591918E+2,9.435100E+3,-4.302880E-4,6.258520E-6,4.303335E-4,1.791667E+2
2.593910E+2,9.413600E+3,-4.451290E-4,3.635900E-6,4.451438E-4,1.795320E+2
2.595901E+2,9.402300E+3,-4.519540E-4,6.169110E-6,4.519961E-4,1.792180E+2
2.597903E+2,9.380400E+3,-4.620570E-4,5.245240E-6,4.620868E-4,1.793496E+2
2.599904E+2,9.369700E+3,-4.681370E-4,6.496940E-6,4.681821E-4,1.792049E+2
2.601905E+2,9.350100E+3,-4.735010E-4,7.718860E-6,4.735639E-4,1.790661E+2
2.603915E+2,9.338900E+3,-4.758560E-4,7.629450E-6,4.759172E-4,1.790815E+2
2.605917E+2,9.319400E+3,-4.771970E-4,6.049900E-6,4.772353E-4,1.792736E+2
2.607909E+2,9.308000E+3,-4.758560E-4,5.304840E-6,4.758856E-4,1.793613E+2
2.609905E+2,9.288600E+3,-4.715940E-4,4.947210E-6,4.716199E-4,1.793990E+2
2.611908E+2,9.277400E+3,-4.682560E-4,5.781680E-6,4.682917E-4,1.792926E+2
2.613900E+2,9.268200E+3,-4.617590E-4,5.155830E-6,4.617878E-4,1.793603E+2
2.615901E+2,9.244500E+3,-4.487650E-4,3.546490E-6,4.487790E-4,1.795472E+2
2.617902E+2,9.234900E+3,-4.394070E-4,1.996770E-6,4.394115E-4,1.797396E+2
2.619904E+2,9.213900E+3,-4.178600E-4,3.457080E-6,4.178743E-4,1.795260E+2
2.621905E+2,9.204700E+3,-4.058500E-4,4.172350E-6,4.058714E-4,1.794110E+2
2.623916E+2,9.183600E+3,-3.799810E-4,7.003570E-6,3.800455E-4,1.789441E+2
2.625918E+2,9.174600E+3,-3.611460E-4,6.794960E-6,3.612099E-4,1.789221E+2
2.627909E+2,9.153500E+3,-3.285720E-4,6.139310E-6,3.286294E-4,1.789296E+2
2.629911E+2,9.144300E+3,-3.103330E-4,4.828010E-6,3.103706E-4,1.791087E+2
2.631904E+2,9.123200E+3,-2.721270E-4,5.126030E-6,2.721753E-4,1.789209E+2
2.633912E+2,9.113700E+3,-2.539470E-4,5.871090E-6,2.540149E-4,1.786756E+2
2.635914E+2,9.093000E+3,-2.117170E-4,6.526740E-6,2.118176E-4,1.782343E+2
2.637903E+2,9.082700E+3,-1.893950E-4,7.510210E-6,1.895438E-4,1.777292E+2
2.639905E+2,9.071400E+3,-1.677580E-4,6.020100E-6,1.678660E-4,1.779448E+2
2.641907E+2,9.049600E+3,-1.266910E-4,5.275040E-6,1.268008E-4,1.776158E+2
2.643900E+2,9.038300E+3,-1.063650E-4,5.096230E-6,1.064870E-4,1.772569E+2
2.645902E+2,9.018800E+3,-7.212210E-5,3.188860E-6,7.219256E-5,1.774683E+2
2.647905E+2,9.007600E+3,-4.994890E-5,1.162300E-6,4.996242E-5,1.786670E+2
2.649903E+2,8.986300E+3,-1.728550E-5,-1.102690E-6,1.732064E-5,-1.763499E+2
2.651901E+2,8.975200E+3,3.129260E-6,2.384200E-7,3.138330E-6,4.356979E+0
2.653903E+2,8.962400E+3,1.719610E-5,7.748640E-7,1.721355E-5,2.580028E+0
2.655905E+2,8.942800E+3,4.425670E-5,3.278270E-7,4.425791E-5,4.244049E-1
2.657918E+2,8.932100E+3,5.719090E-5,1.192100E-7,5.719102E-5,1.194284E-1
2.659900E+2,8.912000E+3,8.103300E-5,0.000000E+0,8.103300E-5,0.000000E+0
2.661902E+2,8.901900E+3,9.051010E-5,-3.576300E-7,9.051081E-5,-2.263900E-1
2.663914E+2,8.881500E+3,1.101800E-4,-4.202160E-6,1.102601E-4,-2.184148E+0
2.665917E+2,8.871900E+3,1.215340E-4,-5.543260E-6,1.216604E-4,-2.611495E+0
2.667909E+2,8.850800E+3,1.393860E-4,-4.917410E-6,1.394727E-4,-2.020505E+0
2.669899E+2,8.841700E+3,1.469860E-4,-4.738600E-6,1.470624E-4,-1.846487E+0
2.671901E+2,8.820500E+3,1.633180E-4,-4.023340E-6,1.633675E-4,-1.411196E+0
2.673903E+2,8.808300E+3,1.694270E-4,-3.010050E-6,1.694537E-4,-1.017813E+0
2.675915E+2,8.798700E+3,1.754170E-4,-2.443800E-6,1.754340E-4,-7.981574E-1
2.677916E+2,8.775000E+3,1.897520E-4,-8.046660E-7,1.897537E-4,-2.429681E-1
2.679908E+2,8.765900E+3,1.943120E-4,-1.072890E-6,1.943150E-4,-3.163543E-1
2.681910E+2,8.744600E+3,2.007790E-4,-9.238760E-7,2.007811E-4,-2.636422E-1
2.683902E+2,8.735300E+3,2.043260E-4,-5.662480E-7,2.043268E-4,-1.587832E-1
2.685914E+2,8.714500E+3,2.097790E-4,-3.278270E-7,2.097793E-4,-8.953751E-2
2.687906E+2,8.704600E+3,2.132070E-4,-6.556550E-7,2.132080E-4,-1.761957E-1
2.689918E+2,8.691500E+3,2.165740E-4,-6.854570E-7,2.165751E-4,-1.813406E-1
2.691900E+2,8.672000E+3,2.194350E-4,-8.940730E-7,2.194368E-4,-2.334465E-1
2.693902E+2,8.658000E+3,2.204490E-4,-1.341110E-6,2.204531E-4,-3.485568E-1
2.695904E+2,8.638400E+3,2.215510E-4,-1.698740E-6,2.215575E-4,-4.393062E-1
2.697906E+2,8.627200E+3,2.223260E-4,-3.010050E-6,2.223464E-4,-7.756746E-1
2.699908E+2,8.608600E+3,2.244420E-4,-5.304840E-6,2.245047E-4,-1.353973E+0
2.701900E+2,8.597500E+3,2.252770E-4,-5.871090E-6,2.253535E-4,-1.492885E+0
2.703903E+2,8.578200E+3,2.262300E-4,-4.708800E-6,2.262790E-4,-1.192395E+0
2.705905E+2,8.566900E+3,2.252170E-4,-3.904130E-6,2.252508E-4,-9.931212E-1
2.707916E+2,8.547600E+3,2.241440E-4,-4.649190E-6,2.241922E-4,-1.188257E+0
2.709899E+2,8.536400E+3,2.238760E-4,-4.798200E-6,2.239274E-4,-1.227798E+0
2.711902E+2,8.527200E+3,2.232500E-4,-3.844530E-6,2.232831E-4,-9.865782E-1
2.713903E+2,8.505900E+3,2.239360E-4,-3.695500E-6,2.239665E-4,-9.454368E-1
2.715916E+2,8.485900E+3,2.228630E-4,-2.473610E-6,2.228767E-4,-6.359135E-1
2.717917E+2,8.475400E+3,2.189590E-4,-1.758340E-6,2.189661E-4,-4.601012E-1
2.719899E+2,8.463300E+3,2.162170E-4,-1.966970E-6,2.162259E-4,-5.212170E-1
2.721911E+2,8.442100E+3,2.151440E-4,-1.758340E-6,2.151512E-4,-4.682595E-1
2.723914E+2,8.432800E+3,2.141010E-4,-8.940730E-7,2.141029E-4,-2.392624E-1
2.725906E+2,8.411500E+3,2.100480E-4,8.940730E-7,2.100499E-4,2.438790E-1
2.727907E+2,8.402400E+3,2.086770E-4,1.311310E-6,2.086811E-4,3.600375E-1
2.729899E+2,8.381100E+3,2.056370E-4,-2.980250E-7,2.056372E-4,-8.303741E-2
2.731902E+2,8.371800E+3,2.042060E-4,-6.556550E-7,2.042071E-4,-1.839620E-1
2.733900E+2,8.360700E+3,2.027760E-4,1.788150E-7,2.027761E-4,5.052542E-2
2.735902E+2,8.336200E+3,1.979780E-4,-1.758340E-6,1.979858E-4,-5.088586E-1
2.737904E+2,8.325500E+3,1.967860E-4,-2.473610E-6,1.968015E-4,-7.201729E-1
2.739906E+2,8.306000E+3,1.931800E-4,-1.698740E-6,1.931875E-4,-5.038209E-1
2.741909E+2,8.294900E+3,1.921370E-4,-2.205390E-6,1.921497E-4,-6.576245E-1
2.743916E+2,8.284900E+3,1.903190E-4,-2.175580E-6,1.903314E-4,-6.549326E-1
2.745906E+2,8.262400E+3,1.886500E-4,-2.473610E-6,1.886662E-4,-7.512287E-1
2.747907E+2,8.251500E+3,1.873090E-4,-1.490120E-6,1.873149E-4,-4.558018E-1
2.749900E+2,8.229500E+3,1.852820E-4,8.046660E-7,1.852837E-4,2.488298E-1
2.751913E+2,8.218200E+3,1.823610E-4,-3.278270E-7,1.823613E-4,-1.029995E-1
2.753905E+2,8.205600E+3,1.797390E-4,2.980250E-8,1.797390E-4,9.500206E-3
2.755917E+2,8.185200E+3,1.768480E-4,-5.662480E-7,1.768489E-4,-1.834542E-1
2.757899E+2,8.172100E+3,1.760130E-4,-2.473610E-6,1.760304E-4,-8.051569E-1
2.759901E+2,8.162900E+3,1.742250E-4,-3.755110E-6,1.742655E-4,-1.234717E+0
2.761912E+2,8.138500E+3,1.689200E-4,-4.589590E-6,1.689823E-4,-1.556355E+0
2.763912E+2,8.129400E+3,1.662080E-4,-3.188860E-6,1.662386E-4,-1.099140E+0
2.765912E+2,8.108500E+3,1.613810E-4,-4.202160E-6,1.614357E-4,-1.491574E+0
2.767903E+2,8.099200E+3,1.603370E-4,-3.993540E-6,1.603867E-4,-1.426780E+0
2.769905E+2,8.078100E+3,1.594140E-4,-4.738600E-6,1.594844E-4,-1.702622E+0
2.771907E+2,8.069000E+3,1.575060E-4,-4.529980E-6,1.575711E-4,-1.647412E+0
2.773899E+2,8.047800E+3,1.550620E-4,-2.920640E-6,1.550895E-4,-1.079056E+0
2.775908E+2,8.035700E+3,1.537510E-4,-3.188860E-6,1.537841E-4,-1.188168E+0
2.777900E+2,8.025800E+3,1.536620E-4,-2.473610E-6,1.536819E-4,-9.222526E-1
2.779902E+2,8.002600E+3,1.519330E-4,-9.238760E-7,1.519358E-4,-3.484006E-1
2.781905E+2,7.992300E+3,1.499070E-4,-1.370910E-6,1.499133E-4,-5.239593E-1
2.783907E+2,7.972200E+3,1.434400E-4,-1.013290E-6,1.434436E-4,-4.047426E-1
2.785909E+2,7.961500E+3,1.418300E-4,1.490130E-7,1.418301E-4,6.019751E-2
2.787901E+2,7.941800E+3,1.399820E-4,7.450620E-7,1.399840E-4,3.049571E-1
2.789913E+2,7.931700E+3,1.392370E-4,8.642710E-7,1.392397E-4,3.556414E-1
2.791902E+2,7.911500E+3,1.371210E-4,2.086180E-6,1.371369E-4,8.716396E-1
2.793905E+2,7.900600E+3,1.379560E-4,2.890840E-6,1.379863E-4,1.200446E+0
2.795906E+2,7.880900E+3,1.361980E-4,3.218670E-6,1.362360E-4,1.353778E+0
2.797903E+2,7.869800E+3,1.355420E-4,2.294790E-6,1.355614E-4,9.699519E-1
2.799904E+2,7.859900E+3,1.347670E-4,1.728540E-6,1.347781E-4,7.348432E-1
2.801905E+2,7.836400E+3,1.351840E-4,-5.662480E-7,1.351852E-4,-2.399946E-1
2.803913E+2,7.826700E+3,1.346480E-4,-5.960510E-8,1.346480E-4,-2.536332E-2
2.805914E+2,7.803800E+3,1.336350E-4,1.132500E-6,1.336398E-4,4.855458E-1
2.807915E+2,7.793400E+3,1.317870E-4,1.460320E-6,1.317951E-4,6.348635E-1
2.809915E+2,7.784200E+3,1.302670E-4,4.231960E-6,1.303357E-4,1.860703E+0
2.811915E+2,7.760100E+3,1.272570E-4,4.321370E-6,1.273304E-4,1.944892E+0
2.813916E+2,7.750900E+3,1.245450E-4,2.592820E-6,1.245720E-4,1.192631E+0
2.815906E+2,7.727300E+3,1.243060E-4,9.536820E-7,1.243097E-4,4.395675E-1
2.817903E+2,7.717500E+3,1.246640E-4,-2.682230E-7,1.246643E-4,-1.232755E-1
2.819913E+2,7.705400E+3,1.233230E-4,-1.370910E-6,1.233306E-4,-6.368976E-1
2.821904E+2,7.684200E+3,1.211170E-4,-2.115980E-6,1.211355E-4,-1.000887E+0
2.823906E+2,7.675100E+3,1.207300E-4,-9.238760E-7,1.207335E-4,-4.384425E-1
2.825909E+2,7.654000E+3,1.200740E-4,2.682230E-7,1.200743E-4,1.279879E-1
2.827902E+2,7.644400E+3,1.204320E-4,-4.470370E-7,1.204328E-4,-2.126778E-1
2.829902E+2,7.623800E+3,1.201630E-4,-7.450620E-7,1.201653E-4,-3.552538E-1
2.831902E+2,7.613800E+3,1.189420E-4,-1.102690E-6,1.189471E-4,-5.311637E-1
2.833903E+2,7.593300E+3,1.167060E-4,-9.238760E-7,1.167097E-4,-4.535593E-1
2.835913E+2,7.582700E+3,1.147390E-4,-1.668940E-6,1.147511E-4,-8.333389E-1
2.837903E+2,7.569500E+3,1.137260E-4,-1.639140E-6,1.137378E-4,-8.257505E-1
2.839905E+2,7.549800E+3,1.111930E-4,-2.443800E-6,1.112199E-4,-1.259044E+0
2.841907E+2,7.538400E+3,1.113420E-4,-2.086180E-6,1.113615E-4,-1.073407E+0
2.843917E+2,7.519000E+3,1.090170E-4,-1.907360E-6,1.090337E-4,-1.002344E+0
2.845906E+2,7.508100E+3,1.091370E-4,-1.817950E-6,1.091521E-4,-9.543164E-1
2.847907E+2,7.488300E+3,1.093150E-4,-2.980250E-7,1.093154E-4,-1.562048E-1
2.849918E+2,7.478000E+3,1.086000E-4,3.874320E-7,1.086007E-4,2.044026E-1
2.851911E+2,7.457900E+3,1.077950E-4,-1.192100E-7,1.077951E-4,-6.336312E-2
2.853901E+2,7.448000E+3,1.071990E-4,-5.960510E-8,1.071990E-4,-3.185776E-2
2.855902E+2,7.427400E+3,1.045770E-4,1.490120E-6,1.045876E-4,8.163536E-1
2.857904E+2,7.414900E+3,1.040700E-4,3.010050E-6,1.041135E-4,1.656722E+0
2.859915E+2,7.405800E+3,1.038020E-4,4.410770E-6,1.038957E-4,2.433157E+0
2.861915E+2,7.384500E+3,1.033550E-4,4.589590E-6,1.034569E-4,2.542610E+0
2.863905E+2,7.372400E+3,1.032360E-4,4.172350E-6,1.033203E-4,2.314387E+0
2.865905E+2,7.351100E+3,1.023710E-4,2.861040E-6,1.024110E-4,1.600872E+0
2.867906E+2,7.338700E+3,1.013880E-4,1.370910E-6,1.013973E-4,7.746733E-1
2.869916E+2,7.329200E+3,9.986800E-5,7.450620E-7,9.987078E-5,4.274454E-1
2.871906E+2,7.308200E+3,9.536790E-5,-1.490130E-7,9.536802E-5,-8.952498E-2
2.873908E+2,7.298000E+3,9.596390E-5,-1.043090E-6,9.596957E-5,-6.227582E-1
2.875900E+2,7.277600E+3,9.772230E-5,-3.367680E-6,9.778031E-5,-1.973731E+0
2.877912E+2,7.267000E+3,9.739450E-5,-4.559780E-6,9.750118E-5,-2.680496E+0
2.879904E+2,7.247200E+3,9.658980E-5,-3.427280E-6,9.665059E-5,-2.032164E+0
2.881916E+2,7.236100E+3,9.658980E-5,-2.086180E-6,9.661233E-5,-1.237302E+0
2.883917E+2,7.216800E+3,9.444400E-5,-8.046660E-7,9.444743E-5,-4.881501E-1
2.885904E+2,7.205600E+3,9.283470E-5,5.066430E-7,9.283608E-5,3.126872E-1
2.887914E+2,7.186000E+3,9.256650E-5,-6.258520E-7,9.256862E-5,-3.873770E-1
2.889905E+2,7.174800E+3,9.104660E-5,-6.854570E-7,9.104918E-5,-4.313511E-1
2.891968E+2,7.153400E+3,8.773850E-5,-1.549730E-6,8.775219E-5,-1.011913E+0
2.893900E+2,7.142100E+3,8.690400E-5,-1.966970E-6,8.692626E-5,-1.296601E+0
2.895912E+2,7.129300E+3,8.633780E-5,-1.221900E-6,8.634645E-5,-8.108272E-1
2.897915E+2,7.109800E+3,8.639740E-5,1.192100E-7,8.639748E-5,7.905592E-2
2.899907E+2,7.099200E+3,8.595040E-5,8.642710E-7,8.595475E-5,5.761161E-1
2.901909E+2,7.079100E+3,8.478810E-5,1.162300E-6,8.479607E-5,7.853781E-1
2.903911E+2,7.068900E+3,8.302970E-5,2.324600E-6,8.306223E-5,1.603703E+0
2.905904E+2,7.048200E+3,8.267210E-5,3.427280E-6,8.274311E-5,2.373912E+0
2.907913E+2,7.038600E+3,8.198670E-5,2.771630E-6,8.203354E-5,1.936195E+0
2.909916E+2,7.017400E+3,8.228470E-5,2.920640E-6,8.233652E-5,2.032822E+0
2.911904E+2,7.008200E+3,8.246350E-5,2.652420E-6,8.250615E-5,1.842271E+0
2.913906E+2,6.986600E+3,8.285090E-5,-9.238760E-7,8.285605E-5,-6.388827E-1
2.915908E+2,6.977400E+3,8.103300E-5,-9.834840E-7,8.103897E-5,-6.953552E-1
2.917900E+2,6.956000E+3,8.046670E-5,-1.072890E-6,8.047385E-5,-7.638989E-1
2.919902E+2,6.946800E+3,8.016870E-5,-1.788150E-7,8.016890E-5,-1.277971E-1
2.921905E+2,6.925600E+3,7.930440E-5,2.145780E-6,7.933342E-5,1.549903E+0
2.923907E+2,6.915900E+3,7.933420E-5,2.473610E-6,7.937275E-5,1.785882E+0
2.925899E+2,6.895300E+3,7.692030E-5,4.768410E-7,7.692178E-5,3.551810E-1
2.927902E+2,6.885200E+3,7.551960E-5,-2.682230E-7,7.552008E-5,-2.034966E-1
2.929904E+2,6.865000E+3,7.116840E-5,-1.043090E-6,7.117604E-5,-8.397038E-1
2.931906E+2,6.854400E+3,7.000610E-5,-3.874320E-7,7.000717E-5,-3.170865E-1
2.933908E+2,6.834700E+3,6.681730E-5,-5.960510E-8,6.681733E-5,-5.111131E-2
2.935901E+2,6.823600E+3,6.592320E-5,-2.980250E-7,6.592387E-5,-2.590205E-1
2.937904E+2,6.804000E+3,6.777090E-5,-2.443800E-6,6.781495E-5,-2.065175E+0
2.939902E+2,6.792900E+3,6.812860E-5,-3.218670E-6,6.820459E-5,-2.704873E+0
2.941914E+2,6.773500E+3,6.938030E-5,-3.129260E-6,6.945083E-5,-2.582462E+0
2.943906E+2,6.762100E+3,6.887360E-5,-3.010050E-6,6.893934E-5,-2.502461E+0
2.945919E+2,6.752900E+3,6.884380E-5,-9.238760E-7,6.885000E-5,-7.688567E-1
2.947911E+2,6.729300E+3,6.759210E-5,1.311310E-6,6.760482E-5,1.111418E+0
2.949903E+2,6.719500E+3,6.675770E-5,1.966970E-6,6.678667E-5,1.687693E+0
2.951905E+2,6.696900E+3,6.607220E-5,6.556550E-7,6.607545E-5,5.685452E-1
2.953907E+2,6.686200E+3,6.532720E-5,3.874320E-7,6.532835E-5,3.397966E-1
2.955912E+2,6.677200E+3,6.291320E-5,5.960500E-7,6.291602E-5,5.428134E-1
2.957915E+2,6.653100E+3,6.210850E-5,1.698740E-6,6.213173E-5,1.566716E+0
2.959907E+2,6.644000E+3,6.285360E-5,7.152590E-7,6.285767E-5,6.519842E-1
2.961910E+2,6.622700E+3,6.407550E-5,-1.668940E-6,6.409723E-5,-1.492015E+0
2.963911E+2,6.610500E+3,6.273440E-5,-1.758340E-6,6.275904E-5,-1.605484E+0
2.965913E+2,6.589700E+3,6.127400E-5,-1.281510E-6,6.128740E-5,-1.198133E+0
2.967911E+2,6.580400E+3,5.987310E-5,-1.788150E-6,5.989980E-5,-1.710668E+0
2.969909E+2,6.568100E+3,5.796570E-5,-1.668940E-6,5.798972E-5,-1.649196E+0
2.971901E+2,6.546700E+3,5.564120E-5,-2.115980E-6,5.568142E-5,-2.177853E+0
2.973904E+2,6.537400E+3,5.409140E-5,-1.877550E-6,5.412398E-5,-1.987978E+0
2.975906E+2,6.516600E+3,5.111120E-5,-2.414000E-6,5.116818E-5,-2.704090E+0
2.977909E+2,6.506600E+3,5.069400E-5,-2.294790E-6,5.074591E-5,-2.591867E+0
2.979902E+2,6.495300E+3,5.105160E-5,-1.758340E-6,5.108187E-5,-1.972625E+0
2.981915E+2,6.473800E+3,5.042580E-5,-8.344690E-7,5.043270E-5,-9.480700E-1
2.983907E+2,6.462500E+3,4.988930E-5,-9.536820E-7,4.989841E-5,-1.095131E+0
2.985905E+2,6.443100E+3,5.063440E-5,-2.086180E-6,5.067736E-5,-2.359300E+0
2.987907E+2,6.431800E+3,4.932310E-5,-1.937170E-6,4.936113E-5,-2.249142E+0
2.989899E+2,6.412500E+3,4.687930E-5,5.066430E-7,4.688204E-5,6.191939E-1
2.991900E+2,6.401400E+3,4.571700E-5,1.490120E-6,4.574128E-5,1.866863E+0
2.993913E+2,6.381600E+3,4.518060E-5,-5.960510E-8,4.518064E-5,-7.558817E-2
2.995903E+2,6.371100E+3,4.386930E-5,-1.043090E-6,4.388170E-5,-1.362078E+0
2.997905E+2,6.350800E+3,4.413750E-5,-8.046660E-7,4.414483E-5,-1.044437E+0
2.999918E+2,6.337600E+3,4.345200E-5,-1.072890E-6,4.346524E-5,-1.414425E+0
3.001908E+2,6.318100E+3,4.285600E-5,1.490130E-7,4.285626E-5,1.992202E-1
3.003919E+2,6.307200E+3,4.276660E-5,9.536820E-7,4.277723E-5,1.277467E+0
3.005901E+2,6.298000E+3,4.228970E-5,1.728540E-6,4.232501E-5,2.340592E+0
3.007918E+2,6.273700E+3,4.237910E-5,2.145780E-6,4.243339E-5,2.898581E+0
3.009901E+2,6.264600E+3,4.202150E-5,1.758340E-6,4.205827E-5,2.396076E+0
3.011913E+2,6.243300E+3,3.957770E-5,-5.960500E-7,3.958219E-5,-8.628235E-1
3.013906E+2,6.231300E+3,3.802800E-5,-9.834840E-7,3.804072E-5,-1.481459E+0
3.015907E+2,6.220800E+3,3.618030E-5,-9.536820E-7,3.619287E-5,-1.509919E+0
3.017899E+2,6.197900E+3,3.522660E-5,-1.788150E-7,3.522705E-5,-2.908387E-1
3.019902E+2,6.188100E+3,3.501800E-5,5.960510E-8,3.501805E-5,9.752463E-2
3.021904E+2,6.167500E+3,3.272320E-5,-8.046660E-7,3.273309E-5,-1.408624E+0
3.023906E+2,6.157300E+3,3.212710E-5,-1.370910E-6,3.215634E-5,-2.443412E+0
3.025919E+2,6.137300E+3,3.126290E-5,-9.834840E-7,3.127837E-5,-1.801845E+0
3.027901E+2,6.126500E+3,3.072640E-5,-4.470370E-7,3.072965E-5,-8.335349E-1
3.029903E+2,6.113400E+3,3.087540E-5,5.662480E-7,3.088059E-5,1.050674E+0
3.031916E+2,6.094100E+3,3.370670E-5,1.758340E-6,3.375253E-5,2.986179E+0
3.033908E+2,6.080800E+3,3.382590E-5,8.642710E-7,3.383694E-5,1.463621E+0
3.035900E+2,6.061300E+3,3.257420E-5,2.682230E-7,3.257530E-5,4.717752E-1
3.037912E+2,6.049900E+3,3.099460E-5,1.490130E-7,3.099496E-5,2.754593E-1
3.039905E+2,6.030300E+3,2.864010E-5,2.712030E-6,2.876822E-5,5.409405E+0
3.041918E+2,6.019000E+3,2.723940E-5,3.248470E-6,2.743242E-5,6.800764E+0
3.043899E+2,6.009800E+3,2.720960E-5,3.159060E-6,2.739237E-5,6.622444E+0
3.045911E+2,5.988500E+3,2.717980E-5,1.430520E-6,2.721742E-5,3.012796E+0
3.047903E+2,5.968700E+3,2.720960E-5,9.834840E-7,2.722737E-5,2.070040E+0
3.049906E+2,5.958100E+3,2.753750E-5,1.639140E-6,2.758624E-5,3.406450E+0
3.051918E+2,5.946100E+3,2.720960E-5,2.831240E-6,2.735650E-5,5.940419E+0
3.053900E+2,5.924900E+3,2.557050E-5,4.023340E-6,2.588509E-5,8.941783E+0
3.055912E+2,5.912500E+3,2.604730E-5,3.725300E-6,2.631235E-5,8.139279E+0
3.057905E+2,5.903400E+3,2.697120E-5,4.112750E-6,2.728297E-5,8.670058E+0
3.059907E+2,5.879200E+3,2.574930E-5,5.275040E-6,2.628407E-5,1.157751E+1
3.061905E+2,5.870300E+3,2.565990E-5,4.559780E-6,2.606189E-5,1.007631E+1
3.063907E+2,5.859500E+3,2.536190E-5,3.546490E-6,2.560866E-5,7.960358E+0
3.065899E+2,5.837000E+3,2.589830E-5,1.758340E-6,2.595792E-5,3.884081E+0
3.067912E+2,5.826000E+3,2.491490E-5,9.536820E-7,2.493315E-5,2.192073E+0
3.069904E+2,5.804000E+3,2.142800E-5,7.450620E-7,2.144095E-5,1.991400E+0
3.071916E+2,5.793800E+3,2.115980E-5,7.152590E-7,2.117189E-5,1.936017E+0
3.073908E+2,5.780600E+3,2.121940E-5,1.043090E-6,2.124502E-5,2.814245E+0
3.075900E+2,5.761300E+3,2.145780E-5,3.427280E-6,2.172978E-5,9.074739E+0
3.077903E+2,5.750000E+3,2.133860E-5,4.172350E-6,2.174269E-5,1.106350E+1
3.079904E+2,5.728100E+3,1.865640E-5,4.172350E-6,1.911726E-5,1.260629E+1
3.081907E+2,5.717000E+3,1.820930E-5,2.682220E-6,1.840578E-5,8.379381E+0
3.083909E+2,5.697100E+3,1.907360E-5,1.370910E-6,1.912280E-5,4.111050E+0
3.085901E+2,5.685800E+3,1.993790E-5,2.980250E-7,1.994013E-5,8.563742E-1
3.087903E+2,5.666200E+3,1.993790E-5,-4.172340E-7,1.994227E-5,-1.198835E+0
3.089906E+2,5.654900E+3,2.002730E-5,-4.172340E-7,2.003165E-5,-1.193485E+0
3.091908E+2,5.635300E+3,2.121940E-5,-9.834840E-7,2.124218E-5,-2.653665E+0
3.093900E+2,5.624400E+3,2.026570E-5,-1.490120E-6,2.032041E-5,-4.205343E+0
3.095902E+2,5.612200E+3,1.946100E-5,-5.364450E-7,1.946839E-5,-1.578966E+0
3.097914E+2,5.589800E+3,1.713650E-5,-1.370910E-6,1.719125E-5,-4.573888E+0
3.099916E+2,5.579000E+3,1.645100E-5,-1.281510E-6,1.650084E-5,-4.454266E+0
3.101908E+2,5.569900E+3,1.579530E-5,-4.172340E-7,1.580081E-5,-1.513120E+0
3.103901E+2,5.548700E+3,1.603380E-5,2.980250E-8,1.603383E-5,1.064972E-1
3.105964E+2,5.539400E+3,1.791130E-5,7.450620E-7,1.792679E-5,2.381977E+0
3.107911E+2,5.518400E+3,1.972930E-5,8.940730E-7,1.974955E-5,2.594699E+0
3.109903E+2,5.508600E+3,1.922260E-5,3.874320E-7,1.922650E-5,1.154642E+0
3.111905E+2,5.488100E+3,1.725570E-5,-3.278270E-7,1.725881E-5,-1.088385E+0
3.113917E+2,5.477800E+3,1.612320E-5,3.278270E-7,1.612653E-5,1.164813E+0
3.115919E+2,5.454600E+3,1.510980E-5,7.152590E-7,1.512672E-5,2.710211E+0
3.117901E+2,5.444000E+3,1.597420E-5,1.192100E-7,1.597464E-5,4.275709E-1
3.119911E+2,5.424300E+3,1.534830E-5,1.043090E-6,1.538370E-5,3.887916E+0
3.121901E+2,5.413200E+3,1.513960E-5,3.874320E-7,1.514456E-5,1.465916E+0
3.123903E+2,5.394200E+3,1.344090E-5,-1.788150E-6,1.355932E-5,-7.578015E+0
3.125906E+2,5.383700E+3,1.290450E-5,-1.937170E-6,1.304909E-5,-8.537257E+0
3.127908E+2,5.364000E+3,1.239780E-5,2.086170E-7,1.239956E-5,9.640215E-1
3.129900E+2,5.352900E+3,1.108650E-5,1.639140E-6,1.120702E-5,8.410258E+0
3.131910E+2,5.333500E+3,9.924230E-6,3.337870E-6,1.047052E-5,1.858962E+1
3.133900E+2,5.322000E+3,1.072890E-5,3.039850E-6,1.115123E-5,1.581917E+1
3.135900E+2,5.309300E+3,1.239780E-5,2.831240E-6,1.271697E-5,1.286383E+1
3.137900E+2,5.288400E+3,1.341110E-5,3.278270E-7,1.341511E-5,1.400285E+0
3.139901E+2,5.279000E+3,1.293430E-5,1.192100E-7,1.293485E-5,5.280561E-1
3.141902E+2,5.255600E+3,1.093750E-5,2.175580E-6,1.115177E-5,1.124988E+1
3.143905E+2,5.245400E+3,1.111630E-5,1.639140E-6,1.123650E-5,8.388033E+0
3.145917E+2,5.236100E+3,1.132490E-5,2.026570E-6,1.150480E-5,1.014559E+1
3.147899E+2,5.211900E+3,1.201040E-5,1.579530E-6,1.211382E-5,7.492173E+0
3.149901E+2,5.202800E+3,1.230840E-5,7.152590E-7,1.232916E-5,3.325801E+0
3.151912E+2,5.181700E+3,1.329190E-5,8.940730E-7,1.332194E-5,3.848175E+0
3.153905E+2,5.172600E+3,1.296410E-5,1.847750E-6,1.309512E-5,8.111632E+0
3.155907E+2,5.151600E+3,1.323230E-5,1.907360E-6,1.336906E-5,8.202360E+0
3.157899E+2,5.142200E+3,1.338130E-5,2.145780E-6,1.355225E-5,9.110199E+0
3.159901E+2,5.121700E+3,1.177200E-5,2.115980E-6,1.196066E-5,1.018992E+1
3.161903E+2,5.111600E+3,9.715620E-6,8.046660E-7,9.748885E-6,4.734539E+0
3.163906E+2,5.091300E+3,1.001360E-5,2.980250E-8,1.001364E-5,1.705233E-1
3.165908E+2,5.078900E+3,1.159320E-5,-1.788150E-7,1.159458E-5,-8.836674E-1
3.167901E+2,5.067500E+3,1.108650E-5,0.000000E+0,1.108650E-5,0.000000E+0
3.169903E+2,5.048000E+3,9.238780E-6,-2.384200E-7,9.241856E-6,-1.478272E+0
3.171905E+2,5.036600E+3,8.642730E-6,2.384200E-7,8.646018E-6,1.580172E+0
3.173907E+2,5.017100E+3,1.171240E-5,7.450620E-7,1.173607E-5,3.639857E+0
3.175900E+2,5.006100E+3,1.233820E-5,7.748640E-7,1.236251E-5,3.593572E+0
3.177902E+2,4.983400E+3,1.084810E-5,-6.258520E-7,1.086614E-5,-3.301866E+0
3.179914E+2,4.972800E+3,1.001360E-5,-1.162300E-6,1.008083E-5,-6.620817E+0
3.181916E+2,4.952700E+3,1.141430E-5,-9.834840E-7,1.145659E-5,-4.924582E+0
3.183909E+2,4.942400E+3,1.141430E-5,-1.579530E-6,1.152307E-5,-7.878650E+0
3.185901E+2,4.933200E+3,9.924230E-6,-2.205390E-6,1.016632E-5,-1.252884E+1
3.187903E+2,4.912100E+3,7.480410E-6,-2.473610E-6,7.878787E-6,-1.829794E+1
3.189901E+2,4.902900E+3,7.063180E-6,-1.817950E-6,7.293384E-6,-1.443374E+1
3.191904E+2,4.881500E+3,5.483660E-6,0.000000E+0,5.483660E-6,0.000000E+0
3.193906E+2,4.872200E+3,5.990300E-6,1.281510E-6,6.125844E-6,1.207532E+1
3.195906E+2,4.851200E+3,5.364450E-6,1.072890E-6,5.470687E-6,1.130993E+1
3.197916E+2,4.841200E+3,4.619390E-6,9.834840E-7,4.722923E-6,1.201901E+1
3.199916E+2,4.820800E+3,4.589590E-6,1.370910E-6,4.789961E-6,1.663088E+1
3.201906E+2,4.807600E+3,4.291560E-6,1.847750E-6,4.672437E-6,2.329451E+1
3.203899E+2,4.787400E+3,1.460320E-6,3.069650E-6,3.399307E-6,6.455824E+1
3.205901E+2,4.776800E+3,9.238760E-7,3.457080E-6,3.578400E-6,7.503783E+1
3.207904E+2,4.757100E+3,5.066430E-7,2.503410E-6,2.554163E-6,7.855895E+1
3.209916E+2,4.746000E+3,7.152590E-7,9.536820E-7,1.192101E-6,5.313020E+1
3.211908E+2,4.726600E+3,-3.278270E-7,1.192100E-6,1.236355E-6,1.053762E+2
3.213900E+2,4.715400E+3,5.960510E-8,1.460320E-6,1.461536E-6,8.766269E+1
3.215903E+2,4.696700E+3,2.741830E-6,8.940730E-7,2.883921E-6,1.806043E+1
3.217905E+2,4.685500E+3,3.665700E-6,6.258520E-7,3.718743E-6,9.688799E+0
3.219907E+2,4.666000E+3,4.380970E-6,-2.086170E-7,4.385934E-6,-2.726303E+0
3.221900E+2,4.654600E+3,4.738600E-6,-2.086170E-7,4.743190E-6,-2.520821E+0
3.223902E+2,4.644900E+3,4.321370E-6,-6.854570E-7,4.375396E-6,-9.013183E+0
3.225914E+2,4.620800E+3,3.129260E-6,-1.579530E-6,3.505308E-6,-2.678289E+1
3.227914E+2,4.611400E+3,2.622620E-6,-2.086180E-6,3.351161E-6,-3.850072E+1
3.229904E+2,4.588100E+3,2.145780E-6,-1.877550E-6,2.851239E-6,-4.118581E+1
3.231907E+2,4.577900E+3,2.294790E-6,-7.450620E-7,2.412712E-6,-1.798734E+1
3.233909E+2,4.568500E+3,2.592820E-6,4.768410E-7,2.636303E-6,1.042072E+1
3.235902E+2,4.544300E+3,2.354400E-6,2.205390E-6,3.225980E-6,4.312829E+1
3.237904E+2,4.535200E+3,1.788150E-6,3.278270E-6,3.734238E-6,6.138950E+1
3.239916E+2,4.513800E+3,2.890840E-6,3.993540E-6,4.930042E-6,5.410001E+1
3.241919E+2,4.504800E+3,2.980250E-6,4.649190E-6,5.522396E-6,5.733909E+1
3.243910E+2,4.480700E+3,2.890840E-6,5.245240E-6,5.989115E-6,6.113926E+1
3.245902E+2,4.471700E+3,2.563010E-6,3.635900E-6,4.448459E-6,5.481932E+1
3.247915E+2,4.459300E+3,2.235190E-6,1.937170E-6,2.957820E-6,4.091446E+1
3.249908E+2,4.448000E+3,1.639140E-6,1.430520E-6,2.175584E-6,4.111205E+1
3.251900E+2,4.426300E+3,4.023340E-6,7.450620E-7,4.091746E-6,1.049146E+1
3.253902E+2,4.415400E+3,3.844530E-6,6.258520E-7,3.895138E-6,9.246088E+0
3.255904E+2,4.395800E+3,3.993540E-6,-1.460320E-6,4.252164E-6,-2.008598E+1
3.257906E+2,4.384500E+3,1.490120E-6,-5.960500E-7,1.604909E-6,-2.180148E+1
3.259918E+2,4.365000E+3,5.960510E-8,2.086180E-6,2.087031E-6,8.836343E+1
3.261901E+2,4.353700E+3,7.748640E-7,2.771630E-6,2.877907E-6,7.438061E+1
3.263903E+2,4.331300E+3,3.904130E-6,3.427280E-6,5.195044E-6,4.127861E+1
3.265905E+2,4.320000E+3,3.755110E-6,2.920640E-6,4.757204E-6,3.787497E+1
3.267913E+2,4.301400E+3,2.175580E-6,1.698740E-6,2.760229E-6,3.798349E+1
3.269901E+2,4.290000E+3,2.831240E-6,8.940730E-7,2.969055E-6,1.752552E+1
3.271900E+2,4.270600E+3,4.023340E-6,1.668940E-6,4.355758E-6,2.252939E+1
3.273902E+2,4.259300E+3,4.678990E-6,1.579530E-6,4.938407E-6,1.865362E+1
3.275904E+2,4.250100E+3,5.036620E-6,1.430520E-6,5.235831E-6,1.585581E+1
3.277903E+2,4.228800E+3,6.347920E-6,-6.556550E-7,6.381690E-6,-5.896975E+0
3.279905E+2,4.219700E+3,6.765160E-6,0.000000E+0,6.765160E-6,0.000000E+0
3.281907E+2,4.198300E+3,6.228710E-6,8.344690E-7,6.284359E-6,7.630560E+0
3.283899E+2,4.186200E+3,5.215440E-6,0.000000E+0,5.215440E-6,0.000000E+0
3.285901E+2,4.165300E+3,4.053140E-6,-1.609330E-6,4.360950E-6,-2.165593E+1
3.287902E+2,4.156100E+3,3.963740E-6,-2.294790E-6,4.580098E-6,-3.006851E+1
3.289902E+2,4.135500E+3,3.963740E-6,-3.308070E-6,5.162806E-6,-3.984780E+1
3.291904E+2,4.125600E+3,3.844530E-6,-3.516690E-6,5.210328E-6,-4.244996E+1
3.293906E+2,4.105300E+3,4.202160E-6,-4.768410E-7,4.229128E-6,-6.473958E+0
3.295909E+2,4.094900E+3,4.053140E-6,-5.960500E-7,4.096733E-6,-8.365886E+0
3.297909E+2,4.084000E+3,3.218670E-6,-1.519930E-6,3.559498E-6,-2.527776E+1
3.299911E+2,4.062100E+3,4.291560E-6,-1.579530E-6,4.573008E-6,-2.020639E+1
3.301913E+2,4.050800E+3,3.874330E-6,2.682230E-7,3.883604E-6,3.960314E+0
3.303900E+2,4.029300E+3,1.549730E-6,3.576300E-7,1.590460E-6,1.299462E+1
3.305903E+2,4.018000E+3,-2.980250E-8,-6.854570E-7,6.861046E-7,-9.248956E+1
3.307921E+2,4.005000E+3,-6.258520E-7,-7.748640E-7,9.960446E-7,-1.289276E+2
3.309903E+2,3.983500E+3,-4.172340E-7,1.370910E-6,1.432996E-6,1.069275E+2
3.311906E+2,3.972100E+3,7.152590E-7,1.132500E-6,1.339459E-6,5.772451E+1
3.313908E+2,3.952500E+3,3.099460E-6,-5.066430E-7,3.140595E-6,-9.283562E+0
3.315910E+2,3.941300E+3,2.980250E-6,-2.682230E-7,2.992296E-6,-5.142774E+0
3.317901E+2,3.921800E+3,3.278270E-6,5.364450E-7,3.321871E-6,9.293323E+0
3.319902E+2,3.910700E+3,4.738600E-6,2.056370E-6,5.165558E-6,2.345899E+1
3.321913E+2,3.901600E+3,5.364450E-6,3.099460E-6,6.195480E-6,3.001837E+1
3.323916E+2,3.877900E+3,5.573060E-6,2.831240E-6,6.250993E-6,2.693160E+1
3.325908E+2,3.865300E+3,5.394250E-6,2.056370E-6,5.772919E-6,2.086761E+1
3.327910E+2,3.855600E+3,5.453850E-6,1.341110E-6,5.616320E-6,1.381502E+1
3.329902E+2,3.835000E+3,2.831240E-6,2.771630E-6,3.962052E-6,4.439044E+1
3.331905E+2,3.822900E+3,1.937170E-6,2.115980E-6,2.868797E-6,4.752604E+1
3.333916E+2,3.801400E+3,1.192100E-6,5.960510E-8,1.193589E-6,2.862410E+0
3.335919E+2,3.789400E+3,-4.172340E-7,-8.046660E-7,9.064059E-7,-1.174076E+2
3.337910E+2,3.779000E+3,-2.384200E-7,-6.854570E-7,7.257378E-7,-1.091790E+2
3.339912E+2,3.756200E+3,-1.043090E-6,-1.251700E-6,1.629353E-6,-1.298058E+2
3.341904E+2,3.746500E+3,-6.854570E-7,-1.460320E-6,1.613191E-6,-1.151448E+2
3.343912E+2,3.735200E+3,-1.102690E-6,-9.834840E-7,1.477554E-6,-1.382704E+2
3.345914E+2,3.713500E+3,-2.086180E-6,-1.519930E-6,2.581150E-6,-1.439240E+2
3.347906E+2,3.702100E+3,-1.937170E-6,-1.072890E-6,2.214435E-6,-1.510204E+2
3.349908E+2,3.682400E+3,-2.205390E-6,-4.470370E-7,2.250242E-6,-1.685413E+2
3.351911E+2,3.668100E+3,-2.175580E-6,-5.960500E-7,2.255754E-6,-1.646785E+2
3.353902E+2,3.658400E+3,-1.609330E-6,-4.172340E-7,1.662536E-6,-1.654655E+2
3.355905E+2,3.635200E+3,-6.556550E-7,-1.311310E-6,1.466089E-6,-1.165651E+2
3.357905E+2,3.624600E+3,1.788150E-7,-1.192100E-6,1.205437E-6,-8.146924E+1
3.359906E+2,3.604300E+3,3.069650E-6,6.258520E-7,3.132801E-6,1.152374E+1
3.361908E+2,3.594300E+3,3.546490E-6,-7.748640E-7,3.630152E-6,-1.232474E+1
3.363908E+2,3.573500E+3,2.443800E-6,-1.519930E-6,2.877906E-6,-3.187969E+1
3.365899E+2,3.563900E+3,5.662480E-7,-1.221900E-6,1.346728E-6,-6.513624E+1
3.367900E+2,3.542600E+3,-2.592820E-6,-1.490120E-6,2.990514E-6,-1.501136E+2
3.369900E+2,3.533300E+3,-4.172350E-6,-2.473610E-6,4.850490E-6,-1.493381E+2
3.371901E+2,3.512000E+3,-5.662470E-6,-2.533210E-6,6.203283E-6,-1.558978E+2
3.373903E+2,3.503000E+3,-6.020100E-6,-3.486890E-6,6.957011E-6,-1.499202E+2
3.375905E+2,3.481900E+3,-5.900890E-6,-4.023340E-6,7.141972E-6,-1.457131E+2
3.377903E+2,3.472700E+3,-3.308070E-6,-4.291560E-6,5.418562E-6,-1.276262E+2
3.379906E+2,3.451700E+3,-2.294790E-6,-3.993540E-6,4.605912E-6,-1.198828E+2
3.381910E+2,3.442600E+3,-2.622620E-6,-3.397480E-6,4.291970E-6,-1.276657E+2
3.383903E+2,3.421400E+3,-4.410770E-6,-1.937170E-6,4.817418E-6,-1.562894E+2
3.385905E+2,3.412200E+3,-4.828010E-6,-1.013290E-6,4.933197E-6,-1.681470E+2
3.387907E+2,3.398100E+3,-4.351170E-6,-2.682230E-7,4.359429E-6,-1.764725E+2
3.389899E+2,3.378700E+3,-1.966970E-6,8.642710E-7,2.148473E-6,1.562797E+2
3.391911E+2,3.367300E+3,-6.556550E-7,-1.192100E-7,6.664042E-7,-1.696952E+2
3.393914E+2,3.347900E+3,1.907360E-6,-6.258520E-7,2.007414E-6,-1.816594E+1
3.395905E+2,3.337400E+3,1.609330E-6,-9.238760E-7,1.855664E-6,-2.985905E+1
3.397916E+2,3.314800E+3,2.294790E-6,2.086170E-7,2.304253E-6,5.194422E+0
3.399916E+2,3.303300E+3,1.162300E-6,2.980250E-7,1.199900E-6,1.438137E+1
3.401917E+2,3.293500E+3,1.549730E-6,8.940740E-8,1.552307E-6,3.301862E+0
3.403916E+2,3.270200E+3,3.099460E-6,-1.490120E-6,3.439057E-6,-2.567674E+1
3.405908E+2,3.259500E+3,3.576290E-6,-1.251700E-6,3.789011E-6,-1.929003E+1
3.407910E+2,3.239000E+3,3.993540E-6,-1.400720E-6,4.232065E-6,-1.932814E+1
3.409903E+2,3.229000E+3,3.695500E-6,-1.817950E-6,4.118454E-6,-2.619424E+1
3.411905E+2,3.208100E+3,2.950440E-6,-2.056370E-6,3.596353E-6,-3.487536E+1
3.413918E+2,3.195500E+3,2.473610E-6,-1.460320E-6,2.872504E-6,-3.055590E+1
3.415911E+2,3.186500E+3,2.503410E-6,1.788150E-7,2.509788E-6,4.085617E+0
3.417902E+2,3.162200E+3,4.172340E-7,-1.698740E-6,1.749229E-6,-7.620053E+1
3.419914E+2,3.153100E+3,-6.258520E-7,-2.175580E-6,2.263811E-6,-1.060490E+2
3.421917E+2,3.131800E+3,-2.056370E-6,-2.473610E-6,3.216738E-6,-1.297375E+2
3.423900E+2,3.122800E+3,-2.056370E-6,-1.490120E-6,2.539511E-6,-1.440716E+2
3.425901E+2,3.101600E+3,2.980250E-8,-1.758340E-6,1.758593E-6,-8.902898E+1
3.427914E+2,3.092600E+3,7.152590E-7,-2.086180E-6,2.205389E-6,-7.107542E+1
3.429905E+2,3.079600E+3,2.056370E-6,-5.066430E-7,2.117863E-6,-1.384073E+1
3.431907E+2,3.059200E+3,3.725300E-6,1.192100E-7,3.727207E-6,1.832846E+0
3.433900E+2,3.048600E+3,3.606100E-6,-2.384200E-7,3.613973E-6,-3.782648E+0
3.435902E+2,3.028600E+3,1.490130E-7,-1.311310E-6,1.319750E-6,-8.351691E+1
3.437903E+2,3.015800E+3,-7.748640E-7,-1.668940E-6,1.840048E-6,-1.149047E+2
3.439906E+2,2.995300E+3,5.960510E-8,-1.728540E-6,1.729567E-6,-8.802506E+1
3.441908E+2,2.984900E+3,-4.768410E-7,-1.966970E-6,2.023944E-6,-1.036270E+2
3.443910E+2,2.970900E+3,-2.384200E-7,-1.460320E-6,1.479655E-6,-9.927262E+1
3.445912E+2,2.952200E+3,-8.344690E-7,-1.013290E-6,1.312667E-6,-1.294723E+2
3.447902E+2,2.940800E+3,-1.251700E-6,-1.400720E-6,1.878502E-6,-1.317844E+2
3.449912E+2,2.918400E+3,-9.834840E-7,-7.748640E-7,1.252060E-6,-1.417663E+2
3.451902E+2,2.907100E+3,-1.966970E-6,-1.072890E-6,2.240550E-6,-1.513896E+2
3.453912E+2,2.894600E+3,-3.367680E-6,-1.013290E-6,3.516820E-6,-1.632542E+2
3.455913E+2,2.874000E+3,-6.020100E-6,-1.579530E-6,6.223867E-6,-1.652983E+2
3.457904E+2,2.864000E+3,-6.020100E-6,-2.056370E-6,6.361624E-6,-1.611407E+2
3.459905E+2,2.843100E+3,-5.006820E-6,-2.384200E-6,5.545508E-6,-1.545367E+2
3.461907E+2,2.830600E+3,-3.367680E-6,-2.801430E-6,4.380557E-6,-1.402444E+2
3.463909E+2,2.810500E+3,0.000000E+0,-2.443800E-6,2.443800E-6,-9.000000E+1
3.463909E+2,2.810500E+3,0.000000E+0,-2.443800E-6,2.841418E-6,-6.585443E+1
3.467910E+2,2.779700E+3,1.370910E-6,-1.609330E-6,2.114081E-6,-4.957394E+1
3.469902E+2,2.770200E+3,1.192100E-6,-3.576300E-7,1.244589E-6,-1.669924E+1
3.471904E+2,2.760300E+3,9.536820E-7,5.960500E-7,1.124627E-6,3.200533E+1
3.473917E+2,2.736700E+3,2.086170E-7,2.324600E-6,2.333942E-6,8.487183E+1
3.475909E+2,2.727600E+3,1.281510E-6,2.592820E-6,2.892228E-6,6.369896E+1
3.477901E+2,2.714600E+3,1.162300E-6,2.980250E-6,3.198880E-6,6.869418E+1
3.479903E+2,2.694200E+3,6.258520E-7,3.397480E-6,3.454643E-6,7.956252E+1
3.481906E+2,2.681700E+3,9.238760E-7,2.950440E-6,3.091706E-6,7.261301E+1
3.483903E+2,2.670400E+3,7.748640E-7,4.172350E-6,4.243692E-6,7.947923E+1
3.485905E+2,2.648000E+3,-9.536820E-7,4.529980E-6,4.629279E-6,1.018887E+2
3.487903E+2,2.636600E+3,-2.294790E-6,4.410770E-6,4.972017E-6,1.174866E+2
3.489901E+2,2.617900E+3,-2.950440E-6,2.115980E-6,3.630767E-6,1.443529E+2
3.491899E+2,2.606500E+3,-3.278270E-6,3.576300E-7,3.297719E-6,1.737742E+2
3.493901E+2,2.587000E+3,-3.725300E-6,8.642710E-7,3.824242E-6,1.669384E+2
3.495903E+2,2.575700E+3,-2.473610E-6,2.324600E-6,3.394483E-6,1.367788E+2
3.497904E+2,2.553300E+3,6.258520E-7,1.281510E-6,1.426169E-6,6.397047E+1
3.499905E+2,2.542000E+3,1.370910E-6,8.940730E-7,1.636692E-6,3.311138E+1
3.501906E+2,2.529600E+3,1.162300E-6,5.662480E-7,1.292895E-6,2.597437E+1
3.503916E+2,2.509000E+3,7.450620E-7,1.966970E-6,2.103352E-6,6.925398E+1
3.505916E+2,2.496000E+3,4.768410E-7,2.294790E-6,2.343809E-6,7.826139E+1
3.507917E+2,2.476100E+3,-1.132500E-6,2.086170E-7,1.151554E-6,1.695626E+2
3.509909E+2,2.465300E+3,-1.102690E-6,-1.788150E-7,1.117094E-6,-1.707890E+2
3.511901E+2,2.444800E+3,-1.221900E-6,1.579530E-6,1.996986E-6,1.277250E+2
3.513903E+2,2.434700E+3,-1.728540E-6,1.341110E-6,2.187790E-6,1.421934E+2
3.515915E+2,2.413800E+3,-2.145780E-6,0.000000E+0,2.145780E-6,1.800000E+2
3.517908E+2,2.404300E+3,-1.907360E-6,-8.940740E-8,1.909454E-6,-1.773162E+2
3.519910E+2,2.383100E+3,-5.066430E-7,8.940740E-8,5.144714E-7,1.699920E+2
3.521902E+2,2.373800E+3,9.238760E-7,9.536820E-7,1.327801E-6,4.590949E+1
3.523904E+2,2.361400E+3,1.162300E-6,1.311310E-6,1.752277E-6,4.844733E+1
3.525917E+2,2.340200E+3,9.536820E-7,1.788150E-6,2.026571E-6,6.192746E+1
3.527908E+2,2.330500E+3,3.874320E-7,1.907360E-6,1.946311E-6,7.851802E+1
3.529899E+2,2.309900E+3,-2.861040E-6,2.026570E-6,3.506071E-6,1.446888E+2
3.531899E+2,2.299700E+3,-3.427280E-6,2.235190E-6,4.091738E-6,1.468886E+2
3.533909E+2,2.288500E+3,-2.771630E-6,2.592820E-6,3.795346E-6,1.369091E+2
3.535900E+2,2.266900E+3,-1.192100E-6,3.248470E-6,3.460298E-6,1.101518E+2
3.537900E+2,2.255700E+3,-1.192100E-7,2.145780E-6,2.149089E-6,9.317983E+1
3.539912E+2,2.236200E+3,-2.741830E-6,2.205390E-6,3.518718E-6,1.411886E+2
3.541904E+2,2.224700E+3,-3.308070E-6,2.145780E-6,3.943057E-6,1.470305E+2
3.543914E+2,2.205000E+3,-3.427280E-6,0.000000E+0,3.427280E-6,1.800000E+2
3.545906E+2,2.191600E+3,-2.950440E-6,-8.046660E-7,3.058199E-6,-1.647449E+2
3.547908E+2,2.181700E+3,-2.592820E-6,-2.056370E-6,3.309286E-6,-1.415820E+2
3.549908E+2,2.158600E+3,0.000000E+0,-5.662480E-7,5.662480E-7,-9.000000E+1
3.551918E+2,2.147900E+3,4.768410E-7,-1.102690E-6,1.201375E-6,-6.661469E+1
3.553910E+2,2.127400E+3,-1.072890E-6,-8.344690E-7,1.359203E-6,-1.421251E+2
3.555902E+2,2.117400E+3,-2.473610E-6,-1.609330E-6,2.951049E-6,-1.469520E+2
3.557899E+2,2.096500E+3,-2.890840E-6,-1.817950E-6,3.414952E-6,-1.478356E+2
3.559912E+2,2.087000E+3,-3.039850E-6,-1.877550E-6,3.572937E-6,-1.482986E+2
3.561909E+2,2.065300E+3,-1.668940E-6,-1.788150E-6,2.445985E-6,-1.330251E+2
3.563902E+2,2.056100E+3,-1.609330E-6,-2.443800E-6,2.926107E-6,-1.233663E+2
3.565904E+2,2.034300E+3,-1.013290E-6,-1.519930E-6,1.826730E-6,-1.236902E+2
3.567907E+2,2.022000E+3,-3.874320E-7,-1.728540E-6,1.771427E-6,-1.026334E+2
3.569916E+2,2.011900E+3,-4.768410E-7,-2.861040E-6,2.900505E-6,-9.946234E+1
3.571904E+2,1.987400E+3,-5.960500E-7,4.768410E-7,7.633171E-7,1.413401E+2
3.573908E+2,1.978000E+3,-1.907360E-6,9.238760E-7,2.119332E-6,1.541557E+2
3.575910E+2,1.966400E+3,-2.324600E-6,1.490120E-6,2.761200E-6,1.473392E+2
3.577901E+2,1.942700E+3,-6.854570E-7,2.652420E-6,2.739559E-6,1.044898E+2
3.579902E+2,1.930700E+3,2.980250E-8,3.814730E-6,3.814846E-6,8.955239E+1
3.581912E+2,1.909700E+3,-1.251700E-6,3.546490E-6,3.760897E-6,1.094400E+2
3.583904E+2,1.897600E+3,-2.682230E-7,2.205390E-6,2.221641E-6,9.693435E+1
3.585901E+2,1.874000E+3,1.311310E-6,1.162300E-6,1.752277E-6,4.155268E+1
3.587912E+2,1.861900E+3,1.341110E-6,1.549730E-6,2.049448E-6,4.912765E+1
3.589903E+2,1.840700E+3,1.490120E-6,9.834840E-7,1.785413E-6,3.342494E+1
3.591906E+2,1.828400E+3,1.192100E-7,1.996770E-6,2.000325E-6,8.658342E+1
3.593918E+2,1.817900E+3,-7.748640E-7,3.248470E-6,3.339606E-6,1.034162E+2
3.595899E+2,1.792600E+3,-2.175580E-6,3.129260E-6,3.811222E-6,1.248085E+2
3.597907E+2,1.781400E+3,-1.639140E-6,1.668940E-6,2.339261E-6,1.344839E+2
3.599914E+2,1.757100E+3,6.854570E-7,1.788150E-7,7.083969E-7,1.462088E+1
3.601906E+2,1.745100E+3,1.162300E-6,7.152590E-7,1.364748E-6,3.160741E+1
3.603906E+2,1.723700E+3,-5.960500E-7,-4.768410E-7,7.633171E-7,-1.413401E+2
3.605906E+2,1.712400E+3,-1.549730E-6,-1.072890E-6,1.884876E-6,-1.453048E+2
3.607908E+2,1.702500E+3,-2.086180E-6,-1.519930E-6,2.581150E-6,-1.439240E+2
3.609908E+2,1.680100E+3,8.344690E-7,2.384200E-7,8.678609E-7,1.594541E+1
3.611918E+2,1.658400E+3,2.414000E-6,2.741830E-6,3.653085E-6,4.863822E+1
3.613908E+2,1.648400E+3,2.771630E-6,2.205390E-6,3.541988E-6,3.850932E+1
3.615905E+2,1.638100E+3,1.549730E-6,5.662480E-7,1.649939E-6,2.007154E+1
3.617916E+2,1.614000E+3,-2.384200E-7,5.066430E-7,5.599386E-7,1.152011E+2
3.619916E+2,1.604700E+3,-9.536820E-7,1.192100E-7,9.611037E-7,1.728750E+2
3.621906E+2,1.583600E+3,-1.639140E-6,8.046660E-7,1.825998E-6,1.538532E+2
3.623908E+2,1.574200E+3,-2.145780E-6,-8.940740E-8,2.147642E-6,-1.776141E+2
3.625910E+2,1.563000E+3,-2.592820E-6,-1.043090E-6,2.794772E-6,-1.580851E+2
3.627902E+2,1.542200E+3,-3.188860E-6,-1.490120E-6,3.519842E-6,-1.549538E+2
3.629912E+2,1.531400E+3,-3.576290E-6,-1.221900E-6,3.779271E-6,-1.611364E+2
3.631902E+2,1.513200E+3,-3.308070E-6,-1.788150E-7,3.312899E-6,-1.769059E+2
3.633899E+2,1.502500E+3,-4.082950E-6,3.874320E-7,4.101291E-6,1.745794E+2
3.635900E+2,1.484500E+3,-2.652420E-6,1.490130E-7,2.656602E-6,1.767845E+2
3.637910E+2,1.474100E+3,-1.162300E-6,-3.576300E-7,1.216076E-6,-1.628973E+2
3.639918E+2,1.456300E+3,-2.384200E-7,-6.556550E-7,6.976586E-7,-1.099831E+2
3.641900E+2,1.446400E+3,-3.576300E-7,-2.682230E-7,4.470378E-7,-1.431301E+2
3.643902E+2,1.428400E+3,-2.384200E-7,-2.384200E-7,3.371768E-7,-1.350000E+2
3.645903E+2,1.419300E+3,2.980250E-8,-6.854570E-7,6.861046E-7,-8.751045E+1
3.647915E+2,1.399500E+3,-1.102690E-6,-8.046660E-7,1.365069E-6,-1.438807E+2
3.649901E+2,1.389600E+3,-7.748640E-7,-9.238760E-7,1.205803E-6,-1.299869E+2
3.651901E+2,1.379000E+3,-5.364450E-7,-1.490120E-6,1.583740E-6,-1.097989E+2
3.653912E+2,1.360500E+3,4.768410E-7,2.980250E-8,4.777714E-7,3.576327E+0
3.655902E+2,1.349400E+3,8.046660E-7,-3.576300E-7,8.805604E-7,-2.396253E+1
3.657913E+2,1.341600E+3,4.768410E-7,-9.238760E-7,1.039675E-6,-6.270034E+1
3.659905E+2,1.322700E+3,-1.251700E-6,-1.460320E-6,1.923353E-6,-1.306012E+2
3.661906E+2,1.304400E+3,-1.668940E-6,-2.175580E-6,2.741990E-6,-1.274927E+2
3.663906E+2,1.295900E+3,-1.251700E-6,-2.056370E-6,2.407366E-6,-1.213286E+2
3.665907E+2,1.287200E+3,-1.251700E-6,-1.281510E-6,1.791374E-6,-1.343258E+2
3.667917E+2,1.266100E+3,-2.473610E-6,1.788150E-6,3.052249E-6,1.441372E+2
3.669908E+2,1.255300E+3,-3.427280E-6,1.430520E-6,3.713844E-6,1.573447E+2
3.671910E+2,1.245300E+3,-3.933940E-6,1.490130E-7,3.936761E-6,1.778307E+2
3.673901E+2,1.228000E+3,-3.248470E-6,-8.940730E-7,3.369262E-6,-1.646116E+2
3.675902E+2,1.216300E+3,-3.665700E-6,-3.576300E-7,3.683104E-6,-1.744278E+2
3.677904E+2,1.206300E+3,-4.023340E-6,5.662480E-7,4.062992E-6,1.719888E+2
3.679905E+2,1.187000E+3,-5.781680E-6,2.861040E-6,6.450843E-6,1.536717E+2
3.681917E+2,1.176900E+3,-5.245240E-6,2.652420E-6,5.877744E-6,1.531751E+2
3.683917E+2,1.159500E+3,-3.129260E-6,8.046660E-7,3.231061E-6,1.655792E+2
3.685906E+2,1.146900E+3,-3.337870E-6,9.834840E-7,3.479744E-6,1.635827E+2
3.687908E+2,1.130600E+3,-2.920640E-6,1.519930E-6,3.292465E-6,1.525071E+2
3.689900E+2,1.120300E+3,-3.039850E-6,1.579530E-6,3.425727E-6,1.525433E+2
3.691912E+2,1.103300E+3,-3.069650E-6,-2.682230E-7,3.081346E-6,-1.750062E+2
3.693903E+2,1.093200E+3,-2.950440E-6,-4.768410E-7,2.988724E-6,-1.708194E+2
3.695914E+2,1.076100E+3,-2.145780E-6,-1.549730E-6,2.646892E-6,-1.441623E+2
3.697906E+2,1.066500E+3,-1.281510E-6,-1.966970E-6,2.347603E-6,-1.230848E+2
3.699908E+2,1.058700E+3,-7.450620E-7,-7.748640E-7,1.074957E-6,-1.338767E+2
3.701909E+2,1.037600E+3,-1.341110E-6,3.576300E-7,1.387975E-6,1.650686E+2
3.703900E+2,1.026900E+3,-2.056370E-6,1.490130E-7,2.061762E-6,1.758554E+2
3.705901E+2,1.018500E+3,-1.519930E-6,-2.980250E-8,1.520222E-6,-1.788767E+2
3.707902E+2,1.000800E+3,-6.556550E-7,-3.278270E-7,7.330444E-7,-1.534350E+2
3.709904E+2,9.919000E+2,-4.768410E-7,0.000000E+0,4.768410E-7,1.800000E+2
3.711907E+2,9.721000E+2,1.072890E-6,-2.056370E-6,2.319429E-6,-6.244716E+1
3.713908E+2,9.641000E+2,9.536820E-7,-2.205390E-6,2.402760E-6,-6.661478E+1
3.715900E+2,9.542000E+2,5.960510E-8,-1.817950E-6,1.818927E-6,-8.812212E+1
3.717902E+2,9.362000E+2,-3.069650E-6,-6.556550E-7,3.138891E-6,-1.679432E+2
3.719903E+2,9.267000E+2,-3.695500E-6,9.536820E-7,3.816573E-6,1.655296E+2
3.721904E+2,9.105000E+2,-4.738600E-6,2.056370E-6,5.165558E-6,1.565410E+2
3.723904E+2,8.994000E+2,-4.708800E-6,2.324600E-6,5.251339E-6,1.537258E+2
3.725914E+2,8.902000E+2,-3.665700E-6,2.890840E-6,4.668438E-6,1.417400E+2
3.727904E+2,8.724000E+2,-1.490120E-6,4.440580E-6,4.683931E-6,1.085501E+2
3.729904E+2,8.628000E+2,-7.450620E-7,3.904130E-6,3.974588E-6,1.008044E+2
3.731914E+2,8.447000E+2,-2.503410E-6,3.337870E-6,4.172342E-6,1.268700E+2
3.733906E+2,8.352000E+2,-2.473610E-6,3.993540E-6,4.697564E-6,1.217742E+2
3.735908E+2,8.202000E+2,-6.258520E-7,4.589590E-6,4.632065E-6,9.776515E+1
3.737900E+2,8.107000E+2,-1.132500E-6,4.678990E-6,4.814094E-6,1.036062E+2
3.739911E+2,7.950000E+2,-1.847750E-6,4.142550E-6,4.535956E-6,1.140389E+2
3.741903E+2,7.857000E+2,-2.950440E-6,4.261760E-6,5.183406E-6,1.246951E+2
3.743913E+2,7.759000E+2,-1.877550E-6,4.291560E-6,4.684302E-6,1.136293E+2
3.745905E+2,7.585000E+2,-9.834840E-7,3.993540E-6,4.112858E-6,1.038349E+2
3.747907E+2,7.487000E+2,-1.519930E-6,3.933940E-6,4.217354E-6,1.111247E+2
3.749907E+2,7.413000E+2,-1.788150E-6,3.933940E-6,3.786668E-6,1.181787E+2
3.751917E+2,7.244000E+2,-1.519930E-6,3.099460E-6,3.452078E-6,1.161227E+2
3.753909E+2,7.075000E+2,-2.145780E-6,2.414000E-6,3.229825E-6,1.316336E+2
3.755911E+2,7.003000E+2,-1.579530E-6,5.662480E-7,1.677961E-6,1.602777E+2
3.757903E+2,6.921000E+2,-1.937170E-6,8.046660E-7,2.097645E-6,1.574429E+2
3.759916E+2,6.738000E+2,-4.172350E-6,2.115980E-6,4.678234E-6,1.531085E+2
3.761907E+2,6.665000E+2,-4.768400E-6,2.771630E-6,5.515394E-6,1.498327E+2
3.763917E+2,6.501000E+2,-5.304840E-6,2.354400E-6,5.803837E-6,1.560673E+2
3.765907E+2,6.423000E+2,-4.649190E-6,1.996770E-6,5.059848E-6,1.567571E+2
3.767917E+2,6.333000E+2,-4.172350E-6,2.264990E-6,4.747492E-6,1.515044E+2
3.769907E+2,6.168000E+2,-3.486890E-6,1.370910E-6,3.746705E-6,1.585372E+2
3.771908E+2,6.078000E+2,-4.321370E-6,2.324600E-6,4.906934E-6,1.517228E+2
3.773901E+2,5.929000E+2,-3.159060E-6,2.682230E-7,3.170426E-6,1.751469E+2
3.775903E+2,5.839000E+2,-2.950440E-6,1.490130E-7,2.954201E-6,1.771087E+2
3.777905E+2,5.744000E+2,-1.579530E-6,2.384200E-7,1.597423E-6,1.714164E+2
3.779906E+2,5.565000E+2,-2.980250E-8,-9.834840E-7,9.839354E-7,-9.173570E+1
3.781913E+2,5.488000E+2,7.152590E-7,-7.152590E-7,1.011529E-6,-4.500000E+1
3.783913E+2,5.327000E+2,1.221900E-6,2.384200E-7,1.244943E-6,1.104096E+1
3.785913E+2,5.256000E+2,2.384200E-7,8.940740E-8,2.546326E-7,2.055602E+1
3.787907E+2,5.100000E+2,-1.192100E-7,-2.086170E-7,2.402750E-7,-1.197449E+2
3.789909E+2,5.022000E+2,2.980250E-8,-3.874320E-7,3.885766E-7,-8.560129E+1
3.791909E+2,4.865000E+2,-1.639140E-6,-4.172340E-7,1.691409E-6,-1.657190E+2
3.793906E+2,4.781000E+2,-3.129260E-6,-6.556550E-7,3.197210E-6,-1.681663E+2
3.795900E+2,4.552000E+2,-3.874330E-6,6.556550E-7,3.929417E-6,1.703948E+2
3.797904E+2,4.371000E+2,-5.692270E-6,1.788150E-7,5.695078E-6,1.782007E+2
3.799905E+2,3.999000E+2,-4.500180E-6,-1.966970E-6,4.911272E-6,-1.563905E+2
3.801906E+2,3.779000E+2,-4.619390E-6,-3.039850E-6,5.529869E-6,-1.466526E+2
3.803919E+2,3.344000E+2,-5.185630E-6,-2.831240E-6,5.908187E-6,-1.513664E+2
3.805903E+2,3.100000E+2,-4.619390E-6,-2.563010E-6,5.282782E-6,-1.509769E+2
3.807906E+2,2.634000E+2,-3.933940E-6,-2.414000E-6,4.615548E-6,-1.484653E+2
3.809904E+2,2.367000E+2,-4.351170E-6,-2.294790E-6,4.919222E-6,-1.521930E+2
3.811918E+2,1.851000E+2,-6.407530E-6,-1.251700E-6,6.528644E-6,-1.689466E+2
3.813903E+2,1.571000E+2,-8.553320E-6,-4.470370E-7,8.564994E-6,-1.770082E+2
3.815909E+2,1.035000E+2,-1.204020E-5,5.662480E-7,1.205351E-5,1.773074E+2
3.817907E+2,7.520000E+1,-1.305350E-5,6.258520E-7,1.306849E-5,1.772551E+2
3.819901E+2,2.050000E+1,-1.308330E-5,2.980250E-7,1.308669E-5,1.786951E+2
3.821910E+2,-7.400000E+0,-1.037130E-5,1.639140E-6,1.050003E-5,1.710189E+2
3.823903E+2,-6.230000E+1,-1.788150E-6,4.053140E-6,4.430059E-6,1.138059E+2
3.825901E+2,-8.910000E+1,2.563010E-6,4.172350E-6,4.896685E-6,5.843824E+1
3.827909E+2,-1.155000E+2,5.126030E-6,4.589590E-6,6.880445E-6,4.183967E+1
3.829900E+2,-1.691000E+2,5.900890E-6,3.933940E-6,7.091995E-6,3.369016E+1
3.831906E+2,-1.952000E+2,5.841280E-6,3.367680E-6,6.742538E-6,2.996479E+1
3.833906E+2,-2.530000E+2,5.841280E-6,1.013290E-6,5.928517E-6,9.841196E+0
3.835909E+2,-2.770000E+2,5.573060E-6,-1.609330E-6,5.800771E-6,-1.610711E+1
3.837907E+2,-3.093000E+2,6.377730E-6,-2.294790E-6,6.778016E-6,-1.978939E+1
3.839911E+2,-3.539000E+2,4.351170E-6,-3.576300E-7,4.365842E-6,-4.698675E+0
