Date  3.6.2025
time  12:09:03
#_Alloy  1
type_of_Glass  1
#_bobbin  0
time_seconds  length  Z  Phase  R  C  pressure  winding_Speed  speed_of_feeding_glass  power_of_generator_percent
0.155  0.128805  1793.96  89.9906  0.295  0.4  6.7  64  2.8332  100
0.204  0.128805  1909.75  95.1178  170.359  0.38  6.7  64  2.8332  100
0.253  0.257611  1869.7  95.0571  164.813  0.39  6.7  64  2.8332  100
0.302  0.257611  1947.08  88.1032  64.448  0.37  6.7  64  2.8332  100
0.351  0.257611  1975.2  89.8916  3.736  0.37  6.7  64  2.8332  100
0.4  0.386416  1852.33  94.0093  129.512  0.39  6.9  64  2.8332  100
0.448  0.386416  1900.01  95.0349  166.751  0.38  6.9  64  2.8332  100
0.497  0.386416  1902.81  96.2739  207.941  0.38  6.9  64  2.8332  100
0.546  0.515221  1855.1  94.2469  137.379  0.39  6.9  64  2.8332  100
0.595  0.515221  1984.1  89.8277  5.967  0.36  6.9  64  2.8332  100
0.643  0.644026  1967.16  89.7456  8.733  0.37  6.9  64  2.8332  100
0.692  0.644026  1858.51  95.1986  168.396  0.39  7.1  64  2.8332  100
0.741  0.644026  1917.83  95.1644  172.63  0.38  7.1  64  2.8332  100
0.79  0.772832  1820.92  94.09  129.875  0.4  7.1  64  2.8332  100
0.838  0.772832  1949.56  89.1859  27.699  0.37  7.1  64  2.8332  100
0.887  0.772832  1895.23  94.7078  155.548  0.38  7.1  64  2.8332  100
0.936  0.901637  1945  89.8634  4.639  0.37  7.1  64  2.8332  100
0.985  0.901637  2005.77  89.9997  0.009  0.36  7.4  64  2.8332  100
1.033  1.03044  1892.97  94.864  160.507  0.38  7.4  64  2.8332  100
1.082  1.03044  1784.12  90.0428  1.334  0.41  7.4  64  2.8332  100
1.131  1.03044  2026.67  89.9699  1.065  0.36  7.4  64  2.8332  100
1.18  1.15925  1809.87  89.9934  0.207  0.4  7.4  64  2.8332  100
1.228  1.15925  1863.26  95.262  170.879  0.39  7.4  64  2.8332  100
1.277  1.28805  1921.46  94.9505  165.812  0.38  7.5  64  2.8332  100
1.326  1.28805  1792.59  90.0142  0.443  0.4  7.5  64  2.8332  100
1.375  1.28805  1960.47  89.0479  32.577  0.37  7.5  64  2.8332  100
1.423  1.41686  1979.73  89.868  4.56  0.37  7.5  64  2.8332  100
1.472  1.41686  1835.82  94.194  134.26  0.4  7.5  64  2.8332  100
1.521  1.54566  2008.35  89.9486  1.801  0.36  7.5  64  2.8332  100
1.57  1.54566  1890  96.1559  202.672  0.38  7.7  64  2.8332  100
1.618  1.54566  1852.95  94.1225  133.207  0.39  7.7  64  2.8332  100
1.667  1.67447  1906.49  95.0901  169.149  0.38  7.7  64  2.8332  100
1.716  1.67447  1883.77  95.1571  169.325  0.39  7.7  64  2.8332  100
1.765  1.80327  1930.32  89.2585  24.981  0.37  7.7  64  2.8332  100
1.813  1.80327  1926.32  94.9688  166.843  0.38  7.7  64  2.8332  100
1.862  1.80327  1855.08  95.1025  164.988  0.39  7.7  64  2.8332  100
1.911  1.93208  1959.85  89.1271  29.856  0.37  8  64  2.8332  100
1.959  1.93208  1903.92  94.8903  162.304  0.38  8  64  2.8332  100
2.008  2.06088  1934.43  89.8825  3.967  0.37  8  64  2.8332  100
2.057  2.06088  2015.4  89.9888  0.394  0.36  8  64  2.8332  100
2.105  2.06088  1895.7  96.4075  211.558  0.38  8  64  2.8332  100
2.154  2.18969  1849.38  94.0082  129.272  0.39  8  64  2.8332  100
2.203  2.18969  1886.97  94.0312  132.652  0.38  8.1  64  2.8332  100
2.252  2.3185  1871.83  95.184  169.127  0.39  8.1  64  2.8332  100
2.3  2.3185  1849.14  93.9637  127.821  0.39  8.1  64  2.8332  100
2.349  2.3185  1999.61  89.7643  8.226  0.36  8.1  64  2.8332  100
2.398  2.4473  1846.43  94.0039  128.927  0.39  8.1  64  2.8332  100
2.447  2.4473  1990.81  89.963  1.285  0.36  8.1  64  2.8332  100
2.495  2.57611  1958.23  89.7931  7.072  0.37  8.2  64  2.8332  100
2.544  2.57611  1843.08  95.3408  171.552  0.39  8.2  64  2.8332  100
2.593  2.57611  1891.4  94.0012  131.976  0.38  8.2  64  2.8332  100
2.642  2.70491  1897.2  94.79  158.424  0.38  8.2  64  2.8332  100
2.691  2.70491  1862.82  95.1717  167.917  0.39  8.2  64  2.8332  100
2.74  2.83372  1993.98  89.5645  15.155  0.36  8.2  64  2.8332  100
2.788  2.83372  1982.09  90.0253  0.877  0.36  8.3  64  2.8332  100
2.837  2.83372  1791.14  90.0056  0.174  0.4  8.3  64  2.8332  100
2.886  2.96252  1892.77  95.1269  169.141  0.38  8.3  64  2.8332  100
2.935  2.96252  1804.04  89.9888  0.354  0.4  8.3  64  2.8332  100
2.983  3.09133  1944.96  89.0621  31.836  0.37  8.3  64  2.8332  100
3.032  3.09133  1981.66  89.8958  3.603  0.37  8.3  64  2.8332  100
3.081  3.09133  1869.7  95.3621  174.724  0.39  8.5  64  2.8332  100
3.13  3.22013  2022.03  89.9934  0.233  0.36  8.5  64  2.8332  100
3.178  3.22013  1884.09  94.9199  161.585  0.39  8.5  64  2.8332  100
3.227  3.34894  1832.33  94.0806  130.388  0.4  8.5  64  2.8332  100
3.276  3.34894  1890.83  95.0444  166.258  0.38  8.5  64  2.8332  100
3.325  3.34894  1864.68  94.949  160.863  0.39  8.5  64  2.8332  100
3.373  3.47774  1926.83  89.0928  30.507  0.38  8.3  64  2.8332  100
3.422  3.47774  1991.22  89.8842  4.024  0.36  8.3  64  2.8332  100
3.471  3.60655  1850.15  94.9951  161.093  0.39  8.3  64  2.8332  100
3.52  3.60655  1868.14  94.1836  136.287  0.39  8.3  64  2.8332  100
3.568  3.73535  1994.15  89.7165  9.866  0.36  8.3  64  2.8332  100
3.617  3.73535  1843.77  94.3236  139.002  0.39  8.3  64  2.8332  100
3.666  3.73535  1965.71  88.8275  40.224  0.37  8.6  64  2.8332  100
3.715  3.86416  1997.49  89.9839  0.562  0.36  8.6  64  2.8332  100
3.764  3.86416  1922.96  89.1524  28.446  0.38  8.6  64  2.8332  100
3.812  3.99296  1997.59  89.8717  4.473  0.36  8.6  64  2.8332  100
3.861  3.99296  1857.27  94.9496  160.246  0.39  8.6  64  2.8332  100
3.91  3.99296  1862.7  94.0092  130.233  0.39  8.6  64  2.8332  100
3.959  4.12177  1906.73  95.1363  170.7  0.38  8.4  64  2.8332  100
4.007  4.12177  1839.41  94.0527  129.998  0.39  8.4  64  2.8332  100
4.056  4.25057  1948.48  88.9664  35.149  0.37  8.4  64  2.8332  100
4.105  4.25057  1989.69  89.8921  3.746  0.36  8.4  64  2.8332  100
4.154  4.25057  1846.75  95.5023  177.076  0.39  8.4  64  2.8332  100
4.203  4.37938  1959.43  89.0918  31.059  0.37  8.4  64  2.8332  100
4.252  4.37938  1886.36  96.3644  209.105  0.39  8.4  64  2.8332  100
4.3  4.50819  1835.35  94.1055  131.398  0.4  8.5  64  2.8332  100
4.349  4.50819  1848.61  89.9901  0.318  0.39  8.5  64  2.8332  100
4.398  4.50819  1883.08  95.0203  164.785  0.39  8.5  64  2.8332  100
4.447  4.63699  1948.52  89.2294  26.205  0.37  8.5  64  2.8332  100
4.496  4.63699  1904.4  95.2931  175.681  0.38  8.5  64  2.8332  100
4.544  4.7658  1841.52  95.6261  180.535  0.39  8.5  64  2.8332  100
4.593  4.7658  1855.23  94.2709  138.163  0.39  8.3  64  2.8332  100
4.642  4.7658  1817.19  89.9905  0.3  0.4  8.3  64  2.8332  100
4.691  4.8946  1861.6  95.2258  169.556  0.39  8.3  64  2.8332  100
4.739  4.8946  1981.47  89.8793  4.176  0.37  8.3  64  2.8332  100
4.788  5.02341  1870.36  95.4981  179.206  0.39  8.3  64  2.8332  100
4.837  5.02341  1865.57  93.9894  129.792  0.39  8.3  64  2.8332  100
4.886  5.02341  1906.73  95.1363  170.7  0.38  8.5  64  2.8332  100
4.934  5.15221  1980.6  90.033  1.14  0.37  8.5  64  2.8332  100
4.983  5.15221  1867.82  95.2804  171.896  0.39  8.5  64  2.8332  100
5.032  5.28102  1896.44  95.2463  173.407  0.38  8.5  64  2.8332  100
5.081  5.28102  1852.01  95.3777  173.573  0.39  8.5  64  2.8332  100
5.13  5.28102  1936.53  88.1326  63.104  0.37  8.5  64  2.8332  100
5.178  5.40982  1899.71  94.6792  154.973  0.38  8.3  64  2.8332  100
5.227  5.40982  1929.29  89.3015  23.521  0.38  8.3  64  2.8332  100
5.276  5.53863  1966.15  88.863  39.014  0.37  8.3  64  2.8332  100
5.325  5.53863  1888.24  96.4481  212.057  0.39  8.3  64  2.8332  100
5.373  5.53863  1856.08  95.3064  171.653  0.39  8.3  64  2.8332  100
5.422  5.66743  1983.3  89.6217  13.095  0.36  8.3  64  2.8332  100
5.471  5.66743  1860.81  95.0664  164.33  0.39  8.5  64  2.8332  100
5.52  5.79624  1856.41  94.2165  136.493  0.39  8.5  64  2.8332  100
5.569  5.79624  1890.6  94.9987  164.733  0.38  8.5  64  2.8332  100
5.617  5.79624  1862.47  95.4063  175.477  0.39  8.5  64  2.8332  100
5.666  5.92504  1956.24  88.9589  35.545  0.37  8.5  64  2.8332  100
5.715  5.92504  1888.52  94.892  161.049  0.38  8.5  64  2.8332  100
5.763  6.05385  1848.17  95.4936  176.934  0.39  8.5  64  2.8332  100
5.812  6.05385  1976.87  88.9534  36.11  0.37  8.5  64  2.8332  100
5.861  6.05385  1987.58  89.9595  1.404  0.36  8.5  64  2.8332  100
5.909  6.18265  1934.63  89.2338  25.869  0.37  8.5  64  2.8332  100
5.958  6.18265  1832.06  90.0037  0.117  0.39  8.5  64  2.8332  100
6.007  6.31146  1864.91  94.9941  162.346  0.39  8.5  64  2.8332  100
6.055  6.31146  1857.22  94.0933  132.569  0.39  8.6  64  2.8332  100
6.104  6.31146  1981.25  89.8601  4.837  0.37  8.6  64  2.8332  100
6.153  6.44026  1936.27  89.9096  3.053  0.37  8.6  64  2.8332  100
6.202  6.44026  1947.62  88.0234  67.175  0.37  8.6  64  2.8332  100
6.25  6.56907  1989.69  89.8921  3.746  0.36  8.6  64  2.8332  100
6.3  6.56907  1855.51  95.4951  177.684  0.39  8.6  64  2.8332  100
6.349  6.69788  1973.68  89.0862  31.476  0.37  8.7  64  2.8332  100
6.397  6.69788  1999  89.9762  0.832  0.36  8.7  64  2.8332  100
6.446  6.69788  1861.51  94.0639  131.922  0.39  8.7  64  2.8332  100
6.495  6.82668  1909.16  95.3121  176.751  0.38  8.7  64  2.8332  100
6.544  6.82668  1796.83  89.9917  0.262  0.4  8.7  64  2.8332  100
6.593  6.95549  1929.47  88.0645  65.167  0.38  8.7  64  2.8332  100
6.642  6.95549  1917.12  95.0251  167.924  0.38  8.7  64  2.8332  100
6.691  6.95549  1867.24  95.4703  178.005  0.39  8.7  64  2.8332  100
6.739  7.08429  1838.07  90.0085  0.272  0.39  8.7  64  2.8332  100
6.788  7.08429  1881.12  96.2057  203.345  0.39  8.7  64  2.8332  100
6.837  7.2131  1849.8  95.5298  178.253  0.39  8.7  64  2.8332  100
6.886  7.2131  1833.72  90.0669  2.142  0.39  8.7  64  2.8332  100
6.934  7.2131  1891.16  95.1115  168.491  0.38  8.7  64  2.8332  100
6.983  7.3419  1981.42  89.9739  0.901  0.37  9  64  2.8332  100
7.032  7.3419  1913.83  94.9974  166.715  0.38  9  64  2.8332  100
7.081  7.47071  1841.98  95.4149  173.822  0.39  9  64  2.8332  100
7.129  7.47071  1958.75  88.9063  37.387  0.37  9  64  2.8332  100
7.179  7.47071  1980.01  89.753  8.534  0.37  9  64  2.8332  100
7.227  7.59951  1868.04  95.3257  173.386  0.39  9  64  2.8332  100
7.276  7.59951  1889.66  93.9657  130.686  0.38  9  64  2.8332  100
7.325  7.72832  1802.62  89.9963  0.116  0.4  9  64  2.8332  100
7.373  7.72832  1860.6  95.3249  172.668  0.39  9  64  2.8332  100
7.422  7.72832  1974.31  89.0063  34.238  0.37  9  64  2.8332  100
7.471  7.85712  1997.49  89.9839  0.562  0.36  9  64  2.8332  100
7.52  7.85712  1919.03  88.2071  60.041  0.38  9  64  2.8332  100
7.569  7.98593  1925.5  95.118  171.769  0.38  9.1  64  2.8332  100
7.618  7.98593  1861.46  95.5053  178.585  0.39  9.1  64  2.8332  100
7.666  7.98593  1934.83  89.1208  29.688  0.37  9.1  64  2.8332  100
7.715  8.11473  1996.11  89.7444  8.904  0.36  9.1  64  2.8332  100
7.764  8.11473  1861.82  95.2709  171.035  0.39  9.1  64  2.8332  100
7.813  8.24354  1979.16  88.7483  43.233  0.37  9.1  64  2.8332  100
7.861  8.24354  1997.49  89.9839  0.562  0.36  9  64  2.8332  100
7.91  8.24354  1801.15  89.9877  0.387  0.4  9  64  2.8332  100
7.959  8.37234  1919.45  94.867  162.851  0.38  9  64  2.8332  100
8.008  8.37234  1878.38  96.2679  205.075  0.39  9  64  2.8332  100
8.056  8.50115  1926  89.0233  32.831  0.38  9  64  2.8332  100
8.106  8.50115  1971.38  89.8363  5.633  0.37  9  64  2.8332  100
8.154  8.50115  1850.04  95.2728  170.015  0.39  9.4  64  2.8332  100
8.203  8.62996  1921.41  88.1542  61.887  0.38  9.4  64  2.8332  100
8.252  8.62996  1903.68  94.8442  160.759  0.38  9.4  64  2.8332  100
8.301  8.75876  1847.17  95.5918  179.991  0.39  9.4  64  2.8332  100
8.35  8.75876  1954.38  89.1961  27.421  0.37  9.4  64  2.8332  100
8.398  8.75876  1888.2  95.1297  168.827  0.38  9.4  64  2.8332  100
8.447  8.88757  1805.52  89.9999  0.003  0.4  9.2  64  2.8332  100
8.496  8.88757  1845.71  90.0413  1.33  0.39  9.2  64  2.8332  100
8.544  9.01637  1866.36  94.9849  162.175  0.39  9.2  64  2.8332  100
8.593  9.01637  1799.91  90.0648  2.036  0.4  9.2  64  2.8332  100
8.642  9.01637  2000.51  89.9684  1.102  0.36  9.2  64  2.8332  100
8.691  9.14518  1801.19  90.0038  0.121  0.4  9.2  64  2.8332  100
8.739  9.14518  1871.35  93.9497  128.9  0.39  9.4  64  2.8332  100
8.788  9.27398  1906.45  94.7792  158.839  0.38  9.4  64  2.8332  100
8.837  9.27398  1932.99  89.8902  3.705  0.37  9.4  64  2.8332  100
8.886  9.27398  1956.48  89.1087  30.434  0.37  9.4  64  2.8332  100
8.934  9.40279  1972.06  89.7573  8.354  0.37  9.4  64  2.8332  100
8.984  9.40279  1933.6  89.2769  24.401  0.37  9.4  64  2.8332  100
9.033  9.53159  1907.06  94.8962  162.768  0.38  9.6  64  2.8332  100
9.081  9.53159  1872.15  94.9483  161.486  0.39  9.6  64  2.8332  100
9.13  9.53159  1857.71  94.1828  135.499  0.39  9.6  64  2.8332  100
9.179  9.6604  1994.99  89.7884  7.366  0.36  9.6  64  2.8332  100
9.228  9.6604  1853.43  95.0666  163.685  0.39  9.6  64  2.8332  100
9.277  9.7892  1956.05  89.0734  31.633  0.37  9.6  64  2.8332  100
9.325  9.7892  1908.44  94.862  161.753  0.38  9.6  64  2.8332  100
9.374  9.91801  1845.88  94.171  134.256  0.39  9.5  64  2.8332  100
9.423  9.91801  1975.81  88.9977  34.561  0.37  9.5  64  2.8332  100
9.472  9.91801  1887.05  94.9013  161.228  0.38  9.5  64  2.8332  100
9.52  10.0468  1969.63  90.0349  1.198  0.37  9.5  64  2.8332  100
9.569  10.0468  1989.5  89.8755  4.323  0.36  9.5  64  2.8332  100
9.618  10.1756  1859.6  95.1205  165.97  0.39  9.5  64  2.8332  100
9.667  10.1756  1929.69  89.0761  31.114  0.37  9.6  64  2.8332  100
9.715  10.1756  1978.22  89.8759  4.285  0.37  9.6  64  2.8332  100
9.764  10.3044  1861.03  95.4151  175.626  0.39  9.6  64  2.8332  100
9.813  10.3044  1950.37  88.9931  34.275  0.37  9.6  64  2.8332  100
9.862  10.4332  1893.21  94.9098  162.035  0.38  9.6  64  2.8332  100
9.911  10.4332  1926.43  89.3178  22.938  0.38  9.6  64  2.8332  100
9.959  10.4332  1972.41  89.9264  2.535  0.37  9.6  64  2.8332  100
10.008  10.562  1966.88  89.8599  4.811  0.37  9.6  64  2.8332  100
10.057  10.562  1843.74  94.0473  130.132  0.39  9.6  64  2.8332  100
10.106  10.6908  1963.09  89.8048  6.688  0.37  9.6  64  2.8332  100
10.155  10.6908  1846.12  95.0669  163.046  0.39  9.6  64  2.8332  100
10.204  10.6908  1937.29  89.0692  31.472  0.37  9.6  64  2.8332  100
10.253  10.8196  1893.91  95.3562  176.793  0.38  9.8  64  2.8332  100
10.301  10.8196  1865.58  95.4339  176.664  0.39  9.8  64  2.8332  100
10.35  10.9485  1890.06  94.0356  133.015  0.38  9.8  64  2.8332  100
10.399  10.9485  1981.53  89.745  8.818  0.37  9.8  64  2.8332  100
10.448  10.9485  1835.59  94.1497  132.829  0.4  9.8  64  2.8332  100
10.497  11.0773  2006.24  90.0353  1.235  0.36  9.8  64  2.8332  100
10.546  11.0773  1888.52  94.892  161.049  0.38  9.8  64  2.8332  100
10.595  11.2061  1864.88  94.1341  134.44  0.39  9.8  64  2.8332  100
10.643  11.2061  2007.73  89.8961  3.642  0.36  9.8  64  2.8332  100
10.692  11.2061  1861.03  95.4151  175.626  0.39  9.8  64  2.8332  100
10.741  11.3349  1817.34  90.0445  1.412  0.4  9.8  64  2.8332  100
10.79  11.3349  1913.02  95.1457  171.575  0.38  9.8  64  2.8332  100
10.839  11.4637  1942.87  89.9488  1.737  0.37  10  64  2.8332  100
10.887  11.4637  1969.56  88.8812  38.458  0.37  10  64  2.8332  100
10.936  11.4637  1902.19  96.135  203.291  0.38  10  64  2.8332  100
10.985  11.5925  1849.94  95.252  169.337  0.39  10  64  2.8332  100
11.034  11.5925  2010.34  89.9765  0.826  0.36  10  64  2.8332  100
11.083  11.7213  1885.27  96.4643  212.252  0.39  10  64  2.8332  100
11.131  11.7213  1945.8  89.1323  29.465  0.37  10  64  2.8332  100
11.18  11.7213  1916.64  94.9323  164.789  0.38  10  64  2.8332  100
11.229  11.8501  1936.27  89.9096  3.053  0.37  10  64  2.8332  100
11.278  11.8501  1946.64  89.2026  27.091  0.37  10  64  2.8332  100
11.326  11.9789  1973.15  89.7138  9.858  0.37  10  64  2.8332  100
11.375  11.9789  1922.94  89.9436  1.892  0.38  10  64  2.8332  100
11.424  11.9789  1949.94  88.9578  35.466  0.37  10.2  64  2.8332  100
11.473  12.1077  1895.4  95.038  166.449  0.38  10.2  64  2.8332  100
11.522  12.1077  1918.1  89.2545  24.956  0.38  10.2  64  2.8332  100
11.571  12.2365  1994.1  89.8517  5.163  0.36  10.2  64  2.8332  100
11.619  12.2365  1884.33  94.9655  163.098  0.39  10.2  64  2.8332  100
11.668  12.2365  1854.13  94.0681  131.535  0.39  10.2  64  2.8332  100
11.717  12.3653  1905.55  94.9056  162.951  0.38  10.4  64  2.8332  100
11.766  12.3653  1934.43  89.8825  3.967  0.37  10.4  64  2.8332  100
11.815  12.4941  1945.57  88.9834  34.518  0.37  10.4  64  2.8332  100
11.863  12.4941  1902.71  94.6601  154.586  0.38  10.4  64  2.8332  100
11.912  12.4941  1799.86  90.0462  1.45  0.4  10.4  64  2.8332  100
11.961  12.6229  1951.65  89.0987  30.699  0.37  10.4  64  2.8332  100
12.01  12.6229  1969.06  89.7732  7.795  0.37  10.4  64  2.8332  100
12.059  12.7517  1908.24  89.3112  22.938  0.38  10  64  2.8332  100
12.107  12.7517  1922.18  95.0901  170.539  0.38  10  64  2.8332  100
12.156  12.8805  1868.25  95.0662  164.98  0.39  10  64  2.8332  100
12.205  12.8805  1918.71  89.1771  27.555  0.38  10  64  2.8332  100
12.254  12.8805  1897.71  95.1913  171.706  0.38  10  64  2.8332  100
12.303  13.0093  1959.31  89.9573  1.461  0.37  10  64  2.8332  100
12.352  13.0093  1933.66  88.151  62.392  0.37  10.3  64  2.8332  100
12.4  13.1381  1996.38  89.6283  12.951  0.36  10.3  64  2.8332  100
12.449  13.1381  1845.76  95.6004  180.128  0.39  10.3  64  2.8332  100
12.498  13.1381  1981.2  89.0433  33.079  0.37  10.3  64  2.8332  100
12.547  13.2669  1895.47  94.7536  157.079  0.38  10.3  64  2.8332  100
12.595  13.2669  1934.63  89.2338  25.869  0.37  10.3  64  2.8332  100
12.644  13.3958  2022.51  90.0292  1.032  0.36  10.2  64  2.8332  100
12.693  13.3958  1955  89.9222  2.654  0.37  10.2  64  2.8332  100
12.742  13.3958  1840.96  94.3427  139.4  0.39  10.2  64  2.8332  100
12.79  13.5246  1909.98  95.1641  171.915  0.38  10.2  64  2.8332  100
12.839  13.5246  1846.19  93.9595  127.481  0.39  10.2  64  2.8332  100
12.888  13.6534  1944.72  88.042  66.444  0.37  10.2  64  2.8332  100
12.937  13.6534  1918.09  94.6101  154.167  0.38  10.3  64  2.8332  100
12.985  13.6534  1855.51  95.4951  177.684  0.39  10.3  64  2.8332  100
13.034  13.7822  2006.24  90.0353  1.235  0.36  10.3  64  2.8332  100
13.083  13.7822  1961.73  89.9618  1.309  0.37  10.3  64  2.8332  100
13.132  13.911  1847.77  94.2504  136.948  0.39  10.3  64  2.8332  100
13.18  13.911  1982.27  88.9989  34.634  0.37  10.3  64  2.8332  100
13.229  13.911  1937.72  89.902  3.316  0.37  10.6  64  2.8332  100
13.278  14.0398  1856.73  94.0038  129.641  0.39  10.6  64  2.8332  100
13.327  14.0398  1900.94  95.2191  172.916  0.38  10.6  64  2.8332  100
13.375  14.1686  1964.12  89.9693  1.054  0.37  10.6  64  2.8332  100
13.424  14.1686  1935.66  89.1906  27.342  0.37  10.6  64  2.8332  100
13.473  14.1686  1974.24  89.6702  11.365  0.37  10.6  64  2.8332  100
13.522  14.2974  1949.79  89.8752  4.248  0.37  10.5  64  2.8332  100
13.571  14.2974  1965.97  88.9782  35.059  0.37  10.5  64  2.8332  100
13.62  14.4262  1879.45  94.9021  160.607  0.39  10.5  64  2.8332  100
13.668  14.4262  1869.9  93.9597  129.124  0.39  10.5  64  2.8332  100
13.717  14.4262  1919.93  94.9599  165.994  0.38  10.5  64  2.8332  100
13.766  14.555  1874.97  95.2113  170.303  0.39  10.5  64  2.8332  100
13.815  14.555  1847.05  94.1168  132.599  0.39  10.3  64  2.8332  100
13.863  14.6838  1983.46  89.7728  7.866  0.36  10.3  64  2.8332  100
13.912  14.6838  1972.32  90.001  0.034  0.37  10.3  64  2.8332  100
13.961  14.6838  1960.47  89.0479  32.577  0.37  10.3  64  2.8332  100
14.01  14.8126  1893.91  95.0473  166.622  0.38  10.3  64  2.8332  100
14.058  14.8126  1865.82  94.0344  131.269  0.39  10.3  64  2.8332  100
14.107  14.9414  1993.39  89.9314  2.385  0.36  10.4  64  2.8332  100
14.156  14.9414  1879.58  95.2298  171.325  0.39  10.4  64  2.8332  100
14.205  14.9414  1854.65  95.3152  171.805  0.39  10.4  64  2.8332  100
14.253  15.0702  1907.29  94.9423  164.319  0.38  10.4  64  2.8332  100
14.302  15.0702  1868.25  95.0662  164.98  0.39  10.4  64  2.8332  100
14.351  15.199  1952.49  89.1692  28.311  0.37  10.4  64  2.8332  100
14.4  15.199  1912.2  95.2939  176.427  0.38  10.4  64  2.8332  100
14.449  15.199  1868.14  96.325  205.809  0.39  10.6  64  2.8332  100
14.498  15.3278  1966.59  88.8985  37.804  0.37  10.6  64  2.8332  100
14.546  15.3278  1978.22  89.8759  4.285  0.37  10.6  64  2.8332  100
14.595  15.4566  1864.35  95.4879  178.297  0.39  10.6  64  2.8332  100
14.644  15.4566  1945.99  89.0185  33.332  0.37  10.6  64  2.8332  100
14.693  15.4566  1895.5  96.3613  210.018  0.38  10.6  64  2.8332  100
14.742  15.5854  1859.59  93.9841  129.202  0.39  10.5  64  2.8332  100
14.79  15.5854  1975.74  89.6621  11.651  0.37  10.5  64  2.8332  100
14.839  15.7142  1860.81  95.0664  164.33  0.39  10.5  64  2.8332  100
14.888  15.7142  1949.94  88.9578  35.466  0.37  10.5  64  2.8332  100
14.937  15.7142  1974.24  89.6702  11.365  0.37  10.5  64  2.8332  100
14.986  15.8431  1927.23  89.9208  2.664  0.38  10.5  64  2.8332  100
15.034  15.8431  1933.58  89.0161  33.202  0.37  11  64  2.8332  100
15.083  15.9719  1997.49  89.9839  0.562  0.36  11  64  2.8332  100
15.132  15.9719  1856.14  95.6301  182.099  0.39  11  64  2.8332  100
15.181  15.9719  1845.71  90.0413  1.33  0.39  11  64  2.8332  100
15.229  16.1007  1891.49  96.1475  202.558  0.38  11  64  2.8332  100
15.278  16.1007  1838.85  94.2191  135.285  0.39  11  64  2.8332  100
15.327  16.2295  1841.23  90.0643  2.067  0.39  10.7  64  2.8332  100
15.376  16.2295  1939.95  89.9641  1.215  0.37  10.7  64  2.8332  100
15.424  16.3583  1972.57  90.0197  0.678  0.37  10.7  64  2.8332  100
15.473  16.3583  1916.64  94.9323  164.789  0.38  10.7  64  2.8332  100
15.522  16.3583  1859.45  93.9601  128.416  0.39  10.7  64  2.8332  100
15.571  16.4871  1947.16  87.9882  68.357  0.37  10.7  64  2.8332  100
15.62  16.4871  1910.25  94.6122  153.604  0.38  11.3  64  2.8332  100
15.668  16.6159  1863.48  95.3071  172.362  0.39  11.3  64  2.8332  100
15.717  16.6159  2022.03  89.9934  0.233  0.36  11.3  64  2.8332  100
15.766  16.6159  1877.87  95.4997  179.977  0.39  11.3  64  2.8332  100
15.815  16.7447  1917.29  89.1853  27.26  0.38  11.3  64  2.8332  100
15.864  16.7447  1891.06  95.0902  167.783  0.38  11.3  64  2.8332  100
15.913  16.8735  1848.08  94.0387  130.16  0.39  11.6  64  2.8332  100
15.961  16.8735  1928.07  89.1971  27.017  0.38  11.6  64  2.8332  100
16.01  16.8735  1988.71  89.669  11.49  0.36  11.6  64  2.8332  100
16.059  17.0023  1991.03  89.9794  0.717  0.36  11.6  64  2.8332  100
16.108  17.0023  1943.51  89.0705  31.526  0.37  11.6  64  2.8332  100
16.157  17.1311  1895.23  94.7078  155.548  0.38  11.6  64  2.8332  100
16.205  17.1311  1974.04  90.0121  0.417  0.37  12  64  2.8332  100
16.254  17.1311  1979.44  88.9002  37.993  0.37  12  64  2.8332  100
16.303  17.2599  1888.72  96.2102  204.313  0.39  12  64  2.8332  100
16.352  17.2599  1871.85  94.0399  131.874  0.39  12  64  2.8332  100
16.401  17.3887  1926.56  95.0154  168.426  0.38  12  64  2.8332  100
16.45  17.3887  1863.01  94.913  159.555  0.39  12  64  2.8332  100
16.498  17.3887  1951.65  89.0987  30.699  0.37  12.7  64  2.8332  100
16.547  17.5175  1998.77  89.6922  10.737  0.36  12.7  64  2.8332  100
16.596  17.5175  1830.36  95.3953  172.103  0.4  12.7  64  2.8332  100
16.645  17.6463  1882.44  94.04  132.622  0.39  12.7  64  2.8332  100
16.693  17.6463  1981.79  89.6298  12.805  0.37  12.7  64  2.8332  100
16.742  17.6463  1869.45  94.1497  135.279  0.39  12.7  64  2.8332  100
16.791  17.7751  1986.85  89.9271  2.527  0.36  13.1  64  2.8332  100
16.84  17.7751  1876.43  95.2023  170.142  0.39  13.1  64  2.8332  100
16.888  17.9039  1842.34  94.057  130.345  0.39  13.1  64  2.8332  100
16.937  17.9039  1901.39  95.3112  176.003  0.38  13.1  64  2.8332  100
16.986  17.9039  1858.71  94.9405  160.074  0.39  13.1  64  2.8332  100
17.035  18.0327  1951.83  88.9845  34.591  0.37  13.1  64  2.8332  100
17.084  18.0327  1983.18  89.8879  3.879  0.36  13.1  64  2.8332  100
17.132  18.1615  1847.1  95.2697  169.645  0.39  13.7  64  2.8332  100
17.181  18.1615  1860.46  94.1425  134.396  0.39  13.7  64  2.8332  100
17.23  18.1615  1892.64  95.4111  178.479  0.38  13.7  64  2.8332  100
17.279  18.2904  1848.74  95.3056  170.95  0.39  13.7  64  2.8332  100
17.328  18.2904  1844.12  90.0133  0.428  0.39  13.7  64  2.8332  100
17.376  18.4192  1885.1  94.8194  158.377  0.39  13.7  64  2.8332  100
17.425  18.4192  1932.16  89.2851  24.107  0.37  14.5  64  2.8332  100
17.474  18.4192  1912.79  95.0993  170.014  0.38  14.5  64  2.8332  100
17.523  18.548  1807.09  90.0435  1.372  0.4  14.5  64  2.8332  100
17.571  18.548  1941.38  88.0255  66.89  0.37  14.5  64  2.8332  100
17.621  18.6768  1986.5  89.7568  8.433  0.36  14.5  64  2.8332  100
17.669  18.6768  1973.34  89.9584  1.433  0.37  14.5  64  2.8332  100
17.718  18.6768  1953.9  88.8969  37.617  0.37  15.2  64  2.8332  100
17.767  18.8056  1908.03  96.0549  201.262  0.38  15.2  64  2.8332  100
17.816  18.8056  1849.18  94.2408  136.743  0.39  15.2  64  2.8332  100
17.864  18.9344  1884.03  94.0511  133.098  0.38  15.2  64  2.8332  100
17.913  18.9344  1862.48  95.1025  165.643  0.39  15.2  64  2.8332  100
17.962  18.9344  1913.25  89.0982  30.113  0.38  15.2  64  2.8332  100
18.011  19.0632  1988.71  89.669  11.49  0.36  16.3  64  2.8332  100
18.06  19.0632  1869.4  96.2714  204.209  0.39  16.3  64  2.8332  100
18.108  19.192  1937.52  88.0884  64.632  0.37  16.3  64  2.8332  100
18.157  19.192  2005.52  89.9807  0.676  0.36  16.3  64  2.8332  100
18.206  19.3208  1853.03  90.0237  0.766  0.39  16.3  64  2.8332  100
18.255  19.3208  1962.81  89.1102  30.48  0.37  16.3  64  2.8332  100
18.303  19.3208  1883.62  94.8287  158.559  0.39  17.5  64  2.8332  100
18.352  19.4496  1909.04  89.1229  29.223  0.38  17.5  64  2.8332  100
18.401  19.4496  1958.38  89.1356  29.545  0.37  17.5  64  2.8332  100
18.449  19.5784  1862.48  95.1025  165.643  0.39  17.5  64  2.8332  100
18.498  19.5784  1796.97  90.045  1.411  0.4  17.5  64  2.8332  100
18.547  19.5784  1986.34  89.6054  13.679  0.36  17.5  64  2.8332  100
18.596  19.7072  1867.82  95.2804  171.896  0.39  19.8  64  2.8332  100
18.645  19.7072  1965.35  89.0578  32.319  0.37  19.8  64  2.8332  100
18.693  19.836  1985.24  89.6494  12.149  0.36  19.8  64  2.8332  100
18.742  19.836  1828.51  95.6137  178.866  0.4  19.8  64  2.8332  100
18.791  19.836  1976.68  89.0691  32.114  0.37  19.8  64  2.8332  100
18.84  19.9648  1890.78  94.7362  156.116  0.38  19.8  64  2.8332  100
18.888  19.9648  1917.7  89.2199  26.108  0.38  22  64  2.8332  100
18.937  20.0936  1898.28  94.9982  165.388  0.38  22  64  2.8332  100
18.986  20.0936  1958.36  89.942  1.983  0.37  22  64  2.8332  100
19.035  20.0936  1927.65  89.1623  28.181  0.38  22  64  2.8332  100
19.083  20.2224  1910.56  94.9698  165.513  0.38  22  64  2.8332  100
19.132  20.2224  1847.53  95.0579  162.882  0.39  22  64  2.8332  100
19.181  20.3512  1937.07  88.0533  65.801  0.37  25.1  64  2.8332  100
19.23  20.3512  1965.39  89.8677  4.538  0.37  25.1  64  2.8332  100
19.278  20.3512  1857.95  94.2276  136.965  0.39  25.1  64  2.8332  100
19.327  20.48  1955.82  88.0474  66.642  0.37  25.1  64  2.8332  100
19.376  20.48  1892.73  94.8182  158.98  0.38  25.1  64  2.8332  100
19.425  20.6088  1835.59  94.1497  132.829  0.4  25.1  64  2.8332  100
19.474  20.6088  1997.59  89.8717  4.473  0.36  25.1  64  2.8332  100
19.522  20.6088  1857.17  95.2284  169.238  0.39  27.7  64  2.8332  100
19.571  20.7377  1936.48  89.2605  24.993  0.37  27.7  64  2.8332  100
19.62  20.7377  2007.76  90.0276  0.966  0.36  27.7  64  2.8332  100
19.669  20.8665  1867.67  95.5609  180.985  0.39  27.7  64  2.8332  100
19.718  20.8665  1953.11  89.0903  31.009  0.37  27.7  64  2.8332  100
19.766  20.8665  1908.2  94.8159  160.201  0.38  27.7  64  2.8332  100
19.815  20.9953  1876.41  95.5085  180.123  0.39  29.4  64  2.8332  100
19.864  20.9953  1982.01  88.8469  39.885  0.37  29.4  64  2.8332  100
19.913  21.1241  1885.8  94.9562  162.923  0.39  29.4  64  2.8332  100
19.961  21.1241  1844.23  94.1362  133.019  0.39  29.4  64  2.8332  100
20.01  21.1241  1902.78  94.9703  164.857  0.38  29.4  64  2.8332  100
20.059  21.2529  1869.48  95.0119  163.322  0.39  29.4  64  2.8332  100
20.108  21.2529  1945.18  89.2109  26.789  0.37  30.6  64  2.8332  100
20.156  21.3817  1912.79  95.0993  170.014  0.38  30.6  64  2.8332  100
20.205  21.3817  1874.07  95.0298  164.306  0.39  30.6  64  2.8332  100
20.254  21.3817  1960.04  89.0125  33.78  0.37  30.6  64  2.8332  100
20.302  21.5105  1898.46  94.7346  156.701  0.38  30.6  64  2.8332  100
20.351  21.5105  1855.08  95.4051  174.744  0.39  30.6  64  2.8332  100
20.4  21.6393  1899.21  95.1821  171.541  0.38  31  64  2.8332  100
20.449  21.6393  1869.25  94.9667  161.832  0.39  31  64  2.8332  100
20.498  21.6393  1855.06  93.9689  128.399  0.39  31  64  2.8332  100
20.547  21.7681  1911.74  95.2012  173.305  0.38  31  64  2.8332  100
20.595  21.7681  1868.25  95.0662  164.98  0.39  31  64  2.8332  100
20.644  21.8969  1934.22  89.1989  27.042  0.37  31  64  2.8332  100
20.693  21.8969  1909.28  95.0254  167.247  0.38  29.7  64  2.8332  100
20.742  21.8969  1850.22  95.6195  181.178  0.39  29.7  64  2.8332  100
20.79  22.0257  1955.62  89.0381  32.832  0.37  29.7  64  2.8332  100
20.839  22.0257  1905.21  96.1182  203.057  0.38  29.7  64  2.8332  100
20.888  22.1545  1864.48  95.2079  169.239  0.39  29.7  64  2.8332  100
20.937  22.1545  1981.2  89.0433  33.079  0.37  29.7  64  2.8332  100
20.986  22.1545  2008.56  89.9651  1.222  0.36  30.6  64  2.8332  100
21.034  22.2833  1856.48  93.9591  128.178  0.39  30.6  64  2.8332  100
21.083  22.2833  1888.44  94.0212  132.428  0.38  30.6  64  2.8332  100
21.132  22.4121  1856.6  93.9798  128.857  0.39  30.6  64  2.8332  100
21.181  22.4121  1862.38  94.2226  137.129  0.39  30.6  64  2.8332  100
21.23  22.4121  1913.59  94.9511  165.153  0.38  30.6  64  2.8332  100
21.278  22.5409  1942.47  89.9138  2.922  0.37  29.6  64  2.8332  100
21.327  22.5409  1824.71  90.0418  1.332  0.4  29.6  64  2.8332  100
21.376  22.6697  1895.63  95.0839  167.981  0.38  29.6  64  2.8332  100
21.424  22.6697  1847.1  95.2697  169.645  0.39  29.6  64  2.8332  100
21.473  22.7985  1941.29  88.1401  63.005  0.37  29.6  64  2.8332  100
21.522  22.7985  1890.47  94.9742  163.916  0.38  29.6  64  2.8332  100
21.571  22.7985  1840.73  94.2983  137.959  0.39  29.5  64  2.8332  100
21.62  22.9273  1830.58  90.0113  0.362  0.4  29.5  64  2.8332  100
21.669  22.9273  1804.14  90.0236  0.745  0.4  29.5  64  2.8332  100
21.717  23.0561  1918.06  88.2508  58.549  0.38  29.5  64  2.8332  100
21.766  23.0561  1907.65  95.3211  176.911  0.38  29.5  64  2.8332  100
21.815  23.0561  1867.6  95.2352  170.407  0.39  29.5  64  2.8332  100
21.864  23.185  1879.51  94.0598  133.065  0.39  29.4  64  2.8332  100
21.912  23.185  1980.27  89.6379  12.515  0.37  29.4  64  2.8332  100
21.961  23.3138  1848.74  95.3056  170.95  0.39  29.4  64  2.8332  100
22.01  23.3138  1908.81  94.933  164.139  0.38  29.4  64  2.8332  100
22.059  23.3138  1878.28  96.5961  215.755  0.39  29.4  64  2.8332  100
22.108  23.4426  1853.64  93.9788  128.618  0.39  29.4  64  2.8332  100
22.156  23.4426  2015.4  89.9888  0.394  0.36  29.4  64  2.8332  100
22.205  23.5714  1855.52  95.1924  167.925  0.39  29.9  64  2.8332  100
22.254  23.5714  1935.85  89.0775  31.166  0.37  29.9  64  2.8332  100
22.303  23.5714  1980.55  89.9394  2.096  0.37  29.9  64  2.8332  100
22.351  23.7002  1970.41  89.9737  0.905  0.37  29.9  64  2.8332  100
22.401  23.7002  1968.33  89.0407  32.955  0.37  29.9  64  2.8332  100
22.449  23.829  1871.69  94.8577  158.498  0.39  29.9  64  2.8332  100
22.498  23.829  1932.99  89.8902  3.705  0.37  29.7  64  2.8332  100
22.547  23.829  2013.87  89.9966  0.121  0.36  29.7  64  2.8332  100
22.595  23.9578  1881.61  95.0294  164.957  0.39  29.7  64  2.8332  100
22.644  23.9578  1932.16  89.2851  24.107  0.37  29.7  64  2.8332  100
22.693  24.0866  1907.53  94.9885  165.871  0.38  29.7  64  2.8332  100
22.742  24.0866  1935.88  89.8748  4.23  0.37  29.7  64  2.8332  100
22.791  24.0866  1945.38  89.0972  30.651  0.37  31  64  2.8332  100
22.84  24.2154  1922.89  95.2298  175.272  0.38  31  64  2.8332  100
22.888  24.2154  1789.68  89.9945  0.172  0.4  31  64  2.8332  100
22.937  24.3442  1972.41  89.9264  2.535  0.37  31  64  2.8332  100
22.986  24.3442  1875.53  95.3266  174.11  0.39  31  64  2.8332  100
23.034  24.3442  1847.29  94.1613  134.048  0.39  31  64  2.8332  100
23.083  24.473  1970.5  89.8987  3.485  0.37  32.2  64  2.8332  100
23.132  24.473  1869.25  94.9667  161.832  0.39  32.2  64  2.8332  100
23.181  24.6018  1931.75  89.2503  25.276  0.37  32.2  64  2.8332  100
23.229  24.6018  1897.71  95.1913  171.706  0.38  32.2  64  2.8332  100
23.278  24.6018  1935.88  89.8748  4.23  0.37  32.2  64  2.8332  100
23.328  24.7306  1820.14  89.9942  0.185  0.4  32.2  64  2.8332  100
23.376  24.7306  1987.33  89.8284  5.952  0.36  31.8  64  2.8332  100
23.425  24.8594  1856.29  95.3514  173.124  0.39  31.8  64  2.8332  100
23.474  24.8594  1992.98  89.8955  3.634  0.36  31.8  64  2.8332  100
23.523  24.8594  1979.04  89.9472  1.824  0.37  31.8  64  2.8332  100
23.571  24.9882  1850.36  94.1865  135.083  0.39  31.8  64  2.8332  100
23.62  24.9882  1901.51  95.0257  166.577  0.38  31.8  64  2.8332  100
23.669  25.117  1878.9  95.0933  166.804  0.39  32.7  64  2.8332  100
23.718  25.117  1799.82  90.03  0.943  0.4  32.7  64  2.8332  100
23.766  25.117  1895.29  95.0168  165.738  0.38  32.7  64  2.8332  100
23.815  25.2458  1786.87  90.0095  0.295  0.4  32.7  64  2.8332  100
23.864  25.2458  1935.54  88.1768  61.58  0.37  32.7  64  2.8332  100
23.913  25.3746  1987.05  89.9437  1.952  0.36  32.7  64  2.8332  100
23.961  25.3746  1956.86  90.0071  0.242  0.37  33  64  2.8332  100
24.01  25.3746  1953.11  89.0903  31.009  0.37  33  64  2.8332  100
24.059  25.5034  1996.45  90.027  0.94  0.36  33  64  2.8332  100
24.108  25.5034  1853.64  93.9788  128.618  0.39  33  64  2.8332  100
24.156  25.6323  1839.55  90.0008  0.025  0.39  33  64  2.8332  100
24.205  25.6323  1989.07  89.9518  1.673  0.36  33  64  2.8332  100
24.254  25.6323  1787.01  90.0625  1.949  0.4  33.7  64  2.8332  100
24.303  25.7611  1900.7  95.173  171.374  0.38  33.7  64  2.8332  100
24.352  25.7611  1798.34  90.0189  0.593  0.4  33.7  64  2.8332  100
24.4  25.8899  1815.89  90.0521  1.65  0.4  33.7  64  2.8332  100
24.449  25.8899  1985.81  89.8363  5.672  0.36  33.7  64  2.8332  100
24.498  25.8899  1778.49  90.054  1.677  0.41  33.7  64  2.8332  100
24.547  26.0187  1941.29  88.1401  63.005  0.37  33.7  64  2.8332  100
24.596  26.0187  1887.82  94.755  156.491  0.38  32.6  64  2.8332  100
24.645  26.1475  1857.95  94.2276  136.965  0.39  32.6  64  2.8332  100
24.693  26.1475  1897.34  93.961  131.063  0.38  32.6  64  2.8332  100
24.742  26.1475  1875.64  96.3299  206.794  0.39  32.6  64  2.8332  100
24.791  26.2763  1779.93  90.065  2.021  0.41  32.6  64  2.8332  100
24.84  26.2763  1912.2  95.2939  176.427  0.38  32.6  64  2.8332  100
24.889  26.4051  1871.81  95.4894  179.06  0.39  32.5  64  2.8332  100
24.937  26.4051  1953.54  89.1255  29.814  0.37  32.5  64  2.8332  100
24.986  26.4051  1980.55  89.9394  2.096  0.37  32.5  64  2.8332  100
25.035  26.5339  1854.43  95.2703  170.337  0.39  32.5  64  2.8332  100
25.084  26.5339  1965.78  89.0932  31.109  0.37  32.5  64  2.8332  100
25.132  26.6627  1886.95  95.1846  170.513  0.38  32.5  64  2.8332  100
25.181  26.6627  1969.63  90.0349  1.198  0.37  32.7  64  2.8332  100
25.23  26.7915  1902.54  94.9243  163.313  0.38  32.7  64  2.8332  100
25.279  26.7915  1867.7  95.2562  171.098  0.39  32.7  64  2.8332  100
25.327  26.7915  1926.63  88.0829  64.453  0.38  32.7  64  2.8332  100
25.376  26.9203  2010.09  89.9574  1.496  0.36  32.7  64  2.8332  100
25.425  26.9203  1863.69  95.0483  163.997  0.39  32.7  64  2.8332  100
25.474  27.0491  1942.27  89.2275  26.187  0.37  31.2  64  2.8332  100
25.522  27.0491  1977.81  89.8403  5.514  0.37  31.2  64  2.8332  100
25.571  27.0491  1839.28  95.4562  174.886  0.4  31.2  64  2.8332  100
25.62  27.1779  2006.83  89.9564  1.527  0.36  31.2  64  2.8332  100
25.669  27.1779  1878.22  94.9569  162.288  0.39  31.2  64  2.8332  100
25.718  27.3067  1856.73  94.0038  129.641  0.39  31.2  64  2.8332  100
25.766  27.3067  1841.23  90.0643  2.067  0.39  31.8  64  2.8332  100
25.815  27.3067  1858.93  94.9855  161.547  0.39  31.8  64  2.8332  100
25.864  27.4355  1860.57  94.1633  135.078  0.39  31.8  64  2.8332  100
25.913  27.4355  1984.82  89.6136  13.387  0.36  31.8  64  2.8332  100
25.962  27.5643  1972.77  90.0359  1.237  0.37  31.8  64  2.8332  100
26.011  27.5643  1939.94  88.0348  66.526  0.37  31.8  64  2.8332  100
26.06  27.5643  1902.95  94.7061  156.128  0.38  30.9  64  2.8332  100
26.108  27.6931  1847.77  94.2504  136.948  0.39  30.9  64  2.8332  100
26.157  27.6931  1887.87  95.0628  166.6  0.38  30.9  64  2.8332  100
26.206  27.8219  1882.85  94.9747  163.273  0.39  30.9  64  2.8332  100
26.255  27.8219  1929.91  89.2237  26.148  0.37  30.9  64  2.8332  100
26.303  27.8219  1901.51  95.0257  166.577  0.38  30.9  64  2.8332  100
26.352  27.9507  1866.36  94.9849  162.175  0.39  31.4  64  2.8332  100
26.401  27.9507  1936.9  89.2954  23.817  0.37  31.4  64  2.8332  100
26.45  28.0796  1914.31  95.0901  169.841  0.38  31.4  64  2.8332  100
26.498  28.0796  1799.77  90.0114  0.357  0.4  31.4  64  2.8332  100
26.547  28.0796  1950.97  88.9141  36.975  0.37  31.4  64  2.8332  100
26.597  28.2084  1899.88  95.0103  165.926  0.38  31.4  64  2.8332  100
26.645  28.2084  1848.52  95.2609  169.491  0.39  31.8  64  2.8332  100
26.694  28.3372  2006.24  90.0353  1.235  0.36  31.8  64  2.8332  100
26.743  28.3372  1884.27  96.235  204.643  0.39  31.8  64  2.8332  100
26.792  28.3372  1856.28  94.1925  135.708  0.39  31.8  64  2.8332  100
26.84  28.466  1993.39  89.9314  2.385  0.36  31.8  64  2.8332  100
26.889  28.466  1795.42  89.9992  0.026  0.4  31.8  64  2.8332  100
26.938  28.5948  1929.27  89.0413  32.28  0.38  31.8  64  2.8332  100
26.987  28.5948  2009.62  89.635  12.802  0.36  32.2  64  2.8332  100
27.035  28.5948  1972.32  90.001  0.034  0.37  32.2  64  2.8332  100
27.084  28.7236  1953.96  89.1608  28.618  0.37  32.2  64  2.8332  100
27.133  28.7236  1964.58  89.7969  6.964  0.37  32.2  64  2.8332  100
27.182  28.8524  1849.94  95.252  169.337  0.39  32.2  64  2.8332  100
27.231  28.8524  1882.19  95.145  168.788  0.39  32.2  64  2.8332  100
27.28  28.8524  1878.12  95.2388  171.485  0.39  35.9  64  2.8332  100
27.329  28.9812  1919.52  89.2464  25.248  0.38  35.9  64  2.8332  100
27.377  28.9812  1891.52  95.1818  170.836  0.38  35.9  64  2.8332  100
27.426  29.11  1872.61  95.0389  164.475  0.39  35.9  64  2.8332  100
27.475  29.11  1978.91  90.0243  0.839  0.37  35.9  64  2.8332  100
27.524  29.11  1990.92  89.5809  14.562  0.36  35.9  64  2.8332  100
27.572  29.2388  1789.68  89.9945  0.172  0.4  43.6  64  2.8332  100
27.621  29.2388  1953.47  88.8616  38.812  0.37  43.6  64  2.8332  100
27.67  29.3676  1979.73  89.868  4.56  0.37  43.6  64  2.8332  100
27.718  29.3676  1841.88  95.3942  173.15  0.39  43.6  64  2.8332  100
27.768  29.3676  1980.76  89.0075  34.308  0.37  43.6  64  2.8332  100
27.816  29.4964  1815.74  89.9981  0.059  0.4  43.6  64  2.8332  100
27.865  29.4964  1843.26  93.9585  127.247  0.39  57.3  64  2.8332  100
27.914  29.6252  1911.74  95.2012  173.305  0.38  57.3  64  2.8332  100
27.963  29.6252  1789.86  90.0637  1.99  0.4  57.3  64  2.8332  100
28.011  29.754  1943.08  89.0355  32.709  0.37  57.3  64  2.8332  100
28.06  29.754  1905.68  95.2378  173.969  0.38  57.3  64  2.8332  100
28.109  29.754  1848.17  95.4936  176.934  0.39  57.3  64  2.8332  100
28.158  29.8828  1948.05  88.9312  36.337  0.37  59.8  64  2.8332  100
28.207  29.8828  1913.52  94.6391  154.764  0.38  59.8  64  2.8332  100
28.255  30.0116  1852.44  95.4675  176.504  0.39  59.8  64  2.8332  100
28.304  30.0116  1833.62  90.0315  1.007  0.39  59.8  64  2.8332  100
28.353  30.0116  1880.14  95.0386  165.128  0.39  59.8  64  2.8332  100
28.402  30.1404  1905.56  88.2189  59.226  0.38  59.8  64  2.8332  100
28.45  30.1404  1905.22  95.1455  170.869  0.38  57.3  64  2.8332  100
28.499  30.2692  1964.12  89.9693  1.054  0.37  57.3  64  2.8332  100
28.548  30.2692  1942.29  88.0958  64.54  0.37  57.3  64  2.8332  100
28.597  30.2692  1913.26  95.192  173.138  0.38  57.3  64  2.8332  100
28.645  30.3981  1847.96  95.4488  175.475  0.39  57.3  64  2.8332  100
28.694  30.3981  1876.34  94.0344  132.01  0.39  57.3  64  2.8332  100
28.743  30.5269  1960.92  89.8911  3.726  0.37  52.4  64  2.8332  100
28.792  30.5269  1842.34  94.057  130.345  0.39  52.4  64  2.8332  100
28.84  30.5269  1989.41  88.9195  37.515  0.36  52.4  64  2.8332  100
28.889  30.6557  1814.29  90.0057  0.182  0.4  52.4  64  2.8332  100
28.938  30.6557  1912.25  89.1409  28.671  0.38  52.4  64  2.8332  100
28.987  30.7845  1841.23  90.0643  2.067  0.39  52.4  64  2.8332  100
29.035  30.7845  1862.92  95.1927  168.604  0.39  49.7  64  2.8332  100
29.084  30.7845  1924.58  89.0317  32.525  0.38  49.7  64  2.8332  100
29.133  30.9133  1967.97  89.8165  6.301  0.37  49.7  64  2.8332  100
29.182  30.9133  1828.91  95.7024  181.725  0.4  49.7  64  2.8332  100
29.23  31.0421  1890.7  90.0278  0.917  0.38  49.7  64  2.8332  100
29.28  31.0421  1894.14  95.0931  168.152  0.38  49.7  64  2.8332  100
29.328  31.0421  1858.73  95.2436  169.87  0.39  54.3  64  2.8332  100
29.377  31.1709  1835.1  90.0238  0.763  0.39  54.3  64  2.8332  100
29.426  31.1709  1873.78  96.2468  203.889  0.39  54.3  64  2.8332  100
29.474  31.2997  1925.21  89.2136  26.424  0.38  54.3  64  2.8332  100
29.523  31.2997  1902.78  94.9703  164.857  0.38  54.3  64  2.8332  100
29.573  31.2997  1940.62  89.8866  3.842  0.37  54.3  64  2.8332  100
29.621  31.4285  1939.99  89.1657  28.246  0.37  54.3  64  2.8332  100
29.67  31.4285  1885.1  94.8194  158.377  0.39  57  64  2.8332  100
29.719  31.5573  1848.8  95.6281  181.314  0.39  57  64  2.8332  100
29.768  31.5573  1820.33  90.0646  2.051  0.4  57  64  2.8332  100
29.817  31.5573  1888.43  95.1755  170.348  0.38  57  64  2.8332  100
29.866  31.6861  1853.01  95.2791  170.491  0.39  57  64  2.8332  100
29.915  31.6861  1836.68  90.0517  1.657  0.39  57  64  2.8332  100
29.964  31.8149  1863.69  95.0483  163.997  0.39  55.6  64  2.8332  100
30.012  31.8149  1843.26  93.9585  127.247  0.39  55.6  64  2.8332  100
30.061  31.8149  1901.21  94.6697  154.78  0.38  55.6  64  2.8332  100
30.11  31.9437  1847.84  93.9942  128.711  0.39  55.6  64  2.8332  100
30.159  31.9437  1943.93  89.1056  30.343  0.37  55.6  64  2.8332  100
30.208  32.0725  1969.88  89.8441  5.358  0.37  55.6  64  2.8332  100
30.257  32.0725  1855.29  95.4501  176.214  0.39  54.6  64  2.8332  100
30.305  32.0725  2005.31  89.9642  1.254  0.36  54.6  64  2.8332  100
30.354  32.2013  1883.62  94.8287  158.559  0.39  54.6  64  2.8332  100
30.403  32.2013  1844.23  94.1362  133.019  0.39  54.6  64  2.8332  100
30.452  32.3301  1909.04  94.9792  165.693  0.38  54.6  64  2.8332  100
30.5  32.3301  1850.67  93.9745  128.276  0.39  54.6  64  2.8332  100
30.549  32.3301  1940.41  89.2008  27.067  0.37  52  64  2.8332  100
30.598  32.4589  1891.74  95.2277  172.363  0.38  52  64  2.8332  100
30.647  32.4589  1975.27  89.9857  0.492  0.37  52  64  2.8332  100
30.696  32.5877  1952.87  88.9407  36.102  0.37  52  64  2.8332  100
30.745  32.5877  1975.2  89.8916  3.736  0.37  52  64  2.8332  100
30.793  32.5877  1857.94  95.3876  174.447  0.39  52  64  2.8332  100
30.842  32.7165  1967.2  88.8187  40.554  0.37  55.5  64  2.8332  100
30.891  32.7165  1877.21  95.0569  165.467  0.39  55.5  64  2.8332  100
30.94  32.8454  1837.45  95.3757  172.144  0.4  55.5  64  2.8332  100
30.988  32.8454  1897.02  95.0534  167.098  0.38  55.5  64  2.8332  100
31.037  32.9742  1862.7  95.1476  167.123  0.39  55.5  64  2.8332  100
31.086  32.9742  1850.8  93.9984  129.055  0.39  55.5  64  2.8332  100
31.135  32.9742  1906.49  95.0901  169.149  0.38  56.5  64  2.8332  100
31.183  33.103  1959.31  89.9573  1.461  0.37  56.5  64  2.8332  100
31.232  33.103  1798.3  90.0028  0.087  0.4  56.5  64  2.8332  100
31.281  33.2318  1891.49  94.8734  160.688  0.38  56.5  64  2.8332  100
31.33  33.2318  1848.46  94.1071  132.388  0.39  56.5  64  2.8332  100
31.378  33.2318  1972.81  89.9619  1.312  0.37  56.5  64  2.8332  100
31.427  33.3606  1877.76  94.866  159.282  0.39  56  64  2.8332  100
31.476  33.3606  1857.46  94.138  134.033  0.39  56  64  2.8332  100
31.525  33.4894  1972.18  89.0948  31.158  0.37  56  64  2.8332  100
31.573  33.4894  1856.6  93.9798  128.857  0.39  56  64  2.8332  100
31.622  33.4894  1942.27  89.2275  26.187  0.37  56  64  2.8332  100
31.671  33.6182  1904.63  95.3392  177.23  0.38  56  64  2.8332  100
31.72  33.6182  1841.97  93.9889  128.133  0.39  54.9  64  2.8332  100
31.768  33.747  1859.84  94.0289  130.67  0.39  54.9  64  2.8332  100
31.817  33.747  1899.41  94.9184  162.848  0.38  54.9  64  2.8332  100
31.866  33.747  1839.07  95.4116  173.441  0.4  54.9  64  2.8332  100
31.915  33.8758  1991.86  89.9393  2.109  0.36  54.9  64  2.8332  100
31.964  33.8758  1892.31  96.3317  208.69  0.38  54.9  64  2.8332  100
32.013  34.0046  1848.94  94.1962  135.291  0.39  54.1  64  2.8332  100
32.062  34.0046  1833.53  89.996  0.128  0.39  54.1  64  2.8332  100
32.11  34.0046  1847.53  95.0579  162.882  0.39  54.1  64  2.8332  100
32.159  34.1334  1944.96  89.0621  31.836  0.37  54.1  64  2.8332  100
32.208  34.1334  1917.83  95.1644  172.63  0.38  54.1  64  2.8332  100
32.257  34.2622  1847.84  93.9942  128.711  0.39  54.1  64  2.8332  100
32.306  34.2622  1869.44  90.029  0.945  0.39  54.1  64  2.8332  100
32.354  34.2622  1896.19  94.8911  161.674  0.38  55.2  64  2.8332  100
32.403  34.391  1859.81  95.4689  177.251  0.39  55.2  64  2.8332  100
32.452  34.391  1996.47  89.9156  2.94  0.36  55.2  64  2.8332  100
32.501  34.5198  1808.53  90.036  1.135  0.4  55.2  64  2.8332  100
32.55  34.5198  1849.18  94.2408  136.743  0.39  55.2  64  2.8332  100
32.598  34.5198  1956.75  89.8009  6.798  0.37  55.2  64  2.8332  100
32.647  34.6486  1858.39  95.1745  167.606  0.39  56  64  2.8332  100
32.696  34.6486  1946.22  89.1675  28.279  0.37  56  64  2.8332  100
32.745  34.7774  1983.72  89.6575  11.86  0.36  56  64  2.8332  100
32.793  34.7774  1838.92  93.9641  127.128  0.39  56  64  2.8332  100
32.842  34.7774  1809.92  90.0122  0.385  0.4  56  64  2.8332  100
32.891  34.9062  1889.53  94.7913  157.825  0.38  56  64  2.8332  100
32.94  34.9062  1851.29  94.0876  131.963  0.39  56.2  64  2.8332  100
32.988  35.035  1975.81  88.9977  34.561  0.37  56.2  64  2.8332  100
33.037  35.035  1874.76  96.4749  211.413  0.39  56.2  64  2.8332  100
33.086  35.035  1919.92  89.281  24.093  0.38  56.2  64  2.8332  100
33.135  35.1638  1893.46  95.2645  173.73  0.38  56.2  64  2.8332  100
33.183  35.1638  1857.17  95.2284  169.238  0.39  56.2  64  2.8332  100
33.232  35.2927  1940.6  89.0874  30.91  0.37  56.1  64  2.8332  100
33.281  35.2927  1989.97  89.7766  7.76  0.36  56.1  64  2.8332  100
33.33  35.2927  1834.7  95.7132  182.641  0.4  56.1  64  2.8332  100
33.378  35.4215  1999.71  90.0306  1.067  0.36  56.1  64  2.8332  100
33.427  35.4215  1976.71  89.8838  4.01  0.37  56.1  64  2.8332  100
33.476  35.5503  1853.65  95.4139  174.891  0.39  56.1  64  2.8332  100
33.525  35.5503  1889.66  93.9657  130.686  0.38  54.7  64  2.8332  100
33.574  35.5503  1895.97  96.1224  202.212  0.38  54.7  64  2.8332  100
33.623  35.6791  1923.58  89.334  22.359  0.38  54.7  64  2.8332  100
33.671  35.6791  1847.11  89.9979  0.069  0.39  54.7  64  2.8332  100
33.72  35.8079  1983.12  89.9826  0.603  0.36  54.7  64  2.8332  100
33.769  35.8079  1938.74  89.0608  31.78  0.37  54.7  64  2.8332  100
33.818  35.8079  1916.53  95.22  174.368  0.38  55.2  64  2.8332  100
33.866  35.9367  1941.68  89.8439  5.291  0.37  55.2  64  2.8332  100
33.915  35.9367  1975.01  89.8751  4.305  0.37  55.2  64  2.8332  100
33.964  36.0655  1892.88  95.1481  169.851  0.38  55.2  64  2.8332  100
34.013  36.0655  1847.29  94.1613  134.048  0.39  55.2  64  2.8332  100
34.061  36.1943  1835.2  90.0593  1.9  0.39  55.2  64  2.8332  100
34.11  36.1943  1872.32  96.255  203.996  0.39  54.7  64  2.8332  100
34.159  36.1943  1924.6  89.2912  23.808  0.38  54.7  64  2.8332  100
34.208  36.3231  1910.45  95.2567  175.031  0.38  54.7  64  2.8332  100
34.256  36.3231  1869.12  95.5522  180.843  0.39  54.7  64  2.8332  100
34.305  36.4519  1934.2  88.0718  65.08  0.37  54.7  64  2.8332  100
34.354  36.4519  1909.16  95.3121  176.751  0.38  54.7  64  2.8332  100
34.403  36.4519  1851.85  95.6559  182.507  0.39  55.1  64  2.8332  100
34.452  36.5807  1960.9  89.0833  31.372  0.37  55.1  64  2.8332  100
34.5  36.5807  1885.8  94.9562  162.923  0.39  55.1  64  2.8332  100
34.549  36.7095  1865.7  95.1537  167.594  0.39  55.1  64  2.8332  100
34.598  36.7095  1960.04  89.0125  33.78  0.37  55.1  64  2.8332  100
34.647  36.7095  1859.45  93.9601  128.416  0.39  55.1  64  2.8332  100
34.695  36.8383  1846.56  94.0278  129.703  0.39  55.1  64  2.8332  100
34.744  36.8383  1988.71  89.669  11.49  0.36  55.2  64  2.8332  100
34.793  36.9671  1854.1  95.2013  168.083  0.39  55.2  64  2.8332  100
34.842  36.9671  1950.6  89.1423  29.197  0.37  55.2  64  2.8332  100
34.89  36.9671  1970.97  89.8008  6.854  0.37  55.2  64  2.8332  100
34.94  37.0959  1847.59  95.6815  182.908  0.39  55.2  64  2.8332  100
34.988  37.0959  1974.32  89.9541  1.582  0.37  55.2  64  2.8332  100
35.037  37.2247  1812.85  90.0133  0.421  0.4  55.8  64  2.8332  100
35.086  37.2247  1849.18  94.2408  136.743  0.39  55.8  64  2.8332  100
35.135  37.2247  1959.61  88.9771  34.983  0.37  55.8  64  2.8332  100
35.183  37.3535  1870.24  94.867  158.676  0.39  55.8  64  2.8332  100
35.232  37.3535  1854.21  95.2254  168.87  0.39  55.8  64  2.8332  100
35.281  37.4823  1919.36  95.1551  172.459  0.38  55.8  64  2.8332  100
35.33  37.4823  1863.33  95.587  181.408  0.39  54.6  64  2.8332  100
35.379  37.4823  1978.91  90.0243  0.839  0.37  54.6  64  2.8332  100
35.427  37.6111  1980.69  89.6736  11.283  0.37  54.6  64  2.8332  100
35.476  37.6111  1857.95  94.2276  136.965  0.39  54.6  64  2.8332  100
35.525  37.74  1951.22  89.0635  31.892  0.37  54.6  64  2.8332  100
35.574  37.74  1877.52  94.8206  157.779  0.39  54.6  64  2.8332  100
35.622  37.74  1835.11  94.0613  129.968  0.4  53.2  64  2.8332  100
35.671  37.8688  2016.94  89.981  0.669  0.36  53.2  64  2.8332  100
35.72  37.8688  1862.92  95.1927  168.604  0.39  53.2  64  2.8332  100
35.769  37.9976  1942.69  89.2625  25.004  0.37  53.2  64  2.8332  100
35.817  37.9976  2020.96  90.037  1.306  0.36  53.2  64  2.8332  100
35.866  37.9976  1956.42  89.9724  0.941  0.37  53.2  64  2.8332  100
35.915  38.1264  1885.63  94.0655  133.685  0.38  54.5  64  2.8332  100
35.964  38.1264  1975.2  89.8916  3.736  0.37  54.5  64  2.8332  100
36.012  38.2552  1849.8  95.5298  178.253  0.39  54.5  64  2.8332  100
36.061  38.2552  1976.93  89.9029  3.352  0.37  54.5  64  2.8332  100
36.11  38.2552  1880.69  94.8474  158.922  0.39  54.5  64  2.8332  100
36.159  38.384  1854.43  95.2703  170.337  0.39  54.5  64  2.8332  100
36.207  38.384  1995.63  89.8437  5.444  0.36  54.2  64  2.8332  100
36.256  38.5128  1879.13  95.1388  168.31  0.39  54.2  64  2.8332  100
36.305  38.5128  1811.46  90.0397  1.254  0.4  54.2  64  2.8332  100
36.354  38.6416  1889.23  95.3373  175.734  0.38  54.2  64  2.8332  100
36.402  38.6416  1848.84  95.3264  171.627  0.39  54.2  64  2.8332  100
36.451  38.6416  1941.86  89.1925  27.368  0.37  54.2  64  2.8332  100
36.5  38.7704  1986.08  89.721  9.672  0.36  57.7  64  2.8332  100
36.549  38.7704  1827.04  94.437  141.345  0.4  57.7  64  2.8332  100
36.597  38.8992  1956.05  89.0734  31.633  0.37  57.7  64  2.8332  100
36.646  38.8992  1877.52  94.8206  157.779  0.39  57.7  64  2.8332  100
36.695  38.8992  1789.82  90.0476  1.488  0.4  57.7  64  2.8332  100
36.744  39.028  2011.87  89.9687  1.1  0.36  57.7  64  2.8332  100
36.792  39.028  1866.88  96.3785  207.404  0.39  55.4  64  2.8332  100
36.841  39.1568  1939.57  89.1307  29.425  0.37  55.4  64  2.8332  100
36.89  39.1568  1910.45  95.2567  175.031  0.38  55.4  64  2.8332  100
36.938  39.1568  1935.21  89.9522  1.616  0.37  55.4  64  2.8332  100
36.987  39.2856  1941.44  89.1574  28.549  0.37  55.4  64  2.8332  100
37.036  39.2856  1997.03  89.9485  1.795  0.36  55.4  64  2.8332  100
37.085  39.4144  1851.58  95.288  170.645  0.39  55.4  64  2.8332  100
37.134  39.4144  1975.83  89.9463  1.852  0.37  54.1  64  2.8332  100
37.182  39.4144  1992.52  89.9717  0.985  0.36  54.1  64  2.8332  100
37.231  39.5432  1857.71  94.1828  135.499  0.39  54.1  64  2.8332  100
37.28  39.5432  1908.81  94.933  164.139  0.38  54.1  64  2.8332  100
37.329  39.672  1953.53  89.9299  2.388  0.37  54.1  64  2.8332  100
37.377  39.672  1934.01  89.3118  23.229  0.37  54.1  64  2.8332  100
37.426  39.672  1989.55  89.7407  9.004  0.36  53.5  64  2.8332  100
37.475  39.8008  1935.88  89.8748  4.23  0.37  53.5  64  2.8332  100
37.524  39.8008  1953.47  88.8616  38.812  0.37  53.5  64  2.8332  100
37.572  39.9296  1982.07  89.9315  2.369  0.36  53.5  64  2.8332  100
37.621  39.9296  1839.56  94.3522  139.598  0.39  53.5  64  2.8332  100
37.67  39.9296  1973.24  89.0506  32.696  0.37  53.5  64  2.8332  100
37.719  40.0584  1891.72  94.9191  162.214  0.38  54.2  64  2.8332  100
37.768  40.0584  1847.05  94.1168  132.599  0.39  54.2  64  2.8332  100
37.816  40.1873  1963.24  89.1457  29.273  0.37  54.2  64  2.8332  100
37.865  40.1873  1849.5  94.0289  129.945  0.39  54.2  64  2.8332  100
37.914  40.1873  1926.83  89.0928  30.507  0.38  54.2  64  2.8332  100
37.963  40.3161  1985.66  89.6852  10.911  0.36  54.2  64  2.8332  100
38.011  40.3161  1854.64  95.0127  162.053  0.39  57.1  64  2.8332  100
38.06  40.4449  1934.11  88.1859  61.226  0.37  57.1  64  2.8332  100
38.109  40.4449  1987.33  89.8284  5.952  0.36  57.1  64  2.8332  100
38.158  40.4449  1847.96  95.4488  175.475  0.39  57.1  64  2.8332  100
38.207  40.5737  1972.81  89.0149  33.916  0.37  57.1  64  2.8332  100
38.256  40.5737  1888.43  95.1755  170.348  0.38  57.1  64  2.8332  100
38.305  40.7025  1934.83  89.1208  29.688  0.37  57.8  64  2.8332  100
38.353  40.7025  1833.72  90.0669  2.142  0.39  57.8  64  2.8332  100
38.402  40.7025  1987.58  89.9595  1.404  0.36  57.8  64  2.8332  100
38.451  40.8313  1939.57  89.1307  29.425  0.37  57.8  64  2.8332  100
38.5  40.8313  1998.07  89.7724  7.938  0.36  57.8  64  2.8332  100
38.549  40.9601  1863.12  95.5418  179.924  0.39  57.8  64  2.8332  100
38.597  40.9601  1961.7  88.889  38.035  0.37  55.5  64  2.8332  100
38.646  40.9601  1978.08  89.7254  9.481  0.37  55.5  64  2.8332  100
38.695  41.0889  1851.01  95.4762  176.648  0.39  55.5  64  2.8332  100
38.744  41.0889  1981.83  88.9631  35.864  0.37  55.5  64  2.8332  100
38.792  41.2177  1987.58  89.9595  1.404  0.36  55.5  64  2.8332  100
38.842  41.2177  1866.07  94.0793  132.747  0.39  55.5  64  2.8332  100
38.89  41.2177  2012.34  90.0043  0.153  0.36  53.9  64  2.8332  100
38.939  41.3465  1867.48  95.2109  169.609  0.39  53.9  64  2.8332  100
38.988  41.3465  1851.77  94.1769  134.875  0.39  53.9  64  2.8332  100
39.037  41.4753  1990.92  89.5809  14.562  0.36  53.9  64  2.8332  100
39.085  41.4753  1937.72  89.902  3.316  0.37  53.9  64  2.8332  100
39.134  41.4753  1954.77  88.9674  35.226  0.37  53.9  64  2.8332  100
39.183  41.6041  1977.67  89.6897  10.71  0.37  54.4  64  2.8332  100
39.232  41.6041  1850.8  95.4314  175.184  0.39  54.4  64  2.8332  100
39.28  41.7329  1998.72  89.8277  6.011  0.36  54.4  64  2.8332  100
39.329  41.7329  1883.08  95.0203  164.785  0.39  54.4  64  2.8332  100
39.378  41.8617  1854.62  94.1575  134.456  0.39  54.4  64  2.8332  100
39.427  41.8617  1937.16  94.9024  165.547  0.37  54.4  64  2.8332  100
39.476  41.8617  1942.47  89.9138  2.922  0.37  54  64  2.8332  100
39.525  41.9905  1948.52  89.2294  26.205  0.37  54  64  2.8332  100
39.573  41.9905  1989.13  89.7048  10.247  0.36  54  64  2.8332  100
39.622  42.1193  1850.01  95.5747  179.715  0.39  54  64  2.8332  100
39.671  42.1193  1982.29  89.9507  1.707  0.36  54  64  2.8332  100
39.72  42.1193  1975.61  89.9272  2.51  0.37  54  64  2.8332  100
39.768  42.2481  1865.12  94.179  135.918  0.39  54  64  2.8332  100
39.817  42.2481  1977.75  89.0248  33.66  0.37  55.7  64  2.8332  100
39.866  42.3769  1872.84  95.0842  165.971  0.39  55.7  64  2.8332  100
39.915  42.3769  1934.63  89.2338  25.869  0.37  55.7  64  2.8332  100
39.964  42.3769  1909.16  95.3121  176.751  0.38  55.7  64  2.8332  100
40.013  42.5057  1799.86  90.0462  1.45  0.4  55.7  64  2.8332  100
40.062  42.5057  1941.02  89.1224  29.73  0.37  55.7  64  2.8332  100
40.111  42.6346  1999.61  89.7643  8.226  0.36  56.1  64  2.8332  100
40.159  42.6346  1847.53  95.0579  162.882  0.39  56.1  64  2.8332  100
40.208  42.6346  1970.88  88.9879  34.811  0.37  56.1  64  2.8332  100
40.257  42.7634  1900.35  95.1023  169.006  0.38  56.1  64  2.8332  100
40.306  42.7634  1853.43  94.2118  136.125  0.39  56.1  64  2.8332  100
40.354  42.8922  1997.59  89.8717  4.473  0.36  56.1  64  2.8332  100
40.403  42.8922  2004  89.9884  0.405  0.36  53.7  64  2.8332  100
40.452  42.8922  1801.15  89.9877  0.387  0.4  53.7  64  2.8332  100
40.501  43.021  1924.29  94.885  163.867  0.38  53.7  64  2.8332  100
40.549  43.021  1875.3  94.9753  162.636  0.39  53.7  64  2.8332  100
40.598  43.1498  1951.45  89.2128  26.812  0.37  53.7  64  2.8332  100
40.647  43.1498  1899.89  95.3202  176.162  0.38  53.7  64  2.8332  100
40.696  43.1498  1863.33  95.587  181.408  0.39  54.5  64  2.8332  100
40.745  43.2786  1978.37  88.9447  36.437  0.37  54.5  64  2.8332  100
40.793  43.2786  1907.4  94.9638  165.039  0.38  54.5  64  2.8332  100
40.842  43.4074  1848.21  94.0625  130.937  0.39  54.5  64  2.8332  100
40.891  43.4074  1898.51  95.0442  166.925  0.38  54.5  64  2.8332  100
40.94  43.4074  1888.05  94.8007  158.01  0.38  54.5  64  2.8332  100
40.988  43.5362  1847.53  94.2058  135.497  0.39  55.6  64  2.8332  100
41.037  43.5362  1856.24  89.9872  0.416  0.39  55.6  64  2.8332  100
41.086  43.665  1952.05  89.9377  2.123  0.37  55.6  64  2.8332  100
41.135  43.665  1965.1  88.9072  37.479  0.37  55.6  64  2.8332  100
41.183  43.665  1980.01  89.753  8.534  0.37  55.6  64  2.8332  100
41.232  43.7938  1850.01  95.5747  179.715  0.39  55.6  64  2.8332  100
41.281  43.7938  1882.05  93.9703  130.312  0.39  53.4  64  2.8332  100
41.33  43.9226  2005.52  89.9807  0.676  0.36  53.4  64  2.8332  100
41.378  43.9226  1853.22  95.324  171.957  0.39  53.4  64  2.8332  100
41.427  43.9226  1969.82  89.0321  33.274  0.37  53.4  64  2.8332  100
41.476  44.0514  1864.68  94.949  160.863  0.39  53.4  64  2.8332  100
41.525  44.0514  1804.19  90.0423  1.333  0.4  53.4  64  2.8332  100
41.573  44.1802  1913.26  95.192  173.138  0.38  53.6  64  2.8332  100
41.622  44.1802  1841.05  94.0873  131.225  0.39  53.6  64  2.8332  100
41.671  44.1802  1937.9  88.9908  34.133  0.37  53.6  64  2.8332  100
41.72  44.309  1897.12  95.3842  178.016  0.38  53.6  64  2.8332  100
41.768  44.309  1867.6  95.2352  170.407  0.39  53.6  64  2.8332  100
41.817  44.4378  2014.93  89.9531  1.651  0.36  53.6  64  2.8332  100
41.866  44.4378  1911.76  94.6025  153.405  0.38  54.6  64  2.8332  100
41.915  44.4378  1787.01  90.0625  1.949  0.4  54.6  64  2.8332  100
41.963  44.5666  1836.68  90.0517  1.657  0.39  54.6  64  2.8332  100
42.012  44.5666  1870.7  94.9575  161.659  0.39  54.6  64  2.8332  100
42.061  44.6954  1860.08  94.0737  132.138  0.39  54.6  64  2.8332  100
42.11  44.6954  1842.72  90.0566  1.822  0.39  54.6  64  2.8332  100
42.159  44.6954  1852.09  93.9647  128.056  0.39  54.6  64  2.8332  100
42.207  44.8242  1953.3  88.976  34.908  0.37  55.6  64  2.8332  100
42.256  44.8242  1917.31  94.7588  159.063  0.38  55.6  64  2.8332  100
42.305  44.953  1864.13  95.4427  176.812  0.39  55.6  64  2.8332  100
42.354  44.953  1983.4  89.9071  3.216  0.36  55.6  64  2.8332  100
42.402  45.0819  1891.49  94.8734  160.688  0.38  55.6  64  2.8332  100
42.451  45.0819  1867.15  95.1447  167.431  0.39  55.6  64  2.8332  100
42.5  45.0819  1838.16  90.044  1.412  0.39  54.9  64  2.8332  100
42.549  45.2107  1986.55  90.0024  0.084  0.36  54.9  64  2.8332  100
42.597  45.2107  1939.37  89.244  25.588  0.37  54.9  64  2.8332  100
42.646  45.3395  2008.82  89.9842  0.553  0.36  54.9  64  2.8332  100
42.695  45.3395  1946.86  89.8907  3.715  0.37  54.9  64  2.8332  100
42.744  45.3395  1946.17  88.0327  66.809  0.37  54.9  64  2.8332  100
42.793  45.4683  1994.15  89.7165  9.866  0.36  55.5  64  2.8332  100
42.842  45.4683  1868.04  95.3257  173.386  0.39  55.5  64  2.8332  100
42.89  45.5971  1965.54  88.9427  36.269  0.37  55.5  64  2.8332  100
42.939  45.5971  1903.44  94.7982  159.215  0.38  55.5  64  2.8332  100
42.988  45.5971  1871.73  95.1629  168.434  0.39  55.5  64  2.8332  100
43.037  45.7259  1998.01  89.9077  3.218  0.36  55.5  64  2.8332  100
43.085  45.7259  1986.09  89.9672  1.136  0.36  51.8  64  2.8332  100
43.134  45.8547  1941.86  89.1925  27.368  0.37  51.8  64  2.8332  100
43.183  45.8547  2005.81  89.7319  9.384  0.36  51.8  64  2.8332  100
43.232  45.8547  1850.8  95.4314  175.184  0.39  51.8  64  2.8332  100
43.281  45.9835  1949.33  89.0368  32.77  0.37  51.8  64  2.8332  100
43.33  45.9835  1976.02  89.9628  1.283  0.37  51.8  64  2.8332  100
43.378  46.1123  1938.78  89.8594  4.759  0.37  55  64  2.8332  100
43.427  46.1123  1974.31  89.0063  34.238  0.37  55  64  2.8332  100
43.476  46.1123  1881.61  95.0294  164.957  0.39  55  64  2.8332  100
43.525  46.2411  1938.74  89.0608  31.78  0.37  55  64  2.8332  100
43.573  46.2411  1928.34  95.0527  169.832  0.38  55  64  2.8332  100
43.622  46.3699  1870.24  94.867  158.676  0.39  55  64  2.8332  100
43.67  46.3699  1944.71  88.9132  36.886  0.37  54.1  64  2.8332  100
43.719  46.3699  2000.14  89.5315  16.353  0.36  54.1  64  2.8332  100
43.768  46.4987  1853.03  90.0237  0.766  0.39  54.1  64  2.8332  100
43.817  46.4987  1966.41  89.0137  33.848  0.37  54.1  64  2.8332  100
43.866  46.6275  1979.04  89.9472  1.824  0.37  54.1  64  2.8332  100
43.914  46.6275  1866.81  95.3798  175.027  0.39  54.1  64  2.8332  100
43.963  46.6275  1957.1  89.0295  33.147  0.37  57.3  64  2.8332  100
44.012  46.7563  1883.62  94.8287  158.559  0.39  57.3  64  2.8332  100
44.061  46.7563  1863.19  94.0989  133.179  0.39  57.3  64  2.8332  100
44.109  46.8851  1914.87  94.8954  163.408  0.38  57.3  64  2.8332  100
44.158  46.8851  1864.58  95.2289  169.927  0.39  57.3  64  2.8332  100
44.207  46.8851  1981.88  90.009  0.313  0.37  57.3  64  2.8332  100
44.256  47.0139  2006.94  89.6876  10.942  0.36  54.6  64  2.8332  100
44.305  47.0139  1858.8  95.5678  180.348  0.39  54.6  64  2.8332  100
44.353  47.1427  1959.61  88.9771  34.983  0.37  54.6  64  2.8332  100
44.402  47.1427  1902.17  94.8536  160.943  0.38  54.6  64  2.8332  100
44.451  47.1427  1952.54  90.0296  1.01  0.37  54.6  64  2.8332  100
44.5  47.2715  1991.86  89.9393  2.109  0.36  54.6  64  2.8332  100
44.549  47.2715  1897.2  94.79  158.424  0.38  53.6  64  2.8332  100
44.598  47.4003  1974.04  90.0121  0.417  0.37  53.6  64  2.8332  100
44.647  47.4003  1990.32  89.9472  1.834  0.36  53.6  64  2.8332  100
44.696  47.4003  1857.39  95.2734  170.71  0.39  53.6  64  2.8332  100
44.744  47.5292  1913.84  88.2777  57.521  0.38  53.6  64  2.8332  100
44.793  47.5292  1986.5  89.7568  8.433  0.36  53.6  64  2.8332  100
44.842  47.658  1804.14  90.0236  0.745  0.4  53.6  64  2.8332  100
44.891  47.658  1988.38  89.9192  2.803  0.36  53.9  64  2.8332  100
44.939  47.658  1997.37  89.8524  5.145  0.36  53.9  64  2.8332  100
44.988  47.7868  1943.14  89.8361  5.558  0.37  53.9  64  2.8332  100
45.037  47.7868  1988.96  88.8835  38.755  0.36  53.9  64  2.8332  100
45.086  47.9156  1884.79  95.0567  166.128  0.39  53.9  64  2.8332  100
45.135  47.9156  1845.64  94.1265  132.809  0.39  53.9  64  2.8332  100
45.183  48.0444  2020.49  90.0012  0.042  0.36  56.6  64  2.8332  100
45.232  48.0444  1869.25  94.9667  161.832  0.39  56.6  64  2.8332  100
45.281  48.0444  1884.98  93.9503  129.859  0.38  56.6  64  2.8332  100
45.33  48.1732  1920.89  95.1459  172.288  0.38  56.6  64  2.8332  100
45.379  48.1732  1855.93  95.5851  180.627  0.39  56.6  64  2.8332  100
45.428  48.302  1999.71  90.0306  1.067  0.36  56.6  64  2.8332  100
45.476  48.302  1907.35  96.2489  207.612  0.38  54.8  64  2.8332  100
45.525  48.302  1841.42  94.1555  133.436  0.39  54.8  64  2.8332  100
45.574  48.4308  1839.55  90.0008  0.025  0.39  54.8  64  2.8332  100
45.623  48.4308  1904.32  96.2656  207.832  0.38  54.8  64  2.8332  100
45.672  48.5596  1928.07  89.1971  27.017  0.38  54.8  64  2.8332  100
45.72  48.5596  2020.01  89.9654  1.221  0.36  54.8  64  2.8332  100
45.769  48.5596  1814.29  90.0057  0.182  0.4  54.2  64  2.8332  100
45.818  48.6884  1955.19  89.0028  34.029  0.37  54.2  64  2.8332  100
45.867  48.6884  2002.97  89.6316  12.877  0.36  54.2  64  2.8332  100
45.915  48.8172  1960.76  89.9497  1.721  0.37  54.2  64  2.8332  100
45.964  48.8172  2005.31  89.9642  1.254  0.36  54.2  64  2.8332  100
46.013  48.8172  1914.5  94.8242  161.007  0.38  54.2  64  2.8332  100
46.062  48.946  1858.89  94.1283  133.821  0.39  52.8  64  2.8332  100
46.11  48.946  1999.13  89.8637  4.755  0.36  52.8  64  2.8332  100
46.159  49.0748  1892.51  96.3777  210.224  0.38  52.8  64  2.8332  100
46.208  49.0748  1809.92  90.0122  0.385  0.4  52.8  64  2.8332  100
46.257  49.0748  1971.65  89.7218  9.575  0.37  52.8  64  2.8332  100
46.305  49.2036  1983.12  89.9826  0.603  0.36  52.8  64  2.8332  100
46.354  49.2036  1954.36  88.0567  66.274  0.37  56.7  64  2.8332  100
46.403  49.3324  1993.03  89.7605  8.33  0.36  56.7  64  2.8332  100
46.452  49.3324  1850.8  95.4314  175.184  0.39  56.7  64  2.8332  100
46.5  49.3324  1946.6  88.9398  36.019  0.37  56.7  64  2.8332  100
46.549  49.4612  1925.07  96.0075  201.476  0.38  56.7  64  2.8332  100
46.598  49.4612  1852.86  95.5574  179.436  0.39  56.7  64  2.8332  100
46.647  49.59  1991.83  88.9827  35.363  0.36  54.9  64  2.8332  100
46.695  49.59  1877.76  94.866  159.282  0.39  54.9  64  2.8332  100
46.744  49.59  1937.47  88.9558  35.308  0.37  54.9  64  2.8332  100
46.793  49.7188  1911.5  95.1549  171.746  0.38  54.9  64  2.8332  100
46.842  49.7188  1863.92  95.0934  165.478  0.39  54.9  64  2.8332  100
46.89  49.8477  1960.9  89.0833  31.372  0.37  54.9  64  2.8332  100
46.939  49.8477  1909.75  95.1178  170.359  0.38  53.5  64  2.8332  100
46.988  49.8477  1933.77  89.9598  1.357  0.37  53.5  64  2.8332  100
47.037  49.9765  1975.83  89.9463  1.852  0.37  53.5  64  2.8332  100
47.085  49.9765  1978.91  89.7967  7.022  0.37  53.5  64  2.8332  100
47.134  50.1053  1866.32  94.1243  134.226  0.39  53.5  64  2.8332  100
47.184  50.1053  1901.16  95.2651  174.459  0.38  53.5  64  2.8332  100
47.232  50.1053  1879.58  95.2298  171.325  0.39  53.5  64  2.8332  100
47.281  50.2341  1886.71  95.4467  179.086  0.39  54.7  64  2.8332  100
47.33  50.2341  1992.98  89.8955  3.634  0.36  54.7  64  2.8332  100
47.379  50.3629  1960.2  90.0267  0.914  0.37  54.7  64  2.8332  100
47.427  50.3629  1952.07  89.1339  29.505  0.37  54.7  64  2.8332  100
47.476  50.3629  2012.34  90.0043  0.153  0.36  54.7  64  2.8332  100
47.525  50.4917  1834.74  93.9934  127.774  0.4  54.7  64  2.8332  100
47.574  50.4917  1972.18  89.0948  31.158  0.37  54.2  64  2.8332  100
47.622  50.6205  1876.53  94.9207  160.961  0.39  54.2  64  2.8332  100
47.671  50.6205  1861.76  94.1087  133.394  0.39  54.2  64  2.8332  100
47.72  50.6205  2028.23  89.962  1.343  0.36  54.2  64  2.8332  100
47.769  50.7493  1947.25  89.9257  2.525  0.37  54.2  64  2.8332  100
47.817  50.7493  1935.26  89.2874  24.067  0.37  54.2  64  2.8332  100
47.866  50.8781  1996.38  89.6283  12.951  0.36  56.6  64  2.8332  100
47.915  50.8781  1981.18  89.9551  1.552  0.37  56.6  64  2.8332  100
47.964  50.8781  1963.87  89.0663  32.003  0.37  56.6  64  2.8332  100
48.012  51.0069  1895.99  95.1545  170.337  0.38  56.6  64  2.8332  100
48.061  51.0069  1850.43  95.6644  182.641  0.39  56.6  64  2.8332  100
48.11  51.1357  1987.27  89.9629  1.286  0.36  56.6  64  2.8332  100
48.159  51.1357  1894.14  95.0931  168.152  0.38  56.2  64  2.8332  100
48.208  51.1357  1857.71  94.1828  135.499  0.39  56.2  64  2.8332  100
48.256  51.2645  1905.22  95.1455  170.869  0.38  56.2  64  2.8332  100
48.305  51.2645  1908.2  94.8159  160.201  0.38  56.2  64  2.8332  100
48.354  51.3933  1944.11  88.9919  34.204  0.37  56.2  64  2.8332  100
48.403  51.3933  1989.82  89.625  13.024  0.36  56.2  64  2.8332  100
48.451  51.3933  1865.36  95.0844  165.313  0.39  53.9  64  2.8332  100
48.5  51.5221  1944.71  88.9132  36.886  0.37  53.9  64  2.8332  100
48.549  51.5221  1975.48  89.7769  7.691  0.37  53.9  64  2.8332  100
48.598  51.6509  1856.08  95.3064  171.653  0.39  53.9  64  2.8332  100
48.647  51.6509  1848.61  89.9901  0.318  0.39  53.9  64  2.8332  100
48.696  51.6509  1898.39  95.0196  166.101  0.38  53.9  64  2.8332  100
48.745  51.7797  1854.13  94.0681  131.535  0.39  54.4  64  2.8332  100
48.793  51.7797  2013.87  89.9966  0.121  0.36  54.4  64  2.8332  100
48.842  51.9085  1961.73  89.9618  1.309  0.37  54.4  64  2.8332  100
48.891  51.9085  1942.89  89.1491  28.854  0.37  54.4  64  2.8332  100
48.94  51.9085  1989.39  89.5891  14.267  0.36  54.4  64  2.8332  100
48.988  52.0373  1943.54  89.8711  4.372  0.37  54.4  64  2.8332  100
49.037  52.0373  1961.7  88.889  38.035  0.37  54  64  2.8332  100
49.086  52.1661  2000.04  89.8004  6.969  0.36  54  64  2.8332  100
49.135  52.1661  1954.98  89.98  0.682  0.37  54  64  2.8332  100
49.183  52.295  1969.82  89.0321  33.274  0.37  54  64  2.8332  100
49.232  52.295  1994.48  89.9993  0.024  0.36  54  64  2.8332  100
49.281  52.295  1840.45  93.9781  127.681  0.39  54  64  2.8332  100
49.33  52.4238  2015.4  89.9888  0.394  0.36  56.5  64  2.8332  100
49.378  52.4238  1853.88  95.1564  166.617  0.39  56.5  64  2.8332  100
49.427  52.5526  1804.19  90.0423  1.333  0.4  56.5  64  2.8332  100
49.476  52.5526  1902.44  95.2099  172.751  0.38  56.5  64  2.8332  100
49.525  52.5526  1842.1  95.1383  164.98  0.39  56.5  64  2.8332  100
49.574  52.6814  1927.43  89.0149  33.137  0.38  56.5  64  2.8332  100
49.622  52.6814  1913.77  94.6854  156.324  0.38  56.5  64  2.8332  100
49.671  52.8102  1858.51  95.1986  168.396  0.39  56.4  64  2.8332  100
49.72  52.8102  1985.62  89.8197  6.247  0.36  56.4  64  2.8332  100
49.769  52.8102  1964.7  89.9463  1.842  0.37  56.4  64  2.8332  100
49.817  52.939  1944.11  88.9919  34.204  0.37  56.4  64  2.8332  100
49.867  52.939  1905.91  95.284  175.52  0.38  56.4  64  2.8332  100
49.916  53.0678  1877.89  95.1933  169.98  0.39  56.4  64  2.8332  100
49.964  53.0678  1931.34  89.2154  26.445  0.37  54.8  64  2.8332  100
50.013  53.0678  1906.49  95.0901  169.149  0.38  54.8  64  2.8332  100
50.062  53.1966  1844.78  93.9693  127.699  0.39  54.8  64  2.8332  100
50.111  53.1966  1883.21  95.0447  165.596  0.39  54.8  64  2.8332  100
50.159  53.3254  1913.7  94.9726  165.878  0.38  54.8  64  2.8332  100
50.208  53.3254  1927.23  89.9208  2.664  0.38  54.8  64  2.8332  100
50.257  53.3254  1908.81  94.933  164.139  0.38  54.1  64  2.8332  100
50.306  53.4542  1898.9  96.4374  212.899  0.38  54.1  64  2.8332  100
50.354  53.4542  1851.36  95.2431  169.182  0.39  54.1  64  2.8332  100
50.403  53.583  1907.19  95.2287  173.804  0.38  54.1  64  2.8332  100
50.452  53.583  1871.83  95.184  169.127  0.39  54.1  64  2.8332  100
50.501  53.583  1812.9  90.0321  1.016  0.4  54.1  64  2.8332  100
50.549  53.7118  1965.25  89.7182  9.667  0.37  53.9  64  2.8332  100
50.598  53.7118  1837.77  94.0181  128.777  0.39  53.9  64  2.8332  100
50.647  53.8406  1945.63  88.1124  64.086  0.37  53.9  64  2.8332  100
50.696  53.8406  1901.38  95.001  165.75  0.38  53.9  64  2.8332  100
50.745  53.8406  1846.75  95.5023  177.076  0.39  53.9  64  2.8332  100
50.793  53.9694  2009.28  90.0198  0.696  0.36  53.9  64  2.8332  100
50.842  53.9694  1864.68  94.949  160.863  0.39  54.6  64  2.8332  100
50.891  54.0982  1838.16  94.3616  139.795  0.39  54.6  64  2.8332  100
50.939  54.0982  1914.54  95.1364  171.405  0.38  54.6  64  2.8332  100
50.988  54.0982  1857.95  95.0845  164.66  0.39  54.6  64  2.8332  100
51.037  54.227  1859.38  94.2179  136.757  0.39  54.6  64  2.8332  100
51.086  54.227  1884.86  94.7738  156.863  0.39  54.6  64  2.8332  100
51.135  54.3558  1930.5  89.9403  2.013  0.37  53.9  64  2.8332  100
51.183  54.3558  1883.77  94.0057  131.592  0.38  53.9  64  2.8332  100
51.232  54.3558  1981.66  89.8958  3.603  0.37  53.9  64  2.8332  100
51.281  54.4846  1848  94.295  138.399  0.39  53.9  64  2.8332  100
51.33  54.4846  1833.62  90.0315  1.007  0.39  53.9  64  2.8332  100
51.379  54.6134  1805.66  90.051  1.608  0.4  53.9  64  2.8332  100
51.428  54.6134  1915.68  89.3053  23.226  0.38  54.8  64  2.8332  100
51.477  54.6134  1904.28  94.961  164.678  0.38  54.8  64  2.8332  100
51.525  54.7423  1799.86  90.0462  1.45  0.4  54.8  64  2.8332  100
51.574  54.7423  1943.31  89.1841  27.671  0.37  54.8  64  2.8332  100
51.623  54.8711  1969.19  89.9229  2.649  0.37  54.8  64  2.8332  100
51.672  54.8711  1934.82  89.9173  2.792  0.37  54.8  64  2.8332  100
51.721  54.8711  1885.24  93.9957  131.367  0.38  55.1  64  2.8332  100
51.769  54.9999  1894.7  94.9005  161.854  0.38  55.1  64  2.8332  100
51.818  54.9999  1859.14  94.1731  135.289  0.39  55.1  64  2.8332  100
51.867  55.1287  1883.52  93.9603  130.086  0.39  55.1  64  2.8332  100
51.916  55.1287  1856.6  93.9798  128.857  0.39  55.1  64  2.8332  100
51.965  55.2575  1931.14  89.3281  22.645  0.37  55.1  64  2.8332  100
52.014  55.2575  1901.51  95.0257  166.577  0.38  54.1  64  2.8332  100
52.062  55.2575  1842.53  95.2276  167.876  0.39  54.1  64  2.8332  100
52.111  55.3863  1937.29  89.0692  31.472  0.37  54.1  64  2.8332  100
52.16  55.3863  1889.29  94.7456  156.304  0.38  54.1  64  2.8332  100
52.209  55.5151  1982.09  90.0253  0.877  0.36  54.1  64  2.8332  100
52.258  55.5151  1989.08  89.8396  5.567  0.36  54.1  64  2.8332  100
52.306  55.5151  1898.97  96.1056  201.978  0.38  54.1  64  2.8332  100
52.355  55.6439  1839.9  95.59  179.223  0.4  54.2  64  2.8332  100
52.404  55.6439  2012.34  90.0043  0.153  0.36  54.2  64  2.8332  100
52.453  55.7727  1863.11  96.5387  212.162  0.39  54.2  64  2.8332  100
52.501  55.7727  1929.5  89.1889  27.315  0.37  54.2  64  2.8332  100
52.551  55.7727  2010.31  89.5542  15.641  0.36  54.2  64  2.8332  100
52.599  55.9015  1852.01  95.0756  163.849  0.39  54.2  64  2.8332  100
52.648  55.9015  1933.99  89.051  32.032  0.37  52.6  64  2.8332  100
52.697  56.0303  1988.86  89.8204  6.233  0.36  52.6  64  2.8332  100
52.745  56.0303  1851.25  95.2191  168.398  0.39  52.6  64  2.8332  100
52.794  56.0303  1960.28  89.1625  28.652  0.37  52.6  64  2.8332  100
52.843  56.1591  1805.57  90.0161  0.508  0.4  52.6  64  2.8332  100
52.892  56.1591  1850.37  95.3417  172.259  0.39  52.6  64  2.8332  100
52.941  56.2879  1827.64  90.0266  0.849  0.4  55.2  64  2.8332  100
52.99  56.2879  1862.05  96.6374  215.225  0.39  55.2  64  2.8332  100
53.038  56.2879  1789.82  90.0476  1.488  0.4  55.2  64  2.8332  100
53.087  56.4167  1988.02  89.7487  8.718  0.36  55.2  64  2.8332  100
53.136  56.4167  1972.32  90.001  0.034  0.37  55.2  64  2.8332  100
53.185  56.5455  1857.22  94.0933  132.569  0.39  55.2  64  2.8332  100
53.234  56.5455  1902.41  94.8996  162.486  0.38  55.5  64  2.8332  100
53.282  56.5455  1844.13  95.5643  178.811  0.39  55.5  64  2.8332  100
53.331  56.6743  1947.45  89.0101  33.646  0.37  55.5  64  2.8332  100
53.38  56.6743  1983.57  90.0177  0.613  0.36  55.5  64  2.8332  100
53.429  56.8031  1847.59  95.6815  182.908  0.39  55.5  64  2.8332  100
53.477  56.8031  1902.78  94.9703  164.857  0.38  55.5  64  2.8332  100
53.526  56.8031  1859.82  95.1655  167.446  0.39  54.5  64  2.8332  100
53.575  56.9319  1850.55  93.9539  127.601  0.39  54.5  64  2.8332  100
53.624  56.9319  1964.98  89.8323  5.751  0.37  54.5  64  2.8332  100
53.672  57.0607  1831.05  94.1107  131.258  0.4  54.5  64  2.8332  100
53.721  57.0607  1937.52  89.2173  26.467  0.37  54.5  64  2.8332  100
53.77  57.0607  1880.92  94.8929  160.429  0.39  54.5  64  2.8332  100
53.819  57.1896  1852.22  95.4226  175.038  0.39  53.4  64  2.8332  100
53.868  57.1896  1886.97  94.0312  132.652  0.38  53.4  64  2.8332  100
53.916  57.3184  1974.25  90.0283  0.976  0.37  53.4  64  2.8332  100
53.965  57.3184  1837.93  94.3173  138.359  0.39  53.4  64  2.8332  100
54.014  57.3184  1967.51  89.9143  2.943  0.37  53.4  64  2.8332  100
54.063  57.4472  1879.65  96.2139  203.455  0.39  53.4  64  2.8332  100
54.112  57.4472  1939.79  89.279  24.409  0.37  54.2  64  2.8332  100
54.16  57.576  1959.44  89.8989  3.457  0.37  54.2  64  2.8332  100
54.209  57.576  1947.79  90.0176  0.599  0.37  54.2  64  2.8332  100
54.258  57.576  1938.74  89.0608  31.78  0.37  54.2  64  2.8332  100
54.306  57.7048  2000.97  90.0039  0.136  0.36  54.2  64  2.8332  100
54.355  57.7048  1859.01  95.6129  181.825  0.39  54.2  64  2.8332  100
54.404  57.8336  1877.34  95.0813  166.273  0.39  56.3  64  2.8332  100
54.453  57.8336  1898.97  96.1056  201.978  0.38  56.3  64  2.8332  100
54.502  57.8336  1802.67  90.015  0.472  0.4  56.3  64  2.8332  100
54.55  57.9624  1919.69  94.9134  164.422  0.38  56.3  64  2.8332  100
54.599  57.9624  1871.92  94.903  159.992  0.39  56.3  64  2.8332  100
54.648  58.0912  1799.72  89.9952  0.15  0.4  56.3  64  2.8332  100
54.697  58.0912  1983.3  89.6217  13.095  0.36  56.3  64  2.8332  100
54.746  58.0912  1945.39  89.8984  3.45  0.37  54.1  64  2.8332  100
54.794  58.22  1952.44  88.0307  67.094  0.37  54.1  64  2.8332  100
54.843  58.22  1984.7  89.88  4.155  0.36  54.1  64  2.8332  100
54.892  58.3488  1853.22  95.324  171.957  0.39  54.1  64  2.8332  100
54.941  58.3488  1835.1  90.0238  0.763  0.39  54.1  64  2.8332  100
54.99  58.4776  1894.68  96.1769  203.865  0.38  54.1  64  2.8332  100
55.038  58.4776  1856.48  93.9591  128.178  0.39  55.7  64  2.8332  100
55.087  58.4776  1850.21  90.0182  0.587  0.39  55.7  64  2.8332  100
55.136  58.6064  1867.34  94.8854  159.03  0.39  55.7  64  2.8332  100
55.185  58.6064  1934.22  89.1989  27.042  0.37  55.7  64  2.8332  100
55.234  58.7352  2016.57  89.5209  16.861  0.36  55.7  64  2.8332  100
55.282  58.7352  1862.03  95.0123  162.685  0.39  55.7  64  2.8332  100
55.331  58.7352  1820.14  89.9942  0.185  0.4  52.2  64  2.8332  100
55.38  58.864  1919.81  94.935  165.152  0.38  52.2  64  2.8332  100
55.428  58.864  1861.03  95.4151  175.626  0.39  52.2  64  2.8332  100
55.477  58.9928  1955.9  87.9317  70.589  0.37  52.2  64  2.8332  100
55.526  58.9928  1997.03  89.9485  1.795  0.36  52.2  64  2.8332  100
55.575  58.9928  1812.81  89.9971  0.093  0.4  52.2  64  2.8332  100
55.624  59.1216  1928.91  94.8565  163.303  0.38  52.5  64  2.8332  100
55.672  59.1216  1804.04  89.9888  0.354  0.4  52.5  64  2.8332  100
55.721  59.2504  1956.48  89.1087  30.434  0.37  52.5  64  2.8332  100
55.77  59.2504  1992.88  89.6087  13.611  0.36  52.5  64  2.8332  100
55.819  59.2504  1940.62  89.8866  3.842  0.37  52.5  64  2.8332  100
55.868  59.3792  1964.67  88.8717  38.687  0.37  52.5  64  2.8332  100
55.917  59.3792  1965.39  89.8677  4.538  0.37  54.5  64  2.8332  100
55.965  59.508  1846.12  95.368  172.707  0.39  54.5  64  2.8332  100
56.014  59.508  1983.4  89.9071  3.216  0.36  54.5  64  2.8332  100
56.063  59.508  1892.42  95.0565  166.794  0.38  54.5  64  2.8332  100
56.112  59.6369  1924.39  89.1441  28.744  0.38  54.5  64  2.8332  100
56.161  59.6369  1923.48  95.0342  168.785  0.38  54.5  64  2.8332  100
56.21  59.7657  1865.59  95.1295  166.798  0.39  56.2  64  2.8332  100
56.259  59.7657  1921.35  89.2728  24.385  0.38  56.2  64  2.8332  100
56.307  59.7657  1928.42  94.7632  160.132  0.38  56.2  64  2.8332  100
56.356  59.8945  1956.86  90.0071  0.242  0.37  56.2  64  2.8332  100
56.405  59.8945  1954.77  88.9674  35.226  0.37  56.2  64  2.8332  100
56.454  60.0233  1926.8  95.062  170.01  0.38  56.2  64  2.8332  100
56.502  60.0233  1840.49  94.2539  136.52  0.39  53.5  64  2.8332  100
56.551  60.0233  2023.83  90.0048  0.17  0.36  53.5  64  2.8332  100
56.6  60.1521  1871.15  95.048  164.645  0.39  53.5  64  2.8332  100
56.649  60.1521  1861.51  94.0639  131.922  0.39  53.5  64  2.8332  100
56.697  60.2809  1986.34  89.6054  13.679  0.36  53.5  64  2.8332  100
56.746  60.2809  1791.27  90.0563  1.759  0.4  53.5  64  2.8332  100
56.795  60.2809  1922.29  88.2237  59.585  0.38  52.9  64  2.8332  100
56.844  60.4097  2005.81  89.7319  9.384  0.36  52.9  64  2.8332  100
56.892  60.4097  1940.62  89.8866  3.842  0.37  52.9  64  2.8332  100
56.941  60.5385  1814.44  90.0596  1.888  0.4  52.9  64  2.8332  100
56.99  60.5385  1892.5  94.7725  157.454  0.38  52.9  64  2.8332  100
57.039  60.5385  1921.13  89.3848  20.626  0.38  52.9  64  2.8332  100
57.087  60.6673  1979.25  89.0162  33.984  0.37  54.5  64  2.8332  100
57.136  60.6673  1994.02  89.964  1.254  0.36  54.5  64  2.8332  100
57.185  60.7961  1855.55  94.0583  131.32  0.39  54.5  64  2.8332  100
57.234  60.7961  2029.18  90.034  1.204  0.36  54.5  64  2.8332  100
57.282  60.7961  1967.93  90.0237  0.815  0.37  54.5  64  2.8332  100
57.331  60.9249  1936.98  88.1677  61.935  0.37  54.5  64  2.8332  100
57.38  60.9249  1896.72  94.6983  155.358  0.38  54.5  64  2.8332  100
57.429  61.0537  1779.8  90.0122  0.38  0.41  56.7  64  2.8332  100
57.478  61.0537  1818.69  90.0018  0.057  0.4  56.7  64  2.8332  100
57.526  61.0537  1877.99  94.9114  160.785  0.39  56.7  64  2.8332  100
57.575  61.1825  1850.59  95.3865  173.722  0.39  56.7  64  2.8332  100
57.624  61.1825  1980.77  89.9585  1.435  0.37  56.7  64  2.8332  100
57.673  61.3113  1880.64  96.4427  211.026  0.39  56.7  64  2.8332  100
57.721  61.3113  1922.36  89.23  25.834  0.38  51.8  64  2.8332  100
57.77  61.3113  1887.87  95.0628  166.6  0.38  51.8  64  2.8332  100
57.819  61.4401  1870.7  94.9575  161.659  0.39  51.8  64  2.8332  100
57.868  61.4401  1949.08  88.8874  37.845  0.37  51.8  64  2.8332  100
57.917  61.5689  1969.88  89.8441  5.358  0.37  51.8  64  2.8332  100
57.965  61.5689  1848.52  95.2609  169.491  0.39  51.8  64  2.8332  100
58.014  61.5689  1885.14  95.1268  168.456  0.39  51.9  64  2.8332  100
58.063  61.6977  1889.68  94.529  149.216  0.38  51.9  64  2.8332  100
58.112  61.6977  1864.13  95.4427  176.812  0.39  51.9  64  2.8332  100
58.16  61.8265  1884.98  93.9503  129.859  0.38  51.9  64  2.8332  100
58.209  61.8265  1874.95  95.5173  180.268  0.39  51.9  64  2.8332  100
58.258  61.9553  1847.29  94.1613  134.048  0.39  51.9  64  2.8332  100
58.307  61.9553  1988.86  89.8204  6.233  0.36  54.1  64  2.8332  100
58.355  61.9553  1855.84  94.9588  160.417  0.39  54.1  64  2.8332  100
58.404  62.0842  1919.9  88.2765  57.744  0.38  54.1  64  2.8332  100
58.453  62.0842  1889.58  95.0994  167.952  0.38  54.1  64  2.8332  100
58.502  62.213  1848.59  95.5833  179.853  0.39  54.1  64  2.8332  100
58.55  62.213  1878.8  95.0722  166.105  0.39  54.1  64  2.8332  100
58.599  62.213  1879.92  94.9931  163.62  0.39  54.1  64  2.8332  100
58.648  62.3418  1826.81  94.3929  139.926  0.4  54.1  64  2.8332  100
58.697  62.3418  1845.62  90.0056  0.18  0.39  54.1  64  2.8332  100
58.745  62.4706  1992.98  90.007  0.243  0.36  54.1  64  2.8332  100
58.794  62.4706  1852.22  93.9886  128.837  0.39  54.1  64  2.8332  100
58.843  62.4706  1894.03  95.0719  167.442  0.38  54.1  64  2.8332  100
58.892  62.5994  1861.09  96.4107  207.799  0.39  55  64  2.8332  100
58.94  62.5994  1809.92  90.0122  0.385  0.4  55  64  2.8332  100
58.989  62.7282  1976.16  89.6977  10.425  0.37  55  64  2.8332  100
59.038  62.7282  1961.65  90.0192  0.656  0.37  55  64  2.8332  100
59.087  62.7282  1868.46  93.9696  129.348  0.39  55  64  2.8332  100
59.135  62.857  1883.31  95.0659  166.298  0.39  55  64  2.8332  100
59.184  62.857  1861.38  95.1807  168.077  0.39  53.9  64  2.8332  100
59.233  62.9858  1886.97  94.0312  132.652  0.38  53.9  64  2.8332  100
59.282  62.9858  1904.46  94.6966  155.936  0.38  53.9  64  2.8332  100
59.33  62.9858  1801.15  89.9877  0.387  0.4  53.9  64  2.8332  100
59.379  63.1146  1923  94.941  165.629  0.38  53.9  64  2.8332  100
59.428  63.1146  1841.97  93.9889  128.133  0.39  53.9  64  2.8332  100
59.477  63.2434  1924.19  89.2565  24.969  0.38  53.7  64  2.8332  100
59.525  63.2434  1985.24  89.6494  12.149  0.36  53.7  64  2.8332  100
59.574  63.2434  1866.37  95.2893  172.052  0.39  53.7  64  2.8332  100
59.623  63.3722  2000.3  89.952  1.677  0.36  53.7  64  2.8332  100
59.672  63.3722  1946.46  89.8556  4.905  0.37  53.7  64  2.8332  100
59.72  63.501  1919.72  89.1343  29.006  0.38  53.7  64  2.8332  100
59.769  63.501  1989.82  89.625  13.024  0.36  53.7  64  2.8332  100
59.818  63.501  1898.97  96.1056  201.978  0.38  54.3  64  2.8332  100
59.867  63.6298  1924.19  89.2565  24.969  0.38  54.3  64  2.8332  100
59.915  63.6298  2006.59  89.9402  2.094  0.36  54.3  64  2.8332  100
59.964  63.7586  1873.38  94.8938  159.815  0.39  54.3  64  2.8332  100
60.013  63.7586  1961.7  88.889  38.035  0.37  54.3  64  2.8332  100
60.062  63.7586  1884.86  94.7738  156.863  0.39  54.3  64  2.8332  100
60.111  63.8874  1851.64  95.611  181.041  0.39  53.7  64  2.8332  100
60.16  63.8874  1977.49  88.8732  38.887  0.37  53.7  64  2.8332  100
60.208  64.0162  1886.95  95.1846  170.513  0.38  53.7  64  2.8332  100
60.257  64.0162  1846.54  95.4575  175.619  0.39  53.7  64  2.8332  100
60.306  64.0162  1903.71  95.1547  171.038  0.38  53.7  64  2.8332  100
60.355  64.145  1866.25  95.2651  171.255  0.39  53.7  64  2.8332  100
60.404  64.145  1878.8  95.0722  166.105  0.39  54.8  64  2.8332  100
60.453  64.2738  1975.74  89.6621  11.651  0.37  54.8  64  2.8332  100
60.501  64.2738  1784.16  90.0588  1.832  0.41  54.8  64  2.8332  100
60.55  64.2738  1990.81  89.963  1.285  0.36  54.8  64  2.8332  100
60.599  64.4026  1913.46  94.9263  164.316  0.38  54.8  64  2.8332  100
60.648  64.4026  1859.38  94.2179  136.757  0.39  54.8  64  2.8332  100
60.697  64.5315  1996.88  89.9516  1.686  0.36  53  64  2.8332  100
60.746  64.5315  1884.34  95.2728  173.168  0.39  53  64  2.8332  100
60.794  64.5315  1853.88  94.0234  130.076  0.39  53  64  2.8332  100
60.843  64.6603  1920.41  95.0528  169.14  0.38  53  64  2.8332  100
60.892  64.6603  1883.54  95.1115  167.811  0.39  53  64  2.8332  100
60.941  64.7891  1972.57  90.0197  0.678  0.37  53  64  2.8332  100
60.989  64.7891  1998.07  89.7724  7.938  0.36  51.2  64  2.8332  100
61.038  64.7891  1937.33  89.8671  4.494  0.37  51.2  64  2.8332  100
61.087  64.9179  1962.81  89.1102  30.48  0.37  51.2  64  2.8332  100
61.136  64.9179  1988.86  89.8204  6.233  0.36  51.2  64  2.8332  100
61.184  65.0467  1877.87  95.4997  179.977  0.39  51.2  64  2.8332  100
61.233  65.0467  1949.76  89.0719  31.58  0.37  51.2  64  2.8332  100
61.282  65.1755  1900.48  96.0972  201.86  0.38  52.7  64  2.8332  100
61.331  65.1755  1847.05  94.1168  132.599  0.39  52.7  64  2.8332  100
61.379  65.1755  1989.5  89.8755  4.323  0.36  52.7  64  2.8332  100
61.428  65.3043  1866.13  94.9398  160.69  0.39  52.7  64  2.8332  100
61.477  65.3043  1953.54  89.1255  29.814  0.37  52.7  64  2.8332  100
61.526  65.4331  1830.68  90.0467  1.493  0.4  52.7  64  2.8332  100
61.575  65.4331  1937.72  89.902  3.316  0.37  51.2  64  2.8332  100
61.623  65.4331  1961.22  87.9743  69.325  0.37  51.2  64  2.8332  100
61.672  65.5619  1907.71  94.7236  157.099  0.38  51.2  64  2.8332  100
61.721  65.5619  1874.07  95.3355  174.264  0.39  51.2  64  2.8332  100
61.77  65.6907  1891.06  95.0902  167.783  0.38  51.2  64  2.8332  100
61.819  65.6907  1987.58  89.9595  1.404  0.36  51.2  64  2.8332  100
61.867  65.6907  1859.59  93.9841  129.202  0.39  54.3  64  2.8332  100
61.916  65.8195  1911.6  94.8679  162.216  0.38  54.3  64  2.8332  100
61.965  65.8195  1885.47  95.1936  170.677  0.39  54.3  64  2.8332  100
62.014  65.9483  1946.17  88.9046  37.205  0.37  54.3  64  2.8332  100
62.062  65.9483  1941.35  94.7798  161.766  0.37  54.3  64  2.8332  100
62.111  65.9483  1869.25  94.9667  161.832  0.39  54.3  64  2.8332  100
62.161  66.0771  1886.71  93.9857  131.141  0.38  54.3  64  2.8332  100
62.209  66.0771  1898.09  96.2525  206.722  0.38  54.6  64  2.8332  100
62.258  66.2059  1835.37  94.3806  140.187  0.4  54.6  64  2.8332  100
62.307  66.2059  1917.35  95.0715  169.492  0.38  54.6  64  2.8332  100
62.356  66.2059  1904.11  96.2193  206.279  0.38  54.6  64  2.8332  100
62.405  66.3347  1859.14  94.1731  135.289  0.39  54.6  64  2.8332  100
62.454  66.3347  1908.93  95.2658  175.194  0.38  54.6  64  2.8332  100
62.503  66.4635  1857.51  95.2975  171.499  0.39  53.5  64  2.8332  100
62.551  66.4635  1967.89  89.0051  34.168  0.37  53.5  64  2.8332  100
62.6  66.4635  1953.53  89.9299  2.388  0.37  53.5  64  2.8332  100
62.649  66.5923  1858.61  95.2195  169.08  0.39  53.5  64  2.8332  100
62.698  66.5923  1968.95  88.961  35.704  0.37  53.5  64  2.8332  100
62.746  66.7211  1900.4  96.4292  212.799  0.38  53.5  64  2.8332  100
62.795  66.7211  1850.16  95.2968  170.798  0.39  52.8  64  2.8332  100
62.844  66.7211  2020.01  89.9654  1.221  0.36  52.8  64  2.8332  100
62.893  66.85  1900.91  94.909  162.668  0.38  52.8  64  2.8332  100
62.941  66.85  1860.16  95.2347  169.714  0.39  52.8  64  2.8332  100
62.99  66.9788  2043.76  89.9995  0.019  0.35  52.8  64  2.8332  100
63.039  66.9788  1857.5  94.9946  161.716  0.39  52.8  64  2.8332  100
63.088  66.9788  1863.42  90.0243  0.791  0.39  52.6  64  2.8332  100
63.136  67.1076  1972.19  89.9073  3.19  0.37  52.6  64  2.8332  100
63.185  67.1076  1860.37  94.9764  161.377  0.39  52.6  64  2.8332  100
63.234  67.2364  1998.42  89.9437  1.963  0.36  52.6  64  2.8332  100
63.283  67.2364  1972.88  89.8284  5.909  0.37  52.6  64  2.8332  100
63.331  67.2364  1847.75  95.404  174.017  0.39  52.6  64  2.8332  100
63.38  67.3652  1977.25  89.6541  11.938  0.37  51.5  64  2.8332  100
63.429  67.3652  1880.83  95.1752  169.654  0.39  51.5  64  2.8332  100
63.478  67.494  1849.38  94.0082  129.272  0.39  51.5  64  2.8332  100
63.526  67.494  1901.16  95.2651  174.459  0.38  51.5  64  2.8332  100
63.575  67.494  1846.28  96.723  216.143  0.39  51.5  64  2.8332  100
63.625  67.6228  1761.07  88.4131  48.77  0.41  51.5  64  2.8332  100
63.673  67.6228  1455.55  87.0797  74.156  0.5  57.1  64  2.8332  100
63.722  67.7516  1811.99  95.7147  180.428  0.4  57.1  64  2.8332  100
63.771  67.7516  1915.88  89.1935  26.966  0.38  57.1  64  2.8332  100
63.819  67.7516  1890  94.8827  160.869  0.38  57.1  64  2.8332  100
63.868  67.8804  1824.74  94.2702  135.871  0.4  57.1  64  2.8332  100
63.917  67.8804  1876.71  94.1006  134.199  0.39  57.1  64  2.8332  100
63.966  68.0092  1861.67  96.5467  212.253  0.39  54.6  64  2.8332  100
64.014  68.0092  1841.86  93.9683  127.465  0.39  54.6  64  2.8332  100
64.063  68.138  1879.25  95.1631  169.118  0.39  54.6  64  2.8332  100
64.112  68.138  1818.84  95.6728  179.788  0.4  54.6  64  2.8332  100
64.161  68.138  1799.82  90.03  0.943  0.4  54.6  64  2.8332  100
64.21  68.2668  1979.73  89.868  4.56  0.37  54.6  64  2.8332  100
64.258  68.2668  1821.79  95.7002  180.946  0.4  51.9  64  2.8332  100
64.307  68.3956  1959.79  88.8623  38.913  0.37  51.9  64  2.8332  100
64.356  68.3956  1881.52  96.2972  206.376  0.39  51.9  64  2.8332  100
64.405  68.3956  1961.21  89.9844  0.533  0.37  51.9  64  2.8332  100
64.453  68.5244  1971.31  89.0235  33.594  0.37  51.9  64  2.8332  100
64.502  68.5244  1876.91  96.2761  205.182  0.39  51.9  64  2.8332  100
64.551  68.6532  1906.24  89.1393  28.634  0.38  51.6  64  2.8332  100
64.6  68.6532  1833.62  90.0315  1.007  0.39  51.6  64  2.8332  100
64.648  68.6532  1791.27  90.0563  1.759  0.4  51.6  64  2.8332  100
64.697  68.782  1942.47  89.114  30.036  0.37  51.6  64  2.8332  100
64.746  68.782  1901.15  94.955  164.208  0.38  51.6  64  2.8332  100
64.795  68.9108  1830.1  95.6496  180.163  0.4  51.6  64  2.8332  100
64.843  68.9108  1955.68  89.844  5.324  0.37  51.6  64  2.8332  100
64.892  68.9108  1882.31  94.5768  150.199  0.39  53.3  64  2.8332  100
64.941  69.0396  1860.16  95.2347  169.714  0.39  53.3  64  2.8332  100
64.99  69.0396  1901.04  94.9337  163.493  0.38  53.3  64  2.8332  100
65.038  69.1684  1883.2  96.3348  207.79  0.39  53.3  64  2.8332  100
65.087  69.1684  1936.66  89.9445  1.876  0.37  53.3  64  2.8332  100
65.136  69.1684  1992.61  89.7246  9.578  0.36  53.3  64  2.8332  100
65.185  69.2973  1855.74  95.2373  169.394  0.39  54.1  64  2.8332  100
65.234  69.2973  1957.83  89.7578  8.276  0.37  54.1  64  2.8332  100
65.282  69.4261  1980.55  89.9394  2.096  0.37  54.1  64  2.8332  100
65.331  69.4261  1839.07  95.4116  173.441  0.4  54.1  64  2.8332  100
65.38  69.4261  1957.52  89.0649  31.947  0.37  54.1  64  2.8332  100
65.429  69.5549  1904.94  94.7887  159.027  0.38  54.1  64  2.8332  100
65.477  69.5549  1857.15  95.5314  179.014  0.39  54.1  64  2.8332  100
65.526  69.6837  1880.72  95.1541  168.953  0.39  54.1  64  2.8332  100
65.575  69.6837  1856.6  93.9798  128.857  0.39  54.1  64  2.8332  100
65.624  69.6837  1906.24  89.1393  28.634  0.38  54.1  64  2.8332  100
65.673  69.8125  1985.81  89.8363  5.672  0.36  54.1  64  2.8332  100
65.721  69.8125  1807  90.0086  0.27  0.4  54.1  64  2.8332  100
65.77  69.9413  1978.46  89.9893  0.371  0.37  52.1  64  2.8332  100
65.819  69.9413  2008.56  89.9651  1.222  0.36  52.1  64  2.8332  100
65.868  69.9413  1977.19  90.0131  0.453  0.37  52.1  64  2.8332  100
65.916  70.0701  1842.72  90.0566  1.822  0.39  52.1  64  2.8332  100
65.965  70.0701  1875.19  95.2568  171.803  0.39  52.1  64  2.8332  100
66.014  70.1989  1860.81  94.2082  136.548  0.39  52.1  64  2.8332  100
66.063  70.1989  1961.33  89.1187  30.167  0.37  52  64  2.8332  100
66.112  70.1989  1873.78  96.2468  203.889  0.39  52  64  2.8332  100
66.161  70.3277  1941.24  89.2708  24.706  0.37  52  64  2.8332  100
66.209  70.3277  1997.06  89.5481  15.753  0.36  52  64  2.8332  100
66.258  70.4565  1856.39  96.3443  205.137  0.39  52  64  2.8332  100
66.307  70.4565  1970.44  88.9523  36.028  0.37  52  64  2.8332  100
66.356  70.4565  1994.48  89.9993  0.024  0.36  52.7  64  2.8332  100
66.404  70.5853  1844.75  95.6985  183.173  0.39  52.7  64  2.8332  100
66.453  70.5853  1879.63  94.0808  133.761  0.39  52.7  64  2.8332  100
66.502  70.7141  1900.68  96.1434  203.407  0.38  52.7  64  2.8332  100
66.551  70.7141  1926.02  89.283  24.1  0.38  52.7  64  2.8332  100
66.599  70.7141  1848.61  89.9901  0.318  0.39  52.7  64  2.8332  100
66.648  70.8429  1791.27  90.0563  1.759  0.4  51.4  64  2.8332  100
66.697  70.8429  1930.93  89.1806  27.613  0.37  51.4  64  2.8332  100
66.746  70.9717  1893.91  95.3562  176.793  0.38  51.4  64  2.8332  100
66.794  70.9717  1848.59  95.5833  179.853  0.39  51.4  64  2.8332  100
66.843  70.9717  1931.14  89.3281  22.645  0.37  51.4  64  2.8332  100
66.892  71.1005  1986.34  89.6054  13.679  0.36  51.4  64  2.8332  100
66.941  71.1005  1966.02  89.9965  0.121  0.37  53.9  64  2.8332  100
66.99  71.2293  1973.91  89.9185  2.806  0.37  53.9  64  2.8332  100
67.038  71.2293  1865.43  96.3866  207.504  0.39  53.9  64  2.8332  100
67.087  71.3581  1847.75  95.404  174.017  0.39  53.9  64  2.8332  100
67.136  71.3581  1842.72  90.0566  1.822  0.39  53.9  64  2.8332  100
67.185  71.3581  1802.62  89.9963  0.116  0.4  53.9  64  2.8332  100
67.234  71.4869  1926.84  89.3525  21.774  0.38  53.9  64  2.8332  100
67.283  71.4869  1988.44  89.7846  7.476  0.36  52.9  64  2.8332  100
67.332  71.6157  1863.36  95.2829  171.567  0.39  52.9  64  2.8332  100
67.38  71.6157  1866.45  94.1484  135.019  0.39  52.9  64  2.8332  100
67.429  71.6157  1977.12  89.9194  2.782  0.37  52.9  64  2.8332  100
67.478  71.7446  1782.67  90.0318  0.989  0.41  52.9  64  2.8332  100
67.527  71.7446  1900.94  95.2191  172.916  0.38  52.9  64  2.8332  100
67.576  71.8734  1882.8  96.2432  204.752  0.39  53.1  64  2.8332  100
67.624  71.8734  1846.59  94.3045  138.601  0.39  53.1  64  2.8332  100
67.673  71.8734  2006.77  89.5346  16.301  0.36  53.1  64  2.8332  100
67.722  72.0022  1860.14  94.9314  159.902  0.39  53.1  64  2.8332  100
67.771  72.0022  1868.71  94.0146  130.829  0.39  53.1  64  2.8332  100
67.82  72.131  1901.1  96.2359  206.502  0.38  53.1  64  2.8332  100
67.868  72.131  1847.59  95.6815  182.908  0.39  52.3  64  2.8332  100
67.917  72.131  1929.47  88.0645  65.167  0.38  52.3  64  2.8332  100
67.966  72.2598  1974.24  89.6702  11.365  0.37  52.3  64  2.8332  100
68.015  72.2598  1927.23  89.9208  2.664  0.38  52.3  64  2.8332  100
68.063  72.3886  1909.75  95.1178  170.359  0.38  52.3  64  2.8332  100
68.112  72.3886  1876.53  94.9207  160.961  0.39  52.3  64  2.8332  100
68.161  72.3886  1910.85  89.1491  28.376  0.38  53.3  64  2.8332  100
68.21  72.5174  1890.6  94.9987  164.733  0.38  53.3  64  2.8332  100
68.258  72.5174  1863.6  96.3039  204.627  0.39  53.3  64  2.8332  100
68.307  72.6462  1945.99  89.0185  33.332  0.37  53.3  64  2.8332  100
68.356  72.6462  1907.35  96.2489  207.612  0.38  53.3  64  2.8332  100
68.405  72.6462  1849.38  95.4401  175.33  0.39  53.3  64  2.8332  100
68.454  72.775  1994.73  90.0183  0.636  0.36  51.6  64  2.8332  100
68.503  72.775  1890  94.8827  160.869  0.38  51.6  64  2.8332  100
68.551  72.9038  1845.27  94.0582  130.588  0.39  51.6  64  2.8332  100
68.6  72.9038  1841.23  90.0643  2.067  0.39  51.6  64  2.8332  100
68.649  72.9038  1844.38  95.3081  170.624  0.39  51.6  64  2.8332  100
68.698  73.0326  1843.13  95.6623  181.852  0.39  51.6  64  2.8332  100
68.746  73.0326  1989.82  89.625  13.024  0.36  52.8  64  2.8332  100
68.795  73.1614  1871.84  96.4909  211.604  0.39  52.8  64  2.8332  100
68.844  73.1614  1923.26  88.1799  61.086  0.38  52.8  64  2.8332  100
68.893  73.1614  1975.2  89.8916  3.736  0.37  52.8  64  2.8332  100
68.941  73.2902  1849.5  94.0289  129.945  0.39  52.8  64  2.8332  100
68.99  73.2902  2006.24  90.0353  1.235  0.36  52.8  64  2.8332  100
69.039  73.419  1911.49  96.1309  204.146  0.38  54.1  64  2.8332  100
69.088  73.419  1946.46  89.8556  4.905  0.37  54.1  64  2.8332  100
69.137  73.419  1994.79  89.7718  7.946  0.36  54.1  64  2.8332  100
69.185  73.5478  1895.86  95.1298  169.515  0.38  54.1  64  2.8332  100
69.234  73.5478  1858.4  94.0387  130.888  0.39  54.1  64  2.8332  100
69.283  73.6766  2036.99  89.9948  0.184  0.36  54.1  64  2.8332  100
69.332  73.6766  1944.6  89.8283  5.826  0.37  52.8  64  2.8332  100
69.38  73.6766  1791.23  90.0402  1.256  0.4  52.8  64  2.8332  100
69.429  73.8054  1906.93  94.8715  161.937  0.38  52.8  64  2.8332  100
69.478  73.8054  1962.66  89.9769  0.793  0.37  52.8  64  2.8332  100
69.527  73.9342  1976.93  89.9029  3.352  0.37  52.8  64  2.8332  100
69.576  73.9342  1997.96  90.0193  0.673  0.36  52.8  64  2.8332  100
69.625  73.9342  1840.25  94.2095  135.081  0.39  53.4  64  2.8332  100
69.673  74.063  2044.86  89.9553  1.595  0.35  53.4  64  2.8332  100
69.722  74.063  1886.36  96.3644  209.105  0.39  53.4  64  2.8332  100
69.771  74.1919  1808.49  90.0197  0.623  0.4  53.4  64  2.8332  100
69.819  74.1919  1928.1  95.006  168.246  0.38  53.4  64  2.8332  100
69.868  74.1919  1866.03  95.2199  169.769  0.39  53.4  64  2.8332  100
69.917  74.3207  1937.3  89.462  18.19  0.37  53.4  64  2.8332  100
69.966  74.3207  1902.9  95.3021  175.842  0.38  53.1  64  2.8332  100
70.015  74.4495  1966.47  90.0313  1.074  0.37  53.1  64  2.8332  100
70.064  74.4495  1979.69  89.0519  32.756  0.37  53.1  64  2.8332  100
70.112  74.5783  1880.83  95.1752  169.654  0.39  53.1  64  2.8332  100
70.161  74.5783  1840.31  95.6793  182.117  0.4  53.1  64  2.8332  100
70.21  74.5783  2018.95  90.009  0.317  0.36  53.1  64  2.8332  100
70.259  74.7071  1880.37  95.0841  166.636  0.39  54.4  64  2.8332  100
70.307  74.7071  1856.73  94.0038  129.641  0.39  54.4  64  2.8332  100
70.356  74.8359  1919.83  95.2481  175.605  0.38  54.4  64  2.8332  100
70.405  74.8359  1878.58  96.3136  206.586  0.39  54.4  64  2.8332  100
70.454  74.8359  1861.27  94.019  130.452  0.39  54.4  64  2.8332  100
70.503  74.9647  1968.38  89.852  5.084  0.37  54.4  64  2.8332  100
70.551  74.9647  1974.82  89.9507  1.698  0.37  52.3  64  2.8332  100
70.6  75.0935  1973.24  89.0506  32.696  0.37  52.3  64  2.8332  100
70.649  75.0935  1892.88  95.1481  169.851  0.38  52.3  64  2.8332  100
70.698  75.0935  1841.86  93.9683  127.465  0.39  52.3  64  2.8332  100
70.746  75.2223  1993.26  89.7798  7.661  0.36  52.3  64  2.8332  100
70.795  75.2223  1888.92  96.2561  205.841  0.39  52.3  64  2.8332  100
70.844  75.3511  1863.19  94.0989  133.179  0.39  53.5  64  2.8332  100
70.893  75.3511  2002  89.8284  5.995  0.36  53.5  64  2.8332  100
70.942  75.3511  1816.15  94.2596  134.896  0.4  53.5  64  2.8332  100
70.99  75.4799  1863.19  94.0989  133.179  0.39  53.5  64  2.8332  100
71.039  75.4799  1986.08  89.721  9.672  0.36  53.5  64  2.8332  100
71.089  75.6087  1863.04  95.2169  169.398  0.39  53.5  64  2.8332  100
71.137  75.6087  1827.64  90.0266  0.849  0.4  54.4  64  2.8332  100
71.186  75.6087  1897.8  96.5379  216.085  0.38  54.4  64  2.8332  100
71.235  75.7375  1835.13  94.3363  138.755  0.4  54.4  64  2.8332  100
71.284  75.7375  1914.54  95.1364  171.405  0.38  54.4  64  2.8332  100
71.332  75.8663  1889.45  95.0749  167.136  0.38  54.4  64  2.8332  100
71.381  75.8663  1804.19  90.0423  1.333  0.4  54.4  64  2.8332  100
71.43  75.8663  1904.52  95.0071  166.225  0.38  52.9  64  2.8332  100
71.479  75.9951  1866.15  95.2441  170.565  0.39  52.9  64  2.8332  100
71.527  75.9951  1957.95  89.1002  30.747  0.37  52.9  64  2.8332  100
71.576  76.1239  1984.7  89.88  4.155  0.36  52.9  64  2.8332  100
71.625  76.1239  1847.38  95.6367  181.449  0.39  52.9  64  2.8332  100
71.674  76.1239  1986.85  89.9271  2.527  0.36  52.9  64  2.8332  100
71.722  76.2527  1887.97  95.084  167.306  0.38  53.8  64  2.8332  100
71.771  76.2527  1846.12  95.368  172.707  0.39  53.8  64  2.8332  100
71.82  76.3815  1891.4  94.0012  131.976  0.38  53.8  64  2.8332  100
71.869  76.3815  1981.18  89.9551  1.552  0.37  53.8  64  2.8332  100
71.917  76.3815  1949.14  89.1507  28.89  0.37  53.8  64  2.8332  100
71.966  76.5103  2020.49  90.0012  0.042  0.36  53.8  64  2.8332  100
72.015  76.5103  1936.27  89.9096  3.053  0.37  52.6  64  2.8332  100
72.064  76.6392  1993.81  89.9476  1.825  0.36  52.6  64  2.8332  100
72.113  76.6392  2003.97  89.8565  5.019  0.36  52.6  64  2.8332  100
72.162  76.6392  1845.69  95.2785  169.798  0.39  52.6  64  2.8332  100
72.21  76.768  2011.87  89.9687  1.1  0.36  52.6  64  2.8332  100
72.259  76.768  1965.39  89.8677  4.538  0.37  52.6  64  2.8332  100
72.308  76.8968  1866.15  95.2441  170.565  0.39  52.6  64  2.8332  100
72.357  76.8968  1921.94  95.0435  168.963  0.38  52.7  64  2.8332  100
72.406  76.8968  1865.59  95.1295  166.798  0.39  52.7  64  2.8332  100
72.454  77.0256  1836.5  94.0516  129.757  0.39  52.7  64  2.8332  100
72.503  77.0256  1906.2  94.7331  157.29  0.38  52.7  64  2.8332  100
72.552  77.1544  1946.46  89.8556  4.905  0.37  52.7  64  2.8332  100
72.6  77.1544  1966.41  89.0137  33.848  0.37  52.7  64  2.8332  100
72.649  77.1544  1984.14  89.6932  10.623  0.36  54.9  64  2.8332  100
72.698  77.2832  1952.33  89.8244  5.982  0.37  54.9  64  2.8332  100
72.746  77.2832  1911.6  94.8679  162.216  0.38  54.9  64  2.8332  100
72.795  77.412  1895.63  95.0839  167.981  0.38  54.9  64  2.8332  100
72.845  77.412  1852.46  94.0332  130.293  0.39  54.9  64  2.8332  100
72.893  77.412  1995.68  89.7084  10.156  0.36  54.9  64  2.8332  100
72.942  77.5408  1970.86  90.0086  0.295  0.37  52.7  64  2.8332  100
72.991  77.5408  1876.96  90.026  0.853  0.39  52.7  64  2.8332  100
73.04  77.6696  1996.8  89.6643  11.699  0.36  52.7  64  2.8332  100
73.089  77.6696  1785.56  90.0514  1.602  0.41  52.7  64  2.8332  100
73.138  77.7984  1955.37  88.8882  37.94  0.37  52.7  64  2.8332  100
73.187  77.7984  1915.54  94.7221  157.691  0.38  52.7  64  2.8332  100
73.235  77.7984  1843.77  94.3236  139.002  0.39  54.1  64  2.8332  100
73.284  77.9272  1999.71  90.0306  1.067  0.36  54.1  64  2.8332  100
73.333  77.9272  1903.02  96.3202  209.493  0.38  54.1  64  2.8332  100
73.381  78.056  1850.8  93.9984  129.055  0.39  54.1  64  2.8332  100
73.43  78.056  1833.72  90.0669  2.142  0.39  54.1  64  2.8332  100
73.479  78.056  1871.06  96.3087  205.602  0.39  54.1  64  2.8332  100
73.528  78.1848  1945.14  88.9483  35.702  0.37  53.8  64  2.8332  100
73.576  78.1848  1914.8  94.5832  153.005  0.38  53.8  64  2.8332  100
73.625  78.3136  1876.19  95.463  178.618  0.39  53.8  64  2.8332  100
73.674  78.3136  1981.47  89.8793  4.176  0.37  53.8  64  2.8332  100
73.723  78.3136  1908.66  96.1941  205.94  0.38  53.8  64  2.8332  100
73.772  78.4424  1864.13  95.4427  176.812  0.39  53.8  64  2.8332  100
73.821  78.4424  1811.36  90.0046  0.147  0.4  49  64  2.8332  100
73.87  78.5712  1882.07  95.1206  167.978  0.39  49  64  2.8332  100
73.918  78.5712  1934.01  89.3118  23.229  0.37  49  64  2.8332  100
73.967  78.5712  1900.94  95.2191  172.916  0.38  49  64  2.8332  100
74.016  78.7  1982.66  89.9474  1.819  0.36  49  64  2.8332  100
74.065  78.7  1963.03  89.9376  2.137  0.37  49  64  2.8332  100
74.114  78.8288  1909.47  94.7602  158.459  0.38  45.2  64  2.8332  100
74.162  78.8288  1939.17  89.8943  3.578  0.37  45.2  64  2.8332  100
74.211  78.8288  1994.27  89.9829  0.595  0.36  45.2  64  2.8332  100
74.26  78.9576  1976.99  89.769  7.971  0.37  45.2  64  2.8332  100
74.309  78.9576  1852.65  95.5125  177.97  0.39  45.2  64  2.8332  100
74.357  79.0865  1841.09  90.0122  0.391  0.39  45.2  64  2.8332  100
74.406  79.0865  1873.38  94.8938  159.815  0.39  46.5  64  2.8332  100
74.455  79.0865  1935.04  89.2687  24.696  0.37  46.5  64  2.8332  100
74.504  79.2153  2025.15  89.9615  1.359  0.36  46.5  64  2.8332  100
74.552  79.2153  1853.75  93.9995  129.294  0.39  46.5  64  2.8332  100
74.601  79.3441  1956.41  88.8442  39.461  0.37  46.5  64  2.8332  100
74.65  79.3441  1909.75  95.1178  170.359  0.38  46.5  64  2.8332  100
74.699  79.3441  1859.01  95.6129  181.825  0.39  48.9  64  2.8332  100
74.748  79.4729  1960.83  88.8182  40.443  0.37  48.9  64  2.8332  100
74.797  79.4729  1901.21  94.6697  154.78  0.38  48.9  64  2.8332  100
74.845  79.6017  1933.6  89.2769  24.401  0.37  48.9  64  2.8332  100
74.894  79.6017  2004.48  89.7594  8.416  0.36  48.9  64  2.8332  100
74.943  79.6017  1882.07  95.1206  167.978  0.39  48.9  64  2.8332  100
74.992  79.7305  1940.41  89.2008  27.067  0.37  48.9  64  2.8332  100
75.041  79.7305  1908.93  95.2658  175.194  0.38  52.1  64  2.8332  100
75.09  79.8593  1866.01  95.5244  179.639  0.39  52.1  64  2.8332  100
75.138  79.8593  1958.38  89.1356  29.545  0.37  52.1  64  2.8332  100
75.187  79.8593  1996.38  89.6283  12.951  0.36  52.1  64  2.8332  100
75.236  79.9881  1936.27  89.9096  3.053  0.37  52.1  64  2.8332  100
75.285  79.9881  1984.1  89.8277  5.967  0.36  52.1  64  2.8332  100
75.334  80.1169  1906.37  95.0654  168.318  0.38  50.8  64  2.8332  100
75.383  80.1169  1795.47  90.0178  0.556  0.4  50.8  64  2.8332  100
75.431  80.1169  1977.05  88.8375  40.111  0.37  50.8  64  2.8332  100
75.48  80.2457  1880.6  95.1297  168.144  0.39  50.8  64  2.8332  100
75.529  80.2457  1915.68  89.3053  23.226  0.38  50.8  64  2.8332  100
75.578  80.3745  1921.46  94.9505  165.812  0.38  50.8  64  2.8332  100
75.627  80.3745  1963.11  90.0116  0.398  0.37  49.8  64  2.8332  100
75.675  80.3745  1960.83  88.8182  40.443  0.37  49.8  64  2.8332  100
75.724  80.5033  1986.63  89.9079  3.192  0.36  49.8  64  2.8332  100
75.773  80.5033  1932.99  89.8902  3.705  0.37  49.8  64  2.8332  100
75.822  80.6321  1879.12  93.9903  130.763  0.39  49.8  64  2.8332  100
75.871  80.6321  1887.34  96.5941  216.733  0.39  49.8  64  2.8332  100
75.919  80.7609  1836.47  95.4735  175.171  0.4  50  64  2.8332  100
75.968  80.7609  2010.81  90.0121  0.425  0.36  50  64  2.8332  100
76.017  80.7609  1863.24  94.9581  161.035  0.39  50  64  2.8332  100
76.066  80.8897  1929.27  89.0413  32.28  0.38  50  64  2.8332  100
76.114  80.8897  1897.02  95.0534  167.098  0.38  50  64  2.8332  100
76.164  81.0185  1849.17  95.0936  164.176  0.39  50  64  2.8332  100
76.213  81.0185  1961.52  89.0039  34.098  0.37  48.8  64  2.8332  100
76.261  81.0185  1910.19  94.8988  163.123  0.38  48.8  64  2.8332  100
76.31  81.1473  1853.87  95.4588  176.359  0.39  48.8  64  2.8332  100
76.359  81.1473  1955.85  89.1877  27.727  0.37  48.8  64  2.8332  100
76.408  81.2761  1875.07  94.9299  161.137  0.39  48.8  64  2.8332  100
76.457  81.2761  1844.23  94.1362  133.019  0.39  48.8  64  2.8332  100
76.506  81.2761  1898.04  94.9523  163.851  0.38  48  64  2.8332  100
76.554  81.4049  1889.53  94.7913  157.825  0.38  48  64  2.8332  100
76.603  81.4049  1936.9  89.2954  23.817  0.37  48  64  2.8332  100
76.652  81.5338  1900.7  95.173  171.374  0.38  48  64  2.8332  100
76.7  81.5338  1859.38  95.0755  164.495  0.39  48  64  2.8332  100
76.75  81.5338  1981.42  89.9739  0.901  0.37  48  64  2.8332  100
76.798  81.6626  1897.12  95.0747  167.81  0.38  48.4  64  2.8332  100
76.847  81.6626  1783.98  89.9899  0.315  0.41  48.4  64  2.8332  100
76.896  81.7914  1949.51  88.9226  36.656  0.37  48.4  64  2.8332  100
76.945  81.7914  1864.68  94.949  160.863  0.39  48.4  64  2.8332  100
76.993  81.7914  1857.36  95.5765  180.488  0.39  48.4  64  2.8332  100
77.043  81.9202  1915.01  95.2292  174.535  0.38  48.4  64  2.8332  100
77.092  81.9202  1864.91  94.9941  162.346  0.39  51.7  64  2.8332  100
77.141  82.049  1931.14  89.3281  22.645  0.37  51.7  64  2.8332  100
77.189  82.049  1908.57  94.8868  162.585  0.38  51.7  64  2.8332  100
77.238  82.049  1777.02  90.0271  0.839  0.41  51.7  64  2.8332  100
77.287  82.1778  2006.83  89.9564  1.527  0.36  51.7  64  2.8332  100
77.336  82.1778  1889.77  94.837  159.347  0.38  51.7  64  2.8332  100
77.384  82.3066  1859.81  95.4689  177.251  0.39  51  64  2.8332  100
77.433  82.3066  1961.54  89.9454  1.87  0.37  51  64  2.8332  100
77.482  82.3066  1901.62  95.047  167.292  0.38  51  64  2.8332  100
77.531  82.4354  1938.13  89.1391  29.121  0.37  51  64  2.8332  100
77.579  82.4354  1913.11  94.8585  162.031  0.38  51  64  2.8332  100
77.628  82.5642  1796.83  89.9917  0.262  0.4  51  64  2.8332  100
77.677  82.5642  1932.16  89.2851  24.107  0.37  51  64  2.8332  100
77.726  82.5642  1897.2  94.79  158.424  0.38  53.1  64  2.8332  100
77.774  82.693  1846.12  95.0669  163.046  0.39  53.1  64  2.8332  100
77.823  82.693  1827.55  89.9913  0.279  0.4  53.1  64  2.8332  100
77.872  82.8218  1896.66  94.9829  164.741  0.38  53.1  64  2.8332  100
77.921  82.8218  1841.72  95.6708  181.985  0.39  53.1  64  2.8332  100
77.969  82.8218  1963  88.9954  34.418  0.37  53.1  64  2.8332  100
78.018  82.9506  1878.22  94.9569  162.288  0.39  48.5  64  2.8332  100
78.067  82.9506  1940.82  89.2358  25.887  0.37  48.5  64  2.8332  100
78.116  83.0794  1916.15  94.8396  161.658  0.38  48.5  64  2.8332  100
78.164  83.0794  1991.03  89.9794  0.717  0.36  48.5  64  2.8332  100
78.213  83.0794  1865.57  93.9894  129.792  0.39  48.5  64  2.8332  100
78.262  83.2082  1889.35  95.0536  166.429  0.38  48.5  64  2.8332  100
78.311  83.2082  1967.03  89.954  1.578  0.37  48.1  64  2.8332  100
78.36  83.337  1972.18  89.0948  31.158  0.37  48.1  64  2.8332  100
78.409  83.337  1988.29  89.6331  12.732  0.36  48.1  64  2.8332  100
78.457  83.337  1861.67  95.5505  180.066  0.39  48.1  64  2.8332  100
78.506  83.4658  1882.42  95.1906  170.3  0.39  48.1  64  2.8332  100
78.555  83.4658  1872.05  95.2293  170.623  0.39  48.1  64  2.8332  100
78.604  83.5946  1933.19  89.2421  25.572  0.37  50.4  64  2.8332  100
78.652  83.5946  1918.16  94.9229  164.606  0.38  50.4  64  2.8332  100
78.701  83.5946  1885.8  94.9562  162.923  0.39  50.4  64  2.8332  100
78.75  83.7234  1805.62  90.0348  1.097  0.4  50.4  64  2.8332  100
78.799  83.7234  1910.45  95.2567  175.031  0.38  50.4  64  2.8332  100
78.848  83.8522  1939.95  89.9641  1.215  0.37  50.4  64  2.8332  100
78.897  83.8522  1952.01  88.8702  38.488  0.37  47.4  64  2.8332  100
78.945  83.9811  1972.6  89.9428  1.968  0.37  47.4  64  2.8332  100
78.994  83.9811  1936.9  89.2954  23.817  0.37  47.4  64  2.8332  100
79.043  83.9811  2007.59  89.7432  8.997  0.36  47.4  64  2.8332  100
79.092  84.1099  1879.68  94.9476  162.113  0.39  47.4  64  2.8332  100
79.141  84.1099  1936.48  89.2605  24.993  0.37  47.4  64  2.8332  100
79.189  84.2387  2033.38  89.9745  0.906  0.36  48.2  64  2.8332  100
79.238  84.2387  1877.52  94.8206  157.779  0.39  48.2  64  2.8332  100
79.287  84.2387  1967.51  89.9143  2.943  0.37  48.2  64  2.8332  100
79.336  84.3675  1901.04  94.9337  163.493  0.38  48.2  64  2.8332  100
79.384  84.3675  1795.42  89.9992  0.026  0.4  48.2  64  2.8332  100
79.433  84.4963  1972.11  88.8281  40.334  0.37  48.2  64  2.8332  100
79.482  84.4963  1949.11  89.9531  1.596  0.37  47.8  64  2.8332  100
79.531  84.4963  1843.74  94.0473  130.132  0.39  47.8  64  2.8332  100
79.58  84.6251  1900.7  95.173  171.374  0.38  47.8  64  2.8332  100
79.628  84.6251  1882.8  96.2432  204.752  0.39  47.8  64  2.8332  100
79.677  84.7539  1983.81  90.0365  1.265  0.36  47.8  64  2.8332  100
79.726  84.7539  1887.74  95.3463  175.89  0.38  47.8  64  2.8332  100
79.775  84.7539  1849.25  93.9844  128.494  0.39  49.6  64  2.8332  100
79.823  84.8827  1988.28  90.0136  0.473  0.36  49.6  64  2.8332  100
79.872  84.8827  1898.97  95.1361  170.001  0.38  49.6  64  2.8332  100
79.921  85.0115  1935.21  89.9522  1.616  0.37  49.6  64  2.8332  100
79.97  85.0115  1955.62  89.0381  32.832  0.37  49.6  64  2.8332  100
80.019  85.0115  1892.31  96.3317  208.69  0.38  49.6  64  2.8332  100
80.068  85.1403  1829.55  94.0999  130.805  0.4  49.6  64  2.8332  100
80.116  85.1403  1909.75  95.1178  170.359  0.38  48.5  64  2.8332  100
80.165  85.2691  1887.24  96.2184  204.424  0.39  48.5  64  2.8332  100
80.214  85.2691  1929.69  89.0761  31.114  0.37  48.5  64  2.8332  100
80.263  85.2691  1918.3  95.2573  175.771  0.38  48.5  64  2.8332  100
80.311  85.3979  1890  94.8827  160.869  0.38  48.5  64  2.8332  100
80.36  85.3979  1946.41  89.0537  32.146  0.37  48.5  64  2.8332  100
80.409  85.5267  1980.84  89.8244  6.07  0.37  49  64  2.8332  100
80.458  85.5267  1855.51  95.4951  177.684  0.39  49  64  2.8332  100
80.506  85.5267  1962.38  89.0748  31.687  0.37  49  64  2.8332  100
80.555  85.6555  1980.69  89.6736  11.283  0.37  49  64  2.8332  100
80.604  85.6555  1849.94  95.252  169.337  0.39  49  64  2.8332  100
80.653  85.7843  1990.32  89.9472  1.834  0.36  49  64  2.8332  100
80.702  85.7843  1889.29  94.7456  156.304  0.38  46.6  64  2.8332  100
80.75  85.7843  1930.32  89.2585  24.981  0.37  46.6  64  2.8332  100
80.799  85.9131  2017.41  90.0168  0.59  0.36  46.6  64  2.8332  100
80.848  85.9131  1846.55  95.1563  165.954  0.39  46.6  64  2.8332  100
80.897  86.0419  1937.52  88.0884  64.632  0.37  46.6  64  2.8332  100
80.946  86.0419  1899.95  94.7252  156.511  0.38  46.6  64  2.8332  100
80.995  86.0419  1867.67  95.5609  180.985  0.39  48.4  64  2.8332  100
81.043  86.1707  1965.54  88.9427  36.269  0.37  48.4  64  2.8332  100
81.092  86.1707  1909.76  96.0929  202.702  0.38  48.4  64  2.8332  100
81.141  86.2996  1862.95  94.054  131.706  0.39  48.4  64  2.8332  100
81.19  86.2996  2024.05  90.0215  0.758  0.36  48.4  64  2.8332  100
81.239  86.2996  1872.38  94.9936  162.98  0.39  48.4  64  2.8332  100
81.288  86.4284  1929.69  89.0761  31.114  0.37  49.4  64  2.8332  100
81.337  86.4284  1926.25  94.6547  156.316  0.38  49.4  64  2.8332  100
81.385  86.5572  1846.43  94.0039  128.927  0.39  49.4  64  2.8332  100
81.434  86.5572  1951.98  87.9953  68.282  0.37  49.4  64  2.8332  100
81.483  86.5572  1977.25  89.6541  11.938  0.37  49.4  64  2.8332  100
81.532  86.686  1848.95  95.3504  172.409  0.39  49.4  64  2.8332  100
81.581  86.686  1997.87  89.7556  8.52  0.36  48.2  64  2.8332  100
81.63  86.8148  1950.58  89.9454  1.859  0.37  48.2  64  2.8332  100
81.678  86.8148  1928.07  89.1971  27.017  0.38  48.2  64  2.8332  100
81.727  86.9436  1910.08  94.8774  162.401  0.38  48.2  64  2.8332  100
81.776  86.9436  1807.09  90.0435  1.372  0.4  48.2  64  2.8332  100
81.825  86.9436  1933.19  89.2421  25.572  0.37  48.2  64  2.8332  100
81.874  87.0724  1974.79  89.856  4.962  0.37  48.7  64  2.8332  100
81.923  87.0724  1976.74  89.9781  0.755  0.37  48.7  64  2.8332  100
81.972  87.2012  1975.37  88.962  35.784  0.37  48.7  64  2.8332  100
82.02  87.2012  1984.7  89.88  4.155  0.36  48.7  64  2.8332  100
82.069  87.2012  1863.12  95.5418  179.924  0.39  48.7  64  2.8332  100
82.118  87.33  1992.01  88.8659  39.425  0.36  48.7  64  2.8332  100
82.167  87.33  1876.98  95.0115  163.965  0.39  46.4  64  2.8332  100
82.216  87.4588  1979.94  89.9816  0.636  0.37  46.4  64  2.8332  100
82.265  87.4588  1898.51  95.0442  166.925  0.38  46.4  64  2.8332  100
82.313  87.4588  1981.18  89.9551  1.552  0.37  46.4  64  2.8332  100
82.362  87.5876  1936.03  88.9643  34.995  0.37  46.4  64  2.8332  100
82.411  87.5876  1910.45  95.2567  175.031  0.38  46.4  64  2.8332  100
82.46  87.7164  1857.73  95.3425  172.973  0.39  49.3  64  2.8332  100
82.509  87.7164  1970.44  88.9523  36.028  0.37  49.3  64  2.8332  100
82.557  87.7164  1907.22  94.6314  153.999  0.38  49.3  64  2.8332  100
82.606  87.8452  1858.94  95.2887  171.345  0.39  49.3  64  2.8332  100
82.655  87.8452  1836.58  90.0162  0.518  0.39  49.3  64  2.8332  100
82.704  87.974  1876.22  94.5695  149.474  0.39  49.3  64  2.8332  100
82.752  87.974  1851.22  95.5211  178.112  0.39  49.3  64  2.8332  100
82.801  87.974  1992.01  88.8659  39.425  0.36  49.3  64  2.8332  100
82.85  88.1028  1875.44  96.2842  205.288  0.39  49.3  64  2.8332  100
82.899  88.1028  1943.73  89.2192  26.488  0.37  49.3  64  2.8332  100
82.948  88.2316  1927.29  94.5518  152.952  0.38  49.3  64  2.8332  100
82.996  88.2316  1948.32  89.8829  3.981  0.37  49.3  64  2.8332  100
83.045  88.2316  1938.42  88.1585  62.291  0.37  49.3  64  2.8332  100
83.094  88.3604  1974.38  89.8205  6.187  0.37  49.4  64  2.8332  100
83.142  88.3604  1979.69  89.9628  1.285  0.37  49.4  64  2.8332  100
83.191  88.4892  1999.66  88.8217  41.121  0.36  49.4  64  2.8332  100
83.24  88.4892  1891.01  94.7819  157.64  0.38  49.4  64  2.8332  100
83.289  88.4892  1801.24  90.0225  0.708  0.4  49.4  64  2.8332  100
83.337  88.618  1899.21  95.1821  171.541  0.38  49.4  64  2.8332  100
83.386  88.618  1983.57  90.0177  0.613  0.36  49.3  64  2.8332  100
83.435  88.7469  1913.25  89.0982  30.113  0.38  49.3  64  2.8332  100
83.484  88.7469  1968.65  89.7377  9.013  0.37  49.3  64  2.8332  100
83.532  88.7469  1799.77  90.0114  0.357  0.4  49.3  64  2.8332  100
83.581  88.8757  1938.95  88.0791  64.992  0.37  49.3  64  2.8332  100
83.63  88.8757  1979.59  89.7174  9.766  0.37  49.3  64  2.8332  100
83.679  89.0045  1845.15  94.0376  129.918  0.39  49.6  64  2.8332  100
83.727  89.0045  1986.85  89.9271  2.527  0.36  49.6  64  2.8332  100
83.776  89.0045  1892.65  95.1023  168.322  0.38  49.6  64  2.8332  100
83.825  89.1333  1917.18  88.1814  60.841  0.38  49.6  64  2.8332  100
83.874  89.1333  1989.08  89.8396  5.567  0.36  49.6  64  2.8332  100
83.923  89.2621  1846.67  94.0484  130.375  0.39  49.6  64  2.8332  100
83.972  89.2621  1964.52  89.9299  2.405  0.37  48  64  2.8332  100
84.02  89.2621  1907.17  94.9176  163.488  0.38  48  64  2.8332  100
84.069  89.3909  1801.28  90.0387  1.216  0.4  48  64  2.8332  100
84.118  89.3909  1970.62  88.8368  40.003  0.37  48  64  2.8332  100
84.167  89.5197  1905  96.0719  201.503  0.38  48  64  2.8332  100
84.216  89.5197  1823.57  95.7803  183.66  0.4  48  64  2.8332  100
84.264  89.5197  2025.12  89.9777  0.787  0.36  46.9  64  2.8332  100
84.313  89.6485  1877.11  96.3217  206.691  0.39  46.9  64  2.8332  100
84.362  89.6485  1789.82  90.0476  1.488  0.4  46.9  64  2.8332  100
84.411  89.7773  1911.84  94.9142  163.775  0.38  46.9  64  2.8332  100
84.459  89.7773  1858.61  95.2195  169.08  0.39  46.9  64  2.8332  100
84.508  89.9061  1865.82  94.0344  131.269  0.39  46.9  64  2.8332  100
84.557  89.9061  1975.48  89.7769  7.691  0.37  49.4  64  2.8332  100
84.606  89.9061  1847.32  95.3144  171.102  0.39  49.4  64  2.8332  100
84.654  90.0349  1951.52  87.96  69.468  0.37  49.4  64  2.8332  100
84.703  90.0349  1899.1  96.4836  214.444  0.38  49.4  64  2.8332  100
84.752  90.1637  1856.08  95.3064  171.653  0.39  49.4  64  2.8332  100
84.801  90.1637  2024.05  90.0215  0.758  0.36  49.4  64  2.8332  100
84.85  90.1637  1894.22  94.8088  158.795  0.38  47.9  64  2.8332  100
84.899  90.2925  1983.81  90.0365  1.265  0.36  47.9  64  2.8332  100
84.947  90.2925  1989.55  89.7407  9.004  0.36  47.9  64  2.8332  100
84.996  90.4213  1967.93  90.0237  0.815  0.37  47.9  64  2.8332  100
85.045  90.4213  1960.06  89.9531  1.603  0.37  47.9  64  2.8332  100
85.094  90.4213  1907.4  94.9638  165.039  0.38  47.9  64  2.8332  100
85.142  90.5501  1758.91  90.0204  0.626  0.41  47.9  64  2.8332  100
85.191  90.5501  1949.98  88.0846  65.175  0.37  49.8  64  2.8332  100
85.24  90.6789  1907.4  94.9638  165.039  0.38  49.8  64  2.8332  100
85.289  90.6789  1857.46  94.138  134.033  0.39  49.8  64  2.8332  100
85.337  90.6789  2034.94  89.9666  1.187  0.36  49.8  64  2.8332  100
85.386  90.8077  1900.43  94.8171  159.588  0.38  49.8  64  2.8332  100
85.435  90.8077  1906.24  89.1393  28.634  0.38  49.8  64  2.8332  100
85.484  90.9365  1999.03  89.5759  14.797  0.36  49.7  64  2.8332  100
85.533  90.9365  1871.15  95.048  164.645  0.39  49.7  64  2.8332  100
85.581  90.9365  1863.42  90.0243  0.791  0.39  49.7  64  2.8332  100
85.63  91.0653  1989.13  89.7048  10.247  0.36  49.7  64  2.8332  100
85.679  91.0653  1851.58  95.288  170.645  0.39  49.7  64  2.8332  100
85.728  91.1942  1957.71  88.9503  35.865  0.37  49.7  64  2.8332  100
85.777  91.1942  1970.69  89.9151  2.919  0.37  49.8  64  2.8332  100
85.825  91.1942  1853.88  94.0234  130.076  0.39  49.8  64  2.8332  100
85.874  91.323  1916.53  95.22  174.368  0.38  49.8  64  2.8332  100
85.923  91.323  1964.12  89.9693  1.054  0.37  49.8  64  2.8332  100
85.972  91.4518  1926.83  89.0928  30.507  0.38  49.8  64  2.8332  100
86.021  91.4518  1975.74  89.6621  11.651  0.37  49.8  64  2.8332  100
86.069  91.4518  1864.46  94.9038  159.381  0.39  48.9  64  2.8332  100
86.118  91.5806  1981.06  89.8436  5.409  0.37  48.9  64  2.8332  100
86.167  91.5806  1979.18  89.6817  10.996  0.37  48.9  64  2.8332  100
86.216  91.7094  1775.54  90.0002  0.005  0.41  48.9  64  2.8332  100
86.264  91.7094  1884.54  90.0231  0.759  0.38  48.9  64  2.8332  100
86.313  91.7094  1888.76  94.9377  162.57  0.38  48.9  64  2.8332  100
86.362  91.8382  1841.18  94.1111  131.996  0.39  47.9  64  2.8332  100
86.411  91.8382  1897.34  93.961  131.063  0.38  47.9  64  2.8332  100
86.46  91.967  1988.49  90.03  1.041  0.36  47.9  64  2.8332  100
86.508  91.967  1782.72  90.0503  1.564  0.41  47.9  64  2.8332  100
86.557  91.967  1921.22  94.904  164.238  0.38  47.9  64  2.8332  100
86.606  92.0958  1873.15  94.8485  158.32  0.39  47.9  64  2.8332  100
86.655  92.0958  1949.53  88.0494  66.359  0.37  47.7  64  2.8332  100
86.704  92.2246  1993.45  89.7965  7.082  0.36  47.7  64  2.8332  100
86.753  92.2246  1955.42  90.0146  0.499  0.37  47.7  64  2.8332  100
86.801  92.2246  1995.21  89.8077  6.696  0.36  47.7  64  2.8332  100
86.85  92.3534  1890.93  95.0657  166.965  0.38  47.7  64  2.8332  100
86.899  92.3534  1928.48  89.2319  25.852  0.38  47.7  64  2.8332  100
86.948  92.4822  1967.16  89.7456  8.733  0.37  47.7  64  2.8332  100
86.997  92.4822  1888.63  96.5401  215.113  0.39  47.7  64  2.8332  100
87.045  92.4822  1926.63  89.2054  26.72  0.38  47.7  64  2.8332  100
87.094  92.611  2006.33  89.4984  17.566  0.36  47.7  64  2.8332  100
87.143  92.611  1809.87  89.9934  0.207  0.4  47.7  64  2.8332  100
87.192  92.7398  1985.3  90.0289  1.002  0.36  47.7  64  2.8332  100
87.24  92.7398  2002.49  89.9962  0.134  0.36  49.6  64  2.8332  100
87.289  92.7398  1854.5  95.5937  180.766  0.39  49.6  64  2.8332  100
87.338  92.8686  1984.22  89.0261  33.726  0.36  49.6  64  2.8332  100
87.387  92.8686  1883.39  94.7832  157.048  0.39  49.6  64  2.8332  100
87.435  92.9974  1860.7  94.1874  135.866  0.39  49.6  64  2.8332  100
87.485  92.9974  1984.82  89.6136  13.387  0.36  49.6  64  2.8332  100
87.533  93.1262  1871.15  95.048  164.645  0.39  50.3  64  2.8332  100
87.582  93.1262  1858.4  94.0387  130.888  0.39  50.3  64  2.8332  100
87.631  93.1262  1971.23  89.6862  10.795  0.37  50.3  64  2.8332  100
87.68  93.255  1849.17  95.0936  164.176  0.39  50.3  64  2.8332  100
87.728  93.255  1950.54  88.8788  38.166  0.37  50.3  64  2.8332  100
87.777  93.3838  1978.76  89.646  12.226  0.37  50.3  64  2.8332  100
87.826  93.3838  1866.22  95.5696  181.127  0.39  50.3  64  2.8332  100
87.875  93.3838  1981.39  88.9273  37.094  0.37  48.6  64  2.8332  100
87.924  93.5126  1890  94.8827  160.869  0.38  48.6  64  2.8332  100
87.972  93.5126  1939.34  88.9823  34.445  0.37  48.6  64  2.8332  100
88.021  93.6415  1993.99  88.8932  38.517  0.36  48.6  64  2.8332  100
88.07  93.6415  1868.25  95.0662  164.98  0.39  48.6  64  2.8332  100
88.119  93.6415  1946.64  89.2026  27.091  0.37  48.6  64  2.8332  100
88.167  93.7703  1931.68  95.0807  171.066  0.38  47.9  64  2.8332  100
88.216  93.7703  1805.66  90.051  1.608  0.4  47.9  64  2.8332  100
88.265  93.8991  1948.48  88.9664  35.149  0.37  47.9  64  2.8332  100
88.314  93.8991  1906.13  95.0192  166.767  0.38  47.9  64  2.8332  100
88.362  93.8991  1857.36  95.5765  180.488  0.39  47.9  64  2.8332  100
88.411  94.0279  1896.67  95.2923  174.942  0.38  47.9  64  2.8332  100
88.46  94.0279  1966.07  89.789  7.24  0.37  47.1  64  2.8332  100
88.509  94.1567  1939.37  89.244  25.588  0.37  47.1  64  2.8332  100
88.557  94.1567  1903.94  95.2008  172.585  0.38  47.1  64  2.8332  100
88.606  94.1567  1870.15  95.1477  167.796  0.39  47.1  64  2.8332  100
88.655  94.2855  1940.41  89.2008  27.067  0.37  47.1  64  2.8332  100
88.704  94.2855  1970.56  89.7652  8.074  0.37  47.1  64  2.8332  100
88.752  94.4143  1789.77  90.0291  0.909  0.4  49.2  64  2.8332  100
88.801  94.4143  1959  89.0564  32.262  0.37  49.2  64  2.8332  100
88.85  94.4143  1984  89.9594  1.406  0.36  49.2  64  2.8332  100
88.899  94.5431  1840.69  94.0224  129.119  0.39  49.2  64  2.8332  100
88.947  94.5431  1821.79  90.057  1.812  0.4  49.2  64  2.8332  100
88.996  94.6719  1850.59  95.0846  164.013  0.39  49.2  64  2.8332  100
89.045  94.6719  1843.26  93.9585  127.247  0.39  49.4  64  2.8332  100
89.094  94.6719  1895.52  95.0626  167.27  0.38  49.4  64  2.8332  100
89.143  94.8007  1865.59  95.1295  166.798  0.39  49.4  64  2.8332  100
89.191  94.8007  1914.87  89.2363  25.524  0.38  49.4  64  2.8332  100
89.24  94.9295  1903.71  95.1547  171.038  0.38  49.4  64  2.8332  100
89.289  94.9295  1875.97  95.4175  177.115  0.39  49.4  64  2.8332  100
89.338  94.9295  1948.05  88.9312  36.337  0.37  49.2  64  2.8332  100
89.387  95.0583  1886.03  95.0019  164.44  0.39  49.2  64  2.8332  100
89.436  95.0583  1832.48  95.5437  177.027  0.4  49.2  64  2.8332  100
89.484  95.1871  1963.43  89.0308  33.21  0.37  49.2  64  2.8332  100
89.533  95.1871  1876.42  96.5126  212.826  0.39  49.2  64  2.8332  100
89.582  95.1871  1842.82  94.1458  133.228  0.39  49.2  64  2.8332  100
89.631  95.3159  1907.06  94.8962  162.768  0.38  49.7  64  2.8332  100
89.68  95.3159  1859.05  95.3096  172.03  0.39  49.7  64  2.8332  100
89.728  95.4447  1939.37  89.244  25.588  0.37  49.7  64  2.8332  100
89.777  95.4447  1898.85  95.1115  169.177  0.38  49.7  64  2.8332  100
89.826  95.4447  1801.28  90.0387  1.216  0.4  49.7  64  2.8332  100
89.875  95.5735  1961.33  89.1187  30.167  0.37  49.7  64  2.8332  100
89.923  95.5735  1893.67  95.0014  165.092  0.38  48.3  64  2.8332  100
89.972  95.7023  1847.73  93.9735  128.039  0.39  48.3  64  2.8332  100
90.021  95.7023  2004.2  89.8759  4.342  0.36  48.3  64  2.8332  100
90.069  95.7023  1886.72  95.1389  168.994  0.38  48.3  64  2.8332  100
90.118  95.8311  1855.1  94.2469  137.379  0.39  48.3  64  2.8332  100
90.167  95.8311  1975.74  89.6621  11.651  0.37  48.3  64  2.8332  100
90.216  95.9599  1954.2  89.8518  5.054  0.37  48.3  64  2.8332  100
90.265  95.9599  1922.29  88.2237  59.585  0.38  47.7  64  2.8332  100
90.313  95.9599  1990.39  89.8124  6.515  0.36  47.7  64  2.8332  100
90.362  96.0888  1865.14  95.0392  163.829  0.39  47.7  64  2.8332  100
90.411  96.0888  1901.51  95.0257  166.577  0.38  47.7  64  2.8332  100
90.46  96.2176  1896.38  96.2147  205.291  0.38  47.7  64  2.8332  100
90.509  96.2176  1862.9  95.4966  178.441  0.39  47.7  64  2.8332  100
90.557  96.3464  1888.44  94.0212  132.428  0.38  47.7  64  2.8332  100
90.606  96.3464  1876.65  95.2478  171.645  0.39  47.7  64  2.8332  100
90.655  96.3464  1841.18  94.1111  131.996  0.39  47.7  64  2.8332  100
90.704  96.4752  1913.02  95.1457  171.575  0.38  47.7  64  2.8332  100
90.753  96.4752  1882.12  96.4346  210.928  0.39  47.7  64  2.8332  100
90.802  96.604  1870.14  95.4528  177.711  0.39  47.7  64  2.8332  100
90.85  96.604  1981.53  89.745  8.818  0.37  46.3  64  2.8332  100
90.899  96.604  1954.98  89.98  0.682  0.37  46.3  64  2.8332  100
90.948  96.7328  1875.01  94.0652  132.924  0.39  46.3  64  2.8332  100
90.997  96.7328  1893.99  94.763  157.266  0.38  46.3  64  2.8332  100
91.045  96.8616  1835.59  94.1497  132.829  0.4  46.3  64  2.8332  100
91.094  96.8616  1844.12  90.0133  0.428  0.39  46.3  64  2.8332  100
91.143  96.8616  1871.15  95.048  164.645  0.39  49  64  2.8332  100
91.192  96.9904  1868.46  93.9696  129.348  0.39  49  64  2.8332  100
91.24  96.9904  2001.16  89.7562  8.514  0.36  49  64  2.8332  100
91.289  97.1192  1954.87  89.7736  7.726  0.37  49  64  2.8332  100
91.338  97.1192  1937.93  89.2523  25.29  0.37  49  64  2.8332  100
91.387  97.1192  1988.16  89.9  3.469  0.36  49  64  2.8332  100
91.436  97.248  1841.05  94.0873  131.225  0.39  51.4  64  2.8332  100
91.484  97.248  1872.35  94.1301  134.85  0.39  51.4  64  2.8332  100
91.533  97.3768  1882.7  96.5722  215.483  0.39  51.4  64  2.8332  100
91.582  97.3768  1843.5  94.0029  128.689  0.39  51.4  64  2.8332  100
91.631  97.3768  2034.94  89.9666  1.187  0.36  51.4  64  2.8332  100
91.68  97.5056  1881.32  96.2514  204.86  0.39  51.4  64  2.8332  100
91.729  97.5056  1785.52  90.0354  1.103  0.41  48.6  64  2.8332  100
91.778  97.6344  1975.48  89.7769  7.691  0.37  48.6  64  2.8332  100
91.826  97.6344  1828.96  95.404  172.248  0.4  48.6  64  2.8332  100
91.875  97.6344  1951.65  89.0987  30.699  0.37  48.6  64  2.8332  100
91.924  97.7632  1902.65  94.9457  164.029  0.38  48.6  64  2.8332  100
91.973  97.7632  1788.41  90.0551  1.719  0.4  48.6  64  2.8332  100
92.022  97.892  1983.68  88.7217  44.253  0.36  47.5  64  2.8332  100
92.07  97.892  1967.69  89.9307  2.379  0.37  47.5  64  2.8332  100
92.119  97.892  1856.52  94.2373  137.173  0.39  47.5  64  2.8332  100
92.168  98.0208  1909.04  94.9792  165.693  0.38  47.5  64  2.8332  100
92.217  98.0208  1882.85  94.9747  163.273  0.39  47.5  64  2.8332  100
92.266  98.1496  1923.17  89.2993  23.518  0.38  47.5  64  2.8332  100
92.315  98.1496  1995.34  89.9595  1.41  0.36  46.8  64  2.8332  100
92.363  98.1496  1863.58  95.3281  173.05  0.39  46.8  64  2.8332  100
92.412  98.2784  1952.07  89.1339  29.505  0.37  46.8  64  2.8332  100
92.461  98.2784  1984.7  89.88  4.155  0.36  46.8  64  2.8332  100
92.51  98.4072  1943.14  89.8361  5.558  0.37  46.8  64  2.8332  100
92.558  98.4072  1964.49  88.9868  34.738  0.37  46.8  64  2.8332  100
92.607  98.4072  1885.55  96.1808  203.011  0.39  46.8  64  2.8332  100
92.656  98.5361  1866.81  95.3798  175.027  0.39  48.2  64  2.8332  100
92.705  98.5361  1892.88  93.9912  131.749  0.38  48.2  64  2.8332  100
92.753  98.6649  1953.4  89.7814  7.452  0.37  48.2  64  2.8332  100
92.802  98.6649  1930.1  89.111  29.948  0.37  48.2  64  2.8332  100
92.851  98.6649  1814.29  90.0057  0.182  0.4  48.2  64  2.8332  100
92.9  98.7937  1861.48  95.2016  168.763  0.39  48.2  64  2.8332  100
92.949  98.7937  1958.8  89.1709  28.343  0.37  48.4  64  2.8332  100
92.997  98.9225  1994.02  89.964  1.254  0.36  48.4  64  2.8332  100
93.046  98.9225  1825.43  94.4023  140.118  0.4  48.4  64  2.8332  100
93.095  98.9225  1883.77  94.0057  131.592  0.38  48.4  64  2.8332  100
93.144  99.0513  2004  89.9884  0.405  0.36  48.4  64  2.8332  100
93.193  99.0513  1851.58  95.288  170.645  0.39  48.4  64  2.8332  100
93.241  99.1801  1838.07  90.0085  0.272  0.39  48.2  64  2.8332  100
93.29  99.1801  1863.99  96.3946  207.603  0.39  48.2  64  2.8332  100
93.339  99.3089  1926.02  89.283  24.1  0.38  48.2  64  2.8332  100
93.388  99.3089  1968.65  89.7377  9.013  0.37  48.2  64  2.8332  100
93.436  99.3089  1869.93  95.1024  166.304  0.39  48.2  64  2.8332  100
93.486  99.4377  1943.31  89.1841  27.671  0.37  48.2  64  2.8332  100
93.534  99.4377  1898.22  94.6888  155.166  0.38  49.7  64  2.8332  100
93.583  99.5665  1847.17  95.5918  179.991  0.39  49.7  64  2.8332  100
93.632  99.5665  1981.88  89.915  2.942  0.37  49.7  64  2.8332  100
93.68  99.5665  1878.22  94.9569  162.288  0.39  49.7  64  2.8332  100
93.729  99.6953  1930.73  89.2933  23.813  0.37  49.7  64  2.8332  100
93.778  99.6953  1922.66  95.1832  173.693  0.38  49.7  64  2.8332  100
93.827  99.8241  1858.71  94.9405  160.074  0.39  50.4  64  2.8332  100
93.875  99.8241  1854.13  94.0681  131.535  0.39  50.4  64  2.8332  100
93.924  99.8241  1890.49  95.2825  174.051  0.38  50.4  64  2.8332  100
93.973  99.9529  1857.17  95.2284  169.238  0.39  50.4  64  2.8332  100
94.022  99.9529  1938.32  89.0258  32.957  0.37  50.4  64  2.8332  100
94.071  100.082  1887.24  96.2184  204.424  0.39  50.4  64  2.8332  100
94.12  100.082  1843.29  95.3855  173.003  0.39  47.3  64  2.8332  100
94.168  100.082  2010.34  89.9765  0.826  0.36  47.3  64  2.8332  100
94.217  100.211  1884.56  95.0111  164.613  0.39  47.3  64  2.8332  100
94.266  100.211  1851.29  94.0876  131.963  0.39  47.3  64  2.8332  100
94.315  100.339  1912.55  95.053  168.453  0.38  47.3  64  2.8332  100
94.364  100.339  1956.88  89.9497  1.718  0.37  47.3  64  2.8332  100
94.413  100.339  1862.7  94.0092  130.233  0.39  48.5  64  2.8332  100
94.462  100.468  1983.72  89.6575  11.86  0.36  48.5  64  2.8332  100
94.51  100.468  1927.23  89.9208  2.664  0.38  48.5  64  2.8332  100
94.559  100.597  1940.41  89.2008  27.067  0.37  48.5  64  2.8332  100
94.608  100.597  1817.19  89.9905  0.3  0.4  48.5  64  2.8332  100
94.657  100.597  1821.63  94.2217  134.101  0.4  48.5  64  2.8332  100
94.706  100.726  1894.49  95.1636  170.504  0.38  48  64  2.8332  100
94.754  100.726  1876.98  95.0115  163.965  0.39  48  64  2.8332  100
94.803  100.855  1855.55  94.0583  131.32  0.39  48  64  2.8332  100
94.852  100.855  1987.75  89.8642  4.711  0.36  48  64  2.8332  100
94.901  100.855  1848.4  95.2369  168.71  0.39  48  64  2.8332  100
94.949  100.983  1804.19  90.0423  1.333  0.4  48  64  2.8332  100
94.998  100.983  1991.92  89.8045  6.798  0.36  47.1  64  2.8332  100
95.047  101.112  1940.62  89.8866  3.842  0.37  47.1  64  2.8332  100
95.096  101.112  1924.58  89.0317  32.525  0.38  47.1  64  2.8332  100
95.144  101.112  1893.19  96.1852  203.978  0.38  47.1  64  2.8332  100
95.193  101.241  1851.43  95.566  179.576  0.39  47.1  64  2.8332  100
95.242  101.241  1993.39  89.9314  2.385  0.36  47.1  64  2.8332  100
95.291  101.37  1901.51  96.3284  209.599  0.38  47.1  64  2.8332  100
95.34  101.37  1866.07  94.0793  132.747  0.39  50  64  2.8332  100
95.388  101.37  1875.75  95.372  175.612  0.39  50  64  2.8332  100
95.437  101.499  1858.8  95.5678  180.348  0.39  50  64  2.8332  100
95.486  101.499  1937.52  89.2173  26.467  0.37  50  64  2.8332  100
95.535  101.627  1899.89  95.3202  176.162  0.38  50  64  2.8332  100
95.584  101.627  1854.21  95.2254  168.87  0.39  50  64  2.8332  100
95.633  101.627  1965.35  89.0578  32.319  0.37  49.8  64  2.8332  100
95.681  101.756  1879.65  96.2139  203.455  0.39  49.8  64  2.8332  100
95.73  101.756  1846.54  95.4575  175.619  0.39  49.8  64  2.8332  100
95.779  101.885  1891.14  93.9556  130.458  0.38  49.8  64  2.8332  100
95.828  101.885  1880.84  94.5863  150.394  0.39  49.8  64  2.8332  100
95.877  101.885  1898.11  88.341  54.951  0.38  49.8  64  2.8332  100
95.926  102.014  1916.53  95.22  174.368  0.38  50.2  64  2.8332  100
95.974  102.014  1832.37  95.5199  176.259  0.4  50.2  64  2.8332  100
96.023  102.143  1950.8  89.0283  33.084  0.37  50.2  64  2.8332  100
96.072  102.143  1980.14  89.9037  3.328  0.37  50.2  64  2.8332  100
96.121  102.143  1972.77  90.0359  1.237  0.37  50.2  64  2.8332  100
96.17  102.271  1951.45  89.2128  26.812  0.37  50.2  64  2.8332  100
96.219  102.271  1869.15  95.2472  170.94  0.39  47.9  64  2.8332  100
96.267  102.4  1836.1  95.7047  182.511  0.4  47.9  64  2.8332  100
96.316  102.4  1891.4  94.0012  131.976  0.38  47.9  64  2.8332  100
96.365  102.529  1867.03  95.1205  166.634  0.39  47.9  64  2.8332  100
96.414  102.529  1863.19  94.0989  133.179  0.39  47.9  64  2.8332  100
96.462  102.529  1988.29  89.6331  12.732  0.36  47.9  64  2.8332  100
96.511  102.658  1862.25  95.0574  164.164  0.39  47.8  64  2.8332  100
96.56  102.658  1943.93  89.1056  30.343  0.37  47.8  64  2.8332  100
96.609  102.787  1898.39  95.0196  166.101  0.38  47.8  64  2.8332  100
96.657  102.787  1838.5  95.5985  179.359  0.4  47.8  64  2.8332  100
96.706  102.787  1924.8  89.1789  27.584  0.38  47.8  64  2.8332  100
96.755  102.915  1894.14  95.0931  168.152  0.38  47.8  64  2.8332  100
96.804  102.915  1850.8  93.9984  129.055  0.39  48.1  64  2.8332  100
96.852  103.044  1982.58  89.8356  5.688  0.36  48.1  64  2.8332  100
96.901  103.044  1882.39  94.8836  160.251  0.39  48.1  64  2.8332  100
96.95  103.044  1850.36  94.1865  135.083  0.39  48.1  64  2.8332  100
96.999  103.173  1993.17  89.9122  3.055  0.36  48.1  64  2.8332  100
97.048  103.173  1852.99  94.9769  160.756  0.39  48.1  64  2.8332  100
97.096  103.302  1948.1  89.1943  27.395  0.37  48.2  64  2.8332  100
97.145  103.302  1876.19  95.463  178.618  0.39  48.2  64  2.8332  100
97.194  103.302  1850.91  94.0191  129.729  0.39  48.2  64  2.8332  100
97.243  103.431  1869.9  93.9597  129.124  0.39  48.2  64  2.8332  100
97.291  103.431  1880.6  95.1297  168.144  0.39  48.2  64  2.8332  100
97.34  103.559  1860.82  95.37  174.147  0.39  48.2  64  2.8332  100
97.389  103.559  1986.03  89.8555  5.008  0.36  49.4  64  2.8332  100
97.438  103.559  1854.41  94.9679  160.587  0.39  49.4  64  2.8332  100
97.487  103.688  1854.37  94.1128  132.995  0.39  49.4  64  2.8332  100
97.535  103.688  1894.36  93.9811  131.522  0.38  49.4  64  2.8332  100
97.584  103.817  1947.25  89.9257  2.525  0.37  49.4  64  2.8332  100
97.633  103.817  1953.3  88.976  34.908  0.37  49.4  64  2.8332  100
97.682  103.817  1907.29  94.9423  164.319  0.38  48.5  64  2.8332  100
97.731  103.946  1843.5  95.4301  174.454  0.39  48.5  64  2.8332  100
97.78  103.946  2014.34  90.0323  1.135  0.36  48.5  64  2.8332  100
97.828  104.075  1885.8  94.9562  162.923  0.39  48.5  64  2.8332  100
97.877  104.075  1935.66  89.1906  27.342  0.37  48.5  64  2.8332  100
97.926  104.075  1891.52  95.1818  170.836  0.38  48.5  64  2.8332  100
97.975  104.203  1859.6  95.1205  165.97  0.39  48.5  64  2.8332  100
98.024  104.203  1865.12  94.179  135.918  0.39  50.5  64  2.8332  100
98.073  104.332  1895.4  95.3473  176.636  0.38  50.5  64  2.8332  100
98.121  104.332  1785.56  90.0514  1.602  0.41  50.5  64  2.8332  100
98.17  104.332  1865.57  93.9894  129.792  0.39  50.5  64  2.8332  100
98.219  104.461  1905.9  94.9731  165.218  0.38  50.5  64  2.8332  100
98.268  104.461  1830.26  95.3747  171.439  0.4  50.5  64  2.8332  100
98.317  104.59  1835.2  90.0593  1.9  0.39  48.3  64  2.8332  100
98.365  104.59  1874.97  95.2113  170.303  0.39  48.3  64  2.8332  100
98.414  104.59  1846.59  94.3045  138.601  0.39  48.3  64  2.8332  100
98.463  104.719  1902.21  95.1638  171.207  0.38  48.3  64  2.8332  100
98.512  104.719  1861.48  96.5013  210.768  0.39  48.3  64  2.8332  100
98.561  104.848  1877.66  94.0002  130.986  0.39  48.3  64  2.8332  100
98.609  104.848  1988.29  89.6331  12.732  0.36  49.5  64  2.8332  100
98.658  104.848  1864.68  94.949  160.863  0.39  49.5  64  2.8332  100
98.707  104.976  1984.84  89.9938  0.216  0.36  49.5  64  2.8332  100
98.755  104.976  1973.15  89.7138  9.858  0.37  49.5  64  2.8332  100
98.804  105.105  1946.91  89.9487  1.745  0.37  49.5  64  2.8332  100
98.854  105.105  1437.25  88.008  49.958  0.5  49.5  64  2.8332  100
98.903  105.105  888.427  86.7137  50.929  0.82  47  64  2.8332  100
98.952  105.234  1390.47  87.4998  60.657  0.52  47  64  2.8332  100
99  105.234  1910.32  94.9236  163.957  0.38  47  64  2.8332  100
99.049  105.363  1929.06  89.9479  1.755  0.38  47  64  2.8332  100
99.098  105.363  1838.62  94.1748  133.849  0.39  47  64  2.8332  100
99.147  105.492  1905.68  95.2378  173.969  0.38  47  64  2.8332  100
99.195  105.492  1854.86  95.0576  163.52  0.39  47.8  64  2.8332  100
99.244  105.492  1871.6  93.9948  130.387  0.39  47.8  64  2.8332  100
99.293  105.62  1900.48  96.0972  201.86  0.38  47.8  64  2.8332  100
99.342  105.62  1958.31  89.9995  0.015  0.37  47.8  64  2.8332  100
99.39  105.749  1981.06  89.8436  5.409  0.37  47.8  64  2.8332  100
99.439  105.749  1896.66  94.9829  164.741  0.38  47.8  64  2.8332  100
99.488  105.749  1926.43  89.3178  22.938  0.38  48.8  64  2.8332  100
99.537  105.878  1965.25  89.7182  9.667  0.37  48.8  64  2.8332  100
99.585  105.878  1873.91  90.0224  0.734  0.39  48.8  64  2.8332  100
99.634  106.007  1850.36  94.1865  135.083  0.39  48.8  64  2.8332  100
99.683  106.007  1995.83  89.8604  4.863  0.36  48.8  64  2.8332  100
99.732  106.007  1850.67  93.9745  128.276  0.39  48.8  64  2.8332  100
99.781  106.136  1967.89  89.0051  34.168  0.37  48.8  64  2.8332  100
99.83  106.136  1916.07  96.1055  203.791  0.38  48.8  64  2.8332  100
99.878  106.264  1851.85  95.6559  182.507  0.39  48.8  64  2.8332  100
99.927  106.264  1884.03  94.0511  133.098  0.38  48.8  64  2.8332  100
99.976  106.264  1882.3  95.1661  169.49  0.39  48.8  64  2.8332  100
100.025  106.393  1845.64  94.1265  132.809  0.39  48.8  64  2.8332  100
100.074  106.393  1838.07  90.0085  0.272  0.39  48.5  64  2.8332  100
100.123  106.522  1853.66  95.1115  165.15  0.39  48.5  64  2.8332  100
100.171  106.522  1884.03  94.0511  133.098  0.38  48.5  64  2.8332  100
100.22  106.522  2003.4  89.6678  11.616  0.36  48.5  64  2.8332  100
100.269  106.651  1845.7  90.0266  0.856  0.39  48.5  64  2.8332  100
100.318  106.651  1958.75  88.0286  67.382  0.37  48.5  64  2.8332  100
100.366  106.78  1897.92  94.9277  163.028  0.38  48.5  64  2.8332  100
100.415  106.78  1853.68  94.2565  137.584  0.39  47  64  2.8332  100
100.464  106.78  2004.25  90.0075  0.261  0.36  47  64  2.8332  100
100.513  106.908  1867.8  94.9758  162.004  0.39  47  64  2.8332  100
100.561  106.908  1926.02  89.283  24.1  0.38  47  64  2.8332  100
100.61  107.037  1932.74  94.9777  167.701  0.38  47  64  2.8332  100
100.659  107.037  1964.56  90.0041  0.139  0.37  47  64  2.8332  100
100.708  107.037  1951.45  89.2128  26.812  0.37  48.3  64  2.8332  100
100.757  107.166  1974.79  89.856  4.962  0.37  48.3  64  2.8332  100
100.805  107.166  1830.81  94.0666  129.834  0.4  48.3  64  2.8332  100
100.854  107.295  1894.03  95.0719  167.442  0.38  48.3  64  2.8332  100
100.903  107.295  1961.73  89.9618  1.309  0.37  48.3  64  2.8332  100
100.952  107.295  1856.98  94.0485  131.104  0.39  48.3  64  2.8332  100
101  107.424  1902.54  94.9243  163.313  0.38  48.6  64  2.8332  100
101.049  107.424  1866.03  95.2199  169.769  0.39  48.6  64  2.8332  100
101.098  107.552  1915.28  89.2708  24.376  0.38  48.6  64  2.8332  100
101.147  107.552  1967.16  89.7456  8.733  0.37  48.6  64  2.8332  100
101.195  107.552  1792.68  90.0488  1.527  0.4  48.6  64  2.8332  100
101.244  107.681  1805.62  90.0348  1.097  0.4  48.6  64  2.8332  100
101.293  107.681  1972.6  89.9428  1.968  0.37  46.9  64  2.8332  100
101.342  107.81  1840.47  95.4029  173.296  0.39  46.9  64  2.8332  100
101.39  107.81  1871.16  95.3533  174.572  0.39  46.9  64  2.8332  100
101.439  107.81  1881.15  94.9384  161.938  0.39  46.9  64  2.8332  100
101.488  107.939  1843.08  95.3408  171.552  0.39  46.9  64  2.8332  100
101.537  107.939  2016.94  89.981  0.669  0.36  46.9  64  2.8332  100
101.586  108.068  1880.05  96.3054  206.482  0.39  47.8  64  2.8332  100
101.635  108.068  1934.41  89.0859  30.86  0.37  47.8  64  2.8332  100
101.684  108.196  1980.84  89.8244  6.07  0.37  47.8  64  2.8332  100
101.732  108.196  1862.7  95.1476  167.123  0.39  47.8  64  2.8332  100
101.781  108.196  1939.99  89.1657  28.246  0.37  47.8  64  2.8332  100
101.83  108.325  1999  89.9762  0.832  0.36  47.8  64  2.8332  100
101.879  108.325  1938.8  90.028  0.949  0.37  48.9  64  2.8332  100
101.927  108.454  1884.68  95.0355  165.425  0.39  48.9  64  2.8332  100
101.976  108.454  1991.03  89.9794  0.717  0.36  48.9  64  2.8332  100
102.025  108.454  1856.04  94.1478  134.245  0.39  48.9  64  2.8332  100
102.074  108.583  1884.03  94.0511  133.098  0.38  48.9  64  2.8332  100
102.122  108.583  1866.13  94.9398  160.69  0.39  48.9  64  2.8332  100
102.171  108.712  1873.18  95.1539  168.27  0.39  50.5  64  2.8332  100
102.22  108.712  1993.98  89.5645  15.155  0.36  50.5  64  2.8332  100
102.269  108.712  1851.79  95.0308  162.387  0.39  50.5  64  2.8332  100
102.317  108.84  1986.33  89.9861  0.482  0.36  50.5  64  2.8332  100
102.366  108.84  1900.01  95.0349  166.751  0.38  50.5  64  2.8332  100
102.415  108.969  1849.17  95.0936  164.176  0.39  50.5  64  2.8332  100
102.464  108.969  1958.83  87.9128  71.341  0.37  48.1  64  2.8332  100
102.513  108.969  1811.41  90.0209  0.66  0.4  48.1  64  2.8332  100
102.561  109.098  1844.94  94.2696  137.355  0.39  48.1  64  2.8332  100
102.61  109.098  2003.79  89.972  0.981  0.36  48.1  64  2.8332  100
102.659  109.227  1796.83  89.9917  0.262  0.4  48.1  64  2.8332  100
102.708  109.227  1851.36  95.2431  169.182  0.39  48.1  64  2.8332  100
102.756  109.227  1909.75  95.1178  170.359  0.38  47.6  64  2.8332  100
102.805  109.356  1848.73  95.0041  161.26  0.39  47.6  64  2.8332  100
102.854  109.356  1955.45  89.2855  24.383  0.37  47.6  64  2.8332  100
102.903  109.485  1990.81  89.8483  5.27  0.36  47.6  64  2.8332  100
102.951  109.485  1844.49  95.332  171.403  0.39  47.6  64  2.8332  100
103  109.485  1948.05  88.9312  36.337  0.37  47.6  64  2.8332  100
103.049  109.613  1808.53  90.036  1.135  0.4  47.6  64  2.8332  100
103.098  109.613  1922.94  89.9436  1.892  0.38  47.9  64  2.8332  100
103.146  109.742  1913.02  95.1457  171.575  0.38  47.9  64  2.8332  100
103.195  109.742  1843.07  95.0402  161.922  0.39  47.9  64  2.8332  100
103.244  109.742  1867.27  94.0245  131.05  0.39  47.9  64  2.8332  100
103.293  109.871  1905.79  94.9517  164.499  0.38  47.9  64  2.8332  100
103.341  109.871  1846.33  95.1116  164.5  0.39  47.9  64  2.8332  100
103.39  110  1966.01  89.9221  2.673  0.37  49.3  64  2.8332  100
103.439  110  1972.47  89.7928  7.132  0.37  49.3  64  2.8332  100
103.488  110  1843.13  95.6623  181.852  0.39  49.3  64  2.8332  100
103.536  110.129  1894.36  93.9811  131.522  0.38  49.3  64  2.8332  100
103.585  110.129  1871.38  95.0933  166.138  0.39  49.3  64  2.8332  100
103.634  110.257  1850.11  94.1419  133.629  0.39  49.3  64  2.8332  100
103.683  110.257  1889.67  95.4289  178.784  0.38  50  64  2.8332  100
103.731  110.257  1875.75  95.066  165.636  0.39  50  64  2.8332  100
103.78  110.386  1942.69  89.2625  25.004  0.37  50  64  2.8332  100
103.829  110.386  1999.19  89.7283  9.482  0.36  50  64  2.8332  100
103.878  110.515  1863.24  94.9581  161.035  0.39  50  64  2.8332  100
103.926  110.515  1838.62  94.1748  133.849  0.39  50  64  2.8332  100
103.975  110.515  1886.81  94.8557  159.711  0.38  47.3  64  2.8332  100
104.024  110.644  1840.68  95.4475  174.743  0.39  47.3  64  2.8332  100
104.073  110.644  1995.77  89.9752  0.864  0.36  47.3  64  2.8332  100
104.121  110.773  1849.25  93.9844  128.494  0.39  47.3  64  2.8332  100
104.17  110.773  1858.65  94.0835  132.354  0.39  47.3  64  2.8332  100
104.219  110.773  1835.1  90.0238  0.763  0.39  47.3  64  2.8332  100
104.268  110.901  1860.14  94.9314  159.902  0.39  49.7  64  2.8332  100
104.317  110.901  1949.08  88.8874  37.845  0.37  49.7  64  2.8332  100
104.366  111.03  1901.38  95.001  165.75  0.38  49.7  64  2.8332  100
104.415  111.03  1871.84  96.4909  211.604  0.39  49.7  64  2.8332  100
104.463  111.03  1912.54  88.1739  60.944  0.38  49.7  64  2.8332  100
104.512  111.159  1888.76  94.9377  162.57  0.38  49.7  64  2.8332  100
104.561  111.159  1853.28  95.6473  182.371  0.39  48.3  64  2.8332  100
104.61  111.288  1956.84  88.8796  38.263  0.37  48.3  64  2.8332  100
104.659  111.288  1880.84  96.4885  212.542  0.39  48.3  64  2.8332  100
104.707  111.417  1852.22  95.4226  175.038  0.39  48.3  64  2.8332  100
104.756  111.417  1917.83  95.1644  172.63  0.38  48.3  64  2.8332  100
104.805  111.417  1870.6  95.2383  170.782  0.39  48.3  64  2.8332  100
104.854  111.545  1932.78  89.2072  26.743  0.37  49.9  64  2.8332  100
104.903  111.545  1986.92  89.7926  7.193  0.36  49.9  64  2.8332  100
104.952  111.674  1842.45  94.0776  131.013  0.39  49.9  64  2.8332  100
105  111.674  1951.65  89.0987  30.699  0.37  49.9  64  2.8332  100
105.049  111.674  1923.42  94.7205  158.289  0.38  49.9  64  2.8332  100
105.098  111.803  1851.01  95.4762  176.648  0.39  49.9  64  2.8332  100
105.147  111.803  2004.25  90.0075  0.261  0.36  48  64  2.8332  100
105.195  111.932  1959.04  89.8636  4.662  0.37  48  64  2.8332  100
105.244  111.932  1923.17  89.2993  23.518  0.38  48  64  2.8332  100
105.293  111.932  1848.61  89.9901  0.318  0.39  48  64  2.8332  100
105.342  112.061  1807  90.0086  0.27  0.4  48  64  2.8332  100
105.391  112.061  1980.39  90.0167  0.577  0.37  48  64  2.8332  100
105.44  112.189  1980.27  89.6379  12.515  0.37  48  64  2.8332  100
105.488  112.189  1951.26  89.8674  4.516  0.37  47.9  64  2.8332  100
105.537  112.189  1975.83  89.9463  1.852  0.37  47.9  64  2.8332  100
105.586  112.318  1901.93  94.8076  159.401  0.38  47.9  64  2.8332  100
105.635  112.318  1863.04  95.2169  169.398  0.39  47.9  64  2.8332  100
105.684  112.447  2016.94  89.981  0.669  0.36  47.9  64  2.8332  100
105.733  112.447  1892.97  94.864  160.507  0.38  47.9  64  2.8332  100
105.781  112.447  1856.98  94.0485  131.104  0.39  48.2  64  2.8332  100
105.83  112.576  1915.35  94.988  166.536  0.38  48.2  64  2.8332  100
105.879  112.576  1879.92  94.9931  163.62  0.39  48.2  64  2.8332  100
105.928  112.705  1927.96  88.1875  60.98  0.38  48.2  64  2.8332  100
105.976  112.705  1898.74  95.0902  168.463  0.38  48.2  64  2.8332  100
106.025  112.705  1840.69  95.1472  165.139  0.39  48.2  64  2.8332  100
106.074  112.833  1949.14  89.1507  28.89  0.37  47.4  64  2.8332  100
106.123  112.833  1892.51  96.3777  210.224  0.38  47.4  64  2.8332  100
106.171  112.962  1947.52  89.8128  6.364  0.37  47.4  64  2.8332  100
106.22  112.962  1950.18  89.1071  30.389  0.37  47.4  64  2.8332  100
106.269  112.962  1802.8  90.066  2.077  0.4  47.4  64  2.8332  100
106.318  113.091  1861.67  95.5505  180.066  0.39  47.4  64  2.8332  100
106.367  113.091  1915.83  95.0808  169.667  0.38  49.6  64  2.8332  100
106.415  113.22  1863.47  95.0032  162.516  0.39  49.6  64  2.8332  100
106.464  113.22  1949.33  89.0368  32.77  0.37  49.6  64  2.8332  100
106.513  113.22  1921.15  94.5908  153.766  0.38  49.6  64  2.8332  100
106.562  113.349  1922.94  89.9436  1.892  0.38  49.6  64  2.8332  100
106.611  113.349  1963  88.9954  34.418  0.37  49.6  64  2.8332  100
106.66  113.477  1979.73  89.868  4.56  0.37  50.3  64  2.8332  100
106.709  113.477  1856.28  94.1925  135.708  0.39  50.3  64  2.8332  100
106.757  113.477  1926.32  94.9688  166.843  0.38  50.3  64  2.8332  100
106.806  113.606  1890.47  94.9742  163.916  0.38  50.3  64  2.8332  100
106.855  113.606  1859.14  94.1731  135.289  0.39  50.3  64  2.8332  100
106.904  113.735  2000.73  89.7202  9.772  0.36  50.3  64  2.8332  100
106.953  113.735  1972.32  90.001  0.034  0.37  49.1  64  2.8332  100
107.001  113.735  1941.81  88.9303  36.253  0.37  49.1  64  2.8332  100
107.05  113.864  1891.49  94.8734  160.688  0.38  49.1  64  2.8332  100
107.099  113.864  1957.87  89.9649  1.2  0.37  49.1  64  2.8332  100
107.148  113.993  1975.42  89.9107  3.079  0.37  49.1  64  2.8332  100
107.197  113.993  1890.61  96.2938  207.263  0.38  49.1  64  2.8332  100
107.245  113.993  1849.63  94.0528  130.723  0.39  47.8  64  2.8332  100
107.294  114.121  1958.38  89.1356  29.545  0.37  47.8  64  2.8332  100
107.343  114.121  1881.38  94.9839  163.447  0.39  47.8  64  2.8332  100
107.392  114.25  1857.22  94.0933  132.569  0.39  47.8  64  2.8332  100
107.44  114.25  1995.52  89.5563  15.454  0.36  47.8  64  2.8332  100
107.49  114.25  1957.15  89.8362  5.595  0.37  47.8  64  2.8332  100
107.538  114.379  1952.01  88.8702  38.488  0.37  48.5  64  2.8332  100
107.587  114.379  1980.01  89.753  8.534  0.37  48.5  64  2.8332  100
107.636  114.508  1954.87  89.7736  7.726  0.37  48.5  64  2.8332  100
107.685  114.508  1982.58  89.8356  5.688  0.36  48.5  64  2.8332  100
107.733  114.508  1888.76  94.9377  162.57  0.38  48.5  64  2.8332  100
107.782  114.637  1875.26  94.1104  134.417  0.39  48.5  64  2.8332  100
107.831  114.637  1999.13  89.8637  4.755  0.36  48.5  64  2.8332  100
107.88  114.766  1878.24  95.2632  172.292  0.39  46.8  64  2.8332  100
107.928  114.766  1971.1  90.0273  0.939  0.37  46.8  64  2.8332  100
107.977  114.894  1909.04  94.9792  165.693  0.38  46.8  64  2.8332  100
108.026  114.894  1872.03  95.5348  180.557  0.39  46.8  64  2.8332  100
108.075  114.894  1867.02  93.9795  129.57  0.39  46.8  64  2.8332  100
108.123  115.023  1903.92  94.8903  162.304  0.38  46.8  64  2.8332  100
108.172  115.023  1859.38  94.2179  136.757  0.39  48.3  64  2.8332  100
108.221  115.152  1988.23  88.6949  45.283  0.36  48.3  64  2.8332  100
108.27  115.152  1902.17  94.8536  160.943  0.38  48.3  64  2.8332  100
108.318  115.152  1844.7  95.3767  172.855  0.39  48.3  64  2.8332  100
108.367  115.281  1926  94.6081  154.736  0.38  48.3  64  2.8332  100
108.416  115.281  1869.7  95.0571  164.813  0.39  48.3  64  2.8332  100
108.465  115.41  1943.73  89.2192  26.488  0.37  48.6  64  2.8332  100
108.513  115.41  1895.99  95.1545  170.337  0.38  48.6  64  2.8332  100
108.562  115.41  1964.17  89.7615  8.176  0.37  48.6  64  2.8332  100
108.611  115.538  1974.93  88.9263  37.006  0.37  48.6  64  2.8332  100
108.66  115.538  1974.79  89.856  4.962  0.37  48.6  64  2.8332  100
108.709  115.667  1856.94  95.4864  177.54  0.39  48.6  64  2.8332  100
108.758  115.667  1978.37  88.9447  36.437  0.37  49.5  64  2.8332  100
108.807  115.667  1891.25  94.8276  159.164  0.38  49.5  64  2.8332  100
108.855  115.796  1849.63  94.0528  130.723  0.39  49.5  64  2.8332  100
108.904  115.796  1982.58  89.8356  5.688  0.36  49.5  64  2.8332  100
108.953  115.925  1883.31  95.0659  166.298  0.39  49.5  64  2.8332  100
109.002  115.925  1867.27  94.0245  131.05  0.39  49.5  64  2.8332  100
109.051  115.925  1987.61  89.7129  9.959  0.36  48.3  64  2.8332  100
109.1  116.054  1862.9  95.4966  178.441  0.39  48.3  64  2.8332  100
109.149  116.054  1965.78  89.0932  31.109  0.37  48.3  64  2.8332  100
109.197  116.182  1910.91  95.0375  167.793  0.38  48.3  64  2.8332  100
109.246  116.182  1925.8  89.9284  2.406  0.38  48.3  64  2.8332  100
109.295  116.182  1832.15  90.0391  1.25  0.39  48.3  64  2.8332  100
109.344  116.311  1945.39  89.8984  3.45  0.37  50.5  64  2.8332  100
109.392  116.311  1849.18  94.2408  136.743  0.39  50.5  64  2.8332  100
109.441  116.44  1912.2  95.2939  176.427  0.38  50.5  64  2.8332  100
109.49  116.44  1805.57  90.0161  0.508  0.4  50.5  64  2.8332  100
109.539  116.44  1936.07  89.2256  26.168  0.37  50.5  64  2.8332  100
109.588  116.569  1993.03  89.7605  8.33  0.36  50.5  64  2.8332  100
109.637  116.569  1850.37  95.0399  162.552  0.39  48.7  64  2.8332  100
109.685  116.698  1927.96  88.1875  60.98  0.38  48.7  64  2.8332  100
109.734  116.698  1997.79  89.8884  3.891  0.36  48.7  64  2.8332  100
109.783  116.698  1852.01  95.3777  173.573  0.39  48.7  64  2.8332  100
109.832  116.826  1888.18  93.9757  130.914  0.38  48.7  64  2.8332  100
109.881  116.826  1881.61  95.0294  164.957  0.39  48.7  64  2.8332  100
109.93  116.955  1836.76  94.3711  139.991  0.4  48.9  64  2.8332  100
109.978  116.955  1835.1  90.0238  0.763  0.39  48.9  64  2.8332  100
110.027  116.955  1859.6  95.1205  165.97  0.39  48.9  64  2.8332  100
110.076  117.084  1982.9  89.9663  1.167  0.36  48.9  64  2.8332  100
110.125  117.084  1898.22  94.6888  155.166  0.38  48.9  64  2.8332  100
110.174  117.213  1936.27  89.9096  3.053  0.37  48.9  64  2.8332  100
110.222  117.213  1966.01  89.9221  2.673  0.37  46.2  64  2.8332  100
110.271  117.213  1893.67  95.0014  165.092  0.38  46.2  64  2.8332  100
110.32  117.342  1846.59  94.3045  138.601  0.39  46.2  64  2.8332  100
110.369  117.342  1965.78  89.0932  31.109  0.37  46.2  64  2.8332  100
110.417  117.47  1980.42  89.7887  7.303  0.37  46.2  64  2.8332  100
110.467  117.47  1930.73  89.2933  23.813  0.37  46.2  64  2.8332  100
110.515  117.47  1940.2  94.567  154.487  0.37  46.2  64  2.8332  100
110.564  117.599  1874.84  94.8845  159.638  0.39  50.4  64  2.8332  100
110.613  117.599  1799.82  90.03  0.943  0.4  50.4  64  2.8332  100
110.662  117.728  1908.24  95.1271  170.53  0.38  50.4  64  2.8332  100
110.71  117.728  1840.52  95.7239  183.565  0.4  50.4  64  2.8332  100
110.759  117.728  1809.92  90.0122  0.385  0.4  50.4  64  2.8332  100
110.808  117.857  1902.71  94.6601  154.586  0.38  50.4  64  2.8332  100
110.857  117.857  1851.85  95.6559  182.507  0.39  48.2  64  2.8332  100
110.905  117.986  1817.24  90.0094  0.297  0.4  48.2  64  2.8332  100
110.954  117.986  1877.11  96.3217  206.691  0.39  48.2  64  2.8332  100
111.003  118.114  1913.06  89.2099  26.38  0.38  48.2  64  2.8332  100
111.052  118.114  1918.64  95.0157  167.745  0.38  48.2  64  2.8332  100
111.1  118.114  1873.29  95.1749  168.965  0.39  48.2  64  2.8332  100
111.149  118.243  1873.05  93.9849  130.164  0.39  50.6  64  2.8332  100
111.198  118.243  1897.68  94.8818  161.493  0.38  50.6  64  2.8332  100
111.247  118.372  1851.25  95.2191  168.398  0.39  50.6  64  2.8332  100
111.295  118.372  1806.96  89.9924  0.241  0.4  50.6  64  2.8332  100
111.344  118.372  1809.87  89.9934  0.207  0.4  50.6  64  2.8332  100
111.393  118.501  1854.43  95.2703  170.337  0.39  50.6  64  2.8332  100
111.442  118.501  1956.89  87.8868  72.157  0.37  47.9  64  2.8332  100
111.491  118.63  1864.46  94.9038  159.381  0.39  47.9  64  2.8332  100
111.539  118.63  1849.63  94.0528  130.723  0.39  47.9  64  2.8332  100
111.588  118.63  2006.08  89.6152  13.472  0.36  47.9  64  2.8332  100
111.637  118.758  1857.17  95.2284  169.238  0.39  47.9  64  2.8332  100
111.686  118.758  1929.09  89.1541  28.481  0.38  47.9  64  2.8332  100
111.735  118.887  1880  90.0271  0.89  0.38  48.3  64  2.8332  100
111.783  118.887  1850.59  95.0846  164.013  0.39  48.3  64  2.8332  100
111.832  118.887  1954.38  89.1961  27.421  0.37  48.3  64  2.8332  100
111.881  119.016  1885.8  94.9562  162.923  0.39  48.3  64  2.8332  100
111.93  119.016  1846.8  94.0723  131.151  0.39  48.3  64  2.8332  100
111.978  119.145  1992.91  88.938  36.938  0.36  48.3  64  2.8332  100
112.027  119.145  1858.71  94.9405  160.074  0.39  49.6  64  2.8332  100
112.076  119.145  1934.22  89.1989  27.042  0.37  49.6  64  2.8332  100
112.125  119.274  1910.22  95.2104  173.473  0.38  49.6  64  2.8332  100
112.173  119.274  1865.24  96.3412  206.013  0.39  49.6  64  2.8332  100
112.222  119.403  1857.95  94.2276  136.965  0.39  49.6  64  2.8332  100
112.271  119.403  1980.14  89.9037  3.328  0.37  49.6  64  2.8332  100
112.32  119.403  1941.02  89.9215  2.659  0.37  48.3  64  2.8332  100
112.368  119.531  1973.51  89.883  4.03  0.37  48.3  64  2.8332  100
112.417  119.531  1891.01  94.7819  157.64  0.38  48.3  64  2.8332  100
112.466  119.66  1838.29  95.554  177.915  0.4  48.3  64  2.8332  100
112.515  119.66  1890.83  95.0444  166.258  0.38  48.3  64  2.8332  100
112.563  119.66  1871.69  94.8577  158.498  0.39  48.3  64  2.8332  100
112.612  119.789  1922.56  89.3768  20.912  0.38  48.9  64  2.8332  100
112.661  119.789  1987.61  89.7129  9.959  0.36  48.9  64  2.8332  100
112.71  119.918  1943.93  89.9061  3.186  0.37  48.9  64  2.8332  100
112.758  119.918  1810.02  90.0472  1.491  0.4  48.9  64  2.8332  100
112.807  119.918  1972.6  89.9428  1.968  0.37  48.9  64  2.8332  100
112.857  120.047  1792.59  90.0142  0.443  0.4  48.9  64  2.8332  100
112.905  120.047  1820.14  89.9942  0.185  0.4  48.9  64  2.8332  100
112.954  120.175  1896.59  96.2608  206.832  0.38  47.4  64  2.8332  100
113.003  120.175  1894.12  89.5015  16.48  0.38  47.4  64  2.8332  100
113.052  120.175  1980.77  89.9585  1.435  0.37  47.4  64  2.8332  100
113.101  120.304  1878.99  94.8112  157.597  0.39  47.4  64  2.8332  100
113.15  120.304  1923.58  89.334  22.359  0.38  47.4  64  2.8332  100
113.199  120.433  1986.34  89.6054  13.679  0.36  47.4  64  2.8332  100
113.248  120.433  1942.87  89.9488  1.737  0.37  48.5  64  2.8332  100
113.296  120.433  1977.43  90.0319  1.101  0.37  48.5  64  2.8332  100
113.345  120.562  1880.92  94.8929  160.429  0.39  48.5  64  2.8332  100
113.394  120.562  1852.65  95.5125  177.97  0.39  48.5  64  2.8332  100
113.443  120.691  2001.22  90.0229  0.8  0.36  48.5  64  2.8332  100
113.492  120.691  1892.98  96.1392  202.443  0.38  48.5  64  2.8332  100
113.541  120.691  1862.25  94.1985  136.339  0.39  47.8  64  2.8332  100
113.59  120.819  1884.54  90.0231  0.759  0.38  47.8  64  2.8332  100
113.638  120.819  1887.28  94.947  162.747  0.38  47.8  64  2.8332  100
113.687  120.948  1939.99  89.1657  28.246  0.37  47.8  64  2.8332  100
113.736  120.948  1992.45  89.5727  14.858  0.36  47.8  64  2.8332  100
113.785  121.077  1875.19  95.2568  171.803  0.39  47.8  64  2.8332  100
113.834  121.077  1933.66  88.151  62.392  0.37  49.1  64  2.8332  100
113.883  121.077  1997.06  89.5481  15.753  0.36  49.1  64  2.8332  100
113.931  121.206  1961.65  90.0192  0.656  0.37  49.1  64  2.8332  100
113.98  121.206  1997.74  90.0029  0.1  0.36  49.1  64  2.8332  100
114.029  121.335  1884.09  94.9199  161.585  0.39  49.1  64  2.8332  100
114.078  121.335  1841.89  94.2443  136.317  0.39  49.1  64  2.8332  100
114.126  121.335  1933.06  94.7343  159.547  0.38  48.2  64  2.8332  100
114.175  121.463  1872.91  96.3917  208.502  0.39  48.2  64  2.8332  100
114.224  121.463  1875.87  95.0904  166.441  0.39  48.2  64  2.8332  100
114.273  121.592  1986.5  89.7568  8.433  0.36  48.2  64  2.8332  100
114.321  121.592  1853.32  95.3449  172.638  0.39  48.2  64  2.8332  100
114.371  121.592  1936.87  89.0342  32.647  0.37  48.2  64  2.8332  100
114.42  121.721  1871.25  96.3542  207.102  0.39  46.3  64  2.8332  100
114.468  121.721  1905.62  89.4727  17.538  0.38  46.3  64  2.8332  100
114.517  121.85  1821.79  90.057  1.812  0.4  46.3  64  2.8332  100
114.566  121.85  1875.3  94.9753  162.636  0.39  46.3  64  2.8332  100
114.615  121.85  1864.13  93.9993  130.013  0.39  46.3  64  2.8332  100
114.663  121.979  1903.25  95.0625  167.946  0.38  46.3  64  2.8332  100
114.712  121.979  1872.03  96.5365  213.105  0.39  46.8  64  2.8332  100
114.761  122.107  1939.79  89.279  24.409  0.37  46.8  64  2.8332  100
114.81  122.107  1915.01  95.2292  174.535  0.38  46.8  64  2.8332  100
114.858  122.107  1858.61  95.2195  169.08  0.39  46.8  64  2.8332  100
114.907  122.236  1869.9  93.9597  129.124  0.39  46.8  64  2.8332  100
114.956  122.236  1884.56  95.0111  164.613  0.39  46.8  64  2.8332  100
115.005  122.365  1849.16  95.3953  173.869  0.39  44.6  64  2.8332  100
115.053  122.365  1886.97  94.0312  132.652  0.38  44.6  64  2.8332  100
115.102  122.365  1870.24  94.867  158.676  0.39  44.6  64  2.8332  100
115.151  122.494  1801.15  89.9877  0.387  0.4  44.6  64  2.8332  100
115.2  122.494  1906.96  95.1825  172.252  0.38  44.6  64  2.8332  100
115.249  122.623  1804.04  89.9888  0.354  0.4  44.6  64  2.8332  100
115.298  122.623  1940.82  89.2358  25.887  0.37  45.3  64  2.8332  100
115.347  122.623  1983.3  89.6217  13.095  0.36  45.3  64  2.8332  100
115.395  122.751  1966.02  89.9965  0.121  0.37  45.3  64  2.8332  100
115.444  122.751  1839.65  90.0364  1.167  0.39  45.3  64  2.8332  100
115.493  122.88  1881.05  95.2208  171.164  0.39  45.3  64  2.8332  100
115.542  122.88  1776.93  89.9927  0.226  0.41  45.3  64  2.8332  100
115.59  122.88  1971.75  89.0591  32.377  0.37  45.3  64  2.8332  100
115.639  123.009  1876.76  94.9661  162.462  0.39  46.4  64  2.8332  100
115.688  123.009  1804.19  90.0423  1.333  0.4  46.4  64  2.8332  100
115.737  123.138  1916.4  94.8859  163.223  0.38  46.4  64  2.8332  100
115.785  123.138  1867.7  95.2562  171.098  0.39  46.4  64  2.8332  100
115.834  123.138  1961.54  89.9454  1.87  0.37  46.4  64  2.8332  100
115.883  123.267  1919.76  96.2285  208.284  0.38  46.4  64  2.8332  100
115.932  123.267  1936.66  89.9445  1.876  0.37  47.4  64  2.8332  100
115.981  123.395  1932.24  88.1601  62.038  0.37  47.4  64  2.8332  100
116.029  123.395  1895.17  94.9922  164.917  0.38  47.4  64  2.8332  100
116.078  123.395  1867.6  95.2352  170.407  0.39  47.4  64  2.8332  100
116.127  123.524  2014.34  90.0323  1.135  0.36  47.4  64  2.8332  100
116.176  123.524  1890.7  95.0199  165.44  0.38  47.4  64  2.8332  100
116.224  123.653  1791.23  90.0402  1.256  0.4  46.3  64  2.8332  100
116.273  123.653  1918.64  95.0157  167.745  0.38  46.3  64  2.8332  100
116.322  123.653  1861.26  95.1565  167.285  0.39  46.3  64  2.8332  100
116.371  123.782  1887.87  95.0628  166.6  0.38  46.3  64  2.8332  100
116.42  123.782  2005.38  89.6958  10.648  0.36  46.3  64  2.8332  100
116.469  123.911  1819.71  90.0232  0.737  0.4  46.3  64  2.8332  100
116.518  123.911  1956.48  89.1087  30.434  0.37  45.2  64  2.8332  100
116.566  123.911  1898.39  95.0196  166.101  0.38  45.2  64  2.8332  100
116.615  124.04  1849.59  95.4849  176.791  0.39  45.2  64  2.8332  100
116.664  124.04  1826.08  89.9989  0.035  0.4  45.2  64  2.8332  100
116.713  124.168  1874.17  96.338  206.897  0.39  45.2  64  2.8332  100
116.761  124.168  1850.55  93.9539  127.601  0.39  45.2  64  2.8332  100
116.81  124.297  1987.55  89.8476  5.287  0.36  47  64  2.8332  100
116.859  124.297  1939.95  89.9641  1.215  0.37  47  64  2.8332  100
116.908  124.297  1883.21  95.0447  165.596  0.39  47  64  2.8332  100
116.956  124.426  1980.55  89.9394  2.096  0.37  47  64  2.8332  100
117.005  124.426  1841.93  95.7155  183.435  0.39  47  64  2.8332  100
117.054  124.555  1991.27  89.9983  0.059  0.36  47  64  2.8332  100
117.103  124.555  1898.62  95.0655  167.638  0.38  46.1  64  2.8332  100
117.152  124.555  1836.76  94.3711  139.991  0.4  46.1  64  2.8332  100
117.2  124.684  1838.07  90.0085  0.272  0.39  46.1  64  2.8332  100
117.249  124.684  1870.47  94.9122  160.167  0.39  46.1  64  2.8332  100
117.298  124.812  1838.05  94.3411  139.129  0.39  46.1  64  2.8332  100
117.347  124.812  1998.6  89.5398  16.052  0.36  46.1  64  2.8332  100
117.395  124.812  1861.26  95.1565  167.285  0.39  45.6  64  2.8332  100
117.444  124.941  1932.37  89.1723  27.913  0.37  45.6  64  2.8332  100
117.493  124.941  1970.69  89.9151  2.919  0.37  45.6  64  2.8332  100
117.542  125.07  1846.75  95.5023  177.076  0.39  45.6  64  2.8332  100
117.59  125.07  1967.27  89.0847  31.424  0.37  45.6  64  2.8332  100
117.639  125.07  1890.78  94.7362  156.116  0.38  45.6  64  2.8332  100
117.688  125.199  1837.22  94.1844  134.055  0.39  48.4  64  2.8332  100
117.737  125.199  1897.34  93.961  131.063  0.38  48.4  64  2.8332  100
117.786  125.328  1967.93  90.0237  0.815  0.37  48.4  64  2.8332  100
117.834  125.328  1839.3  94.0321  129.332  0.39  48.4  64  2.8332  100
117.883  125.328  1909.04  94.9792  165.693  0.38  48.4  64  2.8332  100
117.932  125.456  1941.02  89.9215  2.659  0.37  48.4  64  2.8332  100
117.981  125.456  1921.31  88.2675  58.087  0.38  46.3  64  2.8332  100
118.029  125.585  1894.37  95.139  169.683  0.38  46.3  64  2.8332  100
118.078  125.585  1775.54  90.0002  0.005  0.41  46.3  64  2.8332  100
118.127  125.585  1830.58  90.0113  0.362  0.4  46.3  64  2.8332  100
118.176  125.714  1891.01  94.7819  157.64  0.38  46.3  64  2.8332  100
118.225  125.714  1858.59  95.5227  178.872  0.39  46.3  64  2.8332  100
118.274  125.843  1882.31  94.0156  131.816  0.39  46.3  64  2.8332  100
118.322  125.843  1847.84  93.9942  128.711  0.39  44.9  64  2.8332  100
118.371  125.843  1810.02  90.0472  1.491  0.4  44.9  64  2.8332  100
118.42  125.972  1983.46  89.7728  7.866  0.36  44.9  64  2.8332  100
118.469  125.972  1952.54  90.0296  1.01  0.37  44.9  64  2.8332  100
118.518  126.1  1801.24  90.0225  0.708  0.4  44.9  64  2.8332  100
118.566  126.1  1895.23  94.7078  155.548  0.38  44.9  64  2.8332  100
118.615  126.1  1960.2  90.0267  0.914  0.37  45.9  64  2.8332  100
118.664  126.229  1958.14  88.9857  34.664  0.37  45.9  64  2.8332  100
118.713  126.229  1873.38  94.8938  159.815  0.39  45.9  64  2.8332  100
118.761  126.358  1860.45  95.6043  181.686  0.39  45.9  64  2.8332  100
118.81  126.358  1907.53  94.9885  165.871  0.38  45.9  64  2.8332  100
118.859  126.358  1980.15  89.9979  0.073  0.37  45.9  64  2.8332  100
118.908  126.487  1939.57  89.1307  29.425  0.37  45.6  64  2.8332  100
118.956  126.487  1904.17  95.2469  174.133  0.38  45.6  64  2.8332  100
119.005  126.616  1853.43  95.0666  163.685  0.39  45.6  64  2.8332  100
119.054  126.616  1929.27  89.0413  32.28  0.38  45.6  64  2.8332  100
119.103  126.616  1979.32  89.8324  5.792  0.37  45.6  64  2.8332  100
119.152  126.744  1844.13  95.5643  178.811  0.39  45.6  64  2.8332  100
119.2  126.744  2006.83  89.9564  1.527  0.36  46.4  64  2.8332  100
119.249  126.873  1874.74  95.1659  168.802  0.39  46.4  64  2.8332  100
119.298  126.873  1843.5  94.0029  128.689  0.39  46.4  64  2.8332  100
119.347  127.002  1884.98  93.9503  129.859  0.38  46.4  64  2.8332  100
119.395  127.002  1873.06  95.1296  167.468  0.39  46.4  64  2.8332  100
119.444  127.002  1791.23  90.0402  1.256  0.4  46.4  64  2.8332  100
119.493  127.131  1972.19  89.9073  3.19  0.37  47.3  64  2.8332  100
119.542  127.131  1823  94.2122  133.9  0.4  47.3  64  2.8332  100
119.591  127.26  1961.54  89.9454  1.87  0.37  47.3  64  2.8332  100
119.639  127.26  1903.2  94.7521  157.671  0.38  47.3  64  2.8332  100
119.688  127.26  1783.98  89.9899  0.315  0.41  47.3  64  2.8332  100
119.737  127.388  1972  89.8908  3.757  0.37  47.3  64  2.8332  100
119.786  127.388  1867.7  95.2562  171.098  0.39  47.5  64  2.8332  100
119.835  127.517  1921.75  89.3075  23.228  0.38  47.5  64  2.8332  100
119.884  127.517  1994.1  89.8517  5.163  0.36  47.5  64  2.8332  100
119.932  127.517  1946.46  89.8556  4.905  0.37  47.5  64  2.8332  100
119.981  127.646  1861.02  93.9742  128.982  0.39  47.5  64  2.8332  100
120.03  127.646  1985.24  89.6494  12.149  0.36  47.5  64  2.8332  100
120.079  127.775  1829.19  94.0322  128.624  0.4  46.5  64  2.8332  100
120.128  127.775  1960.04  89.0125  33.78  0.37  46.5  64  2.8332  100
120.176  127.775  1972.88  89.8284  5.909  0.37  46.5  64  2.8332  100
120.225  127.904  1953.97  90.0221  0.755  0.37  46.5  64  2.8332  100
120.274  127.904  1980.36  89.9228  2.668  0.37  46.5  64  2.8332  100
120.323  128.032  1895.09  96.2691  206.94  0.38  46.5  64  2.8332  100
120.371  128.032  1843.3  94.2347  136.113  0.39  46.6  64  2.8332  100
120.42  128.032  1924.78  94.9782  167.025  0.38  46.6  64  2.8332  100
120.469  128.161  1871.83  95.184  169.127  0.39  46.6  64  2.8332  100
120.518  128.161  1946.22  89.1675  28.279  0.37  46.6  64  2.8332  100
120.566  128.29  1918.06  95.2108  174.2  0.38  46.6  64  2.8332  100
120.615  128.29  1828.04  94.0859  130.252  0.4  46.6  64  2.8332  100
120.664  128.29  1956.41  88.8442  39.461  0.37  46.6  64  2.8332  100
120.713  128.419  1967.69  89.9307  2.379  0.37  46.1  64  2.8332  100
120.762  128.419  1848.38  95.5384  178.393  0.39  46.1  64  2.8332  100
120.81  128.548  2003.79  89.972  0.981  0.36  46.1  64  2.8332  100
120.859  128.548  1959.44  89.8989  3.457  0.37  46.1  64  2.8332  100
120.908  128.548  1924.19  89.2565  24.969  0.38  46.1  64  2.8332  100
120.957  128.676  1850.21  90.0182  0.587  0.39  46.1  64  2.8332  100
121.005  128.676  1850.67  93.9745  128.276  0.39  47.2  64  2.8332  100
121.054  128.805  1905.46  88.3312  55.492  0.38  47.2  64  2.8332  100
121.103  128.805  1880.84  94.0256  132.039  0.39  47.2  64  2.8332  100
121.152  128.805  1957.87  89.9649  1.2  0.37  47.2  64  2.8332  100
121.2  128.934  1952.07  89.1339  29.505  0.37  47.2  64  2.8332  100
121.249  128.934  1882.62  94.9291  161.762  0.39  47.2  64  2.8332  100
121.298  129.063  1830.47  95.4191  172.87  0.4  44.6  64  2.8332  100
121.347  129.063  1894.49  95.1636  170.504  0.38  44.6  64  2.8332  100
121.395  129.063  1885.57  94.9106  161.407  0.39  44.6  64  2.8332  100
121.444  129.192  1841.42  94.1555  133.436  0.39  44.6  64  2.8332  100
121.493  129.192  2020.49  90.0012  0.042  0.36  44.6  64  2.8332  100
121.542  129.321  1844.59  95.3528  172.077  0.39  44.6  64  2.8332  100
121.59  129.321  1939.99  89.1657  28.246  0.37  45.9  64  2.8332  100
121.639  129.321  1981.79  89.6298  12.805  0.37  45.9  64  2.8332  100
121.688  129.449  1855.93  95.5851  180.627  0.39  45.9  64  2.8332  100
121.737  129.449  1960.66  88.9331  36.507  0.37  45.9  64  2.8332  100
121.785  129.578  1886.58  94.81  158.194  0.38  45.9  64  2.8332  100
121.834  129.578  1850.8  95.4314  175.184  0.39  45.9  64  2.8332  100
121.883  129.578  1999.25  89.9952  0.169  0.36  45.2  64  2.8332  100
121.932  129.707  1864.58  95.2289  169.927  0.39  45.2  64  2.8332  100
121.981  129.707  1795.47  90.0178  0.556  0.4  45.2  64  2.8332  100
122.029  129.836  1891.52  95.1818  170.836  0.38  45.2  64  2.8332  100
122.078  129.836  1839.41  94.0527  129.998  0.39  45.2  64  2.8332  100
122.127  129.836  1922.72  88.2585  58.432  0.38  45.2  64  2.8332  100
122.176  129.965  1900.12  95.3663  177.704  0.38  47.1  64  2.8332  100
122.225  129.965  1855.93  95.5851  180.627  0.39  47.1  64  2.8332  100
122.273  130.093  1965.35  89.0578  32.319  0.37  47.1  64  2.8332  100
122.322  130.093  1894.22  94.8088  158.795  0.38  47.1  64  2.8332  100
122.371  130.093  1838.38  94.1304  132.414  0.39  47.1  64  2.8332  100
122.42  130.222  1964.49  88.9868  34.738  0.37  47.1  64  2.8332  100
122.469  130.222  1860.14  94.9314  159.902  0.39  48.8  64  2.8332  100
122.517  130.351  1847.05  94.1168  132.599  0.39  48.8  64  2.8332  100
122.566  130.351  1921.46  94.9505  165.812  0.38  48.8  64  2.8332  100
122.615  130.48  1794  90.0067  0.209  0.4  48.8  64  2.8332  100
122.664  130.48  1796.88  90.0103  0.322  0.4  48.8  64  2.8332  100
122.712  130.48  1976.71  89.8838  4.01  0.37  48.8  64  2.8332  100
122.761  130.609  1858.37  95.4777  177.396  0.39  47.5  64  2.8332  100
122.81  130.609  2004.25  90.0075  0.261  0.36  47.5  64  2.8332  100
122.859  130.737  1989.99  90.0223  0.775  0.36  47.5  64  2.8332  100
122.907  130.737  1847.29  94.1613  134.048  0.39  47.5  64  2.8332  100
122.956  130.737  1832.15  90.0391  1.25  0.39  47.5  64  2.8332  100
123.005  130.866  1890.21  96.2019  204.202  0.38  47.5  64  2.8332  100
123.054  130.866  1918.51  89.2891  23.803  0.38  47.5  64  2.8332  100
123.102  130.995  1977.53  89.955  1.553  0.37  46.7  64  2.8332  100
123.151  130.995  1853.07  95.6023  180.904  0.39  46.7  64  2.8332  100
123.2  130.995  1949.98  89.2211  26.508  0.37  46.7  64  2.8332  100
123.249  131.124  1986.92  89.7926  7.193  0.36  46.7  64  2.8332  100
123.297  131.124  1934.43  89.8825  3.967  0.37  46.7  64  2.8332  100
123.346  131.253  1963.43  89.0308  33.21  0.37  46.7  64  2.8332  100
123.395  131.253  1880.45  94.8019  157.415  0.39  46.4  64  2.8332  100
123.444  131.253  1937.33  89.8671  4.494  0.37  46.4  64  2.8332  100
123.492  131.381  1993.39  89.9314  2.385  0.36  46.4  64  2.8332  100
123.541  131.381  1872.15  94.9483  161.486  0.39  46.4  64  2.8332  100
123.591  131.51  1852.22  93.9886  128.837  0.39  46.4  64  2.8332  100
123.639  131.51  1978.5  89.761  8.252  0.37  46.4  64  2.8332  100
123.688  131.51  1792.68  90.0488  1.527  0.4  45.3  64  2.8332  100
123.737  131.639  1945.38  89.0972  30.651  0.37  45.3  64  2.8332  100
123.786  131.639  1888.52  96.1642  202.786  0.39  45.3  64  2.8332  100
123.834  131.768  1833.11  93.959  126.561  0.4  45.3  64  2.8332  100
123.883  131.768  1960.04  89.0125  33.78  0.37  45.3  64  2.8332  100
123.932  131.768  1890.47  94.9742  163.916  0.38  45.3  64  2.8332  100
123.981  131.897  1858.89  94.1283  133.821  0.39  46.3  64  2.8332  100
124.03  131.897  1902.78  94.9703  164.857  0.38  46.3  64  2.8332  100
124.078  132.025  1876.2  95.1569  168.639  0.39  46.3  64  2.8332  100
124.127  132.025  1798.39  90.0375  1.178  0.4  46.3  64  2.8332  100
124.176  132.025  1983.3  89.6217  13.095  0.36  46.3  64  2.8332  100
124.225  132.154  1856.07  95.0037  161.885  0.39  46.3  64  2.8332  100
124.274  132.154  1949.56  89.1859  27.699  0.37  46.9  64  2.8332  100
124.323  132.283  1910.19  94.8988  163.123  0.38  46.9  64  2.8332  100
124.372  132.283  1931.55  89.8979  3.443  0.37  46.9  64  2.8332  100
124.42  132.283  1967.27  89.0847  31.424  0.37  46.9  64  2.8332  100
124.469  132.412  1889.22  95.0291  165.613  0.38  46.9  64  2.8332  100
124.518  132.412  1848.52  95.2609  169.491  0.39  46.9  64  2.8332  100
124.567  132.541  2002.74  90.0152  0.531  0.36  46.8  64  2.8332  100
124.615  132.541  1867.34  94.8854  159.03  0.39  46.8  64  2.8332  100
124.664  132.541  1853.19  94.1672  134.665  0.39  46.8  64  2.8332  100
124.713  132.669  1987.87  89.5973  13.973  0.36  46.8  64  2.8332  100
124.762  132.669  1869.48  95.0119  163.322  0.39  46.8  64  2.8332  100
124.811  132.798  1948.91  89.0016  33.96  0.37  46.8  64  2.8332  100
124.86  132.798  1983.46  89.7728  7.866  0.36  47.2  64  2.8332  100
124.908  132.798  1841.1  95.5368  177.638  0.39  47.2  64  2.8332  100
124.957  132.927  1918.64  95.0157  167.745  0.38  47.2  64  2.8332  100
125.006  132.927  1972.88  89.8284  5.909  0.37  47.2  64  2.8332  100
125.055  133.056  1852.79  95.2343  169.026  0.39  47.2  64  2.8332  100
125.104  133.056  1990.32  89.9472  1.834  0.36  47.2  64  2.8332  100
125.153  133.185  1878.68  95.0478  165.298  0.39  45.2  64  2.8332  100
125.202  133.185  1930.93  89.1806  27.613  0.37  45.2  64  2.8332  100
125.25  133.185  1983.3  89.6217  13.095  0.36  45.2  64  2.8332  100
125.299  133.313  1847.84  93.9942  128.711  0.39  45.2  64  2.8332  100
125.348  133.313  1960.9  89.0833  31.372  0.37  45.2  64  2.8332  100
125.397  133.442  1906.45  94.7792  158.839  0.38  45.2  64  2.8332  100
125.445  133.442  1844.13  95.5643  178.811  0.39  46  64  2.8332  100
125.494  133.442  1844.22  90.049  1.577  0.39  46  64  2.8332  100
125.543  133.571  1859.45  93.9601  128.416  0.39  46  64  2.8332  100
125.592  133.571  1843.26  93.9585  127.247  0.39  46  64  2.8332  100
125.64  133.7  1847.11  89.9979  0.069  0.39  46  64  2.8332  100
125.689  133.7  1868.48  95.1115  166.469  0.39  46  64  2.8332  100
125.738  133.7  1978.91  90.0243  0.839  0.37  46  64  2.8332  100
125.787  133.829  1904.46  94.6966  155.936  0.38  46.9  64  2.8332  100
125.835  133.829  1855.52  95.1924  167.925  0.39  46.9  64  2.8332  100
125.884  133.958  1999.71  90.0306  1.067  0.36  46.9  64  2.8332  100
125.933  133.958  1974.1  89.935  2.238  0.37  46.9  64  2.8332  100
125.982  133.958  1847.96  95.4488  175.475  0.39  46.9  64  2.8332  100
126.031  134.086  1963.24  89.1457  29.273  0.37  46.9  64  2.8332  100
126.079  134.086  1900.35  95.1023  169.006  0.38  46.6  64  2.8332  100
126.128  134.215  1850.55  93.9539  127.601  0.39  46.6  64  2.8332  100
126.177  134.215  1916.15  94.8396  161.658  0.38  46.6  64  2.8332  100
126.225  134.215  1865.36  95.0844  165.313  0.39  46.6  64  2.8332  100
126.274  134.344  1846.8  94.0723  131.151  0.39  46.6  64  2.8332  100
126.323  134.344  1993.87  89.8324  5.833  0.36  46.6  64  2.8332  100
126.372  134.473  1942.47  89.9138  2.922  0.37  45.6  64  2.8332  100
126.421  134.473  1959.61  88.9771  34.983  0.37  45.6  64  2.8332  100
126.469  134.473  1901.85  95.0931  168.835  0.38  45.6  64  2.8332  100
126.518  134.602  1851.22  95.5211  178.112  0.39  45.6  64  2.8332  100
126.567  134.602  2000.3  89.952  1.677  0.36  45.6  64  2.8332  100
126.616  134.73  1884.87  96.3725  209.207  0.39  45.6  64  2.8332  100
126.665  134.73  1845.18  94.3141  138.802  0.39  45.1  64  2.8332  100
126.713  134.73  1904.52  95.0071  166.225  0.38  45.1  64  2.8332  100
126.762  134.859  1863.6  96.3039  204.627  0.39  45.1  64  2.8332  100
126.811  134.859  1943.08  89.0355  32.709  0.37  45.1  64  2.8332  100
126.86  134.988  1902.17  94.8536  160.943  0.38  45.1  64  2.8332  100
126.908  134.988  1792.59  90.0142  0.443  0.4  45.1  64  2.8332  100
126.957  134.988  1869.45  94.1497  135.279  0.39  46.6  64  2.8332  100
127.006  135.117  1881.92  94.7926  157.232  0.39  46.6  64  2.8332  100
127.055  135.117  1851.8  95.3328  172.109  0.39  46.6  64  2.8332  100
127.103  135.246  1990.93  88.9107  37.848  0.36  46.6  64  2.8332  100
127.152  135.246  1882.62  94.9291  161.762  0.39  46.6  64  2.8332  100
127.201  135.246  1850.11  94.1419  133.629  0.39  46.6  64  2.8332  100
127.25  135.374  1895.63  95.3932  178.171  0.38  47  64  2.8332  100
127.298  135.374  1866.36  94.9849  162.175  0.39  47  64  2.8332  100
127.347  135.503  1947.45  89.0101  33.646  0.37  47  64  2.8332  100
127.396  135.503  1974.1  89.935  2.238  0.37  47  64  2.8332  100
127.444  135.503  1856.07  95.0037  161.885  0.39  47  64  2.8332  100
127.494  135.632  1951.4  88.9493  35.783  0.37  47  64  2.8332  100
127.542  135.632  1891.01  94.7819  157.64  0.38  46.3  64  2.8332  100
127.591  135.761  1834.19  94.1593  133.035  0.4  46.3  64  2.8332  100
127.64  135.761  2009.28  90.0198  0.696  0.36  46.3  64  2.8332  100
127.688  135.761  1879.85  96.2597  204.968  0.39  46.3  64  2.8332  100
127.737  135.89  1924.6  89.2912  23.808  0.38  46.3  64  2.8332  100
127.787  135.89  1901.04  94.9337  163.493  0.38  46.3  64  2.8332  100
127.835  136.018  1795.51  90.0339  1.061  0.4  47.4  64  2.8332  100
127.884  136.018  1980.39  90.0167  0.577  0.37  47.4  64  2.8332  100
127.933  136.018  1974.65  89.7058  10.141  0.37  47.4  64  2.8332  100
127.982  136.147  1973.34  89.9584  1.433  0.37  47.4  64  2.8332  100
128.03  136.147  1960.22  88.8977  37.71  0.37  47.4  64  2.8332  100
128.08  136.276  1911.71  94.8894  162.939  0.38  47.4  64  2.8332  100
128.128  136.276  1858.59  95.5227  178.872  0.39  45  64  2.8332  100
128.177  136.276  1978.44  89.895  3.625  0.37  45  64  2.8332  100
128.226  136.405  1872.71  96.3461  207  0.39  45  64  2.8332  100
128.275  136.405  1848.46  94.1071  132.388  0.39  45  64  2.8332  100
128.323  136.534  1978.08  89.7254  9.481  0.37  45  64  2.8332  100
128.372  136.534  1784.16  90.0588  1.832  0.41  45  64  2.8332  100
128.421  136.534  1926.42  89.058  31.67  0.38  45  64  2.8332  100
128.47  136.662  2011.62  89.9496  1.771  0.36  45.3  64  2.8332  100
128.519  136.662  1927.62  89.9555  1.497  0.38  45.3  64  2.8332  100
128.567  136.791  1999.71  90.0306  1.067  0.36  45.3  64  2.8332  100
128.616  136.791  1971.09  89.9506  1.698  0.37  45.3  64  2.8332  100
128.665  136.92  1853.44  95.369  173.424  0.39  45.3  64  2.8332  100
128.714  136.92  1971.31  89.0235  33.594  0.37  45.3  64  2.8332  100
128.763  136.92  1882.59  96.1974  203.234  0.39  46.2  64  2.8332  100
128.812  137.049  1928.89  89.2667  24.687  0.38  46.2  64  2.8332  100
128.861  137.049  1909.98  95.1641  171.915  0.38  46.2  64  2.8332  100
128.909  137.178  1886.49  95.0932  167.475  0.39  46.2  64  2.8332  100
128.958  137.178  1884.16  94.0754  133.906  0.38  46.2  64  2.8332  100
129.007  137.178  1980.6  90.033  1.14  0.37  46.2  64  2.8332  100
129.055  137.306  1756.27  89.2412  23.258  0.41  44.7  64  2.8332  100
129.104  137.306  1662.25  89.2787  20.925  0.44  44.7  64  2.8332  100
129.153  137.435  1994.73  82.6833  254.036  0.37  44.7  64  2.8332  100
129.202  137.435  1813.8  77.0355  406.921  0.41  44.7  64  2.8332  100
129.25  137.435  1784.43  80.3486  299.165  0.41  44.7  64  2.8332  100
129.3  137.564  1582.88  89.6192  10.521  0.46  44.7  64  2.8332  100
129.348  137.564  1603.17  89.469  14.857  0.45  47.8  64  2.8332  100
129.397  137.693  1834.37  90.0252  0.808  0.39  47.8  64  2.8332  100
129.446  137.693  1813.75  95.7944  183.113  0.4  47.8  64  2.8332  100
129.495  137.693  1941.24  89.4028  20.235  0.37  47.8  64  2.8332  100
129.543  137.822  1888.44  94.0212  132.428  0.38  47.8  64  2.8332  100
129.592  137.822  1788.32  90.0205  0.64  0.4  47.8  64  2.8332  100
129.641  137.95  1939.94  88.0348  66.526  0.37  46.8  64  2.8332  100
129.69  137.95  1876.77  95.2722  172.451  0.39  46.8  64  2.8332  100
129.739  137.95  1814.41  90.0334  1.058  0.4  46.8  64  2.8332  100
129.787  138.079  1708.4  87.8273  64.767  0.42  46.8  64  2.8332  100
129.836  138.079  2006.58  82.3841  265.936  0.36  46.8  64  2.8332  100
129.886  138.208  1826.05  77.7207  388.36  0.41  46.8  64  2.8332  100
129.934  138.208  1927.28  75.3053  488.889  0.39  46.9  64  2.8332  100
129.983  138.208  1833.1  75.8867  446.984  0.41  46.9  64  2.8332  100
130.032  138.337  1774.37  70.77  584.41  0.43  46.9  64  2.8332  100
130.081  138.337  2126.65  68.7929  769.291  0.36  46.9  64  2.8332  100
130.129  138.466  2123.12  69.4949  743.711  0.36  46.9  64  2.8332  100
130.178  138.466  1969.52  68.5089  721.546  0.39  46.9  64  2.8332  100
130.227  138.466  1860.97  69.9848  636.952  0.41  46  64  2.8332  100
130.276  138.595  1949.4  69.6987  676.358  0.4  46  64  2.8332  100
130.325  138.595  2204.47  69.5392  770.608  0.35  46  64  2.8332  100
130.373  138.723  2011.77  69.4579  705.919  0.38  46  64  2.8332  100
130.422  138.723  2082.05  64.0076  912.463  0.39  46  64  2.8332  100
130.471  138.723  2125.63  64.9332  900.576  0.38  46  64  2.8332  100
130.52  138.852  2036.94  66.1769  822.75  0.39  45.3  64  2.8332  100
130.569  138.852  2019.67  66.7873  796.045  0.39  45.3  64  2.8332  100
130.617  138.981  2088.29  64.3868  902.753  0.38  45.3  64  2.8332  100
130.666  138.981  2075.29  64.1246  905.686  0.39  45.3  64  2.8332  100
130.715  138.981  2078.44  65.099  875.133  0.38  45.3  64  2.8332  100
130.765  139.11  2090.61  66.4192  836.334  0.38  45.3  64  2.8332  100
130.813  139.11  1967.56  66.4033  787.606  0.4  45.3  64  2.8332  100
130.862  139.239  2070.42  68.0104  775.243  0.38  48.1  64  2.8332  100
130.911  139.239  1843.08  72.9686  539.831  0.41  48.1  64  2.8332  100
130.959  139.239  1537.26  88.3095  45.35  0.47  48.1  64  2.8332  100
131.008  139.367  1587.68  89.6937  8.488  0.46  48.1  64  2.8332  100
131.057  139.367  1629.71  95.7999  164.691  0.45  48.1  64  2.8332  100
131.106  139.496  1790.36  94.6649  145.607  0.41  48.1  64  2.8332  100
131.155  139.496  1956.88  89.9497  1.718  0.37  46.8  64  2.8332  100
131.204  139.496  1826.54  95.8079  184.835  0.4  46.8  64  2.8332  100
131.252  139.625  1961.54  89.9454  1.87  0.37  46.8  64  2.8332  100
131.301  139.625  1878.18  96.2222  203.564  0.39  46.8  64  2.8332  100
131.35  139.754  1836.98  94.1401  132.622  0.39  46.8  64  2.8332  100
131.399  139.754  1884.98  93.9503  129.859  0.38  46.8  64  2.8332  100
131.448  139.883  1867.48  95.2109  169.609  0.39  46.1  64  2.8332  100
131.497  139.883  1849.38  94.0082  129.272  0.39  46.1  64  2.8332  100
131.545  139.883  1975.07  89.7413  8.916  0.37  46.1  64  2.8332  100
131.594  140.011  1858.02  93.9699  128.637  0.39  46.1  64  2.8332  100
131.643  140.011  1991.27  89.9983  0.059  0.36  46.1  64  2.8332  100
131.692  140.14  1897.92  94.9277  163.028  0.38  46.1  64  2.8332  100
131.741  140.14  1844.49  95.332  171.403  0.39  45.3  64  2.8332  100
131.79  140.14  1832.15  90.0391  1.25  0.39  45.3  64  2.8332  100
131.839  140.269  1893.67  95.0014  165.092  0.38  45.3  64  2.8332  100
131.887  140.269  1852.25  94.2662  137.789  0.39  45.3  64  2.8332  100
131.936  140.398  1913.35  94.9048  163.592  0.38  45.3  64  2.8332  100
131.985  140.398  1865.9  94.8947  159.206  0.39  45.3  64  2.8332  100
132.034  140.398  1933.58  89.0161  33.202  0.37  46.1  64  2.8332  100
132.083  140.527  1966.48  89.8244  6.026  0.37  46.1  64  2.8332  100
132.131  140.527  1841.88  95.0938  163.533  0.39  46.1  64  2.8332  100
132.18  140.655  1938.54  89.1741  27.944  0.37  46.1  64  2.8332  100
132.229  140.655  1894.46  94.8546  160.324  0.38  46.1  64  2.8332  100
132.278  140.655  1934.43  89.8825  3.967  0.37  46.1  64  2.8332  100
132.326  140.784  1968.95  88.961  35.704  0.37  45.7  66  2.8332  100
132.375  140.784  1882.85  94.9747  163.273  0.39  45.7  66  2.8332  100
132.424  140.913  1791.14  90.0056  0.174  0.4  45.7  66  2.8332  100
132.473  140.913  1912.31  95.0067  166.893  0.38  45.7  66  2.8332  100
132.521  140.913  1981.18  89.9551  1.552  0.37  45.7  66  2.8332  100
132.57  141.042  1933.6  89.2769  24.401  0.37  45.7  66  2.8332  100
132.619  141.042  2000.51  89.9684  1.102  0.36  47.9  67  2.8332  100
132.668  141.171  1849.8  95.5298  178.253  0.39  47.9  67  2.8332  100
132.716  141.171  1967.91  89.9497  1.727  0.37  47.9  67  2.8332  100
132.765  141.171  1891.95  94.9649  163.74  0.38  47.9  67  2.8332  100
132.814  141.299  1843.71  95.4748  175.906  0.39  47.9  67  2.8332  100
132.863  141.299  1991.73  90.0336  1.167  0.36  47.9  67  2.8332  100
132.911  141.428  1873.84  94.9844  162.808  0.39  46.9  67  2.8332  100
132.96  141.428  1978.91  90.0243  0.839  0.37  46.9  67  2.8332  100
133.009  141.557  2020.49  90.0012  0.042  0.36  46.9  67  2.8332  100
133.058  141.557  1863.69  95.0483  163.997  0.39  46.9  67  2.8332  100
133.106  141.557  1942.69  89.2625  25.004  0.37  46.9  67  2.8332  100
133.155  141.686  1973.56  89.7493  8.635  0.37  46.9  67  2.8332  100
133.204  141.686  1783.98  89.9899  0.315  0.41  47.5  67  2.8332  100
133.253  141.815  1963.24  89.1457  29.273  0.37  47.5  67  2.8332  100
133.301  141.815  1984.29  89.8443  5.393  0.36  47.5  67  2.8332  100
133.35  141.815  1844.7  95.3767  172.855  0.39  47.5  67  2.8332  100
133.399  141.943  2004.25  90.0075  0.261  0.36  47.5  67  2.8332  100
133.448  141.943  1873.06  95.1296  167.468  0.39  47.5  67  2.8332  100
133.497  142.072  1843.54  94.2792  137.557  0.39  47.5  67  2.8332  100
133.546  142.072  1989.39  89.5891  14.267  0.36  46.1  67  2.8332  100
133.594  142.201  1865.36  95.0844  165.313  0.39  46.1  67  2.8332  100
133.643  142.201  1932.78  89.2072  26.743  0.37  46.1  67  2.8332  100
133.692  142.201  1912.42  95.0282  167.617  0.38  46.1  67  2.8332  100
133.741  142.33  1839.84  90.022  0.706  0.39  46.1  67  2.8332  100
133.79  142.33  1958.14  88.9857  34.664  0.37  46.1  67  2.8332  100
133.839  142.459  1883.62  94.8287  158.559  0.39  46.1  67  2.8332  100
133.888  142.459  1855.08  95.4051  174.744  0.39  46.1  67  2.8332  100
133.936  142.587  1901.27  94.9797  165.035  0.38  46.1  67  2.8332  100
133.985  142.587  1875.75  95.066  165.636  0.39  46.1  67  2.8332  100
134.034  142.587  1845.39  94.082  131.363  0.39  46.1  67  2.8332  100
134.083  142.716  1906.14  95.3302  177.071  0.38  46.1  67  2.8332  100
134.132  142.716  1954.98  89.98  0.682  0.37  47.1  67  2.8332  100
134.181  142.845  1937.93  89.2523  25.29  0.37  47.1  67  2.8332  100
134.229  142.845  1997.96  90.0193  0.673  0.36  47.1  67  2.8332  100
134.278  142.845  1849.16  95.3953  173.869  0.39  47.1  67  2.8332  100
134.327  142.974  1955.43  89.1524  28.926  0.37  47.1  67  2.8332  100
134.376  142.974  1876.98  95.0115  163.965  0.39  47.1  67  2.8332  100
134.424  143.103  1955.42  90.0146  0.499  0.37  46.8  67  2.8332  100
134.473  143.103  1882.56  94.061  133.32  0.39  46.8  67  2.8332  100
134.522  143.231  1867.25  95.1657  168.121  0.39  46.8  67  2.8332  100
134.571  143.231  1978.46  89.9893  0.371  0.37  46.8  67  2.8332  100
134.62  143.231  1902.44  95.2099  172.751  0.38  46.8  67  2.8332  100
134.668  143.36  1849.5  94.0289  129.945  0.39  46.8  67  2.8332  100
134.717  143.36  1973.51  89.883  4.03  0.37  48.1  67  2.8332  100
134.766  143.489  2011.62  89.9496  1.771  0.36  48.1  67  2.8332  100
134.814  143.489  1845.34  95.5109  177.217  0.39  48.1  67  2.8332  100
134.863  143.618  2007.29  89.992  0.281  0.36  48.1  67  2.8332  100
134.912  143.618  1884.07  96.1891  203.123  0.39  48.1  67  2.8332  100
134.961  143.618  1840.05  95.3137  170.404  0.39  48.1  67  2.8332  100
135.01  143.747  1895.99  95.1545  170.337  0.38  47.1  67  2.8332  100
135.059  143.747  1867.92  95.3014  172.587  0.39  47.1  67  2.8332  100
135.108  143.876  1795.47  90.0178  0.556  0.4  47.1  67  2.8332  100
135.156  143.876  1981.66  89.8958  3.603  0.37  47.1  67  2.8332  100
135.205  144.004  1860.26  95.2556  170.399  0.39  47.1  67  2.8332  100
135.255  144.004  1861.51  94.0639  131.922  0.39  47.1  67  2.8332  100
135.303  144.004  1911.28  96.0844  202.582  0.38  46.7  67  2.8332  100
135.352  144.133  1936.27  89.9096  3.053  0.37  46.7  67  2.8332  100
135.401  144.133  2009.28  90.0198  0.696  0.36  46.7  67  2.8332  100
135.45  144.262  1890  96.1559  202.672  0.38  46.7  67  2.8332  100
135.498  144.262  1843.99  94.0917  131.575  0.39  46.7  67  2.8332  100
135.547  144.262  1888.55  95.2  171.164  0.38  46.7  67  2.8332  100
135.596  144.391  1863.47  95.0032  162.516  0.39  45.1  67  2.8332  100
135.645  144.391  1945.6  89.246  25.603  0.37  45.1  67  2.8332  100
135.694  144.52  1987.87  89.5973  13.973  0.36  45.1  67  2.8332  100
135.742  144.52  1833.59  94.0473  129.414  0.4  45.1  67  2.8332  100
135.791  144.648  1940.6  89.0874  30.91  0.37  45.1  67  2.8332  100
135.84  144.648  1877.76  94.866  159.282  0.39  45.1  67  2.8332  100
135.889  144.648  1841.45  95.3049  170.254  0.39  45.1  67  2.8332  100
135.938  144.777  1975.18  89.0777  31.795  0.37  45.7  67  2.8332  100
135.987  144.777  1866.58  95.0301  163.661  0.39  45.7  67  2.8332  100
136.035  144.906  1837.9  94.0419  129.545  0.39  45.7  67  2.8332  100
136.084  144.906  1978.91  89.7967  7.022  0.37  45.7  67  2.8332  100
136.133  145.035  1868.7  95.1567  167.959  0.39  45.7  67  2.8332  100
136.182  145.035  1804.09  90.0075  0.235  0.4  45.7  67  2.8332  100
136.23  145.035  1913.52  94.6391  154.764  0.38  45.8  67  2.8332  100
136.279  145.164  1843.07  95.0402  161.922  0.39  45.8  67  2.8332  100
136.328  145.164  1938.34  89.2872  24.113  0.37  45.8  67  2.8332  100
136.377  145.292  1907.4  94.9638  165.039  0.38  45.8  67  2.8332  100
136.426  145.292  1850.37  95.3417  172.259  0.39  45.8  67  2.8332  100
136.475  145.292  1904.64  90.0296  0.983  0.38  45.8  67  2.8332  100
136.523  145.421  1890.21  96.2019  204.202  0.38  48.5  67  2.8332  100
136.572  145.421  1845.15  94.0376  129.918  0.39  48.5  67  2.8332  100
136.621  145.55  2003.79  89.972  0.981  0.36  48.5  67  2.8332  100
136.67  145.55  1870.93  95.0028  163.152  0.39  48.5  67  2.8332  100
136.718  145.679  1923.58  89.334  22.359  0.38  48.5  67  2.8332  100
136.767  145.679  1980.69  89.6736  11.283  0.37  48.5  67  2.8332  100
136.816  145.679  1844.78  93.9693  127.699  0.39  47.4  67  2.8332  100
136.865  145.808  1814.44  90.0596  1.888  0.4  47.4  67  2.8332  100
136.913  145.808  1898.39  95.0196  166.101  0.38  47.4  67  2.8332  100
136.962  145.936  1776.93  89.9927  0.226  0.41  47.4  67  2.8332  100
137.011  145.936  1835.01  89.9883  0.374  0.39  47.4  67  2.8332  100
137.06  146.065  1860.26  95.2556  170.399  0.39  47.4  67  2.8332  100
137.109  146.065  1923.58  89.334  22.359  0.38  47.4  67  2.8332  100
137.158  146.065  1886.71  93.9857  131.141  0.38  47.4  67  2.8332  100
137.206  146.194  1795.51  90.0339  1.061  0.4  47.4  67  2.8332  100
137.255  146.194  1949.56  89.1859  27.699  0.37  47.4  67  2.8332  100
137.304  146.323  1907.96  94.7697  158.649  0.38  47.4  67  2.8332  100
137.353  146.323  1782.76  90.0662  2.061  0.41  47.4  67  2.8332  100
137.402  146.452  1876.96  90.026  0.853  0.39  44.8  67  2.8332  100
137.451  146.452  1910.67  94.9913  166.236  0.38  44.8  67  2.8332  100
137.499  146.452  1858.16  95.4326  175.921  0.39  44.8  67  2.8332  100
137.548  146.58  1975.83  89.9463  1.852  0.37  44.8  67  2.8332  100
137.597  146.58  1857.95  95.0845  164.66  0.39  44.8  67  2.8332  100
137.646  146.709  1921.75  89.3075  23.228  0.38  44.8  67  2.8332  100
137.694  146.709  1919.45  94.867  162.851  0.38  46  67  2.8332  100
137.743  146.709  1870.38  95.193  169.289  0.39  46  67  2.8332  100
137.792  146.838  1865.57  93.9894  129.792  0.39  46  67  2.8332  100
137.841  146.838  1883.76  95.4644  179.385  0.39  46  67  2.8332  100
137.889  146.967  1769.93  89.9955  0.138  0.41  46  67  2.8332  100
137.938  146.967  1958.57  89.021  33.463  0.37  46  67  2.8332  100
137.987  147.096  1985.11  89.9158  2.917  0.36  45.2  67  2.8332  100
138.036  147.096  1853.44  95.369  173.424  0.39  45.2  67  2.8332  100
138.084  147.096  1824.71  90.0418  1.332  0.4  45.2  67  2.8332  100
138.133  147.224  1869.37  95.2925  172.432  0.39  45.2  67  2.8332  100
138.182  147.224  1852.46  94.0332  130.293  0.39  45.2  67  2.8332  100
138.231  147.353  1912.31  95.0067  166.893  0.38  45.2  67  2.8332  100
138.279  147.353  1861.58  94.9222  159.729  0.39  45.7  67  2.8332  100
138.328  147.482  1937.1  89.1824  27.642  0.37  45.7  67  2.8332  100
138.377  147.482  1974.38  89.8205  6.187  0.37  45.7  67  2.8332  100
138.426  147.482  1930.11  89.9055  3.183  0.37  45.7  67  2.8332  100
138.474  147.611  1875.26  94.1104  134.417  0.39  45.7  67  2.8332  100
138.523  147.611  2003.54  89.9529  1.647  0.36  45.7  67  2.8332  100
138.572  147.74  1843.08  95.3408  171.552  0.39  45.7  67  2.8332  100
138.621  147.74  2018.95  90.009  0.317  0.36  45.8  67  2.8332  100
138.67  147.74  1873.15  94.8485  158.32  0.39  45.8  67  2.8332  100
138.718  147.868  1843.06  94.1903  134.67  0.39  45.8  67  2.8332  100
138.767  147.868  1903.71  95.1547  171.038  0.38  45.8  67  2.8332  100
138.816  147.997  1859.6  95.1205  165.97  0.39  45.8  67  2.8332  100
138.865  147.997  1997.74  90.0029  0.1  0.36  45.8  67  2.8332  100
138.914  148.126  1975.89  89.8126  6.464  0.37  48.1  67  2.8332  100
138.962  148.126  1848.38  95.5384  178.393  0.39  48.1  67  2.8332  100
139.011  148.126  1963  88.9954  34.418  0.37  48.1  67  2.8332  100
139.06  148.255  1965.79  89.9031  3.324  0.37  48.1  67  2.8332  100
139.109  148.255  1796.97  90.045  1.411  0.4  48.1  67  2.8332  100
139.158  148.384  1957.33  89.1793  28.035  0.37  48.1  67  2.8332  100
139.207  148.384  1862.92  95.1927  168.604  0.39  46.8  67  2.8332  100
139.255  148.513  1788.41  90.0551  1.719  0.4  46.8  67  2.8332  100
139.304  148.513  1901.51  95.0257  166.577  0.38  46.8  67  2.8332  100
139.353  148.513  1841.97  93.9889  128.133  0.39  46.8  67  2.8332  100
139.402  148.641  1937.29  89.0692  31.472  0.37  46.8  67  2.8332  100
139.451  148.641  1988.29  89.6331  12.732  0.36  46.8  67  2.8332  100
139.499  148.77  1851.64  95.611  181.041  0.39  46.2  67  2.8332  100
139.548  148.77  1967.27  89.0847  31.424  0.37  46.2  67  2.8332  100
139.597  148.899  1894.14  95.0931  168.152  0.38  46.2  67  2.8332  100
139.646  148.899  1849.16  95.3953  173.869  0.39  46.2  67  2.8332  100
139.694  148.899  1904.75  95.0532  167.773  0.38  46.2  67  2.8332  100
139.743  149.028  1862.25  95.0574  164.164  0.39  46.2  67  2.8332  100
139.792  149.028  1794.05  90.0252  0.79  0.4  46.7  67  2.8332  100
139.841  149.157  1905.68  95.2378  173.969  0.38  46.7  67  2.8332  100
139.89  149.157  1852.33  94.0093  129.512  0.39  46.7  67  2.8332  100
139.939  149.285  1941.44  89.1574  28.549  0.37  46.7  67  2.8332  100
139.987  149.285  1985.81  89.8363  5.672  0.36  46.7  67  2.8332  100
140.036  149.285  1853.07  95.6023  180.904  0.39  46.7  67  2.8332  100
140.085  149.414  2015.87  90.0245  0.863  0.36  44.7  67  2.8332  100
140.134  149.414  1994.94  90.0347  1.207  0.36  44.7  67  2.8332  100
140.183  149.543  1851.36  95.2431  169.182  0.39  44.7  67  2.8332  100
140.231  149.543  1898.04  94.9523  163.851  0.38  44.7  67  2.8332  100
140.28  149.543  1870.24  94.867  158.676  0.39  44.7  67  2.8332  100
140.329  149.672  1787.01  90.0625  1.949  0.4  44.7  67  2.8332  100
140.378  149.672  1984.82  89.6136  13.387  0.36  45.1  67  2.8332  100
140.426  149.801  1856.39  95.3722  173.807  0.39  45.1  67  2.8332  100
140.475  149.801  1925  89.3259  22.647  0.38  45.1  67  2.8332  100
140.524  149.929  1977.12  89.9194  2.782  0.37  45.1  67  2.8332  100
140.573  149.929  1851.43  95.566  179.576  0.39  45.1  67  2.8332  100
140.622  149.929  1959.85  89.1271  29.856  0.37  45.1  67  2.8332  100
140.67  150.058  1863.14  95.2378  170.085  0.39  48.2  67  2.8332  100
140.719  150.058  1837.69  94.273  136.924  0.39  48.2  67  2.8332  100
140.768  150.187  1913.11  94.8585  162.031  0.38  48.2  67  2.8332  100
140.817  150.187  1875.75  95.066  165.636  0.39  48.2  67  2.8332  100
140.865  150.316  1978.46  89.9893  0.371  0.37  48.2  67  2.8332  100
140.915  150.316  1893.21  94.9098  162.035  0.38  48.2  67  2.8332  100
140.963  150.316  1786.96  90.044  1.372  0.4  48.2  67  2.8332  100
141.012  150.445  1945.6  89.246  25.603  0.37  46.6  67  2.8332  100
141.061  150.445  1899.95  94.7252  156.511  0.38  46.6  67  2.8332  100
141.11  150.573  1851.43  95.566  179.576  0.39  46.6  67  2.8332  100
141.158  150.573  1961.09  88.9685  35.303  0.37  46.6  67  2.8332  100
141.208  150.702  1888.52  96.1642  202.786  0.39  46.6  67  2.8332  100
141.256  150.702  1853.64  93.9788  128.618  0.39  46.6  67  2.8332  100
141.305  150.702  1980.69  89.6736  11.283  0.37  46.5  67  2.8332  100
141.354  150.831  1874.52  95.1205  167.303  0.39  46.5  67  2.8332  100
141.403  150.831  1864.63  94.0891  132.964  0.39  46.5  67  2.8332  100
141.451  150.96  1985.66  89.6852  10.911  0.36  46.5  67  2.8332  100
141.5  150.96  1845.96  95.6452  181.584  0.39  46.5  67  2.8332  100
141.55  151.089  1962.57  88.9599  35.624  0.37  46.5  67  2.8332  100
141.598  151.089  1903.92  94.8903  162.304  0.38  46.1  67  2.8332  100
141.647  151.089  1855.08  95.4051  174.744  0.39  46.1  67  2.8332  100
141.696  151.217  1991.03  89.8676  4.602  0.36  46.1  67  2.8332  100
141.745  151.217  1959.44  89.8989  3.457  0.37  46.1  67  2.8332  100
141.794  151.346  1847.73  93.9735  128.039  0.39  46.1  67  2.8332  100
141.842  151.346  1832.15  90.0391  1.25  0.39  46.1  67  2.8332  100
141.891  151.475  1858.83  95.2645  170.555  0.39  46.9  67  2.8332  100
141.94  151.475  1932.78  89.2072  26.743  0.37  46.9  67  2.8332  100
141.989  151.475  1973.29  89.8639  4.686  0.37  46.9  67  2.8332  100
142.037  151.604  1851.57  94.986  160.925  0.39  46.9  67  2.8332  100
142.087  151.604  1992.77  89.9906  0.327  0.36  46.9  67  2.8332  100
142.136  151.733  1967.69  89.9307  2.379  0.37  46.9  67  2.8332  100
142.184  151.733  1855.72  95.5401  179.155  0.39  45.6  67  2.8332  100
142.233  151.733  2020.01  89.9654  1.221  0.36  45.6  67  2.8332  100
142.282  151.861  1865.43  96.3866  207.504  0.39  45.6  67  2.8332  100
142.331  151.861  1844.91  93.9931  128.473  0.39  45.6  67  2.8332  100
142.379  151.99  1967.97  89.8165  6.301  0.37  45.6  67  2.8332  100
142.428  151.99  1848.73  95.0041  161.26  0.39  45.6  67  2.8332  100
142.477  152.119  1815.79  90.017  0.538  0.4  46.1  67  2.8332  100
142.526  152.119  1981.94  89.7808  7.584  0.37  46.1  67  2.8332  100
142.574  152.119  1845.02  94.0137  129.143  0.39  46.1  67  2.8332  100
142.623  152.248  1975.01  89.8751  4.305  0.37  46.1  67  2.8332  100
142.672  152.248  1900.48  96.0972  201.86  0.38  46.1  67  2.8332  100
142.721  152.377  1856.29  95.3514  173.124  0.39  46.1  67  2.8332  100
142.77  152.377  1836.58  90.0162  0.518  0.39  45.8  67  2.8332  100
142.819  152.505  1865.36  95.0844  165.313  0.39  45.8  67  2.8332  100
142.867  152.505  1931.75  89.2503  25.276  0.37  45.8  67  2.8332  100
142.916  152.505  1911.97  95.2475  174.866  0.38  45.8  67  2.8332  100
142.965  152.634  1860.14  94.9314  159.902  0.39  45.8  67  2.8332  100
143.014  152.634  2002.74  90.0152  0.531  0.36  45.8  67  2.8332  100
143.063  152.763  1979.04  89.9472  1.824  0.37  45.5  67  2.8332  100
143.111  152.763  1850.22  95.6195  181.178  0.39  45.5  67  2.8332  100
143.16  152.892  1957.33  89.1793  28.035  0.37  45.5  67  2.8332  100
143.209  152.892  1980.84  89.8244  6.07  0.37  45.5  67  2.8332  100
143.258  152.892  1847.75  95.404  174.017  0.39  45.5  67  2.8332  100
143.306  153.021  1887.87  95.0628  166.6  0.38  45.5  67  2.8332  100
143.355  153.021  1887.84  96.3562  209.002  0.39  45.3  67  2.8332  100
143.404  153.15  1855.06  93.9689  128.399  0.39  45.3  67  2.8332  100
143.453  153.15  1915.83  95.0808  169.667  0.38  45.3  67  2.8332  100
143.501  153.278  1801.28  90.0387  1.216  0.4  45.3  67  2.8332  100
143.55  153.278  1934.01  89.3118  23.229  0.37  45.3  67  2.8332  100
143.599  153.278  1987.33  89.8284  5.952  0.36  45.3  67  2.8332  100
143.648  153.407  1854.71  95.6387  182.236  0.39  45.3  67  2.8332  100
143.697  153.407  1892.88  93.9912  131.749  0.38  46.8  67  2.8332  100
143.745  153.536  1982.62  89.7013  10.337  0.36  46.8  67  2.8332  100
143.794  153.536  1931.55  89.8979  3.443  0.37  46.8  67  2.8332  100
143.843  153.665  1847.21  90.0336  1.083  0.39  46.8  67  2.8332  100
143.892  153.665  1865.81  95.1747  168.283  0.39  46.8  67  2.8332  100
143.94  153.665  1921.14  89.126  29.304  0.38  46.8  67  2.8332  100
143.989  153.794  1995.68  89.7084  10.156  0.36  48  67  2.8332  100
144.038  153.794  1859.38  95.0755  164.495  0.39  48  67  2.8332  100
144.087  153.922  1948.3  89.0804  31.269  0.37  48  67  2.8332  100
144.135  153.922  1886.81  94.8557  159.711  0.38  48  67  2.8332  100
144.184  154.051  1855.72  95.5401  179.155  0.39  48  67  2.8332  100
144.234  154.051  2007.76  90.0276  0.966  0.36  48  67  2.8332  100
144.283  154.051  1899.39  96.198  205.067  0.38  46.1  67  2.8332  100
144.331  154.18  1853.87  95.4588  176.359  0.39  46.1  67  2.8332  100
144.38  154.18  1835.1  90.0238  0.763  0.39  46.1  67  2.8332  100
144.429  154.309  1807.09  90.0435  1.372  0.4  46.1  67  2.8332  100
144.478  154.309  1856.01  90.0272  0.882  0.39  46.1  67  2.8332  100
144.526  154.438  1909.16  95.3121  176.751  0.38  46.1  67  2.8332  100
144.575  154.438  1864.58  95.2289  169.927  0.39  46.2  67  2.8332  100
144.624  154.438  1810.02  90.0472  1.491  0.4  46.2  67  2.8332  100
144.673  154.566  1980.42  89.7887  7.303  0.37  46.2  67  2.8332  100
144.721  154.566  1858.37  95.4777  177.396  0.39  46.2  67  2.8332  100
144.77  154.695  1954.58  89.0818  31.321  0.37  46.2  67  2.8332  100
144.819  154.695  1891.49  96.1475  202.558  0.38  46.2  67  2.8332  100
144.868  154.824  1842.34  94.057  130.345  0.39  44.1  67  2.8332  100
144.916  154.824  1839.55  90.0008  0.025  0.39  44.1  67  2.8332  100
144.965  154.824  1877.44  95.1024  166.971  0.39  44.1  67  2.8332  100
145.014  154.953  1945.6  89.246  25.603  0.37  44.1  67  2.8332  100
145.063  154.953  1916.53  95.22  174.368  0.38  44.1  67  2.8332  100
145.112  155.082  1843.86  94.0679  130.801  0.39  44.1  67  2.8332  100
145.16  155.082  1954.94  88.8529  39.136  0.37  47.4  67  2.8332  100
145.209  155.082  2003.54  89.9529  1.647  0.36  47.4  67  2.8332  100
145.258  155.21  1855.72  95.5401  179.155  0.39  47.4  67  2.8332  100
145.307  155.21  1841.04  89.9931  0.222  0.39  47.4  67  2.8332  100
145.356  155.339  1894.68  96.1769  203.865  0.38  47.4  67  2.8332  100
145.405  155.339  1853.07  95.6023  180.904  0.39  47.4  67  2.8332  100
145.453  155.468  1903.48  95.1086  169.492  0.38  46.3  67  2.8332  100
145.502  155.468  1876.65  95.2478  171.645  0.39  46.3  67  2.8332  100
145.551  155.468  1863.42  90.0243  0.791  0.39  46.3  67  2.8332  100
145.599  155.597  1983.46  89.7728  7.866  0.36  46.3  67  2.8332  100
145.648  155.597  1858.98  90.0283  0.919  0.39  46.3  67  2.8332  100
145.697  155.726  1935.85  89.0775  31.166  0.37  46.3  67  2.8332  100
145.746  155.726  1909.47  94.7602  158.459  0.38  47  67  2.8332  100
145.795  155.854  1792.68  90.0488  1.527  0.4  47  67  2.8332  100
145.843  155.854  1983.4  89.9071  3.216  0.36  47  67  2.8332  100
145.892  155.854  1882.52  95.2117  171.002  0.39  47  67  2.8332  100
145.941  155.983  1855.29  95.4501  176.214  0.39  47  67  2.8332  100
145.99  155.983  1885.49  94.0411  132.876  0.38  47  67  2.8332  100
146.039  156.112  1879.36  95.1843  169.817  0.39  45.5  67  2.8332  100
146.088  156.112  1933.6  89.2769  24.401  0.37  45.5  67  2.8332  100
146.136  156.241  1978.91  89.7967  7.022  0.37  45.5  67  2.8332  100
146.185  156.241  1853.66  95.1115  165.15  0.39  45.5  67  2.8332  100
146.234  156.241  1959.85  89.1271  29.856  0.37  45.5  67  2.8332  100
146.283  156.37  1917.79  94.8516  162.197  0.38  45.5  67  2.8332  100
146.332  156.37  1850.22  95.6195  181.178  0.39  45.5  67  2.8332  100
146.38  156.498  1892.08  94.9894  164.558  0.38  46  67  2.8332  100
146.429  156.498  1891.7  96.1935  204.09  0.38  46  67  2.8332  100
146.478  156.627  1853.88  94.0234  130.076  0.39  46  67  2.8332  100
146.527  156.627  1905.45  95.1916  172.419  0.38  46  67  2.8332  100
146.576  156.627  1890.61  96.2938  207.263  0.38  46  67  2.8332  100
146.624  156.756  1873.05  93.9849  130.164  0.39  46  67  2.8332  100
146.673  156.756  1996.38  89.6283  12.951  0.36  46.9  67  2.8332  100
146.722  156.885  1857.36  95.5765  180.488  0.39  46.9  67  2.8332  100
146.77  156.885  1945.18  89.2109  26.789  0.37  46.9  67  2.8332  100
146.819  157.014  1897.2  94.79  158.424  0.38  46.9  67  2.8332  100
146.868  157.014  1851.36  95.2431  169.182  0.39  46.9  67  2.8332  100
146.917  157.014  2022.51  90.0292  1.032  0.36  46.9  67  2.8332  100
146.966  157.142  1877.3  96.3674  208.2  0.39  44.7  67  2.8332  100
147.014  157.142  1854.86  94.2022  135.917  0.39  44.7  67  2.8332  100
147.063  157.271  1913.35  94.9048  163.592  0.38  44.7  67  2.8332  100
147.112  157.271  1799.86  90.0462  1.45  0.4  44.7  67  2.8332  100
147.161  157.4  1981.88  90.009  0.313  0.37  44.7  67  2.8332  100
147.21  157.4  1895.23  94.7078  155.548  0.38  44.7  67  2.8332  100
147.258  157.4  1789.86  90.0637  1.99  0.4  45.5  67  2.8332  100
147.307  157.529  1982.29  89.9507  1.707  0.36  45.5  67  2.8332  100
147.356  157.529  1897.36  95.1207  169.346  0.38  45.5  67  2.8332  100
147.405  157.658  1850.59  95.3865  173.722  0.39  45.5  67  2.8332  100
147.453  157.658  2005.31  89.9642  1.254  0.36  45.5  67  2.8332  100
147.502  157.786  1882.59  96.1974  203.234  0.39  45.5  67  2.8332  100
147.551  157.786  1917.48  89.0733  31.011  0.38  47.1  67  2.8332  100
147.6  157.786  1912.55  95.053  168.453  0.38  47.1  67  2.8332  100
147.649  157.915  1870.7  94.9575  161.659  0.39  47.1  67  2.8332  100
147.697  157.915  1944.11  88.9919  34.204  0.37  47.1  67  2.8332  100
147.747  158.044  1980.55  89.9394  2.096  0.37  47.1  67  2.8332  100
147.795  158.044  1846.33  95.1116  164.5  0.39  47.1  67  2.8332  100
147.844  158.044  1953.11  89.0903  31.009  0.37  46.9  67  2.8332  100
147.893  158.173  1894.2  96.4156  211.659  0.38  46.9  67  2.8332  100
147.942  158.173  1847.77  94.2504  136.948  0.39  46.9  67  2.8332  100
147.99  158.302  1957.28  88.9149  37.064  0.37  46.9  67  2.8332  100
148.039  158.302  1878.68  95.0478  165.298  0.39  46.9  67  2.8332  100
148.088  158.431  1978.91  90.0243  0.839  0.37  46.9  67  2.8332  100
148.137  158.431  1977.25  89.6541  11.938  0.37  47.4  67  2.8332  100
148.186  158.431  1863.92  95.0934  165.478  0.39  47.4  67  2.8332  100
148.234  158.559  1802.76  90.0498  1.568  0.4  47.4  67  2.8332  100
148.283  158.559  1984.82  89.6136  13.387  0.36  47.4  67  2.8332  100
148.332  158.688  1954.98  89.98  0.682  0.37  47.4  67  2.8332  100
148.381  158.688  1947.68  89.1591  28.584  0.37  47.4  67  2.8332  100
148.43  158.817  1999.46  90.0116  0.405  0.36  45.6  67  2.8332  100
148.478  158.817  1847.53  94.2058  135.497  0.39  45.6  67  2.8332  100
148.527  158.817  2014.34  90.0323  1.135  0.36  45.6  67  2.8332  100
148.576  158.946  1881.92  96.3888  209.41  0.39  45.6  67  2.8332  100
148.625  158.946  1849.38  94.0082  129.272  0.39  45.6  67  2.8332  100
148.674  159.075  1901.74  95.0717  168.119  0.38  45.6  67  2.8332  100
148.723  159.075  1851.68  95.3088  171.324  0.39  45.6  67  2.8332  100
148.772  159.203  1985.3  90.0289  1.002  0.36  46.4  67  2.8332  100
148.821  159.203  1974.79  89.856  4.962  0.37  46.4  67  2.8332  100
148.869  159.203  1851.85  95.6559  182.507  0.39  46.4  67  2.8332  100
148.918  159.332  1954.77  88.9674  35.226  0.37  46.4  67  2.8332  100
148.967  159.332  1999.46  90.0116  0.405  0.36  46.4  67  2.8332  100
149.016  159.461  1857.07  95.2075  168.555  0.39  46.4  67  2.8332  100
149.065  159.461  1903.12  95.3483  177.389  0.38  44.9  67  2.8332  100
149.113  159.59  1880.6  95.1297  168.144  0.39  44.9  67  2.8332  100
149.162  159.59  1866.56  94.1693  135.706  0.39  44.9  67  2.8332  100
149.211  159.59  1895.63  95.3932  178.171  0.38  44.9  67  2.8332  100
149.26  159.719  1861.92  95.2918  171.722  0.39  44.9  67  2.8332  100
149.309  159.719  1985.88  89.9509  1.702  0.36  44.9  67  2.8332  100
149.358  159.847  1899.41  94.9184  162.848  0.38  45.4  67  2.8332  100
149.407  159.847  1848.59  95.5833  179.853  0.39  45.4  67  2.8332  100
149.455  159.976  1945.6  89.246  25.603  0.37  45.4  67  2.8332  100
149.504  159.976  1885.96  96.2726  206.057  0.39  45.4  67  2.8332  100
149.553  159.976  1867.24  95.4703  178.005  0.39  45.4  67  2.8332  100
149.602  160.105  1914.78  95.1828  172.969  0.38  45.4  67  2.8332  100
149.65  160.105  1866.13  94.9398  160.69  0.39  45.8  67  2.8332  100
149.699  160.234  1801.15  89.9877  0.387  0.4  45.8  67  2.8332  100
149.748  160.234  1906.49  95.0901  169.149  0.38  45.8  67  2.8332  100
149.797  160.363  1859.16  95.0305  163.021  0.39  45.8  67  2.8332  100
149.845  160.363  1957.52  89.0649  31.947  0.37  45.8  67  2.8332  100
149.895  160.363  1903.44  94.7982  159.215  0.38  45.8  67  2.8332  100
149.943  160.491  1953.53  89.9876  0.424  0.37  48.5  67  2.8332  100
149.992  160.491  2015.4  89.9888  0.394  0.36  48.5  67  2.8332  100
150.041  160.62  1883.08  95.0203  164.785  0.39  48.5  67  2.8332  100
150.09  160.62  1858.51  95.1986  168.396  0.39  48.5  67  2.8332  100
150.138  160.749  1839.65  90.0364  1.167  0.39  48.5  67  2.8332  100
150.187  160.749  1877.99  94.9114  160.785  0.39  48.5  67  2.8332  100
150.236  160.749  1942.27  89.2275  26.187  0.37  47.3  67  2.8332  100
150.285  160.878  2002.7  89.7482  8.803  0.36  47.3  67  2.8332  100
150.333  160.878  1869.4  96.2714  204.209  0.39  47.3  67  2.8332  100
150.382  161.007  1965.78  89.0932  31.109  0.37  47.3  67  2.8332  100
150.431  161.007  1893.91  95.0473  166.622  0.38  47.3  67  2.8332  100
150.48  161.135  1863.91  95.3975  175.328  0.39  47.3  67  2.8332  100
150.528  161.135  1988.79  89.9551  1.56  0.36  47.5  67  2.8332  100
150.577  161.135  1900.19  94.7711  158.049  0.38  47.5  67  2.8332  100
150.626  161.264  1866.81  95.3798  175.027  0.39  47.5  67  2.8332  100
150.675  161.264  1911.27  95.1086  170.187  0.38  47.5  67  2.8332  100
150.723  161.393  1868.92  95.202  169.449  0.39  47.5  67  2.8332  100
150.772  161.393  1934.22  89.1989  27.042  0.37  47.5  67  2.8332  100
150.821  161.393  1985.52  89.9516  1.678  0.36  46.6  67  2.8332  100
150.87  161.522  1854.86  95.0576  163.52  0.39  46.6  67  2.8332  100
150.919  161.522  1949.33  89.0368  32.77  0.37  46.6  67  2.8332  100
150.967  161.651  1895.17  94.9922  164.917  0.38  46.6  67  2.8332  100
151.016  161.651  1925.8  89.9284  2.406  0.38  46.6  67  2.8332  100
151.065  161.779  1969.38  88.9965  34.489  0.37  46.6  67  2.8332  100
151.114  161.779  1883.31  95.0659  166.298  0.39  46.1  67  2.8332  100
151.162  161.779  1789.73  90.013  0.408  0.4  46.1  67  2.8332  100
151.211  161.908  1901.62  95.3573  177.547  0.38  46.1  67  2.8332  100
151.26  161.908  1855.3  95.1474  166.456  0.39  46.1  67  2.8332  100
151.309  162.037  1802.67  90.015  0.472  0.4  46.1  67  2.8332  100
151.358  162.037  2003.66  89.5511  15.697  0.36  46.1  67  2.8332  100
151.407  162.166  1864.68  94.949  160.863  0.39  46.1  67  2.8332  100
151.456  162.166  1955  89.1171  30.124  0.37  45.2  67  2.8332  100
151.504  162.166  1894.93  94.9463  163.385  0.38  45.2  67  2.8332  100
151.553  162.295  1852.79  95.2343  169.026  0.39  45.2  67  2.8332  100
151.602  162.295  2009.28  90.0198  0.696  0.36  45.2  67  2.8332  100
151.651  162.423  1894.68  96.1769  203.865  0.38  45.2  67  2.8332  100
151.7  162.423  1858.51  95.1986  168.396  0.39  45.2  67  2.8332  100
151.748  162.552  1899.77  94.989  165.212  0.38  45  67  2.8332  100
151.797  162.552  1798.34  90.0189  0.593  0.4  45  67  2.8332  100
151.846  162.552  1949.98  89.2211  26.508  0.37  45  67  2.8332  100
151.895  162.681  1920.89  95.1459  172.288  0.38  45  67  2.8332  100
151.943  162.681  1854.64  95.0127  162.053  0.39  45  67  2.8332  100
151.992  162.81  1947.68  89.1591  28.584  0.37  45  67  2.8332  100
152.041  162.81  1969.88  89.8441  5.358  0.37  45.5  67  2.8332  100
152.09  162.939  1849.94  95.252  169.337  0.39  45.5  67  2.8332  100
152.138  162.939  1987.27  89.9629  1.286  0.36  45.5  67  2.8332  100
152.187  162.939  1876.43  95.2023  170.142  0.39  45.5  67  2.8332  100
152.236  163.068  1792.64  90.0327  1.024  0.4  45.5  67  2.8332  100
152.285  163.068  1904.75  95.0532  167.773  0.38  45.5  67  2.8332  100
152.334  163.196  1857.27  94.9496  160.246  0.39  46.4  67  2.8332  100
152.382  163.196  1943.73  89.2192  26.488  0.37  46.4  67  2.8332  100
152.431  163.325  1985.66  89.6852  10.911  0.36  46.4  67  2.8332  100
152.48  163.325  1804.04  89.9888  0.354  0.4  46.4  67  2.8332  100
152.529  163.325  2002.74  90.0152  0.531  0.36  46.4  67  2.8332  100
152.577  163.454  1893.91  95.0473  166.622  0.38  46.4  67  2.8332  100
152.626  163.454  1861.67  95.5505  180.066  0.39  48.2  67  2.8332  100
152.675  163.583  2013.87  89.9966  0.121  0.36  48.2  67  2.8332  100
152.724  163.583  1875.07  94.9299  161.137  0.39  48.2  67  2.8332  100
152.772  163.712  1937.93  89.2523  25.29  0.37  48.2  67  2.8332  100
152.821  163.712  1911.97  95.2475  174.866  0.38  48.2  67  2.8332  100
152.87  163.712  1873.15  94.8485  158.32  0.39  48.2  67  2.8332  100
152.919  163.84  1830.58  90.0113  0.362  0.4  45.9  67  2.8332  100
152.967  163.84  1985.11  89.9158  2.917  0.36  45.9  67  2.8332  100
153.016  163.969  1935.21  89.9522  1.616  0.37  45.9  67  2.8332  100
153.065  163.969  2006.83  89.9564  1.527  0.36  45.9  67  2.8332  100
153.114  164.098  1900.67  94.863  161.127  0.38  45.9  67  2.8332  100
153.162  164.098  1927.23  89.9208  2.664  0.38  45.9  67  2.8332  100
153.211  164.098  1982.99  89.8714  4.452  0.36  46.2  67  2.8332  100
153.26  164.227  1877.21  95.0569  165.467  0.39  46.2  67  2.8332  100
153.309  164.227  1848.46  94.1071  132.388  0.39  46.2  67  2.8332  100
153.357  164.356  2018.95  90.009  0.317  0.36  46.2  67  2.8332  100
153.406  164.356  1864.68  94.949  160.863  0.39  46.2  67  2.8332  100
153.455  164.356  1810.02  90.0472  1.491  0.4  46.2  67  2.8332  100
153.504  164.484  1893.99  94.763  157.266  0.38  46.3  67  2.8332  100
153.552  164.484  1834.74  93.9934  127.774  0.4  46.3  67  2.8332  100
153.601  164.613  1954.38  89.1961  27.421  0.37  46.3  67  2.8332  100
153.65  164.613  1900.12  95.0563  167.466  0.38  46.3  67  2.8332  100
153.699  164.742  1862.47  95.4063  175.477  0.39  46.3  67  2.8332  100
153.748  164.742  1958.14  88.9857  34.664  0.37  46.3  67  2.8332  100
153.796  164.742  1875.19  95.2568  171.803  0.39  46.3  67  2.8332  100
153.845  164.871  1839.54  94.0765  130.768  0.39  45.7  67  2.8332  100
153.894  164.871  1845.71  90.0413  1.33  0.39  45.7  67  2.8332  100
153.943  165  1864.8  95.274  171.411  0.39  45.7  67  2.8332  100
153.991  165  1974.04  90.0121  0.417  0.37  45.7  67  2.8332  100
154.041  165.128  1904.21  94.6506  154.391  0.38  45.7  67  2.8332  100
154.09  165.128  1838.43  90.0295  0.946  0.39  45.7  67  2.8332  100
154.138  165.128  1976.52  89.8672  4.58  0.37  46.3  67  2.8332  100
154.187  165.257  1894.22  94.8088  158.795  0.38  46.3  67  2.8332  100
154.236  165.257  1833.51  94.3015  137.523  0.4  46.3  67  2.8332  100
154.285  165.386  1894.03  95.0719  167.442  0.38  46.3  67  2.8332  100
154.333  165.386  1975.72  90.0207  0.715  0.37  46.3  67  2.8332  100
154.382  165.515  1843.26  93.9585  127.247  0.39  46.3  67  2.8332  100
154.431  165.515  1924.19  95.1739  173.523  0.38  46.1  67  2.8332  100
154.48  165.515  1866.13  94.9398  160.69  0.39  46.1  67  2.8332  100
154.528  165.644  1947.87  89.0452  32.458  0.37  46.1  67  2.8332  100
154.577  165.644  1901.85  95.0931  168.835  0.38  46.1  67  2.8332  100
154.626  165.772  1857.15  95.5314  179.014  0.39  46.1  67  2.8332  100
154.675  165.772  1971.93  88.9437  36.353  0.37  46.1  67  2.8332  100
154.723  165.901  1894.46  94.8546  160.324  0.38  46.2  67  2.8332  100
154.772  165.901  1857.73  95.3425  172.973  0.39  46.2  67  2.8332  100
154.821  165.901  1839.55  90.0008  0.025  0.39  46.2  67  2.8332  100
154.87  166.03  1870.7  94.9575  161.659  0.39  46.2  67  2.8332  100
154.918  166.03  1926.43  89.3178  22.938  0.38  46.2  67  2.8332  100
154.967  166.159  1913.02  95.1457  171.575  0.38  46.2  67  2.8332  100
155.016  166.159  1847.36  89.6792  10.342  0.39  47  67  2.8332  100
155.065  166.159  1886.61  88.488  49.78  0.38  47  67  2.8332  100
155.113  166.288  1889.22  95.0291  165.613  0.38  47  67  2.8332  100
155.162  166.288  1827.81  94.0419  128.834  0.4  47  67  2.8332  100
155.211  166.416  1832.06  90.0037  0.117  0.39  47  67  2.8332  100
155.26  166.416  1889.29  94.7456  156.304  0.38  47  67  2.8332  100
155.309  166.545  1852.71  94.0779  131.75  0.39  47.7  67  2.8332  100
155.357  166.545  1901.97  95.1178  169.663  0.38  47.7  67  2.8332  100
155.406  166.545  1861.58  94.9222  159.729  0.39  47.7  67  2.8332  100
155.455  166.674  1937.1  89.1824  27.642  0.37  47.7  67  2.8332  100
155.504  166.674  1920.41  95.0528  169.14  0.38  47.7  67  2.8332  100
155.553  166.803  1795.42  89.9992  0.026  0.4  47.7  67  2.8332  100
155.601  166.803  1865.57  93.9894  129.792  0.39  47.6  67  2.8332  100
155.65  166.932  1888.76  94.9377  162.57  0.38  47.6  67  2.8332  100
155.699  166.932  1847.96  95.4488  175.475  0.39  47.6  67  2.8332  100
155.748  166.932  1958.57  89.021  33.463  0.37  47.6  67  2.8332  100
155.796  167.06  1885.96  96.2726  206.057  0.39  47.6  67  2.8332  100
155.846  167.06  1843.06  94.1903  134.67  0.39  47.6  67  2.8332  100
155.895  167.189  1836.58  90.0162  0.518  0.39  46.8  67  2.8332  100
155.944  167.189  1947.25  89.9257  2.525  0.37  46.8  67  2.8332  100
155.992  167.318  1933.8  89.164  28.214  0.37  46.8  67  2.8332  100
156.041  167.318  1986.77  89.6412  12.44  0.36  46.8  67  2.8332  100
156.09  167.318  1856.6  93.9798  128.857  0.39  46.8  67  2.8332  100
156.139  167.447  1950.18  89.1071  30.389  0.37  46.8  67  2.8332  100
156.187  167.447  1980.55  89.9394  2.096  0.37  47.2  67  2.8332  100
156.236  167.576  1854.86  95.3602  173.274  0.39  47.2  67  2.8332  100
156.285  167.576  1835.01  89.9883  0.374  0.39  47.2  67  2.8332  100
156.334  167.704  1895.4  95.038  166.449  0.38  47.2  67  2.8332  100
156.382  167.704  1859.38  94.2179  136.757  0.39  47.2  67  2.8332  100
156.431  167.704  2022.03  89.9934  0.233  0.36  47.2  67  2.8332  100
156.48  167.833  1872.28  95.2747  172.119  0.39  47.2  67  2.8332  100
156.529  167.833  1942.27  89.2275  26.187  0.37  45.4  67  2.8332  100
156.577  167.962  1995.52  89.5563  15.454  0.36  45.4  67  2.8332  100
156.626  167.962  1971.87  89.966  1.169  0.37  45.4  67  2.8332  100
156.675  168.091  1937.29  89.0692  31.472  0.37  45.4  67  2.8332  100
156.724  168.091  1883.62  94.8287  158.559  0.39  45.4  67  2.8332  100
156.772  168.091  1920.09  89.9588  1.381  0.38  45.4  67  2.8332  100
156.821  168.22  1966.21  89.1287  29.898  0.37  44  67  2.8332  100
156.87  168.22  1871.38  95.0933  166.138  0.39  44  67  2.8332  100
156.919  168.349  1844.47  94.1806  134.463  0.39  44  67  2.8332  100
156.967  168.349  1910.08  94.8774  162.401  0.38  44  67  2.8332  100
157.017  168.477  1862.7  95.1476  167.123  0.39  44  67  2.8332  100
157.065  168.477  1941.44  89.1574  28.549  0.37  44  67  2.8332  100
157.114  168.477  1906.49  95.0901  169.149  0.38  47.9  67  2.8332  100
157.163  168.606  1856.51  95.0935  164.824  0.39  47.9  67  2.8332  100
157.212  168.606  1943.51  89.0705  31.526  0.37  47.9  67  2.8332  100
157.26  168.735  1899.17  94.8724  161.31  0.38  47.9  67  2.8332  100
157.309  168.735  1855.51  95.4951  177.684  0.39  47.9  67  2.8332  100
157.358  168.864  1833.62  90.0315  1.007  0.39  47.9  67  2.8332  100
157.407  168.864  1889.53  94.7913  157.825  0.38  48.2  67  2.8332  100
157.455  168.864  1853.43  94.2118  136.125  0.39  48.2  67  2.8332  100
157.504  168.993  1899.66  95.2742  174.621  0.38  48.2  67  2.8332  100
157.553  168.993  1866.47  95.3103  172.742  0.39  48.2  67  2.8332  100
157.602  169.121  1944.35  89.1407  29.159  0.37  48.2  67  2.8332  100
157.651  169.121  1987.87  89.5973  13.973  0.36  48.2  67  2.8332  100
157.7  169.121  1785.56  90.0514  1.602  0.41  47  67  2.8332  100
157.749  169.25  1880.84  94.0256  132.039  0.39  47  67  2.8332  100
157.797  169.25  1890.24  94.9284  162.392  0.38  47  67  2.8332  100
157.846  169.379  1930.5  89.9403  2.013  0.37  47  67  2.8332  100
157.895  169.379  1983.81  89.9428  1.98  0.36  47  67  2.8332  100
157.944  169.508  1891.39  95.1573  170.017  0.38  47  67  2.8332  100
157.993  169.508  1787.01  90.0625  1.949  0.4  46.3  67  2.8332  100
158.041  169.508  1917.35  95.0715  169.492  0.38  46.3  67  2.8332  100
158.09  169.637  1872.84  95.0842  165.971  0.39  46.3  67  2.8332  100
158.139  169.637  1869.44  90.029  0.945  0.39  46.3  67  2.8332  100
158.188  169.765  1980.84  89.8244  6.07  0.37  46.3  67  2.8332  100
158.237  169.765  1854.41  94.9679  160.587  0.39  46.3  67  2.8332  100
158.286  169.894  1993.81  89.9476  1.825  0.36  44.1  67  2.8332  100
158.335  169.894  1880.45  94.8019  157.415  0.39  44.1  67  2.8332  100
158.383  169.894  1855.08  95.4051  174.744  0.39  44.1  67  2.8332  100
158.432  170.023  2009.28  90.0198  0.696  0.36  44.1  67  2.8332  100
158.481  170.023  1888.72  96.2102  204.313  0.39  44.1  67  2.8332  100
158.53  170.152  1848.52  95.2609  169.491  0.39  44.1  67  2.8332  100
158.578  170.152  1914.31  95.0901  169.841  0.38  46.4  67  2.8332  100
158.627  170.281  1795.42  89.9992  0.026  0.4  46.4  67  2.8332  100
158.676  170.281  1989.78  90.006  0.207  0.36  46.4  67  2.8332  100
158.725  170.281  1998.91  89.8444  5.428  0.36  46.4  67  2.8332  100
158.773  170.409  1786.87  90.0095  0.295  0.4  46.4  67  2.8332  100
158.822  170.409  1892.08  94.9894  164.558  0.38  46.4  67  2.8332  100
158.871  170.538  1899.41  94.9184  162.848  0.38  46.4  67  2.8332  100
158.92  170.538  1853.07  95.6023  180.904  0.39  46.4  67  2.8332  100
158.969  170.667  1978.44  89.895  3.625  0.37  46.4  67  2.8332  100
159.017  170.667  1870.93  95.0028  163.152  0.39  46.4  67  2.8332  100
159.066  170.667  1851.04  94.043  130.509  0.39  46.4  67  2.8332  100
159.115  170.796  1899.89  95.3202  176.162  0.38  46.4  67  2.8332  100
159.164  170.796  1873.84  94.9844  162.808  0.39  46.4  67  2.8332  100
159.213  170.925  1815.79  90.017  0.538  0.4  47.5  67  2.8332  100
159.261  170.925  1907.71  94.7236  157.099  0.38  47.5  67  2.8332  100
159.31  171.053  1789.68  89.9945  0.172  0.4  47.5  67  2.8332  100
159.359  171.053  1961.76  89.1541  28.962  0.37  47.5  67  2.8332  100
159.408  171.053  1900.67  94.863  161.127  0.38  47.5  67  2.8332  100
159.457  171.182  1855.08  95.4051  174.744  0.39  47.5  67  2.8332  100
159.506  171.182  1987.97  89.8834  4.045  0.36  45.7  67  2.8332  100
159.554  171.311  1873.38  94.8938  159.815  0.39  45.7  67  2.8332  100
159.603  171.311  1940.6  89.0874  30.91  0.37  45.7  67  2.8332  100
159.652  171.44  1980.69  89.6736  11.283  0.37  45.7  67  2.8332  100
159.701  171.44  1858.02  96.3815  206.515  0.39  45.7  67  2.8332  100
159.75  171.44  1984.84  89.9938  0.216  0.36  45.7  67  2.8332  100
159.798  171.569  1897.2  94.79  158.424  0.38  47.5  67  2.8332  100
159.847  171.569  1840.81  94.043  129.786  0.39  47.5  67  2.8332  100
159.896  171.697  1956.48  89.1087  30.434  0.37  47.5  67  2.8332  100
159.945  171.697  1889.29  94.7456  156.304  0.38  47.5  67  2.8332  100
159.993  171.697  1936.27  89.9096  3.053  0.37  47.5  67  2.8332  100
160.042  171.826  1832.15  90.0391  1.25  0.39  47.5  67  2.8332  100
160.091  171.826  1886.36  96.3644  209.105  0.39  46.4  67  2.8332  100
160.14  171.955  1853.19  94.1672  134.665  0.39  46.4  67  2.8332  100
160.188  171.955  1975.48  89.7769  7.691  0.37  46.4  67  2.8332  100
160.237  172.084  1856.6  93.9798  128.857  0.39  46.4  67  2.8332  100
160.286  172.084  1951.83  88.9845  34.591  0.37  46.4  67  2.8332  100
160.335  172.084  1906.2  94.7331  157.29  0.38  46.4  67  2.8332  100
160.384  172.213  1926.19  89.9631  1.241  0.38  46.1  67  2.8332  100
160.433  172.213  1948.91  89.0016  33.96  0.37  46.1  67  2.8332  100
160.482  172.341  1882.07  95.1206  167.978  0.39  46.1  67  2.8332  100
160.53  172.341  1840.25  94.2095  135.081  0.39  46.1  67  2.8332  100
160.579  172.47  2023.1  89.9497  1.776  0.36  46.1  67  2.8332  100
160.628  172.47  1869.7  95.0571  164.813  0.39  46.1  67  2.8332  100
160.677  172.47  1924.19  89.2565  24.969  0.38  45.2  67  2.8332  100
160.725  172.599  1983.3  89.6217  13.095  0.36  45.2  67  2.8332  100
160.774  172.599  1853.21  95.0218  162.22  0.39  45.2  67  2.8332  100
160.823  172.728  1947.06  89.2377  25.904  0.37  45.2  67  2.8332  100
160.872  172.728  1979.04  89.9472  1.824  0.37  45.2  67  2.8332  100
160.921  172.857  1846.54  95.4575  175.619  0.39  45.2  67  2.8332  100
160.969  172.857  2000.3  89.952  1.677  0.36  48.5  67  2.8332  100
161.018  172.857  1888.99  94.9834  164.091  0.38  48.5  67  2.8332  100
161.067  172.986  1846.59  94.3045  138.601  0.39  48.5  67  2.8332  100
161.116  172.986  1902.67  95.256  174.296  0.38  48.5  67  2.8332  100
161.164  173.114  1854.86  95.0576  163.52  0.39  48.5  67  2.8332  100
161.214  173.114  1804.09  90.0075  0.235  0.4  48.5  67  2.8332  100
161.263  173.243  1899.21  95.1821  171.541  0.38  45.6  67  2.8332  100
161.311  173.243  1857.61  95.3184  172.183  0.39  45.6  67  2.8332  100
161.36  173.243  1942.69  89.2625  25.004  0.37  45.6  67  2.8332  100
161.409  173.372  1893.44  94.9556  163.563  0.38  45.6  67  2.8332  100
161.458  173.372  1846.35  94.26  137.152  0.39  45.6  67  2.8332  100
161.507  173.501  1990.61  89.8317  5.848  0.36  45.6  67  2.8332  100
161.555  173.501  1878.22  94.9569  162.288  0.39  45.6  67  2.8332  100
161.604  173.63  1849.63  94.0528  130.723  0.39  46.2  67  2.8332  100
161.653  173.63  1838.16  90.044  1.412  0.39  46.2  67  2.8332  100
161.702  173.63  1862.03  95.0123  162.685  0.39  46.2  67  2.8332  100
161.75  173.758  1856.98  94.0485  131.104  0.39  46.2  67  2.8332  100
161.799  173.758  1896.44  95.2463  173.407  0.38  46.2  67  2.8332  100
161.848  173.887  1853.21  95.0218  162.22  0.39  46.2  67  2.8332  100
161.897  173.887  1937.07  88.0533  65.801  0.37  47.1  67  2.8332  100
161.946  174.016  1908.44  94.862  161.753  0.38  47.1  67  2.8332  100
161.994  174.016  1856.72  95.4414  176.068  0.39  47.1  67  2.8332  100
162.043  174.016  1884.54  90.0231  0.759  0.38  47.1  67  2.8332  100
162.092  174.145  1876.53  94.9207  160.961  0.39  47.1  67  2.8332  100
162.141  174.145  1842.82  94.1458  133.228  0.39  47.1  67  2.8332  100
162.19  174.274  1911.03  95.0623  168.628  0.38  46.2  67  2.8332  100
162.239  174.274  1865.14  95.0392  163.829  0.39  46.2  67  2.8332  100
162.288  174.402  1935.04  89.2687  24.696  0.37  46.2  67  2.8332  100
162.336  174.402  1989.13  89.7048  10.247  0.36  46.2  67  2.8332  100
162.385  174.402  1927.23  89.9208  2.664  0.38  46.2  67  2.8332  100
162.434  174.531  1955.81  88.9235  36.743  0.37  46.2  67  2.8332  100
162.483  174.531  1976.57  89.7334  9.198  0.37  45.6  67  2.8332  100
162.532  174.66  1851.01  95.4762  176.648  0.39  45.6  67  2.8332  100
162.58  174.66  1965.97  88.9782  35.059  0.37  45.6  67  2.8332  100
162.629  174.789  1900.48  96.0972  201.86  0.38  45.6  67  2.8332  100
162.678  174.789  1849.59  95.4849  176.791  0.39  45.6  67  2.8332  100
162.727  174.789  2014.34  90.0323  1.135  0.36  45.6  67  2.8332  100
162.775  174.918  1864.36  95.1837  168.444  0.39  46.5  67  2.8332  100
162.824  174.918  1938.13  89.1391  29.121  0.37  46.5  67  2.8332  100
162.873  175.046  1898.17  95.2832  174.782  0.38  46.5  67  2.8332  100
162.922  175.046  1864.35  95.4879  178.297  0.39  46.5  67  2.8332  100
162.97  175.175  1970.9  89.9342  2.265  0.37  46.5  67  2.8332  100
163.019  175.175  1888.05  94.8007  158.01  0.38  46.5  67  2.8332  100
163.068  175.175  1834.44  95.3487  171  0.4  46.2  67  2.8332  100
163.117  175.304  1976.93  89.9029  3.352  0.37  46.2  67  2.8332  100
163.165  175.304  1885.55  96.1808  203.011  0.39  46.2  67  2.8332  100
163.214  175.433  1788.32  90.0205  0.64  0.4  46.2  67  2.8332  100
163.263  175.433  1847.21  90.0336  1.083  0.39  46.2  67  2.8332  100
163.312  175.433  1856.29  95.0486  163.354  0.39  46.2  67  2.8332  100
163.361  175.562  1937.52  89.2173  26.467  0.37  46.1  67  2.8332  100
163.409  175.562  1972.19  89.9073  3.19  0.37  46.1  67  2.8332  100
163.458  175.69  1959.31  89.9573  1.461  0.37  46.1  67  2.8332  100
163.507  175.69  1943.73  89.2192  26.488  0.37  46.1  67  2.8332  100
163.555  175.819  1959.84  89.9342  2.25  0.37  46.1  67  2.8332  100
163.604  175.819  1855.72  95.5401  179.155  0.39  46.1  67  2.8332  100
163.653  175.819  2014.93  89.9531  1.651  0.36  47.5  67  2.8332  100
163.702  175.948  1880.14  95.0386  165.128  0.39  47.5  67  2.8332  100
163.75  175.948  1926.43  89.3178  22.938  0.38  47.5  67  2.8332  100
163.799  176.077  1896.44  95.2463  173.407  0.38  47.5  67  2.8332  100
163.848  176.077  1945.79  89.9334  2.261  0.37  47.5  67  2.8332  100
163.897  176.206  1939.16  89.0957  30.603  0.37  47.5  67  2.8332  100
163.946  176.206  1982.21  89.6655  11.571  0.36  47.5  67  2.8332  100
163.995  176.206  1939.17  89.8943  3.578  0.37  46.6  67  2.8332  100
164.044  176.334  1884.54  90.0231  0.759  0.38  46.6  67  2.8332  100
164.092  176.334  1893.21  94.9098  162.035  0.38  46.6  67  2.8332  100
164.141  176.463  1852.22  95.4226  175.038  0.39  46.6  67  2.8332  100
164.19  176.463  1964.67  88.8717  38.687  0.37  46.6  67  2.8332  100
164.239  176.592  1869.48  95.0119  163.322  0.39  46.6  67  2.8332  100
164.287  176.592  1923.98  89.3687  21.199  0.38  44  67  2.8332  100
164.336  176.592  1992.45  89.5727  14.858  0.36  44  67  2.8332  100
164.385  176.721  1958.75  90.0342  1.17  0.37  44  67  2.8332  100
164.434  176.721  1939.34  88.9823  34.445  0.37  44  67  2.8332  100
164.483  176.85  1963.76  89.7261  9.387  0.37  44  67  2.8332  100
164.532  176.85  1936.66  89.9445  1.876  0.37  44  67  2.8332  100
164.58  176.978  1948.91  89.0016  33.96  0.37  46.2  67  2.8332  100
164.629  176.978  1880.37  95.0841  166.636  0.39  46.2  67  2.8332  100
164.678  176.978  1849.18  94.2408  136.743  0.39  46.2  67  2.8332  100
164.727  177.107  2020.96  90.037  1.306  0.36  46.2  67  2.8332  100
164.775  177.107  1874.6  94.8392  158.14  0.39  46.2  67  2.8332  100
164.824  177.236  1934.63  89.2338  25.869  0.37  46.2  67  2.8332  100
164.873  177.236  1977.25  89.6541  11.938  0.37  46  67  2.8332  100
164.922  177.365  1965.57  89.9616  1.316  0.37  46  67  2.8332  100
164.97  177.365  1936.98  88.1677  61.935  0.37  46  67  2.8332  100
165.019  177.365  1989.97  89.7766  7.76  0.36  46  67  2.8332  100
165.068  177.494  1836.47  95.4735  175.171  0.4  46  67  2.8332  100
165.117  177.494  1956.48  89.1087  30.434  0.37  46  67  2.8332  100
165.165  177.623  1977.53  89.955  1.553  0.37  45.8  67  2.8332  100
165.214  177.623  1850.16  95.2968  170.798  0.39  45.8  67  2.8332  100
165.263  177.751  1887.63  95.0171  165.08  0.38  45.8  67  2.8332  100
165.312  177.751  1878.68  95.0478  165.298  0.39  45.8  67  2.8332  100
165.36  177.751  1842.1  94.0127  128.904  0.39  45.8  67  2.8332  100
165.409  177.88  1984.14  89.6932  10.623  0.36  45.8  67  2.8332  100
165.458  177.88  1870.93  95.0028  163.152  0.39  44.2  67  2.8332  100
165.506  178.009  1939.57  89.1307  29.425  0.37  44.2  67  2.8332  100
165.555  178.009  1893.91  95.0473  166.622  0.38  44.2  67  2.8332  100
165.604  178.138  1857.36  95.5765  180.488  0.39  44.2  67  2.8332  100
165.653  178.138  1955.81  88.9235  36.743  0.37  44.2  68  2.8332  100
165.701  178.138  1974.38  89.8205  6.187  0.37  44.2  68  2.8332  100
165.75  178.267  1852.22  95.4226  175.038  0.39  45.3  70  2.8332  100
165.799  178.267  1977.66  88.7572  42.894  0.37  45.3  70  2.8332  100
165.848  178.395  1855.17  93.9897  129.076  0.39  45.3  70  2.8332  100
165.896  178.395  1832.72  88.9893  32.328  0.39  45.3  70  2.8332  100
165.945  178.524  1768.54  89.4376  17.358  0.41  45.3  70  2.8332  100
165.994  178.524  1584.9  94.1118  113.641  0.46  45.3  70  2.8332  100
166.043  178.524  1677.97  89.1424  25.116  0.43  46.6  70  2.8332  100
166.092  178.653  1822.19  88.7894  38.497  0.4  46.6  70  2.8332  100
166.141  178.653  1801.83  94.4729  140.52  0.4  46.6  70  2.8332  100
166.19  178.782  1945.18  89.2109  26.789  0.37  46.6  70  2.8332  100
166.238  178.782  1881.15  94.9384  161.938  0.39  46.6  70  2.8332  100
166.287  178.911  1851.36  95.2431  169.182  0.39  46.6  70  2.8332  100
166.336  178.911  1899.77  94.989  165.212  0.38  46.6  70  2.8332  100
166.385  178.911  1858.17  95.1295  166.133  0.39  44.1  70  2.8332  100
166.433  179.039  1796.97  90.045  1.411  0.4  44.1  70  2.8332  100
166.482  179.039  1904.63  95.3392  177.23  0.38  44.1  70  2.8332  100
166.531  179.168  1858.17  95.1295  166.133  0.39  44.1  70  2.8332  100
166.58  179.168  1857.46  94.138  134.033  0.39  44.1  70  2.8332  100
166.628  179.297  1970.69  89.9151  2.919  0.37  44.1  70  2.8332  100
166.677  179.297  1854.5  95.5937  180.766  0.39  45.4  70  2.8332  100
166.726  179.297  1962.81  89.1102  30.48  0.37  45.4  70  2.8332  100
166.775  179.426  1884.79  95.0567  166.128  0.39  45.4  70  2.8332  100
166.823  179.426  1841.67  95.3495  171.701  0.39  45.4  70  2.8332  100
166.872  179.555  2015.4  89.9888  0.394  0.36  45.4  70  2.8332  100
166.921  179.555  1871.61  95.1386  167.633  0.39  45.4  70  2.8332  100
166.97  179.683  1849.63  94.0528  130.723  0.39  44.7  70  2.8332  100
167.018  179.683  1978.08  89.7254  9.481  0.37  44.7  70  2.8332  100
167.067  179.812  1850.67  93.9745  128.276  0.39  44.7  70  2.8332  100
167.116  179.812  1970.5  89.8987  3.485  0.37  44.7  70  2.8332  100
167.165  179.812  1896.19  94.8911  161.674  0.38  44.7  70  2.8332  100
167.214  179.941  1861.46  95.5053  178.585  0.39  44.7  70  2.8332  100
167.263  179.941  1995.21  89.8077  6.696  0.36  44.4  71  2.8332  100
167.312  180.07  1880.45  94.8019  157.415  0.39  44.4  71  2.8332  100
167.36  180.07  1843.06  94.1903  134.67  0.39  44.4  71  2.8332  100
167.409  180.199  1899.21  95.1821  171.541  0.38  44.4  71  2.8332  100
167.458  180.199  1866.81  95.0753  165.147  0.39  44.4  71  2.8332  100
167.507  180.327  1793.96  89.9906  0.295  0.4  44.4  71  2.8332  100
167.556  180.327  1978.91  89.7967  7.022  0.37  44.4  71  2.8332  100
167.604  180.327  1867.57  94.9306  160.517  0.39  44.4  71  2.8332  100
167.653  180.456  1943.93  89.1056  30.343  0.37  44.4  71  2.8332  100
167.702  180.456  1890.47  94.9742  163.916  0.38  44.4  71  2.8332  100
167.751  180.585  1961.65  90.0192  0.656  0.37  44.4  71  2.8332  100
167.799  180.585  1973.51  89.883  4.03  0.37  44.4  73  2.8332  100
167.848  180.714  1883.54  95.1115  167.811  0.39  44.2  73  2.8332  100
167.897  180.714  1845.69  95.2785  169.798  0.39  44.2  73  2.8332  100
167.946  180.843  1839.55  90.0008  0.025  0.39  44.2  73  2.8332  100
167.994  180.843  1978.22  89.9705  1.02  0.37  44.2  73  2.8332  100
168.043  180.843  1934.01  89.3118  23.229  0.37  44.2  73  2.8332  100
168.092  180.971  1975.89  89.8126  6.464  0.37  44.2  73  2.8332  100
168.141  180.971  1792.68  90.0488  1.527  0.4  45  75  2.8332  100
168.19  181.1  1955.62  89.0381  32.832  0.37  45  75  2.8332  100
168.238  181.1  1891.49  94.8734  160.688  0.38  45  75  2.8332  100
168.287  181.229  1835.37  94.3806  140.187  0.4  45  75  2.8332  100
168.336  181.229  1958.38  89.1356  29.545  0.37  45  75  2.8332  100
168.385  181.358  1884.47  96.2808  206.164  0.39  45  75  2.8332  100
168.433  181.358  1850.37  95.3417  172.259  0.39  44.6  75  2.8332  100
168.482  181.487  1901.51  95.0257  166.577  0.38  44.6  75  2.8332  100
168.531  181.487  1865.9  94.8947  159.206  0.39  44.6  75  2.8332  100
168.58  181.487  1929.91  89.2237  26.148  0.37  44.6  75  2.8332  100
168.629  181.615  1915.01  95.2292  174.535  0.38  44.6  75  2.8332  100
168.677  181.615  1834.98  94.0376  129.202  0.4  44.6  75  2.8332  100
168.726  181.744  2000.76  89.9874  0.439  0.36  44.8  75  2.8332  100
168.775  181.744  1985.52  89.9516  1.678  0.36  44.8  75  2.8332  100
168.823  181.873  1786.87  90.0095  0.295  0.4  44.8  75  2.8332  100
168.872  181.873  1885.24  93.9957  131.367  0.38  44.8  75  2.8332  100
168.921  182.002  1875.84  96.3755  208.301  0.39  44.8  75  2.8332  100
168.971  182.002  1852.79  95.2343  169.026  0.39  44.8  75  2.8332  100
169.02  182.131  1894.36  93.9811  131.522  0.38  44.8  75  2.8332  100
169.068  182.131  1877.11  96.3217  206.691  0.39  45.6  75  2.8332  100
169.117  182.259  1928.07  89.1971  27.017  0.38  45.6  75  2.8332  100
169.166  182.259  1980.69  89.6736  11.283  0.37  45.6  75  2.8332  100
169.215  182.388  1956.86  90.0071  0.242  0.37  45.6  75  2.8332  100
169.264  182.388  1953.3  88.976  34.908  0.37  45.6  75  2.8332  100
169.312  182.388  1981.66  89.8958  3.603  0.37  45.6  75  2.8332  100
169.361  182.517  1846.12  95.368  172.707  0.39  45  75  2.8332  100
169.41  182.517  1958.8  89.1709  28.343  0.37  45  75  2.8332  100
169.459  182.646  1880.83  95.1752  169.654  0.39  45  75  2.8332  100
169.507  182.646  1843.26  93.9585  127.247  0.39  45  75  2.8332  100
169.556  182.775  1888.32  95.1543  169.642  0.38  45  75  2.8332  100
169.605  182.775  1977.19  90.0131  0.453  0.37  45  75  2.8332  100
169.654  182.904  1989.32  89.9707  1.017  0.36  45.3  75  2.8332  100
169.702  182.904  1888.52  94.892  161.049  0.38  45.3  75  2.8332  100
169.751  183.032  1941.02  89.9215  2.659  0.37  45.3  75  2.8332  100
169.8  183.032  1952.07  89.1339  29.505  0.37  45.3  75  2.8332  100
169.849  183.161  1894.22  94.8088  158.795  0.38  45.3  75  2.8332  100
169.897  183.161  1845.88  94.171  134.256  0.39  45.3  75  2.8332  100
169.946  183.29  1963.24  89.1457  29.273  0.37  45.6  75  2.8332  100
169.995  183.29  1864.14  95.1386  166.961  0.39  45.6  75  2.8332  100
170.044  183.419  1858.51  95.1986  168.396  0.39  45.6  75  2.8332  100
170.092  183.419  1913.26  95.192  173.138  0.38  45.6  75  2.8332  100
170.141  183.419  1784.16  90.0588  1.832  0.41  45.6  75  2.8332  100
170.19  183.548  1927.65  89.1623  28.181  0.38  45.6  75  2.8332  100
170.239  183.548  1972.47  89.7928  7.132  0.37  45.4  75  2.8332  100
170.288  183.676  1920.09  89.9588  1.381  0.38  45.4  75  2.8332  100
170.336  183.676  1955.37  88.8882  37.94  0.37  45.4  75  2.8332  100
170.385  183.805  1891.25  94.8276  159.164  0.38  45.4  75  2.8332  100
170.434  183.805  1844.28  95.2873  169.951  0.39  45.4  75  2.8332  100
170.483  183.934  1877.66  94.0002  130.986  0.39  45.4  75  2.8332  100
170.532  183.934  1873.06  95.1296  167.468  0.39  44.5  75  2.8332  100
170.581  184.063  1844.91  93.9931  128.473  0.39  44.5  75  2.8332  100
170.629  184.063  1896.67  95.2923  174.942  0.38  44.5  75  2.8332  100
170.678  184.192  1845.02  94.0137  129.143  0.39  44.5  75  2.8332  100
170.727  184.192  1933.22  88.116  63.557  0.37  44.5  75  2.8332  100
170.776  184.32  1897.48  95.1453  170.17  0.38  44.5  75  2.8332  100
170.825  184.32  1934.43  89.8825  3.967  0.37  46.1  75  2.8332  100
170.873  184.449  1969  89.9065  3.214  0.37  46.1  75  2.8332  100
170.922  184.449  1892.51  96.3777  210.224  0.38  46.1  75  2.8332  100
170.971  184.449  1838.85  94.2191  135.285  0.39  46.1  75  2.8332  100
171.02  184.578  2001.22  90.0229  0.8  0.36  46.1  75  2.8332  100
171.069  184.578  1864.91  94.9941  162.346  0.39  46.1  75  2.8332  100
171.117  184.707  1837.22  94.1844  134.055  0.39  43  75  2.8332  100
171.166  184.707  1908.47  95.1733  172.084  0.38  43  75  2.8332  100
171.215  184.836  1866.13  94.9398  160.69  0.39  43  75  2.8332  100
171.264  184.836  1861.27  94.019  130.452  0.39  43  75  2.8332  100
171.312  184.964  1979.04  89.9472  1.824  0.37  43  75  2.8332  100
171.362  184.964  1953.53  89.9876  0.424  0.37  43  75  2.8332  100
171.41  185.093  1972.41  89.9264  2.535  0.37  43  75  2.8332  100
171.459  185.093  1873.38  94.8938  159.815  0.39  45.5  75  2.8332  100
171.508  185.222  1847.1  95.2697  169.645  0.39  45.5  75  2.8332  100
171.557  185.222  1832.15  90.0391  1.25  0.39  45.5  75  2.8332  100
171.605  185.351  1865.14  95.0392  163.829  0.39  45.5  75  2.8332  100
171.654  185.351  1849.38  94.0082  129.272  0.39  45.5  75  2.8332  100
171.703  185.48  1903.71  95.1547  171.038  0.38  45.5  75  2.8332  100
171.752  185.48  1854.53  95.2911  171.018  0.39  44  75  2.8332  100
171.801  185.608  1942.69  89.2625  25.004  0.37  44  75  2.8332  100
171.849  185.608  1891.01  94.7819  157.64  0.38  44  75  2.8332  100
171.898  185.608  1861.03  95.4151  175.626  0.39  44  75  2.8332  100
171.947  185.737  1938.42  88.1585  62.291  0.37  44  75  2.8332  100
171.996  185.737  1897  96.3531  209.914  0.38  44  75  2.8332  100
172.044  185.866  1849.94  95.252  169.337  0.39  44.2  75  2.8332  100
172.093  185.866  1914.31  95.0901  169.841  0.38  44.2  75  2.8332  100
172.142  185.995  1871.15  95.048  164.645  0.39  44.2  75  2.8332  100
172.191  185.995  1927.45  89.2749  24.393  0.38  44.2  75  2.8332  100
172.239  186.124  1986.5  89.7568  8.433  0.36  44.2  75  2.8332  100
172.288  186.124  1860.45  95.6043  181.686  0.39  44.2  75  2.8332  100
172.337  186.252  1949.56  89.1859  27.699  0.37  45.6  75  2.8332  100
172.386  186.252  2004  89.9884  0.405  0.36  45.6  75  2.8332  100
172.435  186.381  1852.65  95.5125  177.97  0.39  45.6  75  2.8332  100
172.483  186.381  1826.08  89.9989  0.035  0.4  45.6  75  2.8332  100
172.532  186.51  1880.44  96.3969  209.511  0.39  45.6  75  2.8332  100
172.581  186.51  1843.77  94.3236  139.002  0.39  45.6  75  2.8332  100
172.63  186.639  1894.36  93.9811  131.522  0.38  44.4  75  2.8332  100
172.678  186.639  1870.6  95.2383  170.782  0.39  44.4  75  2.8332  100
172.727  186.639  1850.55  93.9539  127.601  0.39  44.4  75  2.8332  100
172.776  186.768  1898.17  95.2832  174.782  0.38  44.4  75  2.8332  100
172.825  186.768  1856.95  95.1834  167.766  0.39  44.4  75  2.8332  100
172.874  186.896  1947.02  88.9749  34.833  0.37  44.4  75  2.8332  100
172.923  186.896  1879.45  94.9021  160.607  0.39  46.3  75  2.8332  100
172.971  187.025  1928.67  89.9132  2.923  0.38  46.3  75  2.8332  100
173.02  187.025  2008.35  89.9486  1.801  0.36  46.3  75  2.8332  100
173.069  187.154  1873.29  95.1749  168.965  0.39  46.3  75  2.8332  100
173.118  187.154  1855.08  95.4051  174.744  0.39  46.3  75  2.8332  100
173.166  187.283  1898.83  93.9509  130.833  0.38  46.3  75  2.8332  100
173.215  187.283  1865.9  94.8947  159.206  0.39  45.2  75  2.8332  100
173.264  187.412  1786.92  90.028  0.872  0.4  45.2  75  2.8332  100
173.313  187.412  1975.89  89.8126  6.464  0.37  45.2  75  2.8332  100
173.361  187.541  1843.37  93.9791  127.916  0.39  45.2  75  2.8332  100
173.41  187.541  1956.9  89.144  29.235  0.37  45.2  75  2.8332  100
173.459  187.669  1984.7  89.88  4.155  0.36  45.2  75  2.8332  100
173.508  187.669  1858.59  95.5227  178.872  0.39  46.4  75  2.8332  100
173.557  187.669  1897.34  93.961  131.063  0.38  46.4  75  2.8332  100
173.606  187.798  1881.12  96.2057  203.345  0.39  46.4  75  2.8332  100
173.654  187.798  1852.01  94.2215  136.332  0.39  46.4  75  2.8332  100
173.703  187.927  1917.83  95.1644  172.63  0.38  46.4  75  2.8332  100
173.752  187.927  1869.37  95.2925  172.432  0.39  46.4  75  2.8332  100
173.801  188.056  1867.27  94.0245  131.05  0.39  44.5  75  2.8332  100
173.85  188.056  1887.97  95.392  177.412  0.38  44.5  75  2.8332  100
173.899  188.185  1843.86  94.0679  130.801  0.39  44.5  75  2.8332  100
173.947  188.185  1989.78  90.006  0.207  0.36  44.5  75  2.8332  100
173.996  188.313  1893.75  94.7172  155.738  0.38  44.5  75  2.8332  100
174.045  188.313  1839.9  95.59  179.223  0.4  44.5  75  2.8332  100
174.094  188.442  2006.83  89.9564  1.527  0.36  44.5  75  2.8332  100
174.143  188.442  1878.58  96.3136  206.586  0.39  44  75  2.8332  100
174.192  188.571  1849.18  94.2408  136.743  0.39  44  75  2.8332  100
174.24  188.571  1901.51  95.0257  166.577  0.38  44  75  2.8332  100
174.289  188.7  1867.34  94.8854  159.03  0.39  44  75  2.8332  100
174.338  188.7  1935.01  89.0077  33.512  0.37  44  75  2.8332  100
174.387  188.829  1981.66  89.8958  3.603  0.37  44  75  2.8332  100
174.435  188.829  1843.37  93.9791  127.916  0.39  44  75  2.8332  100
174.484  188.829  1960.28  89.1625  28.652  0.37  44  75  2.8332  100
174.533  188.957  2002.02  89.9607  1.374  0.36  44  75  2.8332  100
174.582  188.957  1838.7  95.6432  180.804  0.4  44  75  2.8332  100
174.631  189.086  1833.62  90.0315  1.007  0.39  44  75  2.8332  100
174.679  189.086  1872.28  95.2747  172.119  0.39  44  75  2.8332  100
174.728  189.215  1796.97  90.045  1.411  0.4  44.4  75  2.8332  100
174.777  189.215  1908.93  95.2658  175.194  0.38  44.4  75  2.8332  100
174.825  189.344  1863.36  95.2829  171.567  0.39  44.4  75  2.8332  100
174.874  189.344  1799.72  89.9952  0.15  0.4  44.4  75  2.8332  100
174.923  189.473  1973.15  89.7138  9.858  0.37  44.4  75  2.8332  100
174.972  189.473  1782.76  90.0662  2.061  0.41  44.4  75  2.8332  100
175.021  189.601  1989.78  90.006  0.207  0.36  44.9  75  2.8332  100
175.07  189.601  1974.1  89.935  2.238  0.37  44.9  75  2.8332  100
175.118  189.73  1842.09  95.4388  174.599  0.39  44.9  75  2.8332  100
175.167  189.73  1969.19  89.1118  30.526  0.37  44.9  75  2.8332  100
175.216  189.859  1870.7  94.9575  161.659  0.39  44.9  75  2.8332  100
175.265  189.859  1791.23  90.0402  1.256  0.4  44.9  75  2.8332  100
175.314  189.859  1905.79  94.9517  164.499  0.38  46.8  75  2.8332  100
175.363  189.988  1859.16  95.0305  163.021  0.39  46.8  75  2.8332  100
175.412  189.988  1929.7  89.3363  22.354  0.37  46.8  75  2.8332  100
175.46  190.117  1977.67  89.6897  10.71  0.37  46.8  75  2.8332  100
175.509  190.117  1856.94  95.4864  177.54  0.39  46.8  75  2.8332  100
175.558  190.245  1966.21  89.1287  29.898  0.37  46.8  75  2.8332  100
175.607  190.245  2004  89.9884  0.405  0.36  45.1  75  2.8332  100
175.656  190.374  1854.65  95.3152  171.805  0.39  45.1  75  2.8332  100
175.704  190.374  1829.2  90.0543  1.735  0.4  45.1  75  2.8332  100
175.753  190.503  1881.38  94.9839  163.447  0.39  45.1  75  2.8332  100
175.802  190.503  1853.88  94.0234  130.076  0.39  45.1  75  2.8332  100
175.851  190.632  1889.58  95.0994  167.952  0.38  45.1  75  2.8332  100
175.9  190.632  1858.39  95.1745  167.606  0.39  43.2  75  2.8332  100
175.948  190.761  1875.14  94.0895  133.724  0.39  43.2  75  2.8332  100
175.997  190.761  1982.35  89.8165  6.35  0.36  43.2  75  2.8332  100
176.046  190.889  1934.43  89.8825  3.967  0.37  43.2  75  2.8332  100
176.095  190.889  1976.52  89.8672  4.58  0.37  43.2  75  2.8332  100
176.144  190.889  1890.61  96.2938  207.263  0.38  43.2  75  2.8332  100
176.193  191.018  1862.82  95.1717  167.917  0.39  43.7  75  2.8332  100
176.241  191.018  1999.55  89.8998  3.498  0.36  43.7  75  2.8332  100
176.29  191.147  1856.95  95.1834  167.766  0.39  43.7  75  2.8332  100
176.339  191.147  1925  89.3259  22.647  0.38  43.7  75  2.8332  100
176.388  191.276  1983.3  89.6217  13.095  0.36  43.7  75  2.8332  100
176.437  191.276  1853.03  90.0237  0.766  0.39  43.7  75  2.8332  100
176.485  191.405  1948.91  89.0016  33.96  0.37  44.7  75  2.8332  100
176.534  191.405  1888.29  94.8463  159.529  0.38  44.7  75  2.8332  100
176.583  191.533  1862.03  95.0123  162.685  0.39  44.7  75  2.8332  100
176.632  191.533  1989.32  89.9707  1.017  0.36  44.7  75  2.8332  100
176.68  191.662  1880.69  94.8474  158.922  0.39  44.7  75  2.8332  100
176.729  191.662  1843.54  94.2792  137.557  0.39  44.7  75  2.8332  100
176.778  191.791  1961.52  89.0039  34.098  0.37  44.7  75  2.8332  100
176.827  191.791  1856.73  95.1385  166.295  0.39  44.4  75  2.8332  100
176.876  191.92  1796.97  90.045  1.411  0.4  44.4  75  2.8332  100
176.924  191.92  1908  95.0809  168.976  0.38  44.4  75  2.8332  100
176.973  192.049  1850.37  95.0399  162.552  0.39  44.4  75  2.8332  100
177.022  192.049  1939.79  89.279  24.409  0.37  44.4  75  2.8332  100
177.071  192.049  1892.42  95.3652  176.949  0.38  44.4  75  2.8332  100
177.12  192.178  1957.87  89.9649  1.2  0.37  44.8  75  2.8332  100
177.169  192.178  1833.53  89.996  0.128  0.39  44.8  75  2.8332  100
177.217  192.306  1879.22  94.8567  159.102  0.39  44.8  75  2.8332  100
177.266  192.306  1860.16  95.2347  169.714  0.39  44.8  75  2.8332  100
177.315  192.435  1911.84  94.9142  163.775  0.38  44.8  75  2.8332  100
177.364  192.435  1858.4  96.4719  209.473  0.39  44.8  75  2.8332  100
177.413  192.564  1850.83  94.2758  137.993  0.39  44.7  75  2.8332  100
177.461  192.564  1910.45  95.2567  175.031  0.38  44.7  75  2.8332  100
177.51  192.693  1856.95  95.1834  167.766  0.39  44.7  75  2.8332  100
177.559  192.693  1944.14  89.2543  25.303  0.37  44.7  75  2.8332  100
177.608  192.822  1994.02  89.964  1.254  0.36  44.7  75  2.8332  100
177.656  192.822  1840.73  94.2983  137.959  0.39  44.7  75  2.8332  100
177.705  192.95  1984.51  89.8634  4.73  0.36  44.7  75  2.8332  100
177.754  192.95  1877.21  95.0569  165.467  0.39  44.7  75  2.8332  100
177.803  193.079  1851.36  95.2431  169.182  0.39  44.7  75  2.8332  100
177.851  193.079  1845.62  90.0056  0.18  0.39  44.7  75  2.8332  100
177.9  193.079  1853.66  95.1115  165.15  0.39  44.7  75  2.8332  100
177.949  193.208  1932.78  89.2072  26.743  0.37  44.7  75  2.8332  100
177.998  193.208  1902.9  95.3021  175.842  0.38  45.5  75  2.8332  100
178.046  193.337  1841.34  95.281  169.478  0.39  45.5  75  2.8332  100
178.095  193.337  1942.47  89.114  30.036  0.37  45.5  75  2.8332  100
178.144  193.466  1896.72  94.6983  155.358  0.38  45.5  75  2.8332  100
178.193  193.466  1844.13  95.5643  178.811  0.39  45.5  75  2.8332  100
178.241  193.594  1955  89.1171  30.124  0.37  45.5  75  2.8332  100
178.29  193.594  1878.22  94.9569  162.288  0.39  44  75  2.8332  100
178.339  193.723  1855.1  94.2469  137.379  0.39  44  75  2.8332  100
178.388  193.723  1891.52  95.1818  170.836  0.38  44  75  2.8332  100
178.436  193.852  1858.39  95.1745  167.606  0.39  44  75  2.8332  100
178.485  193.852  1975.51  90.0045  0.155  0.37  44  75  2.8332  100
178.534  193.981  1907.77  95.0347  167.423  0.38  44  75  2.8332  100
178.583  193.981  1962.66  89.9769  0.793  0.37  44.1  75  2.8332  100
178.632  194.11  1953.9  88.8969  37.617  0.37  44.1  75  2.8332  100
178.68  194.11  1970.28  89.8796  4.139  0.37  44.1  75  2.8332  100
178.729  194.11  1833.25  95.4018  172.582  0.4  44.1  75  2.8332  100
178.778  194.238  2007.29  89.992  0.281  0.36  44.1  75  2.8332  100
178.827  194.238  1883.39  94.7832  157.048  0.39  44.1  75  2.8332  100
178.875  194.367  1840.25  94.2095  135.081  0.39  44  75  2.8332  100
178.924  194.367  1907.19  95.2287  173.804  0.38  44  75  2.8332  100
178.973  194.496  1870.24  94.867  158.676  0.39  44  75  2.8332  100
179.022  194.496  1925.41  89.3606  21.486  0.38  44  75  2.8332  100
179.07  194.625  1983.3  89.6217  13.095  0.36  44  75  2.8332  100
179.12  194.625  1948.72  89.918  2.789  0.37  44  75  2.8332  100
179.168  194.754  1932.56  89.0594  31.725  0.37  44  75  2.8332  100
179.217  194.754  1906.51  96.0634  201.383  0.38  43.4  75  2.8332  100
179.266  194.882  1860.38  95.2798  171.191  0.39  43.4  75  2.8332  100
179.315  194.882  1982.29  89.9507  1.707  0.36  43.4  75  2.8332  100
179.363  195.011  1891.9  96.2396  205.623  0.38  43.4  75  2.8332  100
179.412  195.011  1855.06  93.9689  128.399  0.39  43.4  75  2.8332  100
179.461  195.14  1842.72  90.0566  1.822  0.39  43.4  75  2.8332  100
179.51  195.14  1870.82  95.2836  172.276  0.39  42.9  75  2.8332  100
179.558  195.269  1932.97  89.0943  30.555  0.37  42.9  75  2.8332  100
179.607  195.269  1884.86  94.7738  156.863  0.39  42.9  75  2.8332  100
179.656  195.269  1934.43  89.8825  3.967  0.37  42.9  75  2.8332  100
179.705  195.398  1953.9  88.8969  37.617  0.37  42.9  75  2.8332  100
179.754  195.398  1883.39  94.7832  157.048  0.39  42.9  75  2.8332  100
179.802  195.526  1843.77  94.3236  139.002  0.39  43.7  75  2.8332  100
179.851  195.526  2020.01  89.9654  1.221  0.36  43.7  75  2.8332  100
179.9  195.655  1878.9  95.0933  166.804  0.39  43.7  75  2.8332  100
179.949  195.655  1926.43  89.3178  22.938  0.38  43.7  75  2.8332  100
179.997  195.784  1897.94  95.2372  173.244  0.38  43.7  75  2.8332  100
180.046  195.784  1862.48  95.1025  165.643  0.39  43.7  75  2.8332  100
180.095  195.913  1929.27  89.0413  32.28  0.38  43  75  2.8332  100
180.144  195.913  1975.74  89.6621  11.651  0.37  43  75  2.8332  100
180.192  196.042  1782.76  90.0662  2.061  0.41  43  75  2.8332  100
180.241  196.042  1992.31  89.9553  1.554  0.36  43  75  2.8332  100
180.29  196.17  1886.34  94.7644  156.677  0.38  43  75  2.8332  100
180.339  196.17  1853.44  95.369  173.424  0.39  43  75  2.8332  100
180.387  196.299  1886.71  93.9857  131.141  0.38  44.3  75  2.8332  100
180.436  196.299  1865.59  95.1295  166.798  0.39  44.3  75  2.8332  100
180.485  196.299  1856.73  94.0038  129.641  0.39  44.3  75  2.8332  100
180.534  196.428  1910.22  95.2104  173.473  0.38  44.3  75  2.8332  100
180.583  196.428  1859.82  95.1655  167.446  0.39  44.3  75  2.8332  100
180.631  196.557  1861.38  95.1807  168.077  0.39  44.3  75  2.8332  100
180.68  196.557  1985.52  89.9516  1.678  0.36  43.4  75  2.8332  100
180.729  196.686  1791.09  89.987  0.406  0.4  43.4  75  2.8332  100
180.777  196.686  1986.79  90.0213  0.738  0.36  43.4  75  2.8332  100
180.826  196.814  1894.7  94.9005  161.854  0.38  43.4  75  2.8332  100
180.875  196.814  1822.89  94.1918  133.246  0.4  43.4  75  2.8332  100
180.924  196.943  1888.44  94.0212  132.428  0.38  43.4  75  2.8332  100
180.973  196.943  1876.76  94.9661  162.462  0.39  42.3  75  2.8332  100
181.022  197.072  1861.38  95.1807  168.077  0.39  42.3  75  2.8332  100
181.07  197.072  1988.44  89.7846  7.476  0.36  42.3  75  2.8332  100
181.119  197.201  1856.73  95.1385  166.295  0.39  42.3  75  2.8332  100
181.168  197.201  1991.73  90.0336  1.167  0.36  42.3  75  2.8332  100
181.217  197.33  1899.71  94.6792  154.973  0.38  42.3  75  2.8332  100
181.265  197.33  1930.5  89.9403  2.013  0.37  43.8  75  2.8332  100
181.314  197.33  1879.38  94.0355  132.262  0.39  43.8  75  2.8332  100
181.363  197.459  1893.99  94.763  157.266  0.38  43.8  75  2.8332  100
181.412  197.459  1845.13  95.4662  175.763  0.39  43.8  75  2.8332  100
181.46  197.587  1978.85  89.9307  2.395  0.37  43.8  75  2.8332  100
181.509  197.587  1877.3  96.3674  208.2  0.39  43.8  75  2.8332  100
181.558  197.716  1924.39  89.1441  28.744  0.38  43.8  75  2.8332  100
181.607  197.716  1911.03  95.0623  168.628  0.38  43  75  2.8332  100
181.655  197.845  1862.92  95.1927  168.604  0.39  43  75  2.8332  100
181.704  197.845  1939.79  89.279  24.409  0.37  43  75  2.8332  100
181.753  197.974  1973.97  89.7849  7.411  0.37  43  75  2.8332  100
181.802  197.974  1775.63  90.0345  1.068  0.41  43  75  2.8332  100
181.851  198.103  1951.22  89.0635  31.892  0.37  43  75  2.8332  100
181.9  198.103  1878.99  94.8112  157.597  0.39  44.9  75  2.8332  100
181.948  198.231  1845.64  94.1265  132.809  0.39  44.9  75  2.8332  100
181.997  198.231  2003.79  89.972  0.981  0.36  44.9  75  2.8332  100
182.046  198.36  1871.83  95.184  169.127  0.39  44.9  75  2.8332  100
182.095  198.36  1799.91  90.0648  2.036  0.4  44.9  75  2.8332  100
182.143  198.489  1892.31  95.0352  166.085  0.38  44.9  75  2.8332  100
182.192  198.489  1968.94  89.9813  0.643  0.37  44  75  2.8332  100
182.241  198.489  1939.57  89.1307  29.425  0.37  44  75  2.8332  100
182.29  198.618  1984.56  89.729  9.387  0.36  44  75  2.8332  100
182.338  198.618  1850.8  95.4314  175.184  0.39  44  75  2.8332  100
182.388  198.747  1963.18  88.8804  38.361  0.37  44  75  2.8332  100
182.436  198.747  1991.03  89.9794  0.717  0.36  44  75  2.8332  100
182.485  198.875  1851.58  95.288  170.645  0.39  43.9  75  2.8332  100
182.534  198.875  1830.68  90.0467  1.493  0.4  43.9  75  2.8332  100
182.583  199.004  1870.38  95.193  169.289  0.39  43.9  75  2.8332  100
182.631  199.004  1842.37  94.3332  139.201  0.39  43.9  75  2.8332  100
182.68  199.133  1842.72  90.0566  1.822  0.39  43.9  75  2.8332  100
182.729  199.133  1972.32  90.001  0.034  0.37  43.9  75  2.8332  100
182.778  199.262  1949.94  88.9578  35.466  0.37  44.1  75  2.8332  100
182.827  199.262  1968.65  89.7377  9.013  0.37  44.1  75  2.8332  100
182.875  199.391  1775.54  90.0002  0.005  0.41  44.1  75  2.8332  100
182.924  199.391  1956.41  88.8442  39.461  0.37  44.1  75  2.8332  100
182.973  199.519  1884.33  94.9655  163.098  0.39  44.1  75  2.8332  100
183.022  199.519  1847.77  94.2504  136.948  0.39  44.1  75  2.8332  100
183.071  199.519  1830.68  90.0467  1.493  0.4  43.1  75  2.8332  100
183.119  199.648  1870.47  94.9122  160.167  0.39  43.1  75  2.8332  100
183.168  199.648  1845.15  94.0376  129.918  0.39  43.1  75  2.8332  100
183.217  199.777  1906.73  95.1363  170.7  0.38  43.1  75  2.8332  100
183.266  199.777  1847.84  93.9942  128.711  0.39  43.1  75  2.8332  100
183.314  199.906  1937.1  89.1824  27.642  0.37  43.1  75  2.8332  100
183.363  199.906  1885.76  96.2267  204.534  0.39  42.9  75  2.8332  100
183.412  200.035  1845.34  95.5109  177.217  0.39  42.9  75  2.8332  100
183.461  200.035  1989.78  90.006  0.207  0.36  42.9  75  2.8332  100
183.51  200.163  1880.83  95.1752  169.654  0.39  42.9  75  2.8332  100
183.558  200.163  1849.38  94.0082  129.272  0.39  42.9  75  2.8332  100
183.607  200.292  1904.04  94.9149  163.132  0.38  42.9  75  2.8332  100
183.656  200.292  1863.47  95.0032  162.516  0.39  44.4  75  2.8332  100
183.705  200.421  1920.53  89.2035  26.696  0.38  44.4  75  2.8332  100
183.754  200.421  1905.91  95.284  175.52  0.38  44.4  75  2.8332  100
183.802  200.55  1847.31  95.0132  161.427  0.39  44.4  75  2.8332  100
183.851  200.55  1946.64  89.2026  27.091  0.37  44.4  75  2.8332  100
183.9  200.55  1901.16  95.2651  174.459  0.38  44.4  75  2.8332  100
183.949  200.679  1838.86  95.367  171.997  0.4  43.9  75  2.8332  100
183.997  200.679  1972  89.8908  3.757  0.37  43.9  75  2.8332  100
184.046  200.807  1879.85  96.2597  204.968  0.39  43.9  75  2.8332  100
184.095  200.807  1839.54  94.0765  130.768  0.39  43.9  75  2.8332  100
184.144  200.936  1885.24  93.9957  131.367  0.38  43.9  75  2.8332  100
184.193  200.936  1871.81  95.4894  179.06  0.39  43.9  75  2.8332  100
184.241  201.065  1922.15  89.3421  22.07  0.38  43.9  75  2.8332  100
184.29  201.065  1907.77  95.0347  167.423  0.38  44.7  75  2.8332  100
184.339  201.194  1959.76  89.992  0.274  0.37  44.7  75  2.8332  100
184.388  201.194  1945.99  89.0185  33.332  0.37  44.7  75  2.8332  100
184.436  201.323  1978.63  89.9115  3.055  0.37  44.7  75  2.8332  100
184.485  201.323  1849.8  95.5298  178.253  0.39  44.7  75  2.8332  100
184.535  201.451  1970.68  89.1033  30.842  0.37  44.7  75  2.8332  100
184.584  201.451  1879.13  95.1388  168.31  0.39  44  75  2.8332  100
184.632  201.58  1845.88  94.171  134.256  0.39  44  75  2.8332  100
184.681  201.58  1901.27  94.9797  165.035  0.38  44  75  2.8332  100
184.73  201.709  1860.81  95.0664  164.33  0.39  44  75  2.8332  100
184.779  201.709  1925.21  89.2136  26.424  0.38  44  75  2.8332  100
184.827  201.709  1976.99  89.769  7.971  0.37  44  75  2.8332  100
184.876  201.838  1843.37  93.9791  127.916  0.39  41.6  75  2.8332  100
184.925  201.838  1942.47  89.114  30.036  0.37  41.6  75  2.8332  100
184.974  201.967  1893.75  94.7172  155.738  0.38  41.6  75  2.8332  100
185.022  201.967  1832.57  94.1248  131.814  0.4  41.6  75  2.8332  100
185.071  202.096  1960.06  89.9531  1.603  0.37  41.6  75  2.8332  100
185.121  202.096  1877.67  95.1478  168.475  0.39  41.6  75  2.8332  100
185.169  202.224  1923.78  89.2218  26.128  0.38  44  75  2.8332  100
185.218  202.224  1898.83  93.9509  130.833  0.38  44  75  2.8332  100
185.267  202.353  1856.6  93.9798  128.857  0.39  44  75  2.8332  100
185.316  202.353  1937.71  89.1041  30.297  0.37  44  75  2.8332  100
185.364  202.482  1900.94  95.2191  172.916  0.38  44  75  2.8332  100
185.413  202.482  1774.16  90.0076  0.234  0.41  44  75  2.8332  100
185.462  202.611  1936.69  89.1474  28.818  0.37  43.9  75  2.8332  100
185.511  202.611  1887.05  94.9013  161.228  0.38  43.9  75  2.8332  100
185.559  202.74  1830.03  94.1881  133.649  0.4  43.9  75  2.8332  100
185.608  202.74  1988.38  89.9192  2.803  0.36  43.9  75  2.8332  100
185.657  202.74  1880.37  95.0841  166.636  0.39  43.9  75  2.8332  100
185.706  202.868  1858.51  95.1986  168.396  0.39  43.9  75  2.8332  100
185.755  202.868  1898.17  95.2832  174.782  0.38  43.5  75  2.8332  100
185.804  202.997  1849.61  95.1832  167.094  0.39  43.5  75  2.8332  100
185.852  202.997  1929.27  89.0413  32.28  0.38  43.5  75  2.8332  100
185.901  203.126  2005.52  89.9807  0.676  0.36  43.5  75  2.8332  100
185.95  203.126  1961.21  89.9844  0.533  0.37  43.5  75  2.8332  100
185.999  203.255  1948.3  89.0804  31.269  0.37  43.5  75  2.8332  100
186.047  203.255  1890  94.8827  160.869  0.38  44.5  75  2.8332  100
186.096  203.384  1781.19  90.0048  0.149  0.41  44.5  75  2.8332  100
186.145  203.384  1969.82  89.0321  33.274  0.37  44.5  75  2.8332  100
186.194  203.512  1876.65  95.2478  171.645  0.39  44.5  75  2.8332  100
186.243  203.512  1853.19  94.1672  134.665  0.39  44.5  75  2.8332  100
186.292  203.641  1897.48  95.1453  170.17  0.38  44.5  75  2.8332  100
186.34  203.641  1841.77  95.3703  172.373  0.39  43.8  75  2.8332  100
186.389  203.77  1938.96  89.209  26.766  0.37  43.8  75  2.8332  100
186.438  203.77  1981.79  89.6298  12.805  0.37  43.8  75  2.8332  100
186.487  203.899  1931.94  89.9326  2.272  0.37  43.8  75  2.8332  100
186.535  203.899  1955.19  89.0028  34.029  0.37  43.8  75  2.8332  100
186.584  203.899  1882.85  94.9747  163.273  0.39  43.8  75  2.8332  100
186.633  204.028  1782.58  89.9973  0.083  0.41  43.8  75  2.8332  100
186.682  204.028  2009.28  90.0198  0.696  0.36  42.6  75  2.8332  100
186.731  204.156  1874.29  95.0751  165.804  0.39  42.6  75  2.8332  100
186.779  204.156  1850.55  93.9539  127.601  0.39  42.6  75  2.8332  100
186.828  204.285  1839.65  90.0364  1.167  0.39  42.6  75  2.8332  100
186.877  204.285  1855.3  95.1474  166.456  0.39  42.6  75  2.8332  100
186.926  204.414  1799.82  90.03  0.943  0.4  42.6  75  2.8332  100
186.975  204.414  1897.44  94.8359  159.958  0.38  44.5  75  2.8332  100
187.023  204.543  1776.93  89.9927  0.226  0.41  44.5  75  2.8332  100
187.072  204.543  1951.65  89.0987  30.699  0.37  44.5  75  2.8332  100
187.121  204.672  1889.58  95.0994  167.952  0.38  44.5  75  2.8332  100
187.169  204.672  1818.55  94.1765  132.443  0.4  44.5  75  2.8332  100
187.218  204.8  1851.45  89.7973  6.549  0.39  44.5  75  2.8332  100
187.267  204.8  1643.42  94.4774  128.294  0.44  43.1  75  2.8332  100
187.316  204.929  1638.82  86.9343  87.646  0.44  43.1  75  2.8332  100
187.364  204.929  1936.43  81.8739  273.719  0.38  43.1  75  2.8332  100
187.413  204.929  2025.67  81.1583  311.356  0.36  43.1  75  2.8332  100
187.462  205.058  2022.71  77.6938  431.113  0.37  43.1  75  2.8332  100
187.511  205.058  2119.49  79.058  402.311  0.35  43.1  75  2.8332  100
187.559  205.187  2047.55  78.4109  411.335  0.36  42.8  75  2.8332  100
187.608  205.187  2031.87  76.0427  490.085  0.37  42.8  75  2.8332  100
187.657  205.316  2094.23  77.9499  437.206  0.35  42.8  75  2.8332  100
187.706  205.316  2013.18  79.1463  379.086  0.37  42.8  75  2.8332  100
187.754  205.444  2039.22  78.5332  405.396  0.36  42.8  75  2.8332  100
187.804  205.444  2042.83  79.5916  369.065  0.36  42.8  75  2.8332  100
187.853  205.573  2018.01  80.0677  348.074  0.36  43.6  75  2.8332  100
187.901  205.573  2061.35  78.5912  407.75  0.36  43.6  75  2.8332  100
187.95  205.702  1999.81  77.7317  424.937  0.37  43.6  75  2.8332  100
187.999  205.702  2033.69  76.1124  488.121  0.37  43.6  75  2.8332  100
188.048  205.831  2084.75  76.6458  481.516  0.36  43.6  75  2.8332  100
188.096  205.831  2051.59  78.659  403.44  0.36  43.6  75  2.8332  100
188.145  205.96  2010.08  76.2953  476.224  0.37  43.5  75  2.8332  100
188.194  205.96  2059.78  76.8988  466.893  0.36  43.5  75  2.8332  100
188.243  205.96  2027.05  75.3511  512.629  0.37  43.5  75  2.8332  100
188.291  206.088  2065.91  76.1554  494.35  0.36  43.5  75  2.8332  100
188.34  206.088  2075.14  76.9635  468.092  0.36  43.5  75  2.8332  100
188.389  206.217  1962.14  75.1478  502.948  0.38  43.5  75  2.8332  100
188.438  206.217  2076.18  72.9041  610.337  0.36  42.7  75  2.8332  100
188.486  206.346  1920.55  71.3915  612.847  0.4  42.7  75  2.8332  100
188.535  206.346  1896.28  68.6303  690.976  0.41  42.7  75  2.8332  100
188.584  206.475  2044.94  68.0935  762.952  0.38  42.7  75  2.8332  100
188.633  206.475  1930.36  71.8592  601.024  0.39  42.7  75  2.8332  100
188.682  206.604  1870.93  70.3793  628.244  0.41  42.7  75  2.8332  100
188.73  206.604  1837.68  70.8834  601.826  0.42  43.7  75  2.8332  100
188.779  206.733  1824.66  69.9375  625.939  0.42  43.7  75  2.8332  100
188.828  206.733  1795.32  68.2513  665.23  0.43  43.7  75  2.8332  100
188.877  206.861  1898.83  71.1403  613.798  0.4  43.7  75  2.8332  100
188.925  206.861  1823.9  70.229  616.957  0.42  43.7  75  2.8332  100
188.975  206.99  1794.58  67.7098  680.68  0.44  43.7  75  2.8332  100
189.023  206.99  1961.19  69.1733  697.286  0.39  44.1  75  2.8332  100
189.072  207.119  1891.42  66.8557  743.419  0.42  44.1  75  2.8332  100
189.121  207.119  1982.02  68.9973  710.377  0.39  44.1  75  2.8332  100
189.17  207.119  1930.31  70.7813  635.409  0.4  44.1  75  2.8332  100
189.218  207.248  1916.3  68.2815  709.118  0.41  44.1  75  2.8332  100
189.267  207.248  1999.15  67.4535  766.54  0.39  44.1  75  2.8332  100
189.316  207.377  2004.63  67.7242  759.885  0.39  44.1  75  2.8332  100
189.365  207.377  1950.4  66.8718  766.095  0.4  44  75  2.8332  100
189.414  207.505  1968.56  68.3423  726.518  0.4  44  75  2.8332  100
189.462  207.505  2005.5  68.3795  738.939  0.39  44  75  2.8332  100
189.511  207.634  2077.74  68.1731  772.513  0.38  44  75  2.8332  100
189.56  207.634  2114.75  69.2552  749.061  0.37  44  75  2.8332  100
189.609  207.763  1923.58  67.9886  720.938  0.41  44  75  2.8332  100
189.657  207.763  1974.12  69.5329  690.288  0.39  44.2  75  2.8332  100
189.706  207.892  1936.22  70.6662  641.027  0.4  44.2  75  2.8332  100
189.755  207.892  1809.88  67.6141  689.278  0.43  44.2  75  2.8332  100
189.804  208.021  1963.58  69.1829  697.827  0.39  44.2  75  2.8332  100
189.853  208.021  1828.42  68.8342  660.183  0.42  44.2  75  2.8332  100
189.901  208.149  1815.65  67.054  707.856  0.43  44.2  75  2.8332  100
189.95  208.149  1919  70.8993  627.955  0.4  44.6  75  2.8332  100
189.999  208.278  1770.1  70.0131  605.028  0.43  44.6  75  2.8332  100
190.047  208.278  1775.94  68.6167  647.516  0.44  44.6  75  2.8332  100
190.096  208.278  1889.66  68.698  686.485  0.41  44.6  75  2.8332  100
190.145  208.407  1839.04  66.6488  728.935  0.43  44.6  75  2.8332  100
190.194  208.407  1912.9  68.712  694.488  0.41  44.6  75  2.8332  100
190.242  208.536  1974.11  69.4363  693.404  0.39  44  75  2.8332  100
190.291  208.536  1875.13  67.1548  728.005  0.42  44  75  2.8332  100
190.34  208.665  2036.4  69.4428  715.065  0.38  44  75  2.8332  100
190.389  208.665  1918.2  68.7012  696.752  0.4  44  75  2.8332  100
190.437  208.793  2020.89  67.8973  760.397  0.39  44  75  2.8332  100
190.486  208.793  1978.14  69.3883  696.369  0.39  44  75  2.8332  100
190.535  208.922  1920.05  68.2317  712.057  0.41  43.1  75  2.8332  100
190.584  208.922  2011.09  67.5772  767.107  0.39  43.1  75  2.8332  100
190.632  209.051  1944.7  69.4884  681.415  0.4  43.1  75  2.8332  100
190.681  209.051  1970.08  65.3586  821.401  0.4  43.1  75  2.8332  100
190.73  209.18  2081.61  68.4623  764.185  0.37  43.1  75  2.8332  100
190.779  209.18  1934.65  67.6876  734.503  0.4  43.1  75  2.8332  100
190.828  209.309  2043.88  65.8787  835.269  0.39  44.4  75  2.8332  100
190.877  209.309  2100.25  65.651  865.919  0.38  44.4  75  2.8332  100
190.925  209.309  2111.01  66.1308  854.22  0.37  44.4  75  2.8332  100
190.974  209.437  2167.41  67.5181  828.796  0.36  44.4  75  2.8332  100
191.023  209.437  2065.64  67.8037  780.36  0.38  44.4  75  2.8332  100
191.072  209.566  2214.71  65.9688  901.905  0.36  44.4  75  2.8332  100
191.12  209.566  2237.83  63.9693  982.079  0.36  44.4  75  2.8332  100
191.169  209.695  2174.27  66.6005  863.489  0.36  44.4  75  2.8332  100
191.218  209.695  2045.89  64.7269  873.458  0.39  44.4  75  2.8332  100
191.267  209.824  2169.24  67.4508  831.854  0.36  44.4  75  2.8332  100
191.316  209.824  2200.55  65.6886  905.957  0.36  44.4  75  2.8332  100
191.365  209.953  2035.4  66.2426  819.99  0.39  44.4  75  2.8332  100
191.413  209.953  2097.99  67.2402  811.644  0.37  43.5  75  2.8332  100
191.462  210.081  1926.33  68.3826  709.673  0.4  43.5  75  2.8332  100
191.511  210.081  1861.22  67.4546  713.62  0.42  43.5  75  2.8332  100
191.56  210.21  1892.57  66.4233  756.984  0.42  43.5  75  2.8332  100
191.608  210.21  1946.55  67.778  736.176  0.4  43.5  75  2.8332  100
191.657  210.339  1940.49  67.9194  729.451  0.4  43.5  75  2.8332  100
191.706  210.339  2113.58  66.3903  846.499  0.37  43.5  75  2.8332  100
191.755  210.339  2017.78  67.0894  785.511  0.39  43.7  75  2.8332  100
191.804  210.468  1997.79  68.2014  741.868  0.39  43.7  75  2.8332  100
191.852  210.468  1949.93  67.0508  760.306  0.4  43.7  75  2.8332  100
191.901  210.597  1930.94  65.2543  808.275  0.41  43.7  75  2.8332  100
191.95  210.597  2240.99  67.5298  856.516  0.35  43.7  75  2.8332  100
191.999  210.725  1975.71  69.3784  695.836  0.39  43.7  75  2.8332  100
192.047  210.725  1893.56  67.5502  723.101  0.41  43.1  75  2.8332  100
192.096  210.854  2066.05  68.115  770.107  0.38  43.1  75  2.8332  100
192.145  210.854  2041.45  64.933  864.919  0.39  43.1  75  2.8332  100
192.194  210.983  1993.93  68.404  733.884  0.39  43.1  75  2.8332  100
192.242  210.983  1981.38  69.3692  698.129  0.39  43.1  75  2.8332  100
192.291  211.112  2002.75  67.5839  763.71  0.39  43.1  75  2.8332  100
192.34  211.112  1993.03  67.2663  770.205  0.39  43.8  75  2.8332  100
192.389  211.241  1903.24  68.8937  685.353  0.41  43.8  75  2.8332  100
192.437  211.241  1899.27  66.395  760.523  0.42  43.8  75  2.8332  100
192.486  211.369  2140.95  69.0037  767.122  0.36  43.8  75  2.8332  100
192.535  211.369  1932.55  68.4378  710.232  0.4  43.8  75  2.8332  100
192.584  211.369  2034.58  66.9678  796.025  0.39  43.8  75  2.8332  100
192.632  211.498  2115.54  65.2458  885.833  0.38  42.8  75  2.8332  100
192.681  211.498  2136.2  66.3951  855.394  0.37  42.8  75  2.8332  100
192.73  211.627  1980.03  68.4673  726.737  0.39  42.8  75  2.8332  100
192.779  211.627  2009.94  66.9639  786.513  0.39  42.8  75  2.8332  100
192.827  211.756  2101.86  62.8763  958.264  0.39  42.8  75  2.8332  100
192.877  211.756  2166.96  67.8795  815.982  0.36  42.8  75  2.8332  100
192.925  211.885  1982  68.8518  715.069  0.39  44.5  75  2.8332  100
192.974  211.885  1853.71  65.5633  766.855  0.43  44.5  75  2.8332  100
193.023  212.014  2016.83  67.0683  785.827  0.39  44.5  75  2.8332  100
193.072  212.014  1911.92  68.4555  702.104  0.41  44.5  75  2.8332  100
193.12  212.142  1967.23  66.9222  771.116  0.4  44.5  75  2.8332  100
193.17  212.142  2196.32  65.3371  916.478  0.36  44.5  75  2.8332  100
193.218  212.271  1967.15  65.9639  801.246  0.4  43.6  75  2.8332  100
193.267  212.271  1922.6  67.8717  724.206  0.41  43.6  75  2.8332  100
193.316  212.4  1906.73  68.6081  695.469  0.41  43.6  75  2.8332  100
193.365  212.4  2119.37  66.0982  858.705  0.37  43.6  75  2.8332  100
193.413  212.529  1998.06  67.7694  755.935  0.39  43.6  75  2.8332  100
193.462  212.529  1861.22  67.4546  713.62  0.42  43.6  75  2.8332  100
193.511  212.529  1931.5  68.1775  718.001  0.4  43.7  75  2.8332  100
193.56  212.658  1896.42  68.8184  685.223  0.41  43.7  75  2.8332  100
193.608  212.658  1965.76  66.9844  768.575  0.4  43.7  75  2.8332  100
193.657  212.786  2081.97  66.9466  815.279  0.38  43.7  75  2.8332  100
193.706  212.786  2119.36  69.0991  756.09  0.37  43.7  75  2.8332  100
193.755  212.915  1926.74  68.0641  719.772  0.4  43.7  75  2.8332  100
193.804  212.915  2114.33  65.9938  860.184  0.37  44.2  75  2.8332  100
193.852  213.044  2150  68.256  796.491  0.36  44.2  75  2.8332  100
193.901  213.044  2032.51  66.1306  822.46  0.39  44.2  75  2.8332  100
193.95  213.173  2077.57  67.4596  796.404  0.38  44.2  75  2.8332  100
193.999  213.173  2087.59  68.137  777.394  0.37  44.2  75  2.8332  100
194.048  213.302  1971.73  65.8738  805.94  0.4  44.2  75  2.8332  100
194.097  213.302  1990.26  69.0471  711.718  0.39  44.2  75  2.8332  100
194.145  213.43  1953.21  67.0786  760.712  0.4  43.6  75  2.8332  100
194.194  213.43  2070.42  68.0104  775.243  0.38  43.6  75  2.8332  100
194.243  213.559  2049.06  68.7365  743.107  0.38  43.6  75  2.8332  100
194.292  213.559  1998.8  68.3223  738.328  0.39  43.6  75  2.8332  100
194.341  213.559  2060.57  68.8988  741.841  0.38  43.6  75  2.8332  100
194.39  213.688  1990.76  67.8935  749.179  0.39  43.6  75  2.8332  100
194.439  213.688  1968.27  65.7973  806.923  0.4  44.1  75  2.8332  100
194.488  213.817  2068.67  67.4669  792.747  0.38  44.1  75  2.8332  100
194.536  213.817  1927.17  67.371  741.503  0.41  44.1  75  2.8332  100
194.585  213.946  2139.86  66.0013  870.314  0.37  44.1  75  2.8332  100
194.634  213.946  2128.52  68.6781  773.946  0.36  44.1  75  2.8332  100
194.683  214.074  2049.78  65.057  864.425  0.39  44.1  75  2.8332  100
194.731  214.074  2026.04  66.9771  792.38  0.39  43.7  75  2.8332  100
194.78  214.203  2126.87  69.3706  749.344  0.36  43.7  75  2.8332  100
194.829  214.203  2043.35  64.9725  864.444  0.39  43.7  75  2.8332  100
194.878  214.332  2179.12  66.9657  852.65  0.36  43.7  75  2.8332  100
194.927  214.332  1990.35  67.1572  772.662  0.39  43.7  75  2.8332  100
194.975  214.461  1954.76  66.4014  782.544  0.4  43.7  75  2.8332  100
195.024  214.461  2102.57  65.8014  861.844  0.38  43.2  75  2.8332  100
195.073  214.59  2198.23  65.9108  897.226  0.36  43.2  75  2.8332  100
195.122  214.59  1946.81  67.4526  746.5  0.4  43.2  75  2.8332  100
195.17  214.718  2028.71  69.5113  710.094  0.38  43.2  75  2.8332  100
195.219  214.718  2084.62  67.9187  783.652  0.37  43.2  75  2.8332  100
195.268  214.718  2225.4  64.9315  942.905  0.36  43.2  75  2.8332  100
195.317  214.847  1954.88  69.3079  690.749  0.4  43  75  2.8332  100
195.365  214.847  2038.47  66.7558  804.486  0.39  43  75  2.8332  100
195.414  214.976  2069.8  68.2493  767.003  0.38  43  75  2.8332  100
195.463  214.976  2122.59  66.2683  854.243  0.37  43  75  2.8332  100
195.512  215.105  2052.33  65.2602  858.898  0.39  43  75  2.8332  100
195.56  215.105  2107.11  65.2282  882.888  0.38  43  75  2.8332  100
195.609  215.234  2132.52  64.7599  909.334  0.38  43.4  75  2.8332  100
195.658  215.234  2146.91  65.2562  898.616  0.37  43.4  75  2.8332  100
195.707  215.362  2046.6  68.8803  737.423  0.38  43.4  75  2.8332  100
195.755  215.362  1960.71  66.8695  770.22  0.4  43.4  75  2.8332  100
195.804  215.491  2043.01  66.5067  814.428  0.39  43.4  75  2.8332  100
195.854  215.491  1994.75  67.3052  769.619  0.39  43.4  75  2.8332  100
195.903  215.62  1998.1  68.4522  733.855  0.39  43.3  75  2.8332  100
195.951  215.62  1999.59  68.3405  738.028  0.39  43.3  75  2.8332  100
196  215.749  1987.3  68.3953  731.726  0.39  43.3  75  2.8332  100
196.049  215.749  2109.34  62.9228  960.153  0.39  43.3  75  2.8332  100
196.098  215.749  2124.99  67.9772  796.816  0.37  43.3  75  2.8332  100
196.147  215.878  1991.38  67.7138  755.197  0.39  43.3  75  2.8332  100
196.196  215.878  1956.7  66.5403  778.969  0.4  43.5  75  2.8332  100
196.244  216.006  2061.99  68.4777  756.47  0.38  43.5  75  2.8332  100
196.293  216.006  2025.86  66.5293  806.858  0.39  43.5  75  2.8332  100
196.342  216.135  2021.89  67.4763  774.514  0.39  43.5  75  2.8332  100
196.391  216.135  2000.96  68.0795  746.997  0.39  43.5  75  2.8332  100
196.44  216.264  2145.07  65.5329  888.425  0.37  43.5  75  2.8332  100
196.488  216.264  2101.46  67.6225  800.04  0.37  44.5  75  2.8332  100
196.537  216.393  1975.71  69.3784  695.836  0.39  44.5  75  2.8332  100
196.586  216.393  1976.61  65.5973  816.631  0.4  44.5  75  2.8332  100
196.635  216.522  2113.28  66.6416  837.877  0.37  44.5  75  2.8332  100
196.683  216.522  2049.57  66.3496  822.195  0.39  44.5  75  2.8332  100
196.732  216.651  2008.36  67.9558  753.779  0.39  44.5  75  2.8332  100
196.781  216.651  1960.4  69.2023  696.079  0.39  44.5  75  2.8332  100
196.83  216.779  1996.3  64.4757  860.194  0.4  44.2  75  2.8332  100
196.878  216.779  2198.49  66.7207  868.872  0.36  44.2  75  2.8332  100
196.927  216.779  1995.85  67.962  748.883  0.39  44.2  75  2.8332  100
196.976  216.908  1970.21  65.8882  804.869  0.4  44.2  75  2.8332  100
197.025  216.908  2076.37  67.8385  783.245  0.38  44.2  75  2.8332  100
197.074  217.037  1954.06  66.7656  770.865  0.4  44.2  75  2.8332  100
197.123  217.037  1904.24  65.7705  781.484  0.42  44.2  75  2.8332  100
197.172  217.166  2060.1  68.3345  760.563  0.38  44.2  75  2.8332  100
197.22  217.166  1953.4  67.1782  757.66  0.4  44.2  75  2.8332  100
197.269  217.295  2131.66  65.262  892.033  0.37  44.2  75  2.8332  100
197.318  217.295  1917.75  68.2699  710.018  0.41  44.2  75  2.8332  100
197.367  217.423  1905.2  65.8387  779.812  0.42  44.2  75  2.8332  100
197.415  217.423  2119.59  66.9296  830.587  0.37  44.4  75  2.8332  100
197.464  217.552  2196.68  66.0408  892.043  0.36  44.4  75  2.8332  100
197.513  217.552  2070.99  64.7942  881.975  0.39  44.4  75  2.8332  100
197.562  217.681  2024.08  67.279  781.789  0.39  44.4  75  2.8332  100
197.611  217.681  2019.94  67.3343  778.393  0.39  44.4  75  2.8332  100
197.66  217.81  2076.89  65.1682  872.203  0.38  44.4  75  2.8332  100
197.708  217.81  2265.97  66.3756  908.065  0.35  43.7  75  2.8332  100
197.757  217.939  2017.2  66.4872  804.769  0.39  43.7  75  2.8332  100
197.806  217.939  2127.55  65.4382  884.367  0.37  43.7  75  2.8332  100
197.855  217.939  2138.14  67.9485  802.745  0.37  43.7  75  2.8332  100
197.903  218.067  2108.18  67.2539  815.126  0.37  43.7  75  2.8332  100
197.952  218.067  2208.29  66.5962  877.152  0.36  43.7  75  2.8332  100
198.001  218.196  2283.82  66.613  906.54  0.35  45  75  2.8332  100
198.05  218.196  2257.68  63.899  993.277  0.36  45  75  2.8332  100
198.098  218.325  2228.82  64.2904  966.883  0.36  45  75  2.8332  100
198.147  218.325  2132.69  65.8545  872.387  0.37  45  75  2.8332  100
198.196  218.454  2154.3  64.6693  921.7  0.37  45  75  2.8332  100
198.245  218.454  2323.35  67.6694  882.757  0.34  45  75  2.8332  100
198.293  218.583  2194.64  66.0535  890.769  0.36  43.6  75  2.8332  100
198.342  218.583  2157.08  64.4086  931.751  0.37  43.6  75  2.8332  100
198.391  218.711  2048.12  67.8654  771.699  0.38  43.6  75  2.8332  100
198.44  218.711  2035.79  65.8053  834.347  0.39  43.6  75  2.8332  100
198.489  218.84  2197.14  67.0151  857.958  0.36  43.6  75  2.8332  100
198.537  218.84  2269.1  66.7693  895.009  0.35  43.6  75  2.8332  100
198.586  218.969  2212.39  65.2752  925.354  0.36  43.5  75  2.8332  100
198.635  218.969  2090.85  66.1695  844.771  0.38  43.5  75  2.8332  100
198.683  218.969  2066.47  68.4777  758.112  0.38  43.5  75  2.8332  100
198.732  219.098  2071.55  63.8979  911.421  0.39  43.5  75  2.8332  100
198.781  219.098  2098.6  66.3325  842.437  0.38  43.5  75  2.8332  100
198.83  219.227  2032.31  66.3736  814.49  0.39  43.5  75  2.8332  100
198.878  219.227  2074.51  67.7471  785.61  0.38  46.3  75  2.8332  100
198.927  219.355  2205.2  65.2964  921.606  0.36  46.3  75  2.8332  100
198.976  219.355  2028.95  66.3994  812.307  0.39  46.3  75  2.8332  100
199.025  219.484  2001.74  66.6836  792.302  0.39  46.3  75  2.8332  100
199.073  219.484  2171.77  67.822  819.81  0.36  46.3  75  2.8332  100
199.122  219.613  2006.64  63.9621  880.847  0.4  46.3  75  2.8332  100
199.171  219.613  2202.71  65.7313  905.349  0.36  46.3  75  2.8332  100
199.22  219.742  2195.85  65.4884  911.006  0.36  44.3  75  2.8332  100
199.268  219.742  2149.65  65.4684  892.527  0.37  44.3  75  2.8332  100
199.317  219.871  2056.55  67.6525  781.948  0.38  44.3  75  2.8332  100
199.366  219.871  1937.2  67.3234  746.847  0.4  44.3  75  2.8332  100
199.415  219.999  2085.5  67.3275  803.883  0.38  44.3  75  2.8332  100
199.463  219.999  2061.69  68.1689  766.684  0.38  44.3  75  2.8332  100
199.512  219.999  2036.46  66.3151  818.058  0.39  42.4  75  2.8332  100
199.561  220.128  2094.93  66.3065  841.836  0.38  42.4  75  2.8332  100
199.61  220.128  2000.89  67.0544  780.059  0.39  42.4  75  2.8332  100
199.658  220.257  2157.89  64.3719  933.348  0.37  42.4  75  2.8332  100
199.707  220.257  2116.32  65.4678  878.704  0.38  42.4  75  2.8332  100
199.756  220.386  2084.86  67.5171  797.268  0.38  42.4  75  2.8332  100
199.805  220.386  2105.11  66.0079  855.959  0.38  43.8  75  2.8332  100
199.854  220.515  2079.48  67.045  811.013  0.38  43.8  75  2.8332  100
199.902  220.515  2127.34  66.2634  856.323  0.37  43.8  75  2.8332  100
199.951  220.643  2103.05  66.9902  822.059  0.37  43.8  75  2.8332  100
200  220.643  2127.94  68.0931  793.933  0.37  43.8  75  2.8332  100
200.049  220.772  2006.99  67.6313  763.793  0.39  43.8  75  2.8332  100
200.098  220.772  2087.42  66.9621  816.891  0.38  44.7  75  2.8332  100
200.147  220.901  2152.23  67.7254  815.796  0.36  44.7  75  2.8332  100
200.195  220.901  1984.37  64.8027  844.821  0.4  44.7  75  2.8332  100
200.244  221.03  2210.11  65.8238  905.137  0.36  44.7  75  2.8332  100
200.293  221.03  2143.17  65.0245  904.911  0.37  44.7  75  2.8332  100
200.342  221.159  2104.91  62.9943  955.795  0.39  44.7  75  2.8332  100
200.391  221.159  2215.62  69.1831  787.395  0.35  43.7  75  2.8332  100
200.439  221.159  2092.74  66.5153  833.967  0.38  43.7  75  2.8332  100
200.488  221.288  2202.24  62.6847  1010.58  0.37  43.7  75  2.8332  100
200.537  221.288  2281.23  66.0609  925.644  0.35  43.7  75  2.8332  100
200.586  221.416  2156.57  64.2936  935.433  0.37  43.7  75  2.8332  100
200.635  221.416  2167.67  63.1238  979.925  0.37  43.7  75  2.8332  100
200.683  221.545  2118.34  64.9932  895.478  0.38  44  75  2.8332  100
200.732  221.545  2236.03  64.9721  945.972  0.36  44  75  2.8332  100
200.781  221.674  2397.12  65.6007  990.236  0.33  44  75  2.8332  100
200.83  221.674  2256.04  63.1652  1018.42  0.36  44  75  2.8332  100
200.878  221.803  2281.7  63.1343  1031.1  0.36  44  75  2.8332  100
200.928  221.803  2287.44  65.9571  931.95  0.35  44  75  2.8332  100
200.976  221.932  2204.04  62.6061  1014.09  0.37  44.6  75  2.8332  100
201.025  221.932  2356.08  62.9822  1070.29  0.34  44.6  75  2.8332  100
201.074  222.06  2451.88  62.478  1132.99  0.33  44.6  75  2.8332  100
201.123  222.06  2329.2  61.0931  1125.91  0.35  44.6  75  2.8332  100
201.171  222.189  2420.74  63.7803  1069.52  0.33  44.6  75  2.8332  100
201.22  222.189  2286.53  65.3812  952.519  0.35  44.6  75  2.8332  100
201.269  222.189  2284.43  62.18  1066.13  0.36  44.4  75  2.8332  100
201.318  222.318  2519.61  64.9907  1065.21  0.32  44.4  75  2.8332  100
201.367  222.318  2404.88  65.3886  1001.54  0.33  44.4  75  2.8332  100
201.415  222.447  2328.05  60.5903  1143.19  0.36  44.4  75  2.8332  100
201.464  222.447  2396.06  65.64  988.299  0.33  44.4  75  2.8332  100
201.513  222.576  2296.6  62.231  1070.01  0.36  44.4  75  2.8332  100
201.562  222.576  2341.45  63.8468  1032.05  0.34  43.9  75  2.8332  100
201.611  222.704  2230.55  64.2143  970.305  0.36  43.9  75  2.8332  100
201.66  222.704  2125.9  65.5083  881.315  0.37  43.9  75  2.8332  100
201.708  222.833  2127.59  64.7135  908.792  0.38  43.9  75  2.8332  100
201.757  222.833  2044.89  65.154  859.224  0.39  43.9  75  2.8332  100
201.806  222.962  2052.5  64.4146  886.384  0.39  43.9  75  2.8332  100
201.855  222.962  2314.35  68.6263  843.463  0.34  43.9  75  2.8332  100
201.904  223.091  2247.66  63.8236  991.523  0.36  44.2  75  2.8332  100
201.952  223.091  2297.45  62.9022  1046.51  0.35  44.2  75  2.8332  100
202.001  223.22  2336.41  63.7569  1033.11  0.35  44.2  75  2.8332  100
202.05  223.22  2293.01  65.3358  956.871  0.35  44.2  75  2.8332  100
202.099  223.22  2521.73  64.8417  1072.04  0.32  44.2  75  2.8332  100
202.147  223.348  2527.69  65.6855  1040.77  0.31  44.2  75  2.8332  100
202.196  223.348  2295.64  62.2724  1068.09  0.36  44.5  75  2.8332  100
202.245  223.477  2377.72  62.3985  1101.64  0.34  44.5  75  2.8332  100
202.294  223.477  2304.03  65.9939  937.359  0.34  44.5  75  2.8332  100
202.342  223.606  2295.02  61.7851  1085.04  0.36  44.5  75  2.8332  100
202.392  223.606  2515.6  64.6759  1076.02  0.32  44.5  75  2.8332  100
202.441  223.735  2265.01  62.9292  1030.79  0.36  44.5  75  2.8332  100
202.489  223.735  2391.69  65.7359  982.848  0.33  42.1  75  2.8332  100
202.538  223.864  2498.64  66.5295  995.15  0.32  42.1  75  2.8332  100
202.587  223.864  2216.97  62.1721  1034.92  0.37  42.1  75  2.8332  100
202.636  223.992  2546.08  64.8809  1080.81  0.31  42.1  75  2.8332  100
202.685  223.992  2473.97  61.9061  1165.04  0.33  42.1  75  2.8332  100
202.733  224.121  2391.71  61.971  1123.91  0.34  42.1  75  2.8332  100
202.782  224.121  2385.12  61.7913  1127.41  0.34  43.7  75  2.8332  100
202.831  224.25  2199.21  62.6818  1009.29  0.37  43.7  75  2.8332  100
202.88  224.25  2359.67  63.7676  1043  0.34  43.7  75  2.8332  100
202.928  224.379  2496.86  64.6029  1070.88  0.32  43.7  75  2.8332  100
202.977  224.379  2344.04  63.6639  1039.9  0.34  43.7  75  2.8332  100
203.026  224.379  2474.14  63.194  1115.76  0.33  43.7  75  2.8332  100
203.075  224.508  2316.17  64.0189  1014.65  0.35  43.2  75  2.8332  100
203.124  224.508  2292.08  66.0461  930.588  0.35  43.2  75  2.8332  100
203.172  224.636  2532.02  64.4585  1091.72  0.32  43.2  75  2.8332  100
203.221  224.636  2356.4  63.1106  1065.73  0.34  43.2  75  2.8332  100
203.27  224.765  2397.68  62.7002  1099.69  0.34  43.2  75  2.8332  100
203.319  224.765  2425.36  63.9786  1064.03  0.33  43.2  75  2.8332  100
203.367  224.894  2340.39  64.571  1004.94  0.34  43.7  75  2.8332  100
203.416  224.894  2252.97  64.2518  978.725  0.36  43.7  75  2.8332  100
203.465  225.023  2502.42  64.3914  1081.6  0.32  43.7  75  2.8332  100
203.514  225.023  2305.24  65.679  949.409  0.34  43.7  75  2.8332  100
203.563  225.152  2212.96  61.0636  1070.71  0.37  43.7  75  2.8332  100
203.612  225.152  2271.11  62.8118  1037.7  0.36  43.7  75  2.8332  100
203.66  225.28  2288.49  62.4345  1059.03  0.36  45  75  2.8332  100
203.709  225.28  2467.43  62.6255  1134.54  0.33  45  75  2.8332  100
203.758  225.409  2431.51  64.7386  1037.64  0.33  45  75  2.8332  100
203.807  225.409  2272.14  63.9999  996.044  0.35  45  75  2.8332  100
203.855  225.409  2483.5  66.1986  1002.26  0.32  45  75  2.8332  100
203.904  225.538  2309.28  64.9658  977.193  0.35  45  75  2.8332  100
203.953  225.538  2329.49  64.4304  1005.42  0.34  44  75  2.8332  100
204.002  225.667  2502.13  64.6315  1072.01  0.32  44  75  2.8332  100
204.05  225.667  2382.86  65.2833  996.347  0.33  44  75  2.8332  100
204.099  225.796  2285.95  63.0977  1034.33  0.35  44  75  2.8332  100
204.148  225.796  2248.75  66.3135  903.393  0.35  44  75  2.8332  100
204.197  225.924  2109.05  62.8075  963.795  0.39  44  75  2.8332  100
204.245  225.924  2309.04  61.9858  1084.54  0.35  44  75  2.8332  100
204.294  226.053  2237.46  63.9077  984.076  0.36  43.4  75  2.8332  100
204.343  226.053  2205.62  62.1232  1031.29  0.37  43.4  75  2.8332  100
204.392  226.182  2226.29  64.8942  944.593  0.36  43.4  75  2.8332  100
204.44  226.182  2177.68  63.2144  981.382  0.37  43.4  75  2.8332  100
204.489  226.311  2214.39  62.0074  1039.34  0.37  43.4  75  2.8332  100
204.538  226.311  2411.2  63.6162  1071.49  0.33  43.4  75  2.8332  100
204.587  226.44  2235.4  63.7057  990.243  0.36  42.1  75  2.8332  100
204.636  226.44  2284.96  63.138  1032.44  0.35  42.1  75  2.8332  100
204.684  226.44  2212.01  64.6743  946.217  0.36  42.1  75  2.8332  100
204.733  226.569  2291.1  62.2464  1066.9  0.36  42.1  75  2.8332  100
204.782  226.569  2442.93  62.8269  1115.64  0.33  42.1  75  2.8332  100
204.831  226.697  2510.3  64.9548  1062.69  0.32  42.1  75  2.8332  100
204.88  226.697  2310.3  62.7279  1058.62  0.35  43.5  75  2.8332  100
204.929  226.826  2286.65  62.5776  1053.11  0.36  43.5  75  2.8332  100
204.978  226.826  2291.77  62.4372  1060.45  0.36  43.5  75  2.8332  100
205.026  226.955  2394.05  63.1314  1081.98  0.34  43.5  75  2.8332  100
205.075  226.955  2529.14  64.1626  1102.25  0.32  43.5  75  2.8332  100
205.124  227.084  2389.39  63.1696  1078.45  0.34  43.5  75  2.8332  100
205.173  227.084  2390.23  62.6265  1099  0.34  42.8  75  2.8332  100
205.222  227.213  2377.66  65.4798  986.764  0.33  42.8  75  2.8332  100
205.27  227.213  2302.25  62.2774  1070.99  0.35  42.8  75  2.8332  100
205.319  227.341  2317.68  63.6499  1028.71  0.35  42.8  75  2.8332  100
205.368  227.341  2285.25  63.2623  1028.15  0.35  42.8  75  2.8332  100
205.417  227.47  2045.15  64.7614  872.029  0.39  42.8  75  2.8332  100
205.465  227.47  2155.14  67.2083  834.864  0.36  44  75  2.8332  100
205.514  227.599  2022.71  66.0176  822.144  0.39  44  75  2.8332  100
205.563  227.599  2193.51  62.796  1002.78  0.37  44  75  2.8332  100
205.612  227.599  2178.67  66.7971  858.374  0.36  44  75  2.8332  100
205.66  227.728  2258.51  64.3003  979.414  0.36  44  75  2.8332  100
205.709  227.728  2264.87  63.2791  1018.39  0.36  44  75  2.8332  100
205.758  227.857  2286.1  65.8755  934.375  0.35  44.1  75  2.8332  100
205.807  227.857  2305.46  62.2179  1074.6  0.35  44.1  75  2.8332  100
205.855  227.985  2368.24  63.2091  1067.45  0.34  44.1  75  2.8332  100
205.904  227.985  2231.17  63.6816  989.21  0.36  44.1  75  2.8332  100
205.953  228.114  2246.57  63.8035  991.751  0.36  44.1  75  2.8332  100
206.002  228.114  2301.61  64.9922  972.99  0.35  44.1  75  2.8332  100
206.05  228.243  2332.11  65.0476  983.836  0.34  44.2  75  2.8332  100
206.099  228.243  2481.81  63.2023  1118.9  0.33  44.2  75  2.8332  100
206.148  228.372  2460.93  66.8213  968.621  0.32  44.2  75  2.8332  100
206.197  228.372  2274.34  62.8151  1039.07  0.36  44.2  75  2.8332  100
206.245  228.501  2346.29  63.8756  1033.12  0.34  44.2  75  2.8531  100
206.294  228.501  2352.32  67.318  907.091  0.33  44.2  75  2.8531  100
206.343  228.629  2263.6  63.4007  1013.52  0.36  44.1  75  2.8531  100
206.392  228.629  2518.84  65.1008  1060.49  0.32  44.1  75  2.8531  100
206.441  228.629  2263.68  63.2558  1018.67  0.36  44.1  75  2.8531  100
206.489  228.758  2304.6  62.3214  1070.51  0.35  44.1  75  2.8531  100
206.538  228.758  2378.9  66.2005  959.977  0.33  44.1  75  2.8531  100
206.587  228.887  2480.67  62.344  1151.43  0.33  44.1  75  2.8531  100
206.636  228.887  2411.33  61.1352  1164.06  0.34  43.6  75  2.8531  100
206.684  229.016  2492.97  64.9026  1057.41  0.32  43.6  75  2.8531  100
206.733  229.016  2345.64  63.7495  1037.47  0.34  43.6  75  2.8531  100
206.782  229.145  2451.48  63.95  1076.58  0.33  43.6  75  2.8531  100
206.831  229.145  2412.24  64.2828  1046.74  0.33  43.6  75  2.8531  100
206.879  229.273  2335.28  59.752  1176.38  0.36  43.6  75  2.8531  100
206.928  229.273  2630.32  64.9464  1113.85  0.3  43.6  75  2.8531  100
206.977  229.402  2514.49  65.7036  1034.61  0.32  43.1  75  2.8531  100
207.026  229.402  2316.26  61.8198  1093.85  0.35  43.1  75  2.8531  100
207.075  229.531  2320.38  65.2283  972.245  0.34  43.1  75  2.8531  100
207.123  229.531  2295.63  65.7777  941.845  0.35  43.1  75  2.8531  100
207.172  229.66  2336.42  60.9206  1135.55  0.35  43.1  75  2.8531  100
207.221  229.66  2537.45  63.9282  1115.2  0.32  43.1  75  2.8531  100
207.269  229.66  2221.91  61.5202  1059.51  0.37  43.1  75  2.8531  100
207.318  229.789  2433.91  64.1856  1059.86  0.33  43.1  75  2.8531  100
207.367  229.789  2409.73  65.4173  1002.46  0.33  43.1  75  2.8531  100
207.416  229.917  2382.04  61.9213  1121.19  0.34  43.1  75  2.8531  100
207.465  229.917  2462.45  63.1131  1113.59  0.33  43.1  75  2.8531  100
207.513  230.046  2305.92  61.7486  1091.48  0.36  43.1  75  2.8531  100
207.562  230.046  2349.13  63.754  1038.85  0.34  42  75  2.8531  100
207.611  230.175  2478.23  67.1977  960.444  0.32  42  75  2.8531  100
207.66  230.175  2442.51  63.6773  1083.07  0.33  42  75  2.8531  100
207.709  230.304  2556.05  64.6733  1093.43  0.31  42  75  2.8531  100
207.757  230.304  2407.72  65.2044  1009.75  0.33  42  75  2.8531  100
207.806  230.433  2278.75  63.2546  1025.5  0.36  42  75  2.8531  100
207.855  230.433  2379.81  62.3132  1105.75  0.34  43.7  75  2.8531  100
207.904  230.561  2376.9  64.7107  1015.39  0.34  43.7  75  2.8531  100
207.952  230.561  2441.22  61.2131  1175.58  0.34  43.7  75  2.8531  100
208.001  230.69  2547.83  64.9728  1077.85  0.31  43.7  75  2.8531  100
208.05  230.69  2234.16  63.4645  998.115  0.36  43.7  75  2.8531  100
208.099  230.819  2238.96  63.7717  989.504  0.36  43.7  75  2.8531  100
208.148  230.819  2434.68  64.6157  1043.71  0.33  43.9  75  2.8531  100
208.196  230.819  2490.72  63.1668  1124.3  0.33  43.9  75  2.8531  100
208.245  230.948  2228.56  61.647  1058.35  0.37  43.9  75  2.8531  100
208.294  230.948  2380.19  65.5259  986.069  0.33  43.9  75  2.8531  100
208.343  231.077  2254.57  64.6118  966.644  0.36  43.9  75  2.8531  100
208.392  231.077  2211.54  65.6362  912.322  0.36  43.9  75  2.8531  100
208.44  231.206  2211.3  64.7686  942.622  0.36  45.2  75  2.8531  100
208.489  231.206  2232.3  64.5741  958.426  0.36  45.2  75  2.8531  100
208.538  231.334  2365.73  63.1008  1070.31  0.34  45.2  75  2.8531  100
208.587  231.334  2211.51  64.5569  950.098  0.36  45.2  75  2.8531  100
208.635  231.463  2244.58  64.7524  957.382  0.36  45.2  75  2.8531  100
208.684  231.463  2545.47  65.0577  1073.44  0.31  45.2  75  2.8531  100
208.733  231.592  2389.44  62.3641  1108.34  0.34  44.3  75  2.8531  100
208.782  231.592  2415.31  64.1592  1052.76  0.33  44.3  75  2.8531  100
208.83  231.721  2408.67  65.4569  1000.5  0.33  44.3  75  2.8531  100
208.879  231.721  2280.39  62.6358  1048.17  0.36  44.3  75  2.8531  100
208.928  231.85  2402.55  65.7581  986.463  0.33  44.3  75  2.8531  100
208.977  231.85  1381.7  90.0446  1.075  0.52  44.3  75  2.8531  100
209.026  231.85  1422.73  90.0289  0.717  0.51  43.8  75  2.8531  100
209.075  231.978  1700.17  90.0247  0.734  0.43  43.8  75  2.8531  100
209.123  231.978  1871.28  89.6667  10.886  0.39  43.8  75  2.8531  100
209.172  232.107  1946.17  88.9046  37.205  0.37  43.8  75  2.8531  100
209.221  232.107  1935.21  89.9522  1.616  0.37  43.8  75  2.8531  100
209.27  232.236  1835.49  94.4043  140.955  0.4  43.8  75  2.8531  100
209.318  232.236  1948.3  89.0804  31.269  0.37  43.8  75  2.8531  100
209.367  232.365  1771.18  86.6908  102.241  0.41  43.8  75  2.8531  100
209.416  232.365  1921.27  70.3703  645.429  0.4  43.8  75  2.8531  100
209.465  232.494  2145.95  67.4348  823.474  0.37  43.8  75  2.8531  100
209.513  232.494  2325.27  68.2769  860.632  0.33  43.8  75  2.8531  100
209.562  232.622  2247.64  64.262  976.052  0.36  43.8  75  2.8531  100
209.611  232.622  2834.22  63.2211  1276.95  0.29  43.8  75  2.8531  100
209.66  232.751  2236.88  64.4427  965.021  0.36  43.8  75  2.8531  100
209.709  232.751  2217.2  64.4495  956.293  0.36  43.8  75  2.8531  100
209.757  232.88  2276.35  66.2449  916.979  0.35  43.8  75  2.8531  100
209.806  232.88  2375.69  66.3152  954.329  0.33  43.8  75  2.8531  100
209.855  233.009  2336.17  64.1521  1018.53  0.34  43.8  75  2.8531  100
209.904  233.009  2400.01  64.5383  1031.78  0.33  43.8  75  2.8531  100
209.953  233.009  2203.09  61.6749  1045.31  0.37  44.7  75  2.8531  100
210.001  233.138  2427.06  64.3045  1052.34  0.33  44.7  75  2.8531  100
210.05  233.138  2491.14  66.6398  987.762  0.32  44.7  75  2.8531  100
210.099  233.266  2322.06  61.5657  1105.65  0.35  44.7  75  2.8531  100
210.148  233.266  2322.65  64.1926  1011.16  0.35  44.7  75  2.8531  100
210.196  233.395  2271.39  65.7049  934.533  0.35  44.7  75  2.8531  100
210.245  233.395  2314.55  60.5897  1136.58  0.36  42.9  75  2.8531  100
210.294  233.524  2656.17  64.5224  1142.57  0.3  42.9  75  2.8531  100
210.343  233.524  2332.11  64.0223  1021.52  0.35  42.9  75  2.8531  100
210.391  233.653  2397.66  62.3266  1113.55  0.34  42.9  75  2.8531  100
210.441  233.653  2295.06  64.7581  978.708  0.35  42.9  75  2.8531  100
210.489  233.782  2246  65.1082  945.355  0.36  42.9  75  2.8531  100
210.538  233.782  2545.2  64.1186  1111.01  0.32  43.9  75  2.8531  100
210.587  233.91  2515.37  65.2261  1054.04  0.32  43.9  75  2.8531  100
210.636  233.91  2405.93  65.349  1003.49  0.33  43.9  75  2.8531  100
210.684  234.039  2241.75  63.7142  992.757  0.36  43.9  75  2.8531  100
210.733  234.039  2221.81  64.1039  970.356  0.36  43.9  75  2.8531  100
210.782  234.039  2213.98  61.8849  1043.33  0.37  43.9  75  2.8531  100
210.831  234.168  2450.04  62.6999  1123.72  0.33  44.8  75  2.8531  100
210.88  234.168  2315.44  61.325  1111.04  0.36  44.8  75  2.8531  100
210.928  234.297  2405.16  61.7134  1139.76  0.34  44.8  75  2.8531  100
210.977  234.297  2306.03  64.7366  984.17  0.35  44.8  75  2.8531  100
211.026  234.426  2371.02  62.8916  1080.41  0.34  44.8  75  2.8531  100
211.075  234.426  2549.01  64.9302  1080.07  0.31  44.8  75  2.8531  100
211.123  234.554  2521.07  64.1516  1099.16  0.32  43.8  75  2.8531  100
211.172  234.554  2347.24  63.8351  1035.03  0.34  43.8  75  2.8531  100
211.221  234.683  2327.65  63.8284  1026.63  0.35  43.8  75  2.8531  100
211.27  234.683  2299.66  65.3489  959.169  0.35  43.8  75  2.8531  100
211.318  234.812  2296.45  61.5738  1093.17  0.36  43.8  75  2.8531  100
211.367  234.812  2510.59  66.1276  1016.04  0.32  43.8  75  2.8531  100
211.416  234.941  2203.69  62.4851  1018.06  0.37  43.2  75  2.8531  100
211.465  234.941  2364.67  63.1425  1068.29  0.34  43.2  75  2.8531  100
211.513  235.07  2279.94  66.3702  913.858  0.35  43.2  75  2.8531  100
211.562  235.07  2421.48  62.191  1129.68  0.34  43.2  75  2.8531  100
211.611  235.07  1992.54  81.7271  286.704  0.37  43.2  75  2.8531  100
211.66  235.198  1387.69  90.0577  1.398  0.52  43.2  75  2.8531  100
211.708  235.198  1584.41  89.5648  12.034  0.46  43.2  75  2.8531  100
211.757  235.327  1752.81  94.678  142.952  0.41  44.5  75  2.8531  100
211.806  235.327  1889.34  88.4707  50.424  0.38  44.5  75  2.8531  100
211.855  235.456  1961.09  88.9685  35.303  0.37  44.5  75  2.8531  100
211.904  235.456  1939.56  89.9292  2.397  0.37  44.5  75  2.8531  100
211.953  235.585  1826.7  94.3725  139.268  0.4  44.5  75  2.8531  100
212.001  235.585  1880.35  88.4546  50.712  0.38  44.5  75  2.8531  100
212.05  235.714  1755.21  84.6301  164.261  0.41  42.9  75  2.8531  100
212.099  235.714  1913.77  70.7216  631.848  0.4  42.9  75  2.8531  100
212.148  235.843  2054.56  67.5083  785.97  0.38  42.9  75  2.8531  100
212.196  235.843  2150.25  67.6833  816.506  0.36  42.9  75  2.8531  100
212.245  235.971  2185.95  67.4267  839.107  0.36  42.9  75  2.8531  100
212.294  235.971  2273.82  66.1402  919.761  0.35  42.9  75  2.8531  100
212.343  236.1  2108.53  66.593  837.634  0.37  43.8  75  2.8531  100
212.391  236.1  2202.43  65.9407  897.891  0.36  43.8  75  2.8531  100
212.44  236.1  2177.24  65.9178  888.416  0.36  43.8  75  2.8531  100
212.489  236.229  2134.93  65.1201  898.203  0.37  43.8  75  2.8531  100
212.538  236.229  2200.11  62.6425  1011.04  0.37  43.8  75  2.8531  100
212.586  236.358  2151.97  64.1515  938.245  0.37  43.8  75  2.8531  100
212.635  236.358  2194.34  63.097  992.898  0.37  43.7  75  2.8531  100
212.684  236.487  2274.24  63.167  1026.57  0.36  43.7  75  2.8531  100
212.733  236.487  2288.92  64.8677  972.129  0.35  43.7  75  2.8531  100
212.781  236.615  2349.79  63.2309  1058.34  0.34  43.7  75  2.8531  100
212.83  236.615  2181.83  67.3413  840.531  0.36  43.7  75  2.8531  100
212.879  236.744  2215.62  65.9328  903.548  0.36  43.7  75  2.8531  100
212.928  236.744  2318.93  65.1449  974.706  0.34  43  75  2.8531  100
212.977  236.873  2380.73  66.4674  950.558  0.33  43  75  2.8531  100
213.026  236.873  2149.09  64.3573  930.037  0.37  43  75  2.8531  100
213.074  237.002  2254.29  66.8079  887.773  0.35  43  75  2.8531  100
213.123  237.002  2288.48  66.3124  919.394  0.35  43  75  2.8531  100
213.172  237.131  2232.41  64.8483  948.808  0.36  43  75  2.8531  100
213.221  237.131  2324.76  65.1962  975.265  0.34  45  75  2.8531  100
213.27  237.259  2328.53  64.4699  1003.56  0.34  45  75  2.8531  100
213.318  237.259  2151.91  63.7308  952.416  0.37  45  75  2.8531  100
213.367  237.259  2256.15  67.8379  851.084  0.35  45  75  2.8531  100
213.416  237.388  2325.67  63.4521  1039.45  0.35  45  75  2.8531  100
213.465  237.388  2326.87  61.3522  1115.55  0.35  45  75  2.8531  100
213.513  237.517  2217.53  64.2936  961.876  0.36  44.1  75  2.8531  100
213.562  237.517  2234.24  65.0468  942.576  0.36  44.1  75  2.8531  100
213.611  237.646  2286.28  65.5999  944.477  0.35  44.1  75  2.8531  100
213.66  237.646  2348.16  67.5253  897.644  0.33  44.1  75  2.8531  100
213.708  237.775  2197.01  61.9554  1032.94  0.37  44.1  75  2.8531  100
213.757  237.775  2199.53  65.1319  924.969  0.36  44.1  75  2.8531  100
213.806  237.903  2144.36  64.1599  934.642  0.37  43.9  75  2.8531  100
213.855  237.903  2127.16  65.0674  896.705  0.38  43.9  75  2.8531  100
213.903  238.032  2223.22  64.1848  968.149  0.36  43.9  75  2.8531  100
213.952  238.032  2264.09  64.349  980.096  0.35  43.9  75  2.8531  100
214.001  238.161  2271.36  62.8755  1035.57  0.36  43.9  75  2.8531  100
214.05  238.161  2153.27  63.8094  950.365  0.37  43.9  75  2.8531  100
214.099  238.29  2126.73  64.9552  900.299  0.38  44.2  75  2.8531  100
214.147  238.29  2197.42  62.76  1005.8  0.37  44.2  75  2.8531  100
214.196  238.29  2376.03  66.4377  949.808  0.33  44.2  75  2.8531  100
214.245  238.419  2164.09  64.2293  940.884  0.37  44.2  75  2.8531  100
214.294  238.419  2163.2  67.3771  832.106  0.36  44.2  75  2.8531  100
214.343  238.547  2237.74  68.23  829.936  0.35  44.2  75  2.8531  100
214.391  238.547  2129.34  66.3048  855.718  0.37  44.2  75  2.8531  100
214.44  238.676  2129.33  65.9933  866.305  0.37  44.4  75  2.8531  100
214.489  238.676  2151.9  65.0415  908.018  0.37  44.4  75  2.8531  100
214.538  238.805  2327.39  64.2217  1012.16  0.35  44.4  75  2.8531  100
214.586  238.805  2208.07  65.5142  915.174  0.36  44.4  75  2.8531  100
214.636  238.934  2061.78  65.709  848.156  0.38  44.4  75  2.8531  100
214.684  238.934  2184.89  65.8051  895.458  0.36  44.4  75  2.8531  100
214.733  239.063  2184.01  65.8408  893.857  0.36  43.4  75  2.8531  100
214.782  239.063  2425.97  64.5821  1041.27  0.33  43.4  75  2.8531  100
214.831  239.191  2421.9  64.274  1051.27  0.33  43.4  75  2.8531  100
214.879  239.191  2276.3  66.6331  902.82  0.35  43.4  75  2.8531  100
214.928  239.32  2117.7  66.1667  855.712  0.37  43.4  75  2.8531  100
214.977  239.32  2196.21  67.0496  856.375  0.36  43.4  75  2.8531  100
215.026  239.32  2281.46  65.7868  935.704  0.35  43.5  75  2.8531  100
215.075  239.449  2431.79  64.5059  1046.69  0.33  43.5  75  2.8531  100
215.123  239.449  2242.19  63.394  1004.17  0.36  43.5  75  2.8531  100
215.172  239.578  2261.5  64.0248  990.495  0.36  43.5  75  2.8531  100
215.221  239.578  2300.66  65.0306  971.187  0.35  43.5  75  2.8531  100
215.27  239.707  2264.33  66.5646  900.554  0.35  43.5  75  2.8531  100
215.319  239.707  2316.52  65.1001  975.335  0.34  43.3  75  2.8531  100
215.367  239.835  2214.78  64.6194  949.317  0.36  43.3  75  2.8531  100
215.416  239.835  2140.25  63.7146  947.794  0.38  43.3  75  2.8531  100
215.465  239.964  2354.53  63.677  1044.07  0.34  43.3  75  2.8531  100
215.514  239.964  2413.51  64.8361  1026.25  0.33  43.3  75  2.8531  100
215.563  240.093  2228.3  64.3893  963.193  0.36  43.3  75  2.8531  100
215.612  240.093  2223.58  62.646  1021.7  0.37  44  75  2.8531  100
215.66  240.222  2373.39  66.7949  935.173  0.33  44  75  2.8531  100
215.709  240.222  2291.65  62.0786  1073.09  0.36  44  75  2.8531  100
215.758  240.351  2292.06  62.2051  1068.81  0.36  44  75  2.8531  100
215.807  240.351  2398.34  64.6845  1025.53  0.33  44  75  2.8531  100
215.855  240.479  2404.12  61.7572  1137.65  0.34  44  75  2.8531  100
215.904  240.479  2322.66  63.7391  1027.68  0.35  43.8  75  2.8531  100
215.953  240.479  2223.52  64.0276  973.765  0.36  43.8  75  2.8531  100
216.002  240.608  2312.81  62.1157  1081.67  0.35  43.8  75  2.8531  100
216.05  240.608  2502.68  66.1111  1013.5  0.32  43.8  75  2.8531  100
216.099  240.737  2348.5  64.0869  1026.31  0.34  43.8  75  2.8531  100
216.148  240.737  2299.73  61.8725  1084.17  0.36  43.8  75  2.8531  100
216.197  240.866  2311.15  64.3797  999.354  0.35  43.1  75  2.8531  100
216.245  240.866  2309.88  62.2409  1075.84  0.35  43.1  75  2.8531  100
216.294  240.995  2538.38  65.3107  1060.28  0.31  43.1  75  2.8531  100
216.343  240.995  2467.62  66.4598  985.549  0.32  43.1  75  2.8531  100
216.392  241.124  2336.17  63.6956  1035.25  0.35  43.1  75  2.8531  100
216.44  241.124  2284.94  62.3673  1059.76  0.36  43.1  75  2.8531  100
216.489  241.252  2304.96  64.9982  974.184  0.35  42.7  75  2.8531  100
216.538  241.252  2349.13  63.754  1038.85  0.34  42.7  75  2.8531  100
216.587  241.381  2498.34  65.9734  1017.22  0.32  42.7  75  2.8531  100
216.635  241.381  2407.91  65.5612  996.204  0.33  42.7  75  2.8531  100
216.684  241.51  2331.03  64.2874  1011.33  0.34  42.7  75  2.8531  100
216.734  241.51  2280.22  65.7631  936.057  0.35  42.7  75  2.8531  100
216.782  241.51  2266.52  63.0761  1026.29  0.36  42.7  75  2.8531  100
216.831  241.639  2525.17  64.7146  1078.57  0.32  43.3  75  2.8531  100
216.88  241.639  2426.62  64.475  1045.64  0.33  43.3  75  2.8531  100
216.929  241.768  2271.99  62.7109  1041.66  0.36  43.3  75  2.8531  100
216.977  241.768  2264.68  62.8055  1034.99  0.36  43.3  75  2.8531  100
217.026  241.896  2151.34  63.6148  956.063  0.38  43.3  75  2.8531  100
217.075  241.896  2279.43  62.6764  1046.29  0.36  43.3  75  2.8531  100
217.124  242.025  2458.7  62.6628  1129.1  0.33  44.1  75  2.8531  100
217.172  242.025  2361.25  63.2013  1064.59  0.34  44.1  75  2.8531  100
217.221  242.154  2430.74  64.547  1044.66  0.33  44.1  75  2.8531  100
217.27  242.154  2280.26  66.0978  923.906  0.35  44.1  75  2.8531  100
217.319  242.283  2232.1  61.4835  1065.63  0.37  44.1  75  2.8531  100
217.367  242.283  2420.74  63.7803  1069.52  0.33  44.1  75  2.8531  100
217.416  242.412  2295.35  62.2075  1070.26  0.36  44.7  75  2.8531  100
217.465  242.412  2271.73  62.6471  1043.79  0.36  44.7  75  2.8531  100
217.513  242.54  2285.16  65.0207  965.004  0.35  44.7  75  2.8531  100
217.562  242.54  2159.72  63.9338  948.999  0.37  44.7  75  2.8531  100
217.612  242.54  2197.42  62.76  1005.8  0.37  44.7  75  2.8531  100
217.661  242.669  2394.94  63.9803  1050.61  0.34  44.7  75  2.8531  100
217.71  242.669  2292.5  63.105  1037.03  0.35  41.1  75  2.8531  100
217.758  242.798  2307.83  61.6644  1095.38  0.36  41.1  75  2.8531  100
217.807  242.798  2225.14  64.1666  969.617  0.36  41.1  75  2.8531  100
217.856  242.927  2214.87  61.5581  1054.87  0.37  41.1  75  2.8531  100
217.905  242.927  2539.01  64.5134  1092.54  0.32  41.1  75  2.8531  100
217.953  243.056  2512.97  66.0465  1020.25  0.32  41.1  75  2.8531  100
218.002  243.056  2289.19  61.9732  1075.66  0.36  43.5  75  2.8531  100
218.051  243.184  2257.96  63.0856  1022.09  0.36  43.5  75  2.8531  100
218.1  243.184  2146.93  64.1056  937.594  0.37  43.5  75  2.8531  100
218.148  243.313  2316.26  61.8198  1093.85  0.35  43.5  75  2.8531  100
218.197  243.313  2471.54  62.3131  1148.38  0.33  43.5  75  2.8531  100
218.246  243.442  2254.07  63.8323  994.043  0.36  43.5  75  2.8531  100
218.295  243.442  2344.98  63.6232  1041.81  0.34  45.1  75  2.8531  100
218.343  243.571  1955.86  78.2632  397.854  0.38  45.1  75  2.8531  100
218.392  243.571  1404.98  90.0372  0.913  0.51  45.1  75  2.8531  100
218.441  243.7  1512.04  94.3065  113.542  0.48  45.1  75  2.8531  100
218.49  243.7  1761.01  89.2113  24.239  0.41  45.1  75  2.8531  100
218.538  243.7  1929.07  89.5449  15.323  0.38  45.1  75  2.8531  100
218.587  243.828  1935.88  89.8748  4.23  0.37  42.4  75  2.8531  100
218.636  243.828  1840.38  94.2333  135.852  0.39  42.4  75  2.8531  100
218.685  243.957  1965.35  89.0578  32.319  0.37  42.4  75  2.8531  100
218.733  243.957  1826.9  94.1396  131.877  0.4  42.4  75  2.8531  100
218.782  244.086  1685.41  89.8798  3.535  0.43  42.4  75  2.8531  100
218.831  244.086  1907.35  83.3107  222.179  0.38  42.4  75  2.8531  100
218.88  244.215  1941.24  77.2736  427.647  0.38  42.8  75  2.8531  100
218.929  244.215  1829.91  69.0949  652.95  0.42  42.8  75  2.8531  100
218.978  244.344  2257.68  70.2505  762.889  0.34  42.8  75  2.8531  100
219.026  244.344  2205.48  69.0743  787.703  0.35  42.8  75  2.8531  100
219.075  244.472  2169.72  63.1655  979.445  0.37  42.8  75  2.8531  100
219.124  244.472  2358.79  66.577  937.658  0.33  42.8  75  2.8531  100
219.173  244.601  2208.84  65.7448  907.394  0.36  43.5  75  2.8531  100
219.222  244.601  2320.7  68.1858  862.37  0.34  43.5  75  2.8531  100
219.271  244.73  2302.33  69.0045  824.912  0.34  43.5  75  2.8531  100
219.319  244.73  2049.35  65.6965  843.454  0.39  43.5  75  2.8531  100
219.368  244.73  2217.45  65.8606  906.843  0.36  43.5  75  2.8531  100
219.417  244.859  2047.82  65.7635  840.636  0.39  43.5  75  2.8531  100
219.466  244.859  2108.42  63.286  947.815  0.38  43.5  75  2.8531  100
219.515  244.988  2125.38  64.4103  917.999  0.38  45.7  75  2.8531  100
219.563  244.988  2085.53  67.379  802.163  0.38  45.7  75  2.8531  100
219.612  245.116  2122.52  66.5774  843.723  0.37  45.7  75  2.8531  100
219.661  245.116  2031.82  66.2147  819.454  0.39  45.7  75  2.8531  100
219.71  245.245  2116.1  66.2883  850.957  0.37  45.7  75  2.8531  100
219.759  245.245  2224.57  65.8383  910.547  0.36  45.7  75  2.8531  100
219.807  245.374  2266.13  66.877  889.924  0.35  43.5  75  2.8531  100
219.856  245.374  2064.54  65.2145  865.502  0.39  43.5  75  2.8531  100
219.905  245.503  2127.82  65.8066  872.018  0.37  43.5  75  2.8531  100
219.954  245.503  2225.05  67.9674  834.689  0.35  43.5  75  2.8531  100
220.003  245.632  2189.59  63.2288  986.258  0.37  43.5  75  2.8531  100
220.052  245.632  2378.7  65.4407  988.673  0.33  43.5  75  2.8531  100
220.1  245.761  2298.56  65.665  947.168  0.35  45.2  75  2.8531  100
220.149  245.761  2223.48  64.9488  941.481  0.36  45.2  75  2.8531  100
220.198  245.761  2172.51  65.9816  884.277  0.36  45.2  75  2.8531  100
220.247  245.889  2146.27  63.5696  955.325  0.38  45.2  75  2.8531  100
220.296  245.889  2357.12  62.9405  1072.29  0.34  45.2  75  2.8531  100
220.345  246.018  2411.55  64.6834  1031.23  0.33  45.2  75  2.8531  100
220.393  246.018  2242.99  63.7373  992.498  0.36  44.4  75  2.8531  100
220.442  246.147  2233.51  64.161  973.459  0.36  44.4  75  2.8531  100
220.491  246.147  2300.51  65.5896  950.73  0.35  44.4  75  2.8531  100
220.54  246.276  2338.67  64.1972  1017.97  0.34  44.4  75  2.8531  100
220.589  246.276  2412.99  65.0039  1019.63  0.33  44.4  75  2.8531  100
220.638  246.405  2322.92  63.5736  1033.81  0.35  44.4  75  2.8531  100
220.686  246.405  2369.54  63.2335  1067.14  0.34  44.8  75  2.8531  100
220.735  246.533  2311.84  65.0698  974.474  0.35  44.8  75  2.8531  100
220.784  246.533  2273.73  66.0829  921.803  0.35  44.8  75  2.8531  100
220.833  246.662  2456.29  63.1305  1110.15  0.33  44.8  75  2.8531  100
220.882  246.662  2410.49  63.486  1076.08  0.34  44.8  75  2.8531  100
220.93  246.791  2330.94  63.3748  1044.62  0.35  44.8  75  2.8531  100
220.979  246.791  2408.05  65.2693  1007.42  0.33  43.3  75  2.8531  100
221.028  246.92  2281.83  66.6857  903.091  0.35  43.3  75  2.8531  100
221.077  246.92  2379.8  63.116  1076.11  0.34  43.3  75  2.8531  100
221.125  246.92  2461.87  63.5251  1097.52  0.33  43.3  75  2.8531  100
221.174  247.049  2427.66  64.4339  1047.66  0.33  43.3  75  2.8531  100
221.223  247.049  2233.87  61.4014  1069.29  0.37  43.3  75  2.8531  100
221.272  247.177  2295.06  65.3185  958.357  0.35  43.8  75  2.8531  100
221.32  247.177  2230.21  64.5887  957.012  0.36  43.8  75  2.8531  100
221.369  247.306  2544.15  63.6651  1128.63  0.32  43.8  75  2.8531  100
221.418  247.306  2479.92  65.5279  1027.31  0.32  43.8  75  2.8531  100
221.467  247.435  2274.91  63.003  1032.68  0.36  43.8  75  2.8531  100
221.516  247.435  2368.23  63.3979  1060.48  0.34  43.8  75  2.8531  100
221.565  247.564  2205.52  64.6035  945.904  0.36  42.7  75  2.8531  100
221.613  247.564  2266.52  63.0761  1026.29  0.36  42.7  75  2.8531  100
221.662  247.693  2497.7  65.4119  1039.27  0.32  42.7  75  2.8531  100
221.711  247.693  2414.33  65.3228  1008  0.33  42.7  75  2.8531  100
221.76  247.821  2263.19  64.3875  978.337  0.35  42.7  75  2.8531  100
221.809  247.821  2292.6  65.5521  948.828  0.35  42.7  75  2.8531  100
221.857  247.95  2303.04  66.0312  935.583  0.34  42.6  75  2.8531  100
221.906  247.95  2539.69  63.8408  1119.66  0.32  42.6  75  2.8531  100
221.955  247.95  2512.38  65.4824  1042.57  0.32  42.6  75  2.8531  100
222.004  248.079  2218.99  62.8436  1012.79  0.37  42.6  75  2.8531  100
222.052  248.079  2304.41  65.4381  957.886  0.35  42.6  75  2.8531  100
222.101  248.208  2233.22  63.8833  983.068  0.36  42.6  75  2.8531  100
222.15  248.208  2203.34  62.3639  1022.03  0.37  42.6  75  2.8531  100
222.199  248.337  2276.15  65.5184  943.24  0.35  44.1  75  2.8531  100
222.248  248.337  2272.05  63.1836  1025  0.36  44.1  75  2.8531  100
222.296  248.465  2293.17  62.9394  1043.24  0.35  44.1  75  2.8531  100
222.345  248.465  2223.42  64.2426  966.211  0.36  44.1  75  2.8531  100
222.394  248.594  2340.39  64.571  1004.94  0.34  44.1  75  2.8531  100
222.443  248.594  2552.86  63.2078  1150.72  0.32  44.1  75  2.8531  100
222.492  248.723  2492.95  66.8556  979.854  0.32  43.9  75  2.8531  100
222.541  248.723  2294.45  62.6069  1055.66  0.36  43.9  75  2.8531  100
222.589  248.852  2197.74  62.8802  1001.84  0.37  43.9  75  2.8531  100
222.638  248.852  2202.86  66.1105  892.102  0.36  43.9  75  2.8531  100
222.687  248.981  2306.86  61.4076  1104.01  0.36  43.9  75  2.8531  100
222.736  248.981  2494.25  65.5351  1032.96  0.32  43.9  75  2.8531  100
222.785  249.109  2296.45  61.5738  1093.17  0.36  44.2  75  2.8531  100
222.833  249.109  2317.89  64.616  993.638  0.35  44.2  75  2.8531  100
222.882  249.109  2301.89  65.672  948.287  0.34  44.2  75  2.8531  100
222.931  249.238  2210.32  62.3292  1026.45  0.37  44.2  75  2.8531  100
222.98  249.238  2514.86  64.7866  1071.31  0.32  44.2  75  2.8531  100
223.029  249.367  2497.94  66.2723  1005.15  0.32  44.2  75  2.8531  100
223.077  249.367  2267.1  64.0731  991.231  0.35  44.9  75  2.8531  100
223.126  249.496  2293.97  65.2979  958.65  0.35  44.9  75  2.8531  100
223.175  249.496  2187.16  65.5837  904.091  0.36  44.9  75  2.8531  100
223.224  249.625  2295.06  62.4399  1061.87  0.36  44.9  75  2.8531  100
223.272  249.625  2415.1  64.9232  1023.6  0.33  44.9  75  2.8531  100
223.321  249.753  2372.02  66.711  937.825  0.33  44.9  75  2.8531  100
223.37  249.753  2209.05  62.2473  1028.66  0.37  44  75  2.8531  100
223.419  249.882  2200.14  66.2172  887.251  0.36  44  75  2.8531  100
223.467  249.882  2327.22  64.9575  985.089  0.34  44  75  2.8531  100
223.516  250.011  2346.2  64.3326  1016.25  0.34  44  75  2.8531  100
223.565  250.011  2307.03  64.9805  975.708  0.35  44  75  2.8531  100
223.614  250.14  2231.04  64.7677  951.068  0.36  44  75  2.8531  100
223.662  250.14  2298.15  65.545  951.384  0.35  44  75  2.8531  100
223.711  250.14  2323.59  64.1529  1013.01  0.35  44  75  2.8531  100
223.76  250.269  2322.54  61.6947  1101.28  0.35  44  75  2.8531  100
223.809  250.269  2270.78  63.0999  1027.38  0.36  44  75  2.8531  100
223.858  250.398  2281.57  62.3035  1060.45  0.36  44  75  2.8531  100
223.907  250.398  2219.65  62.0517  1040.29  0.37  44  75  2.8531  100
223.955  250.526  2374.62  66.3533  952.452  0.33  43.8  75  2.8531  100
224.004  250.526  2276.19  63.0869  1030.29  0.36  43.8  75  2.8531  100
224.053  250.655  2320.38  65.2283  972.245  0.34  43.8  75  2.8531  100
224.102  250.655  2354.89  67.4253  904.012  0.33  43.8  75  2.8531  100
224.151  250.784  2136.38  64.5244  918.911  0.38  43.8  75  2.8531  100
224.199  250.784  2283.39  65.7122  939.207  0.35  43.8  75  2.8531  100
224.248  250.913  2165.5  63.5175  965.648  0.37  42.4  75  2.8531  100
224.297  250.913  2334.26  64.232  1014.77  0.34  42.4  75  2.8531  100
224.346  251.042  2426.72  64.7734  1034.27  0.33  42.4  75  2.8531  100
224.395  251.042  2153.27  63.8094  950.365  0.37  42.4  75  2.8531  100
224.443  251.17  2375.69  66.3152  954.329  0.33  42.4  75  2.8531  100
224.492  251.17  2208.28  65.0335  932.088  0.36  42.4  75  2.8531  100
224.541  251.17  2235.4  63.4874  997.869  0.36  42.4  75  2.8531  100
224.59  251.299  2329.09  64.5936  999.261  0.34  44.3  75  2.8531  100
224.639  251.299  2321.36  64.9065  984.483  0.34  44.3  75  2.8531  100
224.687  251.428  2131.05  62.3253  989.769  0.38  44.3  75  2.8531  100
224.736  251.428  2295.88  65.2218  962.219  0.35  44.3  75  2.8531  100
224.785  251.557  2200.24  65.3069  919.169  0.36  44.3  75  2.8531  100
224.834  251.557  2293.43  62.2901  1066.43  0.36  44.3  75  2.8531  100
224.883  251.686  2439.95  64.4095  1053.9  0.33  44.8  75  2.8531  100
224.932  251.686  2241.58  64.0939  979.341  0.36  44.8  75  2.8531  100
224.98  251.814  2188.76  62.1914  1021.1  0.37  44.8  75  2.8531  100
225.029  251.814  2329.37  67.9021  876.286  0.34  44.8  75  2.8531  100
225.078  251.943  2228.56  61.647  1058.35  0.37  44.8  75  2.8531  100
225.127  251.943  2266.59  63.1363  1024.2  0.36  44.8  75  2.8531  100
225.175  252.072  2376.34  66.5599  945.287  0.33  43.4  75  2.8531  100
225.224  252.072  2218.89  65.6726  914.073  0.36  43.4  75  2.8531  100
225.273  252.201  2316.76  63.6901  1026.85  0.35  43.4  75  2.8531  100
225.322  252.201  2268.83  63.1799  1023.67  0.36  43.4  75  2.8531  100
225.37  252.33  2312.81  62.1157  1081.67  0.35  43.4  75  2.8531  100
225.419  252.33  2232.47  63.5423  994.646  0.36  43.4  75  2.8531  100
225.468  252.33  2242.99  63.7373  992.498  0.36  42.5  75  2.8531  100
225.517  252.458  2235.56  64.854  949.948  0.36  42.5  75  2.8531  100
225.565  252.458  2443.71  67.645  929.449  0.32  42.5  75  2.8531  100
225.614  252.587  2442.62  63.9182  1073.91  0.33  42.5  75  2.8531  100
225.663  252.587  2324.85  63.9487  1021.02  0.35  42.5  75  2.8531  100
225.712  252.716  2266.29  63.0128  1028.42  0.36  42.5  75  2.8531  100
225.76  252.716  2264.15  63.9081  995.801  0.36  43.4  75  2.8531  100
225.809  252.845  2402.52  64.8176  1022.27  0.33  43.4  75  2.8531  100
225.858  252.845  2301.42  64.2019  1001.58  0.35  43.4  75  2.8531  100
225.907  252.974  2307.15  60.9352  1120.81  0.36  43.4  75  2.8531  100
225.955  252.974  2390.07  65.9985  972.185  0.33  43.4  75  2.8531  100
226.004  253.102  2131.92  63.9688  935.615  0.38  43.4  75  2.8531  100
226.053  253.102  2344.04  63.6639  1039.9  0.34  44.6  75  2.8531  100
226.102  253.231  2415.5  64.4579  1041.5  0.33  44.6  75  2.8531  100
226.15  253.231  2312.24  62.285  1075.36  0.35  44.6  75  2.8531  100
226.199  253.36  2391.03  65.8993  976.356  0.33  44.6  75  2.8531  100
226.248  253.36  2181.36  65.9474  889.07  0.36  44.6  75  2.8531  100
226.297  253.36  2425.38  64.4533  1045.94  0.33  44.6  75  2.8531  100
226.345  253.489  2434.95  64.144  1061.91  0.33  43.4  75  2.8531  100
226.394  253.489  2181.55  63.1796  984.303  0.37  43.4  75  2.8531  100
226.443  253.618  2293.82  62.7735  1049.45  0.35  43.4  75  2.8531  100
226.492  253.618  2305.91  64.4528  994.435  0.35  43.4  75  2.8531  100
226.54  253.746  2235.24  64.0845  976.901  0.36  43.4  75  2.8531  100
226.589  253.746  2304.97  61.4923  1100.11  0.36  43.4  75  2.8531  100
226.638  253.875  2389.27  65.7501  981.314  0.33  43.4  75  2.8531  100
226.687  253.875  2308.27  64.7217  985.67  0.35  43.4  75  2.8531  100
226.735  254.004  2290.88  62.8955  1043.76  0.35  43.4  75  2.8531  100
226.784  254.004  2275.93  62.6095  1047.05  0.36  43.4  75  2.8531  100
226.833  254.133  2317.89  64.616  993.638  0.35  43.4  75  2.8531  100
226.882  254.133  2319.82  64.3114  1005.59  0.35  43.4  75  2.8531  100
226.931  254.262  2224.97  65.0861  937.281  0.36  43.4  75  2.8531  100
226.98  254.262  2280.03  62.5107  1052.42  0.36  43.9  75  2.8531  100
227.028  254.39  2294.83  65.5382  950.255  0.35  43.9  75  2.8531  100
227.077  254.39  2140.45  63.5619  952.993  0.38  43.9  75  2.8531  100
227.126  254.39  2381.57  61.7893  1125.8  0.34  43.9  75  2.8531  100
227.175  254.519  2295.1  65.039  968.535  0.35  43.9  75  2.8531  100
227.224  254.519  2252.91  64.0309  986.52  0.36  43.9  75  2.8531  100
227.272  254.648  2286.86  62.2851  1063.55  0.36  44  75  2.8531  100
227.321  254.648  2262.76  62.8858  1031.29  0.36  44  75  2.8531  100
227.37  254.777  2361.49  63.267  1062.27  0.34  44  75  2.8531  100
227.419  254.777  2393.65  65.3036  1000.09  0.33  44  75  2.8531  100
227.468  254.906  2369.57  66.6648  938.611  0.33  44  75  2.8531  100
227.516  254.906  2263.61  63.1958  1020.76  0.36  44  75  2.8531  100
227.565  255.034  2214.3  65.2584  926.744  0.36  43.9  75  2.8531  100
227.614  255.034  2197.24  65.891  897.513  0.36  43.9  75  2.8531  100
227.663  255.163  2421.41  63.9103  1064.88  0.33  43.9  75  2.8531  100
227.711  255.163  2228.82  64.2904  966.883  0.36  43.9  75  2.8531  100
227.76  255.292  2201.55  62.443  1018.51  0.37  43.9  75  2.8531  100
227.809  255.292  2319.43  64.984  980.818  0.34  43.9  75  2.8531  100
227.858  255.421  2362.82  66.7689  931.996  0.33  44.7  75  2.8531  100
227.906  255.421  2333.06  63.9822  1023.39  0.35  44.7  75  2.8531  100
227.955  255.421  2284.14  62.1154  1068.28  0.36  44.7  75  2.8531  100
228.004  255.55  2242.36  64.9839  948.235  0.36  44.7  75  2.8531  100
228.053  255.55  2252.26  64.5683  967.198  0.36  44.7  75  2.8531  100
228.102  255.679  2195.44  65.3734  914.849  0.36  44.7  75  2.8531  100
228.15  255.679  2256.27  63.4325  1009.12  0.36  43.4  75  2.8531  100
228.199  255.807  2388.58  62.1008  1117.66  0.34  43.4  75  2.8531  100
228.248  255.807  2212.24  65.0024  934.846  0.36  43.4  75  2.8531  100
228.297  255.936  2189.5  62.4326  1013.28  0.37  43.4  75  2.8531  100
228.346  255.936  2333.57  64.8465  991.874  0.34  43.4  75  2.8531  100
228.395  256.065  2162.53  63.5137  964.452  0.37  43.4  75  2.8531  100
228.443  256.065  2257.26  64.4973  971.872  0.36  42.9  75  2.8531  100
228.492  256.194  2389.06  65.0455  1007.94  0.33  42.9  75  2.8531  100
228.541  256.194  2222.36  64.2227  966.448  0.36  42.9  75  2.8531  100
228.59  256.323  2158.87  64.6016  925.962  0.37  42.9  75  2.8531  100
228.638  256.323  2196.98  65.8323  899.462  0.36  42.9  75  2.8531  100
228.688  256.451  2165.18  64.0393  947.817  0.37  42.9  75  2.8531  100
228.736  256.451  2411.77  62.5812  1110.6  0.34  43.3  75  2.8531  100
228.785  256.58  2290.13  65.4493  951.543  0.35  43.3  75  2.8531  100
228.834  256.58  2229.16  64.5688  957.263  0.36  43.3  75  2.8531  100
228.883  256.58  2313.34  65.7757  949.188  0.34  43.3  75  2.8531  100
228.932  256.709  2288.61  65.6443  943.827  0.35  43.3  75  2.8531  100
228.981  256.709  2331.77  64.187  1015.34  0.34  43.3  75  2.8531  100
229.029  256.838  2420.37  65.0168  1022.25  0.33  43.6  75  2.8531  100
229.078  256.838  2235.8  64.2041  972.946  0.36  43.6  75  2.8531  100
229.127  256.967  2212.01  64.6743  946.217  0.36  43.6  75  2.8531  100
229.176  256.967  2276.33  67.1345  884.512  0.34  43.6  75  2.8531  100
229.224  257.095  2241.87  63.9353  985.047  0.36  43.6  75  2.8531  100
229.273  257.095  2386.63  61.88  1124.87  0.34  43.6  75  2.8531  100
229.322  257.224  2298.65  64.3196  996.122  0.35  45.3  75  2.8531  100
229.371  257.224  2259.06  64.4207  975.371  0.36  45.3  75  2.8531  100
229.42  257.353  2386.39  66.3396  957.696  0.33  45.3  75  2.8531  100
229.468  257.353  2206.33  64.7804  940.092  0.36  45.3  75  2.8531  100
229.517  257.482  2219.7  61.4781  1059.89  0.37  45.3  75  2.8531  100
229.566  257.482  2227.99  63.8943  980.381  0.36  45.3  75  2.8531  100
229.615  257.611  2143.36  63.5658  954.158  0.38  45.3  75  2.8531  100
229.664  257.611  2254.74  64.1748  982.222  0.36  43.4  75  2.8531  100
229.712  257.611  2193.58  65.7112  902.298  0.36  43.4  75  2.8531  100
229.761  257.739  2259.28  63.5978  1004.63  0.36  43.4  75  2.8531  100
229.81  257.739  2297.28  62.1246  1074.09  0.36  43.4  75  2.8531  100
229.86  257.868  2330.64  64.9636  986.315  0.34  43.4  75  2.8531  100
229.909  257.868  2209.55  62.0855  1034.41  0.37  43.4  75  2.8531  100
229.957  257.997  2328.19  64.9185  986.936  0.34  42.4  75  2.8531  100
230.006  257.997  2211.54  65.6362  912.322  0.36  42.4  75  2.8531  100
230.055  258.126  2209.15  61.9633  1038.38  0.37  42.4  75  2.8531  100
230.103  258.126  2274.98  63.0635  1030.57  0.36  42.4  75  2.8531  100
230.153  258.255  2261.65  63.6412  1004.15  0.36  42.4  75  2.8531  100
230.201  258.255  2200.49  61.7954  1040  0.37  42.4  75  2.8531  100
230.25  258.383  2235.63  64.6372  957.628  0.36  43.4  75  2.8531  100
230.299  258.383  2143.56  64.1966  933.058  0.37  43.4  75  2.8531  100
230.348  258.512  2413.51  64.8361  1026.25  0.33  43.4  75  2.8531  100
230.396  258.512  2378.9  66.2005  959.977  0.33  43.4  75  2.8531  100
230.445  258.641  2229.8  64.0369  976.188  0.36  43.4  75  2.8531  100
230.494  258.641  2325.22  65.3183  970.957  0.34  43.4  75  2.8531  100
230.543  258.77  2190.55  65.7046  901.285  0.36  44.4  75  2.8531  100
230.591  258.77  2236.02  61.1528  1078.83  0.37  44.4  75  2.8531  100
230.64  258.77  2364.83  66.2283  953.245  0.33  44.4  75  2.8531  100
230.689  258.899  2238.98  64.4278  966.453  0.36  44.4  75  2.8531  100
230.738  258.899  2197.64  62.4797  1015.45  0.37  44.4  75  2.8531  100
230.787  259.027  2201.82  65.7673  903.722  0.36  44.4  75  2.8531  100
230.835  259.027  2228.24  65.6928  917.207  0.36  43.5  75  2.8531  100
230.884  259.156  2435.27  63.4945  1086.82  0.33  43.5  75  2.8531  100
230.933  259.156  2306.08  65.0189  973.899  0.35  43.5  75  2.8531  100
230.982  259.285  2183.52  62.4275  1010.69  0.37  43.5  75  2.8531  100
231.03  259.285  2288.04  65.8009  937.887  0.35  43.5  75  2.8531  100
231.079  259.414  2230.65  63.9986  977.905  0.36  43.5  75  2.8531  100
231.128  259.414  2230.07  63.8788  981.837  0.36  43.5  75  2.8531  100
231.177  259.543  2306.84  64.4137  996.259  0.35  43.5  75  2.8531  100
231.225  259.543  2224.94  64.1086  971.559  0.36  43.5  75  2.8531  100
231.274  259.671  2245.07  64.8712  953.376  0.36  43.5  75  2.8531  100
231.323  259.671  2291.78  66.3202  920.434  0.34  43.5  75  2.8531  100
231.372  259.8  2342.68  63.4107  1048.57  0.35  43.5  75  2.8531  100
231.42  259.8  2347.24  63.8351  1035.03  0.34  44.3  75  2.8531  100
231.469  259.8  2207.56  65.6658  909.647  0.36  44.3  75  2.8531  100
231.518  259.929  2056.89  64.2043  895.083  0.39  44.3  75  2.8531  100
231.567  259.929  2079.48  67.045  811.013  0.38  44.3  75  2.8531  100
231.615  260.058  2169.54  67.0863  844.7  0.36  44.3  75  2.8531  100
231.664  260.058  2238.45  64.3084  970.427  0.36  44.3  75  2.8531  100
231.713  260.187  2137.68  63.9774  937.857  0.38  44.1  75  2.8531  100
231.762  260.187  2150.24  65.1133  904.874  0.37  44.1  75  2.8531  100
231.81  260.316  2329.62  64.7172  994.949  0.34  44.1  75  2.8531  100
231.859  260.316  2275.31  66.6693  901.109  0.35  44.1  75  2.8531  100
231.908  260.444  2237.82  64.8972  949.381  0.36  44.1  75  2.8531  100
231.957  260.444  2233.19  64.3185  967.794  0.36  44.1  75  2.8531  100
232.006  260.573  2135.35  65.2325  894.578  0.37  44.1  75  2.8531  100
232.055  260.573  2249.16  64.8392  956.25  0.36  42.1  75  2.8531  100
232.103  260.702  2291.1  66.0832  928.832  0.35  42.1  75  2.8531  100
232.152  260.702  2209.9  65.1727  927.902  0.36  42.1  75  2.8531  100
232.201  260.831  2300.69  62.4866  1062.82  0.35  42.1  75  2.8531  100
232.25  260.831  2245.17  63.5584  999.742  0.36  42.1  75  2.8531  100
232.298  260.831  2200.63  66.0122  894.649  0.36  42.1  75  2.8531  100
232.347  260.96  2135.74  64.6159  915.557  0.37  43.8  75  2.8531  100
232.396  260.96  2263.35  66.6007  898.857  0.35  43.8  75  2.8531  100
232.445  261.088  2172.48  64.1274  948.011  0.37  43.8  75  2.8531  100
232.493  261.088  2269.43  62.956  1031.85  0.36  43.8  75  2.8531  100
232.543  261.217  2242.97  67.4601  859.788  0.35  43.8  75  2.8531  100
232.592  261.217  2177.37  63.9031  957.803  0.37  43.8  75  2.8531  100
232.641  261.346  2210.65  64.5942  948.426  0.36  43.3  75  2.8531  100
232.689  261.346  2142.79  64.7037  915.614  0.37  43.3  75  2.8531  100
232.738  261.475  2198.67  62.1586  1026.84  0.37  43.3  75  2.8531  100
232.787  261.475  2294.75  66.2094  925.691  0.34  43.3  75  2.8531  100
232.836  261.604  2141.82  64.6845  915.849  0.37  43.3  75  2.8531  100
232.885  261.604  2249.99  63.8668  991.028  0.36  43.3  75  2.8531  100
232.933  261.732  2230.55  64.2143  970.305  0.36  43.6  75  2.8531  100
232.982  261.732  2213.08  61.352  1061.01  0.37  43.6  75  2.8531  100
233.031  261.861  2185.27  62.349  1014.15  0.37  43.6  75  2.8531  100
233.08  261.861  2207.36  66.6314  875.539  0.36  43.6  75  2.8531  100
233.129  261.99  2121.25  62.5112  979.119  0.38  43.6  75  2.8531  100
233.177  261.99  2220.03  65.424  923.308  0.36  43.6  75  2.8531  100
233.226  261.99  2233.31  65.3559  931.247  0.36  42.5  75  2.8531  100
233.275  262.119  2307.12  61.1734  1112.4  0.36  42.5  75  2.8531  100
233.324  262.119  2323.95  68.0798  867.566  0.34  42.5  75  2.8531  100
233.372  262.248  2080.11  63.6141  924.431  0.39  42.5  75  2.8531  100
233.421  262.248  2189.59  63.2288  986.258  0.37  42.5  75  2.8531  100
233.47  262.376  2388.41  65.5008  990.425  0.33  42.5  75  2.8531  100
233.519  262.376  2231.92  64.7301  952.769  0.36  43.4  75  2.8531  100
233.568  262.505  2301.99  64.3248  997.383  0.35  43.4  75  2.8531  100
233.616  262.505  2178.88  66.8544  856.45  0.36  43.4  75  2.8531  100
233.665  262.634  2235.82  64.4226  965.269  0.36  43.4  75  2.8531  100
233.714  262.634  2327.21  64.4458  1003.88  0.34  43.4  75  2.8531  100
233.762  262.763  2236.11  64.0461  978.626  0.36  43.4  75  2.8531  100
233.811  262.763  2181.22  62.6644  1001.62  0.37  45.5  75  2.8531  100
233.86  262.892  2213.41  64.5393  951.528  0.36  45.5  75  2.8531  100
233.909  262.892  2132.82  65.5972  881.17  0.37  45.5  75  2.8531  100
233.958  263.02  2235.8  64.2041  972.946  0.36  45.5  75  2.8531  100
234.006  263.02  2369.05  66.0755  960.726  0.33  45.5  75  2.8531  100
234.055  263.02  2195.03  62.9969  996.627  0.37  45.5  75  2.8531  100
234.104  263.149  2322.83  64.9902  982.03  0.34  43.1  75  2.8531  100
234.152  263.149  2150.08  64.3765  929.811  0.37  43.1  75  2.8531  100
234.201  263.278  2160.31  63.84  952.436  0.37  43.1  75  2.8531  100
234.25  263.278  2291.29  65.1917  961.391  0.35  43.1  75  2.8531  100
234.299  263.407  2250.06  64.8015  957.977  0.36  43.1  75  2.8531  100
234.347  263.407  2231.04  64.7677  951.068  0.36  43.1  75  2.8531  100
234.396  263.536  2125.63  64.9332  900.576  0.38  43.2  75  2.8531  100
234.445  263.536  2211.97  66.0765  896.991  0.36  43.2  75  2.8531  100
234.494  263.664  2362.7  62.8604  1077.77  0.34  43.2  75  2.8531  100
234.542  263.664  2277.1  66.9826  890.368  0.35  43.2  75  2.8531  100
234.591  263.793  2219.93  65.0972  934.77  0.36  43.2  75  2.8531  100
234.64  263.793  2216.08  65.1849  930.069  0.36  43.2  75  2.8531  100
234.689  263.922  2180.27  67.0426  850.405  0.36  43.2  75  2.8531  100
234.737  263.922  2370.61  63.1918  1069.16  0.34  43.1  75  2.8531  100
234.786  264.051  2472.62  66.4289  988.77  0.32  43.1  75  2.8531  100
234.835  264.051  2154.91  64.1561  939.367  0.37  43.1  75  2.8531  100
234.884  264.051  2194.12  63.0357  994.894  0.37  43.1  75  2.8531  100
234.933  264.18  2283.52  66.4956  910.713  0.35  43.1  75  2.8531  100
234.982  264.18  2204.04  62.6061  1014.09  0.37  43.1  75  2.8531  100
235.03  264.308  2295.47  61.9123  1080.76  0.36  45.6  75  2.8531  100
235.079  264.308  2140.25  63.7146  947.794  0.38  45.6  75  2.8531  100
235.128  264.437  2242.82  64.117  979.067  0.36  45.6  75  2.8531  100
235.177  264.437  2160.51  63.8966  950.612  0.37  45.6  75  2.8531  100
235.226  264.566  2143.16  63.7187  948.945  0.38  45.6  75  2.8531  100
235.274  264.566  2297.75  62.6099  1057.07  0.35  45.6  75  2.8531  100
235.323  264.695  2417.68  65.2646  1011.62  0.33  42.7  75  2.8531  100
235.372  264.695  2302.55  65.2345  964.55  0.35  42.7  75  2.8531  100
235.421  264.824  2249.56  64.6823  961.996  0.36  42.7  75  2.8531  100
235.469  264.824  2285.72  65.7565  938.55  0.35  42.7  75  2.8531  100
235.518  264.952  2233.31  65.3559  931.247  0.36  42.7  75  2.8531  100
235.567  264.952  2302.09  61.9163  1083.73  0.36  42.7  75  2.8531  100
235.616  265.081  2276.68  65.3616  949.124  0.35  43.3  75  2.8531  100
235.665  265.081  2256.36  64.5355  970.126  0.36  43.3  75  2.8531  100
235.713  265.21  2372.48  66.4294  948.704  0.33  43.3  75  2.8531  100
235.762  265.21  2345.79  67.4794  898.477  0.33  43.3  75  2.8531  100
235.811  265.21  2422.32  64.8736  1028.56  0.33  43.3  75  2.8531  100
235.86  265.339  2486.92  66.5032  991.529  0.32  43.3  75  2.8531  100
235.909  265.339  2331.4  64.3512  1009.16  0.34  43.6  75  2.8531  100
235.958  265.468  2232.3  64.5741  958.426  0.36  43.6  75  2.8531  100
236.006  265.468  2229.69  64.2524  968.592  0.36  43.6  75  2.8531  100
236.055  265.597  2146.27  63.5696  955.325  0.38  43.6  75  2.8531  100
236.104  265.597  2346.78  64.4576  1011.88  0.34  43.6  75  2.8531  100
236.153  265.725  2224.85  63.8899  979.153  0.36  43.6  75  2.8531  100
236.202  265.725  2252.59  63.7501  996.294  0.36  44.1  75  2.8531  100
236.251  265.854  2224.93  64.8139  946.839  0.36  44.1  75  2.8531  100
236.299  265.854  2173.63  67.1711  843.327  0.36  44.1  75  2.8531  100
236.348  265.983  2213.22  65.5072  917.553  0.36  44.1  75  2.8531  100
236.397  265.983  2234.35  64.8308  950.25  0.36  44.1  75  2.8531  100
236.446  266.112  2130.88  64.1561  928.895  0.38  44.1  75  2.8531  100
236.494  266.112  2193.22  63.0744  993.16  0.37  43.2  75  2.8531  100
236.543  266.241  2141.04  64.5124  921.322  0.37  43.2  75  2.8531  100
236.592  266.241  2228.84  64.9977  942.032  0.36  43.2  75  2.8531  100
236.641  266.241  2227.51  63.994  976.686  0.36  43.2  75  2.8531  100
236.69  266.369  2354.45  67.1864  912.903  0.33  43.2  75  2.8531  100
236.738  266.369  2214.38  63.0399  1003.94  0.37  43.2  75  2.8531  100
236.787  266.498  2262.76  62.8858  1031.29  0.36  44.1  75  2.8531  100
236.836  266.498  2305.11  64.0442  1008.9  0.35  44.1  75  2.8531  100
236.885  266.627  2240.05  63.5733  996.939  0.36  44.1  75  2.8531  100
236.933  266.627  2148.2  63.764  949.656  0.38  44.1  75  2.8531  100
236.982  266.756  2133.18  65.7085  877.544  0.37  44.1  75  2.8531  100
237.031  266.756  2075  63.8662  913.971  0.39  44.1  75  2.8531  100
237.08  266.885  2356.62  67.1125  916.542  0.33  44.1  75  2.8531  100
237.128  266.885  2248.25  63.9443  987.533  0.36  44.7  75  2.8531  100
237.177  267.013  2300.17  65.19  965.178  0.35  44.7  75  2.8531  100
237.226  267.013  2164.13  63.2762  973.188  0.37  44.7  75  2.8531  100
237.275  267.142  2246.88  64.0834  982.028  0.36  44.7  75  2.8531  100
237.323  267.142  2231.67  64.9432  945.151  0.36  44.7  75  2.8531  100
237.372  267.271  2139.54  64.8478  909.359  0.37  44.7  75  2.8531  100
237.421  267.271  2249.95  64.5248  967.747  0.36  42  75  2.8531  100
237.47  267.271  2105.51  65.2982  879.883  0.38  42  75  2.8531  100
237.518  267.4  2047.53  65.1595  860.153  0.39  42  75  2.8531  100
237.567  267.4  2259.45  63.2318  1017.61  0.36  42  75  2.8531  100
237.616  267.529  2452.45  66.9672  959.542  0.32  42  75  2.8531  100
237.665  267.529  2290.19  62.6448  1052.35  0.36  42  75  2.8531  100
237.714  267.657  2209  64.9399  935.666  0.36  43.3  75  2.8531  100
237.762  267.657  2223.63  65.0059  939.536  0.36  43.3  75  2.8531  100
237.811  267.786  2095.33  63.9165  921.275  0.38  43.3  75  2.8531  100
237.86  267.786  2143.61  64.6675  917.185  0.37  43.3  75  2.8531  100
237.909  267.915  2237.24  63.8491  986.035  0.36  43.3  75  2.8531  100
237.958  267.915  2273.03  63.9609  997.827  0.35  43.3  75  2.8531  100
238.006  268.044  2205.39  65.6229  910.253  0.36  43.9  75  2.8531  100
238.055  268.044  2093.3  67.1394  813.227  0.38  43.9  75  2.8531  100
238.104  268.173  2187.22  63.0676  990.679  0.37  43.9  75  2.8531  100
238.153  268.173  2219.74  64.119  968.925  0.36  43.9  75  2.8531  100
238.202  268.301  2134.24  62.4451  987.294  0.38  43.9  75  2.8531  100
238.251  268.301  2316.52  65.1001  975.335  0.34  43.9  75  2.8531  100
238.3  268.43  2124.31  65.3206  886.985  0.37  42.8  75  2.8531  100
238.348  268.43  2232.41  64.8483  948.808  0.36  42.8  75  2.8531  100
238.397  268.43  2219.44  64.4923  955.766  0.36  42.8  75  2.8531  100
238.446  268.559  2157  63.7763  953.129  0.37  42.8  75  2.8531  100
238.495  268.559  2186.26  63.4869  975.951  0.37  42.8  75  2.8531  100
238.543  268.688  2134.65  65.0624  900.034  0.37  42.8  75  2.8531  100
238.592  268.688  2124.3  65.0618  895.694  0.38  43.5  75  2.8531  100
238.641  268.817  2137.92  63.8257  943.042  0.38  43.5  75  2.8531  100
238.69  268.817  2465.53  67.2074  955.139  0.32  43.5  75  2.8531  100
238.738  268.945  2195.85  62.8996  1000.32  0.37  43.5  75  2.8531  100
238.787  268.945  2306.88  64.9212  977.803  0.35  43.5  75  2.8531  100
238.836  269.074  2214.51  65.5866  915.295  0.36  43.5  75  2.8531  100
238.885  269.074  2116.04  63.0071  960.428  0.38  43.6  75  2.8531  100
238.933  269.203  2389.06  65.0455  1007.94  0.33  43.6  75  2.8531  100
238.982  269.203  2230.91  64.2754  968.315  0.36  43.6  75  2.8531  100
239.031  269.332  2233.71  63.5653  994.397  0.36  43.6  75  2.8531  100
239.08  269.332  2277.97  66.4432  910.409  0.35  43.6  75  2.8531  100
239.129  269.461  2168.59  65.0566  914.542  0.37  43.6  75  2.8531  100
239.177  269.461  2264.26  63.5232  1009.49  0.36  42.5  75  2.8531  100
239.226  269.461  2284.36  65.6748  940.96  0.35  42.5  75  2.8531  100
239.275  269.589  2270.36  64.0779  992.485  0.35  42.5  75  2.8531  100
239.324  269.589  2191.41  63.1517  989.703  0.37  42.5  75  2.8531  100
239.372  269.718  2124.82  64.9688  899.039  0.38  42.5  75  2.8531  100
239.422  269.718  2182.64  62.4666  1008.96  0.37  42.5  75  2.8531  100
239.47  269.847  2423.49  64.598  1039.6  0.33  44.4  75  2.8531  100
239.519  269.847  2397.18  65.9535  976.798  0.33  44.4  75  2.8531  100
239.568  269.976  2280.72  63.1745  1029.23  0.36  44.4  75  2.8531  100
239.617  269.976  2268.53  65.8162  929.339  0.35  44.4  75  2.8531  100
239.666  270.105  2191.07  62.6339  1007.18  0.37  44.4  75  2.8531  100
239.714  270.105  2351.97  63.6318  1044.6  0.34  44.4  75  2.8531  100
239.763  270.234  2264.35  63.0928  1024.73  0.36  44.4  75  2.8531  100
239.812  270.234  2281.25  63.4436  1019.9  0.35  44  75  2.8531  100
239.861  270.362  2244.99  64.3768  970.848  0.36  44  75  2.8531  100
239.909  270.362  2187.02  65.8476  894.851  0.36  44  75  2.8531  100
239.958  270.491  2385.16  62.9057  1086.34  0.34  44  75  2.8531  100
240.007  270.491  2408.78  65.1644  1011.72  0.33  44  75  2.8531  100
240.056  270.491  2328.18  65.2026  976.462  0.34  44  75  2.8531  100
240.105  270.62  2208.74  61.8409  1042.35  0.37  43.3  75  2.8531  100
240.153  270.62  2147.18  63.9535  942.828  0.38  43.3  75  2.8531  100
240.202  270.749  2068  64.7327  882.706  0.39  43.3  75  2.8531  100
240.251  270.749  2398.92  65.7507  985.255  0.33  43.3  75  2.8531  100
240.3  270.878  2275.38  66.2815  915.254  0.35  43.3  75  2.8531  100
240.348  270.878  2240.74  64.3516  969.9  0.36  43.3  75  2.8531  100
240.397  271.006  2162.91  63.7846  955.459  0.37  43.7  75  2.8531  100
240.446  271.006  2189.94  66.9212  858.447  0.36  43.7  75  2.8531  100
240.495  271.135  2152.57  65.4746  893.524  0.37  43.7  75  2.8531  100
240.544  271.135  2172.5  67.0945  845.564  0.36  43.7  75  2.8531  100
240.593  271.264  2051.7  65.3466  855.819  0.39  43.7  75  2.8531  100
240.642  271.264  1988.41  65.2273  833.18  0.4  43.7  75  2.8531  100
240.69  271.393  1984.6  67.607  756.047  0.39  43.7  75  2.8531  100
240.739  271.393  2017.54  67.9198  758.404  0.39  43.7  75  2.8531  100
240.788  271.522  2039.84  66.2891  820.266  0.39  43.7  75  2.8531  100
240.837  271.522  1997.24  67.313  770.33  0.39  43.7  75  2.8531  100
240.885  271.65  1837.99  66.8018  724.008  0.43  43.7  75  2.8531  100
240.934  271.65  1842.79  68.529  674.517  0.42  43.7  75  2.8531  100
240.983  271.65  1797.07  67.5984  684.855  0.44  44  75  2.8531  100
241.032  271.779  1891.17  66.4366  756.022  0.42  44  75  2.8531  100
241.081  271.779  2004.48  67.6231  763.101  0.39  44  75  2.8531  100
241.129  271.908  1978.77  68.8719  713.255  0.39  44  75  2.8531  100
241.179  271.908  2019.48  67.5208  772.144  0.39  44  75  2.8531  100
241.227  272.037  1885  66.6586  746.853  0.42  44  75  2.8531  100
241.276  272.037  2007.13  67.6834  762.158  0.39  42.9  75  2.8531  100
241.325  272.166  2088.05  67.7905  789.272  0.37  42.9  75  2.8531  100
241.374  272.166  2083.14  68.1914  773.903  0.37  42.9  75  2.8531  100
241.422  272.294  1906.43  65.7279  783.677  0.42  42.9  75  2.8531  100
241.471  272.294  1965.85  66.365  788.127  0.4  42.9  75  2.8531  100
241.52  272.423  1953.11  66.6964  772.655  0.4  42.9  75  2.8531  100
241.569  272.423  2128.78  64.9964  899.781  0.37  42.2  75  2.8531  100
241.617  272.552  2093.45  65.8163  857.61  0.38  42.2  75  2.8531  100
241.666  272.552  2040.39  65.3574  850.752  0.39  42.2  75  2.8531  100
241.715  272.681  2017.72  67.4813  772.757  0.39  42.2  75  2.8531  100
241.764  272.681  2132.11  68.4442  783.355  0.36  42.2  75  2.8531  100
241.813  272.681  2060.23  64.5733  884.572  0.39  42.2  75  2.8531  100
241.861  272.81  2261.74  64.3054  980.635  0.35  41.1  75  2.8531  100
241.91  272.81  2124.02  65.0043  897.506  0.38  41.1  75  2.8531  100
241.959  272.938  2087.23  63.3997  934.584  0.39  41.1  75  2.8531  100
242.008  272.938  2116.32  65.4678  878.704  0.38  41.1  75  2.8531  100
242.056  273.067  2210.34  65.0195  933.445  0.36  41.1  75  2.8531  100
242.105  273.067  2193.12  61.9933  1029.84  0.37  41.1  75  2.8531  100
242.154  273.196  2294.12  64.7966  976.912  0.35  41.1  75  2.8531  100
242.203  273.196  2143.22  64.1378  934.893  0.38  43.8  75  2.8531  100
242.251  273.325  2181.22  62.6644  1001.62  0.37  43.8  75  2.8531  100
242.3  273.325  2191.66  65.4593  910.284  0.36  43.8  75  2.8531  100
242.349  273.454  2246.79  63.8624  989.775  0.36  43.8  75  2.8531  100
242.398  273.454  2332.95  63.7524  1031.75  0.35  43.8  75  2.8531  100
242.447  273.582  2187.9  65.8119  896.458  0.36  43.8  75  2.8531  100
242.495  273.582  2186.62  62.8287  998.524  0.37  43.7  75  2.8531  100
242.544  273.711  2260.94  66.9401  885.598  0.35  43.7  75  2.8531  100
242.593  273.711  2224.2  65.7224  914.498  0.36  43.7  75  2.8531  100
242.642  273.711  2239.84  64.1707  975.879  0.36  43.7  75  2.8531  100
242.69  273.84  2477.99  66.5253  987.09  0.32  43.7  75  2.8531  100
242.739  273.84  2142.43  64.1745  933.311  0.38  43.7  75  2.8531  100
242.788  273.969  2143.16  63.7187  948.945  0.38  42.2  75  2.8531  100
242.837  273.969  2232.84  64.4753  962.132  0.36  42.2  75  2.8531  100
242.885  274.098  2197.88  61.9155  1034.7  0.37  42.2  75  2.8531  100
242.934  274.098  2325.74  65.1576  977.101  0.34  42.2  75  2.8531  100
242.983  274.226  2273.73  66.0829  921.803  0.35  42.2  75  2.8531  100
243.032  274.226  2241.27  64.471  965.917  0.36  42.2  75  2.8531  100
243.081  274.355  2219.61  65.3076  927.236  0.36  44.5  75  2.8531  100
243.13  274.355  2214.24  64.717  945.676  0.36  44.5  75  2.8531  100
243.178  274.484  2325.5  64.301  1008.43  0.35  44.5  75  2.8531  100
243.227  274.484  2306.22  65.6412  951.2  0.34  44.5  75  2.8531  100
243.276  274.613  2190.96  66.1401  886.246  0.36  44.5  75  2.8531  100
243.325  274.613  2194.86  61.9136  1033.35  0.37  44.5  75  2.8531  100
243.373  274.742  2212.65  64.8485  940.404  0.36  44.1  75  2.8531  100
243.422  274.742  2219.63  65.9037  906.213  0.36  44.1  75  2.8531  100
243.471  274.871  2288.24  62.7264  1048.56  0.36  44.1  75  2.8531  100
243.52  274.871  2265.97  66.3756  908.065  0.35  44.1  75  2.8531  100
243.568  274.871  2244.45  64.4762  967.104  0.36  44.1  75  2.8531  100
243.617  274.999  2315.85  63.7302  1024.99  0.35  44.1  75  2.8531  100
243.666  274.999  2309.26  65.2474  966.889  0.34  43.2  75  2.8531  100
243.715  275.128  2153.38  64.0215  943.255  0.37  43.2  75  2.8531  100
243.763  275.128  2208.58  65.0932  930.129  0.36  43.2  75  2.8531  100
243.812  275.257  2201.18  65.8621  900.137  0.36  43.2  75  2.8531  100
243.861  275.257  2183.94  62.945  993.356  0.37  43.2  75  2.8531  100
243.91  275.386  2476.78  67.1105  963.356  0.32  43.2  75  2.8531  100
243.958  275.386  2234.67  63.9647  980.852  0.36  44.5  75  2.8531  100
244.007  275.515  2196.83  62.9192  1000.1  0.37  44.5  75  2.8531  100
244.056  275.515  2261.4  66.6727  895.473  0.35  44.5  75  2.8531  100
244.105  275.643  2219.93  65.0972  934.77  0.36  44.5  75  2.8531  100
244.153  275.643  2303.85  65.5965  951.861  0.34  44.5  75  2.8531  100
244.202  275.772  2217.2  64.4495  956.293  0.36  44.5  75  2.8531  100
244.251  275.772  2228.84  65.2694  932.438  0.36  42.9  75  2.8531  100
244.3  275.901  2195.29  66.2807  883.069  0.36  42.9  75  2.8531  100
244.348  275.901  2159.38  63.664  957.972  0.37  42.9  75  2.8531  100
244.397  275.901  2297.45  62.9022  1046.51  0.35  42.9  75  2.8531  100
244.446  276.03  2290.39  66.6293  908.549  0.34  42.9  75  2.8531  100
244.495  276.03  2230.54  64.6495  955.018  0.36  42.9  75  2.8531  100
244.544  276.159  2287.44  65.9571  931.95  0.35  44.4  75  2.8531  100
244.592  276.159  2130.1  64.8673  904.689  0.38  44.4  75  2.8531  100
244.641  276.287  2181.86  62.9031  993.827  0.37  44.4  75  2.8531  100
244.69  276.287  2295.87  64.4368  990.683  0.35  44.4  75  2.8531  100
244.739  276.416  2229.7  64.4701  960.958  0.36  44.4  75  2.8531  100
244.787  276.416  2213.46  63.0789  1002.17  0.37  44.4  75  2.8531  100
244.836  276.545  2197.41  66.3234  882.422  0.36  44.4  75  2.8531  100
244.885  276.545  2120.52  62.9352  964.831  0.38  42  75  2.8531  100
244.934  276.674  2201.66  62.8443  1004.86  0.37  42  75  2.8531  100
244.982  276.674  2296.01  65.8972  937.636  0.35  42  75  2.8531  100
245.031  276.803  2126.99  62.9038  968.814  0.38  42  75  2.8531  100
245.081  276.803  2217.55  66.2415  893.412  0.36  42  75  2.8531  100
245.129  276.931  2095.83  67.0405  817.542  0.37  42  75  2.8531  100
245.178  276.931  2096.11  63.5237  934.504  0.39  43.6  75  2.8531  100
245.227  276.931  2287.52  65.0649  964.398  0.35  43.6  75  2.8531  100
245.276  277.06  2293.44  65.456  952.676  0.35  43.6  75  2.8531  100
245.324  277.06  2099.1  63.2537  944.681  0.39  43.6  75  2.8531  100
245.373  277.189  2194.97  66.1671  886.922  0.36  43.6  75  2.8531  100
245.422  277.189  2147.28  64.8449  912.743  0.37  43.6  75  2.8531  100
245.471  277.318  2300.42  62.7798  1052.24  0.35  43.8  75  2.8531  100
245.52  277.318  2277.33  66.2082  918.709  0.35  43.8  75  2.8531  100
245.568  277.447  2243.26  64.9464  949.947  0.36  43.8  75  2.8531  100
245.617  277.447  2175.46  67.1028  846.427  0.36  43.8  75  2.8531  100
245.666  277.575  2203.38  66.6586  873  0.36  43.8  75  2.8531  100
245.715  277.575  2163.28  64.2663  939.274  0.37  43.8  75  2.8531  100
245.764  277.704  2288.48  66.3124  919.394  0.35  44.1  75  2.8531  100
245.812  277.704  2222.56  64.4975  956.924  0.36  44.1  75  2.8531  100
245.861  277.833  2146.35  65.3496  895.201  0.37  44.1  75  2.8531  100
245.91  277.833  2137.1  64.9553  904.687  0.37  44.1  75  2.8531  100
245.959  277.962  2141.17  64.3063  928.325  0.37  44.1  75  2.8531  100
246.007  277.962  2203.69  62.4851  1018.06  0.37  44.1  75  2.8531  100
246.056  278.091  2330.45  67.8664  878.039  0.34  44.2  75  2.8531  100
246.105  278.091  2141.07  65.5043  887.741  0.37  44.2  75  2.8531  100
246.154  278.091  2147.96  64.3351  930.297  0.37  44.2  75  2.8531  100
246.202  278.219  2211.7  66.3409  887.539  0.36  44.2  75  2.8531  100
246.252  278.219  2210.93  61.5972  1051.67  0.37  44.2  75  2.8531  100
246.3  278.348  2244.53  63.437  1003.71  0.36  44.2  75  2.8531  100
246.349  278.348  2153  64.5913  923.795  0.37  44.4  75  2.8531  100
246.398  278.477  2211.5  65.3119  923.698  0.36  44.4  75  2.8531  100
246.447  278.477  2094.59  65.8911  855.582  0.38  44.4  75  2.8531  100
246.495  278.606  2220.55  65.8676  907.865  0.36  44.4  75  2.8531  100
246.544  278.606  2227.32  65.7292  915.54  0.36  44.4  75  2.8531  100
246.593  278.735  2204.19  65.0078  931.257  0.36  44.4  75  2.8531  100
246.642  278.735  2086.89  63.698  924.705  0.39  44.7  75  2.8531  100
246.69  278.863  2220.96  65.1171  934.503  0.36  44.7  75  2.8531  100
246.739  278.863  2155.84  63.5437  960.46  0.37  44.7  75  2.8531  100
246.788  278.992  2225.23  65.4168  925.728  0.36  44.7  75  2.8531  100
246.837  278.992  2271.79  66.1564  918.352  0.35  44.7  75  2.8531  100
246.886  279.121  2143.44  64.6121  918.989  0.37  44.7  75  2.8531  100
246.935  279.121  2152.73  65.0056  909.591  0.37  44.2  75  2.8531  100
246.983  279.121  2170.98  67.9645  814.509  0.36  44.2  75  2.8531  100
247.032  279.25  2208.73  65.6887  909.32  0.36  44.2  75  2.8531  100
247.081  279.25  2216.17  65.7814  909.117  0.36  44.2  75  2.8531  100
247.13  279.379  2165.4  66.5775  860.762  0.36  44.2  75  2.8531  100
247.178  279.379  2075.92  63.6826  920.347  0.39  44.2  75  2.8531  100
247.227  279.507  2205.46  64.8175  938.432  0.36  44.2  75  2.8531  100
247.276  279.507  2197.01  66.1546  888.187  0.36  42.7  75  2.8531  100
247.325  279.636  2150.99  64.1323  938.464  0.37  42.7  75  2.8531  100
247.373  279.636  2128.49  64.9387  901.6  0.38  42.7  75  2.8531  100
247.422  279.765  2054.43  64.4542  885.936  0.39  42.7  75  2.8531  100
247.471  279.765  2032.16  65.4805  843.355  0.39  42.7  75  2.8531  100
247.52  279.894  2106.7  65.3738  877.852  0.38  42.7  75  2.8531  100
247.569  279.894  2147.42  63.8011  948.06  0.38  41.6  75  2.8531  100
247.617  280.023  2151.91  63.7308  952.416  0.37  41.6  75  2.8531  100
247.666  280.023  2188.75  67.3245  843.788  0.36  41.6  75  2.8531  100
247.715  280.152  2143.01  65.4913  888.988  0.37  41.6  75  2.8531  100
247.763  280.152  2221.21  65.4471  922.987  0.36  41.6  75  2.8531  100
247.812  280.152  2137.43  64.1287  932.669  0.38  41.6  75  2.8531  100
247.861  280.28  2240.09  64.9405  948.81  0.36  43  75  2.8531  100
247.91  280.28  2192.16  65.8969  895.234  0.36  43  75  2.8531  100
247.958  280.409  2152.95  65.5872  889.832  0.37  43  75  2.8531  100
248.007  280.409  2151.25  63.9801  943.718  0.37  43  75  2.8531  100
248.057  280.538  2298.07  66.2171  926.747  0.34  43  75  2.8531  100
248.105  280.538  2197.64  62.4797  1015.45  0.37  43  75  2.8531  100
248.154  280.667  2248.76  63.6246  999.014  0.36  45.1  75  2.8531  100
248.203  280.667  2121.13  66.083  859.933  0.37  45.1  75  2.8531  100
248.252  280.796  2083.75  63.4326  931.956  0.39  45.1  75  2.8531  100
248.3  280.796  2196.32  65.3371  916.478  0.36  45.1  75  2.8531  100
248.349  280.924  2190.03  65.8544  895.848  0.36  45.1  75  2.8531  100
248.398  280.924  2178.25  62.6615  1000.36  0.37  45.1  75  2.8531  100
248.447  281.053  2126.07  65.3045  888.262  0.37  42.9  75  2.8531  100
248.496  281.053  2108.87  65.7265  866.941  0.38  42.9  75  2.8531  100
248.545  281.182  2217.71  65.0542  935.342  0.36  42.9  75  2.8531  100
248.593  281.182  2289.88  65.1092  963.788  0.35  42.9  75  2.8531  100
248.642  281.311  2239.19  64.978  947.101  0.36  42.9  75  2.8531  100
248.691  281.311  2332.11  64.0223  1021.52  0.35  42.9  75  2.8531  100
248.74  281.311  2184.66  66.3868  875.089  0.36  43.4  75  2.8531  100
248.789  281.44  2097.59  63.4505  937.561  0.39  43.4  75  2.8531  100
248.837  281.44  2158.51  66.9628  844.688  0.36  43.4  75  2.8531  100
248.886  281.568  2072.32  64.2665  899.77  0.39  43.4  75  2.8531  100
248.935  281.568  2169.21  63.8527  955.928  0.37  43.4  75  2.8531  100
248.984  281.697  2145.34  64.1791  934.423  0.37  43.4  75  2.8531  100
249.033  281.697  2124.87  65.7461  872.854  0.37  43.8  75  2.8531  100
249.081  281.826  2138.12  64.7153  913.226  0.37  43.8  75  2.8531  100
249.13  281.826  2356.85  67.2324  912.086  0.33  43.8  75  2.8531  100
249.179  281.955  2188.63  63.2092  986.488  0.37  43.8  75  2.8531  100
249.228  281.955  2231.97  65.2757  933.531  0.36  43.8  75  2.8531  100
249.277  282.084  2167.58  67.6277  825.03  0.36  43.8  75  2.8531  100
249.325  282.084  2065.26  64.9278  875.173  0.39  43.2  75  2.8531  100
249.374  282.212  2164.47  67.5094  827.977  0.36  43.2  75  2.8531  100
249.423  282.212  2116.58  65.5247  876.9  0.38  43.2  75  2.8531  100
249.472  282.341  2237.39  65.0528  943.694  0.36  43.2  75  2.8531  100
249.52  282.341  2111.1  65.0526  890.431  0.38  43.2  75  2.8531  100
249.569  282.341  2046.95  65.7451  840.881  0.39  43.2  75  2.8531  100
249.618  282.47  2173.83  63.249  978.471  0.37  43.2  75  2.8531  100
249.667  282.47  2286.47  65.9942  930.199  0.35  43.2  75  2.8531  100
249.716  282.599  2140.28  65.0189  903.881  0.37  43.2  75  2.8531  100
249.764  282.599  2209.36  65.5933  912.929  0.36  43.2  75  2.8531  100
249.813  282.728  2178.62  66.7428  860.249  0.36  43.2  75  2.8531  100
249.862  282.728  2104.08  63.0315  954.201  0.39  43.2  75  2.8531  100
249.911  282.856  2372.8  66.5514  944.198  0.33  43.2  75  2.8531  100
249.959  282.856  2169.99  63.2835  975.576  0.37  43.3  75  2.8531  100
250.008  282.985  2159.2  64.4502  931.255  0.37  43.3  75  2.8531  100
250.057  282.985  2109.5  65.3798  878.818  0.38  43.3  75  2.8531  100
250.106  283.114  2143.07  66.1193  867.586  0.37  43.3  75  2.8531  100
250.154  283.114  2231.51  63.9601  979.626  0.36  43.3  75  2.8531  100
250.203  283.243  2182.03  66.1736  881.466  0.36  43.3  75  2.8531  100
250.252  283.243  2117.43  63.2004  954.685  0.38  43.7  75  2.8531  100
250.301  283.372  2145.55  64.4446  925.554  0.37  43.7  75  2.8531  100
250.349  283.372  2146.84  64.5225  923.48  0.37  43.7  75  2.8531  100
250.398  283.372  2203.53  61.7972  1041.37  0.37  43.7  75  2.8531  100
250.447  283.5  2295.63  65.7777  941.845  0.35  43.7  75  2.8531  100
250.496  283.5  2137.15  64.2795  927.486  0.38  43.7  75  2.8531  100
250.544  283.629  2179.02  64.466  939.26  0.37  44.8  75  2.8531  100
250.593  283.629  2197.5  65.6819  904.938  0.36  44.8  75  2.8531  100
250.642  283.758  2162.64  64.5702  928.649  0.37  44.8  75  2.8531  100
250.69  283.758  2343.44  63.9966  1027.42  0.34  44.8  75  2.8531  100
250.739  283.887  2254.25  67.303  869.818  0.35  44.8  75  2.8531  100
250.788  283.887  2145.87  64.5032  923.71  0.37  44.8  75  2.8531  100
250.836  284.016  2155.76  64.3303  933.837  0.37  44.3  75  2.8531  100
250.885  284.016  2165.03  66.8341  851.711  0.36  44.3  75  2.8531  100
250.934  284.144  2197.64  62.4797  1015.45  0.37  44.3  75  2.8531  100
250.983  284.144  2311.36  65.8512  945.596  0.34  44.3  75  2.8531  100
251.031  284.273  2129.56  66.05  864.473  0.37  44.3  75  2.8531  100
251.08  284.273  2067.05  63.707  915.624  0.39  44.3  75  2.8531  100
251.129  284.402  2238.64  67.3725  861.292  0.35  43.2  75  2.8531  100
251.178  284.402  2214.14  66.1195  896.349  0.36  43.2  75  2.8531  100
251.226  284.402  2188.07  62.6311  1005.9  0.37  43.2  75  2.8531  100
251.275  284.531  2173.09  66.5235  865.703  0.36  43.2  75  2.8531  100
251.324  284.531  2068.62  64.0405  905.506  0.39  43.2  75  2.8531  100
251.373  284.66  2217.55  66.2415  893.412  0.36  43.2  75  2.8531  100
251.422  284.66  2153.68  63.5023  960.89  0.38  43.7  75  2.8531  100
251.471  284.789  2285.43  63.4077  1023.05  0.35  43.7  75  2.8531  100
251.519  284.789  2229.83  64.7446  951.366  0.36  43.7  75  2.8531  100
251.568  284.917  2060.05  64.3188  892.748  0.39  43.7  75  2.8531  100
251.617  284.917  2078.46  63.8344  916.534  0.39  43.7  75  2.8531  100
251.666  285.046  2220.05  64.8828  942.344  0.36  43.7  75  2.8531  100
251.715  285.046  2229.26  65.3864  928.478  0.36  42.8  75  2.8531  100
251.763  285.175  2181.22  62.6644  1001.62  0.37  42.8  75  2.8531  100
251.812  285.175  2115.12  65.3918  880.759  0.38  42.8  75  2.8531  100
251.861  285.304  2138.92  65.1481  898.933  0.37  42.8  75  2.8531  100
251.91  285.304  2250.28  64.1467  981.274  0.36  42.8  75  2.8531  100
251.958  285.433  2237.9  64.6804  957.077  0.36  42.8  75  2.8531  100
252.007  285.433  2218.58  65.2876  927.509  0.36  43.7  75  2.8531  100
252.056  285.561  2282.23  66.4146  913.153  0.35  43.7  75  2.8531  100
252.105  285.561  2049.78  65.057  864.425  0.39  43.7  75  2.8531  100
252.153  285.561  2152.66  64.7418  918.532  0.37  43.7  75  2.8531  100
252.202  285.69  2290.55  65.5691  947.36  0.35  43.7  75  2.8531  100
252.252  285.69  2240.01  64.6658  958.497  0.36  43.7  75  2.8531  100
252.3  285.819  2195.03  62.9969  996.627  0.37  43.7  75  2.8531  100
252.349  285.819  2127.24  64.8619  903.657  0.38  42.2  75  2.8531  100
252.398  285.948  2166.47  65.0147  915.084  0.37  42.2  75  2.8531  100
252.447  285.948  2202.86  64.9284  933.463  0.36  42.2  75  2.8531  100
252.495  286.077  2203.3  65.3131  920.231  0.36  42.2  75  2.8531  100
252.544  286.077  2168.39  64.3128  939.908  0.37  42.2  75  2.8531  100
252.593  286.205  2140.55  64.3984  924.953  0.37  42.2  75  2.8531  100
252.642  286.205  2047.36  64.6578  876.317  0.39  44.1  75  2.8531  100
252.691  286.334  2064.68  64.3632  893.318  0.39  44.1  75  2.8531  100
252.739  286.334  2194.97  66.1671  886.922  0.36  44.1  75  2.8531  100
252.788  286.463  2139.84  64.9059  907.52  0.37  44.1  75  2.8531  100
252.838  286.463  2245.32  63.7804  992.013  0.36  44.1  75  2.8531  100
252.887  286.592  2168.66  66.3271  870.749  0.36  44.1  75  2.8531  100
252.935  286.592  2134.36  65.4726  886.034  0.37  44.4  75  2.8531  100
252.984  286.592  2151.9  65.0415  908.018  0.37  44.4  75  2.8531  100
253.033  286.721  2113.66  65.7739  867.315  0.38  44.4  75  2.8531  100
253.082  286.721  2200.11  62.6425  1011.04  0.37  44.4  75  2.8531  100
253.131  286.849  2138.74  64.2065  930.628  0.38  44.4  75  2.8531  100
253.18  286.849  2136.45  66.1399  864.206  0.37  44.4  75  2.8531  100
253.228  286.978  2057  65.1077  865.82  0.39  45.6  75  2.8531  100
253.277  286.978  2190.17  67.0331  854.605  0.36  45.6  75  2.8531  100
253.326  287.107  2195.53  63.1779  990.674  0.37  45.6  75  2.8531  100
253.375  287.107  2143.36  63.5658  954.158  0.38  45.6  75  2.8531  100
253.423  287.236  2130.84  65.2973  890.496  0.37  45.6  75  2.8531  100
253.472  287.236  2063.74  64.9969  872.275  0.39  45.6  75  2.8531  100
253.521  287.365  2212.62  66.3053  889.169  0.36  43.4  75  2.8531  100
253.569  287.365  2128.24  64.4152  919.07  0.38  43.4  75  2.8531  100
253.618  287.493  2177.69  62.8195  994.758  0.37  43.4  75  2.8531  100
253.667  287.493  2194.97  66.1671  886.922  0.36  43.4  75  2.8531  100
253.716  287.622  2033.29  65.3066  849.434  0.39  43.4  75  2.8531  100
253.764  287.622  2049.46  65.998  833.656  0.39  43.4  75  2.8531  100
253.813  287.751  2184.4  67.1279  849.023  0.36  42.9  75  2.8531  100
253.862  287.751  2083.4  63.7303  922.11  0.39  42.9  75  2.8531  100
253.911  287.751  2064.68  64.3632  893.318  0.39  42.9  75  2.8531  100
253.959  287.88  2041.11  65.5713  844.122  0.39  42.9  75  2.8531  100
254.008  287.88  1966.54  65.7591  807.41  0.4  42.9  75  2.8531  100
254.057  288.009  2048.24  65.6231  845.387  0.39  42.9  75  2.8531  100
254.106  288.009  2037.25  66.6299  808.114  0.39  44  75  2.8531  100
254.155  288.137  1925.83  64.7199  822.414  0.42  44  75  2.8531  100
254.203  288.137  2061.24  68.5614  753.391  0.38  44  75  2.8531  100
254.252  288.266  1889.11  67.1682  733.024  0.42  44  75  2.8531  100
254.301  288.266  1933.18  67.6999  733.557  0.4  44  75  2.8531  100
254.35  288.395  2044.15  69.3738  720.092  0.38  44  75  2.8531  100
254.399  288.395  1833.16  66.0183  745.081  0.43  42.4  75  2.8531  100
254.447  288.524  1890.83  69.7407  654.737  0.41  42.4  75  2.8531  100
254.496  288.524  1819.08  70.3231  612.512  0.42  42.4  75  2.8531  100
254.545  288.653  1843.03  68.7592  667.707  0.42  42.4  75  2.8531  100
254.594  288.653  1892.96  69.1944  672.378  0.41  42.4  75  2.8531  100
254.642  288.781  1811.78  67.5297  692.468  0.43  42.4  75  2.8531  100
254.691  288.781  1833.69  67.0536  714.9  0.43  42.4  75  2.8531  100
254.74  288.781  1844.9  68.5374  675.039  0.42  41.8  75  2.8531  100
254.789  288.91  1821.23  69.892  626.125  0.42  41.8  75  2.8531  100
254.837  288.91  1822.49  67.0457  710.766  0.43  41.8  75  2.8531  100
254.886  289.039  1859.36  68.1323  692.546  0.42  41.8  75  2.8531  100
254.935  289.039  1904.96  69.2612  674.562  0.41  41.8  75  2.8531  100
254.984  289.168  1882.55  69.0725  672.419  0.41  41.8  75  2.8531  100
255.033  289.168  1896.02  69.6404  659.645  0.41  41.9  75  2.8531  100
255.082  289.297  1890.07  66.9156  741.069  0.42  41.9  75  2.8531  100
255.13  289.297  2023.16  65.8796  826.776  0.39  41.9  75  2.8531  100
255.179  289.426  2056.72  68.4091  756.826  0.38  41.9  75  2.8531  100
255.228  289.426  1931.01  64.4585  832.581  0.42  41.9  75  2.8531  100
255.277  289.554  2115.68  69.535  739.716  0.36  41.9  75  2.8531  100
255.326  289.554  2021.2  66.0832  819.413  0.39  44.8  75  2.8531  100
255.375  289.683  2144.54  64.2158  932.838  0.37  44.8  75  2.8531  100
255.423  289.683  2222.22  64.4368  958.901  0.36  44.8  75  2.8531  100
255.472  289.812  2252.62  64.4103  972.96  0.36  44.8  75  2.8531  100
255.521  289.812  2207.65  65.9906  898.262  0.36  44.8  75  2.8531  100
255.569  289.812  2095.23  67.2321  810.855  0.37  44.8  75  2.8531  100
255.618  289.941  2129.24  65.9394  868.095  0.37  43.5  75  2.8531  100
255.667  289.941  2113.49  64.9467  894.98  0.38  43.5  75  2.8531  100
255.716  290.07  2134.48  65.527  884.239  0.37  43.5  75  2.8531  100
255.764  290.07  2131.04  66.2362  858.74  0.37  43.5  75  2.8531  100
255.813  290.198  2168.32  67.4845  830.324  0.36  43.5  75  2.8531  100
255.862  290.198  2041.25  65.8724  834.404  0.39  43.5  75  2.8531  100
255.911  290.327  2210.77  66.3764  885.914  0.36  44.5  75  2.8531  100
255.96  290.327  2185.75  67.3158  842.937  0.36  44.5  75  2.8531  100
256.009  290.456  2120.2  66.0639  860.205  0.37  44.5  75  2.8531  100
256.057  290.456  2092.9  66.9777  818.511  0.38  44.5  75  2.8531  100
256.106  290.585  2088.33  68.0005  782.286  0.37  44.5  75  2.8531  100
256.155  290.585  2034.65  66.6227  807.317  0.39  44.5  75  2.8531  100
256.204  290.714  2154.97  67.6257  820.303  0.36  43.5  75  2.8531  100
256.252  290.714  2124.76  66.7279  839.489  0.37  43.5  75  2.8531  100
256.301  290.842  2134.07  64.8949  905.446  0.37  43.5  75  2.8531  100
256.35  290.842  2098.52  66.6378  832.153  0.38  43.5  75  2.8531  100
256.399  290.971  2090.78  67.7993  790.008  0.37  43.5  75  2.8531  100
256.448  290.971  2113.66  65.7739  867.315  0.38  43.5  75  2.8531  100
256.497  290.971  2138.52  68.2179  793.559  0.36  43.5  75  2.8531  100
256.546  291.1  2041.4  66.2233  823.036  0.39  43.5  75  2.8531  100
256.595  291.1  2101.97  66.9159  824.146  0.37  43.5  75  2.8531  100
256.643  291.229  2014.58  67.656  765.875  0.39  43.5  75  2.8531  100
256.692  291.229  1960.22  66.334  786.839  0.4  43.5  75  2.8131  100
256.741  291.358  2078.92  67.7426  787.428  0.38  43.5  75  2.8131  100
256.79  291.358  2047.13  66.0978  829.451  0.39  42.6  75  2.8131  100
256.838  291.486  2039.07  66.3219  818.884  0.39  42.6  75  2.8131  100
256.887  291.486  2050.06  68.8596  739.364  0.38  42.6  75  2.8131  100
256.936  291.615  1912.13  65.3935  796.182  0.42  42.6  75  2.8131  100
256.985  291.615  2061.26  64.3937  890.845  0.39  42.6  75  2.7731  100
257.033  291.744  2023.29  67.3107  780.453  0.39  42.6  75  2.7731  100
257.082  291.744  1912.13  65.3935  796.182  0.42  42.5  75  2.7731  100
257.131  291.873  2023.47  66.9696  791.62  0.39  42.5  75  2.7731  100
257.18  291.873  1973.21  69.0774  704.645  0.39  42.5  75  2.7731  100
257.228  292.002  1963.63  66.7449  775.291  0.4  42.5  75  2.7731  100
257.277  292.002  1984.61  69.2526  703.045  0.39  42.5  75  2.7731  100
257.326  292.002  1804.85  70.4822  603.001  0.43  42.5  75  2.7731  100
257.375  292.13  1858.77  70.7256  613.566  0.41  42.5  75  2.7731  100
257.424  292.13  1773.42  71.023  576.696  0.43  43.4  75  2.7731  100
257.472  292.259  1717.41  68.588  626.976  0.45  43.4  75  2.7731  100
257.521  292.259  1856.74  68.3384  685.368  0.42  43.4  75  2.7731  100
257.57  292.388  1768.47  69.0227  633.108  0.44  43.4  75  2.7531  100
257.619  292.388  1725.57  68.2226  640.189  0.45  43.4  75  2.7531  100
257.667  292.517  1762.76  69.1713  626.794  0.44  43.4  75  2.7531  100
257.716  292.517  1779.02  69.2594  630.02  0.43  44.8  75  2.7531  100
257.765  292.646  1799.49  67.8341  678.927  0.43  44.8  75  2.7531  100
257.814  292.646  1876.9  69.8922  645.252  0.41  44.8  75  2.7531  100
257.862  292.774  1830.7  69.2044  649.963  0.42  44.8  75  2.7531  100
257.912  292.774  1835.95  68.7142  666.488  0.42  44.8  75  2.7531  100
257.96  292.903  1892.68  68.7723  685.292  0.41  44.8  75  2.7531  100
258.009  292.903  1954.05  66.4328  781.276  0.4  45.2  75  2.7531  100
258.058  293.032  2074.65  63.6067  922.245  0.39  45.2  75  2.7531  100
258.107  293.032  2086.99  66.0882  845.917  0.38  45.2  75  2.7531  100
258.155  293.032  2048.2  66.4696  817.713  0.39  45.2  75  2.7531  100
258.205  293.161  2125.96  66.1312  860.258  0.37  45.2  75  2.7531  100
258.254  293.161  2073.46  67.1677  804.576  0.38  45.2  75  2.7531  100
258.302  293.29  2050.01  64.6628  877.291  0.39  44.7  75  2.7531  100
258.351  293.29  2123.12  66.1243  859.343  0.37  44.7  75  2.7531  100
258.4  293.418  2047.91  66.0646  830.85  0.39  44.7  75  2.7531  100
258.449  293.418  2099.21  66.9082  823.321  0.37  44.7  75  2.7531  100
258.498  293.547  2030.56  66.3851  813.418  0.39  44.7  75  2.7531  100
258.547  293.547  1978.73  64.8261  841.685  0.4  44.7  75  2.7531  100
258.596  293.676  2187.39  67.1362  849.894  0.36  43.1  75  2.7531  100
258.644  293.676  2075.05  67.5563  792.201  0.38  43.1  75  2.7531  100
258.693  293.805  1994.62  65.8465  816.165  0.4  43.1  75  2.7531  100
258.742  293.805  2021.81  66.6375  801.741  0.39  43.1  75  2.7531  100
258.791  293.934  2009.06  66.6019  797.832  0.39  43.1  75  2.7531  100
258.84  293.934  2100.05  66.8749  824.773  0.37  43.1  75  2.7531  100
258.889  294.062  2183.69  67.2731  843.643  0.36  42.8  75  2.7531  100
258.937  294.062  2029.99  66.4715  810.383  0.39  42.8  75  2.7531  100
258.986  294.191  1960.18  66.0472  795.801  0.4  42.8  75  2.7531  100
259.035  294.191  2038.08  69.7813  704.369  0.38  42.8  75  2.7531  100
259.084  294.191  2033.75  67.3955  781.708  0.39  42.8  75  2.7531  100
259.132  294.32  2058.99  65.9508  839.08  0.38  42.8  75  2.7531  100
259.181  294.32  2033.82  69.6314  707.889  0.38  43.3  75  2.7531  100
259.23  294.449  1819.16  67.0963  707.988  0.43  43.3  75  2.7531  100
259.279  294.449  1871.71  70.2624  632.102  0.41  43.3  75  2.7531  100
259.328  294.578  1877.48  70.3199  632.278  0.41  43.3  75  2.7531  100
259.376  294.578  1806.72  67.7541  683.99  0.43  43.3  75  2.7531  100
259.425  294.707  1821.26  70.9517  594.396  0.42  43.3  75  2.7531  100
259.474  294.707  1672.83  71.1172  541.383  0.46  44  75  2.7531  100
259.523  294.835  1711.96  69.6041  596.628  0.45  44  75  2.7531  100
259.572  294.835  1738.92  70.1411  590.719  0.44  44  75  2.7531  100
259.62  294.964  1835.72  69.8703  631.756  0.42  44  75  2.7531  100
259.669  294.964  1873.2  69.9806  641.267  0.41  44  75  2.7531  100
259.718  295.093  1829.34  69.2584  647.868  0.42  44  75  2.7531  100
259.767  295.093  1851.78  68.35  683.187  0.42  43.8  75  2.6031  100
259.816  295.222  1896.01  69.7329  656.773  0.41  43.8  75  2.6031  100
259.864  295.222  1788.46  68.0757  667.78  0.44  43.8  75  2.6031  100
259.913  295.222  1860.15  68.1971  690.888  0.42  43.8  75  2.6031  100
259.962  295.351  1843.45  68.5458  674.258  0.42  43.8  75  2.6031  100
260.011  295.351  1809.1  67.5506  690.833  0.43  43.8  75  2.6031  100
260.06  295.479  1914.84  68.3397  706.773  0.41  43.8  75  2.6031  100
260.109  295.479  1971.4  68.7936  713.11  0.39  44.1  75  2.6031  100
260.157  295.608  2141.7  65.6736  882.239  0.37  44.1  75  2.6031  100
260.206  295.608  2209.63  65.6525  910.962  0.36  44.1  75  2.6031  100
260.255  295.737  2110.13  69.2031  749.213  0.37  44.1  75  2.5031  100
260.304  295.737  2045.74  65.9185  834.735  0.39  44.1  75  2.5031  100
260.352  295.866  2171.36  67.0179  847.793  0.36  44.1  75  2.5031  100
260.401  295.866  2125.87  66.803  837.365  0.37  43.3  75  2.5031  100
260.45  295.995  2038.88  65.1769  855.96  0.39  43.3  75  2.5031  100
260.499  295.995  2062.14  67.8268  778.269  0.38  43.3  75  2.5031  100
260.547  296.123  1950.72  66.6894  771.928  0.4  43.3  75  2.4031  100
260.596  296.123  1953.52  66.2309  787.368  0.4  43.3  75  2.4031  100
260.645  296.252  2030.41  69.452  712.658  0.38  43.3  75  2.4031  100
260.694  296.252  1839.25  65.9401  749.845  0.43  43.1  75  2.4031  100
260.742  296.252  1909.96  68.8264  689.866  0.41  43.1  75  2.4031  100
260.791  296.381  1764.25  71.6052  556.73  0.43  43.1  75  2.4031  100
260.84  296.381  1783.6  69.2506  631.897  0.43  43.1  75  2.4031  100
260.889  296.51  1808.29  71.4291  575.901  0.42  43.1  75  2.3331  100
260.938  296.51  1748.74  71.6506  550.52  0.44  43.1  75  2.3331  100
260.987  296.639  1730.51  70.9026  566.179  0.44  43  75  2.3331  100
261.036  296.639  1773.3  74.8996  461.966  0.42  43  75  2.3331  100
261.084  296.767  1736.98  72.9862  508.245  0.44  43  75  2.3331  100
261.133  296.767  1793.28  72.7744  531.055  0.42  43  75  2.3331  100
261.182  296.896  1905.36  75.5231  476.32  0.39  43  75  2.3331  100
261.231  296.896  1942.01  75.2657  493.924  0.39  43  75  2.3131  100
261.28  297.025  2008.81  76.1729  480.091  0.37  42.8  75  2.3131  100
261.328  297.025  2008.62  77.6445  429.796  0.37  42.8  75  2.3131  100
261.377  297.154  2008.5  77.7153  427.349  0.37  42.8  75  2.3131  100
261.426  297.154  2069.31  79.6831  370.597  0.36  42.8  75  2.3131  100
261.475  297.283  2002.34  75.3492  506.447  0.37  42.8  75  2.3131  100
261.523  297.283  2005  75.0243  518.11  0.37  42.8  75  2.3131  100
261.572  297.411  2054.51  76.9199  464.96  0.36  43.5  75  2.2731  100
261.621  297.411  1973.66  74.6177  523.532  0.38  43.5  75  2.2731  100
261.67  297.411  2103.66  76.5982  487.585  0.35  43.5  75  2.2731  100
261.718  297.54  2023.34  76.8172  461.44  0.37  43.5  75  2.2731  100
261.767  297.54  1948.76  73.5597  551.53  0.39  43.5  75  2.2731  100
261.817  297.669  1990.66  75.189  508.874  0.38  43.5  75  2.2731  100
261.865  297.669  1935.42  76.6044  448.386  0.38  43.3  75  2.2731  100
261.914  297.798  2009.75  74.0089  553.663  0.37  43.3  75  2.2731  100
261.963  297.798  2111.88  76.8325  481.085  0.35  43.3  75  2.2731  100
262.012  297.927  2009.18  75.5379  501.77  0.37  43.3  75  2.2731  100
262.06  297.927  2045.69  76.4266  480.106  0.36  43.3  75  2.2731  100
262.109  298.055  1987.14  76.7701  454.774  0.37  43.3  75  2.2731  100
262.158  298.055  2006.77  76.898  454.905  0.37  43.5  75  2.2731  100
262.207  298.184  2031.99  74.8179  532.153  0.37  43.5  75  2.2731  100
262.256  298.184  1989.76  75.5788  495.547  0.38  43.5  75  2.2731  100
262.304  298.313  2029.29  76.4581  475.171  0.37  43.5  75  2.2731  100
262.353  298.313  2088.61  78.0416  432.762  0.35  43.5  75  2.2731  100
262.402  298.442  1991.12  77.8206  420.075  0.37  43.5  75  2.2731  100
262.451  298.442  2066.03  77.2205  457.007  0.36  43.5  75  2.2731  100
262.499  298.442  2019.61  74.2258  549.027  0.37  44.2  75  2.2731  100
262.548  298.571  1949.94  74.1392  532.921  0.39  44.2  75  2.2731  100
262.597  298.571  1944.48  73.8692  540.239  0.39  44.2  75  2.2731  100
262.646  298.699  1969.91  75.5875  490.313  0.38  44.2  75  2.2731  100
262.695  298.699  1959.85  75.8963  477.57  0.38  44.2  75  2.2731  100
262.744  298.828  2094.39  76.8614  476.07  0.35  44.2  75  2.2731  100
262.793  298.828  2043.59  77.2466  451.132  0.36  43.5  75  2.2731  100
262.842  298.957  2064.45  76.175  493.317  0.36  43.5  75  2.2731  100
262.89  298.957  2064.31  77.0762  461.695  0.36  43.5  75  2.2731  100
262.939  299.086  2018.77  78.5274  401.532  0.37  43.5  75  2.2731  100
262.988  299.086  2060.69  76.9343  465.857  0.36  43.5  75  2.2731  100
263.037  299.215  2101.84  79.0675  398.617  0.35  43.5  75  2.2731  100
263.086  299.215  2015.07  78.9928  384.743  0.37  41.8  75  2.2731  100
263.134  299.344  2047.77  78.4988  408.302  0.36  41.8  75  2.2731  100
263.183  299.344  2028.79  81.4084  303.081  0.36  41.8  75  2.2731  100
263.232  299.472  2010.67  80.1482  344.025  0.37  41.8  75  2.2731  100
263.281  299.472  2035.88  81.0342  317.281  0.36  41.8  75  2.2731  100
263.329  299.601  1953.94  80.8695  310.059  0.37  41.8  75  2.2731  100
263.378  299.601  1987.93  77.8369  418.848  0.37  43  75  2.2731  100
263.427  299.601  2103.18  79.1233  396.862  0.35  43  75  2.2731  100
263.476  299.73  1933.12  76.3693  455.563  0.39  43  75  2.2731  100
263.524  299.73  1983.99  73.0216  579.349  0.38  43  75  2.2731  100
263.573  299.859  1983.12  75.3942  500.077  0.38  43  75  2.2731  100
263.622  299.859  1915.91  74.1935  521.875  0.39  43  75  2.2731  100
263.671  299.988  2016.85  76.8566  458.61  0.37  43.4  75  2.2731  100
263.719  299.988  2037.46  77.7626  431.867  0.36  43.4  75  2.2731  100
263.768  300.116  2007.8  75.3426  508.051  0.37  43.4  75  2.2731  100
263.817  300.116  2033.77  76.042  490.566  0.37  43.4  75  2.2731  100
263.866  300.245  1846.93  74.06  507.226  0.41  43.4  75  2.2731  100
263.915  300.245  1825.11  72.1707  558.816  0.42  43.4  75  2.2731  100
263.964  300.374  1911.45  70.7671  629.65  0.4  43  75  2.2731  100
264.012  300.374  1867.45  69.8331  643.814  0.41  43  75  2.2731  100
264.061  300.503  1934.33  67.9624  725.788  0.4  43  75  2.2731  100
264.11  300.503  1895.18  69.342  668.597  0.41  43  75  2.2731  100
264.159  300.632  1817.68  69.2672  643.476  0.43  43  75  2.2731  100
264.207  300.632  1834.9  69.3126  648.215  0.42  43  75  2.2731  100
264.256  300.632  1856.18  71.9108  576.34  0.41  43.5  75  2.2731  100
264.305  300.76  1846.52  68.0843  689.199  0.42  43.5  75  2.2731  100
264.354  300.76  1902.5  71.0192  618.792  0.4  43.5  75  2.2731  100
264.402  300.889  1812.26  71.3965  578.141  0.42  43.5  75  2.2731  100
264.451  300.889  1805.88  70.4605  603.988  0.43  43.5  75  2.2731  100
264.5  301.018  1827.67  71.1819  589.54  0.42  43.5  75  2.2731  100
264.548  301.018  1809.05  71.6947  568.188  0.42  45  75  2.2731  100
264.597  301.147  1734.53  70.3152  584.269  0.44  45  75  2.2731  100
264.646  301.147  1751.97  72.94  513.982  0.43  45  75  2.2731  100
264.695  301.276  1697.6  72.3217  515.514  0.45  45  75  2.2731  100
264.743  301.276  1798.26  72.5447  539.408  0.42  45  75  2.2731  100
264.792  301.404  1848.49  74.0575  507.729  0.41  45  75  2.2731  100
264.841  301.404  1951.4  75.1486  500.17  0.38  44.4  75  2.2731  100
264.89  301.533  1934.93  72.5352  580.712  0.39  44.4  75  2.2731  100
264.939  301.533  1963.61  76.187  468.819  0.38  44.4  75  2.2731  100
264.988  301.662  1867.2  71.9404  578.841  0.41  44.4  75  2.2731  100
265.036  301.662  1804.17  70.1024  614.029  0.43  44.4  75  2.2731  100
265.086  301.662  1790.98  72.0293  552.572  0.42  44.4  75  2.2731  100
265.134  301.791  1859.01  71.9522  575.942  0.41  44.4  75  2.2731  100
265.183  301.791  1878.63  72.9856  549.71  0.4  43.4  75  2.2731  100
265.232  301.92  1754.98  71.6583  552.262  0.43  43.4  75  2.2731  100
265.281  301.92  1819.26  70.4677  608.249  0.42  43.4  75  2.2731  100
265.329  302.048  1826.82  71.1513  590.19  0.42  43.4  75  2.2731  100
265.379  302.048  1864.25  68.6613  678.365  0.42  43.4  75  2.2731  100
265.427  302.177  1949.19  70.4085  653.586  0.39  43.4  75  2.2731  100
265.476  302.177  1882.7  70.0406  642.669  0.41  43.1  75  2.2731  100
265.525  302.306  1863.39  67.462  714.229  0.42  43.1  75  2.2731  100
265.574  302.306  2011.84  66.7123  795.377  0.39  43.1  75  2.2731  100
265.622  302.435  1986.22  69.1941  705.513  0.39  43.1  75  2.2731  100
265.671  302.435  1952.11  66.9584  764.052  0.4  43.1  75  2.2731  100
265.72  302.564  1972.31  70.9791  642.799  0.39  43.1  75  2.2731  100
265.769  302.564  1915.91  68.6923  696.199  0.41  43.7  75  2.2731  100
265.817  302.692  2081.61  68.4623  764.185  0.37  43.7  75  2.2731  100
265.866  302.692  2102.24  67.0755  818.862  0.37  43.7  75  2.2731  100
265.915  302.821  2139.01  66.036  868.784  0.37  43.7  75  2.2731  100
265.964  302.821  2162.63  67.5765  824.935  0.36  43.7  75  2.2731  100
266.013  302.821  2089.45  68.178  776.698  0.37  43.7  75  2.2731  100
266.062  302.95  1986.42  65.8605  812.366  0.4  43.3  75  2.2731  100
266.11  302.95  2016.83  67.0683  785.827  0.39  43.3  75  2.2731  100
266.159  303.079  1995.71  67.8616  752.072  0.39  43.3  75  2.2731  100
266.208  303.079  1977.75  65.7184  813.294  0.4  43.3  75  2.2731  100
266.257  303.208  1924.43  68.1027  717.704  0.41  43.3  75  2.2731  100
266.305  303.208  1872.18  70.5262  624.14  0.41  43.3  75  2.2731  100
266.354  303.336  2012.84  68.2055  747.325  0.39  43.7  75  2.2731  100
266.403  303.336  1912.73  68.5682  698.899  0.41  43.7  75  2.2731  100
266.452  303.465  1834.18  69.1153  653.863  0.42  43.7  75  2.2731  100
266.5  303.465  1798.26  70.5956  597.444  0.43  43.7  75  2.2731  100
266.549  303.594  1773.24  71.4214  564.964  0.43  43.7  75  2.2731  100
266.598  303.594  1837.71  69.2508  651.062  0.42  43.7  75  2.2731  100
266.647  303.723  1853.23  68.3863  682.632  0.42  43.9  75  2.2731  100
266.695  303.723  1788.88  68.4338  657.55  0.43  43.9  75  2.2731  100
266.744  303.852  1908.62  69.0262  683.172  0.41  43.9  75  2.2731  100
266.793  303.852  1972.5  69.494  690.978  0.39  43.9  75  2.2731  100
266.842  303.852  1947.43  67.8461  734.367  0.4  43.9  75  2.2731  100
266.891  303.981  2110.08  66.8315  830.186  0.37  43.9  75  2.2731  100
266.94  303.981  2003.6  67.1641  777.585  0.39  43.8  75  2.2731  100
266.988  304.109  2012.84  68.2055  747.325  0.39  43.8  75  2.2731  100
267.037  304.109  2077.75  67.5648  792.947  0.38  43.8  75  2.2731  100
267.086  304.238  2058.67  68.6543  749.346  0.38  43.8  75  2.2731  100
267.135  304.238  2123.55  65.926  866.228  0.37  43.8  75  2.2731  100
267.184  304.367  2186.88  67.3926  840.667  0.36  43.8  75  2.2731  100
267.233  304.367  2037.78  66.4925  812.807  0.39  44.1  75  2.2731  100
267.282  304.496  1946.55  67.778  736.176  0.4  44.1  75  2.2731  100
267.33  304.496  1973.09  68.9299  709.343  0.39  44.1  75  2.2731  100
267.379  304.625  1922.97  68.1146  716.789  0.41  44.1  75  2.2731  100
267.428  304.625  2093.66  67.9134  787.234  0.37  44.1  75  2.2731  100
267.477  304.753  2076.12  68.3399  766.296  0.37  44.1  75  2.2731  100
267.526  304.753  1992.14  68.2654  737.706  0.39  44.1  75  2.2731  100
267.575  304.882  1992.93  68.2836  737.41  0.39  42.8  75  2.2731  100
267.623  304.882  1987.61  68.7904  719.08  0.39  42.8  75  2.2731  100
267.672  304.882  1974.26  65.6417  814.266  0.4  42.8  75  2.2731  100
267.721  305.011  2097.7  66.3135  842.71  0.38  42.8  75  2.2731  100
267.77  305.011  2083.03  68.0871  777.379  0.37  42.8  75  2.2731  100
267.819  305.14  1969.03  65.5269  815.7  0.4  42.8  75  2.2731  100
267.868  305.14  1969.17  69.1733  700.126  0.39  44  75  2.2731  100
267.917  305.269  2012.47  67.9027  757.055  0.39  44  75  2.2731  100
267.965  305.269  2057.76  65.0734  867.257  0.39  44  75  2.2731  100
268.014  305.397  2000.24  67.5757  763.017  0.39  44  75  2.2731  100
268.063  305.397  1974.09  66.7419  779.515  0.4  44  75  2.2731  100
268.112  305.526  2106.58  66.552  838.246  0.37  44  75  2.2731  100
268.161  305.526  1979.62  69.0854  706.677  0.39  43.3  75  2.2731  100
268.209  305.655  2046.42  66.481  816.63  0.39  43.3  75  2.2731  100
268.258  305.655  2168.87  66.8077  854.142  0.36  43.3  75  2.2731  100
268.307  305.784  2129.58  65.4795  883.816  0.37  43.3  75  2.2731  100
268.356  305.784  2133.62  66.4977  850.859  0.37  43.3  75  2.2731  100
268.404  305.913  2080.28  67.4679  797.163  0.38  43.3  75  2.2731  100
268.453  305.913  2091.81  67.3113  806.859  0.37  43.9  75  2.2731  100
268.502  306.041  2106.29  63.1867  950.116  0.38  43.9  75  2.2731  100
268.551  306.041  2109.21  65.8364  863.392  0.38  43.9  75  2.2731  100
268.599  306.041  2065.31  65.1801  866.947  0.39  43.9  75  2.2731  100
268.649  306.17  2111.61  66.3491  847.1  0.37  43.9  75  2.2731  100
268.697  306.17  2097.84  67.6464  797.852  0.37  43.9  75  2.2731  100
268.746  306.299  2146  64.7673  914.83  0.37  44  75  2.2731  100
268.795  306.299  2233.09  67.806  843.537  0.35  44  75  2.2731  100
268.844  306.428  2129.63  66.4147  852.095  0.37  44  75  2.2731  100
268.892  306.428  2052.06  65.4543  852.466  0.39  44  75  2.2731  100
268.941  306.557  2121.17  68.9317  762.519  0.37  44  75  2.2731  100
268.99  306.557  1980.93  65.6919  815.435  0.4  44  75  2.2731  100
269.039  306.685  2094.93  66.3065  841.836  0.38  41.5  75  2.2731  100
269.087  306.685  2158.33  67.9605  809.905  0.36  41.5  75  2.2731  100
269.136  306.814  2043.98  65.6321  843.331  0.39  41.5  75  2.2731  100
269.185  306.814  2018.95  66.8696  793.095  0.39  41.5  75  2.2731  100
269.234  306.943  1912.34  68.1863  710.607  0.41  41.5  75  2.2731  100
269.283  306.943  1925.83  64.7199  822.414  0.42  41.5  75  2.2731  100
269.331  307.072  2079.78  68.4215  764.893  0.37  43.8  75  2.2731  100
269.38  307.072  2019.95  66.5476  803.914  0.39  43.8  75  2.2731  100
269.429  307.072  2063.33  65.6413  851.016  0.38  43.8  75  2.2731  100
269.478  307.201  2018.18  67.2948  778.995  0.39  43.8  75  2.2731  100
269.526  307.201  1996.25  65.1054  840.321  0.4  43.8  75  2.2731  100
269.575  307.329  2040.35  65.6048  842.72  0.39  43.8  75  2.2731  100
269.624  307.329  2069.5  67.4348  794.14  0.38  43.6  75  2.2731  100
269.673  307.458  2033.03  66.6367  806.217  0.39  43.6  75  2.2731  100
269.721  307.458  2001.48  67.36  770.448  0.39  43.6  75  2.2731  100
269.77  307.587  2080.19  67.9736  780.142  0.38  43.6  75  2.2731  100
269.819  307.587  2055.17  64.4193  887.384  0.39  43.6  75  2.2731  100
269.868  307.716  2092.28  67.1175  813.569  0.38  43.6  75  2.2731  100
269.916  307.716  2006.86  67.0905  781.222  0.39  43.6  75  2.2731  100
269.965  307.845  2089.07  67.3031  806.079  0.38  43.6  75  2.2731  100
270.014  307.845  2019.49  66.7341  797.696  0.39  43.6  75  2.2731  100
270.063  307.973  1996.57  64.9667  844.837  0.4  43.6  75  2.2731  100
270.112  307.973  2107.98  66.3759  844.74  0.37  43.6  75  2.2731  100
270.16  308.102  2068.71  68.1241  770.798  0.38  43.6  75  2.2731  100
270.209  308.102  1977.52  66.4826  789.084  0.4  43.6  75  2.2731  100
270.258  308.102  2027.87  66.0305  823.823  0.39  43.3  75  2.2731  100
270.307  308.231  2112.03  67.3364  813.81  0.37  43.3  75  2.2731  100
270.356  308.231  2138.23  65.2384  895.583  0.37  43.3  75  2.2731  100
270.404  308.36  2050.12  65.6628  844.866  0.39  43.3  75  2.2731  100
270.454  308.36  1964.95  68.7364  712.606  0.4  43.3  75  2.2731  100
270.502  308.489  2114.33  66.6637  837.545  0.37  43.3  75  2.2731  100
270.551  308.489  2134.03  68.486  782.61  0.36  43.1  75  2.2731  100
270.6  308.617  2005.72  64.5283  862.592  0.4  43.1  75  2.2731  100
270.649  308.617  2057.78  65.3242  859.088  0.39  43.1  75  2.2731  100
270.697  308.746  2072.63  67.2002  803.17  0.38  43.1  75  2.2731  100
270.746  308.746  1963.3  66.0216  797.871  0.4  43.1  75  2.2731  100
270.795  308.875  2015.39  66.7909  794.242  0.39  43.1  75  2.2731  100
270.844  308.875  2097.95  67.1884  813.383  0.37  44.5  75  2.2731  100
270.893  309.004  2066.16  64.2928  896.245  0.39  44.5  75  2.2731  100
270.941  309.004  2086.95  66.7485  823.861  0.38  44.5  75  2.2731  100
270.99  309.133  1916.41  65.3036  800.694  0.42  44.5  75  2.2731  100
271.039  309.133  2078.99  64.3511  899.901  0.39  44.5  75  2.2731  100
271.088  309.133  2019.17  66.9728  789.833  0.39  44.5  75  2.2731  100
271.137  309.262  2039.02  66.6187  809.179  0.39  42.9  75  2.2731  100
271.185  309.262  2076.77  64.0533  908.657  0.39  42.9  75  2.2731  100
271.234  309.39  2008.78  66.8401  790.05  0.39  42.9  75  2.2731  100
271.283  309.39  1991.86  64.8175  847.538  0.4  42.9  75  2.2731  100
271.332  309.519  2174.57  67.7217  824.392  0.36  42.9  75  2.2731  100
271.381  309.519  2087.38  67.3683  803.236  0.38  42.9  75  2.2731  100
271.43  309.648  2140.12  65.4851  888  0.37  44  75  2.2731  100
271.478  309.648  2014.38  66.3764  807.216  0.39  44  75  2.2731  100
271.527  309.777  1959.76  66.8002  772.026  0.4  44  75  2.2731  100
271.576  309.777  2121.07  65.2032  889.58  0.38  44  75  2.2731  100
271.625  309.906  2144.13  68.1296  798.707  0.36  44  75  2.2731  100
271.674  309.906  2049.25  65.6444  845.108  0.39  44  75  2.2731  100
271.722  310.034  2192.49  66.3314  880.165  0.36  43.5  75  2.2731  100
271.771  310.034  2085.01  67.5713  795.504  0.38  43.5  75  2.2731  100
271.82  310.163  2078.38  64.8447  883.464  0.38  43.5  75  2.2731  100
271.869  310.163  2110.85  65.7674  866.381  0.38  43.5  75  2.2731  100
271.917  310.292  2058.99  65.9508  839.08  0.38  43.5  75  2.2731  100
271.967  310.292  2136.78  65.6258  881.837  0.37  43.5  75  2.2731  100
272.016  310.292  2109.1  66.4508  842.663  0.37  43.6  75  2.2731  100
272.064  310.421  2020.75  67.7956  763.666  0.39  43.6  75  2.2731  100
272.113  310.421  2132.42  66.0569  865.399  0.37  43.6  75  2.2731  100
272.162  310.55  2110.74  66.7425  833.456  0.37  43.6  75  2.2731  100
272.211  310.55  2080.81  64.3372  901.142  0.39  43.6  75  2.2731  100
272.26  310.678  2051.49  64.5934  880.167  0.39  43.6  75  2.2731  100
272.309  310.678  2033.85  66.3083  817.235  0.39  42  75  2.2731  100
272.357  310.807  1983.27  64.7309  846.599  0.4  42  75  2.2731  100
272.406  310.807  2188.54  67.2133  847.625  0.36  42  75  2.2731  100
272.455  310.936  2076.74  64.4572  895.458  0.39  42  75  2.2731  100
272.504  310.936  2139.52  65.8901  873.97  0.37  42  75  2.2731  100
272.552  311.065  2016.37  66.1747  814.512  0.39  42  75  2.2731  100
272.601  311.065  1962.17  66.187  792.23  0.4  42  75  2.2731  100
272.65  311.194  2070.08  63.9693  908.462  0.39  44.8  75  2.2731  100
272.699  311.194  2150.64  67.3764  827.296  0.36  44.8  75  2.2731  100
272.747  311.322  2001.56  63.9541  878.869  0.4  44.8  75  2.2731  100
272.796  311.322  2095.53  67.9544  786.547  0.37  44.8  75  2.2731  100
272.845  311.322  2091.64  67.7671  791.422  0.37  44.8  75  2.2731  100
272.894  311.451  2061.78  65.709  848.156  0.38  44.8  75  2.2731  100
272.943  311.451  2075.12  67.1025  807.395  0.38  43.4  75  2.2731  100
272.991  311.58  1970.06  65.5976  813.917  0.4  43.4  75  2.2731  100
273.04  311.58  1944.65  67.166  754.648  0.4  43.4  75  2.2731  100
273.089  311.709  2057.66  68.4806  754.786  0.38  43.4  75  2.2731  100
273.138  311.709  1934.66  64.3972  836.024  0.41  43.4  75  2.2731  100
273.186  311.838  2119.13  66.3516  850.034  0.37  43.4  75  2.2731  100
273.235  311.838  1983.62  68.9384  712.856  0.39  44.4  75  2.2731  100
273.284  311.966  1828.78  66.7563  721.713  0.43  44.4  75  2.2731  100
273.332  311.966  1858.85  67.7583  703.602  0.42  44.4  75  2.2731  100
273.381  312.095  1971.59  69.0386  705.312  0.39  44.4  75  2.2731  100
273.431  312.095  1960.22  66.334  786.839  0.4  44.4  75  2.2731  100
273.479  312.224  1947.82  69.7552  674.009  0.4  44.4  75  2.2731  100
273.528  312.224  1844.05  68.3813  679.398  0.42  44.9  75  2.2731  100
273.577  312.353  1849.51  68.9682  663.762  0.42  44.9  75  2.2731  100
273.626  312.353  1843.1  71.0157  599.576  0.42  44.9  75  2.2731  100
273.674  312.482  1799.44  68.3134  664.948  0.43  44.9  75  2.2731  100
273.723  312.482  1818.57  66.8171  715.912  0.43  44.9  75  2.2731  100
273.772  312.482  1796.93  70.8387  589.805  0.43  44.9  74  2.2731  100
273.821  312.61  1709.64  69.9965  584.829  0.45  44  74  2.2731  100
273.87  312.61  1813.7  69.7821  626.799  0.43  44  74  2.2731  100
273.918  312.739  1783.1  68.5875  650.975  0.44  44  74  2.2731  100
273.967  312.739  1849.19  67.971  693.587  0.42  44  74  2.2731  100
274.016  312.868  1963.5  68.9894  703.995  0.39  44  74  2.2731  100
274.065  312.868  1906.12  68.0366  712.917  0.41  44  74  2.2731  100
274.114  312.997  2059.94  65.4195  856.874  0.39  43.5  74  2.2731  100
274.163  312.997  2044.61  68.5852  746.524  0.38  43.5  74  2.2731  100
274.212  313.126  1884.83  67.2498  728.891  0.42  43.5  74  2.2731  100
274.26  313.126  1930.27  67.8664  727.264  0.4  43.5  74  2.2731  100
274.309  313.254  1898.24  69.6502  660.116  0.41  43.5  73  2.2731  100
274.359  313.254  1996.5  68.5124  731.316  0.39  43.5  73  2.2731  100
274.407  313.383  1935.23  67.1364  751.913  0.41  43.8  73  2.2731  100
274.456  313.383  2174.09  66.9151  852.446  0.36  43.8  73  2.2731  100
274.505  313.512  2150.19  64.8504  913.796  0.37  43.8  73  2.2731  100
274.554  313.512  2276.3  66.6331  902.82  0.35  43.8  73  2.2731  100
274.602  313.512  2176.55  66.7003  860.913  0.36  43.8  73  2.2731  100
274.651  313.641  2141.64  64.2111  931.732  0.38  43.8  73  2.2731  100
274.7  313.641  2105.46  65.5536  871.326  0.38  42.4  73  2.2731  100
274.749  313.77  2240.99  64.903  950.52  0.36  42.4  73  2.2731  100
274.797  313.77  2336.04  64.8916  991.255  0.34  42.4  73  2.2731  100
274.846  313.899  2253.81  67.0737  877.963  0.35  42.4  73  2.2731  100
274.895  313.899  2130.69  62.2078  993.469  0.38  42.4  73  2.2731  100
274.944  314.027  2116.82  65.8906  864.679  0.37  42.4  73  2.2731  100
274.993  314.027  2043.38  65.4704  848.337  0.39  43.6  73  2.2731  100
275.041  314.156  2217.45  65.8606  906.843  0.36  43.6  73  2.2731  100
275.09  314.156  2308.99  65.8063  946.276  0.34  43.6  73  2.2731  100
275.139  314.285  2084.68  63.8064  920.188  0.39  43.6  73  2.2731  100
275.188  314.285  2138.93  64.6793  914.788  0.37  43.6  73  2.2731  100
275.236  314.285  2154.51  67.9842  807.642  0.36  43.6  73  2.2731  100
275.285  314.414  2137.4  65.2738  894.037  0.37  43.6  72  2.2731  100
275.334  314.414  2200.25  65.0388  928.517  0.36  42.3  72  2.2731  100
275.383  314.543  2137.15  64.2795  927.486  0.38  42.3  72  2.2731  100
275.431  314.543  2086.69  63.8465  919.766  0.39  42.3  72  2.2731  100
275.48  314.671  2201.87  66.0906  892.397  0.36  42.3  72  2.2731  100
275.529  314.671  2109.09  65.0118  890.945  0.38  42.3  72  2.2731  100
275.578  314.8  2112.35  62.6572  970.231  0.39  42.3  72  2.2731  100
275.627  314.8  2198.51  65.1121  925.231  0.36  43.5  72  2.2731  100
275.676  314.929  2051.18  64.737  875.392  0.39  43.5  72  2.2731  100
275.724  314.929  2117.7  66.1667  855.712  0.37  43.5  72  2.2731  100
275.773  315.058  2130.97  65.0923  897.473  0.37  43.5  72  2.2731  100
275.822  315.058  2077.01  64.3111  900.353  0.39  43.5  72  2.2731  100
275.871  315.058  2133.76  64.1607  929.995  0.38  43.5  72  2.2731  100
275.92  315.187  2202.18  66.5806  875.277  0.36  44.6  72  2.2731  100
275.968  315.187  2121.64  63.0135  962.761  0.38  44.6  72  2.2731  100
276.017  315.315  2122.68  64.6672  908.244  0.38  44.6  72  2.2731  100
276.066  315.315  2171.62  66.3344  871.682  0.36  44.6  72  2.2731  100
276.115  315.444  2158.7  64.3352  934.946  0.37  44.6  72  2.2731  100
276.164  315.444  2179.25  65.905  889.681  0.36  44.6  72  2.2731  100
276.212  315.573  2106.68  66.9648  824.336  0.37  44.6  72  2.2731  100
276.261  315.573  2130.18  66.6339  844.839  0.37  44.6  72  2.2731  100
276.31  315.702  2202.71  65.7313  905.349  0.36  44.6  72  2.2731  100
276.359  315.702  2125.85  62.165  992.617  0.38  44.6  72  2.2731  100
276.407  315.702  2173.83  63.249  978.471  0.37  44.6  72  2.2731  100
276.456  315.831  2137.72  65.645  881.574  0.37  44.6  72  2.2731  100
276.505  315.831  2074.09  63.4945  925.633  0.39  42.8  71  2.2731  100
276.554  315.959  2194.08  65.5607  907.757  0.36  42.8  71  2.2731  100
276.602  315.959  2154.3  64.6693  921.7  0.37  42.8  71  2.2731  100
276.651  316.088  2123.56  62.6682  975.017  0.38  42.8  71  2.2731  100
276.7  316.088  2121.59  65.3689  884.226  0.38  42.8  71  2.2731  100
276.749  316.217  2061.06  64.9915  871.318  0.39  42.8  71  2.2731  100
276.797  316.217  2220.55  62.0115  1042.09  0.37  42.1  71  2.2731  100
276.846  316.346  2286.5  66.3858  915.915  0.35  42.1  71  2.2731  100
276.895  316.346  2209.24  65.5371  914.853  0.36  42.1  71  2.2731  100
276.944  316.346  2124.02  65.0043  897.506  0.38  42.1  71  2.2731  100
276.992  316.475  2114.12  66.2471  851.553  0.37  42.1  71  2.2731  100
277.041  316.475  2115.47  63.1598  955.145  0.38  42.1  71  2.2731  100
277.09  316.603  2162.11  63.822  953.84  0.37  43.4  71  2.2731  100
277.139  316.603  2227.07  64.5834  955.853  0.36  43.4  71  2.2731  100
277.188  316.732  2182.43  62.745  999.448  0.37  43.4  71  2.2731  100
277.236  316.732  2132.06  64.6468  912.943  0.38  43.4  71  2.2731  100
277.285  316.861  2088.91  63.7382  924.289  0.39  43.4  71  2.2731  100
277.334  316.861  2319.8  64.5377  997.321  0.35  43.4  71  2.2731  100
277.383  316.99  2270.09  66.7333  896.71  0.35  43.2  71  2.2731  100
277.431  316.99  2126.56  62.3994  985.244  0.38  43.2  71  2.2731  100
277.48  316.99  2213.42  65.0254  934.544  0.36  43.2  71  2.2731  100
277.529  317.119  2137.81  65.1259  899.219  0.37  43.2  71  2.2731  100
277.578  317.119  2247.17  63.9242  987.765  0.36  43.2  71  2.2731  100
277.626  317.247  2285.72  65.7565  938.55  0.35  43.2  71  2.2731  100
277.675  317.247  2224.81  65.3001  929.67  0.36  43.2  71  2.2731  100
277.724  317.376  2150.24  65.1133  904.874  0.37  42.7  71  2.2731  100
277.773  317.376  2203.65  66.7716  869.112  0.36  42.7  71  2.2731  100
277.821  317.505  2182.44  63.1412  986.014  0.37  42.7  71  2.2731  100
277.871  317.505  2279.77  62.8013  1042.03  0.36  42.7  71  2.2731  100
277.919  317.505  2225.95  63.6932  986.492  0.36  42.7  71  2.2731  100
277.968  317.634  2238.62  64.5847  960.761  0.36  42.7  71  2.2731  100
278.017  317.634  2176.51  63.1342  983.57  0.37  43.7  70  2.2731  100
278.066  317.763  2146.85  63.6854  951.697  0.38  43.7  70  2.2731  100
278.114  317.763  2232.66  64.4175  964.087  0.36  43.7  70  2.2731  100
278.163  317.891  2238.09  64.2472  972.428  0.36  43.7  70  2.2731  100
278.212  317.891  2211.7  66.3409  887.539  0.36  43.7  70  2.2731  100
278.261  318.02  2134.87  63.0107  968.855  0.38  43.7  70  2.2731  100
278.31  318.02  2117.96  65.1401  890.39  0.38  43.1  70  2.2731  100
278.359  318.02  2224.38  65.1832  933.613  0.36  43.1  70  2.2731  100
278.407  318.149  2175.62  63.1725  981.87  0.37  43.1  70  2.2731  100
278.456  318.149  2276.63  65.9723  926.996  0.35  43.1  70  2.2731  100
278.505  318.278  2210.91  63.2575  994.868  0.37  43.1  70  2.2731  100
278.554  318.278  2154.62  63.888  948.307  0.37  43.1  70  2.2731  100
278.603  318.407  2212.88  64.6369  947.891  0.36  42.3  70  2.2731  100
278.652  318.407  2175.81  63.3957  974.383  0.37  42.3  70  2.2731  100
278.7  318.536  2211.62  64.8287  940.66  0.36  42.3  70  2.2731  100
278.749  318.536  2069.85  64.1159  903.599  0.39  42.3  70  2.2731  100
278.798  318.536  2075.37  63.5705  923.74  0.39  42.3  70  2.2731  100
278.847  318.664  2159.34  67.3489  831.601  0.36  42.3  70  2.2731  100
278.896  318.664  2161.82  65.3445  901.829  0.37  44.1  70  2.2731  100
278.944  318.793  2228.28  64.6064  955.563  0.36  44.1  70  2.2731  100
278.993  318.793  2134.46  64.5386  917.612  0.38  44.1  70  2.2731  100
279.042  318.922  2037.87  62.8634  929.498  0.4  44.1  70  2.2731  100
279.091  318.922  2151.37  64.664  920.626  0.37  44.1  70  2.2731  100
279.14  319.051  2075.73  63.8303  915.461  0.39  44.1  70  2.2731  100
279.189  319.051  2262.96  64.1072  988.212  0.36  43.6  70  2.2731  100
279.238  319.051  2134.92  65.38  889.405  0.37  43.6  70  2.2731  100
279.286  319.18  2134.36  65.4726  886.034  0.37  43.6  70  2.2731  100
279.335  319.18  2117.14  66.6713  838.401  0.37  43.6  70  2.2731  100
279.384  319.308  2163.37  67.4334  830.207  0.36  43.6  70  2.2731  100
279.433  319.308  2169.72  63.1655  979.445  0.37  43.6  70  2.2731  100
279.481  319.437  2205.49  65.9477  898.891  0.36  43.7  70  2.2731  100
279.53  319.437  2149.34  67.7165  815.008  0.36  43.7  70  2.2731  100
279.579  319.566  2087.03  63.9041  918.032  0.39  43.7  70  2.2731  100
279.628  319.566  2141.98  64.7398  914.047  0.37  43.7  70  2.2731  100
279.676  319.695  2120.74  64.8867  900.064  0.38  43.7  70  2.2731  100
279.725  319.695  2247.99  64.3236  974.03  0.36  43.7  70  2.2731  100
279.774  319.695  2195.72  66.8253  864.095  0.36  44.2  70  2.2731  100
279.823  319.824  2116.88  66.5625  841.984  0.37  44.2  70  2.2731  100
279.872  319.824  2136.05  64.6741  913.73  0.37  44.2  70  2.2731  100
279.92  319.952  2298.75  65.1073  967.592  0.35  44.2  70  2.2731  100
279.97  319.952  2172.97  62.8936  990.102  0.37  44.2  70  2.2731  100
280.018  320.081  2256.73  64.3771  975.913  0.36  44.2  70  2.2731  100
280.067  320.081  2193.87  66.8947  860.922  0.36  43.7  69  2.2731  100
280.116  320.081  2077.54  63.4619  928.23  0.39  43.7  69  2.2731  100
280.165  320.21  2292.77  66.2833  922.183  0.34  43.7  69  2.2731  100
280.213  320.21  2155.11  64.6328  923.289  0.37  43.7  69  2.2731  100
280.262  320.339  2201.78  61.8774  1037.83  0.37  43.7  69  2.2731  100
280.311  320.339  2193.69  65.4459  911.593  0.36  43.7  69  2.2731  100
280.36  320.468  2063.2  64.4334  890.394  0.39  43.7  69  2.2731  100
280.409  320.468  2078.1  63.5742  924.835  0.39  44  69  2.2731  100
280.457  320.596  2307.98  65.2234  967.229  0.35  44  69  2.2731  100
280.506  320.596  2245.43  64.0016  984.277  0.36  44  69  2.2731  100
280.555  320.596  2236.12  64.7558  953.658  0.36  44  69  2.2731  100
280.604  320.725  2194.61  66.3741  879.517  0.36  44  69  2.2731  100
280.652  320.725  2151.31  64.8726  913.516  0.37  44  69  2.2731  100
280.701  320.854  2230.78  63.6199  991.19  0.36  43  69  2.2731  100
280.75  320.854  2310.24  64.9272  979.01  0.35  43  69  2.2731  100
280.799  320.983  2193.44  63.1357  991.168  0.37  43  69  2.2731  100
280.847  320.983  2128.92  65.3105  889.251  0.37  43  69  2.2731  100
280.897  321.112  2152.73  65.0056  909.591  0.37  43  69  2.2731  100
280.945  321.112  2213.74  64.5996  949.565  0.36  43  69  2.2731  100
280.994  321.112  2235.63  63.5463  995.915  0.36  43.3  69  2.2731  100
281.043  321.24  2120.43  62.5491  977.491  0.38  43.3  69  2.2731  100
281.092  321.24  2246.79  63.8624  989.775  0.36  43.3  69  2.2731  100
281.141  321.369  2131.35  64.9442  902.628  0.37  43.3  69  2.2731  100
281.19  321.369  2120.75  62.6654  973.817  0.38  43.3  69  2.2731  100
281.238  321.498  2212.54  65.0623  932.879  0.36  43.3  69  2.2731  100
281.287  321.498  2342.88  64.6162  1004.35  0.34  44.3  69  2.2731  100
281.336  321.627  2301.32  63.0954  1041.36  0.35  44.3  69  2.2731  100
281.385  321.627  2140.84  64.2477  930.155  0.38  44.3  69  2.2731  100
281.433  321.627  2120.43  62.5491  977.491  0.38  44.3  69  2.2731  100
281.482  321.756  2189.02  62.9903  994.126  0.37  44.3  69  2.2731  100
281.531  321.756  2285.1  66.6939  904.086  0.34  44.3  69  2.2731  100
281.58  321.884  2146.45  64.8809  911.172  0.37  43.5  69  2.2731  100
281.629  321.884  2292.05  65.3737  955.093  0.35  43.5  69  2.2731  100
281.677  322.013  2152.24  63.9993  943.504  0.37  43.5  69  2.2731  100
281.726  322.013  2241.62  64.3135  971.624  0.36  43.5  69  2.2731  100
281.775  322.013  2309.4  64.0093  1012.04  0.35  43.5  69  2.2731  100
281.824  322.142  2208.73  65.6887  909.32  0.36  43.5  69  2.2731  100
281.872  322.142  2198.87  62.9028  1001.59  0.37  44  69  2.2731  100
281.921  322.271  2160.54  67.0049  844.019  0.36  44  69  2.2731  100
281.97  322.271  2123.88  65.4671  881.866  0.37  44  69  2.2731  100
282.019  322.4  2299.43  62.8207  1050.33  0.35  44  69  2.2731  100
282.067  322.4  2280.35  66.9913  891.326  0.34  44  69  2.2731  100
282.116  322.4  2085.95  63.6794  924.897  0.39  44  69  2.2731  100
282.165  322.528  2142.94  64.289  929.678  0.37  44  69  2.2731  100
282.214  322.528  2193.4  66.2962  881.765  0.36  44  69  2.2731  100
282.262  322.657  2179.02  64.466  939.26  0.37  44  69  2.2731  100
282.311  322.657  2283.18  65.9869  929.131  0.35  44  69  2.2731  100
282.36  322.786  2158.87  64.6016  925.962  0.37  44  69  2.2731  100
282.409  322.786  2137.27  65.2192  895.834  0.37  44  69  2.2731  100
282.457  322.915  2193.18  67.0413  855.488  0.36  43.2  69  2.2731  100
282.506  322.915  2231.07  65.3126  931.845  0.36  43.2  69  2.2731  100
282.555  322.915  2184.75  62.5083  1008.52  0.37  43.2  69  2.2731  100
282.604  323.044  2131.59  64.5335  916.545  0.38  43.2  69  2.2731  100
282.652  323.044  2061.78  65.709  848.156  0.38  43.2  69  2.2731  100
282.701  323.172  2066.16  64.2928  896.245  0.39  43.2  69  2.2731  100
282.75  323.172  2162.47  67.5203  826.834  0.36  43.2  69  2.2731  100
282.799  323.301  2146.72  61.865  1012.28  0.38  43.5  69  2.2731  100
282.848  323.301  2207.04  65.8169  904.12  0.36  43.5  69  2.2731  100
282.897  323.301  2081.28  67.4898  796.814  0.38  43.5  69  2.2731  100
282.945  323.43  2006.68  64.3531  868.536  0.4  43.5  69  2.2731  100
282.994  323.43  2221.4  65.234  930.574  0.36  43.5  69  2.2731  100
283.043  323.559  2073.2  63.6788  919.264  0.39  43.5  69  2.2731  100
283.092  323.559  2113.31  65.6637  870.876  0.38  42.7  69  2.2731  100
283.141  323.688  2055.09  65.0679  866.31  0.39  42.7  69  2.2731  100
283.189  323.688  2041.63  66.6259  809.982  0.39  42.7  69  2.2731  100
283.238  323.817  2099.25  66.9603  821.581  0.37  42.7  69  2.2731  100
283.287  323.817  2190.06  66.1756  884.643  0.36  42.7  69  2.2731  100
283.336  323.817  2066.77  64.8584  878.081  0.39  42.7  69  2.2731  100
283.384  323.945  2090.16  66.9699  817.699  0.38  45.6  69  2.2731  100
283.433  323.945  2047.99  66.4154  819.408  0.39  45.6  69  2.2731  100
283.482  324.074  2101.77  67.2704  812.088  0.37  45.6  69  2.2731  100
283.531  324.074  2122.35  65.5911  877.052  0.37  45.6  69  2.2731  100
283.58  324.203  2083.2  63.8785  917.185  0.39  45.6  69  2.2731  100
283.628  324.203  2113.28  66.6416  837.877  0.37  45.6  69  2.2731  100
283.677  324.203  2059.71  68.9294  740.502  0.38  43.1  69  2.2731  100
283.726  324.332  2017.36  67.2765  779.274  0.39  43.1  69  2.2731  100
283.775  324.332  2128.85  64.7904  906.742  0.38  43.1  69  2.2731  100
283.823  324.461  2120.52  66.1737  856.615  0.37  43.1  69  2.2731  100
283.873  324.461  2047.41  65.3564  853.715  0.39  43.1  69  2.2731  100
283.921  324.589  2014.65  67.216  780.191  0.39  43.1  69  2.2731  100
283.97  324.589  2014.21  67.4025  773.973  0.39  44  69  2.1731  100
284.019  324.589  1926.22  64.822  819.477  0.41  44  69  2.1731  100
284.068  324.718  2173.41  67.0603  847.112  0.36  44  69  2.1731  100
284.116  324.718  1977.03  66.6159  784.669  0.4  44  69  2.1731  100
284.165  324.847  1946.41  66.8752  764.425  0.4  44  69  2.1331  100
284.214  324.847  1934.51  67.1668  750.687  0.41  44  69  2.1331  100
284.263  324.976  2008.07  67.7537  760.236  0.39  43.6  69  2.1331  100
284.311  324.976  2023.77  66.0898  820.245  0.39  43.6  69  2.1331  100
284.36  325.105  1971.32  66.0084  801.543  0.4  43.6  69  2.1331  100
284.409  325.105  1990.9  68.7221  722.481  0.39  43.6  69  2.1331  100
284.458  325.105  1918.48  68.2407  711.195  0.41  43.6  69  2.0931  100
284.507  325.233  1909.01  68.5707  697.461  0.41  43.6  69  2.0931  100
284.555  325.233  2069.57  68.0421  773.863  0.38  42.6  69  2.0931  100
284.604  325.362  2002.4  67.381  770.129  0.39  42.6  69  2.0931  100
284.653  325.362  1941.72  67.2398  751.204  0.4  42.6  69  2.0931  100
284.702  325.491  1989.23  68.683  723.141  0.39  42.6  69  2.0931  100
284.75  325.491  1924.91  67.8798  724.824  0.41  42.6  69  2.0931  100
284.799  325.491  2018.96  67.2633  780.324  0.39  42.6  69  2.0931  100
284.848  325.62  2009.56  66.4664  802.393  0.39  43.4  69  2.0931  100
284.897  325.62  1988.43  68.7128  721.888  0.39  43.4  69  2.0931  100
284.945  325.749  1905.4  65.8896  778.349  0.42  43.4  69  2.0931  100
284.994  325.749  1976.25  68.8122  714.267  0.39  43.4  69  2.0931  100
285.043  325.877  1950.48  66.5892  774.967  0.4  43.4  69  2.0931  100
285.092  325.877  1975.96  64.9588  836.365  0.4  43.4  69  2.0931  100
285.14  325.877  2002.91  67.685  760.5  0.39  44.8  69  2.0931  100
285.189  326.006  1829.56  65.9769  744.825  0.43  44.8  69  2.0931  100
285.238  326.006  1970.71  65.8033  807.735  0.4  44.8  69  2.0931  100
285.287  326.135  2078.06  67.7237  787.737  0.38  44.8  69  2.0931  100
285.335  326.135  2043.21  65.6657  841.927  0.39  44.8  69  2.0931  100
285.384  326.264  1976.71  65.6475  815.094  0.4  44.8  69  2.0931  100
285.433  326.264  1948.3  66.3502  781.55  0.41  44.8  69  2.0931  100
285.482  326.393  1940.05  67.6259  738.486  0.4  43.7  69  2.0931  100
285.53  326.393  2158.79  68.3924  794.97  0.36  43.7  69  2.0931  100
285.579  326.393  2067.99  65.4372  859.643  0.38  43.7  69  2.0931  100
285.628  326.521  1992.84  64.6447  853.391  0.4  43.7  69  2.0931  100
285.677  326.521  1983.06  67.6684  753.496  0.39  43.7  69  2.0931  100
285.726  326.65  1961.29  65.8815  801.435  0.4  43.7  69  2.0931  100
285.774  326.65  2030.31  65.4411  843.856  0.39  44.8  69  2.0931  100
285.823  326.779  2083.5  66.4717  831.737  0.38  44.8  69  2.0931  100
285.872  326.779  2052.31  65.5095  850.772  0.39  44.8  69  2.0931  100
285.921  326.779  2013.88  66.5125  802.633  0.39  44.8  69  2.0931  100
285.97  326.908  1936.66  67.0755  754.366  0.41  44.8  69  2.0931  100
286.019  326.908  1988.98  65.6266  820.816  0.4  44.8  69  2.0931  100
286.067  327.037  2102.09  65.9451  856.837  0.38  44  69  2.0931  100
286.116  327.037  2116.78  66.9217  829.753  0.37  44  69  2.0931  100
286.165  327.165  2047.37  65.6047  845.627  0.39  44  69  2.0931  100
286.213  327.165  1999.46  66.7791  788.341  0.39  44  69  2.0931  100
286.263  327.294  1983.76  65.0789  835.898  0.4  44  69  2.0931  100
286.311  327.294  2180.7  67.2646  842.79  0.36  44  69  2.0931  100
286.36  327.294  2133.78  64.837  907.273  0.37  42.8  69  2.0931  100
286.409  327.423  2082.3  64.9251  882.486  0.38  42.8  69  2.0931  100
286.458  327.423  2116.15  67.0632  824.696  0.37  42.8  69  2.0931  100
286.506  327.552  2040.88  66.0632  828.045  0.39  42.8  69  2.0931  100
286.555  327.552  2173.64  64.8386  924.166  0.37  42.8  69  2.0931  100
286.604  327.681  2361.43  67.2047  914.912  0.33  42.8  69  2.0931  100
286.653  327.681  2121.04  66.0294  861.709  0.37  42.4  69  2.0931  100
286.702  327.681  2060.05  64.3188  892.748  0.39  42.4  69  2.0931  100
286.75  327.809  2036.22  66.5577  810.057  0.39  42.4  69  2.0931  100
286.799  327.809  2063.65  64.7439  880.486  0.39  42.4  69  2.0931  100
286.848  327.938  2264.09  64.349  980.096  0.35  42.4  69  2.0931  100
286.897  327.938  2106.75  65.9394  858.928  0.38  42.4  69  2.0931  100
286.945  328.067  2129.56  66.05  864.473  0.37  43.1  69  2.0931  100
286.994  328.067  2179.78  66.8198  858.015  0.36  43.1  69  2.0931  100
287.043  328.067  2064.89  65.5735  853.885  0.38  43.1  69  2.0931  100
287.092  328.196  2222.67  64.0658  972.06  0.36  43.1  69  2.0931  100
287.14  328.196  2139.25  64.3207  927.009  0.38  43.1  69  2.0931  100
287.189  328.325  1973.39  63.1142  892.397  0.41  43.1  69  2.0931  100
287.238  328.325  2147  65.8336  878.956  0.37  42.8  69  2.0931  100
287.287  328.454  2316.46  68.4417  851.176  0.34  42.8  69  2.0931  100
287.335  328.454  2219.41  65.5202  919.66  0.36  42.8  69  2.0931  100
287.384  328.582  2223.22  64.1848  968.149  0.36  42.8  69  2.0931  100
287.433  328.582  2192.41  65.3671  913.802  0.36  42.8  69  2.0931  100
287.482  328.582  2119.91  62.7033  972.19  0.38  42.8  69  2.0931  100
287.531  328.711  2177.26  66.2367  877.344  0.36  43  69  2.0931  100
287.58  328.711  2246  65.1082  945.355  0.36  43  69  2.0931  100
287.628  328.84  2453.65  63.6268  1089.95  0.33  43  69  2.0931  100
287.677  328.84  2314.74  64.9539  979.937  0.34  43  69  2.0931  100
287.726  328.969  2189.59  63.2288  986.258  0.37  43  69  2.0931  100
287.775  328.969  2160.95  63.589  961.207  0.37  43  69  2.0931  100
287.824  328.969  2367.24  65.8681  967.817  0.33  43  69  2.0931  100
287.872  329.098  2265.99  63.4442  1013.06  0.36  43.5  69  2.0931  100
287.921  329.098  2415.5  64.4579  1041.5  0.33  43.5  69  2.0931  100
287.97  329.226  2280.5  65.824  933.957  0.35  43.5  69  2.0931  100
288.019  329.226  2220.36  64.943  940.365  0.36  43.5  69  2.0931  100
288.068  329.355  2238.97  64.209  974.152  0.36  43.5  69  2.0931  100
288.116  329.355  2326.08  63.7435  1029.04  0.35  43.5  69  2.0931  100
288.165  329.355  2422.88  61.2735  1164.51  0.34  43.7  69  2.0931  100
288.214  329.484  2332.08  64.7622  994.343  0.34  43.7  69  2.0931  100
288.263  329.484  2188.07  62.6311  1005.9  0.37  43.7  69  2.0931  100
288.311  329.613  2255.98  64.6934  964.345  0.35  43.7  69  2.0931  100
288.36  329.613  2223.72  64.0856  971.828  0.36  43.7  69  2.0931  100
288.409  329.742  2433.28  64.2938  1055.45  0.33  43.7  69  2.0931  100
288.458  329.742  2510.26  62.2742  1167.88  0.33  45.4  69  2.0931  100
288.506  329.87  2207.26  65.0137  932.349  0.36  45.4  69  2.0931  100
288.555  329.87  2218.36  65.8244  908.493  0.36  45.4  69  2.0931  100
288.604  329.87  2415.93  64.2882  1048.14  0.33  45.4  69  2.0931  100
288.653  329.999  2321.14  64.3354  1005.29  0.35  45.4  69  2.0931  100
288.701  329.999  2409.61  61.9171  1134.32  0.34  45.4  69  2.0931  100
288.75  330.128  2395.3  65.7433  984.049  0.33  42.9  69  2.0931  100
288.799  330.128  2255.84  64.4155  974.165  0.36  42.9  69  2.0931  100
288.848  330.257  2301.64  61.4909  1098.57  0.36  42.9  69  2.0931  100
288.896  330.257  2411.42  64.9169  1022.28  0.33  42.9  69  2.0931  100
288.945  330.257  2296.38  62.8818  1046.76  0.35  42.9  69  2.0931  100
288.995  330.386  2297.38  61.8288  1084.61  0.36  42.9  69  2.0931  100
289.043  330.386  2175.93  62.8968  991.341  0.37  43.7  69  2.0931  100
289.092  330.514  2213.46  63.0789  1002.17  0.37  43.7  69  2.0931  100
289.141  330.514  2318.87  64.3509  1003.74  0.35  43.7  69  2.0931  100
289.19  330.643  2271.11  62.8118  1037.7  0.36  43.7  69  2.0931  100
289.238  330.643  2367.77  62.2173  1103.67  0.35  43.7  69  2.0931  100
289.287  330.772  2406.99  65.3092  1005.45  0.33  43.7  69  2.0931  100
289.336  330.772  2203.47  62.0811  1031.71  0.37  44.2  69  2.0931  100
289.385  330.772  2419.67  64.8268  1029.22  0.33  44.2  69  2.0931  100
289.434  330.901  2285.51  62.2003  1065.92  0.36  44.2  69  2.0931  100
289.482  330.901  2231.08  60.4831  1099.21  0.37  44.2  69  2.0931  100
289.531  331.03  2364.74  63.2052  1066.02  0.34  44.2  69  2.0931  100
289.58  331.03  2176.49  62.7391  996.928  0.37  44.2  69  2.0931  100
289.629  331.158  2247.11  64.3618  972.295  0.36  44.2  69  2.0931  100
289.677  331.158  2332.02  63.7927  1029.87  0.35  44.2  69  2.0931  100
289.726  331.158  2321.5  64.1719  1011.41  0.35  44.2  69  2.0931  100
289.775  331.287  2343.76  63.8305  1033.66  0.34  44.2  69  2.0931  100
289.824  331.287  2325.66  64.588  997.998  0.34  44.2  69  2.0931  100
289.873  331.416  2246.22  64.4  970.561  0.36  44.2  69  2.0931  100
289.922  331.416  2382.76  62.9234  1084.59  0.34  44  69  2.0931  100
289.97  331.545  2328.12  64.6329  997.405  0.34  44  69  2.0931  100
290.019  331.545  2222.5  62.2795  1033.82  0.37  44  69  2.0931  100
290.068  331.545  2268.83  63.1799  1023.67  0.36  44  69  2.0931  100
290.117  331.674  2209.73  65.385  920.394  0.36  44  69  2.0931  100
290.166  331.674  2195.3  62.7179  1006.26  0.37  44  69  2.0931  100
290.215  331.802  2282.64  62.3237  1060.23  0.36  41.7  69  2.0931  100
290.263  331.802  2237.9  64.189  974.392  0.36  41.7  69  2.0931  100
290.312  331.931  2289.06  62.2673  1065.21  0.36  41.7  69  2.0931  100
290.361  331.931  2229.09  63.6974  987.738  0.36  41.7  69  2.0931  100
290.41  332.06  2281.57  62.3035  1060.45  0.36  41.7  69  2.0931  100
290.459  332.06  2345.97  64.0418  1026.87  0.34  41.7  69  2.0931  100
290.508  332.06  2426.72  64.7734  1034.27  0.33  41.7  69  2.0931  100
290.556  332.189  2263.85  64.0684  989.978  0.36  43.1  69  2.0931  100
290.605  332.189  2317  64.9392  981.435  0.34  43.1  69  2.0931  100
290.654  332.318  2248.25  64.877  954.525  0.36  43.1  69  2.0931  100
290.703  332.318  2221.81  64.1039  970.356  0.36  43.1  69  2.0931  100
290.752  332.446  2384.16  62.5778  1098.01  0.34  43.1  69  2.0931  100
290.8  332.446  2284.33  62.8888  1041.01  0.36  43.1  69  2.0931  100
290.849  332.446  2374.62  62.9583  1079.6  0.34  45.1  69  2.0931  100
290.898  332.575  2233.94  63.6241  992.447  0.36  45.1  69  2.0931  100
290.947  332.575  2298.32  63.2169  1035.65  0.35  45.1  69  2.0931  100
290.995  332.704  2429.1  64.459  1047.33  0.33  45.1  69  2.0931  100
291.044  332.704  2315.85  63.7302  1024.99  0.35  45.1  69  2.0931  100
291.093  332.833  2346.16  63.4148  1049.97  0.34  45.1  69  2.0931  100
291.142  332.833  2333.89  64.3961  1008.58  0.34  43.2  69  2.0931  100
291.19  332.833  2307.01  65.8815  942.703  0.34  43.2  69  2.0931  100
291.239  332.962  2448.81  63.6647  1086.35  0.33  43.2  69  2.0931  100
291.288  332.962  2529.8  64.8547  1074.95  0.32  43.2  69  2.0931  100
291.337  333.091  2339.9  63.5332  1042.84  0.35  43.2  69  2.0931  100
291.386  333.091  2386.58  62.9937  1083.72  0.34  43.2  69  2.0931  100
291.434  333.219  2242.99  63.7373  992.498  0.36  44.5  69  2.0931  100
291.483  333.219  2258.48  63.2715  1015.78  0.36  44.5  69  2.0931  100
291.532  333.348  2383.48  62.7508  1091.3  0.34  44.5  69  2.0931  100
291.581  333.348  2382.76  62.9234  1084.59  0.34  44.5  69  2.0931  100
291.63  333.348  2336.43  63.5291  1041.45  0.35  44.5  69  2.0931  100
291.678  333.477  2332.95  63.7524  1031.75  0.35  44.5  69  2.0931  100
291.727  333.477  2289.86  64.8293  973.916  0.35  43.2  69  2.0931  100
291.776  333.606  2458.79  63.4131  1100.44  0.33  43.2  69  2.0931  100
291.825  333.606  2434.53  64.3155  1055.16  0.33  43.2  69  2.0931  100
291.873  333.735  2199.54  62.8022  1005.33  0.37  43.2  69  2.0931  100
291.922  333.735  2281.39  63.0099  1035.38  0.36  43.2  69  2.0931  100
291.971  333.735  2295.88  65.2218  962.219  0.35  43.2  69  2.0931  100
292.02  333.863  2364.67  63.1425  1068.29  0.34  44.6  69  2.0931  100
292.069  333.863  2388.69  61.7932  1129.03  0.34  44.6  69  2.0931  100
292.117  333.992  2343.3  64.4521  1010.58  0.34  44.6  69  2.0931  100
292.166  333.992  2239.64  64.1123  977.847  0.36  44.6  69  2.0931  100
292.215  334.121  2232.24  63.7015  988.99  0.36  44.6  69  2.0931  100
292.264  334.121  2193.99  61.9535  1031.59  0.37  44.6  69  2.0931  100
292.312  334.25  2345.92  63.5824  1043.72  0.34  44.1  69  2.0931  100
292.361  334.25  2429.75  64.3513  1051.72  0.33  44.1  69  2.0931  100
292.41  334.25  2287.84  62.9562  1040.22  0.36  44.1  69  2.0931  100
292.459  334.379  2357.62  63.3858  1056.17  0.34  44.1  69  2.0931  100
292.507  334.379  2460.93  66.8213  968.621  0.32  44.1  69  2.0931  100
292.556  334.507  2345.89  60.4825  1155.8  0.35  44.1  69  2.0931  100
292.605  334.507  2446.04  63.6177  1086.92  0.33  43.5  69  2.0931  100
292.654  334.636  2342.88  64.6162  1004.35  0.34  43.5  69  2.0931  100
292.703  334.636  2262.29  64.4259  976.579  0.35  43.5  69  2.0931  100
292.751  334.636  2312.78  64.0141  1013.35  0.35  43.5  69  2.0931  100
292.8  334.765  2296.32  62.1661  1072.17  0.36  43.5  69  2.0931  100
292.85  334.765  2228.41  61.0675  1078.06  0.37  43.5  69  2.0931  100
292.898  334.894  2405.01  65.4499  999.255  0.33  43.5  69  2.0931  100
292.947  334.894  2195.51  62.4377  1015.89  0.37  43.4  69  2.0931  100
292.996  335.023  2297.16  62.0627  1076.23  0.36  43.4  69  2.0931  100
293.045  335.023  2295.35  62.2075  1070.26  0.36  43.4  69  2.0931  100
293.094  335.023  2316.63  61.0467  1121.47  0.36  43.4  69  2.0931  100
293.142  335.151  2313.98  61.2384  1113.41  0.36  43.4  69  2.0931  100
293.191  335.151  2259.04  63.7587  998.837  0.36  43.4  69  2.0931  100
293.24  335.28  2215.92  62.8404  1011.5  0.37  43.5  69  2.0931  100
293.289  335.28  2277.6  65.9353  928.734  0.35  43.5  69  2.0931  100
293.337  335.409  2191.72  62.8739  999.313  0.37  43.5  69  2.0931  100
293.386  335.409  2290.02  62.2261  1067.11  0.36  43.5  69  2.0431  100
293.435  335.538  2270.77  62.6876  1041.93  0.36  43.5  69  2.0431  100
293.484  335.538  2205.8  63.2698  992.149  0.37  43.5  69  2.0431  100
293.532  335.538  2294.48  63.0241  1040.81  0.35  44  69  2.0431  100
293.581  335.667  2198.22  65.0527  927.173  0.36  44  69  2.0431  100
293.63  335.667  2271.54  63.878  1000.12  0.35  44  69  2.0431  100
293.679  335.795  2405.77  65.6402  992.298  0.33  44  69  2.0031  100
293.727  335.795  2219.63  65.9037  906.213  0.36  44  69  2.0031  100
293.776  335.924  2216.23  62.9615  1007.47  0.37  44  69  2.0031  100
293.825  335.924  2293.61  64.6751  981.091  0.35  43.1  69  2.0031  100
293.874  335.924  2285.09  62.0742  1070.17  0.36  43.1  69  2.0031  100
293.923  336.053  2344.39  63.9564  1029.32  0.34  43.1  69  2.0031  100
293.972  336.053  2364.18  66.8524  929.362  0.33  43.1  69  2.0031  100
294.021  336.182  2191.68  63.2709  985.759  0.37  43.1  69  2.0031  100
294.069  336.182  2323.03  64.2562  1009  0.35  43.1  69  2.0031  100
294.118  336.311  2301.31  65.8295  942.279  0.34  44.4  69  2.0031  100
294.167  336.311  2257.94  63.7386  999.065  0.36  44.4  69  2.0031  100
294.216  336.311  2412.29  65.1093  1015.3  0.33  44.4  69  2.0031  100
294.264  336.439  2204.58  66.7367  870.715  0.36  44.4  69  2.0031  100
294.313  336.439  2229.66  64.687  953.32  0.36  44.4  69  2.0031  100
294.362  336.568  2404.59  64.7369  1026.22  0.33  44.4  69  2.0031  100
294.411  336.568  2385.01  62.0985  1116.08  0.34  43.2  69  2.0031  100
294.46  336.697  2338.97  63.5739  1040.94  0.35  43.2  69  2.0031  100
294.508  336.697  2379.58  66.4459  950.917  0.33  43.2  69  2.0031  100
294.557  336.826  2196.44  62.7405  1006.01  0.37  43.2  69  2.0031  100
294.606  336.826  2356.79  63.8897  1037.22  0.34  43.2  69  2.0031  100
294.655  336.826  2414.01  64.6678  1032.87  0.33  43.2  69  2.0031  100
294.703  336.955  2322.82  60.9181  1129.03  0.36  42.9  69  2.0031  100
294.752  336.955  2376.74  62.8742  1083.67  0.34  42.9  69  2.0031  100
294.801  337.083  2332.62  67.7948  881.555  0.33  42.9  69  2.0031  100
294.85  337.083  2286.75  62.2237  1065.67  0.36  42.9  69  2.0031  100
294.898  337.212  2510.73  65.3923  1045.47  0.32  42.9  69  2.0031  100
294.947  337.212  2278.11  62.5922  1048.66  0.36  42.9  69  2.0031  100
294.996  337.212  2327.71  60.765  1136.84  0.36  42.7  69  2.0031  100
295.045  337.341  2298.07  66.2171  926.747  0.34  42.7  69  2.0031  100
295.094  337.341  2232.63  63.7632  987.005  0.36  42.7  69  2.0031  100
295.142  337.47  2417.7  63.9054  1063.44  0.33  42.7  69  2.0031  100
295.191  337.47  2423.44  63.8269  1068.94  0.33  42.7  69  2.0031  100
295.24  337.599  2280.37  63.4834  1018.09  0.35  42.7  69  2.0031  100
295.288  337.599  2335.8  64.3168  1012.33  0.34  43.6  69  2.0031  100
295.337  337.727  2181.26  63.0608  988.212  0.37  43.6  69  2.0031  100
295.386  337.727  2512.45  62.1162  1175.02  0.33  43.6  69  2.0031  100
295.435  337.727  2436.62  64.2325  1059.25  0.33  43.6  69  2.0031  100
295.484  337.856  2330.14  64.8405  990.633  0.34  43.6  69  2.0031  100
295.532  337.856  2315.3  61.8619  1091.89  0.35  43.6  69  2.0031  100
295.581  337.985  2385.67  65.7428  980.116  0.33  43.6  69  2.0031  100
295.63  337.985  2272.32  62.8352  1037.43  0.36  42.6  69  2.0031  100
295.678  338.114  2282.78  62.0306  1070.62  0.36  42.6  69  2.0031  100
295.727  338.114  2347.39  63.1857  1058.91  0.35  42.6  69  2.0031  100
295.776  338.114  2267.04  63.6294  1006.97  0.36  42.6  69  2.0031  100
295.825  338.243  2232.47  63.5423  994.646  0.36  42.6  69  2.0031  100
295.874  338.243  2313.62  64.9332  980.222  0.35  42.6  69  2.0031  100
295.923  338.372  2387.18  61.7043  1131.58  0.34  45.4  69  2.0031  100
295.972  338.372  2521.3  65.7602  1035.13  0.31  45.4  69  2.0031  100
296.02  338.5  2331.77  64.187  1015.34  0.34  45.4  69  2.0031  100
296.069  338.5  2293.49  63.0646  1038.92  0.35  45.4  69  2.0031  100
296.118  338.5  2366.86  63.1219  1070.04  0.34  45.4  69  2.0031  100
296.167  338.629  2282.91  62.388  1058.09  0.36  45.4  69  2.0031  100
296.216  338.629  2419.75  61.4073  1158.04  0.34  44.4  69  2.0031  100
296.265  338.758  2280.49  62.6967  1046.06  0.36  44.4  69  2.0031  100
296.314  338.758  2300.32  63.136  1039.45  0.35  44.4  69  2.0031  100
296.362  338.887  2364.97  66.6938  935.69  0.33  44.4  69  2.0031  100
296.411  338.887  2239.56  63.8922  985.543  0.36  44.4  69  2.0031  100
296.46  339.016  2294.39  62.2489  1068.34  0.36  44.4  69  2.0031  100
296.509  339.016  2437.72  63.715  1079.51  0.33  43.8  69  2.0031  100
296.558  339.016  2288.58  62.8515  1044.27  0.36  43.8  69  2.0031  100
296.606  339.144  2257.32  63.6169  1003.09  0.36  43.8  69  2.0031  100
296.655  339.144  2308.45  64.7811  983.576  0.35  43.8  69  2.0031  100
296.704  339.273  2231.52  61.0683  1079.53  0.37  43.8  69  2.0031  100
296.753  339.273  2279.38  62.3211  1058.81  0.36  43.8  69  2.0031  100
296.801  339.402  2386.37  65.9305  973.267  0.33  43.1  69  2.0031  100
296.85  339.402  2187.02  62.2703  1017.62  0.37  43.1  69  2.0031  100
296.899  339.402  2327.19  65.2413  974.623  0.34  43.1  69  2.0031  100
296.948  339.531  2434.97  63.6682  1080.08  0.33  43.1  69  2.0031  100
296.996  339.531  2319.75  60.5028  1142.2  0.36  43.1  69  2.0031  100
297.045  339.66  2519.19  65.5386  1043.15  0.32  43.1  69  2.0031  100
297.094  339.66  2269.66  63.511  1012.33  0.36  44.3  69  2.0031  100
297.143  339.788  2197.98  62.6004  1011.5  0.37  44.3  69  2.0031  100
297.192  339.788  2349.43  67.6076  895.012  0.33  44.3  69  2.0031  100
297.24  339.788  2231.52  61.0683  1079.53  0.37  44.3  69  2.0031  100
297.289  339.917  2467.73  62.6947  1132.02  0.33  44.3  69  2.0031  100
297.338  339.917  2262.42  63.1725  1021.04  0.36  44.3  69  2.0031  100
297.387  340.046  2256.8  63.9379  991.514  0.36  43.4  69  2.0031  100
297.436  340.046  2353.86  63.5501  1048.44  0.34  43.4  69  2.0031  100
297.485  340.175  2372.86  62.741  1086.8  0.34  43.4  69  2.0031  100
297.533  340.175  2236.9  61.1114  1080.66  0.37  43.4  69  2.0031  100
297.582  340.304  2384.97  66.2547  960.358  0.33  43.4  69  2.0031  100
297.631  340.304  2242.82  65.1021  944.232  0.36  43.4  69  2.0031  100
297.68  340.304  2170.23  63.6608  962.9  0.37  43.9  69  2.0031  100
297.729  340.432  2295.47  64.5976  984.696  0.35  43.9  69  2.0031  100
297.777  340.432  2395.61  62.0411  1123.16  0.34  43.9  69  2.0031  100
297.826  340.561  2464.67  62.9607  1120.44  0.33  43.9  69  2.0031  100
297.875  340.561  2225.32  64.6585  952.464  0.36  43.9  69  2.0031  100
297.924  340.69  2239.51  64.5469  962.476  0.36  43.9  69  2.0031  100
297.973  340.69  2420.35  64.7205  1033.57  0.33  43.9  69  2.0031  100
298.022  340.69  2331.62  64.9246  988.166  0.34  44.3  69  2.0031  100
298.07  340.819  2356.68  63.4269  1054.23  0.34  44.3  69  2.0031  100
298.119  340.819  2319.89  64.8227  986.93  0.34  44.3  69  2.0031  100
298.168  340.948  2237.84  65.1705  939.711  0.36  44.3  69  2.0031  100
298.217  340.948  2230.65  63.9986  977.905  0.36  44.3  69  2.0031  100
298.266  341.076  2461.8  66.6562  975.479  0.32  44.3  69  2.0031  100
298.315  341.076  2390.79  63.2575  1075.81  0.34  43.3  69  2.0031  100
298.363  341.205  2416.33  64.1179  1054.78  0.33  43.3  69  2.0031  100
298.412  341.205  2260.48  63.252  1017.37  0.36  43.3  69  2.0031  100
298.461  341.205  2266.78  64.2331  985.391  0.35  43.3  69  2.0031  100
298.51  341.334  2497.03  65.5835  1032.19  0.32  43.3  69  2.0031  100
298.559  341.334  2429.75  64.3513  1051.72  0.33  43.3  69  2.0031  100
298.607  341.463  2414.9  64.3294  1046.13  0.33  43.5  69  2.0031  100
298.656  341.463  2388.5  65.8529  977.088  0.33  43.5  69  2.0031  100
298.705  341.592  2170.61  63.1272  981.139  0.37  43.5  69  2.0031  100
298.754  341.592  2209.55  62.0855  1034.41  0.37  43.5  69  2.0031  100
298.803  341.592  2354.89  67.4253  904.012  0.33  43.5  69  2.0031  100
298.852  341.72  2369.96  62.9336  1078.39  0.34  43.5  69  2.0031  100
298.9  341.72  2434.53  64.3155  1055.16  0.33  42.9  69  2.0031  100
298.949  341.849  2244.45  64.2571  974.84  0.36  42.9  69  2.0031  100
298.998  341.849  2193.52  62.1145  1025.92  0.37  42.9  69  2.0031  100
299.047  341.978  2410.72  65.0225  1017.96  0.33  42.9  69  2.0031  100
299.095  341.978  2318.42  65.3052  968.601  0.34  42.9  69  2.0031  100
299.144  341.978  2359.95  63.5996  1049.33  0.34  42.9  69  2.0031  100
299.193  342.107  2165.5  63.5175  965.648  0.37  43.3  69  2.0031  100
299.242  342.107  2225.25  64.8743  944.853  0.36  43.3  69  2.0031  100
299.29  342.236  2385.87  62.3614  1106.79  0.34  43.3  69  2.0031  100
299.339  342.236  2481.51  66.4064  993.217  0.32  43.3  69  2.0031  100
299.388  342.364  2286.24  63.2221  1030.03  0.35  43.3  69  2.0031  100
299.437  342.364  2348.12  63.0165  1065.42  0.35  43.3  69  2.0031  100
299.485  342.493  2204.87  65.7741  904.737  0.36  42.8  69  2.0031  100
299.534  342.493  2280.74  62.7608  1043.91  0.36  42.8  69  2.0031  100
299.583  342.493  2481.61  62.6828  1138.85  0.33  42.8  69  2.0031  100
299.632  342.622  2332.11  65.0476  983.836  0.34  42.8  69  2.0031  100
299.68  342.622  2325.39  61.2653  1117.94  0.35  42.8  69  2.0031  100
299.729  342.751  2388.55  66.2628  961.494  0.33  42.8  69  2.0031  100
299.778  342.751  2251.34  63.5072  1004.29  0.36  43.8  69  2.0031  100
299.827  342.88  2427.46  64.3709  1049.98  0.33  43.8  69  2.0031  100
299.875  342.88  2533.14  65.3454  1056.69  0.31  43.8  69  2.0031  100
299.924  342.88  2301.32  63.0954  1041.36  0.35  43.8  69  2.0031  100
299.973  343.009  2269.06  63.2432  1021.54  0.36  43.8  69  2.0031  100
300.022  343.009  2208.2  65.8399  903.788  0.36  43.8  69  2.0031  100
300.071  343.137  2312.51  61.1519  1115.76  0.36  42.9  68  2.0031  100
300.119  343.137  2546.65  65.0153  1075.64  0.31  42.9  68  2.0031  100
300.168  343.266  2286.29  62.8077  1044.79  0.36  42.9  68  2.0031  100
300.217  343.266  2248.06  61.2624  1080.87  0.37  42.9  68  2.0031  100
300.266  343.266  2213.74  64.5996  949.565  0.36  42.9  68  2.0031  100
300.315  343.395  2191.07  62.6339  1007.18  0.37  42.9  68  2.0031  100
300.364  343.395  2363.75  62.8185  1079.79  0.34  43.4  67  2.0031  100
300.412  343.524  2497.94  66.2723  1005.15  0.32  43.4  67  2.0031  100
300.461  343.524  2331.79  63.7316  1031.99  0.35  43.4  67  2.0031  100
300.51  343.653  2396.1  65.9924  974.874  0.33  43.4  67  2.0031  100
300.559  343.653  2266.29  63.0128  1028.42  0.36  43.4  67  2.0031  100
300.608  343.781  2383.75  62.8176  1088.95  0.34  43.4  67  2.0031  100
300.657  343.781  2551.82  64.3527  1104.5  0.31  43.4  67  2.0031  100
300.705  343.781  2379.17  62.4867  1099.07  0.34  44.4  66  2.0031  100
300.754  343.91  2410.29  62.492  1113.25  0.34  44.4  66  2.0031  100
300.803  343.91  2212.9  64.4215  955.414  0.36  44.4  66  2.0031  100
300.852  344.039  2218.58  64.5299  954.079  0.36  44.4  66  2.0031  100
300.901  344.039  2543.11  65.1423  1069.04  0.31  44.4  66  2.0031  100
300.95  344.168  2386.91  65.4152  993.05  0.33  44.4  66  2.0031  100
300.999  344.168  2303.78  62.0672  1079.17  0.36  43.8  65  2.0031  100
301.047  344.168  2398.88  64.8116  1020.96  0.33  43.8  65  2.0031  100
301.096  344.297  2222.91  64.3413  962.538  0.36  43.8  65  2.0031  100
301.145  344.297  2327.15  60.8753  1132.65  0.36  43.8  65  2.0031  100
301.194  344.425  2475.07  62.632  1137.8  0.33  43.8  65  2.0031  100
301.242  344.425  2432.84  64.4646  1048.72  0.33  43.8  65  2.0031  100
301.291  344.425  2317.23  61.7776  1095.81  0.35  44.7  63  2.0031  100
301.34  344.554  2288.44  65.3055  956.062  0.35  44.7  63  2.0031  100
301.388  344.554  2274.87  62.5893  1047.27  0.36  44.7  63  2.0031  100
301.437  344.683  2398.86  61.0424  1161.44  0.34  44.7  63  2.0031  100
301.486  344.683  2440.05  63.4563  1090.41  0.33  44.7  63  2.0031  100
301.535  344.812  2337.43  61.4227  1118.09  0.35  44.7  63  2.0031  100
301.584  344.812  2333.48  64.5599  1002.39  0.34  42.3  63  2.0031  100
301.633  344.812  2232.47  63.5423  994.646  0.36  42.3  63  2.0031  100
301.681  344.941  2344.45  59.9717  1173.23  0.36  42.3  63  2.0031  100
301.73  344.941  2386.66  62.6235  1097.47  0.34  42.3  63  2.0031  100
301.779  345.069  2316.79  64.3695  1002.16  0.35  42.3  63  2.0031  100
301.828  345.069  2222.55  60.9001  1080.9  0.37  42.3  63  2.0031  100
301.876  345.069  2284.25  66.0075  928.816  0.35  43.4  63  2.0031  100
301.925  345.198  2314.32  61.904  1089.93  0.35  43.4  63  2.0031  100
301.974  345.198  2551.14  64.2167  1109.67  0.31  43.4  63  2.0031  100
302.023  345.327  2267.56  63.0964  1026.05  0.36  43.4  63  2.0031  100
302.072  345.327  2205.19  62.6287  1013.85  0.37  43.4  63  2.0031  100
302.12  345.327  2310.93  64.0935  1009.65  0.35  43.4  63  2.0031  100
302.169  345.456  2288.78  62.2027  1067.36  0.36  43.4  63  2.0031  100
302.218  345.456  2448.81  63.6647  1086.35  0.33  43.4  63  2.0031  100
302.267  345.585  2410.33  64.6618  1031.53  0.33  43.4  63  2.0031  100
302.315  345.585  2270.77  62.6876  1041.93  0.36  43.4  63  2.0031  100
302.364  345.585  2364.43  63.5628  1052.68  0.34  43.4  63  2.0031  100
302.413  345.713  2302.67  65.9117  939.821  0.34  43.4  63  2.0031  100
302.462  345.713  2336.17  63.6956  1035.25  0.35  43.5  63  2.0031  100
302.511  345.842  2561.42  63.8221  1130  0.31  43.5  63  2.0031  100
302.56  345.842  2277.84  62.5281  1050.8  0.36  43.5  63  2.0031  100
302.608  345.842  2211.8  61.5567  1053.46  0.37  43.5  63  2.0031  100
302.657  345.971  2338  64.8132  994.983  0.34  43.5  63  2.0031  100
302.706  345.971  2353.28  63.885  1035.86  0.34  43.5  63  2.0031  100
302.755  346.1  2421.63  61.8795  1141.38  0.34  43.4  63  2.0031  100
302.804  346.1  2444.16  64.2433  1062.11  0.33  43.4  63  2.0031  100
302.852  346.1  2288.23  63.1416  1033.79  0.35  43.4  63  2.0031  100
302.901  346.229  2221.44  61.9713  1043.89  0.37  43.4  63  2.0031  100
302.95  346.229  2397.31  64.7249  1023.57  0.33  43.4  63  2.0031  100
302.999  346.357  2427.16  63.8317  1070.4  0.33  43.4  63  2.0031  100
303.047  346.357  2422.15  60.8217  1180.87  0.34  43.4  63  2.0031  100
303.096  346.357  2338  64.8132  994.983  0.34  43.9  63  2.0031  100
303.145  346.486  2195.3  62.7179  1006.26  0.37  43.9  63  2.0031  100
303.194  346.486  2260.48  63.252  1017.37  0.36  43.9  63  2.0031  100
303.242  346.615  2336.17  64.1521  1018.53  0.34  43.9  63  2.0031  100
303.291  346.615  2409.88  62.3594  1118  0.34  43.9  63  2.0031  100
303.34  346.615  2317.93  64.3903  1001.9  0.35  43.9  63  2.0031  100
303.388  346.744  2217.51  61.7233  1050.5  0.37  44.9  63  2.0031  100
303.437  346.744  2423.37  64.833  1030.56  0.33  44.9  63  2.0031  100
303.486  346.873  2405.12  65.1578  1010.44  0.33  44.9  63  2.0031  100
303.535  346.873  2424.34  64.4944  1043.92  0.33  44.9  63  2.0031  100
303.584  346.873  2434.26  63.5369  1084.76  0.33  44.9  63  2.0031  100
303.633  347.001  2314.06  65.337  965.611  0.34  44.9  63  2.0031  100
303.681  347.001  2226.88  62.3645  1032.93  0.37  43.8  63  2.0031  100
303.73  347.13  2338.28  63.6759  1036.9  0.35  43.8  63  2.0031  100
303.779  347.13  2424.76  64.0868  1059.64  0.33  43.8  63  2.0031  100
303.828  347.13  2402.63  62.354  1114.84  0.34  43.8  63  2.0031  100
303.876  347.259  2469.95  66.3808  989.6  0.32  43.8  63  2.0031  100
303.926  347.259  2208.68  61.2683  1061.73  0.37  43.8  63  2.0031  100
303.975  347.388  2377.34  63.0703  1076.69  0.34  43.2  63  2.0031  100
304.023  347.388  2490.47  66.3838  997.704  0.32  43.2  63  2.0031  100
304.072  347.388  2323.76  60.8748  1131.02  0.36  43.2  63  2.0031  100
304.121  347.517  2344.79  63.3907  1050.24  0.35  43.2  63  2.0031  100
304.17  347.517  2320.56  64.2115  1009.56  0.35  43.2  63  2.0031  100
304.219  347.646  2197.28  62.3589  1019.39  0.37  43.2  63  2.0031  100
304.267  347.646  2229.14  64.1332  972.528  0.36  42  63  2.0031  100
304.316  347.646  2493.1  65.576  1030.86  0.32  42  63  2.0031  100
304.365  347.774  2409.45  62.2268  1122.74  0.34  42  63  2.0031  100
304.414  347.774  2396.28  64.7652  1021.6  0.33  42  63  2.0031  100
304.462  347.903  2281.63  63.0738  1033.22  0.36  42  63  2.0031  100
304.511  347.903  2355.74  63.4681  1052.3  0.34  42  63  2.0031  100
304.56  347.903  2383.97  66.353  956.215  0.33  44  63  2.0031  100
304.609  348.032  2353.86  63.5501  1048.44  0.34  44  63  2.0031  100
304.657  348.032  2461.55  63.225  1108.9  0.33  44  63  2.0031  100
304.706  348.161  2321.82  64.7447  990.61  0.34  44  63  2.0031  100
304.755  348.161  2357.1  63.7223  1043.54  0.34  44  63  2.0031  100
304.804  348.161  2555.94  64.3586  1106.05  0.31  44  63  2.0031  100
304.852  348.29  2436.59  64.4703  1050.12  0.33  43.8  63  2.0031  100
304.901  348.29  2374.38  62.0914  1111.36  0.34  43.8  63  2.0031  100
304.95  348.418  2383.32  65.4083  991.816  0.33  43.8  63  2.0031  100
304.999  348.418  2166.53  64.1182  945.724  0.37  43.8  63  2.0031  100
305.047  348.418  2303.02  62.5306  1062.33  0.35  43.8  63  2.0031  100
305.096  348.547  2406.81  63.4818  1074.6  0.34  43.8  63  2.0031  100
305.145  348.547  2390.87  62.8245  1091.95  0.34  43.6  63  2.0031  100
305.194  348.676  2332.93  64.4358  1006.71  0.34  43.6  63  2.0031  100
305.242  348.676  2289.01  65.7636  939.645  0.35  43.6  63  2.0031  100
305.291  348.676  2455.39  63.7165  1087.28  0.33  43.6  63  2.0031  100
305.34  348.805  2403.86  63.6073  1068.57  0.34  43.6  63  2.0031  100
305.389  348.805  2335.52  64.768  995.596  0.34  43.6  63  2.0031  100
305.437  348.934  2306.95  62.3654  1070.03  0.35  44.1  63  2.0031  100
305.486  348.934  2320.81  63.8193  1023.95  0.35  44.1  63  2.0031  100
305.535  348.934  2297  62.3575  1065.7  0.36  44.1  63  2.0031  100
305.583  349.062  2558.25  64.2716  1110.55  0.31  44.1  63  2.0031  100
305.632  349.062  2386.3  65.5793  986.579  0.33  44.1  63  2.0031  100
305.681  349.191  2429.2  64.7577  1035.93  0.33  44.1  63  2.0031  100
305.73  349.191  2332.59  64.8856  990.017  0.34  44.1  63  2.0031  100
305.778  349.191  2289.47  66.2756  921.138  0.35  43  63  2.0031  100
305.827  349.32  2347.41  59.6588  1185.79  0.36  43  63  2.0031  100
305.876  349.32  2514.84  65.0939  1059.08  0.32  43  63  2.0031  100
305.925  349.449  2301.12  61.9581  1081.8  0.36  43  63  2.0031  100
305.974  349.449  2302  62.9293  1047.62  0.35  43  63  2.0031  100
306.023  349.449  2306.04  65.2999  963.624  0.35  43  63  2.0031  100
306.071  349.578  2367.1  63.188  1067.72  0.34  43.9  63  2.0031  100
306.12  349.578  2384.56  61.9667  1120.71  0.34  43.9  63  2.0031  100
306.169  349.706  2403.01  65.2376  1006.51  0.33  43.9  63  2.0031  100
306.218  349.706  2228.16  62.447  1030.67  0.37  43.9  63  2.0031  100
306.267  349.706  2336.11  63.9227  1026.91  0.34  43.9  63  2.0031  100
306.316  349.835  2149.57  64.2618  933.471  0.37  43.9  63  2.0031  100
306.365  349.835  2409.6  62.6671  1106.39  0.34  44.5  63  2.0031  100
306.413  349.964  2426.16  64.6448  1038.95  0.33  44.5  63  2.0031  100
306.462  349.964  2412.29  65.1093  1015.3  0.33  44.5  63  2.0031  100
306.511  349.964  2315.8  61.6913  1098.2  0.35  44.5  63  2.0031  100
306.56  350.093  2318.3  64.4536  999.747  0.35  44.5  63  2.0031  100
306.609  350.093  2387.99  63.0817  1081.09  0.34  44.5  63  2.0031  100
306.657  350.222  2500.51  62.4959  1154.77  0.33  43.6  63  2.0031  100
306.706  350.222  2482.71  65.9414  1012.13  0.32  43.6  63  2.0031  100
306.755  350.222  2308.6  61.8581  1088.87  0.36  43.6  63  2.0031  100
306.804  350.35  2394.8  62.9587  1088.76  0.34  43.6  63  2.0031  100
306.853  350.35  2211.63  65.3684  921.771  0.36  43.6  63  2.0031  100
306.902  350.479  2433.82  61.527  1160.31  0.34  43.6  63  2.0031  100
306.951  350.479  2393.36  64.9472  1013.48  0.33  43  63  2.0031  100
306.999  350.479  2368.8  62.1746  1105.71  0.35  43  63  2.0031  100
307.048  350.608  2367.93  62.6502  1087.88  0.34  43  63  2.0031  100
307.097  350.608  2341.74  63.6803  1038.28  0.34  43  63  2.0031  100
307.146  350.737  2224.12  61.5624  1059.13  0.37  43  63  2.0031  100
307.195  350.737  2381.08  61.6572  1130.41  0.35  43  63  2.0031  100
307.243  350.737  2501.37  66.5783  994.287  0.32  43.1  63  2.0031  100
307.292  350.866  2302.51  61.1491  1111.03  0.36  43.1  63  2.0031  100
307.341  350.866  2295.47  61.9123  1080.76  0.36  43.1  63  2.0031  100
307.39  350.994  2365.26  66.815  931.206  0.33  43.1  63  2.0031  100
307.438  350.994  2314.55  60.5897  1136.58  0.36  43.1  63  2.0031  100
307.487  350.994  2410.32  65.251  1009.07  0.33  43.1  63  2.0031  100
307.536  351.123  2357.62  63.3858  1056.17  0.34  43.3  63  2.0031  100
307.585  351.123  2381.35  62.8355  1087.2  0.34  43.3  63  2.0031  100
307.634  351.252  2296.41  64.5588  986.501  0.35  43.3  63  2.0031  100
307.682  351.252  2289.18  62.3288  1063.09  0.36  43.3  63  2.0031  100
307.731  351.252  2471.74  61.9959  1160.57  0.33  43.3  63  2.0031  100
307.781  351.381  2413.89  63.6625  1070.94  0.33  43.3  63  2.0031  100
307.829  351.381  2379.45  62.5536  1096.73  0.34  41.6  63  2.0031  100
307.878  351.51  2335.41  64.4808  1006.13  0.34  41.6  63  2.0031  100
307.927  351.51  2148.25  64.1837  935.537  0.37  41.6  63  2.0031  100
307.976  351.51  2384.06  62.514  1100.32  0.34  41.6  63  2.0031  100
308.024  351.638  2417.27  63.8389  1065.77  0.33  41.6  63  2.0031  100
308.074  351.638  2282.64  62.3237  1060.23  0.36  41.6  63  2.0031  100
308.122  351.767  2404.6  61.8904  1132.95  0.34  41.6  63  2.0031  100
308.171  351.767  2232.85  63.8217  985.055  0.36  42.5  63  2.0031  100
308.22  351.767  2235.56  64.854  949.948  0.36  42.5  63  2.0031  100
308.268  351.896  2384.9  62.8389  1088.69  0.34  42.5  63  2.0031  100
308.318  351.896  2427.46  64.1335  1059.04  0.33  42.5  63  2.0031  100
308.367  352.025  2349.52  59.2089  1202.74  0.36  42.5  63  2.0031  100
308.415  352.025  2271.37  62.5224  1048.02  0.36  42.5  63  2.0031  100
308.464  352.025  2295.88  65.2218  962.219  0.35  44.6  63  2.0031  100
308.513  352.154  2242.76  60.5251  1103.54  0.37  44.6  63  2.0031  100
308.562  352.154  2469.28  62.4017  1143.94  0.33  44.6  63  2.0031  100
308.61  352.282  2276.27  62.7342  1042.8  0.36  44.6  63  2.0031  100
308.659  352.282  2480.23  63.0452  1124.26  0.33  44.6  63  2.0031  100
308.708  352.282  2343.95  63.1819  1057.5  0.35  44.6  63  2.0031  100
308.757  352.411  2193.12  61.9933  1029.84  0.37  44.5  63  2.0031  100
308.806  352.411  2297.39  61.5316  1095.11  0.36  44.5  63  2.0031  100
308.854  352.411  2292.21  61.6142  1089.73  0.36  44.5  63  2.0031  100
308.903  352.54  2329.92  60.5029  1147.2  0.36  44.5  63  2.0031  100
308.952  352.54  2322.65  64.1926  1011.16  0.35  44.5  63  2.0031  100
309.001  352.669  2320.88  65.0676  978.364  0.34  44.5  63  2.0031  100
309.05  352.669  2375.94  62.9827  1079.3  0.34  44.1  63  2.0031  100
309.099  352.669  2536.01  65.3945  1055.91  0.31  44.1  63  2.0031  100
309.147  352.798  2337.72  64.2371  1016.09  0.34  44.1  63  2.0031  100
309.196  352.798  2308.63  61.0217  1118.48  0.36  44.1  63  2.0031  100
309.245  352.927  2228.82  64.2904  966.883  0.36  44.1  63  2.0031  100
309.294  352.927  2150.43  61.8276  1015.28  0.38  44.1  63  2.0031  100
309.342  352.927  2399.41  64.9383  1016.38  0.33  43.2  63  2.0031  100
309.391  353.055  2526.88  65.1145  1063.33  0.32  43.2  63  2.0031  100
309.44  353.055  2407.73  62.4459  1113.78  0.34  43.2  63  2.0031  100
309.489  353.184  2314.58  65.177  971.696  0.34  43.2  63  2.0031  100
309.537  353.184  2249.4  64.1852  979.53  0.36  43.2  63  2.0031  100
309.586  353.184  2223.19  61.3145  1067.13  0.37  43.2  63  2.0031  100
309.635  353.313  2507.82  66.0788  1016.87  0.32  44.2  63  2.0031  100
309.684  353.313  2322.06  61.5657  1105.65  0.35  44.2  63  2.0031  100
309.732  353.442  2364.68  63.3938  1059.04  0.34  44.2  63  2.0031  100
309.781  353.442  2313.2  64.5864  992.705  0.35  44.2  63  2.0031  100
309.83  353.442  2362.53  63.6449  1048.8  0.34  44.2  63  2.0031  100
309.879  353.571  2429.3  64.5218  1045.01  0.33  44.2  63  2.0031  100
309.928  353.571  2495.75  64.645  1068.74  0.32  44.5  63  1.8631  100
309.977  353.699  2397.43  61.5765  1141.14  0.34  44.5  63  1.8631  100
310.025  353.699  2307.39  64.5363  992.038  0.35  44.5  63  1.8631  100
310.074  353.699  2159.38  63.664  957.972  0.37  44.5  63  1.8631  100
310.123  353.828  2311.94  61.86  1090.38  0.35  44.5  63  1.8631  100
310.172  353.828  2483.03  66.4944  990.329  0.32  44.5  63  1.8631  100
310.221  353.957  2363.67  63.2467  1064.01  0.34  43.3  63  1.8631  100
310.269  353.957  2391.88  63.2155  1077.86  0.34  43.3  63  1.8631  100
310.318  353.957  2236.6  63.9462  982.346  0.36  43.3  63  1.8631  100
310.367  354.086  2410.52  62.1834  1124.85  0.34  43.3  63  1.8631  100
310.416  354.086  2472.39  62.5847  1138.38  0.33  43.3  63  1.8531  100
310.464  354.215  2277.47  63.1707  1027.9  0.36  43.3  63  1.8531  100
310.513  354.215  2308.6  61.8581  1088.87  0.36  42.8  63  1.8531  100
310.562  354.215  2384.61  66.1315  964.906  0.33  42.8  63  1.8531  100
310.611  354.343  2275.31  62.7747  1040.93  0.36  42.8  63  1.8531  100
310.659  354.343  2506.53  60.7147  1226.09  0.33  42.8  63  1.8531  100
310.708  354.472  2320.81  63.8193  1023.95  0.35  42.8  63  1.8531  100
310.757  354.472  2415.4  65.2829  1009.97  0.33  42.8  63  1.8531  100
310.806  354.472  2362.55  63.2256  1064.28  0.34  42.8  63  1.8531  100
310.855  354.601  2416.15  64.8828  1025.59  0.33  43.1  63  1.8531  100
310.903  354.601  2418.09  65.0353  1020.58  0.33  43.1  63  1.8531  100
310.952  354.73  2519.88  65.3653  1050.36  0.32  43.1  63  1.8531  100
311.001  354.73  2344.05  64.1222  1023.07  0.34  43.1  63  1.8531  100
311.05  354.73  2280.72  63.1745  1029.23  0.36  43.1  63  1.8531  100
311.098  354.859  2315.09  64.5082  996.373  0.35  43.1  63  1.8531  100
311.147  354.859  2376.34  63.1752  1072.36  0.34  42.5  63  1.8531  100
311.196  354.987  2523.52  61.913  1188.1  0.32  42.5  63  1.8531  100
311.245  354.987  2488.65  66.2294  1003.11  0.32  42.5  63  1.8531  100
311.293  354.987  2337.45  63.9468  1026.62  0.34  42.5  63  1.8531  100
311.342  355.116  2198.28  62.0371  1030.77  0.37  42.5  63  1.8531  100
311.391  355.116  2238.8  63.5503  997.189  0.36  42.5  63  1.8531  100
311.44  355.245  2393.84  61.5749  1139.49  0.34  42.9  63  1.8531  100
311.488  355.245  2498.97  62.8586  1140  0.33  42.9  63  1.8531  100
311.537  355.245  2288.9  62.9766  1039.97  0.35  42.9  63  1.8531  100
311.586  355.374  2204.4  61.757  1043.15  0.37  42.9  63  1.8531  100
311.635  355.374  2404.48  64.4411  1037.39  0.33  42.9  63  1.8531  100
311.683  355.503  2436.59  64.4703  1050.12  0.33  42.9  63  1.8531  100
311.732  355.503  2456.43  63.6739  1089.38  0.33  44.7  63  1.8531  100
311.781  355.503  2304.19  64.0837  1007.06  0.35  44.7  63  1.8531  100
311.83  355.631  2279.07  62.5515  1050.54  0.36  44.7  63  1.8531  100
311.878  355.631  2484.16  63.115  1123.34  0.33  44.7  63  1.8531  100
311.927  355.76  2437.02  64.0606  1066  0.33  44.7  63  1.8531  100
311.976  355.76  2424.82  61.7473  1147.82  0.34  44.7  63  1.8531  100
312.025  355.76  2583.11  63.48  1153.38  0.31  44.8  63  1.8531  100
312.074  355.889  2305.91  64.4528  994.435  0.35  44.8  63  1.8531  100
312.123  355.889  2190.89  62.2332  1020.68  0.37  44.8  63  1.8531  100
312.171  356.018  2503.75  65.6395  1032.74  0.32  44.8  63  1.8531  100
312.221  356.018  2294.09  61.5302  1093.58  0.36  44.8  63  1.8531  100
312.269  356.018  2489.54  62.3051  1157.05  0.33  44.8  63  1.8531  100
312.318  356.147  2402.22  63.9902  1053.43  0.34  43.2  63  1.8531  100
312.367  356.147  2282.68  62.6795  1047.68  0.36  43.2  63  1.8531  100
312.416  356.275  2269.18  62.8924  1033.98  0.36  43.2  63  1.8531  100
312.464  356.275  2304.63  64.9359  976.317  0.35  43.2  63  1.8531  100
312.513  356.275  2322.2  60.5465  1141.87  0.36  43.2  63  1.8531  100
312.562  356.404  2469.03  61.9488  1161.09  0.33  43.2  63  1.8531  100
312.611  356.404  2323.59  64.1529  1013.01  0.35  41.9  63  1.8531  100
312.659  356.533  2295.79  62.6918  1053.26  0.35  41.9  63  1.8531  100
312.708  356.533  2418.79  64.9296  1024.92  0.33  41.9  63  1.8531  100
312.757  356.533  2288.58  62.8515  1044.27  0.36  41.9  63  1.8531  100
312.806  356.662  2478.29  62.0454  1161.76  0.33  41.9  63  1.8531  100
312.855  356.662  2283.02  62.4492  1055.97  0.36  41.9  63  1.8531  100
312.904  356.791  2207.42  61.4728  1054.21  0.37  43.6  63  1.8531  100
312.952  356.791  2342.16  63.745  1036.1  0.34  43.6  63  1.8531  100
313.001  356.791  2403.05  64.9446  1017.68  0.33  43.6  63  1.8531  100
313.05  356.919  2411.55  60.6394  1182.39  0.34  43.6  63  1.8531  100
313.099  356.919  2436.55  63.5162  1086.56  0.33  43.6  63  1.8531  100
313.147  357.048  2243.32  64.017  982.809  0.36  43.6  63  1.8531  100
313.196  357.048  2190.51  62.1123  1024.59  0.37  43.6  63  1.8531  100
313.245  357.048  2453.62  66.9285  961.524  0.32  42.3  63  1.8531  100
313.294  357.177  2348.44  63.1444  1060.89  0.35  42.3  63  1.8531  100
313.342  357.177  2483.38  62.3915  1150.87  0.33  42.3  63  1.8531  100
313.391  357.306  2413.72  68.2081  896.062  0.32  42.3  63  1.8531  100
313.44  357.306  2250.31  64.3669  973.497  0.36  42.3  63  1.8531  100
313.489  357.306  2328.89  64.0782  1018.06  0.35  42.3  63  1.8531  100
313.538  357.435  2415.7  64.5205  1039.2  0.33  43.7  63  1.8531  100
313.587  357.435  2516.19  61.7233  1192  0.33  43.7  63  1.8531  100
313.635  357.564  2452.53  63.9077  1078.66  0.33  43.7  63  1.8531  100
313.684  357.564  2252.04  64.0696  984.77  0.36  43.7  63  1.8531  100
313.733  357.564  2343.76  63.8305  1033.66  0.34  43.7  63  1.8531  100
313.782  357.692  2327.01  64.1579  1014.32  0.35  43.7  63  1.8531  100
313.831  357.692  2314.39  61.0662  1119.7  0.36  41.9  63  1.8531  100
313.88  357.821  2381.46  62.0961  1114.5  0.34  41.9  63  1.8531  100
313.928  357.821  2314.01  63.8102  1021.28  0.35  41.9  63  1.8531  100
313.977  357.821  2329.62  63.9775  1022.06  0.35  41.9  63  1.8531  100
314.026  357.95  2381.57  61.7893  1125.8  0.34  41.9  63  1.8531  100
314.075  357.95  2515.37  65.2261  1054.04  0.32  41.9  63  1.8531  100
314.123  358.079  2373.22  62.8707  1082.19  0.34  43.1  63  1.8531  100
314.172  358.079  1869.66  82.2739  251.354  0.39  43.1  63  1.8531  100
314.221  358.079  1540.73  89.9912  0.236  0.47  43.1  63  1.8531  100
314.27  358.208  1579.35  89.5688  11.885  0.46  43.1  63  1.8531  100
314.319  358.208  1665.54  94.2044  122.11  0.44  43.1  63  1.8531  100
314.367  358.336  1784.86  94.6578  144.937  0.41  43.1  63  1.8531  100
314.416  358.336  1960.47  89.0479  32.577  0.37  43.4  63  1.8531  100
314.465  358.336  1852.22  95.4226  175.038  0.39  43.4  63  1.8531  100
314.513  358.465  1854.5  94.1367  133.778  0.39  43.4  63  1.8531  100
314.562  358.465  1891.16  95.42  178.631  0.38  43.4  63  1.8531  100
314.611  358.465  1830.03  94.1881  133.649  0.4  43.4  63  1.8531  100
314.66  358.594  1821.5  89.9594  1.292  0.4  43.4  63  1.8531  100
314.708  358.594  1672.9  88.0269  57.599  0.43  44.9  63  1.8531  100
314.757  358.723  1935.31  81.1107  299.055  0.38  44.9  63  1.8531  100
314.806  358.723  1866.74  74.0657  512.485  0.4  44.9  63  1.8531  100
314.855  358.723  1814.5  75.0454  468.239  0.41  44.9  63  1.8531  100
314.903  358.852  1929.96  71.7176  605.43  0.39  44.9  63  1.8531  100
314.952  358.852  2080.78  70.4403  696.623  0.37  44.9  63  1.8531  100
315.001  358.98  2030.33  69.6985  704.444  0.38  44  63  1.8531  100
315.05  358.98  2102.38  66.7197  830.925  0.37  44  63  1.8531  100
315.098  358.98  2268.64  66.206  915.28  0.35  44  63  1.8531  100
315.147  359.109  2271.95  65.549  940.39  0.35  44  63  1.8531  100
315.196  359.109  2247.96  64.1034  981.79  0.36  44  63  1.8531  100
315.245  359.238  2468.84  66.9656  966.016  0.32  44  63  1.8531  100
315.294  359.238  2189.68  66.8092  862.285  0.36  44.2  63  1.8531  100
315.342  359.238  2072.8  64.3772  896.37  0.39  44.2  63  1.8531  100
315.391  359.367  2146.3  67.6519  816.094  0.36  44.2  63  1.8531  100
315.44  359.367  2118.84  66.6038  841.366  0.37  44.2  63  1.8531  100
315.489  359.496  2114.83  66.8804  830.39  0.37  44.2  63  1.8531  100
315.537  359.496  2139.44  68.1854  795.025  0.36  44.2  63  1.8531  100
315.586  359.496  2123.28  66.904  832.906  0.37  42.3  63  1.8531  100
315.635  359.624  2140.2  67.4177  821.859  0.37  42.3  63  1.8531  100
315.684  359.624  2030.46  66.0371  824.663  0.39  42.3  63  1.8531  100
315.732  359.753  1994.76  64.9281  845.29  0.4  42.3  63  1.8531  100
315.781  359.753  2128.92  65.3105  889.251  0.37  42.3  63  1.8531  100
315.83  359.753  2135.81  63.7846  943.484  0.38  42.3  63  1.8531  100
315.879  359.882  2188.12  63.029  992.401  0.37  42.3  63  1.8531  100
315.928  359.882  2231.5  68.2101  828.34  0.35  42.7  63  1.8531  100
315.976  360.011  2046.62  64.6924  874.887  0.39  42.7  63  1.8531  100
316.025  360.011  2181.89  65.7984  894.463  0.36  42.7  63  1.8531  100
316.074  360.011  2358.3  66.8562  926.907  0.33  42.7  63  1.8531  100
316.123  360.14  2349.45  64.0467  1028.21  0.34  42.7  63  1.8531  100
316.172  360.14  2369.02  66.4805  945.385  0.33  42.7  63  1.8531  100
316.221  360.268  2200.25  65.0388  928.517  0.36  43  63  1.8531  100
316.269  360.268  2169.5  64.1227  946.867  0.37  43  63  1.8531  100
316.318  360.268  2200.66  65.4223  915.312  0.36  43  63  1.8531  100
316.367  360.397  2423.76  63.6545  1075.62  0.33  43  63  1.8531  100
316.416  360.397  2374.81  62.2224  1106.76  0.34  43  63  1.8531  100
316.465  360.526  2436.42  67.7476  922.644  0.32  43  63  1.8531  100
316.513  360.526  2239.61  64.8222  952.797  0.36  42.8  63  1.8531  100
316.562  360.526  2397.18  65.9535  976.798  0.33  42.8  63  1.8531  100
316.611  360.655  2487.38  66.2069  1003.5  0.32  42.8  63  1.8531  100
316.66  360.655  2444.69  63.834  1078.04  0.33  42.8  63  1.8531  100
316.708  360.784  2418.59  63.6251  1074.44  0.33  42.8  63  1.8531  100
316.757  360.784  1588.19  88.0899  52.935  0.46  42.8  63  1.8531  100
316.806  360.784  1448.17  94.2333  106.9  0.5  43.9  63  1.8531  100
316.855  360.912  1561.12  96.2676  170.43  0.47  43.9  63  1.8531  100
316.903  360.912  1834.47  89.7689  7.398  0.39  43.9  63  1.8531  100
316.952  361.041  1883.31  95.3731  176.355  0.39  43.9  63  1.8531  100
317.001  361.041  1847.31  95.0132  161.427  0.39  43.9  63  1.8531  100
317.05  361.041  1926.83  89.0928  30.507  0.38  43.9  63  1.8531  100
317.098  361.17  1899.44  95.2282  173.08  0.38  42.7  63  1.8531  100
317.147  361.17  1846.22  95.3887  173.383  0.39  42.7  63  1.8531  100
317.196  361.299  1983.81  90.0365  1.265  0.36  42.7  63  1.8531  100
317.245  361.299  1897.92  94.9277  163.028  0.38  42.7  63  1.8531  100
317.293  361.299  1846.54  95.4575  175.619  0.39  42.7  63  1.8531  100
317.342  361.428  1889.92  94.0112  132.202  0.38  42.7  63  1.8531  100
317.391  361.428  1872.61  95.0389  164.475  0.39  43.2  63  1.8531  100
317.44  361.556  1941.24  89.2708  24.706  0.37  43.2  63  1.8531  100
317.488  361.556  1888.44  94.0212  132.428  0.38  43.2  63  1.8531  100
317.537  361.556  1782.67  90.0318  0.989  0.41  43.2  63  1.8531  100
317.586  361.685  1859.59  93.9841  129.202  0.39  43.2  63  1.8531  100
317.635  361.685  1989.97  89.7766  7.76  0.36  43.2  63  1.8531  100
317.684  361.814  1845.27  94.0582  130.588  0.39  43.4  63  1.8531  100
317.732  361.814  1931.25  88.2042  60.522  0.37  43.4  63  1.8531  100
317.781  361.814  1898.39  95.0196  166.101  0.38  43.4  63  1.8531  100
317.83  361.943  1953.09  89.953  1.603  0.37  43.4  63  1.8531  100
317.879  361.943  1827.74  90.0619  1.976  0.4  43.4  63  1.8531  100
317.928  362.072  1879.45  94.9021  160.607  0.39  43.4  63  1.8531  100
317.977  362.072  1841.89  94.2443  136.317  0.39  42.6  63  1.8531  100
318.025  362.072  1880.84  94.0256  132.039  0.39  42.6  63  1.8531  100
318.074  362.201  1849.5  94.0289  129.945  0.39  42.6  63  1.8531  100
318.123  362.201  1936.87  89.0342  32.647  0.37  42.6  63  1.8531  100
318.172  362.329  1914.5  94.8242  161.007  0.38  42.6  63  1.8531  100
318.22  362.329  1839.17  94.0084  128.563  0.39  42.6  63  1.8531  100
318.269  362.329  1936.48  89.2605  24.993  0.37  42.6  63  1.8531  100
318.318  362.458  1903.49  96.0803  201.623  0.38  44.4  63  1.8531  100
318.367  362.458  1836.05  95.3844  172.291  0.4  44.4  63  1.8531  100
318.415  362.587  1983.81  89.9428  1.98  0.36  44.4  63  1.8531  100
